Barcode,Topic 1,Topic 2,Topic 3,Topic 4to5,Topic 6to11
AAACAACGAATAGTTC-1,0.290042,0.000017,0.357376,0.009218,0.343347
AAACAAGTATCTCCCA-1,0.033239,0.001545,0.225183,0.063189,0.676843
AAACAATCTACTAGCA-1,0.011658,0.000009,0.01733,0.65737,0.313634
AAACACCAATAACTGC-1,0.507335,0.000166,0.435177,0.000331,0.056991
AAACAGAGCGACTCCT-1,0.030327,0.000024,0.15434,0.142553,0.672756
AAACAGCTTTCAGAAG-1,0.202235,0.000041,0.06347,0.012718,0.721536
AAACAGGGTCTATATT-1,0.908301,0.000064,0.000064,0.077612,0.013959
AAACAGTGTTCCTGGG-1,0.002497,0.000024,0.405788,0.240299,0.351391
AAACATTTCCCGGATT-1,0.003228,0.001266,0.0242,0.192995,0.778312
AAACCACTACACAGAT-1,0.084361,0.000016,0.090975,0.074665,0.749983
AAACCCGAACGAAATC-1,0.022243,0.000038,0.205019,0.059671,0.713029
AAACCGGAAATGTTAA-1,0.049386,0.000007,0.077052,0.074298,0.799257
AAACCGGGTAGGTACC-1,0.032336,0.000053,0.886811,0.000106,0.080693
AAACCGTTCGTCCAGG-1,0.312337,0.163353,0.120101,0.051233,0.352976
AAACCTAAGCAGCCGG-1,0.000011,0.000011,0.04803,0.108257,0.84369
AAACCTCATGAAGTTG-1,0.146631,0.00004,0.137869,0.430247,0.285214
AAACGAAGAACATACC-1,0.000014,0.000014,0.165578,0.314748,0.519646
AAACGAAGATGGAGTA-1,0.81805,0.18106,0.000099,0.000198,0.000593
AAACGACAGTCTTGCC-1,0.039976,0.000025,0.260101,0.09619,0.603708
AAACGAGACGGTTGAT-1,0.004884,0.000011,0.041662,0.670663,0.282781
AAACGCCCGAGATCGG-1,0.017049,0.000019,0.478633,0.100945,0.403354
AAACGGGCGTACGGGT-1,0.004136,0.000012,0.01,0.162684,0.823169
AAACGGGTTGGTATCC-1,0.0095,0.000016,0.088058,0.59054,0.311886
AAACGGTTGCGAACTG-1,0.030118,0.000025,0.282128,0.064628,0.623101
AAACGTGTTCGCCCTA-1,0.033607,0.004026,0.119001,0.080208,0.763158
AAACTAACGTGGCGAC-1,0.005012,0.000018,0.245808,0.053087,0.696074
AAACTCGGTTCGCAAT-1,0.045872,0.000012,0.027606,0.21543,0.711079
AAACTCGTGATATAAG-1,0.032109,0.000014,0.076909,0.202065,0.688903
AAACTGCTGGCTCCAA-1,0.011985,0.000021,0.013623,0.018504,0.955867
AAACTTAATTGCACGC-1,0.673169,0.000033,0.000033,0.093307,0.233459
AAACTTGCAAACGTAT-1,0.51644,0.000105,0.420252,0.00021,0.062992
AAAGAATGTGGACTAA-1,0.040475,0.000018,0.110661,0.060739,0.788107
AAAGACATGAAGTTTA-1,0.014777,0.000018,0.03318,0.281223,0.670803
AAAGACCCAAGTCGCG-1,0.012802,0.000018,0.069539,0.698804,0.218837
AAAGACTGGGCGCTTT-1,0.731835,0.022759,0.20343,0.000061,0.041915
AAAGCTTGCCTACATA-1,0.015917,0.000027,0.202014,0.085511,0.69653
AAAGGCCCTATAATAC-1,0.723256,0.151819,0.108869,0.000121,0.015935
AAAGGCTACGGACCAT-1,0.000023,0.000023,0.430395,0.026949,0.54261
AAAGGCTCTCGCGCCG-1,0.000013,0.001005,0.004213,0.624062,0.370707
AAAGGGATGTAGCAAG-1,0.180087,0.000054,0.098233,0.126801,0.594826
AAAGGGCAGCTTGAAT-1,0.533837,0.067068,0.393472,0.000203,0.005419
AAAGGTAAGCTGTACC-1,0.048658,0.00002,0.170819,0.099022,0.681481
AAAGGTCAACGACATG-1,0.008089,0.000022,0.399282,0.060812,0.531794
AAAGTAGCATTGCTCA-1,0.327445,0.000065,0.671972,0.00013,0.000389
AAAGTCACTGATGTAA-1,0.02431,0.000016,0.094477,0.45218,0.429017
AAAGTCGACCCTCAGT-1,0.063209,0.00002,0.672511,0.017094,0.247167
AAAGTGCCATCAATTA-1,0.091794,0.04317,0.128972,0.005991,0.730073
AAAGTGTGATTTATCT-1,0.033591,0.000014,0.014402,0.358354,0.593638
AAAGTTGACTCCCGTA-1,0.058973,0.000023,0.179072,0.061145,0.700787
AAATAACCATACGGGA-1,0.017921,0.00583,0.323259,0.073931,0.579059
AAATAAGGTAGTGCCC-1,0.000009,0.000009,0.001168,0.448841,0.549972
AAATACCTATAAGCAT-1,0.042395,0.000017,0.305272,0.114175,0.538141
AAATAGCTTAGACTTT-1,0.011977,0.000009,0.001642,0.271869,0.714502
AAATAGGGTGCTATTG-1,0.000022,0.000022,0.525962,0.06213,0.411864
AAATCACTCCTAAACG-1,0.055343,0.00004,0.067064,0.213896,0.663658
AAATCCGATACACGCC-1,0.015288,0.00001,0.011539,0.187193,0.78597
AAATCGCGGAAGGAGT-1,0.839104,0.116789,0.000089,0.000179,0.043839
AAATCGTGTACCACAA-1,0.128745,0.593176,0.197199,0.00017,0.08071
AAATCTAGCCCTGCTA-1,0.031998,0.000017,0.030747,0.099072,0.838165
AAATGACTGATCAAAC-1,0.039464,0.000015,0.020597,0.297236,0.642689
AAATGATTCGATCAGC-1,0.038221,0.000026,0.129619,0.130675,0.70146
AAATGCTCGTTACGTT-1,0.278483,0.000025,0.037527,0.208376,0.475588
AAATGGCATGTCTTGT-1,0.000028,0.000028,0.098495,0.651474,0.249974
AAATGGCCCGTGCCCT-1,0.86877,0.000073,0.10005,0.000146,0.030961
AAATGGTCAATGTGCC-1,0.556317,0.421034,0.000075,0.00015,0.022424
AAATGTGGGTGCTCCT-1,0.031774,0.000017,0.041505,0.456094,0.47061
AAATTAACGGGTAGCT-1,0.543154,0.000111,0.434971,0.000221,0.021543
AAATTACACGACTCTG-1,0.047259,0.000032,0.048195,0.199054,0.705459
AAATTACCTATCGATG-1,0.015678,0.000028,0.317857,0.23942,0.427017
AAATTGATAGTCCTTT-1,0.908659,0.000021,0.01258,0.029278,0.049463
AAATTGCGGCGGTTCT-1,0.11648,0.000021,0.116202,0.120342,0.646955
AAATTGGTGAGAAGCA-1,0.013359,0.000015,0.112742,0.153587,0.720296
AAATTTACCGAAATCC-1,0.033788,0.000018,0.132446,0.283399,0.55035
AAATTTGCGGGTGTGG-1,0.086238,0.000043,0.878391,0.000086,0.035242
AACAACTGGTAGTTGC-1,0.273603,0.000064,0.69588,0.000128,0.030326
AACAATACATTGTCGA-1,0.038641,0.000038,0.288237,0.38448,0.288605
AACAATTACTCTACGC-1,0.869504,0.029241,0.000075,0.00015,0.101031
AACACACGCTCGCCGC-1,0.007684,0.000015,0.131848,0.214112,0.64634
AACACGACTGTACTGA-1,0.004558,0.000011,0.067038,0.589148,0.339246
AACACGAGACGCGGCC-1,0.555577,0.000066,0.443828,0.000132,0.000396
AACACGCGGCCGCGAA-1,0.020669,0.000016,0.099527,0.604881,0.274907
AACAGCTGTGTGGCAA-1,0.2597,0.000067,0.593831,0.000134,0.146269
AACAGGAAATCGAATA-1,0.002834,0.000015,0.398868,0.08958,0.508703
AACAGGATGGGCCGCG-1,0.890771,0.000063,0.080935,0.000127,0.028103
AACAGGTAGTATGGAT-1,0.059461,0.000034,0.313526,0.013882,0.613096
AACATAGCGTGTATCG-1,0.037739,0.000015,0.090495,0.074055,0.797695
AACATATCAACTGGTG-1,0.001842,0.000013,0.051593,0.521632,0.424919
AACATCGATACGTCTA-1,0.000009,0.000009,0.000009,0.624777,0.375195
AACATTGAAGTTGATC-1,0.56168,0.000224,0.436305,0.000448,0.001344
AACATTGGTCAGCCGT-1,0.162208,0.000027,0.26134,0.045626,0.5308
AACATTGTGACTCGAG-1,0.018594,0.000025,0.457548,0.093775,0.430058
AACCAAGACTTCTCTG-1,0.005703,0.000014,0.061999,0.562128,0.370156
AACCAGTATCACTCTT-1,0.05555,0.000023,0.111595,0.172234,0.660598
AACCATAGGGTTGAAC-1,0.857311,0.000041,0.012487,0.000081,0.130081
AACCATGGGATCGCTA-1,0.039151,0.000029,0.621818,0.108866,0.230136
AACCCAGAGACGGAGA-1,0.003594,0.000015,0.058293,0.739989,0.198108
AACCCATCCCATGATC-1,0.945544,0.000078,0.034476,0.000155,0.019748
AACCCGACAACCCGTG-1,0.047205,0.000022,0.219079,0.373531,0.360163
AACCCGAGCAGAATCG-1,0.017074,0.00001,0.008142,0.116583,0.858192
AACCCGATAGGGCTTC-1,0.007204,0.000006,0.001072,0.200172,0.791545
AACCCGCTGTATTCCA-1,0.093351,0.000261,0.031798,0.296869,0.577721
AACCCTACTGTCAATA-1,0.010437,0.000012,0.046375,0.435447,0.507728
AACCCTGGTGGAACCA-1,0.012446,0.000018,0.183198,0.301605,0.502733
AACCGAGCTTGGTCAT-1,0.445843,0.000076,0.156228,0.05175,0.346102
AACCGCTAAGGGATGC-1,0.050719,0.000013,0.086472,0.292929,0.569867
AACCGTTGTGTTTGCT-1,0.015048,0.007137,0.404968,0.270111,0.302737
AACCTAAAGCCGTCCG-1,0.026478,0.000014,0.012438,0.49502,0.46605
AACCTCGCTTTAGCCC-1,0.000452,0.001282,0.157099,0.23417,0.606996
AACCTTTAAATACGGT-1,0.009529,0.000015,0.199182,0.227855,0.563419
AACCTTTACGACGTCT-1,0.037149,0.000029,0.390137,0.086694,0.48599
AACGAAAGTCGTCCCA-1,0.999824,0.000018,0.000018,0.000035,0.000105
AACGACCTCCTAGCCG-1,0.105912,0.000058,0.149462,0.000116,0.744452
AACGATAATGCCGTAG-1,0.006139,0.000014,0.02844,0.348807,0.616601
AACGATAGAAGGGCCG-1,0.065931,0.000026,0.365611,0.344167,0.224266
AACGATATGTCAACTG-1,0.497488,0.000056,0.39718,0.000112,0.105165
AACGCATGATCTGGGT-1,0.014166,0.000018,0.145441,0.270059,0.570316
AACGCGAACGGCAACA-1,0.069637,0.002399,0.17612,0.290314,0.461531
AACGCGACCTTGGGCG-1,0.037357,0.000026,0.160739,0.057267,0.744612
AACGCGGTCTCCAGCC-1,0.221948,0.000043,0.404432,0.064743,0.308834
AACGCTGTTGCTGAAA-1,0.022047,0.000018,0.36183,0.043952,0.572152
AACGGACGTACGTATA-1,0.000009,0.000009,0.004874,0.475009,0.520098
AACGGCCATCTCCGGT-1,0.005611,0.000016,0.336493,0.197809,0.46007
AACGTACTGTGGGTAC-1,0.178047,0.037043,0.22431,0.26199,0.298609
AACGTAGTCTACCCAT-1,0.025501,0.000029,0.05775,0.389587,0.527131
AACGTCAGACTAGTGG-1,0.076611,0.000046,0.706948,0.000091,0.216304
AACGTCATCCGGCTTG-1,0.058491,0.000019,0.000019,0.60141,0.340061
AACGTCGCTGCACTTC-1,0.001211,0.005876,0.017057,0.130884,0.844972
AACGTGATGAAGGACA-1,0.08521,0.000017,0.035971,0.320469,0.558333
AACGTGCGAAAGTCTC-1,0.036511,0.000015,0.03199,0.438883,0.492601
AACGTTATCAGCACCT-1,0.747267,0.209878,0.04253,0.000081,0.000243
AACTAGCGTATCGCAC-1,0.063109,0.000017,0.062151,0.59535,0.279374
AACTAGGCTTGGGTGT-1,0.000024,0.000024,0.270613,0.260029,0.469309
AACTCAAGTTAATTGC-1,0.291525,0.000061,0.535296,0.000123,0.172994
AACTCCAGAGCGTGTT-1,0.000013,0.000571,0.000013,0.224229,0.775174
AACTCCTAATCCCATG-1,0.007383,0.000019,0.053684,0.230359,0.708555
AACTCGATAAACACGT-1,0.436264,0.008998,0.260341,0.005126,0.289271
AACTCGATGGCGCAGT-1,0.021812,0.000014,0.107492,0.597878,0.272804
AACTCTCAATAGAGCG-1,0.009244,0.00002,0.275158,0.25392,0.461658
AACTCTCAGTGTGCTC-1,0.505186,0.061681,0.294697,0.042749,0.095687
AACTGAGGTCAGCGTC-1,0.020172,0.000025,0.153685,0.168281,0.657837
AACTGAGTTATACTGA-1,0.024834,0.000009,0.048449,0.056942,0.869767
AACTGATATTAGGCCT-1,0.045399,0.000022,0.364239,0.326384,0.263956
AACTGGGTCCCGACGT-1,0.098622,0.00003,0.389166,0.163946,0.348237
AACTGGGTTCGAGCCG-1,0.022475,0.000023,0.186592,0.181575,0.609335
AACTGGTGTGGGCCTT-1,0.056961,0.000033,0.208265,0.296177,0.438564
AACTTCTGCGTCTATC-1,0.99926,0.000074,0.000074,0.000148,0.000444
AACTTGCCCGTATGCA-1,0.925269,0.000051,0.03607,0.000102,0.038508
AACTTGCGTTCTCGCG-1,0.459742,0.000047,0.459032,0.000093,0.081086
AACTTTACGGGAGCTT-1,0.030389,0.003235,0.179112,0.121632,0.665633
AACTTTAGCTGCTGAG-1,0.014801,0.000029,0.247837,0.296077,0.441256
AACTTTCTCGATCATG-1,0.005431,0.013135,0.000009,0.325875,0.655551
AAGAAAGTTTGATGGG-1,0.753702,0.167588,0.000113,0.000226,0.078371
AAGAAATCACCAGATT-1,0.040367,0.000009,0.074019,0.040682,0.844922
AAGAAGGATCAGTTAG-1,0.030685,0.002283,0.140238,0.582143,0.244652
AAGACATACGTGGTTT-1,0.059046,0.093766,0.071569,0.012612,0.763007
AAGACCAAATAACTCA-1,0.606892,0.357378,0.018247,0.00013,0.017353
AAGACCCAACTGAACA-1,0.015528,0.000022,0.085148,0.28128,0.618022
AAGACTAACCCGTTGT-1,0.20979,0.000024,0.056592,0.436848,0.296747
AAGACTCACGCCCACT-1,0.029341,0.009193,0.263092,0.25995,0.438425
AAGACTGCAAGCTACT-1,0.098046,0.000038,0.313931,0.08663,0.501354
AAGAGATGAATCGGTA-1,0.804049,0.094305,0.000109,0.095842,0.005695
AAGAGCTCTTTATCGG-1,0.00891,0.000015,0.037978,0.57904,0.374057
AAGAGGATGTACGCGA-1,0.005465,0.000017,0.206192,0.367504,0.420823
AAGAGGCATGGATCGC-1,0.000014,0.000014,0.025966,0.625041,0.348965
AAGAGGCCCTTTGGAA-1,0.006995,0.00001,0.005861,0.235194,0.75194
AAGATGGCACCGGACC-1,0.169705,0.000042,0.348226,0.024493,0.457534
AAGATTGGCGGAACGT-1,0.089349,0.000024,0.12442,0.323385,0.462821
AAGCACCCTGCGTATC-1,0.00194,0.000018,0.063053,0.27014,0.664849
AAGCATACTCTCCTGA-1,0.022209,0.00002,0.2828,0.153018,0.541953
AAGCCACTTGCAGGTA-1,0.000139,0.000011,0.068744,0.676645,0.25446
AAGCCGAAGCGGTTTA-1,0.04711,0.000032,0.057207,0.159958,0.735693
AAGCCGCCGTGAAATC-1,0.920697,0.000044,0.05439,0.000088,0.024781
AAGCCGCTTTACCTTG-1,0.000009,0.000009,0.029699,0.137648,0.832634
AAGCCGGAGAGCAGGA-1,0.031465,0.000027,0.080497,0.063805,0.824206
AAGCGCAGGGCTTTGA-1,0.002393,0.000013,0.1112,0.188173,0.698221
AAGCGGAGTGCGCGCA-1,0.025453,0.000009,0.049169,0.043451,0.881918
AAGCGGCGTCATGGGT-1,0.011079,0.000037,0.01896,0.424102,0.545822
AAGCGTCCCTCATCGA-1,0.381316,0.000131,0.617505,0.000262,0.000786
AAGCTAGATCGAGTAA-1,0.014018,0.000033,0.32705,0.140675,0.518224
AAGCTCGTGCCAAGTC-1,0.002858,0.000011,0.000324,0.863705,0.133102
AAGCTCTTTCATGGTG-1,0.009617,0.000028,0.181249,0.205624,0.603482
AAGGAGAACTTATAAG-1,0.008331,0.000014,0.079532,0.521738,0.390385
AAGGAGCGGTTGGTGC-1,0.40408,0.00006,0.498263,0.000119,0.097478
AAGGATGAGGGACCTC-1,0.021812,0.000031,0.294375,0.061964,0.621818
AAGGCAGGCTGTCTCC-1,0.011786,0.000014,0.025262,0.093288,0.869651
AAGGCGCGTAAAGCTT-1,0.045947,0.000025,0.132631,0.365167,0.456229
AAGGCTGTGCTCATCG-1,0.583955,0.000136,0.32739,0.000272,0.088247
AAGGGAACGACTGGCT-1,0.688349,0.00006,0.301525,0.000119,0.009947
AAGGGACAGATTCTGT-1,0.000022,0.000022,0.032537,0.54259,0.424829
AAGGGACTATGCATTC-1,0.503101,0.000121,0.474585,0.000243,0.02195
AAGGGTTAGCCATGCG-1,0.237847,0.000045,0.36005,0.00009,0.401968
AAGGTATCCTAATATA-1,0.139769,0.000034,0.24607,0.042446,0.571681
AAGGTGATAAACCAGC-1,0.000885,0.00002,0.204112,0.199517,0.595467
AAGTAAGCTTCCAAAC-1,0.000013,0.000013,0.001775,0.496057,0.502142
AAGTAGAAGACCGGGT-1,0.023725,0.00003,0.48593,0.240432,0.249883
AAGTAGTGACGCGAGG-1,0.710014,0.069756,0.000105,0.189149,0.030975
AAGTCAATTGTCGTCA-1,0.000015,0.012869,0.055312,0.461969,0.469836
AAGTCTAGTAGCTGCC-1,0.007804,0.000011,0.225578,0.041851,0.724756
AAGTGACGACCGAATT-1,0.078079,0.00003,0.616972,0.005069,0.29985
AAGTGAGTCGGGTTTA-1,0.000013,0.000013,0.089571,0.397696,0.512708
AAGTGCAAAGGTAGAC-1,0.806727,0.037569,0.093522,0.000071,0.06211
AAGTGCCTTGACTGTA-1,0.00001,0.007257,0.00001,0.733261,0.259462
AAGTGCGTTAGAATCT-1,0.233589,0.000073,0.765753,0.000146,0.000439
AAGTGCTTCTCTATTG-1,0.056903,0.00004,0.098722,0.43474,0.409595
AAGTGTTTGGAGACGG-1,0.116656,0.000026,0.427676,0.069664,0.385979
AAGTTCACTCCAAGCT-1,0.000028,0.000028,0.442225,0.080217,0.477501
AAGTTCAGTCTGCGTA-1,0.025582,0.000018,0.071569,0.170498,0.732333
AAGTTCGGCCAACAGG-1,0.024502,0.00002,0.169615,0.542296,0.263567
AAGTTGTGATGTTATA-1,0.000012,0.000012,0.000012,0.358264,0.641701
AAGTTTACTAATGGCA-1,0.046762,0.000032,0.272748,0.159166,0.521291
AAGTTTATGGGCCCAA-1,0.000417,0.000016,0.208494,0.183596,0.607477
AATAACAACGCTCGGC-1,0.116945,0.000026,0.016068,0.494161,0.3728
AATAACACTAGAACAA-1,0.039289,0.003426,0.00285,0.806166,0.148269
AATAACGTCGCGCCCA-1,0.067764,0.000039,0.000039,0.000078,0.93208
AATAAGTCCTCGAGAC-1,0.046298,0.000015,0.162897,0.300987,0.489803
AATAATCTTCGTATCG-1,0.011525,0.000009,0.014743,0.12804,0.845682
AATACAATGTTTCAGG-1,0.666097,0.186693,0.145341,0.000155,0.001714
AATACCGGAGGGCTGT-1,0.000011,0.000962,0.000011,0.839344,0.159671
AATACCTGATGTGAAC-1,0.003409,0.00001,0.00001,0.287292,0.709278
AATAGAACAGAGTGGC-1,0.313483,0.000048,0.671182,0.000096,0.015192
AATAGAATCTGTTTCA-1,0.003537,0.000022,0.123445,0.169187,0.703809
AATAGCAAGCCTCCTG-1,0.029175,0.000017,0.050989,0.140505,0.779314
AATAGCTACCGCGTGC-1,0.008915,0.000018,0.095547,0.267261,0.628259
AATAGGCACGACCCTT-1,0.000024,0.00381,0.021816,0.773729,0.200622
AATAGTCCGTCCCGAC-1,0.000018,0.000018,0.115968,0.512959,0.371037
AATAGTCGCGAGTCGG-1,0.774348,0.157773,0.031228,0.000419,0.036232
AATATCAAGGTCGGAT-1,0.000021,0.000021,0.097798,0.539103,0.363057
AATATCGAGGGTTCTC-1,0.00002,0.00002,0.013209,0.452896,0.533856
AATATTGGAGTATTGA-1,0.00256,0.000625,0.055679,0.599705,0.341431
AATCAGACTGCAGGAC-1,0.033428,0.000019,0.087299,0.602751,0.276503
AATCAGGTTTCATTTA-1,0.025974,0.000041,0.350426,0.180793,0.442766
AATCATGTAAAGACTC-1,0.022449,0.000018,0.14357,0.117846,0.716117
AATCCAAGGGCCTGAG-1,0.000019,0.000019,0.054214,0.703909,0.241839
AATCCATGCAAGGGTG-1,0.000007,0.000173,0.001435,0.861607,0.136778
AATCCCGCTCAGAGCC-1,0.298374,0.014467,0.037939,0.258318,0.390902
AATCGAGGTCTCAAGG-1,0.043852,0.00002,0.188447,0.053918,0.713763
AATCGCCTCAGCGCCA-1,0.006402,0.00002,0.192794,0.285905,0.514878
AATCGGGACACTACGA-1,0.000011,0.000011,0.012236,0.778059,0.209684
AATCGGTATAGCCCTC-1,0.097502,0.000023,0.018971,0.018467,0.865038
AATCGTGAGCCGAGCA-1,0.017967,0.000014,0.027912,0.142907,0.8112
AATCTAGGTTTACTTG-1,0.87515,0.00016,0.123414,0.000319,0.000957
AATCTATGCCGGAGCC-1,0.000513,0.000013,0.000387,0.375397,0.62369
AATCTCTACTGTGGTT-1,0.266208,0.000056,0.733286,0.000113,0.000338
AATCTGCGTTGGGACG-1,0.013428,0.000031,0.277012,0.180145,0.529385
AATCTGGCTTTCTAGT-1,0.917446,0.000218,0.000218,0.000435,0.081684
AATCTGGGTAGACCCT-1,0.028714,0.000021,0.020162,0.098248,0.852855
AATGACAGCAATGTCT-1,0.248749,0.000059,0.750717,0.000119,0.000357
AATGACGTAGGATGTC-1,0.043155,0.000039,0.570847,0.050008,0.335951
AATGACTGTCAGCCGG-1,0.059783,0.00005,0.561894,0.001146,0.377128
AATGAGTTCGCATATG-1,0.555112,0.000058,0.261928,0.000116,0.182787
AATGATGATACGCTAT-1,0.138456,0.000028,0.028209,0.326471,0.506837
AATGATGCGACTCCTG-1,0.072842,0.00004,0.336449,0.265394,0.325275
AATGCAACCGGGTACC-1,0.168791,0.000033,0.72579,0.000066,0.10532
AATGCACCAAGCAATG-1,0.020378,0.001947,0.100766,0.371311,0.505599
AATGGCCGCCAATGCG-1,0.082311,0.000025,0.05637,0.186995,0.674299
AATGGTCCACCGTTCA-1,0.650944,0.000044,0.339182,0.000089,0.009741
AATGGTTCTCACAAGC-1,0.075134,0.000029,0.150776,0.439037,0.335024
AATGTATGGCACTGTA-1,0.934886,0.000025,0.000025,0.00005,0.065013
AATGTGCCCGAGGTGT-1,0.406663,0.000095,0.261709,0.003367,0.328165
AATGTGCTAATCTGAG-1,0.075454,0.000044,0.571791,0.090532,0.262179
AATGTTAAGACCCTGA-1,0.001365,0.00001,0.028104,0.246249,0.724272
AATGTTGTCGTGAGAC-1,0.024011,0.000014,0.061226,0.120274,0.794474
AATTAAAGGTCGGCGT-1,0.722064,0.016377,0.02286,0.049801,0.188897
AATTAACGGATTTCCA-1,0.013318,0.000037,0.146559,0.164343,0.675743
AATTACGAGACCCATC-1,0.916072,0.018,0.000083,0.000167,0.065678
AATTACTCGTACGCTC-1,0.874317,0.011125,0.000042,0.000085,0.114432
AATTAGCGCTGCAGCG-1,0.005268,0.000026,0.129064,0.225391,0.640251
AATTATACCCAGCAAG-1,0.000014,0.002244,0.036443,0.142489,0.81881
AATTCATAAGGGATCT-1,0.001552,0.00003,0.042867,0.332174,0.623377
AATTCATTGTCATGCA-1,0.676537,0.013989,0.202188,0.00035,0.106937
AATTCCAACTTGGTGA-1,0.228135,0.000017,0.208549,0.03492,0.52838
AATTCCAAGCATGTAC-1,0.101397,0.000019,0.131679,0.000045,0.76686
AATTCGATTCGAGGAT-1,0.000016,0.000016,0.021824,0.307087,0.671058
AATTCTAGAGTTAGGC-1,0.000011,0.000011,0.000011,0.832199,0.167768
AATTGAACGCTCTGGT-1,0.003779,0.000019,0.117692,0.071876,0.806633
AATTGCAGCAATCGAC-1,0.000008,0.001031,0.000008,0.233541,0.765412
AATTGCGTGGATTACA-1,0.911183,0.000093,0.020871,0.000186,0.067667
AATTGTGGTTGCCAAA-1,0.064051,0.00004,0.307136,0.000081,0.628692
AATTTGGGACATAGTA-1,0.000041,0.000038,0.49071,0.064835,0.444376
AATTTGGTTCCAAAGA-1,0.001709,0.00002,0.242626,0.237798,0.517848
ACAAACCATGCGTCCT-1,0.615576,0.048511,0.112096,0.000096,0.223721
ACAAACCGACAAGGCG-1,0.020088,0.000017,0.044076,0.478118,0.457701
ACAAACTCCATCAGAG-1,0.055646,0.000035,0.433825,0.292573,0.217921
ACAAAGCATGACCTAG-1,0.014839,0.072549,0.094195,0.039756,0.778662
ACAAATCGCACCGAAT-1,0.038783,0.000017,0.169014,0.251156,0.541031
ACAAATGGTAGTGTTT-1,0.002883,0.003895,0.298345,0.083634,0.611244
ACAAATTCAGATCTGA-1,0.088933,0.000018,0.121357,0.000035,0.789657
ACAACAGCATGAGCTA-1,0.212778,0.000045,0.386084,0.018693,0.3824
ACAACGGTCCCTGCGA-1,0.21857,0.000096,0.778156,0.000193,0.002985
ACAAGCAGTGCCTAGC-1,0.860609,0.000057,0.000057,0.013364,0.125913
ACAAGGAAATCCGCCC-1,0.002209,0.000021,0.269321,0.143554,0.584894
ACAAGGACAAGAGGTT-1,0.552411,0.038695,0.408069,0.000206,0.000619
ACAAGGATGCTTTAGG-1,0.030487,0.027161,0.194354,0.105558,0.64244
ACAAGGCCTACCAGCC-1,0.02878,0.00003,0.407795,0.083027,0.480369
ACAAGGGCAGGCTCTG-1,0.021269,0.000027,0.393414,0.001563,0.583727
ACAAGTAATTGTAAGG-1,0.246186,0.00009,0.753005,0.00018,0.000539
ACAATAGTCGTACGTT-1,0.237904,0.000069,0.761477,0.000138,0.000413
ACAATCCATTTAAACC-1,0.085993,0.000026,0.277317,0.206273,0.430391
ACAATCGATCTTTATA-1,0.005618,0.000024,0.171176,0.389217,0.433963
ACAATGAATACGGAGA-1,0.605839,0.05921,0.334329,0.000155,0.000466
ACAATGATTCTTCTAC-1,0.024281,0.000036,0.518384,0.04526,0.412039
ACAATTGTGTCTCTTT-1,0.008603,0.000019,0.099151,0.36443,0.527798
ACAATTTAGGAGGCTC-1,0.042261,0.000029,0.430388,0.169675,0.357646
ACAATTTGAGCAGTGG-1,0.109435,0.000025,0.330039,0.007685,0.552816
ACAATTTGGCCATATT-1,0.004415,0.000007,0.013298,0.196057,0.786223
ACACAAAGACGGGTGG-1,0.066497,0.000035,0.673358,0.067255,0.192855
ACACAAATATTCCTAG-1,0.012617,0.02816,0.068442,0.334024,0.556758
ACACACCAGGACCAGT-1,0.009011,0.000018,0.078864,0.268305,0.643802
ACACACTTTCTACACG-1,0.003136,0.000021,0.321775,0.207155,0.467913
ACACATGATCAAATCT-1,0.692856,0.000052,0.226966,0.000104,0.080023
ACACATTGACGCAACA-1,0.618166,0.016952,0.000019,0.021066,0.343796
ACACATTTCCGTAGAC-1,0.025345,0.000022,0.020228,0.226988,0.727417
ACACCACATAATTAGC-1,0.012955,0.000021,0.008817,0.367555,0.610652
ACACCCAGCATGCAGC-1,0.117985,0.000046,0.516548,0.085432,0.279989
ACACCCGAGAAATCCG-1,0.008241,0.000017,0.325059,0.298832,0.367851
ACACCCGTAAATCTGT-1,0.008814,0.000018,0.442218,0.01098,0.53797
ACACCGAGCGCTCTTT-1,0.611491,0.004813,0.383192,0.000126,0.000378
ACACCGGTCTGACCGC-1,0.592603,0.000096,0.301143,0.000193,0.105965
ACACCTTAAGTAGGGC-1,0.151881,0.000047,0.614697,0.000094,0.233281
ACACGAGACTCCTTCT-1,0.176865,0.000065,0.646634,0.00013,0.176307
ACACGGCACTATGCAT-1,0.037726,0.000027,0.257647,0.182417,0.522183
ACACGGGAACTTAGGG-1,0.62799,0.000066,0.018803,0.000131,0.35301
ACACGTAGGCCACAAG-1,0.028986,0.000015,0.061222,0.118727,0.79105
ACACTCCAATGTCACT-1,0.880671,0.023274,0.095403,0.000163,0.000489
ACACTGATCAAGGTGT-1,0.211814,0.000042,0.754537,0.000083,0.033524
ACACTGGGACAGTCGT-1,0.069594,0.000035,0.045137,0.142161,0.743072
ACAGAACTGAGAACAA-1,0.417266,0.000044,0.561771,0.000089,0.02083
ACAGATTAGGTTAGTG-1,0.029767,0.000041,0.220061,0.336841,0.413289
ACAGCATAGAGCCAGT-1,0.0041,0.000024,0.062906,0.389243,0.543726
ACAGCGACATTCTCAT-1,0.083992,0.000018,0.01287,0.019629,0.883491
ACAGCGCACCCGCAGC-1,0.007038,0.000025,0.131111,0.458475,0.40335
ACAGGCACGGATCCTT-1,0.006841,0.000013,0.038638,0.231798,0.722709
ACAGGCTTGCCCGACT-1,0.011071,0.000022,0.16245,0.21722,0.609236
ACAGGTGGAGGTGAGG-1,0.014773,0.000946,0.012291,0.733625,0.238365
ACAGTAATACAACTTG-1,0.783669,0.000042,0.000042,0.035163,0.181084
ACAGTATACCGTGGGA-1,0.026661,0.000026,0.138518,0.101113,0.733683
ACAGTGCAGCGCATTT-1,0.065336,0.000034,0.097555,0.176602,0.660474
ACATAAGTCGTGGTGA-1,0.999615,0.000038,0.000038,0.000077,0.000231
ACATAATAAGGCGGTG-1,0.028514,0.000028,0.390611,0.193313,0.387534
ACATACAATCAAGCGG-1,0.004113,0.013868,0.002221,0.257777,0.722021
ACATCAGCTGGGACGC-1,0.353044,0.000029,0.644239,0.000058,0.002631
ACATCCCGGCCATACG-1,0.00002,0.00002,0.175922,0.331218,0.492821
ACATCCTGGTAACTGT-1,0.034695,0.000023,0.359567,0.03288,0.572835
ACATCGATCGTTTACC-1,0.282473,0.077563,0.095853,0.357949,0.186162
ACATCGCAATATTCGG-1,0.047575,0.000057,0.26326,0.244718,0.44439
ACATCGGTCAGCCGCG-1,0.000019,0.000019,0.044043,0.599709,0.356211
ACATCGTATGCAATGG-1,0.000021,0.000021,0.08206,0.218598,0.699299
ACATCGTTAACCTAGT-1,0.014554,0.000032,0.361531,0.339613,0.28427
ACATCTCAACGCGTAA-1,0.009745,0.000017,0.188067,0.262604,0.539566
ACATGCTTACGGCAGC-1,0.778484,0.000108,0.000108,0.002393,0.218906
ACATGGCGCCAAAGTA-1,0.002786,0.000012,0.183013,0.19268,0.621509
ACATGGCTCAATTTAG-1,0.55594,0.00003,0.07083,0.004255,0.368946
ACATTAGTTTATATCC-1,0.000018,0.001927,0.021054,0.577214,0.399787
ACATTCGCGCGGAATA-1,0.007473,0.000021,0.175518,0.278044,0.538944
ACATTTGAAACCTAAC-1,0.000006,0.000006,0.000006,0.483601,0.51638
ACCAAACACCCAGCGA-1,0.004101,0.00001,0.001568,0.393645,0.600677
ACCAAACTAGAAATCC-1,0.037882,0.000016,0.12978,0.365665,0.466657
ACCAACACCACACACT-1,0.004139,0.000014,0.007598,0.299757,0.688492
ACCAACCGCACTCCAC-1,0.03703,0.007502,0.005319,0.161321,0.788828
ACCAACGCTTATTTAT-1,0.135562,0.000041,0.57177,0.000081,0.292546
ACCAAGAACGCGTGTC-1,0.000022,0.000022,0.212505,0.547329,0.240122
ACCAAGTCATCGGCAG-1,0.048602,0.000028,0.381471,0.001393,0.568507
ACCAATATGCAAGTTA-1,0.000015,0.000015,0.067751,0.273749,0.65847
ACCACAACTCAGAACA-1,0.038786,0.000018,0.201272,0.330641,0.429283
ACCACAAGTTTCTATC-1,0.417949,0.000061,0.54395,0.000122,0.037917
ACCACACGGTTGATGG-1,0.053229,0.000022,0.14961,0.134085,0.663053
ACCACCCTCTCTTCTA-1,0.004831,0.032631,0.187684,0.055822,0.719032
ACCACGTGCAGCTATA-1,0.007936,0.000032,0.555888,0.163871,0.272273
ACCACTGTTCAAGAAG-1,0.661405,0.016999,0.321317,0.000054,0.000225
ACCAGCCCGGTCTTTG-1,0.055471,0.000027,0.433507,0.191867,0.319127
ACCAGGAGTGTGATCT-1,0.046301,0.000022,0.017576,0.194782,0.741318
ACCAGTGCCCGGTCAA-1,0.025835,0.000014,0.051042,0.184545,0.738565
ACCAGTGCGGGAGACG-1,0.000411,0.000019,0.032187,0.360094,0.607289
ACCATATCCGCAATAA-1,0.380106,0.057658,0.058675,0.031385,0.472176
ACCATCCGCCAACTAG-1,0.703547,0.000071,0.294708,0.000141,0.001534
ACCATCGTATATGGTA-1,0.007152,0.000018,0.075883,0.436614,0.480333
ACCATTAAGGGTGTCA-1,0.637265,0.053302,0.300583,0.000131,0.00872
ACCCAACGCCCGTGGC-1,0.000021,0.000021,0.126908,0.337004,0.536046
ACCCACCTACATGCTC-1,0.542571,0.092438,0.27428,0.000193,0.090518
ACCCATCTTGAGGGTA-1,0.218132,0.000057,0.373196,0.010874,0.397742
ACCCATTTGTCCCTCT-1,0.023902,0.002286,0.15945,0.065482,0.74888
ACCCGAGCGAAATTAC-1,0.318524,0.000078,0.68077,0.000157,0.000471
ACCCGATTGGTTCCGA-1,0.000017,0.000017,0.025742,0.455295,0.518929
ACCCGGAAACTCCCAG-1,0.046452,0.000021,0.126735,0.158952,0.667841
ACCCGGAGCACCACAA-1,0.043554,0.000008,0.061235,0.056469,0.838734
ACCCGGATGACGCATC-1,0.000182,0.000027,0.170137,0.13139,0.698264
ACCCGGTTACACTTCC-1,0.535599,0.00008,0.102819,0.017533,0.343968
ACCCGTAGCAGAGAAT-1,0.826161,0.04217,0.000071,0.035925,0.095673
ACCCGTAGTCTAGTTG-1,0.007699,0.131753,0.015132,0.131131,0.714285
ACCCGTGTCATCAGTA-1,0.000035,0.000035,0.442443,0.086223,0.471265
ACCCTATAGGACTGAG-1,0.153889,0.000038,0.15606,0.000142,0.689871
ACCCTATGCCATATCG-1,0.433607,0.032859,0.532802,0.000183,0.000549
ACCCTCCCGTCAGGGC-1,0.000016,0.000016,0.069632,0.144508,0.785828
ACCCTCCCTTGCTATT-1,0.000022,0.000022,0.170576,0.403781,0.425599
ACCCTGGTAACGCCCT-1,0.000344,0.000014,0.000066,0.569191,0.430386
ACCCTTCATCTGCGAA-1,0.016828,0.009939,0.268094,0.276385,0.428754
ACCCTTGCCTGGGTCG-1,0.011063,0.000013,0.148575,0.032409,0.80794
ACCCTTTAGTTCTCCA-1,0.014531,0.002262,0.137835,0.26633,0.579043
ACCGAAAGGGCCCTGC-1,0.014644,0.000019,0.1925,0.382512,0.410325
ACCGAAGAGTCTGGTT-1,0.967165,0.000045,0.032426,0.000091,0.000273
ACCGACACATCTCCCA-1,0.000022,0.000022,0.624231,0.072852,0.302874
ACCGACTGAGTCCCAC-1,0.650192,0.00005,0.02893,0.058677,0.26215
ACCGAGTCTCCTTATT-1,0.000013,0.000013,0.007773,0.16694,0.82526
ACCGATAGGCATAACC-1,0.045316,0.000022,0.416211,0.012871,0.525581
ACCGATATTTAATCAT-1,0.019975,0.001599,0.043004,0.154154,0.781268
ACCGATGGTAGCATCG-1,0.000012,0.006159,0.000012,0.586811,0.407006
ACCGCAATAACTGCCT-1,0.000013,0.000013,0.060235,0.373571,0.566168
ACCGCTAGTCATTGGT-1,0.000019,0.000019,0.000019,0.889468,0.110475
ACCGGGCCTTTGTTGA-1,0.033055,0.000021,0.107057,0.11178,0.748087
ACCGGTCAGGTACACC-1,0.784425,0.00007,0.214949,0.000139,0.000417
ACCGGTCTGAGTACGG-1,0.000009,0.000009,0.000009,0.904803,0.09517
ACCGTCCACTGGGCCC-1,0.172062,0.507547,0.317009,0.000846,0.002537
ACCGTGACCACGTGGG-1,0.028453,0.000041,0.001239,0.655527,0.31474
ACCGTTCCCGCTCTGA-1,0.020477,0.000024,0.294658,0.359493,0.325349
ACCTAAGTACCTTTCA-1,0.359417,0.000073,0.639929,0.000145,0.000436
ACCTAATCGACTTCCT-1,0.777867,0.037381,0.00011,0.007652,0.176989
ACCTACTATAAATCTA-1,0.001932,0.000018,0.054145,0.099071,0.844834
ACCTCAGCGAGGCGCA-1,0.021733,0.000025,0.090254,0.064678,0.82331
ACCTCCGCCCTCGCTG-1,0.00547,0.002776,0.120767,0.144216,0.726771
ACCTCCGTTATTCACC-1,0.025229,0.000017,0.073149,0.089346,0.812259
ACCTCGAACTTATGCT-1,0.833979,0.001737,0.038868,0.000201,0.125216
ACCTGCGTGTCATGTT-1,0.668773,0.000167,0.32972,0.000335,0.001005
ACCTTTCCTTTAGAAG-1,0.020386,0.000021,0.071167,0.597314,0.311112
ACGAAATGGGCGGCAC-1,0.999754,0.000025,0.000025,0.000049,0.000148
ACGACCCATGAGTTGC-1,0.022547,0.000016,0.129078,0.005908,0.842451
ACGACTCTAGGGCCGA-1,0.00001,0.001153,0.000431,0.256328,0.742078
ACGACTGGTCATACTC-1,0.041783,0.000037,0.195111,0.083388,0.679682
ACGAGAACCCATCACG-1,0.036844,0.000023,0.104498,0.592266,0.266368
ACGAGATATTTGCTTA-1,0.020108,0.000046,0.096987,0.36883,0.51403
ACGAGGATACCACTCT-1,0.679131,0.000104,0.319932,0.000208,0.000625
ACGAGGTTTACAACGT-1,0.947523,0.000055,0.000055,0.00011,0.052258
ACGAGTACGGATGCCC-1,0.02531,0.01818,0.262523,0.143035,0.550952
ACGAGTCGCCGGCGTT-1,0.671534,0.31314,0.000095,0.00019,0.01504
ACGATACATAGAACTA-1,0.310478,0.000043,0.638946,0.000087,0.050446
ACGATCATACATAGAG-1,0.309491,0.000059,0.423887,0.000118,0.266445
ACGATCATCTTGTAAA-1,0.000016,0.000016,0.06452,0.289656,0.645792
ACGATGCATATGTTAT-1,0.283261,0.008501,0.376512,0.134659,0.197068
ACGATGGATCCGATGC-1,0.013876,0.000011,0.005654,0.72057,0.259889
ACGCAAACTAATAGAT-1,0.00002,0.00002,0.052308,0.151099,0.796553
ACGCAATCACTACAGC-1,0.00382,0.000025,0.232803,0.233172,0.530181
ACGCATAAATGACATG-1,0.040753,0.008916,0.253533,0.081836,0.614961
ACGCATACGTTTACTA-1,0.014179,0.000018,0.046611,0.20714,0.732051
ACGCATTCGTGAGTAC-1,0.603882,0.000134,0.3291,0.000268,0.066617
ACGCCACTCGAAACAG-1,0.013469,0.000012,0.182712,0.070495,0.733313
ACGCCAGATGATTTCT-1,0.111617,0.000037,0.484685,0.016918,0.386743
ACGCCAGTGCGTTTGC-1,0.029417,0.000026,0.304538,0.021897,0.644122
ACGCCCAGCTGTCGAT-1,0.0712,0.000026,0.052762,0.457988,0.418024
ACGCCGCTAGACGACC-1,0.137037,0.000028,0.001913,0.483192,0.377829
ACGCGAAGTCAGACGA-1,0.002234,0.000017,0.063478,0.417202,0.517068
ACGCGCTACACAGGGT-1,0.051668,0.00005,0.5085,0.058923,0.38086
ACGCGGGCCAAGGACA-1,0.407264,0.000103,0.574578,0.000205,0.017851
ACGCGTTTCTTAAGAG-1,0.151117,0.012867,0.277681,0.135895,0.42244
ACGCTACTGAATGGGC-1,0.264168,0.000018,0.001629,0.116849,0.617336
ACGCTAGTATCAGTGC-1,0.000013,0.000013,0.006482,0.685312,0.30818
ACGCTAGTGATACACT-1,0.000017,0.000017,0.011938,0.522988,0.465041
ACGCTGTGAGGCGTAG-1,0.254413,0.000043,0.745198,0.000087,0.00026
ACGCTTAGTGTCTCTC-1,0.000018,0.000018,0.016768,0.615928,0.367268
ACGGAACACGAGTGCC-1,0.005281,0.000017,0.119624,0.038421,0.836657
ACGGAATTTAGCAAAT-1,0.190331,0.000034,0.111654,0.344977,0.353005
ACGGACGCAGCGACAA-1,0.784816,0.016784,0.029538,0.016175,0.152687
ACGGACTCTCAAAGCG-1,0.046733,0.006681,0.051683,0.169378,0.725526
ACGGAGCGCAAATTAC-1,0.000017,0.000017,0.196945,0.24156,0.561462
ACGGATGGTGCGGATA-1,0.000017,0.000373,0.035346,0.413596,0.550668
ACGGCACTTGCTTGGG-1,0.000015,0.000015,0.01077,0.740318,0.248883
ACGGCCAACATGGACT-1,0.002033,0.00093,0.133418,0.594006,0.269612
ACGGCGACGATGGGAA-1,0.03391,0.000021,0.334347,0.061062,0.570661
ACGGCGGGTTGCCCTG-1,0.032626,0.000027,0.284577,0.340971,0.3418
ACGGCTGGATGTAGAA-1,0.809168,0.00011,0.173627,0.000219,0.016876
ACGGGAGTGTCGGCCC-1,0.221271,0.000061,0.778184,0.000121,0.000364
ACGGGCGTATGCGACA-1,0.000016,0.000016,0.000016,0.177645,0.822307
ACGGGTCATGTGACTT-1,0.68938,0.267462,0.000104,0.000207,0.042847
ACGGGTTGTGACCTGT-1,0.552889,0.0009,0.125938,0.0018,0.318472
ACGGTACAGTTCAATG-1,0.000009,0.000009,0.000009,0.323488,0.676483
ACGGTCACCGAGAACA-1,0.809605,0.094406,0.007805,0.000181,0.088003
ACGTACAGATTTCTCT-1,0.00001,0.00001,0.00353,0.875944,0.120505
ACGTACTTTGGCACGG-1,0.009909,0.000021,0.037309,0.588498,0.364263
ACGTAGATTGCTGATG-1,0.357314,0.000068,0.638575,0.000136,0.003907
ACGTAGGAGAGTCGCT-1,0.00002,0.00002,0.008789,0.330545,0.660626
ACGTATTACTCCGATC-1,0.031927,0.000025,0.089516,0.20766,0.670872
ACGTCCTAAACGAGAT-1,0.00131,0.00002,0.148604,0.454209,0.395856
ACGTGCGCCTCGTGCA-1,0.041296,0.00002,0.06214,0.433668,0.462876
ACGTGGTCGAATGTGC-1,0.000021,0.000749,0.071672,0.467981,0.459577
ACGTTAATGTCGAAGA-1,0.095267,0.020758,0.522035,0.029721,0.33222
ACGTTAGATTTGCCCG-1,0.021197,0.000049,0.019276,0.422979,0.536498
ACGTTATTGGTCACTC-1,0.640156,0.358828,0.000113,0.000226,0.000678
ACGTTCACTATGCCGC-1,0.010221,0.000031,0.273766,0.197677,0.518305
ACGTTCCGCGCTCCGT-1,0.014884,0.000024,0.365572,0.25282,0.3667
ACGTTCGCAATCAATT-1,0.004728,0.000011,0.023082,0.155617,0.816563
ACGTTCGTTCAGGAAA-1,0.000026,0.000026,0.148065,0.576455,0.27543
ACGTTCTGTACAAGTC-1,0.018135,0.000021,0.319984,0.035116,0.626744
ACGTTGTCGTTGAAAG-1,0.033119,0.00001,0.01093,0.646551,0.30939
ACGTTTAGTTGTGATC-1,0.01793,0.000028,0.190442,0.416165,0.375435
ACGTTTCGGTGCACTT-1,0.108667,0.000123,0.362821,0.000246,0.528142
ACTAAGGACGCACACC-1,0.002783,0.000014,0.057542,0.124273,0.815388
ACTAATACGTCAGGCG-1,0.040614,0.000032,0.3435,0.187692,0.428162
ACTACAAAGAGAGGTG-1,0.001788,0.000015,0.130706,0.336033,0.531458
ACTACATCCCGACAAG-1,0.723774,0.000054,0.275743,0.000107,0.000321
ACTACCAGCTCTCTGG-1,0.084082,0.000069,0.852363,0.000138,0.063348
ACTACCATCCGAGGGC-1,0.00939,0.000022,0.172543,0.478471,0.339575
ACTACGCGTTAGAATT-1,0.003562,0.000033,0.231526,0.137239,0.62764
ACTAGTTGCGATCGTC-1,0.048547,0.000023,0.097167,0.131741,0.722521
ACTATATGCTGTGTTC-1,0.000018,0.000018,0.002686,0.503003,0.494274
ACTATCCAGGGCATGG-1,0.007109,0.000013,0.04386,0.154777,0.794241
ACTATCTGCCCGCGTA-1,0.008695,0.000009,0.000613,0.360379,0.630304
ACTATGTCCAGCTGCC-1,0.964727,0.034816,0.000051,0.000101,0.000304
ACTATTCGTCCGTGGT-1,0.000873,0.000014,0.062219,0.210249,0.726646
ACTATTTCCGGGCCCA-1,0.123101,0.000054,0.754468,0.000107,0.12227
ACTCAACGAATGTATT-1,0.051696,0.000027,0.091286,0.156843,0.700148
ACTCAAGTGCAAGGCT-1,0.000008,0.000008,0.000008,0.72672,0.273257
ACTCAATAAAGGCACG-1,0.641215,0.000044,0.098159,0.021313,0.239269
ACTCAGACCTGCTTCT-1,0.016322,0.000048,0.254416,0.214869,0.514346
ACTCATGGCAGCCTTC-1,0.879013,0.00008,0.042564,0.00016,0.078183
ACTCCAATATCATCAT-1,0.384884,0.00011,0.614129,0.000219,0.000658
ACTCCCATTCCTAAAG-1,0.805938,0.000129,0.185196,0.000258,0.008479
ACTCCCGAATTCGTTT-1,0.014672,0.000017,0.067539,0.370508,0.547264
ACTCCCGTAGACTAGG-1,0.010508,0.144537,0.103127,0.09855,0.643279
ACTCCCTAATGCTAAA-1,0.006743,0.000018,0.322259,0.044514,0.626466
ACTCCCTAGAATAGTA-1,0.020901,0.000017,0.187475,0.137505,0.654101
ACTCCGGCCGACCACT-1,0.001272,0.000825,0.019937,0.226319,0.751648
ACTCGATGTATTTCAT-1,0.748822,0.172705,0.000105,0.000211,0.078158
ACTCGCCGTTCGATAA-1,0.083254,0.000021,0.191648,0.026594,0.698483
ACTCGCGATCTGACGC-1,0.01998,0.000008,0.052949,0.100013,0.82705
ACTCGTAACCCGTCCT-1,0.367815,0.000072,0.631541,0.000143,0.000429
ACTCGTCAGTAATCCC-1,0.000015,0.000015,0.057394,0.443739,0.498837
ACTCTCTGACTTAGGT-1,0.000025,0.004229,0.018003,0.543029,0.434714
ACTCTCTTATACACGA-1,0.029796,0.000023,0.032756,0.553583,0.383842
ACTCTGACCTAATAGA-1,0.023362,0.000018,0.337025,0.043532,0.596063
ACTCTTCAGCTCCCGC-1,0.003874,0.000012,0.131624,0.02691,0.83758
ACTCTTGTATAGTAAC-1,0.057446,0.002313,0.154414,0.372833,0.412994
ACTGAAACGCCGTTAG-1,0.000011,0.000011,0.000254,0.213734,0.78599
ACTGAATGGCGAAAGT-1,0.014001,0.000036,0.226049,0.254901,0.505013
ACTGATTTAGTGATTC-1,0.031624,0.000026,0.209452,0.11855,0.640347
ACTGCCCGCCATTCTC-1,0.000013,0.000013,0.037287,0.606527,0.356161
ACTGCCGTCGTAACTC-1,0.002395,0.001718,0.168305,0.501306,0.326276
ACTGCTCGGAAGGATG-1,0.826761,0.172464,0.000086,0.000172,0.000517
ACTGGCGAACCTGCGT-1,0.028762,0.00001,0.083014,0.232682,0.655531
ACTGGGATGCCAGTGC-1,0.001445,0.000016,0.061547,0.345476,0.591516
ACTGTACGATACACAT-1,0.022969,0.000032,0.440051,0.25676,0.280187
ACTGTAGCACTTTGGA-1,0.382616,0.000065,0.442183,0.000131,0.175005
ACTGTATACGCGAGCA-1,0.013938,0.00004,0.342277,0.304121,0.339623
ACTGTCCAGGATTATA-1,0.738162,0.006954,0.105319,0.000153,0.149412
ACTGTCTTCTTTAGAA-1,0.411582,0.000094,0.422486,0.000187,0.165651
ACTGTGCTAGTAGATC-1,0.028469,0.000021,0.132351,0.260545,0.578614
ACTGTTTAGTGTAGGC-1,0.000015,0.000015,0.00065,0.494588,0.504732
ACTTACCGGGCGCGCA-1,0.000013,0.000013,0.000495,0.831118,0.168362
ACTTACGCATCCACGC-1,0.045614,0.000017,0.022821,0.331084,0.600464
ACTTAGTACGACAAGA-1,0.000009,0.000233,0.001679,0.891414,0.106666
ACTTATACTTACCCGG-1,0.005951,0.00002,0.214631,0.233897,0.545501
ACTTATCTGATCTATA-1,0.000011,0.000011,0.000011,0.962889,0.03708
ACTTATTAGGATCGGT-1,0.636507,0.039812,0.04157,0.14825,0.133861
ACTTATTTATGTGCCA-1,0.017061,0.000017,0.000017,0.393855,0.589051
ACTTCAGGCTGATCCC-1,0.233176,0.000024,0.203982,0.063491,0.499327
ACTTCCATGCGGGACA-1,0.000018,0.000018,0.106328,0.265605,0.628031
ACTTCCTGTCGTGCGA-1,0.000019,0.000019,0.046391,0.359458,0.594113
ACTTCGCCATACGCAC-1,0.462427,0.000046,0.43443,0.000092,0.103005
ACTTCGCTAGCGAGTG-1,0.016201,0.000009,0.215846,0.04832,0.719624
ACTTGACTCCCTCTTT-1,0.008711,0.001582,0.117456,0.45522,0.417032
ACTTGCCATATTGTAC-1,0.057167,0.000025,0.181416,0.177105,0.584287
ACTTGGGACCCGGTGG-1,0.336564,0.000058,0.66291,0.000117,0.000351
ACTTGGGCTTTCGCCA-1,0.017005,0.000663,0.000019,0.399702,0.582611
ACTTGTAGTCCCTTCA-1,0.453397,0.000113,0.545591,0.000225,0.000675
ACTTGTGGATGGAACG-1,0.000096,0.002189,0.005798,0.245033,0.746885
ACTTGTTACCGGATCA-1,0.474421,0.000022,0.036939,0.122728,0.36589
ACTTTACCCTCATGAA-1,0.005893,0.000018,0.183284,0.16122,0.649585
ACTTTATACACCACTT-1,0.748187,0.014867,0.000049,0.017617,0.21928
ACTTTCCTATAGCTTC-1,0.424079,0.000077,0.1441,0.080671,0.351073
ACTTTGACTGCATCCT-1,0.232565,0.00003,0.767164,0.00006,0.000181
ACTTTGGTCGTGCTCC-1,0.795306,0.000161,0.203248,0.000321,0.000964
ACTTTGTCGACGCACT-1,0.008345,0.006015,0.000453,0.22946,0.755727
AGAAATTATGACTCGC-1,0.036098,0.000008,0.091757,0.084712,0.787424
AGAACACGGCGATGGT-1,0.599282,0.21047,0.090732,0.017713,0.081803
AGAACCCAGCGTGACA-1,0.027733,0.000008,0.121589,0.030378,0.820292
AGAACCCTCAATTGGG-1,0.957585,0.000068,0.041804,0.000136,0.000407
AGAACGTGGTACATTC-1,0.401376,0.000057,0.433937,0.000837,0.163793
AGAACTGTACTTTGTA-1,0.000018,0.000018,0.050217,0.234542,0.715205
AGAAGAGCGCCGTTCC-1,0.114692,0.000355,0.262413,0.00071,0.621829
AGAAGGTACACTTCAC-1,0.942733,0.000124,0.000124,0.02949,0.027529
AGAAGGTTGCCGAATT-1,0.087945,0.000045,0.474028,0.112499,0.325482
AGAAGGTTGTAGGTCG-1,0.000591,0.000009,0.000009,0.328843,0.670548
AGAAGTGATTCGTGAT-1,0.367732,0.000155,0.630872,0.00031,0.000931
AGAATAAATCTTCAGG-1,0.212366,0.000044,0.787234,0.000089,0.000266
AGAATACAGGCTATCC-1,0.000052,0.00002,0.057031,0.106773,0.836125
AGAATGCGGGTTCGGA-1,0.021658,0.000015,0.109916,0.086977,0.781433
AGAATTATGGATTCGA-1,0.000015,0.000015,0.139898,0.317064,0.543007
AGAATTGTTTGACATA-1,0.482145,0.000044,0.472408,0.000087,0.045316
AGACAGCTCAGAATCC-1,0.704197,0.249173,0.000052,0.000104,0.046474
AGACAGGCATCTCAGC-1,0.022082,0.001151,0.247412,0.018749,0.710606
AGACATAGATCCTTCC-1,0.028664,0.000035,0.352812,0.274484,0.344004
AGACCAAACCACACCT-1,0.798036,0.014159,0.000082,0.135982,0.051741
AGACCATGGGATACAA-1,0.361573,0.000052,0.562143,0.000104,0.076128
AGACCCACCGCTGATC-1,0.000023,0.000023,0.291351,0.16603,0.542573
AGACCCGCCCTCCTCG-1,0.13994,0.000055,0.462267,0.00011,0.397628
AGACCGCTCCGCGGTT-1,0.000971,0.000027,0.186322,0.019705,0.792974
AGACCGGGAAACCCTG-1,0.234476,0.000054,0.765037,0.000108,0.000325
AGACGAAGTGCCGGTC-1,0.000016,0.000016,0.00733,0.341319,0.651318
AGACGACGATGCCGCT-1,0.268805,0.000048,0.475827,0.000413,0.254907
AGACGCCCACTTCGCC-1,0.129954,0.000037,0.235572,0.000074,0.634363
AGACGGGATTGGTATA-1,0.02408,0.000022,0.082617,0.236538,0.656742
AGACGGGCCGATTTAA-1,0.000015,0.000015,0.007425,0.471035,0.52151
AGACTAGCCTTCCAGA-1,0.203709,0.000094,0.795449,0.000187,0.000561
AGACTGTTACCGGGTC-1,0.020165,0.000027,0.113058,0.149709,0.717041
AGAGAAACACCAGAAA-1,0.001122,0.000014,0.08766,0.521654,0.38955
AGAGAACCGTCTAGGA-1,0.0033,0.00002,0.134423,0.411171,0.451087
AGAGAAGGAGTACAAT-1,0.408375,0.000084,0.590866,0.000169,0.000507
AGAGATCTCTAAAGCG-1,0.081247,0.000037,0.797404,0.000074,0.121239
AGAGCAGTTATGAGAC-1,0.857601,0.000061,0.000061,0.000122,0.142155
AGAGCCGCCGAGATTT-1,0.013935,0.000014,0.001939,0.060656,0.923456
AGAGCGCTTGTAACGG-1,0.000472,0.000014,0.518114,0.010356,0.471044
AGAGCGGGCTAATCAT-1,0.029699,0.00002,0.205174,0.276232,0.488874
AGAGCGTACAAGCTCG-1,0.246166,0.000058,0.373529,0.000116,0.380131
AGAGCTACGAAAGCAT-1,0.146745,0.005127,0.048745,0.502641,0.296743
AGAGGCTTCGGAAACC-1,0.054841,0.000017,0.119238,0.073601,0.752303
AGAGGGACAATTGTCC-1,0.004934,0.000019,0.187984,0.163339,0.643724
AGAGGTATCTCGGTCC-1,0.000014,0.000014,0.000592,0.736527,0.262853
AGAGTAAACTTCACTA-1,0.121262,0.000018,0.029679,0.136095,0.712946
AGAGTATAGTGTTACG-1,0.007638,0.000045,0.123138,0.142163,0.727015
AGAGTCTTAATGAAAG-1,0.101828,0.000044,0.065355,0.082819,0.749954
AGAGTGAACAGACACC-1,0.00001,0.005683,0.00001,0.000403,0.993894
AGAGTTAGAGACCGAT-1,0.022445,0.000023,0.055136,0.155884,0.766513
AGAGTTGCAGGCCTCC-1,0.041128,0.022601,0.179296,0.097275,0.6597
AGATAACTTCAGGGCC-1,0.745366,0.000082,0.13776,0.000164,0.116628
AGATAATCACACCTAT-1,0.71253,0.094379,0.000096,0.002605,0.190391
AGATACCAATAGAACC-1,0.017526,0.001804,0.088248,0.04181,0.850612
AGATACCAGCACTTCA-1,0.017632,0.001177,0.064134,0.208695,0.708362
AGATACCGGTGTTCAC-1,0.006778,0.003637,0.392035,0.177045,0.420504
AGATACGACTTCATAT-1,0.068543,0.003375,0.24686,0.358728,0.322495
AGATACTCAAGATCGA-1,0.014082,0.000026,0.130159,0.122197,0.733536
AGATATAATACGACTA-1,0.000847,0.000016,0.050352,0.16851,0.780276
AGATCGTGCATAAGAT-1,0.000021,0.000021,0.217974,0.321605,0.460379
AGATCTCAGGTGTGAT-1,0.346156,0.000045,0.525876,0.000091,0.127832
AGATCTGGAGAGGATA-1,0.810464,0.093354,0.00007,0.090169,0.005943
AGATGACTCGCCCACG-1,0.02634,0.000035,0.348534,0.359236,0.265855
AGATGAGGGTTGCGAT-1,0.062473,0.000107,0.000107,0.608088,0.329224
AGATGATGGAGTCTGG-1,0.000012,0.000012,0.003241,0.463648,0.533086
AGATGCAAGACGTGCA-1,0.821649,0.010489,0.158226,0.000107,0.009529
AGATGCATCCTGTGTC-1,0.68171,0.000125,0.317164,0.00025,0.00075
AGATGCTATAACGAGC-1,0.91786,0.000021,0.008986,0.000042,0.073092
AGATTATAGGACGTTT-1,0.828555,0.000132,0.072989,0.000264,0.09806
AGATTCAAGCGGGTCG-1,0.037393,0.000021,0.18759,0.219639,0.555356
AGATTCACAACCGATA-1,0.935225,0.000046,0.000046,0.064404,0.000278
AGCAAAGGCCGCTAGT-1,0.000014,0.00119,0.114342,0.180653,0.703801
AGCAACATATCTTATT-1,0.00002,0.00002,0.236743,0.161558,0.60166
AGCAACCGAAAGTAAT-1,0.682891,0.000043,0.236802,0.000087,0.080177
AGCACACGTTTAGACT-1,0.370324,0.000088,0.515657,0.000175,0.113756
AGCACCAGTACTCACG-1,0.444044,0.00005,0.215696,0.093862,0.246348
AGCACTACCGGCCTGT-1,0.169611,0.004349,0.124004,0.457393,0.244644
AGCACTACCTCACCAG-1,0.009682,0.00003,0.380283,0.221793,0.388211
AGCACTTAAGGACGCC-1,0.650327,0.045502,0.000045,0.126854,0.177273
AGCAGAAGGAGAAAGA-1,0.000674,0.001121,0.158501,0.227451,0.612253
AGCAGCCAGATGAATA-1,0.000008,0.000169,0.005446,0.554135,0.440243
AGCAGTCGAAGCATGC-1,0.000011,0.000011,0.004013,0.280732,0.715232
AGCATATCAATATGCT-1,0.00001,0.00001,0.00001,0.628777,0.371192
AGCATCATTTCGAAAG-1,0.671397,0.000106,0.214647,0.000211,0.11364
AGCATCGTCGATAATT-1,0.03837,0.000034,0.360356,0.164247,0.436992
AGCATTACGAGGCAAG-1,0.014771,0.00002,0.061942,0.070177,0.85309
AGCCAAGCTTTGTGTC-1,0.000063,0.000063,0.408248,0.098323,0.493303
AGCCACAGGTTACCCG-1,0.014018,0.000022,0.205617,0.05586,0.724483
AGCCACTCCCGTGCTT-1,0.275391,0.000046,0.469527,0.008595,0.246441
AGCCATATAGTATGTG-1,0.00001,0.000227,0.000588,0.632445,0.36673
AGCCCATACATGTAAG-1,0.109207,0.000044,0.753583,0.000088,0.137077
AGCCCGCAACAAGCAG-1,0.030393,0.000015,0.112829,0.137397,0.719366
AGCCCGCACTACAATG-1,0.01291,0.000014,0.000248,0.330028,0.6568
AGCCCGGCATTAGAGG-1,0.357269,0.000106,0.64178,0.000211,0.000634
AGCCCGGTAGCCTGTA-1,0.000017,0.000017,0.028958,0.607128,0.363879
AGCCCTAAGCGAAGTT-1,0.024252,0.000022,0.26977,0.412976,0.292979
AGCCCTCCCTGGTGGC-1,0.137238,0.000066,0.737483,0.000131,0.125081
AGCCCTGTCGCACCGT-1,0.007842,0.000012,0.187224,0.023537,0.781384
AGCCCTTCTAATCCGA-1,0.102132,0.000026,0.02804,0.000051,0.869751
AGCCCTTGGACATCCC-1,0.002826,0.020919,0.206642,0.048149,0.721464
AGCCGTGGCTAAATGT-1,0.473387,0.0001,0.525712,0.0002,0.0006
AGCCTAATACCCACGT-1,0.934165,0.000102,0.000102,0.065018,0.000612
AGCCTTAAAGCGGAAG-1,0.51994,0.478792,0.000141,0.000282,0.000846
AGCGACAGGAACGGTC-1,0.035458,0.000028,0.383526,0.089739,0.491248
AGCGACATCCCATTCA-1,0.136082,0.00003,0.273636,0.088438,0.501814
AGCGACCAACGATATT-1,0.226479,0.000036,0.280181,0.055701,0.437603
AGCGACTTTGAAGACA-1,0.005378,0.000041,0.079447,0.41013,0.505004
AGCGAGACGTGAAGGC-1,0.658564,0.000161,0.206712,0.000323,0.13424
AGCGATGCGCCTAATA-1,0.000009,0.000804,0.017077,0.230646,0.751464
AGCGCATAATGAATCG-1,0.005343,0.000016,0.25558,0.272387,0.466675
AGCGCGGGTGCCAATG-1,0.000015,0.000015,0.003016,0.709435,0.287519
AGCGCTAGAGCGATGT-1,0.000009,0.000009,0.049883,0.223031,0.727067
AGCGCTTATGGGCAAG-1,0.004561,0.000037,0.337544,0.114877,0.542981
AGCGGACACTTCGTAG-1,0.000038,0.000038,0.415467,0.128599,0.455859
AGCGGCGGTTAGCGGT-1,0.828686,0.00012,0.00012,0.163027,0.008047
AGCGGGAAGGGTCCAT-1,0.000038,0.000038,0.186347,0.534039,0.279539
AGCGGGTCTGACACTC-1,0.000015,0.000015,0.040134,0.321254,0.638582
AGCGGTTGAGATGTAC-1,0.089837,0.000037,0.124786,0.136605,0.648735
AGCGGTTGCCGCTCTG-1,0.059222,0.000022,0.09681,0.239242,0.604705
AGCGTACGAGAGCTAG-1,0.016874,0.000024,0.256666,0.329684,0.396753
AGCGTAGCGCTAGACC-1,0.000013,0.001126,0.007264,0.889261,0.102337
AGCGTCTGAACCCGCA-1,0.042782,0.000027,0.178822,0.540152,0.238217
AGCGTGGTATTCTACT-1,0.012285,0.000025,0.076146,0.235013,0.67653
AGCGTTCCGATTTAAA-1,0.007691,0.00002,0.169367,0.245174,0.577748
AGCTAACAAGCAATGT-1,0.250029,0.000058,0.749445,0.000117,0.000351
AGCTAAGCTCCGTCCG-1,0.026794,0.000021,0.11686,0.31944,0.536884
AGCTAAGTACGCAGGC-1,0.000541,0.000014,0.088387,0.121933,0.789126
AGCTACGAATGGTGGT-1,0.127007,0.000032,0.062425,0.035043,0.775494
AGCTAGAAGCAGAAGT-1,0.002719,0.000012,0.007299,0.333724,0.656245
AGCTATTTAATCCAAC-1,0.038362,0.000023,0.305695,0.068096,0.587824
AGCTCCATATATGTTC-1,0.00002,0.00002,0.22725,0.017904,0.754806
AGCTCCTTCGCACATC-1,0.000508,0.000021,0.065352,0.327382,0.606737
AGCTCGTTGATGGAAA-1,0.044927,0.000015,0.37741,0.014182,0.563466
AGCTCTAGACGTTCCA-1,0.021038,0.000035,0.242593,0.248124,0.488211
AGCTCTTCCCAGTGCA-1,0.026461,0.000025,0.106193,0.193122,0.674199
AGCTCTTCGTAACCTT-1,0.025394,0.000032,0.173775,0.183952,0.616847
AGCTCTTTACTCAGTT-1,0.254931,0.000096,0.138216,0.067295,0.539462
AGCTGAAGTAAACCAA-1,0.116465,0.00003,0.558246,0.00006,0.325198
AGCTGCATTTGAGGTG-1,0.015196,0.000027,0.216941,0.174587,0.593249
AGCTGCTGTGCCGAAT-1,0.066466,0.000022,0.167662,0.066719,0.699132
AGCTGTAACCTCAATC-1,0.211653,0.000075,0.787673,0.00015,0.000449
AGCTTATAGAGACCTG-1,0.095866,0.000039,0.144553,0.185178,0.574364
AGCTTCAATACTTTGA-1,0.00002,0.00002,0.012998,0.33824,0.648722
AGCTTCTTCTCGAGCA-1,0.021874,0.000021,0.031251,0.114359,0.832496
AGCTTGATCAGGGTAG-1,0.960306,0.038924,0.000086,0.000171,0.000513
AGCTTGATCTTAACTT-1,0.15987,0.000068,0.753465,0.000137,0.08646
AGGAAAGCCTCTGATG-1,0.548966,0.000033,0.13401,0.003706,0.313285
AGGAACGAACGACTTC-1,0.134347,0.000009,0.031392,0.051073,0.78318
AGGAAGCTGTCCGCCG-1,0.020545,0.000033,0.602424,0.079311,0.297687
AGGACAGTCGAATCCC-1,0.003746,0.000013,0.017089,0.712646,0.266505
AGGACATCGCACGTCG-1,0.020856,0.00004,0.285614,0.279215,0.414276
AGGACATCGGCACACT-1,0.099618,0.000024,0.332572,0.007751,0.560035
AGGACGACCCATTAGA-1,0.168575,0.004751,0.306583,0.13554,0.384552
AGGACGCTCGATGTTG-1,0.181697,0.000032,0.02367,0.208379,0.586223
AGGAGACATCCACAGT-1,0.040221,0.014771,0.104023,0.069902,0.771082
AGGAGAGTCTGGCTAC-1,0.023715,0.000011,0.133223,0.048507,0.794545
AGGAGCGTTTATTATC-1,0.097321,0.000097,0.092674,0.039949,0.769959
AGGAGGCCTTCGCGCG-1,0.016354,0.000785,0.021586,0.355181,0.606093
AGGATAAAGTCGGGAT-1,0.153666,0.000019,0.180517,0.196283,0.469515
AGGATATAGGGATTTA-1,0.000032,0.000032,0.205679,0.196556,0.597701
AGGATATCCGACTGCA-1,0.000015,0.000013,0.131347,0.13906,0.729564
AGGATCACGCGATCTG-1,0.999285,0.000071,0.000071,0.000143,0.000429
AGGCAAAGAGGAATCA-1,0.022402,0.000013,0.02361,0.586394,0.367581
AGGCACGTGACTGTCC-1,0.000029,0.000029,0.051112,0.102949,0.845882
AGGCAGATGCGTAAAC-1,0.003784,0.000019,0.03168,0.073093,0.891424
AGGCAGGGAGCGTACT-1,0.00003,0.00003,0.140964,0.204257,0.654719
AGGCATTGTCGTAGGG-1,0.000018,0.000018,0.00723,0.429245,0.563489
AGGCCACATTGGTTAC-1,0.022299,0.000014,0.224274,0.038584,0.71483
AGGCCACCCGTTATGA-1,0.518341,0.000099,0.480764,0.000199,0.000597
AGGCCCAGTGACTGGT-1,0.225019,0.047141,0.18389,0.125576,0.418375
AGGCCCATTGTACAGG-1,0.000008,0.000008,0.000008,0.931322,0.068653
AGGCCCTAGAACGCCA-1,0.121916,0.000047,0.739516,0.000095,0.138426
AGGCCTATCATACCAA-1,0.03748,0.00002,0.447362,0.067033,0.448104
AGGCCTGAGAATCTCG-1,0.000015,0.000015,0.018558,0.193223,0.78819
AGGCGATAACTGGCGT-1,0.008949,0.000008,0.049131,0.107317,0.834594
AGGCGGTTTGTCCCGC-1,0.816754,0.000094,0.182403,0.000187,0.000562
AGGCGTCTATGGACGG-1,0.003625,0.000017,0.086167,0.262371,0.64782
AGGCTATGGTTAGCTT-1,0.640841,0.000092,0.358334,0.000183,0.00055
AGGCTTAAGTTGCACA-1,0.015176,0.000032,0.186013,0.141251,0.657528
AGGCTTCCCGAAGAAG-1,0.209986,0.000045,0.411536,0.00009,0.378344
AGGCTTGCTAGACACC-1,0.575344,0.423856,0.000089,0.000178,0.000534
AGGGAAACGAGGTACT-1,0.000016,0.000016,0.003268,0.256366,0.740335
AGGGACAGCACGGCGG-1,0.003915,0.000021,0.06606,0.163714,0.766289
AGGGACCGGCTGCGTT-1,0.024606,0.00001,0.06833,0.152866,0.754188
AGGGACTCTACGCGAC-1,0.041192,0.000027,0.063419,0.084683,0.810679
AGGGAGACATACTTCG-1,0.010205,0.000689,0.000013,0.539727,0.449365
AGGGCAGCGGCGTGGT-1,0.034141,0.000012,0.005687,0.756376,0.203784
AGGGCCCTAATGTTCT-1,0.202424,0.002525,0.017255,0.000027,0.777768
AGGGCGAGCAGCTGAT-1,0.377641,0.000097,0.596788,0.000194,0.02528
AGGGCGTGATCGGCTA-1,0.000024,0.000024,0.276728,0.4592,0.264023
AGGGCTGCAGTTACAG-1,0.168788,0.000116,0.73748,0.000233,0.093383
AGGGTCAGAGCACTCG-1,0.014491,0.00005,0.309504,0.154803,0.521152
AGGGTCAGTAACCCTA-1,0.003074,0.000024,0.319245,0.096891,0.580766
AGGGTCGATGCGAACT-1,0.000312,0.041443,0.05058,0.371837,0.535829
AGGGTCTGGACGCAGT-1,0.043086,0.007155,0.103645,0.000108,0.846006
AGGGTGCCGTTCTTTA-1,0.070728,0.000056,0.902977,0.000113,0.026126
AGGGTGCTCTCGAGGG-1,0.000012,0.000012,0.000012,0.710841,0.289123
AGGGTGGATAGTGCAT-1,0.423294,0.000034,0.576403,0.000067,0.000202
AGGGTGTGCTACACGC-1,0.049259,0.00003,0.142738,0.209233,0.59874
AGGGTTCAGACGGTCC-1,0.098476,0.000031,0.391111,0.19326,0.317122
AGGGTTCCCTTTGGTT-1,0.000037,0.001436,0.569596,0.110536,0.318395
AGGGTTTAGTTCGGGA-1,0.414976,0.000145,0.479958,0.000291,0.104629
AGGTAACCTCCTATTC-1,0.048123,0.000027,0.13654,0.387141,0.42817
AGGTACGATATTGCCA-1,0.237138,0.000026,0.118276,0.158149,0.48641
AGGTAGATCGAGATAT-1,0.04995,0.000013,0.022913,0.544069,0.383056
AGGTAGGTACAAAGCT-1,0.105539,0.000035,0.364033,0.268133,0.26226
AGGTATAATTGATAGT-1,0.066776,0.000011,0.125284,0.02282,0.785109
AGGTATGCGGACATTA-1,0.01539,0.000019,0.322304,0.017209,0.645077
AGGTCAGGTGAGAGTG-1,0.416186,0.000127,0.582671,0.000254,0.000762
AGGTCGCCACTTCGGT-1,0.041656,0.000028,0.272661,0.257559,0.428096
AGGTCGCCTCCCAACA-1,0.174728,0.000013,0.002499,0.022415,0.800345
AGGTCGCGGAGTTACT-1,0.059702,0.000025,0.024814,0.40006,0.515399
AGGTGCACGTCCACAT-1,0.030465,0.000024,0.261774,0.022308,0.685429
AGGTGGTGACCTTCGC-1,0.116664,0.000032,0.108567,0.017327,0.75741
AGGTGTATCGCCATGA-1,0.019388,0.000025,0.158964,0.572908,0.248715
AGGTGTTGCCGACCAC-1,0.083693,0.000032,0.520076,0.000063,0.396136
AGGTTACACCATGCCG-1,0.000068,0.002383,0.176097,0.184653,0.636799
AGGTTCTCCTTTCCGG-1,0.810784,0.000152,0.187853,0.000303,0.000909
AGGTTGAGGCACGCTT-1,0.619403,0.000067,0.115869,0.10641,0.158251
AGGTTTCACACACCTT-1,0.123726,0.413282,0.170255,0.024425,0.268311
AGTAACGTTCATCCTG-1,0.009965,0.000022,0.089342,0.332646,0.568026
AGTAACTATAGCAGCC-1,0.089688,0.000024,0.273164,0.005643,0.63148
AGTAAGGGACAGAATC-1,0.017306,0.000055,0.014641,0.114884,0.853113
AGTAATCTAAGGGTGG-1,0.000015,0.000015,0.014934,0.32207,0.662965
AGTAATGTCTTGCCGC-1,0.01712,0.000024,0.273683,0.422655,0.286518
AGTAATTTGCAAGCGT-1,0.757187,0.14682,0.044565,0.000194,0.051234
AGTACAGAAGCTTATA-1,0.011908,0.000013,0.046971,0.114575,0.826533
AGTACATCATTTATCA-1,0.001779,0.000015,0.037171,0.392214,0.56882
AGTACCTTCGAGTGCT-1,0.000016,0.000016,0.006709,0.498826,0.494434
AGTACGGCCCGTATCG-1,0.159826,0.000044,0.839775,0.000089,0.000266
AGTACGGGCACCTGGC-1,0.19465,0.000063,0.6363,0.000126,0.168861
AGTACGTGGCCTGTCT-1,0.035542,0.008253,0.197938,0.404492,0.353775
AGTACTCTTATGCCCA-1,0.000015,0.000015,0.004588,0.504847,0.490535
AGTAGAAGGCGCCTCA-1,0.021112,0.003248,0.022468,0.220995,0.732178
AGTAGCGTGAACGAAC-1,0.041246,0.00002,0.069556,0.405066,0.484113
AGTAGCTAGACGCCGA-1,0.004257,0.000025,0.047586,0.626975,0.321157
AGTAGGAAGGAAGTTG-1,0.006515,0.000017,0.054566,0.439122,0.499779
AGTAGGTAACATACAT-1,0.000011,0.000011,0.036768,0.643076,0.320132
AGTATAATACTAGGCA-1,0.436165,0.000099,0.519856,0.000199,0.043682
AGTATACACAGCGACA-1,0.000015,0.000015,0.032477,0.705919,0.261573
AGTATCCATAATAACG-1,0.044462,0.000014,0.032898,0.678554,0.244072
AGTATGCTGGAGACCA-1,0.751634,0.000108,0.247391,0.000217,0.00065
AGTATTTGGCACGACC-1,0.000028,0.002995,0.224811,0.213331,0.558834
AGTCAAATGATGTGAT-1,0.011433,0.000031,0.270159,0.277379,0.440999
AGTCAACACCACCATC-1,0.402083,0.004822,0.201055,0.14985,0.242191
AGTCAAGATGACACTT-1,0.004149,0.000029,0.362476,0.036082,0.597264
AGTCACTAGCTCTCGA-1,0.008797,0.000019,0.03997,0.184987,0.766227
AGTCACTCCGCCTCAT-1,0.037416,0.000041,0.525741,0.242848,0.193954
AGTCAGCCACCGCCTG-1,0.053828,0.000021,0.012804,0.585387,0.347961
AGTCCAGCGGGTACGT-1,0.063818,0.000018,0.001841,0.712619,0.221703
AGTCCATTGGCTGATG-1,0.002123,0.000031,0.508388,0.023085,0.466373
AGTCCCGCCTTTAATT-1,0.050501,0.000041,0.203562,0.063599,0.682297
AGTCCCTCGCAGAAAG-1,0.000011,0.000011,0.009341,0.239059,0.751578
AGTCGACGGTCTCAAG-1,0.008065,0.000018,0.506325,0.029511,0.45608
AGTCGGCCCAAACGAC-1,0.14024,0.000039,0.488738,0.000078,0.370905
AGTCGGCTCAACTTTA-1,0.344157,0.000052,0.655379,0.000103,0.000309
AGTCGTATAAAGCAGA-1,0.031424,0.000014,0.069131,0.192039,0.707393
AGTCGTCGACCACCAA-1,0.013154,0.002363,0.279483,0.097597,0.607403
AGTCGTGGGCATTACG-1,0.327471,0.00009,0.602322,0.00018,0.069937
AGTCTAAAGTATACTC-1,0.000011,0.000011,0.000011,0.429268,0.5707
AGTCTCACAAGACTAC-1,0.187728,0.000068,0.811664,0.000135,0.000405
AGTCTGGACATCCTTG-1,0.67526,0.000045,0.324338,0.000089,0.000268
AGTCTTCTCCTCAAAT-1,0.386127,0.000053,0.247569,0.054483,0.311768
AGTCTTTAAAGTGTCC-1,0.000014,0.000014,0.020429,0.249132,0.730411
AGTGAACAAACTTCTC-1,0.001349,0.00001,0.026001,0.434197,0.538443
AGTGAAGATGGTGTCC-1,0.007064,0.000017,0.064959,0.150001,0.777959
AGTGACCTACTTTACG-1,0.408173,0.052669,0.029329,0.202256,0.307573
AGTGACTGTGACACAA-1,0.265576,0.00007,0.733793,0.00014,0.000421
AGTGAGACTTCCAGTA-1,0.008165,0.000017,0.027896,0.174791,0.78913
AGTGAGCCTCGCCGCC-1,0.021452,0.000018,0.116012,0.216271,0.646247
AGTGAGGGTTTCTGAC-1,0.009954,0.000028,0.138034,0.290671,0.561313
AGTGAGTCGAATTAAC-1,0.000213,0.00002,0.105094,0.066311,0.828363
AGTGATAACCTGCGCG-1,0.02454,0.000013,0.099701,0.195836,0.67991
AGTGATATGAGTAGTT-1,0.447625,0.062693,0.073706,0.027715,0.388262
AGTGATTCAAGCAGGA-1,0.000017,0.001561,0.174003,0.239003,0.585416
AGTGCACGCTTAAGAA-1,0.001505,0.000018,0.068569,0.153394,0.776514
AGTGCGTAGCTCGTAA-1,0.083858,0.017021,0.260887,0.040118,0.598117
AGTGCTAAACACAGCA-1,0.000013,0.000013,0.018227,0.157684,0.824062
AGTGCTTGCACGAATA-1,0.010434,0.000021,0.180731,0.191563,0.617251
AGTGGCCCGCAAATGG-1,0.000006,0.000006,0.000006,0.338624,0.661357
AGTGGCGGCAATTTGA-1,0.018181,0.00003,0.105944,0.266312,0.609534
AGTGGCGTCTGAAGGT-1,0.000008,0.000008,0.000008,0.380584,0.619391
AGTGGCTCCGTCGGCC-1,0.168681,0.000029,0.829498,0.000058,0.001735
AGTGGTGTTACCCGTG-1,0.965379,0.000069,0.034003,0.000137,0.000412
AGTGTATTGCGCATTG-1,0.031763,0.000025,0.065252,0.322862,0.580099
AGTGTGCTAAGATCGC-1,0.855273,0.051216,0.000053,0.000106,0.093352
AGTGTGGTCTATTGTG-1,0.520991,0.000071,0.478367,0.000143,0.000429
AGTTAAACACTTGCGA-1,0.165871,0.000053,0.575638,0.025735,0.232704
AGTTAAGCGGTCCCGG-1,0.158209,0.000031,0.409621,0.000063,0.432076
AGTTAAGTCAACCGCT-1,0.498829,0.000082,0.500431,0.000164,0.000493
AGTTACCCTTAAGACT-1,0.702089,0.010342,0.286005,0.000086,0.001477
AGTTACCGCACATGGT-1,0.866985,0.132634,0.000042,0.000085,0.000254
AGTTACTCTATCGTGG-1,0.007731,0.008519,0.03894,0.481585,0.463224
AGTTATTCAGACTGTG-1,0.000031,0.000031,0.10515,0.010296,0.884492
AGTTATTGAAAGGTAA-1,0.068647,0.000019,0.249055,0.174033,0.508246
AGTTCACCGGTTGGAC-1,0.993517,0.006332,0.000017,0.000034,0.000101
AGTTCCTACAGAATTA-1,0.366632,0.000059,0.632838,0.000118,0.000353
AGTTCCTATTTATGTT-1,0.111155,0.027921,0.07958,0.07464,0.706704
AGTTCTGCGTTGTATC-1,0.188791,0.000028,0.085163,0.000367,0.725651
AGTTGACATCGGCTGG-1,0.000013,0.000013,0.000013,0.902423,0.097537
AGTTGACGGTCCTTGC-1,0.000029,0.000029,0.135545,0.031736,0.83266
AGTTGCGGTCCTCAAC-1,0.788631,0.040464,0.040388,0.00019,0.130327
AGTTGCTGACTGATAT-1,0.730313,0.000078,0.268981,0.000157,0.00047
AGTTGGCAAGGCTAGA-1,0.026696,0.000015,0.020858,0.254785,0.697645
AGTTTATGTAAAGACA-1,0.058964,0.000017,0.091893,0.028977,0.820149
AGTTTCGCAGGTCGGA-1,0.132821,0.000029,0.07379,0.131869,0.661491
AGTTTGCACCTGCCTC-1,0.015831,0.000029,0.154812,0.02141,0.807919
AGTTTGGCACGGGTTG-1,0.013558,0.000418,0.006533,0.474204,0.505287
AGTTTGGCCAGACCTA-1,0.212651,0.000089,0.771887,0.000177,0.015196
ATAAACCATTGGACGG-1,0.012044,0.000024,0.180644,0.299644,0.507645
ATAAACGGACCCGTAA-1,0.000019,0.006984,0.000019,0.110513,0.882465
ATAAACGTTGCACCAC-1,0.022662,0.000018,0.375733,0.008116,0.593471
ATAAAGGCTCGGTCGT-1,0.428327,0.426094,0.048775,0.001947,0.094858
ATAAAGGTCAAGTACG-1,0.016051,0.000022,0.271414,0.205191,0.507321
ATAAATATTAGCAGCT-1,0.039498,0.000017,0.219595,0.255759,0.485132
ATAACGCCGGAGGGTC-1,0.006916,0.000012,0.022329,0.586001,0.384741
ATAACGGAGTCCAACG-1,0.445838,0.000059,0.387688,0.000118,0.166298
ATAACGTTACCTCCAC-1,0.00074,0.00002,0.254572,0.159541,0.585127
ATAAGCAAACACCGAG-1,0.025677,0.000009,0.116073,0.303217,0.555024
ATAAGGTGGAGAACAT-1,0.018652,0.000011,0.015344,0.170781,0.795213
ATAAGTACCCGATTGT-1,0.00428,0.000023,0.298298,0.180833,0.516566
ATAAGTAGGATTCAGA-1,0.000028,0.000028,0.40209,0.114121,0.483733
ATAAGTAGGGCGACTC-1,0.027126,0.000013,0.132013,0.103652,0.737197
ATAAGTTACCGCGACG-1,0.150828,0.023355,0.812957,0.000148,0.012712
ATAATACCGTTAGCCG-1,0.654987,0.029586,0.315106,0.00008,0.000241
ATAATAGCTGTTGAAT-1,0.016259,0.000035,0.31321,0.077743,0.592754
ATAATAGTGTAGGGAC-1,0.111805,0.000026,0.128716,0.412385,0.347068
ATAATCTTGGAGAACC-1,0.000016,0.000544,0.044373,0.262272,0.692795
ATAATTAGCTAAGTAG-1,0.001782,0.00003,0.752086,0.024136,0.221966
ATACAGGCCCTCCAAT-1,0.052421,0.000018,0.064454,0.233007,0.650099
ATACCACGGGCAACTT-1,0.022831,0.000009,0.000409,0.832712,0.14404
ATACCAGCAAATTGCT-1,0.038094,0.000026,0.211658,0.372741,0.37748
ATACCAGGCTAATAGA-1,0.00096,0.000012,0.120069,0.580076,0.298882
ATACCAGGTGAGCGAT-1,0.081766,0.000022,0.07161,0.355939,0.490663
ATACCCTCCCGGCCAA-1,0.647897,0.085323,0.000284,0.000568,0.265927
ATACCCTGGCTCAAAT-1,0.23365,0.000018,0.332687,0.092846,0.340798
ATACCGTCATCCATAA-1,0.009584,0.000025,0.282293,0.069457,0.638641
ATACCTAACCAAGAAA-1,0.111033,0.000021,0.009652,0.397013,0.48228
ATACGAAGGCTTTCCA-1,0.010139,0.000022,0.232865,0.044507,0.712467
ATACGACAGATGGGTA-1,0.067827,0.000038,0.457836,0.065305,0.408994
ATACGAGGTTTGTAAG-1,0.000057,0.248779,0.203718,0.179107,0.368339
ATACGCCGATCTACCG-1,0.005057,0.000021,0.096004,0.298646,0.600272
ATACGCCGGCGAAACC-1,0.015556,0.000019,0.260181,0.192799,0.531445
ATACGGAACGTCGTTT-1,0.549531,0.000082,0.449731,0.000164,0.000492
ATACGGGTTTCGATTG-1,0.151792,0.000052,0.613595,0.000156,0.234404
ATACGGTGAAGATGCA-1,0.224834,0.000022,0.728334,0.000045,0.046766
ATACGTACTTAGCCAC-1,0.010394,0.000023,0.15297,0.072316,0.764296
ATACGTCCACTCCTGT-1,0.001736,0.000026,0.392389,0.113811,0.492038
ATACGTTATGCACGGA-1,0.000026,0.000949,0.244998,0.213136,0.540891
ATACTACCCGTACCAC-1,0.000016,0.000016,0.021273,0.130756,0.847939
ATACTAGCATGACCCT-1,0.009011,0.000036,0.367467,0.194338,0.429148
ATACTCTCGCCACTCT-1,0.040927,0.00182,0.430004,0.308903,0.218347
ATACTGCCTTACACCG-1,0.000015,0.000433,0.001586,0.547298,0.450668
ATACTTGTTCTCGAGC-1,0.203029,0.000047,0.481979,0.000095,0.314849
ATAGACAACGGGACCT-1,0.066214,0.00003,0.304666,0.328217,0.300872
ATAGACGAAGAGAAAG-1,0.633623,0.328306,0.031493,0.000129,0.006449
ATAGAGTACTGGGACA-1,0.102511,0.000036,0.193617,0.011671,0.692165
ATAGAGTTATCAACTT-1,0.06542,0.000036,0.348773,0.166784,0.418986
ATAGATTTGCAGTCGG-1,0.000008,0.000008,0.000008,0.810313,0.189664
ATAGCAACTAGGGAAG-1,0.000011,0.000011,0.000011,0.327406,0.672562
ATAGCCATAACAGTCA-1,0.03491,0.000039,0.029295,0.052722,0.883034
ATAGCCTCAGTACCCA-1,0.677846,0.321213,0.000105,0.000209,0.000627
ATAGCTGCTCTTGTTA-1,0.498831,0.500612,0.000062,0.000124,0.000371
ATAGGAATCTAAGCTT-1,0.000019,0.000019,0.060955,0.406119,0.532889
ATAGGCGGCTATAGAA-1,0.015766,0.00003,0.077754,0.159358,0.747092
ATAGGCTAGCTTCGCA-1,0.144568,0.000028,0.045758,0.274355,0.535292
ATAGGGATATCCTTGA-1,0.549062,0.000029,0.392932,0.000059,0.057918
ATAGGTTGGGCAGATG-1,0.512413,0.000054,0.179397,0.075734,0.232401
ATAGTCTTTGACGTGC-1,0.000012,0.000012,0.000012,0.927926,0.072039
ATAGTGAAGCGTTCTC-1,0.787652,0.000068,0.000068,0.15345,0.058762
ATAGTTCCACCCACTC-1,0.000026,0.002721,0.103166,0.229131,0.664956
ATATAAAGCGCTCGTG-1,0.000021,0.000021,0.011389,0.44392,0.544649
ATATAAATGTAGCTGC-1,0.000029,0.000016,0.14676,0.308342,0.544853
ATATAACACGGGCGCA-1,0.000014,0.000014,0.042674,0.042212,0.915085
ATATACGCTCGTGACG-1,0.007035,0.000018,0.174567,0.032283,0.786097
ATATAGAGTATTGGTC-1,0.683224,0.00013,0.315605,0.00026,0.00078
ATATCAACCTACAGAG-1,0.006293,0.000011,0.012566,0.366821,0.614309
ATATCAATTCCAGCCT-1,0.774959,0.096203,0.00038,0.000761,0.127696
ATATCGGTAGGGAGAT-1,0.028828,0.001813,0.180734,0.072776,0.715849
ATATCGTGCCAGACCC-1,0.000012,0.000012,0.000012,0.710588,0.289376
ATATCGTTCCTCGAAC-1,0.008793,0.000026,0.098212,0.056841,0.836128
ATATCTCCCTCGTTAA-1,0.061557,0.000028,0.211744,0.040125,0.686546
ATATCTTAGGGCCTTC-1,0.563534,0.000126,0.42028,0.000253,0.015807
ATATGGGATAGCAACT-1,0.146227,0.000029,0.493271,0.005966,0.354507
ATATGTCTAGAGCGTG-1,0.041648,0.000024,0.215754,0.041308,0.701266
ATATGTCTCCCTAGCC-1,0.007995,0.000025,0.286074,0.120607,0.585298
ATATGTGCACAAACCA-1,0.031116,0.000015,0.076124,0.22773,0.665016
ATATTCAGTTAAACCT-1,0.041742,0.00002,0.16885,0.313605,0.475784
ATATTCCACATAGTGA-1,0.024666,0.000039,0.635534,0.017877,0.321883
ATATTCCCACAGGTCA-1,0.006006,0.000021,0.032019,0.71044,0.251515
ATATTGCTGTCAAAGT-1,0.029456,0.000013,0.071767,0.534363,0.364401
ATATTGGAGAGGCCTT-1,0.034183,0.000013,0.072119,0.120925,0.77276
ATATTTAACCCTCAAG-1,0.677355,0.000043,0.049935,0.000086,0.272582
ATCAAACACTGTTCCA-1,0.000029,0.000029,0.04844,0.214857,0.736644
ATCAAACGAAGGTTTG-1,0.218182,0.000109,0.47904,0.000219,0.30245
ATCAAAGAGCCGTGGT-1,0.018822,0.000018,0.101052,0.142738,0.737371
ATCAAGATCCCAGGAC-1,0.0295,0.004533,0.326281,0.187518,0.452168
ATCAATCTGGGCTGCA-1,0.437845,0.000055,0.177029,0.000109,0.384963
ATCAATGCCGTGGCTG-1,0.359208,0.000087,0.64001,0.000174,0.000522
ATCACATTAGAATATC-1,0.250016,0.000035,0.594096,0.000071,0.155782
ATCACGTGCTAATTAA-1,0.008148,0.000013,0.00949,0.600482,0.381866
ATCACTTCATCCTCGC-1,0.186793,0.000048,0.349484,0.147972,0.315702
ATCAGACGGCACGCCG-1,0.003874,0.000018,0.089141,0.470702,0.436265
ATCAGCCTCATGCTGC-1,0.000011,0.000981,0.000011,0.800332,0.198665
ATCAGCTCGTCCACTA-1,0.933274,0.000137,0.023207,0.000273,0.043109
ATCAGGTAGCTGACAG-1,0.019707,0.002032,0.000707,0.293603,0.68395
ATCAGGTCGCCATTGC-1,0.076056,0.000024,0.095286,0.072701,0.755933
ATCAGTAGGCAGGGAT-1,0.016001,0.000027,0.030835,0.534758,0.418379
ATCATAGATCGACGAG-1,0.011742,0.001877,0.111844,0.425997,0.448541
ATCATAGCCCTATGTA-1,0.035653,0.000018,0.127126,0.023633,0.81357
ATCATCCAATATTTGT-1,0.324946,0.147517,0.064511,0.083413,0.379613
ATCATCTGCCCAGTGT-1,0.048551,0.000032,0.107861,0.437219,0.406337
ATCATGGACTACCGAC-1,0.140008,0.004956,0.019917,0.050486,0.784633
ATCCAACGCAGTCATA-1,0.263587,0.000071,0.71015,0.000143,0.026049
ATCCAATGGAGGGTCC-1,0.131187,0.000052,0.868345,0.000104,0.000312
ATCCACATCGACAGAA-1,0.003284,0.00002,0.451945,0.059446,0.485305
ATCCACGCTAAATGTT-1,0.011187,0.000021,0.263424,0.274095,0.451273
ATCCACTTTCAGACTA-1,0.001847,0.000025,0.180471,0.214096,0.603561
ATCCAGAGCAACAACC-1,0.088453,0.00002,0.37283,0.001502,0.537195
ATCCAGGATTCGTGAA-1,0.274366,0.000096,0.574537,0.000193,0.150808
ATCCCATCCACAGCGC-1,0.983756,0.000065,0.000065,0.00013,0.015985
ATCCCATTTCCGTGGG-1,0.101277,0.000026,0.520718,0.010351,0.367628
ATCCTACCTAAGCTCT-1,0.410173,0.000052,0.084806,0.003681,0.501288
ATCCTGAATCGCTGCG-1,0.011053,0.000016,0.131061,0.301145,0.556724
ATCCTGCGTGGAATGG-1,0.305898,0.000098,0.321501,0.160433,0.21207
ATCCTGCTGCAGATAG-1,0.051571,0.000018,0.027148,0.608608,0.312655
ATCCTTCTGAAAGAAC-1,0.043558,0.000007,0.050284,0.062972,0.843179
ATCGACCCAATACAGA-1,0.195274,0.054648,0.035444,0.370938,0.343695
ATCGACTCTTTCCGTT-1,0.059797,0.000049,0.358347,0.352442,0.229365
ATCGCACGATTGTTCA-1,0.03219,0.000016,0.00139,0.570662,0.395742
ATCGCACGCCGGGAGA-1,0.130219,0.000052,0.662736,0.010251,0.196742
ATCGCCGTGGTTCATG-1,0.095191,0.000127,0.114389,0.000254,0.790039
ATCGCTGCGTGCAGCA-1,0.053054,0.000017,0.032389,0.28402,0.63052
ATCGCTTTACGTCTCA-1,0.000812,0.00001,0.094999,0.058414,0.845765
ATCGGAGACAGACGGC-1,0.018349,0.000022,0.090209,0.09193,0.79949
ATCGGCAAGCAGTCCA-1,0.008489,0.000016,0.044118,0.315081,0.632296
ATCGTCCAATCGAGTC-1,0.614106,0.051728,0.187039,0.000106,0.147021
ATCGTGGAAAGTCTGG-1,0.849592,0.000049,0.107209,0.000098,0.043052
ATCGTTAGCTAGCGGA-1,0.00001,0.00001,0.00001,0.305997,0.693973
ATCGTTCACTTTCGCC-1,0.000037,0.001277,0.34616,0.120591,0.531935
ATCTAATATCCTACGG-1,0.004218,0.00002,0.082665,0.255492,0.657605
ATCTACCATCTGCTCC-1,0.053316,0.000017,0.008573,0.107439,0.830655
ATCTAGCTTGTGAGGG-1,0.011687,0.000023,0.101741,0.295984,0.590564
ATCTCATAAACCTACC-1,0.079856,0.026645,0.214637,0.100445,0.578418
ATCTCCCACGGAATAT-1,0.006969,0.000012,0.029287,0.063795,0.899936
ATCTCCCTGCAATCTA-1,0.018369,0.000014,0.015019,0.584135,0.382463
ATCTCGTGAGCGAAAC-1,0.006205,0.000011,0.1428,0.080079,0.770906
ATCTGACATGGAAGGA-1,0.000016,0.000016,0.114604,0.358146,0.527218
ATCTGATAGTGTCTTA-1,0.62116,0.377722,0.000124,0.000248,0.000745
ATCTGCACCTCTGCGA-1,0.041877,0.000026,0.055122,0.318512,0.584462
ATCTGCTGTTATCGCC-1,0.016159,0.000021,0.008701,0.216194,0.758925
ATCTGGGCTGTTCTTG-1,0.000031,0.000031,0.455286,0.064207,0.480447
ATCTGGTTAAGACTGT-1,0.362876,0.000056,0.541947,0.000113,0.095007
ATCTGTAATTGTACCC-1,0.00001,0.00001,0.003069,0.783039,0.213873
ATCTTAGGGCATTAAT-1,0.790674,0.062521,0.000134,0.000268,0.146403
ATCTTATCGCACACCC-1,0.00105,0.001662,0.131107,0.073912,0.792269
ATCTTGACCTGCAACG-1,0.13233,0.000061,0.801956,0.000123,0.06553
ATCTTGACTTGTCCAA-1,0.000008,0.000008,0.000008,0.684369,0.315606
ATCTTTCGTATAACCA-1,0.003171,0.000021,0.06711,0.025115,0.904582
ATGAAGCCAAGGAGCC-1,0.078107,0.000054,0.510849,0.026199,0.384791
ATGACGCCGGCTCTAA-1,0.002998,0.000016,0.055596,0.56331,0.37808
ATGACGCGTTCTATCC-1,0.239251,0.000071,0.718623,0.000143,0.041912
ATGACTATCAGCTGTG-1,0.06743,0.000037,0.375411,0.129624,0.427499
ATGACTATGCGACATT-1,0.000023,0.001972,0.206184,0.286439,0.505382
ATGAGGAGTGTTAATC-1,0.397323,0.000114,0.601652,0.000228,0.000684
ATGAGGGCAGCGGCTA-1,0.018992,0.00001,0.150034,0.106587,0.724377
ATGATCGGGAATAGAC-1,0.016937,0.000026,0.183237,0.486829,0.31297
ATGATGCAATGGTACA-1,0.371763,0.0467,0.056352,0.106396,0.418789
ATGCACCTTCCTTAAT-1,0.862788,0.016974,0.119958,0.00007,0.00021
ATGCACGCGCTGTTCA-1,0.828409,0.00008,0.170869,0.000161,0.000482
ATGCACTACCGCATTG-1,0.224927,0.000068,0.77171,0.000136,0.003158
ATGCATGATCCAGGAT-1,0.3967,0.000051,0.461434,0.000101,0.141714
ATGCATTCCGTGATGG-1,0.033268,0.000021,0.163475,0.335908,0.467327
ATGCCAATCGCTCTGC-1,0.036927,0.000026,0.077848,0.274754,0.610446
ATGCCATTTGCGACCA-1,0.000014,0.000014,0.002357,0.649425,0.34819
ATGCCGGTCTTGCATA-1,0.138451,0.000045,0.597957,0.046344,0.217203
ATGCCGGTTGATGGGA-1,0.21695,0.000026,0.218351,0.00534,0.559332
ATGCGACAATTGGTCC-1,0.000013,0.000013,0.020233,0.277352,0.702389
ATGCGACAGTCCCATT-1,0.054904,0.000044,0.564217,0.044453,0.336382
ATGCGAGTCCCACCAC-1,0.000008,0.000008,0.000008,0.420828,0.579147
ATGCTCAGTGTTGCAT-1,0.321606,0.000095,0.498717,0.00019,0.179392
ATGCTCTGGCGCGGTA-1,0.000031,0.004763,0.243243,0.161348,0.590615
ATGCTTAGGAGTTGAT-1,0.059269,0.004028,0.124448,0.036148,0.776107
ATGGAAATTTAAGGAG-1,0.624432,0.150942,0.000073,0.171868,0.052684
ATGGAACAGAATAAAC-1,0.000008,0.000575,0.00537,0.699796,0.294251
ATGGAACCTTTGCACA-1,0.005216,0.186306,0.086367,0.059251,0.662861
ATGGACTGCTTAGTTG-1,0.032287,0.00004,0.35907,0.128264,0.480339
ATGGAGCAGGCCGTGA-1,0.178785,0.000046,0.111487,0.017363,0.692318
ATGGATCCGGCGTCCG-1,0.470735,0.000056,0.507681,0.000111,0.021417
ATGGATTGACCAAACG-1,0.682819,0.000052,0.13601,0.033894,0.147225
ATGGCAGCATTACGAT-1,0.498659,0.0001,0.500443,0.0002,0.000599
ATGGCAGCCGAGAAAC-1,0.105034,0.000021,0.476475,0.096608,0.321863
ATGGCCCGAAAGGTTA-1,0.160478,0.000017,0.089568,0.011808,0.738129
ATGGCGGAATAGTCGC-1,0.012309,0.000008,0.017165,0.263785,0.706733
ATGGCTGGAAATGGCC-1,0.119055,0.000034,0.355837,0.084323,0.440751
ATGGGAACGGAAGCGG-1,0.016374,0.000029,0.10033,0.371396,0.511871
ATGGGACCTGCTGAAC-1,0.243185,0.000065,0.756228,0.00013,0.000391
ATGGGCCTCGGCCTCT-1,0.00002,0.00002,0.056467,0.289058,0.654435
ATGGGTGTATACCTCC-1,0.85808,0.000101,0.117109,0.000202,0.024509
ATGGTATTGGGAACCG-1,0.000017,0.000017,0.0849,0.328014,0.587052
ATGGTATTTACTGATT-1,0.813896,0.030106,0.051314,0.000205,0.10448
ATGGTCGCGTGGTTTC-1,0.000129,0.000029,0.313003,0.172044,0.514795
ATGGTGCTCAAAGCCA-1,0.035821,0.000015,0.068415,0.325826,0.569923
ATGGTTACGAAACATG-1,0.008052,0.000022,0.10632,0.198724,0.686881
ATGTAAGGCTGCTCTT-1,0.017041,0.010877,0.000007,0.390727,0.581348
ATGTACATGCGGTGAG-1,0.003389,0.000025,0.228679,0.039155,0.728752
ATGTACGATGACGTCG-1,0.00001,0.00001,0.003862,0.487691,0.508428
ATGTAGCGCGCGTAGG-1,0.000026,0.000026,0.10431,0.148969,0.746669
ATGTCATAATAAACGA-1,0.005922,0.000012,0.001072,0.436932,0.55606
ATGTCATTTCCCATTG-1,0.926508,0.066839,0.000739,0.001478,0.004435
ATGTCTTGTTTGACTC-1,0.001157,0.000017,0.085393,0.49293,0.420504
ATGTGAAAGCCTAATG-1,0.318265,0.000067,0.662775,0.000134,0.018759
ATGTGCATCCGACGCA-1,0.000009,0.000009,0.002148,0.889923,0.107912
ATGTGGACATCTTGAT-1,0.00002,0.002876,0.214216,0.351502,0.431386
ATGTGTAGTTTAGTCA-1,0.010679,0.000039,0.523889,0.159978,0.305415
ATGTTACGAGCAATAC-1,0.049445,0.000021,0.216739,0.335875,0.39792
ATGTTCCTGCCCACCT-1,0.656448,0.31284,0.001178,0.000127,0.029406
ATGTTCGTCGACCCAC-1,0.313025,0.000031,0.686386,0.000061,0.000497
ATGTTGATTAGAGACT-1,0.012421,0.000028,0.16383,0.077184,0.746537
ATGTTGTAGTCTGTTT-1,0.021339,0.000022,0.001733,0.59042,0.386486
ATGTTTCGGCCCGGAG-1,0.005222,0.000007,0.011653,0.227343,0.755776
ATGTTTGTAAGATCAT-1,0.043418,0.000025,0.13187,0.301394,0.523292
ATTAAACATGCGGACC-1,0.684476,0.01027,0.001798,0.121561,0.181895
ATTAATACTACGCGGG-1,0.296231,0.000043,0.673473,0.000085,0.030168
ATTAATGAACCAGTCG-1,0.340957,0.000036,0.577899,0.000072,0.081036
ATTAATTCGGTCACTC-1,0.073078,0.000021,0.12772,0.063544,0.735637
ATTACAACTACCGGCC-1,0.005542,0.000024,0.048288,0.511861,0.434285
ATTACATGTCAGTCTT-1,0.023614,0.000051,0.20349,0.032006,0.740839
ATTACCACACTGCCTG-1,0.00134,0.000017,0.335115,0.027935,0.635593
ATTACGACTCCACAGT-1,0.024545,0.000018,0.05481,0.067985,0.852641
ATTACGCGCTGGCAGG-1,0.02663,0.000037,0.677265,0.092364,0.203704
ATTACTAGCCTCTTGC-1,0.048915,0.00003,0.110301,0.197344,0.64341
ATTACTTACTGGGCAT-1,0.000025,0.000025,0.026207,0.542525,0.431218
ATTAGATTCCTCAGCA-1,0.025911,0.000019,0.041682,0.362993,0.569395
ATTAGATTGATAGCGG-1,0.000021,0.000021,0.079333,0.500189,0.420435
ATTAGGCGATGCTTTC-1,0.000043,0.004948,0.094061,0.419874,0.481073
ATTATACTTTGCTCGT-1,0.417768,0.00005,0.472164,0.0001,0.109918
ATTATCGGAATGTACG-1,0.000031,0.001035,0.16376,0.265403,0.569771
ATTATCTCGACAGATC-1,0.000012,0.000012,0.000012,0.897258,0.102707
ATTATGAGACCCAATT-1,0.677218,0.000064,0.000064,0.121812,0.200842
ATTATGCCATAGGGAG-1,0.020386,0.000026,0.275846,0.185219,0.518523
ATTATGCTCAGTATTG-1,0.072757,0.000065,0.01356,0.352718,0.560899
ATTATTATGTCCGTCA-1,0.279162,0.000064,0.630445,0.000128,0.090201
ATTATTCAGAGTCACT-1,0.007578,0.000021,0.145603,0.024273,0.822525
ATTCAAAGTACCTGTT-1,0.402837,0.004621,0.592125,0.000104,0.000313
ATTCAACCATTTAAGG-1,0.019225,0.000023,0.23167,0.039949,0.709134
ATTCACTGATGTTGGA-1,0.007901,0.000032,0.311884,0.009881,0.670302
ATTCAGATGAATCCCT-1,0.026401,0.000018,0.026725,0.429171,0.517684
ATTCAGGACCTATTTC-1,0.000027,0.000027,0.056759,0.126435,0.816751
ATTCAGGATCGCCTCT-1,0.018065,0.000023,0.000023,0.407754,0.574136
ATTCAGTAGCAGGGTC-1,0.692007,0.046242,0.260634,0.000279,0.000838
ATTCATATACTGTCCA-1,0.076305,0.00005,0.215291,0.31079,0.397564
ATTCATCGTTGAGGCA-1,0.000026,0.000026,0.006658,0.091923,0.901368
ATTCCCACATAAACAA-1,0.723429,0.000048,0.12983,0.000096,0.146598
ATTCCTAAGACGTGGA-1,0.021409,0.000024,0.226879,0.130296,0.621392
ATTCCTCCGCCAGTGC-1,0.006952,0.000022,0.098863,0.387805,0.506358
ATTCCTTCCAGGCGGT-1,0.08407,0.000039,0.265449,0.085771,0.564671
ATTCGACGCCGGGCCT-1,0.000015,0.000499,0.016281,0.794585,0.18862
ATTCGCAGAGGACACT-1,0.017304,0.008817,0.213383,0.031966,0.728529
ATTCGCGCCTTGAGAG-1,0.009264,0.000012,0.00539,0.254991,0.730342
ATTCGTGTACCCATTC-1,0.039687,0.000035,0.006242,0.336683,0.617354
ATTCGTTTATCGTATT-1,0.021465,0.000041,0.035032,0.000281,0.943181
ATTCTCGTCTCTTTAG-1,0.000035,0.000035,0.313345,0.350339,0.336244
ATTCTGAGTATGAACT-1,0.069778,0.000038,0.475138,0.11672,0.338326
ATTCTTCGTACTTATG-1,0.00768,0.000024,0.058367,0.430876,0.503053
ATTGAAGATCTTAGTG-1,0.485726,0.016471,0.489932,0.000261,0.00761
ATTGACCGGCGATGAC-1,0.032572,0.000018,0.08614,0.271108,0.610162
ATTGACGTAACTCGGT-1,0.000029,0.000029,0.235449,0.42329,0.341204
ATTGATAGCAACGAGA-1,0.181495,0.000041,0.343934,0.001956,0.472575
ATTGATCACCACATTT-1,0.63834,0.360882,0.000086,0.000173,0.000519
ATTGATGAGTCCTAAC-1,0.02702,0.000025,0.2295,0.259418,0.484037
ATTGCCTATTAGACCG-1,0.696164,0.018327,0.284482,0.000257,0.000771
ATTGCCTTTATGTTTG-1,0.000947,0.000025,0.187445,0.155593,0.65599
ATTGCGATCAGTAACT-1,0.000791,0.000017,0.027526,0.134215,0.837451
ATTGCTGCTCCTCCAT-1,0.514796,0.071797,0.000066,0.000415,0.412926
ATTGGATTACAGCGTA-1,0.085266,0.000026,0.060624,0.052556,0.801528
ATTGGGAATATCTTGG-1,0.000026,0.000026,0.26256,0.466853,0.270536
ATTGGGAGTTCTGTAA-1,0.00003,0.00003,0.283453,0.162047,0.554439
ATTGGTTGTGCATTAC-1,0.034808,0.00003,0.223293,0.041675,0.700194
ATTGTACAACTCGGCT-1,0.018184,0.000013,0.103478,0.228443,0.649882
ATTGTCGCAATACCTT-1,0.033684,0.000041,0.34993,0.087793,0.528551
ATTGTCTGTTTCATGT-1,0.000136,0.000035,0.63178,0.057123,0.310925
ATTGTGACTTCGCTGC-1,0.005216,0.000024,0.158538,0.158808,0.677413
ATTGTTCAACGATCCG-1,0.001465,0.00001,0.134975,0.089021,0.774529
ATTTAACTCGTATTAC-1,0.000018,0.000018,0.16996,0.511213,0.31879
ATTTACAGTTTACTGG-1,0.604589,0.067159,0.134195,0.000314,0.193743
ATTTACTAAGTCCATT-1,0.020416,0.045191,0.232611,0.203134,0.498648
ATTTATACTGGTAAAG-1,0.026779,0.000023,0.211575,0.059164,0.702459
ATTTCATTATTTCGCG-1,0.000017,0.000017,0.006274,0.250107,0.743584
ATTTCCGGGTTCTGCG-1,0.990359,0.000057,0.009131,0.000113,0.00034
ATTTGCCTAGTTACGA-1,0.021268,0.000017,0.067127,0.450124,0.461464
ATTTGCGCGAGTAGCT-1,0.131103,0.000095,0.758976,0.000189,0.109637
ATTTGTCTTGGGAGCT-1,0.008598,0.000026,0.357534,0.04921,0.584632
ATTTGTTCCAGGGCTC-1,0.146762,0.000042,0.720073,0.001268,0.131855
CAAACCATAAGCGTAT-1,0.039357,0.000016,0.006303,0.093466,0.860858
CAAACCCTCCGGCGGG-1,0.000349,0.00001,0.05839,0.551958,0.389293
CAAACGAGTATCGCAG-1,0.471371,0.000099,0.201313,0.085514,0.241703
CAAACGGTCGCACTTT-1,0.591345,0.091011,0.238901,0.000221,0.078522
CAAACGTGGTCTTGCG-1,0.006953,0.000023,0.183483,0.339263,0.470277
CAAACTACGATAGAGA-1,0.032214,0.000014,0.034087,0.370835,0.56285
CAAACTATTGAGCTTC-1,0.031168,0.000014,0.064036,0.515746,0.389037
CAAAGATTATTGGGCC-1,0.812556,0.029889,0.095496,0.000127,0.061932
CAAAGGTCATCTGAAA-1,0.01773,0.000007,0.023153,0.154599,0.804511
CAAAGGTTAAATTCAG-1,0.007607,0.000008,0.015903,0.666111,0.310371
CAAAGTCAGGTTAGCT-1,0.760605,0.107677,0.083342,0.000063,0.048312
CAAATCTCTCACAAGG-1,0.327534,0.000051,0.667289,0.000101,0.005025
CAAATGCGGAGTGTTC-1,0.011665,0.000019,0.115198,0.566453,0.306666
CAAATGTCCTTCCGTG-1,0.360359,0.011697,0.332073,0.132248,0.163624
CAAATTGGATTATGCC-1,0.009223,0.000019,0.029156,0.217834,0.743769
CAAATTGTCAGCAAGC-1,0.001374,0.000014,0.185442,0.289757,0.523414
CAACAGAATAACGCTA-1,0.080469,0.000024,0.266591,0.084665,0.568252
CAACAGTGCCAAACGG-1,0.015452,0.000011,0.009348,0.715876,0.259314
CAACATGGCCTGATAA-1,0.72347,0.05648,0.006968,0.010931,0.202151
CAACCAGTGGCCTACC-1,0.096182,0.005154,0.114143,0.12074,0.663781
CAACCGCACCTAGACA-1,0.444537,0.000023,0.497066,0.000045,0.058329
CAACCTACCGAGCAGT-1,0.004252,0.000014,0.068858,0.134028,0.792847
CAACCTGAACCTGCCA-1,0.019477,0.007512,0.117732,0.074321,0.780959
CAACGACCCGTTTACA-1,0.039368,0.000024,0.385368,0.223316,0.351924
CAACGAGCTTATTATG-1,0.726964,0.272646,0.000043,0.000087,0.00026
CAACGCGATGAGCCAA-1,0.004834,0.000011,0.00649,0.7947,0.193966
CAACGGTTCTTGATAC-1,0.071068,0.000034,0.306488,0.284519,0.337891
CAACGTGGTGGAGTCT-1,0.117954,0.013467,0.000072,0.139593,0.728914
CAACTATATCGAATGC-1,0.045626,0.000026,0.283586,0.00137,0.669393
CAACTCCAACGTTTAG-1,0.078639,0.000033,0.175965,0.371827,0.373535
CAACTCCGTAACTTGC-1,0.013482,0.002179,0.380995,0.099671,0.503673
CAACTCCTTGATCCCG-1,0.063891,0.000033,0.463863,0.11354,0.358673
CAACTGAGGGTATGAC-1,0.079362,0.000019,0.112333,0.087064,0.721222
CAACTGCTCATCCGAT-1,0.027747,0.00002,0.026848,0.194558,0.750828
CAACTTGTAGTGGGCA-1,0.000022,0.000022,0.008919,0.638567,0.352468
CAAGAAACCCTAAACT-1,0.032319,0.000027,0.002347,0.46016,0.505147
CAAGACTCAGAAGCGC-1,0.013875,0.000012,0.394246,0.007085,0.584782
CAAGAGGGCGGAGTAC-1,0.044664,0.00003,0.339313,0.009528,0.606464
CAAGATATTATAACGT-1,0.000009,0.000009,0.000068,0.638412,0.361502
CAAGCAACGTCGGAGT-1,0.352265,0.633209,0.014124,0.0001,0.000301
CAAGCACCAAATGCCT-1,0.000013,0.000013,0.179076,0.390633,0.430265
CAAGCGGCACATAATT-1,0.032357,0.000022,0.453546,0.037956,0.476118
CAAGGATCGCATGTTC-1,0.071706,0.063027,0.116255,0.297538,0.451473
CAAGGCCAGTGGTGCA-1,0.000013,0.000013,0.018642,0.278638,0.702694
CAAGGGAGTGTATTTG-1,0.114882,0.000023,0.093485,0.196759,0.594852
CAAGGTCCTATAGGCT-1,0.054295,0.000009,0.055723,0.102263,0.78771
CAAGTAAGTGATAGAC-1,0.000022,0.000022,0.425865,0.113437,0.460654
CAAGTCGTTGAAATCT-1,0.052663,0.005205,0.293225,0.137827,0.511079
CAAGTGAACTTTGGTT-1,0.000012,0.000012,0.027615,0.785966,0.186396
CAAGTGTGGTTGCAAA-1,0.000013,0.001202,0.101187,0.206191,0.691407
CAATAAACCTTGGCCC-1,0.349981,0.000047,0.41313,0.000093,0.236749
CAATACGAGAGTCTGA-1,0.01658,0.000009,0.1197,0.14185,0.72186
CAATACGCTCTGAGGC-1,0.337056,0.00004,0.662582,0.000081,0.000242
CAATATGTAGATTTAC-1,0.048124,0.000024,0.090883,0.153403,0.707565
CAATATTCTTGACCTA-1,0.77725,0.070076,0.111839,0.027372,0.013464
CAATATTGGACTAGTG-1,0.129728,0.000036,0.002867,0.173687,0.693682
CAATCCATTATCCGTT-1,0.022356,0.000029,0.176304,0.359091,0.44222
CAATCCCTATACCAGC-1,0.007004,0.000019,0.082814,0.45013,0.460033
CAATCCTGCCGTGGAG-1,0.088949,0.000031,0.64052,0.001665,0.268834
CAATGACCCTTAATTT-1,0.000019,0.007922,0.060351,0.048769,0.882939
CAATGAGGTTCGACTA-1,0.04581,0.000036,0.078138,0.128241,0.747774
CAATGCGAGAAGTATC-1,0.002271,0.001573,0.099907,0.288688,0.607561
CAATGGAATCTACATA-1,0.038188,0.000033,0.145842,0.164768,0.651169
CAATGGATCTCTACCA-1,0.030254,0.000031,0.253436,0.041976,0.674304
CAATGGTCGGCCTGGG-1,0.006047,0.000026,0.111978,0.160926,0.721023
CAATTAAGGGTGATGA-1,0.560918,0.000056,0.262628,0.018604,0.157794
CAATTGGGCCGCACTC-1,0.622963,0.000716,0.370593,0.001432,0.004295
CAATTTCGTATAAGGG-1,0.190565,0.000126,0.78631,0.000252,0.022747
CAATTTGACCGGGAAG-1,0.635563,0.004977,0.118061,0.000048,0.241351
CACAAACCGCAGAACT-1,0.131437,0.000021,0.013605,0.102389,0.752547
CACAAGAAAGATATTA-1,0.000012,0.000012,0.006294,0.219979,0.773703
CACAAGCTAAGAAAGG-1,0.797919,0.000062,0.002834,0.000125,0.19906
CACAATGAGCTGCTAT-1,0.668978,0.002166,0.000042,0.173052,0.155761
CACACACGCTAACGAG-1,0.023512,0.000018,0.229608,0.08941,0.657453
CACACAGCTTGCGCTC-1,0.000011,0.000011,0.005082,0.408856,0.58604
CACACAGGGATAGATT-1,0.546792,0.135861,0.029907,0.00031,0.287129
CACACGCGCTGTCTTA-1,0.020863,0.000019,0.151168,0.156193,0.671756
CACACGTTTCAATGGG-1,0.03449,0.001068,0.058519,0.433921,0.472002
CACACTTGTATTGCGA-1,0.02826,0.000032,0.17124,0.039487,0.760982
CACAGAGACGAGGACG-1,0.572949,0.000099,0.426161,0.000198,0.000594
CACAGCACCCACGGCA-1,0.580645,0.000074,0.383082,0.000147,0.036052
CACAGCTAGGGAGTGA-1,0.004689,0.000012,0.079561,0.697693,0.218046
CACAGGGCCATATAGT-1,0.022192,0.000017,0.016709,0.109149,0.851933
CACAGGGCCGTTGTCA-1,0.055428,0.000021,0.006114,0.381456,0.556981
CACAGTCCCGCTTCGC-1,0.000051,0.000017,0.055665,0.051426,0.892841
CACAGTTCGCTTCCCA-1,0.014648,0.003277,0.277382,0.105608,0.599086
CACATAAGGCGACCGT-1,0.040153,0.000021,0.117665,0.406401,0.43576
CACATATTAGCAGGAT-1,0.049639,0.000027,0.067128,0.01139,0.871816
CACATCGTGCACGCGC-1,0.000049,0.000014,0.031767,0.688403,0.279767
CACATCTCACCGACGA-1,0.191593,0.000023,0.0403,0.023456,0.744628
CACATGATTCAGCAAC-1,0.126505,0.056708,0.363461,0.107879,0.345447
CACATGTTTGGACATG-1,0.104788,0.000026,0.102953,0.196662,0.595571
CACATTCTTTCGATGG-1,0.110989,0.000041,0.369291,0.004513,0.515166
CACCAATCATCCGTCT-1,0.584632,0.242339,0.171285,0.000436,0.001308
CACCACGCCACACAGA-1,0.488032,0.000213,0.510047,0.000427,0.001281
CACCAGTCAGCATGCA-1,0.70823,0.069892,0.220779,0.000275,0.000824
CACCATCGGAGGAGAC-1,0.000034,0.000034,0.44053,0.319207,0.240195
CACCATGATCGCAAAG-1,0.000012,0.000012,0.015868,0.486626,0.497483
CACCCAAATCTTATGT-1,0.025501,0.00001,0.035854,0.296171,0.642464
CACCCACACGTCACCC-1,0.048861,0.000042,0.584501,0.16367,0.202925
CACCCACGAGGCAATT-1,0.029244,0.000022,0.210486,0.018621,0.741627
CACCCGCGTTTGACAC-1,0.03985,0.000072,0.469597,0.000143,0.490339
CACCCGGTTTGTGACT-1,0.321397,0.201445,0.273966,0.121631,0.08156
CACCCTAACAAGATCT-1,0.000016,0.000016,0.063962,0.435939,0.500067
CACCCTTGGTGAGACC-1,0.99959,0.000041,0.000041,0.000082,0.000246
CACCCTTTCCTCGCTC-1,0.000013,0.000013,0.000013,0.929763,0.070198
CACCGATACACCGAGC-1,0.010053,0.000026,0.068242,0.149219,0.772458
CACCGATGATGGGTAC-1,0.14452,0.01411,0.097172,0.095535,0.648662
CACCGCCAGAAGGTTT-1,0.276927,0.000064,0.681472,0.000128,0.041409
CACCGCCGACCAGCGA-1,0.000008,0.000008,0.000008,0.873094,0.126882
CACCGCGTCCACTCTA-1,0.00826,0.000017,0.11145,0.265557,0.614717
CACCGGAGATATCTCC-1,0.061744,0.000018,0.0436,0.177316,0.717321
CACCGGGCATCACAAG-1,0.0146,0.021683,0.024203,0.196282,0.743232
CACCGGTAGAGACATT-1,0.721277,0.000112,0.085447,0.000223,0.192941
CACCGTATCCCATCCG-1,0.015977,0.00409,0.08345,0.181103,0.71538
CACCGTTAGGGATCAC-1,0.154181,0.154134,0.009731,0.402055,0.279898
CACCGTTGCGCGATAT-1,0.272997,0.000062,0.726443,0.000124,0.000373
CACCTAATAGAGTCGT-1,0.267595,0.000025,0.123082,0.021455,0.587843
CACCTAATCAGTTTAC-1,0.445415,0.000041,0.360105,0.000082,0.194357
CACCTCGATGGTGGAC-1,0.148493,0.000028,0.298994,0.029005,0.52348
CACCTCTACGAGTGTG-1,0.002747,0.000028,0.150216,0.260355,0.586654
CACCTTGCGAAACTCG-1,0.055755,0.000025,0.03941,0.652813,0.251997
CACCTTGGCGCCTTTG-1,0.006114,0.001318,0.011188,0.312749,0.66863
CACGAAAGTTAGTCCC-1,0.772288,0.000036,0.002279,0.077203,0.148194
CACGACCACAGACTTT-1,0.015758,0.000016,0.023454,0.595399,0.365374
CACGACGTAATAGTAA-1,0.04363,0.000022,0.122486,0.190132,0.64373
CACGACTAAAGTTCTG-1,0.002341,0.000012,0.040596,0.55159,0.40546
CACGAGCAAACCAGAC-1,0.409627,0.000043,0.58999,0.000085,0.000255
CACGATTGGTCGTTAA-1,0.004966,0.000019,0.067392,0.430912,0.496711
CACGCACAGCGCAGCT-1,0.72738,0.000058,0.122216,0.059605,0.090741
CACGCAGCGAGGCTTT-1,0.797429,0.000118,0.151411,0.000236,0.050806
CACGCGGAACTGTTGC-1,0.008864,0.000023,0.249914,0.057463,0.683736
CACGGACGTGGATGGC-1,0.021219,0.115261,0.104661,0.129314,0.629545
CACGGCGCGCCAAAGG-1,0.035641,0.000012,0.035869,0.495682,0.432796
CACGGGATTGAGGGTT-1,0.257554,0.000035,0.742134,0.000069,0.000208
CACGTCAATCAATGGA-1,0.045633,0.000023,0.354185,0.037985,0.562174
CACGTCGGCAACCTCT-1,0.019847,0.000046,0.477019,0.019472,0.483616
CACGTCTATGATGTGG-1,0.011534,0.000026,0.028155,0.281661,0.678625
CACGTTCGTGCTCTAG-1,0.000032,0.000032,0.149088,0.218314,0.632533
CACGTTTCGTACACAC-1,0.000022,0.000022,0.22871,0.12305,0.648197
CACTAAAGTTGCCTAT-1,0.579862,0.145192,0.034867,0.145606,0.094473
CACTACGGGAGCTGCC-1,0.02667,0.000017,0.057392,0.093486,0.822435
CACTACTCAGTTCTGT-1,0.000017,0.000017,0.125048,0.609026,0.265892
CACTCAAGAGCTATGG-1,0.398732,0.168247,0.028459,0.112681,0.291881
CACTCAGCTCTTGAGG-1,0.018959,0.000035,0.297915,0.166349,0.516743
CACTCCTATGTAAGAT-1,0.65475,0.00012,0.227257,0.00024,0.117632
CACTCCTCTCGGTCGG-1,0.021304,0.000017,0.002793,0.426011,0.549875
CACTCGAGCTGAACAA-1,0.002941,0.000011,0.063956,0.643054,0.290038
CACTCGGTTAGGAGGA-1,0.156977,0.000029,0.359058,0.000058,0.483878
CACTCTCAAGCATCGA-1,0.00776,0.000019,0.068136,0.192463,0.731622
CACTCTTCTGCTAGCC-1,0.071985,0.00002,0.057403,0.042043,0.828549
CACTGACGATTGTGGA-1,0.037431,0.000029,0.215779,0.230613,0.516148
CACTGTCCAAGTGAGA-1,0.030572,0.000021,0.044754,0.0023,0.922352
CACTTAATCAGACGGA-1,0.433747,0.565482,0.000086,0.000171,0.000514
CACTTCGCCACAGGCT-1,0.168099,0.000062,0.143408,0.02096,0.66747
CACTTCGTCTTATCTC-1,0.744363,0.029908,0.225247,0.00012,0.000361
CAGAACTTAGCCCTCT-1,0.000017,0.000017,0.061707,0.435372,0.502888
CAGAATAACACACGGA-1,0.003931,0.115219,0.045303,0.10307,0.732477
CAGAATATTCGTTATC-1,0.018696,0.000012,0.201023,0.049992,0.730277
CAGACACCGATCGCTG-1,0.022349,0.00003,0.610598,0.016586,0.350437
CAGACCTGTAAGTGTT-1,0.00001,0.00001,0.00001,0.717733,0.282237
CAGACGAACCTGATAC-1,0.194311,0.00006,0.750539,0.00012,0.05497
CAGAGACGGTCACCCA-1,0.001925,0.000017,0.049779,0.36537,0.58291
CAGAGCATGAGCTTGC-1,0.784874,0.000053,0.038782,0.032969,0.143321
CAGAGCGATGGATGCT-1,0.173011,0.012082,0.000109,0.000219,0.814579
CAGAGGCGATGCATGA-1,0.064595,0.000036,0.616099,0.000072,0.319198
CAGAGTGATTTAACGT-1,0.014129,0.00001,0.00001,0.60156,0.38429
CAGATAATGGGCGGGT-1,0.000006,0.000006,0.000006,0.514088,0.485894
CAGATACTAACATAGT-1,0.000008,0.000008,0.000008,0.523884,0.476092
CAGATATGAAGATGAC-1,0.825714,0.003946,0.016644,0.000102,0.153594
CAGATCATTTAAAGTC-1,0.017538,0.000024,0.203698,0.177096,0.601645
CAGATCCTGGTTTGAA-1,0.587799,0.000059,0.411666,0.000119,0.000356
CAGCAGCCCGTTCCTT-1,0.169546,0.000052,0.814344,0.000103,0.015956
CAGCAGTCCAGACTAT-1,0.013908,0.000014,0.011748,0.42455,0.54978
CAGCAGTCTGTGCTGC-1,0.000013,0.000013,0.000021,0.629644,0.370309
CAGCCCTCACAGGCAG-1,0.000014,0.000014,0.027902,0.795695,0.176376
CAGCCGGGCCCTCTAT-1,0.000008,0.000008,0.000008,0.530457,0.469517
CAGCCTCCTGCAGAGG-1,0.567496,0.000041,0.249316,0.000082,0.183065
CAGCCTCGATAGCGGT-1,0.098804,0.002545,0.105882,0.015294,0.777476
CAGCCTCTCCTCAAGA-1,0.018518,0.000038,0.325314,0.14419,0.51194
CAGCGATTCCCTTCAA-1,0.354709,0.000102,0.624215,0.000205,0.020769
CAGCTCACTGAGACAT-1,0.631459,0.000145,0.344584,0.00029,0.023522
CAGCTCGACAAGTTAA-1,0.000016,0.000016,0.013115,0.727741,0.25911
CAGCTCGTGCTTGTGT-1,0.000052,0.000052,0.35971,0.191847,0.448339
CAGCTCTGGGCTCACT-1,0.007568,0.000018,0.023766,0.680778,0.28787
CAGCTGGCGTAACCGT-1,0.25412,0.000069,0.745256,0.000139,0.000416
CAGCTTAGTAGGTAGC-1,0.804245,0.000093,0.000093,0.087168,0.108402
CAGGAAGACTTTATAT-1,0.000014,0.000475,0.003243,0.644451,0.351816
CAGGACAGCTGCCCTT-1,0.033549,0.000008,0.220837,0.033492,0.712114
CAGGATATATCGTTGT-1,0.000044,0.868122,0.000044,0.131524,0.000266
CAGGATCCGCCCGACC-1,0.247801,0.00002,0.04244,0.368405,0.341334
CAGGCAGTCTTACCAG-1,0.04367,0.00002,0.023367,0.087833,0.84511
CAGGCCAGTACCACCT-1,0.918463,0.000059,0.081005,0.000118,0.000354
CAGGCCGTTTGGGTGT-1,0.083852,0.000076,0.475815,0.043881,0.396376
CAGGCGCACGGTGGTC-1,0.717306,0.010162,0.238988,0.000276,0.033269
CAGGCGCCATGCTAGG-1,0.003954,0.000016,0.070062,0.353504,0.572464
CAGGGAGATAGGCCAG-1,0.818354,0.000099,0.003089,0.013707,0.16475
CAGGGCTAACGAAACC-1,0.773809,0.070777,0.000055,0.119152,0.036207
CAGGTTTAGTACTACA-1,0.009315,0.001244,0.114183,0.042386,0.832872
CAGTAACTATTTATTG-1,0.01805,0.000044,0.137313,0.16478,0.679814
CAGTAATCCCTCCCAG-1,0.394733,0.000086,0.604493,0.000172,0.000516
CAGTACATTCTCTAAA-1,0.040784,0.000032,0.245151,0.235105,0.478928
CAGTACCAGTTTACGT-1,0.858137,0.000091,0.085613,0.000182,0.055977
CAGTAGCCCACGCGGT-1,0.033403,0.000035,0.232335,0.166986,0.567241
CAGTAGCGAGGTAGTA-1,0.001035,0.00123,0.008605,0.647941,0.34119
CAGTCCAACGCCTTCT-1,0.042421,0.000033,0.26825,0.109422,0.579875
CAGTCGAGGATGCAAT-1,0.022815,0.003651,0.017789,0.682908,0.272837
CAGTCTCTCGGCTAAT-1,0.070848,0.000033,0.226503,0.342993,0.359624
CAGTCTGTATACTGGG-1,0.028533,0.159308,0.004941,0.516935,0.290283
CAGTGAATAAATGACT-1,0.070539,0.000022,0.015447,0.16938,0.744611
CAGTGGTTGCACATGA-1,0.716417,0.000038,0.100231,0.000075,0.183239
CAGTGTCCGCAGAATG-1,0.000019,0.000019,0.029881,0.538591,0.431489
CAGTGTCGGCTGGCCC-1,0.012139,0.000025,0.024286,0.212592,0.750957
CAGTGTTAATCTCTCA-1,0.628955,0.272249,0.097804,0.000248,0.000744
CAGTTCAAATTGACAC-1,0.361289,0.000048,0.638283,0.000095,0.000285
CAGTTCCGCGGGTCGA-1,0.556246,0.070502,0.372827,0.000106,0.000319
CAGTTCGAGGACCCGA-1,0.020561,0.000027,0.465318,0.152488,0.361605
CATAACGGACAGTCGT-1,0.046799,0.002409,0.055141,0.204734,0.690917
CATAAGAAGCTTGGCT-1,0.020121,0.000031,0.359177,0.104655,0.516016
CATAAGCTCTCCGTCT-1,0.619316,0.000051,0.362095,0.000103,0.018435
CATAATGAGCGGGCGA-1,0.000021,0.000021,0.208424,0.325965,0.465569
CATACAAAGCCGAACC-1,0.000016,0.000016,0.002322,0.86509,0.132557
CATACACGGTTCCCAC-1,0.027764,0.000028,0.132819,0.03852,0.800869
CATACCCGTACCCAGT-1,0.060521,0.000037,0.098379,0.414026,0.427036
CATACGAACTAGCTGG-1,0.12448,0.000063,0.874949,0.000127,0.00038
CATACGGCGTCTGGGC-1,0.19803,0.031257,0.154987,0.001865,0.613862
CATACGGGTGCATGAT-1,0.105368,0.000017,0.172698,0.450442,0.271475
CATACTATGTAATTGT-1,0.438286,0.2945,0.134235,0.000244,0.132736
CATACTTAGGCAATAC-1,0.00003,0.00003,0.087255,0.159623,0.753062
CATACTTCTTTCTCCG-1,0.000026,0.000026,0.267275,0.10953,0.623143
CATAGAGGAGATACTA-1,0.000009,0.000009,0.000009,0.375171,0.624803
CATAGCCGCCCGGGAT-1,0.728602,0.020935,0.206747,0.000171,0.043546
CATAGCGTTGCCCACC-1,0.569387,0.056595,0.33067,0.011177,0.032171
CATAGGGACACTTGTG-1,0.428052,0.000036,0.304576,0.000072,0.267265
CATAGTACATTGAGAG-1,0.063501,0.000028,0.403127,0.081478,0.451865
CATAGTAGCATAGTAG-1,0.00003,0.00003,0.093376,0.089742,0.816821
CATAGTCAAATACATA-1,0.039487,0.001324,0.133822,0.055874,0.769492
CATAGTCCACAAGAAC-1,0.041185,0.000038,0.768397,0.003058,0.187322
CATATACTACTGATAA-1,0.011949,0.000033,0.189166,0.308479,0.490373
CATATAGGTACAGTCA-1,0.381604,0.193301,0.055112,0.046457,0.323526
CATATGTCAGGCTACG-1,0.430141,0.000093,0.569019,0.000186,0.00056
CATATTATTTGCCCTA-1,0.073024,0.000054,0.055196,0.576948,0.294778
CATCAAACTGGCGCCC-1,0.01666,0.002202,0.112638,0.167461,0.701038
CATCAACACCTACTAA-1,0.882529,0.116636,0.000093,0.000186,0.000557
CATCATCTACCCGGAC-1,0.000018,0.000018,0.132396,0.251173,0.616395
CATCATTACCCTGAGG-1,0.054133,0.000021,0.174397,0.132576,0.638872
CATCCAATATAGTTTG-1,0.674417,0.000117,0.289674,0.000234,0.035558
CATCCCGAGATTCATA-1,0.03809,0.013601,0.056862,0.03969,0.851756
CATCCGCAGGCCCGAA-1,0.63365,0.022754,0.343222,0.000094,0.000281
CATCCTCTCAAAGATC-1,0.003731,0.000019,0.211831,0.145765,0.638653
CATCGAATGGATCTCT-1,0.058105,0.000022,0.192019,0.43087,0.318984
CATCGCCCGCGGCCAA-1,0.015591,0.000017,0.076726,0.16194,0.745726
CATCGGACGGGTTAAT-1,0.323771,0.409123,0.111465,0.107762,0.047879
CATCGTCCGGTTACTA-1,0.805554,0.193992,0.00005,0.000101,0.000303
CATCTACCCGAGAACG-1,0.024869,0.000023,0.286154,0.02141,0.667545
CATCTAGTGAAGGGAA-1,0.051091,0.000012,0.47448,0.005177,0.46924
CATCTATCCCGTGTCT-1,0.000013,0.000013,0.000013,0.703228,0.296733
CATCTGCAGGATCATT-1,0.4075,0.444692,0.131008,0.00019,0.01661
CATCTTACACCACCTC-1,0.014055,0.000024,0.198626,0.106839,0.680456
CATGAACCGACATTTG-1,0.000018,0.000018,0.108195,0.642529,0.249241
CATGAACCTCTTATCA-1,0.026758,0.057988,0.081523,0.398335,0.435396
CATGACTTCGCTGAAT-1,0.01108,0.00003,0.094466,0.093464,0.80096
CATGAGATGCACTCTC-1,0.008781,0.000016,0.046019,0.317806,0.627378
CATGAGTCCATCACGG-1,0.004192,0.000035,0.222836,0.491289,0.281648
CATGATACGGTGAAAC-1,0.028755,0.000015,0.029489,0.177017,0.764724
CATGATCGCTTTGAGA-1,0.065572,0.000049,0.176875,0.000098,0.757405
CATGATGCACAATTCT-1,0.289824,0.000037,0.64369,0.000074,0.066374
CATGATGGAAGTTAGC-1,0.012273,0.000032,0.088932,0.097297,0.801467
CATGCACATGAGAGGC-1,0.707291,0.000101,0.274276,0.000202,0.018129
CATGCACGTGTTACTG-1,0.000028,0.000028,0.071858,0.480305,0.447781
CATGCATGGAGACCCT-1,0.02407,0.00076,0.140389,0.431502,0.403278
CATGCCAACTCGCAAA-1,0.307008,0.000048,0.692563,0.000095,0.000286
CATGCGACCAGTTTAA-1,0.100171,0.000026,0.272486,0.026425,0.600892
CATGCGTTAGACAGAA-1,0.00409,0.000028,0.430922,0.16852,0.396439
CATGCGTTGAGAGGAG-1,0.000016,0.000016,0.130201,0.410064,0.459704
CATGCTGGCTCCAATT-1,0.000027,0.000027,0.284583,0.318466,0.396896
CATGGAAATGGGACCA-1,0.001522,0.001384,0.00001,0.748545,0.24854
CATGGATTGTCTTCCG-1,0.009132,0.000018,0.022061,0.116845,0.851943
CATGGCAGGAAGATCG-1,0.041862,0.00002,0.064352,0.365883,0.527883
CATGGGTATGCCTTAT-1,0.038525,0.000024,0.207692,0.097151,0.656608
CATGGGTCGGGTGTGG-1,0.035736,0.000035,0.182372,0.25464,0.527217
CATGGTAAGTAGCGTT-1,0.00432,0.000031,0.237147,0.158779,0.599723
CATGGTATTAGTTTGT-1,0.999797,0.00002,0.00002,0.000041,0.000122
CATGGTCTAGATACCG-1,0.467561,0.000051,0.312889,0.078045,0.141454
CATGGTTTATTAATCA-1,0.022605,0.000027,0.367074,0.01583,0.594464
CATGTAAGAGACATTT-1,0.000013,0.000013,0.025816,0.507584,0.466574
CATGTAGGAGCGCCAA-1,0.009409,0.000035,0.196254,0.309569,0.484733
CATGTCTCATTTATGG-1,0.000025,0.000025,0.180022,0.239267,0.580661
CATGTGGGCTCATCAC-1,0.059976,0.000025,0.073134,0.077432,0.789433
CATTACATAGATTGTG-1,0.000025,0.000025,0.121484,0.211423,0.667043
CATTACGCAGGAAGGG-1,0.008633,0.000016,0.027337,0.208104,0.75591
CATTACGTCGGCCCGT-1,0.007876,0.01694,0.278511,0.307024,0.389648
CATTATAACAGGGTCC-1,0.008814,0.000011,0.044851,0.609062,0.337262
CATTATCCCATTAACG-1,0.04221,0.000027,0.231036,0.375564,0.351163
CATTATGCTTGTTGTG-1,0.091573,0.000064,0.656738,0.000128,0.251496
CATTCACTGACAGCTA-1,0.003445,0.000008,0.000008,0.950828,0.04571
CATTCAGGTCAGTGCG-1,0.00827,0.000013,0.098021,0.639359,0.254337
CATTCCCTAAGTACAA-1,0.221662,0.003946,0.003389,0.033619,0.737384
CATTCGTCGTAGCGGT-1,0.351446,0.000026,0.000321,0.02936,0.618847
CATTGATGAACACGCC-1,0.037241,0.000021,0.230371,0.106828,0.625539
CATTGCAAAGCATAAT-1,0.000029,0.000007,0.000007,0.681347,0.31861
CATTGCGAAATGGGCG-1,0.157249,0.000037,0.837167,0.000073,0.005474
CATTGCGGGTCAATTC-1,0.042656,0.00002,0.054013,0.295234,0.608076
CATTGTGTGCTAGATC-1,0.615645,0.000084,0.364368,0.000167,0.019737
CATTTAGCGGACCATG-1,0.024435,0.000022,0.097584,0.543336,0.334623
CATTTATCGTTCAAGA-1,0.019253,0.000027,0.277824,0.301505,0.401391
CATTTCTAGCAGACTA-1,0.271166,0.00004,0.249952,0.180076,0.298765
CATTTGAGTGGTACGT-1,0.238297,0.000061,0.761154,0.000122,0.000366
CCAAACAGAACCCTCG-1,0.087213,0.00002,0.395511,0.001932,0.515323
CCAAAGCAGTTGGTTG-1,0.856386,0.042483,0.059886,0.000064,0.041181
CCAAAGTCCCGCTAAC-1,0.019826,0.000017,0.145522,0.492147,0.342487
CCAAATAACAAGATTC-1,0.022449,0.000979,0.031744,0.100011,0.844817
CCAAATCAAAGGGCAA-1,0.363405,0.000078,0.635889,0.000157,0.000471
CCAACCTTATGTAACT-1,0.04648,0.000028,0.394418,0.063194,0.49588
CCAACGATGCACTGAT-1,0.83276,0.011308,0.022333,0.000178,0.133421
CCAACGCTTGCCAGGG-1,0.001083,0.000017,0.029818,0.456119,0.512963
CCAACTTGATAGATCC-1,0.033703,0.000012,0.203045,0.006483,0.756756
CCAAGAAAGTGGGCGA-1,0.094473,0.000019,0.338256,0.019436,0.547816
CCAAGACTTCTGCGAA-1,0.013891,0.00002,0.21597,0.259274,0.510846
CCAAGCGTAACTCGTA-1,0.232811,0.000042,0.340515,0.000085,0.426547
CCAAGCTTGATCTCCT-1,0.165431,0.000024,0.25283,0.011378,0.570337
CCAAGGAACAGAGAGG-1,0.000012,0.000012,0.001343,0.827068,0.171565
CCAAGGTTGCCCTTTC-1,0.000011,0.000011,0.000011,0.522374,0.477593
CCAAGTTTCTACAGAT-1,0.909396,0.030446,0.000036,0.000073,0.060048
CCAATAGTGCCGTCGA-1,0.526472,0.058447,0.004477,0.269226,0.141378
CCAATCGGTAGATCGA-1,0.023663,0.000016,0.001583,0.345889,0.628849
CCAATGTCACAGCAAG-1,0.497851,0.154274,0.109036,0.000213,0.238626
CCAATTACGGGTCGAG-1,0.07678,0.00004,0.216408,0.022637,0.684136
CCAATTGAATGTTAAT-1,0.049696,0.000041,0.561037,0.170531,0.218695
CCACAATGTACGTCTT-1,0.00002,0.00002,0.120083,0.38845,0.491427
CCACACTGAGATATTA-1,0.562834,0.062991,0.136595,0.081099,0.15648
CCACAGCTGAAATCAT-1,0.025458,0.00001,0.022835,0.732108,0.219589
CCACAGTACCCATCCT-1,0.006054,0.000013,0.002729,0.405606,0.585599
CCACATACTGCACCCA-1,0.002147,0.000015,0.009683,0.18694,0.801215
CCACATGGCTCTTTAT-1,0.900479,0.097907,0.000179,0.000359,0.001076
CCACCAACTTTACTGT-1,0.425072,0.123259,0.084964,0.217303,0.149402
CCACCCAAGGAAAGTG-1,0.01375,0.000015,0.171624,0.292703,0.521908
CCACCTGTATGGAATA-1,0.093281,0.000012,0.002589,0.115277,0.788841
CCACGAGAAGAGAATC-1,0.145165,0.000036,0.541164,0.003077,0.310558
CCACGGAGCCATAAGA-1,0.378151,0.000102,0.572914,0.000203,0.048631
CCACGGCAGGTGTAGG-1,0.000016,0.002392,0.164535,0.466648,0.366409
CCACGGTGCCCGGTAG-1,0.020195,0.000017,0.222311,0.061067,0.69641
CCACGTAAATTAGACT-1,0.010667,0.023719,0.06559,0.126343,0.773681
CCACTAAACTGAATCG-1,0.091144,0.000013,0.067627,0.506978,0.334238
CCACTATCCGGGTCAC-1,0.005111,0.000013,0.00044,0.18673,0.807706
CCACTCAGATCCGCAA-1,0.000014,0.000014,0.013409,0.152982,0.833581
CCACTGGTGGCTGGTT-1,0.044563,0.00005,0.584142,0.138126,0.233119
CCACTGTTTGGATTAA-1,0.043807,0.000018,0.075531,0.108005,0.772638
CCACTTTCCTTCTAGG-1,0.106302,0.000052,0.133528,0.063883,0.696236
CCAGAAACTGATGCGA-1,0.012325,0.221712,0.002777,0.045028,0.718158
CCAGAAAGCAACTCAT-1,0.166684,0.014546,0.175454,0.312172,0.331144
CCAGAGACAAAGCCGG-1,0.65015,0.204827,0.074894,0.000173,0.069956
CCAGATAGTTGAGTGA-1,0.030892,0.000041,0.345201,0.054143,0.569723
CCAGATGTAAATGGGT-1,0.020316,0.000021,0.249638,0.080776,0.649249
CCAGCCTGGACCAATA-1,0.075315,0.00323,0.013271,0.016455,0.891729
CCAGCGGGATCACCAG-1,0.025042,0.001101,0.349388,0.020726,0.603743
CCAGCTACGCCTCATA-1,0.000294,0.000018,0.051231,0.3887,0.559758
CCAGCTCGAACGCATT-1,0.000023,0.000023,0.439414,0.085886,0.474654
CCAGCTGATGGTACTT-1,0.108119,0.000048,0.084612,0.417989,0.389232
CCAGCTTCCGCCCGCA-1,0.823429,0.000052,0.066709,0.000105,0.109705
CCAGGCGAGATGGTCT-1,0.73166,0.000119,0.211647,0.027924,0.02865
CCAGGCTGGCGTCTGA-1,0.040719,0.003659,0.031954,0.210772,0.712896
CCAGGGACGTGGCCTC-1,0.12868,0.000068,0.657058,0.000137,0.214056
CCAGTAGTCTGATCCA-1,0.000049,0.000049,0.216647,0.434673,0.348581
CCAGTCAAATCTCTTA-1,0.450293,0.000174,0.548146,0.000347,0.001041
CCAGTCCATTATTCGA-1,0.086045,0.000038,0.355504,0.067725,0.490687
CCAGTCTAGACGGCGC-1,0.014697,0.000026,0.03625,0.583251,0.365776
CCAGTCTTGTCATAGA-1,0.000017,0.000017,0.072696,0.497291,0.429979
CCAGTGAGCTCCTTGT-1,0.159479,0.000023,0.199527,0.084655,0.556317
CCAGTGTACAGACCGA-1,0.961798,0.00004,0.00292,0.00008,0.035163
CCAGTTCGGTAACTCA-1,0.01966,0.000015,0.033702,0.179265,0.767357
CCATAAACAACCCGAC-1,0.014999,0.000009,0.082827,0.435121,0.467044
CCATAACCTGTGCAGT-1,0.534554,0.181377,0.282059,0.000502,0.001507
CCATACCTTTACTTGT-1,0.000009,0.000009,0.000009,0.931949,0.068025
CCATAGAGGCTGCCAG-1,0.85889,0.140343,0.000085,0.000171,0.000512
CCATAGGTTGGCGTGG-1,0.001798,0.000022,0.019001,0.141004,0.838175
CCATAGTCAGTAACCC-1,0.540031,0.000054,0.454083,0.000108,0.005724
CCATATGGAAACTATA-1,0.001488,0.00115,0.005648,0.186781,0.804934
CCATATTGGATCATGA-1,0.849718,0.000023,0.133743,0.000046,0.016471
CCATCATAAGAACAGG-1,0.011939,0.000357,0.019166,0.479301,0.489237
CCATCCATACCAAGTC-1,0.023562,0.000019,0.120545,0.538806,0.317068
CCATCGCAGTTAAACT-1,0.008397,0.000026,0.279672,0.125193,0.586712
CCATCTCACCAGTGAA-1,0.000019,0.001679,0.104851,0.16075,0.7327
CCATCTTGTTCACAAT-1,0.000013,0.000013,0.019122,0.810011,0.17084
CCATGCCCTAGATTTC-1,0.008221,0.000026,0.278747,0.042647,0.670359
CCATGCCTGTTTAGTA-1,0.811087,0.000062,0.000062,0.000123,0.188667
CCATGCTCTGCAGGAA-1,0.020735,0.000021,0.111653,0.323471,0.54412
CCATGGCAAACGCTCA-1,0.021489,0.000024,0.226886,0.357694,0.393906
CCATGGCCCTTGTACC-1,0.894743,0.007773,0.000051,0.077328,0.020105
CCATGTTCATCTATAT-1,0.150078,0.000068,0.847948,0.000136,0.00177
CCATTAGCGATAATCC-1,0.703857,0.217063,0.000125,0.078206,0.000748
CCATTCCCTGCCCACA-1,0.452909,0.546196,0.000099,0.000199,0.000596
CCATTGTTTCCTCCAT-1,0.016075,0.000024,0.243946,0.020298,0.719656
CCATTTCTACCTATTA-1,0.167948,0.000028,0.185152,0.034878,0.611993
CCCAAACATGCTGCTC-1,0.005451,0.000025,0.423146,0.118108,0.45327
CCCAACATACGTCGCG-1,0.000021,0.002023,0.271158,0.184316,0.542482
CCCAACCACACTAACA-1,0.000008,0.000008,0.002394,0.771909,0.225681
CCCAAGAATGCACGGT-1,0.087924,0.000017,0.243422,0.015091,0.653546
CCCAAGACAGAGTATG-1,0.000021,0.000021,0.314426,0.310515,0.375018
CCCAAGTCATTACACT-1,0.025993,0.000022,0.229869,0.029328,0.714787
CCCAATGAGATTTGCA-1,0.074149,0.000042,0.270414,0.142192,0.513204
CCCAATTTCACAACTT-1,0.000018,0.000704,0.095038,0.669072,0.235168
CCCAGAGGAGGGCGTA-1,0.00058,0.000018,0.033899,0.607703,0.3578
CCCAGATTCCCGTGAC-1,0.000064,0.000925,0.184796,0.53673,0.277485
CCCAGGAAGAATTCGA-1,0.107789,0.000015,0.044106,0.086597,0.761492
CCCAGGTCTGAAGGCT-1,0.047108,0.005848,0.014628,0.048922,0.883494
CCCAGTAAACTTGGGA-1,0.999682,0.000032,0.000032,0.000064,0.000191
CCCAGTTAAGGCGCCG-1,0.000026,0.000961,0.386026,0.163055,0.449932
CCCATATAGGTCGATT-1,0.007911,0.000031,0.167551,0.057353,0.767153
CCCATTATTGTATCCT-1,0.123586,0.000035,0.137405,0.000071,0.738903
CCCGAAGTTTCGCGAA-1,0.695155,0.000068,0.304235,0.000136,0.000407
CCCGACCATAGTCCGC-1,0.55001,0.000043,0.37523,0.000086,0.074632
CCCGATAGCCTCGCCT-1,0.004431,0.000007,0.026804,0.131085,0.837672
CCCGCAAATAATCATC-1,0.049578,0.00002,0.11959,0.255432,0.57538
CCCGCAGCGCGAACTA-1,0.000009,0.000009,0.027696,0.681935,0.290351
CCCGCAGGGCCCAAAG-1,0.084041,0.000013,0.071596,0.136371,0.707979
CCCGCCATGCTCCCGT-1,0.00004,0.00004,0.321487,0.179778,0.498655
CCCGCGCAATGCACCC-1,0.356931,0.000021,0.199154,0.000044,0.44385
CCCGCTAGAGGGTTAA-1,0.04241,0.000028,0.157772,0.243274,0.556516
CCCGCTTGCCCTCGTC-1,0.007524,0.000016,0.013898,0.748636,0.229926
CCCGGCACGTGTCAGG-1,0.000018,0.000018,0.000018,0.250257,0.74969
CCCGGGTCGTTCAGGG-1,0.000039,0.000039,0.469589,0.0298,0.500533
CCCGGTGGAAGAACCT-1,0.67588,0.237386,0.044965,0.000233,0.041535
CCCGGTGTATCGGAAT-1,0.608648,0.000081,0.390626,0.000161,0.000484
CCCGTAAGTCTAGGCC-1,0.121249,0.000047,0.494829,0.051799,0.332075
CCCGTAGCTGGGAAGA-1,0.328207,0.000085,0.671032,0.000169,0.000507
CCCGTCAGCGTCTGAC-1,0.025007,0.000039,0.482401,0.126559,0.365994
CCCGTGACAGTGCCTT-1,0.001389,0.000018,0.002929,0.200352,0.795312
CCCGTGGGTTAATTGA-1,0.697414,0.143186,0.000098,0.000196,0.159106
CCCGTTTCGCAGATGT-1,0.004712,0.000032,0.369099,0.018109,0.608048
CCCTACCCACACCCAG-1,0.000008,0.000644,0.000008,0.368398,0.630941
CCCTACTTGAACAATG-1,0.03236,0.000015,0.124348,0.081497,0.76178
CCCTAGCTCTAAGGTC-1,0.000021,0.000021,0.136838,0.106776,0.756344
CCCTAGTGTCAGGTGT-1,0.186996,0.000042,0.251408,0.000085,0.561469
CCCTATGTAGAGCAGA-1,0.828612,0.000064,0.170805,0.000133,0.000386
CCCTCAAGCTCTTAGT-1,0.822715,0.015294,0.000493,0.000947,0.160551
CCCTCAGATCGAGAAC-1,0.206128,0.000059,0.793345,0.000117,0.000351
CCCTCATCACAGAGTA-1,0.096068,0.000051,0.244579,0.136891,0.522411
CCCTCATTCTGGAATT-1,0.053353,0.000046,0.726804,0.046541,0.173257
CCCTCCTCGCTCGTAT-1,0.066782,0.000032,0.315976,0.019236,0.597974
CCCTCGATAATACACA-1,0.029024,0.003513,0.216148,0.021165,0.73015
CCCTCGGGAGCCTTGT-1,0.000015,0.000015,0.000015,0.868195,0.131761
CCCTGAAATGAGTTGA-1,0.632532,0.270606,0.096285,0.000144,0.000432
CCCTGACTAACAAATT-1,0.17341,0.000022,0.826388,0.000045,0.000134
CCCTGATGTAACTCGT-1,0.657022,0.057422,0.285022,0.000134,0.000401
CCCTGCCCAATCCGCT-1,0.150534,0.000064,0.848891,0.000128,0.000383
CCCTGCGCTACGCATA-1,0.067948,0.002901,0.117158,0.436839,0.375153
CCCTGGCTGTTCCTTC-1,0.727686,0.000204,0.250929,0.000408,0.020774
CCCTGGGAGGGATCCT-1,0.00494,0.000013,0.025213,0.099585,0.870249
CCCTGGTATGGGCGGC-1,0.000064,0.000017,0.110848,0.493973,0.395098
CCCTGTTGGCAAAGAC-1,0.747169,0.023814,0.111033,0.023788,0.094197
CCCTTCTCGTACGCGA-1,0.032897,0.000028,0.2867,0.35387,0.326505
CCCTTTAATGGAGTTC-1,0.000016,0.000016,0.006595,0.079633,0.913741
CCCTTTGACAGGTCTT-1,0.000013,0.001244,0.006513,0.659133,0.333097
CCGAAAGTGGTGAGCA-1,0.457684,0.000028,0.187289,0.06283,0.292169
CCGAACACTGGGCCTC-1,0.494007,0.000056,0.505489,0.000112,0.000336
CCGAACCTTCCCGGCC-1,0.041081,0.000016,0.110184,0.121705,0.727014
CCGAAGCATTGACCAA-1,0.841463,0.075777,0.000076,0.000152,0.082532
CCGAAGGGCGTACCGC-1,0.056062,0.000017,0.081287,0.047327,0.815306
CCGAAGTATATTGTTC-1,0.236914,0.018462,0.479106,0.026279,0.239239
CCGACAAACACATGAG-1,0.811873,0.00007,0.00007,0.013667,0.174319
CCGACAAAGGGAGTGC-1,0.50496,0.021439,0.058211,0.197676,0.217714
CCGACAATAGGCCGCC-1,0.073788,0.000011,0.009148,0.019411,0.897641
CCGACGGGCATGAGGT-1,0.343146,0.014575,0.54713,0.000173,0.094977
CCGACGTAAACACAAC-1,0.012189,0.00001,0.00001,0.432089,0.555702
CCGACTCGCATAGTCT-1,0.000019,0.000518,0.000019,0.719478,0.279967
CCGAGCTGTGCTTGTC-1,0.028468,0.000017,0.018098,0.435439,0.517978
CCGAGGGATGTTAGGC-1,0.000892,0.000025,0.077313,0.520968,0.400802
CCGATATGACGTAAGG-1,0.040939,0.000015,0.067248,0.020105,0.871693
CCGATCTCAACCTTAT-1,0.037159,0.000026,0.11271,0.24195,0.608154
CCGATCTTAAGAGGCT-1,0.0438,0.000031,0.402294,0.025591,0.528284
CCGATTCGAGGGACCC-1,0.000016,0.000016,0.007616,0.734314,0.258037
CCGATTGGTCAATGAA-1,0.033826,0.000029,0.275513,0.163151,0.52748
CCGCACAAAGACCAAC-1,0.000014,0.000013,0.102944,0.39798,0.499049
CCGCACACGAACGTGT-1,0.081584,0.000015,0.306789,0.000484,0.611128
CCGCACGTGACCTCGG-1,0.748853,0.030949,0.000064,0.000128,0.220007
CCGCACTTGCAATGAC-1,0.044521,0.000023,0.175994,0.065755,0.713706
CCGCATGTGGTACGAT-1,0.004132,0.000023,0.476182,0.079001,0.440663
CCGCCACCACAATCCA-1,0.085851,0.000018,0.106789,0.271617,0.535725
CCGCCGGAACTTCTCG-1,0.999698,0.00003,0.00003,0.00006,0.000181
CCGCCGGTCAACACAC-1,0.004254,0.000017,0.116248,0.552372,0.327109
CCGCCGTTGAGGATAA-1,0.037969,0.000023,0.089353,0.043064,0.829591
CCGCCTGCGAATTGGT-1,0.051484,0.000077,0.077348,0.351137,0.519953
CCGCCTTGCGATGTCG-1,0.353909,0.000358,0.64287,0.000716,0.002148
CCGCGATTTGGTAGGT-1,0.335582,0.000095,0.663561,0.00019,0.000571
CCGCGGAATGCGTCAC-1,0.416047,0.009739,0.3797,0.083938,0.110576
CCGCGGGTACGAAGAA-1,0.802254,0.01414,0.000069,0.159204,0.024334
CCGCGTAGGTAAGGGC-1,0.999522,0.000048,0.000048,0.000096,0.000287
CCGCTATCAGCACCAG-1,0.103772,0.030518,0.011565,0.121464,0.732681
CCGCTCCAGGGCGATC-1,0.046908,0.000022,0.307885,0.035814,0.609371
CCGCTCCGGATAAGCT-1,0.773218,0.054071,0.000119,0.069285,0.103307
CCGCTCTTCCGAACTA-1,0.000009,0.001224,0.000009,0.180658,0.8181
CCGCTGGTGCCATTCA-1,0.000017,0.000017,0.07766,0.501521,0.420786
CCGCTTACCTCACTCT-1,0.062901,0.000044,0.330788,0.338668,0.267598
CCGCTTCGCGGTTAAC-1,0.016305,0.000018,0.079613,0.423872,0.480192
CCGCTTGCTGACATGG-1,0.000017,0.000413,0.020845,0.55945,0.419274
CCGGAAGTGCAATATG-1,0.045236,0.000029,0.077103,0.139461,0.738171
CCGGAAGTTATCAGTC-1,0.04763,0.000009,0.005461,0.090462,0.856438
CCGGAATGGTTTCAGT-1,0.342638,0.00006,0.623699,0.000119,0.033484
CCGGAGCGTACTTTCT-1,0.034309,0.000034,0.282851,0.160518,0.522288
CCGGAGGTCTTATGGT-1,0.000028,0.000028,0.238335,0.101863,0.659747
CCGGCACGACCGTTTC-1,0.008714,0.00001,0.02943,0.167998,0.793848
CCGGCGCATATTGGAT-1,0.001639,0.000028,0.151019,0.368066,0.479249
CCGGCGTGAGACTCTG-1,0.975631,0.024152,0.000024,0.000048,0.000145
CCGGGACCCGCAGAGA-1,0.015618,0.000015,0.109841,0.550758,0.323769
CCGGGCGGTCTCGTCA-1,0.000007,0.000909,0.000007,0.859535,0.139541
CCGGGCTAAGAATTTC-1,0.84919,0.01123,0.126848,0.000107,0.012625
CCGGGCTGCTCCATAC-1,0.004415,0.000024,0.303916,0.19985,0.491795
CCGGGTTCGAGGTTAC-1,0.051653,0.000056,0.059312,0.282292,0.606687
CCGGTATCTGGCGACT-1,0.027068,0.000027,0.090879,0.086334,0.795692
CCGGTGCGAGTGATAG-1,0.664536,0.000034,0.152365,0.000068,0.182997
CCGGTTTGTAATTGTG-1,0.302519,0.000067,0.546981,0.000134,0.150299
CCGTAAGTTGGTCCCA-1,0.000107,0.00003,0.331492,0.365868,0.302504
CCGTACCCAAGCGCCA-1,0.070772,0.000017,0.202929,0.369358,0.356923
CCGTAGGAAATCCCTG-1,0.046,0.000019,0.107249,0.065168,0.781563
CCGTAGGGTTGTTTAC-1,0.042609,0.000021,0.097263,0.0693,0.790807
CCGTATCTCGTCGTAG-1,0.331929,0.000065,0.350471,0.000131,0.317405
CCGTATTAGCGCAGTT-1,0.005458,0.000014,0.036921,0.412207,0.545401
CCGTCAACCTCTGGCG-1,0.851082,0.00005,0.039808,0.015074,0.093985
CCGTGCCCATGACGGC-1,0.000024,0.000872,0.258362,0.484516,0.256226
CCGTGGAACGATCCAA-1,0.00469,0.000021,0.345157,0.14009,0.510042
CCGTGTTAAATTCCAT-1,0.209347,0.000095,0.28969,0.376413,0.124455
CCGTTACGTTAGAACA-1,0.074174,0.000018,0.168181,0.189383,0.568245
CCGTTCCGAATCTCGG-1,0.091387,0.000061,0.534031,0.13441,0.240111
CCGTTTCCTTTCCGTG-1,0.000019,0.000019,0.011408,0.308277,0.680277
CCTAAACAGGGTCCGT-1,0.000015,0.000015,0.005225,0.598798,0.395946
CCTAAAGGCTGACGCT-1,0.000012,0.000382,0.003985,0.56646,0.429161
CCTAAATTAACGGTTC-1,0.053849,0.014273,0.067813,0.434511,0.429554
CCTAAATTGTATCCTA-1,0.014054,0.00001,0.053531,0.232319,0.700087
CCTAACCCAAACAAGT-1,0.012995,0.00002,0.278262,0.115886,0.592837
CCTAACTAAGGCTCTA-1,0.000042,0.000042,0.197626,0.255767,0.546523
CCTAAGTGTCTAACCG-1,0.017138,0.000018,0.183742,0.495439,0.303664
CCTACAAGTCCGGAAT-1,0.055738,0.000012,0.000012,0.518981,0.425258
CCTACAGTTGAGGGAG-1,0.02294,0.000033,0.182862,0.026653,0.767512
CCTACATTCACAGACG-1,0.150442,0.00007,0.848923,0.000141,0.000423
CCTACGCGACCTTACA-1,0.000014,0.000014,0.014999,0.691249,0.293724
CCTACGGCTCAGTCGA-1,0.000031,0.001042,0.094306,0.605586,0.299035
CCTACTCAACACGATT-1,0.229013,0.000043,0.368929,0.000086,0.40193
CCTACTGCGGCGGCCA-1,0.00275,0.000009,0.030098,0.148106,0.819038
CCTACTGCTTACACTT-1,0.264799,0.000052,0.655297,0.000104,0.079748
CCTAGGCGTAGCGATC-1,0.000024,0.000024,0.066084,0.200763,0.733106
CCTAGGTAAAGGTAGC-1,0.86087,0.030942,0.000082,0.060674,0.047432
CCTAGTTAGTCGCATG-1,0.009608,0.000027,0.38198,0.196053,0.412333
CCTATAATGAGTGCCC-1,0.000029,0.000029,0.28627,0.200587,0.513086
CCTATACCGTCCTGTC-1,0.314815,0.000049,0.671757,0.000098,0.013282
CCTATATCGTGTCACG-1,0.838475,0.000102,0.160609,0.000204,0.000611
CCTATATTTGTCCTGG-1,0.000035,0.000035,0.258431,0.217306,0.524193
CCTATCTATATCGGAA-1,0.553983,0.000072,0.25877,0.008162,0.179013
CCTATGAAGTGGTGCC-1,0.024221,0.000024,0.039212,0.085081,0.851462
CCTATGGCTCCTAGTG-1,0.918278,0.000062,0.081165,0.000124,0.000372
CCTATGGGTTACCGTC-1,0.288876,0.00008,0.696797,0.000161,0.014086
CCTATGGTCAAAGCTG-1,0.012108,0.000011,0.006288,0.339966,0.641627
CCTATGTCCACTCCAC-1,0.00001,0.00001,0.00001,0.278784,0.721186
CCTCACCAATCTTGAC-1,0.000493,0.000014,0.021238,0.788853,0.189402
CCTCACCTGAGGGAGC-1,0.000019,0.000019,0.064528,0.628509,0.306924
CCTCACCTTAGCATCG-1,0.022539,0.000027,0.031275,0.096278,0.849881
CCTCACGTCAGCTAAT-1,0.068975,0.000014,0.1312,0.022814,0.776996
CCTCATGCAGCTACGA-1,0.045963,0.000033,0.158967,0.385614,0.409423
CCTCCCGACAATCCCT-1,0.000022,0.000022,0.180929,0.227234,0.591793
CCTCCGACAATTCAAG-1,0.663164,0.050226,0.012951,0.009465,0.264194
CCTCCTAGCTAGAGTC-1,0.987433,0.000074,0.000074,0.000147,0.012273
CCTCCTGAGCCCACAT-1,0.273346,0.024057,0.400839,0.000411,0.301348
CCTCCTGTTGTGTCGT-1,0.071773,0.000027,0.193984,0.00066,0.733557
CCTCGAAGTGGACGGG-1,0.04153,0.000018,0.131658,0.485438,0.341356
CCTCGACCCACTGCCT-1,0.012619,0.000016,0.090363,0.580467,0.316536
CCTCGCCAGCAAATTA-1,0.606663,0.000022,0.205863,0.000043,0.18741
CCTCGCGCGATATAGG-1,0.000015,0.000015,0.058316,0.541515,0.400138
CCTCGCGCTGTGCGAT-1,0.028785,0.000023,0.078944,0.239907,0.652342
CCTCGGACCGGGATAG-1,0.000862,0.000017,0.081896,0.300236,0.616989
CCTCGGATGCTACCTG-1,0.2234,0.000026,0.468371,0.020127,0.288075
CCTCGGTTTCCTTGCC-1,0.170237,0.000022,0.053197,0.125077,0.651467
CCTCGTTACGCCTGTT-1,0.000017,0.00345,0.050634,0.454487,0.491412
CCTCTAATCTGCCAAG-1,0.796972,0.000045,0.018259,0.00009,0.184633
CCTCTACAAGGATTGG-1,0.219897,0.000064,0.620154,0.000128,0.159757
CCTCTATCGATTAGCA-1,0.54755,0.000065,0.451868,0.000129,0.000388
CCTCTCTCCCATCTAG-1,0.703267,0.091078,0.205062,0.000148,0.000445
CCTCTGGCCTAGACGG-1,0.01882,0.000025,0.275024,0.232505,0.473627
CCTCTGTACTATTCTA-1,0.001066,0.00002,0.055803,0.53359,0.409522
CCTGAACGATATATTC-1,0.002928,0.000021,0.115284,0.521799,0.359968
CCTGAATATTTACATA-1,0.444271,0.000056,0.070891,0.024943,0.459838
CCTGACCACCGATGGT-1,0.062553,0.06024,0.000041,0.615186,0.26198
CCTGACGCAACCTTTA-1,0.035151,0.000017,0.018761,0.5026,0.443471
CCTGAGAATAAATGCA-1,0.005018,0.000017,0.307186,0.376726,0.311053
CCTGATTCGCGAAGAA-1,0.00001,0.00001,0.0023,0.376659,0.62102
CCTGCCCGTTGTCTAG-1,0.433484,0.007678,0.434024,0.000285,0.12453
CCTGCGATAGAACTGT-1,0.085312,0.001549,0.005264,0.5315,0.376374
CCTGCGTTCTACGCTT-1,0.212217,0.000043,0.787397,0.000086,0.000257
CCTGCTACAACCATAC-1,0.041182,0.007329,0.006739,0.12103,0.82372
CCTGCTATTTGAGAAG-1,0.140847,0.000064,0.713533,0.000128,0.145429
CCTGGCTAGACCCGCC-1,0.461,0.003847,0.524589,0.00021,0.010354
CCTGGTCGAATGTGGG-1,0.005303,0.000043,0.674595,0.051974,0.268086
CCTGTAAGACATGATA-1,0.174312,0.000064,0.696869,0.000128,0.128627
CCTGTACTCACGCCCA-1,0.051623,0.000051,0.624856,0.158851,0.164619
CCTGTCACCCGGGCTC-1,0.471677,0.000078,0.241666,0.000155,0.286424
CCTGTCGCCCGTAAAT-1,0.352828,0.007309,0.521116,0.000212,0.118535
CCTGTCGTGTATGAAG-1,0.851346,0.147256,0.000155,0.000311,0.000933
CCTGTGCATAGGAGAC-1,0.602482,0.000028,0.270091,0.000056,0.127342
CCTGTGCGGATTGTAA-1,0.000029,0.000029,0.148928,0.237275,0.613738
CCTGTTCAACCTCGGG-1,0.001104,0.00003,0.414769,0.127344,0.456754
CCTGTTTGAAGACACG-1,0.000296,0.000016,0.001706,0.152147,0.845836
CCTTAAGTACGCAATT-1,0.037743,0.000041,0.16981,0.063608,0.728797
CCTTCAGTTAAAGTGA-1,0.000031,0.000031,0.207882,0.252623,0.539433
CCTTCCGCAACGCTGC-1,0.840295,0.000083,0.123366,0.000166,0.036089
CCTTCGTATAGAATCC-1,0.000015,0.000015,0.0118,0.469136,0.519034
CCTTCTCAGCGTTCCT-1,0.394012,0.000098,0.605102,0.000197,0.00059
CCTTCTTGATCCAGTG-1,0.401722,0.000028,0.059317,0.001832,0.537101
CCTTGACCACTTTATT-1,0.039623,0.009138,0.031209,0.047203,0.872827
CCTTGTGAACGTGGTT-1,0.000018,0.000018,0.279624,0.122302,0.598039
CCTTTAAGGGAGCACT-1,0.019702,0.000054,0.199942,0.099784,0.680517
CCTTTCAATGAAGAAA-1,0.007701,0.000021,0.055367,0.469033,0.467878
CCTTTGAATTATGGCT-1,0.828116,0.099905,0.000143,0.070981,0.000855
CGAAACATAGATGGCA-1,0.00745,0.000015,0.130275,0.39228,0.46998
CGAAACGCAATTCATG-1,0.000009,0.000009,0.007828,0.865639,0.126515
CGAACAGTATGGGCGT-1,0.000011,0.000011,0.000407,0.422867,0.576703
CGAACATAGTCAGAAA-1,0.032158,0.000013,0.011637,0.305127,0.651066
CGAACCCGCATGCGTC-1,0.203596,0.00006,0.78324,0.00012,0.012983
CGAACCTCTTTCCTAG-1,0.706979,0.000086,0.000086,0.130804,0.162046
CGAACGCCCAGTGCCG-1,0.061762,0.000024,0.386231,0.194392,0.357591
CGAACGGCCGGACAAC-1,0.812863,0.000086,0.000088,0.155287,0.031675
CGAAGACTGCCCGGGA-1,0.037355,0.00002,0.181616,0.334882,0.446127
CGAAGATCAGTTTCAT-1,0.024696,0.00002,0.134644,0.040778,0.799862
CGAAGCCACAGCATGG-1,0.858089,0.123994,0.000057,0.000114,0.017746
CGAAGCTATAAATTCA-1,0.013672,0.000017,0.083484,0.46296,0.439867
CGAAGGGTTTCAGATT-1,0.916404,0.000112,0.000112,0.000223,0.083149
CGAAGTTGCTCTGTGT-1,0.882011,0.018507,0.000094,0.000188,0.0992
CGAATCTGCTCGACGC-1,0.748739,0.000093,0.250423,0.000186,0.000558
CGAATGAAGTCATTGC-1,0.447699,0.000063,0.55173,0.000127,0.000381
CGAATGACGCATAATG-1,0.00005,0.000034,0.758873,0.013339,0.227704
CGAATGGTAGGTCGTC-1,0.000025,0.000025,0.346712,0.285785,0.367452
CGAATTACATGGTGTT-1,0.034757,0.00002,0.074646,0.187964,0.702613
CGACAATTTGATCTAA-1,0.000022,0.000022,0.356134,0.160114,0.483709
CGACACCGCTTAAGGA-1,0.043775,0.000031,0.249227,0.062185,0.644783
CGACACGCTCCGACAG-1,0.019109,0.000019,0.025605,0.375415,0.579853
CGACACGGATGCCCAC-1,0.093305,0.000018,0.207612,0.10792,0.591145
CGACAGTTCGCGTTAT-1,0.474142,0.021847,0.281715,0.000178,0.222119
CGACATGCGATCTTCT-1,0.00001,0.00001,0.001505,0.775109,0.223366
CGACCCTTAACGCCGG-1,0.830474,0.000113,0.000113,0.144749,0.024552
CGACCGTTGGTATTCG-1,0.126896,0.00008,0.417123,0.113973,0.341927
CGACGCATCCGTACCT-1,0.691797,0.044367,0.013282,0.115891,0.134662
CGACTCAGGATGTTAT-1,0.007322,0.000025,0.206136,0.448165,0.338352
CGACTCGGTACACGGT-1,0.045367,0.026129,0.120927,0.07815,0.729427
CGACTTGCCGGGAAAT-1,0.48803,0.018211,0.31418,0.000221,0.179359
CGACTTTGTATAGCCT-1,0.005339,0.000018,0.11124,0.145244,0.738158
CGAGACCCTAGAGTGT-1,0.269852,0.000089,0.022685,0.004353,0.703022
CGAGACTACTGCTGCT-1,0.032365,0.000019,0.057523,0.204092,0.706001
CGAGAGATGTGAACCT-1,0.515095,0.000036,0.453572,0.000072,0.031226
CGAGAGCGCGTAGATA-1,0.504618,0.000232,0.493295,0.000464,0.001392
CGAGAGCTTTCACTAC-1,0.012241,0.000015,0.022137,0.261312,0.704294
CGAGAGGGTAGCCGCG-1,0.000015,0.000015,0.014366,0.192281,0.793322
CGAGATGTTGCCTATA-1,0.084487,0.000023,0.08974,0.365494,0.460257
CGAGATTTCGCTCGGG-1,0.028498,0.00004,0.25132,0.083275,0.636867
CGAGCACTTCAAGTTT-1,0.435102,0.017276,0.507715,0.000143,0.039764
CGAGCGTTGATCAGCC-1,0.000013,0.000013,0.015274,0.823595,0.161105
CGAGCTGGGCTTTAGG-1,0.042595,0.000028,0.527154,0.185515,0.244709
CGAGGAGCTTCCATAT-1,0.015579,0.000024,0.08393,0.079681,0.820786
CGAGGATCGGGAACGA-1,0.008114,0.00002,0.338271,0.019413,0.634181
CGAGGCCAGGCATTGG-1,0.081351,0.002766,0.544337,0.039764,0.331783
CGAGGCTAAATATGGC-1,0.400155,0.000047,0.411575,0.000094,0.18813
CGAGGGACTGCGGTCG-1,0.004296,0.000017,0.127494,0.422775,0.445418
CGAGGGTATCCAGGTG-1,0.041049,0.00004,0.658995,0.000079,0.299837
CGAGTACTAAAGAGGA-1,0.000018,0.000018,0.16146,0.39479,0.443715
CGAGTGAAGGTACCAG-1,0.85546,0.000061,0.073088,0.012163,0.059228
CGAGTGCTATAGTTCG-1,0.000027,0.000027,0.194052,0.528581,0.277314
CGAGTTCTGTCCCACC-1,0.036425,0.000032,0.384237,0.334951,0.244355
CGAGTTTATCGGACTG-1,0.092195,0.00355,0.024718,0.355875,0.523663
CGATAACCAATTTGAG-1,0.084247,0.00002,0.362242,0.031387,0.522104
CGATAATACTCAGGTT-1,0.054605,0.000026,0.167074,0.05544,0.722855
CGATACCTCGCGGACA-1,0.481804,0.000063,0.256841,0.00047,0.260822
CGATAGCGATACAGTG-1,0.97086,0.00011,0.00011,0.000221,0.028699
CGATAGTCGTACTGCA-1,0.015229,0.000022,0.167119,0.037006,0.780623
CGATATTAGCCGCAGG-1,0.001168,0.000022,0.128632,0.355804,0.514374
CGATCATTAGAGGCAC-1,0.043016,0.000019,0.068514,0.296239,0.592211
CGATCCACCATTGTTG-1,0.052939,0.000032,0.421244,0.018589,0.507195
CGATCCGACCCAGTGC-1,0.403724,0.104426,0.135266,0.000378,0.356206
CGATCCTCGCAACATA-1,0.027062,0.000031,0.346536,0.102755,0.523616
CGATCGAGAAGCACCA-1,0.000009,0.000009,0.00021,0.589615,0.410156
CGATCTGTTGGAGGAC-1,0.345888,0.000078,0.653408,0.000156,0.000469
CGATGGACCCTACGCC-1,0.000015,0.000015,0.003913,0.710266,0.285791
CGATGTTGTTATCTAC-1,0.983448,0.000067,0.015952,0.000133,0.0004
CGATTAAATATCTCCT-1,0.017505,0.000018,0.129936,0.245584,0.606957
CGATTCGCCTGGCTGC-1,0.002278,0.000021,0.187638,0.146443,0.66362
CGATTTGTCATTAATG-1,0.259084,0.000086,0.469944,0.000171,0.270715
CGCAAACACGAGTTAC-1,0.502986,0.000082,0.496279,0.000163,0.00049
CGCAATTACTTTCGGT-1,0.258532,0.000057,0.702875,0.000113,0.038422
CGCAATTAGGGTAATA-1,0.369709,0.000071,0.629654,0.000142,0.000425
CGCAATTCTACAATAA-1,0.727316,0.064043,0.059562,0.000241,0.148838
CGCACATGTCCACTAC-1,0.000028,0.011051,0.143437,0.317611,0.527873
CGCACGTCTGTTTATG-1,0.080592,0.000066,0.170181,0.312183,0.436978
CGCACGTGCGCTATCA-1,0.000012,0.0003,0.000012,0.673482,0.326193
CGCAGAAACATTTGCG-1,0.011748,0.000031,0.158346,0.425689,0.404185
CGCAGATCTTCACCCG-1,0.00002,0.00002,0.252356,0.278123,0.469481
CGCAGGCGATCCAAAC-1,0.020245,0.000015,0.007502,0.208901,0.763338
CGCAGTTCTATCTTTC-1,0.0749,0.000049,0.147842,0.031727,0.745482
CGCATCATGGCTTCAG-1,0.00001,0.00001,0.00001,0.800046,0.199923
CGCATCCATCAGCCAG-1,0.011568,0.000022,0.102922,0.085478,0.800011
CGCATGCCGAATGCGT-1,0.000013,0.000013,0.000013,0.321234,0.678726
CGCATGGTGCGATGCT-1,0.080771,0.064594,0.050725,0.560329,0.243581
CGCATTAGCTAATAGG-1,0.172939,0.000067,0.693492,0.000134,0.133367
CGCCAAGAAGCCGAGT-1,0.14192,0.000041,0.833544,0.000081,0.024415
CGCCACAGGTCGCGAT-1,0.914836,0.033231,0.051344,0.000147,0.000442
CGCCACCCGCATTAAC-1,0.044904,0.002442,0.040171,0.616882,0.2956
CGCCAGTAGTACCTTG-1,0.999629,0.000037,0.000037,0.000074,0.000223
CGCCATCCGATTATGA-1,0.31532,0.000057,0.522524,0.000114,0.161985
CGCCCAGCACGCCTAG-1,0.008724,0.000023,0.265523,0.371369,0.354361
CGCCCAGCGTTTCACG-1,0.000014,0.000014,0.001718,0.215823,0.782431
CGCCCGCTTCCGTACA-1,0.191483,0.000053,0.693352,0.000105,0.115007
CGCCCTAATTGTTCAA-1,0.878717,0.000089,0.000089,0.062683,0.058422
CGCCCTTACATCCACC-1,0.033266,0.000019,0.000019,0.773598,0.193098
CGCCCTTGAAGGCTGA-1,0.476222,0.522756,0.000114,0.000227,0.000681
CGCCGCCCATGCCTGT-1,0.015803,0.004511,0.236315,0.271599,0.471772
CGCCGCGTTCTGAACG-1,0.000012,0.012797,0.003559,0.579323,0.404308
CGCCGGTGTCGCAGTA-1,0.054422,0.000016,0.374983,0.012288,0.558291
CGCCGTCTACCCATCG-1,0.050037,0.000016,0.017844,0.075877,0.856226
CGCCGTTCAGCATAGT-1,0.015168,0.000021,0.005733,0.084254,0.894824
CGCCTCCCTCCTCTAT-1,0.017695,0.000036,0.586036,0.127295,0.268938
CGCCTGGCCTACGTAA-1,0.096176,0.000058,0.522744,0.007675,0.373347
CGCCTTTAGCATGCTC-1,0.000048,0.000048,0.099372,0.054532,0.845999
CGCGAAGTGGCATACT-1,0.000013,0.000013,0.005901,0.098556,0.895516
CGCGACACTGCGCAGC-1,0.747415,0.165319,0.086817,0.000112,0.000336
CGCGACCGCGACAGAT-1,0.309352,0.000009,0.000009,0.539307,0.151323
CGCGAGAGGGACTTGT-1,0.035402,0.000017,0.041771,0.413788,0.509022
CGCGAGTCTGCCGGGT-1,0.624927,0.000133,0.373875,0.000266,0.000799
CGCGCAAATGTCCAGA-1,0.445575,0.025451,0.463684,0.000157,0.065133
CGCGCAAGGAACTACA-1,0.014627,0.000012,0.055254,0.470818,0.459289
CGCGCATGTTTGATTG-1,0.005639,0.000021,0.044653,0.432522,0.517164
CGCGCCCGACTTAATA-1,0.66379,0.000035,0.03169,0.045884,0.258601
CGCGGCAGTATTACGG-1,0.432887,0.000038,0.187285,0.000076,0.379715
CGCGGCTCAACTTGAA-1,0.020174,0.00002,0.254227,0.153409,0.572169
CGCGGGAATTAGGCAG-1,0.108841,0.000041,0.145132,0.01806,0.727927
CGCGGGAATTCCTTTC-1,0.00001,0.00001,0.00001,0.297611,0.702358
CGCGGTAAGTCTAGCT-1,0.000033,0.000033,0.000033,0.149301,0.850602
CGCGGTACGGTATACA-1,0.145652,0.000026,0.317835,0.000051,0.536437
CGCGGTCACAAACCAA-1,0.01207,0.000014,0.110493,0.289167,0.588256
CGCGTACATTCTGGAA-1,0.003098,0.000019,0.000019,0.583309,0.413555
CGCGTCATATTAAACC-1,0.010328,0.000018,0.359378,0.223639,0.406637
CGCGTGCTATCAACGA-1,0.000009,0.000009,0.000009,0.945403,0.05457
CGCGTTCATGAAATAC-1,0.168038,0.000044,0.465016,0.027727,0.339174
CGCTACCGCCCTATGA-1,0.10825,0.000027,0.136442,0.214103,0.541178
CGCTACGGGACATTTA-1,0.403259,0.216397,0.130108,0.000144,0.250092
CGCTAGAGACCGCTGC-1,0.00001,0.00001,0.00001,0.808082,0.191888
CGCTATACCGCCCACT-1,0.000036,0.000036,0.620178,0.241854,0.137896
CGCTATCGTGGCTTTA-1,0.073895,0.000025,0.30999,0.003877,0.612213
CGCTATTCAATGTATG-1,0.087107,0.000033,0.232806,0.200296,0.479757
CGCTATTCTTAGGCTC-1,0.328656,0.155495,0.121081,0.28661,0.108158
CGCTCGACATAATGAT-1,0.063537,0.000041,0.569584,0.012827,0.354011
CGCTCTCCGTAGATTA-1,0.710857,0.065579,0.000784,0.000163,0.222618
CGCTGAGGACGTCCAA-1,0.040243,0.000021,0.198418,0.342861,0.418457
CGCTGGTGACTACCCT-1,0.048565,0.000025,0.018113,0.307165,0.626132
CGCTGTGACGCCGCAC-1,0.017577,0.000017,0.099899,0.289713,0.592794
CGCTGTGTGGATGTTG-1,0.010821,0.00007,0.831448,0.025971,0.13169
CGCTTAGTATTGATAC-1,0.021082,0.000039,0.63184,0.008942,0.338097
CGCTTATTCCCGGTCG-1,0.016444,0.000047,0.413787,0.000093,0.569629
CGCTTCCACTGAAATC-1,0.000034,0.000034,0.67401,0.142813,0.183109
CGCTTCGGTCTAAGAC-1,0.014669,0.000014,0.067731,0.118503,0.799082
CGCTTGGACGGATAGA-1,0.160177,0.000038,0.250202,0.000076,0.589507
CGCTTTCATACCGGTG-1,0.003463,0.000014,0.108909,0.628924,0.25869
CGCTTTCCGCCAAGGT-1,0.021279,0.00003,0.294239,0.014586,0.669866
CGCTTTCTTGCATTCG-1,0.007736,0.000052,0.4101,0.066345,0.515768
CGGAAAGAATCAAACG-1,0.000015,0.000015,0.004526,0.068961,0.926483
CGGAAAGCAAATGTGC-1,0.739649,0.159836,0.016361,0.030519,0.053636
CGGAAATTTCACATCC-1,0.000011,0.000011,0.016159,0.460429,0.52339
CGGAACGTAAACATAG-1,0.302072,0.000047,0.590134,0.000095,0.107652
CGGACCTCTGTAGTTA-1,0.000014,0.001213,0.000379,0.544372,0.454022
CGGACCTTTACGTCCC-1,0.008646,0.000017,0.194876,0.064556,0.731906
CGGAGCAATTTAATCG-1,0.00001,0.00001,0.007345,0.807956,0.184679
CGGAGCATGGCGATCC-1,0.011891,0.004099,0.000023,0.710774,0.273213
CGGAGCTTATAACACC-1,0.000702,0.000013,0.033862,0.326255,0.639169
CGGAGTCCTAACCTGG-1,0.036277,0.000026,0.088148,0.275405,0.600144
CGGAGTTTGAGAGACA-1,0.865137,0.012311,0.000058,0.000115,0.122379
CGGATAAGCGGACATG-1,0.999517,0.000048,0.000048,0.000097,0.00029
CGGATCCTCAAGGACT-1,0.000015,0.000015,0.068747,0.384777,0.546445
CGGATGAATGCTGTGA-1,0.61655,0.000079,0.360947,0.000158,0.022266
CGGATTCTGCCTTATG-1,0.025566,0.000032,0.447068,0.189796,0.337539
CGGCAAACATCGTGCG-1,0.003984,0.000011,0.017103,0.419958,0.558944
CGGCAATAAGATCGCC-1,0.046101,0.027896,0.012931,0.214792,0.69828
CGGCACCGTTAGCGCC-1,0.082892,0.000025,0.239768,0.060763,0.616551
CGGCACTCAAGAAAGT-1,0.051002,0.000016,0.072453,0.704024,0.172506
CGGCAGGGTCGGGTTG-1,0.009583,0.000027,0.327214,0.138414,0.524762
CGGCCACGCACAAAGT-1,0.36674,0.025445,0.446872,0.012889,0.148054
CGGCCAGAGCGACCAT-1,0.035038,0.000023,0.083663,0.38714,0.494136
CGGCCCAACCTGTAGT-1,0.044417,0.014534,0.027181,0.246005,0.667863
CGGCCCAGGTATATCC-1,0.000023,0.001981,0.012769,0.381496,0.603731
CGGCGCCATCAATCCC-1,0.031361,0.005145,0.190252,0.055276,0.717967
CGGCTCTTCGTCGAAC-1,0.071297,0.00003,0.045837,0.192148,0.690688
CGGCTGAAGGTTACGC-1,0.069311,0.008868,0.156845,0.081763,0.683213
CGGCTGCAAGATTAAG-1,0.000014,0.000014,0.004474,0.648293,0.347205
CGGCTTTGTATGATAA-1,0.011211,0.000026,0.391866,0.270975,0.325922
CGGGAACGCCCTGCAT-1,0.551754,0.000063,0.447679,0.000126,0.000378
CGGGAAGTACCGTGGC-1,0.911731,0.000067,0.000067,0.087734,0.000401
CGGGAATATAGTATAC-1,0.000028,0.00255,0.003087,0.403493,0.590842
CGGGAATTTATGTAAA-1,0.103934,0.014311,0.278497,0.125835,0.477422
CGGGAGCTTCAGTGTA-1,0.00165,0.000023,0.165903,0.170662,0.661762
CGGGAGTATACCGCCG-1,0.84017,0.159027,0.000089,0.000178,0.000535
CGGGATCAATGTAAGA-1,0.042813,0.000019,0.321073,0.219355,0.41674
CGGGCAGCTAAACCGC-1,0.736786,0.000065,0.122114,0.002928,0.138108
CGGGCCATAGCCGCAC-1,0.314919,0.00004,0.476608,0.00008,0.208352
CGGGCCTTCTTTGTAA-1,0.76877,0.03036,0.000057,0.103537,0.097276
CGGGCGATGGATCACG-1,0.010657,0.001676,0.315271,0.096276,0.57612
CGGGCTACTTAAATTG-1,0.049013,0.012686,0.040056,0.274538,0.623707
CGGGTGTACCCATTTA-1,0.027286,0.000025,0.15616,0.179356,0.637173
CGGGTTCGGCACGTAT-1,0.003396,0.00002,0.05019,0.467824,0.47857
CGGGTTGTAGCTTTGG-1,0.048125,0.000024,0.139997,0.384675,0.427179
CGGGTTTGTTAGGGCT-1,0.011121,0.003899,0.089592,0.179771,0.715617
CGGTAACAAGATACAT-1,0.961957,0.037636,0.000045,0.00009,0.000271
CGGTACTAGAATCAAA-1,0.023544,0.000019,0.314365,0.075643,0.58643
CGGTAGAGGTGCAGGT-1,0.040513,0.000072,0.001246,0.55193,0.406239
CGGTATAGGTATTAGC-1,0.000031,0.000031,0.36796,0.044416,0.587561
CGGTATGGGCACTCTG-1,0.012837,0.000019,0.013194,0.184944,0.789005
CGGTCAAGTGGGAACC-1,0.262714,0.000048,0.537082,0.041115,0.159041
CGGTCAGTCCATATTT-1,0.055167,0.000051,0.163078,0.103121,0.678583
CGGTCCATGAGACTCC-1,0.000017,0.000017,0.031764,0.206056,0.762146
CGGTCCGTCGCAAGCC-1,0.012022,0.000022,0.291315,0.191848,0.504793
CGGTCTATCAACCCGT-1,0.402154,0.000033,0.327825,0.000067,0.26992
CGGTGAAGACTAAAGT-1,0.041404,0.000018,0.029071,0.680187,0.24932
CGGTGCAGATAGAACG-1,0.012689,0.000019,0.229244,0.28465,0.473398
CGGTGCGCGTTGGTCC-1,0.043288,0.000032,0.341434,0.056611,0.558635
CGGTGGGCTCCAGCCT-1,0.039206,0.000052,0.419758,0.160881,0.380104
CGGTGTACTTGATCCC-1,0.000007,0.000497,0.000007,0.755599,0.243891
CGGTTATCCAACAGTG-1,0.000018,0.000018,0.074415,0.434707,0.490842
CGGTTCAAGTAGGTGT-1,0.000027,0.000027,0.05354,0.548596,0.397809
CGGTTCCGGCTTCTTG-1,0.016814,0.000023,0.169657,0.389841,0.423665
CGGTTGACCTGGCATA-1,0.02453,0.000028,0.195231,0.207218,0.572993
CGGTTGAGTATCCTTC-1,0.201695,0.000105,0.797132,0.00021,0.000858
CGGTTGGGCAGGGTCC-1,0.01517,0.000246,0.063853,0.097014,0.823717
CGGTTGGGTTCAAGTT-1,0.000021,0.000021,0.008776,0.485019,0.506162
CGGTTTATGAAGGAAC-1,0.041527,0.000023,0.244149,0.1115,0.602801
CGTAAACGCTTGAGTG-1,0.103439,0.000021,0.249107,0.032979,0.614453
CGTAAAGCAAGAAATC-1,0.117716,0.000034,0.620482,0.000068,0.261699
CGTAAATAACAAAGGG-1,0.101406,0.000014,0.080968,0.249104,0.568507
CGTAACGGAACGATCA-1,0.069238,0.000022,0.223588,0.078135,0.629018
CGTAACTTCGACACTT-1,0.018899,0.000026,0.281987,0.055553,0.643535
CGTAATAATTACGAGT-1,0.695694,0.000034,0.275501,0.000068,0.028703
CGTAATATGGCCCTTG-1,0.172569,0.0001,0.029453,0.0002,0.797678
CGTACCGAAAGTCTAG-1,0.860554,0.062,0.076731,0.000036,0.000679
CGTACCTGATAGGCCT-1,0.246497,0.000097,0.297805,0.243427,0.212172
CGTAGAGAGTAATTAT-1,0.000012,0.000012,0.003823,0.180691,0.815461
CGTAGCGAATTGTCAG-1,0.000811,0.000018,0.239872,0.429054,0.330245
CGTAGCGCCGACGTTG-1,0.013369,0.000027,0.158645,0.395177,0.432782
CGTATCTAGAACTAAG-1,0.091436,0.000012,0.226991,0.044162,0.637399
CGTATTAAGAGATCTA-1,0.8105,0.012306,0.073169,0.000126,0.103898
CGTATTGTTTCCTAAT-1,0.023013,0.000011,0.041846,0.089111,0.84602
CGTCAAATGGTCGCAG-1,0.000081,0.000008,0.049222,0.125658,0.82503
CGTCAAGGCTATAAAT-1,0.439374,0.00003,0.560354,0.000061,0.000182
CGTCAATCTTTAACAT-1,0.918329,0.042887,0.00003,0.000059,0.038695
CGTCACGTCCATTGGT-1,0.231321,0.05185,0.697492,0.000166,0.019171
CGTCAGCTATTTACTC-1,0.752102,0.139165,0.00011,0.106972,0.00165
CGTCAGTGCGCACAAG-1,0.007573,0.00002,0.187289,0.497531,0.307587
CGTCAGTTTATCGTCT-1,0.000031,0.000031,0.252749,0.257494,0.489694
CGTCATACCATATCCA-1,0.934477,0.000054,0.029214,0.000107,0.036148
CGTCCTCATCGCGTGC-1,0.027919,0.001716,0.060404,0.032523,0.877438
CGTCGCATGTGAGCCA-1,0.000015,0.000015,0.046113,0.237596,0.716261
CGTCGCGGCGGGATTT-1,0.58005,0.017256,0.367064,0.000099,0.035531
CGTCGCTTGGTTATAC-1,0.89725,0.000076,0.102062,0.000153,0.000459
CGTCGGATAGTGTTGA-1,0.008425,0.000029,0.127185,0.391362,0.472999
CGTCGGGTCTAAGCGC-1,0.426229,0.000073,0.573113,0.000146,0.000439
CGTCGTCCTTCGCGAA-1,0.000017,0.000017,0.02271,0.423201,0.554054
CGTCTCTCGCCGAGGC-1,0.002104,0.000009,0.00126,0.280013,0.716615
CGTCTGGAAGGGCCCG-1,0.044769,0.000029,0.23841,0.289763,0.427028
CGTCTTGAGTGTGACG-1,0.000008,0.000008,0.0218,0.148205,0.829979
CGTGAAGTTAATTCAC-1,0.767654,0.037652,0.000071,0.050902,0.143721
CGTGACATTGGGTCGT-1,0.124462,0.000044,0.187051,0.161913,0.52653
CGTGACCAGTCCTCTG-1,0.00164,0.000035,0.294944,0.077654,0.625727
CGTGCACACCACTGTA-1,0.012949,0.000019,0.171155,0.100872,0.715006
CGTGCAGACTGGGACA-1,0.025455,0.000043,0.457758,0.067175,0.449571
CGTGCATTGTCGACGC-1,0.000013,0.000013,0.004651,0.714293,0.28103
CGTGCCCGACATTTGT-1,0.001302,0.000034,0.239016,0.40446,0.355188
CGTGCCCTCCCGAAGA-1,0.000015,0.001393,0.022511,0.705873,0.270209
CGTGCTGGCCTAGTCG-1,0.113092,0.001073,0.008569,0.768261,0.109005
CGTGCTTCTACCTAAA-1,0.479799,0.000079,0.519487,0.000159,0.000476
CGTGGAAGCCTCGTAC-1,0.026044,0.000011,0.185679,0.02774,0.760526
CGTGGCCGAATATCTA-1,0.000011,0.000011,0.000011,0.542254,0.457712
CGTGGTACCCAAAGGC-1,0.045374,0.000022,0.309809,0.073157,0.571638
CGTGTATGGGAGCTGA-1,0.06364,0.000045,0.011861,0.196014,0.728439
CGTGTCCCATTCGCGA-1,0.220956,0.000144,0.77775,0.000288,0.000863
CGTGTCTCGTTACGAC-1,0.206579,0.000112,0.682708,0.000223,0.110378
CGTGTGTTAAACCCTG-1,0.000032,0.000032,0.005824,0.333104,0.661007
CGTTAAATACGACCAG-1,0.12929,0.000025,0.236628,0.002975,0.631083
CGTTAATGTCCCGACG-1,0.000016,0.000016,0.055439,0.247414,0.697114
CGTTAGCTCACAACTG-1,0.041613,0.000022,0.200042,0.086407,0.671916
CGTTCAAGGAAACGGA-1,0.038891,0.000023,0.155281,0.115156,0.690649
CGTTCAGACCCGCGAA-1,0.032486,0.000027,0.452089,0.029899,0.485499
CGTTCATGGTGCGCGT-1,0.438757,0.000058,0.157257,0.000117,0.403812
CGTTCTTCGCACACCT-1,0.035952,0.000021,0.15201,0.164185,0.647832
CGTTGAATACCGCGCT-1,0.002803,0.000019,0.131392,0.332538,0.533247
CGTTGAGCGACCGTCG-1,0.029773,0.000038,0.466441,0.050756,0.452993
CGTTGAGTAATTGCGT-1,0.031766,0.000043,0.267952,0.092893,0.607347
CGTTGCCCGCGTGGGA-1,0.00002,0.00002,0.142739,0.4435,0.413722
CGTTGTAAACGTCAGG-1,0.731106,0.26829,0.000067,0.000134,0.000403
CGTTGTAAGATTGATT-1,0.000017,0.000017,0.026698,0.574714,0.398553
CGTTGTCGGCAATTGA-1,0.034688,0.000032,0.564646,0.04407,0.356564
CGTTGTTTCAATTCCC-1,0.564075,0.265031,0.078489,0.000198,0.092207
CGTTTAAGCGGAGCAC-1,0.000021,0.000021,0.094011,0.668513,0.237436
CGTTTACAAGGCAGCT-1,0.015158,0.00002,0.061157,0.207593,0.716072
CGTTTCACTTCGGGCG-1,0.023206,0.000045,0.454483,0.103414,0.418852
CGTTTCGCTCATTACA-1,0.694277,0.171295,0.000101,0.04601,0.088317
CGTTTCGGTTATATGC-1,0.045438,0.000095,0.299148,0.00019,0.655129
CGTTTGGTGTTGTGGG-1,0.107589,0.000033,0.460642,0.000065,0.431671
CGTTTGTGTAGAGGGT-1,0.540364,0.036807,0.313572,0.000199,0.109058
CTAAACGGGTGTAATC-1,0.052299,0.00002,0.059263,0.611097,0.277321
CTAAAGAATGCCTACT-1,0.200035,0.000047,0.68925,0.007798,0.10287
CTAAAGGATGAGATAC-1,0.000017,0.000017,0.000017,0.37634,0.623608
CTAAAGGGAAATAGGA-1,0.085399,0.051388,0.000031,0.839195,0.023987
CTAAAGTCCGAAGCTA-1,0.047872,0.000025,0.047725,0.532738,0.37164
CTAAATCCGGTGTACA-1,0.131715,0.000075,0.753082,0.00015,0.114979
CTAAATCCTATTCCGG-1,0.000021,0.000021,0.253467,0.498789,0.247702
CTAACAGCACAATAAC-1,0.580672,0.000376,0.000376,0.169469,0.249108
CTAACCGCGCGCCCGT-1,0.130329,0.00004,0.42094,0.068581,0.380109
CTAACGAAACTTGCTG-1,0.001392,0.000022,0.333215,0.111356,0.554015
CTAACTGATAATCGCC-1,0.038241,0.000019,0.230191,0.037884,0.693665
CTAACTGGTCCGGTTC-1,0.06549,0.00002,0.220932,0.398028,0.31553
CTAAGGGAATGATTGG-1,0.015184,0.000027,0.355348,0.117296,0.512145
CTAAGTACAGGGCTAC-1,0.000021,0.000021,0.054615,0.366916,0.578427
CTAATTATGAAGCGTA-1,0.0206,0.000037,0.162403,0.046706,0.770255
CTAATTCGCACGCGCT-1,0.560443,0.014474,0.424333,0.000187,0.000562
CTAATTCTCAGATATT-1,0.000023,0.000023,0.287821,0.254018,0.458115
CTAATTTCAACAACAC-1,0.189712,0.000039,0.688295,0.000077,0.121877
CTACAAGAAATAACCC-1,0.406898,0.000066,0.57831,0.000133,0.014593
CTACACTAGCTTGTTC-1,0.019084,0.00002,0.092306,0.654544,0.234047
CTACACTCGCAGATGG-1,0.077519,0.000025,0.259289,0.012848,0.650318
CTACATATCGCGGGAC-1,0.816461,0.079736,0.000112,0.103018,0.000673
CTACCCTAAGGTCATA-1,0.048847,0.000022,0.047726,0.339974,0.563431
CTACGAACTAGGTCGA-1,0.018926,0.00002,0.222766,0.21314,0.545148
CTACGACTAGCTATAA-1,0.039725,0.000022,0.115373,0.644169,0.200711
CTACGATCCTATCCTA-1,0.870901,0.042207,0.014494,0.00016,0.072238
CTACGCACGGAGTACC-1,0.593493,0.015623,0.009368,0.051601,0.329916
CTACGCCATTTCCGAT-1,0.041024,0.000016,0.045038,0.126535,0.787387
CTACGTGTTGCCACCA-1,0.057107,0.004794,0.184921,0.353351,0.399827
CTACTATCATAGGTTT-1,0.324582,0.071348,0.574883,0.000126,0.029061
CTACTATCTTTCAGAG-1,0.011482,0.000024,0.046764,0.49996,0.44177
CTACTCAAGGTATAGT-1,0.089898,0.015532,0.046678,0.178048,0.669843
CTACTCTAGGCCCGGC-1,0.804993,0.000094,0.000094,0.147334,0.047485
CTACTGCCACCTGACC-1,0.337754,0.000071,0.361634,0.187289,0.113252
CTAGACATATATGTAG-1,0.00231,0.000023,0.235081,0.114208,0.648379
CTAGACTGCATTTCGT-1,0.000024,0.000024,0.084561,0.617076,0.298314
CTAGATAAACTCCTCG-1,0.079591,0.000013,0.026312,0.705588,0.188497
CTAGATGTGAGTGTAA-1,0.009292,0.000011,0.028314,0.415542,0.546841
CTAGATTTACGACGGC-1,0.020719,0.000036,0.252721,0.006074,0.720451
CTAGCAACTAATTTAC-1,0.226289,0.000028,0.084011,0.340099,0.349572
CTAGCATAGTATAATG-1,0.257242,0.000071,0.742056,0.000142,0.000489
CTAGCCACAGGCGAGC-1,0.050131,0.000032,0.196174,0.039196,0.714466
CTAGCCCGGGAGACGA-1,0.023416,0.000035,0.089629,0.442696,0.444224
CTAGCCGATGTTATGA-1,0.000018,0.000018,0.015749,0.622433,0.361781
CTAGCGCCAATCCTAC-1,0.004782,0.000016,0.008575,0.565257,0.42137
CTAGCTTAATGGTCCC-1,0.056337,0.000009,0.061742,0.041234,0.840679
CTAGGCGCCCTATCAG-1,0.000027,0.000027,0.113507,0.243993,0.642446
CTAGGCGGCAGAGAAT-1,0.043587,0.000025,0.109024,0.518367,0.328997
CTAGGGATAGGGACAA-1,0.001893,0.000013,0.27823,0.285285,0.434579
CTAGGTCTGAAGGAAT-1,0.009158,0.000014,0.160503,0.148561,0.681763
CTAGGTTCGGACGTGA-1,0.000027,0.000027,0.203806,0.197585,0.598556
CTAGTAGAAAGGGATT-1,0.008082,0.00116,0.341389,0.124161,0.525207
CTAGTATTCGGAATTA-1,0.011508,0.000026,0.161302,0.323274,0.50389
CTAGTCACGTCTTAAG-1,0.001971,0.000024,0.112942,0.625884,0.259179
CTAGTGAAGGACAGGA-1,0.665248,0.129008,0.120529,0.000139,0.085076
CTAGTTACAACCCGGT-1,0.035425,0.000019,0.422769,0.086627,0.45516
CTAGTTGGGCCCGGTA-1,0.642191,0.000044,0.067345,0.038598,0.251823
CTATAAGAGCCAATCG-1,0.026078,0.00003,0.39148,0.145744,0.436668
CTATAAGTAGGGTTTG-1,0.863961,0.052533,0.016115,0.000191,0.0672
CTATACTTAAAGCGAG-1,0.389268,0.609062,0.000186,0.000371,0.001113
CTATAGGCGTTGATGT-1,0.015393,0.000019,0.087533,0.562508,0.334548
CTATATCCAGCCTGGC-1,0.012745,0.002205,0.238984,0.359448,0.386617
CTATCACAACGCTGGA-1,0.019491,0.00163,0.067739,0.12875,0.78239
CTATCGACGAAATACA-1,0.000018,0.000018,0.215508,0.259928,0.524529
CTATCGCGTAGAGAAC-1,0.019816,0.000022,0.326675,0.027667,0.62582
CTATCGGGTCTCAACA-1,0.074031,0.00006,0.88334,0.000121,0.042448
CTATGAACACCTTGCC-1,0.051304,0.005048,0.269747,0.057386,0.616514
CTATGCCCGAATGCAA-1,0.004274,0.000041,0.448222,0.1316,0.415863
CTATGGGAAGCGGAAT-1,0.015405,0.000011,0.001596,0.232899,0.750089
CTATGTCACTAGCCCA-1,0.499083,0.000066,0.341803,0.000131,0.158917
CTATGTCTATTGAAAC-1,0.000014,0.000014,0.011821,0.762249,0.225901
CTATGTGAGTCACGGC-1,0.590353,0.0001,0.408746,0.0002,0.000601
CTATTCATGTGTCCCA-1,0.016499,0.000023,0.017005,0.749478,0.216995
CTATTGTGTTTGGTCA-1,0.079881,0.067957,0.293352,0.10915,0.449661
CTATTTGCTTGGAGGA-1,0.000025,0.000964,0.118755,0.18661,0.693646
CTATTTGGTTACGGAT-1,0.008758,0.000022,0.158725,0.422457,0.410038
CTCAAACCACTGCCCG-1,0.047134,0.00003,0.353046,0.372357,0.227432
CTCAACTAACCCGGAT-1,0.015906,0.000014,0.108961,0.090783,0.784337
CTCAAGACATTAGCGC-1,0.000014,0.000014,0.034362,0.535888,0.429722
CTCACACGCAAGCCTA-1,0.010918,0.000025,0.163226,0.083603,0.742227
CTCACATTTACTAAAT-1,0.000015,0.000015,0.031633,0.471073,0.497264
CTCACCGATCCAAACT-1,0.01044,0.000023,0.236228,0.116213,0.637096
CTCACTGTGATACTTA-1,0.061251,0.000026,0.209956,0.172695,0.556072
CTCACTTGGCTGGTAA-1,0.003037,0.000033,0.406052,0.008767,0.582111
CTCAGAGCTAATGTCG-1,0.003465,0.004466,0.147576,0.14097,0.703523
CTCAGCAGACTGCCGA-1,0.000025,0.000025,0.409095,0.085417,0.505439
CTCAGGACTCACCTGT-1,0.01925,0.000018,0.03875,0.608878,0.333103
CTCAGTCACGACAAAT-1,0.000008,0.000008,0.000008,0.732174,0.267801
CTCATAAATGTGTATA-1,0.024715,0.040644,0.159809,0.03694,0.737892
CTCATCACTTAGTGAT-1,0.003501,0.002354,0.12762,0.041036,0.825489
CTCATGGCTCACAATC-1,0.000009,0.001877,0.002625,0.935325,0.060163
CTCATGGTAATTTGCG-1,0.243099,0.00005,0.75645,0.0001,0.000301
CTCATTAACGTTGCCC-1,0.001897,0.000014,0.088564,0.032919,0.876606
CTCATTGCTCTAACAA-1,0.010572,0.000016,0.15728,0.18317,0.648961
CTCATTTGATGGGCGG-1,0.119273,0.000034,0.331356,0.086826,0.462512
CTCCCAATGAGTCGCG-1,0.050751,0.000014,0.032658,0.128639,0.787939
CTCCCTCCTTTCGATC-1,0.440841,0.000069,0.558537,0.000138,0.000415
CTCCCTTGTATCAAGG-1,0.713579,0.136533,0.00007,0.1494,0.000419
CTCCGAGTAAATCCGC-1,0.049476,0.023285,0.128987,0.195073,0.603178
CTCCGCCCACATGAGG-1,0.017355,0.000926,0.252279,0.163521,0.565919
CTCCGGCCTAATATGC-1,0.000022,0.000022,0.190332,0.4361,0.373523
CTCCGGCTTGTAGACA-1,0.413573,0.000052,0.501896,0.000103,0.084376
CTCCTAAGTTATGTCT-1,0.000023,0.000023,0.052855,0.67411,0.27299
CTCCTAGTAATCGTGA-1,0.227288,0.000058,0.611963,0.000117,0.160575
CTCCTCCAGCTCACAC-1,0.000016,0.000016,0.004037,0.419319,0.576613
CTCCTGTTCAAGGCAG-1,0.00006,0.323112,0.156278,0.027485,0.493066
CTCCTTTACGCAAGTC-1,0.009617,0.000018,0.030759,0.190769,0.768838
CTCGAATGGAACGTAT-1,0.009736,0.000018,0.057932,0.359773,0.572541
CTCGAGACATACGATA-1,0.782797,0.215352,0.000206,0.000411,0.001234
CTCGAGATCCAAAGCA-1,0.609121,0.097796,0.24094,0.00006,0.052083
CTCGAGGCAAGTTTCA-1,0.000039,0.003795,0.459585,0.200182,0.3364
CTCGAGGTCGAACAGT-1,0.289181,0.000035,0.000035,0.002762,0.707987
CTCGATATTTGCGAGC-1,0.032254,0.000032,0.126475,0.208773,0.632467
CTCGCACCTATATAGT-1,0.205673,0.000102,0.402585,0.000204,0.391436
CTCGCATTGCATAGCC-1,0.778952,0.000133,0.216927,0.000265,0.003723
CTCGCCGAATGTAGGG-1,0.000018,0.00077,0.009942,0.379956,0.609315
CTCGCTAGGTAAGCGA-1,0.000144,0.000014,0.057384,0.159785,0.782673
CTCGGGCATCGTCGGG-1,0.02462,0.000018,0.02816,0.371236,0.575967
CTCGGGTTCTCTGGCC-1,0.48787,0.000145,0.510823,0.00029,0.000871
CTCGGTACCACTGCTC-1,0.027727,0.000028,0.337764,0.349135,0.285346
CTCGGTCCGTAGCCTG-1,0.000039,0.001619,0.107393,0.490868,0.40008
CTCGGTTGTCGGCCCT-1,0.638313,0.094811,0.265806,0.000267,0.000802
CTCGTCGAGGGCTCAT-1,0.621947,0.000187,0.19075,0.000373,0.186743
CTCGTCTGTGCCTTCG-1,0.027247,0.106954,0.034984,0.108556,0.722259
CTCGTGGCACTGAAAG-1,0.718926,0.000017,0.023987,0.079175,0.177894
CTCGTTACGGCTACCA-1,0.000033,0.000033,0.081081,0.237867,0.680986
CTCGTTTCTAATGTTT-1,0.003715,0.000029,0.17994,0.322909,0.493407
CTCTAACACCGGCAGC-1,0.001786,0.000019,0.09129,0.129975,0.77693
CTCTAATGCATTGATC-1,0.000016,0.000479,0.00272,0.530404,0.46638
CTCTACACTGGCGATT-1,0.452164,0.000074,0.547168,0.000148,0.000445
CTCTACATCCTGCGTG-1,0.000012,0.000012,0.037265,0.418136,0.544576
CTCTAGCCCTCGGAAA-1,0.0435,0.000012,0.030012,0.103169,0.823306
CTCTATTTGGCTGCAG-1,0.029154,0.000025,0.441624,0.173467,0.35573
CTCTCACAATCGATGA-1,0.212676,0.000053,0.637373,0.000484,0.149414
CTCTCGATGTGCGCCT-1,0.000031,0.000031,0.462008,0.11653,0.4214
CTCTCGCTGTACTATG-1,0.670324,0.101325,0.227146,0.000301,0.000903
CTCTCTAACTGCCTAG-1,0.489031,0.000067,0.500245,0.000135,0.010522
CTCTGCAGGCATTCTT-1,0.427634,0.000037,0.402809,0.000075,0.169445
CTCTGCGAAGCAAGCA-1,0.012309,0.000015,0.110657,0.59206,0.28496
CTCTGGACGCCTGGTG-1,0.604073,0.000111,0.22875,0.000221,0.166844
CTCTGTCCATGCACCA-1,0.000018,0.000018,0.014447,0.222303,0.763213
CTCTGTGCCTGCTATG-1,0.288281,0.000017,0.000017,0.585503,0.126182
CTCTGTTTGAGGATTC-1,0.019404,0.004715,0.053183,0.687511,0.235187
CTCTTCTATTGACTGG-1,0.00002,0.00002,0.063531,0.43962,0.496809
CTCTTCTGGAAGTTAG-1,0.011117,0.000022,0.073312,0.494043,0.421505
CTCTTGTCCCGCTTGG-1,0.007123,0.000018,0.141042,0.215144,0.636673
CTGAAACGGCCCTCAG-1,0.012678,0.000019,0.200817,0.161889,0.624598
CTGAAAGAGATCCGAC-1,0.192477,0.000026,0.605148,0.000052,0.202297
CTGAATCCGAGACCTC-1,0.221122,0.000051,0.567407,0.000102,0.211318
CTGAATTTATTGCCAG-1,0.000029,0.000029,0.151665,0.190223,0.658053
CTGACATAGAAATAGA-1,0.028935,0.000017,0.002947,0.227924,0.740176
CTGACTGCGCAGCTCG-1,0.000016,0.000016,0.015973,0.465799,0.518196
CTGAGAAAGTTCGGCG-1,0.025939,0.000018,0.154243,0.049161,0.770638
CTGAGAGTAGAAATAC-1,0.143696,0.02809,0.078,0.017216,0.732999
CTGAGCAAGTAACAAG-1,0.119652,0.000015,0.083853,0.425818,0.370662
CTGAGCGAGACTTATT-1,0.071596,0.000014,0.071662,0.085871,0.770857
CTGATAGTGTATCTCA-1,0.3588,0.000037,0.605899,0.000074,0.035189
CTGATCCCTTTATGCA-1,0.058931,0.000035,0.254262,0.040871,0.645901
CTGCAAATGGGCTCCA-1,0.037942,0.000018,0.25357,0.201588,0.506881
CTGCAAGCACGTTCCG-1,0.07972,0.00002,0.167696,0.021063,0.731502
CTGCACAACTACATAT-1,0.000009,0.000009,0.001348,0.761013,0.23762
CTGCACCTAGTCCACA-1,0.023865,0.000018,0.083246,0.075694,0.817177
CTGCACCTGGAACCGC-1,0.000009,0.000009,0.000009,0.923174,0.0768
CTGCACTCCAGTACAG-1,0.015417,0.00002,0.125414,0.114971,0.744178
CTGCAGAGAATCAGAG-1,0.000018,0.000018,0.115686,0.105407,0.778871
CTGCAGGGTGACGCTC-1,0.146258,0.000024,0.082011,0.012464,0.759242
CTGCAGGTGCTCGGCC-1,0.811584,0.134798,0.052338,0.00032,0.00096
CTGCCAAGGTTGGAAG-1,0.715576,0.000059,0.089899,0.000118,0.194347
CTGCCATGCATCACAT-1,0.335022,0.011757,0.053901,0.208777,0.390543
CTGCCTAGCCACCAAG-1,0.000012,0.000012,0.000012,0.714001,0.285963
CTGCCTTTAATACCTT-1,0.347324,0.000063,0.652112,0.000125,0.000376
CTGCCTTTCTAGTAAA-1,0.002332,0.000021,0.157317,0.037407,0.802922
CTGCGACCTCGCCGAA-1,0.006622,0.000019,0.216389,0.095737,0.681234
CTGCGATTTCGAGATT-1,0.002772,0.000035,0.735379,0.012619,0.249195
CTGCGGGTGAAATGTT-1,0.99911,0.000044,0.000044,0.000088,0.000713
CTGCGGTAGTCACGTG-1,0.01836,0.000044,0.356717,0.142698,0.482182
CTGCGTTACGATATAA-1,0.006557,0.000015,0.016391,0.35684,0.620197
CTGCTCTGACGGCAAA-1,0.036859,0.000015,0.122947,0.132301,0.707879
CTGCTGAGGCCACGAA-1,0.104877,0.000106,0.724124,0.036555,0.134338
CTGCTGTCTAACGAGC-1,0.059796,0.000013,0.013832,0.031083,0.895276
CTGCTTGGCGATAGCT-1,0.048595,0.000026,0.12917,0.124215,0.697994
CTGCTTTATGTCCGCG-1,0.009934,0.000024,0.21557,0.197797,0.576675
CTGGAAATGGATGCTT-1,0.251834,0.01416,0.562806,0.00013,0.17107
CTGGAAGACACGGTGG-1,0.025461,0.00002,0.124522,0.135986,0.714011
CTGGACGCAGTCCGGC-1,0.999677,0.000032,0.000032,0.000065,0.000194
CTGGATTTACACTTGA-1,0.003292,0.000028,0.287657,0.175386,0.533636
CTGGCATCCGAATGAG-1,0.338448,0.000088,0.660761,0.000176,0.000528
CTGGCGACATAAGTCC-1,0.336175,0.000038,0.584021,0.000077,0.079689
CTGGCGATTTACATGT-1,0.07506,0.000053,0.265606,0.055393,0.603889
CTGGCGCACAGGTCTG-1,0.000012,0.000929,0.014301,0.646785,0.337974
CTGGCGGGAATAAGTA-1,0.623076,0.000042,0.376549,0.000083,0.00025
CTGGCTCCTGCGGGAT-1,0.025037,0.000027,0.26691,0.427809,0.280217
CTGGCTGATTCATCCT-1,0.025425,0.00002,0.063984,0.302189,0.608381
CTGGCTGCTAACGTAA-1,0.000923,0.000012,0.000078,0.585435,0.413552
CTGGCTGGTTGTCAGT-1,0.000034,0.000034,0.277947,0.234539,0.487447
CTGGGATAAATAATGG-1,0.000037,0.005507,0.350969,0.129823,0.513664
CTGGGATCGCCCAGAT-1,0.001478,0.000017,0.133641,0.444947,0.419917
CTGGGCACTAGTCGGA-1,0.086907,0.000027,0.322356,0.126623,0.464086
CTGGGCCTGCTATATC-1,0.224689,0.000082,0.666584,0.000164,0.108482
CTGGGCGGCCAAATGT-1,0.004065,0.001401,0.245412,0.322654,0.426469
CTGGGCTACTGGAGAG-1,0.061015,0.000034,0.074306,0.026799,0.837847
CTGGGCTATCCTTTGG-1,0.013986,0.000027,0.204211,0.13914,0.642636
CTGGGTAGGCAGTTAA-1,0.002493,0.001093,0.03373,0.456242,0.50644
CTGGGTTGAGTTAAAG-1,0.841736,0.019761,0.000067,0.138035,0.000401
CTGGTAAAGACTTACA-1,0.01341,0.001241,0.049134,0.22164,0.714575
CTGGTAAAGTGTGGGC-1,0.042059,0.002254,0.073911,0.21492,0.666856
CTGGTAACACATAGAA-1,0.000292,0.000014,0.047942,0.196948,0.754804
CTGGTAACGAGCTCTT-1,0.028564,0.000025,0.141613,0.121874,0.707925
CTGGTCATTCCAATCC-1,0.615148,0.289053,0.002293,0.00019,0.093317
CTGGTCCTAACTTGGC-1,0.000018,0.000018,0.166829,0.448543,0.384591
CTGGTGAATGGGCCTA-1,0.576077,0.000094,0.422808,0.000188,0.000834
CTGGTTCAACGCATCA-1,0.000014,0.00038,0.014438,0.736186,0.248982
CTGGTTCGCGAGCTAC-1,0.000427,0.00001,0.246594,0.02053,0.732439
CTGGTTTCGAGCAAGA-1,0.030512,0.00002,0.160944,0.072057,0.736467
CTGTACTTCTTAGCAT-1,0.464982,0.111204,0.238701,0.000175,0.184937
CTGTAGCCATCTCACT-1,0.134674,0.000056,0.671444,0.000112,0.193714
CTGTAGTGAGGATCGA-1,0.000016,0.000016,0.104724,0.556779,0.338465
CTGTATGGTGTAGAAA-1,0.06989,0.001033,0.252657,0.201311,0.475109
CTGTCAAATGGCTCGG-1,0.178048,0.000036,0.350103,0.004191,0.467622
CTGTCACGCCAGGCGC-1,0.026251,0.000023,0.248127,0.06085,0.664749
CTGTGCAGGGTAGGTC-1,0.0826,0.011939,0.227573,0.174014,0.503874
CTGTGGTCGGGAGATA-1,0.000017,0.000502,0.013496,0.499685,0.4863
CTGTTACCCAATCTAG-1,0.000028,0.001184,0.249186,0.26237,0.487231
CTGTTCACTGCCTGTG-1,0.021173,0.000049,0.468817,0.226319,0.283642
CTGTTCATCTCACGGG-1,0.039339,0.000043,0.002781,0.003262,0.954575
CTGTTGTTCAGTCGTA-1,0.774423,0.057277,0.026244,0.000412,0.141644
CTTAAATAAGACCCAT-1,0.84579,0.08829,0.065604,0.000079,0.000237
CTTAACTTACAGTATA-1,0.011246,0.004714,0.15936,0.079998,0.744682
CTTAACTTCGAAGTAC-1,0.013242,0.000024,0.114727,0.443703,0.428305
CTTAATCGACTTAGTA-1,0.003823,0.003567,0.218503,0.221301,0.552807
CTTACACGGTATTCCA-1,0.651853,0.000144,0.046387,0.000289,0.301327
CTTACACTGGGAAATA-1,0.010823,0.000021,0.105332,0.064067,0.819758
CTTACATAGATTTCTT-1,0.01216,0.00002,0.002216,0.058939,0.926664
CTTAGATGTTTCATCC-1,0.031674,0.000022,0.133291,0.056009,0.779004
CTTAGCCCGGATAGTG-1,0.667743,0.082161,0.148656,0.000266,0.101174
CTTAGCCTTCCACATG-1,0.45119,0.000065,0.336372,0.000131,0.212242
CTTAGGTATAGACCAG-1,0.800684,0.000157,0.135605,0.000315,0.063239
CTTAGGTCCCAATCGT-1,0.014624,0.000012,0.091348,0.08664,0.807376
CTTAGTAGGCCTACAG-1,0.000013,0.000013,0.000013,0.628383,0.371578
CTTAGTGTAGTAGCAT-1,0.00002,0.001638,0.001836,0.396346,0.60016
CTTAGTTGAGGAATCG-1,0.031022,0.000044,0.095105,0.408297,0.465531
CTTATAGATGGCTGTT-1,0.025257,0.000031,0.373274,0.006998,0.594441
CTTATGCGCTCAGGGC-1,0.437738,0.000059,0.561732,0.000118,0.000353
CTTATGTTGACTACCA-1,0.066606,0.000039,0.665366,0.045983,0.222006
CTTCAACTCCACTTGG-1,0.009099,0.00002,0.149679,0.301727,0.539475
CTTCACGCCCTGGTAC-1,0.725046,0.000088,0.254678,0.000175,0.020013
CTTCAGTGGTCGCCTA-1,0.564925,0.000113,0.434061,0.000225,0.000676
CTTCAGTTGGACAACG-1,0.005654,0.000011,0.000011,0.274233,0.720091
CTTCATAGCTCAAGAA-1,0.030901,0.000034,0.50486,0.060916,0.403288
CTTCATCACCAGGGCT-1,0.000012,0.000012,0.000012,0.503147,0.496818
CTTCATTGTCAGTGGA-1,0.45899,0.000183,0.349335,0.000365,0.191127
CTTCCGCTCCGTGAAG-1,0.000012,0.000234,0.004384,0.718562,0.276807
CTTCCTGCATATTTAC-1,0.016078,0.000032,0.45284,0.131201,0.399849
CTTCGATTGCGCAAGC-1,0.000023,0.000023,0.14035,0.06719,0.792413
CTTCGGCCAATTGTTT-1,0.064964,0.000066,0.127495,0.170338,0.637137
CTTCGTAGATAGGTGA-1,0.370833,0.000115,0.331841,0.117134,0.180077
CTTCGTGCCCGCATCG-1,0.032837,0.00002,0.089986,0.623261,0.253896
CTTCTATGTTGAAGTA-1,0.34168,0.000076,0.657635,0.000152,0.000456
CTTCTATTAATGCTAG-1,0.230335,0.000067,0.585203,0.000134,0.184261
CTTCTGGGCGTACCTA-1,0.020955,0.000044,0.418211,0.432329,0.128461
CTTCTTACGTCGTATA-1,0.012793,0.000026,0.156622,0.420557,0.410002
CTTGACCCGAAAGATA-1,0.006698,0.000024,0.236023,0.552556,0.204699
CTTGAGGTTATCCCGA-1,0.084382,0.000029,0.132407,0.240193,0.542989
CTTGAGTTAGGGTAAT-1,0.02669,0.000025,0.275942,0.126357,0.570986
CTTGATGACCATCCAG-1,0.00002,0.00002,0.130549,0.095271,0.77414
CTTGCAACCGCCTCCT-1,0.17147,0.000046,0.313045,0.000092,0.515347
CTTGCCCACCCACGCA-1,0.000008,0.000008,0.000008,0.375562,0.624413
CTTGCCCAGGCTCTAC-1,0.302256,0.066668,0.373009,0.000238,0.257829
CTTGGCCAAGCTGGGA-1,0.000028,0.000028,0.000028,0.722383,0.277532
CTTGTACTTGTTGACT-1,0.068554,0.000043,0.588494,0.183243,0.159666
CTTGTCAACATTCGAG-1,0.000019,0.000019,0.191763,0.202005,0.606195
CTTGTCGTACGTGTCA-1,0.008605,0.000044,0.336661,0.370463,0.284227
CTTGTGAGGACAGCGG-1,0.569496,0.004205,0.053882,0.000556,0.371862
CTTGTGAGTCTTTGAC-1,0.000049,0.000049,0.316851,0.381093,0.301957
CTTGTGCTCACCGATT-1,0.01057,0.000019,0.064317,0.292554,0.63254
CTTGTTGCTGAGTCAA-1,0.000008,0.000008,0.000421,0.864999,0.134564
CTTGTTTATGTAGCCA-1,0.120166,0.000033,0.11087,0.111498,0.657433
CTTTAACTTTCAAAGG-1,0.240489,0.00006,0.41594,0.094606,0.248905
CTTTAATATTGGTCGA-1,0.000024,0.000024,0.227157,0.209418,0.563378
CTTTACCGAATAGTAG-1,0.00615,0.000027,0.460169,0.103239,0.430415
CTTTAGGAACACTGTT-1,0.014303,0.000025,0.241205,0.086444,0.658024
CTTTAGTGCTATTATT-1,0.135263,0.152447,0.044585,0.282199,0.385507
CTTTATCCGACGCATG-1,0.061142,0.012193,0.00002,0.684356,0.242288
CTTTCTGTGCGGGCTT-1,0.001515,0.000038,0.386603,0.103975,0.507869
CTTTGAAACATATTCC-1,0.255374,0.009882,0.081406,0.214583,0.438756
CTTTGCATCGCTCTTG-1,0.002852,0.000031,0.371275,0.07181,0.554032
CTTTGCTGTCATGGAT-1,0.024238,0.001304,0.277047,0.021796,0.675615
CTTTGGCAGACAGAGT-1,0.083082,0.000026,0.241663,0.063157,0.612073
CTTTGGCGCTTTATAC-1,0.879377,0.010124,0.000044,0.007482,0.102973
CTTTGGCTTTAGTAAA-1,0.56274,0.436282,0.000109,0.000217,0.000652
CTTTGGGATTGTTGCA-1,0.050239,0.00004,0.093661,0.272901,0.583159
CTTTGTCGAATGCTCC-1,0.999532,0.000047,0.000047,0.000094,0.000281
GAAACAGATGACCACC-1,0.001714,0.00001,0.042901,0.424943,0.530431
GAAACAGCCATGCAGT-1,0.004519,0.000019,0.09756,0.531755,0.366147
GAAACATAGGAAACAG-1,0.522485,0.031459,0.402205,0.000256,0.043595
GAAACCATGGTGCGCT-1,0.000008,0.000008,0.00004,0.712655,0.28729
GAAACCGAATTACCTT-1,0.234596,0.091208,0.180514,0.109154,0.384529
GAAACCTATACAAATG-1,0.040399,0.000015,0.157364,0.270204,0.532019
GAAACTCGTGCGATGC-1,0.953124,0.000041,0.000041,0.000081,0.046713
GAAACTCTAATGAAGG-1,0.052457,0.000015,0.218306,0.325697,0.403525
GAAAGAACAGCGTTAT-1,0.002906,0.000011,0.055727,0.417044,0.524313
GAAAGCAGTGCACTTT-1,0.000014,0.000014,0.20063,0.287919,0.511422
GAAAGCCCTTTGGACC-1,0.029836,0.000015,0.0637,0.527226,0.379223
GAAAGTGACTAACTGC-1,0.385908,0.000039,0.498034,0.000078,0.115941
GAAATACCTGCTGGCT-1,0.002683,0.000028,0.071243,0.117952,0.808094
GAAATACTAAACGTTT-1,0.458505,0.000027,0.308651,0.000053,0.232764
GAAATATCACCATCAG-1,0.629504,0.024436,0.122389,0.034753,0.188918
GAAATATGCTTGAATG-1,0.000011,0.000011,0.067167,0.310478,0.622333
GAAATCGCGCGCAACT-1,0.079526,0.000015,0.436163,0.034988,0.449308
GAAATGGCGGTGTTAG-1,0.384473,0.000054,0.61504,0.000108,0.000325
GAAATGGGATGTAAAC-1,0.326607,0.000035,0.3139,0.00007,0.359389
GAAATTAGCACGGATA-1,0.019271,0.000022,0.278812,0.153035,0.54886
GAAATTCACATCGCTG-1,0.031041,0.000016,0.064927,0.534758,0.369258
GAAATTGTCTCTATAA-1,0.255931,0.061927,0.000019,0.21075,0.471373
GAACAACTGGGATGAA-1,0.045052,0.000014,0.053164,0.136011,0.765759
GAACACACATCAACCA-1,0.072847,0.00002,0.236715,0.282814,0.407605
GAACAGATTACTAAAT-1,0.004552,0.00002,0.338885,0.088451,0.568093
GAACATTAGTATGTTA-1,0.069827,0.002029,0.092239,0.111829,0.724077
GAACCATCTGGGAGAC-1,0.008797,0.000022,0.187337,0.378465,0.425378
GAACCCTCTGTGTTCT-1,0.058503,0.000043,0.610269,0.045437,0.285748
GAACCTCGACCTACAC-1,0.297707,0.000089,0.701494,0.000178,0.000533
GAACCTTTAACGATCC-1,0.019859,0.000014,0.061254,0.176806,0.742067
GAACGACCGAATGATA-1,0.015249,0.004699,0.210657,0.449098,0.320298
GAACGATAAGTTAAAG-1,0.007842,0.002303,0.138164,0.098649,0.753041
GAACGCGGGTCACACG-1,0.014219,0.000035,0.294038,0.043879,0.647828
GAACGGTGTAAAGCAG-1,0.003656,0.000021,0.484628,0.082196,0.429499
GAACGTCTCATGGTCG-1,0.046749,0.000024,0.258896,0.275585,0.418746
GAACGTTAGGAAGACG-1,0.327146,0.000028,0.430904,0.000056,0.241866
GAACGTTTGTATCCAC-1,0.082209,0.003717,0.000075,0.215585,0.698414
GAACTGTGGAGAGACA-1,0.000016,0.000016,0.347685,0.100583,0.551701
GAACTTAGCGCCCGGT-1,0.039684,0.000027,0.319202,0.175867,0.46522
GAACTTGTGCACGGGA-1,0.04459,0.000014,0.435894,0.000641,0.518861
GAAGAAACGATATTGT-1,0.38968,0.000117,0.609264,0.000235,0.000704
GAAGAACGGTGCAGGT-1,0.01164,0.000015,0.033264,0.383141,0.57194
GAAGACTTCAATGCCG-1,0.042498,0.00002,0.286944,0.286673,0.383865
GAAGCAAGGCAATGTT-1,0.048715,0.000018,0.131807,0.38671,0.43275
GAAGCCACTGATTATG-1,0.000039,0.004648,0.060495,0.301604,0.633214
GAAGCCTGCACATTCC-1,0.000027,0.000027,0.201166,0.274999,0.52378
GAAGCGTGAGGAATTT-1,0.461323,0.044083,0.487304,0.00028,0.007009
GAAGCTCGGACCCGTC-1,0.472806,0.000071,0.526551,0.000143,0.000429
GAAGCTCTTTGCTTAG-1,0.573084,0.00013,0.425745,0.00026,0.00078
GAAGCTTGCTGACCGC-1,0.633088,0.025401,0.175594,0.014287,0.15163
GAAGGACTAAATTGAA-1,0.096329,0.00001,0.005114,0.386149,0.512398
GAAGGAGTCGAGTGCG-1,0.000889,0.000025,0.040038,0.21891,0.740138
GAAGGCTACCATTGTT-1,0.000022,0.000686,0.093745,0.196594,0.708954
GAAGGGCATAACCATG-1,0.748848,0.1496,0.000028,0.00047,0.101055
GAAGGGTCATTAAGAC-1,0.067491,0.000016,0.032833,0.123412,0.776248
GAAGTCAGTTGCACTA-1,0.008763,0.000023,0.373673,0.274064,0.343478
GAAGTCTCCCTAGCGA-1,0.000016,0.013935,0.04128,0.445775,0.498994
GAAGTGATTTATCGTG-1,0.412084,0.000126,0.531466,0.055566,0.000758
GAAGTGCTGGATAGCT-1,0.000029,0.000029,0.360025,0.31088,0.329037
GAAGTTTCCACTCAAT-1,0.549545,0.053358,0.028249,0.009759,0.35909
GAATAGACGCGACCCA-1,0.020741,0.00001,0.003588,0.554525,0.421136
GAATAGCATTTAGGGT-1,0.059802,0.000015,0.036122,0.015165,0.888896
GAATAGCCCTGCGGTC-1,0.071676,0.000014,0.011609,0.248929,0.667772
GAATAGTGCTCGATTA-1,0.041097,0.00005,0.627963,0.000099,0.330792
GAATATTCGGAGTCCC-1,0.000012,0.000012,0.007675,0.834714,0.157588
GAATCGACATGGTCAC-1,0.288563,0.000061,0.610314,0.000121,0.100941
GAATCGCCGGACACGG-1,0.000033,0.001116,0.380914,0.395647,0.222291
GAATCTATACTCGGAC-1,0.072721,0.000029,0.162551,0.12552,0.63918
GAATCTGAACATTCTC-1,0.171715,0.247023,0.097985,0.15313,0.330148
GAATGAAGGTCTTCAG-1,0.001652,0.022526,0.086208,0.180237,0.709377
GAATGCCGAAATGACC-1,0.448203,0.551241,0.000062,0.000123,0.00037
GAATGCGAATCGGTTC-1,0.012914,0.00001,0.001802,0.400802,0.584472
GAATGTATGGCAGGTC-1,0.035681,0.000035,0.147245,0.19716,0.619879
GAATGTGGTCCGGATT-1,0.002873,0.000025,0.456544,0.085553,0.455005
GAATGTTGGGTAATCT-1,0.289936,0.000168,0.000168,0.03184,0.677888
GAATTATAGTGAAAGG-1,0.171688,0.000065,0.827725,0.000131,0.000392
GAATTATGCAACCTAC-1,0.023954,0.000007,0.029338,0.242851,0.703851
GAATTCACCCGGGTGT-1,0.137749,0.023763,0.544573,0.012096,0.281819
GAATTTCTCGCTGCAG-1,0.789448,0.131674,0.078312,0.000141,0.000424
GACAAACATATGCAGG-1,0.058441,0.000011,0.043689,0.202624,0.695235
GACAACGACCATTGAA-1,0.323808,0.000055,0.452794,0.006053,0.21729
GACAACGCAGCTTACG-1,0.034298,0.000017,0.083362,0.24425,0.638072
GACAAGACGCCCGTGC-1,0.19955,0.000047,0.021168,0.008027,0.771207
GACAAGAGATGAGATT-1,0.071494,0.007882,0.037942,0.172285,0.710397
GACACAAGGGAAGAAA-1,0.339962,0.000047,0.571555,0.000094,0.088341
GACACAGCCGGGACTG-1,0.003638,0.005586,0.107251,0.203042,0.680483
GACACCCAAAGACGCG-1,0.000401,0.000016,0.278011,0.282596,0.438976
GACACGAGTTAGAGGA-1,0.249563,0.000027,0.283018,0.006395,0.460997
GACACTGAGTTCAGTG-1,0.171432,0.07858,0.439121,0.106135,0.204732
GACACTGGAACCCGAT-1,0.046364,0.003483,0.028566,0.175278,0.746309
GACACTTCCAATTACC-1,0.014522,0.00001,0.000115,0.352119,0.633234
GACAGAGGTCTTCAGT-1,0.003572,0.00003,0.060654,0.182894,0.75285
GACAGATTTCTGGCTC-1,0.51329,0.000146,0.485395,0.000292,0.000877
GACAGCCAGACCTGAC-1,0.000486,0.00001,0.00001,0.428147,0.571346
GACAGGCACACACTAT-1,0.173291,0.000041,0.04998,0.183245,0.593443
GACAGGTAATCCGTGT-1,0.054567,0.000034,0.010143,0.075775,0.859481
GACATACTGTCGCAGA-1,0.766612,0.232804,0.000065,0.00013,0.00039
GACATCCGTCGAACTG-1,0.022559,0.000019,0.155408,0.056525,0.765488
GACATCGATTTATAAC-1,0.138933,0.000045,0.84969,0.000089,0.011244
GACATTTCGCCCAGCC-1,0.815649,0.000055,0.122191,0.000109,0.061996
GACCAAACGTTGACTG-1,0.013601,0.000012,0.075099,0.173814,0.737474
GACCACACTTCCCTTT-1,0.002927,0.001059,0.002265,0.196912,0.796837
GACCAGAGCCCTGTAG-1,0.828054,0.000077,0.000364,0.000154,0.17135
GACCAGGTCATTCATA-1,0.058344,0.000017,0.024399,0.520774,0.396466
GACCCAATTATGATAC-1,0.41039,0.000078,0.58891,0.000156,0.000467
GACCCGTCGCCGGCTA-1,0.04305,0.000012,0.001146,0.413555,0.542237
GACCGACCGCTAATAT-1,0.440252,0.017579,0.098128,0.000334,0.443706
GACCGACTGAAGCGTC-1,0.078242,0.001869,0.021355,0.009821,0.888713
GACCGATTAAATATGT-1,0.796161,0.000076,0.069215,0.077627,0.056921
GACCGCGTCTGACGTG-1,0.010274,0.000029,0.362922,0.007108,0.619668
GACCGTCAGGTCGTGA-1,0.000013,0.000013,0.008855,0.650828,0.34029
GACCGTGCTGACGGTG-1,0.726183,0.117887,0.013814,0.036276,0.10584
GACCTTCCACGTCTAC-1,0.010198,0.000022,0.162952,0.182076,0.644751
GACGACGATCCGCGTT-1,0.058279,0.000026,0.253581,0.165287,0.522828
GACGACTTTCCAAGAA-1,0.426619,0.006843,0.289646,0.007539,0.269354
GACGAGGCTAATAAAC-1,0.037331,0.000015,0.158226,0.061411,0.743016
GACGATATCACTGGGT-1,0.039998,0.000028,0.154004,0.557141,0.248829
GACGCATACCCGTCGG-1,0.240929,0.001136,0.297228,0.002273,0.458434
GACGCCGTAAAGGCTA-1,0.035252,0.000013,0.064954,0.216314,0.683467
GACGCCTGTTGCAGGG-1,0.017774,0.000027,0.004365,0.783927,0.193908
GACGCTTGCTTCTAAA-1,0.094054,0.000037,0.076579,0.015077,0.814254
GACGGACCGCGTTCCT-1,0.027328,0.000024,0.113188,0.266532,0.592928
GACGGGATGTCTTATG-1,0.014527,0.000018,0.010566,0.8398,0.135089
GACGGGCATCGAATTT-1,0.029884,0.080956,0.123383,0.029581,0.736196
GACGGGTTGGCCCGTA-1,0.000017,0.000663,0.024479,0.463456,0.511385
GACGGTCAATAGAAGC-1,0.011317,0.000022,0.190446,0.194688,0.603527
GACGGTCCTAGGGTGT-1,0.030638,0.000011,0.101374,0.000073,0.867905
GACGTGAGACTCCATG-1,0.030065,0.000016,0.064779,0.498353,0.406787
GACGTGTAGGGATTAT-1,0.875681,0.00061,0.118827,0.00122,0.003661
GACGTTCGTAAATACA-1,0.008884,0.000014,0.003117,0.273309,0.714676
GACGTTGCTCGGCGGC-1,0.000029,0.000029,0.479561,0.174468,0.345914
GACTAACACAGCACCT-1,0.081421,0.000037,0.109882,0.230189,0.578471
GACTAAGATCATGCAC-1,0.01429,0.000035,0.492809,0.018461,0.474406
GACTAAGTAGGCTCAC-1,0.327969,0.000065,0.671443,0.000131,0.000392
GACTACAAAGCGGTGG-1,0.466598,0.000098,0.531043,0.000195,0.002066
GACTACAATTGCTCGT-1,0.000013,0.000013,0.000013,0.502898,0.497064
GACTAGGCCGTTAGGT-1,0.000022,0.000022,0.037307,0.151305,0.811345
GACTCACCCACGTGAG-1,0.000011,0.001256,0.010704,0.35065,0.637379
GACTCCCAGAATAAGG-1,0.002635,0.000019,0.169762,0.161008,0.666576
GACTCCTTCCAATTGA-1,0.98141,0.01839,0.000022,0.000044,0.000133
GACTCGCGGGAATGAC-1,0.000013,0.000013,0.018966,0.599947,0.381061
GACTCGGTCGGCGGAT-1,0.009039,0.000032,0.244465,0.160661,0.585803
GACTCTAGAGTTCCAA-1,0.090822,0.000025,0.113335,0.265138,0.53068
GACTGATTGGTCACAA-1,0.000013,0.000013,0.015009,0.498652,0.486313
GACTGCAAATCGAGCT-1,0.011891,0.000021,0.418304,0.143459,0.426324
GACTGCACCAGCCCAG-1,0.033002,0.000021,0.078508,0.057939,0.830531
GACTGCGGCACGTGTA-1,0.847926,0.130444,0.021256,0.000094,0.000281
GACTGCTGGTGAGAAA-1,0.01385,0.000017,0.187921,0.164702,0.63351
GACTGGGCGCCGCAAC-1,0.105969,0.000013,0.033561,0.45438,0.406077
GACTTCAACGCATCAA-1,0.005793,0.000013,0.078541,0.081421,0.834231
GACTTTCGAGCGGTTC-1,0.053075,0.008327,0.033166,0.271187,0.634246
GAGAAACTGGATCCCA-1,0.038374,0.000032,0.00694,0.087121,0.867533
GAGAACGGTTCTGACT-1,0.028543,0.000015,0.07454,0.142666,0.754236
GAGACCCTGCAACGCC-1,0.063488,0.000022,0.25444,0.046833,0.635216
GAGACTGATGGGTAGA-1,0.374001,0.00007,0.592937,0.000139,0.032854
GAGACTTCGCGACCGA-1,0.014004,0.000016,0.20684,0.180816,0.598325
GAGAGCGCAGTCCCTG-1,0.025447,0.002798,0.248434,0.166877,0.556444
GAGAGGCCTATGTGTA-1,0.079174,0.002504,0.29119,0.003653,0.623478
GAGAGGGCGCGAGGTT-1,0.054636,0.000045,0.71361,0.004349,0.227361
GAGAGGTGCATTCTGG-1,0.229891,0.000039,0.735813,0.000079,0.034178
GAGAGTCTCGGGAGAG-1,0.020945,0.000019,0.27177,0.253679,0.453587
GAGATCTGCTTGGCAT-1,0.526408,0.47315,0.000049,0.000098,0.000295
GAGATCTGTCACTCCG-1,0.141645,0.000048,0.571617,0.000096,0.286594
GAGATCTTCCATGACA-1,0.050458,0.000029,0.247802,0.153434,0.548277
GAGATGACAATCCTTA-1,0.008411,0.000023,0.366605,0.013182,0.611779
GAGATGGCTTTAATCA-1,0.033663,0.000012,0.001587,0.191669,0.77307
GAGATGGGAGTCGACA-1,0.000022,0.000022,0.35848,0.132162,0.509314
GAGCACCTGTGTCCAG-1,0.000014,0.000014,0.007339,0.609245,0.383387
GAGCACGGCGCCTCTT-1,0.002752,0.000009,0.002626,0.220765,0.773848
GAGCATCAACAACTTG-1,0.322688,0.00005,0.67686,0.0001,0.000301
GAGCATCATCCCTGGG-1,0.000011,0.000011,0.000011,0.912081,0.087886
GAGCCACGGTAGTAGG-1,0.010501,0.00002,0.136919,0.615448,0.237113
GAGCCAGCTACCTGTG-1,0.013018,0.000022,0.018947,0.289258,0.678755
GAGCCGAGCGTTTATT-1,0.001287,0.003795,0.279211,0.214555,0.501153
GAGCGAGGGAGTACCG-1,0.01508,0.000019,0.12272,0.365603,0.496578
GAGCGCAAATACTCCG-1,0.031945,0.000017,0.058857,0.117239,0.791942
GAGCGCGCACGAGTAG-1,0.003948,0.000018,0.202626,0.201388,0.59202
GAGCGCTATGTCAGGC-1,0.14229,0.000041,0.240715,0.089134,0.527821
GAGCGCTGTTAGGTAA-1,0.769614,0.108815,0.121084,0.000122,0.000365
GAGCGGAATGCGGTGT-1,0.059503,0.000019,0.479773,0.067008,0.393697
GAGCTAAGGGCATATC-1,0.00004,0.00004,0.222862,0.103036,0.674023
GAGCTCAACATGAGCG-1,0.053285,0.000022,0.26504,0.05845,0.623202
GAGCTCTCGGACCTAA-1,0.040419,0.000045,0.099742,0.566197,0.293597
GAGCTGTCGTCTCGGA-1,0.000013,0.000013,0.022885,0.641841,0.335249
GAGGAATATCTCTTTG-1,0.000026,0.000026,0.14257,0.298306,0.559073
GAGGAATGGAGAGGTT-1,0.636639,0.000089,0.362563,0.000177,0.000532
GAGGAGATCCTCATGC-1,0.982077,0.000019,0.000019,0.000037,0.017848
GAGGAGTAATTCCTAC-1,0.003697,0.000024,0.140597,0.567291,0.288391
GAGGCATTTGCAGCAG-1,0.046851,0.000019,0.039138,0.052147,0.861845
GAGGCCCGACTCCGCA-1,0.386071,0.000039,0.26248,0.000769,0.350641
GAGGCCTGTTGATACA-1,0.015543,0.001942,0.245339,0.027522,0.709655
GAGGCTATCAAAGTCG-1,0.055625,0.000025,0.212808,0.305339,0.426204
GAGGGAGTCAGATCGC-1,0.004403,0.000032,0.359608,0.289461,0.346497
GAGGGCATCGCGTATC-1,0.000033,0.006683,0.055962,0.612901,0.324423
GAGGGCCATAATATTA-1,0.013537,0.000009,0.017763,0.298387,0.670304
GAGGGCCGGCAGAGTC-1,0.035579,0.000011,0.151742,0.04389,0.768778
GAGGGCGCAGCTCTGC-1,0.003992,0.000035,0.466586,0.21884,0.310547
GAGGGTAGTAACAAAG-1,0.229269,0.000059,0.697411,0.000117,0.073144
GAGGTACATCCATCTT-1,0.021576,0.000033,0.11524,0.333914,0.529236
GAGGTACGCGTGTCCC-1,0.004601,0.000018,0.128075,0.163347,0.703958
GAGGTCCCAAAGATCT-1,0.424364,0.000058,0.200581,0.000115,0.374882
GAGGTCCGTTCGCTGT-1,0.00445,0.000026,0.126897,0.283893,0.584734
GAGGTCTTAGTGGGTC-1,0.000038,0.000038,0.284819,0.189503,0.525601
GAGTAAACCGGAAAGT-1,0.01155,0.000006,0.016081,0.183914,0.788448
GAGTAAATTAAGAACC-1,0.025841,0.013153,0.000033,0.129231,0.831743
GAGTAAGGCCACGGGA-1,0.882218,0.000107,0.000107,0.000214,0.117354
GAGTACGGGTATACAA-1,0.034796,0.000034,0.412776,0.282999,0.269395
GAGTAGATACTAGTTG-1,0.011068,0.000026,0.495621,0.018843,0.474441
GAGTATACCCTAATCA-1,0.037336,0.000023,0.363908,0.292579,0.306153
GAGTATCAAAGTTACA-1,0.034986,0.000011,0.097833,0.028457,0.838713
GAGTATGCCCGCCTTG-1,0.200167,0.121388,0.4349,0.084401,0.159144
GAGTATGCGCGTGCAT-1,0.000033,0.001373,0.065927,0.354405,0.578262
GAGTCAGACCAGAATC-1,0.018463,0.000034,0.76619,0.011766,0.203547
GAGTCCACCAGGTTTA-1,0.052301,0.000024,0.038539,0.035072,0.874064
GAGTCCGCTTACCGGA-1,0.031963,0.007535,0.041399,0.1627,0.756404
GAGTCGACAGACCCTC-1,0.234082,0.085627,0.167926,0.106682,0.405683
GAGTGCACGGACAACA-1,0.008708,0.000009,0.302881,0.001126,0.687275
GAGTGTCAACCAGAAA-1,0.01645,0.000008,0.003471,0.269169,0.710903
GAGTGTGCGGTACCCA-1,0.016065,0.000019,0.100363,0.146077,0.737476
GAGTTCTGTGGGTGCT-1,0.662161,0.000631,0.332157,0.001263,0.003788
GAGTTGATGGCAATTT-1,0.514741,0.000116,0.48422,0.000231,0.000693
GAGTTGTCACCAGTCT-1,0.808405,0.000222,0.090941,0.099102,0.001331
GATAAATCGGTGGATG-1,0.017456,0.000041,0.32489,0.276277,0.381336
GATAACTCGCACTGTG-1,0.00884,0.00002,0.400139,0.124935,0.466066
GATAAGGCAGATGCAA-1,0.000463,0.000939,0.026139,0.698311,0.274149
GATACCGTGTCGGAGT-1,0.053653,0.002259,0.067267,0.109967,0.766852
GATACGATGGGAGTCA-1,0.244711,0.000058,0.540972,0.000117,0.214142
GATAGAACCCGCTAGG-1,0.206428,0.000019,0.056025,0.028815,0.708712
GATAGATAGTACAGTC-1,0.000011,0.000011,0.007415,0.361875,0.630687
GATAGGATTAATTACA-1,0.005997,0.000008,0.141137,0.050205,0.802652
GATAGGTAACGTTGAC-1,0.000021,0.000021,0.056835,0.479586,0.463538
GATAGGTGTCCCGGGC-1,0.007674,0.000015,0.143984,0.081808,0.76652
GATAGTGCGAGTAAGT-1,0.070465,0.000024,0.097759,0.262023,0.569729
GATATCAGTATGTATC-1,0.793713,0.049005,0.000043,0.035343,0.121896
GATATCTCATGCAATA-1,0.000021,0.000021,0.103506,0.620002,0.27645
GATATGAGACACTAAC-1,0.047688,0.000018,0.155189,0.141181,0.655924
GATATGCGGTAGCCAA-1,0.044913,0.000198,0.000198,0.372682,0.58201
GATATGGATTACGCGG-1,0.879313,0.001258,0.088908,0.000136,0.030384
GATATTGAGATTGGCG-1,0.000028,0.000028,0.234827,0.30268,0.462437
GATATTTCCTACATGG-1,0.046073,0.000025,0.196087,0.311099,0.446715
GATCAACATAAAGGGA-1,0.025179,0.00001,0.027877,0.692995,0.25394
GATCATTCCAAACATT-1,0.479597,0.000067,0.438338,0.000134,0.081865
GATCCAACCTTTAAAC-1,0.829492,0.030248,0.000044,0.131351,0.008865
GATCCCTTTATACTGC-1,0.250128,0.000042,0.120398,0.065889,0.563544
GATCCGAATATAAGTG-1,0.00783,0.000011,0.138374,0.03579,0.817995
GATCCGGGAATTAACA-1,0.00002,0.003055,0.249245,0.345931,0.40175
GATCCTAAATCGGGAC-1,0.000026,0.000026,0.121759,0.471869,0.40632
GATCCTCGACACTGGC-1,0.433982,0.000066,0.412996,0.000131,0.152825
GATCCTCTTGCGCTTA-1,0.042283,0.000047,0.306124,0.088376,0.563169
GATCGACACTATCTGA-1,0.188233,0.000065,0.785723,0.00013,0.025849
GATCGCGGGCTCTCCA-1,0.718033,0.111544,0.081415,0.084253,0.004755
GATCGCTACCCGATTT-1,0.001483,0.00002,0.132205,0.11364,0.752652
GATCGCTATATCTCAG-1,0.870335,0.000092,0.128839,0.000183,0.00055
GATCGCTGTGGTGCGT-1,0.61407,0.013747,0.274965,0.000156,0.097063
GATCGGATAGAACCAT-1,0.301321,0.000025,0.698457,0.000049,0.000148
GATCGGCGATAAGTCG-1,0.716088,0.116304,0.000183,0.000367,0.167058
GATCGGTGGCCATAAC-1,0.524672,0.000055,0.304818,0.003056,0.167398
GATCGTGACTGATATC-1,0.017842,0.000046,0.108252,0.356767,0.517093
GATCTAACCGTATTCA-1,0.645928,0.026504,0.326867,0.000175,0.000526
GATCTCGACGCTGTGG-1,0.000007,0.000007,0.000007,0.573106,0.426874
GATCTGCTATCTAAGG-1,0.110633,0.000028,0.078724,0.355973,0.454641
GATCTTAGTGAACGTG-1,0.03268,0.000015,0.127565,0.043854,0.795886
GATCTTCATTGTCCTC-1,0.7947,0.204486,0.00009,0.000181,0.000542
GATCTTGGAGGGCATA-1,0.015009,0.003283,0.626994,0.079904,0.274811
GATCTTTGCAGGGTAT-1,0.180192,0.00008,0.463871,0.003635,0.352222
GATCTTTGCTCAAAGA-1,0.027574,0.000016,0.110509,0.03846,0.823442
GATGACAAGTAGGGCA-1,0.464858,0.000107,0.469412,0.000214,0.065408
GATGACGATGATCGCG-1,0.000011,0.000011,0.001544,0.648361,0.350073
GATGAGGAACCTTCGG-1,0.000012,0.000012,0.013044,0.265096,0.721836
GATGATTTGAAACTGG-1,0.000012,0.000012,0.011029,0.807686,0.18126
GATGCCACACTACAGC-1,0.095038,0.000024,0.085413,0.290437,0.529087
GATGCCAGCAGAAGGC-1,0.614649,0.370537,0.014369,0.000111,0.000334
GATGCCTTCTGCGGCA-1,0.653777,0.000106,0.34527,0.000212,0.000635
GATGCGAATGGTATTA-1,0.899848,0.05291,0.036779,0.000059,0.010405
GATGCGTCCTGCATTC-1,0.569892,0.031422,0.000074,0.003306,0.395305
GATGCTACAAGCGCCT-1,0.00278,0.00003,0.099331,0.50771,0.39015
GATGCTACCTTCGATG-1,0.005516,0.000021,0.240485,0.13747,0.616508
GATGCTGTATTTCATC-1,0.00004,0.00004,0.767561,0.025749,0.20661
GATGGCGCACACATTA-1,0.071746,0.000023,0.314576,0.225415,0.38824
GATGGTGAAATAACCC-1,0.063579,0.000029,0.344308,0.077411,0.514672
GATGGTGCCCTAGGCA-1,0.04862,0.000027,0.197393,0.350944,0.403016
GATGTAACGAACCACC-1,0.403828,0.000054,0.595689,0.000107,0.000322
GATGTCCGGATCACAT-1,0.000021,0.000021,0.151772,0.503317,0.34487
GATGTCGGTCAACTGC-1,0.000015,0.000015,0.004508,0.858912,0.136549
GATGTGTTGTCACAAG-1,0.002926,0.000018,0.03718,0.565911,0.393966
GATGTTCAATCCACGA-1,0.131889,0.000048,0.247217,0.061631,0.559215
GATGTTTGTGCGAGAT-1,0.165852,0.000038,0.45557,0.223122,0.155418
GATTAACCGAAAGCCC-1,0.000009,0.000009,0.002719,0.694949,0.302314
GATTAATCCTGGCTCA-1,0.000019,0.000019,0.10375,0.619867,0.276346
GATTACTGAATTTGGG-1,0.054189,0.000035,0.174133,0.318154,0.45349
GATTAGAAACAAGCGT-1,0.002347,0.000022,0.435367,0.100248,0.462017
GATTATCTTGCATTAT-1,0.00816,0.000035,0.209014,0.115849,0.666942
GATTCCCTTGTCGCAG-1,0.325714,0.000063,0.483585,0.000125,0.190513
GATTCCGCGTTTCCGT-1,0.117927,0.000043,0.618975,0.000085,0.26297
GATTCCTATACGGCGC-1,0.619224,0.105987,0.15963,0.000174,0.114985
GATTCGACGGTTCACG-1,0.06988,0.000049,0.699659,0.020294,0.210119
GATTCTGTTAATGAGT-1,0.000032,0.000032,0.508298,0.068867,0.422771
GATTGACACTCTGCTC-1,0.013048,0.000018,0.01838,0.747687,0.220868
GATTGCTCCAGTTGCA-1,0.457102,0.00013,0.366932,0.00026,0.175576
GATTGGGAAAGGTTGT-1,0.010824,0.000012,0.066232,0.09486,0.828073
GATTTAGTGCGTACTG-1,0.035365,0.000021,0.419493,0.000042,0.545079
GATTTGCGCTAACACC-1,0.000014,0.001187,0.0048,0.564015,0.429984
GCAAACCCTACATTAT-1,0.02602,0.000023,0.302332,0.086982,0.584642
GCAAACCTTGGCCATA-1,0.036041,0.000022,0.413432,0.046253,0.504252
GCAAACGTAAGCGACC-1,0.283325,0.052516,0.207759,0.00129,0.455111
GCAAACGTCGCCAGGT-1,0.000006,0.000006,0.015,0.235492,0.749496
GCAAAGGGCGTTAGCC-1,0.658986,0.08378,0.2565,0.000183,0.00055
GCAAATATTACGCTTT-1,0.644167,0.000028,0.000028,0.144869,0.210909
GCAACACACTAGAACT-1,0.743243,0.000048,0.256326,0.000096,0.000287
GCAACCACCAGACCGG-1,0.000038,0.000021,0.173878,0.300933,0.52513
GCAACCACGGCCGCGT-1,0.167622,0.000043,0.585548,0.000085,0.246702
GCAAGAATTCCTTGGC-1,0.001721,0.000018,0.079468,0.581307,0.337485
GCAAGATGTGTTCGCG-1,0.031271,0.000033,0.4115,0.098233,0.458963
GCAAGTGCACAGAGAA-1,0.085405,0.000036,0.48307,0.020285,0.411204
GCAAGTGTAAAGCATG-1,0.09373,0.000021,0.36258,0.187574,0.356095
GCAATTAGTCGCACCG-1,0.015197,0.00001,0.087174,0.122136,0.775483
GCACAAACCCTAGATG-1,0.722338,0.055469,0.221661,0.000133,0.000399
GCACAAACGAGGCGTG-1,0.000012,0.000012,0.000078,0.511799,0.4881
GCACAACCTCGGGCGT-1,0.999523,0.000048,0.000048,0.000095,0.000286
GCACAAGTGGATCATA-1,0.655934,0.343024,0.000116,0.000232,0.000695
GCACAAGTGTCGGAAG-1,0.000027,0.000027,0.336214,0.253273,0.410459
GCACACACTGGTAGCC-1,0.00433,0.000017,0.057539,0.127211,0.810904
GCACACAGCTATTACC-1,0.097635,0.000022,0.033674,0.033845,0.834824
GCACACGCCCATGGTC-1,0.249966,0.000042,0.734814,0.000083,0.015095
GCACAGCACGGGCCGA-1,0.015373,0.000018,0.140342,0.099845,0.744422
GCACCTAGGCGAGTCC-1,0.000013,0.000013,0.004211,0.250727,0.745036
GCACCTTCCCGAAGGT-1,0.221745,0.000013,0.054919,0.003114,0.720209
GCACGCCGATTCCCGC-1,0.038778,0.00002,0.03194,0.047616,0.881645
GCACGCCTACTTAGAT-1,0.832043,0.015461,0.074894,0.000151,0.077451
GCACGTGGTTTACTTA-1,0.006672,0.002094,0.091975,0.081326,0.817933
GCACTAGTCGCGCTAT-1,0.000022,0.000022,0.017124,0.764433,0.218399
GCACTCCCACAGTCCC-1,0.013481,0.000023,0.106657,0.449511,0.430327
GCACTGCCTACCTTTA-1,0.036805,0.00002,0.204877,0.084713,0.673585
GCACTGTGCAAATGTA-1,0.003183,0.000017,0.14945,0.427653,0.419697
GCAGAAACGTAATCCA-1,0.051367,0.00002,0.27218,0.148092,0.52834
GCAGAAGGTAATCTCC-1,0.0011,0.000008,0.022308,0.210305,0.766278
GCAGACCCAGCACGTA-1,0.000011,0.000011,0.000959,0.114741,0.884279
GCAGATCCATAAGACT-1,0.027859,0.000032,0.3688,0.065089,0.53822
GCAGATCCTCGCAAAT-1,0.74119,0.104832,0.008817,0.000124,0.145037
GCAGATTAGGGATATC-1,0.264008,0.000152,0.593262,0.037436,0.105142
GCAGCACACAGCCCAG-1,0.270064,0.000077,0.165835,0.061943,0.502081
GCAGCCTATATCACAT-1,0.000029,0.000029,0.022719,0.151156,0.826067
GCAGCGGTGGGCATTA-1,0.02434,0.000024,0.09187,0.657589,0.226177
GCAGCTATGGACAGGT-1,0.031697,0.00002,0.114256,0.071475,0.782552
GCAGCTGTCAACGCAT-1,0.00001,0.00001,0.00001,0.278409,0.721562
GCAGGAACTTAGATCT-1,0.919885,0.00016,0.00016,0.064844,0.014952
GCAGGACTATAGAATA-1,0.371485,0.009296,0.451032,0.000108,0.168079
GCAGGTAGAGTATGGT-1,0.027487,0.000027,0.016001,0.424371,0.532115
GCAGTGCGGGCGGATG-1,0.056983,0.002314,0.487835,0.00004,0.452828
GCAGTGTGGCTATAGG-1,0.022744,0.000021,0.174588,0.181152,0.621494
GCAGTTCGATCCGAGC-1,0.051594,0.022434,0.13336,0.116284,0.676329
GCATAAATTGAACGCC-1,0.0099,0.000009,0.170119,0.082403,0.737569
GCATACGAGGTCTTTA-1,0.173143,0.000037,0.811173,0.000074,0.015572
GCATAGAGCACTCAGG-1,0.424443,0.026704,0.196477,0.156295,0.196081
GCATCCCTAACTTTGA-1,0.00377,0.00005,0.394278,0.277811,0.324091
GCATCCTCTCCTATTA-1,0.819016,0.117195,0.000072,0.063284,0.000433
GCATCGGCCGTGTAGG-1,0.079865,0.000142,0.000142,0.273333,0.646518
GCATGAGGGACGCGGC-1,0.003213,0.000025,0.28436,0.147161,0.565242
GCATGCTAATAACGAT-1,0.014115,0.000016,0.258888,0.015869,0.711113
GCATTCAAGGCAACGC-1,0.002881,0.000016,0.025846,0.416595,0.554661
GCATTCGAAATGAACA-1,0.768314,0.12341,0.093347,0.00009,0.014839
GCATTGTAATTCATAT-1,0.23912,0.000074,0.722194,0.000148,0.038465
GCATTTCCAAGGCTCC-1,0.008837,0.00001,0.009903,0.360913,0.620337
GCCAACCATTTCCGGA-1,0.029022,0.000022,0.153731,0.152478,0.664747
GCCAAGAATACTTCTG-1,0.976831,0.000037,0.022836,0.000074,0.000222
GCCAATAGGGCATCTC-1,0.057207,0.000039,0.397176,0.222104,0.323474
GCCACAATTTAAGGAC-1,0.000019,0.000019,0.144337,0.211472,0.644153
GCCACCTTATTCGCGA-1,0.677935,0.188325,0.000174,0.000348,0.133218
GCCACTCAGAGCGCGA-1,0.000014,0.000014,0.031688,0.093483,0.874802
GCCACTCCTTACGGTA-1,0.00002,0.01713,0.096555,0.092033,0.794262
GCCAGGAAAGAACACT-1,0.000021,0.000021,0.29084,0.255524,0.453593
GCCAGGAGTAACCGAT-1,0.042481,0.000022,0.197764,0.191955,0.567778
GCCAGGCGTTCGCATG-1,0.019973,0.000024,0.074123,0.334855,0.571025
GCCAGGCTTAGTGGTA-1,0.603572,0.086922,0.308841,0.000166,0.000499
GCCATATTGCACACAG-1,0.044273,0.000033,0.015755,0.453464,0.486475
GCCATCGAGCTGCGTG-1,0.20654,0.000065,0.781506,0.000131,0.011757
GCCATCGATGCTGCAT-1,0.048751,0.001696,0.053261,0.253686,0.642607
GCCATTAGCCTCAAAC-1,0.969475,0.000049,0.000049,0.000098,0.030329
GCCCACCAAGGCTGTC-1,0.03186,0.000037,0.135433,0.590142,0.242528
GCCCACTGGTCCACAA-1,0.033584,0.000015,0.315837,0.018607,0.631957
GCCCAGATGCTGGAGA-1,0.032967,0.032135,0.142237,0.053681,0.73898
GCCCAGTTGGTATGCC-1,0.000031,0.000031,0.069241,0.400629,0.530067
GCCCATGGGTGCAATG-1,0.006847,0.000029,0.339248,0.155608,0.498267
GCCCGACTTCTTCCCG-1,0.318565,0.000069,0.680811,0.000139,0.000416
GCCCGAGAGTCTAAAT-1,0.635775,0.000164,0.362748,0.000328,0.000985
GCCCGATCTGTGGTCG-1,0.33639,0.00002,0.034054,0.269294,0.360243
GCCCGATGCCCAGTTC-1,0.774515,0.000086,0.222762,0.000172,0.002464
GCCCGCGCGTAAACGG-1,0.089385,0.009461,0.423078,0.268041,0.210034
GCCCGCGCGTTTGACA-1,0.000014,0.000387,0.000491,0.919704,0.079404
GCCCGTAATACCTTCT-1,0.151632,0.000052,0.710404,0.028357,0.109554
GCCCGTCAAGCCCAAT-1,0.007413,0.000114,0.000114,0.009792,0.982567
GCCCGTTCACACAATT-1,0.040546,0.000041,0.501053,0.088214,0.370145
GCCCTAAGTGCAGGAT-1,0.000471,0.000023,0.065589,0.226984,0.706934
GCCCTAGCCGTCGCGA-1,0.694616,0.00008,0.145441,0.000159,0.159704
GCCCTGAGGATGGGCT-1,0.007284,0.000016,0.299494,0.127607,0.565599
GCCGAAATTCCTACGT-1,0.755159,0.073234,0.00005,0.100193,0.071364
GCCGACCCACGACTGC-1,0.315474,0.000063,0.683957,0.000126,0.000379
GCCGATTGGCCAAGCT-1,0.276723,0.450779,0.150881,0.000233,0.121385
GCCGCACTCCGTTTCA-1,0.165839,0.000011,0.074282,0.109298,0.650571
GCCGCATTAGTCCGGC-1,0.137225,0.00004,0.185842,0.356527,0.320365
GCCGCTAGATACGCAG-1,0.038063,0.000024,0.059991,0.379458,0.522465
GCCGCTTGTGAGAAAC-1,0.355659,0.000046,0.270185,0.027336,0.346774
GCCGGAAACACATCTT-1,0.03509,0.000009,0.00693,0.778216,0.179755
GCCGGGTTAGGGTCGC-1,0.290723,0.346208,0.054051,0.125196,0.183822
GCCGGTCGTATCTCTC-1,0.01867,0.00003,0.335278,0.124274,0.521748
GCCGGTTTGGGCGGAT-1,0.059981,0.000039,0.113163,0.439043,0.387774
GCCGTCGGTTTCGGGC-1,0.025509,0.002962,0.210318,0.194667,0.566545
GCCTACGTTCTGTGCA-1,0.019629,0.00002,0.055911,0.114908,0.809533
GCCTAGCGATCTGACC-1,0.045451,0.000026,0.153691,0.237462,0.563369
GCCTATAGTGTCAGGG-1,0.000033,0.000033,0.121644,0.411024,0.467266
GCCTATCAGGTAAGAT-1,0.055406,0.004524,0.09515,0.025434,0.819485
GCCTATGCTGGGCCTT-1,0.002328,0.000016,0.003677,0.483044,0.510935
GCCTATTCCGATATAG-1,0.295929,0.000084,0.646919,0.000169,0.056899
GCCTATTTGCTACACA-1,0.000867,0.000018,0.082167,0.64258,0.274368
GCCTCAGGTACCGGTC-1,0.321559,0.000108,0.677468,0.000216,0.000649
GCCTCATCTGGAAATA-1,0.002657,0.00001,0.028129,0.564397,0.404807
GCCTCCGACAATTCAC-1,0.00001,0.00001,0.00001,0.307341,0.692629
GCCTCTATACATAGCA-1,0.000027,0.000027,0.183879,0.013321,0.802746
GCCTGCTACACTGAGA-1,0.020443,0.00002,0.246825,0.150646,0.582066
GCCTGTCCCGGTGCAT-1,0.004039,0.000021,0.194292,0.127278,0.674371
GCCTTCAGCCCTACCG-1,0.00001,0.00001,0.000807,0.859832,0.139341
GCCTTGTATATGCAGT-1,0.882854,0.062299,0.031073,0.000183,0.023591
GCCTTTGTCAGTGGAC-1,0.430301,0.000043,0.031575,0.098281,0.4398
GCGAAACGATCGGGAG-1,0.01157,0.000017,0.119554,0.111097,0.757762
GCGAAACTTAACTGGA-1,0.00001,0.00001,0.049669,0.591743,0.358567
GCGAAGAATCTGACGG-1,0.0402,0.000018,0.160803,0.076366,0.722613
GCGAAGCCATACCCGT-1,0.723628,0.000087,0.114241,0.000175,0.161869
GCGAATGGACTAGCGA-1,0.013868,0.000021,0.210302,0.07174,0.70407
GCGACATGTAAACATC-1,0.000908,0.000011,0.066963,0.213398,0.71872
GCGACCCAACCATCTG-1,0.245196,0.00007,0.754173,0.00014,0.000421
GCGACGATAGTTGTAC-1,0.132764,0.000045,0.861729,0.000089,0.005372
GCGACGGTAGTCTCCT-1,0.000077,0.000016,0.018879,0.126432,0.854597
GCGAGAAACGGGAGTT-1,0.731264,0.022877,0.21947,0.000077,0.026312
GCGAGAGGCCATGTAA-1,0.019618,0.000015,0.087259,0.279502,0.613604
GCGAGAGTTGCGTCCA-1,0.000021,0.000021,0.205329,0.124184,0.670445
GCGAGCGCATGCTCCC-1,0.041231,0.000008,0.01203,0.447955,0.498777
GCGAGGCCCGAGCAGA-1,0.528529,0.04066,0.267167,0.019753,0.143891
GCGAGGGACTGCTAGA-1,0.937823,0.025024,0.00007,0.036661,0.000422
GCGAGTTCTGCAAAGA-1,0.327539,0.000086,0.644748,0.000173,0.027454
GCGATTCTGGAAGCAG-1,0.000393,0.000024,0.239949,0.359508,0.400125
GCGATTGTTAACGTTA-1,0.033168,0.000029,0.420044,0.174923,0.371835
GCGCAAATATATTCAA-1,0.454081,0.021056,0.523842,0.000236,0.000785
GCGCAAGAGCGCGCTG-1,0.000023,0.000023,0.194258,0.239856,0.565841
GCGCATCCAGTCAGCA-1,0.001141,0.00002,0.090744,0.454326,0.45377
GCGCCGTTCCACGATA-1,0.077608,0.663541,0.047647,0.114308,0.096897
GCGCGATGGGTCAAGT-1,0.019021,0.000023,0.12617,0.270208,0.584579
GCGCGGTCTAGTAACT-1,0.0048,0.00002,0.132669,0.147762,0.714748
GCGCGTCATTGGTACA-1,0.000029,0.000029,0.388191,0.079382,0.532369
GCGCGTTTAAATCGTA-1,0.457799,0.013027,0.048618,0.058073,0.422483
GCGCTAAGTATGCATG-1,0.056222,0.000029,0.141667,0.299704,0.502378
GCGCTAATTGAATAGA-1,0.133407,0.000036,0.495457,0.041662,0.329438
GCGCTATGCCGAGGCA-1,0.373157,0.0001,0.136214,0.147655,0.342874
GCGCTCGATCACCTGT-1,0.000007,0.000007,0.000007,0.232072,0.767908
GCGCTGATCCAGACTC-1,0.004871,0.000013,0.001962,0.692188,0.300966
GCGCTGCTTTGCATTT-1,0.015676,0.00002,0.007428,0.286525,0.690351
GCGCTTAAATAATTGG-1,0.009513,0.000022,0.307322,0.033044,0.650099
GCGGACCGCGTTGTGG-1,0.386765,0.094843,0.197965,0.050332,0.270095
GCGGAGAAACTTCGCA-1,0.912018,0.000032,0.016846,0.007135,0.063969
GCGGAGAGGGAGAACG-1,0.004208,0.000018,0.156851,0.202174,0.63675
GCGGATTACTTGTTCT-1,0.0028,0.000046,0.339356,0.038113,0.619685
GCGGCAAAGTATTGCC-1,0.68597,0.000097,0.313158,0.000194,0.000581
GCGGCTCTGACGTACC-1,0.033917,0.000038,0.04903,0.026721,0.890295
GCGGCTTTAGCAAGTT-1,0.000011,0.000011,0.000011,0.422984,0.576984
GCGGGAACCAGGCCCT-1,0.012017,0.000031,0.648379,0.105934,0.233639
GCGGGCAGACGGGTGA-1,0.03929,0.001343,0.249103,0.06797,0.642295
GCGGGCGAGCCTTACC-1,0.006878,0.001538,0.22698,0.137775,0.626829
GCGGTAACCCAAATGA-1,0.023739,0.000015,0.156794,0.369993,0.449459
GCGGTCCCGGTGAAGG-1,0.010028,0.000016,0.026689,0.217353,0.745915
GCGGTCCCTAGACGCA-1,0.040507,0.000036,0.316488,0.340372,0.302598
GCGGTCTTGCTTTCAC-1,0.000016,0.002061,0.000016,0.268932,0.728976
GCGGTGAACTGCGCTC-1,0.000019,0.000019,0.055153,0.38549,0.559318
GCGGTGCGGAGCATCG-1,0.87375,0.124877,0.000153,0.000305,0.000915
GCGGTTCCCTATCATG-1,0.334134,0.027537,0.504675,0.038282,0.095372
GCGTAAATGGCCATAA-1,0.048237,0.000014,0.125722,0.140406,0.685621
GCGTCCAGCTCGTGGC-1,0.012363,0.001735,0.023067,0.730268,0.232567
GCGTCCCTAAGACATA-1,0.023802,0.000028,0.242428,0.359599,0.374143
GCGTCGAAATGTCGGT-1,0.02352,0.003058,0.224793,0.244711,0.503918
GCGTCGCCAGGGTGAT-1,0.052464,0.000026,0.273213,0.219762,0.454536
GCGTCGTAACATGGTC-1,0.011443,0.000029,0.188408,0.054445,0.745675
GCGTCTAACCTCCTAA-1,0.019167,0.000006,0.005216,0.365729,0.609881
GCGTCTCTGCATTGGG-1,0.190799,0.000094,0.286168,0.26476,0.258179
GCGTGGTACTGGGTTA-1,0.032656,0.000025,0.086192,0.34535,0.535776
GCGTGTATGTCGTATT-1,0.000026,0.000026,0.051241,0.679834,0.268873
GCGTTATATTTGGAAC-1,0.251678,0.000034,0.735409,0.000067,0.012812
GCGTTCGGAGACCGGG-1,0.089429,0.000029,0.176743,0.101273,0.632526
GCGTTCTGACTAAGCG-1,0.014916,0.000043,0.154227,0.107512,0.723302
GCTAAACCTGAGGTGA-1,0.40198,0.000035,0.309185,0.00007,0.28873
GCTAACTGAAGTCTGA-1,0.000626,0.000009,0.007299,0.369742,0.622324
GCTAAGCCCAGTATGC-1,0.167827,0.000041,0.154948,0.021902,0.655282
GCTAAGTAAAGGCGAT-1,0.710912,0.288733,0.000039,0.000079,0.000236
GCTAAGTAGTTTCTCT-1,0.000033,0.000033,0.25459,0.2064,0.538943
GCTAATACCGAATGCC-1,0.022424,0.000037,0.492689,0.026302,0.458549
GCTACAATCGAGGATA-1,0.011638,0.000013,0.071867,0.122822,0.79366
GCTACACTGTCCGAAC-1,0.012745,0.00001,0.045498,0.693409,0.248339
GCTACAGTACGGACCG-1,0.208013,0.00004,0.791631,0.000079,0.000237
GCTACGACTTATTGGG-1,0.025674,0.017762,0.007394,0.538371,0.410799
GCTACTATAGTAGAGT-1,0.008212,0.00002,0.192649,0.127705,0.671414
GCTACTCGGACGCAGA-1,0.632136,0.367015,0.000094,0.000189,0.000566
GCTAGACCGTCTACTG-1,0.011325,0.003479,0.105392,0.124695,0.755109
GCTAGAGTAGAGATGT-1,0.014676,0.000021,0.049386,0.141562,0.794357
GCTAGCAACGCACCTA-1,0.000903,0.000019,0.002422,0.199843,0.796813
GCTAGCACCTGGGCCA-1,0.033132,0.010158,0.134,0.051451,0.77126
GCTAGCAGGGAGTGGG-1,0.036102,0.000022,0.036522,0.168679,0.758675
GCTAGCGATAGGTCTT-1,0.609308,0.0806,0.308918,0.000293,0.00088
GCTAGCTTGAATAGCT-1,0.360468,0.000129,0.638368,0.000259,0.000776
GCTAGGCACCACGGAG-1,0.000012,0.000012,0.002096,0.642249,0.355631
GCTAGTAGAGCTTGTA-1,0.132554,0.000057,0.034816,0.485153,0.34742
GCTAGTTTCATTGAGG-1,0.169331,0.000048,0.011027,0.476596,0.342998
GCTATAAGGGCCAGGA-1,0.161601,0.000041,0.09582,0.000083,0.742454
GCTATACGTCTCGGAC-1,0.012287,0.000021,0.074913,0.217317,0.695462
GCTATCATACTCATGG-1,0.000027,0.000027,0.362534,0.049897,0.587515
GCTATCGCGGCGCAAC-1,0.624325,0.00007,0.375046,0.00014,0.000419
GCTCAACCTCTTAGAG-1,0.651872,0.188543,0.000081,0.023876,0.135628
GCTCAATCCGTTTATT-1,0.138084,0.01056,0.127313,0.123374,0.600669
GCTCAATGTAATACCG-1,0.002529,0.000016,0.096436,0.248488,0.65253
GCTCATTACTGCATGT-1,0.063027,0.000034,0.394699,0.134388,0.407851
GCTCATTGATCATATC-1,0.000054,0.199061,0.216451,0.165791,0.418644
GCTCCATGAGTGCAGA-1,0.024525,0.004086,0.671651,0.000049,0.299689
GCTCCATGCAAAGCAA-1,0.037772,0.000019,0.290999,0.149651,0.52156
GCTCCGGACGTTGATA-1,0.597108,0.000023,0.000023,0.13306,0.269786
GCTCCTGACATACTGG-1,0.8698,0.00006,0.038199,0.000119,0.091821
GCTCGACCGAACTGAA-1,0.030477,0.000017,0.001072,0.392832,0.575602
GCTCGCGGTTCCGCTC-1,0.882412,0.110824,0.00005,0.000099,0.006616
GCTCGCTCATGTCCAA-1,0.002811,0.00001,0.001077,0.660798,0.335304
GCTCGGAATTTAAAGC-1,0.090747,0.000037,0.452165,0.071995,0.385056
GCTCTAAACCCTGACG-1,0.189972,0.000025,0.392554,0.024289,0.39316
GCTCTATGTTACGTGC-1,0.084707,0.000042,0.10654,0.106103,0.702608
GCTCTCGGGTACCGAA-1,0.239576,0.000038,0.565514,0.000077,0.194796
GCTCTTTCCGCTAGTG-1,0.016807,0.000043,0.797171,0.011588,0.174391
GCTGAACTCTCCAGGG-1,0.033181,0.000011,0.136604,0.031707,0.798497
GCTGAATCTTCCAATC-1,0.703167,0.037097,0.25905,0.000171,0.000514
GCTGAGCAACGGTTCT-1,0.793681,0.000065,0.205737,0.000129,0.000388
GCTGAGGCGTGAGTAT-1,0.023064,0.009276,0.062011,0.698763,0.206885
GCTGCACGGTTTCTTA-1,0.006022,0.000034,0.529836,0.17325,0.290859
GCTGCGAAGAATTATT-1,0.000013,0.002676,0.013592,0.55868,0.425038
GCTGCTAAGTAGTCGA-1,0.031295,0.000029,0.317988,0.243778,0.40691
GCTGCTACTGCGTAGC-1,0.000045,0.000045,0.657753,0.046591,0.295566
GCTGCTCTCCGGACAC-1,0.43991,0.000098,0.490484,0.000195,0.069313
GCTGGACCCAAAGTGG-1,0.000518,0.000013,0.051423,0.323602,0.624443
GCTGGCATATTCACCT-1,0.887586,0.000095,0.013137,0.000189,0.098994
GCTGGCGGCGCATGCT-1,0.053496,0.000013,0.056554,0.420849,0.469088
GCTGGGAGCGCGTCAA-1,0.017809,0.002456,0.245956,0.475565,0.258213
GCTGGGTCCGCTGTTA-1,0.275712,0.000011,0.007096,0.526469,0.190711
GCTGGTGACTCGTAGT-1,0.023103,0.000032,0.337528,0.106951,0.532385
GCTGGTTTAGGCCATA-1,0.68357,0.00013,0.315258,0.000261,0.000782
GCTGTATTACTGGCCC-1,0.030159,0.007782,0.015422,0.418311,0.528326
GCTGTCTGTGATCGAC-1,0.03254,0.003964,0.173314,0.089714,0.700469
GCTGTTGCTACCGAAC-1,0.000019,0.000019,0.249421,0.082058,0.668483
GCTTAATGTAACTAAC-1,0.000016,0.000016,0.151768,0.31891,0.529289
GCTTACGTAGTTAGTA-1,0.001508,0.00003,0.007674,0.314807,0.675981
GCTTAGGGAAGCGGTA-1,0.042886,0.074513,0.063016,0.175794,0.643791
GCTTATGAAGCAGGAA-1,0.016036,0.000022,0.163438,0.204448,0.616055
GCTTCAGTGGGATTAC-1,0.017686,0.008631,0.238424,0.210581,0.524677
GCTTCCAGCTTAGATT-1,0.102687,0.00003,0.205692,0.12983,0.561762
GCTTCCATGTAACCGC-1,0.000029,0.000029,0.173827,0.140638,0.685476
GCTTCCCGTAAGCTCC-1,0.035176,0.00004,0.29903,0.129461,0.536292
GCTTCCGTCCCTAGAC-1,0.171071,0.000038,0.240938,0.30671,0.281243
GCTTCGACGTTCAATC-1,0.731155,0.133617,0.133927,0.000325,0.000976
GCTTGAGTGACCTCTG-1,0.014573,0.000044,0.335736,0.000088,0.649559
GCTTGATGATAATCAG-1,0.053988,0.00003,0.302835,0.062508,0.580639
GCTTGCAGCACAATTG-1,0.007095,0.000017,0.118685,0.314576,0.559627
GCTTGGATCGATTAGG-1,0.014711,0.000024,0.029789,0.351373,0.604102
GCTTTACACAACTGGG-1,0.010643,0.003403,0.10015,0.017117,0.868687
GCTTTATTAAGTTACC-1,0.000022,0.000022,0.010858,0.253077,0.736021
GCTTTCAGAGGAGGTG-1,0.000011,0.000011,0.000011,0.942724,0.057243
GCTTTCTATCTCAACT-1,0.008736,0.000022,0.112767,0.480677,0.397798
GCTTTGCTGCCGGGTA-1,0.044959,0.006252,0.010415,0.052244,0.88613
GGAAACAGAGCTTGGG-1,0.303563,0.000064,0.360376,0.099459,0.236538
GGAAACCTTGTTGAAT-1,0.049788,0.00002,0.200746,0.145685,0.603761
GGAAACTAAATGGGCC-1,0.040467,0.000014,0.141524,0.030542,0.787452
GGAAAGGGAATTGAGC-1,0.011312,0.001869,0.028627,0.132133,0.82606
GGAAAGTCTTGATTGT-1,0.002181,0.000013,0.070331,0.550483,0.376992
GGAAAGTGCCCATGCC-1,0.015085,0.00003,0.414839,0.057674,0.512372
GGAACCCGAACAAGAA-1,0.79564,0.018312,0.181748,0.000062,0.004238
GGAACCGTGTAAATTG-1,0.351774,0.000064,0.597081,0.000128,0.050954
GGAACCTTGACTCTGC-1,0.614559,0.045473,0.234683,0.000255,0.10503
GGAACGGCCTGCAGCC-1,0.824087,0.081782,0.000088,0.020507,0.073537
GGAACTCGTGAATACG-1,0.037295,0.000024,0.050023,0.254053,0.658604
GGAACTTTGGCGATTA-1,0.052183,0.000018,0.131399,0.04845,0.767949
GGAAGATAAGACTGTA-1,0.03423,0.00002,0.296044,0.090428,0.579278
GGAAGCTCGCTTACAG-1,0.000025,0.000025,0.011519,0.130944,0.857487
GGAAGGACACCGTATA-1,0.00001,0.00001,0.002524,0.482741,0.514715
GGAATAACCTCAAGAA-1,0.005254,0.000015,0.07465,0.619733,0.300348
GGAATGCGCTAGCGTG-1,0.036541,0.002275,0.599998,0.098741,0.262445
GGACAACCATGAAGCC-1,0.016941,0.000013,0.043624,0.117179,0.822244
GGACACCTCGGTGTTG-1,0.000013,0.000013,0.000013,0.552214,0.447748
GGACCAACAGGATAAC-1,0.018596,0.000016,0.101655,0.179148,0.700585
GGACCTACGGTAACGT-1,0.000008,0.000008,0.000012,0.820951,0.17902
GGACCTCTAGGCCGCC-1,0.56134,0.00009,0.437847,0.000181,0.000542
GGACGGCTTGCGCAAC-1,0.035654,0.000025,0.143417,0.21782,0.603084
GGACGGGCGACCAACC-1,0.041037,0.086092,0.224499,0.037746,0.610626
GGACGTCCATAGTTGG-1,0.000011,0.066134,0.004741,0.443897,0.485217
GGACTAAGTCAGGAGT-1,0.604264,0.111293,0.191538,0.000209,0.092696
GGACTCACAAATTAGG-1,0.000006,0.000006,0.006815,0.283904,0.709268
GGACTCGAAGCTTTCA-1,0.013475,0.000016,0.15898,0.032683,0.794846
GGACTCGACAGCGCAT-1,0.029987,0.000024,0.429905,0.071607,0.468477
GGACTCGTGAGTGGTC-1,0.117165,0.000037,0.065537,0.159011,0.658249
GGACTCTTCCGGTTGA-1,0.09653,0.003656,0.282041,0.003632,0.614141
GGACTCTTTGACTAAG-1,0.000011,0.000011,0.000011,0.299642,0.700327
GGAGAAGTCATTGGCA-1,0.000013,0.000013,0.001749,0.666131,0.332095
GGAGACATTCACGGGC-1,0.640096,0.304376,0.000243,0.000486,0.054799
GGAGACCAATGTGCTT-1,0.03692,0.000019,0.012523,0.422768,0.52777
GGAGACCATCTACATA-1,0.999558,0.000044,0.000044,0.000088,0.000265
GGAGACGACACCTTTG-1,0.034181,0.015176,0.019232,0.338037,0.593374
GGAGCAACATTTCAAG-1,0.000007,0.000007,0.000007,0.489048,0.510929
GGAGCACCAAGAACTA-1,0.009334,0.000011,0.036268,0.822841,0.131547
GGAGCGAGGCCTACTT-1,0.037817,0.00002,0.243027,0.06482,0.654316
GGAGGAGTGTGTTTAT-1,0.998085,0.001713,0.000022,0.000045,0.000135
GGAGGATTGAAAGGAG-1,0.048787,0.000015,0.013675,0.70083,0.236693
GGAGGCGAAGAACCGC-1,0.063935,0.00002,0.147283,0.088611,0.700151
GGAGGGCTTGGTTGGC-1,0.000014,0.000014,0.039503,0.707266,0.253203
GGAGGGTCAAGTAAGA-1,0.031916,0.000024,0.322016,0.012312,0.633731
GGAGTGCCGCCCTGGA-1,0.000016,0.000513,0.075905,0.731875,0.19169
GGAGTTGATTCTGTGT-1,0.044541,0.000039,0.151823,0.000077,0.803521
GGATACTCATGAATTG-1,0.000023,0.000023,0.194856,0.480056,0.325041
GGATCAAAGGACGAGG-1,0.04355,0.000012,0.03034,0.587257,0.338841
GGATCATCCCGTACGC-1,0.029205,0.000026,0.108026,0.265811,0.596932
GGATCCCTACCAGCTA-1,0.535863,0.030643,0.079333,0.000102,0.354059
GGATCCGGAATATACT-1,0.038053,0.000024,0.07584,0.379473,0.50661
GGATCTACCGTTCGTC-1,0.018536,0.000037,0.486286,0.161045,0.334096
GGATCTTACTGCCCTT-1,0.034422,0.005128,0.435751,0.004066,0.520634
GGATCTTGACTCAACC-1,0.935717,0.000079,0.063573,0.000158,0.000473
GGATGAAGATCGCTGA-1,0.001981,0.000021,0.285679,0.166819,0.5455
GGATGACGCGAGTTTA-1,0.552958,0.008925,0.260994,0.000197,0.176925
GGATGCTGGCGTTCCT-1,0.088202,0.000023,0.168885,0.324016,0.418873
GGATGGCTTGAAGTAT-1,0.04299,0.00002,0.157575,0.012507,0.786909
GGATGTCCTTACCGCA-1,0.000017,0.000017,0.084346,0.631061,0.284559
GGATTAAGCTAAGGTC-1,0.013528,0.00786,0.251095,0.257765,0.469752
GGATTAATCATGGACC-1,0.014858,0.022267,0.310842,0.06738,0.584653
GGATTCAGTACGGTGG-1,0.000017,0.000017,0.10077,0.362482,0.536715
GGATTCCGCTATACCC-1,0.327925,0.000046,0.628906,0.000091,0.043033
GGATTGAAGTAGCCTC-1,0.048875,0.000035,0.022527,0.131764,0.796798
GGATTGCTGTGACTCC-1,0.006481,0.000034,0.052876,0.392448,0.54816
GGATTTCACTTCTATA-1,0.02593,0.000026,0.08554,0.345969,0.542536
GGCAAAGGCGCCAATA-1,0.281033,0.00705,0.296733,0.143052,0.272132
GGCAAATTACTTTACT-1,0.540333,0.138662,0.029047,0.119462,0.172497
GGCAAGCCAGGGATAG-1,0.015979,0.000027,0.115554,0.153335,0.715105
GGCAAGCCCATAGTGG-1,0.00002,0.000726,0.069213,0.345349,0.584692
GGCAAGGCGAAATAGC-1,0.024357,0.001106,0.017695,0.467733,0.48911
GGCAATAGTCAATGAG-1,0.227735,0.000056,0.762057,0.000113,0.010039
GGCACGCTGCTACAGT-1,0.028106,0.001505,0.000208,0.375528,0.594653
GGCACTCAGCCGACCC-1,0.015282,0.002684,0.035789,0.232077,0.714167
GGCACTCCACTGGGCA-1,0.285553,0.71382,0.00007,0.000139,0.000418
GGCACTGCGGTGGTTT-1,0.007535,0.002567,0.075809,0.024575,0.889514
GGCAGCAAACCTATGC-1,0.044308,0.00002,0.382396,0.049126,0.52415
GGCAGCGGTAATCCTA-1,0.012638,0.000017,0.009705,0.443212,0.534428
GGCATACAGGTAGCGG-1,0.39266,0.021061,0.262021,0.196827,0.127432
GGCATATCGGTTCTGC-1,0.22136,0.000039,0.504151,0.000077,0.274373
GGCATCAACGAGCACG-1,0.038151,0.000014,0.114415,0.436516,0.410905
GGCATTCCCTCCCTCG-1,0.074266,0.000032,0.511586,0.009024,0.405093
GGCATTGAACATCTCA-1,0.001546,0.002077,0.00661,0.354096,0.635671
GGCCAATTGTATAGAC-1,0.057764,0.000018,0.008673,0.04003,0.893516
GGCCACAAGCGATGGC-1,0.019703,0.00002,0.089532,0.226121,0.664624
GGCCCAATCTAGAGGG-1,0.012521,0.00002,0.191057,0.125513,0.670889
GGCCCAGCTGGTTTGC-1,0.003901,0.003793,0.000011,0.56309,0.429205
GGCCCAGTTATCAGCA-1,0.021549,0.000022,0.053563,0.193093,0.731773
GGCCCGTATACCATGC-1,0.000018,0.000018,0.100233,0.064278,0.835454
GGCCCTCACCCACTTA-1,0.03842,0.000011,0.015865,0.682694,0.26301
GGCCGAGACTCTGGTG-1,0.325607,0.000059,0.550683,0.000119,0.123531
GGCCGCAGGAACCGCA-1,0.007094,0.571901,0.000117,0.013789,0.407099
GGCCGGCGTCTGCTAT-1,0.000011,0.000011,0.013442,0.409185,0.577351
GGCCGTTTGGGTTTCA-1,0.000017,0.000017,0.147849,0.56123,0.290887
GGCCTGCTCTGATGTT-1,0.026835,0.000014,0.002164,0.445903,0.525083
GGCCTGCTTCTCCCGA-1,0.010909,0.001296,0.238229,0.020876,0.72869
GGCCTTTGCAACTGGC-1,0.195543,0.000484,0.800105,0.000967,0.002902
GGCGAAATCTAACTTG-1,0.000006,0.000006,0.000006,0.883054,0.116929
GGCGAACCGTTCTGAT-1,0.024298,0.000012,0.23905,0.04432,0.69232
GGCGAGCATCGAGGAC-1,0.025945,0.000016,0.018913,0.408586,0.54654
GGCGAGCGAAACGGCA-1,0.649405,0.032301,0.317901,0.000098,0.000294
GGCGCACAGTTTACCT-1,0.044098,0.00004,0.043164,0.072286,0.840413
GGCGCAGGACATCTTC-1,0.013505,0.000035,0.045198,0.209625,0.731637
GGCGCATGAATTGATG-1,0.525396,0.019532,0.067071,0.309448,0.078552
GGCGCGGAGATCTTTC-1,0.000015,0.000015,0.000015,0.486459,0.513497
GGCGCGTTCGAGTTTA-1,0.031815,0.008947,0.115881,0.078535,0.764821
GGCGCTCCTCATCAAT-1,0.794555,0.000061,0.204898,0.000122,0.000365
GGCGCTTCATTCCCTG-1,0.021891,0.000021,0.303616,0.018125,0.656347
GGCGGAGTAATATTAG-1,0.718064,0.000084,0.163895,0.000169,0.117789
GGCGGGCTCTAAGAGT-1,0.007029,0.000007,0.04727,0.123499,0.822195
GGCGGTAGGATCATTG-1,0.214114,0.000063,0.731148,0.000126,0.054549
GGCGGTTTGCCGGTGC-1,0.913312,0.020041,0.000112,0.003757,0.062778
GGCGTACCCTATATAA-1,0.054698,0.00002,0.155143,0.34059,0.449548
GGCGTAGGGAAAGCTG-1,0.009104,0.000011,0.040546,0.169856,0.780483
GGCGTCCTATCCGCTG-1,0.97926,0.000082,0.000082,0.000164,0.020412
GGCTAAAGGGCGGGTC-1,0.002811,0.000026,0.165761,0.429976,0.401426
GGCTAATGATTGAAAT-1,0.000012,0.000012,0.042911,0.449242,0.507824
GGCTACTATACACTCC-1,0.018707,0.000021,0.11414,0.254631,0.612502
GGCTATTAAGTTGTAT-1,0.387127,0.612193,0.000076,0.000151,0.000453
GGCTCCTCCACCTGTT-1,0.301075,0.008082,0.648484,0.000202,0.042158
GGCTCGCGTTGAGGTA-1,0.046887,0.000031,0.148751,0.266577,0.537754
GGCTCGTGCCACCAGC-1,0.044997,0.000019,0.130107,0.285871,0.539007
GGCTCTGCTCCAACGC-1,0.561304,0.000061,0.013975,0.089211,0.335449
GGCTGAAATAGCAAAG-1,0.014598,0.00002,0.279931,0.222252,0.483199
GGCTGAGCATCGTAAG-1,0.000025,0.000025,0.104609,0.223406,0.671934
GGCTGGCAATCCCACG-1,0.000024,0.003147,0.008973,0.283267,0.70459
GGCTGGCTAGCTTAAA-1,0.001926,0.001676,0.324888,0.395443,0.276066
GGCTGTCCTACTGCGG-1,0.000286,0.004804,0.260618,0.214346,0.519946
GGCTTCTCGTGGGTGG-1,0.31927,0.000023,0.000988,0.210211,0.469509
GGCTTTCAATAAGGGT-1,0.003419,0.000025,0.272095,0.032612,0.691848
GGGAAAGAATGCCAAC-1,0.007452,0.077854,0.054944,0.031141,0.828609
GGGAACCACCTGTTTC-1,0.037682,0.000033,0.197537,0.410058,0.354689
GGGAACGGGAGGTTAG-1,0.047466,0.000035,0.423994,0.058617,0.469889
GGGAACGGTTTCAGAT-1,0.17179,0.000075,0.626044,0.000149,0.201943
GGGAAGACGGTCTGTC-1,0.000013,0.000013,0.000013,0.482044,0.517918
GGGAAGGGCTTTCTCA-1,0.014599,0.000022,0.174907,0.050785,0.759687
GGGAATGAGCCCTCAC-1,0.032023,0.00002,0.098161,0.222056,0.64774
GGGAATTCTGTCCAGT-1,0.294146,0.093775,0.346924,0.00025,0.264904
GGGACAGAGTTACTCC-1,0.707879,0.000088,0.291326,0.000177,0.00053
GGGACCCGTATATCTT-1,0.000026,0.002584,0.083258,0.406545,0.507587
GGGACTGCATAGATAG-1,0.727644,0.000073,0.1019,0.000145,0.170238
GGGAGAACTCACAGTA-1,0.318849,0.000064,0.678827,0.000127,0.002133
GGGAGCGACCGTAGTG-1,0.008262,0.000017,0.134082,0.086954,0.770686
GGGAGGATGCCCGAAA-1,0.62589,0.087703,0.065704,0.042898,0.177806
GGGAGTAATGGCTGGC-1,0.000039,0.000039,0.42021,0.203372,0.376339
GGGAGTTAATGAGGCG-1,0.003928,0.000034,0.572892,0.217518,0.205628
GGGATACGGTAATAAT-1,0.849816,0.149603,0.000065,0.000129,0.000387
GGGATATTGATCGCCA-1,0.300671,0.000042,0.69895,0.000084,0.000253
GGGATCCCAATACAAA-1,0.005645,0.000011,0.093993,0.159405,0.740946
GGGATGGTCGTAACCG-1,0.12251,0.000038,0.117391,0.013822,0.746238
GGGATTATCTCACAAC-1,0.667035,0.33219,0.000086,0.000172,0.000517
GGGATTTACCGCACCT-1,0.060988,0.000025,0.199849,0.137761,0.601377
GGGCAACCGCACGTGC-1,0.533977,0.000064,0.465428,0.000128,0.000403
GGGCACGTAGTACTGT-1,0.034786,0.000018,0.089739,0.455956,0.4195
GGGCACTATTGACCAT-1,0.97814,0.020801,0.000118,0.000235,0.000706
GGGCAGACGTCACTGC-1,0.456261,0.000314,0.540917,0.000627,0.001881
GGGCAGAGCAATCGTT-1,0.023602,0.000033,0.337105,0.25593,0.38333
GGGCAGGATTTCTGTG-1,0.719243,0.05898,0.000129,0.000259,0.221389
GGGCAGTCAACGCCAA-1,0.000008,0.000008,0.000008,0.315508,0.68447
GGGCATGCATGTCGAG-1,0.002717,0.00002,0.267555,0.097402,0.632306
GGGCCATTCGTGCTGG-1,0.749957,0.128969,0.000257,0.119275,0.001541
GGGCCCGTCTTAAACA-1,0.535207,0.096465,0.00043,0.214166,0.153733
GGGCCCTACGAAAGGG-1,0.078226,0.000027,0.785786,0.000499,0.135462
GGGCCGGCCGAAGTAC-1,0.008361,0.00002,0.080725,0.382746,0.528148
GGGCCTAAATGGGCTA-1,0.561336,0.000147,0.437342,0.000294,0.000881
GGGCCTATACAACCGG-1,0.053404,0.002551,0.295784,0.067854,0.580408
GGGCCTATTTAAGTAT-1,0.003073,0.013498,0.10388,0.288418,0.591132
GGGCGAATTTCTCCAC-1,0.994165,0.000129,0.004675,0.000258,0.000774
GGGCGATATGTGTGAA-1,0.346492,0.000057,0.405441,0.008418,0.239592
GGGCGGCAAATGAATT-1,0.35816,0.000066,0.465018,0.003495,0.173261
GGGCGGGTTCCCTACG-1,0.011345,0.000024,0.044486,0.529993,0.414153
GGGCGGTCCTATTGTC-1,0.067886,0.000035,0.684281,0.052579,0.195219
GGGCGTACATTTATAT-1,0.046674,0.000053,0.659236,0.003068,0.290969
GGGCGTCACCACGTAA-1,0.259559,0.069179,0.559424,0.000102,0.111735
GGGCGTCCACTGGCTC-1,0.204508,0.000036,0.262236,0.026297,0.506923
GGGCGTGGTTTCCCAG-1,0.003721,0.003301,0.044293,0.21458,0.734105
GGGCGTTTACATTCAT-1,0.522921,0.000092,0.476253,0.000184,0.000551
GGGCTACTATTTCGTG-1,0.671715,0.000228,0.326229,0.000457,0.001371
GGGCTATGATCGATGG-1,0.068506,0.000023,0.434248,0.030236,0.466987
GGGCTCATCGAACCCA-1,0.011177,0.000026,0.282505,0.358389,0.347903
GGGCTGCCTAGGGCGA-1,0.228662,0.000065,0.508618,0.000634,0.262021
GGGCTGGTTAGTCGCG-1,0.606212,0.000091,0.392966,0.000183,0.000548
GGGTAATGCTGTGTTT-1,0.079322,0.001464,0.01883,0.657615,0.24277
GGGTACACTCTGGAGG-1,0.607159,0.142615,0.045377,0.000185,0.204664
GGGTACCCACGGTCCT-1,0.077722,0.000021,0.387449,0.101774,0.433035
GGGTACTTCATGAACT-1,0.041325,0.000047,0.585782,0.000093,0.372753
GGGTATGTATGCACTT-1,0.744887,0.110266,0.136554,0.000158,0.008135
GGGTATTCTAGCAAAC-1,0.545897,0.000063,0.407328,0.000126,0.046586
GGGTCACCGTGACGGT-1,0.754797,0.193831,0.000314,0.000119,0.050939
GGGTCACGTGCTTATG-1,0.013405,0.00002,0.124733,0.301846,0.559996
GGGTCACTGAGTAGTG-1,0.04567,0.000011,0.078543,0.057114,0.818662
GGGTCAGGAGCTAGAT-1,0.150015,0.000028,0.387712,0.000057,0.462188
GGGTCATGCGTACCAT-1,0.78375,0.19899,0.000091,0.000183,0.016986
GGGTCCTTGGAAGAAG-1,0.999477,0.000052,0.000052,0.000105,0.000314
GGGTCGTGGCAAGTGT-1,0.026725,0.00002,0.007833,0.448277,0.517145
GGGTCTATCGCTTTCC-1,0.006836,0.000017,0.029026,0.088112,0.876009
GGGTGACACCTTAACT-1,0.180387,0.027855,0.115025,0.105748,0.570984
GGGTGCATATGAAAGC-1,0.00259,0.000009,0.001071,0.466636,0.529694
GGGTGGTCCAGCCTGT-1,0.003799,0.000025,0.150356,0.404878,0.440941
GGGTGTTTCAGCTATG-1,0.037944,0.000023,0.116273,0.534711,0.311049
GGGTTAACATTTGAGT-1,0.15981,0.000044,0.48866,0.055766,0.295721
GGGTTCAGACGAACAA-1,0.999781,0.000022,0.000022,0.000044,0.000132
GGGTTTCCGGCTTCCA-1,0.252427,0.000026,0.51138,0.000408,0.23576
GGTAAACTCTGCGCTG-1,0.038937,0.001854,0.0798,0.084822,0.794587
GGTAAATGTGCGTTAC-1,0.046384,0.000016,0.269157,0.103169,0.581274
GGTAACCGGGAGGATA-1,0.667751,0.000083,0.331506,0.000165,0.000495
GGTAACTATGTATCTG-1,0.01036,0.000033,0.357075,0.333836,0.298695
GGTACAAACATGCTAT-1,0.52933,0.075401,0.099268,0.062999,0.233003
GGTACACCAGATTTAT-1,0.022749,0.000016,0.034773,0.13799,0.804472
GGTACATCTGGGACGA-1,0.021432,0.000026,0.423493,0.310137,0.244912
GGTACCATTAAGACGG-1,0.003475,0.000017,0.048658,0.320176,0.627674
GGTACGTTGCGGCCGG-1,0.105887,0.001404,0.106538,0.022932,0.763239
GGTACTAAGTGCTTTG-1,0.000007,0.000794,0.000056,0.228469,0.770674
GGTAGAAGACCGCCTG-1,0.039095,0.000017,0.207335,0.144876,0.608677
GGTAGACCGTTGGGCG-1,0.024954,0.000016,0.032625,0.488989,0.453416
GGTAGGCCAATATCAC-1,0.000012,0.000012,0.002917,0.458304,0.538756
GGTAGTGCTCGCACCA-1,0.111032,0.000028,0.01778,0.033396,0.837764
GGTATAGTGACACATA-1,0.036488,0.00003,0.037929,0.187137,0.738416
GGTATCAAGCATAGAA-1,0.648622,0.000015,0.000492,0.012343,0.338528
GGTATTGCCGAGTTTA-1,0.900378,0.098978,0.000071,0.000143,0.000429
GGTCAAGACTACTTCG-1,0.051707,0.052994,0.000022,0.250347,0.644929
GGTCACGTTAGATTCA-1,0.003398,0.000017,0.034895,0.571029,0.390662
GGTCAGTGGGTCCCAC-1,0.005515,0.000037,0.401554,0.109233,0.483661
GGTCATTGTAGTCATA-1,0.021961,0.004956,0.229295,0.20217,0.541619
GGTCCACGTCTATTTG-1,0.138612,0.000045,0.390251,0.00009,0.471002
GGTCCCATAACATAGA-1,0.008595,0.000022,0.224959,0.197878,0.568547
GGTCCTTCATACGACT-1,0.924179,0.000032,0.000032,0.018019,0.057736
GGTCGGATAAACGGCG-1,0.000026,0.000026,0.115207,0.437299,0.447442
GGTCGGCCAGGAGCTT-1,0.000017,0.000525,0.024726,0.494388,0.480344
GGTCGGTAATTAGACA-1,0.000023,0.000023,0.126532,0.65653,0.216892
GGTCGGTCGTCCACAG-1,0.000022,0.000022,0.309195,0.317507,0.373253
GGTCGTAAGCTCGCAC-1,0.473922,0.000103,0.525147,0.000207,0.000621
GGTCTCCAAGTAGTGC-1,0.011973,0.00001,0.011656,0.163664,0.812698
GGTCTCCGTCCAGGTT-1,0.008633,0.000015,0.023259,0.1094,0.858694
GGTCTCTGAATGGACT-1,0.129105,0.000051,0.868852,0.000102,0.00189
GGTCTGAGAATCTGGA-1,0.05441,0.000018,0.109967,0.330945,0.50466
GGTCTTGAGCGCTCTT-1,0.000032,0.000032,0.660606,0.003382,0.335947
GGTGAAACCGGGAATG-1,0.010282,0.000016,0.197541,0.633629,0.158531
GGTGAACGGGCTAGCC-1,0.000023,0.000023,0.093054,0.533605,0.373296
GGTGAAGTACAGGGAT-1,0.017022,0.00003,0.081311,0.63019,0.271448
GGTGAGATGCAGATAA-1,0.000023,0.000023,0.278381,0.207788,0.513785
GGTGATAAGGAGCAGT-1,0.024812,0.000024,0.268606,0.105898,0.60066
GGTGATTTCATCTTGT-1,0.01185,0.000016,0.038789,0.769376,0.179969
GGTGCAGAGCCTATCG-1,0.010674,0.000017,0.036552,0.552112,0.400644
GGTGCATAAATGATTA-1,0.239482,0.000012,0.094118,0.190361,0.476028
GGTGCGGATAAGTGGC-1,0.014082,0.000021,0.077138,0.722758,0.186
GGTGCTGATCACAAAG-1,0.926082,0.000036,0.007208,0.000072,0.066603
GGTGCTGGTACACATT-1,0.282086,0.000077,0.478054,0.000155,0.239627
GGTGGACCACGTGTTA-1,0.002699,0.000018,0.060151,0.320255,0.616878
GGTGGACTGCTCTGGC-1,0.000017,0.000531,0.017671,0.43481,0.54697
GGTGGAGGTTGATACG-1,0.028197,0.000011,0.157771,0.023611,0.79041
GGTGGGATTAGGTCCC-1,0.021987,0.000015,0.078367,0.403539,0.496092
GGTGTAAATCGATTGT-1,0.000037,0.000014,0.114313,0.192108,0.693527
GGTGTAGGTAAGTAAA-1,0.000011,0.000011,0.043219,0.404527,0.552232
GGTGTTCTGTTTCTAC-1,0.007203,0.000027,0.018698,0.579125,0.394947
GGTGTTGGGCGTCTTA-1,0.00001,0.00001,0.010801,0.126574,0.862606
GGTTACCACCCTCGGG-1,0.005164,0.000031,0.266889,0.202465,0.525451
GGTTACCCGACACTTT-1,0.053843,0.001551,0.310548,0.004787,0.629272
GGTTACCGCTCCCTAC-1,0.022845,0.000033,0.442589,0.080448,0.454085
GGTTAGCTATATGTCT-1,0.000027,0.001011,0.240785,0.05881,0.699368
GGTTAGGCTTGGAGAA-1,0.476195,0.000106,0.399424,0.000213,0.124062
GGTTAGGGATGCTAAT-1,0.867255,0.000054,0.003066,0.009402,0.120222
GGTTAGTTACGGCGCC-1,0.840768,0.01135,0.053339,0.000182,0.094361
GGTTCCACCCGCTTCT-1,0.077128,0.000039,0.081324,0.23098,0.610529
GGTTCCCTAGTGTCTC-1,0.030664,0.000022,0.088452,0.165659,0.715203
GGTTCCGTACGACTAA-1,0.004443,0.001467,0.029886,0.460363,0.503841
GGTTCGATGCTGAGTT-1,0.039412,0.000034,0.432866,0.003688,0.524001
GGTTCGCATTTGCCGT-1,0.101569,0.000039,0.026279,0.114104,0.758009
GGTTCTACTCGTCTGA-1,0.000015,0.000015,0.021985,0.361357,0.616627
GGTTGTATCGTGAAAT-1,0.014283,0.000013,0.01134,0.665947,0.308417
GGTTGTGCTCTTGTCC-1,0.979883,0.005252,0.014654,0.000053,0.000158
GGTTGTGTAGCCTGGC-1,0.305522,0.000032,0.651838,0.000064,0.042544
GGTTTAATTACCATCG-1,0.00633,0.000032,0.215637,0.226281,0.55172
GGTTTAATTGAGCAGG-1,0.016095,0.000023,0.077482,0.147205,0.759195
GGTTTACAATCTCAAT-1,0.508213,0.00007,0.197304,0.145846,0.148566
GGTTTAGCCTTTCTTG-1,0.000021,0.000021,0.10562,0.222566,0.671772
GGTTTCAATCGGTCAG-1,0.000023,0.000023,0.204813,0.345352,0.449788
GGTTTGACAAGAAGCT-1,0.003319,0.000017,0.064993,0.386906,0.544765
GGTTTGAGTGCTGGAA-1,0.000011,0.000011,0.000011,0.822669,0.177299
GGTTTGCGAACACGTA-1,0.00938,0.001972,0.125405,0.019891,0.843353
GGTTTGTGACCTGAGG-1,0.000016,0.000016,0.000016,0.217181,0.782772
GTAACAACTGACCTTG-1,0.000013,0.000013,0.045286,0.407295,0.547393
GTAACAGGTTAACGGC-1,0.043873,0.000009,0.020423,0.506138,0.429557
GTAACATCAGCTCATC-1,0.006311,0.001592,0.12392,0.156204,0.711973
GTAACATCTAAGATAA-1,0.020948,0.000018,0.278961,0.029142,0.670932
GTAACTACGTAGACCT-1,0.860256,0.000048,0.000119,0.023526,0.116052
GTAACTGCCCAAGGAG-1,0.01704,0.00002,0.206138,0.311716,0.465087
GTAACTTGCGGCAGTC-1,0.00002,0.00002,0.061582,0.70652,0.231859
GTAAGCGGGCAGTCAG-1,0.096598,0.000045,0.770386,0.000091,0.13288
GTAAGGATTTGTCGGA-1,0.000015,0.000015,0.085317,0.613891,0.300761
GTAAGTAACAGTCTGG-1,0.006567,0.008495,0.253683,0.13536,0.595895
GTAAGTAGGGTATACC-1,0.399802,0.000112,0.506182,0.000224,0.09368
GTAAGTCCACACTCTA-1,0.027344,0.000018,0.310836,0.026358,0.635444
GTAATAAAGGGCTCCC-1,0.000013,0.000013,0.005991,0.595819,0.398163
GTAATCTGATTCTTCG-1,0.14954,0.053063,0.000043,0.012935,0.784418
GTACACTTACCTGAAG-1,0.271378,0.000123,0.583579,0.000246,0.144674
GTACAGAGGCAAGGGT-1,0.000867,0.001115,0.027381,0.541581,0.429057
GTACGACGGCGCTGCG-1,0.092312,0.000023,0.027068,0.144339,0.736258
GTACGAGATTGCGACA-1,0.000026,0.000026,0.410498,0.175342,0.414107
GTACGCTTCATTGCAC-1,0.011045,0.000021,0.059396,0.217705,0.711833
GTACGTCACGTATTAA-1,0.036345,0.00002,0.058072,0.379726,0.525838
GTACGTTTGCCCGTCA-1,0.15093,0.00761,0.401772,0.125216,0.314471
GTACTAAGATTTGGAG-1,0.354205,0.000067,0.495538,0.062849,0.087341
GTACTACGGCCTCGTT-1,0.000017,0.000017,0.006579,0.251216,0.742171
GTACTCCCTTATCGCT-1,0.083924,0.010332,0.058606,0.562667,0.284471
GTACTCCTGGGTATGC-1,0.03249,0.000031,0.195345,0.368742,0.403392
GTACTGAGGTCGTAAC-1,0.004445,0.000023,0.091676,0.549869,0.353987
GTACTGCATGAAGCGT-1,0.004382,0.000019,0.072612,0.522565,0.400422
GTACTGGAGTTAGACC-1,0.009582,0.000023,0.092895,0.348414,0.549086
GTACTTGGGCACTTCT-1,0.000011,0.000011,0.005572,0.895576,0.098829
GTAGAAACGGGTGGAG-1,0.728899,0.165907,0.000075,0.00015,0.104969
GTAGACAACCGATGAA-1,0.003834,0.000011,0.02905,0.587831,0.379273
GTAGACACGCCTGACT-1,0.000016,0.000016,0.071346,0.054868,0.873753
GTAGACGTCGTTACAT-1,0.016412,0.000023,0.000023,0.742593,0.240949
GTAGAGGGAGACAAGT-1,0.312184,0.000052,0.346338,0.000104,0.341323
GTAGCCAAACATGGGA-1,0.004993,0.000018,0.370643,0.060422,0.563923
GTAGCGCTGTTGTAGT-1,0.247964,0.000022,0.061142,0.441342,0.24953
GTAGCGGCTATACACT-1,0.051473,0.000052,0.228931,0.258401,0.461143
GTAGCTAGTAAGCGCG-1,0.013709,0.000018,0.098372,0.27989,0.608011
GTAGCTCCGGGAGGCT-1,0.007758,0.000019,0.167247,0.303959,0.521017
GTAGCTTCCTCTTGTT-1,0.000018,0.000018,0.031751,0.446349,0.521864
GTAGGTGATCCGTGTA-1,0.291574,0.000043,0.704443,0.000086,0.003855
GTAGTCGCGGGAATCA-1,0.000022,0.000022,0.235154,0.173431,0.59137
GTAGTCTACGATATTG-1,0.000034,0.000034,0.36594,0.115738,0.518253
GTAGTGAGCAACCTCA-1,0.008096,0.000034,0.207493,0.025913,0.758464
GTAGTTAGACAATATA-1,0.013351,0.006443,0.021428,0.353782,0.604996
GTAGTTCGAAGGCGAA-1,0.011158,0.000019,0.208318,0.102349,0.678157
GTAGTTTAAGCACACG-1,0.27847,0.000059,0.720996,0.000119,0.000356
GTATAATCTCCCGGAT-1,0.604394,0.057211,0.000046,0.130183,0.208167
GTATAGGACTCAGTAG-1,0.01425,0.000021,0.046446,0.166252,0.77303
GTATAGTGGCCCATGT-1,0.000025,0.000025,0.152313,0.296501,0.551136
GTATATGTTACGGCGG-1,0.061141,0.000017,0.003214,0.792029,0.1436
GTATCAAACGTTAGCT-1,0.01253,0.000019,0.082301,0.059532,0.845618
GTATCAAGGTACTTCC-1,0.001634,0.00203,0.054468,0.082607,0.859261
GTATCAGCTTGGGTTC-1,0.020062,0.000034,0.188352,0.029272,0.762279
GTATCCTTTGGTAACC-1,0.000022,0.000022,0.155334,0.089611,0.755011
GTATCGGGACGAGCTG-1,0.578367,0.000026,0.139944,0.030943,0.25072
GTATCTCAGTCTTGAC-1,0.345602,0.000081,0.653667,0.000163,0.000488
GTATCTCCCTAACTGT-1,0.011812,0.000018,0.041622,0.488296,0.458251
GTATCTCGGGCGCTTT-1,0.81354,0.000083,0.138588,0.02091,0.026879
GTATCTTGTTGCTCAC-1,0.046975,0.000024,0.149052,0.274384,0.529565
GTATCTTTCATAACCA-1,0.002744,0.003809,0.023482,0.331601,0.638365
GTATGAAATTTCACTC-1,0.465445,0.000054,0.531714,0.000108,0.00268
GTATGACGTGGGAAAC-1,0.000011,0.000011,0.023721,0.781682,0.194574
GTATGTGGGTCTAGTT-1,0.058135,0.000022,0.232092,0.023347,0.686404
GTATTAAGGCGTCTAA-1,0.352116,0.000068,0.647272,0.000136,0.000408
GTATTAGGGTTCGCGT-1,0.009422,0.000023,0.227545,0.129767,0.633243
GTATTCTGAGAAACGA-1,0.0121,0.000031,0.164428,0.530409,0.293032
GTATTCTTACCGTGCT-1,0.041555,0.003107,0.093656,0.512476,0.349206
GTATTTAATGGCATAA-1,0.020996,0.000045,0.002802,0.233308,0.742848
GTCAAAGAAGTGGTGT-1,0.507418,0.000056,0.492078,0.000112,0.000336
GTCAAAGTTTACATAG-1,0.008743,0.000019,0.199439,0.463475,0.328324
GTCAACCAGGCCTATA-1,0.012205,0.001812,0.06695,0.110752,0.80828
GTCAAGCGGACTCGGG-1,0.001842,0.004125,0.552652,0.168894,0.272488
GTCAATGCTATAATTT-1,0.023053,0.000012,0.053061,0.323929,0.599944
GTCAATTGTACTGAAG-1,0.081166,0.001475,0.390197,0.318029,0.209133
GTCACAAAGTTTCCAA-1,0.000692,0.000018,0.203753,0.226245,0.569293
GTCACCTGTCTATGTC-1,0.01743,0.000027,0.129705,0.173729,0.679109
GTCACTCTCCAAATCT-1,0.27158,0.000052,0.725574,0.000105,0.002689
GTCAGAATAGTCTATG-1,0.90435,0.000086,0.001455,0.000172,0.093937
GTCAGACAGCGTTGGA-1,0.430118,0.000842,0.562305,0.001684,0.005051
GTCAGTTGTGCTCGTT-1,0.000013,0.000013,0.031114,0.748343,0.220516
GTCAGTTTGGTAGTCG-1,0.732699,0.000041,0.266928,0.000083,0.000249
GTCATCCCAAACTCAC-1,0.218371,0.000065,0.769854,0.000129,0.011582
GTCATCTCCTACAGCT-1,0.748246,0.005802,0.042203,0.000091,0.203658
GTCATGCACCTCCGTT-1,0.495026,0.00007,0.333802,0.013269,0.157833
GTCATGCGCGAGGGCT-1,0.001487,0.000015,0.039051,0.186861,0.772586
GTCATGGACATGACTA-1,0.281587,0.000073,0.27495,0.077928,0.365462
GTCATTAGAGCGAACG-1,0.080502,0.00004,0.146801,0.551036,0.221621
GTCATTGCATTGACCC-1,0.604619,0.000049,0.357291,0.000099,0.037942
GTCCAATATTTAGCCT-1,0.085533,0.000038,0.467915,0.097442,0.349073
GTCCACGTCGCATTCG-1,0.121821,0.000037,0.337148,0.000074,0.54092
GTCCAGGCACGTGTGC-1,0.002456,0.000019,0.358764,0.109697,0.529064
GTCCCAACGTAAAGTA-1,0.100312,0.000043,0.300788,0.031581,0.567276
GTCCCGCGACGTTATG-1,0.008354,0.000026,0.183508,0.174921,0.633191
GTCCGAGAGCAATCAT-1,0.024467,0.005343,0.047084,0.608753,0.314353
GTCCGGACCTGAAATT-1,0.016087,0.000021,0.213984,0.238731,0.531176
GTCCGGCTGAATTGCG-1,0.232739,0.00005,0.73969,0.0001,0.027421
GTCCGGGTTCACATTA-1,0.004322,0.000023,0.215134,0.290898,0.489622
GTCCGTTAGAGGGCCT-1,0.000019,0.000019,0.074652,0.080776,0.844534
GTCCTACAGGCGGCTC-1,0.77201,0.114335,0.000088,0.006083,0.107483
GTCCTACGAATAGTCT-1,0.000019,0.001745,0.162497,0.138305,0.697434
GTCCTACTCTACGGGC-1,0.692177,0.056759,0.000085,0.12,0.130979
GTCCTAGGATACCTTA-1,0.831606,0.024898,0.062367,0.000329,0.080801
GTCCTATTGTTGTGGT-1,0.014219,0.001124,0.194268,0.262133,0.528256
GTCCTTCTACAACCCA-1,0.302663,0.079604,0.000054,0.569919,0.04776
GTCCTTCTAGTGGGTT-1,0.008431,0.000031,0.176322,0.143492,0.671724
GTCCTTTAATGACTTC-1,0.004832,0.000019,0.073515,0.242138,0.679495
GTCGAATTTGGGCGCT-1,0.771284,0.000116,0.025958,0.000231,0.202411
GTCGATAGGTGACTTT-1,0.000009,0.000009,0.000009,0.260136,0.739837
GTCGCCGTTGTGTGTT-1,0.256618,0.026093,0.716226,0.000266,0.000798
GTCGCGTAACCCGTTG-1,0.00386,0.002412,0.094766,0.49592,0.403041
GTCGGAAGGATACCAG-1,0.019607,0.000018,0.11091,0.283017,0.586448
GTCGGATATCTCAGAC-1,0.623192,0.032442,0.000086,0.069132,0.275148
GTCGGATGTAGCGCGC-1,0.291746,0.000033,0.549751,0.000066,0.158403
GTCGGGAAGCAGAAAC-1,0.015627,0.000024,0.49399,0.054304,0.436054
GTCGGGTGAAGTACCG-1,0.04303,0.000051,0.110784,0.150983,0.695152
GTCGTACCATCTCGGG-1,0.079976,0.023449,0.515145,0.12025,0.261181
GTCGTACCTACGATTG-1,0.423506,0.000163,0.515484,0.000326,0.060521
GTCGTATTGGCGTACA-1,0.000032,0.000032,0.03556,0.46325,0.501127
GTCGTCAATTATAAGG-1,0.00557,0.000018,0.088807,0.612433,0.293172
GTCGTCTGGTTGGCTA-1,0.020928,0.002429,0.058414,0.205147,0.713081
GTCGTGTCTGGTCATC-1,0.04174,0.000084,0.226229,0.267452,0.464495
GTCGTTATTCGCTTAT-1,0.034888,0.000034,0.121032,0.197974,0.646071
GTCTAAGATGCCCAGC-1,0.053202,0.001752,0.305669,0.022862,0.616515
GTCTACTCAATTACAA-1,0.124754,0.000015,0.366266,0.000914,0.50805
GTCTAGTGAGCCGCTT-1,0.000029,0.308202,0.237956,0.0427,0.411112
GTCTATACACGCATGG-1,0.000015,0.00535,0.000959,0.658572,0.335105
GTCTATCTGAGTTTCT-1,0.032231,0.000062,0.567272,0.123334,0.277101
GTCTATTGCATGCTCG-1,0.005283,0.001013,0.045467,0.180342,0.767895
GTCTATTGGTTCCGGT-1,0.000018,0.001701,0.006512,0.557341,0.434427
GTCTCAAGGCCCGGCT-1,0.00002,0.000725,0.138083,0.223353,0.637819
GTCTCCCGAGTCCCGT-1,0.046662,0.000036,0.081757,0.008717,0.862828
GTCTCCGCCTCAATAC-1,0.000028,0.003849,0.298472,0.031745,0.665906
GTCTCCTGCCAGTATG-1,0.746333,0.000131,0.252491,0.000261,0.000784
GTCTCGACTAAGTTTG-1,0.000012,0.00025,0.000146,0.844977,0.154615
GTCTCGATCTGCTTTC-1,0.548725,0.000036,0.157081,0.000072,0.294086
GTCTCGCCAACACGCC-1,0.000023,0.000734,0.272985,0.290802,0.435456
GTCTGCCGACTCGACG-1,0.000018,0.000018,0.066113,0.219512,0.71434
GTCTGGGCGGTCGAGA-1,0.121337,0.000046,0.739376,0.005694,0.133546
GTCTGTAGGTTGAACA-1,0.077211,0.000025,0.195145,0.18878,0.538839
GTCTTACCACGCCAAG-1,0.024317,0.000047,0.022088,0.007085,0.946463
GTCTTAGTACAGCCGG-1,0.104224,0.00003,0.159291,0.08888,0.647574
GTGAAACGGCGCCACC-1,0.018363,0.000021,0.294327,0.142978,0.544311
GTGAAACGTGCTCCAC-1,0.00701,0.000018,0.125247,0.510269,0.357456
GTGAACTCCCATTCGA-1,0.00001,0.00001,0.00001,0.534393,0.465578
GTGAAGATTTCAAGTG-1,0.05082,0.000031,0.248963,0.0662,0.633986
GTGAAGCCGTATAGTC-1,0.01664,0.000023,0.265562,0.145903,0.571872
GTGAAGTCACGACTCG-1,0.494315,0.000124,0.155418,0.000247,0.349895
GTGACAGCTTCCCACT-1,0.000009,0.000009,0.000009,0.602185,0.397788
GTGACCGCACACTACG-1,0.000011,0.000011,0.001557,0.674707,0.323714
GTGACCTAAAGAATAA-1,0.002265,0.000009,0.018959,0.180578,0.798189
GTGACGAGGGTGACCC-1,0.026583,0.000011,0.014567,0.254344,0.704495
GTGACGCAGGTTTCAT-1,0.000017,0.000017,0.041211,0.319881,0.638874
GTGACTTCAGTAGTGC-1,0.288385,0.065347,0.528904,0.030713,0.086652
GTGAGATAACCTTATA-1,0.000026,0.000026,0.428855,0.239812,0.331281
GTGAGCGTGCTGCACT-1,0.796225,0.00805,0.000684,0.007287,0.187754
GTGAGGACACTTAAGG-1,0.000033,0.000033,0.563441,0.043417,0.393076
GTGAGGAGCGGTTGAG-1,0.021214,0.000065,0.081426,0.564049,0.333246
GTGAGTCGACTAATAG-1,0.035122,0.000036,0.03249,0.104522,0.827829
GTGAGTCTAAGACGGA-1,0.859921,0.116141,0.023677,0.000065,0.000196
GTGAGTGGTACAACGC-1,0.012362,0.000017,0.376384,0.150103,0.461134
GTGATCAAGCGTGCAC-1,0.389361,0.000075,0.60996,0.000151,0.000452
GTGATCACTAACGCCT-1,0.024883,0.002845,0.12337,0.178642,0.67026
GTGATCATAGATCTGC-1,0.139804,0.140944,0.392272,0.024884,0.302096
GTGATCCTTGTCATGA-1,0.006246,0.000023,0.242728,0.137842,0.613161
GTGATGCACAACATCT-1,0.073112,0.000025,0.358799,0.053774,0.51429
GTGATTCGCCGCTCAA-1,0.058642,0.000027,0.106951,0.167532,0.666848
GTGCAAATCACCAATA-1,0.714919,0.133482,0.000261,0.000523,0.150815
GTGCAACAAATGTGGC-1,0.010545,0.000015,0.089015,0.628551,0.271875
GTGCACCAGCTTCAAC-1,0.038178,0.000038,0.46584,0.132926,0.363019
GTGCACGAAAGTGACT-1,0.075113,0.000018,0.166376,0.061392,0.697102
GTGCAGCGTAGAGTAG-1,0.049889,0.000009,0.141501,0.053522,0.755078
GTGCCAAACGTTTCGA-1,0.361073,0.00007,0.638297,0.00014,0.00042
GTGCCATCACACGGTG-1,0.007172,0.000039,0.101305,0.454629,0.436856
GTGCCCGTTCGGATTC-1,0.018922,0.000033,0.242424,0.07345,0.665171
GTGCCGCTTCAAAGGT-1,0.047145,0.004249,0.194769,0.193958,0.559878
GTGCCTAGCTATGCTT-1,0.879465,0.019362,0.000045,0.00009,0.101037
GTGCCTCAGTGTACGG-1,0.009,0.000016,0.076766,0.548685,0.365533
GTGCCTGAGACCAAAC-1,0.000009,0.000009,0.000009,0.253537,0.746437
GTGCGAAATCGAACAC-1,0.025022,0.000022,0.13241,0.471842,0.370704
GTGCGACAGGGAGTGT-1,0.002751,0.000015,0.040331,0.36996,0.586944
GTGCGCAGCTTGCTCC-1,0.000009,0.000009,0.000442,0.898969,0.10057
GTGCGCTTACAAATGA-1,0.016167,0.000014,0.041874,0.539487,0.402457
GTGCGGGACCATCGGC-1,0.010575,0.000015,0.075971,0.581636,0.331804
GTGCGGGTCTCCAAAT-1,0.000025,0.000025,0.193064,0.502999,0.303886
GTGCGTGTATATGAGC-1,0.009683,0.000025,0.269955,0.108584,0.611753
GTGCTATCCAGCTGGA-1,0.044431,0.000022,0.253466,0.052006,0.650074
GTGCTCAAGTACTGTC-1,0.686595,0.145027,0.045466,0.000165,0.122747
GTGCTGTTAGAACATA-1,0.010113,0.000018,0.0391,0.088399,0.862369
GTGCTTACATCAGCGC-1,0.000012,0.000012,0.019882,0.301595,0.678499
GTGGAACCTACATGCG-1,0.071073,0.000048,0.125834,0.200289,0.602756
GTGGACCAACCCGATT-1,0.237461,0.000053,0.762061,0.000106,0.000319
GTGGACGCATTTGTCC-1,0.001684,0.000018,0.146666,0.294965,0.556667
GTGGACGTGCTGAGAC-1,0.001981,0.000017,0.032463,0.428201,0.537338
GTGGAGCATGTCGGCC-1,0.000006,0.000006,0.000006,0.269065,0.730916
GTGGAGCGTTTACCGA-1,0.999631,0.000037,0.000037,0.000074,0.000221
GTGGAGTCGGCGGTTG-1,0.294194,0.032068,0.472307,0.040988,0.160443
GTGGCAAACAGCGGCA-1,0.48499,0.000056,0.415643,0.000111,0.0992
GTGGCCGGTTTCTCGG-1,0.892665,0.000037,0.000037,0.051088,0.056172
GTGGCGGGCCGTAGCT-1,0.070189,0.000021,0.184163,0.169589,0.576037
GTGGCGGTCCCAGCGT-1,0.134724,0.000048,0.429987,0.000293,0.434949
GTGGCGTGCACCAGAG-1,0.000944,0.000022,0.171752,0.513538,0.313745
GTGGCTGTTTCTGTTC-1,0.022638,0.000029,0.186278,0.154637,0.636418
GTGGGAACAAACCGGG-1,0.010453,0.000012,0.17263,0.156245,0.660661
GTGGGAAGACTGAATC-1,0.767657,0.000086,0.06672,0.000171,0.165366
GTGGGCTTAGACACAC-1,0.452458,0.000121,0.546453,0.000242,0.000726
GTGGGTCTTCTTTGCG-1,0.075789,0.000018,0.056967,0.527306,0.33992
GTGGTATAGTCTGCCG-1,0.351397,0.000128,0.644921,0.000256,0.003299
GTGGTCAGCGAAGTAT-1,0.000027,0.000027,0.27141,0.145705,0.58283
GTGGTGATGGTTTGTG-1,0.00001,0.00001,0.031323,0.217155,0.751502
GTGGTGGCCAAGTGAA-1,0.014021,0.00002,0.177778,0.10949,0.69869
GTGGTTACTTCTTTCG-1,0.001545,0.000019,0.083739,0.387391,0.527307
GTGGTTTCCGCCTTTC-1,0.13447,0.000036,0.108026,0.007491,0.749977
GTGTACCTTGGCTACG-1,0.233822,0.000057,0.764702,0.000115,0.001304
GTGTACGAACCGTTCC-1,0.005238,0.000009,0.10589,0.050941,0.837923
GTGTATATCAGCGGGC-1,0.000525,0.00003,0.315813,0.04046,0.643172
GTGTATGACTTTAAAG-1,0.000028,0.000028,0.149692,0.622647,0.227604
GTGTCAGTGTACGTGG-1,0.003201,0.000022,0.295338,0.166323,0.535115
GTGTCCGATAAGGCAT-1,0.004867,0.00002,0.057684,0.392624,0.544805
GTGTCGTATAGCGTTC-1,0.000042,0.000042,0.334663,0.151283,0.51397
GTGTCGTATTCACCTT-1,0.000148,0.000021,0.001924,0.105898,0.892009
GTGTGAATAACTTAGG-1,0.036311,0.000024,0.472686,0.027822,0.463157
GTGTGAGCCGAGGTGC-1,0.000011,0.000011,0.00197,0.923159,0.074848
GTGTTACTATGCGTCC-1,0.000031,0.001141,0.282991,0.310577,0.40526
GTTAAAGTAGGACTGG-1,0.000978,0.000016,0.059374,0.41266,0.526972
GTTAACATCACTTAAA-1,0.086486,0.000019,0.082483,0.296272,0.53474
GTTAAGGGTGCGATGT-1,0.00002,0.00002,0.168885,0.031397,0.79968
GTTAATAGCGTCATTA-1,0.184398,0.000034,0.010975,0.101132,0.703461
GTTAATGTCTATCTTA-1,0.31475,0.000055,0.385914,0.000111,0.299169
GTTACAATTGGTGACG-1,0.003026,0.000029,0.326559,0.337467,0.332918
GTTACCAAGGCGTACG-1,0.096211,0.00004,0.206837,0.00008,0.696832
GTTACCTACAACTTGC-1,0.005827,0.006678,0.265123,0.209213,0.51316
GTTACGAAATCCACGC-1,0.023246,0.001322,0.202817,0.24575,0.526865
GTTACGGCCCGACTGC-1,0.027257,0.000021,0.174162,0.485073,0.313487
GTTACTTTGGGCCTAG-1,0.503309,0.085489,0.031898,0.011442,0.367862
GTTAGAGTGTGCCGCT-1,0.000022,0.000022,0.122501,0.41923,0.458225
GTTAGCCCATGACATC-1,0.000009,0.000009,0.000009,0.604439,0.395534
GTTAGCCGTAAATCAA-1,0.009484,0.000011,0.026124,0.255442,0.708939
GTTAGGCTACCCGTTT-1,0.998716,0.000128,0.000128,0.000257,0.000771
GTTATAATACGGTGAA-1,0.038204,0.002132,0.060318,0.115736,0.783611
GTTATATCAGGAGCCA-1,0.007801,0.000023,0.107945,0.073132,0.811099
GTTATATTATCTCCCT-1,0.043804,0.005903,0.069148,0.387163,0.493982
GTTATCAAGCTATCGA-1,0.021573,0.000022,0.095423,0.077112,0.80587
GTTATCACCTTCTGAA-1,0.005194,0.000031,0.470673,0.184235,0.339867
GTTATTAAATACGACC-1,0.024539,0.000018,0.034408,0.377011,0.564024
GTTATTAACGTGGGAG-1,0.501089,0.102219,0.000054,0.240907,0.155731
GTTCAATCTATGTCAA-1,0.040654,0.00002,0.035534,0.363283,0.560509
GTTCACAGGAGTCTAG-1,0.715345,0.284154,0.000056,0.000111,0.000334
GTTCAGTCGCCAAATG-1,0.000016,0.000016,0.095433,0.153114,0.751421
GTTCATCGTTTGGCTG-1,0.002628,0.00002,0.069125,0.312364,0.615863
GTTCCAAGACAGCGAC-1,0.026677,0.000019,0.126254,0.570634,0.276416
GTTCCAGTCTGACCAT-1,0.007679,0.000022,0.123924,0.537169,0.331206
GTTCCCGTAAACATAT-1,0.03205,0.000011,0.07172,0.115823,0.780396
GTTCCGTCCGCCTGCA-1,0.000016,0.000016,0.269098,0.357859,0.373012
GTTCGACAATTGTATA-1,0.253003,0.000077,0.708507,0.000153,0.03826
GTTCGCCATAAGTGCC-1,0.885244,0.000057,0.021858,0.000114,0.092726
GTTCGCTGAGACGTCT-1,0.000067,0.049374,0.082129,0.306102,0.562327
GTTCGGAGCACTCAAC-1,0.027966,0.000022,0.200649,0.069368,0.701995
GTTCGGGCGTACCATT-1,0.00002,0.00002,0.246654,0.189044,0.564261
GTTCGTCTAAAGAACT-1,0.003514,0.00002,0.326451,0.101664,0.568351
GTTCGTCTGGGTCCCT-1,0.025217,0.000026,0.160046,0.072194,0.742517
GTTCGTTGCGGACCAG-1,0.074944,0.000028,0.07973,0.434545,0.410753
GTTCTTCCCTCGATGT-1,0.141089,0.000033,0.379104,0.202918,0.276857
GTTCTTGTAACTCAAT-1,0.011918,0.000021,0.201739,0.137073,0.649249
GTTGAACCGGTTCCAT-1,0.000051,0.000051,0.354362,0.237933,0.407603
GTTGAGTCCCGCCGGT-1,0.026693,0.00003,0.600354,0.012859,0.360065
GTTGCACGGAGTTTCG-1,0.005145,0.000028,0.112356,0.22196,0.66051
GTTGCAGTCGACAACA-1,0.057185,0.007726,0.080465,0.115945,0.738678
GTTGCCCTAACGGGTG-1,0.846848,0.016378,0.000067,0.000135,0.136572
GTTGCGCTAACATTAC-1,0.000006,0.000006,0.000006,0.515199,0.484782
GTTGCGGACGGTCAGG-1,0.00001,0.00001,0.00001,0.303836,0.696133
GTTGGACCGCATCAGG-1,0.000013,0.000013,0.000013,0.446141,0.55382
GTTGGATTCAGTGGCT-1,0.017798,0.000043,0.339041,0.095019,0.548099
GTTGGATTGAGAACAC-1,0.00002,0.00002,0.118052,0.333467,0.54844
GTTGGATTTGCGTTGG-1,0.796571,0.000068,0.092978,0.000137,0.110246
GTTGGTCATGCTATCC-1,0.00387,0.000012,0.019694,0.391327,0.585098
GTTGTAGATTTATGAG-1,0.000014,0.011846,0.000516,0.479175,0.508448
GTTGTCGTGTTAGTTG-1,0.13262,0.000054,0.152135,0.094372,0.620819
GTTGTTACATTGCGCT-1,0.000019,0.000019,0.006146,0.385021,0.608794
GTTGTTGCAAGATGGC-1,0.165053,0.000016,0.496821,0.000031,0.338079
GTTTACGTTCCATCTG-1,0.000018,0.003566,0.083183,0.647002,0.266231
GTTTATGGGATTTAGA-1,0.757317,0.067613,0.17456,0.000128,0.000383
GTTTCAAACGAGTTGT-1,0.023235,0.000013,0.027704,0.074251,0.874797
GTTTCATATCGTCGCT-1,0.033528,0.000027,0.396771,0.179458,0.390215
GTTTCCTGGAGGGTGA-1,0.07657,0.000046,0.481764,0.006198,0.435423
GTTTCTAGAGGCGCGG-1,0.008058,0.004162,0.338891,0.049895,0.598996
GTTTCTGCAGTCTCCC-1,0.141259,0.000053,0.467061,0.273973,0.117655
GTTTGACCAAATCCTA-1,0.498695,0.000066,0.327975,0.000133,0.173131
GTTTGAGCGGTTATGT-1,0.007029,0.000051,0.203085,0.255375,0.534459
GTTTGGCCCAAGTTAT-1,0.022123,0.000021,0.14448,0.445076,0.388301
GTTTGGCCGCTCAGCG-1,0.000018,0.000018,0.032754,0.803917,0.163293
GTTTGGCGTCAGGCAC-1,0.005494,0.000026,0.139288,0.1813,0.673893
GTTTGGGCTTGTGAGC-1,0.000012,0.000012,0.020645,0.671487,0.307844
GTTTGGGTTTCGCCCG-1,0.038222,0.000024,0.225309,0.038043,0.698401
GTTTGGTAGGGTCAAC-1,0.000011,0.000011,0.049791,0.610865,0.339322
GTTTGGTGATCGGTGC-1,0.000032,0.000032,0.481366,0.048699,0.469871
TAAACCCAGGAGGGCA-1,0.272392,0.192018,0.162427,0.213654,0.159509
TAAACGTCGTCAATGA-1,0.739965,0.25928,0.000084,0.000168,0.000503
TAAAGACAACCCTTTA-1,0.013876,0.000714,0.21427,0.022251,0.748889
TAAAGAGCCCGAAACC-1,0.011877,0.000016,0.103012,0.587007,0.298087
TAAAGCGGTATTTCCA-1,0.000545,0.000015,0.031101,0.274143,0.694196
TAAAGCGTTAGGAGAA-1,0.043612,0.000026,0.529891,0.05921,0.367262
TAAAGCTGCAATAGGG-1,0.039566,0.00002,0.156407,0.354232,0.449776
TAAAGGAGAAACTAGT-1,0.000009,0.000009,0.000009,0.813868,0.186106
TAAAGTGCACGTCTCG-1,0.010974,0.000026,0.301852,0.15882,0.528328
TAAATCTTTACACCTC-1,0.007955,0.000023,0.165183,0.054171,0.772668
TAAATGAATCCGTTTC-1,0.49157,0.000091,0.507612,0.000182,0.000545
TAAATGCCGTCTCATG-1,0.027371,0.000026,0.420736,0.027126,0.524742
TAAATTGTGGGTAAAG-1,0.028666,0.093682,0.18878,0.029479,0.659394
TAAATTTAGTAACACC-1,0.010153,0.000017,0.173782,0.073193,0.742855
TAACAAAGGGAGAAGC-1,0.059481,0.000029,0.132306,0.184495,0.62369
TAACAATATTTGTTGC-1,0.83207,0.008721,0.103152,0.00009,0.055966
TAACAGCGTTTGTGCT-1,0.09772,0.000027,0.092734,0.269677,0.539842
TAACAGGTTCCCTTAG-1,0.005451,0.000025,0.286225,0.048452,0.659846
TAACATACAATGTGGG-1,0.005993,0.002646,0.204372,0.481936,0.305052
TAACATACACGCGATC-1,0.540448,0.020034,0.317122,0.000173,0.122222
TAACCGCCCGCAGTGC-1,0.01648,0.000009,0.000917,0.934842,0.047752
TAACCGTCCAGTTCAT-1,0.256254,0.000024,0.336877,0.039111,0.367735
TAACCTACCGTCCGAG-1,0.002622,0.000012,0.003275,0.593919,0.400172
TAACCTAGGGAGTCCA-1,0.02516,0.000017,0.039086,0.087778,0.84796
TAACGCTTTGAGAGCG-1,0.529415,0.05258,0.192639,0.000168,0.225197
TAACTATCGAAGGTCC-1,0.309053,0.000054,0.572211,0.000109,0.118572
TAACTATTACGCCAAA-1,0.000012,0.000012,0.035119,0.555518,0.409339
TAACTCATCCGCGCGG-1,0.549198,0.000038,0.024685,0.028024,0.398054
TAACTCCATGGAGGCT-1,0.316288,0.00007,0.369573,0.000141,0.313929
TAACTGAAATACGCCT-1,0.888593,0.11063,0.000063,0.000126,0.000589
TAAGAGGGACAGGGAC-1,0.51242,0.000084,0.486823,0.000168,0.000505
TAAGATTTAGCGGGAG-1,0.007885,0.000018,0.214889,0.409313,0.367896
TAAGCAGGCGACACGC-1,0.073797,0.000027,0.260038,0.25224,0.413898
TAAGCCCTTACGACCA-1,0.000017,0.000017,0.172641,0.134888,0.692437
TAAGCGCGAATCAAAT-1,0.488392,0.000093,0.510767,0.000187,0.00056
TAAGGAACTTGTGGGA-1,0.210637,0.000035,0.284658,0.295285,0.209386
TAAGGCAACATAAGAT-1,0.744811,0.000055,0.056768,0.078359,0.120007
TAAGGCATAACATCAA-1,0.008378,0.001577,0.106962,0.516748,0.366334
TAAGGCCCGTCACCCT-1,0.04495,0.000021,0.187225,0.250435,0.517369
TAAGGCTGAATCCCTC-1,0.005546,0.000016,0.016669,0.196948,0.78082
TAAGGGCCTGTCCGAT-1,0.004681,0.000016,0.008492,0.1739,0.81291
TAAGGGCTGGGAGAGG-1,0.077611,0.000015,0.016388,0.525691,0.380295
TAAGTAAATGTGCCGC-1,0.043461,0.00003,0.04124,0.255909,0.659359
TAAGTAACATCTTGAC-1,0.08052,0.012304,0.032493,0.268072,0.606612
TAAGTCGCCGAGTATC-1,0.233716,0.005245,0.571472,0.000095,0.189471
TAAGTGAATAGTCTAC-1,0.387671,0.000047,0.611909,0.000093,0.00028
TAAGTTGCGACGTAGG-1,0.027162,0.000018,0.081707,0.364972,0.52614
TAATAAACAAGGAGAT-1,0.020536,0.000012,0.013739,0.570909,0.394803
TAATACACAGTAGTAT-1,0.039141,0.000026,0.497385,0.095521,0.367927
TAATACTAGAACAGAC-1,0.001536,0.000017,0.132295,0.142475,0.723677
TAATAGAACAGAGTTA-1,0.07315,0.000018,0.227886,0.182486,0.51646
TAATAGCTAAATGATG-1,0.034894,0.000021,0.3057,0.077847,0.581537
TAATAGGTCACCAGAA-1,0.532519,0.00007,0.466849,0.00014,0.000421
TAATAGTGACGACCAG-1,0.035302,0.000037,0.125738,0.44856,0.390363
TAATATTGAAATTCGC-1,0.001519,0.000036,0.694316,0.085791,0.218338
TAATCAACCAAATGGG-1,0.031418,0.001201,0.007061,0.149591,0.810729
TAATCAGGAATGCTGC-1,0.002228,0.000028,0.085516,0.356249,0.555979
TAATCGATCCGTACGT-1,0.000039,0.000039,0.105662,0.318859,0.575402
TAATGAAAGACCCTTG-1,0.809768,0.189408,0.000092,0.000183,0.000549
TAATGTCGGTTCATGG-1,0.131633,0.000036,0.849789,0.000071,0.018472
TAATTACGTCAGTAGA-1,0.00001,0.00001,0.000206,0.05867,0.941104
TAATTAGATGGATATG-1,0.006981,0.00002,0.153276,0.036633,0.803091
TAATTCCAATGCTTCA-1,0.151017,0.000013,0.225731,0.011237,0.612002
TAATTGCGCTGATTAC-1,0.23455,0.027033,0.149417,0.030671,0.558328
TAATTGGAATCGGGAA-1,0.00027,0.000013,0.023404,0.359141,0.617172
TACAAATTGCGGAGGT-1,0.000013,0.000013,0.000838,0.239775,0.75936
TACAACAGCGCATACA-1,0.066307,0.00003,0.223799,0.000227,0.709636
TACAACGCACAACTCA-1,0.731927,0.000032,0.014528,0.095099,0.158415
TACAAGCTGTTCACTG-1,0.017306,0.000025,0.181559,0.180309,0.620801
TACAAGGGCTTCTTTA-1,0.032196,0.00002,0.104573,0.077626,0.785585
TACAAGTCTCGTGCAT-1,0.915808,0.000097,0.000097,0.083419,0.00058
TACAATGAAACCAGCA-1,0.020383,0.000015,0.035889,0.558299,0.385415
TACACAGCCGTGGTGC-1,0.009971,0.000013,0.01067,0.127738,0.851608
TACACCGTCGTTAGTC-1,0.036718,0.000036,0.012169,0.264259,0.686818
TACACCTCTTCGAATC-1,0.014528,0.000017,0.130603,0.120653,0.734199
TACAGAAACGGTGGGC-1,0.000199,0.000019,0.268313,0.186122,0.545347
TACATAGGCATACACC-1,0.225922,0.308624,0.057256,0.090582,0.317615
TACATCCCTATCCCTG-1,0.59586,0.000098,0.403259,0.000196,0.000587
TACATGACCTTATCCG-1,0.534646,0.075364,0.389082,0.000227,0.000681
TACATGCCGGAATTGT-1,0.021157,0.000012,0.17946,0.043051,0.756321
TACATTTCTAACGTGC-1,0.282483,0.051113,0.016512,0.249814,0.400077
TACCAAATAGCCCAGA-1,0.00002,0.00002,0.331618,0.059638,0.608704
TACCAATAAAGTACCA-1,0.011295,0.00002,0.161023,0.273811,0.553852
TACCAGAAGTAGGTTC-1,0.15651,0.022272,0.408408,0.000097,0.412713
TACCAGCTAGGTTTAA-1,0.00001,0.00001,0.002594,0.902094,0.095291
TACCAGGAATCCCGTC-1,0.01661,0.000023,0.204678,0.401418,0.377271
TACCATGTATTGATTT-1,0.019459,0.000012,0.156225,0.078304,0.746
TACCGAATAATTGTAA-1,0.005215,0.000014,0.105462,0.062122,0.827188
TACCGCGGACTTGCAG-1,0.000019,0.000019,0.04903,0.412775,0.538157
TACCGGCTCACTGCCC-1,0.075413,0.000036,0.607131,0.006093,0.311327
TACCGGTCGTTTCCAT-1,0.000162,0.000023,0.079066,0.511891,0.408858
TACCGTAGGTTAACTA-1,0.005667,0.000019,0.161022,0.271883,0.561409
TACCGTGCCTCGGACC-1,0.02823,0.000027,0.131735,0.156382,0.683625
TACCTACTCCCAGTAT-1,0.020692,0.000036,0.155991,0.223044,0.600237
TACCTCACGCTTGTAC-1,0.112068,0.000028,0.249406,0.22872,0.409778
TACCTCAGTTGTCTGT-1,0.000026,0.000026,0.032086,0.403378,0.564484
TACCTCCACACCAATG-1,0.285025,0.000078,0.71427,0.000157,0.00047
TACCTCTTTACCATCC-1,0.017456,0.000012,0.000103,0.137206,0.845224
TACCTGCTGCACTGTG-1,0.861536,0.000053,0.000053,0.000105,0.138254
TACCTTAAGATTTCCC-1,0.437264,0.009696,0.551851,0.000297,0.000891
TACGAACACGACTTCA-1,0.508925,0.000077,0.44173,0.000153,0.049115
TACGACGCTTGCTGCG-1,0.161862,0.007189,0.66571,0.061042,0.104196
TACGACTGCCTCTTAG-1,0.19122,0.000055,0.387977,0.177173,0.243576
TACGAGAACTTCACGT-1,0.469962,0.047445,0.025445,0.009688,0.44746
TACGATCCAAGCCACT-1,0.027856,0.001442,0.254079,0.2856,0.431022
TACGATGTTGATCATC-1,0.403308,0.007668,0.500766,0.000169,0.08809
TACGCAGTTCTTTCCT-1,0.720349,0.107787,0.008209,0.102011,0.061644
TACGCCATATTCTAAT-1,0.772048,0.057044,0.007877,0.048453,0.114578
TACGCCGAGGGTACCC-1,0.59008,0.000109,0.372791,0.000217,0.036803
TACGCCGCCTCAGAAG-1,0.014076,0.000009,0.026686,0.117284,0.841944
TACGCCTCCATTCCGA-1,0.026594,0.000017,0.018706,0.261797,0.692886
TACGCTATAGAAACCT-1,0.03066,0.000012,0.158566,0.01947,0.791291
TACGCTCCTAGAACTG-1,0.036443,0.014975,0.202164,0.190449,0.55597
TACGCTCGGTATTGGA-1,0.005366,0.000025,0.428306,0.032483,0.53382
TACGCTGATAGTTGTA-1,0.815547,0.042018,0.106688,0.000131,0.035616
TACGCTGCACGGTCGT-1,0.250077,0.000024,0.18734,0.000048,0.562512
TACGCTGCTGTGTTAA-1,0.441551,0.000124,0.557331,0.000248,0.000745
TACGGAAGCCAAACCA-1,0.000014,0.001183,0.125615,0.264582,0.608606
TACGGCATGGACGCTA-1,0.055221,0.000024,0.329329,0.013534,0.601892
TACGGGATGCTAGCAG-1,0.206418,0.000034,0.528656,0.000067,0.264825
TACGGGTAATAACATA-1,0.000009,0.000009,0.002189,0.311387,0.686405
TACGTAAAGCGGAGTG-1,0.000014,0.000014,0.019296,0.129118,0.851558
TACGTACTAGTGCTGA-1,0.000013,0.000013,0.023794,0.523583,0.452596
TACGTGCAAGGTTCCT-1,0.015737,0.001915,0.000006,0.381411,0.600931
TACGTGCACTATGCTG-1,0.054482,0.000035,0.510743,0.030468,0.404271
TACGTGGGCCCAGGGC-1,0.000009,0.000617,0.000009,0.281105,0.71826
TACGTTTACCGGCAAT-1,0.040059,0.000048,0.345552,0.106958,0.507383
TACTACGTGCAATGCG-1,0.0298,0.000018,0.039344,0.113934,0.816903
TACTATGGTTCCTCAG-1,0.073205,0.009934,0.621155,0.105077,0.19063
TACTCATTGACGCATC-1,0.081236,0.000048,0.252136,0.000097,0.666484
TACTCCTCTAGTTGAC-1,0.002069,0.000019,0.010987,0.622372,0.364553
TACTCGGCACGCCGGG-1,0.065685,0.000025,0.614409,0.140726,0.179155
TACTCGTTTGAATCAA-1,0.000017,0.000017,0.136918,0.126135,0.736912
TACTCTCCGAACAAAT-1,0.261773,0.000042,0.725812,0.000084,0.012289
TACTCTTACTTTACTG-1,0.000008,0.000008,0.000008,0.484107,0.515869
TACTCTTTCGTCTTCA-1,0.015348,0.000038,0.478468,0.088257,0.417889
TACTGAACAGATTTAG-1,0.24093,0.034729,0.723896,0.000111,0.000334
TACTGAGGGAAGAAAG-1,0.967965,0.000048,0.000048,0.03165,0.000288
TACTGCAATCAATTAC-1,0.000012,0.000012,0.001014,0.792967,0.205995
TACTGCATGATTAAAT-1,0.015569,0.000025,0.193678,0.061767,0.728962
TACTGGACAGCTCGGC-1,0.217349,0.000062,0.138927,0.219717,0.423945
TACTGTTTCTCTGGTA-1,0.033773,0.00002,0.521204,0.000234,0.444769
TACTTAAACATGTACA-1,0.001633,0.002605,0.000712,0.36707,0.62798
TACTTGTTAGTAGTCC-1,0.003471,0.000817,0.063383,0.380077,0.552252
TACTTTACTGAGCCGG-1,0.046161,0.000028,0.084268,0.058669,0.810874
TACTTTCCGCACGCCA-1,0.743718,0.000108,0.155772,0.000215,0.100187
TAGAAACCACTAAGTA-1,0.010401,0.000014,0.10475,0.435533,0.449302
TAGAAAGGTGGCGCTA-1,0.077148,0.00003,0.47808,0.164098,0.280643
TAGAAATTCACGTATA-1,0.397028,0.000064,0.602399,0.000127,0.000382
TAGAACGCCAGTAACG-1,0.526192,0.330975,0.000079,0.131325,0.011428
TAGAAGAAGGGTTACA-1,0.088366,0.000059,0.10548,0.000118,0.805977
TAGAATAGCCGATGAA-1,0.049962,0.000009,0.002578,0.145063,0.802388
TAGAATTAAGGGCAAC-1,0.023406,0.000012,0.024783,0.580416,0.371384
TAGACGAAACGCCAAT-1,0.00757,0.000014,0.125526,0.319059,0.547831
TAGACGCCCGTACCGG-1,0.030821,0.000025,0.275308,0.170249,0.523597
TAGACTACCTAGCGTT-1,0.000014,0.000014,0.042003,0.338821,0.619148
TAGACTCAGTTGGCCT-1,0.782369,0.017629,0.129513,0.069535,0.000954
TAGAGATCATGCAACT-1,0.22541,0.000046,0.430183,0.000092,0.34427
TAGAGCTACGAAGAAC-1,0.004612,0.000015,0.174589,0.166022,0.65476
TAGAGGGAGTTTATCT-1,0.024522,0.000021,0.046302,0.266599,0.662557
TAGAGGTTCTACTTGT-1,0.02467,0.000027,0.269073,0.095358,0.610872
TAGAGTCTAAGCGAAC-1,0.274745,0.000054,0.719072,0.000109,0.00602
TAGAGTGTTCCGGGTA-1,0.004849,0.000027,0.005315,0.219112,0.770697
TAGATATGGACTGGAA-1,0.104806,0.000054,0.541995,0.017886,0.335259
TAGATCCGAAGTCGCA-1,0.000031,0.000031,0.213356,0.173243,0.613339
TAGATGGTTCCTTACT-1,0.035572,0.000018,0.000018,0.250484,0.713908
TAGATTCAAAGTGCGG-1,0.00001,0.00001,0.00001,0.881882,0.118089
TAGATTCCTGGTTATT-1,0.940351,0.000052,0.000052,0.053216,0.006329
TAGATTCTCTAGCAAA-1,0.172066,0.000019,0.190825,0.023999,0.613091
TAGCAACCTGTCACAA-1,0.232639,0.000041,0.766988,0.000083,0.000248
TAGCAGATACTTAGGG-1,0.010309,0.000023,0.069744,0.0373,0.882623
TAGCAGTAAATACGCG-1,0.147922,0.000016,0.022183,0.044351,0.785529
TAGCAGTATGACTAAA-1,0.024693,0.000013,0.007597,0.314244,0.653453
TAGCCAGAGGGTCCGG-1,0.908614,0.011377,0.031409,0.000046,0.048554
TAGCCATGATTGCCTA-1,0.993602,0.005935,0.000051,0.000103,0.000308
TAGCCATTTCAAAGTC-1,0.002045,0.000012,0.024268,0.324449,0.649226
TAGCCGGCGGTCAGCG-1,0.01619,0.000028,0.484754,0.144196,0.354832
TAGCGTCCGGTGTGGT-1,0.007089,0.000022,0.252038,0.129693,0.611158
TAGCGTTGGGTCTTAC-1,0.008635,0.00378,0.01327,0.553029,0.421286
TAGCTAAGTCCGGGAG-1,0.290656,0.000078,0.6497,0.000155,0.059411
TAGCTAGAAGGCATGA-1,0.152595,0.00005,0.69571,0.000099,0.151547
TAGCTAGTGATGATGG-1,0.000022,0.000022,0.082999,0.360145,0.556811
TAGCTCACTGTGTTTG-1,0.188287,0.000116,0.3661,0.000232,0.445265
TAGCTCAGATCCTAGT-1,0.037789,0.000021,0.036381,0.288063,0.637747
TAGCTCGCCTGATAAC-1,0.000014,0.000014,0.063488,0.080675,0.85581
TAGCTGATGTGAAGCG-1,0.363611,0.000059,0.635857,0.000118,0.000354
TAGGAACAGCCTCCAG-1,0.018525,0.000028,0.10829,0.366927,0.506231
TAGGAGGCTCGAGAAC-1,0.101264,0.000071,0.158521,0.131975,0.608169
TAGGATCTTAACCGCA-1,0.058434,0.000022,0.239234,0.014504,0.687807
TAGGCATGTTACGCCA-1,0.019008,0.000022,0.129018,0.653467,0.198484
TAGGCCTATATAGTCT-1,0.00001,0.001097,0.00001,0.329201,0.669682
TAGGCGATGAGGTCTC-1,0.965892,0.033936,0.000019,0.000038,0.000115
TAGGCGGCTGCAAAGA-1,0.855748,0.000049,0.000049,0.037226,0.106929
TAGGCTAAAGTGGCAC-1,0.026109,0.000019,0.113479,0.206754,0.653639
TAGGGAGCTTGGGATG-1,0.000031,0.005652,0.244405,0.308197,0.441716
TAGGGTGTTTCAAGAG-1,0.050191,0.000035,0.423559,0.129199,0.397015
TAGGTCCAAGTAAGGA-1,0.859798,0.022311,0.002522,0.000128,0.115241
TAGGTCGCCGGAACTG-1,0.003995,0.000014,0.067791,0.379141,0.549058
TAGGTGACGATAACCT-1,0.004999,0.000014,0.199127,0.10954,0.686319
TAGGTGAGCCCTACTC-1,0.784222,0.018216,0.083084,0.000256,0.114221
TAGGTGCTCGCCTAGC-1,0.000017,0.000588,0.024655,0.679145,0.295595
TAGGTGTTCCACAGAT-1,0.033307,0.000034,0.164734,0.143641,0.658283
TAGGTTCGAGTTCGTC-1,0.121478,0.008311,0.857202,0.00019,0.01282
TAGGTTCTGCTGAGAA-1,0.000015,0.000015,0.059538,0.324909,0.615524
TAGTACCACAACTTTC-1,0.71923,0.000165,0.231584,0.000329,0.048691
TAGTACCTTAGTGGTC-1,0.750279,0.007321,0.202523,0.000171,0.039705
TAGTAGCTTATACCAG-1,0.000032,0.000032,0.207522,0.255952,0.536461
TAGTAGTTGCCGGACA-1,0.004035,0.000027,0.016168,0.184723,0.795048
TAGTCCCGGAGACCAC-1,0.041832,0.000023,0.118479,0.218251,0.621416
TAGTCCGCAGAGAATG-1,0.473169,0.093986,0.14455,0.003342,0.284954
TAGTCCGTATGCATAA-1,0.627278,0.000051,0.000051,0.019487,0.353132
TAGTCCTGCACTAAGC-1,0.304329,0.000066,0.695074,0.000133,0.000398
TAGTCGATCACGGGTT-1,0.070845,0.000027,0.147876,0.144954,0.636298
TAGTCGGGATTCTTCG-1,0.545659,0.00004,0.417688,0.00008,0.036534
TAGTCTAACAACGAGA-1,0.032413,0.000028,0.030836,0.662385,0.274338
TAGTCTGCGGCACATT-1,0.018576,0.000049,0.44394,0.227116,0.310319
TAGTCTGTGACGTTGC-1,0.002411,0.000032,0.125131,0.091961,0.780465
TAGTCTTTCCGAATTG-1,0.069819,0.000021,0.172343,0.068687,0.68913
TAGTGACAAGCTCTAC-1,0.064233,0.000103,0.016188,0.043773,0.875702
TAGTGAGAAGTGGTTG-1,0.033123,0.000041,0.258513,0.383576,0.324747
TAGTGCCCTCCAGAGT-1,0.786489,0.004522,0.058984,0.000127,0.149878
TAGTGCTTGAATCCTT-1,0.441275,0.124062,0.433848,0.000204,0.000611
TAGTGGAACTCATACA-1,0.032934,0.000014,0.000014,0.776317,0.190721
TAGTGTCAGAAACGGC-1,0.609065,0.255931,0.000055,0.00011,0.134839
TAGTTAAGATAGGATA-1,0.020516,0.000027,0.223491,0.320918,0.435048
TAGTTTATTCTTGCTT-1,0.007332,0.000024,0.022216,0.285045,0.685383
TATAAATCCACAAGCT-1,0.00117,0.000017,0.116425,0.59667,0.285718
TATAAGTGAGGATAGC-1,0.09649,0.000043,0.352011,0.047354,0.504103
TATACACAGACGCCTT-1,0.00002,0.00002,0.089729,0.309718,0.600513
TATACACGCAAAGTAT-1,0.065845,0.000036,0.341501,0.14469,0.447927
TATACCGAGTGCCACA-1,0.016531,0.000025,0.016228,0.310915,0.656301
TATACGCGTCATCACT-1,0.000019,0.000019,0.126547,0.387162,0.486253
TATACTCATGCGGCAA-1,0.951082,0.048703,0.000024,0.000048,0.000144
TATAGAGTCGCTTGAA-1,0.024894,0.000035,0.540396,0.116556,0.31812
TATAGATGGTCGCAGT-1,0.00742,0.000023,0.204678,0.122898,0.664981
TATAGCGCACGTTATC-1,0.701281,0.000145,0.297418,0.000289,0.000867
TATAGGGTACTCATGA-1,0.033221,0.000034,0.22294,0.201385,0.542421
TATAGTTAGGTGTACT-1,0.922367,0.000056,0.000056,0.000112,0.077409
TATATAGGGCTTTACG-1,0.065942,0.000049,0.933617,0.000098,0.000294
TATATATCGAGAAATG-1,0.389129,0.000109,0.609887,0.000219,0.000656
TATATCAAAGTGATCT-1,0.006436,0.000032,0.238414,0.265764,0.489354
TATATCATTGATCAGT-1,0.0084,0.009922,0.401396,0.183853,0.39643
TATATCCCTGGGAGGA-1,0.045703,0.000026,0.164843,0.213297,0.576131
TATATGCTGGGTTGCC-1,0.263299,0.000036,0.736378,0.000072,0.000215
TATATTACAAATGTCG-1,0.026724,0.000018,0.107203,0.413692,0.452363
TATATTCGCGTCGATA-1,0.155399,0.000033,0.153754,0.277315,0.413499
TATCAAAGGTCTGTAA-1,0.742672,0.000404,0.000404,0.000808,0.255711
TATCACAGCACGGGCA-1,0.007822,0.000023,0.262481,0.297968,0.431706
TATCACCATGTAAAGT-1,0.157298,0.000026,0.239493,0.104448,0.498734
TATCACCCAACCGACC-1,0.004711,0.000023,0.083685,0.263584,0.647997
TATCACTTCGAGTAAC-1,0.012206,0.000019,0.08215,0.510086,0.395539
TATCAGTGGCGTAGTC-1,0.749388,0.248829,0.000198,0.000396,0.001188
TATCCAATTGGTTATC-1,0.000036,0.000036,0.484649,0.043645,0.471635
TATCCATATCATGCGA-1,0.020362,0.000993,0.069659,0.499551,0.409434
TATCCATCTCGGTTAG-1,0.630971,0.000097,0.254569,0.000195,0.114168
TATCCCTCGATCTGCA-1,0.000023,0.000023,0.175696,0.046153,0.778104
TATCCGCACCGTCGGG-1,0.005958,0.000024,0.09267,0.384653,0.516695
TATCCTATCAACTGGT-1,0.002225,0.000026,0.463565,0.072776,0.461408
TATCCTGCATGGGAAT-1,0.011773,0.00002,0.086198,0.744721,0.157288
TATCGATCTATGCATA-1,0.000021,0.000021,0.000021,0.809042,0.190894
TATCGATGATTAAACG-1,0.035569,0.000034,0.31633,0.047825,0.600242
TATCTACAGAGGTAAT-1,0.968299,0.000047,0.000047,0.000094,0.031513
TATCTACCACAGCGGG-1,0.099757,0.000028,0.000028,0.685703,0.214485
TATCTAGCCTAAAGGA-1,0.331131,0.000031,0.6407,0.000061,0.028077
TATCTGAGCCGATATT-1,0.767925,0.230289,0.000199,0.000397,0.001191
TATCTTGCAATACAAC-1,0.550032,0.000058,0.449447,0.000116,0.000347
TATGAAGAATTAAGGT-1,0.036602,0.000019,0.127185,0.067299,0.768896
TATGAAGACAGGTGCG-1,0.874479,0.000044,0.033735,0.000088,0.091654
TATGATAAATCTAACG-1,0.000012,0.000012,0.001743,0.801958,0.196276
TATGATCCGGCACGCC-1,0.000022,0.000022,0.11138,0.263344,0.625231
TATGATCTTCTCTTTA-1,0.000026,0.000026,0.091701,0.112119,0.796128
TATGATTCTGCTTGGT-1,0.070678,0.000037,0.278025,0.268447,0.382814
TATGCTCCCTACTTAC-1,0.175125,0.000059,0.512193,0.039182,0.273441
TATGGAGTTTCTCGTT-1,0.000032,0.001119,0.241526,0.31331,0.444013
TATGGATGTGCTACGC-1,0.149972,0.000047,0.452663,0.016882,0.380436
TATGGCAGACTTTCGA-1,0.037305,0.000023,0.074437,0.486713,0.401522
TATGGCCCGGCCTCGC-1,0.839136,0.000076,0.159379,0.000152,0.001257
TATGGCTAGGCTAATT-1,0.007144,0.006847,0.222432,0.033578,0.729998
TATGGGACCGAGCAGG-1,0.423843,0.000134,0.015262,0.002554,0.558207
TATGGGTACGTATCGT-1,0.74044,0.000094,0.141508,0.000189,0.11777
TATGGTCTGAGTAACA-1,0.504403,0.072833,0.120306,0.000222,0.302237
TATGGTTAGTGGGAGA-1,0.000033,0.000033,0.151171,0.119446,0.729317
TATGTAAAGTGCTTAA-1,0.000015,0.000015,0.04015,0.541365,0.418455
TATGTAGAAACCCGGC-1,0.830215,0.104383,0.036555,0.000104,0.028743
TATGTCAAGACCGACT-1,0.054144,0.000038,0.398709,0.055016,0.492093
TATGTCTCATTGTGCC-1,0.000014,0.000528,0.007037,0.793823,0.198598
TATTAACACCAAAGCA-1,0.941814,0.057765,0.000047,0.000094,0.000281
TATTAACCTGACCGCG-1,0.247299,0.000097,0.412146,0.100004,0.240454
TATTACCATCCTGCTT-1,0.00196,0.000021,0.112107,0.319999,0.565912
TATTATGTTTGCCTGC-1,0.651416,0.000099,0.347693,0.000198,0.000594
TATTCAATTCTAATCC-1,0.031856,0.000028,0.189649,0.307372,0.471094
TATTCCACTCAGCTCG-1,0.00001,0.00001,0.00001,0.707634,0.292336
TATTCCGAGCTGTTAT-1,0.007498,0.000022,0.042487,0.179063,0.77093
TATTCCGGCAGTCCTA-1,0.024293,0.000017,0.055253,0.589495,0.330941
TATTCCTCCGCCCACT-1,0.251036,0.000061,0.636128,0.000122,0.112653
TATTCGTGCCAGAATA-1,0.441924,0.000079,0.557365,0.000158,0.000474
TATTGCCGGGCTTGTA-1,0.080692,0.077642,0.062062,0.000117,0.779487
TATTTAGTCTAGATCG-1,0.000049,0.000049,0.578206,0.077223,0.344473
TATTTATACCGAGTAG-1,0.139785,0.000037,0.574205,0.000539,0.285433
TATTTGATTTGCACAG-1,0.000012,0.006598,0.000012,0.53038,0.462997
TATTTGTTACCCTTTA-1,0.061298,0.000041,0.293327,0.101954,0.543379
TCAAACAACCGCGTCG-1,0.061044,0.000035,0.573739,0.129908,0.235274
TCAAACAATTAGGACA-1,0.123844,0.006233,0.061291,0.050125,0.758507
TCAAACTTAGATTGTT-1,0.34462,0.000066,0.619238,0.000132,0.035944
TCAAAGAGCTATCTGT-1,0.26242,0.000602,0.732161,0.001204,0.003613
TCAAAGTCACGGCGTC-1,0.50241,0.000049,0.49715,0.000098,0.000293
TCAAATTGTTGTGCCG-1,0.000072,0.000016,0.065137,0.164236,0.77054
TCAAATTTGAGACTCA-1,0.030302,0.000021,0.088801,0.344588,0.536288
TCAACAAAGATAATTC-1,0.347497,0.006054,0.63937,0.000114,0.006965
TCAACACATTGGGTAA-1,0.000017,0.002689,0.09167,0.73547,0.170154
TCAACATAGCGCCCTA-1,0.037732,0.000059,0.768534,0.045129,0.148545
TCAACATCGACCGAGA-1,0.348905,0.000076,0.583017,0.000152,0.067849
TCAACCATGTTCGGGC-1,0.138896,0.000049,0.641858,0.0004,0.218797
TCAACGAGGAGACAAA-1,0.376234,0.234319,0.083077,0.16881,0.13756
TCAACGCAGGAAATAA-1,0.381003,0.00006,0.584194,0.00012,0.034623
TCAACGCGACCGGCAG-1,0.017774,0.000026,0.208101,0.091188,0.682911
TCAACTAACGTATAAC-1,0.625,0.000054,0.263911,0.003158,0.107878
TCAACTGCAGAGTCAG-1,0.091687,0.00002,0.057373,0.109528,0.741392
TCAAGAAATACTAGCT-1,0.016624,0.000013,0.313356,0.057398,0.612608
TCAAGCGCGGACGGTA-1,0.006396,0.000012,0.000012,0.253997,0.739583
TCAAGCTGCCTTGAAA-1,0.013272,0.000009,0.08782,0.024081,0.874818
TCAAGGTTACTACACC-1,0.000008,0.000008,0.000008,0.587533,0.412443
TCAATACGCCGTCATG-1,0.000051,0.000051,0.402586,0.039368,0.557943
TCAATATACAGGAGGC-1,0.030396,0.016752,0.00008,0.025448,0.927325
TCAATCCCGCGCCAAA-1,0.099359,0.000009,0.001769,0.073069,0.825793
TCAATCCGGGAAGTTT-1,0.006341,0.000029,0.223668,0.096237,0.673725
TCACAAACCGAGGTAC-1,0.000013,0.000013,0.028089,0.105677,0.866207
TCACAGATCCTCAAAC-1,0.128203,0.002265,0.015705,0.175994,0.677833
TCACAGCAAACTCGAA-1,0.186272,0.000032,0.73983,0.000064,0.073802
TCACAGGAGAATAAGA-1,0.027975,0.000012,0.061406,0.597883,0.312724
TCACAGGGAATCGCAA-1,0.014574,0.000015,0.324799,0.109383,0.551229
TCACAGGTTATTGGGC-1,0.771305,0.000059,0.227205,0.000118,0.001313
TCACATCTTATCTGAT-1,0.854015,0.009838,0.061487,0.000151,0.07451
TCACCCTCTTAAGATT-1,0.262235,0.000102,0.134334,0.085809,0.517519
TCACCGCTCGGCACTC-1,0.014323,0.000022,0.013675,0.571459,0.400522
TCACGATGTCCGTGGA-1,0.457385,0.000081,0.509541,0.000162,0.032831
TCACGCATTGTAGATC-1,0.511588,0.487562,0.000094,0.000189,0.000566
TCACGGCCCAAGAGAG-1,0.683264,0.022114,0.294051,0.000143,0.000428
TCACGGTCATCGCACA-1,0.06099,0.000038,0.479676,0.025867,0.43343
TCACGTGCCCGATTCA-1,0.2755,0.081374,0.168878,0.151514,0.322735
TCACTACGACCAATGC-1,0.011461,0.000027,0.333759,0.160865,0.493888
TCACTATCCCTTCGGT-1,0.044791,0.000024,0.249675,0.056794,0.648716
TCACTATCGTGCAATC-1,0.042661,0.000023,0.08157,0.229386,0.64636
TCACTCAGCGCATTAG-1,0.100123,0.000027,0.031957,0.447992,0.419902
TCACTCGTGCAACGGC-1,0.07827,0.000036,0.122242,0.017847,0.781604
TCACTCTTCGTCTGTC-1,0.952481,0.046835,0.000076,0.000152,0.000456
TCAGAACCTCCACAGG-1,0.000016,0.000538,0.010427,0.523509,0.465511
TCAGAACGGCGGTAAT-1,0.000007,0.000007,0.000007,0.286214,0.713764
TCAGACGCTATAGAAG-1,0.000021,0.000021,0.244522,0.280526,0.47491
TCAGAGGACGCGTTAG-1,0.01156,0.000017,0.076539,0.176409,0.735475
TCAGAGTGTGAGCATG-1,0.058628,0.000083,0.043448,0.180141,0.7177
TCAGATGGAGACGTAG-1,0.000015,0.000015,0.105091,0.139589,0.755291
TCAGCAAATGCATCTC-1,0.137011,0.00005,0.855443,0.000099,0.007397
TCAGCAGTAGGCCCTG-1,0.000035,0.000035,0.158296,0.467437,0.374197
TCAGCCAATCCGTAAA-1,0.024138,0.000014,0.052178,0.094867,0.828803
TCAGCGCACGCCGTTT-1,0.000018,0.016488,0.014639,0.199254,0.769601
TCAGCTTGAGCTTTCG-1,0.726778,0.106044,0.161709,0.001367,0.004102
TCAGGGCGACTTCCTT-1,0.320503,0.206628,0.465596,0.001818,0.005455
TCAGGGCGCAAACTCG-1,0.610663,0.38857,0.000085,0.00017,0.000511
TCAGGGTGCACGAAAC-1,0.063806,0.000019,0.202735,0.253248,0.480192
TCAGGGTGTAACGTAA-1,0.535883,0.000053,0.324976,0.000107,0.13898
TCAGGTTCTTTGAGAA-1,0.41851,0.000065,0.024862,0.098221,0.458342
TCAGTACTGACCCGCG-1,0.399368,0.000099,0.599742,0.000198,0.000594
TCAGTAGGGACTATAA-1,0.36577,0.000093,0.316396,0.107171,0.21057
TCAGTGTATACGTCAT-1,0.31409,0.000122,0.68481,0.000244,0.000733
TCAGTTACGGAATGAT-1,0.099579,0.000027,0.07773,0.278387,0.544277
TCATAAGTCCAAGAAG-1,0.049128,0.000015,0.089696,0.135759,0.725403
TCATACTTACAGATCC-1,0.49601,0.000072,0.503346,0.000143,0.000429
TCATATGAGCTTTGTT-1,0.009134,0.000043,0.394194,0.078744,0.517886
TCATCACTCGAGCTCG-1,0.029748,0.000017,0.020516,0.817761,0.131958
TCATCCATCTGATCAC-1,0.854989,0.084085,0.000072,0.000143,0.060711
TCATCCCAGAGGGTGG-1,0.00278,0.000014,0.013208,0.153102,0.830896
TCATCCTCAGCTGCTT-1,0.010397,0.000019,0.101013,0.063089,0.825482
TCATCGACGACCGTCG-1,0.005295,0.002168,0.121797,0.135151,0.735589
TCATCGATGGTCCCAA-1,0.75923,0.000102,0.239854,0.000204,0.000611
TCATGAAGCGCTGCAT-1,0.669065,0.023641,0.094387,0.104291,0.108616
TCATGCAGGTTCTCAT-1,0.145367,0.000051,0.234779,0.103541,0.516262
TCATGGAGGCCTTTGT-1,0.179494,0.000034,0.272414,0.000069,0.547988
TCATTCGTATAATTTG-1,0.003768,0.016109,0.03298,0.272397,0.674746
TCATTTAAGTCTCCGA-1,0.021589,0.000026,0.311622,0.064819,0.601944
TCATTTAGAAGTGTGA-1,0.000029,0.490038,0.010373,0.04719,0.45237
TCCAACTCAGCTATCT-1,0.000025,0.000025,0.091091,0.0831,0.825759
TCCAACTTTAAATTCT-1,0.007344,0.00003,0.287365,0.23882,0.466442
TCCAAGCCTAGACACA-1,0.039688,0.000015,0.025599,0.078812,0.855885
TCCAATAAAGGCTACC-1,0.053017,0.000025,0.354218,0.133045,0.459695
TCCACAATGGTTTACG-1,0.70199,0.000097,0.035005,0.026269,0.236638
TCCACATCGTATATTG-1,0.000021,0.000021,0.038876,0.27249,0.688591
TCCACCAAGACATAGG-1,0.044154,0.000043,0.235149,0.007377,0.713277
TCCACCTCTAGCCTTT-1,0.028142,0.00003,0.307074,0.059483,0.605271
TCCACTTTATCTAGGT-1,0.025208,0.00002,0.069464,0.43888,0.466428
TCCAGAGCACCGGTTC-1,0.000017,0.000017,0.000017,0.897257,0.102694
TCCAGATGTACGCCAA-1,0.020767,0.000015,0.009958,0.168965,0.800295
TCCAGCGCTATAAGCG-1,0.040016,0.00001,0.133446,0.123171,0.703356
TCCAGGCAGGACGATC-1,0.08656,0.000023,0.153739,0.097046,0.662631
TCCAGGCGAGTACGGT-1,0.591206,0.000123,0.265066,0.000246,0.143358
TCCAGGGTATATACGA-1,0.000037,0.000037,0.33887,0.102396,0.558661
TCCATCAATACTAATC-1,0.776951,0.000071,0.000071,0.083961,0.138946
TCCATTAGTTGGATAG-1,0.000019,0.000564,0.059045,0.668559,0.271813
TCCATTCCCACTAGAG-1,0.061151,0.000011,0.076871,0.041675,0.820292
TCCATTGTGACCTCGT-1,0.000014,0.000407,0.001247,0.663919,0.334413
TCCCAAACAGACAACG-1,0.080996,0.000021,0.049313,0.26128,0.60839
TCCCAAACATCCTCTA-1,0.014945,0.000023,0.182272,0.439923,0.362837
TCCCAAAGACGAAGGA-1,0.279616,0.000054,0.563339,0.000109,0.156881
TCCCAATATCGACGAC-1,0.053917,0.000029,0.185186,0.04316,0.717709
TCCCACGGAGGGAGCT-1,0.036682,0.000014,0.006941,0.594148,0.362215
TCCCACTCTCTTCCGG-1,0.005005,0.000023,0.119741,0.137282,0.737949
TCCCAGCACACGACAT-1,0.122642,0.046493,0.076192,0.007853,0.746819
TCCCAGCTTTAGTCTG-1,0.759798,0.00011,0.013212,0.00022,0.22666
TCCCAGGCTTAGCTAA-1,0.326551,0.000086,0.672672,0.000173,0.000518
TCCCGCCTATGTGCGT-1,0.006659,0.036776,0.12182,0.087893,0.746852
TCCCGCGTACTCCTGG-1,0.61373,0.00006,0.22067,0.00012,0.16542
TCCCGGGTGTGCTGCT-1,0.718872,0.000427,0.147951,0.000141,0.132609
TCCCGGTCAGGAATTT-1,0.016029,0.000015,0.019829,0.756469,0.207658
TCCCGTCAGTCCCGCA-1,0.690628,0.000069,0.253641,0.011377,0.044285
TCCCGTCGCGTCATAG-1,0.016231,0.000015,0.005145,0.143215,0.835395
TCCCGTGTGCAATTTG-1,0.000637,0.00345,0.014504,0.37215,0.60926
TCCCTAGATCAATAGG-1,0.045198,0.000018,0.056093,0.242538,0.656153
TCCCTCCGAAATCGTT-1,0.017157,0.000012,0.001981,0.88976,0.09109
TCCCTCTTCTCAAGGG-1,0.008795,0.002132,0.157258,0.018385,0.813429
TCCCTGGCGTATTAAC-1,0.725811,0.000092,0.141268,0.000184,0.132644
TCCCTGGCTCGCTGGA-1,0.876664,0.000045,0.000045,0.029922,0.093325
TCCCTTAGATTACTCG-1,0.084504,0.000028,0.076957,0.289316,0.549195
TCCCTTGTCTGAAACT-1,0.080266,0.029065,0.143026,0.04547,0.702172
TCCGAACGTTGCCGCT-1,0.000013,0.000781,0.016637,0.328002,0.654567
TCCGAACTTGGCTTAC-1,0.788442,0.019595,0.000065,0.107657,0.084242
TCCGAAGTAGTCACCA-1,0.000019,0.000019,0.094431,0.200893,0.704637
TCCGAATGGTCCTGAG-1,0.000011,0.000011,0.001469,0.54486,0.453649
TCCGACCGCTAATCAA-1,0.001312,0.000023,0.261738,0.277331,0.459596
TCCGAGAAGGCTAAGC-1,0.026876,0.00003,0.108415,0.501704,0.362974
TCCGATAATTGCCATA-1,0.00057,0.000014,0.099617,0.709538,0.190262
TCCGATGACTGAGCTC-1,0.804023,0.000056,0.061464,0.030437,0.104019
TCCGATGGTGCGACAT-1,0.059746,0.000037,0.667962,0.000074,0.272181
TCCGATTACATTGCCG-1,0.756489,0.085051,0.00941,0.000233,0.148817
TCCGCAGCCACCTAGC-1,0.739187,0.000019,0.204925,0.000038,0.05583
TCCGCCTGTCTACAAG-1,0.000032,0.001157,0.438454,0.070249,0.490108
TCCGCGGCAGCATCTG-1,0.000019,0.000019,0.051992,0.547349,0.40062
TCCGCGGCCCAATGAA-1,0.025288,0.000019,0.16466,0.085822,0.724211
TCCGCTGTCATCCCGG-1,0.000038,0.000038,0.112287,0.342164,0.545474
TCCGCTTATCCCATTA-1,0.039453,0.000019,0.117728,0.356379,0.486422
TCCGGAGGAAGGGCTG-1,0.015829,0.000022,0.220322,0.18683,0.576997
TCCGGCCTAGCGTACA-1,0.000015,0.000015,0.040929,0.495144,0.463897
TCCGGCCTGCATCGAT-1,0.104253,0.002499,0.122542,0.171063,0.599643
TCCGGCTGTCGGGTCG-1,0.090975,0.000059,0.000059,0.112279,0.796629
TCCGGGCCACTAACGG-1,0.040611,0.000026,0.05688,0.087002,0.81548
TCCGGGCTTGACGGGA-1,0.025039,0.000022,0.062302,0.086667,0.825969
TCCGGTTCGTCCGGTC-1,0.067579,0.000031,0.738163,0.000062,0.194166
TCCGTAACCACAATCC-1,0.852753,0.146825,0.000047,0.000094,0.000281
TCCGTTAAGCTAATAT-1,0.006905,0.000022,0.308825,0.049576,0.634672
TCCGTTTAGCCTTGAA-1,0.000024,0.000024,0.01438,0.197646,0.787925
TCCTAAAGATTCAGAC-1,0.060891,0.000018,0.03198,0.12156,0.785551
TCCTAAATTGGGAAGC-1,0.040779,0.000017,0.141319,0.046147,0.771738
TCCTAACCGTCGGGCA-1,0.000018,0.000018,0.057969,0.461248,0.480747
TCCTACATCCACGGCC-1,0.004993,0.000022,0.177389,0.17249,0.645105
TCCTAGCAAAGAAGCT-1,0.010458,0.000029,0.676054,0.100221,0.213238
TCCTATCATAGGTAAC-1,0.031477,0.000013,0.184563,0.01655,0.767398
TCCTCCTAAGACATTC-1,0.73439,0.000057,0.265095,0.000114,0.000343
TCCTCGGGCTGGGCTT-1,0.000035,0.001346,0.200438,0.420323,0.377857
TCCTCTACGAGATGGC-1,0.43106,0.000114,0.567913,0.000228,0.000684
TCCTCTCCAGTTGTCC-1,0.888524,0.068876,0.001848,0.000113,0.040639
TCCTCTGGCCCATTAG-1,0.013731,0.000031,0.015116,0.438674,0.532448
TCCTGCAGCCGCCAAT-1,0.000013,0.000013,0.000013,0.464338,0.535623
TCCTGCCAACTGGAGA-1,0.000016,0.000016,0.021931,0.475263,0.502775
TCCTGCGTTGATACTC-1,0.000032,0.006112,0.077565,0.298445,0.617847
TCCTGGCGCTGCCTGG-1,0.000031,0.001126,0.266537,0.144891,0.587416
TCCTTACGACGGTCCG-1,0.008232,0.000018,0.054708,0.125772,0.811269
TCCTTCAGTGGTCGAA-1,0.060095,0.00004,0.24844,0.360746,0.330679
TCCTTGTCCTTTAATT-1,0.000015,0.000015,0.005154,0.524737,0.470078
TCCTTTAAATCCGCTT-1,0.005522,0.000028,0.137233,0.092844,0.764373
TCCTTTCTTACGCTTA-1,0.656255,0.000064,0.019274,0.0167,0.307706
TCGAAATTTAGGACCA-1,0.5381,0.000064,0.461319,0.000129,0.000387
TCGAAGAACCGAGCAC-1,0.000731,0.001357,0.251801,0.113208,0.632904
TCGAATATCCCGCAGG-1,0.478644,0.000058,0.520836,0.000116,0.000347
TCGAATCGCAGGGTAG-1,0.000011,0.000011,0.003327,0.590848,0.405803
TCGACAACTGAACCCG-1,0.691484,0.000065,0.135968,0.000131,0.172352
TCGACATAGCGTAGCG-1,0.048509,0.000049,0.400292,0.105328,0.445821
TCGACTGACGATGGCT-1,0.232502,0.00002,0.008661,0.000778,0.758039
TCGAGACCAACACCGT-1,0.731225,0.000057,0.005955,0.051936,0.210827
TCGAGCCAGGCAGGCC-1,0.317457,0.000116,0.681502,0.000231,0.000694
TCGAGGGCAACAGACG-1,0.04819,0.000015,0.227584,0.029071,0.69514
TCGATAGGCTAGTCGC-1,0.010347,0.000026,0.15073,0.445086,0.393812
TCGATTTACGAAACGA-1,0.029571,0.000013,0.07103,0.059771,0.839615
TCGCAAAGATGCATTT-1,0.024252,0.000025,0.075324,0.317477,0.582922
TCGCACCAGGAGGCAG-1,0.004526,0.000018,0.028715,0.555114,0.411627
TCGCATAAAGGGCGCA-1,0.006159,0.000013,0.10225,0.049512,0.842066
TCGCATCCCTAAGTGT-1,0.031813,0.000029,0.185689,0.307572,0.474897
TCGCATTCAATGACTT-1,0.001331,0.000029,0.234678,0.35487,0.409091
TCGCCACCCGGATTAC-1,0.532329,0.000086,0.466899,0.000172,0.000515
TCGCCCAACTGACTCC-1,0.032468,0.000027,0.392757,0.052692,0.522057
TCGCCGAAGTTGCGTC-1,0.000014,0.000014,0.000014,0.890039,0.109917
TCGCCGACATATTCGC-1,0.017539,0.000021,0.051379,0.11908,0.81198
TCGCCGCACCGCGTGA-1,0.329136,0.000694,0.664618,0.001388,0.004164
TCGCCGGAGAGTCTTA-1,0.872268,0.127009,0.00008,0.00016,0.000481
TCGCCGGATGGGCAAG-1,0.990117,0.000988,0.000988,0.001977,0.00593
TCGCCGGTCGATCCGT-1,0.015618,0.000021,0.193998,0.190311,0.600052
TCGCCTCCTTCGGCTC-1,0.006194,0.000015,0.001233,0.232139,0.760419
TCGCCTCGACCTGTTG-1,0.602906,0.000078,0.325311,0.000156,0.071549
TCGCGCGTTTACATGA-1,0.844452,0.153825,0.000191,0.000383,0.001148
TCGCGTAGCAGTGTCC-1,0.001212,0.001212,0.001212,0.002425,0.993939
TCGCGTCCAGAAGGTC-1,0.908225,0.000079,0.000079,0.022529,0.069089
TCGCTAAACCGCTATC-1,0.045121,0.000026,0.19574,0.172895,0.586217
TCGCTACTGGCTTTGA-1,0.000013,0.000013,0.000196,0.595489,0.404288
TCGCTCGATATATTCC-1,0.65565,0.000077,0.152398,0.033081,0.158795
TCGCTCGGCACCAGCG-1,0.000017,0.000017,0.005089,0.552595,0.442283
TCGCTGCCAATGCTGT-1,0.002495,0.000018,0.012109,0.162257,0.823122
TCGCTGGGCGGATTGT-1,0.460315,0.000069,0.539068,0.000137,0.000411
TCGCTGTGCGTAAATC-1,0.007888,0.000042,0.476879,0.128058,0.387134
TCGCTTAATTACGAAG-1,0.026237,0.000028,0.267081,0.087985,0.618669
TCGCTTTAAACGTTTG-1,0.02754,0.00002,0.09864,0.527768,0.346032
TCGGAATGACCATCAA-1,0.00001,0.00001,0.00001,0.937337,0.062632
TCGGAATGCGCTCTGA-1,0.934834,0.000071,0.000071,0.000141,0.064884
TCGGACGCCCAGCCCA-1,0.043783,0.000034,0.223102,0.257954,0.475127
TCGGAGAGTATCGGGA-1,0.337843,0.000101,0.661244,0.000203,0.000608
TCGGAGTACATGAGTA-1,0.115617,0.000045,0.723664,0.000091,0.160582
TCGGATCTGGATGACC-1,0.599734,0.294478,0.10368,0.000527,0.001581
TCGGCAGGGTTAAGGG-1,0.238493,0.00004,0.040254,0.011716,0.709497
TCGGCGAACCCAAACC-1,0.047711,0.000011,0.00333,0.163278,0.78567
TCGGCGGTATTAGATT-1,0.00506,0.000014,0.107206,0.279223,0.608497
TCGGCGTACTGCACAA-1,0.864219,0.000093,0.000093,0.118467,0.017128
TCGGCTAACTTCCCTT-1,0.000017,0.000017,0.000017,0.655965,0.343985
TCGGCTTGTATCGACG-1,0.000023,0.000023,0.099735,0.07954,0.820679
TCGGGAACGTGCCTAG-1,0.003464,0.000017,0.165077,0.299452,0.53199
TCGGGAGACAGCGTAC-1,0.001906,0.000023,0.319109,0.237684,0.441278
TCGGGATTCAAACATA-1,0.200407,0.000039,0.799243,0.000078,0.000233
TCGGGCACTTCTGGAT-1,0.015648,0.000017,0.015786,0.690748,0.277801
TCGGGCCGTCGTGGTA-1,0.001328,0.001459,0.232811,0.237544,0.526858
TCGGGTGAAACTGCTA-1,0.000013,0.000013,0.039281,0.798793,0.1619
TCGGTCCCGACAATAG-1,0.089813,0.456951,0.028539,0.378084,0.046613
TCGGTCCCTGACTCCA-1,0.000015,0.000015,0.003108,0.553024,0.443838
TCGGTGACCGCTCCGG-1,0.049877,0.000023,0.122313,0.075517,0.752271
TCGGTTAGCCATGTAG-1,0.040557,0.000018,0.019044,0.402304,0.538076
TCGTAACTCCCAAGAC-1,0.069553,0.049525,0.146011,0.003812,0.731098
TCGTAAGACGACATTG-1,0.264257,0.000041,0.336774,0.000083,0.398846
TCGTAAGCTCCGAGGA-1,0.006465,0.000016,0.030931,0.233936,0.728652
TCGTACCGACGTCAAG-1,0.000021,0.000021,0.088054,0.190102,0.721803
TCGTATAGTGCAATTA-1,0.059088,0.00007,0.264222,0.218576,0.458045
TCGTATCACCAAGCTA-1,0.02421,0.000024,0.034873,0.329187,0.611706
TCGTATTACCCATTGC-1,0.062915,0.000034,0.365935,0.249494,0.321622
TCGTATTTCGTCCGGA-1,0.007752,0.000024,0.186303,0.299438,0.506484
TCGTCAAGTACGCGCA-1,0.438707,0.000117,0.34627,0.000233,0.214673
TCGTCACACTGTTAGC-1,0.881418,0.117798,0.000087,0.000174,0.000523
TCGTCCGCTGGCGTCT-1,0.004536,0.000061,0.30268,0.305552,0.387171
TCGTCCGGGTACACTC-1,0.026982,0.000015,0.009302,0.048779,0.914921
TCGTCTTAGGCGTTAA-1,0.007234,0.000036,0.210554,0.166837,0.615339
TCGTGTACTATGGATG-1,0.000739,0.000739,0.642535,0.351551,0.004435
TCGTGTATTGGTCACG-1,0.140975,0.062409,0.092487,0.159622,0.544507
TCGTGTCACGCTGACA-1,0.35555,0.000227,0.64241,0.000453,0.00136
TCGTGTTCGACCACAA-1,0.000038,0.000038,0.160834,0.250491,0.588599
TCGTTAGGAGTCCCTA-1,0.019451,0.000013,0.005808,0.77196,0.202768
TCGTTCGTTATTATGT-1,0.016977,0.000042,0.446063,0.113687,0.423231
TCGTTGCTATCCGGTC-1,0.173664,0.000066,0.825738,0.000133,0.000398
TCGTTGGCTCGTCAAT-1,0.105299,0.000027,0.279922,0.198299,0.416453
TCGTTTACGCGACCCT-1,0.001782,0.000014,0.019652,0.247001,0.731551
TCTAAAGAACAGTCTC-1,0.829253,0.000086,0.000086,0.107538,0.063038
TCTAACCTAGCCTGCG-1,0.032666,0.000029,0.181869,0.026562,0.758873
TCTAACTGTATGTAAA-1,0.935569,0.059327,0.000021,0.000043,0.00504
TCTAATACTGCCTCAG-1,0.848076,0.00006,0.053525,0.00012,0.09822
TCTACACGTTCATGCA-1,0.054287,0.001434,0.112617,0.211312,0.62035
TCTACCCAATAGAGAG-1,0.001675,0.000018,0.132222,0.063193,0.802892
TCTACCCGCATCATTT-1,0.120203,0.000078,0.395055,0.000156,0.484508
TCTACCGTCCACAAGC-1,0.685624,0.000044,0.08883,0.028363,0.197138
TCTACGCACGATCTCC-1,0.004018,0.000025,0.272665,0.307541,0.415752
TCTACGGGCTCAGTTG-1,0.055238,0.000035,0.176466,0.051725,0.716535
TCTAGCAATCTCCGCC-1,0.291021,0.000074,0.597169,0.000149,0.111588
TCTAGCATCTTCGATG-1,0.024993,0.000056,0.556509,0.180004,0.238438
TCTAGCATGCCCAGAA-1,0.013204,0.000021,0.447034,0.190512,0.34923
TCTAGGTGGCGACGCT-1,0.000013,0.000013,0.000013,0.792204,0.207758
TCTAGTGATATCGTGG-1,0.015123,0.000026,0.269538,0.130331,0.584982
TCTAGTTATCAGAAGA-1,0.795324,0.000055,0.052727,0.003907,0.147986
TCTATAGGTGGGTAAT-1,0.012517,0.001035,0.08884,0.077678,0.819929
TCTATCATGCAGTTAC-1,0.068996,0.000061,0.344285,0.236166,0.350492
TCTATCCGATTGCACA-1,0.000022,0.000022,0.225756,0.143064,0.631135
TCTATCGGTCGCAACA-1,0.249728,0.000029,0.46803,0.005824,0.276389
TCTATGCTATAACGAC-1,0.000015,0.000015,0.028014,0.134331,0.837626
TCTATTACGCTGGCGA-1,0.000087,0.000018,0.143322,0.474088,0.382485
TCTATTACTAGAGGAT-1,0.443375,0.00006,0.556083,0.00012,0.000361
TCTCAAATCAATCGGG-1,0.000007,0.000007,0.000007,0.509136,0.490843
TCTCAGGCTACTCGCT-1,0.088545,0.000049,0.002637,0.097245,0.811524
TCTCATGAGATAGGGT-1,0.000019,0.000019,0.159291,0.204575,0.636096
TCTCCAACGTAGGTTA-1,0.496191,0.000045,0.300413,0.002135,0.201216
TCTCCACAAGTTGAAT-1,0.017007,0.000023,0.160942,0.05527,0.766758
TCTCCCTGGGCAGCGT-1,0.000019,0.000019,0.086068,0.382585,0.531309
TCTCGAACGAGGTCAC-1,0.001857,0.00004,0.31348,0.003473,0.68115
TCTCGAGGAGGTTCGC-1,0.000028,0.00248,0.289208,0.059879,0.648404
TCTCGGCTCCAGGACT-1,0.119799,0.00006,0.620568,0.019944,0.23963
TCTCTAATAGCTGGTA-1,0.001405,0.000033,0.425502,0.218842,0.354217
TCTCTCGCCGCACATA-1,0.000074,0.007885,0.068868,0.136398,0.786776
TCTCTTACCGCGAACC-1,0.000014,0.00051,0.0199,0.649145,0.330431
TCTGAACCGGTCGGCT-1,0.009768,0.000029,0.343825,0.224692,0.421686
TCTGAACTCGTACCCG-1,0.013306,0.000021,0.097503,0.20334,0.685831
TCTGAAGCACGTGGTC-1,0.000017,0.000017,0.029382,0.420405,0.550178
TCTGAATTCCGTACAA-1,0.022799,0.000014,0.016248,0.437982,0.522957
TCTGACGGGCTAACCC-1,0.038777,0.000039,0.136901,0.134743,0.68954
TCTGACTGTAATGGTT-1,0.601631,0.000023,0.183124,0.000047,0.215175
TCTGAGCAATTGACTG-1,0.000073,0.024818,0.135357,0.236364,0.603388
TCTGATGTATTCTGTC-1,0.032321,0.000027,0.193297,0.227509,0.546845
TCTGATTGGAAATGGA-1,0.021134,0.008707,0.186545,0.0808,0.702813
TCTGCACCATTAGTAA-1,0.06357,0.000011,0.21242,0.01851,0.705489
TCTGCAGATTCGAGTC-1,0.918228,0.000248,0.000248,0.000497,0.080778
TCTGCATACCTTGCTT-1,0.000021,0.000021,0.049982,0.152957,0.797018
TCTGCCAGAAACTGCA-1,0.028081,0.000024,0.535532,0.040297,0.396066
TCTGCGAATCGTTCGC-1,0.032761,0.003987,0.418811,0.046304,0.498137
TCTGCGTCCGGTTTCT-1,0.501903,0.000051,0.299181,0.000551,0.198313
TCTGCTTAGAACAAGC-1,0.072856,0.007393,0.014207,0.220585,0.684959
TCTGGAGCGTAAGAGT-1,0.056578,0.000007,0.006656,0.136286,0.800473
TCTGGCCGTTCAAGTT-1,0.003215,0.000029,0.125495,0.100507,0.770754
TCTGGGAACCTTTGAA-1,0.000012,0.000012,0.012122,0.325243,0.66261
TCTGGGTAGCGCTCAT-1,0.000011,0.000011,0.000011,0.896734,0.103234
TCTGTCATACAAGAGC-1,0.000027,0.00104,0.121783,0.474583,0.402566
TCTGTGACTGACCGTT-1,0.013036,0.000019,0.056299,0.379441,0.551204
TCTGTGATGGAGGTTG-1,0.000012,0.000012,0.000012,0.794823,0.205141
TCTGTGCCATCATAGT-1,0.034926,0.000038,0.581436,0.183398,0.200202
TCTGTGGCTACATTTC-1,0.037239,0.00003,0.089197,0.226154,0.647381
TCTGTTACCCAGCATA-1,0.057084,0.000046,0.757325,0.000091,0.185454
TCTTACAGAGGTACCG-1,0.003678,0.000035,0.391753,0.186871,0.417663
TCTTACCGGAACTCGT-1,0.000033,0.000033,0.204744,0.063341,0.731849
TCTTACGGCATCCGAC-1,0.455351,0.137521,0.405745,0.000346,0.001037
TCTTACTTATGCCTCT-1,0.000028,0.000028,0.138506,0.26232,0.599118
TCTTAGAGTGAACTCT-1,0.003116,0.002023,0.356713,0.088094,0.550054
TCTTATGGGTAGTACC-1,0.078418,0.000022,0.010872,0.687886,0.222802
TCTTCCCATGGGCACA-1,0.015707,0.000023,0.352505,0.194672,0.437093
TCTTCGAATAGACGTT-1,0.008769,0.006049,0.479692,0.158267,0.347223
TCTTCGATACCAATAA-1,0.465406,0.000037,0.504925,0.000073,0.029559
TCTTCGCGGTGAGAGG-1,0.036883,0.000037,0.204262,0.090264,0.668553
TCTTGATGCGTAGCGA-1,0.294947,0.000062,0.679914,0.000123,0.024954
TCTTGCTCCCGATACT-1,0.000028,0.001041,0.5154,0.039323,0.444208
TCTTGGTAACACCAAA-1,0.067594,0.00003,0.729709,0.06018,0.142488
TCTTGGTCAATGATAC-1,0.549015,0.000071,0.430658,0.000142,0.020113
TCTTTAAGACTATGAA-1,0.000272,0.001016,0.021383,0.442899,0.534429
TCTTTAGAGTCTAACA-1,0.02248,0.000015,0.056981,0.06033,0.860194
TCTTTCCTTCGAGATA-1,0.00885,0.000015,0.104596,0.131287,0.755253
TCTTTCGGCGGGACAC-1,0.771719,0.10114,0.000579,0.001158,0.125404
TCTTTCTCTTAAGGAG-1,0.000014,0.000014,0.000014,0.815197,0.184761
TGAAACCTCAACTCAC-1,0.011089,0.000016,0.096016,0.529575,0.363305
TGAAACTTATGCAAGC-1,0.0116,0.000026,0.370312,0.171071,0.446992
TGAAAGGACCTGACTC-1,0.029098,0.000017,0.113009,0.36659,0.491286
TGAACAAGCAGGGACT-1,0.027013,0.000037,0.405091,0.233999,0.33386
TGAACACCCGAAGCAG-1,0.279109,0.000018,0.366548,0.024168,0.330157
TGAAGAGCGGTCCTAG-1,0.772237,0.187387,0.000097,0.000193,0.040087
TGAAGTAGCTTACGGA-1,0.785382,0.085996,0.124417,0.001051,0.003153
TGAATACCGACGCGTA-1,0.000008,0.000103,0.000008,0.439714,0.560168
TGAATATGCTATAAAC-1,0.005816,0.000011,0.050443,0.248281,0.695449
TGAATGAGATACAGCA-1,0.039613,0.000008,0.003226,0.126491,0.830663
TGAATGAGTGTTTCCC-1,0.415916,0.000035,0.039528,0.211668,0.332853
TGACAACGCATGTCGC-1,0.001671,0.000008,0.00068,0.183668,0.813973
TGACAACTTAAAGGTG-1,0.041259,0.000032,0.18386,0.370853,0.403995
TGACACTTCTCTTTGC-1,0.015972,0.000028,0.172502,0.262843,0.548654
TGACAGAAATCTTGCT-1,0.896549,0.103169,0.000031,0.000063,0.000188
TGACAGGACAAGTCCA-1,0.928129,0.05817,0.000063,0.013257,0.00038
TGACATCGAGCGGACC-1,0.093801,0.000024,0.145419,0.219031,0.541724
TGACATGTAACGTGAC-1,0.000026,0.000026,0.132924,0.066905,0.800118
TGACCAAATCTTAAAC-1,0.000019,0.001962,0.149747,0.164245,0.684027
TGACCAGCTTCAAAGT-1,0.083508,0.000026,0.102904,0.237593,0.575969
TGACCCAACTCACATT-1,0.020003,0.000023,0.137657,0.569905,0.272411
TGACCCACGTTAGACA-1,0.449779,0.549536,0.000076,0.000152,0.000457
TGACCCAGCATTCCCG-1,0.02279,0.000018,0.01448,0.471553,0.491159
TGACGAATATTTCCCT-1,0.442581,0.000064,0.556838,0.000129,0.000387
TGACGATGCACTAGAA-1,0.00431,0.000015,0.037322,0.412636,0.545718
TGACTATAATCCTTTC-1,0.000014,0.000394,0.020016,0.716104,0.263473
TGACTCCGAATCATAC-1,0.715382,0.00007,0.091344,0.00014,0.193064
TGACTCTAACTGGTAA-1,0.097824,0.004314,0.174133,0.000093,0.723636
TGAGAATGCTTTACCG-1,0.000029,0.000029,0.557862,0.164072,0.278008
TGAGAGATTTACCACG-1,0.033427,0.000019,0.160527,0.196943,0.609084
TGAGATCAAATACTCA-1,0.000011,0.000011,0.007116,0.719266,0.273596
TGAGATTAGGCCCTAA-1,0.0664,0.000033,0.404531,0.061858,0.467178
TGAGCAGTCGTGAAGT-1,0.024976,0.000034,0.170166,0.167132,0.637692
TGAGCCATACAGTCTC-1,0.000021,0.000021,0.006209,0.254895,0.738854
TGAGCGGAAAGTGTTC-1,0.010996,0.000021,0.170383,0.155703,0.662897
TGAGCTCAACTGTATA-1,0.017492,0.000007,0.033998,0.21039,0.738113
TGAGCTTTAATGACGC-1,0.093787,0.000032,0.192565,0.039964,0.673653
TGAGGAGTGCCAGCTT-1,0.000021,0.000021,0.046703,0.370117,0.583139
TGAGGCATGTACTGTG-1,0.951976,0.021674,0.000094,0.000188,0.026068
TGAGGTGTGTGGCGGA-1,0.000018,0.000018,0.052929,0.093225,0.85381
TGAGGTTGATCCCAAG-1,0.021349,0.000025,0.320876,0.262912,0.394838
TGAGTAAATTAGCGTA-1,0.0372,0.000045,0.429114,0.060672,0.472969
TGAGTGCCTCTTAAAT-1,0.029967,0.000029,0.214972,0.099999,0.655033
TGAGTGGTCCGTGACG-1,0.036839,0.000038,0.192939,0.414138,0.356045
TGAGTGTAACAACGGG-1,0.007746,0.000032,0.219382,0.023687,0.749154
TGATACATTTAGCCGT-1,0.394172,0.000092,0.604999,0.000184,0.000553
TGATAGCGGGATTCTA-1,0.952828,0.038318,0.008616,0.000059,0.000178
TGATCACCACACTGAC-1,0.000016,0.000016,0.062575,0.384872,0.55252
TGATCAGGGAACTGCT-1,0.198575,0.00005,0.276397,0.0001,0.524879
TGATCCCAGCATTAGT-1,0.000023,0.000023,0.178987,0.289599,0.531367
TGATCGGTTTGACCCT-1,0.171887,0.000037,0.140658,0.001243,0.686175
TGATCTACGCTGATCT-1,0.01256,0.000026,0.106186,0.374541,0.506687
TGATCTATCACACTCT-1,0.02798,0.000034,0.094962,0.096178,0.780846
TGATCTCCGGCGCCAG-1,0.33497,0.000049,0.660322,0.000099,0.00456
TGATGCTCACGTAGTC-1,0.037877,0.000022,0.049498,0.21281,0.699792
TGATGGCTGTTTCTGA-1,0.006144,0.000016,0.007555,0.461578,0.524707
TGATGGGACTAAGTCA-1,0.582396,0.019308,0.007508,0.058537,0.33225
TGATGTCAATTAAGTG-1,0.000016,0.000016,0.015194,0.085303,0.899472
TGATTATGGCACGCAG-1,0.001863,0.005336,0.001,0.443999,0.547803
TGATTCAGGTCCCGCG-1,0.918673,0.000152,0.000152,0.000303,0.080721
TGATTCCCGGTTACCT-1,0.000094,0.00004,0.472114,0.091834,0.435918
TGATTCGTCTATCACT-1,0.576092,0.135356,0.163986,0.000235,0.124331
TGATTCTGTCGCCGGT-1,0.166666,0.000039,0.31883,0.000077,0.514388
TGATTTATTAGCTGTG-1,0.006645,0.000036,0.140879,0.168431,0.684009
TGATTTCCTCCTGACG-1,0.00001,0.00001,0.00001,0.953521,0.046449
TGCAAACCCACATCAA-1,0.024258,0.000012,0.014091,0.503693,0.457946
TGCAAACGTACTAGTT-1,0.017965,0.000043,0.54185,0.086664,0.353478
TGCAAAGTTCGTCTGT-1,0.004327,0.000016,0.092684,0.170486,0.732487
TGCAACCCATCTGCGG-1,0.00001,0.00001,0.00001,0.413265,0.586706
TGCAACTACTGGTTGA-1,0.011037,0.00002,0.232645,0.08574,0.670558
TGCAAGAATGACGTAA-1,0.672532,0.000045,0.113432,0.037865,0.176126
TGCAATCTAACACGGT-1,0.010536,0.000016,0.097352,0.075755,0.816342
TGCAATTTGGGCACGG-1,0.048559,0.000023,0.311052,0.095968,0.544397
TGCACAGTGAAGTTAT-1,0.005493,0.000023,0.09467,0.301289,0.598524
TGCACGAGTCGGCAGC-1,0.000016,0.000016,0.113089,0.56461,0.322269
TGCACTATGTGAGTGC-1,0.764996,0.233911,0.000122,0.000243,0.000729
TGCAGAACTATATCGT-1,0.24551,0.000081,0.753763,0.000162,0.000485
TGCAGAGTACCGAGCA-1,0.510282,0.010863,0.140056,0.06706,0.271739
TGCAGATCGTCCTAGG-1,0.396684,0.000073,0.602661,0.000145,0.000436
TGCAGCTACGTACTTC-1,0.304564,0.000074,0.69477,0.000148,0.000444
TGCAGGATCGGCAAAG-1,0.634173,0.000033,0.000033,0.01627,0.349492
TGCAGTGAGGCTCGGG-1,0.056368,0.000022,0.124655,0.04706,0.771895
TGCAGTGGTAGGGAAC-1,0.832106,0.000054,0.162902,0.000109,0.004829
TGCAGTTTCCTCCCAT-1,0.013232,0.000024,0.097609,0.286611,0.602524
TGCATATGTCTGTCAC-1,0.001979,0.000016,0.002888,0.503648,0.49147
TGCATCTCCGGATCTT-1,0.003592,0.000025,0.32727,0.090883,0.57823
TGCATGAGTAGATTCG-1,0.386332,0.006466,0.254458,0.002163,0.350581
TGCATGGATCGGATCT-1,0.028409,0.000034,0.376669,0.146844,0.448043
TGCATGGCAGTCTTGC-1,0.071026,0.000031,0.326,0.039029,0.563914
TGCATGTGACCCATAG-1,0.000023,0.003494,0.082487,0.438196,0.475799
TGCATGTGGTAATCTA-1,0.029266,0.000028,0.238027,0.05028,0.6824
TGCCAAAGTCAGACTT-1,0.378376,0.000068,0.621009,0.000137,0.00041
TGCCAATGGGTACTCT-1,0.000011,0.000011,0.014487,0.75117,0.23432
TGCCACCTGGCGAAAC-1,0.535129,0.000034,0.116177,0.001669,0.346992
TGCCAGTACGTGGAGA-1,0.000014,0.000014,0.067574,0.482756,0.449642
TGCCATGGCTTATAAG-1,0.011104,0.001835,0.17047,0.199402,0.617188
TGCCATTACTAAAGAA-1,0.007871,0.000021,0.184704,0.362852,0.444553
TGCCCGATAGTTAGAA-1,0.007113,0.000012,0.016477,0.148619,0.82778
TGCCCGTACCGTTAAA-1,0.000012,0.0018,0.020949,0.238078,0.73916
TGCCGATGTCATCAAT-1,0.577826,0.000019,0.061284,0.074727,0.286143
TGCCGGATGTACGAGC-1,0.120191,0.000054,0.817073,0.000107,0.062574
TGCCGTGGATCGTCCT-1,0.026906,0.00003,0.326924,0.168602,0.477539
TGCCGTGGGACCCAAT-1,0.000911,0.000016,0.179294,0.227609,0.59217
TGCCTAAATTTAATAG-1,0.001759,0.000303,0.004043,0.213876,0.78002
TGCCTAATTGAAGATT-1,0.000006,0.000006,0.000006,0.576849,0.423133
TGCCTGACATCGGTCA-1,0.769562,0.000036,0.058232,0.000072,0.172098
TGCCTGATCAAACGAT-1,0.216684,0.000025,0.551356,0.00868,0.223255
TGCCTTGCCCTTACGG-1,0.145791,0.017365,0.126708,0.063615,0.646521
TGCCTTGGCCAGGCAA-1,0.014163,0.000018,0.071631,0.286381,0.627807
TGCGAATATGGGATTT-1,0.786459,0.000094,0.212698,0.000187,0.000562
TGCGACACCCTAGTGC-1,0.243851,0.00008,0.44736,0.08174,0.22697
TGCGACGGCCGAACGT-1,0.316627,0.000119,0.679961,0.000237,0.003056
TGCGAGAAACGTTACG-1,0.407174,0.000064,0.227744,0.001511,0.363507
TGCGAGAATATTACCC-1,0.100007,0.004548,0.112106,0.290714,0.492625
TGCGAGATGGCGGCCA-1,0.038016,0.000017,0.010234,0.247888,0.703844
TGCGAGCCCTTCCGCG-1,0.000219,0.000032,0.329578,0.132792,0.53738
TGCGATGCTAATGGCT-1,0.781816,0.210344,0.007289,0.000138,0.000413
TGCGCAAAGCATTTGG-1,0.315588,0.00005,0.675818,0.000101,0.008443
TGCGCCGTTAATAACG-1,0.011638,0.000012,0.193999,0.023484,0.770868
TGCGCGATTAACGGAG-1,0.340439,0.000067,0.658959,0.000134,0.000401
TGCGGACTTGACTCCG-1,0.000021,0.000021,0.057811,0.210918,0.73123
TGCGGAGTAAAGGTGC-1,0.205204,0.000044,0.65223,0.005751,0.136772
TGCGGCATAGTTCAAC-1,0.000023,0.002449,0.318508,0.461169,0.217852
TGCGGGTATTGGGATC-1,0.000016,0.000016,0.070054,0.606613,0.323302
TGCGGTCTACGAGTAA-1,0.021099,0.000025,0.173722,0.268549,0.536604
TGCGGTGAAATTTCAT-1,0.003354,0.000018,0.339637,0.388669,0.268323
TGCGTAAGAACCTGAT-1,0.066701,0.000027,0.259396,0.254471,0.419406
TGCGTACGGCTAATTG-1,0.015399,0.000017,0.088162,0.175176,0.721246
TGCGTCATGACTGAGC-1,0.46734,0.000061,0.488988,0.000122,0.043489
TGCGTGATTGGGTGTC-1,0.072343,0.00002,0.039195,0.272158,0.616284
TGCGTTTGTTGACACT-1,0.044263,0.005009,0.510233,0.113688,0.326807
TGCTAAGTGTCTATTT-1,0.003335,0.000022,0.111354,0.232592,0.652697
TGCTATACAAACGGAC-1,0.056367,0.000022,0.18314,0.362569,0.397902
TGCTATGGCAAAGGGA-1,0.416332,0.000046,0.57507,0.000093,0.008459
TGCTCAAAGGATGCAC-1,0.46772,0.000116,0.453428,0.000232,0.078504
TGCTCACACAACAACC-1,0.067596,0.000013,0.004712,0.401019,0.526659
TGCTCCACAGTTCTTA-1,0.042529,0.000014,0.05299,0.375536,0.528931
TGCTCGGCGAAACCCA-1,0.013516,0.000013,0.057471,0.273253,0.655747
TGCTCGGTGGGTCACC-1,0.008822,0.000022,0.692314,0.001769,0.297073
TGCTCTGCCGGTTCAC-1,0.005007,0.01176,0.003174,0.197866,0.782193
TGCTCTTGAGAGTTTG-1,0.000019,0.001664,0.047653,0.262402,0.688262
TGCTGCGTCAGAGTTA-1,0.045405,0.007097,0.207887,0.113086,0.626525
TGCTGGTTGGACAATT-1,0.042374,0.000037,0.260856,0.217152,0.479581
TGCTGTTGAAGAACTC-1,0.018803,0.005784,0.052514,0.652493,0.270405
TGCTTAGAGAGAATGC-1,0.650764,0.000082,0.348501,0.000163,0.00049
TGCTTCCCAAGCAGTA-1,0.06384,0.000036,0.318196,0.149651,0.468277
TGCTTGAAACCATGCA-1,0.076485,0.003547,0.042478,0.380101,0.497389
TGGAAACGGAGTGAAC-1,0.420397,0.000024,0.336942,0.08913,0.153506
TGGAACCACTGACACA-1,0.018595,0.000028,0.331745,0.14174,0.507892
TGGAAGAAGGGAACGT-1,0.04258,0.000045,0.290556,0.398152,0.268667
TGGAAGACGAACACCA-1,0.010657,0.000012,0.043099,0.678575,0.267657
TGGAAGGATAAAGATG-1,0.245709,0.000032,0.366422,0.051078,0.336759
TGGAATATCCTTGACC-1,0.05756,0.000021,0.07489,0.254381,0.613148
TGGAATTAGACGCTTT-1,0.78821,0.211257,0.000059,0.000118,0.000355
TGGACACCGTTGCTTG-1,0.736523,0.262772,0.000078,0.000157,0.00047
TGGACCAATCTAAGAT-1,0.000017,0.002389,0.231198,0.166476,0.599921
TGGACCACGGCGTTGA-1,0.04407,0.000019,0.061505,0.329972,0.564434
TGGACGCAATCCAGCC-1,0.396451,0.000069,0.602925,0.000139,0.000416
TGGACGTAGGCGAATC-1,0.627672,0.01217,0.006486,0.03459,0.319082
TGGACTGTTCGCTCAA-1,0.000021,0.001824,0.086618,0.584623,0.326913
TGGAGAATAATCGTCC-1,0.003979,0.000015,0.183185,0.190155,0.622666
TGGAGCTAAAGTTCCC-1,0.013278,0.000025,0.338317,0.346581,0.301798
TGGAGGGAAACACCTC-1,0.024759,0.000014,0.061148,0.018619,0.89546
TGGAGTGATGCGATGA-1,0.404819,0.000111,0.594184,0.000222,0.000665
TGGATAGAGTAACAGA-1,0.454066,0.03522,0.383475,0.000062,0.127177
TGGATGGCATCTTGGA-1,0.048894,0.000028,0.078596,0.0879,0.784582
TGGCAAACTAAATTAC-1,0.002247,0.000022,0.495947,0.09278,0.409004
TGGCAACTCGCGCGCC-1,0.021552,0.000014,0.012743,0.718889,0.246803
TGGCAAGCACAAGTCG-1,0.000013,0.000013,0.000013,0.812882,0.187079
TGGCAATGGGACGGCG-1,0.030092,0.001421,0.026406,0.103979,0.838102
TGGCACGAGCTCGAGT-1,0.000022,0.000022,0.136597,0.315615,0.547744
TGGCAGATTACGATCA-1,0.204821,0.125124,0.219403,0.108917,0.341735
TGGCAGCAGTAATAGT-1,0.24613,0.273868,0.107367,0.042708,0.329927
TGGCATGAAGTTTGGG-1,0.999542,0.000046,0.000046,0.000092,0.000275
TGGCCAAACTGAAGTA-1,0.234813,0.000039,0.747944,0.000078,0.017127
TGGCCAATTTGGTACT-1,0.916459,0.082383,0.000129,0.000257,0.000772
TGGCCGTATATTGACC-1,0.314011,0.000052,0.382285,0.001816,0.301837
TGGCGACTGCTCCAAA-1,0.146738,0.000042,0.850132,0.000084,0.003004
TGGCGATCAAGTTATG-1,0.01939,0.000029,0.218505,0.297327,0.464749
TGGCGGTGTGCGATTG-1,0.000014,0.000014,0.012749,0.714941,0.272281
TGGCTACACTCTACCT-1,0.000398,0.001614,0.01543,0.135543,0.847015
TGGCTATGTGACATAC-1,0.00545,0.000011,0.010029,0.547106,0.437404
TGGCTCTTGTCGCGTA-1,0.247168,0.000039,0.67933,0.000078,0.073384
TGGCTTGTACAAGCTT-1,0.000017,0.000017,0.004548,0.291412,0.704005
TGGCTTTGGGTAGACA-1,0.000015,0.000015,0.011243,0.650644,0.338083
TGGGAAATGCCTTTCC-1,0.325135,0.000062,0.674304,0.000125,0.000374
TGGGACCATTGGGAGT-1,0.427572,0.041121,0.379721,0.00107,0.150516
TGGGATGCACTCATTC-1,0.00002,0.00002,0.086287,0.324742,0.588931
TGGGCACAAACAGAAC-1,0.003759,0.000012,0.036377,0.658914,0.300938
TGGGCACGTTCTATGG-1,0.000007,0.000007,0.000007,0.712188,0.287792
TGGGCAGGCCACCGCA-1,0.020026,0.015281,0.099516,0.038122,0.827055
TGGGCCACAAGAGCGC-1,0.170983,0.000027,0.628128,0.010095,0.190767
TGGGCCCATACTAATT-1,0.012726,0.000033,0.235371,0.133345,0.618525
TGGGCCTTGCCTGCAT-1,0.700478,0.193281,0.0807,0.000138,0.025403
TGGGCGATACAATAAG-1,0.000014,0.000014,0.056245,0.068424,0.875303
TGGGTAAGGTTCCCGC-1,0.025871,0.000011,0.000069,0.738817,0.235233
TGGGTGCACAAGCCAT-1,0.000012,0.000012,0.004685,0.153783,0.841508
TGGGTGGGATGTCATT-1,0.000023,0.000023,0.037236,0.213563,0.749154
TGGGTGTAATAGATTT-1,0.000019,0.000019,0.235022,0.020783,0.744157
TGGGTGTTAAGTAGAA-1,0.033624,0.00002,0.305894,0.038021,0.622442
TGGGTTTCGGGCGTAC-1,0.256392,0.000053,0.720443,0.000107,0.023005
TGGTAAGCAGGATTGA-1,0.397495,0.000034,0.602203,0.000067,0.000202
TGGTACCGGCACAGCC-1,0.5476,0.030112,0.221576,0.120991,0.079722
TGGTAGAATATATGGG-1,0.034978,0.000021,0.10813,0.150645,0.706227
TGGTATCGCATCCCAA-1,0.006174,0.000017,0.075141,0.512256,0.406412
TGGTATCGGTCTGTAT-1,0.000017,0.000017,0.021943,0.857248,0.120776
TGGTCCCACGCTACGG-1,0.003711,0.000026,0.160543,0.063093,0.772627
TGGTCGATATACCTCT-1,0.071874,0.000026,0.175354,0.419342,0.333403
TGGTCGGGTACAGGGC-1,0.872639,0.046752,0.00007,0.012111,0.068428
TGGTCGTTTGATAGAT-1,0.028909,0.000022,0.01347,0.227931,0.729667
TGGTCTAGCTTACATG-1,0.567925,0.374952,0.055595,0.000382,0.001146
TGGTCTGTTGGGCGTA-1,0.086982,0.012933,0.197059,0.411644,0.291381
TGGTGATCGTATTTGT-1,0.838381,0.161217,0.000045,0.000089,0.000268
TGGTGCCCTGCCTTAC-1,0.028464,0.000017,0.07599,0.454863,0.440667
TGGTTAACTTACATTT-1,0.983475,0.016231,0.000033,0.000065,0.000196
TGGTTAAGGGCGCTGG-1,0.000016,0.000016,0.031509,0.502611,0.465847
TGGTTCAACGGGTAAT-1,0.036949,0.000026,0.249823,0.159977,0.553224
TGGTTCGTAGCAAAGG-1,0.140838,0.000037,0.419958,0.024189,0.414978
TGGTTGGAGGATCCTG-1,0.009315,0.000019,0.004907,0.220063,0.765697
TGGTTTAAACGTGGGT-1,0.045125,0.000019,0.066739,0.177839,0.710277
TGTAACTTGTCAACCT-1,0.007322,0.000022,0.235137,0.39957,0.35795
TGTAATGACCACAATA-1,0.139864,0.000021,0.765332,0.000043,0.09474
TGTAATGCCTTCGGAC-1,0.000014,0.000014,0.000014,0.731577,0.268382
TGTACCCGACCCTAAT-1,0.798771,0.000137,0.199996,0.000274,0.000822
TGTACCTACACGAGGG-1,0.000021,0.025443,0.022329,0.071348,0.88086
TGTACGAACAAATCCG-1,0.399867,0.117891,0.078566,0.179526,0.224149
TGTACGCTATCAGCTT-1,0.037629,0.000031,0.079736,0.328234,0.554371
TGTACTACTCTCACGG-1,0.080551,0.000025,0.176549,0.164933,0.577941
TGTACTATCGCTCGTT-1,0.014758,0.000024,0.047069,0.105191,0.832958
TGTACTGTGCCAAAGT-1,0.012642,0.000022,0.203542,0.277601,0.506193
TGTACTTCCGGGCATG-1,0.042332,0.000063,0.09338,0.071018,0.793208
TGTAGCCAATTCCGTT-1,0.000021,0.000021,0.038077,0.154569,0.807312
TGTAGCCATCCCATTC-1,0.051136,0.000024,0.083863,0.061248,0.803729
TGTAGGAGAAATTTCC-1,0.000014,0.000014,0.054596,0.25133,0.694045
TGTAGTGATCTATAAT-1,0.112082,0.000049,0.364894,0.023423,0.499553
TGTATAACAGATCCTG-1,0.053576,0.000036,0.393522,0.092648,0.460218
TGTATACGGATGATGA-1,0.012269,0.000016,0.305364,0.011492,0.670859
TGTATCAGACTGAAGC-1,0.000026,0.000026,0.137039,0.211516,0.651393
TGTATCCTTATTCCAT-1,0.000029,0.001049,0.261445,0.403074,0.334402
TGTATGGCGCAGACAG-1,0.005625,0.000016,0.030258,0.328113,0.635987
TGTATTTACCTAATGC-1,0.037237,0.000031,0.087218,0.046589,0.828925
TGTCATTTGTTGGGAA-1,0.259649,0.000025,0.04947,0.07104,0.619816
TGTCCACGGCTCAACT-1,0.000007,0.000007,0.000007,0.203022,0.796956
TGTCCCGACATAGCAC-1,0.003067,0.000012,0.007385,0.86979,0.119746
TGTCCGCAAACAATTC-1,0.027966,0.000019,0.282741,0.12034,0.568934
TGTCCGTGGCGCCTTT-1,0.852051,0.000061,0.000061,0.001255,0.146572
TGTCCTAAGTCACCGC-1,0.243722,0.01226,0.233412,0.241177,0.269428
TGTCGGCATGGTGGAA-1,0.089399,0.000022,0.213504,0.256312,0.440763
TGTCGTGGGTATAGGC-1,0.000016,0.000016,0.010691,0.182647,0.806629
TGTCGTTATCACATAT-1,0.832376,0.000091,0.163511,0.000181,0.003842
TGTCTACAGTTTCTGT-1,0.008256,0.000032,0.335785,0.313021,0.342906
TGTGACTACGCCAGTC-1,0.60614,0.000052,0.145539,0.006997,0.241273
TGTGACTAGAGTTTGC-1,0.000027,0.000027,0.270682,0.027688,0.701577
TGTGAGACTAGCCCAA-1,0.000021,0.000021,0.035773,0.134122,0.830064
TGTGATTCCAGCGCTT-1,0.000013,0.000013,0.000013,0.724665,0.275296
TGTGCCGGTGCCGGAA-1,0.000017,0.000017,0.159852,0.070144,0.769969
TGTGCTTTACGTAAGA-1,0.063437,0.000021,0.233634,0.366481,0.336428
TGTGGACTATCTACGT-1,0.014498,0.00001,0.015019,0.112317,0.858155
TGTGGAGGAAGCTTAA-1,0.016192,0.000013,0.040319,0.476075,0.467401
TGTGGCAAAGCGTATG-1,0.000594,0.000026,0.523997,0.130822,0.344561
TGTGGCGGGCTTCTGG-1,0.060875,0.00003,0.359155,0.101519,0.478421
TGTGGCTCCCACCAAC-1,0.001657,0.000034,0.140109,0.185416,0.672784
TGTGGTAGGGTGCCTT-1,0.079192,0.00001,0.094072,0.085555,0.741172
TGTGGTTGCTAAAGCT-1,0.006512,0.000021,0.236005,0.186336,0.571126
TGTGTAGTAGCACGTG-1,0.03041,0.000066,0.014034,0.069435,0.886055
TGTGTCGCGAGTTGCA-1,0.285986,0.000131,0.313273,0.000262,0.400348
TGTGTTCGTATCCAAG-1,0.87069,0.092001,0.000053,0.026985,0.010271
TGTTAACAAAGTGACT-1,0.171021,0.000077,0.11671,0.055671,0.656522
TGTTATTGTATGTGGC-1,0.022862,0.000029,0.414212,0.068037,0.494859
TGTTCATAAATGTGCT-1,0.679537,0.319375,0.000121,0.000242,0.000725
TGTTCCGCTTCCATGA-1,0.765478,0.002577,0.073158,0.011882,0.146906
TGTTCCGGCCTGAGCT-1,0.000016,0.000016,0.045154,0.251444,0.703371
TGTTCGTATTGCGGTG-1,0.005244,0.000042,0.516251,0.215976,0.262486
TGTTCTCTACTCCCTA-1,0.000018,0.025096,0.004359,0.104258,0.866269
TGTTCTTCCATTGACT-1,0.785088,0.114844,0.045976,0.000191,0.053902
TGTTGATCACTGTTTA-1,0.004813,0.001944,0.022186,0.56852,0.402538
TGTTGCCGTCGTCCCA-1,0.067808,0.000013,0.139667,0.011308,0.781205
TGTTGGCTGGCGGAAG-1,0.960041,0.039591,0.000041,0.000082,0.000245
TGTTGTCAAGAAGTCT-1,0.177912,0.000038,0.317192,0.084777,0.420081
TGTTTAATACTTCATC-1,0.00002,0.00002,0.013393,0.56684,0.419726
TGTTTCGGTACTTCTC-1,0.031821,0.000043,0.264079,0.260843,0.443214
TGTTTCTGAAGCGTGC-1,0.521613,0.449111,0.027649,0.000407,0.00122
TGTTTGAGATCGTCAG-1,0.018594,0.000027,0.081212,0.013284,0.886883
TTAAACAGAGTCCCGC-1,0.027214,0.000013,0.013681,0.584387,0.374704
TTAAACCGGTAGCGAC-1,0.013812,0.000023,0.185425,0.44135,0.35939
TTAAACCTGGTTCCTT-1,0.656368,0.343466,0.000018,0.000037,0.000111
TTAAACTCGAATTCAT-1,0.001711,0.000018,0.238193,0.239708,0.52037
TTAAAGGCGATGCTCG-1,0.009875,0.004854,0.403959,0.044406,0.536906
TTAAAGTAAGTCGCCA-1,0.089672,0.000018,0.125218,0.007007,0.778085
TTAACACCTCGAACAT-1,0.446247,0.278629,0.07226,0.000117,0.202747
TTAACCAACCCTCCCT-1,0.026825,0.000023,0.205537,0.360102,0.407512
TTAACCCGAGGCGTGT-1,0.13628,0.000072,0.021705,0.097378,0.744565
TTAACGAACAAGCAGT-1,0.003449,0.000012,0.003418,0.382147,0.610974
TTAACGTCGCAAGACC-1,0.000015,0.000015,0.101256,0.296179,0.602535
TTAACTCACGCGTGGA-1,0.848461,0.102235,0.048761,0.000136,0.000407
TTAACTTCAGGTAGGA-1,0.326198,0.000062,0.673247,0.000123,0.00037
TTAAGACGAACGAACC-1,0.017157,0.003162,0.157425,0.256412,0.565843
TTAAGATACCCAGAGA-1,0.288871,0.000063,0.339537,0.000127,0.371402
TTAAGATAGGATTGAC-1,0.000018,0.000018,0.018006,0.099876,0.882083
TTAAGCCGACAACTTC-1,0.005536,0.00001,0.006311,0.759338,0.228805
TTAAGCGCCTGACCCA-1,0.598962,0.054799,0.197743,0.037519,0.110977
TTAAGGATACGGAGGT-1,0.000738,0.000018,0.017551,0.686893,0.2948
TTAAGGCCCGTACTTT-1,0.72539,0.000091,0.263833,0.000181,0.010505
TTAAGTATTGTTATCC-1,0.001036,0.000026,0.139776,0.057279,0.801883
TTAATCAGTACGTCAG-1,0.313183,0.000061,0.677594,0.000122,0.009041
TTAATGCGAGGTAACT-1,0.021291,0.002982,0.157447,0.456964,0.361317
TTAATGTAGACCAGGT-1,0.282498,0.000073,0.695433,0.000146,0.02185
TTAATGTGTTTGCAGG-1,0.573435,0.000043,0.354728,0.000087,0.071707
TTAATTGCTTTGGGTG-1,0.000032,0.000032,0.197929,0.090778,0.711228
TTAATTTCAGACGCGG-1,0.009629,0.000014,0.011045,0.407039,0.572273
TTACAACTACGCATCC-1,0.106596,0.000041,0.500135,0.062616,0.330612
TTACACGATCTGCGAC-1,0.000017,0.000017,0.047859,0.14352,0.808587
TTACAGACCTAAATGA-1,0.077693,0.000025,0.125438,0.130186,0.666658
TTACATCGTGGCCTGG-1,0.000035,0.001166,0.282267,0.132435,0.584097
TTACATGCCACAACTA-1,0.001481,0.00002,0.484518,0.075849,0.438132
TTACCATTGATTACCC-1,0.06529,0.000025,0.087209,0.395477,0.451999
TTACCCATTGCCGGGT-1,0.09444,0.000037,0.279457,0.092109,0.533958
TTACCCTAACAGTCCT-1,0.605403,0.0377,0.356236,0.000165,0.000496
TTACCCTAGGGATTGG-1,0.012402,0.000032,0.177253,0.286047,0.524267
TTACCGCCTTAGGGAA-1,0.253931,0.000056,0.353591,0.00615,0.386272
TTACGGATGGTTCGAG-1,0.000035,0.000035,0.144118,0.194591,0.661221
TTACGGTGTCACCGAG-1,0.004626,0.000026,0.2369,0.402241,0.356207
TTACGTAGCGCGTGCT-1,0.000027,0.000027,0.084906,0.278367,0.636674
TTACGTATCTATGACA-1,0.036279,0.001547,0.332396,0.004629,0.625149
TTACTAAAGGACTTTA-1,0.000023,0.000022,0.382412,0.282098,0.335446
TTACTATCGGCTTCTC-1,0.132129,0.000035,0.661442,0.068678,0.137716
TTACTCCGGCCGGGAA-1,0.040712,0.000026,0.269398,0.284782,0.405083
TTACTCTGGTACGTAC-1,0.030819,0.000057,0.964434,0.000115,0.004575
TTACTGGGATATTTCA-1,0.265119,0.288267,0.128883,0.00023,0.3175
TTACTGTCTAGAGCTC-1,0.000018,0.000018,0.026955,0.338418,0.63459
TTACTGTTTCTCTACG-1,0.013462,0.000021,0.011001,0.013293,0.962223
TTAGAAGAACATGACT-1,0.017547,0.000743,0.056863,0.486602,0.438245
TTAGAATAAGGGTCGG-1,0.004373,0.000022,0.159267,0.48393,0.352408
TTAGACACGATCGTTG-1,0.060134,0.000024,0.025646,0.354331,0.559865
TTAGACGAGTCACCTC-1,0.044144,0.000023,0.104121,0.189759,0.661953
TTAGAGTATTGTCGAG-1,0.162459,0.000066,0.649252,0.000132,0.188091
TTAGAGTTTAGAAGGA-1,0.073971,0.000021,0.142157,0.138434,0.645418
TTAGATAGGTCGATAC-1,0.176384,0.000035,0.566585,0.00007,0.256926
TTAGCAACATGGATGT-1,0.209341,0.000047,0.482918,0.115225,0.192468
TTAGCCATAGGGCTCG-1,0.015122,0.000027,0.173437,0.210654,0.60076
TTAGCGAATAGATAGG-1,0.023367,0.000021,0.070593,0.133265,0.772754
TTAGCTAATACGATCT-1,0.000025,0.000025,0.001304,0.648411,0.350235
TTAGCTCTGTAATCCG-1,0.371161,0.000033,0.618074,0.000065,0.010668
TTAGCTGATTTGCCGT-1,0.000011,0.000011,0.000011,0.628253,0.371716
TTAGGATGGGAGGGTA-1,0.000771,0.000007,0.00032,0.225702,0.7732
TTAGGTCATAACCGAC-1,0.261947,0.000093,0.737213,0.000186,0.000562
TTAGGTGTGACTGGTC-1,0.768577,0.217182,0.000077,0.013704,0.000461
TTAGTAAACCTGCTCT-1,0.103603,0.000018,0.042892,0.064838,0.788648
TTAGTAGGGCGGCGGG-1,0.139724,0.000052,0.110632,0.484304,0.265288
TTAGTTATTCGTGGCA-1,0.004202,0.00003,0.372925,0.116336,0.506506
TTAGTTCAAGTGTTCG-1,0.020509,0.000022,0.042383,0.323216,0.61387
TTATAGATGCACATTA-1,0.017401,0.000016,0.060374,0.599329,0.32288
TTATAGGTAATTGTCT-1,0.000022,0.000022,0.062239,0.020564,0.917154
TTATAGTCCAAGGTGC-1,0.000027,0.000027,0.143831,0.125818,0.730298
TTATATACGCTGTCAC-1,0.002813,0.003177,0.254415,0.304456,0.435139
TTATATTTGGCAATCC-1,0.233117,0.00008,0.73577,0.00016,0.030874
TTATCATACTCGCAAA-1,0.01399,0.001427,0.126669,0.533024,0.32489
TTATCCAATCGAACTC-1,0.000009,0.000776,0.002021,0.907708,0.089486
TTATCCGGGATCTATA-1,0.000035,0.000035,0.447995,0.042295,0.509641
TTATCCTCAAGGAATA-1,0.532402,0.000112,0.466592,0.000224,0.000671
TTATCGCCTGCGAAGC-1,0.858432,0.140872,0.000077,0.000155,0.000464
TTATCTGACATTAGGA-1,0.83092,0.00018,0.167463,0.000359,0.001078
TTATCTGTATCATAAC-1,0.000017,0.000017,0.099969,0.428556,0.47144
TTATGAATGAAAGGGA-1,0.151784,0.392803,0.174148,0.187353,0.093912
TTATGACAAACTGGAT-1,0.576289,0.000083,0.422963,0.000166,0.000499
TTATGATCTTAACGAA-1,0.000014,0.000014,0.014513,0.567374,0.418086
TTATGCGTCCCGGTCC-1,0.077756,0.000033,0.118381,0.405197,0.398632
TTATGTTTGCGATAGA-1,0.961336,0.032405,0.005428,0.000208,0.000623
TTATTAGAGCGTGTTC-1,0.000019,0.000639,0.039525,0.412424,0.547393
TTATTAGGGAAGCATC-1,0.000016,0.000016,0.035472,0.689528,0.274969
TTATTATCTGGAAGGC-1,0.05537,0.000014,0.082912,0.03212,0.829585
TTATTTCATCCCAAAC-1,0.330527,0.000027,0.185225,0.178121,0.3061
TTCAAAGTCTCTAGCC-1,0.030926,0.00002,0.146367,0.169079,0.653607
TTCAACGACCCGACCG-1,0.005722,0.000035,0.52755,0.185741,0.280952
TTCAAGCCGAGCTGAG-1,0.017346,0.000015,0.007198,0.125175,0.850265
TTCAATACTCTGAATC-1,0.023464,0.002262,0.264815,0.109234,0.600226
TTCAATTAGCCATAAT-1,0.028858,0.000018,0.088713,0.473286,0.409125
TTCACGAAAGGATCAC-1,0.597681,0.028565,0.168594,0.000121,0.205039
TTCACGGTCGTCACGT-1,0.258264,0.00007,0.644081,0.015067,0.082518
TTCACTCGAGCACCTA-1,0.020294,0.000024,0.409769,0.104031,0.465882
TTCACTTCCTAGAACG-1,0.074046,0.000028,0.390992,0.000771,0.534162
TTCAGAGTAACCTGAC-1,0.000011,0.000011,0.005219,0.822126,0.172634
TTCAGCCCTGGTCCAC-1,0.000629,0.000033,0.718905,0.010632,0.269802
TTCAGCTGGCGTGCCC-1,0.000499,0.000017,0.058371,0.359268,0.581846
TTCAGGCGTCAAAGCC-1,0.380968,0.00003,0.603485,0.00006,0.015457
TTCAGTTCAAGAGGAG-1,0.000012,0.000012,0.031536,0.582433,0.386007
TTCAGTTTGTGGCAGC-1,0.66768,0.331208,0.000124,0.000247,0.000741
TTCATAGCCTTGTAAC-1,0.435207,0.030085,0.068127,0.094795,0.371786
TTCATAGGGTGTCCAT-1,0.690642,0.0009,0.301256,0.0018,0.005401
TTCATGGCGCAACAGG-1,0.591363,0.00003,0.223085,0.000061,0.18546
TTCCAATCAGAGCTAG-1,0.028414,0.000027,0.179574,0.224513,0.567471
TTCCAATCTGGCTATC-1,0.404714,0.014008,0.445517,0.000187,0.135573
TTCCACACAGATTTGA-1,0.30266,0.000076,0.347513,0.000152,0.349599
TTCCACATTTCTCGTC-1,0.000015,0.000015,0.000015,0.766889,0.233067
TTCCAGTGGGTTTCGT-1,0.020047,0.120075,0.434974,0.059568,0.365336
TTCCATCATGCGGTGA-1,0.004888,0.001473,0.220662,0.302739,0.470238
TTCCATCGACAGCGTG-1,0.00002,0.00002,0.173636,0.100456,0.725868
TTCCCAAAGTACTGAT-1,0.099041,0.000024,0.115532,0.007617,0.777785
TTCCCGACGCTTCACT-1,0.014686,0.000025,0.099863,0.36671,0.518716
TTCCCGGCGCCAATAG-1,0.930736,0.000044,0.068869,0.000088,0.000264
TTCCGCAGAGAAATAT-1,0.003865,0.000022,0.163784,0.140027,0.692302
TTCCGCGTGAGGCGAT-1,0.012744,0.031606,0.635462,0.006916,0.313272
TTCCGGCCTTGAGGCT-1,0.310463,0.009413,0.679498,0.000157,0.00047
TTCCGGCTCGACTTCT-1,0.000016,0.000016,0.000016,0.554688,0.445265
TTCCGGTTACCCACTT-1,0.009046,0.000029,0.461009,0.15356,0.376356
TTCCTCGAGGGTGTCT-1,0.003302,0.000023,0.175477,0.073534,0.747665
TTCCTCGGACTAACCA-1,0.000016,0.000016,0.090518,0.257398,0.652052
TTCCTCTGCCCGAATA-1,0.500387,0.000028,0.436892,0.001933,0.06076
TTCCTTTCTGTGTTGC-1,0.128192,0.000029,0.322509,0.01239,0.53688
TTCGAACGAAACATGC-1,0.0484,0.000022,0.18258,0.309072,0.459926
TTCGACAGAGCCCGTG-1,0.009523,0.000021,0.015973,0.36474,0.609743
TTCGACGGGAAGGGCG-1,0.036406,0.000053,0.506584,0.1013,0.355658
TTCGAGCCGGCGCTAC-1,0.057804,0.000027,0.087772,0.04318,0.811216
TTCGCACTCGCGTGCT-1,0.093487,0.000045,0.852168,0.000091,0.054208
TTCGCACTGTACGACA-1,0.010266,0.000027,0.248155,0.247362,0.494191
TTCGCATCCGGAAGCA-1,0.144981,0.000046,0.072755,0.19154,0.590678
TTCGCCGCTCGCGCTA-1,0.999686,0.000031,0.000031,0.000063,0.000188
TTCGCGCGCCATACGA-1,0.000012,0.000357,0.006234,0.726661,0.266736
TTCGCTAGGAAGTTGT-1,0.001944,0.000022,0.203464,0.153616,0.640954
TTCGCTATCTGACGTG-1,0.000038,0.000038,0.051151,0.466426,0.482348
TTCGGACTGATGCCTT-1,0.017546,0.000028,0.060516,0.19112,0.73079
TTCGGACTGGGCATGG-1,0.614083,0.097766,0.28512,0.000758,0.002273
TTCGGCAACCCGCTGA-1,0.036732,0.000016,0.08756,0.250019,0.625673
TTCGGCTAGAGATGGT-1,0.239342,0.000041,0.617224,0.000083,0.14331
TTCGGGACTAATCGCG-1,0.017886,0.000012,0.000012,0.443979,0.538111
TTCGGGCGCTAGTCTT-1,0.802432,0.000105,0.125278,0.00021,0.071975
TTCGGGTTGCCACGGG-1,0.047006,0.000035,0.430206,0.007609,0.515144
TTCGGTACTGTAGAGG-1,0.043418,0.00003,0.355603,0.098891,0.502057
TTCGGTGGAGACGCCC-1,0.02838,0.000012,0.035752,0.080417,0.855439
TTCGTAATCCCAGCGG-1,0.000021,0.000021,0.07955,0.416453,0.503955
TTCGTACTCCAGAACG-1,0.76319,0.00009,0.169289,0.004347,0.063084
TTCGTGCATGTTATAG-1,0.024605,0.000023,0.112449,0.160693,0.702229
TTCGTGGGCTGGAAGC-1,0.037422,0.000029,0.064972,0.108115,0.789462
TTCGTTCAACGAAGTT-1,0.017825,0.00002,0.139099,0.126199,0.716857
TTCTAACCGAAGCTTA-1,0.00333,0.000028,0.479805,0.149522,0.367315
TTCTACCTCAATCGGT-1,0.506478,0.000109,0.492543,0.000218,0.000653
TTCTACCTTTATGTTG-1,0.010998,0.000042,0.30242,0.242501,0.444038
TTCTACTTGCGAGGGC-1,0.213463,0.000058,0.502885,0.000116,0.283478
TTCTAGAAAGTCTTAT-1,0.000019,0.000019,0.158753,0.415665,0.425544
TTCTAGGCCAATTGTG-1,0.04016,0.000068,0.89153,0.001281,0.066961
TTCTATTAAACGCAGC-1,0.041002,0.000021,0.47744,0.065899,0.415638
TTCTCAATTGCTACAA-1,0.832536,0.012046,0.078467,0.000173,0.076779
TTCTCTTACAGGTGAT-1,0.697667,0.033626,0.267739,0.000242,0.000726
TTCTGACCGGGCTCAA-1,0.000022,0.000022,0.265723,0.322179,0.412054
TTCTGCCGCGCCTAGA-1,0.03066,0.000021,0.32451,0.256758,0.388051
TTCTGCGAGCGCCCTT-1,0.883469,0.000032,0.001552,0.076832,0.038115
TTCTGCGGGTTAGCGG-1,0.015985,0.000039,0.498608,0.169929,0.315439
TTCTGCTAGACTCCAA-1,0.000019,0.000019,0.147787,0.342389,0.509786
TTCTGTTTCCTGTCGC-1,0.779982,0.178779,0.000101,0.000202,0.040937
TTCTTAGTGAACGGTG-1,0.037385,0.000026,0.330474,0.141011,0.491105
TTCTTAGTGGCTCAGA-1,0.000042,0.000042,0.623973,0.078674,0.297269
TTCTTATCCGCTGGGT-1,0.003562,0.00003,0.284653,0.121662,0.590093
TTCTTCCCTTTGATAT-1,0.000029,0.000029,0.175881,0.419792,0.404269
TTCTTCGCAATAGAGC-1,0.04761,0.000029,0.040613,0.262202,0.649546
TTCTTGAGCCGCGCTA-1,0.022841,0.000045,0.148595,0.040443,0.788076
TTCTTGGACGATCTGC-1,0.273508,0.000096,0.702555,0.000192,0.023649
TTCTTGGAGTAATGAG-1,0.603606,0.000058,0.248302,0.000117,0.147917
TTCTTGTAACCTAATG-1,0.090978,0.000042,0.514461,0.000084,0.394435
TTCTTGTGTCCATCAG-1,0.035536,0.003144,0.180348,0.298805,0.482167
TTCTTTGGTCGCGACG-1,0.037935,0.000034,0.62731,0.016628,0.318094
TTGAAACCCTCATTCC-1,0.184181,0.032743,0.280283,0.000045,0.502748
TTGAAAGGTGTAAAGG-1,0.05356,0.000022,0.122459,0.209536,0.614422
TTGAACGAATCCTTTG-1,0.70087,0.000032,0.298842,0.000064,0.000192
TTGAACGACGTGCTGA-1,0.00001,0.000631,0.00001,0.552223,0.447126
TTGAAGAATTCCCAGG-1,0.769696,0.006222,0.134285,0.000085,0.089713
TTGAAGGATGGGCGCC-1,0.635056,0.000193,0.36321,0.000385,0.001156
TTGAATATGGACTTTC-1,0.034393,0.000034,0.321793,0.260353,0.383426
TTGAATCGTTGTATAA-1,0.843314,0.036993,0.000094,0.119038,0.000561
TTGAATTCACGTGAGG-1,0.000017,0.000017,0.045475,0.238738,0.715753
TTGACAGGAGCTCCCG-1,0.009528,0.001659,0.046644,0.153362,0.788808
TTGACATGAACGTGGA-1,0.12868,0.000029,0.442888,0.000058,0.428345
TTGACCAGGAACAACT-1,0.000009,0.000261,0.005255,0.425699,0.568776
TTGACCATGTTCTCCG-1,0.355951,0.000069,0.588569,0.000138,0.055273
TTGACCGTGTTAATGA-1,0.292911,0.000103,0.706162,0.000206,0.000618
TTGACGATTCAGCACG-1,0.012718,0.000025,0.068678,0.384708,0.53387
TTGACGCTCCATGAGC-1,0.006532,0.000028,0.273567,0.161637,0.558236
TTGACTACCATATGGT-1,0.019994,0.000017,0.020345,0.58141,0.378234
TTGACTATTGTCCGGC-1,0.000027,0.000027,0.000027,0.382136,0.617782
TTGAGAAGTTTAGCAT-1,0.000014,0.000014,0.001206,0.445763,0.553003
TTGAGAGTACTGCTAA-1,0.026447,0.000016,0.040345,0.602764,0.330428
TTGAGCAGCCCACGGT-1,0.000068,0.000068,0.135828,0.109374,0.75466
TTGAGGCATTTAACTC-1,0.010908,0.000023,0.060351,0.561571,0.367148
TTGAGGGTCGAACGCG-1,0.051398,0.00003,0.181107,0.084682,0.682783
TTGAGTCCCGCTGCTG-1,0.052682,0.000018,0.252783,0.035866,0.658651
TTGATAGTCAATACAT-1,0.000011,0.000011,0.000664,0.347315,0.652
TTGATCTAACTTTGTC-1,0.477589,0.000088,0.521622,0.000176,0.000527
TTGATGCCGCTCGTCG-1,0.000162,0.000031,0.356615,0.110497,0.532695
TTGATGTGTAGTCCCG-1,0.000009,0.000009,0.000009,0.807827,0.192146
TTGATTAGCTGTTTCT-1,0.284161,0.000111,0.278096,0.151597,0.286034
TTGATTATGCAGATGA-1,0.441065,0.000109,0.557956,0.000218,0.000653
TTGCAAGAAGACTCCT-1,0.060238,0.00002,0.215461,0.097438,0.626844
TTGCACAATTCAGAAA-1,0.119342,0.855734,0.00137,0.000206,0.023349
TTGCACGGAGCAGCAC-1,0.000026,0.000026,0.271484,0.498987,0.229478
TTGCAGGTCATGAAGT-1,0.083368,0.000034,0.261711,0.019944,0.634943
TTGCATGCTGATCACG-1,0.020388,0.000058,0.025313,0.487398,0.466844
TTGCCATAGCCCGCTC-1,0.466221,0.013023,0.519996,0.00019,0.00057
TTGCCCTGATCACGGG-1,0.106401,0.000052,0.703332,0.071255,0.11896
TTGCCGCAGACCTACA-1,0.442505,0.000052,0.549801,0.000104,0.007537
TTGCCGCTTTCTAGTA-1,0.000009,0.000009,0.000009,0.691707,0.308266
TTGCCGGTGATCCCTC-1,0.00177,0.000037,0.512443,0.200367,0.285383
TTGCCTAATCCAAAGT-1,0.847589,0.000068,0.112442,0.000136,0.039764
TTGCCTTCTCGCCGGG-1,0.000011,0.000011,0.000011,0.459816,0.54015
TTGCGCACAACCACGT-1,0.028946,0.000029,0.159946,0.087081,0.723997
TTGCGCTCTCTCGCTT-1,0.582719,0.000699,0.410986,0.001399,0.004196
TTGCGCTTGATCAATA-1,0.001324,0.001401,0.218173,0.026838,0.752263
TTGCGGAAAGCTGCCC-1,0.001478,0.000024,0.347826,0.2721,0.378572
TTGCGGCATCAGAAAG-1,0.230903,0.000047,0.768674,0.000094,0.000282
TTGCGGCGACTCATGC-1,0.012048,0.000024,0.22287,0.188925,0.576132
TTGCGTAGTTTGAGGA-1,0.681937,0.316838,0.000136,0.000272,0.000817
TTGCGTCGGCCAACCG-1,0.22281,0.158905,0.177649,0.150669,0.289967
TTGCGTGAACGCTTAG-1,0.000027,0.000027,0.166378,0.318811,0.514756
TTGCGTGTGTAGGCAT-1,0.043326,0.00004,0.214612,0.073824,0.668198
TTGCTAGCTACCAATC-1,0.002607,0.000019,0.050336,0.744906,0.202131
TTGCTCATAGTACGTG-1,0.000013,0.000013,0.000337,0.294366,0.705271
TTGCTCCCATACCGGA-1,0.551029,0.000045,0.323025,0.000091,0.12581
TTGCTGAAGGAACCAC-1,0.019652,0.00003,0.559595,0.137912,0.282811
TTGCTGATCATGTTCG-1,0.656488,0.000126,0.342382,0.000251,0.000753
TTGCTGCACCTATCCA-1,0.574858,0.200555,0.107797,0.000256,0.116534
TTGCTGGCCGGGCTTC-1,0.000008,0.000008,0.000008,0.949797,0.050178
TTGGAAGAATACAGTC-1,0.382328,0.000076,0.616986,0.000152,0.000457
TTGGACATGTGGCTTA-1,0.07945,0.00007,0.857919,0.00014,0.062422
TTGGACCATCTGGCAA-1,0.077525,0.000026,0.308782,0.045654,0.568013
TTGGACCTATAACAGT-1,0.010952,0.000021,0.124675,0.169396,0.694956
TTGGAGTCTCCCTTCT-1,0.000025,0.00091,0.065665,0.464156,0.469245
TTGGATATCGTCTACG-1,0.191913,0.007909,0.799552,0.000156,0.000469
TTGGATCGACTTCTGG-1,0.029687,0.000036,0.46309,0.253832,0.253355
TTGGATTGGGTACCAC-1,0.000046,0.000046,0.186786,0.436077,0.377044
TTGGCCAAATTGTATC-1,0.000012,0.000012,0.026151,0.169117,0.804707
TTGGCCATCTTGCGCT-1,0.745134,0.000059,0.254333,0.000119,0.000356
TTGGCCTAGAATTTCG-1,0.257226,0.000041,0.388611,0.000314,0.353808
TTGGCTCAATATGTGT-1,0.013228,0.002453,0.060545,0.090222,0.833553
TTGGCTCGCATGAGAC-1,0.087279,0.000101,0.067547,0.085309,0.759764
TTGGGAAGACGAGCCG-1,0.001142,0.000017,0.17792,0.124749,0.696172
TTGGGACACTGCCCGC-1,0.259473,0.000083,0.583349,0.000166,0.156928
TTGGGACGTAAGAGTT-1,0.000076,0.003375,0.088309,0.048289,0.859951
TTGGGCGGCGGTTGCC-1,0.105651,0.000051,0.600403,0.003487,0.290408
TTGGGTTTATTCAGCG-1,0.024117,0.003347,0.311499,0.039223,0.621815
TTGGTCACACTCGTAA-1,0.279296,0.000054,0.671699,0.000108,0.048843
TTGGTGCGGTGTTGAA-1,0.038166,0.000027,0.039893,0.286299,0.635614
TTGGTTCGCTCAAAGG-1,0.016816,0.001906,0.111778,0.040499,0.829001
TTGGTTGCGGTGCGCG-1,0.490197,0.031689,0.477431,0.000171,0.000512
TTGTAACTTCATAGCG-1,0.005157,0.000027,0.398937,0.049438,0.546441
TTGTAAGGACCTAAGT-1,0.084194,0.000056,0.554528,0.181436,0.179786
TTGTAAGGCCAGTTGG-1,0.000015,0.000015,0.004892,0.89007,0.105008
TTGTAATCCGTACTCG-1,0.74918,0.000085,0.110786,0.000169,0.13978
TTGTATCACACAGAAT-1,0.029213,0.000021,0.098045,0.51306,0.359661
TTGTCACCGCGGTATC-1,0.644585,0.000079,0.349301,0.000157,0.005878
TTGTCGTTCAGTTACC-1,0.00001,0.00001,0.015113,0.884724,0.100142
TTGTCTCGGCAAGATG-1,0.000032,0.000032,0.266007,0.334037,0.399891
TTGTGAACCTAATCCG-1,0.000014,0.001137,0.01263,0.502829,0.48339
TTGTGAGGCATGACGC-1,0.422459,0.000087,0.576762,0.000173,0.000519
TTGTGATCTGTTCAGT-1,0.015367,0.000028,0.233387,0.0576,0.693617
TTGTGCAGCCACGTCA-1,0.000021,0.043866,0.023132,0.356539,0.576442
TTGTGCGGAAGCGGAT-1,0.530199,0.000891,0.000891,0.001783,0.466235
TTGTGGAGACAGCCGG-1,0.799497,0.059213,0.003058,0.027017,0.111215
TTGTGGCCCTGACAGT-1,0.020585,0.000026,0.091768,0.387697,0.499925
TTGTGGTAGGAGGGAT-1,0.238056,0.000075,0.632314,0.000149,0.129406
TTGTGGTATAGGTATG-1,0.002399,0.000012,0.044482,0.276691,0.676415
TTGTGGTGGTACTAAG-1,0.017299,0.000022,0.028114,0.044771,0.909794
TTGTGTATGCCACCAA-1,0.000026,0.000026,0.326553,0.328531,0.344864
TTGTGTTTCCCGAAAG-1,0.025362,0.000025,0.428277,0.080354,0.465984
TTGTTAGCAAATTCGA-1,0.053241,0.000055,0.290828,0.283078,0.372798
TTGTTCAGTGTGCTAC-1,0.283358,0.000051,0.627081,0.000103,0.089407
TTGTTGGCAATGACTG-1,0.017435,0.004035,0.418441,0.214111,0.345978
TTGTTGTGTGTCAAGA-1,0.037586,0.00003,0.183442,0.190081,0.588861
TTGTTTCACATCCAGG-1,0.172749,0.013332,0.606379,0.000234,0.207305
TTGTTTCATTAGTCTA-1,0.365028,0.00013,0.633798,0.000261,0.000783
TTGTTTCCATACAACT-1,0.225127,0.000062,0.774318,0.000123,0.00037
TTGTTTGTATTACACG-1,0.055458,0.00004,0.15552,0.236118,0.552865
TTGTTTGTGTAAATTC-1,0.041411,0.000025,0.225189,0.373956,0.35942
