Barcode,Topic 1,Topic 2,Topic 3to5,Topic 6to9
AAACAACGAATAGTTC-1,0.000028,0.109633,0.043748,0.846591
AAACAATCTACTAGCA-1,0.000015,0.035539,0.487561,0.476885
AAACACCAATAACTGC-1,0.057944,0.001837,0.739116,0.201102
AAACAGAGCGACTCCT-1,0.000042,0.924729,0.000127,0.075102
AAACAGGGTCTATATT-1,0.000033,0.060533,0.0262,0.913234
AAACAGTGTTCCTGGG-1,0.000047,0.753714,0.225161,0.021078
AAACCGGGTAGGTACC-1,0.000088,0.000088,0.000265,0.999558
AAACCGTTCGTCCAGG-1,0.000026,0.304532,0.69534,0.000102
AAACCTCATGAAGTTG-1,0.000075,0.010855,0.000226,0.988845
AAACGAAGAACATACC-1,0.001463,0.702512,0.004389,0.291636
AAACGAGACGGTTGAT-1,0.000035,0.874072,0.115959,0.009934
AAACGCCCGAGATCGG-1,0.000022,0.528637,0.415018,0.056323
AAACGGGTTGGTATCC-1,0.000059,0.126201,0.05767,0.81607
AAACGGTTGCGAACTG-1,0.000023,0.791576,0.014623,0.193778
AAACTAACGTGGCGAC-1,0.000017,0.567305,0.336868,0.095809
AAACTCGGTTCGCAAT-1,0.000024,0.684951,0.222752,0.092274
AAACTCGTGATATAAG-1,0.000018,0.261682,0.738226,0.000074
AAACTGCTGGCTCCAA-1,0.000029,0.881037,0.086945,0.03199
AAACTTGCAAACGTAT-1,0.001332,0.000039,0.050397,0.948232
AAAGACCCAAGTCGCG-1,0.477245,0.071974,0.007982,0.442799
AAAGGCCCTATAATAC-1,0.000055,0.484292,0.435488,0.080165
AAAGGCTACGGACCAT-1,0.000056,0.749796,0.22532,0.024828
AAAGGCTCTCGCGCCG-1,0.000055,0.897883,0.093787,0.008275
AAAGGGATGTAGCAAG-1,0.000042,0.578223,0.118027,0.303708
AAAGGGCAGCTTGAAT-1,0.000035,0.000035,0.437148,0.562782
AAAGGTAAGCTGTACC-1,0.000015,0.627325,0.320972,0.051687
AAAGTAGCATTGCTCA-1,0.001059,0.001059,0.61292,0.384962
AAAGTCACTGATGTAA-1,0.000066,0.183777,0.061524,0.754633
AAAGTCGACCCTCAGT-1,0.000061,0.084456,0.068204,0.847279
AAAGTGTGATTTATCT-1,0.000051,0.677523,0.016834,0.305592
AAAGTTGACTCCCGTA-1,0.000029,0.548395,0.281375,0.170201
AAATAACCATACGGGA-1,0.00003,0.745934,0.159018,0.095018
AAATAAGGTAGTGCCC-1,0.000122,0.619534,0.295294,0.08505
AAATACCTATAAGCAT-1,0.000026,0.748259,0.242536,0.009178
AAATAGCTTAGACTTT-1,0.000048,0.860829,0.057015,0.082107
AAATAGGGTGCTATTG-1,0.000032,0.501032,0.098445,0.400491
AAATCGTGTACCACAA-1,0.000029,0.514874,0.379509,0.105589
AAATGACTGATCAAAC-1,0.000047,0.710216,0.00014,0.289597
AAATGATTCGATCAGC-1,0.000019,0.585947,0.355366,0.058668
AAATGGCATGTCTTGT-1,0.000088,0.287529,0.57664,0.135742
AAATGGCCCGTGCCCT-1,0.000027,0.003756,0.017133,0.979084
AAATGGTCAATGTGCC-1,0.005273,0.279737,0.123559,0.59143
AAATGTGGGTGCTCCT-1,0.000018,0.097659,0.102326,0.799997
AAATTAACGGGTAGCT-1,0.000026,0.326812,0.246014,0.427147
AAATTACACGACTCTG-1,0.000051,0.90286,0.079508,0.017582
AAATTACCTATCGATG-1,0.000029,0.672219,0.088844,0.238908
AAATTGATAGTCCTTT-1,0.000037,0.000037,0.970574,0.029352
AAATTGCGGCGGTTCT-1,0.00004,0.00004,0.000121,0.999799
AAATTTACCGAAATCC-1,0.000025,0.940928,0.015437,0.04361
AAATTTGCGGGTGTGG-1,0.000527,0.322426,0.001581,0.675466
AACAACTGGTAGTTGC-1,0.083221,0.012125,0.02639,0.878265
AACAATACATTGTCGA-1,0.000021,0.598113,0.234741,0.167124
AACAATTACTCTACGC-1,0.000125,0.000125,0.017692,0.982058
AACACACGCTCGCCGC-1,0.000039,0.681246,0.166058,0.152657
AACACGACTGTACTGA-1,0.000324,0.364743,0.36962,0.265313
AACACGAGACGCGGCC-1,0.000042,0.000042,0.028677,0.971239
AACACGCGGCCGCGAA-1,0.046233,0.000025,0.016938,0.936803
AACAGCTGTGTGGCAA-1,0.000037,0.54614,0.378719,0.075104
AACAGGAAATCGAATA-1,0.000029,0.047599,0.891337,0.061034
AACAGGATGGGCCGCG-1,0.000069,0.000069,0.000208,0.999654
AACATATCAACTGGTG-1,0.000028,0.862534,0.056215,0.081223
AACATTGAAGTTGATC-1,0.000157,0.401103,0.554655,0.044085
AACATTGGTCAGCCGT-1,0.182782,0.000068,0.014414,0.802735
AACATTGTGACTCGAG-1,0.000115,0.938457,0.006504,0.054925
AACCAAGACTTCTCTG-1,0.000104,0.000104,0.000311,0.999481
AACCAGTATCACTCTT-1,0.000026,0.895039,0.000078,0.104856
AACCATGGGATCGCTA-1,0.066739,0.00004,0.018096,0.915126
AACCCAGAGACGGAGA-1,0.332672,0.000035,0.000104,0.667189
AACCCATCCCATGATC-1,0.000069,0.106981,0.131619,0.76133
AACCCGACAACCCGTG-1,0.000031,0.995276,0.000093,0.0046
AACCCGCTGTATTCCA-1,0.00006,0.824828,0.060909,0.114203
AACCCTACTGTCAATA-1,0.000035,0.823505,0.1184,0.05806
AACCCTGGTGGAACCA-1,0.000035,0.054956,0.923184,0.021825
AACCGAGCTTGGTCAT-1,0.000033,0.546792,0.322876,0.130299
AACCGCTAAGGGATGC-1,0.000028,0.461349,0.33272,0.205903
AACCGTTGTGTTTGCT-1,0.138763,0.628208,0.099607,0.133421
AACCTCGCTTTAGCCC-1,0.000079,0.484439,0.243805,0.271678
AACCTTTAAATACGGT-1,0.000046,0.855531,0.091633,0.052789
AACCTTTACGACGTCT-1,0.000041,0.716734,0.008481,0.274745
AACGATAATGCCGTAG-1,0.000039,0.86491,0.130509,0.004543
AACGATAGAAGGGCCG-1,0.000088,0.128232,0.049869,0.82181
AACGATATGTCAACTG-1,0.000048,0.588419,0.294058,0.117474
AACGCATGATCTGGGT-1,0.000037,0.675582,0.167351,0.157031
AACGCGAACGGCAACA-1,0.010954,0.145954,0.104594,0.738498
AACGCGACCTTGGGCG-1,0.000017,0.611695,0.295247,0.093042
AACGCGGTCTCCAGCC-1,0.000048,0.345983,0.41969,0.234279
AACGCTGTTGCTGAAA-1,0.000077,0.603625,0.008145,0.388153
AACGGACGTACGTATA-1,0.000031,0.591728,0.109662,0.298578
AACGGCCATCTCCGGT-1,0.000278,0.297785,0.115703,0.586234
AACGTACTGTGGGTAC-1,0.000038,0.175066,0.53063,0.294266
AACGTAGTCTACCCAT-1,0.029673,0.187703,0.034101,0.748522
AACGTCAGACTAGTGG-1,0.000071,0.132086,0.000214,0.867629
AACGTCATCCGGCTTG-1,0.000067,0.833628,0.000201,0.166103
AACGTGATGAAGGACA-1,0.000078,0.759515,0.16129,0.079117
AACGTGCGAAAGTCTC-1,0.000032,0.517269,0.162912,0.319787
AACGTTATCAGCACCT-1,0.000167,0.380861,0.200475,0.418497
AACTAGCGTATCGCAC-1,0.000041,0.105454,0.199416,0.695089
AACTAGGCTTGGGTGT-1,0.000051,0.870982,0.123709,0.005259
AACTCAAGTTAATTGC-1,0.000052,0.125764,0.086892,0.787292
AACTCCTAATCCCATG-1,0.000036,0.940387,0.000107,0.059471
AACTCGATAAACACGT-1,0.000033,0.233864,0.028749,0.737354
AACTCGATGGCGCAGT-1,0.019716,0.034196,0.000179,0.945908
AACTCTCAATAGAGCG-1,0.000046,0.947541,0.000139,0.052274
AACTCTCAGTGTGCTC-1,0.000041,0.294722,0.647144,0.058093
AACTGAGGTCAGCGTC-1,0.000031,0.44584,0.270061,0.284069
AACTGATATTAGGCCT-1,0.000072,0.307582,0.392888,0.299458
AACTGGGTCCCGACGT-1,0.000027,0.144015,0.853224,0.002733
AACTGGGTTCGAGCCG-1,0.000059,0.639703,0.273494,0.086744
AACTGGTGTGGGCCTT-1,0.000058,0.078813,0.013057,0.908072
AACTTCTGCGTCTATC-1,0.001209,0.001209,0.003626,0.993956
AACTTGCCCGTATGCA-1,0.000153,0.000153,0.00046,0.999233
AACTTGCGTTCTCGCG-1,0.001566,0.001566,0.004698,0.99217
AACTTTAGCTGCTGAG-1,0.000036,0.000036,0.061468,0.938459
AAGAAGGATCAGTTAG-1,0.000111,0.000111,0.000332,0.999447
AAGACCCAACTGAACA-1,0.000038,0.923732,0.064952,0.011278
AAGACTAACCCGTTGT-1,0.00007,0.00007,0.00021,0.999649
AAGACTGCAAGCTACT-1,0.000033,0.592156,0.376635,0.031175
AAGAGATGAATCGGTA-1,0.043547,0.00009,0.028041,0.928321
AAGAGCTCTTTATCGG-1,0.000034,0.711354,0.288475,0.000137
AAGAGGATGTACGCGA-1,0.000111,0.000111,0.000334,0.999444
AAGAGGCATGGATCGC-1,0.000045,0.95828,0.000136,0.041538
AAGATGGCACCGGACC-1,0.000045,0.535192,0.286496,0.178266
AAGATTGGCGGAACGT-1,0.000042,0.870935,0.053457,0.075565
AAGCACCCTGCGTATC-1,0.000041,0.521935,0.392924,0.0851
AAGCATACTCTCCTGA-1,0.000038,0.900622,0.025447,0.073892
AAGCCGCCGTGAAATC-1,0.000093,0.543742,0.298119,0.158045
AAGCGCAGGGCTTTGA-1,0.000098,0.716819,0.16083,0.122253
AAGCGGCGTCATGGGT-1,0.000039,0.9282,0.000116,0.071645
AAGCGTCCCTCATCGA-1,0.000078,0.499987,0.398621,0.101314
AAGCTAGATCGAGTAA-1,0.00003,0.914659,0.085191,0.00012
AAGCTCGTGCCAAGTC-1,0.000046,0.590216,0.315218,0.094521
AAGCTCTTTCATGGTG-1,0.000043,0.709038,0.142751,0.148168
AAGGAGAACTTATAAG-1,0.000029,0.085552,0.049662,0.864757
AAGGAGCGGTTGGTGC-1,0.000091,0.199527,0.000273,0.800109
AAGGATCGATCGCTTG-1,0.000044,0.732019,0.222418,0.045518
AAGGATGAGGGACCTC-1,0.000037,0.868096,0.105417,0.02645
AAGGCGCGTAAAGCTT-1,0.000072,0.000072,0.000215,0.999641
AAGGCTGTGCTCATCG-1,0.000085,0.126442,0.014072,0.859402
AAGGGAACGACTGGCT-1,0.001626,0.221227,0.577353,0.199794
AAGGGACAGATTCTGT-1,0.00005,0.890003,0.022304,0.087643
AAGGGACTATGCATTC-1,0.000035,0.217731,0.655289,0.126945
AAGGTATCCTAATATA-1,0.000033,0.533919,0.212177,0.253871
AAGGTGATAAACCAGC-1,0.000066,0.687216,0.098308,0.21441
AAGTAGAAGACCGGGT-1,0.000051,0.156144,0.085416,0.75839
AAGTAGTGACGCGAGG-1,0.000126,0.034684,0.000378,0.964812
AAGTCAATTGTCGTCA-1,0.000044,0.73783,0.145651,0.116475
AAGTGACGACCGAATT-1,0.000084,0.000084,0.000253,0.999579
AAGTGAGTCGGGTTTA-1,0.000029,0.857607,0.110088,0.032277
AAGTGCAAAGGTAGAC-1,0.000048,0.13825,0.197016,0.664686
AAGTGCCTTGACTGTA-1,0.000042,0.762754,0.061424,0.17578
AAGTGCGTTAGAATCT-1,0.000133,0.115236,0.000398,0.884234
AAGTGCTTCTCTATTG-1,0.000048,0.859249,0.121887,0.018816
AAGTGTTTGGAGACGG-1,0.000042,0.545865,0.180855,0.273238
AAGTTCACTCCAAGCT-1,0.000036,0.808967,0.184501,0.006495
AAGTTCAGTCTGCGTA-1,0.00005,0.838998,0.12094,0.040012
AAGTTCGGCCAACAGG-1,0.009308,0.103979,0.063782,0.822932
AAGTTTACTAATGGCA-1,0.000212,0.380084,0.000635,0.619069
AAGTTTATGGGCCCAA-1,0.000044,0.65189,0.097614,0.250453
AATAACAACGCTCGGC-1,0.000059,0.000059,0.000177,0.999705
AATAACACTAGAACAA-1,0.000021,0.183972,0.760819,0.055189
AATAAGTCCTCGAGAC-1,0.000035,0.506742,0.361049,0.132173
AATACCGGAGGGCTGT-1,0.000043,0.87872,0.062606,0.058631
AATAGAACAGAGTGGC-1,0.000052,0.50131,0.331278,0.16736
AATAGAATCTGTTTCA-1,0.000031,0.673043,0.288395,0.038531
AATAGCAAGCCTCCTG-1,0.000244,0.000244,0.998537,0.000975
AATAGCTACCGCGTGC-1,0.000018,0.821312,0.000053,0.178618
AATAGTCCGTCCCGAC-1,0.000051,0.953159,0.031892,0.014898
AATAGTCGCGAGTCGG-1,0.000087,0.245063,0.143711,0.611138
AATATCAAGGTCGGAT-1,0.000051,0.000051,0.13762,0.862278
AATATCGAGGGTTCTC-1,0.000043,0.935098,0.000129,0.06473
AATATTGGAGTATTGA-1,0.000047,0.000047,0.00014,0.999767
AATCAGACTGCAGGAC-1,0.000074,0.138498,0.000221,0.861208
AATCAGGTTTCATTTA-1,0.000057,0.873218,0.04673,0.079995
AATCCAAGGGCCTGAG-1,0.000053,0.046479,0.019868,0.9336
AATCCATGCAAGGGTG-1,0.000042,0.000042,0.000281,0.999634
AATCCCGCTCAGAGCC-1,0.000047,0.643553,0.039341,0.317059
AATCGCCTCAGCGCCA-1,0.000054,0.836536,0.059187,0.104223
AATCGGGACACTACGA-1,0.001523,0.26951,0.207905,0.521062
AATCTAGGTTTACTTG-1,0.000047,0.000047,0.000142,0.999764
AATCTATGCCGGAGCC-1,0.000034,0.503016,0.434674,0.062276
AATCTCTACTGTGGTT-1,0.000069,0.037885,0.065334,0.896712
AATCTGCGTTGGGACG-1,0.000037,0.909918,0.00011,0.089935
AATCTGGCTTTCTAGT-1,0.00018,0.004801,0.009267,0.985753
AATCTGGGTAGACCCT-1,0.000013,0.467437,0.532497,0.000053
AATGACAGCAATGTCT-1,0.000604,0.000604,0.083718,0.915074
AATGACGTAGGATGTC-1,0.000055,0.933835,0.00637,0.05974
AATGACTGTCAGCCGG-1,0.000044,0.038163,0.000131,0.961663
AATGAGTTCGCATATG-1,0.000168,0.181024,0.012322,0.806486
AATGATGATACGCTAT-1,0.000051,0.881098,0.008475,0.110376
AATGATGCGACTCCTG-1,0.000046,0.948587,0.000538,0.050829
AATGCAACCGGGTACC-1,0.000059,0.400993,0.093874,0.505074
AATGCACCAAGCAATG-1,0.000037,0.850198,0.069615,0.08015
AATGGTTCTCACAAGC-1,0.373853,0.000046,0.000139,0.625962
AATGTGCCCGAGGTGT-1,0.000875,0.3582,0.115987,0.524937
AATGTGCTAATCTGAG-1,0.000042,0.902333,0.028656,0.068969
AATTAAAGGTCGGCGT-1,0.000062,0.47263,0.070917,0.456391
AATTAACGGATTTCCA-1,0.000035,0.902079,0.047411,0.050474
AATTACTCGTACGCTC-1,0.012717,0.405805,0.224043,0.357434
AATTAGCGCTGCAGCG-1,0.000035,0.721479,0.192494,0.085992
AATTCATAAGGGATCT-1,0.000061,0.915837,0.000182,0.08392
AATTCCAACTTGGTGA-1,0.000031,0.108536,0.037456,0.853977
AATTCCAAGCATGTAC-1,0.000024,0.804727,0.174751,0.020498
AATTCTAGAGTTAGGC-1,0.000043,0.919854,0.017696,0.062406
AATTGAACGCTCTGGT-1,0.000043,0.824128,0.170895,0.004933
AATTTGGGACATAGTA-1,0.000051,0.820695,0.068555,0.110699
AATTTGGTTCCAAAGA-1,0.000103,0.104118,0.796441,0.099338
ACAAACTCCATCAGAG-1,0.000046,0.710521,0.057884,0.23155
ACAAATCGCACCGAAT-1,0.000045,0.63329,0.181247,0.185418
ACAAATGGTAGTGTTT-1,0.000037,0.844589,0.155225,0.000149
ACAAATTCAGATCTGA-1,0.000019,0.449216,0.344103,0.206662
ACAACAGCATGAGCTA-1,0.000027,0.459612,0.220521,0.31984
ACAACGGTCCCTGCGA-1,0.000078,0.000078,0.000233,0.999612
ACAAGCAGTGCCTAGC-1,0.000049,0.000049,0.000147,0.999755
ACAAGGAAATCCGCCC-1,0.000042,0.935906,0.055981,0.008071
ACAAGGACAAGAGGTT-1,0.000102,0.000102,0.000307,0.999488
ACAAGGATGCTTTAGG-1,0.000207,0.618289,0.231426,0.150078
ACAAGGCCTACCAGCC-1,0.000347,0.000347,0.737253,0.262052
ACAAGGGCAGGCTCTG-1,0.000042,0.944745,0.000125,0.055089
ACAATAGTCGTACGTT-1,0.000104,0.000104,0.000313,0.999478
ACAATCCATTTAAACC-1,0.00008,0.00008,0.00024,0.9996
ACAATCGATCTTTATA-1,0.000233,0.198992,0.314847,0.485928
ACAATGAATACGGAGA-1,0.000043,0.222669,0.675436,0.101852
ACAATGATTCTTCTAC-1,0.000136,0.000136,0.901886,0.097843
ACAATTGTGTCTCTTT-1,0.000045,0.697152,0.230437,0.072367
ACAATTTAGGAGGCTC-1,0.000022,0.078583,0.069971,0.851424
ACAATTTGAGCAGTGG-1,0.000035,0.647801,0.253197,0.098967
ACACAAAGACGGGTGG-1,0.000054,0.242626,0.066558,0.690762
ACACACCAGGACCAGT-1,0.000041,0.634918,0.159364,0.205677
ACACACTTTCTACACG-1,0.000639,0.321347,0.235831,0.442182
ACACATGATCAAATCT-1,0.00005,0.177899,0.230257,0.591795
ACACATTGACGCAACA-1,0.000085,0.338247,0.308033,0.353635
ACACATTTCCGTAGAC-1,0.000266,0.742883,0.160188,0.096663
ACACCCAGCATGCAGC-1,0.000055,0.122999,0.161536,0.71541
ACACCCGAGAAATCCG-1,0.000039,0.049122,0.000118,0.95072
ACACCTTAAGTAGGGC-1,0.000065,0.051599,0.033964,0.914372
ACACGAGACTCCTTCT-1,0.000037,0.566885,0.182373,0.250705
ACACGGCACTATGCAT-1,0.000037,0.175631,0.769494,0.054838
ACACGGGAACTTAGGG-1,0.000033,0.43138,0.469214,0.099372
ACACTCCAATGTCACT-1,0.001589,0.001589,0.004766,0.992057
ACACTGATCAAGGTGT-1,0.000046,0.526557,0.365436,0.10796
ACAGAACTGAGAACAA-1,0.000456,0.211347,0.096558,0.691639
ACAGATTAGGTTAGTG-1,0.002471,0.567897,0.007414,0.422218
ACAGCATAGAGCCAGT-1,0.001196,0.001196,0.107799,0.88981
ACAGCGCACCCGCAGC-1,0.000112,0.633883,0.16791,0.198095
ACAGGCTTGCCCGACT-1,0.000033,0.747124,0.132388,0.120455
ACAGGTGGAGGTGAGG-1,0.000032,0.254275,0.683481,0.062212
ACAGTAATACAACTTG-1,0.004698,0.000042,0.158107,0.837153
ACATAATAAGGCGGTG-1,0.000034,0.186319,0.658554,0.155093
ACATCAGCTGGGACGC-1,0.000023,0.126822,0.034312,0.838843
ACATCCCGGCCATACG-1,0.000062,0.92517,0.000186,0.074582
ACATCCTGGTAACTGT-1,0.000033,0.609785,0.190366,0.199817
ACATCGATCGTTTACC-1,0.000054,0.565494,0.276626,0.157826
ACATCGGTCAGCCGCG-1,0.000056,0.000056,0.04368,0.956208
ACATCGTATGCAATGG-1,0.000044,0.999382,0.000133,0.000441
ACATCGTTAACCTAGT-1,0.000087,0.44668,0.498769,0.054464
ACATCTCAACGCGTAA-1,0.000019,0.397784,0.543261,0.058937
ACATGGCGCCAAAGTA-1,0.000022,0.727931,0.271959,0.000088
ACATGGCTCAATTTAG-1,0.003088,0.106922,0.053199,0.836791
ACATTAGTTTATATCC-1,0.000043,0.489315,0.470439,0.040204
ACCAAACTAGAAATCC-1,0.000021,0.499016,0.172953,0.32801
ACCAACACCACACACT-1,0.000021,0.531258,0.416966,0.051754
ACCAACGCTTATTTAT-1,0.000051,0.709179,0.198115,0.092655
ACCAAGAACGCGTGTC-1,0.000065,0.150226,0.04259,0.80712
ACCAATATGCAAGTTA-1,0.000021,0.272076,0.720475,0.007429
ACCACAACTCAGAACA-1,0.000037,0.304981,0.568037,0.126944
ACCACAAGTTTCTATC-1,0.000046,0.259394,0.353989,0.386572
ACCACCAATGTAACAA-1,0.000045,0.758776,0.04532,0.195859
ACCACGTGCAGCTATA-1,0.000045,0.821622,0.100247,0.078085
ACCACTGTTCAAGAAG-1,0.000031,0.299861,0.274182,0.425926
ACCAGCCCGGTCTTTG-1,0.000027,0.04556,0.862395,0.092019
ACCAGGAGTGTGATCT-1,0.000034,0.129097,0.314067,0.556802
ACCAGTGCCCGGTCAA-1,0.000031,0.922144,0.018013,0.059812
ACCAGTGCGGGAGACG-1,0.000084,0.698204,0.086056,0.215656
ACCATATCCGCAATAA-1,0.000023,0.314433,0.593473,0.092071
ACCATCCGCCAACTAG-1,0.000028,0.000028,0.000084,0.999861
ACCATCGTATATGGTA-1,0.000229,0.166717,0.065042,0.768013
ACCCAACGCCCGTGGC-1,0.000041,0.845791,0.154003,0.000165
ACCCACCTACATGCTC-1,0.000069,0.000069,0.00238,0.997481
ACCCATCTTGAGGGTA-1,0.000113,0.000113,0.00034,0.999433
ACCCGAGCGAAATTAC-1,0.000022,0.269614,0.599799,0.130565
ACCCGATTGGTTCCGA-1,0.000036,0.782613,0.115676,0.101676
ACCCGGAAACTCCCAG-1,0.000029,0.846249,0.150077,0.003644
ACCCGGATGACGCATC-1,0.000026,0.357524,0.642346,0.000104
ACCCGGTTACACTTCC-1,0.000304,0.420425,0.133782,0.44549
ACCCGTGTCATCAGTA-1,0.000057,0.899392,0.000172,0.100378
ACCCTATAGGACTGAG-1,0.001523,0.172308,0.004569,0.8216
ACCCTATGCCATATCG-1,0.000108,0.562423,0.37113,0.066338
ACCCTCCCTTGCTATT-1,0.000025,0.606666,0.350858,0.042452
ACCCTGGTAACGCCCT-1,0.000018,0.234924,0.730652,0.034406
ACCCTTCATCTGCGAA-1,0.000212,0.391028,0.335116,0.273644
ACCCTTTAGTTCTCCA-1,0.000042,0.50058,0.499211,0.000167
ACCGAAAGGGCCCTGC-1,0.003739,0.192225,0.101195,0.702841
ACCGACACATCTCCCA-1,0.000022,0.349226,0.641284,0.009469
ACCGACTGAGTCCCAC-1,0.000032,0.409572,0.496014,0.094382
ACCGATGGTAGCATCG-1,0.000046,0.999631,0.000138,0.000185
ACCGCAATAACTGCCT-1,0.000024,0.603189,0.383305,0.013483
ACCGCGGTGGAAGTCG-1,0.000134,0.732321,0.153574,0.113972
ACCGGGCCTTTGTTGA-1,0.000058,0.720602,0.141512,0.137828
ACCGGTCAGGTACACC-1,0.00004,0.088463,0.026549,0.884948
ACCGGTCTGAGTACGG-1,0.000017,0.769922,0.165852,0.064209
ACCGTGACCACGTGGG-1,0.000025,0.675737,0.320749,0.003488
ACCGTTCCCGCTCTGA-1,0.000386,0.123975,0.400789,0.47485
ACCTAAGTACCTTTCA-1,0.000041,0.000041,0.373593,0.626325
ACCTAATCGACTTCCT-1,0.000175,0.000175,0.000525,0.999124
ACCTACTATAAATCTA-1,0.000023,0.885662,0.083136,0.031179
ACCTCCGTTATTCACC-1,0.000132,0.820558,0.096526,0.082783
ACCTGCGTGTCATGTT-1,0.000072,0.000072,0.000216,0.999639
ACGAAATGGGCGGCAC-1,0.00004,0.00004,0.000121,0.999798
ACGACTGGTCATACTC-1,0.000031,0.753451,0.138993,0.107525
ACGAGAACCCATCACG-1,0.000028,0.000028,0.000085,0.999859
ACGAGATATTTGCTTA-1,0.000086,0.469939,0.406573,0.123402
ACGAGGATACCACTCT-1,0.000038,0.020874,0.032046,0.947042
ACGAGTACGGATGCCC-1,0.000035,0.895832,0.087003,0.01713
ACGAGTCGCCGGCGTT-1,0.000229,0.254861,0.000688,0.744222
ACGATACATAGAACTA-1,0.000059,0.807419,0.140059,0.052462
ACGATCATACATAGAG-1,0.000048,0.439522,0.267723,0.292707
ACGATCATCTTGTAAA-1,0.000033,0.81387,0.070688,0.115408
ACGATGCATATGTTAT-1,0.0001,0.045268,0.063499,0.891133
ACGATGGATCCGATGC-1,0.000054,0.263607,0.64356,0.09278
ACGCAAACTAATAGAT-1,0.000027,0.962682,0.000622,0.036668
ACGCAATCACTACAGC-1,0.000039,0.628315,0.264531,0.107114
ACGCATAAATGACATG-1,0.000017,0.104677,0.854932,0.040374
ACGCATTCGTGAGTAC-1,0.000047,0.415582,0.24587,0.338502
ACGCCAGATGATTTCT-1,0.000056,0.502797,0.342955,0.154192
ACGCCCAGCTGTCGAT-1,0.055041,0.00002,0.845912,0.099027
ACGCCGCTAGACGACC-1,0.000038,0.89039,0.025274,0.084298
ACGCGAAGTCAGACGA-1,0.000034,0.434626,0.376224,0.189116
ACGCGCTACACAGGGT-1,0.221595,0.000058,0.000174,0.778173
ACGCGGGCCAAGGACA-1,0.000023,0.183613,0.73599,0.080375
ACGCTAGTGATACACT-1,0.000036,0.983351,0.000109,0.016504
ACGCTGTGAGGCGTAG-1,0.000025,0.000025,0.000076,0.999874
ACGCTTAGTGTCTCTC-1,0.000042,0.398564,0.510461,0.090933
ACGGAATTTAGCAAAT-1,0.004674,0.014405,0.000183,0.980738
ACGGACTCTCAAAGCG-1,0.000032,0.6438,0.332645,0.023523
ACGGAGCGCAAATTAC-1,0.000021,0.881203,0.043914,0.074861
ACGGATGGTGCGGATA-1,0.000034,0.507436,0.290976,0.201554
ACGGCACTTGCTTGGG-1,0.000058,0.908558,0.067612,0.023772
ACGGCCAACATGGACT-1,0.000021,0.627473,0.270733,0.101773
ACGGCGACGATGGGAA-1,0.00004,0.975658,0.000123,0.024179
ACGGCGGGTTGCCCTG-1,0.000065,0.000065,0.080314,0.919556
ACGGGAGTGTCGGCCC-1,0.000067,0.000067,0.129331,0.870534
ACGGGTCATGTGACTT-1,0.001605,0.275745,0.278251,0.444398
ACGTACAGATTTCTCT-1,0.000445,0.174616,0.524098,0.300841
ACGTACTTTGGCACGG-1,0.000057,0.90743,0.030314,0.062199
ACGTAGATTGCTGATG-1,0.00002,0.365549,0.634352,0.000079
ACGTATTACTCCGATC-1,0.000051,0.685972,0.06354,0.250437
ACGTGCGCCTCGTGCA-1,0.000199,0.440212,0.09815,0.46144
ACGTGGTCGAATGTGC-1,0.001782,0.510107,0.398251,0.08986
ACGTTAATGTCGAAGA-1,0.000034,0.613377,0.299727,0.086861
ACGTTAGATTTGCCCG-1,0.000073,0.121309,0.059471,0.819147
ACGTTATTGGTCACTC-1,0.000054,0.048165,0.013079,0.938702
ACGTTCACTATGCCGC-1,0.000063,0.942807,0.000189,0.056941
ACGTTCCGCGCTCCGT-1,0.001182,0.089777,0.000679,0.908362
ACGTTCGCAATCAATT-1,0.000084,0.636327,0.296055,0.067533
ACGTTCGTTCAGGAAA-1,0.000034,0.568777,0.420201,0.010988
ACGTTTAGTTGTGATC-1,0.000081,0.170625,0.727569,0.101725
ACTAATACGTCAGGCG-1,0.000017,0.718782,0.005842,0.275359
ACTACAAAGAGAGGTG-1,0.00003,0.831048,0.155414,0.013507
ACTACATCCCGACAAG-1,0.000275,0.191543,0.217844,0.590337
ACTACCAGCTCTCTGG-1,0.000067,0.048788,0.000201,0.950943
ACTACGCGTTAGAATT-1,0.00005,0.94993,0.000151,0.04987
ACTATATGCTGTGTTC-1,0.000028,0.809179,0.074247,0.116546
ACTATCCAGGGCATGG-1,0.000041,0.799227,0.088634,0.112098
ACTATGTCCAGCTGCC-1,0.000036,0.252842,0.669937,0.077185
ACTATTCGTCCGTGGT-1,0.000086,0.466984,0.237376,0.295555
ACTATTTCCGGGCCCA-1,0.000024,0.414688,0.585193,0.000095
ACTCAACGAATGTATT-1,0.000048,0.035893,0.000145,0.963914
ACTCAAGTGCAAGGCT-1,0.000076,0.805846,0.074068,0.12001
ACTCAATAAAGGCACG-1,0.00002,0.353077,0.621429,0.025474
ACTCAGACCTGCTTCT-1,0.000064,0.015928,0.120282,0.863726
ACTCCAATATCATCAT-1,0.000026,0.280693,0.686912,0.03237
ACTCCCATTCCTAAAG-1,0.000028,0.066641,0.000084,0.933247
ACTCCCGAATTCGTTT-1,0.000024,0.466271,0.409792,0.123913
ACTCCCTAATGCTAAA-1,0.000037,0.746662,0.213376,0.039924
ACTCCCTAGAATAGTA-1,0.000037,0.932659,0.017097,0.050207
ACTCGATGTATTTCAT-1,0.000034,0.415432,0.087826,0.496708
ACTCGTAACCCGTCCT-1,0.000079,0.053842,0.009739,0.93634
ACTCGTCAGTAATCCC-1,0.000045,0.617876,0.12234,0.259739
ACTCTCTGACTTAGGT-1,0.000069,0.967214,0.000206,0.032512
ACTCTCTTATACACGA-1,0.000061,0.685376,0.153611,0.160952
ACTCTTGTATAGTAAC-1,0.000041,0.643596,0.285521,0.070842
ACTGAATGGCGAAAGT-1,0.000035,0.782317,0.059698,0.157951
ACTGATTTAGTGATTC-1,0.000068,0.17532,0.824341,0.000271
ACTGCCCGCCATTCTC-1,0.000037,0.424424,0.369899,0.205641
ACTGCCGTCGTAACTC-1,0.000029,0.196647,0.780856,0.022468
ACTGCTCGGAAGGATG-1,0.000154,0.526531,0.088786,0.384529
ACTGGGATGCCAGTGC-1,0.00003,0.738062,0.019753,0.242155
ACTGTACGATACACAT-1,0.000043,0.552404,0.074074,0.373479
ACTGTAGCACTTTGGA-1,0.000087,0.004219,0.00026,0.995435
ACTGTATACGCGAGCA-1,0.065183,0.000723,0.014825,0.919269
ACTGTCCAGGATTATA-1,0.000055,0.275711,0.083422,0.640813
ACTGTCTTCTTTAGAA-1,0.000032,0.527716,0.354583,0.117668
ACTGTGCTAGTAGATC-1,0.005595,0.000047,0.000642,0.993715
ACTGTTTAGTGTAGGC-1,0.005758,0.312562,0.078229,0.603451
ACTTACCGGGCGCGCA-1,0.000041,0.864462,0.000138,0.13536
ACTTACGCATCCACGC-1,0.000039,0.626636,0.167969,0.205356
ACTTAGTACGACAAGA-1,0.085918,0.000051,0.000154,0.913876
ACTTATACTTACCCGG-1,0.000038,0.752059,0.240423,0.00748
ACTTATCTGATCTATA-1,0.000109,0.145078,0.033169,0.821644
ACTTATTAGGATCGGT-1,0.038485,0.428384,0.169624,0.363507
ACTTATTTATGTGCCA-1,0.000036,0.484569,0.4537,0.061695
ACTTCAGGCTGATCCC-1,0.000036,0.543919,0.3288,0.127244
ACTTCCATGCGGGACA-1,0.000096,0.697501,0.08854,0.213864
ACTTCGCCATACGCAC-1,0.000035,0.432685,0.514194,0.053086
ACTTGACTCCCTCTTT-1,0.000049,0.730257,0.113168,0.156525
ACTTGCCATATTGTAC-1,0.00171,0.001711,0.537622,0.458957
ACTTGGGACCCGGTGG-1,0.017941,0.009097,0.480374,0.492588
ACTTGTTACCGGATCA-1,0.000033,0.408422,0.591413,0.000132
ACTTTACCCTCATGAA-1,0.00003,0.757987,0.089425,0.152557
ACTTTCCTATAGCTTC-1,0.000057,0.478566,0.249621,0.271757
ACTTTGACTGCATCCT-1,0.000055,0.000055,0.000164,0.999726
AGAACGTGGTACATTC-1,0.000041,0.530913,0.294439,0.174607
AGAAGAGCGCCGTTCC-1,0.000604,0.995167,0.001812,0.002417
AGAAGGTACACTTCAC-1,0.000033,0.421498,0.023822,0.554647
AGAAGGTTGCCGAATT-1,0.000152,0.244715,0.04656,0.708573
AGAAGGTTGTAGGTCG-1,0.000106,0.654211,0.027068,0.318615
AGAAGTGATTCGTGAT-1,0.000293,0.000293,0.328155,0.67126
AGAATAAATCTTCAGG-1,0.000052,0.054874,0.000155,0.944919
AGAATGCGGGTTCGGA-1,0.000016,0.895205,0.022983,0.081796
AGAATTATGGATTCGA-1,0.000028,0.976345,0.000085,0.023541
AGACAGCTCAGAATCC-1,0.000048,0.090139,0.049532,0.860281
AGACATAGATCCTTCC-1,0.000092,0.133227,0.000275,0.866406
AGACCAAACCACACCT-1,0.000009,0.48792,0.070561,0.44151
AGACCATGGGATACAA-1,0.000443,0.000042,0.13881,0.860705
AGACCCACCGCTGATC-1,0.000044,0.885353,0.081594,0.033009
AGACCCGCCCTCCTCG-1,0.00008,0.250416,0.288292,0.461212
AGACCGGGAAACCCTG-1,0.000059,0.000059,0.032359,0.967523
AGACGAAGTGCCGGTC-1,0.000029,0.603628,0.294822,0.101521
AGACGACGATGCCGCT-1,0.000324,0.21923,0.603661,0.176785
AGACGGGCCGATTTAA-1,0.000021,0.509737,0.418627,0.071615
AGACTAGCCTTCCAGA-1,0.000068,0.043819,0.027934,0.928179
AGACTGTTACCGGGTC-1,0.000043,0.975143,0.000129,0.024684
AGAGAAACACCAGAAA-1,0.000031,0.906819,0.000093,0.093057
AGAGAACCGTCTAGGA-1,0.000028,0.617781,0.032815,0.349376
AGAGAAGGAGTACAAT-1,0.00004,0.337409,0.620523,0.042028
AGAGATCTCTAAAGCG-1,0.000059,0.021874,0.000177,0.97789
AGAGCAGTTATGAGAC-1,0.000072,0.057643,0.000215,0.942071
AGAGCGGGCTAATCAT-1,0.000082,0.016461,0.844785,0.138672
AGAGCGTACAAGCTCG-1,0.000082,0.000082,0.000245,0.999592
AGAGCTACGAAAGCAT-1,0.000034,0.018316,0.025219,0.95643
AGAGGTATCTCGGTCC-1,0.050648,0.095563,0.217229,0.63656
AGAGTTAGAGACCGAT-1,0.000034,0.294983,0.521631,0.183352
AGATAACTTCAGGGCC-1,0.000052,0.039297,0.045215,0.915436
AGATACCGGTGTTCAC-1,0.173131,0.009539,0.065842,0.751488
AGATACGACTTCATAT-1,0.000053,0.000053,0.000159,0.999735
AGATACTCAAGATCGA-1,0.000034,0.899196,0.000101,0.100669
AGATATAATACGACTA-1,0.000027,0.753227,0.17466,0.072087
AGATCGTGCATAAGAT-1,0.000041,0.941054,0.000122,0.058783
AGATCTCAGGTGTGAT-1,0.000044,0.800484,0.123962,0.075509
AGATGACTCGCCCACG-1,0.044312,0.215038,0.163862,0.576788
AGATGAGGGTTGCGAT-1,0.000047,0.904423,0.038847,0.056684
AGATGATGGAGTCTGG-1,0.000038,0.817284,0.109277,0.0734
AGATGCAAGACGTGCA-1,0.000927,0.237427,0.256874,0.504773
AGATGCTATAACGAGC-1,0.000019,0.321906,0.349774,0.328301
AGATTATAGGACGTTT-1,0.000062,0.305647,0.147737,0.546554
AGATTCACAACCGATA-1,0.000022,0.631899,0.035149,0.33293
AGCAAAGGCCGCTAGT-1,0.000029,0.541837,0.354215,0.103919
AGCAACATATCTTATT-1,0.000033,0.697701,0.301179,0.001088
AGCAACCGAAAGTAAT-1,0.000059,0.25887,0.000176,0.740895
AGCACACGTTTAGACT-1,0.000161,0.827017,0.118384,0.054437
AGCACCAGTACTCACG-1,0.000029,0.29695,0.528537,0.174484
AGCACTACCGGCCTGT-1,0.000103,0.051565,0.087439,0.860893
AGCACTACCTCACCAG-1,0.000035,0.485451,0.485855,0.028658
AGCACTTAAGGACGCC-1,0.000041,0.000041,0.000123,0.999794
AGCAGAAGGAGAAAGA-1,0.000016,0.588635,0.350146,0.061202
AGCAGCCAGATGAATA-1,0.000048,0.956788,0.000143,0.043021
AGCATATCAATATGCT-1,0.000047,0.379282,0.203202,0.417469
AGCATCATTTCGAAAG-1,0.115145,0.005284,0.048646,0.830925
AGCATCGTCGATAATT-1,0.120185,0.000035,0.61014,0.26964
AGCCAAGCTTTGTGTC-1,0.000042,0.952215,0.002956,0.044787
AGCCACTCCCGTGCTT-1,0.000057,0.600709,0.340098,0.059136
AGCCATATAGTATGTG-1,0.000037,0.432729,0.395391,0.171843
AGCCCATACATGTAAG-1,0.000039,0.000039,0.000117,0.999804
AGCCCGCAACAAGCAG-1,0.000021,0.862226,0.075414,0.062339
AGCCCGGCATTAGAGG-1,0.000041,0.398243,0.453943,0.147773
AGCCCGGTAGCCTGTA-1,0.000047,0.83371,0.11465,0.051593
AGCCCTAAGCGAAGTT-1,0.000312,0.183015,0.27744,0.539232
AGCCCTCCCTGGTGGC-1,0.000059,0.84136,0.095983,0.062598
AGCCCTTCTAATCCGA-1,0.000039,0.926587,0.004763,0.06861
AGCCGTGGCTAAATGT-1,0.000112,0.01626,0.000335,0.983293
AGCCTAATACCCACGT-1,0.000015,0.039439,0.091413,0.869133
AGCCTTAAAGCGGAAG-1,0.00006,0.00006,0.000179,0.999702
AGCGACAGGAACGGTC-1,0.000068,0.202123,0.74742,0.050389
AGCGACATCCCATTCA-1,0.010384,0.212707,0.31179,0.465119
AGCGACCAACGATATT-1,0.000066,0.265073,0.092178,0.642683
AGCGACTTTGAAGACA-1,0.000045,0.677941,0.048057,0.273958
AGCGCATAATGAATCG-1,0.000037,0.755018,0.194663,0.050282
AGCGCGGGTGCCAATG-1,0.000045,0.841897,0.095631,0.062427
AGCGCTTATGGGCAAG-1,0.000045,0.822616,0.176176,0.001163
AGCGGACACTTCGTAG-1,0.000028,0.505912,0.35977,0.13429
AGCGGCGGTTAGCGGT-1,0.000018,0.000018,0.296453,0.703512
AGCGGGAAGGGTCCAT-1,0.000057,0.013357,0.000171,0.986415
AGCGGGTCTGACACTC-1,0.000039,0.816316,0.007389,0.176257
AGCGTACGAGAGCTAG-1,0.00006,0.122299,0.095759,0.781882
AGCGTAGCGCTAGACC-1,0.000223,0.170654,0.056727,0.772395
AGCGTCTGAACCCGCA-1,0.029289,0.104193,0.00023,0.866288
AGCGTGGTATTCTACT-1,0.000038,0.583513,0.254065,0.162384
AGCGTTCCGATTTAAA-1,0.000018,0.879732,0.000053,0.120198
AGCTAACAAGCAATGT-1,0.000074,0.585157,0.334982,0.079787
AGCTAGAAGCAGAAGT-1,0.000058,0.992071,0.000173,0.007699
AGCTATTTAATCCAAC-1,0.000065,0.659696,0.269628,0.07061
AGCTCCTTCGCACATC-1,0.000036,0.50979,0.117939,0.372236
AGCTCTAGACGTTCCA-1,0.000048,0.776368,0.082049,0.141534
AGCTCTTCCCAGTGCA-1,0.000039,0.633474,0.015369,0.351119
AGCTCTTCGTAACCTT-1,0.000052,0.721685,0.097462,0.180801
AGCTCTTTACTCAGTT-1,0.000028,0.000028,0.909511,0.090433
AGCTGAAGTAAACCAA-1,0.000037,0.757563,0.151603,0.090797
AGCTGTAACCTCAATC-1,0.000727,0.174448,0.48849,0.336336
AGCTTATAGAGACCTG-1,0.101234,0.071241,0.01106,0.816466
AGCTTGATCTTAACTT-1,0.000083,0.000083,0.000249,0.999585
AGGAAAGCCTCTGATG-1,0.017928,0.153585,0.03118,0.797307
AGGAAGCTGTCCGCCG-1,0.000025,0.523779,0.193993,0.282203
AGGACAGTCGAATCCC-1,0.000046,0.986064,0.000295,0.013596
AGGACATCGCACGTCG-1,0.000045,0.000045,0.000566,0.999344
AGGACGACCCATTAGA-1,0.000313,0.350588,0.194112,0.454987
AGGACGCTCGATGTTG-1,0.000061,0.938277,0.011317,0.050345
AGGAGGCCTTCGCGCG-1,0.000127,0.707518,0.041393,0.250962
AGGATAAAGTCGGGAT-1,0.000033,0.842651,0.147697,0.009619
AGGATATAGGGATTTA-1,0.00007,0.747421,0.148076,0.104433
AGGATCACGCGATCTG-1,0.000034,0.000034,0.008994,0.990937
AGGCAAAGAGGAATCA-1,0.063188,0.1752,0.079264,0.682348
AGGCAGATGCGTAAAC-1,0.000036,0.865826,0.030815,0.103323
AGGCAGGGAGCGTACT-1,0.000057,0.915781,0.000172,0.08399
AGGCATTGTCGTAGGG-1,0.000097,0.556965,0.200912,0.242027
AGGCCACCCGTTATGA-1,0.060614,0.000073,0.009414,0.929899
AGGCCCAGTGACTGGT-1,0.000071,0.060207,0.000214,0.939507
AGGCCCATTGTACAGG-1,0.00054,0.161417,0.001619,0.836424
AGGCCCTAGAACGCCA-1,0.000057,0.000057,0.00017,0.999717
AGGCCTATCATACCAA-1,0.000017,0.296458,0.595234,0.108291
AGGCGGTTTGTCCCGC-1,0.000048,0.179287,0.106895,0.713769
AGGCGTCTATGGACGG-1,0.00005,0.575965,0.27625,0.147734
AGGCTATGGTTAGCTT-1,0.000102,0.000102,0.000305,0.999491
AGGCTTCCCGAAGAAG-1,0.00002,0.053291,0.788772,0.157917
AGGCTTGCTAGACACC-1,0.00013,0.122639,0.178936,0.698295
AGGGAAACGAGGTACT-1,0.000038,0.71596,0.256927,0.027075
AGGGACAGCACGGCGG-1,0.000028,0.04835,0.001187,0.950436
AGGGACCGGCTGCGTT-1,0.000056,0.914349,0.015227,0.070368
AGGGACTCTACGCGAC-1,0.000051,0.774016,0.102106,0.123827
AGGGAGACATACTTCG-1,0.000078,0.511508,0.426879,0.061535
AGGGCAGCGGCGTGGT-1,0.000046,0.169801,0.714077,0.116076
AGGGCGAGCAGCTGAT-1,0.000059,0.000059,0.000176,0.999707
AGGGCGTGATCGGCTA-1,0.140634,0.00181,0.000115,0.857441
AGGGCTGCAGTTACAG-1,0.000042,0.56065,0.332002,0.107306
AGGGTCAGAGCACTCG-1,0.000036,0.83493,0.13477,0.030264
AGGGTCGATGCGAACT-1,0.000038,0.927781,0.053975,0.018206
AGGGTGCCGTTCTTTA-1,0.000055,0.851222,0.052165,0.096558
AGGGTGCTCTCGAGGG-1,0.000033,0.819884,0.147991,0.032092
AGGGTGGATAGTGCAT-1,0.000023,0.087353,0.271991,0.640632
AGGGTTCAGACGGTCC-1,0.000044,0.83978,0.15199,0.008186
AGGGTTCCCTTTGGTT-1,0.00006,0.921866,0.009299,0.068775
AGGGTTTAGTTCGGGA-1,0.00005,0.466098,0.332486,0.201366
AGGTAACCTCCTATTC-1,0.000032,0.00189,0.0084,0.989677
AGGTACGATATTGCCA-1,0.000085,0.567109,0.192306,0.240499
AGGTAGATCGAGATAT-1,0.000029,0.864665,0.048607,0.0867
AGGTAGGTACAAAGCT-1,0.000073,0.000073,0.00022,0.999634
AGGTATAATTGATAGT-1,0.000055,0.921433,0.044946,0.033566
AGGTCAGGTGAGAGTG-1,0.000071,0.000071,0.000212,0.999646
AGGTCGCCACTTCGGT-1,0.01482,0.004911,0.002199,0.97807
AGGTCGCGGAGTTACT-1,0.000052,0.897764,0.094418,0.007766
AGGTGGTGACCTTCGC-1,0.000047,0.965706,0.000175,0.034073
AGGTGTATCGCCATGA-1,0.000071,0.078573,0.042167,0.879189
AGGTTGAGGCACGCTT-1,0.000062,0.481374,0.304319,0.214246
AGGTTTCACACACCTT-1,0.000039,0.457057,0.245973,0.296931
AGTAACGTTCATCCTG-1,0.000021,0.811076,0.000063,0.188839
AGTAATGTCTTGCCGC-1,0.000389,0.339625,0.17961,0.480376
AGTACATCATTTATCA-1,0.000039,0.821392,0.082733,0.095836
AGTACCTTCGAGTGCT-1,0.000033,0.618208,0.293916,0.087843
AGTACGGCCCGTATCG-1,0.022759,0.090792,0.000216,0.886233
AGTACGGGCACCTGGC-1,0.000045,0.551266,0.343148,0.10554
AGTACGTGGCCTGTCT-1,0.000066,0.950046,0.000197,0.049691
AGTACTCTTATGCCCA-1,0.000093,0.802829,0.084624,0.112454
AGTAGAAGGCGCCTCA-1,0.000022,0.756102,0.016665,0.227212
AGTAGCGTGAACGAAC-1,0.000023,0.094967,0.763065,0.141945
AGTAGCTAGACGCCGA-1,0.000027,0.558145,0.352175,0.089652
AGTAGGAAGGAAGTTG-1,0.000059,0.945813,0.000177,0.053951
AGTAGGTAACATACAT-1,0.000085,0.187198,0.043045,0.769672
AGTATAATACTAGGCA-1,0.002935,0.000073,0.003549,0.993443
AGTATACACAGCGACA-1,0.00003,0.902527,0.027869,0.069573
AGTATCCATAATAACG-1,0.000048,0.079006,0.040256,0.88069
AGTATGCTGGAGACCA-1,0.000132,0.391987,0.297001,0.31088
AGTATTTGGCACGACC-1,0.000064,0.957151,0.000192,0.042593
AGTCAAATGATGTGAT-1,0.000036,0.94656,0.035939,0.017464
AGTCAACACCACCATC-1,0.000059,0.31551,0.092281,0.592151
AGTCAAGATGACACTT-1,0.000041,0.703698,0.122418,0.173843
AGTCACTCCGCCTCAT-1,0.004084,0.022716,0.000223,0.972977
AGTCAGCCACCGCCTG-1,0.000058,0.000058,0.000175,0.999709
AGTCCAGCGGGTACGT-1,0.050232,0.036076,0.034413,0.879279
AGTCCATTGGCTGATG-1,0.000043,0.430695,0.015537,0.553725
AGTCCCGCCTTTAATT-1,0.000063,0.885626,0.037284,0.077027
AGTCGACGGTCTCAAG-1,0.000035,0.988302,0.003758,0.007904
AGTCGGCCCAAACGAC-1,0.000051,0.090813,0.000152,0.908985
AGTCGGCTCAACTTTA-1,0.000085,0.000085,0.158372,0.841459
AGTCGTCGACCACCAA-1,0.000079,0.398389,0.273543,0.327989
AGTCGTGGGCATTACG-1,0.000666,0.336797,0.129569,0.532968
AGTCTAAAGTATACTC-1,0.000029,0.372849,0.23017,0.396951
AGTCTCACAAGACTAC-1,0.000535,0.000535,0.411227,0.587704
AGTCTGGACATCCTTG-1,0.000144,0.065338,0.142901,0.791616
AGTCTTCTCCTCAAAT-1,0.000021,0.185987,0.773087,0.040906
AGTGAACAAACTTCTC-1,0.00003,0.387243,0.128405,0.484322
AGTGACCTACTTTACG-1,0.000043,0.229625,0.4382,0.332133
AGTGACTGTGACACAA-1,0.000042,0.542333,0.326688,0.130937
AGTGAGACTTCCAGTA-1,0.000059,0.848607,0.036752,0.114581
AGTGAGCCTCGCCGCC-1,0.000035,0.996473,0.000105,0.003387
AGTGAGGGTTTCTGAC-1,0.00005,0.735164,0.146636,0.11815
AGTGATAACCTGCGCG-1,0.000074,0.378721,0.420948,0.200257
AGTGATATGAGTAGTT-1,0.001774,0.086098,0.796934,0.115194
AGTGATTCAAGCAGGA-1,0.000045,0.80237,0.067442,0.130144
AGTGCACGCTTAAGAA-1,0.00004,0.569286,0.236033,0.194641
AGTGCGTAGCTCGTAA-1,0.000161,0.403766,0.18079,0.415284
AGTGCTTGCACGAATA-1,0.000041,0.671069,0.232067,0.096823
AGTGGCGGCAATTTGA-1,0.000055,0.866004,0.000164,0.133777
AGTGGCTCCGTCGGCC-1,0.000025,0.015101,0.044664,0.940209
AGTGTATTGCGCATTG-1,0.000063,0.716695,0.279726,0.003516
AGTGTGCTAAGATCGC-1,0.008641,0.225583,0.474733,0.291043
AGTTAAACACTTGCGA-1,0.000065,0.205979,0.000196,0.793759
AGTTAAGCGGTCCCGG-1,0.000082,0.786347,0.083984,0.129588
AGTTAAGTCAACCGCT-1,0.000263,0.068263,0.319173,0.612301
AGTTACCCTTAAGACT-1,0.000021,0.362834,0.093335,0.543811
AGTTACCGCACATGGT-1,0.000089,0.103699,0.134797,0.761415
AGTTACTCTATCGTGG-1,0.000046,0.859809,0.056034,0.084111
AGTTATTGAAAGGTAA-1,0.000015,0.278478,0.686108,0.035399
AGTTCACCGGTTGGAC-1,0.000028,0.499585,0.002622,0.497764
AGTTCCTACAGAATTA-1,0.000052,0.222641,0.011122,0.766186
AGTTCCTATTTATGTT-1,0.000042,0.461086,0.163546,0.375325
AGTTCTGCGTTGTATC-1,0.001588,0.001588,0.112849,0.883974
AGTTGACATCGGCTGG-1,0.068047,0.042871,0.032829,0.856253
AGTTGACGGTCCTTGC-1,0.000029,0.799896,0.050539,0.149536
AGTTGCTGACTGATAT-1,0.001356,0.195813,0.004068,0.798763
AGTTTCGCAGGTCGGA-1,0.000897,0.294548,0.297904,0.406651
AGTTTGCACCTGCCTC-1,0.000047,0.443103,0.108294,0.448556
AGTTTGGCACGGGTTG-1,0.000195,0.778295,0.145825,0.075686
AGTTTGGCCAGACCTA-1,0.000084,0.069284,0.262354,0.668278
ATAAACCATTGGACGG-1,0.010975,0.163686,0.000068,0.825271
ATAAACGGACCCGTAA-1,0.000032,0.61327,0.136499,0.250199
ATAAAGGCTCGGTCGT-1,0.000028,0.012908,0.021745,0.965319
ATAAAGGTCAAGTACG-1,0.000023,0.844403,0.116518,0.039056
ATAAATATTAGCAGCT-1,0.000076,0.000076,0.000229,0.999618
ATAACGCCGGAGGGTC-1,0.000032,0.530555,0.297763,0.17165
ATAACGGAGTCCAACG-1,0.000043,0.672146,0.258327,0.069485
ATAACGTTACCTCCAC-1,0.000025,0.126695,0.798711,0.074568
ATAAGGTGGAGAACAT-1,0.000041,0.869003,0.000123,0.130833
ATAAGTACCCGATTGT-1,0.000015,0.30172,0.540233,0.158032
ATAAGTAGGATTCAGA-1,0.000034,0.857808,0.141154,0.001003
ATAAGTAGGGCGACTC-1,0.000058,0.806766,0.072875,0.120301
ATAAGTTACCGCGACG-1,0.000023,0.267909,0.72911,0.002958
ATAATACCGTTAGCCG-1,0.041629,0.001356,0.004068,0.952947
ATAATAGCTGTTGAAT-1,0.000025,0.59719,0.247023,0.155762
ATAATAGTGTAGGGAC-1,0.000058,0.067194,0.019526,0.913222
ATAATCTTGGAGAACC-1,0.000061,0.779417,0.056478,0.164044
ATAATTAGCTAAGTAG-1,0.000025,0.761153,0.101662,0.13716
ATACAGGCCCTCCAAT-1,0.000042,0.702112,0.101734,0.196112
ATACCACGGGCAACTT-1,0.000128,0.000128,0.000383,0.999362
ATACCAGCAAATTGCT-1,0.000037,0.381767,0.056508,0.561688
ATACCAGGCTAATAGA-1,0.001222,0.320115,0.18458,0.494083
ATACCAGGTGAGCGAT-1,0.00003,0.197792,0.31248,0.489698
ATACCCTGGCTCAAAT-1,0.20038,0.00052,0.16394,0.635161
ATACCTAACCAAGAAA-1,0.000019,0.687286,0.256866,0.055829
ATACGAGGTTTGTAAG-1,0.00004,0.253231,0.225787,0.520942
ATACGCCGATCTACCG-1,0.000044,0.105083,0.000133,0.89474
ATACGCCGGCGAAACC-1,0.000042,0.901425,0.046472,0.052061
ATACGGAACGTCGTTT-1,0.000512,0.323239,0.212415,0.463833
ATACGGGTTTCGATTG-1,0.000065,0.872312,0.076314,0.05131
ATACGGTGAAGATGCA-1,0.000091,0.017696,0.13423,0.847984
ATACGTACTTAGCCAC-1,0.000055,0.690698,0.008634,0.300613
ATACGTCCACTCCTGT-1,0.000063,0.81933,0.108621,0.071986
ATACGTTATGCACGGA-1,0.000035,0.806942,0.069235,0.123788
ATACTAGCATGACCCT-1,0.000073,0.21769,0.554327,0.22791
ATACTCTCGCCACTCT-1,0.027846,0.08963,0.030662,0.851862
ATACTGCCTTACACCG-1,0.00003,0.552923,0.294685,0.152362
ATACTTGTTCTCGAGC-1,0.000144,0.217812,0.070411,0.711633
ATAGACAACGGGACCT-1,0.000057,0.848961,0.000171,0.150811
ATAGACGAAGAGAAAG-1,0.000059,0.047324,0.000178,0.952439
ATAGAGTACTGGGACA-1,0.00005,0.026976,0.010359,0.962615
ATAGAGTTATCAACTT-1,0.000061,0.956986,0.000183,0.042771
ATAGCCTCAGTACCCA-1,0.000069,0.000069,0.056559,0.943303
ATAGCTGCTCTTGTTA-1,0.000013,0.241115,0.159507,0.599365
ATAGGAATCTAAGCTT-1,0.000129,0.000129,0.833484,0.166257
ATAGGCGGCTATAGAA-1,0.00005,0.058779,0.164257,0.776914
ATAGGCTAGCTTCGCA-1,0.000051,0.907541,0.08239,0.010018
ATAGGGATATCCTTGA-1,0.000034,0.43612,0.390624,0.173222
ATAGGTTGGGCAGATG-1,0.000031,0.394379,0.527993,0.077597
ATAGTCTTTGACGTGC-1,0.000276,0.128147,0.84009,0.031487
ATAGTGAAGCGTTCTC-1,0.000049,0.49021,0.391187,0.118553
ATAGTTCCACCCACTC-1,0.000029,0.520527,0.314282,0.165162
ATATAAAGCGCTCGTG-1,0.000027,0.431322,0.568545,0.000106
ATATAAATGTAGCTGC-1,0.000048,0.935128,0.004907,0.059917
ATATACATGTATGGTA-1,0.000501,0.000501,0.267115,0.731884
ATATCAACCTACAGAG-1,0.000032,0.722338,0.177515,0.100114
ATATCGGTAGGGAGAT-1,0.000068,0.917291,0.025197,0.057445
ATATCGTGCCAGACCC-1,0.000076,0.100428,0.669234,0.230263
ATATCTCCCTCGTTAA-1,0.000033,0.440754,0.278422,0.280791
ATATCTTAGGGCCTTC-1,0.000038,0.169783,0.474174,0.356004
ATATGGGATAGCAACT-1,0.000019,0.462088,0.335959,0.201934
ATATGTCTCCCTAGCC-1,0.000045,0.81433,0.082603,0.103022
ATATTCAGTTAAACCT-1,0.000231,0.314016,0.228922,0.456832
ATATTCCACATAGTGA-1,0.000045,0.967368,0.007715,0.024873
ATATTCCCACAGGTCA-1,0.16925,0.108783,0.017821,0.704145
ATATTGCTGTCAAAGT-1,0.00007,0.04409,0.00021,0.955631
ATATTTAACCCTCAAG-1,0.000058,0.440983,0.101986,0.456974
ATCAAACGAAGGTTTG-1,0.00018,0.152227,0.072399,0.775193
ATCAAAGAGCCGTGGT-1,0.000087,0.561229,0.036644,0.40204
ATCAAGATCCCAGGAC-1,0.000026,0.52623,0.458224,0.015519
ATCAATCTGGGCTGCA-1,0.00004,0.406004,0.351928,0.242028
ATCAATGCCGTGGCTG-1,0.148795,0.564595,0.003271,0.283339
ATCACATTAGAATATC-1,0.000053,0.641312,0.166485,0.192151
ATCACGTGCTAATTAA-1,0.000069,0.315618,0.127098,0.557215
ATCACTTCATCCTCGC-1,0.000073,0.554219,0.261227,0.184481
ATCAGACGGCACGCCG-1,0.000654,0.467524,0.001962,0.52986
ATCAGCCTCATGCTGC-1,0.00003,0.382666,0.617182,0.000122
ATCAGCTCGTCCACTA-1,0.000032,0.000032,0.198115,0.801821
ATCAGGTCGCCATTGC-1,0.000028,0.463191,0.263336,0.273446
ATCAGTAGGCAGGGAT-1,0.00006,0.927656,0.028388,0.043897
ATCATAGATCGACGAG-1,0.000035,0.562952,0.200278,0.236734
ATCATCCAATATTTGT-1,0.00004,0.390545,0.464765,0.14465
ATCATCTGCCCAGTGT-1,0.000028,0.860941,0.102583,0.036448
ATCCAACGCAGTCATA-1,0.000047,0.000047,0.000142,0.999764
ATCCAATGGAGGGTCC-1,0.035352,0.00006,0.000179,0.96441
ATCCACATCGACAGAA-1,0.000032,0.47234,0.320799,0.206828
ATCCACGCTAAATGTT-1,0.000045,0.852507,0.077051,0.070397
ATCCAGAGCAACAACC-1,0.000027,0.392064,0.482235,0.125674
ATCCAGGATTCGTGAA-1,0.000058,0.231819,0.008515,0.759608
ATCCCATTTCCGTGGG-1,0.000043,0.886848,0.010975,0.102135
ATCCTACCTAAGCTCT-1,0.000067,0.21785,0.65027,0.131812
ATCCTGAATCGCTGCG-1,0.000062,0.000062,0.000185,0.999692
ATCCTGCGTGGAATGG-1,0.000047,0.142117,0.67995,0.177886
ATCCTGCTGCAGATAG-1,0.012594,0.175487,0.00923,0.802688
ATCGACCCAATACAGA-1,0.000029,0.581513,0.27995,0.138508
ATCGACTCTTTCCGTT-1,0.055125,0.380321,0.199207,0.365347
ATCGCACGATTGTTCA-1,0.000064,0.04771,0.000193,0.952033
ATCGCACGCCGGGAGA-1,0.000061,0.281773,0.335674,0.382493
ATCGCCAGTCAACATT-1,0.000107,0.641668,0.288506,0.069719
ATCGCTGCGTGCAGCA-1,0.000021,0.723905,0.255226,0.020848
ATCGGAGACAGACGGC-1,0.000048,0.972285,0.000145,0.027522
ATCGGCAAGCAGTCCA-1,0.00006,0.958622,0.000181,0.041137
ATCGTCCAATCGAGTC-1,0.000074,0.116083,0.000223,0.883619
ATCGTGGAAAGTCTGG-1,0.00003,0.117855,0.702946,0.179169
ATCGTTCACTTTCGCC-1,0.00006,0.942514,0.000179,0.057248
ATCTAATATCCTACGG-1,0.00004,0.840408,0.08308,0.076471
ATCTAGCTTGTGAGGG-1,0.000053,0.826876,0.00045,0.172621
ATCTCCCTGCAATCTA-1,0.000047,0.352434,0.584359,0.06316
ATCTGACATGGAAGGA-1,0.000035,0.951209,0.00279,0.045967
ATCTGATAGTGTCTTA-1,0.000029,0.103087,0.025072,0.871811
ATCTGCACCTCTGCGA-1,0.000034,0.849223,0.020099,0.130643
ATCTGCTGTTATCGCC-1,0.000043,0.859152,0.020578,0.120226
ATCTGGGCTGTTCTTG-1,0.000023,0.219301,0.773047,0.007629
ATCTGGTTAAGACTGT-1,0.00004,0.436493,0.523729,0.039739
ATCTGTAATTGTACCC-1,0.00033,0.130357,0.088315,0.780998
ATCTTGACCTGCAACG-1,0.00005,0.00005,0.342297,0.657603
ATCTTGACTTGTCCAA-1,0.000032,0.549887,0.385262,0.064819
ATGAAGCCAAGGAGCC-1,0.000051,0.221614,0.000153,0.778183
ATGACGCCGGCTCTAA-1,0.000212,0.229735,0.123132,0.646921
ATGACGCGTTCTATCC-1,0.000767,0.000767,0.475557,0.522909
ATGACTATCAGCTGTG-1,0.000048,0.97808,0.000145,0.021727
ATGACTATGCGACATT-1,0.000036,0.4872,0.361824,0.15094
ATGAGGAGTGTTAATC-1,0.000045,0.000045,0.000134,0.999776
ATGATCGGGAATAGAC-1,0.000083,0.307406,0.000249,0.692261
ATGATGCAATGGTACA-1,0.000031,0.304501,0.540881,0.154587
ATGCACTACCGCATTG-1,0.000058,0.119659,0.011739,0.868544
ATGCATGATCCAGGAT-1,0.000032,0.390267,0.563485,0.046216
ATGCATTCCGTGATGG-1,0.000093,0.214071,0.064391,0.721445
ATGCCAATCGCTCTGC-1,0.000027,0.903429,0.085758,0.010786
ATGCCATTTGCGACCA-1,0.000054,0.454958,0.427827,0.117161
ATGCCGGTCTTGCATA-1,0.000036,0.676483,0.226049,0.097432
ATGCCGGTTGATGGGA-1,0.00005,0.820418,0.097968,0.081564
ATGCGACAATTGGTCC-1,0.000037,0.593674,0.26646,0.139829
ATGCGACAGTCCCATT-1,0.000039,0.657827,0.313073,0.029061
ATGCTCAGTGTTGCAT-1,0.133774,0.000054,0.007449,0.858723
ATGCTCTGGCGCGGTA-1,0.000049,0.676221,0.0861,0.23763
ATGGACTGCTTAGTTG-1,0.000046,0.88815,0.084974,0.02683
ATGGAGCAGGCCGTGA-1,0.000032,0.463435,0.461868,0.074665
ATGGATCCGGCGTCCG-1,0.000038,0.304703,0.435705,0.259553
ATGGATTGACCAAACG-1,0.000023,0.210965,0.531545,0.257467
ATGGCAGCATTACGAT-1,0.000297,0.20294,0.420374,0.376389
ATGGCAGCCGAGAAAC-1,0.012648,0.066653,0.038254,0.882445
ATGGCTGGAAATGGCC-1,0.000026,0.806037,0.193834,0.000103
ATGGGAACGGAAGCGG-1,0.000019,0.649965,0.175018,0.174998
ATGGGACCTGCTGAAC-1,0.000074,0.468614,0.447878,0.083434
ATGGGCCTCGGCCTCT-1,0.000043,0.561322,0.140662,0.297972
ATGGGTGTATACCTCC-1,0.000033,0.135567,0.864267,0.000133
ATGGTATTGGGAACCG-1,0.006082,0.543044,0.272246,0.178628
ATGGTCGCGTGGTTTC-1,0.000069,0.881851,0.067158,0.050922
ATGGTGCTCAAAGCCA-1,0.000023,0.232003,0.460608,0.307366
ATGTAAGGCTGCTCTT-1,0.000097,0.580772,0.289719,0.129412
ATGTACGATGACGTCG-1,0.000033,0.820444,0.002187,0.177335
ATGTAGCGCGCGTAGG-1,0.000138,0.818946,0.000415,0.1805
ATGTCATAATAAACGA-1,0.000077,0.513776,0.153496,0.332651
ATGTCTTGTTTGACTC-1,0.000159,0.869561,0.015342,0.114937
ATGTGAAAGCCTAATG-1,0.00011,0.00011,0.000329,0.999452
ATGTGCATCCGACGCA-1,0.0001,0.188122,0.06038,0.751398
ATGTGGACATCTTGAT-1,0.000046,0.954547,0.0068,0.038606
ATGTGTAGTTTAGTCA-1,0.000271,0.000271,0.607263,0.392196
ATGTTACGAGCAATAC-1,0.00006,0.03144,0.001652,0.966848
ATGTTCCTGCCCACCT-1,0.000037,0.298199,0.072081,0.629683
ATGTTCGTCGACCCAC-1,0.000074,0.123544,0.054157,0.822225
ATGTTGTAGTCTGTTT-1,0.000046,0.935697,0.064072,0.000185
ATGTTTGTAAGATCAT-1,0.000029,0.748708,0.201234,0.05003
ATTAAACATGCGGACC-1,0.000031,0.370456,0.499497,0.130016
ATTAATACTACGCGGG-1,0.000049,0.504759,0.276051,0.219141
ATTAATGAACCAGTCG-1,0.00003,0.410221,0.38896,0.200789
ATTAATTCGGTCACTC-1,0.000136,0.331045,0.335982,0.332837
ATTACAACTACCGGCC-1,0.000034,0.752265,0.167932,0.079769
ATTACGCGCTGGCAGG-1,0.000082,0.000082,0.000245,0.999591
ATTACTAGCCTCTTGC-1,0.032157,0.106699,0.002532,0.858612
ATTACTTACTGGGCAT-1,0.000047,0.676555,0.19693,0.126468
ATTAGATTCCTCAGCA-1,0.000048,0.919101,0.000146,0.080704
ATTAGATTGATAGCGG-1,0.056594,0.055805,0.000219,0.887381
ATTAGGCGATGCTTTC-1,0.000042,0.769081,0.225649,0.005228
ATTATACTTTGCTCGT-1,0.000071,0.671782,0.327861,0.000286
ATTATCGGAATGTACG-1,0.000031,0.605895,0.192604,0.20147
ATTATCTCGACAGATC-1,0.099352,0.388335,0.005133,0.507181
ATTATGCCATAGGGAG-1,0.000068,0.103329,0.112217,0.784385
ATTATTATGTCCGTCA-1,0.000046,0.522247,0.397113,0.080594
ATTCAAAGTACCTGTT-1,0.000029,0.316688,0.230519,0.452764
ATTCACTGATGTTGGA-1,0.00005,0.803571,0.099544,0.096835
ATTCAGGACCTATTTC-1,0.000074,0.978686,0.000223,0.021016
ATTCAGTAGCAGGGTC-1,0.000066,0.000066,0.000198,0.999669
ATTCATATACTGTCCA-1,0.000045,0.645808,0.272581,0.081567
ATTCCCACATAAACAA-1,0.000061,0.061147,0.000184,0.938608
ATTCCTAAGACGTGGA-1,0.000015,0.341172,0.627902,0.030911
ATTCCTCCGCCAGTGC-1,0.000074,0.000074,0.000223,0.999629
ATTCCTTCCAGGCGGT-1,0.000061,0.100457,0.088942,0.81054
ATTCGACGCCGGGCCT-1,0.000078,0.000078,0.000233,0.999612
ATTCTCGTCTCTTTAG-1,0.000112,0.201126,0.000337,0.798425
ATTCTGAGTATGAACT-1,0.000036,0.811836,0.056869,0.131259
ATTCTTCGTACTTATG-1,0.000089,0.875501,0.067113,0.057297
ATTGAAGATCTTAGTG-1,0.000047,0.21456,0.283927,0.501466
ATTGACCGGCGATGAC-1,0.00002,0.212454,0.759097,0.028429
ATTGACGTAACTCGGT-1,0.000099,0.291422,0.441898,0.266581
ATTGATAGCAACGAGA-1,0.173636,0.001112,0.060085,0.765167
ATTGATGAGTCCTAAC-1,0.000039,0.836883,0.157898,0.005181
ATTGCCTATTAGACCG-1,0.000071,0.548886,0.418506,0.032537
ATTGCGATCAGTAACT-1,0.000166,0.735212,0.194099,0.070522
ATTGCTGCTCCTCCAT-1,0.003481,0.0002,0.246489,0.74983
ATTGGGAATATCTTGG-1,0.000208,0.244492,0.000625,0.754675
ATTGGGAGTTCTGTAA-1,0.000023,0.122249,0.823629,0.054099
ATTGTACAACTCGGCT-1,0.000025,0.83518,0.093298,0.071497
ATTGTCGCAATACCTT-1,0.000063,0.796606,0.044486,0.158845
ATTGTCTGTTTCATGT-1,0.000022,0.472166,0.485894,0.041918
ATTTAACTCGTATTAC-1,0.000109,0.132764,0.000327,0.8668
ATTTACAGTTTACTGG-1,0.000074,0.000074,0.000222,0.99963
ATTTACTAAGTCCATT-1,0.000077,0.347435,0.43842,0.214068
ATTTCATTATTTCGCG-1,0.000097,0.591176,0.355818,0.052908
ATTTCCGGGTTCTGCG-1,0.000063,0.32508,0.555368,0.119488
ATTTGCCTAGTTACGA-1,0.000436,0.396142,0.029048,0.574374
ATTTGCGCGAGTAGCT-1,0.00083,0.44373,0.002489,0.552951
ATTTGTCTTGGGAGCT-1,0.000057,0.977532,0.000172,0.022238
ATTTGTTCCAGGGCTC-1,0.000038,0.442891,0.523452,0.033619
CAAACGAGTATCGCAG-1,0.000049,0.517786,0.359684,0.12248
CAAACGGTCGCACTTT-1,0.000083,0.05001,0.00025,0.949656
CAAACGTGGTCTTGCG-1,0.000014,0.507363,0.287396,0.205226
CAAACTACGATAGAGA-1,0.000031,0.360297,0.334111,0.305561
CAAACTATTGAGCTTC-1,0.0001,0.577376,0.409719,0.012805
CAAAGATTATTGGGCC-1,0.000033,0.013718,0.732664,0.253586
CAAAGTCAGGTTAGCT-1,0.00005,0.331617,0.078595,0.589738
CAAATCTCTCACAAGG-1,0.000044,0.000044,0.000132,0.999781
CAAATGTCCTTCCGTG-1,0.000041,0.447409,0.419073,0.133477
CAAATTGGATTATGCC-1,0.000026,0.170277,0.484962,0.344735
CAAATTGTCAGCAAGC-1,0.00012,0.201567,0.682788,0.115525
CAACAGAATAACGCTA-1,0.000036,0.730731,0.128654,0.140579
CAACATGGCCTGATAA-1,0.000042,0.21474,0.193698,0.59152
CAACGACCCGTTTACA-1,0.000049,0.067549,0.207114,0.725287
CAACGCGATGAGCCAA-1,0.000065,0.987658,0.000194,0.012083
CAACGGTTCTTGATAC-1,0.000055,0.000055,0.124806,0.875084
CAACTATATCGAATGC-1,0.000051,0.57752,0.402427,0.020002
CAACTCCAACGTTTAG-1,0.000027,0.671805,0.273882,0.054286
CAACTCCTTGATCCCG-1,0.013063,0.124136,0.033122,0.829679
CAACTGCTCATCCGAT-1,0.000042,0.97213,0.022358,0.00547
CAACTTGTAGTGGGCA-1,0.000054,0.027725,0.008346,0.963875
CAAGAGGGCGGAGTAC-1,0.000047,0.855682,0.019544,0.124727
CAAGATATTATAACGT-1,0.00004,0.881486,0.041021,0.077452
CAAGCAACGTCGGAGT-1,0.000031,0.026298,0.011909,0.961761
CAAGCACCAAATGCCT-1,0.000046,0.167379,0.525279,0.307296
CAAGCGGCACATAATT-1,0.010835,0.814299,0.031725,0.143141
CAAGGATCGCATGTTC-1,0.000043,0.792247,0.10056,0.107149
CAAGGGAGTGTATTTG-1,0.006932,0.000034,0.053291,0.939743
CAAGGTCCTATAGGCT-1,0.000033,0.572388,0.09125,0.336328
CAAGTAAGTGATAGAC-1,0.000024,0.900837,0.078864,0.020275
CAAGTCGTTGAAATCT-1,0.000023,0.530412,0.469471,0.000093
CAAGTGAACTTTGGTT-1,0.000598,0.014055,0.337504,0.647843
CAAGTGTGGTTGCAAA-1,0.000035,0.895995,0.025054,0.078917
CAATAAACCTTGGCCC-1,0.000032,0.622088,0.284489,0.093391
CAATACGCTCTGAGGC-1,0.000077,0.000077,0.062042,0.937803
CAATATGTAGATTTAC-1,0.001567,0.121436,0.870732,0.006265
CAATATTCTTGACCTA-1,0.000059,0.486998,0.325009,0.187934
CAATATTGGACTAGTG-1,0.000045,0.050044,0.011717,0.938194
CAATCCCTATACCAGC-1,0.000036,0.735216,0.237548,0.027201
CAATCCTGCCGTGGAG-1,0.000188,0.075358,0.159822,0.764632
CAATGACCCTTAATTT-1,0.000032,0.553115,0.253165,0.193688
CAATGCGAGAAGTATC-1,0.000047,0.626539,0.062144,0.31127
CAATGGAATCTACATA-1,0.000043,0.852906,0.040017,0.107033
CAATGGATCTCTACCA-1,0.000048,0.839831,0.110109,0.050012
CAATGGTCGGCCTGGG-1,0.254284,0.146028,0.304533,0.295154
CAATTAAGGGTGATGA-1,0.000032,0.525889,0.243215,0.230864
CAATTTCGTATAAGGG-1,0.000037,0.610093,0.315507,0.074364
CAATTTGACCGGGAAG-1,0.000046,0.162483,0.062138,0.775332
CACAATGAGCTGCTAT-1,0.000104,0.467468,0.143717,0.388711
CACACAGGGATAGATT-1,0.000058,0.000058,0.069767,0.930118
CACACGCGCTGTCTTA-1,0.000059,0.913269,0.009479,0.077193
CACACGTTTCAATGGG-1,0.000025,0.583623,0.296661,0.11969
CACACTTGTATTGCGA-1,0.000297,0.504345,0.494169,0.001189
CACAGAGACGAGGACG-1,0.000031,0.031026,0.948824,0.020119
CACAGCACCCACGGCA-1,0.000033,0.319409,0.518325,0.162233
CACAGCTAGGGAGTGA-1,0.000074,0.414728,0.061224,0.523974
CACAGGGCCGTTGTCA-1,0.000034,0.843283,0.000102,0.156582
CACATAAGGCGACCGT-1,0.00008,0.015756,0.056848,0.927316
CACATATTAGCAGGAT-1,0.000054,0.943288,0.024204,0.032454
CACATCGTGCACGCGC-1,0.000034,0.67998,0.216078,0.103908
CACATCTCACCGACGA-1,0.000026,0.262227,0.571894,0.165854
CACATGATTCAGCAAC-1,0.000034,0.592151,0.293155,0.114661
CACATGTTTGGACATG-1,0.00038,0.00038,0.001139,0.998102
CACATTCTTTCGATGG-1,0.000049,0.832958,0.013792,0.153201
CACCAGTCAGCATGCA-1,0.000165,0.189544,0.285306,0.524986
CACCATCGGAGGAGAC-1,0.000762,0.344149,0.136606,0.518484
CACCCAAATCTTATGT-1,0.000038,0.882411,0.058673,0.058878
CACCCACACGTCACCC-1,0.00006,0.00006,0.180733,0.819148
CACCCACGAGGCAATT-1,0.000034,0.60046,0.31873,0.080775
CACCCGGTTTGTGACT-1,0.000031,0.352845,0.351792,0.295332
CACCCTAACAAGATCT-1,0.000036,0.727093,0.096648,0.176222
CACCCTTGGTGAGACC-1,0.000024,0.092663,0.093954,0.813358
CACCCTTTCCTCGCTC-1,0.00005,0.028531,0.01313,0.958289
CACCGATACACCGAGC-1,0.000057,0.5071,0.240252,0.252591
CACCGCCAGAAGGTTT-1,0.000059,0.455663,0.108544,0.435734
CACCGCCGACCAGCGA-1,0.000099,0.293986,0.485415,0.220499
CACCGCGTCCACTCTA-1,0.000039,0.74016,0.035505,0.224297
CACCGGAGATATCTCC-1,0.000022,0.880696,0.119196,0.000086
CACCGTTAGGGATCAC-1,0.000022,0.116921,0.426788,0.456269
CACCGTTGCGCGATAT-1,0.00018,0.154313,0.00054,0.844968
CACCTAATAGAGTCGT-1,0.000109,0.193831,0.000327,0.805733
CACCTAATCAGTTTAC-1,0.000029,0.411569,0.502169,0.086233
CACCTCGATGGTGGAC-1,0.000035,0.365956,0.359345,0.274664
CACCTTGCGAAACTCG-1,0.000033,0.742632,0.15032,0.107015
CACCTTGGCGCCTTTG-1,0.00004,0.438205,0.116633,0.445122
CACGAAAGTTAGTCCC-1,0.000092,0.000092,0.000276,0.999539
CACGACGTAATAGTAA-1,0.012712,0.076507,0.748652,0.162129
CACGACTAAAGTTCTG-1,0.000035,0.252852,0.029069,0.718044
CACGCACAGCGCAGCT-1,0.000041,0.46895,0.386299,0.14471
CACGCAGCGAGGCTTT-1,0.101932,0.0319,0.030021,0.836148
CACGCGGAACTGTTGC-1,0.000043,0.831708,0.109709,0.05854
CACGGCGCGCCAAAGG-1,0.000029,0.98063,0.000086,0.019256
CACGGGATTGAGGGTT-1,0.000066,0.032212,0.007503,0.960219
CACGTCGGCAACCTCT-1,0.000241,0.206177,0.1171,0.676483
CACGTCTATGATGTGG-1,0.000034,0.991703,0.000101,0.008163
CACGTTCGTGCTCTAG-1,0.000043,0.769813,0.00013,0.230014
CACGTTTCGTACACAC-1,0.00009,0.620234,0.023436,0.35624
CACTAAAGTTGCCTAT-1,0.000055,0.16987,0.052238,0.777837
CACTACTCAGTTCTGT-1,0.000056,0.550415,0.355637,0.093892
CACTCAAGAGCTATGG-1,0.000033,0.401219,0.506072,0.092676
CACTCAGCTCTTGAGG-1,0.000055,0.161603,0.714805,0.123537
CACTCCTATGTAAGAT-1,0.000072,0.483902,0.37917,0.136856
CACTCCTCTCGGTCGG-1,0.000048,0.858101,0.141343,0.000508
CACTCGAGCTGAACAA-1,0.000029,0.829611,0.130649,0.039711
CACTCGGTTAGGAGGA-1,0.007985,0.003247,0.077379,0.911389
CACTCTCAAGCATCGA-1,0.000136,0.841319,0.158003,0.000542
CACTGACGATTGTGGA-1,0.000136,0.91698,0.082341,0.000544
CACTGTCCAAGTGAGA-1,0.000084,0.034653,0.000251,0.965012
CACTTAATCAGACGGA-1,0.000052,0.177196,0.143659,0.679093
CACTTCGCCACAGGCT-1,0.000057,0.000057,0.000172,0.999714
CACTTCGTCTTATCTC-1,0.000157,0.170963,0.00047,0.828411
CAGAACTTAGCCCTCT-1,0.000036,0.868485,0.005609,0.12587
CAGACACCGATCGCTG-1,0.000031,0.807458,0.13918,0.053331
CAGACCTGTAAGTGTT-1,0.000047,0.881182,0.03986,0.078912
CAGACGAACCTGATAC-1,0.000026,0.24452,0.573337,0.182117
CAGAGACGGTCACCCA-1,0.000034,0.663617,0.122374,0.213974
CAGAGCATGAGCTTGC-1,0.000028,0.441563,0.548457,0.009952
CAGAGGCGATGCATGA-1,0.000031,0.679775,0.317433,0.002761
CAGAGTGATTTAACGT-1,0.000133,0.379066,0.25508,0.365721
CAGATACTAACATAGT-1,0.09174,0.000056,0.032526,0.875678
CAGATCATTTAAAGTC-1,0.000029,0.753301,0.204081,0.042588
CAGATCCTGGTTTGAA-1,0.000042,0.000042,0.064397,0.935519
CAGCAGCCCGTTCCTT-1,0.00005,0.795864,0.158538,0.045549
CAGCAGTCCAGACTAT-1,0.000144,0.620409,0.148839,0.230608
CAGCAGTCTGTGCTGC-1,0.00006,0.841314,0.063072,0.095554
CAGCCCTCACAGGCAG-1,0.00002,0.135361,0.64927,0.215349
CAGCCGGGCCCTCTAT-1,0.00005,0.729677,0.154584,0.11569
CAGCCTCCTGCAGAGG-1,0.000035,0.697584,0.2189,0.083481
CAGCCTCTCCTCAAGA-1,0.000085,0.903406,0.007282,0.089227
CAGCGATTCCCTTCAA-1,0.000061,0.445824,0.460338,0.093777
CAGCTCACTGAGACAT-1,0.000036,0.155358,0.720629,0.123977
CAGCTCGACAAGTTAA-1,0.000076,0.936398,0.000227,0.063299
CAGCTCGTGCTTGTGT-1,0.000066,0.051879,0.03055,0.917505
CAGCTCTGGGCTCACT-1,0.000081,0.962938,0.000242,0.036739
CAGCTGGCGTAACCGT-1,0.028512,0.000049,0.000148,0.97129
CAGCTTAGTAGGTAGC-1,0.000059,0.000059,0.000176,0.999707
CAGGAAGACTTTATAT-1,0.000105,0.889679,0.027468,0.082748
CAGGATATATCGTTGT-1,0.000026,0.261497,0.691032,0.047446
CAGGATCCGCCCGACC-1,0.000022,0.222474,0.426788,0.350716
CAGGCCGTTTGGGTGT-1,0.000096,0.035645,0.124185,0.840074
CAGGCGCACGGTGGTC-1,0.000272,0.247925,0.609074,0.142729
CAGGCGCCATGCTAGG-1,0.000055,0.978319,0.000165,0.021461
CAGGGCTAACGAAACC-1,0.000021,0.411461,0.055011,0.533507
CAGTAACTATTTATTG-1,0.00006,0.814832,0.000181,0.184927
CAGTAATCCCTCCCAG-1,0.000096,0.02178,0.000287,0.977837
CAGTACATTCTCTAAA-1,0.000046,0.910355,0.000139,0.08946
CAGTACCAGTTTACGT-1,0.00004,0.043389,0.002459,0.954111
CAGTAGCCCACGCGGT-1,0.000057,0.974086,0.013687,0.01217
CAGTAGCGAGGTAGTA-1,0.000022,0.000022,0.645197,0.354758
CAGTCGAGGATGCAAT-1,0.000039,0.990749,0.000118,0.009094
CAGTCTCTCGGCTAAT-1,0.542481,0.000035,0.000105,0.457379
CAGTCTGTATACTGGG-1,0.000028,0.41585,0.544676,0.039446
CAGTGAATAAATGACT-1,0.000037,0.866184,0.103874,0.029905
CAGTGTCCGCAGAATG-1,0.000044,0.000044,0.036014,0.963897
CAGTGTCGGCTGGCCC-1,0.000039,0.805478,0.011874,0.18261
CAGTTCAAATTGACAC-1,0.000052,0.225543,0.027955,0.74645
CAGTTCCGCGGGTCGA-1,0.000058,0.000058,0.000175,0.999708
CAGTTCGAGGACCCGA-1,0.000026,0.632351,0.355638,0.011986
CATAACGGACAGTCGT-1,0.00004,0.999679,0.00012,0.00016
CATAAGAAGCTTGGCT-1,0.000032,0.491676,0.476045,0.032247
CATAAGCTCTCCGTCT-1,0.000038,0.000038,0.000113,0.999812
CATAATGAGCGGGCGA-1,0.059395,0.131433,0.016086,0.793086
CATACAAAGCCGAACC-1,0.000045,0.000045,0.000136,0.999773
CATACACGGTTCCCAC-1,0.000044,0.958656,0.000133,0.041167
CATACCCGTACCCAGT-1,0.000109,0.000109,0.000327,0.999455
CATACGAACTAGCTGG-1,0.000041,0.81061,0.125697,0.063653
CATACGGCGTCTGGGC-1,0.000039,0.577214,0.28597,0.136777
CATACGGGTGCATGAT-1,0.000059,0.019756,0.000177,0.980008
CATACTATGTAATTGT-1,0.000072,0.176005,0.026267,0.797655
CATACTTCTTTCTCCG-1,0.000034,0.75983,0.014987,0.225149
CATAGCCGCCCGGGAT-1,0.000093,0.055743,0.157742,0.786422
CATAGCGTTGCCCACC-1,0.000063,0.391768,0.356349,0.25182
CATAGTACATTGAGAG-1,0.000077,0.653071,0.277474,0.069378
CATAGTAGCATAGTAG-1,0.038781,0.000045,0.097282,0.863891
CATAGTCCACAAGAAC-1,0.07826,0.035448,0.047813,0.838479
CATATACTACTGATAA-1,0.000044,0.794763,0.141785,0.063408
CATATAGGTACAGTCA-1,0.000028,0.226181,0.670433,0.103358
CATATGTCAGGCTACG-1,0.000062,0.04178,0.000186,0.957972
CATATTATTTGCCCTA-1,0.000177,0.510577,0.101902,0.387344
CATCATCTACCCGGAC-1,0.0002,0.255425,0.581148,0.163227
CATCATTACCCTGAGG-1,0.00005,0.840489,0.046421,0.11304
CATCCGCAGGCCCGAA-1,0.000358,0.000358,0.001073,0.998212
CATCCTCTCAAAGATC-1,0.000089,0.885334,0.000268,0.114309
CATCGAATGGATCTCT-1,0.000053,0.000053,0.000158,0.999737
CATCGCCCGCGGCCAA-1,0.003938,0.09591,0.103504,0.796648
CATCGGACGGGTTAAT-1,0.000046,0.641769,0.222727,0.135458
CATCGTCCGGTTACTA-1,0.00003,0.010955,0.141497,0.847517
CATCTACCCGAGAACG-1,0.00001,0.144824,0.840134,0.015033
CATCTATCCCGTGTCT-1,0.00006,0.927247,0.000181,0.072512
CATCTGCAGGATCATT-1,0.010409,0.098967,0.12684,0.763784
CATCTTACACCACCTC-1,0.000032,0.651655,0.305042,0.043271
CATGAACCGACATTTG-1,0.000031,0.000031,0.669531,0.330408
CATGAACCTCTTATCA-1,0.000055,0.459461,0.337441,0.203043
CATGACTTCGCTGAAT-1,0.000054,0.911079,0.007704,0.081163
CATGAGATGCACTCTC-1,0.000048,0.806394,0.022006,0.171552
CATGATGCACAATTCT-1,0.000036,0.453065,0.408403,0.138496
CATGATGGAAGTTAGC-1,0.000044,0.636117,0.094036,0.269804
CATGCACGTGTTACTG-1,0.000023,0.927974,0.00007,0.071933
CATGCATGGAGACCCT-1,0.00006,0.410613,0.337305,0.252022
CATGCCAACTCGCAAA-1,0.000071,0.000071,0.000214,0.999644
CATGCGACCAGTTTAA-1,0.000034,0.920028,0.000102,0.079836
CATGCGTTAGACAGAA-1,0.000387,0.134658,0.15097,0.713984
CATGCGTTGAGAGGAG-1,0.000065,0.749088,0.250589,0.000258
CATGCTGGCTCCAATT-1,0.170336,0.436246,0.002876,0.390542
CATGGAAATGGGACCA-1,0.000048,0.101211,0.670191,0.22855
CATGGCAGGAAGATCG-1,0.000156,0.165294,0.10302,0.731531
CATGGGTATGCCTTAT-1,0.000024,0.378012,0.607948,0.014016
CATGGGTCGGGTGTGG-1,0.000062,0.871484,0.000186,0.128268
CATGGTAAGTAGCGTT-1,0.000056,0.912701,0.014902,0.07234
CATGGTCTAGATACCG-1,0.000032,0.435684,0.422836,0.141448
CATGTAAGAGACATTT-1,0.005803,0.785124,0.030871,0.178203
CATGTAGGAGCGCCAA-1,0.000103,0.715489,0.049738,0.23467
CATGTCTCATTTATGG-1,0.000022,0.159005,0.782105,0.058869
CATTACGTCGGCCCGT-1,0.00007,0.385975,0.320492,0.293464
CATTATCCCATTAACG-1,0.00003,0.738788,0.231273,0.029909
CATTATGCTTGTTGTG-1,0.00005,0.027847,0.64275,0.329353
CATTCACTGACAGCTA-1,0.000249,0.507557,0.258623,0.233571
CATTCAGGTCAGTGCG-1,0.109576,0.004617,0.122342,0.763464
CATTCCCTAAGTACAA-1,0.00139,0.389759,0.004169,0.604682
CATTGCGAAATGGGCG-1,0.000088,0.000088,0.000265,0.999559
CATTGCGGGTCAATTC-1,0.000029,0.502086,0.494025,0.003861
CATTGTGTGCTAGATC-1,0.000423,0.000423,0.001268,0.997886
CATTTAGCGGACCATG-1,0.000044,0.534078,0.303912,0.161966
CATTTATCGTTCAAGA-1,0.000037,0.365708,0.553966,0.080289
CATTTCTAGCAGACTA-1,0.000097,0.078124,0.00029,0.921489
CATTTGAGTGGTACGT-1,0.000054,0.436364,0.500484,0.063098
CCAAACAGAACCCTCG-1,0.00006,0.110044,0.028599,0.861297
CCAAAGCAGTTGGTTG-1,0.000361,0.332143,0.001083,0.666413
CCAAAGTCCCGCTAAC-1,0.000043,0.084855,0.008126,0.906975
CCAACCTTATGTAACT-1,0.000036,0.943842,0.009583,0.046539
CCAACGATGCACTGAT-1,0.000063,0.000581,0.000188,0.999168
CCAACGCTTGCCAGGG-1,0.000021,0.819119,0.177539,0.003321
CCAAGAAAGTGGGCGA-1,0.000029,0.63873,0.226896,0.134345
CCAAGACTTCTGCGAA-1,0.000088,0.304969,0.345686,0.349256
CCAAGCGTAACTCGTA-1,0.000035,0.534151,0.36046,0.105354
CCAAGCTTGATCTCCT-1,0.008906,0.037903,0.118769,0.834423
CCAAGGAACAGAGAGG-1,0.000072,0.066582,0.065884,0.867463
CCAAGTTTCTACAGAT-1,0.00002,0.304681,0.318047,0.377253
CCAATAGTGCCGTCGA-1,0.005247,0.000059,0.000177,0.994517
CCAATCGGTAGATCGA-1,0.000078,0.685505,0.121161,0.193257
CCAATGTCACAGCAAG-1,0.000051,0.185946,0.007464,0.806539
CCAATTACGGGTCGAG-1,0.000061,0.917388,0.030843,0.051709
CCAATTGAATGTTAAT-1,0.000064,0.090669,0.000191,0.909076
CCACAATGTACGTCTT-1,0.000027,0.478972,0.278174,0.242826
CCACACTGAGATATTA-1,0.000094,0.233115,0.161115,0.605676
CCACAGCTGAAATCAT-1,0.00006,0.00006,0.000181,0.999698
CCACAGTACCCATCCT-1,0.000052,0.865692,0.006794,0.127462
CCACCAACTTTACTGT-1,0.000029,0.216534,0.774455,0.008982
CCACCCAAGGAAAGTG-1,0.000034,0.79346,0.070816,0.135689
CCACGAATTTAACCTC-1,0.000151,0.737243,0.138853,0.123753
CCACGAGAAGAGAATC-1,0.000078,0.670868,0.117387,0.211667
CCACGGAGCCATAAGA-1,0.000057,0.051171,0.007673,0.9411
CCACGGCAGGTGTAGG-1,0.000039,0.880465,0.050355,0.069141
CCACGGTGCCCGGTAG-1,0.000037,0.610857,0.266362,0.122745
CCACTAAACTGAATCG-1,0.038856,0.000041,0.039901,0.921203
CCACTGGTGGCTGGTT-1,0.000112,0.000112,0.000335,0.999441
CCAGAAAGCAACTCAT-1,0.00005,0.145399,0.747929,0.106622
CCAGAGACAAAGCCGG-1,0.0001,0.044596,0.127633,0.827671
CCAGATAGTTGAGTGA-1,0.000054,0.734224,0.076982,0.188741
CCAGCCTGGACCAATA-1,0.000022,0.414658,0.530497,0.054822
CCAGCTACGCCTCATA-1,0.000065,0.045703,0.013535,0.940698
CCAGCTCGAACGCATT-1,0.000021,0.460548,0.438592,0.100839
CCAGCTGATGGTACTT-1,0.000139,0.022814,0.000416,0.97663
CCAGCTTCCGCCCGCA-1,0.000173,0.005872,0.096692,0.897263
CCAGGGACGTGGCCTC-1,0.000047,0.201334,0.06842,0.730198
CCAGTAGTCTGATCCA-1,0.000082,0.911511,0.000247,0.08816
CCAGTCCATTATTCGA-1,0.000206,0.259151,0.000617,0.740027
CCAGTCTAGACGGCGC-1,0.000034,0.763575,0.034456,0.201934
CCAGTCTTGTCATAGA-1,0.000044,0.943751,0.009,0.047205
CCAGTGAGCTCCTTGT-1,0.002059,0.227364,0.143531,0.627046
CCATAAACAACCCGAC-1,0.000036,0.313741,0.683761,0.002462
CCATAACCTGTGCAGT-1,0.000187,0.000187,0.156256,0.843371
CCATACCTTTACTTGT-1,0.000031,0.627778,0.369569,0.002622
CCATAGGTTGGCGTGG-1,0.000347,0.384662,0.211834,0.403157
CCATAGTCAGTAACCC-1,0.0008,0.130997,0.0024,0.865804
CCATATTGGATCATGA-1,0.000089,0.235317,0.034673,0.729921
CCATCCATACCAAGTC-1,0.000046,0.000046,0.000137,0.999771
CCATCGCAGTTAAACT-1,0.00003,0.437974,0.551349,0.010647
CCATCTCACCAGTGAA-1,0.000028,0.832607,0.131011,0.036355
CCATCTTGTTCACAAT-1,0.000048,0.066846,0.001592,0.931515
CCATGCCTGTTTAGTA-1,0.000075,0.480321,0.036918,0.482685
CCATGCTCTGCAGGAA-1,0.000063,0.020483,0.00019,0.979264
CCATGGCAAACGCTCA-1,0.00004,0.440704,0.559095,0.000161
CCATGGCCCTTGTACC-1,0.000049,0.000049,0.000146,0.999756
CCATGTTCATCTATAT-1,0.000071,0.796543,0.0983,0.105086
CCATTAGCGATAATCC-1,0.000071,0.061248,0.000428,0.938252
CCATTCCCTGCCCACA-1,0.000103,0.000103,0.128982,0.870811
CCATTTCTACCTATTA-1,0.000048,0.811855,0.163777,0.024321
CCCAAACATGCTGCTC-1,0.000042,0.994416,0.005374,0.000169
CCCAACATACGTCGCG-1,0.000028,0.000028,0.665131,0.334814
CCCAACCACACTAACA-1,0.000277,0.551139,0.278565,0.170019
CCCAAGAATGCACGGT-1,0.000039,0.764001,0.196189,0.03977
CCCAAGACAGAGTATG-1,0.000045,0.055687,0.407115,0.537152
CCCAATGAGATTTGCA-1,0.000039,0.816036,0.088276,0.095649
CCCAATTTCACAACTT-1,0.000104,0.000104,0.005812,0.993979
CCCACTCCACGGTATC-1,0.000093,0.000093,0.00028,0.999534
CCCAGAGGAGGGCGTA-1,0.00003,0.387438,0.612415,0.000118
CCCAGATTCCCGTGAC-1,0.000081,0.651538,0.348057,0.000324
CCCAGGAAGAATTCGA-1,0.00008,0.595305,0.013989,0.390626
CCCAGTAAACTTGGGA-1,0.00003,0.468119,0.12306,0.408791
CCCAGTTAAGGCGCCG-1,0.000046,0.922793,0.000138,0.077023
CCCGAAGTTTCGCGAA-1,0.000088,0.095588,0.019024,0.8853
CCCGACCATAGTCCGC-1,0.000035,0.460339,0.493602,0.046024
CCCGCAAATAATCATC-1,0.000031,0.495842,0.230153,0.273975
CCCGCAGCGCGAACTA-1,0.000038,0.867573,0.109302,0.023087
CCCGCAGGGCCCAAAG-1,0.000094,0.701584,0.285268,0.013054
CCCGCCATGCTCCCGT-1,0.000067,0.011998,0.0002,0.987736
CCCGCTTGCCCTCGTC-1,0.059284,0.104158,0.027055,0.809503
CCCGGGTCGTTCAGGG-1,0.000024,0.604203,0.395676,0.000097
CCCGGTGGAAGAACCT-1,0.000106,0.126096,0.155442,0.718357
CCCGGTGTATCGGAAT-1,0.000026,0.008247,0.09591,0.895817
CCCGTAAGTCTAGGCC-1,0.00008,0.00008,0.013388,0.986452
CCCGTAGCTGGGAAGA-1,0.000047,0.408633,0.556874,0.034446
CCCGTCAGCGTCTGAC-1,0.00006,0.146545,0.00018,0.853215
CCCGTGGGTTAATTGA-1,0.00002,0.426429,0.234689,0.338862
CCCTAGCTCTAAGGTC-1,0.000041,0.864441,0.000124,0.135393
CCCTAGTGTCAGGTGT-1,0.00102,0.00102,0.003061,0.994899
CCCTATGTAGAGCAGA-1,0.000111,0.458459,0.248515,0.292916
CCCTCATTCTGGAATT-1,0.000073,0.151394,0.00022,0.848312
CCCTCGATAATACACA-1,0.000033,0.793006,0.137017,0.069945
CCCTCGGGAGCCTTGT-1,0.00008,0.171346,0.162771,0.665803
CCCTGAAATGAGTTGA-1,0.020007,0.000066,0.000197,0.979731
CCCTGACTAACAAATT-1,0.166127,0.000021,0.013031,0.820821
CCCTGATGTAACTCGT-1,0.000717,0.000717,0.137718,0.860847
CCCTGCCCAATCCGCT-1,0.000081,0.000081,0.000243,0.999595
CCCTGCGCTACGCATA-1,0.000465,0.000465,0.146168,0.852902
CCCTGGTATGGGCGGC-1,0.000068,0.35273,0.635243,0.01196
CCCTGTTGGCAAAGAC-1,0.000043,0.397323,0.002148,0.600487
CCCTTCTCGTACGCGA-1,0.000022,0.056985,0.076014,0.86698
CCCTTTGACAGGTCTT-1,0.000065,0.713866,0.136515,0.149554
CCGAAAGTGGTGAGCA-1,0.000043,0.000043,0.031794,0.96812
CCGAACACTGGGCCTC-1,0.000077,0.000077,0.00023,0.999616
CCGAACCTTCCCGGCC-1,0.000035,0.916509,0.063295,0.020161
CCGAAGTATATTGTTC-1,0.000178,0.219312,0.038992,0.741519
CCGACAAACACATGAG-1,0.000116,0.050244,0.028182,0.921458
CCGACAAAGGGAGTGC-1,0.000073,0.000073,0.079522,0.920331
CCGACGGGCATGAGGT-1,0.001588,0.509953,0.004766,0.483693
CCGACGTAAACACAAC-1,0.00004,0.838066,0.028173,0.133721
CCGACTCGCATAGTCT-1,0.000106,0.125849,0.851402,0.022642
CCGAGCTGTGCTTGTC-1,0.000018,0.502504,0.249223,0.248256
CCGAGGGATGTTAGGC-1,0.002712,0.384305,0.339536,0.273447
CCGATCTCAACCTTAT-1,0.000031,0.535912,0.357821,0.106236
CCGATTCGAGGGACCC-1,0.000053,0.000053,0.000159,0.999735
CCGATTGGTCAATGAA-1,0.000019,0.934716,0.000058,0.065207
CCGCACAAAGACCAAC-1,0.000024,0.806202,0.107924,0.08585
CCGCACGTGACCTCGG-1,0.000113,0.000113,0.000338,0.999437
CCGCATGTGGTACGAT-1,0.000043,0.917576,0.076646,0.005735
CCGCCACCACAATCCA-1,0.000415,0.253062,0.252162,0.494361
CCGCCGGAACTTCTCG-1,0.000045,0.641978,0.030605,0.327371
CCGCCGGTCAACACAC-1,0.000604,0.257591,0.134868,0.606937
CCGCCTGCGAATTGGT-1,0.000079,0.893574,0.000237,0.10611
CCGCGGAATGCGTCAC-1,0.00003,0.263465,0.72684,0.009665
CCGCGGGTACGAAGAA-1,0.000071,0.000071,0.000214,0.999643
CCGCGTAGGTAAGGGC-1,0.000227,0.004186,0.000681,0.994906
CCGCTATCAGCACCAG-1,0.000042,0.543738,0.206843,0.249377
CCGCTGGTGCCATTCA-1,0.000046,0.343166,0.303724,0.353064
CCGCTTACCTCACTCT-1,0.00007,0.153422,0.095264,0.751244
CCGCTTCGCGGTTAAC-1,0.000024,0.025871,0.027085,0.94702
CCGCTTGCTGACATGG-1,0.000086,0.736498,0.148821,0.114595
CCGGAATGGTTTCAGT-1,0.110051,0.000057,0.00017,0.889722
CCGGAGCGTACTTTCT-1,0.000045,0.83076,0.169016,0.000179
CCGGCACGACCGTTTC-1,0.000052,0.435312,0.113739,0.450897
CCGGCGCATATTGGAT-1,0.000374,0.237519,0.258081,0.504026
CCGGCGTGAGACTCTG-1,0.000129,0.101731,0.147236,0.750904
CCGGGACCCGCAGAGA-1,0.000041,0.159752,0.219251,0.620955
CCGGGCGGTCTCGTCA-1,0.000031,0.558749,0.361392,0.079829
CCGGGCTGCTCCATAC-1,0.000054,0.959348,0.000161,0.040438
CCGGGTTCGAGGTTAC-1,0.000116,0.002106,0.000349,0.997429
CCGGTGCGAGTGATAG-1,0.000063,0.296393,0.659757,0.043788
CCGGTTTGTAATTGTG-1,0.000058,0.644458,0.355252,0.000233
CCGTAAGTTGGTCCCA-1,0.000044,0.786033,0.110573,0.10335
CCGTACCCAAGCGCCA-1,0.000057,0.000057,0.000172,0.999714
CCGTATCTCGTCGTAG-1,0.001324,0.35828,0.142257,0.498139
CCGTATTAGCGCAGTT-1,0.000015,0.394604,0.118337,0.487044
CCGTGCCCATGACGGC-1,0.000089,0.067317,0.070982,0.861611
CCGTGGAACGATCCAA-1,0.000028,0.678722,0.321138,0.000113
CCGTGTTAAATTCCAT-1,0.000198,0.073462,0.000595,0.925745
CCGTTACGTTAGAACA-1,0.000075,0.78577,0.098658,0.115497
CCGTTCCGAATCTCGG-1,0.000048,0.000048,0.000144,0.999761
CCGTTTCCTTTCCGTG-1,0.000071,0.591637,0.139253,0.269038
CCTAAAGGCTGACGCT-1,0.00012,0.713758,0.113753,0.172369
CCTAAATTAACGGTTC-1,0.000032,0.745598,0.149312,0.105058
CCTAACCCAAACAAGT-1,0.000029,0.615937,0.263881,0.120154
CCTAACTAAGGCTCTA-1,0.000054,0.845367,0.000163,0.154417
CCTAAGTGTCTAACCG-1,0.000071,0.086443,0.090238,0.823248
CCTACAAGTCCGGAAT-1,0.000035,0.742288,0.151622,0.106055
CCTACATTCACAGACG-1,0.000699,0.33795,0.002098,0.659253
CCTACGCGACCTTACA-1,0.000024,0.74847,0.00059,0.250916
CCTACGGCTCAGTCGA-1,0.000086,0.000086,0.000259,0.999569
CCTACTGCTTACACTT-1,0.00007,0.171349,0.00021,0.828371
CCTAGGCGTAGCGATC-1,0.000048,0.969168,0.000145,0.030638
CCTAGGTAAAGGTAGC-1,0.000012,0.321755,0.182051,0.496181
CCTAGTTAGTCGCATG-1,0.000077,0.327017,0.636795,0.036112
CCTATAATGAGTGCCC-1,0.000037,0.604592,0.122355,0.273016
CCTATACCGTCCTGTC-1,0.000066,0.485934,0.407279,0.106721
CCTATATTTGTCCTGG-1,0.000057,0.983074,0.00017,0.016699
CCTATCTATATCGGAA-1,0.000065,0.507117,0.275047,0.217772
CCTATGAAGTGGTGCC-1,0.000115,0.773655,0.092713,0.133518
CCTATGGCTCCTAGTG-1,0.000033,0.194593,0.782459,0.022915
CCTATGGGTTACCGTC-1,0.000036,0.345535,0.239839,0.41459
CCTATGGTCAAAGCTG-1,0.000027,0.535017,0.408174,0.056781
CCTCACCAATCTTGAC-1,0.000055,0.055406,0.000166,0.944373
CCTCACCTGAGGGAGC-1,0.00004,0.892118,0.094715,0.013126
CCTCACCTTAGCATCG-1,0.000052,0.946957,0.000155,0.052836
CCTCATGCAGCTACGA-1,0.07138,0.000061,0.00019,0.928369
CCTCCCGACAATCCCT-1,0.000855,0.25148,0.256159,0.491505
CCTCCGACAATTCAAG-1,0.000096,0.000096,0.000288,0.99952
CCTCGAAGTGGACGGG-1,0.000071,0.404034,0.392942,0.202954
CCTCGACCCACTGCCT-1,0.00004,0.00004,0.940183,0.059737
CCTCGCCAGCAAATTA-1,0.000025,0.304928,0.679825,0.015222
CCTCGCGCGATATAGG-1,0.000058,0.873414,0.000175,0.126353
CCTCGCGCTGTGCGAT-1,0.000043,0.90649,0.000131,0.093336
CCTCGGACCGGGATAG-1,0.000033,0.946631,0.000099,0.053237
CCTCGGATGCTACCTG-1,0.000046,0.095615,0.02251,0.88183
CCTCGGTTTCCTTGCC-1,0.000058,0.894855,0.044357,0.06073
CCTCGTTACGCCTGTT-1,0.000058,0.000058,0.999651,0.000233
CCTCTAATCTGCCAAG-1,0.000036,0.536464,0.322018,0.141483
CCTCTACAAGGATTGG-1,0.000084,0.696448,0.245629,0.057838
CCTCTATCGATTAGCA-1,0.001293,0.001293,0.547316,0.450098
CCTCTCTCCCATCTAG-1,0.000108,0.038578,0.000324,0.96099
CCTCTGGCCTAGACGG-1,0.000076,0.553084,0.253889,0.192951
CCTCTGTACTATTCTA-1,0.000042,0.724619,0.27517,0.000169
CCTGAACGATATATTC-1,0.00005,0.895304,0.085416,0.01923
CCTGAATATTTACATA-1,0.000042,0.497671,0.350963,0.151324
CCTGACCACCGATGGT-1,0.000042,0.711026,0.168233,0.120699
CCTGACGCAACCTTTA-1,0.000034,0.810209,0.000102,0.189655
CCTGAGAATAAATGCA-1,0.000035,0.742147,0.000105,0.257713
CCTGCCCGTTGTCTAG-1,0.000059,0.01876,0.057943,0.923237
CCTGCGATAGAACTGT-1,0.000066,0.056762,0.000198,0.942974
CCTGCTATTTGAGAAG-1,0.000051,0.085556,0.093071,0.821322
CCTGGCTAGACCCGCC-1,0.00007,0.00007,0.00021,0.999651
CCTGGTCGAATGTGGG-1,0.000024,0.327061,0.615095,0.05782
CCTGTAAGACATGATA-1,0.000054,0.199484,0.000161,0.800302
CCTGTACTCACGCCCA-1,0.000095,0.000095,0.000286,0.999523
CCTGTCACCCGGGCTC-1,0.000044,0.491575,0.308997,0.199384
CCTGTCGCCCGTAAAT-1,0.000038,0.430815,0.365463,0.203685
CCTGTGCATAGGAGAC-1,0.029844,0.003854,0.000141,0.966161
CCTGTGCGGATTGTAA-1,0.000019,0.993555,0.000056,0.00637
CCTGTTCAACCTCGGG-1,0.000017,0.185576,0.629422,0.184985
CCTTCAGTTAAAGTGA-1,0.000045,0.934629,0.010776,0.05455
CCTTCGTATAGAATCC-1,0.000033,0.693259,0.000807,0.305901
CCTTCTCAGCGTTCCT-1,0.000027,0.016603,0.003645,0.979725
CCTTCTTGATCCAGTG-1,0.000066,0.531139,0.318539,0.150256
CCTTGTGAACGTGGTT-1,0.000035,0.586564,0.401016,0.012384
CCTTTAAGGGAGCACT-1,0.000065,0.935431,0.000195,0.06431
CCTTTCAATGAAGAAA-1,0.000043,0.918003,0.032976,0.048978
CGAAACATAGATGGCA-1,0.000066,0.44332,0.455118,0.101496
CGAAACGCAATTCATG-1,0.000076,0.039079,0.000227,0.960619
CGAACAGTATGGGCGT-1,0.000034,0.565564,0.087388,0.347015
CGAACATAGTCAGAAA-1,0.00003,0.311028,0.5739,0.115043
CGAACCCGCATGCGTC-1,0.000034,0.510836,0.426192,0.062937
CGAACGCCCAGTGCCG-1,0.000087,0.4535,0.32992,0.216493
CGAACGGCCGGACAAC-1,0.000033,0.000033,0.03182,0.968115
CGAAGCTATAAATTCA-1,0.000027,0.745425,0.138206,0.116341
CGAAGTTGCTCTGTGT-1,0.000066,0.000066,0.00998,0.989887
CGAATCTGCTCGACGC-1,0.000047,0.193681,0.716337,0.089934
CGAATGAAGTCATTGC-1,0.000213,0.187197,0.203681,0.608909
CGAATGACGCATAATG-1,0.000032,0.892762,0.035694,0.071512
CGAATTACATGGTGTT-1,0.000033,0.881751,0.04006,0.078156
CGACAATTTGATCTAA-1,0.000038,0.649281,0.200673,0.150008
CGACACGCTCCGACAG-1,0.00005,0.602889,0.091602,0.305459
CGACAGTTCGCGTTAT-1,0.000089,0.173833,0.000266,0.825813
CGACATGCGATCTTCT-1,0.014893,0.362447,0.255634,0.367027
CGACCCTTAACGCCGG-1,0.000013,0.089229,0.151943,0.758816
CGACGCATCCGTACCT-1,0.000017,0.18917,0.093168,0.717646
CGACTCAGGATGTTAT-1,0.000069,0.943991,0.000208,0.055732
CGACTTTGTATAGCCT-1,0.000052,0.704506,0.102687,0.192755
CGAGACCCTAGAGTGT-1,0.000025,0.426443,0.530875,0.042658
CGAGAGATGTGAACCT-1,0.000032,0.606474,0.202003,0.191492
CGAGATGTTGCCTATA-1,0.000023,0.009478,0.138667,0.851832
CGAGCACTTCAAGTTT-1,0.000061,0.021095,0.035885,0.94296
CGAGCGTTGATCAGCC-1,0.000038,0.000038,0.0016,0.998325
CGAGCTGGGCTTTAGG-1,0.000044,0.286667,0.584417,0.128872
CGAGGAGCTTCCATAT-1,0.000147,0.613851,0.246959,0.139043
CGAGGCCAGGCATTGG-1,0.00014,0.076339,0.043941,0.87958
CGAGGCTAAATATGGC-1,0.000035,0.554425,0.259378,0.186163
CGAGGGACTGCGGTCG-1,0.000034,0.915716,0.000102,0.084148
CGAGGGTATCCAGGTG-1,0.000029,0.636764,0.065894,0.297314
CGAGTACTAAAGAGGA-1,0.000044,0.155863,0.04559,0.798503
CGAGTGAAGGTACCAG-1,0.000532,0.593497,0.10214,0.303832
CGAGTGCTATAGTTCG-1,0.00062,0.044946,0.029672,0.924761
CGAGTTCTGTCCCACC-1,0.000035,0.380881,0.21074,0.408343
CGAGTTTATCGGACTG-1,0.00005,0.97399,0.00015,0.02581
CGATACCTCGCGGACA-1,0.000083,0.386461,0.010252,0.603204
CGATATTAGCCGCAGG-1,0.000054,0.000935,0.065238,0.933773
CGATCCACCATTGTTG-1,0.000031,0.736543,0.114964,0.148462
CGATCCGACCCAGTGC-1,0.000059,0.356869,0.087898,0.555173
CGATCCTCGCAACATA-1,0.017324,0.895814,0.001304,0.085558
CGATCGAGAAGCACCA-1,0.00006,0.701837,0.005843,0.292259
CGATCTGTTGGAGGAC-1,0.000106,0.000106,0.150161,0.849626
CGATGGACCCTACGCC-1,0.000051,0.836257,0.007698,0.155995
CGATTAAATATCTCCT-1,0.000043,0.983632,0.00013,0.016195
CGATTCGCCTGGCTGC-1,0.000043,0.601737,0.15216,0.246061
CGCAAACACGAGTTAC-1,0.049062,0.000065,0.000194,0.950679
CGCAATTACTTTCGGT-1,0.000091,0.000091,0.000274,0.999544
CGCAATTAGGGTAATA-1,0.000077,0.045394,0.000231,0.954297
CGCAATTCTACAATAA-1,0.000063,0.000901,0.00019,0.998845
CGCACATGTCCACTAC-1,0.000055,0.986316,0.000166,0.013462
CGCACGTCTGTTTATG-1,0.000039,0.712684,0.167605,0.119672
CGCACGTGCGCTATCA-1,0.000034,0.675629,0.070293,0.254044
CGCAGAAACATTTGCG-1,0.000399,0.299231,0.023455,0.676916
CGCAGATCTTCACCCG-1,0.000043,0.668168,0.150519,0.18127
CGCATCATGGCTTCAG-1,0.000168,0.869606,0.040359,0.089868
CGCATGGTGCGATGCT-1,0.000036,0.651774,0.336441,0.01175
CGCATTAGCTAATAGG-1,0.000083,0.298962,0.169478,0.531477
CGCCAAGAAGCCGAGT-1,0.000055,0.000055,0.000166,0.999723
CGCCACAGGTCGCGAT-1,0.000013,0.064207,0.174085,0.761694
CGCCACCCGCATTAAC-1,0.000046,0.063089,0.000137,0.936728
CGCCATCCGATTATGA-1,0.000042,0.603052,0.292026,0.104879
CGCCCAGCACGCCTAG-1,0.000054,0.902337,0.035126,0.062484
CGCCCGCTTCCGTACA-1,0.00006,0.625117,0.359706,0.015117
CGCCGCCCATGCCTGT-1,0.000056,0.862432,0.069776,0.067736
CGCCGCGTTCTGAACG-1,0.000054,0.857002,0.105115,0.03783
CGCCTCCCTCCTCTAT-1,0.000055,0.805847,0.147693,0.046404
CGCCTGGCCTACGTAA-1,0.000063,0.011149,0.00019,0.988598
CGCGACACTGCGCAGC-1,0.000044,0.087882,0.017126,0.894948
CGCGACCGCGACAGAT-1,0.000027,0.628862,0.285597,0.085514
CGCGAGAGGGACTTGT-1,0.000015,0.776209,0.159742,0.064033
CGCGAGTCTGCCGGGT-1,0.053782,0.039292,0.038949,0.867977
CGCGCAAATGTCCAGA-1,0.05686,0.000374,0.82411,0.118655
CGCGCAAGGAACTACA-1,0.090018,0.000824,0.039184,0.869975
CGCGCATGTTTGATTG-1,0.000029,0.388272,0.601484,0.010215
CGCGCCCGACTTAATA-1,0.000042,0.594658,0.383057,0.022242
CGCGGCAGTATTACGG-1,0.000695,0.000695,0.002085,0.996525
CGCGGCTCAACTTGAA-1,0.000031,0.499584,0.149363,0.351022
CGCGGGAATTAGGCAG-1,0.000038,0.715482,0.191786,0.092694
CGCGGTCACAAACCAA-1,0.000026,0.815578,0.178624,0.005772
CGCGTCATATTAAACC-1,0.042728,0.555379,0.000267,0.401626
CGCGTGCTATCAACGA-1,0.006269,0.017154,0.063258,0.913319
CGCGTTCATGAAATAC-1,0.000047,0.204742,0.243409,0.551802
CGCTACCGCCCTATGA-1,0.000045,0.098116,0.083308,0.818531
CGCTACGGGACATTTA-1,0.000069,0.075239,0.250212,0.67448
CGCTAGAGACCGCTGC-1,0.000036,0.562856,0.083298,0.35381
CGCTATACCGCCCACT-1,0.000078,0.000078,0.000233,0.999611
CGCTATTCAATGTATG-1,0.000088,0.000088,0.000263,0.999562
CGCTATTCTTAGGCTC-1,0.000038,0.403984,0.382602,0.213377
CGCTCGACATAATGAT-1,0.000059,0.05721,0.000178,0.942553
CGCTCTCCGTAGATTA-1,0.000065,0.000065,0.008728,0.991143
CGCTGAGGACGTCCAA-1,0.207447,0.007205,0.144862,0.640486
CGCTGGTGACTACCCT-1,0.000076,0.823362,0.000227,0.176336
CGCTGTGACGCCGCAC-1,0.000093,0.142412,0.000279,0.857216
CGCTGTGTGGATGTTG-1,0.000038,0.663108,0.163428,0.173426
CGCTTAGTATTGATAC-1,0.000038,0.774661,0.201351,0.023949
CGCTTATTCCCGGTCG-1,0.000084,0.060164,0.000253,0.939499
CGCTTCCACTGAAATC-1,0.000044,0.068358,0.024357,0.907241
CGCTTTCATACCGGTG-1,0.000123,0.186049,0.00037,0.813457
CGCTTTCTTGCATTCG-1,0.000058,0.931455,0.000173,0.068314
CGGAAAGAATCAAACG-1,0.000038,0.872791,0.095596,0.031574
CGGAAATTTCACATCC-1,0.000021,0.697654,0.10375,0.198576
CGGAACGTAAACATAG-1,0.000054,0.294298,0.397791,0.307857
CGGACCTCTGTAGTTA-1,0.000042,0.871591,0.001591,0.126776
CGGAGCAATTTAATCG-1,0.000046,0.775409,0.010324,0.214222
CGGAGCATGGCGATCC-1,0.00004,0.449228,0.243611,0.30712
CGGAGCTTATAACACC-1,0.000068,0.753568,0.07985,0.166514
CGGAGTTTGAGAGACA-1,0.00007,0.005265,0.000211,0.994453
CGGATAAGCGGACATG-1,0.000467,0.000467,0.001402,0.997664
CGGATCCTCAAGGACT-1,0.000058,0.90959,0.00872,0.081633
CGGCAAACATCGTGCG-1,0.000021,0.611447,0.35786,0.030672
CGGCACCGTTAGCGCC-1,0.000039,0.595317,0.258995,0.145649
CGGCACTCAAGAAAGT-1,0.000059,0.067934,0.000176,0.931831
CGGCAGGGTCGGGTTG-1,0.000046,0.754091,0.000138,0.245725
CGGCCACGCACAAAGT-1,0.000026,0.264053,0.42758,0.308342
CGGCCAGAGCGACCAT-1,0.000053,0.820605,0.01684,0.162501
CGGCCCAACCTGTAGT-1,0.000087,0.637222,0.328073,0.034619
CGGCCCAGGTATATCC-1,0.000047,0.735932,0.123883,0.140138
CGGCTCTTCGTCGAAC-1,0.000036,0.533107,0.455841,0.011015
CGGCTGCAAGATTAAG-1,0.00015,0.423871,0.317646,0.258333
CGGCTTTGTATGATAA-1,0.000319,0.000319,0.819832,0.179531
CGGGAATTTATGTAAA-1,0.000026,0.747451,0.215952,0.036571
CGGGAGCTTCAGTGTA-1,0.000056,0.721939,0.143233,0.134772
CGGGAGTATACCGCCG-1,0.000045,0.000045,0.036284,0.963626
CGGGATCAATGTAAGA-1,0.000059,0.490909,0.083977,0.425056
CGGGCAGCTAAACCGC-1,0.000038,0.245753,0.310787,0.443422
CGGGCCATAGCCGCAC-1,0.001612,0.001612,0.004835,0.991942
CGGGCCTTCTTTGTAA-1,0.000025,0.236052,0.675536,0.088386
CGGGTGTACCCATTTA-1,0.000051,0.88733,0.062482,0.050137
CGGGTTCGGCACGTAT-1,0.000054,0.440747,0.335022,0.224177
CGGGTTGTAGCTTTGG-1,0.000105,0.101763,0.155946,0.742186
CGGTACTAGAATCAAA-1,0.000029,0.718185,0.281671,0.000115
CGGTAGAGGTGCAGGT-1,0.00007,0.945345,0.00021,0.054375
CGGTATAGGTATTAGC-1,0.000056,0.935978,0.000167,0.063799
CGGTCAAGTGGGAACC-1,0.000039,0.731812,0.187231,0.080919
CGGTCCGTCGCAAGCC-1,0.000044,0.974866,0.000131,0.024958
CGGTCTATCAACCCGT-1,0.000075,0.814751,0.117617,0.067558
CGGTGAAGACTAAAGT-1,0.000063,0.003802,0.052447,0.943687
CGGTGCAGATAGAACG-1,0.000051,0.119465,0.000153,0.880331
CGGTGCGCGTTGGTCC-1,0.000095,0.191186,0.568168,0.24055
CGGTGGGCTCCAGCCT-1,0.000052,0.887284,0.035693,0.076971
CGGTGTACTTGATCCC-1,0.000097,0.000097,0.00029,0.999516
CGGTTATCCAACAGTG-1,0.000028,0.617482,0.204464,0.178026
CGGTTCAAGTAGGTGT-1,0.00006,0.955805,0.00018,0.043955
CGGTTCCGGCTTCTTG-1,0.241048,0.000052,0.041436,0.717464
CGGTTGACCTGGCATA-1,0.0001,0.0001,0.000299,0.999502
CGGTTGAGTATCCTTC-1,0.000081,0.879893,0.065935,0.054091
CGGTTGGGTTCAAGTT-1,0.000032,0.757692,0.025622,0.216654
CGGTTTATGAAGGAAC-1,0.000016,0.766195,0.109848,0.12394
CGTAAACGCTTGAGTG-1,0.001146,0.001146,0.003439,0.994268
CGTAAAGCAAGAAATC-1,0.000062,0.709716,0.084266,0.205956
CGTAAATAACAAAGGG-1,0.000033,0.770435,0.020593,0.208938
CGTAACTTCGACACTT-1,0.000075,0.81772,0.181907,0.000298
CGTACCGAAAGTCTAG-1,0.000034,0.091369,0.020634,0.887963
CGTACCTGATAGGCCT-1,0.000048,0.509208,0.401034,0.08971
CGTAGCGAATTGTCAG-1,0.00009,0.330202,0.551404,0.118304
CGTAGCGCCGACGTTG-1,0.085277,0.000031,0.598152,0.31654
CGTATTAAGAGATCTA-1,0.000056,0.373999,0.137535,0.48841
CGTCAATCTTTAACAT-1,0.000245,0.374454,0.000736,0.624564
CGTCACGTCCATTGGT-1,0.000022,0.114006,0.879705,0.006266
CGTCAGCTATTTACTC-1,0.000041,0.297845,0.000124,0.70199
CGTCAGTGCGCACAAG-1,0.00006,0.079982,0.039272,0.880686
CGTCAGTTTATCGTCT-1,0.000094,0.47984,0.005864,0.514201
CGTCGCATGTGAGCCA-1,0.00022,0.766283,0.000659,0.232838
CGTCGCGGCGGGATTT-1,0.000144,0.011977,0.000433,0.987445
CGTCGCTTGGTTATAC-1,0.000024,0.241384,0.70783,0.050762
CGTCGGATAGTGTTGA-1,0.000049,0.962076,0.000148,0.037726
CGTCGGGTCTAAGCGC-1,0.000081,0.289461,0.000244,0.710213
CGTCGTCCTTCGCGAA-1,0.000038,0.584608,0.075045,0.340309
CGTCTGGAAGGGCCCG-1,0.000169,0.181363,0.27568,0.542788
CGTGAAGTTAATTCAC-1,0.000028,0.109823,0.648531,0.241619
CGTGACATTGGGTCGT-1,0.000087,0.856598,0.070174,0.073141
CGTGACCAGTCCTCTG-1,0.000041,0.946524,0.000124,0.053311
CGTGCAGACTGGGACA-1,0.000076,0.752372,0.021703,0.22585
CGTGCATTGTCGACGC-1,0.000108,0.000108,0.045809,0.953975
CGTGCCCGACATTTGT-1,0.000054,0.561794,0.010153,0.428
CGTGCCCTCCCGAAGA-1,0.000054,0.898845,0.056696,0.044405
CGTGCTGGCCTAGTCG-1,0.00006,0.070786,0.000181,0.928973
CGTGCTTCTACCTAAA-1,0.000044,0.39034,0.514008,0.095608
CGTGGCCGAATATCTA-1,0.000078,0.855143,0.04006,0.104718
CGTGGTACCCAAAGGC-1,0.00003,0.970504,0.00009,0.029375
CGTGTCCCATTCGCGA-1,0.0001,0.259653,0.000299,0.739948
CGTGTCTCGTTACGAC-1,0.000071,0.55602,0.409165,0.034744
CGTTAATGTCCCGACG-1,0.000028,0.333554,0.612365,0.054053
CGTTAGCTCACAACTG-1,0.000046,0.867169,0.012211,0.120573
CGTTCAAGGAAACGGA-1,0.000126,0.862614,0.111784,0.025475
CGTTCAGACCCGCGAA-1,0.000025,0.695333,0.066596,0.238046
CGTTCATGGTGCGCGT-1,0.000051,0.017106,0.000152,0.982692
CGTTCTTCGCACACCT-1,0.000036,0.798427,0.140442,0.061095
CGTTGAATACCGCGCT-1,0.000035,0.700932,0.187942,0.11109
CGTTGAGCGACCGTCG-1,0.000056,0.534328,0.400273,0.065343
CGTTGAGTAATTGCGT-1,0.000025,0.947666,0.023154,0.029156
CGTTGCCCGCGTGGGA-1,0.000027,0.856275,0.141415,0.002283
CGTTGTAAACGTCAGG-1,0.00005,0.064247,0.00015,0.935553
CGTTGTAAGATTGATT-1,0.000042,0.524225,0.249074,0.226659
CGTTGTCGGCAATTGA-1,0.000034,0.785447,0.070375,0.144144
CGTTGTTTCAATTCCC-1,0.000101,0.003985,0.000302,0.995612
CGTTTAAGCGGAGCAC-1,0.000741,0.414655,0.056533,0.528071
CGTTTCACTTCGGGCG-1,0.000064,0.768935,0.134276,0.096724
CGTTTCGCTCATTACA-1,0.001783,0.189359,0.09022,0.718638
CGTTTGTGTAGAGGGT-1,0.000082,0.456833,0.438777,0.104308
CTAAACGGGTGTAATC-1,0.000019,0.034546,0.020734,0.9447
CTAAAGAATGCCTACT-1,0.00004,0.00004,0.00012,0.9998
CTAAAGGATGAGATAC-1,0.000144,0.572942,0.069644,0.35727
CTAAAGGGAAATAGGA-1,0.000025,0.346789,0.228684,0.424502
CTAAAGTCCGAAGCTA-1,0.000184,0.0541,0.200886,0.74483
CTAAATCCGGTGTACA-1,0.000047,0.692238,0.25707,0.050645
CTAAATCCTATTCCGG-1,0.000033,0.847908,0.0644,0.08766
CTAACCGCGCGCCCGT-1,0.000084,0.01026,0.042487,0.947169
CTAACGAAACTTGCTG-1,0.000038,0.829154,0.041476,0.129332
CTAACTGGTCCGGTTC-1,0.000522,0.352543,0.221475,0.42546
CTAAGGGAATGATTGG-1,0.000041,0.669308,0.277629,0.053022
CTAAGTACAGGGCTAC-1,0.000094,0.337875,0.448841,0.213191
CTAATTCGCACGCGCT-1,0.000068,0.000068,0.000204,0.999661
CTAATTCTCAGATATT-1,0.000053,0.980679,0.008823,0.010445
CTAATTTCAACAACAC-1,0.000053,0.000053,0.000159,0.999736
CTACAAGAAATAACCC-1,0.000034,0.568316,0.316949,0.114701
CTACACTAGCTTGTTC-1,0.000068,0.026855,0.035228,0.937849
CTACCCTAAGGTCATA-1,0.00005,0.909265,0.090483,0.000201
CTACGAACTAGGTCGA-1,0.000027,0.573734,0.327989,0.098251
CTACGACTAGCTATAA-1,0.000048,0.000048,0.000143,0.999761
CTACGCACGGAGTACC-1,0.000029,0.207451,0.571516,0.221004
CTACGCCATTTCCGAT-1,0.000143,0.597422,0.31297,0.089466
CTACGTGTTGCCACCA-1,0.000123,0.002915,0.000368,0.996594
CTACTATCATAGGTTT-1,0.091545,0.598263,0.003666,0.306526
CTACTATCTTTCAGAG-1,0.000072,0.999425,0.000216,0.000288
CTACTCAAGGTATAGT-1,0.000025,0.350519,0.56665,0.082805
CTACTCTAGGCCCGGC-1,0.000075,0.000075,0.000224,0.999627
CTACTGCCACCTGACC-1,0.000034,0.37508,0.550066,0.07482
CTAGACATATATGTAG-1,0.00002,0.659485,0.270211,0.070284
CTAGACTGCATTTCGT-1,0.000065,0.937498,0.000194,0.062244
CTAGATAAACTCCTCG-1,0.033919,0.012777,0.011995,0.941309
CTAGATGTGAGTGTAA-1,0.000032,0.992756,0.000095,0.007118
CTAGATTTACGACGGC-1,0.00005,0.868469,0.092391,0.03909
CTAGCAACTAATTTAC-1,0.000023,0.02214,0.035593,0.942245
CTAGCATAGTATAATG-1,0.000041,0.516214,0.323683,0.160061
CTAGCCGATGTTATGA-1,0.00004,0.894291,0.000119,0.105551
CTAGGCGCCCTATCAG-1,0.000044,0.603916,0.248548,0.147492
CTAGGCGGCAGAGAAT-1,0.000032,0.014778,0.125726,0.859465
CTAGGGATAGGGACAA-1,0.000027,0.756294,0.113907,0.129772
CTAGGTCTGAAGGAAT-1,0.000045,0.852284,0.000589,0.147082
CTAGGTTCGGACGTGA-1,0.000036,0.603139,0.354185,0.042641
CTAGTAGAAAGGGATT-1,0.000102,0.523097,0.068207,0.408594
CTAGTATTCGGAATTA-1,0.000094,0.540832,0.246099,0.212975
CTAGTCACGTCTTAAG-1,0.000036,0.532021,0.40254,0.065403
CTAGTGAAGGACAGGA-1,0.000043,0.000043,0.029966,0.969949
CTAGTTACAACCCGGT-1,0.000026,0.599538,0.361584,0.038852
CTAGTTGGGCCCGGTA-1,0.000027,0.497327,0.414657,0.087988
CTATAAGAGCCAATCG-1,0.000042,0.962852,0.000126,0.03698
CTATAGGCGTTGATGT-1,0.000024,0.452895,0.545522,0.001558
CTATATCCAGCCTGGC-1,0.000032,0.699942,0.186538,0.113488
CTATCGACGAAATACA-1,0.000057,0.616079,0.305221,0.078644
CTATCGGGTCTCAACA-1,0.00004,0.576545,0.317676,0.105739
CTATGCCCGAATGCAA-1,0.000033,0.929065,0.0001,0.070801
CTATGTCACTAGCCCA-1,0.00004,0.609202,0.226731,0.164027
CTATGTCTATTGAAAC-1,0.000277,0.157025,0.05013,0.792568
CTATGTGAGTCACGGC-1,0.000057,0.007917,0.029514,0.962512
CTATTCATGTGTCCCA-1,0.000058,0.935397,0.002336,0.062209
CTATTGTGTTTGGTCA-1,0.000044,0.933688,0.06609,0.000178
CTATTTGCTTGGAGGA-1,0.000035,0.611586,0.038553,0.349827
CTATTTGGTTACGGAT-1,0.000075,0.980645,0.000225,0.019055
CTCAAACCACTGCCCG-1,0.000031,0.837551,0.131566,0.030853
CTCAAGACATTAGCGC-1,0.000041,0.958234,0.000124,0.0416
CTCACATTTACTAAAT-1,0.000023,0.616895,0.205423,0.177659
CTCACTGTGATACTTA-1,0.019939,0.736184,0.000204,0.243673
CTCACTTGGCTGGTAA-1,0.000074,0.000074,0.000223,0.999628
CTCAGAGCTAATGTCG-1,0.000051,0.981299,0.000152,0.018499
CTCAGGACTCACCTGT-1,0.00005,0.00005,0.052158,0.947741
CTCAGTCACGACAAAT-1,0.00004,0.859124,0.000121,0.140714
CTCATGGCTCACAATC-1,0.000404,0.549289,0.044458,0.405849
CTCATGGTAATTTGCG-1,0.000322,0.000322,0.775408,0.223947
CTCATTGCTCTAACAA-1,0.000039,0.645424,0.002844,0.351693
CTCATTTGATGGGCGG-1,0.000045,0.227,0.628386,0.144569
CTCCCTCCTTTCGATC-1,0.000145,0.128638,0.000434,0.870784
CTCCGCCCACATGAGG-1,0.000082,0.197372,0.06646,0.736086
CTCCGGCCTAATATGC-1,0.00015,0.205015,0.09826,0.696574
CTCCGGCTTGTAGACA-1,0.100159,0.001183,0.158644,0.740014
CTCCTAAGTTATGTCT-1,0.020685,0.000094,0.071539,0.907681
CTCCTCCAGCTCACAC-1,0.000039,0.915597,0.000118,0.084246
CTCCTTTACGCAAGTC-1,0.00003,0.411261,0.141533,0.447176
CTCGAATGGAACGTAT-1,0.000018,0.239021,0.680957,0.080004
CTCGAGATCCAAAGCA-1,0.000046,0.194599,0.000138,0.805217
CTCGAGGCAAGTTTCA-1,0.000201,0.584471,0.10974,0.305588
CTCGAGGTCGAACAGT-1,0.015627,0.069379,0.674456,0.240538
CTCGATATTTGCGAGC-1,0.000062,0.9656,0.000187,0.03415
CTCGCACCTATATAGT-1,0.000025,0.148194,0.78571,0.066071
CTCGCCGAATGTAGGG-1,0.000021,0.447575,0.552318,0.000085
CTCGGGTTCTCTGGCC-1,0.000035,0.43151,0.513806,0.054648
CTCGGTACCACTGCTC-1,0.000048,0.966976,0.01965,0.013327
CTCGGTCCGTAGCCTG-1,0.000049,0.000049,0.253397,0.746505
CTCGGTTGTCGGCCCT-1,0.000635,0.464035,0.175109,0.360221
CTCGTCGAGGGCTCAT-1,0.000046,0.162331,0.639765,0.197857
CTCGTGGCACTGAAAG-1,0.000066,0.850258,0.000197,0.149479
CTCGTTACGGCTACCA-1,0.000052,0.870162,0.051531,0.078254
CTCGTTTCTAATGTTT-1,0.000079,0.999366,0.000238,0.000317
CTCTAATGCATTGATC-1,0.000038,0.74593,0.083067,0.170965
CTCTACACTGGCGATT-1,0.000045,0.000045,0.580302,0.419609
CTCTACATCCTGCGTG-1,0.000068,0.645656,0.228564,0.125712
CTCTATTTGGCTGCAG-1,0.000057,0.921396,0.008045,0.070503
CTCTCACAATCGATGA-1,0.00004,0.429711,0.333949,0.236299
CTCTCGATGTGCGCCT-1,0.000045,0.352378,0.041261,0.606317
CTCTCTAACTGCCTAG-1,0.001685,0.210791,0.005055,0.78247
CTCTGCGAAGCAAGCA-1,0.003294,0.189739,0.051826,0.755141
CTCTGGACGCCTGGTG-1,0.000026,0.312054,0.557566,0.130354
CTCTGTGCCTGCTATG-1,0.061594,0.230536,0.058424,0.649447
CTCTGTTTGAGGATTC-1,0.000228,0.595985,0.163338,0.240448
CTCTTCTATTGACTGG-1,0.000065,0.889796,0.052015,0.058124
CTCTTCTGGAAGTTAG-1,0.000042,0.896559,0.029265,0.074134
CTCTTGTCCCGCTTGG-1,0.000083,0.885391,0.02392,0.090605
CTGAAAGAGATCCGAC-1,0.000036,0.471127,0.344056,0.184782
CTGAATCCGAGACCTC-1,0.000034,0.491987,0.380343,0.127636
CTGAATTTATTGCCAG-1,0.000055,0.816713,0.167982,0.01525
CTGACTGCGCAGCTCG-1,0.000031,0.998215,0.000094,0.001659
CTGAGCAAGTAACAAG-1,0.000085,0.209123,0.043158,0.747634
CTGATAGTGTATCTCA-1,0.000084,0.02878,0.037444,0.933693
CTGATCCCTTTATGCA-1,0.000092,0.831474,0.091063,0.077372
CTGCACAACTACATAT-1,0.000026,0.798492,0.20138,0.000102
CTGCACCTGGAACCGC-1,0.072826,0.000056,0.000167,0.926951
CTGCACTCCAGTACAG-1,0.000032,0.735721,0.256634,0.007613
CTGCAGGTGCTCGGCC-1,0.000064,0.548928,0.215029,0.235978
CTGCCAAGGTTGGAAG-1,0.000041,0.717273,0.151794,0.130892
CTGCCATGCATCACAT-1,0.000057,0.536166,0.290973,0.172803
CTGCCTAGCCACCAAG-1,0.000065,0.43974,0.245806,0.314389
CTGCCTTTAATACCTT-1,0.000068,0.528515,0.333555,0.137862
CTGCGATTTCGAGATT-1,0.000055,0.921771,0.005221,0.072954
CTGCGGGTGAAATGTT-1,0.000067,0.090265,0.094123,0.815545
CTGCGGTAGTCACGTG-1,0.000076,0.970768,0.000228,0.028927
CTGCGTTACGATATAA-1,0.000039,0.778166,0.106151,0.115645
CTGCTCTGACGGCAAA-1,0.000041,0.510047,0.177515,0.312396
CTGCTGAGGCCACGAA-1,0.03231,0.307964,0.207362,0.452365
CTGCTTGGCGATAGCT-1,0.000059,0.937387,0.000178,0.062375
CTGCTTTATGTCCGCG-1,0.000024,0.598005,0.281608,0.120364
CTGGAAATGGATGCTT-1,0.000068,0.316091,0.069479,0.614362
CTGGAAGACACGGTGG-1,0.000034,0.577108,0.13898,0.283878
CTGGACGCAGTCCGGC-1,0.000025,0.363417,0.112414,0.524144
CTGGATTTACACTTGA-1,0.000033,0.316191,0.456368,0.227408
CTGGCATCCGAATGAG-1,0.000092,0.081347,0.029005,0.889556
CTGGCGACATAAGTCC-1,0.00007,0.77835,0.137746,0.083834
CTGGCGCACAGGTCTG-1,0.000034,0.947837,0.051992,0.000136
CTGGCTCCTGCGGGAT-1,0.000103,0.000103,0.00031,0.999483
CTGGCTGATTCATCCT-1,0.000048,0.671217,0.126877,0.201858
CTGGCTGCTAACGTAA-1,0.000043,0.007929,0.000128,0.9919
CTGGCTGGTTGTCAGT-1,0.00007,0.951663,0.00021,0.048058
CTGGGATAAATAATGG-1,0.000038,0.916842,0.041039,0.04208
CTGGGATCGCCCAGAT-1,0.000056,0.422397,0.146391,0.431157
CTGGGCCTGCTATATC-1,0.00011,0.00011,0.024396,0.975384
CTGGGCTATCCTTTGG-1,0.000034,0.371006,0.53553,0.09343
CTGGGTAGGCAGTTAA-1,0.00005,0.918231,0.02331,0.058408
CTGGGTTGAGTTAAAG-1,0.000016,0.7565,0.027431,0.216053
CTGGTAACACATAGAA-1,0.000041,0.801435,0.055254,0.143271
CTGGTAACGAGCTCTT-1,0.000032,0.922925,0.076913,0.00013
CTGGTCATTCCAATCC-1,0.000186,0.028145,0.043969,0.9277
CTGGTCCTAACTTGGC-1,0.000562,0.699583,0.130706,0.169149
CTGGTTCAACGCATCA-1,0.005826,0.000058,0.005782,0.988334
CTGGTTTCGAGCAAGA-1,0.000052,0.750502,0.120499,0.128947
CTGTACTTCTTAGCAT-1,0.000126,0.264254,0.184603,0.551018
CTGTAGCCATCTCACT-1,0.000054,0.287685,0.187204,0.525057
CTGTAGTGAGGATCGA-1,0.000041,0.99967,0.000124,0.000165
CTGTATGGTGTAGAAA-1,0.518789,0.000037,0.000112,0.481061
CTGTCAAATGGCTCGG-1,0.000052,0.785096,0.061384,0.153468
CTGTCACGCCAGGCGC-1,0.00006,0.978801,0.000181,0.020957
CTGTGCAGGGTAGGTC-1,0.003669,0.704648,0.060539,0.231145
CTGTGGTCGGGAGATA-1,0.000088,0.794735,0.000263,0.204914
CTGTTACCCAATCTAG-1,0.000044,0.601574,0.226567,0.171815
CTGTTCACTGCCTGTG-1,0.000072,0.068267,0.12714,0.804521
CTGTTCATCTCACGGG-1,0.066145,0.000049,0.000147,0.933659
CTTAAATAAGACCCAT-1,0.067352,0.303178,0.058825,0.570645
CTTAACTTCGAAGTAC-1,0.000666,0.46439,0.001998,0.532946
CTTAATCGACTTAGTA-1,0.000115,0.500112,0.090255,0.409517
CTTACACGGTATTCCA-1,0.000089,0.021073,0.075973,0.902865
CTTACACTGGGAAATA-1,0.000076,0.201278,0.012167,0.786479
CTTAGCCCGGATAGTG-1,0.000111,0.000111,0.035832,0.963946
CTTAGCCTTCCACATG-1,0.000056,0.583158,0.309706,0.10708
CTTAGTAGGCCTACAG-1,0.000028,0.911937,0.000083,0.087952
CTTAGTGTAGTAGCAT-1,0.000057,0.291519,0.577959,0.130465
CTTAGTTGAGGAATCG-1,0.000048,0.945789,0.000144,0.054018
CTTATGCGCTCAGGGC-1,0.000041,0.000041,0.000122,0.999796
CTTATGTTGACTACCA-1,0.000089,0.000089,0.000266,0.999556
CTTCAACTCCACTTGG-1,0.000031,0.18265,0.454903,0.362416
CTTCAGTGGTCGCCTA-1,0.000049,0.043028,0.105977,0.850946
CTTCATAGCTCAAGAA-1,0.000027,0.000027,0.000082,0.999864
CTTCATTGTCAGTGGA-1,0.000032,0.318162,0.619678,0.062127
CTTCCGCTCCGTGAAG-1,0.000045,0.579469,0.396578,0.023907
CTTCCTGCATATTTAC-1,0.000097,0.000097,0.923158,0.076647
CTTCGTAGATAGGTGA-1,0.00008,0.184552,0.141384,0.673984
CTTCGTGCCCGCATCG-1,0.046857,0.064669,0.10334,0.785134
CTTCTATGTTGAAGTA-1,0.000658,0.228316,0.001974,0.769052
CTTCTATTAATGCTAG-1,0.000062,0.406844,0.50557,0.087523
CTTCTGGGCGTACCTA-1,0.000043,0.849799,0.032407,0.117751
CTTCTTACGTCGTATA-1,0.000919,0.512581,0.002757,0.483743
CTTGACCCGAAAGATA-1,0.001039,0.44712,0.079417,0.472423
CTTGAGGTTATCCCGA-1,0.000993,0.000993,0.002979,0.995036
CTTGAGTTAGGGTAAT-1,0.000055,0.843551,0.032289,0.124106
CTTGCAACCGCCTCCT-1,0.018635,0.000087,0.000262,0.981016
CTTGCCCAGGCTCTAC-1,0.000042,0.5721,0.296271,0.131587
CTTGGCCAAGCTGGGA-1,0.000041,0.994102,0.000124,0.005733
CTTGTACTTGTTGACT-1,0.070581,0.102773,0.185747,0.640899
CTTGTCAACATTCGAG-1,0.000037,0.770677,0.186416,0.04287
CTTGTCGTACGTGTCA-1,0.000019,0.000019,0.197639,0.802324
CTTGTGAGGACAGCGG-1,0.003176,0.003177,0.313657,0.679989
CTTGTGAGTCTTTGAC-1,0.053033,0.000066,0.000873,0.946028
CTTGTGCTCACCGATT-1,0.000084,0.940606,0.000252,0.059059
CTTGTTGCTGAGTCAA-1,0.000049,0.794283,0.122036,0.083632
CTTGTTTATGTAGCCA-1,0.020721,0.045176,0.004995,0.929108
CTTTAACTTTCAAAGG-1,0.000036,0.62237,0.271067,0.106527
CTTTAATATTGGTCGA-1,0.000052,0.987282,0.000155,0.012511
CTTTACCGAATAGTAG-1,0.000033,0.352887,0.154867,0.492213
CTTTAGGAACACTGTT-1,0.000046,0.961298,0.000137,0.038519
CTTTAGTGCTATTATT-1,0.000032,0.312506,0.53694,0.150522
CTTTATCCGACGCATG-1,0.000047,0.612168,0.017398,0.370387
CTTTCTGTGCGGGCTT-1,0.00005,0.79945,0.000149,0.200351
CTTTGGCGCTTTATAC-1,0.000082,0.096307,0.016242,0.887369
CTTTGGCTTTAGTAAA-1,0.000113,0.081214,0.000339,0.918333
CTTTGGGATTGTTGCA-1,0.000052,0.957057,0.013633,0.029258
GAAACAGATGACCACC-1,0.000033,0.896942,0.073987,0.029038
GAAACAGCCATGCAGT-1,0.29029,0.535491,0.002508,0.171711
GAAACATAGGAAACAG-1,0.000475,0.095212,0.001426,0.902887
GAAACCATGGTGCGCT-1,0.000021,0.323329,0.653628,0.023022
GAAACCGAATTACCTT-1,0.000031,0.326951,0.590874,0.082145
GAAACCTATACAAATG-1,0.000029,0.939445,0.028711,0.031815
GAAACTCGTGCGATGC-1,0.000056,0.053539,0.064896,0.881509
GAAACTCTAATGAAGG-1,0.00008,0.412431,0.474742,0.112747
GAAAGAACAGCGTTAT-1,0.00003,0.808202,0.003867,0.187902
GAAAGCAGTGCACTTT-1,0.000041,0.923358,0.063723,0.012877
GAAAGCCCTTTGGACC-1,0.000066,0.005646,0.066905,0.927383
GAAAGTGACTAACTGC-1,0.000085,0.000085,0.000254,0.999577
GAAATACCTGCTGGCT-1,0.000039,0.640736,0.277725,0.0815
GAAATATCACCATCAG-1,0.000055,0.000055,0.000165,0.999724
GAAATATGCTTGAATG-1,0.000009,0.381671,0.520414,0.097906
GAAATCGCGCGCAACT-1,0.000023,0.314408,0.609776,0.075794
GAAATGGCGGTGTTAG-1,0.045065,0.304769,0.025452,0.624714
GAAATGGGATGTAAAC-1,0.000573,0.000573,0.00172,0.997134
GAAATTAGCACGGATA-1,0.000043,0.892786,0.00013,0.107041
GAAATTCACATCGCTG-1,0.000053,0.08559,0.011508,0.902849
GAAATTGTCTCTATAA-1,0.000031,0.279226,0.407414,0.313328
GAACACACATCAACCA-1,0.000058,0.083313,0.029691,0.886938
GAACAGATTACTAAAT-1,0.000036,0.791169,0.113122,0.095673
GAACCATCTGGGAGAC-1,0.000247,0.217212,0.000741,0.7818
GAACCCTCTGTGTTCT-1,0.000044,0.710002,0.230352,0.059602
GAACCTTTAACGATCC-1,0.000073,0.652596,0.030972,0.316359
GAACGACCGAATGATA-1,0.038934,0.150387,0.450409,0.36027
GAACGGTGTAAAGCAG-1,0.000013,0.163563,0.814233,0.02219
GAACGTCTCATGGTCG-1,0.000041,0.854029,0.063998,0.081932
GAACGTTAGGAAGACG-1,0.000072,0.038349,0.073126,0.888453
GAACTGTGGAGAGACA-1,0.000039,0.836097,0.032966,0.130898
GAACTTAGCGCCCGGT-1,0.000031,0.122296,0.758352,0.119321
GAAGAAACGATATTGT-1,0.000019,0.186714,0.631097,0.18217
GAAGAACGGTGCAGGT-1,0.000031,0.071818,0.007341,0.920809
GAAGACTTCAATGCCG-1,0.01209,0.362279,0.066656,0.558974
GAAGCAAGGCAATGTT-1,0.022468,0.203724,0.045102,0.728706
GAAGCCACTGATTATG-1,0.000025,0.652498,0.121591,0.225886
GAAGCCTGCACATTCC-1,0.000029,0.644794,0.262349,0.092827
GAAGCGTGAGGAATTT-1,0.000043,0.444684,0.318179,0.237093
GAAGCTCGGACCCGTC-1,0.000051,0.136992,0.027933,0.835024
GAAGCTTGCTGACCGC-1,0.000107,0.000107,0.00032,0.999466
GAAGGACTAAATTGAA-1,0.000052,0.077391,0.031501,0.891056
GAAGGAGTCGAGTGCG-1,0.000023,0.956088,0.009054,0.034835
GAAGGGCATAACCATG-1,0.000092,0.180013,0.325635,0.494261
GAAGTCAGTTGCACTA-1,0.000046,0.874892,0.089186,0.035875
GAAGTCTCCCTAGCGA-1,0.000034,0.73129,0.145441,0.123236
GAAGTGATTTATCGTG-1,0.000068,0.121573,0.077421,0.800938
GAAGTGCTGGATAGCT-1,0.000695,0.368282,0.184266,0.446758
GAAGTTTCCACTCAAT-1,0.000056,0.130085,0.036477,0.833382
GAATAGACGCGACCCA-1,0.000035,0.742563,0.12981,0.127593
GAATAGCCCTGCGGTC-1,0.000014,0.591958,0.000041,0.407987
GAATAGTGCTCGATTA-1,0.000041,0.710106,0.245057,0.044797
GAATATTCGGAGTCCC-1,0.000039,0.125384,0.808428,0.066149
GAATCGACATGGTCAC-1,0.000055,0.02151,0.000165,0.978269
GAATCGCCGGACACGG-1,0.000041,0.09526,0.000124,0.904575
GAATCTATACTCGGAC-1,0.000022,0.484939,0.405798,0.109242
GAATCTGAACATTCTC-1,0.000026,0.47469,0.45833,0.066953
GAATGCCGAAATGACC-1,0.019934,0.062492,0.164643,0.752931
GAATGCGAATCGGTTC-1,0.000022,0.825546,0.038601,0.135831
GAATGTATGGCAGGTC-1,0.000048,0.891216,0.000145,0.108591
GAATGTGGTCCGGATT-1,0.000048,0.999613,0.000145,0.000193
GAATGTTGGGTAATCT-1,0.000039,0.434453,0.411947,0.153561
GAATTATAGTGAAAGG-1,0.000029,0.558871,0.380812,0.060288
GAATTCACCCGGGTGT-1,0.000021,0.622598,0.350729,0.026651
GAATTTCTCGCTGCAG-1,0.00009,0.00009,0.000271,0.999548
GACAAACATATGCAGG-1,0.000026,0.694194,0.180036,0.125744
GACAACGACCATTGAA-1,0.000027,0.469142,0.495639,0.035193
GACAACGCAGCTTACG-1,0.000053,0.079586,0.054649,0.865712
GACACAAGGGAAGAAA-1,0.000031,0.6393,0.282275,0.078394
GACACCCAAAGACGCG-1,0.000053,0.80968,0.033778,0.156488
GACACGAGTTAGAGGA-1,0.056783,0.000102,0.139012,0.804103
GACACTGAGTTCAGTG-1,0.000194,0.350976,0.312812,0.336018
GACAGCCAGACCTGAC-1,0.000042,0.940785,0.000125,0.059047
GACAGGCACACACTAT-1,0.000059,0.000059,0.016141,0.983742
GACATACTGTCGCAGA-1,0.00002,0.305577,0.278852,0.415551
GACATCCGTCGAACTG-1,0.000023,0.49208,0.203089,0.304808
GACATCGATTTATAAC-1,0.000037,0.710691,0.214428,0.074844
GACCAGAGCCCTGTAG-1,0.000065,0.230883,0.046547,0.722505
GACCAGGTCATTCATA-1,0.000018,0.544694,0.267624,0.187665
GACCCAATTATGATAC-1,0.000069,0.096498,0.000208,0.903224
GACCCGTCGCCGGCTA-1,0.000783,0.276591,0.002349,0.720277
GACCGACCGCTAATAT-1,0.000015,0.312727,0.243685,0.443572
GACCGACTGAAGCGTC-1,0.042547,0.000023,0.00007,0.95736
GACCGTCAGGTCGTGA-1,0.000061,0.622635,0.330799,0.046505
GACCGTGCTGACGGTG-1,0.000078,0.319189,0.38898,0.291754
GACCTTCCACGTCTAC-1,0.00007,0.609753,0.1153,0.274877
GACGACGATCCGCGTT-1,0.000035,0.739071,0.200858,0.060035
GACGACTTTCCAAGAA-1,0.000065,0.324083,0.210945,0.464908
GACGATATCACTGGGT-1,0.00007,0.968186,0.000211,0.031532
GACGCCGTAAAGGCTA-1,0.000042,0.945074,0.039757,0.015127
GACGCCTGTTGCAGGG-1,0.317427,0.000037,0.003625,0.678912
GACGCTTGCTTCTAAA-1,0.000078,0.032485,0.108242,0.859195
GACGGACCGCGTTCCT-1,0.000039,0.035292,0.469088,0.495581
GACGGGATGTCTTATG-1,0.000043,0.002185,0.088443,0.90933
GACGGGTTGGCCCGTA-1,0.000056,0.964728,0.000168,0.035049
GACGGTCAATAGAAGC-1,0.000026,0.797604,0.001945,0.200426
GACGTGAGACTCCATG-1,0.000075,0.000075,0.035758,0.964092
GACGTGTAGGGATTAT-1,0.000401,0.000401,0.001204,0.997993
GACGTTCGTAAATACA-1,0.000048,0.611347,0.260623,0.127982
GACTAACACAGCACCT-1,0.000031,0.887681,0.005982,0.106306
GACTAAGATCATGCAC-1,0.000032,0.006976,0.699056,0.293935
GACTAAGTAGGCTCAC-1,0.000082,0.092135,0.000245,0.907538
GACTACAAAGCGGTGG-1,0.000022,0.000022,0.000066,0.99989
GACTACAATTGCTCGT-1,0.000038,0.438364,0.441217,0.120382
GACTCACCCACGTGAG-1,0.000039,0.506633,0.421931,0.071397
GACTCCCAGAATAAGG-1,0.00003,0.522584,0.412215,0.065171
GACTCGCGGGAATGAC-1,0.000044,0.9961,0.000131,0.003725
GACTCGGTCGGCGGAT-1,0.000019,0.824084,0.088023,0.087874
GACTCTAGAGTTCCAA-1,0.000035,0.895144,0.038873,0.065948
GACTGATTGGTCACAA-1,0.000025,0.845452,0.065071,0.089452
GACTGCAAATCGAGCT-1,0.000022,0.686167,0.313724,0.000087
GACTGCACCAGCCCAG-1,0.000082,0.842344,0.105032,0.052542
GACTGCTGGTGAGAAA-1,0.000021,0.605878,0.261472,0.132628
GACTGGGCGCCGCAAC-1,0.00002,0.932979,0.00006,0.066941
GAGACTGATGGGTAGA-1,0.00007,0.345991,0.22291,0.43103
GAGACTTCGCGACCGA-1,0.000048,0.927039,0.008834,0.064079
GAGAGGGCGCGAGGTT-1,0.000062,0.118021,0.000187,0.88173
GAGAGGTGCATTCTGG-1,0.000049,0.000049,0.011267,0.988634
GAGAGTCTCGGGAGAG-1,0.00004,0.776713,0.122884,0.100363
GAGATCTGCTTGGCAT-1,0.26996,0.09328,0.206262,0.430498
GAGATCTGTCACTCCG-1,0.000033,0.252285,0.106483,0.641199
GAGATCTTCCATGACA-1,0.000045,0.96039,0.030143,0.009421
GAGATGGGAGTCGACA-1,0.000045,0.97388,0.000134,0.025942
GAGCACCTGTGTCCAG-1,0.000034,0.628307,0.146746,0.224913
GAGCATCAACAACTTG-1,0.000033,0.623633,0.238795,0.137539
GAGCATCATCCCTGGG-1,0.000038,0.02249,0.212444,0.765028
GAGCCACGGTAGTAGG-1,0.000073,0.108616,0.00022,0.891091
GAGCCAGCTACCTGTG-1,0.00005,0.616308,0.285495,0.098148
GAGCCGAGCGTTTATT-1,0.000031,0.764698,0.130977,0.104294
GAGCGAGGGAGTACCG-1,0.000164,0.300932,0.060769,0.638136
GAGCGCGCACGAGTAG-1,0.00005,0.872748,0.009308,0.117895
GAGCGCTATGTCAGGC-1,0.000065,0.109843,0.174189,0.715903
GAGCGCTGTTAGGTAA-1,0.00013,0.314939,0.317442,0.367489
GAGCGGAATGCGGTGT-1,0.000161,0.982786,0.016409,0.000644
GAGCTAAGGGCATATC-1,0.000042,0.832036,0.14395,0.023973
GAGCTCTCGGACCTAA-1,0.000073,0.000073,0.000219,0.999635
GAGCTGTCGTCTCGGA-1,0.000036,0.841479,0.123889,0.034597
GAGGAATATCTCTTTG-1,0.000099,0.722997,0.160101,0.116803
GAGGAATGGAGAGGTT-1,0.00013,0.00013,0.000389,0.999351
GAGGAGATCCTCATGC-1,0.00003,0.467905,0.137283,0.394782
GAGGAGTAATTCCTAC-1,0.030736,0.194062,0.15191,0.623291
GAGGCCCGACTCCGCA-1,0.000967,0.511033,0.108342,0.379658
GAGGCTATCAAAGTCG-1,0.000084,0.000084,0.000251,0.999581
GAGGGAGTCAGATCGC-1,0.000046,0.966673,0.000139,0.033142
GAGGGCATCGCGTATC-1,0.329515,0.00005,0.00015,0.670285
GAGGGCGCAGCTCTGC-1,0.000056,0.846182,0.043904,0.109857
GAGGGTAGTAACAAAG-1,0.000034,0.531448,0.37114,0.097377
GAGGTACATCCATCTT-1,0.000089,0.153005,0.544338,0.302568
GAGGTACGCGTGTCCC-1,0.000036,0.833304,0.018998,0.147663
GAGGTCCCAAAGATCT-1,0.00005,0.072299,0.008037,0.919614
GAGGTCTTAGTGGGTC-1,0.000031,0.759693,0.000092,0.240183
GAGTAAGGCCACGGGA-1,0.000042,0.005523,0.026805,0.96763
GAGTACGGGTATACAA-1,0.000087,0.058327,0.000261,0.941324
GAGTAGATACTAGTTG-1,0.000023,0.575366,0.386537,0.038074
GAGTATACCCTAATCA-1,0.00003,0.801484,0.183859,0.014627
GAGTATGCCCGCCTTG-1,0.000022,0.037337,0.880721,0.08192
GAGTATGCGCGTGCAT-1,0.000025,0.838654,0.008986,0.152335
GAGTCAGACCAGAATC-1,0.000033,0.669367,0.097833,0.232767
GAGTCCGCTTACCGGA-1,0.000038,0.570201,0.359107,0.070654
GAGTCGACAGACCCTC-1,0.00003,0.021898,0.296289,0.681783
GAGTGTCAACCAGAAA-1,0.000229,0.755175,0.116703,0.127893
GAGTGTGCGGTACCCA-1,0.000033,0.73386,0.265974,0.000133
GAGTTGATGGCAATTT-1,0.000045,0.065317,0.001685,0.932953
GATAAATCGGTGGATG-1,0.000061,0.069629,0.048661,0.881649
GATAACTCGCACTGTG-1,0.000034,0.987281,0.000101,0.012585
GATAAGGCAGATGCAA-1,0.000071,0.000071,0.029313,0.970544
GATACGATGGGAGTCA-1,0.000058,0.112719,0.846854,0.040369
GATAGAACCCGCTAGG-1,0.000032,0.926263,0.02776,0.045946
GATAGGTAACGTTGAC-1,0.000025,0.516545,0.379891,0.10354
GATAGTGCGAGTAAGT-1,0.000028,0.999776,0.000084,0.000112
GATATCAGTATGTATC-1,0.000604,0.318477,0.179351,0.501568
GATATCTCATGCAATA-1,0.000234,0.179382,0.037089,0.783295
GATATGAGACACTAAC-1,0.000041,0.954637,0.000122,0.0452
GATATGCGGTAGCCAA-1,0.000359,0.837622,0.001076,0.160943
GATATGGATTACGCGG-1,0.000064,0.018078,0.011367,0.970492
GATATTGAGATTGGCG-1,0.000033,0.945762,0.054074,0.000132
GATATTTCCTACATGG-1,0.000048,0.72172,0.029575,0.248657
GATCAACATAAAGGGA-1,0.000028,0.749291,0.138831,0.111849
GATCATTCCAAACATT-1,0.000051,0.388544,0.122187,0.489217
GATCCCTTTATACTGC-1,0.000061,0.596243,0.094142,0.309554
GATCCGGGAATTAACA-1,0.000033,0.738197,0.10971,0.15206
GATCCTAAATCGGGAC-1,0.00004,0.895078,0.071327,0.033555
GATCCTCGACACTGGC-1,0.000403,0.000403,0.419742,0.579452
GATCCTCTTGCGCTTA-1,0.000088,0.841715,0.09941,0.058787
GATCGACACTATCTGA-1,0.000071,0.19247,0.045725,0.761733
GATCGCGGGCTCTCCA-1,0.006387,0.432253,0.052386,0.508975
GATCGCTACCCGATTT-1,0.00004,0.403475,0.553606,0.042879
GATCGCTATATCTCAG-1,0.000035,0.213923,0.613232,0.17281
GATCGGATAGAACCAT-1,0.000013,0.000013,0.000038,0.999937
GATCGGCGATAAGTCG-1,0.000038,0.094861,0.00487,0.900231
GATCGGTGGCCATAAC-1,0.00003,0.658289,0.161436,0.180245
GATCGTGACTGATATC-1,0.000029,0.656792,0.330285,0.012895
GATCTGCTATCTAAGG-1,0.000037,0.918693,0.075403,0.005867
GATCTTCATTGTCCTC-1,0.000032,0.186828,0.442063,0.371077
GATCTTGGAGGGCATA-1,0.000036,0.694011,0.231935,0.074017
GATCTTTGCAGGGTAT-1,0.000105,0.032801,0.000315,0.966779
GATGACAAGTAGGGCA-1,0.000034,0.38267,0.569237,0.048059
GATGACGATGATCGCG-1,0.000039,0.577662,0.18259,0.239709
GATGATTTGAAACTGG-1,0.03032,0.075313,0.100022,0.794344
GATGCCAGCAGAAGGC-1,0.005129,0.137009,0.19919,0.658672
GATGCCTTCTGCGGCA-1,0.000235,0.210584,0.06629,0.722891
GATGCGAATGGTATTA-1,0.000056,0.116638,0.048283,0.835024
GATGCGTCCTGCATTC-1,0.000032,0.328995,0.576447,0.094526
GATGCTACAAGCGCCT-1,0.000086,0.081484,0.011167,0.907262
GATGCTACCTTCGATG-1,0.000038,0.828874,0.000354,0.170734
GATGCTGTATTTCATC-1,0.00007,0.791779,0.047939,0.160213
GATGGCGCACACATTA-1,0.025631,0.000061,0.000182,0.974127
GATGGTGCCCTAGGCA-1,0.000101,0.5477,0.328081,0.124118
GATGTAACGAACCACC-1,0.000055,0.083038,0.000166,0.91674
GATGTCCGGATCACAT-1,0.000039,0.000039,0.087321,0.9126
GATGTCGGTCAACTGC-1,0.000027,0.156299,0.839069,0.004606
GATGTGTTGTCACAAG-1,0.000093,0.388938,0.610598,0.000372
GATGTTCAATCCACGA-1,0.000836,0.084993,0.108993,0.805179
GATGTTTGTGCGAGAT-1,0.000053,0.000053,0.00016,0.999733
GATTAACCGAAAGCCC-1,0.000068,0.677043,0.000203,0.322686
GATTAATCCTGGCTCA-1,0.000065,0.027664,0.074704,0.897567
GATTACTGAATTTGGG-1,0.000075,0.153462,0.017466,0.828997
GATTAGAAACAAGCGT-1,0.000033,0.894037,0.009248,0.096682
GATTCCCTTGTCGCAG-1,0.000029,0.398071,0.526704,0.075196
GATTCCGCGTTTCCGT-1,0.000086,0.682828,0.212784,0.104302
GATTCCTATACGGCGC-1,0.000123,0.052505,0.124795,0.822577
GATTCGACGGTTCACG-1,0.000028,0.52853,0.280369,0.191073
GATTCTGTTAATGAGT-1,0.000059,0.523594,0.0495,0.426848
GATTGACACTCTGCTC-1,0.041965,0.000488,0.846721,0.110826
GATTGCTCCAGTTGCA-1,0.00003,0.332421,0.613419,0.054131
GATTTGCGCTAACACC-1,0.000028,0.441202,0.082073,0.476697
GCAAACCCTACATTAT-1,0.000019,0.738686,0.168118,0.093177
GCAAACCTTGGCCATA-1,0.000033,0.766166,0.183009,0.050793
GCAAATATTACGCTTT-1,0.000081,0.04657,0.000242,0.953108
GCAACACACTAGAACT-1,0.00002,0.050174,0.027911,0.921896
GCAACCACCAGACCGG-1,0.000049,0.755956,0.196438,0.047556
GCAACCACGGCCGCGT-1,0.000048,0.055825,0.001478,0.942649
GCAAGAATTCCTTGGC-1,0.000038,0.149091,0.111676,0.739195
GCAAGATGTGTTCGCG-1,0.000014,0.626665,0.336034,0.037287
GCAAGTGCACAGAGAA-1,0.000041,0.10601,0.024461,0.869489
GCAAGTGTAAAGCATG-1,0.000032,0.955612,0.000097,0.044259
GCACAAACCCTAGATG-1,0.000033,0.418332,0.390522,0.191114
GCACAAGTGTCGGAAG-1,0.000496,0.532381,0.113403,0.35372
GCACACGCCCATGGTC-1,0.202965,0.020259,0.017421,0.759355
GCACAGCACGGGCCGA-1,0.000042,0.825566,0.169206,0.005185
GCACGCCTACTTAGAT-1,0.000052,0.374596,0.39377,0.231581
GCACTAGTCGCGCTAT-1,0.000048,0.002708,0.014936,0.982308
GCACTCCCACAGTCCC-1,0.000048,0.342966,0.039633,0.617353
GCACTGCCTACCTTTA-1,0.000027,0.576703,0.079513,0.343756
GCACTGTGCAAATGTA-1,0.006578,0.001553,0.00015,0.99172
GCAGACCCAGCACGTA-1,0.000026,0.399322,0.533424,0.067228
GCAGATCCATAAGACT-1,0.000022,0.220223,0.663141,0.116613
GCAGATCCTCGCAAAT-1,0.00007,0.076517,0.000211,0.923202
GCAGATTAGGGATATC-1,0.000039,0.503997,0.312748,0.183216
GCAGCACACAGCCCAG-1,0.000075,0.161391,0.000226,0.838307
GCAGCGGTGGGCATTA-1,0.000056,0.000056,0.000168,0.999721
GCAGGAACTTAGATCT-1,0.000026,0.089487,0.00875,0.901736
GCAGGACTATAGAATA-1,0.000067,0.080284,0.0002,0.919449
GCAGGTAGAGTATGGT-1,0.000056,0.975714,0.024008,0.000222
GCAGTGTGGCTATAGG-1,0.000031,0.519188,0.476407,0.004373
GCATACGAGGTCTTTA-1,0.000051,0.000051,0.013612,0.986286
GCATAGAGCACTCAGG-1,0.000023,0.27199,0.693965,0.034022
GCATCCCTAACTTTGA-1,0.00005,0.080455,0.259014,0.660481
GCATCCTCTCCTATTA-1,0.01356,0.465522,0.154895,0.366024
GCATGAGGGACGCGGC-1,0.000049,0.911708,0.000148,0.088095
GCATTCAAGGCAACGC-1,0.000028,0.62354,0.345993,0.030438
GCATTGACTTGCGGAA-1,0.000078,0.114717,0.102899,0.782306
GCATTGTAATTCATAT-1,0.000119,0.000119,0.000356,0.999407
GCATTTCCAAGGCTCC-1,0.00005,0.470664,0.337049,0.192237
GCCAACCATTTCCGGA-1,0.00003,0.457651,0.542197,0.000121
GCCAATAGGGCATCTC-1,0.000043,0.867969,0.099742,0.032246
GCCACAATTTAAGGAC-1,0.114676,0.023472,0.668232,0.19362
GCCAGGAAAGAACACT-1,0.000041,0.962687,0.000122,0.03715
GCCAGGAGTAACCGAT-1,0.000032,0.750705,0.055506,0.193757
GCCAGGCGTTCGCATG-1,0.000035,0.676992,0.161522,0.161451
GCCAGGCTTAGTGGTA-1,0.000131,0.416716,0.165073,0.41808
GCCATATTGCACACAG-1,0.000058,0.756722,0.085339,0.157881
GCCATCGAGCTGCGTG-1,0.000048,0.616813,0.244077,0.139063
GCCATCGATGCTGCAT-1,0.00002,0.213295,0.549582,0.237103
GCCATTAGCCTCAAAC-1,0.000297,0.183499,0.135899,0.680305
GCCCACCAAGGCTGTC-1,0.000083,0.000083,0.000248,0.999587
GCCCAGTTGGTATGCC-1,0.00006,0.00006,0.000179,0.999702
GCCCGACTTCTTCCCG-1,0.000205,0.000205,0.000615,0.998974
GCCCGATCTGTGGTCG-1,0.000041,0.972306,0.000122,0.027531
GCCCGCGCGTAAACGG-1,0.000024,0.288728,0.566863,0.144385
GCCCGCGCGTTTGACA-1,0.000046,0.094554,0.000139,0.905262
GCCCGTAATACCTTCT-1,0.000042,0.668358,0.196019,0.135581
GCCCGTTCACACAATT-1,0.000191,0.584235,0.161954,0.25362
GCCCTAGCCGTCGCGA-1,0.00004,0.00004,0.000121,0.999799
GCCGAAATTCCTACGT-1,0.000067,0.180156,0.121405,0.698372
GCCGACCCACGACTGC-1,0.000022,0.407949,0.461534,0.130495
GCCGATTGGCCAAGCT-1,0.000032,0.482152,0.355657,0.162158
GCCGCATTAGTCCGGC-1,0.000113,0.196184,0.02948,0.774223
GCCGCTAGATACGCAG-1,0.000024,0.712373,0.064144,0.223458
GCCGCTTGTGAGAAAC-1,0.000039,0.100149,0.000117,0.899695
GCCGGAAACACATCTT-1,0.029947,0.121698,0.213161,0.635195
GCCGGGTTAGGGTCGC-1,0.000026,0.559415,0.354725,0.085834
GCCGGTCGTATCTCTC-1,0.000029,0.729504,0.059575,0.210892
GCCGGTTTGGGCGGAT-1,0.000105,0.019703,0.00099,0.979202
GCCGTCGGTTTCGGGC-1,0.000035,0.758276,0.131874,0.109815
GCCTAGCGATCTGACC-1,0.00007,0.026197,0.038997,0.934736
GCCTATAGTGTCAGGG-1,0.016272,0.856081,0.076156,0.051491
GCCTATTCCGATATAG-1,0.000099,0.000099,0.000298,0.999503
GCCTATTTGCTACACA-1,0.000062,0.037422,0.351312,0.611204
GCCTCATCTGGAAATA-1,0.000022,0.504451,0.429183,0.066344
GCCTCTATACATAGCA-1,0.000045,0.977665,0.000134,0.022156
GCCTGCTACACTGAGA-1,0.000026,0.36893,0.5261,0.104944
GCCTGTCCCGGTGCAT-1,0.000059,0.581902,0.031727,0.386312
GCCTTCAGCCCTACCG-1,0.00007,0.083305,0.118817,0.797807
GCCTTGTATATGCAGT-1,0.000104,0.03316,0.000313,0.966422
GCGAAACTTAACTGGA-1,0.000035,0.90191,0.033504,0.064551
GCGAAGCCATACCCGT-1,0.009352,0.20503,0.592101,0.193517
GCGACATGTAAACATC-1,0.000029,0.808446,0.144855,0.04667
GCGACCCAACCATCTG-1,0.00007,0.396519,0.589192,0.014219
GCGACGATAGTTGTAC-1,0.000054,0.592057,0.266415,0.141475
GCGAGAAACGGGAGTT-1,0.000035,0.076039,0.000105,0.92382
GCGAGAGGCCATGTAA-1,0.000023,0.747831,0.126524,0.125623
GCGAGAGTTGCGTCCA-1,0.000031,0.493348,0.491476,0.015145
GCGAGCGCATGCTCCC-1,0.000031,0.414008,0.466778,0.119183
GCGAGGCCCGAGCAGA-1,0.000048,0.215308,0.079642,0.705003
GCGAGGGACTGCTAGA-1,0.000028,0.499732,0.042698,0.457542
GCGAGTTCTGCAAAGA-1,0.000022,0.272023,0.677623,0.050333
GCGATTCTGGAAGCAG-1,0.000069,0.37714,0.381514,0.241277
GCGATTGTTAACGTTA-1,0.000043,0.705796,0.081332,0.21283
GCGCAAATATATTCAA-1,0.00003,0.178398,0.670225,0.151347
GCGCAAGAGCGCGCTG-1,0.000045,0.80165,0.087711,0.110593
GCGCATCCAGTCAGCA-1,0.000058,0.986256,0.000173,0.013512
GCGCCGTTCCACGATA-1,0.000036,0.478553,0.24787,0.273541
GCGCGATGGGTCAAGT-1,0.000034,0.162383,0.076791,0.760793
GCGCGGTCTAGTAACT-1,0.000022,0.648864,0.271566,0.079547
GCGCGTCATTGGTACA-1,0.000039,0.912,0.06702,0.020941
GCGCGTTTAAATCGTA-1,0.000021,0.17232,0.422716,0.404943
GCGCTAAGTATGCATG-1,0.000049,0.634529,0.144355,0.221067
GCGCTAATTGAATAGA-1,0.000025,0.556036,0.326329,0.11761
GCGCTATGCCGAGGCA-1,0.000136,0.492999,0.144803,0.362062
GCGCTGATCCAGACTC-1,0.000037,0.907954,0.088606,0.003402
GCGCTGCTTTGCATTT-1,0.000059,0.724217,0.151073,0.124651
GCGCTTAAATAATTGG-1,0.000064,0.788959,0.092066,0.118911
GCGGACCGCGTTGTGG-1,0.000037,0.276986,0.700454,0.022523
GCGGAGAAACTTCGCA-1,0.000076,0.174965,0.782674,0.042285
GCGGAGAGGGAGAACG-1,0.00003,0.861932,0.137919,0.00012
GCGGCAAAGTATTGCC-1,0.000041,0.328461,0.585855,0.085643
GCGGCTCTGACGTACC-1,0.000052,0.000052,0.407423,0.592473
GCGGGAACCAGGCCCT-1,0.00005,0.081275,0.148844,0.769831
GCGGGCGAGCCTTACC-1,0.000036,0.702868,0.161917,0.135179
GCGGTAACCCAAATGA-1,0.012453,0.09436,0.096456,0.796731
GCGGTCCCTAGACGCA-1,0.000069,0.125724,0.147437,0.726771
GCGGTGAACTGCGCTC-1,0.00006,0.844248,0.00018,0.155511
GCGGTTCCCTATCATG-1,0.000068,0.399506,0.44742,0.153005
GCGTAAATGGCCATAA-1,0.000023,0.850912,0.124734,0.02433
GCGTCCAGCTCGTGGC-1,0.000033,0.000033,0.026129,0.973804
GCGTCCCTAAGACATA-1,0.000045,0.957527,0.000136,0.042291
GCGTCGAAATGTCGGT-1,0.000056,0.093496,0.423272,0.483176
GCGTCGCCAGGGTGAT-1,0.000064,0.909657,0.000191,0.090088
GCGTCTCTGCATTGGG-1,0.000067,0.060288,0.22036,0.719285
GCGTGGTACTGGGTTA-1,0.000044,0.858783,0.000132,0.141041
GCGTGTATGTCGTATT-1,0.000072,0.211877,0.000215,0.787835
GCGTTATATTTGGAAC-1,0.000047,0.148424,0.085298,0.766231
GCGTTCGGAGACCGGG-1,0.000053,0.959306,0.00016,0.040481
GCTAAACCTGAGGTGA-1,0.000052,0.027954,0.033903,0.938091
GCTAACTGAAGTCTGA-1,0.000022,0.071812,0.771397,0.156768
GCTAAGTAAAGGCGAT-1,0.000744,0.137554,0.130572,0.731131
GCTAAGTAGTTTCTCT-1,0.000054,0.669415,0.140236,0.190295
GCTAATACCGAATGCC-1,0.000065,0.13897,0.000196,0.860769
GCTACACTGTCCGAAC-1,0.007849,0.002695,0.136285,0.853171
GCTACAGTACGGACCG-1,0.005603,0.000033,0.000099,0.994265
GCTACGACTTATTGGG-1,0.000045,0.588841,0.268013,0.143102
GCTACTATAGTAGAGT-1,0.000039,0.793327,0.00487,0.201764
GCTAGACCGTCTACTG-1,0.000056,0.726323,0.092333,0.181288
GCTAGCAGGGAGTGGG-1,0.000037,0.865574,0.00011,0.13428
GCTAGCGATAGGTCTT-1,0.000046,0.249185,0.493316,0.257453
GCTAGCTTGAATAGCT-1,0.00005,0.47416,0.484211,0.04158
GCTAGGCACCACGGAG-1,0.00005,0.660965,0.081253,0.257732
GCTAGTAGAGCTTGTA-1,0.000033,0.596528,0.336189,0.06725
GCTAGTTTCATTGAGG-1,0.000071,0.000071,0.000212,0.999647
GCTATACGTCTCGGAC-1,0.00004,0.476259,0.350469,0.173232
GCTATCATACTCATGG-1,0.000053,0.884551,0.000159,0.115237
GCTATCGCGGCGCAAC-1,0.028784,0.076814,0.136096,0.758305
GCTCAACCTCTTAGAG-1,0.00197,0.403384,0.030177,0.564468
GCTCAATCCGTTTATT-1,0.000067,0.228778,0.662447,0.108708
GCTCAATGTAATACCG-1,0.000027,0.999781,0.000082,0.000109
GCTCATTACTGCATGT-1,0.000041,0.490698,0.139449,0.369812
GCTCATTGATCATATC-1,0.000035,0.462724,0.440735,0.096506
GCTCCATGCAAAGCAA-1,0.000024,0.666034,0.033048,0.300894
GCTCCGGACGTTGATA-1,0.000048,0.716462,0.145098,0.138393
GCTCCTGACATACTGG-1,0.000046,0.115948,0.695675,0.188331
GCTCGCGGTTCCGCTC-1,0.026598,0.006056,0.04597,0.921377
GCTCGCTCATGTCCAA-1,0.000036,0.745854,0.186867,0.067244
GCTCGGAATTTAAAGC-1,0.000047,0.68555,0.009074,0.305329
GCTCTAAACCCTGACG-1,0.000069,0.336163,0.116998,0.54677
GCTCTATGTTACGTGC-1,0.049816,0.001217,0.057131,0.891836
GCTCTCGGGTACCGAA-1,0.000053,0.360974,0.073782,0.565191
GCTCTTTCCGCTAGTG-1,0.000028,0.992328,0.007531,0.000112
GCTGAATCTTCCAATC-1,0.160028,0.415169,0.121098,0.303706
GCTGAGGCGTGAGTAT-1,0.000035,0.519838,0.479988,0.000139
GCTGCACGGTTTCTTA-1,0.000037,0.782651,0.1578,0.059512
GCTGCGAAGAATTATT-1,0.000025,0.669117,0.31425,0.016608
GCTGCTAAGTAGTCGA-1,0.000064,0.929768,0.000191,0.069978
GCTGCTACTGCGTAGC-1,0.00005,0.880236,0.000151,0.119562
GCTGCTCTCCGGACAC-1,0.000037,0.508056,0.376436,0.115472
GCTGGACCCAAAGTGG-1,0.000013,0.887315,0.000038,0.112634
GCTGGCATATTCACCT-1,0.000081,0.000081,0.000242,0.999597
GCTGGCGGCGCATGCT-1,0.000029,0.622727,0.368414,0.008829
GCTGGGAGCGCGTCAA-1,0.000129,0.747317,0.095361,0.157193
GCTGGGTCCGCTGTTA-1,0.318956,0.00004,0.012263,0.66874
GCTGTATTACTGGCCC-1,0.000141,0.416644,0.076853,0.506363
GCTGTCTGTGATCGAC-1,0.000043,0.666653,0.141897,0.191407
GCTGTTGCTACCGAAC-1,0.000035,0.725805,0.111479,0.162682
GCTTAATGTAACTAAC-1,0.000038,0.948339,0.04866,0.002964
GCTTACGTAGTTAGTA-1,0.000138,0.771749,0.145456,0.082656
GCTTATGAAGCAGGAA-1,0.000051,0.978102,0.000154,0.021693
GCTTCAGTGGGATTAC-1,0.000035,0.108417,0.874952,0.016597
GCTTCCAGCTTAGATT-1,0.000078,0.016848,0.000234,0.98284
GCTTCCGTCCCTAGAC-1,0.000048,0.557899,0.214455,0.227598
GCTTGATGATAATCAG-1,0.000042,0.000042,0.001226,0.99869
GCTTGGATCGATTAGG-1,0.000029,0.791777,0.20808,0.000114
GCTTTCAGAGGAGGTG-1,0.000049,0.895671,0.104087,0.000194
GGAAACCTTGTTGAAT-1,0.000034,0.802616,0.052456,0.144894
GGAAAGTCTTGATTGT-1,0.000049,0.702908,0.163304,0.133739
GGAAAGTGCCCATGCC-1,0.000031,0.719269,0.226071,0.054629
GGAACCCGAACAAGAA-1,0.000021,0.456821,0.03356,0.509598
GGAACCGTGTAAATTG-1,0.000017,0.154001,0.845915,0.000067
GGAACCTTGACTCTGC-1,0.000415,0.139848,0.692693,0.167044
GGAACGGCCTGCAGCC-1,0.000082,0.155561,0.092203,0.752154
GGAACTCGTGAATACG-1,0.000034,0.21844,0.118195,0.663332
GGAAGCTCGCTTACAG-1,0.000088,0.63455,0.211106,0.154256
GGAATAACCTCAAGAA-1,0.001208,0.324666,0.112702,0.561424
GGAATGCGCTAGCGTG-1,0.000035,0.51869,0.236304,0.244971
GGACACCTCGGTGTTG-1,0.000086,0.48018,0.003318,0.516416
GGACCAACAGGATAAC-1,0.000024,0.819984,0.118041,0.061951
GGACCTACGGTAACGT-1,0.000016,0.788018,0.129211,0.082754
GGACCTCTAGGCCGCC-1,0.000047,0.044225,0.89219,0.063538
GGACGGCTTGCGCAAC-1,0.000014,0.476981,0.291111,0.231893
GGACTCGACAGCGCAT-1,0.00003,0.871908,0.037779,0.090283
GGACTCGTGAGTGGTC-1,0.000031,0.78392,0.025499,0.19055
GGAGAAGTCATTGGCA-1,0.000081,0.0284,0.000244,0.971274
GGAGACATTCACGGGC-1,0.000037,0.588217,0.135837,0.275909
GGAGACCATCTACATA-1,0.000035,0.024754,0.113822,0.861389
GGAGACGACACCTTTG-1,0.000015,0.037668,0.962064,0.000254
GGAGCACCAAGAACTA-1,0.00004,0.772954,0.081714,0.145293
GGAGCGAGGCCTACTT-1,0.000029,0.562376,0.407168,0.030427
GGAGGAGTGTGTTTAT-1,0.000128,0.207661,0.664041,0.12817
GGAGGATTGAAAGGAG-1,0.000023,0.157422,0.828365,0.01419
GGAGGCGAAGAACCGC-1,0.000021,0.877844,0.002431,0.119704
GGAGGGCTTGGTTGGC-1,0.000041,0.789157,0.135072,0.075731
GGAGTGCCGCCCTGGA-1,0.00008,0.240817,0.033918,0.725185
GGATACTCATGAATTG-1,0.007963,0.108916,0.002227,0.880894
GGATCAAAGGACGAGG-1,0.000052,0.206276,0.030825,0.762847
GGATCATCCCGTACGC-1,0.000044,0.935807,0.000131,0.064017
GGATCCCTACCAGCTA-1,0.005127,0.12754,0.302752,0.56458
GGATCCGGAATATACT-1,0.000042,0.957807,0.00896,0.033191
GGATCTTACTGCCCTT-1,0.000034,0.928236,0.000103,0.071627
GGATCTTGACTCAACC-1,0.000042,0.006836,0.002067,0.991055
GGATGAAGATCGCTGA-1,0.00003,0.622098,0.357962,0.01991
GGATGACGCGAGTTTA-1,0.000079,0.1097,0.141952,0.748269
GGATGCTGGCGTTCCT-1,0.000049,0.000049,0.000146,0.999757
GGATGTCCTTACCGCA-1,0.000054,0.99548,0.000162,0.004304
GGATTAAGCTAAGGTC-1,0.000036,0.627803,0.211005,0.161156
GGATTCAGTACGGTGG-1,0.000042,0.000042,0.000126,0.999789
GGATTCCGCTATACCC-1,0.000057,0.549676,0.204862,0.245405
GGATTGCTGTGACTCC-1,0.000073,0.609985,0.242221,0.14772
GGATTTCACTTCTATA-1,0.000063,0.900359,0.039759,0.059819
GGCAAAGGCGCCAATA-1,0.000063,0.268003,0.686372,0.045563
GGCAAATTACTTTACT-1,0.004521,0.012132,0.852967,0.13038
GGCAAGCCCATAGTGG-1,0.00003,0.777599,0.000916,0.221455
GGCAAGGCGAAATAGC-1,0.000032,0.596779,0.078831,0.324358
GGCAATAGTCAATGAG-1,0.000034,0.631594,0.30473,0.063642
GGCACTCCACTGGGCA-1,0.000073,0.135652,0.087982,0.776294
GGCAGCGGTAATCCTA-1,0.000036,0.856561,0.138752,0.004651
GGCATACAGGTAGCGG-1,0.000117,0.000117,0.000352,0.999414
GGCATATCGGTTCTGC-1,0.000057,0.789602,0.06435,0.145991
GGCATCAACGAGCACG-1,0.000057,0.190356,0.000172,0.809416
GGCATTGAACATCTCA-1,0.000045,0.794546,0.04265,0.162759
GGCCACAAGCGATGGC-1,0.000031,0.059343,0.026519,0.914108
GGCCCTCACCCACTTA-1,0.000094,0.000094,0.000281,0.999531
GGCCGAGACTCTGGTG-1,0.000028,0.447022,0.524014,0.028936
GGCCGTTTGGGTTTCA-1,0.00005,0.969671,0.018557,0.011722
GGCCTGCTCTGATGTT-1,0.000065,0.711876,0.004165,0.283894
GGCGAAATCTAACTTG-1,0.000034,0.84789,0.136331,0.015745
GGCGAGCATCGAGGAC-1,0.003454,0.001772,0.114147,0.880627
GGCGAGCGAAACGGCA-1,0.000072,0.209893,0.1363,0.653735
GGCGCAGGACATCTTC-1,0.000094,0.000094,0.000283,0.999528
GGCGCATGAATTGATG-1,0.000028,0.264851,0.703127,0.031994
GGCGCGGAGATCTTTC-1,0.000024,0.420977,0.487196,0.091803
GGCGCGTTCGAGTTTA-1,0.000039,0.704232,0.268088,0.027642
GGCGCTCCTCATCAAT-1,0.001611,0.001612,0.133591,0.863186
GGCGCTTCATTCCCTG-1,0.000058,0.69213,0.144625,0.163187
GGCGGAGTAATATTAG-1,0.000035,0.000035,0.587742,0.412188
GGCGGTAGGATCATTG-1,0.00003,0.426614,0.508635,0.064721
GGCGGTTTGCCGGTGC-1,0.000026,0.216709,0.105586,0.677679
GGCGTACCCTATATAA-1,0.000024,0.216192,0.074614,0.70917
GGCGTCCTATCCGCTG-1,0.000068,0.000068,0.000204,0.99966
GGCTAAAGGGCGGGTC-1,0.00006,0.934574,0.000179,0.065188
GGCTACTATACACTCC-1,0.000052,0.865469,0.021504,0.112974
GGCTATTAAGTTGTAT-1,0.000069,0.051501,0.000208,0.948221
GGCTCCTCCACCTGTT-1,0.00003,0.23645,0.753625,0.009895
GGCTCGCGTTGAGGTA-1,0.00004,0.834057,0.108367,0.057537
GGCTCGTGCCACCAGC-1,0.093493,0.000045,0.016649,0.889812
GGCTCTGCTCCAACGC-1,0.000037,0.472875,0.439623,0.087465
GGCTGAAATAGCAAAG-1,0.000026,0.886889,0.021888,0.091197
GGCTGAGCATCGTAAG-1,0.000022,0.975597,0.000067,0.024313
GGCTGGCTAGCTTAAA-1,0.008418,0.003539,0.02675,0.961293
GGCTGTCCTACTGCGG-1,0.000046,0.929611,0.010808,0.059535
GGCTTTCAATAAGGGT-1,0.000031,0.859677,0.084024,0.056268
GGGAACCACCTGTTTC-1,0.031529,0.006542,0.103025,0.858904
GGGAACGGGAGGTTAG-1,0.000073,0.014276,0.314398,0.671252
GGGAACGGTTTCAGAT-1,0.000036,0.779211,0.065353,0.1554
GGGAAGACGGTCTGTC-1,0.000097,0.852704,0.00029,0.146909
GGGAATGAGCCCTCAC-1,0.000035,0.926602,0.069185,0.004178
GGGACAGAGTTACTCC-1,0.000043,0.060778,0.228662,0.710517
GGGACCCGTATATCTT-1,0.000052,0.75806,0.071661,0.170226
GGGACTGCATAGATAG-1,0.000023,0.147998,0.713057,0.138922
GGGAGAACTCACAGTA-1,0.000026,0.512541,0.328287,0.159146
GGGAGGATGCCCGAAA-1,0.000039,0.258404,0.062708,0.678848
GGGAGTAATGGCTGGC-1,0.107455,0.000023,0.240777,0.651744
GGGAGTTAATGAGGCG-1,0.000027,0.695971,0.303892,0.00011
GGGATGGTCGTAACCG-1,0.000045,0.161823,0.609856,0.228277
GGGATTATCTCACAAC-1,0.000073,0.528546,0.152569,0.318813
GGGATTTACCGCACCT-1,0.000042,0.622803,0.300768,0.076386
GGGCAACCGCACGTGC-1,0.000068,0.168101,0.000204,0.831628
GGGCACGTAGTACTGT-1,0.000046,0.915238,0.000137,0.084579
GGGCAGAGCAATCGTT-1,0.000032,0.86865,0.113068,0.01825
GGGCATGCATGTCGAG-1,0.000032,0.864526,0.000381,0.135062
GGGCCCGTCTTAAACA-1,0.000036,0.27258,0.523893,0.20349
GGGCCCTACGAAAGGG-1,0.00004,0.092024,0.046901,0.861034
GGGCCGGCCGAAGTAC-1,0.000041,0.940353,0.000122,0.059485
GGGCGATATGTGTGAA-1,0.000067,0.449512,0.028308,0.522114
GGGCGGCAAATGAATT-1,0.000024,0.329673,0.656612,0.013691
GGGCGGGTTCCCTACG-1,0.000065,0.023618,0.124114,0.852203
GGGCGGTCCTATTGTC-1,0.00007,0.003368,0.000209,0.996354
GGGCGTACATTTATAT-1,0.000077,0.290539,0.077248,0.632136
GGGCGTCACCACGTAA-1,0.00003,0.370909,0.595659,0.033402
GGGCGTCCACTGGCTC-1,0.000069,0.802138,0.080072,0.117721
GGGCGTGGTTTCCCAG-1,0.000094,0.81701,0.031997,0.150898
GGGCGTTTACATTCAT-1,0.000069,0.547588,0.332876,0.119467
GGGCTACTATTTCGTG-1,0.000062,0.197935,0.053252,0.74875
GGGCTATGATCGATGG-1,0.000031,0.460931,0.510318,0.02872
GGGCTCATCGAACCCA-1,0.000033,0.74507,0.201399,0.053497
GGGCTGCCTAGGGCGA-1,0.000022,0.574846,0.21313,0.212002
GGGCTGGTTAGTCGCG-1,0.000052,0.274337,0.180919,0.544692
GGGTAATGCTGTGTTT-1,0.000319,0.000319,0.000956,0.998407
GGGTACACTCTGGAGG-1,0.000347,0.102262,0.247218,0.650173
GGGTACCCACGGTCCT-1,0.01138,0.07241,0.000117,0.916092
GGGTACTTCATGAACT-1,0.000067,0.032868,0.037546,0.929519
GGGTATGTATGCACTT-1,0.000137,0.000137,0.000412,0.999313
GGGTATTCTAGCAAAC-1,0.000031,0.009063,0.026662,0.964243
GGGTCACCGTGACGGT-1,0.000044,0.127484,0.301136,0.571335
GGGTCACGTGCTTATG-1,0.000026,0.699773,0.213343,0.086858
GGGTCAGGAGCTAGAT-1,0.00002,0.863974,0.135926,0.00008
GGGTCATGCGTACCAT-1,0.000051,0.002562,0.022005,0.975382
GGGTCGTGGCAAGTGT-1,0.000044,0.778008,0.130018,0.091931
GGGTGACACCTTAACT-1,0.000028,0.44442,0.555442,0.000111
GGGTGCATATGAAAGC-1,0.000012,0.249083,0.750856,0.000048
GGGTGGTCCAGCCTGT-1,0.000193,0.560912,0.298778,0.140117
GGGTGTTTCAGCTATG-1,0.000089,0.415512,0.4135,0.170898
GGGTTAACATTTGAGT-1,0.000059,0.873946,0.090067,0.035928
GGGTTCAGACGAACAA-1,0.076974,0.138572,0.120025,0.664429
GGGTTTAGGATAGGAT-1,0.000191,0.753917,0.070143,0.175749
GGGTTTCCGGCTTCCA-1,0.000576,0.005703,0.001728,0.991992
GGTAAATGTGCGTTAC-1,0.000084,0.658495,0.310433,0.030988
GGTAACCGGCAAAGGT-1,0.000202,0.432645,0.255883,0.311269
GGTAACCGGGAGGATA-1,0.000207,0.431186,0.41922,0.149387
GGTAACTATGTATCTG-1,0.000049,0.094385,0.034229,0.871338
GGTACAAACATGCTAT-1,0.000032,0.323609,0.526198,0.150161
GGTACATCTGGGACGA-1,0.000053,0.000053,0.023831,0.976063
GGTACCATTAAGACGG-1,0.000034,0.87908,0.076854,0.044033
GGTAGAAGACCGCCTG-1,0.00003,0.929767,0.010116,0.060087
GGTAGACCGTTGGGCG-1,0.000027,0.716818,0.081164,0.20199
GGTAGGCCAATATCAC-1,0.000038,0.901557,0.032339,0.066066
GGTAGTGCTCGCACCA-1,0.000051,0.611656,0.272798,0.115495
GGTATCAAGCATAGAA-1,0.007307,0.315577,0.007199,0.669917
GGTATTGCCGAGTTTA-1,0.000069,0.308903,0.000208,0.690819
GGTCACGTTAGATTCA-1,0.00007,0.038909,0.00021,0.96081
GGTCAGTGGGTCCCAC-1,0.000029,0.88105,0.077382,0.04154
GGTCCTTCATACGACT-1,0.000023,0.412856,0.118655,0.468466
GGTCGGATAAACGGCG-1,0.00004,0.933832,0.055563,0.010566
GGTCGGCCAGGAGCTT-1,0.000038,0.841436,0.026972,0.131554
GGTCGGTAATTAGACA-1,0.000085,0.000085,0.000256,0.999574
GGTCGGTCGTCCACAG-1,0.000053,0.90359,0.000158,0.0962
GGTCGTAAGCTCGCAC-1,0.00004,0.003473,0.216952,0.779535
GGTCTCTGAATGGACT-1,0.000403,0.196328,0.502508,0.300761
GGTCTGAGAATCTGGA-1,0.000029,0.643007,0.354635,0.002329
GGTCTTGAGCGCTCTT-1,0.000031,0.674142,0.118001,0.207826
GGTGAAACCGGGAATG-1,0.000053,0.151543,0.013611,0.834793
GGTGAACGGGCTAGCC-1,0.000045,0.041857,0.000135,0.957964
GGTGAAGTACAGGGAT-1,0.000103,0.368126,0.069331,0.562439
GGTGAGATGCAGATAA-1,0.000027,0.000027,0.003664,0.996282
GGTGATAAGGAGCAGT-1,0.000045,0.850196,0.01763,0.132129
GGTGATTTCATCTTGT-1,0.000057,0.057821,0.017397,0.924724
GGTGCAGAGCCTATCG-1,0.000012,0.58779,0.335745,0.076452
GGTGCATAAATGATTA-1,0.00003,0.946252,0.04881,0.004909
GGTGCGGATAAGTGGC-1,0.016865,0.114694,0.020859,0.847582
GGTGCTGATCACAAAG-1,0.000064,0.055225,0.000193,0.944517
GGTGCTGGTACACATT-1,0.000143,0.291933,0.267676,0.440248
GGTGGACCACGTGTTA-1,0.000049,0.117776,0.795005,0.08717
GGTGGACTGCTCTGGC-1,0.00004,0.684612,0.280092,0.035257
GGTGTAAATCGATTGT-1,0.000021,0.67495,0.324803,0.000226
GGTGTAGGTAAGTAAA-1,0.00002,0.705979,0.293919,0.000081
GGTGTTCTGTTTCTAC-1,0.000022,0.697028,0.081331,0.221619
GGTTACCACCCTCGGG-1,0.00007,0.164309,0.06503,0.770591
GGTTACCGCTCCCTAC-1,0.000031,0.366712,0.507367,0.12589
GGTTAGCTATATGTCT-1,0.000048,0.799998,0.179146,0.020808
GGTTAGGCTTGGAGAA-1,0.000091,0.032415,0.000273,0.967222
GGTTAGTTACGGCGCC-1,0.000063,0.103944,0.038244,0.857749
GGTTCCACCCGCTTCT-1,0.000051,0.312991,0.377414,0.309545
GGTTCCGTACGACTAA-1,0.000031,0.352238,0.612071,0.03566
GGTTCTACTCGTCTGA-1,0.000048,0.634879,0.225987,0.139085
GGTTGTATCGTGAAAT-1,0.000032,0.351109,0.052026,0.596833
GGTTGTGCTCTTGTCC-1,0.000079,0.040549,0.249045,0.710327
GGTTGTGTAGCCTGGC-1,0.000067,0.067758,0.079491,0.852683
GGTTTAATTACCATCG-1,0.000037,0.866234,0.008748,0.124981
GGTTTACAATCTCAAT-1,0.000042,0.748272,0.176713,0.074973
GGTTTAGCCTTTCTTG-1,0.000047,0.610696,0.117313,0.271943
GGTTTCAATCGGTCAG-1,0.00006,0.860358,0.022811,0.116771
GGTTTGAGTGCTGGAA-1,0.000043,0.003183,0.079238,0.917535
GTAACAGGTTAACGGC-1,0.000042,0.817114,0.018935,0.163909
GTAACTGCCCAAGGAG-1,0.000025,0.827103,0.17277,0.000101
GTAACTTGCGGCAGTC-1,0.000044,0.061729,0.000133,0.938094
GTAAGCGGGCAGTCAG-1,0.000049,0.421904,0.343437,0.23461
GTAAGGATTTGTCGGA-1,0.00016,0.075051,0.634418,0.290371
GTAAGTAACAGTCTGG-1,0.000034,0.656948,0.139474,0.203545
GTAAGTAGGGTATACC-1,0.000063,0.015399,0.00019,0.984347
GTAATAAAGGGCTCCC-1,0.000025,0.917585,0.002268,0.080122
GTAATCTGATTCTTCG-1,0.000037,0.291493,0.544969,0.163501
GTACACTTACCTGAAG-1,0.000021,0.192369,0.788045,0.019565
GTACAGAGGCAAGGGT-1,0.000045,0.941018,0.000134,0.058803
GTACGACGGCGCTGCG-1,0.000072,0.038057,0.000217,0.961653
GTACGAGATTGCGACA-1,0.048316,0.140434,0.244343,0.566907
GTACGCTTCATTGCAC-1,0.000051,0.806558,0.05771,0.135681
GTACGTCACGTATTAA-1,0.000017,0.763004,0.038875,0.198105
GTACGTTTGCCCGTCA-1,0.000042,0.674398,0.181399,0.144161
GTACTAAGATTTGGAG-1,0.000079,0.37588,0.032533,0.591509
GTACTCCCTTATCGCT-1,0.076298,0.000244,0.000733,0.922724
GTACTCCTGGGTATGC-1,0.000032,0.664635,0.241702,0.093631
GTACTGAGGTCGTAAC-1,0.000049,0.102087,0.031697,0.866166
GTACTGCATGAAGCGT-1,0.000031,0.000031,0.297584,0.702355
GTACTGGAGTTAGACC-1,0.000045,0.870652,0.041333,0.08797
GTACTTGGGCACTTCT-1,0.030156,0.000066,0.000197,0.969582
GTAGAAACGGGTGGAG-1,0.00006,0.140201,0.173489,0.686249
GTAGACAACCGATGAA-1,0.201749,0.097823,0.19089,0.509537
GTAGACACGCCTGACT-1,0.000028,0.63465,0.136496,0.228826
GTAGACGTCGTTACAT-1,0.093504,0.00008,0.000239,0.906178
GTAGAGGGAGACAAGT-1,0.000959,0.295818,0.242775,0.460449
GTAGCCAAACATGGGA-1,0.000039,0.99969,0.000116,0.000155
GTAGCGCTGTTGTAGT-1,0.000062,0.187713,0.010007,0.802218
GTAGCGGCTATACACT-1,0.000049,0.649763,0.140669,0.209519
GTAGCTAGTAAGCGCG-1,0.000018,0.410677,0.519561,0.069744
GTAGCTCCGGGAGGCT-1,0.00003,0.787861,0.202221,0.009887
GTAGCTTCCTCTTGTT-1,0.000063,0.900917,0.000189,0.09883
GTAGGTGATCCGTGTA-1,0.000062,0.732741,0.266949,0.000248
GTAGTCGCGGGAATCA-1,0.000016,0.488959,0.454235,0.05679
GTAGTCTACGATATTG-1,0.000062,0.625934,0.000185,0.373818
GTAGTTCGAAGGCGAA-1,0.000034,0.916152,0.017666,0.066148
GTATAATCTCCCGGAT-1,0.00004,0.02169,0.098438,0.879832
GTATAGGACTCAGTAG-1,0.000068,0.148409,0.672143,0.179379
GTATAGTGGCCCATGT-1,0.00002,0.720387,0.001108,0.278485
GTATATGTTACGGCGG-1,0.00007,0.019626,0.00021,0.980094
GTATCAGCTTGGGTTC-1,0.130011,0.000045,0.014673,0.855271
GTATCGGGACGAGCTG-1,0.000045,0.11588,0.000136,0.883938
GTATCTCAGTCTTGAC-1,0.002585,0.276679,0.173546,0.54719
GTATCTCCCTAACTGT-1,0.000096,0.33796,0.157042,0.504903
GTATCTTTCATAACCA-1,0.000034,0.942157,0.000102,0.057707
GTATGAAATTTCACTC-1,0.004862,0.064137,0.170402,0.760599
GTATGACGTGGGAAAC-1,0.000054,0.076766,0.000163,0.923017
GTATGTGGGTCTAGTT-1,0.000044,0.858482,0.103593,0.037881
GTATTAAGGCGTCTAA-1,0.066441,0.048936,0.02131,0.863314
GTATTAGGGTTCGCGT-1,0.000024,0.357084,0.497991,0.144902
GTATTCTGAGAAACGA-1,0.184749,0.507914,0.001874,0.305463
GTATTCTTACCGTGCT-1,0.00006,0.061555,0.091318,0.847067
GTCAAAGAAGTGGTGT-1,0.000046,0.040202,0.000137,0.959615
GTCAAAGTTTACATAG-1,0.000047,0.000047,0.00014,0.999767
GTCAAGCGGACTCGGG-1,0.000057,0.837512,0.039844,0.122587
GTCAATTGTACTGAAG-1,0.303897,0.033419,0.002163,0.660522
GTCACAAAGTTTCCAA-1,0.001523,0.513929,0.16147,0.323078
GTCACCTGTCTATGTC-1,0.00004,0.812681,0.00012,0.187159
GTCACTCTCCAAATCT-1,0.000063,0.000063,0.00019,0.999683
GTCAGAATAGTCTATG-1,0.000093,0.000093,0.000279,0.999534
GTCAGTTGTGCTCGTT-1,0.000083,0.498044,0.373325,0.128547
GTCAGTTTGGTAGTCG-1,0.000075,0.292908,0.170024,0.536993
GTCATCTCCTACAGCT-1,0.000043,0.18299,0.011703,0.805264
GTCATGCACCTCCGTT-1,0.003201,0.086325,0.853417,0.057057
GTCATGGACATGACTA-1,0.000034,0.390667,0.279664,0.329634
GTCATTAGAGCGAACG-1,0.000036,0.481588,0.433263,0.085114
GTCATTGCATTGACCC-1,0.000075,0.034512,0.000226,0.965186
GTCCAATATTTAGCCT-1,0.000031,0.999748,0.000094,0.000126
GTCCAGGCACGTGTGC-1,0.000038,0.984977,0.000113,0.014872
GTCCATTACTGCTACG-1,0.000027,0.462005,0.320725,0.217243
GTCCCAACGTAAAGTA-1,0.00003,0.629694,0.211661,0.158615
GTCCCGCGACGTTATG-1,0.000042,0.557365,0.375712,0.066881
GTCCGGACCTGAAATT-1,0.00003,0.930374,0.050727,0.018868
GTCCGGCTGAATTGCG-1,0.053522,0.007372,0.170834,0.768273
GTCCTACAGGCGGCTC-1,0.000193,0.000193,0.00058,0.999033
GTCCTACGAATAGTCT-1,0.000061,0.817376,0.144435,0.038129
GTCCTTCTAGTGGGTT-1,0.000111,0.702066,0.096559,0.201264
GTCCTTTAATGACTTC-1,0.000044,0.37671,0.545256,0.077989
GTCGCCGTTGTGTGTT-1,0.000046,0.484403,0.156104,0.359447
GTCGCGTAACCCGTTG-1,0.00004,0.668376,0.320153,0.011431
GTCGGATATCTCAGAC-1,0.000057,0.000057,0.000171,0.999715
GTCGGATGTAGCGCGC-1,0.00006,0.622986,0.082068,0.294885
GTCGGGAAGCAGAAAC-1,0.000026,0.855094,0.110188,0.034692
GTCGTACCATCTCGGG-1,0.000037,0.57501,0.254454,0.170499
GTCGTATTGGCGTACA-1,0.000083,0.923942,0.021346,0.054629
GTCGTCAATTATAAGG-1,0.000072,0.050296,0.000216,0.949416
GTCGTGTCTGGTCATC-1,0.000129,0.553054,0.295487,0.151331
GTCGTTATTCGCTTAT-1,0.000069,0.9589,0.000206,0.040825
GTCTACTCAATTACAA-1,0.000033,0.000033,0.000099,0.999834
GTCTATACACGCATGG-1,0.000042,0.770112,0.121561,0.108285
GTCTATCTGAGTTTCT-1,0.00008,0.070207,0.177874,0.75184
GTCTATTGGTTCCGGT-1,0.000053,0.747293,0.078844,0.17381
GTCTCAAGGCCCGGCT-1,0.000022,0.403284,0.485767,0.110927
GTCTCCGCCTCAATAC-1,0.001633,0.426682,0.400686,0.171
GTCTCGACTAAGTTTG-1,0.000036,0.59296,0.178572,0.228432
GTCTCGATCTGCTTTC-1,0.000052,0.643214,0.277591,0.079143
GTCTGGGCGGTCGAGA-1,0.000204,0.392471,0.457672,0.149653
GTCTGTAGGTTGAACA-1,0.00005,0.98704,0.006768,0.006141
GTCTTAGTACAGCCGG-1,0.022357,0.668967,0.256049,0.052627
GTGAAACGGCGCCACC-1,0.000027,0.810587,0.18213,0.007256
GTGAAACGTGCTCCAC-1,0.000071,0.016188,0.000212,0.983529
GTGAACTCCCATTCGA-1,0.000023,0.651208,0.348678,0.000091
GTGAAGATTTCAAGTG-1,0.000048,0.936657,0.029067,0.034228
GTGAAGCCGTATAGTC-1,0.000036,0.608899,0.142601,0.248465
GTGAAGTCACGACTCG-1,0.000042,0.106138,0.121409,0.772412
GTGACAGCTTCCCACT-1,0.000073,0.795841,0.000218,0.203869
GTGACCGCACACTACG-1,0.000051,0.963423,0.007388,0.029139
GTGACGAGGGTGACCC-1,0.000061,0.773866,0.13976,0.086313
GTGACGCAGGTTTCAT-1,0.000094,0.700358,0.018978,0.28057
GTGACTTCAGTAGTGC-1,0.000039,0.483809,0.452528,0.063623
GTGAGATAACCTTATA-1,0.000039,0.977918,0.000116,0.021927
GTGAGCGTGCTGCACT-1,0.000091,0.000091,0.000274,0.999543
GTGAGGACACTTAAGG-1,0.029614,0.802765,0.032863,0.134758
GTGAGGAGCGGTTGAG-1,0.000062,0.875361,0.027762,0.096816
GTGAGTCTAAGACGGA-1,0.000027,0.325635,0.000082,0.674256
GTGAGTGGTACAACGC-1,0.000027,0.28975,0.448503,0.26172
GTGATCAAGCGTGCAC-1,0.000047,0.450995,0.434618,0.11434
GTGATCACTAACGCCT-1,0.000065,0.789625,0.020747,0.189564
GTGATCATAGATCTGC-1,0.000023,0.399772,0.583335,0.01687
GTGATCCTTGTCATGA-1,0.000155,0.703824,0.017272,0.278748
GTGATGCACAACATCT-1,0.000045,0.843529,0.028023,0.128404
GTGATTCGCCGCTCAA-1,0.000093,0.223971,0.576687,0.19925
GTGCAACAAATGTGGC-1,0.000611,0.413307,0.001833,0.58425
GTGCACCAGCTTCAAC-1,0.000019,0.882947,0.077395,0.039639
GTGCACGAAAGTGACT-1,0.000043,0.432097,0.414982,0.152878
GTGCCATCACACGGTG-1,0.035703,0.000061,0.097927,0.866308
GTGCCCGTTCGGATTC-1,0.000026,0.346891,0.652981,0.000103
GTGCCGCTTCAAAGGT-1,0.000363,0.198119,0.19194,0.609577
GTGCCTAGCTATGCTT-1,0.000056,0.289015,0.093255,0.617674
GTGCCTCAGTGTACGG-1,0.000048,0.811844,0.0505,0.137608
GTGCGAAATCGAACAC-1,0.000155,0.289704,0.343093,0.367048
GTGCGACAGGGAGTGT-1,0.000026,0.554971,0.394591,0.050411
GTGCGCAGCTTGCTCC-1,0.000041,0.000041,0.000124,0.999794
GTGCGGGACCATCGGC-1,0.000055,0.165308,0.000164,0.834473
GTGCGGGTCTCCAAAT-1,0.000048,0.072739,0.71064,0.216572
GTGCGTGTATATGAGC-1,0.000047,0.960765,0.000142,0.039045
GTGCTCAAGTACTGTC-1,0.000064,0.179763,0.04338,0.776793
GTGGAACCTACATGCG-1,0.000074,0.744144,0.132174,0.123607
GTGGACCAACCCGATT-1,0.000111,0.067925,0.040725,0.891239
GTGGACGCATTTGTCC-1,0.00005,0.857584,0.078939,0.063426
GTGGACGTGCTGAGAC-1,0.175006,0.000052,0.000157,0.824784
GTGGAGCGTTTACCGA-1,0.000037,0.006485,0.00011,0.993369
GTGGAGTCGGCGGTTG-1,0.000031,0.372447,0.623569,0.003954
GTGGCAAACAGCGGCA-1,0.000038,0.041453,0.000115,0.958394
GTGGCGGTCCCAGCGT-1,0.000051,0.000051,0.000152,0.999746
GTGGGAACAAACCGGG-1,0.000021,0.884493,0.115403,0.000083
GTGGGAAGACTGAATC-1,0.000026,0.052004,0.013746,0.934224
GTGGGCTTAGACACAC-1,0.000058,0.013516,0.01713,0.969296
GTGGGTCTTCTTTGCG-1,0.153621,0.000035,0.021162,0.825182
GTGGTATAGTCTGCCG-1,0.00007,0.712617,0.217908,0.069405
GTGGTCAGCGAAGTAT-1,0.000033,0.800893,0.057598,0.141476
GTGGTGGCCAAGTGAA-1,0.000047,0.984272,0.000142,0.015538
GTGGTTACTTCTTTCG-1,0.000043,0.867387,0.065685,0.066885
GTGGTTTCCGCCTTTC-1,0.000033,0.000033,0.794106,0.205828
GTGTACCTTGGCTACG-1,0.000065,0.652842,0.264262,0.082831
GTGTATATCAGCGGGC-1,0.000025,0.370004,0.629871,0.000099
GTGTATGACTTTAAAG-1,0.004629,0.064689,0.000134,0.930547
GTGTCAGTGTACGTGG-1,0.000037,0.942096,0.0534,0.004467
GTGTCCGATAAGGCAT-1,0.00002,0.942312,0.00006,0.057608
GTGTCGTATAGCGTTC-1,0.000083,0.898919,0.000249,0.100748
GTGTCGTATTCACCTT-1,0.000454,0.621107,0.376624,0.001815
GTGTGAATAACTTAGG-1,0.000042,0.956172,0.019893,0.023893
GTGTGAGCCGAGGTGC-1,0.148648,0.000049,0.374,0.477304
GTGTTACTATGCGTCC-1,0.000055,0.911419,0.000166,0.088359
GTTAAAGTAGGACTGG-1,0.000013,0.295894,0.480662,0.22343
GTTAACATCACTTAAA-1,0.000028,0.400662,0.597377,0.001934
GTTAAGGGTGCGATGT-1,0.000034,0.504204,0.163007,0.332755
GTTAATGTCTATCTTA-1,0.00004,0.15794,0.145468,0.696551
GTTACAATTGGTGACG-1,0.026982,0.000075,0.010506,0.962437
GTTACCTACAACTTGC-1,0.000029,0.63231,0.352959,0.014701
GTTACGAAATCCACGC-1,0.000021,0.000021,0.013907,0.986052
GTTACGGCCCGACTGC-1,0.00002,0.096479,0.076595,0.826906
GTTACTTTGGGCCTAG-1,0.000066,0.239234,0.607095,0.153605
GTTAGAGTGTGCCGCT-1,0.000033,0.259606,0.507702,0.232658
GTTAGCCGTAAATCAA-1,0.000019,0.438105,0.430596,0.13128
GTTAGGCTACCCGTTT-1,0.000074,0.033419,0.000223,0.966284
GTTATATCAGGAGCCA-1,0.000034,0.579874,0.237817,0.182275
GTTATATTATCTCCCT-1,0.000052,0.547254,0.225402,0.227292
GTTATCACCTTCTGAA-1,0.073179,0.000397,0.189825,0.7366
GTTATTAAATACGACC-1,0.000018,0.521424,0.036098,0.44246
GTTATTAACGTGGGAG-1,0.00014,0.179554,0.091779,0.728528
GTTCAATCTATGTCAA-1,0.000038,0.942021,0.027183,0.030758
GTTCACAGGAGTCTAG-1,0.000114,0.000114,0.000343,0.999429
GTTCAGTCGCCAAATG-1,0.000025,0.847877,0.000075,0.152024
GTTCATCGTTTGGCTG-1,0.000026,0.315487,0.684382,0.000105
GTTCCAAGACAGCGAC-1,0.000048,0.073677,0.000144,0.926132
GTTCCAGTCTGACCAT-1,0.007333,0.000288,0.587498,0.404881
GTTCCGTCCGCCTGCA-1,0.000034,0.831564,0.168264,0.000138
GTTCGACAATTGTATA-1,0.00005,0.40827,0.582671,0.009009
GTTCGCCATAAGTGCC-1,0.000047,0.163885,0.624784,0.211284
GTTCGGGCGTACCATT-1,0.000047,0.836101,0.107802,0.05605
GTTCGTCTAAAGAACT-1,0.00003,0.498057,0.147692,0.354222
GTTCGTTGCGGACCAG-1,0.000108,0.046564,0.144251,0.809077
GTTCTTCCCTCGATGT-1,0.406018,0.055907,0.02122,0.516854
GTTCTTGTAACTCAAT-1,0.000068,0.834728,0.000204,0.165
GTTGAACCGGTTCCAT-1,0.000058,0.208458,0.221469,0.570016
GTTGAGTCCCGCCGGT-1,0.000037,0.9748,0.025015,0.000148
GTTGCACGGAGTTTCG-1,0.00007,0.123857,0.00021,0.875863
GTTGGACCGCATCAGG-1,0.000054,0.552503,0.237579,0.209864
GTTGGATTCAGTGGCT-1,0.000088,0.852085,0.000263,0.147565
GTTGGATTGAGAACAC-1,0.000054,0.989546,0.000163,0.010236
GTTGGATTTGCGTTGG-1,0.000077,0.256268,0.049023,0.694632
GTTGGTCATGCTATCC-1,0.000058,0.828633,0.000175,0.171135
GTTGTAGATTTATGAG-1,0.000045,0.780949,0.136283,0.082724
GTTGTCGTGTTAGTTG-1,0.000089,0.049718,0.055449,0.894744
GTTTACGTTCCATCTG-1,0.000046,0.999634,0.000137,0.000183
GTTTATGGGATTTAGA-1,0.000035,0.386225,0.142595,0.471145
GTTTCATATCGTCGCT-1,0.011956,0.000051,0.000153,0.98784
GTTTCCTGGAGGGTGA-1,0.000037,0.000037,0.646322,0.353605
GTTTCTGCAGTCTCCC-1,0.000038,0.7006,0.167917,0.131445
GTTTGACCAAATCCTA-1,0.005963,0.443609,0.271717,0.27871
GTTTGGCCCAAGTTAT-1,0.000057,0.945487,0.000171,0.054285
GTTTGGCCGCTCAGCG-1,0.000071,0.000071,0.000214,0.999644
GTTTGGGCTTGTGAGC-1,0.000038,0.800673,0.199136,0.000153
GTTTGGTAGGGTCAAC-1,0.000052,0.899406,0.000156,0.100385
GTTTGGTGATCGGTGC-1,0.000036,0.945351,0.054469,0.000144
TAAACCCAGGAGGGCA-1,0.000029,0.232445,0.71353,0.053997
TAAACGTCGTCAATGA-1,0.000034,0.064815,0.036306,0.898845
TAAAGAGCCCGAAACC-1,0.059631,0.113767,0.060027,0.766576
TAAAGCGGTATTTCCA-1,0.000021,0.548971,0.389056,0.061952
TAAAGCGTTAGGAGAA-1,0.000034,0.590068,0.339917,0.069981
TAAAGCTGCAATAGGG-1,0.000045,0.958456,0.000134,0.041365
TAAAGTGCACGTCTCG-1,0.00003,0.767505,0.12027,0.112195
TAAATGAATCCGTTTC-1,0.000048,0.000048,0.000143,0.999761
TAAATGCCGTCTCATG-1,0.000013,0.679748,0.222822,0.097418
TAAATTTAGTAACACC-1,0.000038,0.961453,0.006826,0.031683
TAACAAAGGGAGAAGC-1,0.014214,0.000054,0.000163,0.985569
TAACAGCGTTTGTGCT-1,0.000028,0.855888,0.087607,0.056477
TAACAGGTTCCCTTAG-1,0.00006,0.905597,0.000179,0.094165
TAACATACAATGTGGG-1,0.00004,0.601745,0.19278,0.205436
TAACATACACGCGATC-1,0.001425,0.40792,0.212405,0.37825
TAACCGCCCGCAGTGC-1,0.000072,0.08352,0.056561,0.859846
TAACCGTCCAGTTCAT-1,0.000713,0.000713,0.109253,0.889321
TAACCTACCGTCCGAG-1,0.000026,0.758091,0.209253,0.03263
TAACGCTTTGAGAGCG-1,0.05008,0.00009,0.00027,0.949561
TAACTATCGAAGGTCC-1,0.000063,0.04581,0.000188,0.953939
TAACTATTACGCCAAA-1,0.000026,0.717442,0.04376,0.238772
TAACTCATCCGCGCGG-1,0.000089,0.368259,0.186963,0.44469
TAACTCCATGGAGGCT-1,0.046931,0.011933,0.000141,0.940995
TAAGAGGGACAGGGAC-1,0.000621,0.55244,0.120657,0.326282
TAAGATTTAGCGGGAG-1,0.000061,0.000061,0.000184,0.999693
TAAGCAGGCGACACGC-1,0.000126,0.061246,0.036415,0.902213
TAAGCGCGAATCAAAT-1,0.000044,0.481156,0.42837,0.090429
TAAGGAACTTGTGGGA-1,0.000048,0.077175,0.048965,0.873812
TAAGGCAACATAAGAT-1,0.000018,0.306132,0.692606,0.001245
TAAGGCATAACATCAA-1,0.00003,0.677572,0.258342,0.064056
TAAGGCCCGTCACCCT-1,0.000037,0.652377,0.115455,0.23213
TAAGGCTGAATCCCTC-1,0.000038,0.753003,0.138652,0.108306
TAAGGGCTGGGAGAGG-1,0.000151,0.030487,0.064382,0.904981
TAAGTAAATGTGCCGC-1,0.000012,0.79707,0.000048,0.20287
TAAGTAACATCTTGAC-1,0.000209,0.374594,0.099781,0.525417
TAAGTCGCCGAGTATC-1,0.000396,0.22788,0.235383,0.536341
TAAGTTGCGACGTAGG-1,0.000035,0.595549,0.232684,0.171732
TAATAAACAAGGAGAT-1,0.000026,0.449128,0.32322,0.227627
TAATACACAGTAGTAT-1,0.000085,0.479646,0.237904,0.282365
TAATAGAACAGAGTTA-1,0.000086,0.251842,0.451071,0.297001
TAATAGGTCACCAGAA-1,0.000218,0.089637,0.15399,0.756155
TAATAGTGACGACCAG-1,0.000048,0.856885,0.047062,0.096006
TAATATTGAAATTCGC-1,0.000049,0.022108,0.203291,0.774551
TAATCGATCCGTACGT-1,0.000061,0.836922,0.004063,0.158954
TAATGAAAGACCCTTG-1,0.000066,0.150532,0.059489,0.789913
TAATTAGATGGATATG-1,0.064281,0.000054,0.019433,0.916232
TAATTAGGACATCCGT-1,0.000192,0.731189,0.183561,0.085058
TAATTGGAATCGGGAA-1,0.000036,0.756286,0.226418,0.01726
TACAACGCACAACTCA-1,0.000126,0.504255,0.162539,0.333079
TACAAGCTGTTCACTG-1,0.000051,0.25051,0.038319,0.71112
TACAAGTCTCGTGCAT-1,0.000094,0.000094,0.000283,0.999528
TACAATGAAACCAGCA-1,0.000027,0.271201,0.030088,0.698684
TACAGAAACGGTGGGC-1,0.00275,0.537971,0.262677,0.196601
TACATAGGCATACACC-1,0.000052,0.441059,0.406267,0.152621
TACATCCCTATCCCTG-1,0.007686,0.000034,0.025687,0.966594
TACATTTCTAACGTGC-1,0.000041,0.340624,0.516577,0.142757
TACCAAATAGCCCAGA-1,0.000029,0.99255,0.000087,0.007333
TACCAATAAAGTACCA-1,0.000032,0.617826,0.157253,0.224889
TACCAGAAGTAGGTTC-1,0.000033,0.364217,0.552263,0.083486
TACCAGCTAGGTTTAA-1,0.000101,0.106545,0.760927,0.132427
TACCAGGAATCCCGTC-1,0.000033,0.852633,0.118128,0.029205
TACCGCGGACTTGCAG-1,0.000054,0.886444,0.051694,0.061807
TACCGGCTCACTGCCC-1,0.000037,0.709137,0.253116,0.037711
TACCGGTCGTTTCCAT-1,0.000208,0.000208,0.000625,0.998959
TACCGTAGGTTAACTA-1,0.000042,0.918374,0.044121,0.037463
TACCGTGCCTCGGACC-1,0.00004,0.732433,0.182758,0.084769
TACCTACTCCCAGTAT-1,0.000048,0.945144,0.003768,0.05104
TACCTCACGCTTGTAC-1,0.000149,0.132397,0.000448,0.867005
TACCTCAGTTGTCTGT-1,0.000066,0.891396,0.000197,0.108341
TACCTCCACACCAATG-1,0.000043,0.526891,0.330596,0.14247
TACCTGCTGCACTGTG-1,0.000112,0.000112,0.024349,0.975427
TACCTTAAGATTTCCC-1,0.000897,0.230515,0.119628,0.648961
TACGAACACGACTTCA-1,0.000046,0.204897,0.143854,0.651203
TACGACGCTTGCTGCG-1,0.000051,0.592853,0.321443,0.085652
TACGACTGCCTCTTAG-1,0.000036,0.649724,0.21003,0.140211
TACGAGAACTTCACGT-1,0.017291,0.000075,0.000225,0.982409
TACGATCCAAGCCACT-1,0.000028,0.295261,0.5958,0.108911
TACGATGTTGATCATC-1,0.000092,0.000092,0.027147,0.972669
TACGCAGTTCTTTCCT-1,0.000072,0.330843,0.356166,0.312919
TACGCCATATTCTAAT-1,0.000038,0.277928,0.598428,0.123606
TACGCCGAGGGTACCC-1,0.000063,0.314994,0.551589,0.133354
TACGCCTCCATTCCGA-1,0.000058,0.856009,0.10349,0.040442
TACGCTATAGAAACCT-1,0.000033,0.823189,0.079143,0.097635
TACGCTCCTAGAACTG-1,0.000039,0.926539,0.038927,0.034495
TACGGGATGCTAGCAG-1,0.00003,0.560157,0.402599,0.037214
TACGTACTAGTGCTGA-1,0.00004,0.790975,0.00012,0.208865
TACGTGCACTATGCTG-1,0.000069,0.000069,0.000207,0.999656
TACGTTTACCGGCAAT-1,0.000104,0.000104,0.000312,0.99948
TACTATGGTTCCTCAG-1,0.000055,0.84723,0.096753,0.055962
TACTCCTCTAGTTGAC-1,0.000024,0.553572,0.424592,0.021811
TACTCGGCACGCCGGG-1,0.00007,0.088808,0.144888,0.766234
TACTCTCCGAACAAAT-1,0.000036,0.888419,0.072151,0.039394
TACTCTTTCGTCTTCA-1,0.000056,0.452775,0.174353,0.372816
TACTGAACAGATTTAG-1,0.000047,0.580996,0.178203,0.240754
TACTGCAATCAATTAC-1,0.000046,0.970864,0.000138,0.028952
TACTGCATGATTAAAT-1,0.000038,0.896516,0.000113,0.103333
TACTGGACAGCTCGGC-1,0.000185,0.000185,0.000556,0.999073
TACTTGTTAGTAGTCC-1,0.000057,0.972884,0.02629,0.00077
TACTTTACTGAGCCGG-1,0.00004,0.8724,0.083863,0.043697
TACTTTCCGCACGCCA-1,0.00005,0.031381,0.041779,0.926789
TAGAAACCACTAAGTA-1,0.000018,0.217516,0.782394,0.000072
TAGAAAGGTGGCGCTA-1,0.000038,0.880522,0.016975,0.102466
TAGAAATTCACGTATA-1,0.000024,0.017204,0.051096,0.931675
TAGAACGCCAGTAACG-1,0.000077,0.533799,0.259447,0.206676
TAGAATTAAGGGCAAC-1,0.000124,0.6661,0.234036,0.09974
TAGACGAAACGCCAAT-1,0.000046,0.702422,0.083989,0.213543
TAGACGCCCGTACCGG-1,0.000041,0.857178,0.142615,0.000166
TAGACTACCTAGCGTT-1,0.000045,0.588219,0.327041,0.084695
TAGAGATCATGCAACT-1,0.00012,0.00012,0.000361,0.999399
TAGAGCTACGAAGAAC-1,0.00007,0.208969,0.000211,0.790749
TAGAGGGAGTTTATCT-1,0.000069,0.476418,0.278483,0.245031
TAGAGGTTCTACTTGT-1,0.000389,0.8141,0.173164,0.012348
TAGAGTCTAAGCGAAC-1,0.005678,0.324292,0.212123,0.457907
TAGATATGGACTGGAA-1,0.00003,0.368467,0.567727,0.063775
TAGATCCGAAGTCGCA-1,0.000055,0.298303,0.632968,0.068674
TAGATTCAAAGTGCGG-1,0.000039,0.925755,0.037421,0.036785
TAGATTCCTGGTTATT-1,0.00011,0.060076,0.042946,0.896867
TAGCAACCTGTCACAA-1,0.000065,0.04607,0.048702,0.905163
TAGCCAGAGGGTCCGG-1,0.05894,0.53749,0.001951,0.40162
TAGCCATTTCAAAGTC-1,0.000041,0.794494,0.094109,0.111356
TAGCCGGCGGTCAGCG-1,0.000044,0.989252,0.000131,0.010573
TAGCGTCCGGTGTGGT-1,0.000045,0.902433,0.051943,0.045579
TAGCGTTGGGTCTTAC-1,0.000044,0.51397,0.349675,0.136312
TAGCTAAGTCCGGGAG-1,0.000066,0.425513,0.062473,0.511948
TAGCTAGAAGGCATGA-1,0.000037,0.512238,0.352692,0.135032
TAGCTAGTGATGATGG-1,0.000058,0.931021,0.011038,0.057884
TAGCTCGCCTGATAAC-1,0.00003,0.600962,0.315107,0.083901
TAGCTGATGTGAAGCG-1,0.000081,0.000081,0.000244,0.999593
TAGGAACAGCCTCCAG-1,0.000028,0.819663,0.119773,0.060536
TAGGCATGTTACGCCA-1,0.000051,0.765074,0.035364,0.199512
TAGGGAGCTTGGGATG-1,0.000023,0.440648,0.440883,0.118446
TAGGGTGTTTCAAGAG-1,0.008527,0.071004,0.104886,0.815584
TAGGTCCAAGTAAGGA-1,0.000061,0.001667,0.000182,0.998089
TAGGTCGCCGGAACTG-1,0.000028,0.999778,0.000083,0.000111
TAGGTGACGATAACCT-1,0.000075,0.9012,0.000224,0.098501
TAGGTGAGCCCTACTC-1,0.000103,0.000103,0.000309,0.999485
TAGGTGCTCGCCTAGC-1,0.000041,0.934319,0.065478,0.000163
TAGGTGTTCCACAGAT-1,0.000039,0.892507,0.093688,0.013766
TAGGTTCGAGTTCGTC-1,0.005413,0.571957,0.384728,0.037902
TAGGTTCTGCTGAGAA-1,0.000037,0.643218,0.313319,0.043426
TAGTAGCTTATACCAG-1,0.000039,0.768782,0.153914,0.077265
TAGTCCCGGAGACCAC-1,0.000047,0.999628,0.00014,0.000186
TAGTCCGCAGAGAATG-1,0.000042,0.209237,0.604273,0.186448
TAGTCCGTATGCATAA-1,0.000031,0.06498,0.018277,0.916712
TAGTCGATCACGGGTT-1,0.000067,0.690562,0.066023,0.243348
TAGTCTAACAACGAGA-1,0.000047,0.070423,0.018822,0.910708
TAGTCTGCGGCACATT-1,0.000074,0.948386,0.000222,0.051318
TAGTCTGTGACGTTGC-1,0.00006,0.987191,0.00018,0.01257
TAGTGAGAAGTGGTTG-1,0.017603,0.025997,0.332176,0.624223
TAGTGCCCTCCAGAGT-1,0.052419,0.252047,0.247285,0.44825
TAGTGGAACTCATACA-1,0.027684,0.686805,0.243525,0.041986
TAGTGTCAGAAACGGC-1,0.000116,0.139359,0.054922,0.805604
TAGTTAAGATAGGATA-1,0.000069,0.482525,0.364553,0.152854
TAGTTTATTCTTGCTT-1,0.000522,0.239913,0.066201,0.693364
TATAAATCCACAAGCT-1,0.000043,0.081014,0.038756,0.880187
TATAAGTGAGGATAGC-1,0.000071,0.032787,0.000214,0.966927
TATACACAGACGCCTT-1,0.000045,0.799017,0.100606,0.100332
TATACACGCAAAGTAT-1,0.000066,0.000894,0.000198,0.998842
TATACGCGTCATCACT-1,0.000031,0.498035,0.480614,0.02132
TATACTCATGCGGCAA-1,0.000175,0.000175,0.231635,0.768016
TATAGAGTCGCTTGAA-1,0.000189,0.99849,0.000566,0.000755
TATAGATGGTCGCAGT-1,0.000035,0.554401,0.085161,0.360403
TATAGGGTACTCATGA-1,0.000073,0.000073,0.016824,0.983029
TATATAGGGCTTTACG-1,0.000042,0.877584,0.047958,0.074417
TATATATCGAGAAATG-1,0.000024,0.260861,0.704094,0.035021
TATATCAAAGTGATCT-1,0.000036,0.912792,0.000107,0.087066
TATATCCCTGGGAGGA-1,0.000038,0.972732,0.000114,0.027117
TATATTACAAATGTCG-1,0.000021,0.746497,0.014444,0.239038
TATATTCGCGTCGATA-1,0.000329,0.358787,0.075501,0.565383
TATCACAGCACGGGCA-1,0.000072,0.630746,0.010946,0.358236
TATCACCATGTAAAGT-1,0.000038,0.914328,0.031132,0.054502
TATCACCCAACCGACC-1,0.000046,0.899822,0.000139,0.099993
TATCACTTCGAGTAAC-1,0.000049,0.940592,0.000148,0.059211
TATCCAATTGGTTATC-1,0.000054,0.85551,0.021301,0.123136
TATCCATATCATGCGA-1,0.000077,0.078162,0.071159,0.850602
TATCCATCTCGGTTAG-1,0.000691,0.022003,0.102672,0.874634
TATCCGCACCGTCGGG-1,0.000046,0.726996,0.255068,0.01789
TATCCTATCAACTGGT-1,0.000041,0.930236,0.000122,0.069601
TATCCTGCATGGGAAT-1,0.082098,0.109751,0.060568,0.747582
TATCGATCTATGCATA-1,0.000043,0.887763,0.014957,0.097238
TATCGATGATTAAACG-1,0.000046,0.079738,0.360807,0.55941
TATCTACAGAGGTAAT-1,0.000109,0.000109,0.000327,0.999454
TATCTACCACAGCGGG-1,0.000034,0.475145,0.438619,0.086201
TATCTAGCCTAAAGGA-1,0.000039,0.038913,0.000118,0.96093
TATCTTGCAATACAAC-1,0.000025,0.000025,0.130097,0.869853
TATGAAGACAGGTGCG-1,0.000056,0.000056,0.000168,0.999719
TATGATAAATCTAACG-1,0.000034,0.308956,0.690876,0.000135
TATGATCCGGCACGCC-1,0.000033,0.181504,0.791004,0.027459
TATGATCTTCTCTTTA-1,0.000093,0.624096,0.163334,0.212478
TATGATTCTGCTTGGT-1,0.000058,0.000058,0.049047,0.950837
TATGCTCCCTACTTAC-1,0.000047,0.231508,0.537493,0.230952
TATGGAGTTTCTCGTT-1,0.008638,0.000059,0.000177,0.991126
TATGGATGTGCTACGC-1,0.000061,0.082736,0.354549,0.562654
TATGGCAGACTTTCGA-1,0.000076,0.035552,0.059914,0.904459
TATGGCCCGGCCTCGC-1,0.000086,0.000086,0.000257,0.999572
TATGGGACCGAGCAGG-1,0.000032,0.148469,0.381896,0.469603
TATGGGTACGTATCGT-1,0.000037,0.272827,0.298415,0.428721
TATGGTCTGAGTAACA-1,0.000036,0.447444,0.299648,0.252873
TATGGTTAGTGGGAGA-1,0.000041,0.728672,0.091051,0.180236
TATGTAAAGTGCTTAA-1,0.000033,0.999739,0.000098,0.000131
TATGTCAAGACCGACT-1,0.000057,0.859353,0.004194,0.136396
TATGTCTCATTGTGCC-1,0.000044,0.553094,0.252653,0.194208
TATTAACACCAAAGCA-1,0.00007,0.610442,0.056378,0.33311
TATTAACCTGACCGCG-1,0.00005,0.748064,0.087218,0.164667
TATTACCATCCTGCTT-1,0.000037,0.664207,0.313577,0.022179
TATTATGTTTGCCTGC-1,0.000049,0.098592,0.033793,0.867566
TATTCAATTCTAATCC-1,0.000052,0.85154,0.083175,0.065232
TATTCCACTCAGCTCG-1,0.000045,0.540014,0.398513,0.061428
TATTCCGAGCTGTTAT-1,0.000055,0.700445,0.105909,0.19359
TATTCCGGCAGTCCTA-1,0.000951,0.069379,0.049986,0.879685
TATTCCTCCGCCCACT-1,0.180973,0.000393,0.144386,0.674248
TATTCGTGCCAGAATA-1,0.000027,0.263394,0.632046,0.104533
TATTTAGTCTAGATCG-1,0.061534,0.152199,0.183336,0.602931
TATTTATACCGAGTAG-1,0.000147,0.760289,0.132342,0.107222
TATTTGTTACCCTTTA-1,0.000085,0.081018,0.000255,0.918642
TCAAACAACCGCGTCG-1,0.000057,0.537688,0.156265,0.30599
TCAAACTTAGATTGTT-1,0.000034,0.498112,0.400718,0.101136
TCAAAGAGCTATCTGT-1,0.000113,0.000113,0.000338,0.999436
TCAAATTTGAGACTCA-1,0.000025,0.536838,0.336688,0.12645
TCAACAAAGATAATTC-1,0.000967,0.214758,0.205171,0.579105
TCAACACATTGGGTAA-1,0.077927,0.00529,0.02986,0.886923
TCAACATAGCGCCCTA-1,0.000036,0.668797,0.126289,0.204878
TCAACATCGACCGAGA-1,0.000028,0.073885,0.021269,0.904817
TCAACCATGTTCGGGC-1,0.000066,0.131866,0.06665,0.801419
TCAACGAGGAGACAAA-1,0.000037,0.61353,0.274962,0.11147
TCAACGCAGGAAATAA-1,0.078308,0.000236,0.60014,0.321316
TCAACGCGACCGGCAG-1,0.00008,0.00008,0.00024,0.999601
TCAACTAACGTATAAC-1,0.000051,0.067591,0.018645,0.913713
TCAAGAAATACTAGCT-1,0.000032,0.756606,0.138542,0.10482
TCAAGGTTACTACACC-1,0.000195,0.839154,0.017733,0.142919
TCAATACGCCGTCATG-1,0.000025,0.587353,0.173888,0.238735
TCACAGATCCTCAAAC-1,0.000069,0.085905,0.037779,0.876248
TCACAGCAAACTCGAA-1,0.000018,0.356743,0.643167,0.000072
TCACAGGAGAATAAGA-1,0.00004,0.729963,0.136752,0.133245
TCACAGGGAATCGCAA-1,0.000046,0.932913,0.062897,0.004144
TCACAGGTTATTGGGC-1,0.027572,0.000026,0.701614,0.270788
TCACATCTTATCTGAT-1,0.000089,0.039634,0.000268,0.960009
TCACCCTCTTAAGATT-1,0.00004,0.654225,0.272676,0.073059
TCACCGCTCGGCACTC-1,0.000068,0.875412,0.026527,0.097993
TCACGATGTCCGTGGA-1,0.001684,0.001685,0.466505,0.530126
TCACGCATTGTAGATC-1,0.000067,0.320576,0.029868,0.649488
TCACGGTCATCGCACA-1,0.000056,0.042332,0.03395,0.923662
TCACGTGCCCGATTCA-1,0.000027,0.289235,0.271751,0.438987
TCACTACGACCAATGC-1,0.000044,0.803294,0.061856,0.134806
TCACTATCGTGCAATC-1,0.000131,0.00004,0.080805,0.919025
TCACTCGTGCAACGGC-1,0.000054,0.801949,0.002933,0.195065
TCACTCTTCGTCTGTC-1,0.000029,0.460926,0.042365,0.496681
TCAGAACCTCCACAGG-1,0.000024,0.687339,0.309273,0.003364
TCAGACGCTATAGAAG-1,0.000044,0.846445,0.000132,0.153379
TCAGCAAATGCATCTC-1,0.000024,0.387656,0.598947,0.013373
TCAGCAGTAGGCCCTG-1,0.000037,0.582252,0.220207,0.197503
TCAGGGCGCAAACTCG-1,0.000069,0.100847,0.070954,0.828129
TCAGGGTGCACGAAAC-1,0.000022,0.865024,0.098087,0.036867
TCAGGGTGTAACGTAA-1,0.000038,0.614121,0.288936,0.096905
TCAGGTTCTTTGAGAA-1,0.000048,0.021965,0.006658,0.971329
TCAGTACTGACCCGCG-1,0.112453,0.000047,0.00014,0.88736
TCAGTAGGGACTATAA-1,0.000029,0.411235,0.525538,0.063197
TCAGTGTATACGTCAT-1,0.000064,0.534502,0.428204,0.03723
TCAGTTACGGAATGAT-1,0.00023,0.315182,0.516719,0.167868
TCATACTTACAGATCC-1,0.000123,0.253011,0.000368,0.746499
TCATATGAGCTTTGTT-1,0.000036,0.597262,0.29806,0.104641
TCATCACTCGAGCTCG-1,0.000059,0.001449,0.000178,0.998313
TCATCCCAGAGGGTGG-1,0.000051,0.026489,0.973257,0.000203
TCATCGATGGTCCCAA-1,0.000074,0.159392,0.65339,0.187143
TCATGCAGGTTCTCAT-1,0.00004,0.495474,0.38029,0.124196
TCATTCGTATAATTTG-1,0.00002,0.068551,0.882955,0.048474
TCATTTAAGTCTCCGA-1,0.000029,0.621872,0.353017,0.025082
TCCAACTTTAAATTCT-1,0.000052,0.147658,0.049265,0.803024
TCCAATAAAGGCTACC-1,0.000094,0.885582,0.062282,0.052042
TCCACAATGGTTTACG-1,0.000076,0.000076,0.000229,0.999618
TCCACATCGTATATTG-1,0.000058,0.61771,0.254038,0.128195
TCCACCTCTAGCCTTT-1,0.000109,0.945167,0.043715,0.011009
TCCACTTTATCTAGGT-1,0.00004,0.744136,0.00012,0.255703
TCCAGAGCACCGGTTC-1,0.000035,0.617922,0.239974,0.142069
TCCAGATGTACGCCAA-1,0.000036,0.680051,0.023815,0.296098
TCCAGGCAGGACGATC-1,0.000032,0.52365,0.164514,0.311803
TCCAGGCGAGTACGGT-1,0.000056,0.435251,0.361515,0.203178
TCCAGGGTATATACGA-1,0.000026,0.450438,0.346462,0.203073
TCCATTAGTTGGATAG-1,0.028215,0.011833,0.023776,0.936177
TCCATTGTGACCTCGT-1,0.000131,0.414654,0.383997,0.201218
TCCCAAACAGACAACG-1,0.00002,0.618248,0.18202,0.199711
TCCCAAAGACGAAGGA-1,0.000031,0.328255,0.161931,0.509783
TCCCACTCTCTTCCGG-1,0.00005,0.637272,0.103957,0.258721
TCCCAGCTTTAGTCTG-1,0.000044,0.241415,0.568723,0.189818
TCCCAGGCTTAGCTAA-1,0.000056,0.184193,0.017745,0.798006
TCCCGCGTACTCCTGG-1,0.000044,0.491089,0.158663,0.350203
TCCCGGGTGTGCTGCT-1,0.000094,0.000094,0.000281,0.999532
TCCCGGTCAGGAATTT-1,0.000059,0.098277,0.000177,0.901486
TCCCGTCAGTCCCGCA-1,0.000038,0.476586,0.432187,0.091189
TCCCGTGTGCAATTTG-1,0.000051,0.978726,0.000154,0.02107
TCCCTCCGAAATCGTT-1,0.000036,0.032939,0.081439,0.885587
TCCCTGGCGTATTAAC-1,0.000044,0.102255,0.058326,0.839376
TCCCTGGCTCGCTGGA-1,0.000122,0.000122,0.000367,0.999388
TCCCTTAGATTACTCG-1,0.000064,0.888848,0.051116,0.059973
TCCGAACTTGGCTTAC-1,0.000088,0.000088,0.016192,0.983632
TCCGAAGTAGTCACCA-1,0.000048,0.430637,0.381182,0.188132
TCCGAATGGTCCTGAG-1,0.000042,0.5343,0.304723,0.160936
TCCGACCGCTAATCAA-1,0.000029,0.735171,0.222326,0.042474
TCCGAGAAGGCTAAGC-1,0.000046,0.11846,0.000139,0.881354
TCCGATAATTGCCATA-1,0.000114,0.332962,0.26249,0.404434
TCCGATGACTGAGCTC-1,0.000052,0.594321,0.236876,0.168751
TCCGATGGTGCGACAT-1,0.000072,0.288665,0.187701,0.523563
TCCGATTACATTGCCG-1,0.000111,0.0092,0.000333,0.990356
TCCGCAGCCACCTAGC-1,0.000026,0.348291,0.461386,0.190297
TCCGCCTGTCTACAAG-1,0.000047,0.663663,0.301118,0.035171
TCCGCGGCAGCATCTG-1,0.000053,0.97734,0.000159,0.022447
TCCGCTGTCATCCCGG-1,0.000043,0.947886,0.000128,0.051943
TCCGCTTATCCCATTA-1,0.000053,0.89305,0.037937,0.06896
TCCGGAGGAAGGGCTG-1,0.00001,0.683372,0.178108,0.13851
TCCGGCCTAGCGTACA-1,0.000043,0.985166,0.000128,0.014664
TCCGGCCTGCATCGAT-1,0.000021,0.685466,0.238595,0.075918
TCCGGTTCGTCCGGTC-1,0.000033,0.468464,0.449226,0.082277
TCCGTAACCACAATCC-1,0.000127,0.000127,0.000382,0.999363
TCCGTTTAGCCTTGAA-1,0.000057,0.779302,0.200827,0.019815
TCCTAAATTGGGAAGC-1,0.00003,0.847484,0.132778,0.019708
TCCTAACCGTCGGGCA-1,0.000037,0.970009,0.00261,0.027344
TCCTACATCCACGGCC-1,0.000031,0.536357,0.463488,0.000124
TCCTAGCAAAGAAGCT-1,0.000033,0.112003,0.520592,0.367371
TCCTCCTAAGACATTC-1,0.000061,0.000061,0.000184,0.999694
TCCTCGGGCTGGGCTT-1,0.000064,0.827249,0.036048,0.136639
TCCTCTACGAGATGGC-1,0.000178,0.000178,0.000535,0.999108
TCCTCTCCAGTTGTCC-1,0.000076,0.056499,0.000228,0.943197
TCCTCTGGCCCATTAG-1,0.000053,0.805534,0.077348,0.117065
TCCTGCCAACTGGAGA-1,0.000042,0.742049,0.136422,0.121487
TCCTGCGTTGATACTC-1,0.00011,0.00011,0.031524,0.968256
TCCTGGCGCTGCCTGG-1,0.000018,0.836288,0.095146,0.068547
TCCTTACGACGGTCCG-1,0.000037,0.845461,0.117037,0.037465
TCCTTCAGTGGTCGAA-1,0.000041,0.319105,0.60484,0.076014
TCCTTGTCCTTTAATT-1,0.000112,0.568947,0.383871,0.04707
TCCTTTAAATCCGCTT-1,0.000074,0.518499,0.116842,0.364585
TCCTTTCTTACGCTTA-1,0.000035,0.176005,0.785484,0.038477
TCGAAATTTAGGACCA-1,0.00005,0.122453,0.144594,0.732903
TCGAAGAACCGAGCAC-1,0.000023,0.714576,0.219276,0.066125
TCGAATATCCCGCAGG-1,0.000048,0.301771,0.565492,0.132689
TCGAATCGCAGGGTAG-1,0.000031,0.711981,0.278943,0.009044
TCGACAACTGAACCCG-1,0.000031,0.106128,0.003366,0.890474
TCGACATAGCGTAGCG-1,0.000479,0.817008,0.059882,0.122631
TCGAGACCAACACCGT-1,0.000022,0.071617,0.907896,0.020465
TCGAGCCAGGCAGGCC-1,0.000033,0.137219,0.746235,0.116512
TCGATAGGCTAGTCGC-1,0.000047,0.005879,0.000141,0.993932
TCGCAAAGATGCATTT-1,0.000038,0.934811,0.041171,0.02398
TCGCACCAGGAGGCAG-1,0.000036,0.59316,0.288628,0.118175
TCGCATCCCTAAGTGT-1,0.000097,0.000097,0.000291,0.999516
TCGCATTCAATGACTT-1,0.000068,0.050063,0.026477,0.923392
TCGCCCAACTGACTCC-1,0.000031,0.52301,0.378583,0.098375
TCGCCGAAGTTGCGTC-1,0.000064,0.253459,0.267069,0.479408
TCGCCGGAGAGTCTTA-1,0.016894,0.455191,0.266369,0.261547
TCGCCGGTCGATCCGT-1,0.003838,0.212485,0.090445,0.693232
TCGCCTCGACCTGTTG-1,0.000069,0.248931,0.139568,0.611431
TCGCGTCCAGAAGGTC-1,0.000072,0.000072,0.000216,0.99964
TCGCTAAACCGCTATC-1,0.000031,0.590366,0.046639,0.362964
TCGCTACTGGCTTTGA-1,0.000073,0.730371,0.215322,0.054234
TCGCTCGATATATTCC-1,0.000049,0.355654,0.412104,0.232194
TCGCTCGGCACCAGCG-1,0.000044,0.89229,0.052434,0.055233
TCGCTGGGCGGATTGT-1,0.000046,0.615705,0.325408,0.05884
TCGCTGTGCGTAAATC-1,0.00003,0.00003,0.817087,0.182852
TCGCTTTAAACGTTTG-1,0.000046,0.764932,0.079041,0.155981
TCGGAATGACCATCAA-1,0.011344,0.254419,0.6097,0.124537
TCGGAATGCGCTCTGA-1,0.000111,0.045955,0.000334,0.9536
TCGGACGCCCAGCCCA-1,0.000038,0.639559,0.263572,0.096832
TCGGAGAGTATCGGGA-1,0.000109,0.000109,0.000327,0.999455
TCGGAGTACATGAGTA-1,0.000043,0.707494,0.217647,0.074816
TCGGCGTACTGCACAA-1,0.000016,0.000016,0.170277,0.829691
TCGGCTAACTTCCCTT-1,0.000089,0.37172,0.381443,0.246748
TCGGGAACGTGCCTAG-1,0.000036,0.661491,0.20836,0.130113
TCGGGAGACAGCGTAC-1,0.000036,0.536216,0.345857,0.117892
TCGGGATTCAAACATA-1,0.000041,0.003963,0.000124,0.995871
TCGGGCACTTCTGGAT-1,0.167685,0.119355,0.00743,0.70553
TCGGGCCGTCGTGGTA-1,0.000053,0.968151,0.007487,0.02431
TCGGGTGAAACTGCTA-1,0.000993,0.229167,0.179819,0.590021
TCGGTCCCGACAATAG-1,0.002098,0.487423,0.006294,0.504185
TCGGTCCCTGACTCCA-1,0.000043,0.968406,0.000128,0.031424
TCGGTGACCGCTCCGG-1,0.000015,0.71486,0.101844,0.18328
TCGGTTAGCCATGTAG-1,0.000022,0.668686,0.261316,0.069976
TCGTAAGACGACATTG-1,0.000051,0.667077,0.255707,0.077165
TCGTAAGCTCCGAGGA-1,0.000028,0.984754,0.000085,0.015132
TCGTACCGACGTCAAG-1,0.000038,0.652019,0.099879,0.248064
TCGTATAGTGCAATTA-1,0.000654,0.000654,0.712315,0.286377
TCGTATTACCCATTGC-1,0.028087,0.000076,0.031493,0.940343
TCGTATTTCGTCCGGA-1,0.000049,0.80758,0.124956,0.067415
TCGTCAAGTACGCGCA-1,0.000053,0.546132,0.361759,0.092056
TCGTCACACTGTTAGC-1,0.000061,0.000061,0.000182,0.999696
TCGTCCGCTGGCGTCT-1,0.000027,0.000027,0.114063,0.885882
TCGTCTTAGGCGTTAA-1,0.000041,0.762926,0.013038,0.223995
TCGTGTACTATGGATG-1,0.000662,0.735725,0.001985,0.261628
TCGTGTCACGCTGACA-1,0.000143,0.000143,0.000429,0.999284
TCGTTAGGAGTCCCTA-1,0.000038,0.741535,0.059468,0.19896
TCGTTCGTTATTATGT-1,0.001917,0.370856,0.23228,0.394947
TCGTTGCTATCCGGTC-1,0.000068,0.660865,0.268821,0.070246
TCGTTGGCTCGTCAAT-1,0.000073,0.000073,0.016853,0.983001
TCTAAAGAACAGTCTC-1,0.000027,0.421472,0.048758,0.529743
TCTAACTGTATGTAAA-1,0.000033,0.245298,0.078482,0.676187
TCTAATACTGCCTCAG-1,0.000662,0.26601,0.20784,0.525488
TCTACACGTTCATGCA-1,0.000024,0.905894,0.000073,0.094009
TCTACCGTCCACAAGC-1,0.000029,0.465878,0.467027,0.067066
TCTAGCAATCTCCGCC-1,0.000488,0.070269,0.001463,0.92778
TCTAGCATCTTCGATG-1,0.000053,0.000053,0.019158,0.980735
TCTAGCATGCCCAGAA-1,0.000038,0.937003,0.062807,0.000152
TCTAGGTGGCGACGCT-1,0.000035,0.795486,0.106727,0.097752
TCTAGTGATATCGTGG-1,0.000034,0.328623,0.352319,0.319023
TCTAGTTATCAGAAGA-1,0.00008,0.490835,0.066285,0.4428
TCTATCATGCAGTTAC-1,0.000065,0.039984,0.011601,0.94835
TCTATCGGTCGCAACA-1,0.000057,0.302112,0.530503,0.167328
TCTATTACGCTGGCGA-1,0.009833,0.00003,0.000091,0.990045
TCTATTACTAGAGGAT-1,0.000041,0.000041,0.000122,0.999797
TCTCATGAGATAGGGT-1,0.000027,0.638576,0.270082,0.091315
TCTCCAACGTAGGTTA-1,0.000043,0.50269,0.44801,0.049257
TCTCCCTGGGCAGCGT-1,0.00004,0.577436,0.060632,0.361892
TCTCGAACGAGGTCAC-1,0.000046,0.792333,0.016428,0.191193
TCTCGGCTCCAGGACT-1,0.000646,0.030712,0.00194,0.966702
TCTCTAATAGCTGGTA-1,0.037709,0.131391,0.023955,0.806945
TCTCTTACCGCGAACC-1,0.000035,0.873143,0.000157,0.126666
TCTGAACCGGTCGGCT-1,0.000057,0.000057,0.000171,0.999715
TCTGAACTCGTACCCG-1,0.000054,0.873005,0.000476,0.126465
TCTGAAGCACGTGGTC-1,0.000032,0.524726,0.321101,0.154141
TCTGAATTCCGTACAA-1,0.000038,0.904578,0.000113,0.095272
TCTGACTGTAATGGTT-1,0.037995,0.058976,0.032744,0.870285
TCTGATGTATTCTGTC-1,0.000023,0.129222,0.860279,0.010476
TCTGCCAGAAACTGCA-1,0.000041,0.877839,0.000123,0.121997
TCTGGGAACCTTTGAA-1,0.000032,0.619447,0.32272,0.057801
TCTGGGTAGCGCTCAT-1,0.080572,0.000086,0.064118,0.855224
TCTGTCATACAAGAGC-1,0.00006,0.080588,0.000179,0.919173
TCTGTGACTGACCGTT-1,0.02898,0.059379,0.128673,0.782968
TCTGTGCCATCATAGT-1,0.000042,0.869731,0.039494,0.090733
TCTGTGGCTACATTTC-1,0.000029,0.183841,0.001125,0.815006
TCTGTTACCCAGCATA-1,0.073921,0.345323,0.41532,0.165436
TCTTACAGAGGTACCG-1,0.021438,0.055772,0.009315,0.913475
TCTTACCGGAACTCGT-1,0.000054,0.910716,0.000272,0.088958
TCTTACGGCATCCGAC-1,0.000115,0.000115,0.000346,0.999423
TCTTACTTATGCCTCT-1,0.000038,0.374686,0.52847,0.096805
TCTTAGAGCTCCAATT-1,0.000081,0.890501,0.000242,0.109176
TCTTAGAGTGAACTCT-1,0.000044,0.750387,0.021414,0.228156
TCTTCCCATGGGCACA-1,0.000034,0.962384,0.037448,0.000134
TCTTCGAATAGACGTT-1,0.000053,0.675233,0.141775,0.182938
TCTTCGATACCAATAA-1,0.000028,0.496396,0.381127,0.122449
TCTTGATGCGTAGCGA-1,0.000033,0.594039,0.311385,0.094543
TCTTGCTCCCGATACT-1,0.000035,0.810049,0.076078,0.113838
TCTTGGTAACACCAAA-1,0.000048,0.312725,0.287709,0.399517
TCTTTAAGACTATGAA-1,0.000039,0.901391,0.061015,0.037555
TCTTTCGGCGGGACAC-1,0.000331,0.561714,0.105569,0.332386
TCTTTCTCTTAAGGAG-1,0.000103,0.502615,0.448877,0.048406
TGAAACCTCAACTCAC-1,0.000089,0.032514,0.143458,0.823939
TGAAACTTATGCAAGC-1,0.000073,0.537552,0.302188,0.160187
TGAAAGGACCTGACTC-1,0.000054,0.872821,0.032126,0.094999
TGAACAAGCAGGGACT-1,0.000024,0.707133,0.207704,0.085139
TGAACACCCGAAGCAG-1,0.000094,0.003469,0.000282,0.996154
TGAAGAGCGGTCCTAG-1,0.000031,0.167984,0.003466,0.82852
TGAATGAGTGTTTCCC-1,0.000136,0.998914,0.000407,0.000543
TGACACTTCTCTTTGC-1,0.000072,0.890174,0.035844,0.07391
TGACATCGAGCGGACC-1,0.000024,0.56916,0.357024,0.073792
TGACATGTAACGTGAC-1,0.000026,0.86212,0.05962,0.078234
TGACCAAATCTTAAAC-1,0.000026,0.83043,0.032567,0.136976
TGACCAGCTTCAAAGT-1,0.00003,0.377521,0.480167,0.142282
TGACCCAACTCACATT-1,0.078503,0.020263,0.103779,0.797455
TGACCCACGTTAGACA-1,0.000073,0.179353,0.053514,0.76706
TGACCCAGCATTCCCG-1,0.000045,0.294501,0.571477,0.133977
TGACGAATATTTCCCT-1,0.000083,0.038082,0.003557,0.958277
TGACGATGCACTAGAA-1,0.000031,0.975418,0.011736,0.012815
TGACTATAATCCTTTC-1,0.000044,0.883576,0.071871,0.044509
TGAGAATGCTTTACCG-1,0.000054,0.054653,0.50855,0.436743
TGAGAGATTTACCACG-1,0.000037,0.830905,0.162976,0.006083
TGAGATCAAATACTCA-1,0.000424,0.16383,0.238681,0.597065
TGAGATTAGGCCCTAA-1,0.000049,0.916128,0.000147,0.083676
TGAGCAGTCGTGAAGT-1,0.000047,0.074327,0.000141,0.925485
TGAGCCATACAGTCTC-1,0.000074,0.020435,0.467299,0.512192
TGAGCGGAAAGTGTTC-1,0.000036,0.904292,0.000108,0.095564
TGAGCTTTAATGACGC-1,0.000041,0.718792,0.265026,0.016141
TGAGGAGTGCCAGCTT-1,0.000049,0.972175,0.000148,0.027628
TGAGGTGTGTGGCGGA-1,0.000025,0.469733,0.106801,0.423441
TGAGGTTGATCCCAAG-1,0.115505,0.088125,0.030425,0.765944
TGAGTAAATTAGCGTA-1,0.000041,0.77019,0.172667,0.057102
TGAGTGCCTCTTAAAT-1,0.000206,0.219226,0.150419,0.630149
TGAGTGGTCCGTGACG-1,0.000042,0.662955,0.201457,0.135545
TGATACATTTAGCCGT-1,0.000057,0.442243,0.472976,0.084724
TGATAGCGGGATTCTA-1,0.000043,0.183258,0.114418,0.702282
TGATCACCACACTGAC-1,0.000031,0.939595,0.001518,0.058856
TGATCAGGGAACTGCT-1,0.000071,0.000071,0.000213,0.999646
TGATCCCAGCATTAGT-1,0.000038,0.422396,0.462805,0.114761
TGATCGGTTTGACCCT-1,0.000069,0.322091,0.225662,0.452178
TGATCTACGCTGATCT-1,0.000061,0.986928,0.000182,0.012829
TGATCTCCGGCGCCAG-1,0.000065,0.20427,0.000196,0.795468
TGATGGCTGTTTCTGA-1,0.000089,0.54458,0.45076,0.004571
TGATGGGACTAAGTCA-1,0.001011,0.443808,0.119305,0.435876
TGATTCCCGGTTACCT-1,0.000045,0.963919,0.000135,0.035901
TGATTCGTCTATCACT-1,0.000114,0.000114,0.000341,0.999431
TGATTCTGTCGCCGGT-1,0.000033,0.280063,0.586971,0.132933
TGATTTATTAGCTGTG-1,0.000107,0.030182,0.000321,0.96939
TGATTTCCTCCTGACG-1,0.000068,0.000068,0.08289,0.916974
TGCAAACCCACATCAA-1,0.000061,0.113594,0.0792,0.807145
TGCAAACGTACTAGTT-1,0.000042,0.647703,0.032627,0.319628
TGCAAAGTTCGTCTGT-1,0.000041,0.851961,0.000123,0.147876
TGCAAGAATGACGTAA-1,0.000028,0.333887,0.375591,0.290494
TGCAATTTGGGCACGG-1,0.000028,0.93261,0.000084,0.067278
TGCACAGTGAAGTTAT-1,0.000044,0.938273,0.005301,0.056382
TGCACGAGTCGGCAGC-1,0.000383,0.000383,0.909249,0.089984
TGCACTATGTGAGTGC-1,0.00007,0.140361,0.044487,0.815082
TGCAGAACTATATCGT-1,0.00008,0.00008,0.00024,0.9996
TGCAGAGTACCGAGCA-1,0.00003,0.004442,0.208642,0.786886
TGCAGATCGTCCTAGG-1,0.000051,0.000051,0.000152,0.999746
TGCAGCTACGTACTTC-1,0.000074,0.000074,0.000221,0.999632
TGCAGGATCGGCAAAG-1,0.000029,0.673633,0.306984,0.019354
TGCAGTTTCCTCCCAT-1,0.000051,0.802653,0.000712,0.196584
TGCATATGTCTGTCAC-1,0.000059,0.910943,0.000176,0.088823
TGCATGAGTAGATTCG-1,0.000033,0.337263,0.023227,0.639478
TGCATGGATCGGATCT-1,0.000026,0.125065,0.747804,0.127106
TGCATGTGACCCATAG-1,0.000033,0.852641,0.143633,0.003692
TGCATGTGGTAATCTA-1,0.000028,0.268709,0.428734,0.302529
TGCCAAAGTCAGACTT-1,0.00005,0.00005,0.00015,0.99975
TGCCAATGGGTACTCT-1,0.000059,0.897267,0.042165,0.06051
TGCCACCTGGCGAAAC-1,0.000034,0.538617,0.368754,0.092596
TGCCAGTACGTGGAGA-1,0.000042,0.909158,0.090631,0.000168
TGCCATGGCTTATAAG-1,0.000018,0.821315,0.000055,0.178613
TGCCATTACTAAAGAA-1,0.000043,0.904844,0.039372,0.055742
TGCCCGTACCGTTAAA-1,0.000041,0.816679,0.008789,0.174491
TGCCGATGTCATCAAT-1,0.000026,0.079509,0.002031,0.918434
TGCCGGATGTACGAGC-1,0.000043,0.624731,0.346574,0.028652
TGCCGTGGATCGTCCT-1,0.000048,0.962295,0.037463,0.000193
TGCCGTGGGACCCAAT-1,0.000083,0.738881,0.075748,0.185289
TGCCTGACATCGGTCA-1,0.000264,0.148174,0.131292,0.72027
TGCCTGATCAAACGAT-1,0.000021,0.36956,0.630289,0.000129
TGCCTTGCCCTTACGG-1,0.013693,0.264525,0.050344,0.671438
TGCCTTGGCCAGGCAA-1,0.000031,0.731627,0.210824,0.057517
TGCGAATATGGGATTT-1,0.000034,0.000034,0.000103,0.999828
TGCGACACCCTAGTGC-1,0.000046,0.173787,0.701366,0.1248
TGCGACGGCCGAACGT-1,0.000032,0.383238,0.607127,0.009602
TGCGAGAAACGTTACG-1,0.00003,0.508744,0.087265,0.403961
TGCGAGAATATTACCC-1,0.000032,0.368713,0.489784,0.141472
TGCGAGCCCTTCCGCG-1,0.00003,0.882565,0.02595,0.091455
TGCGATGCTAATGGCT-1,0.000027,0.325322,0.002106,0.672544
TGCGCAAAGCATTTGG-1,0.000024,0.507108,0.456595,0.036273
TGCGCGATTAACGGAG-1,0.000074,0.132142,0.000221,0.867562
TGCGGAGTAAAGGTGC-1,0.00003,0.600072,0.384527,0.01537
TGCGGCATAGTTCAAC-1,0.000126,0.138324,0.038203,0.823347
TGCGGTGAAATTTCAT-1,0.000152,0.246819,0.57516,0.177868
TGCGTAAGAACCTGAT-1,0.0001,0.112861,0.322023,0.565016
TGCGTCATGACTGAGC-1,0.02258,0.098772,0.08556,0.793088
TGCGTGATTGGGTGTC-1,0.000503,0.000503,0.001509,0.997484
TGCGTTTGTTGACACT-1,0.000064,0.9601,0.000192,0.039643
TGCTAAGTGTCTATTT-1,0.000045,0.723159,0.238237,0.038558
TGCTATACAAACGGAC-1,0.000756,0.000756,0.281561,0.716926
TGCTCACACAACAACC-1,0.000019,0.408341,0.523807,0.067833
TGCTCCACAGTTCTTA-1,0.000032,0.346493,0.381333,0.272142
TGCTCGGCGAAACCCA-1,0.000033,0.878747,0.035071,0.08615
TGCTCGGTGGGTCACC-1,0.002012,0.543704,0.207292,0.246993
TGCTCTTGAGAGTTTG-1,0.000029,0.810565,0.096634,0.092773
TGCTGGTTGGACAATT-1,0.000051,0.001581,0.000153,0.998215
TGCTGTTGAAGAACTC-1,0.000032,0.718885,0.205274,0.075809
TGCTTAGAGAGAATGC-1,0.000024,0.32365,0.529157,0.14717
TGCTTCCCAAGCAGTA-1,0.000026,0.502145,0.415113,0.082716
TGCTTGAAACCATGCA-1,0.000045,0.077524,0.000136,0.922295
TGGAAACGGAGTGAAC-1,0.022342,0.05819,0.006844,0.912625
TGGAACCACTGACACA-1,0.000027,0.795093,0.19465,0.010229
TGGAAGAAGGGAACGT-1,0.000056,0.01486,0.047128,0.937956
TGGAAGACGAACACCA-1,0.031873,0.01253,0.078522,0.877075
TGGAAGGATAAAGATG-1,0.000029,0.300295,0.427796,0.27188
TGGAATATCCTTGACC-1,0.000047,0.959262,0.00014,0.040552
TGGAATTAGACGCTTT-1,0.000039,0.000039,0.000116,0.999807
TGGACACCGTTGCTTG-1,0.000062,0.278215,0.02824,0.693483
TGGACCAATCTAAGAT-1,0.000079,0.719037,0.000236,0.280649
TGGACCACGGCGTTGA-1,0.000082,0.117302,0.000246,0.88237
TGGACGCAATCCAGCC-1,0.000051,0.000051,0.73596,0.263939
TGGACGTAGGCGAATC-1,0.000083,0.656233,0.00025,0.343434
TGGACTGTTCGCTCAA-1,0.000048,0.828773,0.135634,0.035545
TGGAGAATAATCGTCC-1,0.000042,0.618091,0.370428,0.011439
TGGAGCTAAAGTTCCC-1,0.000271,0.703196,0.128553,0.16798
TGGAGTGATGCGATGA-1,0.000064,0.1055,0.000191,0.894245
TGGATAGAGTAACAGA-1,0.000057,0.038687,0.02464,0.936616
TGGATGGCATCTTGGA-1,0.000044,0.687364,0.260327,0.052264
TGGCAAACTAAATTAC-1,0.000027,0.971397,0.00114,0.027435
TGGCAACTCGCGCGCC-1,0.000045,0.826614,0.055189,0.118151
TGGCAAGCACAAGTCG-1,0.000028,0.770928,0.21044,0.018604
TGGCACGAGCTCGAGT-1,0.000023,0.564855,0.294084,0.141038
TGGCAGATTACGATCA-1,0.000035,0.475594,0.524181,0.000191
TGGCAGCAGTAATAGT-1,0.000036,0.288004,0.524944,0.187016
TGGCCAAACTGAAGTA-1,0.000025,0.515502,0.440044,0.044429
TGGCCAATTTGGTACT-1,0.007775,0.000028,0.179559,0.812638
TGGCCGTATATTGACC-1,0.068493,0.000032,0.000097,0.931378
TGGCGACTGCTCCAAA-1,0.000057,0.817403,0.130246,0.052294
TGGCGATCAAGTTATG-1,0.000039,0.739008,0.143263,0.11769
TGGCGGTGTGCGATTG-1,0.000074,0.055246,0.043021,0.901658
TGGCTATGTGACATAC-1,0.00003,0.418355,0.577838,0.003777
TGGCTCTTGTCGCGTA-1,0.000026,0.000026,0.091428,0.908519
TGGCTTTGGGTAGACA-1,0.00009,0.021895,0.051157,0.926858
TGGGAAATGCCTTTCC-1,0.000053,0.000053,0.000158,0.999737
TGGGACCATTGGGAGT-1,0.038861,0.390166,0.273995,0.296978
TGGGATGCACTCATTC-1,0.000052,0.634562,0.157572,0.207814
TGGGCACAAACAGAAC-1,0.000045,0.13517,0.017862,0.846922
TGGGCACGTTCTATGG-1,0.000123,0.469476,0.446416,0.083985
TGGGCCACAAGAGCGC-1,0.000045,0.426226,0.370649,0.203079
TGGGCCCATACTAATT-1,0.000041,0.776841,0.065975,0.157142
TGGGCCTTGCCTGCAT-1,0.019956,0.302866,0.063773,0.613405
TGGGCGATACAATAAG-1,0.00002,0.783239,0.036151,0.18059
TGGGTAAGGTTCCCGC-1,0.000065,0.495712,0.306576,0.197646
TGGGTGGGATGTCATT-1,0.000028,0.466888,0.45525,0.077833
TGGTAAGCAGGATTGA-1,0.000031,0.000031,0.032615,0.967323
TGGTACCGGCACAGCC-1,0.000037,0.467738,0.090868,0.441358
TGGTAGAATATATGGG-1,0.000074,0.64539,0.243789,0.110748
TGGTATCGCATCCCAA-1,0.000062,0.044464,0.935726,0.019748
TGGTATCGGTCTGTAT-1,0.001426,0.320666,0.405049,0.272859
TGGTCCCACGCTACGG-1,0.000039,0.999687,0.000117,0.000157
TGGTCGATATACCTCT-1,0.00005,0.687932,0.249281,0.062738
TGGTCGTTTGATAGAT-1,0.000031,0.657353,0.276365,0.066251
TGGTCTGTTGGGCGTA-1,0.000252,0.000252,0.000756,0.998739
TGGTGATCGTATTTGT-1,0.000117,0.000117,0.00035,0.999416
TGGTGCCCTGCCTTAC-1,0.00004,0.853843,0.000186,0.145931
TGGTTAAGGGCGCTGG-1,0.000041,0.832504,0.060225,0.10723
TGGTTCAACGGGTAAT-1,0.000041,0.8607,0.000122,0.139137
TGGTTCGTAGCAAAGG-1,0.000082,0.374096,0.079597,0.546225
TGGTTGGAGGATCCTG-1,0.000038,0.732873,0.095263,0.171827
TGGTTTAAACGTGGGT-1,0.000026,0.563345,0.348871,0.087758
TGTAACTTGTCAACCT-1,0.000028,0.003892,0.05349,0.94259
TGTAATGACCACAATA-1,0.000039,0.112799,0.010346,0.876816
TGTAATGCCTTCGGAC-1,0.000019,0.597714,0.283601,0.118666
TGTACGAACAAATCCG-1,0.000019,0.286134,0.600193,0.113654
TGTACTGTGCCAAAGT-1,0.000052,0.071078,0.000155,0.928716
TGTAGGAGAAATTTCC-1,0.000035,0.683031,0.209653,0.107281
TGTAGTGATCTATAAT-1,0.000078,0.000078,0.000234,0.999611
TGTATAACAGATCCTG-1,0.000036,0.530537,0.166883,0.302544
TGTATCAGACTGAAGC-1,0.000043,0.550056,0.353106,0.096795
TGTATCCTTATTCCAT-1,0.000082,0.139327,0.088455,0.772136
TGTATGGCGCAGACAG-1,0.000046,0.949524,0.004817,0.045613
TGTATTTACCTAATGC-1,0.000033,0.570421,0.338099,0.091448
TGTCATTTGTTGGGAA-1,0.000035,0.702561,0.06752,0.229885
TGTCCCGACATAGCAC-1,0.000817,0.003469,0.275047,0.720667
TGTCCGCAAACAATTC-1,0.000025,0.551428,0.263963,0.184584
TGTCCGTGGCGCCTTT-1,0.000066,0.027801,0.000197,0.971936
TGTCCTAAGTCACCGC-1,0.000166,0.000166,0.000497,0.999171
TGTCGGCATGGTGGAA-1,0.032619,0.14524,0.121561,0.70058
TGTCTACAGTTTCTGT-1,0.000356,0.095841,0.001069,0.902733
TGTGACTACGCCAGTC-1,0.000036,0.339525,0.599891,0.060549
TGTGAGACTAGCCCAA-1,0.000027,0.625721,0.346902,0.02735
TGTGCCGGTGCCGGAA-1,0.000254,0.721381,0.147582,0.130782
TGTGCTTTACGTAAGA-1,0.000075,0.039571,0.135637,0.824716
TGTGGAGGAAGCTTAA-1,0.000075,0.284513,0.100356,0.615057
TGTGGCAAAGCGTATG-1,0.000053,0.944352,0.040217,0.015379
TGTGGCGGGCTTCTGG-1,0.000031,0.662497,0.042204,0.295268
TGTGGTTGCTAAAGCT-1,0.000036,0.788874,0.210946,0.000144
TGTGTCGCGAGTTGCA-1,0.000107,0.000107,0.00032,0.999467
TGTGTTCGTATCCAAG-1,0.000127,0.059627,0.000382,0.939863
TGTTATTGTATGTGGC-1,0.000068,0.944058,0.000204,0.05567
TGTTCATAAATGTGCT-1,0.000028,0.119854,0.100177,0.779942
TGTTCCGCTTCCATGA-1,0.000078,0.039285,0.028609,0.932028
TGTTCCGGCCTGAGCT-1,0.000039,0.56171,0.39666,0.041591
TGTTCGTATTGCGGTG-1,0.00005,0.847066,0.044424,0.10846
TGTTCTTCCATTGACT-1,0.000125,0.170817,0.000534,0.828525
TGTTGGCTGGCGGAAG-1,0.000123,0.275738,0.191569,0.532569
TGTTGTCAAGAAGTCT-1,0.000047,0.753001,0.163263,0.083689
TGTTTAATACTTCATC-1,0.000099,0.511065,0.396426,0.09241
TGTTTCGGTACTTCTC-1,0.000253,0.078378,0.306127,0.615242
TTAAACAGAGTCCCGC-1,0.026636,0.021426,0.000557,0.951381
TTAAACCGGTAGCGAC-1,0.000105,0.104912,0.2866,0.608383
TTAAACCTGGTTCCTT-1,0.000035,0.130069,0.069728,0.800168
TTAAACTCGAATTCAT-1,0.000031,0.815873,0.162928,0.021168
TTAAAGGCGATGCTCG-1,0.000027,0.325442,0.349363,0.325168
TTAACACCTCGAACAT-1,0.000049,0.0094,0.110133,0.880418
TTAACCAACCCTCCCT-1,0.000058,0.061854,0.325985,0.612103
TTAACGAACAAGCAGT-1,0.000017,0.12367,0.527581,0.348733
TTAACGTCGCAAGACC-1,0.000096,0.114403,0.044491,0.841011
TTAACTCACGCGTGGA-1,0.000092,0.204362,0.06225,0.733296
TTAACTTCAGGTAGGA-1,0.000127,0.000127,0.00038,0.999367
TTAAGACGAACGAACC-1,0.000015,0.927233,0.000044,0.072709
TTAAGATAGGATTGAC-1,0.00003,0.693238,0.301993,0.004739
TTAAGCCGACAACTTC-1,0.000061,0.580284,0.272143,0.147512
TTAAGCGCCTGACCCA-1,0.000082,0.117273,0.159508,0.723137
TTAAGGATACGGAGGT-1,0.00005,0.101613,0.013703,0.884634
TTAAGGCCCGTACTTT-1,0.000102,0.327723,0.45667,0.215505
TTAATCAGTACGTCAG-1,0.000048,0.512598,0.466549,0.020806
TTAATGCGAGGTAACT-1,0.000016,0.520776,0.367083,0.112125
TTAATGTAGACCAGGT-1,0.000032,0.609431,0.274765,0.115772
TTAATTGCTTTGGGTG-1,0.000035,0.386332,0.459346,0.154287
TTAATTTCAGACGCGG-1,0.000042,0.354551,0.346999,0.298408
TTACAACTACGCATCC-1,0.031456,0.182134,0.018739,0.767671
TTACAGACCTAAATGA-1,0.000036,0.988661,0.000108,0.011195
TTACATCGTGGCCTGG-1,0.000041,0.000041,0.000124,0.999794
TTACATGCCACAACTA-1,0.000038,0.784215,0.01516,0.200587
TTACCATTGATTACCC-1,0.039441,0.000138,0.034332,0.926089
TTACCCATTGCCGGGT-1,0.000051,0.899578,0.079761,0.02061
TTACCCTAACAGTCCT-1,0.000059,0.105596,0.18558,0.708765
TTACCCTAGGGATTGG-1,0.000048,0.91032,0.021009,0.068623
TTACCGCCTTAGGGAA-1,0.001917,0.001917,0.005751,0.990415
TTACGGATGGTTCGAG-1,0.000035,0.69263,0.307193,0.000142
TTACGGTGTCACCGAG-1,0.000044,0.05821,0.000132,0.941613
TTACGTAGCGCGTGCT-1,0.000033,0.72999,0.171973,0.098004
TTACTAAAGGACTTTA-1,0.000031,0.775084,0.176757,0.048128
TTACTATCGGCTTCTC-1,0.000081,0.023754,0.011055,0.96511
TTACTCCGGCCGGGAA-1,0.000035,0.74166,0.115161,0.143143
TTACTCTGGTACGTAC-1,0.000067,0.000067,0.0002,0.999667
TTACTGGGATATTTCA-1,0.000024,0.175058,0.824824,0.000095
TTACTGTCTAGAGCTC-1,0.000182,0.697822,0.218603,0.083393
TTACTGTTTCTCTACG-1,0.000029,0.461249,0.284967,0.253755
TTAGAAGAACATGACT-1,0.000034,0.87957,0.077537,0.042859
TTAGAATAAGGGTCGG-1,0.000045,0.895067,0.076834,0.028053
TTAGACACGATCGTTG-1,0.000038,0.682591,0.197991,0.11938
TTAGACGAGTCACCTC-1,0.000046,0.87387,0.055358,0.070726
TTAGAGTTTAGAAGGA-1,0.000057,0.877971,0.089462,0.03251
TTAGATAGGTCGATAC-1,0.001566,0.001566,0.004699,0.992168
TTAGCAACATGGATGT-1,0.000077,0.010075,0.000232,0.989616
TTAGCTAATACGATCT-1,0.000055,0.923693,0.000164,0.076089
TTAGCTGATTTGCCGT-1,0.000038,0.609793,0.018011,0.372157
TTAGGTCATAACCGAC-1,0.000035,0.460006,0.539817,0.000142
TTAGGTGTGACTGGTC-1,0.006873,0.36631,0.279461,0.347356
TTAGTAGGGCGGCGGG-1,0.00012,0.00012,0.00036,0.9994
TTAGTTATTCGTGGCA-1,0.000052,0.699951,0.226612,0.073385
TTAGTTCAAGTGTTCG-1,0.000035,0.72531,0.247687,0.026968
TTATAGATGCACATTA-1,0.148057,0.053021,0.016468,0.782453
TTATAGGTAATTGTCT-1,0.000057,0.651326,0.130561,0.218056
TTATAGTCCAAGGTGC-1,0.00007,0.00007,0.906186,0.093675
TTATATACGCTGTCAC-1,0.000052,0.734126,0.12347,0.142351
TTATATTTGGCAATCC-1,0.000047,0.572686,0.319186,0.108082
TTATCATACTCGCAAA-1,0.014361,0.083381,0.163143,0.739116
TTATCCAATCGAACTC-1,0.097565,0.000049,0.000147,0.902239
TTATCCGGGATCTATA-1,0.000065,0.704614,0.192463,0.102858
TTATCCTCAAGGAATA-1,0.000031,0.084993,0.010719,0.904258
TTATCGCCTGCGAAGC-1,0.000109,0.033608,0.000327,0.965956
TTATCTGTATCATAAC-1,0.000097,0.487202,0.060231,0.45247
TTATGAATGAAAGGGA-1,0.000022,0.265375,0.537675,0.196928
TTATGACAAACTGGAT-1,0.005342,0.000049,0.000147,0.994462
TTATGATCTTAACGAA-1,0.000041,0.997457,0.000124,0.002377
TTATGCGTCCCGGTCC-1,0.000136,0.067835,0.000407,0.931622
TTATGTTTGCGATAGA-1,0.000135,0.119567,0.01992,0.860378
TTATTAGAGCGTGTTC-1,0.000073,0.92026,0.023236,0.056431
TTATTAGGGAAGCATC-1,0.000394,0.329024,0.001183,0.669399
TTATTTCATCCCAAAC-1,0.000032,0.039434,0.04725,0.913284
TTCAAAGTCTCTAGCC-1,0.000037,0.616675,0.232519,0.150769
TTCAACGACCCGACCG-1,0.000067,0.036476,0.020917,0.942541
TTCAAGCCGAGCTGAG-1,0.000053,0.569212,0.221608,0.209127
TTCAATACTCTGAATC-1,0.00004,0.778011,0.099395,0.122554
TTCAATTAGCCATAAT-1,0.000075,0.505351,0.387669,0.106905
TTCACGAAAGGATCAC-1,0.000013,0.000968,0.968695,0.030324
TTCACTCGAGCACCTA-1,0.000045,0.928606,0.071167,0.000181
TTCACTTCCTAGAACG-1,0.000074,0.674507,0.040131,0.285288
TTCAGAGTAACCTGAC-1,0.000059,0.079942,0.155339,0.76466
TTCAGCCCTGGTCCAC-1,0.000031,0.545014,0.413815,0.041141
TTCAGGCGTCAAAGCC-1,0.000047,0.000047,0.012153,0.987754
TTCAGTTCAAGAGGAG-1,0.000068,0.984389,0.000204,0.015339
TTCATAGCCTTGTAAC-1,0.017235,0.032622,0.054458,0.895685
TTCATGGCGCAACAGG-1,0.000062,0.531249,0.228058,0.240631
TTCCAATCAGAGCTAG-1,0.000067,0.982093,0.000202,0.017638
TTCCAATCTGGCTATC-1,0.000027,0.153327,0.793584,0.053061
TTCCACACAGATTTGA-1,0.000049,0.310659,0.642344,0.046948
TTCCAGTGGGTTTCGT-1,0.000066,0.839658,0.025958,0.134317
TTCCATCATGCGGTGA-1,0.000057,0.858814,0.00017,0.140959
TTCCCGGCGCCAATAG-1,0.000043,0.099144,0.000128,0.900686
TTCCGCAGAGAAATAT-1,0.000051,0.946076,0.000152,0.053722
TTCCGCGTGAGGCGAT-1,0.000037,0.804478,0.10149,0.093996
TTCCGGCCTTGAGGCT-1,0.000043,0.307039,0.648513,0.044405
TTCCGGTTACCCACTT-1,0.00006,0.868363,0.069718,0.061859
TTCCTCGAGGGTGTCT-1,0.000083,0.019963,0.03349,0.946463
TTCCTCGGACTAACCA-1,0.000022,0.236926,0.731525,0.031528
TTCCTCTGCCCGAATA-1,0.000058,0.059796,0.067517,0.87263
TTCCTTTCTGTGTTGC-1,0.070051,0.000099,0.000298,0.929551
TTCGAACGAAACATGC-1,0.000047,0.58598,0.413785,0.000188
TTCGACAGAGCCCGTG-1,0.00003,0.432027,0.567823,0.00012
TTCGACGGGAAGGGCG-1,0.000065,0.063485,0.000196,0.936253
TTCGCACTCGCGTGCT-1,0.000107,0.024082,0.035204,0.940606
TTCGCACTGTACGACA-1,0.000035,0.88272,0.117104,0.000141
TTCGCATCCGGAAGCA-1,0.091898,0.002647,0.13509,0.770364
TTCGCGCGCCATACGA-1,0.000053,0.779429,0.074725,0.145793
TTCGCTATCTGACGTG-1,0.000062,0.880617,0.07525,0.04407
TTCGGACTGATGCCTT-1,0.000036,0.499859,0.300035,0.200069
TTCGGCAACCCGCTGA-1,0.000028,0.384159,0.612846,0.002968
TTCGGGACTAATCGCG-1,0.000036,0.451035,0.208991,0.339938
TTCGGGCGCTAGTCTT-1,0.000053,0.481485,0.482474,0.035988
TTCGGTACTGTAGAGG-1,0.00004,0.66845,0.004477,0.327033
TTCGTAATCCCAGCGG-1,0.000052,0.671115,0.240704,0.088129
TTCGTACTCCAGAACG-1,0.000115,0.000115,0.000344,0.999427
TTCGTGCATGTTATAG-1,0.003801,0.454854,0.000281,0.541064
TTCGTTCAACGAAGTT-1,0.000046,0.906254,0.018744,0.074957
TTCTAACCGAAGCTTA-1,0.000047,0.944289,0.010125,0.045539
TTCTACCTTTATGTTG-1,0.000063,0.837893,0.140615,0.021429
TTCTACTTGCGAGGGC-1,0.022212,0.000089,0.000266,0.977433
TTCTAGAAAGTCTTAT-1,0.000048,0.88671,0.037457,0.075786
TTCTAGGCCAATTGTG-1,0.000085,0.065593,0.000254,0.934069
TTCTATTAAACGCAGC-1,0.000018,0.625538,0.37437,0.000074
TTCTGACCGGGCTCAA-1,0.000021,0.263553,0.680144,0.056281
TTCTGCCGCGCCTAGA-1,0.000052,0.970465,0.000157,0.029325
TTCTGCGAGCGCCCTT-1,0.000104,0.136081,0.054737,0.809078
TTCTGCGGGTTAGCGG-1,0.000062,0.955037,0.012611,0.03229
TTCTGCTAGACTCCAA-1,0.000038,0.699873,0.271396,0.028693
TTCTGTTTCCTGTCGC-1,0.000061,0.187002,0.005358,0.807579
TTCTTAGTGAACGGTG-1,0.012934,0.000032,0.023176,0.963858
TTCTTAGTGGCTCAGA-1,0.000126,0.421268,0.094448,0.484158
TTCTTATCCGCTGGGT-1,0.000226,0.776026,0.073125,0.150623
TTCTTCCCTTTGATAT-1,0.000058,0.336157,0.295973,0.367811
TTCTTGAGCCGCGCTA-1,0.000154,0.359959,0.271543,0.368345
TTCTTGCTAGCATCTC-1,0.000194,0.858627,0.000581,0.140598
TTCTTGGACGATCTGC-1,0.001039,0.344199,0.094282,0.56048
TTCTTGGAGTAATGAG-1,0.000063,0.684207,0.263139,0.05259
TTCTTGTAACCTAATG-1,0.000067,0.000067,0.000202,0.999663
TTCTTGTGTCCATCAG-1,0.000075,0.121446,0.104536,0.773943
TTCTTTGGTCGCGACG-1,0.00006,0.999522,0.000179,0.000239
TTGAAAGGTGTAAAGG-1,0.000022,0.836537,0.043278,0.120163
TTGAACGACGTGCTGA-1,0.000114,0.693758,0.180802,0.125327
TTGAAGAATTCCCAGG-1,0.000043,0.252651,0.148304,0.599002
TTGAATATGGACTTTC-1,0.000034,0.307956,0.400129,0.291882
TTGAATCGTTGTATAA-1,0.000043,0.039984,0.069558,0.890415
TTGAATTCACGTGAGG-1,0.000035,0.632946,0.30769,0.059328
TTGACAGGAGCTCCCG-1,0.00008,0.894363,0.00024,0.105318
TTGACATGAACGTGGA-1,0.018741,0.006772,0.355642,0.618846
TTGACCAGGAACAACT-1,0.000171,0.714359,0.095764,0.189706
TTGACCATGTTCTCCG-1,0.000048,0.537483,0.356453,0.106017
TTGACCGTGTTAATGA-1,0.000488,0.486492,0.001463,0.511558
TTGACGATTCAGCACG-1,0.000101,0.171296,0.039303,0.7893
TTGACGCTCCATGAGC-1,0.000042,0.665413,0.215791,0.118753
TTGACTACCATATGGT-1,0.000302,0.386025,0.315575,0.298098
TTGACTATTGTCCGGC-1,0.000203,0.789471,0.000608,0.209719
TTGAGAAGTTTAGCAT-1,0.000054,0.78207,0.02889,0.188987
TTGAGAGTACTGCTAA-1,0.000083,0.195827,0.064613,0.739477
TTGAGGCATTTAACTC-1,0.000038,0.852215,0.000113,0.147635
TTGATAGTCAATACAT-1,0.000105,0.763054,0.115812,0.121029
TTGATCTAACTTTGTC-1,0.000063,0.003597,0.34339,0.65295
TTGATGCCGCTCGTCG-1,0.000046,0.941962,0.000137,0.057856
TTGATGTGTAGTCCCG-1,0.000075,0.960603,0.000225,0.039097
TTGATTAGCTGTTTCT-1,0.000545,0.313928,0.158569,0.526958
TTGATTATGCAGATGA-1,0.000166,0.000166,0.000497,0.999171
TTGCAAGAAGACTCCT-1,0.000109,0.709654,0.164306,0.125932
TTGCACAATTCAGAAA-1,0.000027,0.415814,0.502199,0.08196
TTGCACGGAGCAGCAC-1,0.028298,0.180273,0.040388,0.751041
TTGCATGCTGATCACG-1,0.000041,0.058053,0.0905,0.851406
TTGCCATAGCCCGCTC-1,0.1382,0.000849,0.265954,0.594997
TTGCCCTGATCACGGG-1,0.000074,0.000074,0.000221,0.999632
TTGCCGCAGACCTACA-1,0.000479,0.353535,0.168812,0.477173
TTGCCGCTTTCTAGTA-1,0.000065,0.534737,0.24062,0.224578
TTGCCGGTGATCCCTC-1,0.000042,0.940531,0.000125,0.059303
TTGCGGAAAGCTGCCC-1,0.000036,0.370498,0.626608,0.002858
TTGCGGCATCAGAAAG-1,0.000041,0.490363,0.450715,0.058882
TTGCGGCGACTCATGC-1,0.021681,0.032258,0.845126,0.100935
TTGCGTAGTTTGAGGA-1,0.000219,0.2185,0.129566,0.651715
TTGCGTCGGCCAACCG-1,0.000021,0.156845,0.82535,0.017785
TTGCGTGAACGCTTAG-1,0.00006,0.977753,0.000181,0.022006
TTGCTAGCTACCAATC-1,0.000029,0.045681,0.000087,0.954203
TTGCTCCCATACCGGA-1,0.00004,0.658069,0.339422,0.002468
TTGCTGAAGGAACCAC-1,0.00013,0.19251,0.246992,0.560368
TTGCTGATCATGTTCG-1,0.000031,0.063544,0.698943,0.237483
TTGCTGGCCGGGCTTC-1,0.000074,0.157998,0.763036,0.078892
TTGGAAGAATACAGTC-1,0.00006,0.07539,0.000181,0.924369
TTGGACATGTGGCTTA-1,0.000105,0.000105,0.000316,0.999473
TTGGACCTATAACAGT-1,0.000038,0.773292,0.074489,0.152181
TTGGAGTCTCCCTTCT-1,0.416125,0.004795,0.034424,0.544656
TTGGATATCGTCTACG-1,0.000054,0.564057,0.307294,0.128595
TTGGATCGACTTCTGG-1,0.000567,0.441907,0.171992,0.385534
TTGGATTGGGTACCAC-1,0.00008,0.141153,0.084201,0.774565
TTGGCCTAGAATTTCG-1,0.000096,0.743122,0.101958,0.154825
TTGGCTCGCATGAGAC-1,0.000088,0.000088,0.000264,0.99956
TTGGGAAGACGAGCCG-1,0.000018,0.446576,0.553336,0.00007
TTGGGACACTGCCCGC-1,0.000038,0.459138,0.414171,0.126653
TTGGGCGGCGGTTGCC-1,0.000051,0.698079,0.098495,0.203374
TTGGTCACACTCGTAA-1,0.00003,0.097205,0.902646,0.000119
TTGGTTGCGGTGCGCG-1,0.00028,0.211104,0.00084,0.787776
TTGTAAGGACCTAAGT-1,0.00009,0.080906,0.148939,0.770064
TTGTAAGGCCAGTTGG-1,0.00005,0.872154,0.107312,0.020485
TTGTAATCCGTACTCG-1,0.000044,0.38476,0.292366,0.322831
TTGTATCACACAGAAT-1,0.000092,0.516054,0.231676,0.252178
TTGTCGTTCAGTTACC-1,0.000055,0.054496,0.648222,0.297227
TTGTCTCGGCAAGATG-1,0.000054,0.882584,0.035686,0.081676
TTGTGAACCTAATCCG-1,0.000086,0.799989,0.000257,0.199669
TTGTGAGGCATGACGC-1,0.007119,0.000023,0.00007,0.992789
TTGTGCAGCCACGTCA-1,0.000052,0.659657,0.106279,0.234013
TTGTGGCCCTGACAGT-1,0.000234,0.432818,0.042879,0.524068
TTGTGGTAGGAGGGAT-1,0.000284,0.000284,0.425551,0.573881
TTGTGTATGCCACCAA-1,0.000055,0.952421,0.000166,0.047357
TTGTGTTTCCCGAAAG-1,0.000046,0.755512,0.05738,0.187062
TTGTTAGCAAATTCGA-1,0.090846,0.000067,0.000201,0.908885
TTGTTCAGTGTGCTAC-1,0.000049,0.472389,0.339175,0.188387
TTGTTGTGTGTCAAGA-1,0.00005,0.653252,0.073271,0.273428
TTGTTTCACATCCAGG-1,0.00006,0.745375,0.182895,0.071671
TTGTTTCATTAGTCTA-1,0.000072,0.546848,0.367736,0.085344
TTGTTTCCATACAACT-1,0.000163,0.000163,0.013593,0.986082
TTGTTTGTATTACACG-1,0.000044,0.604998,0.166097,0.228861
TTGTTTGTGTAAATTC-1,0.000098,0.176372,0.047501,0.776029
