Barcode,Topic 1,Topic 2to13
AAACAACGAATAGTTC-1,0.001292,0.998708
AAACAAGTATCTCCCA-1,0.000005,0.999995
AAACAATCTACTAGCA-1,0.000007,0.999993
AAACACCAATAACTGC-1,0.000012,0.999988
AAACAGAGCGACTCCT-1,0.000026,0.999974
AAACAGGGTCTATATT-1,0.000007,0.999993
AAACAGTGTTCCTGGG-1,0.00003,0.99997
AAACATTTCCCGGATT-1,0.000005,0.999995
AAACCACTACACAGAT-1,0.00002,0.99998
AAACCCGAACGAAATC-1,0.000009,0.999991
AAACCGGGTAGGTACC-1,0.000009,0.999991
AAACCGTTCGTCCAGG-1,0.000017,0.999983
AAACCTAAGCAGCCGG-1,0.000011,0.999989
AAACCTCATGAAGTTG-1,0.002398,0.997602
AAACGAAGAACATACC-1,0.000011,0.999989
AAACGACAGTCTTGCC-1,0.000021,0.999979
AAACGAGACGGTTGAT-1,0.000008,0.999992
AAACGCCCGAGATCGG-1,0.000012,0.999988
AAACGGGCGTACGGGT-1,0.000012,0.999988
AAACGGGTTGGTATCC-1,0.000014,0.999986
AAACGGTTGCGAACTG-1,0.00001,0.99999
AAACGTGTTCGCCCTA-1,0.000017,0.999983
AAACTAACGTGGCGAC-1,0.000014,0.999986
AAACTCGGTTCGCAAT-1,0.000014,0.999986
AAACTCGTGATATAAG-1,0.000013,0.999987
AAACTGCTGGCTCCAA-1,0.00001,0.99999
AAACTTGCAAACGTAT-1,0.000012,0.999988
AAAGAATGTGGACTAA-1,0.00001,0.99999
AAAGACATGAAGTTTA-1,0.000016,0.999984
AAAGACCCAAGTCGCG-1,0.000015,0.999985
AAAGACTGGGCGCTTT-1,0.000011,0.999989
AAAGCTTGCCTACATA-1,0.000006,0.999994
AAAGGCCCTATAATAC-1,0.000052,0.999948
AAAGGCTACGGACCAT-1,0.000351,0.999649
AAAGGCTCTCGCGCCG-1,0.000769,0.999231
AAAGGGATGTAGCAAG-1,0.000014,0.999986
AAAGGGCAGCTTGAAT-1,0.000021,0.999979
AAAGGTAAGCTGTACC-1,0.000015,0.999985
AAAGGTCAACGACATG-1,0.00002,0.99998
AAAGTAGCATTGCTCA-1,0.000022,0.999978
AAAGTCACTGATGTAA-1,0.000013,0.999987
AAAGTCGACCCTCAGT-1,0.004323,0.995677
AAAGTGTGATTTATCT-1,0.00001,0.99999
AAAGTTGACTCCCGTA-1,0.000016,0.999984
AAATAACCATACGGGA-1,0.000015,0.999985
AAATAAGGTAGTGCCC-1,0.000014,0.999986
AAATACCTATAAGCAT-1,0.00001,0.99999
AAATAGCTTAGACTTT-1,0.001983,0.998017
AAATAGGGTGCTATTG-1,0.000009,0.999991
AAATCACTCCTAAACG-1,0.000017,0.999983
AAATCCGATACACGCC-1,0.000009,0.999991
AAATCGTGTACCACAA-1,0.000156,0.999844
AAATCTAGCCCTGCTA-1,0.000009,0.999991
AAATGACTGATCAAAC-1,0.000011,0.999989
AAATGATTCGATCAGC-1,0.000006,0.999994
AAATGCTCGTTACGTT-1,0.00496,0.99504
AAATGGCATGTCTTGT-1,0.000008,0.999992
AAATGGCCCGTGCCCT-1,0.000009,0.999991
AAATGGTCAATGTGCC-1,0.00001,0.99999
AAATGTGGGTGCTCCT-1,0.000012,0.999988
AAATTAACGGGTAGCT-1,0.000021,0.999979
AAATTACACGACTCTG-1,0.000016,0.999984
AAATTACCTATCGATG-1,0.000011,0.999989
AAATTCCAGGTCCAAA-1,0.000013,0.999987
AAATTGATAGTCCTTT-1,0.00002,0.99998
AAATTGCGGCGGTTCT-1,0.000013,0.999987
AAATTGGTGAGAAGCA-1,0.000014,0.999986
AAATTTACCGAAATCC-1,0.000014,0.999986
AAATTTGCGGGTGTGG-1,0.000014,0.999986
AACAACTGGTAGTTGC-1,0.000014,0.999986
AACAATACATTGTCGA-1,0.001755,0.998245
AACAATTACTCTACGC-1,0.000013,0.999987
AACACACGCTCGCCGC-1,0.001572,0.998428
AACACGACTGTACTGA-1,0.000005,0.999995
AACACGAGACGCGGCC-1,0.000009,0.999991
AACACGCGGCCGCGAA-1,0.00001,0.99999
AACAGCTGTGTGGCAA-1,0.000019,0.999981
AACAGGAAATCGAATA-1,0.000017,0.999983
AACAGGATGGGCCGCG-1,0.000005,0.999995
AACAGGTAGTATGGAT-1,0.000017,0.999983
AACATAGCGTGTATCG-1,0.000008,0.999992
AACATATCAACTGGTG-1,0.000013,0.999987
AACATCGATACGTCTA-1,0.000021,0.999979
AACATTGAAGTTGATC-1,0.003846,0.996154
AACATTGGTCAGCCGT-1,0.000641,0.999359
AACATTGTGACTCGAG-1,0.000026,0.999974
AACCAAGACTTCTCTG-1,0.000015,0.999985
AACCAGTATCACTCTT-1,0.000014,0.999986
AACCATGGGATCGCTA-1,0.000007,0.999993
AACCCAGAGACGGAGA-1,0.000013,0.999987
AACCCGACAACCCGTG-1,0.000012,0.999988
AACCCGAGCAGAATCG-1,0.000015,0.999985
AACCCGATAGGGCTTC-1,0.000018,0.999982
AACCCGCTGTATTCCA-1,0.000023,0.999977
AACCCTACTGTCAATA-1,0.000011,0.999989
AACCCTGGTGGAACCA-1,0.000014,0.999986
AACCGAGCTTGGTCAT-1,0.000016,0.999984
AACCGCTAAGGGATGC-1,0.000013,0.999987
AACCGTTGTGTTTGCT-1,0.000018,0.999982
AACCTAAAGCCGTCCG-1,0.000015,0.999985
AACCTCGCTTTAGCCC-1,0.000008,0.999992
AACCTGTCACGGAATT-1,0.00002,0.99998
AACCTTTAAATACGGT-1,0.000015,0.999985
AACCTTTACGACGTCT-1,0.00003,0.99997
AACGATAATGCCGTAG-1,0.000013,0.999987
AACGATAGAAGGGCCG-1,0.000019,0.999981
AACGATATGTCAACTG-1,0.000015,0.999985
AACGCATGATCTGGGT-1,0.000009,0.999991
AACGCGAACGGCAACA-1,0.000061,0.999939
AACGCGACCTTGGGCG-1,0.000652,0.999348
AACGCGGTCTCCAGCC-1,0.004508,0.995492
AACGCTGTTGCTGAAA-1,0.258281,0.741719
AACGGACGTACGTATA-1,0.000788,0.999212
AACGGCCATCTCCGGT-1,0.000023,0.999977
AACGTACTGTGGGTAC-1,0.000033,0.999967
AACGTAGTCTACCCAT-1,0.000014,0.999986
AACGTCAGACTAGTGG-1,0.000027,0.999973
AACGTCATCCGGCTTG-1,0.000018,0.999982
AACGTCGCTGCACTTC-1,0.000021,0.999979
AACGTGATGAAGGACA-1,0.000013,0.999987
AACGTGCGAAAGTCTC-1,0.000008,0.999992
AACGTTATCAGCACCT-1,0.000997,0.999003
AACTACCCGTTTGTCA-1,0.000022,0.999978
AACTAGCGTATCGCAC-1,0.000011,0.999989
AACTAGGCTTGGGTGT-1,0.00001,0.99999
AACTCAAGTTAATTGC-1,0.000029,0.999971
AACTCCAGAGCGTGTT-1,0.000019,0.999981
AACTCCTAATCCCATG-1,0.000028,0.999972
AACTCGATAAACACGT-1,0.00001,0.99999
AACTCGATGGCGCAGT-1,0.000036,0.999964
AACTCTCAATAGAGCG-1,0.000022,0.999978
AACTCTCAGTGTGCTC-1,0.000014,0.999986
AACTGAGGTCAGCGTC-1,0.000015,0.999985
AACTGATATTAGGCCT-1,0.000021,0.999979
AACTGGGTCCCGACGT-1,0.000023,0.999977
AACTGGGTTCGAGCCG-1,0.000017,0.999983
AACTGGTGTGGGCCTT-1,0.000014,0.999986
AACTTCTGCGTCTATC-1,0.000046,0.999954
AACTTGCCCGTATGCA-1,0.000015,0.999985
AACTTGCGTTCTCGCG-1,0.000034,0.999966
AACTTTAGCTGCTGAG-1,0.00001,0.99999
AACTTTCTCGATCATG-1,0.000023,0.999977
AAGAAATCACCAGATT-1,0.00072,0.99928
AAGAAGGATCAGTTAG-1,0.000026,0.999974
AAGACATACGTGGTTT-1,0.002625,0.997375
AAGACCCAACTGAACA-1,0.000046,0.999954
AAGACTAACCCGTTGT-1,0.000473,0.999527
AAGACTCACGCCCACT-1,0.000021,0.999979
AAGACTGCAAGCTACT-1,0.000015,0.999985
AAGAGATGAATCGGTA-1,0.000021,0.999979
AAGAGCTCTTTATCGG-1,0.000008,0.999992
AAGAGGATGTACGCGA-1,0.000017,0.999983
AAGAGGCATGGATCGC-1,0.000008,0.999992
AAGAGGCCCTTTGGAA-1,0.000005,0.999995
AAGATGGCACCGGACC-1,0.001253,0.998747
AAGATTGGCGGAACGT-1,0.000017,0.999983
AAGCACCCTGCGTATC-1,0.001207,0.998793
AAGCATACTCTCCTGA-1,0.000012,0.999988
AAGCCACTTGCAGGTA-1,0.000013,0.999987
AAGCCGAAGCGGTTTA-1,0.00001,0.99999
AAGCCGCCGTGAAATC-1,0.000017,0.999983
AAGCCGCTTTACCTTG-1,0.000013,0.999987
AAGCGCAGGGCTTTGA-1,0.000007,0.999993
AAGCGGCGTCATGGGT-1,0.000022,0.999978
AAGCGTCCCTCATCGA-1,0.000025,0.999975
AAGCTAGATCGAGTAA-1,0.000011,0.999989
AAGCTCGTGCCAAGTC-1,0.000022,0.999978
AAGCTCTTTCATGGTG-1,0.000012,0.999988
AAGGAGAACTTATAAG-1,0.000248,0.999752
AAGGAGCGGTTGGTGC-1,0.00002,0.99998
AAGGATCGATCGCTTG-1,0.000017,0.999983
AAGGATGAGGGACCTC-1,0.000005,0.999995
AAGGCAGGCTGTCTCC-1,0.000028,0.999972
AAGGCGCGTAAAGCTT-1,0.000015,0.999985
AAGGCTGTGCTCATCG-1,0.000021,0.999979
AAGGGAACGACTGGCT-1,0.000014,0.999986
AAGGGACAGATTCTGT-1,0.000026,0.999974
AAGGGACTATGCATTC-1,0.000015,0.999985
AAGGTATCCTAATATA-1,0.000018,0.999982
AAGGTGATAAACCAGC-1,0.000006,0.999994
AAGTAAGCTTCCAAAC-1,0.000013,0.999987
AAGTAGAAGACCGGGT-1,0.000008,0.999992
AAGTAGTGACGCGAGG-1,0.000016,0.999984
AAGTCAATTGTCGTCA-1,0.000012,0.999988
AAGTCTAGTAGCTGCC-1,0.000018,0.999982
AAGTGACGACCGAATT-1,0.000018,0.999982
AAGTGAGTCGGGTTTA-1,0.000018,0.999982
AAGTGCAAAGGTAGAC-1,0.000008,0.999992
AAGTGCCTTGACTGTA-1,0.00002,0.99998
AAGTGCGTTAGAATCT-1,0.000017,0.999983
AAGTGCTTCTCTATTG-1,0.000019,0.999981
AAGTGTTTGGAGACGG-1,0.000013,0.999987
AAGTTCACTCCAAGCT-1,0.001135,0.998865
AAGTTCAGTCTGCGTA-1,0.000006,0.999994
AAGTTCGGCCAACAGG-1,0.000021,0.999979
AAGTTGTGATGTTATA-1,0.00001,0.99999
AAGTTTACTAATGGCA-1,0.000015,0.999985
AAGTTTATGGGCCCAA-1,0.000012,0.999988
AATAACAACGCTCGGC-1,0.000013,0.999987
AATAACACTAGAACAA-1,0.000013,0.999987
AATAACGTCGCGCCCA-1,0.000029,0.999971
AATAAGTCCTCGAGAC-1,0.000012,0.999988
AATACAATGTTTCAGG-1,0.000032,0.999968
AATACCGGAGGGCTGT-1,0.000023,0.999977
AATACCTGATGTGAAC-1,0.000014,0.999986
AATAGAACAGAGTGGC-1,0.000022,0.999978
AATAGAATCTGTTTCA-1,0.000023,0.999977
AATAGCAAGCCTCCTG-1,0.00002,0.99998
AATAGCTACCGCGTGC-1,0.000011,0.999989
AATAGGCACGACCCTT-1,0.000039,0.999961
AATAGTCCGTCCCGAC-1,0.000071,0.999929
AATATCAAGGTCGGAT-1,0.000024,0.999976
AATATCGAATCAATGC-1,0.000015,0.999985
AATATCGAGGGTTCTC-1,0.00002,0.99998
AATATTGGAGTATTGA-1,0.00002,0.99998
AATCAGACTGCAGGAC-1,0.000021,0.999979
AATCAGGTTTCATTTA-1,0.000015,0.999985
AATCATGTAAAGACTC-1,0.000573,0.999427
AATCCAAGGGCCTGAG-1,0.000021,0.999979
AATCCATGCAAGGGTG-1,0.000015,0.999985
AATCCCGCTCAGAGCC-1,0.000015,0.999985
AATCGAGGTCTCAAGG-1,0.000018,0.999982
AATCGCCTCAGCGCCA-1,0.000017,0.999983
AATCGCGCAGAGGACT-1,0.000021,0.999979
AATCGGGACACTACGA-1,0.00002,0.99998
AATCGGTATAGCCCTC-1,0.000019,0.999981
AATCGTGAGCCGAGCA-1,0.000014,0.999986
AATCTAGGTTTACTTG-1,0.000012,0.999988
AATCTATGCCGGAGCC-1,0.000022,0.999978
AATCTGCGTTGGGACG-1,0.000011,0.999989
AATCTGGCTTTCTAGT-1,0.00001,0.99999
AATCTGGGTAGACCCT-1,0.000009,0.999991
AATGACAGCAATGTCT-1,0.00002,0.99998
AATGACGTAGGATGTC-1,0.000006,0.999994
AATGACTGTCAGCCGG-1,0.000904,0.999096
AATGAGTTCGCATATG-1,0.000063,0.999937
AATGATGATACGCTAT-1,0.000024,0.999976
AATGATGCGACTCCTG-1,0.000022,0.999978
AATGCAACCGGGTACC-1,0.000013,0.999987
AATGCACCAAGCAATG-1,0.000022,0.999978
AATGGCCGCCAATGCG-1,0.000011,0.999989
AATGGTCCACCGTTCA-1,0.000014,0.999986
AATGGTTCTCACAAGC-1,0.000656,0.999344
AATGTGCCCGAGGTGT-1,0.00002,0.99998
AATGTGCTAATCTGAG-1,0.00002,0.99998
AATGTTAAGACCCTGA-1,0.000016,0.999984
AATGTTGTCGTGAGAC-1,0.000009,0.999991
AATTAAAGGTCGGCGT-1,0.000027,0.999973
AATTAACGGATTTCCA-1,0.000012,0.999988
AATTAGCGCTGCAGCG-1,0.000013,0.999987
AATTATACCCAGCAAG-1,0.000014,0.999986
AATTCATAAGGGATCT-1,0.000025,0.999975
AATTCCAACTTGGTGA-1,0.002835,0.997165
AATTCCAAGCATGTAC-1,0.000051,0.999949
AATTCGATTCGAGGAT-1,0.000014,0.999986
AATTCTAGAGTTAGGC-1,0.00377,0.99623
AATTGAACGCTCTGGT-1,0.000026,0.999974
AATTGCAGCAATCGAC-1,0.000011,0.999989
AATTTGGGACATAGTA-1,0.000044,0.999956
AATTTGGTTCCAAAGA-1,0.00001,0.99999
ACAAACCGACAAGGCG-1,0.000014,0.999986
ACAAACTCCATCAGAG-1,0.000023,0.999977
ACAAAGCATGACCTAG-1,0.00001,0.99999
ACAAATCGCACCGAAT-1,0.000677,0.999323
ACAAATGGTAGTGTTT-1,0.001242,0.998758
ACAAATTCAGATCTGA-1,0.000018,0.999982
ACAACAGCATGAGCTA-1,0.00002,0.99998
ACAACGGTCCCTGCGA-1,0.000014,0.999986
ACAAGCAGTGCCTAGC-1,0.000011,0.999989
ACAAGGAAATCCGCCC-1,0.000013,0.999987
ACAAGGACAAGAGGTT-1,0.000018,0.999982
ACAAGGATGCTTTAGG-1,0.000011,0.999989
ACAAGGCCTACCAGCC-1,0.000009,0.999991
ACAAGGGCAGGCTCTG-1,0.002222,0.997778
ACAATAGTCGTACGTT-1,0.000018,0.999982
ACAATCCATTTAAACC-1,0.000014,0.999986
ACAATCGATCTTTATA-1,0.000009,0.999991
ACAATGAATACGGAGA-1,0.000016,0.999984
ACAATGATTCTTCTAC-1,0.000026,0.999974
ACAATTGTGTCTCTTT-1,0.000453,0.999547
ACAATTTGAGCAGTGG-1,0.001565,0.998435
ACAATTTGGCCATATT-1,0.000026,0.999974
ACACAAAGACGGGTGG-1,0.000014,0.999986
ACACAAATATTCCTAG-1,0.000013,0.999987
ACACACCAGGACCAGT-1,0.000013,0.999987
ACACACTTTCTACACG-1,0.000019,0.999981
ACACATGATCAAATCT-1,0.000015,0.999985
ACACATTGACGCAACA-1,0.000069,0.999931
ACACATTTCCGTAGAC-1,0.000018,0.999982
ACACCACATAATTAGC-1,0.000015,0.999985
ACACCCAGCATGCAGC-1,0.000018,0.999982
ACACCCGAGAAATCCG-1,0.000011,0.999989
ACACCCGTAAATCTGT-1,0.000015,0.999985
ACACCTTAAGTAGGGC-1,0.000021,0.999979
ACACCTTACTACTTGC-1,0.00001,0.99999
ACACGAGACTCCTTCT-1,0.024775,0.975225
ACACGGCACTATGCAT-1,0.000011,0.999989
ACACGGGAACTTAGGG-1,0.000019,0.999981
ACACGTAGGCCACAAG-1,0.000527,0.999473
ACACTCCAATGTCACT-1,0.000024,0.999976
ACACTGATCAAGGTGT-1,0.000026,0.999974
ACACTGGGACAGTCGT-1,0.000026,0.999974
ACAGAACTGAGAACAA-1,0.000018,0.999982
ACAGATTAGGTTAGTG-1,0.00003,0.99997
ACAGCATAGAGCCAGT-1,0.000013,0.999987
ACAGCGACATTCTCAT-1,0.001411,0.998589
ACAGCGCACCCGCAGC-1,0.000012,0.999988
ACAGGCACGGATCCTT-1,0.000013,0.999987
ACAGGCTTGCCCGACT-1,0.00361,0.99639
ACAGGTGGAGGTGAGG-1,0.000022,0.999978
ACAGTAATACAACTTG-1,0.000008,0.999992
ACAGTATACCGTGGGA-1,0.000009,0.999991
ACAGTGCAGCGCATTT-1,0.000009,0.999991
ACATAATAAGGCGGTG-1,0.00002,0.99998
ACATACAATCAAGCGG-1,0.000016,0.999984
ACATCAGCTGGGACGC-1,0.000038,0.999962
ACATCCCGGCCATACG-1,0.000051,0.999949
ACATCCTGGTAACTGT-1,0.184283,0.815717
ACATCGATCGTTTACC-1,0.000029,0.999971
ACATCGGTCAGCCGCG-1,0.000043,0.999957
ACATCGTATGCAATGG-1,0.000019,0.999981
ACATCGTTAACCTAGT-1,0.000945,0.999055
ACATCTCAACGCGTAA-1,0.000018,0.999982
ACATGGCGCCAAAGTA-1,0.00042,0.99958
ACATGGCTCAATTTAG-1,0.000545,0.999455
ACATTAGTTTATATCC-1,0.000029,0.999971
ACATTCGCGCGGAATA-1,0.000056,0.999944
ACATTTGAAACCTAAC-1,0.000015,0.999985
ACCAAACACCCAGCGA-1,0.000016,0.999984
ACCAAACTAGAAATCC-1,0.000013,0.999987
ACCAACACCACACACT-1,0.000007,0.999993
ACCAACCGCACTCCAC-1,0.000014,0.999986
ACCAACGCTTATTTAT-1,0.000015,0.999985
ACCAAGAACGCGTGTC-1,0.00001,0.99999
ACCAAGTCATCGGCAG-1,0.000012,0.999988
ACCAATATGCAAGTTA-1,0.000007,0.999993
ACCACAACTCAGAACA-1,0.000005,0.999995
ACCACAAGTTTCTATC-1,0.000019,0.999981
ACCACACGGTTGATGG-1,0.000023,0.999977
ACCACCAATGTAACAA-1,0.000007,0.999993
ACCACCCTCTCTTCTA-1,0.000017,0.999983
ACCACGTGCAGCTATA-1,0.000006,0.999994
ACCAGCCCGGTCTTTG-1,0.00003,0.99997
ACCAGGAGTGTGATCT-1,0.00001,0.99999
ACCAGTGCCCGGTCAA-1,0.000748,0.999252
ACCAGTGCGGGAGACG-1,0.000013,0.999987
ACCATATCCGCAATAA-1,0.00003,0.99997
ACCATCCGCCAACTAG-1,0.000021,0.999979
ACCATCGTATATGGTA-1,0.000027,0.999973
ACCCAACGCCCGTGGC-1,0.000004,0.999996
ACCCACCTACATGCTC-1,0.000027,0.999973
ACCCATCTTGAGGGTA-1,0.000038,0.999962
ACCCATTTGTCCCTCT-1,0.000022,0.999978
ACCCGAGCGAAATTAC-1,0.000015,0.999985
ACCCGATTGGTTCCGA-1,0.000038,0.999962
ACCCGGAAACTCCCAG-1,0.000017,0.999983
ACCCGGATGACGCATC-1,0.008123,0.991877
ACCCGGTTACACTTCC-1,0.000011,0.999989
ACCCGTAGTCTAGTTG-1,0.001951,0.998049
ACCCGTGTCATCAGTA-1,0.000905,0.999095
ACCCTATAGGACTGAG-1,0.000038,0.999962
ACCCTATGCCATATCG-1,0.000032,0.999968
ACCCTCCCGTCAGGGC-1,0.000007,0.999993
ACCCTCCCTTGCTATT-1,0.000017,0.999983
ACCCTGGTAACGCCCT-1,0.000024,0.999976
ACCCTTCATCTGCGAA-1,0.000017,0.999983
ACCCTTGCCTGGGTCG-1,0.000029,0.999971
ACCCTTTAGTTCTCCA-1,0.001179,0.998821
ACCGAAAGGGCCCTGC-1,0.001323,0.998677
ACCGACACATCTCCCA-1,0.000008,0.999992
ACCGACTGAGTCCCAC-1,0.000018,0.999982
ACCGAGTCTCCTTATT-1,0.00001,0.99999
ACCGATATTTAATCAT-1,0.041595,0.958405
ACCGATGGTAGCATCG-1,0.000012,0.999988
ACCGCAATAACTGCCT-1,0.00001,0.99999
ACCGCGGTGGAAGTCG-1,0.000013,0.999987
ACCGCTAGTCATTGGT-1,0.000018,0.999982
ACCGGGCCTTTGTTGA-1,0.000012,0.999988
ACCGGTCTGAGTACGG-1,0.000024,0.999976
ACCGTGACCACGTGGG-1,0.000023,0.999977
ACCGTTCCCGCTCTGA-1,0.000017,0.999983
ACCTAAGTACCTTTCA-1,0.000026,0.999974
ACCTAATCGACTTCCT-1,0.000023,0.999977
ACCTACAGTATGTGGT-1,0.000013,0.999987
ACCTACTATAAATCTA-1,0.000014,0.999986
ACCTCAGCGAGGCGCA-1,0.000011,0.999989
ACCTCCGCCCTCGCTG-1,0.000008,0.999992
ACCTCCGTTATTCACC-1,0.000018,0.999982
ACCTGCGTGTCATGTT-1,0.000011,0.999989
ACCTTTCCTTTAGAAG-1,0.000012,0.999988
ACGAAATGGGCGGCAC-1,0.000018,0.999982
ACGACTCTAGGGCCGA-1,0.000011,0.999989
ACGACTGGTCATACTC-1,0.000015,0.999985
ACGAGAACCCATCACG-1,0.000033,0.999967
ACGAGATATTTGCTTA-1,0.000015,0.999985
ACGAGGATACCACTCT-1,0.000607,0.999393
ACGAGTACGGATGCCC-1,0.00001,0.99999
ACGAGTCGCCGGCGTT-1,0.002501,0.997499
ACGATACATAGAACTA-1,0.000009,0.999991
ACGATCATACATAGAG-1,0.000017,0.999983
ACGATCATCTTGTAAA-1,0.000023,0.999977
ACGATGCATATGTTAT-1,0.000023,0.999977
ACGATGGATCCGATGC-1,0.000019,0.999981
ACGCAAACTAATAGAT-1,0.00002,0.99998
ACGCAATCACTACAGC-1,0.000024,0.999976
ACGCATAAATGACATG-1,0.000018,0.999982
ACGCATACGTTTACTA-1,0.00048,0.99952
ACGCATTCGTGAGTAC-1,0.000025,0.999975
ACGCCACTCGAAACAG-1,0.000013,0.999987
ACGCCAGATGATTTCT-1,0.000024,0.999976
ACGCCAGTGCGTTTGC-1,0.000029,0.999971
ACGCCCAGCTGTCGAT-1,0.000016,0.999984
ACGCCGCTAGACGACC-1,0.000014,0.999986
ACGCGAAGTCAGACGA-1,0.002368,0.997632
ACGCGCTACACAGGGT-1,0.000013,0.999987
ACGCGGGCCAAGGACA-1,0.000018,0.999982
ACGCTAGTATCAGTGC-1,0.000007,0.999993
ACGCTAGTGATACACT-1,0.000017,0.999983
ACGCTGTGAGGCGTAG-1,0.000074,0.999926
ACGCTTAGTGTCTCTC-1,0.000026,0.999974
ACGGAACACGAGTGCC-1,0.000021,0.999979
ACGGAATTTAGCAAAT-1,0.000012,0.999988
ACGGACTCTCAAAGCG-1,0.000013,0.999987
ACGGAGCGCAAATTAC-1,0.00001,0.99999
ACGGATGGTGCGGATA-1,0.007894,0.992106
ACGGCACTTGCTTGGG-1,0.001126,0.998874
ACGGCCAACATGGACT-1,0.000113,0.999887
ACGGCGACGATGGGAA-1,0.000008,0.999992
ACGGCGGGTTGCCCTG-1,0.000013,0.999987
ACGGGAGTGTCGGCCC-1,0.000015,0.999985
ACGGGCGTATGCGACA-1,0.000024,0.999976
ACGGTACAGTTCAATG-1,0.000009,0.999991
ACGTACAGATTTCTCT-1,0.00001,0.99999
ACGTACTTTGGCACGG-1,0.000038,0.999962
ACGTAGATTGCTGATG-1,0.000021,0.999979
ACGTAGGAGAGTCGCT-1,0.00186,0.99814
ACGTATTACTCCGATC-1,0.000015,0.999985
ACGTCCTAAACGAGAT-1,0.000018,0.999982
ACGTGCGCCTCGTGCA-1,0.000025,0.999975
ACGTGGTCGAATGTGC-1,0.000019,0.999981
ACGTTAATGTCGAAGA-1,0.000015,0.999985
ACGTTAGATTTGCCCG-1,0.000031,0.999969
ACGTTATTGGTCACTC-1,0.000015,0.999985
ACGTTCACTATGCCGC-1,0.000019,0.999981
ACGTTCCGCGCTCCGT-1,0.000018,0.999982
ACGTTCGCAATCAATT-1,0.000011,0.999989
ACGTTCGTTCAGGAAA-1,0.000028,0.999972
ACGTTCTGTACAAGTC-1,0.000014,0.999986
ACGTTGTCGTTGAAAG-1,0.000017,0.999983
ACGTTTAGTTGTGATC-1,0.000019,0.999981
ACTAATACGTCAGGCG-1,0.000013,0.999987
ACTACAAAGAGAGGTG-1,0.000022,0.999978
ACTACATCCCGACAAG-1,0.000067,0.999933
ACTACCAGCTCTCTGG-1,0.000016,0.999984
ACTACCATCCGAGGGC-1,0.000023,0.999977
ACTACGCGTTAGAATT-1,0.000411,0.999589
ACTAGTTGCGATCGTC-1,0.000015,0.999985
ACTATATGCTGTGTTC-1,0.000011,0.999989
ACTATCCAGGGCATGG-1,0.000015,0.999985
ACTATCTGCCCGCGTA-1,0.002562,0.997438
ACTATGTCCAGCTGCC-1,0.005297,0.994703
ACTATTCGTCCGTGGT-1,0.000028,0.999972
ACTATTTCCGGGCCCA-1,0.001049,0.998951
ACTCAACGAATGTATT-1,0.000024,0.999976
ACTCAAGTGCAAGGCT-1,0.000013,0.999987
ACTCAATAAAGGCACG-1,0.000015,0.999985
ACTCAGACCTGCTTCT-1,0.000016,0.999984
ACTCCAATATCATCAT-1,0.001063,0.998937
ACTCCCATTCCTAAAG-1,0.000011,0.999989
ACTCCCGAATTCGTTT-1,0.000009,0.999991
ACTCCCGTAGACTAGG-1,0.000026,0.999974
ACTCCCTAATGCTAAA-1,0.000012,0.999988
ACTCCCTAGAATAGTA-1,0.000011,0.999989
ACTCCGGCCGACCACT-1,0.000013,0.999987
ACTCGATGTATTTCAT-1,0.0001,0.9999
ACTCGCCGTTCGATAA-1,0.000007,0.999993
ACTCGCGATCTGACGC-1,0.016334,0.983666
ACTCGTAACCCGTCCT-1,0.000016,0.999984
ACTCGTCAGTAATCCC-1,0.000016,0.999984
ACTCTCTGACTTAGGT-1,0.002867,0.997133
ACTCTCTTATACACGA-1,0.000025,0.999975
ACTCTGACCTAATAGA-1,0.000007,0.999993
ACTCTTCAGCTCCCGC-1,0.021927,0.978073
ACTCTTGTATAGTAAC-1,0.000022,0.999978
ACTGAAACGCCGTTAG-1,0.001711,0.998289
ACTGAATGGCGAAAGT-1,0.000014,0.999986
ACTGATTTAGTGATTC-1,0.000021,0.999979
ACTGCCCGCCATTCTC-1,0.00002,0.99998
ACTGCCGTCGTAACTC-1,0.000022,0.999978
ACTGCGGACACACCGT-1,0.000027,0.999973
ACTGGGATGCCAGTGC-1,0.000601,0.999399
ACTGTACGATACACAT-1,0.000019,0.999981
ACTGTAGCACTTTGGA-1,0.000017,0.999983
ACTGTATACGCGAGCA-1,0.000025,0.999975
ACTGTCCAGGATTATA-1,0.000052,0.999948
ACTGTCTTCTTTAGAA-1,0.000018,0.999982
ACTGTGCTAGTAGATC-1,0.000022,0.999978
ACTGTTTAGTGTAGGC-1,0.000968,0.999032
ACTTACCGGGCGCGCA-1,0.000025,0.999975
ACTTACGCATCCACGC-1,0.000824,0.999176
ACTTAGTACGACAAGA-1,0.000008,0.999992
ACTTATACTTACCCGG-1,0.000025,0.999975
ACTTATCTGATCTATA-1,0.000016,0.999984
ACTTATTAGGATCGGT-1,0.000064,0.999936
ACTTATTTATGTGCCA-1,0.004717,0.995283
ACTTCAGGCTGATCCC-1,0.000882,0.999118
ACTTCCATGCGGGACA-1,0.000017,0.999983
ACTTCCTGTCGTGCGA-1,0.000011,0.999989
ACTTCGCCATACGCAC-1,0.000023,0.999977
ACTTCGCTAGCGAGTG-1,0.00013,0.99987
ACTTGACTCCCTCTTT-1,0.002219,0.997781
ACTTGCCATATTGTAC-1,0.000011,0.999989
ACTTGGGACCCGGTGG-1,0.000059,0.999941
ACTTGGGCTTTCGCCA-1,0.000025,0.999975
ACTTGTGGATGGAACG-1,0.00003,0.99997
ACTTGTTACCGGATCA-1,0.001619,0.998381
ACTTTACCCTCATGAA-1,0.000014,0.999986
ACTTTCCTATAGCTTC-1,0.000023,0.999977
AGAAATTATGACTCGC-1,0.000018,0.999982
AGAACCCAGCGTGACA-1,0.012439,0.987561
AGAACGTGGTACATTC-1,0.000015,0.999985
AGAACTGTACTTTGTA-1,0.000009,0.999991
AGAAGAGCGCCGTTCC-1,0.000298,0.999702
AGAAGGTACACTTCAC-1,0.000042,0.999958
AGAAGGTTGCCGAATT-1,0.000023,0.999977
AGAAGGTTGTAGGTCG-1,0.000013,0.999987
AGAAGTGATTCGTGAT-1,0.000027,0.999973
AGAATACAGGCTATCC-1,0.00001,0.99999
AGAATGCGGGTTCGGA-1,0.000014,0.999986
AGAATTATGGATTCGA-1,0.000029,0.999971
AGAATTGTTTGACATA-1,0.058508,0.941492
AGACAGCTCAGAATCC-1,0.001227,0.998773
AGACATAGATCCTTCC-1,0.000013,0.999987
AGACCATGGGATACAA-1,0.000012,0.999988
AGACCCACCGCTGATC-1,0.000015,0.999985
AGACCCGCCCTCCTCG-1,0.000018,0.999982
AGACCGCTCCGCGGTT-1,0.00001,0.99999
AGACCGGGAAACCCTG-1,0.000273,0.999727
AGACGAAGTGCCGGTC-1,0.000018,0.999982
AGACGACGATGCCGCT-1,0.000014,0.999986
AGACGGGATTGGTATA-1,0.000021,0.999979
AGACGGGCCGATTTAA-1,0.000013,0.999987
AGACTAGCCTTCCAGA-1,0.000021,0.999979
AGACTGTTACCGGGTC-1,0.000048,0.999952
AGAGAAACACCAGAAA-1,0.000013,0.999987
AGAGAACCGTCTAGGA-1,0.000013,0.999987
AGAGAAGGAGTACAAT-1,0.000018,0.999982
AGAGATCTCTAAAGCG-1,0.001468,0.998532
AGAGCAGTTATGAGAC-1,0.000015,0.999985
AGAGCCGCCGAGATTT-1,0.000006,0.999994
AGAGCGCTTGTAACGG-1,0.000019,0.999981
AGAGCGGGCTAATCAT-1,0.00002,0.99998
AGAGCGTACAAGCTCG-1,0.000023,0.999977
AGAGCTACGAAAGCAT-1,0.00002,0.99998
AGAGGCTTCGGAAACC-1,0.00001,0.99999
AGAGGGACAATTGTCC-1,0.000011,0.999989
AGAGGTATCTCGGTCC-1,0.000009,0.999991
AGAGTAAACTTCACTA-1,0.000009,0.999991
AGAGTATAGTGTTACG-1,0.000009,0.999991
AGAGTGAACAGACACC-1,0.000008,0.999992
AGAGTTAGAGACCGAT-1,0.000021,0.999979
AGATAACTTCAGGGCC-1,0.000017,0.999983
AGATACCAATAGAACC-1,0.000301,0.999699
AGATACCAGCACTTCA-1,0.000017,0.999983
AGATACCGGTGTTCAC-1,0.000032,0.999968
AGATACGACTTCATAT-1,0.000017,0.999983
AGATACTCAAGATCGA-1,0.000504,0.999496
AGATATAATACGACTA-1,0.00001,0.99999
AGATCGTGCATAAGAT-1,0.000016,0.999984
AGATCTCAGGTGTGAT-1,0.000012,0.999988
AGATGACTCGCCCACG-1,0.000018,0.999982
AGATGAGGGTTGCGAT-1,0.000202,0.999798
AGATGATGGAGTCTGG-1,0.000008,0.999992
AGATGCAAGACGTGCA-1,0.003359,0.996641
AGATTATAGGACGTTT-1,0.000272,0.999728
AGATTCAAGCGGGTCG-1,0.000019,0.999981
AGCAAAGGCCGCTAGT-1,0.00001,0.99999
AGCAACATATCTTATT-1,0.000017,0.999983
AGCAACCGAAAGTAAT-1,0.000009,0.999991
AGCACACGTTTAGACT-1,0.000024,0.999976
AGCACCAGTACTCACG-1,0.000017,0.999983
AGCACTACCGGCCTGT-1,0.001781,0.998219
AGCACTACCTCACCAG-1,0.000015,0.999985
AGCACTTAAGGACGCC-1,0.000019,0.999981
AGCAGAAGGAGAAAGA-1,0.000008,0.999992
AGCAGCCAGATGAATA-1,0.000079,0.999921
AGCAGTCGAAGCATGC-1,0.000007,0.999993
AGCATATCAATATGCT-1,0.000791,0.999209
AGCATCATTTCGAAAG-1,0.000593,0.999407
AGCATCGTCGATAATT-1,0.000013,0.999987
AGCATTACGAGGCAAG-1,0.000012,0.999988
AGCCAAGCTTTGTGTC-1,0.022271,0.977729
AGCCACAGGTTACCCG-1,0.000011,0.999989
AGCCACTCCCGTGCTT-1,0.000012,0.999988
AGCCATATAGTATGTG-1,0.000019,0.999981
AGCCCATACATGTAAG-1,0.000017,0.999983
AGCCCGCAACAAGCAG-1,0.000399,0.999601
AGCCCGCACTACAATG-1,0.00002,0.99998
AGCCCGGCATTAGAGG-1,0.000021,0.999979
AGCCCGGTAGCCTGTA-1,0.000025,0.999975
AGCCCTAAGCGAAGTT-1,0.000018,0.999982
AGCCCTCCCTGGTGGC-1,0.00002,0.99998
AGCCCTGTCGCACCGT-1,0.000029,0.999971
AGCCCTTCTAATCCGA-1,0.000029,0.999971
AGCCCTTGGACATCCC-1,0.003061,0.996939
AGCCGTGGCTAAATGT-1,0.000016,0.999984
AGCCTAATACCCACGT-1,0.000021,0.999979
AGCCTTAAAGCGGAAG-1,0.000015,0.999985
AGCGACAGGAACGGTC-1,0.00002,0.99998
AGCGACATCCCATTCA-1,0.00002,0.99998
AGCGACCAACGATATT-1,0.000011,0.999989
AGCGACTTTGAAGACA-1,0.011814,0.988186
AGCGAGACGTGAAGGC-1,0.000032,0.999968
AGCGATGCGCCTAATA-1,0.00001,0.99999
AGCGCATAATGAATCG-1,0.000235,0.999765
AGCGCGGGTGCCAATG-1,0.000021,0.999979
AGCGCTAGAGCGATGT-1,0.000028,0.999972
AGCGCTTATGGGCAAG-1,0.000029,0.999971
AGCGGACACTTCGTAG-1,0.0137,0.9863
AGCGGGAAGGGTCCAT-1,0.000026,0.999974
AGCGGGTCTGACACTC-1,0.000017,0.999983
AGCGGTTGAGATGTAC-1,0.000011,0.999989
AGCGGTTGCCGCTCTG-1,0.000021,0.999979
AGCGTACGAGAGCTAG-1,0.000023,0.999977
AGCGTAGCGCTAGACC-1,0.000011,0.999989
AGCGTCTGAACCCGCA-1,0.00001,0.99999
AGCGTGGTATTCTACT-1,0.001392,0.998608
AGCGTTCCGATTTAAA-1,0.000011,0.999989
AGCTAACAAGCAATGT-1,0.000019,0.999981
AGCTAAGCTCCGTCCG-1,0.00003,0.99997
AGCTAAGTACGCAGGC-1,0.000011,0.999989
AGCTACGAATGGTGGT-1,0.000012,0.999988
AGCTAGAAGCAGAAGT-1,0.000014,0.999986
AGCTATTTAATCCAAC-1,0.00002,0.99998
AGCTCCATATATGTTC-1,0.001728,0.998272
AGCTCCTTCGCACATC-1,0.002762,0.997238
AGCTCGTTGATGGAAA-1,0.00001,0.99999
AGCTCTAGACGTTCCA-1,0.000019,0.999981
AGCTCTTCCCAGTGCA-1,0.000018,0.999982
AGCTCTTCGTAACCTT-1,0.00001,0.99999
AGCTCTTTACTCAGTT-1,0.000043,0.999957
AGCTGAAGTAAACCAA-1,0.000009,0.999991
AGCTGCATTTGAGGTG-1,0.000029,0.999971
AGCTGCTGTGCCGAAT-1,0.000024,0.999976
AGCTGTAACCTCAATC-1,0.000017,0.999983
AGCTTATAGAGACCTG-1,0.000013,0.999987
AGCTTCAATACTTTGA-1,0.000012,0.999988
AGCTTCTTCTCGAGCA-1,0.000016,0.999984
AGCTTGATCTTAACTT-1,0.000024,0.999976
AGGAAAGCCTCTGATG-1,0.000018,0.999982
AGGAAGCTGTCCGCCG-1,0.003418,0.996582
AGGACAGTCGAATCCC-1,0.000013,0.999987
AGGACATCGCACGTCG-1,0.000029,0.999971
AGGACGACCCATTAGA-1,0.00108,0.99892
AGGACGCTCGATGTTG-1,0.000019,0.999981
AGGAGACATCCACAGT-1,0.000013,0.999987
AGGAGAGTCTGGCTAC-1,0.002898,0.997102
AGGAGCGTTTATTATC-1,0.000034,0.999966
AGGAGGCCTTCGCGCG-1,0.000015,0.999985
AGGATAAAGTCGGGAT-1,0.000019,0.999981
AGGATATAGGGATTTA-1,0.000016,0.999984
AGGATATCCGACTGCA-1,0.000016,0.999984
AGGATCACGCGATCTG-1,0.000009,0.999991
AGGATTGCTTACGACA-1,0.00001,0.99999
AGGCAAAGAGGAATCA-1,0.000007,0.999993
AGGCACGTGACTGTCC-1,0.00002,0.99998
AGGCAGATGCGTAAAC-1,0.000018,0.999982
AGGCAGGGAGCGTACT-1,0.00003,0.99997
AGGCATTGTCGTAGGG-1,0.000019,0.999981
AGGCCACCCGTTATGA-1,0.00002,0.99998
AGGCCCAGTGACTGGT-1,0.000052,0.999948
AGGCCCATTGTACAGG-1,0.000015,0.999985
AGGCCCTAGAACGCCA-1,0.000017,0.999983
AGGCCTATCATACCAA-1,0.000506,0.999494
AGGCCTGAGAATCTCG-1,0.000005,0.999995
AGGCGGTTTGTCCCGC-1,0.000007,0.999993
AGGCGTCTATGGACGG-1,0.000019,0.999981
AGGCTATGGTTAGCTT-1,0.00001,0.99999
AGGCTTAAGTTGCACA-1,0.000013,0.999987
AGGCTTCCCGAAGAAG-1,0.000014,0.999986
AGGCTTGCTAGACACC-1,0.000018,0.999982
AGGGAAACGAGGTACT-1,0.000029,0.999971
AGGGACAGCACGGCGG-1,0.000011,0.999989
AGGGACCGGCTGCGTT-1,0.000012,0.999988
AGGGACTCTACGCGAC-1,0.000066,0.999934
AGGGAGACATACTTCG-1,0.000019,0.999981
AGGGCAGCGGCGTGGT-1,0.000009,0.999991
AGGGCGAGCAGCTGAT-1,0.000021,0.999979
AGGGCGTGATCGGCTA-1,0.000017,0.999983
AGGGCTGCAGTTACAG-1,0.00003,0.99997
AGGGTCAGAGCACTCG-1,0.000026,0.999974
AGGGTCAGTAACCCTA-1,0.000014,0.999986
AGGGTCGATGCGAACT-1,0.00001,0.99999
AGGGTGCCGTTCTTTA-1,0.000022,0.999978
AGGGTGCTCTCGAGGG-1,0.00002,0.99998
AGGGTGGATAGTGCAT-1,0.000948,0.999052
AGGGTGTGCTACACGC-1,0.000016,0.999984
AGGGTTCAGACGGTCC-1,0.024444,0.975556
AGGGTTCCCTTTGGTT-1,0.000011,0.999989
AGGGTTTAGTTCGGGA-1,0.000027,0.999973
AGGTAACCTCCTATTC-1,0.00003,0.99997
AGGTACGATATTGCCA-1,0.000018,0.999982
AGGTAGATCGAGATAT-1,0.000018,0.999982
AGGTAGGTACAAAGCT-1,0.000012,0.999988
AGGTATAATTGATAGT-1,0.000017,0.999983
AGGTATGCGGACATTA-1,0.000026,0.999974
AGGTCAGGTGAGAGTG-1,0.000017,0.999983
AGGTCGCCACTTCGGT-1,0.000018,0.999982
AGGTCGCGGAGTTACT-1,0.000019,0.999981
AGGTGCACGTCCACAT-1,0.000016,0.999984
AGGTGGTGACCTTCGC-1,0.000641,0.999359
AGGTGTATCGCCATGA-1,0.001117,0.998883
AGGTTACACCATGCCG-1,0.000018,0.999982
AGGTTGAGGCACGCTT-1,0.000025,0.999975
AGGTTTCACACACCTT-1,0.000023,0.999977
AGTAACGTTCATCCTG-1,0.000011,0.999989
AGTAACTATAGCAGCC-1,0.000013,0.999987
AGTAAGGGACAGAATC-1,0.000009,0.999991
AGTAATCTAAGGGTGG-1,0.000009,0.999991
AGTAATGTCTTGCCGC-1,0.000021,0.999979
AGTACAGAAGCTTATA-1,0.000005,0.999995
AGTACATCATTTATCA-1,0.000018,0.999982
AGTACCTTCGAGTGCT-1,0.000026,0.999974
AGTACGGGCACCTGGC-1,0.000024,0.999976
AGTACGTGGCCTGTCT-1,0.000009,0.999991
AGTACTCTTATGCCCA-1,0.050663,0.949337
AGTAGAAGGCGCCTCA-1,0.00001,0.99999
AGTAGCGTGAACGAAC-1,0.000017,0.999983
AGTAGCTAGACGCCGA-1,0.000019,0.999981
AGTAGGAAGGAAGTTG-1,0.000011,0.999989
AGTAGGTAACATACAT-1,0.000015,0.999985
AGTATAATACTAGGCA-1,0.000025,0.999975
AGTATACACAGCGACA-1,0.000018,0.999982
AGTATCCATAATAACG-1,0.00001,0.99999
AGTATGCTGGAGACCA-1,0.009451,0.990549
AGTATTTGGCACGACC-1,0.000441,0.999559
AGTCAAATGATGTGAT-1,0.000014,0.999986
AGTCAACACCACCATC-1,0.000022,0.999978
AGTCAAGATGACACTT-1,0.000013,0.999987
AGTCACTAGCTCTCGA-1,0.006879,0.993121
AGTCACTCCGCCTCAT-1,0.000012,0.999988
AGTCAGCCACCGCCTG-1,0.000019,0.999981
AGTCCAGCGGGTACGT-1,0.000013,0.999987
AGTCCATTGGCTGATG-1,0.000014,0.999986
AGTCCCGCCTTTAATT-1,0.00004,0.99996
AGTCCCTCGCAGAAAG-1,0.000016,0.999984
AGTCGACGGTCTCAAG-1,0.000016,0.999984
AGTCGGCCCAAACGAC-1,0.000016,0.999984
AGTCGGCTCAACTTTA-1,0.000012,0.999988
AGTCGGTTGCGTGAGA-1,0.000027,0.999973
AGTCGTATAAAGCAGA-1,0.000016,0.999984
AGTCGTCGACCACCAA-1,0.00247,0.99753
AGTCGTGGGCATTACG-1,0.00002,0.99998
AGTCTAAAGTATACTC-1,0.000015,0.999985
AGTCTCACAAGACTAC-1,0.000026,0.999974
AGTCTGGACATCCTTG-1,0.002264,0.997736
AGTCTTCTCCTCAAAT-1,0.002013,0.997987
AGTCTTTAAAGTGTCC-1,0.000007,0.999993
AGTGAACAAACTTCTC-1,0.000015,0.999985
AGTGAAGATGGTGTCC-1,0.000016,0.999984
AGTGACCTACTTTACG-1,0.000026,0.999974
AGTGACTGTGACACAA-1,0.000021,0.999979
AGTGAGACTTCCAGTA-1,0.000011,0.999989
AGTGAGCCTCGCCGCC-1,0.000021,0.999979
AGTGAGGGTTTCTGAC-1,0.00003,0.99997
AGTGAGTCGAATTAAC-1,0.000005,0.999995
AGTGATAACCTGCGCG-1,0.00001,0.99999
AGTGATATGAGTAGTT-1,0.000019,0.999981
AGTGATTCAAGCAGGA-1,0.000019,0.999981
AGTGCACGCTTAAGAA-1,0.000008,0.999992
AGTGCGTAGCTCGTAA-1,0.000013,0.999987
AGTGCTAAACACAGCA-1,0.000009,0.999991
AGTGCTTGCACGAATA-1,0.000021,0.999979
AGTGGCCCGCAAATGG-1,0.000008,0.999992
AGTGGCGGCAATTTGA-1,0.00003,0.99997
AGTGGCGTCTGAAGGT-1,0.000012,0.999988
AGTGGCTCCGTCGGCC-1,0.000024,0.999976
AGTGTATTGCGCATTG-1,0.000041,0.999959
AGTGTGCTAAGATCGC-1,0.000026,0.999974
AGTGTGGTCTATTGTG-1,0.000022,0.999978
AGTTAAACACTTGCGA-1,0.000019,0.999981
AGTTAAGCGGTCCCGG-1,0.000016,0.999984
AGTTAAGTCAACCGCT-1,0.000024,0.999976
AGTTACCCTTAAGACT-1,0.000025,0.999975
AGTTACCGCACATGGT-1,0.00001,0.99999
AGTTACTCTATCGTGG-1,0.000008,0.999992
AGTTATTCAGACTGTG-1,0.000026,0.999974
AGTTATTGAAAGGTAA-1,0.000012,0.999988
AGTTCCTACAGAATTA-1,0.000017,0.999983
AGTTCCTATTTATGTT-1,0.000024,0.999976
AGTTCTGCGTTGTATC-1,0.00003,0.99997
AGTTGACATCGGCTGG-1,0.000025,0.999975
AGTTGACGGTCCTTGC-1,0.008172,0.991828
AGTTGCTGACTGATAT-1,0.000838,0.999162
AGTTGGCAAGGCTAGA-1,0.000009,0.999991
AGTTTATGTAAAGACA-1,0.000008,0.999992
AGTTTCGCAGGTCGGA-1,0.000019,0.999981
AGTTTGCACCTGCCTC-1,0.000017,0.999983
AGTTTGGCACGGGTTG-1,0.000025,0.999975
AGTTTGGCCAGACCTA-1,0.000016,0.999984
ATAAACCATTGGACGG-1,0.00064,0.99936
ATAAACGGACCCGTAA-1,0.000014,0.999986
ATAAACGTTGCACCAC-1,0.001512,0.998488
ATAAAGGCTCGGTCGT-1,0.008661,0.991339
ATAAAGGTCAAGTACG-1,0.00001,0.99999
ATAAATATTAGCAGCT-1,0.000015,0.999985
ATAACGCCGGAGGGTC-1,0.000018,0.999982
ATAACGGAGTCCAACG-1,0.00002,0.99998
ATAACGTTACCTCCAC-1,0.000017,0.999983
ATAAGCAAACACCGAG-1,0.000027,0.999973
ATAAGGTGGAGAACAT-1,0.000008,0.999992
ATAAGTACCCGATTGT-1,0.000022,0.999978
ATAAGTAGGATTCAGA-1,0.000021,0.999979
ATAAGTAGGGCGACTC-1,0.00001,0.99999
ATAAGTTACCGCGACG-1,0.000028,0.999972
ATAATACCGTTAGCCG-1,0.002027,0.997973
ATAATAGCTGTTGAAT-1,0.00002,0.99998
ATAATAGTGTAGGGAC-1,0.001052,0.998948
ATAATCTTGGAGAACC-1,0.000648,0.999352
ATAATTAGCTAAGTAG-1,0.000015,0.999985
ATACAGGCCCTCCAAT-1,0.000016,0.999984
ATACCACGGGCAACTT-1,0.00002,0.99998
ATACCAGCAAATTGCT-1,0.000011,0.999989
ATACCAGGCTAATAGA-1,0.000014,0.999986
ATACCAGGTGAGCGAT-1,0.000016,0.999984
ATACCCTGGCTCAAAT-1,0.000906,0.999094
ATACCGTCATCCATAA-1,0.000024,0.999976
ATACCTAACCAAGAAA-1,0.000013,0.999987
ATACGAAGGCTTTCCA-1,0.000028,0.999972
ATACGACAGATGGGTA-1,0.000018,0.999982
ATACGAGGTTTGTAAG-1,0.000275,0.999725
ATACGCCGATCTACCG-1,0.000011,0.999989
ATACGCCGGCGAAACC-1,0.009044,0.990956
ATACGGAACGTCGTTT-1,0.000014,0.999986
ATACGGGTTTCGATTG-1,0.00003,0.99997
ATACGTACTTAGCCAC-1,0.000006,0.999994
ATACGTCCACTCCTGT-1,0.00002,0.99998
ATACGTTATGCACGGA-1,0.000029,0.999971
ATACTACCCGTACCAC-1,0.000022,0.999978
ATACTAGCATGACCCT-1,0.059073,0.940927
ATACTCTCGCCACTCT-1,0.000055,0.999945
ATACTGCCTTACACCG-1,0.000012,0.999988
ATACTTGTTCTCGAGC-1,0.000022,0.999978
ATAGACAACGGGACCT-1,0.000023,0.999977
ATAGACGAAGAGAAAG-1,0.000025,0.999975
ATAGAGTACTGGGACA-1,0.000026,0.999974
ATAGAGTTATCAACTT-1,0.000027,0.999973
ATAGATTTGCAGTCGG-1,0.000019,0.999981
ATAGCAACTAGGGAAG-1,0.000012,0.999988
ATAGCCATAACAGTCA-1,0.000025,0.999975
ATAGCCTCAGTACCCA-1,0.000064,0.999936
ATAGCTGCTCTTGTTA-1,0.000086,0.999914
ATAGGAATCTAAGCTT-1,0.000017,0.999983
ATAGGCGGCTATAGAA-1,0.000032,0.999968
ATAGGCTAGCTTCGCA-1,0.000022,0.999978
ATAGGGATATCCTTGA-1,0.000024,0.999976
ATAGGTTGGGCAGATG-1,0.000016,0.999984
ATAGTCTTTGACGTGC-1,0.000021,0.999979
ATAGTGAAGCGTTCTC-1,0.000127,0.999873
ATAGTTCCACCCACTC-1,0.000017,0.999983
ATATAAAGCGCTCGTG-1,0.000011,0.999989
ATATAAATGTAGCTGC-1,0.000016,0.999984
ATATAACACGGGCGCA-1,0.000015,0.999985
ATATACGCTCGTGACG-1,0.000015,0.999985
ATATCAACCTACAGAG-1,0.000008,0.999992
ATATCGGTAGGGAGAT-1,0.000007,0.999993
ATATCGTGCCAGACCC-1,0.000022,0.999978
ATATCGTTCCTCGAAC-1,0.000006,0.999994
ATATCTCCCTCGTTAA-1,0.000015,0.999985
ATATCTTAGGGCCTTC-1,0.000019,0.999981
ATATGGGATAGCAACT-1,0.057662,0.942338
ATATGTCTAGAGCGTG-1,0.000943,0.999057
ATATGTCTCCCTAGCC-1,0.000015,0.999985
ATATGTGCACAAACCA-1,0.00001,0.99999
ATATTCAGTTAAACCT-1,0.000019,0.999981
ATATTCCACATAGTGA-1,0.000005,0.999995
ATATTCCCACAGGTCA-1,0.000014,0.999986
ATATTGCTGTCAAAGT-1,0.000024,0.999976
ATATTTAACCCTCAAG-1,0.000047,0.999953
ATCAAACACTGTTCCA-1,0.000012,0.999988
ATCAAACGAAGGTTTG-1,0.000021,0.999979
ATCAAAGAGCCGTGGT-1,0.000018,0.999982
ATCAAGATCCCAGGAC-1,0.000019,0.999981
ATCAATCTGGGCTGCA-1,0.000019,0.999981
ATCAATGCCGTGGCTG-1,0.000016,0.999984
ATCACATTAGAATATC-1,0.00001,0.99999
ATCACGTGCTAATTAA-1,0.000022,0.999978
ATCACTTCATCCTCGC-1,0.000019,0.999981
ATCAGACGGCACGCCG-1,0.00002,0.99998
ATCAGCCTCATGCTGC-1,0.000013,0.999987
ATCAGCTCGTCCACTA-1,0.00003,0.99997
ATCAGGTAGCTGACAG-1,0.000037,0.999963
ATCAGGTCGCCATTGC-1,0.000021,0.999979
ATCAGTAGGCAGGGAT-1,0.000014,0.999986
ATCATAGATCGACGAG-1,0.000024,0.999976
ATCATAGCCCTATGTA-1,0.000013,0.999987
ATCATCCAATATTTGT-1,0.00005,0.99995
ATCATCTGCCCAGTGT-1,0.000019,0.999981
ATCCAACGCAGTCATA-1,0.000018,0.999982
ATCCAATGGAGGGTCC-1,0.000021,0.999979
ATCCACATCGACAGAA-1,0.000012,0.999988
ATCCACGCTAAATGTT-1,0.000012,0.999988
ATCCACTTTCAGACTA-1,0.000022,0.999978
ATCCAGAGCAACAACC-1,0.000017,0.999983
ATCCAGGATTCGTGAA-1,0.000023,0.999977
ATCCCATTTCCGTGGG-1,0.000037,0.999963
ATCCTACCTAAGCTCT-1,0.021584,0.978416
ATCCTGAATCGCTGCG-1,0.000015,0.999985
ATCCTGCGTGGAATGG-1,0.000023,0.999977
ATCCTGCTGCAGATAG-1,0.000019,0.999981
ATCGACCCAATACAGA-1,0.000406,0.999594
ATCGACTCTTTCCGTT-1,0.000027,0.999973
ATCGCACGATTGTTCA-1,0.000017,0.999983
ATCGCACGCCGGGAGA-1,0.000014,0.999986
ATCGCCAGTCAACATT-1,0.000016,0.999984
ATCGCTGCGTGCAGCA-1,0.000007,0.999993
ATCGCTTTACGTCTCA-1,0.000037,0.999963
ATCGGAGACAGACGGC-1,0.000012,0.999988
ATCGGCAAGCAGTCCA-1,0.000031,0.999969
ATCGTCCAATCGAGTC-1,0.000235,0.999765
ATCGTGGAAAGTCTGG-1,0.041432,0.958568
ATCGTTAGCTAGCGGA-1,0.000014,0.999986
ATCGTTCACTTTCGCC-1,0.000032,0.999968
ATCTAATATCCTACGG-1,0.000012,0.999988
ATCTACCATCTGCTCC-1,0.000011,0.999989
ATCTAGCTTGTGAGGG-1,0.000014,0.999986
ATCTCATAAACCTACC-1,0.000023,0.999977
ATCTCCCACGGAATAT-1,0.000705,0.999295
ATCTCCCTGCAATCTA-1,0.000028,0.999972
ATCTCGTGAGCGAAAC-1,0.000005,0.999995
ATCTGACATGGAAGGA-1,0.000026,0.999974
ATCTGATAGTGTCTTA-1,0.002408,0.997592
ATCTGCACCTCTGCGA-1,0.000024,0.999976
ATCTGCTGTTATCGCC-1,0.000037,0.999963
ATCTGGGCTGTTCTTG-1,0.000017,0.999983
ATCTGGTTAAGACTGT-1,0.000023,0.999977
ATCTGTAATTGTACCC-1,0.00002,0.99998
ATCTTATCGCACACCC-1,0.000014,0.999986
ATCTTGACCTGCAACG-1,0.000014,0.999986
ATCTTGACTTGTCCAA-1,0.000801,0.999199
ATCTTTCGTATAACCA-1,0.000007,0.999993
ATGAAGCCAAGGAGCC-1,0.000018,0.999982
ATGACGCCGGCTCTAA-1,0.000018,0.999982
ATGACGCGTTCTATCC-1,0.000022,0.999978
ATGACTATCAGCTGTG-1,0.00002,0.99998
ATGACTATGCGACATT-1,0.001309,0.998691
ATGAGGAGTGTTAATC-1,0.000025,0.999975
ATGAGGGCAGCGGCTA-1,0.000024,0.999976
ATGATCGGGAATAGAC-1,0.000019,0.999981
ATGATGCAATGGTACA-1,0.000027,0.999973
ATGCACTACCGCATTG-1,0.00002,0.99998
ATGCATGATCCAGGAT-1,0.000016,0.999984
ATGCATTCCGTGATGG-1,0.000011,0.999989
ATGCCAATCGCTCTGC-1,0.000027,0.999973
ATGCCATTTGCGACCA-1,0.000014,0.999986
ATGCCGGTCTTGCATA-1,0.000014,0.999986
ATGCCGGTTGATGGGA-1,0.000014,0.999986
ATGCGACAATTGGTCC-1,0.000004,0.999996
ATGCGACAGTCCCATT-1,0.00002,0.99998
ATGCGAGTCCCACCAC-1,0.000009,0.999991
ATGCTCAGTGTTGCAT-1,0.000018,0.999982
ATGCTCTGGCGCGGTA-1,0.00099,0.99901
ATGCTTAGGAGTTGAT-1,0.000025,0.999975
ATGGAACAGAATAAAC-1,0.000011,0.999989
ATGGAACCTTTGCACA-1,0.000025,0.999975
ATGGACTGCTTAGTTG-1,0.000039,0.999961
ATGGAGCAGGCCGTGA-1,0.00002,0.99998
ATGGATCCGGCGTCCG-1,0.000012,0.999988
ATGGATTGACCAAACG-1,0.000011,0.999989
ATGGCGGAATAGTCGC-1,0.000031,0.999969
ATGGCTGGAAATGGCC-1,0.00001,0.99999
ATGGGAACGGAAGCGG-1,0.000009,0.999991
ATGGGACCTGCTGAAC-1,0.000023,0.999977
ATGGGCCTCGGCCTCT-1,0.000034,0.999966
ATGGGTGTATACCTCC-1,0.000028,0.999972
ATGGTATTGGGAACCG-1,0.002141,0.997859
ATGGTCGCGTGGTTTC-1,0.00002,0.99998
ATGGTGCTCAAAGCCA-1,0.000007,0.999993
ATGGTTACGAAACATG-1,0.000007,0.999993
ATGTAAGGCTGCTCTT-1,0.000014,0.999986
ATGTACATGCGGTGAG-1,0.000833,0.999167
ATGTACGATGACGTCG-1,0.003567,0.996433
ATGTAGCGCGCGTAGG-1,0.000005,0.999995
ATGTCATAATAAACGA-1,0.000026,0.999974
ATGTCTTGTTTGACTC-1,0.000021,0.999979
ATGTGAAAGCCTAATG-1,0.000017,0.999983
ATGTGCATCCGACGCA-1,0.000018,0.999982
ATGTGGACATCTTGAT-1,0.004628,0.995372
ATGTGTAGTTTAGTCA-1,0.000007,0.999993
ATGTTACGAGCAATAC-1,0.000014,0.999986
ATGTTCGTCGACCCAC-1,0.00005,0.99995
ATGTTGATTAGAGACT-1,0.000007,0.999993
ATGTTGTAGTCTGTTT-1,0.000037,0.999963
ATGTTTCGGCCCGGAG-1,0.000026,0.999974
ATGTTTGTAAGATCAT-1,0.000026,0.999974
ATTAAACATGCGGACC-1,0.000055,0.999945
ATTAATACTACGCGGG-1,0.000017,0.999983
ATTAATGAACCAGTCG-1,0.000019,0.999981
ATTAATTCGGTCACTC-1,0.000012,0.999988
ATTACAACTACCGGCC-1,0.002807,0.997193
ATTACATGTCAGTCTT-1,0.000026,0.999974
ATTACCACACTGCCTG-1,0.002189,0.997811
ATTACGACTCCACAGT-1,0.000014,0.999986
ATTACGCGCTGGCAGG-1,0.000018,0.999982
ATTACTAGCCTCTTGC-1,0.000009,0.999991
ATTACTTACTGGGCAT-1,0.000015,0.999985
ATTAGATTCCTCAGCA-1,0.000025,0.999975
ATTAGATTGATAGCGG-1,0.000021,0.999979
ATTAGGCGATGCTTTC-1,0.000011,0.999989
ATTATACTTTGCTCGT-1,0.000008,0.999992
ATTATAGCTACTTTAC-1,0.000029,0.999971
ATTATCGGAATGTACG-1,0.000058,0.999942
ATTATCTCGACAGATC-1,0.000029,0.999971
ATTATGCCATAGGGAG-1,0.000017,0.999983
ATTATGCTCAGTATTG-1,0.000032,0.999968
ATTATTATGTCCGTCA-1,0.007986,0.992014
ATTATTCAGAGTCACT-1,0.00001,0.99999
ATTCAACCATTTAAGG-1,0.000019,0.999981
ATTCACTGATGTTGGA-1,0.000015,0.999985
ATTCAGATGAATCCCT-1,0.000011,0.999989
ATTCAGGACCTATTTC-1,0.000035,0.999965
ATTCAGGATCGCCTCT-1,0.000027,0.999973
ATTCAGTAGCAGGGTC-1,0.000025,0.999975
ATTCATATACTGTCCA-1,0.000024,0.999976
ATTCATCGTTGAGGCA-1,0.000019,0.999981
ATTCCCACATAAACAA-1,0.000014,0.999986
ATTCCTAAGACGTGGA-1,0.000007,0.999993
ATTCCTCCGCCAGTGC-1,0.000026,0.999974
ATTCCTTCCAGGCGGT-1,0.000028,0.999972
ATTCGACGCCGGGCCT-1,0.00002,0.99998
ATTCGCGCCTTGAGAG-1,0.000005,0.999995
ATTCGTGCTATCTCTT-1,0.000016,0.999984
ATTCGTGTACCCATTC-1,0.000038,0.999962
ATTCGTTTATCGTATT-1,0.000022,0.999978
ATTCTCGTCTCTTTAG-1,0.000023,0.999977
ATTCTGAGTATGAACT-1,0.000033,0.999967
ATTCTTCGTACTTATG-1,0.000034,0.999966
ATTGAAGATCTTAGTG-1,0.000023,0.999977
ATTGACCGGCGATGAC-1,0.00002,0.99998
ATTGACGTAACTCGGT-1,0.000011,0.999989
ATTGATAGCAACGAGA-1,0.00058,0.99942
ATTGATGAGTCCTAAC-1,0.000012,0.999988
ATTGCCTATTAGACCG-1,0.000025,0.999975
ATTGCCTTTATGTTTG-1,0.000022,0.999978
ATTGCGATCAGTAACT-1,0.00001,0.99999
ATTGCTGCTCCTCCAT-1,0.000043,0.999957
ATTGGATTACAGCGTA-1,0.013283,0.986717
ATTGGGAATATCTTGG-1,0.000017,0.999983
ATTGGGAGTTCTGTAA-1,0.000021,0.999979
ATTGGTTGTGCATTAC-1,0.000011,0.999989
ATTGTACAACTCGGCT-1,0.000016,0.999984
ATTGTCGCAATACCTT-1,0.001107,0.998893
ATTGTCTGTTTCATGT-1,0.000348,0.999652
ATTGTGACTTCGCTGC-1,0.000013,0.999987
ATTTAACTCGTATTAC-1,0.000022,0.999978
ATTTACAGTTTACTGG-1,0.000041,0.999959
ATTTACTAAGTCCATT-1,0.000013,0.999987
ATTTATACTGGTAAAG-1,0.000011,0.999989
ATTTCATTATTTCGCG-1,0.000025,0.999975
ATTTCCGGGTTCTGCG-1,0.000034,0.999966
ATTTGCCTAGTTACGA-1,0.000014,0.999986
ATTTGCGCGAGTAGCT-1,0.000019,0.999981
ATTTGTCTTGGGAGCT-1,0.000005,0.999995
ATTTGTTCCAGGGCTC-1,0.000022,0.999978
CAAACCATAAGCGTAT-1,0.000014,0.999986
CAAACCCTCCGGCGGG-1,0.000011,0.999989
CAAACGAGTATCGCAG-1,0.000016,0.999984
CAAACGGTCGCACTTT-1,0.004637,0.995363
CAAACGTGGTCTTGCG-1,0.000011,0.999989
CAAACTACGATAGAGA-1,0.000015,0.999985
CAAACTATTGAGCTTC-1,0.00001,0.99999
CAAACTCGCGACGCCG-1,0.00001,0.99999
CAAAGATTATTGGGCC-1,0.000012,0.999988
CAAAGGTCATCTGAAA-1,0.013583,0.986417
CAAAGGTTAAATTCAG-1,0.000009,0.999991
CAAAGTCAGGTTAGCT-1,0.002183,0.997817
CAAATCTCTCACAAGG-1,0.001326,0.998674
CAAATGCGGAGTGTTC-1,0.000015,0.999985
CAAATGTCCTTCCGTG-1,0.000132,0.999868
CAAATTGGATTATGCC-1,0.000019,0.999981
CAAATTGTCAGCAAGC-1,0.000018,0.999982
CAACACATCTCCTGCC-1,0.000009,0.999991
CAACAGAATAACGCTA-1,0.000013,0.999987
CAACAGTGCCAAACGG-1,0.000012,0.999988
CAACATGGCCTGATAA-1,0.001476,0.998524
CAACCAGTGGCCTACC-1,0.002841,0.997159
CAACCTACCGAGCAGT-1,0.000018,0.999982
CAACCTGAACCTGCCA-1,0.000012,0.999988
CAACGACCCGTTTACA-1,0.000009,0.999991
CAACGCGATGAGCCAA-1,0.000026,0.999974
CAACGGTTCTTGATAC-1,0.001509,0.998491
CAACGTGGTGGAGTCT-1,0.000024,0.999976
CAACTATATCGAATGC-1,0.000011,0.999989
CAACTCCAACGTTTAG-1,0.000343,0.999657
CAACTCCGTAACTTGC-1,0.000014,0.999986
CAACTCCTTGATCCCG-1,0.000019,0.999981
CAACTGAGGGTATGAC-1,0.000013,0.999987
CAACTGCTCATCCGAT-1,0.000733,0.999267
CAACTTGTAGTGGGCA-1,0.005703,0.994297
CAAGAAACCCTAAACT-1,0.000014,0.999986
CAAGACTCAGAAGCGC-1,0.000057,0.999943
CAAGAGGGCGGAGTAC-1,0.000007,0.999993
CAAGATATTATAACGT-1,0.000018,0.999982
CAAGCAACGTCGGAGT-1,0.000018,0.999982
CAAGCACCAAATGCCT-1,0.000012,0.999988
CAAGCGGCACATAATT-1,0.000014,0.999986
CAAGGATCGCATGTTC-1,0.00002,0.99998
CAAGGCCAGTGGTGCA-1,0.000013,0.999987
CAAGGGAGTGTATTTG-1,0.000014,0.999986
CAAGGTCCTATAGGCT-1,0.000011,0.999989
CAAGTAAGTGATAGAC-1,0.000461,0.999539
CAAGTCGTTGAAATCT-1,0.000284,0.999716
CAAGTGAACTTTGGTT-1,0.000019,0.999981
CAAGTGTGGTTGCAAA-1,0.00001,0.99999
CAATAAACCTTGGCCC-1,0.000014,0.999986
CAATACGAGAGTCTGA-1,0.000009,0.999991
CAATATGTAGATTTAC-1,0.000021,0.999979
CAATATTCTTGACCTA-1,0.000017,0.999983
CAATATTGGACTAGTG-1,0.000126,0.999874
CAATCCATTATCCGTT-1,0.000022,0.999978
CAATCCCTATACCAGC-1,0.000024,0.999976
CAATCCTGCCGTGGAG-1,0.000033,0.999967
CAATGACCCTTAATTT-1,0.000034,0.999966
CAATGAGGTTCGACTA-1,0.000022,0.999978
CAATGCGAGAAGTATC-1,0.001655,0.998345
CAATGGAATCTACATA-1,0.000025,0.999975
CAATGGATCTCTACCA-1,0.000012,0.999988
CAATGGTCGGCCTGGG-1,0.00002,0.99998
CAATGTGCCAACCCTT-1,0.000009,0.999991
CAATTAAGGGTGATGA-1,0.000015,0.999985
CAATTTCGTATAAGGG-1,0.000525,0.999475
CAATTTGACCGGGAAG-1,0.001236,0.998764
CACAAACCGCAGAACT-1,0.000895,0.999105
CACAAGAAAGATATTA-1,0.000016,0.999984
CACAATGAGCTGCTAT-1,0.000023,0.999977
CACACACGCTAACGAG-1,0.000007,0.999993
CACACAGCTTGCGCTC-1,0.000008,0.999992
CACACAGGGATAGATT-1,0.000018,0.999982
CACACGCGCTGTCTTA-1,0.000029,0.999971
CACACGTTTCAATGGG-1,0.000012,0.999988
CACACTTGTATTGCGA-1,0.000016,0.999984
CACAGAGACGAGGACG-1,0.000049,0.999951
CACAGCACCCACGGCA-1,0.000019,0.999981
CACAGCTAGGGAGTGA-1,0.000015,0.999985
CACAGGGCCATATAGT-1,0.003229,0.996771
CACAGGGCCGTTGTCA-1,0.00003,0.99997
CACAGTCCCGCTTCGC-1,0.000018,0.999982
CACAGTTCGCTTCCCA-1,0.000032,0.999968
CACATAAGGCGACCGT-1,0.003277,0.996723
CACATATTAGCAGGAT-1,0.001324,0.998676
CACATCGTGCACGCGC-1,0.025905,0.974095
CACATCTCACCGACGA-1,0.005257,0.994743
CACATGATTCAGCAAC-1,0.000013,0.999987
CACATGTTTGGACATG-1,0.00128,0.99872
CACATTCTTTCGATGG-1,0.000018,0.999982
CACATTTCTTGTCAGA-1,0.00001,0.99999
CACCAGTCAGCATGCA-1,0.000019,0.999981
CACCATCGGAGGAGAC-1,0.000025,0.999975
CACCATGATCGCAAAG-1,0.000014,0.999986
CACCCAAATCTTATGT-1,0.000605,0.999395
CACCCACACGTCACCC-1,0.000011,0.999989
CACCCACGAGGCAATT-1,0.000011,0.999989
CACCCGCGTTTGACAC-1,0.000076,0.999924
CACCCGGTTTGTGACT-1,0.000036,0.999964
CACCCTAACAAGATCT-1,0.000007,0.999993
CACCCTTGGTGAGACC-1,0.000457,0.999543
CACCCTTTCCTCGCTC-1,0.001538,0.998462
CACCGATACACCGAGC-1,0.00002,0.99998
CACCGATGATGGGTAC-1,0.000054,0.999946
CACCGCCAGAAGGTTT-1,0.00154,0.99846
CACCGCCGACCAGCGA-1,0.00001,0.99999
CACCGCGTCCACTCTA-1,0.000026,0.999974
CACCGGAGATATCTCC-1,0.000021,0.999979
CACCGGGCATCACAAG-1,0.000005,0.999995
CACCGTATCCCATCCG-1,0.00001,0.99999
CACCGTTAGGGATCAC-1,0.00002,0.99998
CACCGTTGCGCGATAT-1,0.007091,0.992909
CACCTAATAGAGTCGT-1,0.001971,0.998029
CACCTAATCAGTTTAC-1,0.000026,0.999974
CACCTCGATGGTGGAC-1,0.000009,0.999991
CACCTCTACGAGTGTG-1,0.00002,0.99998
CACCTTGCGAAACTCG-1,0.000011,0.999989
CACCTTGGCGCCTTTG-1,0.000021,0.999979
CACGAAAGTTAGTCCC-1,0.000931,0.999069
CACGACCACAGACTTT-1,0.000022,0.999978
CACGACGTAATAGTAA-1,0.000016,0.999984
CACGACTAAAGTTCTG-1,0.000011,0.999989
CACGATTGGTCGTTAA-1,0.000019,0.999981
CACGCACAGCGCAGCT-1,0.000021,0.999979
CACGCAGCGAGGCTTT-1,0.000026,0.999974
CACGCGGAACTGTTGC-1,0.000016,0.999984
CACGGACGTGGATGGC-1,0.000017,0.999983
CACGGCGCGCCAAAGG-1,0.000016,0.999984
CACGGGATTGAGGGTT-1,0.00001,0.99999
CACGTCAATCAATGGA-1,0.000872,0.999128
CACGTCGGCAACCTCT-1,0.000581,0.999419
CACGTCTATGATGTGG-1,0.000034,0.999966
CACGTTCGTGCTCTAG-1,0.000021,0.999979
CACGTTTCGTACACAC-1,0.999827,0.000173
CACTAAAGTTGCCTAT-1,0.000026,0.999974
CACTACGGGAGCTGCC-1,0.000017,0.999983
CACTACTCAGTTCTGT-1,0.000016,0.999984
CACTCAAGAGCTATGG-1,0.000069,0.999931
CACTCAGCTCTTGAGG-1,0.000009,0.999991
CACTCCTATGTAAGAT-1,0.000021,0.999979
CACTCCTCTCGGTCGG-1,0.000007,0.999993
CACTCGAGCTGAACAA-1,0.000012,0.999988
CACTCTCAAGCATCGA-1,0.000023,0.999977
CACTCTTCTGCTAGCC-1,0.000633,0.999367
CACTGACGATTGTGGA-1,0.000014,0.999986
CACTGTCCAAGTGAGA-1,0.001431,0.998569
CACTTAATCAGACGGA-1,0.000024,0.999976
CACTTCGCCACAGGCT-1,0.00003,0.99997
CACTTCGTCTTATCTC-1,0.000114,0.999886
CAGAACTTAGCCCTCT-1,0.000009,0.999991
CAGAATAACACACGGA-1,0.000009,0.999991
CAGACACCGATCGCTG-1,0.000027,0.999973
CAGACCTGTAAGTGTT-1,0.000017,0.999983
CAGACGAACCTGATAC-1,0.00002,0.99998
CAGAGACGGTCACCCA-1,0.000135,0.999865
CAGAGCATGAGCTTGC-1,0.000024,0.999976
CAGAGGCGATGCATGA-1,0.000028,0.999972
CAGAGTGATTTAACGT-1,0.000009,0.999991
CAGATAATGGGCGGGT-1,0.000017,0.999983
CAGATACTAACATAGT-1,0.000252,0.999748
CAGATCATTTAAAGTC-1,0.000011,0.999989
CAGATCCTGGTTTGAA-1,0.000007,0.999993
CAGCAGCCCGTTCCTT-1,0.000025,0.999975
CAGCAGTCCAGACTAT-1,0.000019,0.999981
CAGCAGTCTGTGCTGC-1,0.000014,0.999986
CAGCCCTCACAGGCAG-1,0.000022,0.999978
CAGCCGGGCCCTCTAT-1,0.000016,0.999984
CAGCCTCCTGCAGAGG-1,0.000021,0.999979
CAGCCTCTCCTCAAGA-1,0.000027,0.999973
CAGCGATTCCCTTCAA-1,0.000022,0.999978
CAGCTCACTGAGACAT-1,0.001286,0.998714
CAGCTCGACAAGTTAA-1,0.000009,0.999991
CAGCTCGTGCTTGTGT-1,0.000017,0.999983
CAGCTCTGGGCTCACT-1,0.001089,0.998911
CAGCTGGCGTAACCGT-1,0.000016,0.999984
CAGCTTAGTAGGTAGC-1,0.000021,0.999979
CAGGAAGACTTTATAT-1,0.000025,0.999975
CAGGACAGCTGCCCTT-1,0.005597,0.994403
CAGGATATATCGTTGT-1,0.000034,0.999966
CAGGATCCGCCCGACC-1,0.001305,0.998695
CAGGCAGTCTTACCAG-1,0.000017,0.999983
CAGGCCGTTTGGGTGT-1,0.00003,0.99997
CAGGCGCACGGTGGTC-1,0.000015,0.999985
CAGGCGCCATGCTAGG-1,0.000017,0.999983
CAGGGCTAACGAAACC-1,0.004519,0.995481
CAGGTTTAGTACTACA-1,0.000032,0.999968
CAGTAACTATTTATTG-1,0.000022,0.999978
CAGTAATCCCTCCCAG-1,0.000016,0.999984
CAGTACATTCTCTAAA-1,0.000012,0.999988
CAGTACCAGTTTACGT-1,0.000012,0.999988
CAGTAGCCCACGCGGT-1,0.00002,0.99998
CAGTAGCGAGGTAGTA-1,0.000011,0.999989
CAGTCCAACGCCTTCT-1,0.000018,0.999982
CAGTCGAGGATGCAAT-1,0.000023,0.999977
CAGTCTCTCGGCTAAT-1,0.00002,0.99998
CAGTCTGTATACTGGG-1,0.000032,0.999968
CAGTGAATAAATGACT-1,0.000011,0.999989
CAGTGGTTGCACATGA-1,0.001504,0.998496
CAGTGTCCGCAGAATG-1,0.000623,0.999377
CAGTGTCGGCTGGCCC-1,0.000007,0.999993
CAGTTCAAATTGACAC-1,0.000021,0.999979
CAGTTCCGCGGGTCGA-1,0.000023,0.999977
CAGTTCGAGGACCCGA-1,0.000021,0.999979
CATAACGGACAGTCGT-1,0.000012,0.999988
CATAAGAAGCTTGGCT-1,0.000017,0.999983
CATAAGCTCTCCGTCT-1,0.000011,0.999989
CATAATGAGCGGGCGA-1,0.000019,0.999981
CATACAAAGCCGAACC-1,0.000011,0.999989
CATACACGGTTCCCAC-1,0.00095,0.99905
CATACCCGTACCCAGT-1,0.000015,0.999985
CATACGAACTAGCTGG-1,0.000021,0.999979
CATACGGCGTCTGGGC-1,0.000021,0.999979
CATACGGGTGCATGAT-1,0.000026,0.999974
CATACTATGTAATTGT-1,0.000034,0.999966
CATACTTAGGCAATAC-1,0.000017,0.999983
CATACTTCTTTCTCCG-1,0.000836,0.999164
CATAGAGGAGATACTA-1,0.000011,0.999989
CATAGCCGCCCGGGAT-1,0.000974,0.999026
CATAGCGTTGCCCACC-1,0.000034,0.999966
CATAGTACATTGAGAG-1,0.000027,0.999973
CATAGTAGCATAGTAG-1,0.000017,0.999983
CATAGTCAAATACATA-1,0.000005,0.999995
CATAGTCCACAAGAAC-1,0.000368,0.999632
CATATACTACTGATAA-1,0.000013,0.999987
CATATAGGTACAGTCA-1,0.00028,0.99972
CATATGTCAGGCTACG-1,0.00002,0.99998
CATATTATTTGCCCTA-1,0.00002,0.99998
CATCAAACTGGCGCCC-1,0.000017,0.999983
CATCATCTACCCGGAC-1,0.000007,0.999993
CATCATTACCCTGAGG-1,0.000019,0.999981
CATCCCGAGATTCATA-1,0.004763,0.995237
CATCCGCAGGCCCGAA-1,0.003107,0.996893
CATCCTCTCAAAGATC-1,0.16752,0.83248
CATCGAATGGATCTCT-1,0.000014,0.999986
CATCGCCCGCGGCCAA-1,0.00001,0.99999
CATCGGACGGGTTAAT-1,0.000135,0.999865
CATCGTCCGGTTACTA-1,0.000012,0.999988
CATCTACCCGAGAACG-1,0.000015,0.999985
CATCTAGTGAAGGGAA-1,0.000009,0.999991
CATCTATCCCGTGTCT-1,0.000022,0.999978
CATCTGCAGGATCATT-1,0.000058,0.999942
CATCTTACACCACCTC-1,0.00002,0.99998
CATGAACCGACATTTG-1,0.000022,0.999978
CATGAACCTCTTATCA-1,0.000017,0.999983
CATGACTTCGCTGAAT-1,0.000012,0.999988
CATGAGATGCACTCTC-1,0.000017,0.999983
CATGAGTCCATCACGG-1,0.000031,0.999969
CATGATACGGTGAAAC-1,0.000007,0.999993
CATGATCGCTTTGAGA-1,0.032905,0.967095
CATGATGCACAATTCT-1,0.000021,0.999979
CATGATGGAAGTTAGC-1,0.000021,0.999979
CATGCACGTGTTACTG-1,0.000009,0.999991
CATGCATGGAGACCCT-1,0.000019,0.999981
CATGCCAACTCGCAAA-1,0.000012,0.999988
CATGCGACCAGTTTAA-1,0.00002,0.99998
CATGCGTTAGACAGAA-1,0.000017,0.999983
CATGCGTTGAGAGGAG-1,0.000024,0.999976
CATGCTGGCTCCAATT-1,0.000025,0.999975
CATGGAAATGGGACCA-1,0.00001,0.99999
CATGGATTGTCTTCCG-1,0.000012,0.999988
CATGGCAGGAAGATCG-1,0.000015,0.999985
CATGGGTATGCCTTAT-1,0.002493,0.997507
CATGGGTCGGGTGTGG-1,0.000007,0.999993
CATGGTAAGTAGCGTT-1,0.000013,0.999987
CATGGTCTAGATACCG-1,0.000014,0.999986
CATGGTTTATTAATCA-1,0.000008,0.999992
CATGTAAGAGACATTT-1,0.041735,0.958265
CATGTAGGAGCGCCAA-1,0.001596,0.998404
CATGTCTCATTTATGG-1,0.000019,0.999981
CATGTGGGCTCATCAC-1,0.000012,0.999988
CATTACATAGATTGTG-1,0.000012,0.999988
CATTACGCAGGAAGGG-1,0.000024,0.999976
CATTACGTCGGCCCGT-1,0.000023,0.999977
CATTATAACAGGGTCC-1,0.000009,0.999991
CATTATCCCATTAACG-1,0.000022,0.999978
CATTATGCTTGTTGTG-1,0.000549,0.999451
CATTCACTGACAGCTA-1,0.000016,0.999984
CATTCAGGTCAGTGCG-1,0.00004,0.99996
CATTCCCATTCCGTCG-1,0.000012,0.999988
CATTCCCTAAGTACAA-1,0.000018,0.999982
CATTGATGAACACGCC-1,0.000022,0.999978
CATTGCAAAGCATAAT-1,0.000016,0.999984
CATTGCGGGTCAATTC-1,0.000012,0.999988
CATTGTGTGCTAGATC-1,0.00012,0.99988
CATTTAGCGGACCATG-1,0.000009,0.999991
CATTTATCGTTCAAGA-1,0.000028,0.999972
CATTTCTAGCAGACTA-1,0.000023,0.999977
CATTTGAGTGGTACGT-1,0.00004,0.99996
CCAAACAGAACCCTCG-1,0.000014,0.999986
CCAAAGCAGTTGGTTG-1,0.000028,0.999972
CCAAAGTCCCGCTAAC-1,0.000007,0.999993
CCAAATAACAAGATTC-1,0.000008,0.999992
CCAACCTTATGTAACT-1,0.000014,0.999986
CCAACGATGCACTGAT-1,0.000019,0.999981
CCAACGCTTGCCAGGG-1,0.000755,0.999245
CCAACTTGATAGATCC-1,0.010065,0.989935
CCAAGAAAGTGGGCGA-1,0.000028,0.999972
CCAAGACTTCTGCGAA-1,0.000713,0.999287
CCAAGCGTAACTCGTA-1,0.012137,0.987863
CCAAGCTTGATCTCCT-1,0.000549,0.999451
CCAAGGAACAGAGAGG-1,0.000011,0.999989
CCAAGGTTGCCCTTTC-1,0.000005,0.999995
CCAATAGTGCCGTCGA-1,0.000025,0.999975
CCAATCGGTAGATCGA-1,0.000007,0.999993
CCAATGTCACAGCAAG-1,0.000016,0.999984
CCAATTACGGGTCGAG-1,0.000034,0.999966
CCAATTGAATGTTAAT-1,0.000014,0.999986
CCACAATGTACGTCTT-1,0.000005,0.999995
CCACACTGAGATATTA-1,0.000037,0.999963
CCACAGCTGAAATCAT-1,0.002682,0.997318
CCACAGTACCCATCCT-1,0.000007,0.999993
CCACATACTGCACCCA-1,0.000061,0.999939
CCACCAACTTTACTGT-1,0.000017,0.999983
CCACCCAAGGAAAGTG-1,0.00001,0.99999
CCACGAATTTAACCTC-1,0.000006,0.999994
CCACGAGAAGAGAATC-1,0.000015,0.999985
CCACGGAGCCATAAGA-1,0.000026,0.999974
CCACGGCAGGTGTAGG-1,0.000019,0.999981
CCACGGTGCCCGGTAG-1,0.000017,0.999983
CCACGTAAATTAGACT-1,0.000027,0.999973
CCACTAAACTGAATCG-1,0.000011,0.999989
CCACTATCCGGGTCAC-1,0.000027,0.999973
CCACTCAGATCCGCAA-1,0.000007,0.999993
CCACTGGTGGCTGGTT-1,0.000024,0.999976
CCACTGTTTGGATTAA-1,0.000012,0.999988
CCACTTTCCTTCTAGG-1,0.000015,0.999985
CCAGAAACTGATGCGA-1,0.005519,0.994481
CCAGAAAGCAACTCAT-1,0.000018,0.999982
CCAGAGACAAAGCCGG-1,0.000013,0.999987
CCAGATAGTTGAGTGA-1,0.000011,0.999989
CCAGATGTAAATGGGT-1,0.000009,0.999991
CCAGCCTGGACCAATA-1,0.000019,0.999981
CCAGCGGGATCACCAG-1,0.000022,0.999978
CCAGCTACGCCTCATA-1,0.000031,0.999969
CCAGCTCGAACGCATT-1,0.000015,0.999985
CCAGCTGATGGTACTT-1,0.000019,0.999981
CCAGCTTCCGCCCGCA-1,0.000015,0.999985
CCAGGGACGTGGCCTC-1,0.000027,0.999973
CCAGTAGTCTGATCCA-1,0.000024,0.999976
CCAGTCCATTATTCGA-1,0.000046,0.999954
CCAGTCTAGACGGCGC-1,0.00002,0.99998
CCAGTCTTGTCATAGA-1,0.000045,0.999955
CCAGTGAGCTCCTTGT-1,0.000035,0.999965
CCAGTTCGGTAACTCA-1,0.000018,0.999982
CCATAAACAACCCGAC-1,0.000014,0.999986
CCATACCTTTACTTGT-1,0.000027,0.999973
CCATAGGTTGGCGTGG-1,0.000019,0.999981
CCATAGTCAGTAACCC-1,0.000026,0.999974
CCATATGGAAACTATA-1,0.000016,0.999984
CCATATTGGATCATGA-1,0.000014,0.999986
CCATCATAAGAACAGG-1,0.000021,0.999979
CCATCCATACCAAGTC-1,0.000018,0.999982
CCATCGCAGTTAAACT-1,0.000656,0.999344
CCATCTCACCAGTGAA-1,0.000013,0.999987
CCATCTTGTTCACAAT-1,0.000017,0.999983
CCATGCCCTAGATTTC-1,0.012421,0.987579
CCATGCCTGTTTAGTA-1,0.000199,0.999801
CCATGCTCTGCAGGAA-1,0.000007,0.999993
CCATGGCAAACGCTCA-1,0.000019,0.999981
CCATGGCCCTTGTACC-1,0.000018,0.999982
CCATGTTCATCTATAT-1,0.000021,0.999979
CCATTAGCGATAATCC-1,0.000014,0.999986
CCATTCCCTGCCCACA-1,0.000024,0.999976
CCATTGTTTCCTCCAT-1,0.000016,0.999984
CCATTTCTACCTATTA-1,0.000016,0.999984
CCCAAACATGCTGCTC-1,0.000017,0.999983
CCCAACATACGTCGCG-1,0.000014,0.999986
CCCAACCACACTAACA-1,0.000012,0.999988
CCCAAGAATGCACGGT-1,0.000014,0.999986
CCCAAGACAGAGTATG-1,0.000008,0.999992
CCCAAGTCATTACACT-1,0.000015,0.999985
CCCAATGAGATTTGCA-1,0.002288,0.997712
CCCAATTTCACAACTT-1,0.000405,0.999595
CCCAGAGGAGGGCGTA-1,0.000018,0.999982
CCCAGATTCCCGTGAC-1,0.000062,0.999938
CCCAGGAAGAATTCGA-1,0.000015,0.999985
CCCAGGTCTGAAGGCT-1,0.000015,0.999985
CCCAGTTAAGGCGCCG-1,0.001378,0.998622
CCCATATAGGTCGATT-1,0.006806,0.993194
CCCGAAGTTTCGCGAA-1,0.000079,0.999921
CCCGACCATAGTCCGC-1,0.000017,0.999983
CCCGAGTTTCTCCGTA-1,0.000019,0.999981
CCCGATAGCCTCGCCT-1,0.005327,0.994673
CCCGCAAATAATCATC-1,0.000044,0.999956
CCCGCAGCGCGAACTA-1,0.000011,0.999989
CCCGCAGGGCCCAAAG-1,0.000005,0.999995
CCCGCCATGCTCCCGT-1,0.000015,0.999985
CCCGCGCAATGCACCC-1,0.000012,0.999988
CCCGCTAGAGGGTTAA-1,0.00001,0.99999
CCCGCTTGCCCTCGTC-1,0.000005,0.999995
CCCGGCACGTGTCAGG-1,0.00002,0.99998
CCCGGGTCGTTCAGGG-1,0.000133,0.999867
CCCGGTGGAAGAACCT-1,0.000429,0.999571
CCCGGTGTATCGGAAT-1,0.001622,0.998378
CCCGTAAGTCTAGGCC-1,0.000017,0.999983
CCCGTAGCTGGGAAGA-1,0.000044,0.999956
CCCGTCAGCGTCTGAC-1,0.000017,0.999983
CCCGTGACAGTGCCTT-1,0.000017,0.999983
CCCGTGGGTTAATTGA-1,0.007587,0.992413
CCCGTTTCGCAGATGT-1,0.000022,0.999978
CCCTACCCACACCCAG-1,0.00001,0.99999
CCCTACTTGAACAATG-1,0.000013,0.999987
CCCTAGCTCTAAGGTC-1,0.000185,0.999815
CCCTAGTGTCAGGTGT-1,0.000051,0.999949
CCCTATGTAGAGCAGA-1,0.000018,0.999982
CCCTCAGATCGAGAAC-1,0.000789,0.999211
CCCTCATTCTGGAATT-1,0.00002,0.99998
CCCTCCTCGCTCGTAT-1,0.000009,0.999991
CCCTCGATAATACACA-1,0.000018,0.999982
CCCTCGGGAGCCTTGT-1,0.000019,0.999981
CCCTGAAATGAGTTGA-1,0.000019,0.999981
CCCTGATGTAACTCGT-1,0.003591,0.996409
CCCTGCCCAATCCGCT-1,0.001238,0.998762
CCCTGCGCTACGCATA-1,0.000035,0.999965
CCCTGGGAGGGATCCT-1,0.000009,0.999991
CCCTGGTATGGGCGGC-1,0.00002,0.99998
CCCTGTTGGCAAAGAC-1,0.001252,0.998748
CCCTTCTCGTACGCGA-1,0.000013,0.999987
CCCTTTAATGGAGTTC-1,0.000026,0.999974
CCCTTTGACAGGTCTT-1,0.01029,0.98971
CCGAAAGTGGTGAGCA-1,0.000026,0.999974
CCGAACACTGGGCCTC-1,0.000727,0.999273
CCGAACCTTCCCGGCC-1,0.000009,0.999991
CCGAAGGGCGTACCGC-1,0.000024,0.999976
CCGAAGTATATTGTTC-1,0.000023,0.999977
CCGACAAACACATGAG-1,0.000009,0.999991
CCGACAAAGGGAGTGC-1,0.104237,0.895763
CCGACAATAGGCCGCC-1,0.000006,0.999994
CCGACGGGCATGAGGT-1,0.000023,0.999977
CCGACGTAAACACAAC-1,0.000015,0.999985
CCGACTCGCATAGTCT-1,0.002017,0.997983
CCGAGAAGTCGCATAA-1,0.000007,0.999993
CCGAGCTGTGCTTGTC-1,0.000014,0.999986
CCGAGGGATGTTAGGC-1,0.000026,0.999974
CCGATCTCAACCTTAT-1,0.000028,0.999972
CCGATCTTAAGAGGCT-1,0.000023,0.999977
CCGATTCGAGGGACCC-1,0.000011,0.999989
CCGATTGGTCAATGAA-1,0.000015,0.999985
CCGCACAAAGACCAAC-1,0.002322,0.997678
CCGCACACGAACGTGT-1,0.005736,0.994264
CCGCACGTGACCTCGG-1,0.000025,0.999975
CCGCACTTGCAATGAC-1,0.000007,0.999993
CCGCATGTGGTACGAT-1,0.000014,0.999986
CCGCCACCACAATCCA-1,0.000628,0.999372
CCGCCGGTCAACACAC-1,0.000012,0.999988
CCGCCGTTGAGGATAA-1,0.000005,0.999995
CCGCCTGCGAATTGGT-1,0.001255,0.998745
CCGCGGAATGCGTCAC-1,0.000031,0.999969
CCGCGGGTACGAAGAA-1,0.000013,0.999987
CCGCGTAGGTAAGGGC-1,0.000035,0.999965
CCGCTATCAGCACCAG-1,0.000026,0.999974
CCGCTCCAGGGCGATC-1,0.000016,0.999984
CCGCTCTTCCGAACTA-1,0.000011,0.999989
CCGCTGGTGCCATTCA-1,0.000019,0.999981
CCGCTTACCTCACTCT-1,0.000017,0.999983
CCGCTTCGCGGTTAAC-1,0.000007,0.999993
CCGCTTGCTGACATGG-1,0.000021,0.999979
CCGGAAGTGCAATATG-1,0.000019,0.999981
CCGGAATGGTTTCAGT-1,0.000012,0.999988
CCGGAGCGTACTTTCT-1,0.00031,0.99969
CCGGAGGTCTTATGGT-1,0.000019,0.999981
CCGGCACGACCGTTTC-1,0.000018,0.999982
CCGGCGCATATTGGAT-1,0.000472,0.999528
CCGGCGTGAGACTCTG-1,0.000033,0.999967
CCGGGACCCGCAGAGA-1,0.000013,0.999987
CCGGGCGGTCTCGTCA-1,0.000018,0.999982
CCGGGCTGCTCCATAC-1,0.000013,0.999987
CCGGGTTCGAGGTTAC-1,0.000028,0.999972
CCGGTAATGGCTAGTC-1,0.000022,0.999978
CCGGTATCTGGCGACT-1,0.000023,0.999977
CCGGTGCGAGTGATAG-1,0.008062,0.991938
CCGGTTTGTAATTGTG-1,0.000019,0.999981
CCGTAAGTTGGTCCCA-1,0.000021,0.999979
CCGTACCCAAGCGCCA-1,0.001825,0.998175
CCGTAGGAAATCCCTG-1,0.000011,0.999989
CCGTAGGGTTGTTTAC-1,0.001118,0.998882
CCGTATCTCGTCGTAG-1,0.000024,0.999976
CCGTATTAGCGCAGTT-1,0.000013,0.999987
CCGTGAGGCATTCATG-1,0.00002,0.99998
CCGTGCCCATGACGGC-1,0.000022,0.999978
CCGTGGAACGATCCAA-1,0.005255,0.994745
CCGTGTTAAATTCCAT-1,0.00002,0.99998
CCGTTACGTTAGAACA-1,0.00001,0.99999
CCGTTCCGAATCTCGG-1,0.000729,0.999271
CCGTTTCCTTTCCGTG-1,0.000023,0.999977
CCTAAACAGGGTCCGT-1,0.000014,0.999986
CCTAAAGGCTGACGCT-1,0.000014,0.999986
CCTAAATTAACGGTTC-1,0.000015,0.999985
CCTAAATTGTATCCTA-1,0.000017,0.999983
CCTAACCCAAACAAGT-1,0.000015,0.999985
CCTAACTAAGGCTCTA-1,0.000019,0.999981
CCTAAGTGTCTAACCG-1,0.00001,0.99999
CCTACAAGTCCGGAAT-1,0.000016,0.999984
CCTACAGTTGAGGGAG-1,0.000013,0.999987
CCTACATTCACAGACG-1,0.00002,0.99998
CCTACGCGACCTTACA-1,0.000015,0.999985
CCTACGGCTCAGTCGA-1,0.000022,0.999978
CCTACTGCGGCGGCCA-1,0.000022,0.999978
CCTACTGCTTACACTT-1,0.000019,0.999981
CCTAGGCGTAGCGATC-1,0.00002,0.99998
CCTAGTTAGTCGCATG-1,0.000018,0.999982
CCTATAATGAGTGCCC-1,0.001179,0.998821
CCTATACCGTCCTGTC-1,0.000019,0.999981
CCTATATTTGTCCTGG-1,0.0001,0.9999
CCTATCTATATCGGAA-1,0.000015,0.999985
CCTATGAAGTGGTGCC-1,0.000006,0.999994
CCTATGGCTCCTAGTG-1,0.000015,0.999985
CCTATGGGTTACCGTC-1,0.000026,0.999974
CCTATGGTCAAAGCTG-1,0.000011,0.999989
CCTATGTCCACTCCAC-1,0.000008,0.999992
CCTCACCAATCTTGAC-1,0.000017,0.999983
CCTCACCTGAGGGAGC-1,0.000024,0.999976
CCTCACCTTAGCATCG-1,0.000028,0.999972
CCTCATGCAGCTACGA-1,0.000017,0.999983
CCTCCCGACAATCCCT-1,0.000025,0.999975
CCTCCGACAATTCAAG-1,0.000014,0.999986
CCTCCTGTTGTGTCGT-1,0.000014,0.999986
CCTCGAAGTGGACGGG-1,0.000023,0.999977
CCTCGACCCACTGCCT-1,0.000013,0.999987
CCTCGCCAGCAAATTA-1,0.000014,0.999986
CCTCGCGCGATATAGG-1,0.000036,0.999964
CCTCGCGCTGTGCGAT-1,0.000037,0.999963
CCTCGGACCGGGATAG-1,0.000016,0.999984
CCTCGGATGCTACCTG-1,0.000082,0.999918
CCTCGGTTTCCTTGCC-1,0.000027,0.999973
CCTCGTTACGCCTGTT-1,0.000024,0.999976
CCTCTAATCTGCCAAG-1,0.001632,0.998368
CCTCTACAAGGATTGG-1,0.001298,0.998702
CCTCTATCGATTAGCA-1,0.000025,0.999975
CCTCTCTCCCATCTAG-1,0.00002,0.99998
CCTCTGGCCTAGACGG-1,0.000019,0.999981
CCTCTGTACTATTCTA-1,0.000017,0.999983
CCTGAACGATATATTC-1,0.000009,0.999991
CCTGAATATTTACATA-1,0.000018,0.999982
CCTGACCACCGATGGT-1,0.000028,0.999972
CCTGACGCAACCTTTA-1,0.000023,0.999977
CCTGAGAATAAATGCA-1,0.000025,0.999975
CCTGATTCGCGAAGAA-1,0.000011,0.999989
CCTGCGATAGAACTGT-1,0.000625,0.999375
CCTGCGTTCTACGCTT-1,0.000175,0.999825
CCTGCTACAACCATAC-1,0.00001,0.99999
CCTGCTATTTGAGAAG-1,0.001061,0.998939
CCTGGAAACGTTCTGC-1,0.000013,0.999987
CCTGGCTAGACCCGCC-1,0.000028,0.999972
CCTGGTCGAATGTGGG-1,0.000013,0.999987
CCTGTAAGACATGATA-1,0.00002,0.99998
CCTGTACTCACGCCCA-1,0.00002,0.99998
CCTGTCACCCGGGCTC-1,0.000009,0.999991
CCTGTCCCTCACGTTA-1,0.000022,0.999978
CCTGTCGCCCGTAAAT-1,0.000011,0.999989
CCTGTGCATAGGAGAC-1,0.002738,0.997262
CCTGTGCGGATTGTAA-1,0.000023,0.999977
CCTGTTCAACCTCGGG-1,0.000048,0.999952
CCTGTTTGAAGACACG-1,0.001588,0.998412
CCTTAAGTACGCAATT-1,0.000013,0.999987
CCTTCAGTTAAAGTGA-1,0.000025,0.999975
CCTTCGTATAGAATCC-1,0.00002,0.99998
CCTTCTCAGCGTTCCT-1,0.000013,0.999987
CCTTCTTGATCCAGTG-1,0.000024,0.999976
CCTTGACCACTTTATT-1,0.000011,0.999989
CCTTGTGAACGTGGTT-1,0.000012,0.999988
CCTTTAAGGGAGCACT-1,0.00003,0.99997
CCTTTCAATGAAGAAA-1,0.00001,0.99999
CGAAACATAGATGGCA-1,0.043053,0.956947
CGAAACGCAATTCATG-1,0.000019,0.999981
CGAACAGTATGGGCGT-1,0.000019,0.999981
CGAACATAGTCAGAAA-1,0.000009,0.999991
CGAACCCGCATGCGTC-1,0.000034,0.999966
CGAACGCCCAGTGCCG-1,0.000017,0.999983
CGAACGGCCGGACAAC-1,0.000008,0.999992
CGAAGACTGCCCGGGA-1,0.000012,0.999988
CGAAGATCAGTTTCAT-1,0.000011,0.999989
CGAAGCTATAAATTCA-1,0.000011,0.999989
CGAAGTTGCTCTGTGT-1,0.000026,0.999974
CGAATCTGCTCGACGC-1,0.000029,0.999971
CGAATGAAGTCATTGC-1,0.00002,0.99998
CGAATGACGCATAATG-1,0.000063,0.999937
CGAATGGTAGGTCGTC-1,0.000014,0.999986
CGAATTACATGGTGTT-1,0.000015,0.999985
CGACAATTTGATCTAA-1,0.000016,0.999984
CGACACCGCTTAAGGA-1,0.000009,0.999991
CGACACGCTCCGACAG-1,0.000013,0.999987
CGACACGGATGCCCAC-1,0.003908,0.996092
CGACAGTTCGCGTTAT-1,0.000016,0.999984
CGACATGCGATCTTCT-1,0.000018,0.999982
CGACCCTTAACGCCGG-1,0.000031,0.999969
CGACCGTTGGTATTCG-1,0.000202,0.999798
CGACTCAGGATGTTAT-1,0.000021,0.999979
CGACTCGGTACACGGT-1,0.00002,0.99998
CGACTTTGTATAGCCT-1,0.000013,0.999987
CGAGACCCTAGAGTGT-1,0.000028,0.999972
CGAGACTACTGCTGCT-1,0.000022,0.999978
CGAGAGATGTGAACCT-1,0.00002,0.99998
CGAGAGCTTTCACTAC-1,0.00002,0.99998
CGAGAGGGTAGCCGCG-1,0.000443,0.999557
CGAGATGTTGCCTATA-1,0.00001,0.99999
CGAGATTTCGCTCGGG-1,0.000019,0.999981
CGAGCACTTCAAGTTT-1,0.000033,0.999967
CGAGCGTTGATCAGCC-1,0.000025,0.999975
CGAGCTGGGCTTTAGG-1,0.000019,0.999981
CGAGGAGCTTCCATAT-1,0.000014,0.999986
CGAGGATCGGGAACGA-1,0.000016,0.999984
CGAGGCCAGGCATTGG-1,0.00004,0.99996
CGAGGCTAAATATGGC-1,0.000961,0.999039
CGAGGGACTGCGGTCG-1,0.000012,0.999988
CGAGGGTATCCAGGTG-1,0.000386,0.999614
CGAGTACTAAAGAGGA-1,0.000023,0.999977
CGAGTGAAGGTACCAG-1,0.000015,0.999985
CGAGTGCTATAGTTCG-1,0.000025,0.999975
CGAGTTCTGTCCCACC-1,0.000014,0.999986
CGAGTTTATCGGACTG-1,0.000023,0.999977
CGATAACCAATTTGAG-1,0.000017,0.999983
CGATAATACTCAGGTT-1,0.000005,0.999995
CGATACCTCGCGGACA-1,0.000026,0.999974
CGATAGTCGTACTGCA-1,0.00002,0.99998
CGATATTAGCCGCAGG-1,0.000018,0.999982
CGATCATTAGAGGCAC-1,0.000016,0.999984
CGATCCACCATTGTTG-1,0.000275,0.999725
CGATCCGACCCAGTGC-1,0.000015,0.999985
CGATCCTCGCAACATA-1,0.000034,0.999966
CGATCGAGAAGCACCA-1,0.00001,0.99999
CGATCTGTTGGAGGAC-1,0.000022,0.999978
CGATGGACCCTACGCC-1,0.00003,0.99997
CGATTAAATATCTCCT-1,0.000018,0.999982
CGATTCGCCTGGCTGC-1,0.000009,0.999991
CGCAAACACGAGTTAC-1,0.00002,0.99998
CGCAATTACTTTCGGT-1,0.000041,0.999959
CGCAATTAGGGTAATA-1,0.000015,0.999985
CGCAATTCTACAATAA-1,0.000022,0.999978
CGCACATGTCCACTAC-1,0.000022,0.999978
CGCACGTCTGTTTATG-1,0.000026,0.999974
CGCACGTGCGCTATCA-1,0.001714,0.998286
CGCAGAAACATTTGCG-1,0.000015,0.999985
CGCAGATCTTCACCCG-1,0.000028,0.999972
CGCAGGCGATCCAAAC-1,0.000015,0.999985
CGCAGTTCTATCTTTC-1,0.000038,0.999962
CGCATCATGGCTTCAG-1,0.000011,0.999989
CGCATCCATCAGCCAG-1,0.000009,0.999991
CGCATGCCGAATGCGT-1,0.000015,0.999985
CGCATGGTGCGATGCT-1,0.000024,0.999976
CGCATTAGCTAATAGG-1,0.007451,0.992549
CGCCAAGAAGCCGAGT-1,0.00001,0.99999
CGCCACCCGCATTAAC-1,0.000016,0.999984
CGCCATCCGATTATGA-1,0.000015,0.999985
CGCCCAGCACGCCTAG-1,0.000026,0.999974
CGCCCAGCGTTTCACG-1,0.000021,0.999979
CGCCCGCTTCCGTACA-1,0.000011,0.999989
CGCCCTTACATCCACC-1,0.000025,0.999975
CGCCCTTGAAGGCTGA-1,0.001089,0.998911
CGCCGCCCATGCCTGT-1,0.000014,0.999986
CGCCGCGTTCTGAACG-1,0.000021,0.999979
CGCCGTCTACCCATCG-1,0.000017,0.999983
CGCCGTTCAGCATAGT-1,0.000018,0.999982
CGCCTCCCTCCTCTAT-1,0.01832,0.98168
CGCCTGGCCTACGTAA-1,0.000016,0.999984
CGCCTTTAGCATGCTC-1,0.000014,0.999986
CGCGAAGTGGCATACT-1,0.00002,0.99998
CGCGACACTGCGCAGC-1,0.000009,0.999991
CGCGACCGCGACAGAT-1,0.00002,0.99998
CGCGAGAGGGACTTGT-1,0.000014,0.999986
CGCGAGTCTGCCGGGT-1,0.000024,0.999976
CGCGCAAATGTCCAGA-1,0.000011,0.999989
CGCGCAAGGAACTACA-1,0.000005,0.999995
CGCGCATGTTTGATTG-1,0.00002,0.99998
CGCGCCCGACTTAATA-1,0.004435,0.995565
CGCGGCAGTATTACGG-1,0.000033,0.999967
CGCGGCTCAACTTGAA-1,0.000014,0.999986
CGCGGGAATTAGGCAG-1,0.000024,0.999976
CGCGGGAATTCCTTTC-1,0.000014,0.999986
CGCGGTAAGTCTAGCT-1,0.000032,0.999968
CGCGGTACGGTATACA-1,0.005661,0.994339
CGCGGTCACAAACCAA-1,0.000006,0.999994
CGCGTACATTCTGGAA-1,0.000016,0.999984
CGCGTCATATTAAACC-1,0.001297,0.998703
CGCGTGCTATCAACGA-1,0.000014,0.999986
CGCGTTCATGAAATAC-1,0.000015,0.999985
CGCTACCGCCCTATGA-1,0.000007,0.999993
CGCTACGGGACATTTA-1,0.000019,0.999981
CGCTAGAGACCGCTGC-1,0.003824,0.996176
CGCTATACCGCCCACT-1,0.000737,0.999263
CGCTATCGTGGCTTTA-1,0.000025,0.999975
CGCTATTCAATGTATG-1,0.000025,0.999975
CGCTATTCTTAGGCTC-1,0.000015,0.999985
CGCTCGACATAATGAT-1,0.00001,0.99999
CGCTCTCCGTAGATTA-1,0.000013,0.999987
CGCTGAGGACGTCCAA-1,0.000015,0.999985
CGCTGGTGACTACCCT-1,0.000013,0.999987
CGCTGTGACGCCGCAC-1,0.000026,0.999974
CGCTGTGTGGATGTTG-1,0.000015,0.999985
CGCTTAGTATTGATAC-1,0.000033,0.999967
CGCTTATTCCCGGTCG-1,0.000021,0.999979
CGCTTCCACTGAAATC-1,0.000014,0.999986
CGCTTCGGTCTAAGAC-1,0.000014,0.999986
CGCTTGGACGGATAGA-1,0.000038,0.999962
CGCTTTCATACCGGTG-1,0.000019,0.999981
CGCTTTCCGCCAAGGT-1,0.000016,0.999984
CGCTTTCTTGCATTCG-1,0.000022,0.999978
CGGAAAGAATCAAACG-1,0.000018,0.999982
CGGAAATTTCACATCC-1,0.003178,0.996822
CGGAACGTAAACATAG-1,0.000017,0.999983
CGGACCTCTGTAGTTA-1,0.000302,0.999698
CGGACCTTTACGTCCC-1,0.00086,0.99914
CGGAGCAATTTAATCG-1,0.000014,0.999986
CGGAGCATGGCGATCC-1,0.00001,0.99999
CGGAGCTTATAACACC-1,0.00002,0.99998
CGGAGTCCTAACCTGG-1,0.000034,0.999966
CGGAGTTTGAGAGACA-1,0.000017,0.999983
CGGATAAGCGGACATG-1,0.00085,0.99915
CGGATCCTCAAGGACT-1,0.000012,0.999988
CGGATGAATGCTGTGA-1,0.000143,0.999857
CGGATTCTGCCTTATG-1,0.000152,0.999848
CGGCAAACATCGTGCG-1,0.00001,0.99999
CGGCAATAAGATCGCC-1,0.000019,0.999981
CGGCACCGTTAGCGCC-1,0.000025,0.999975
CGGCACTCAAGAAAGT-1,0.000009,0.999991
CGGCAGGGTCGGGTTG-1,0.000011,0.999989
CGGCCACGCACAAAGT-1,0.000021,0.999979
CGGCCAGAGCGACCAT-1,0.000026,0.999974
CGGCCCAACCTGTAGT-1,0.000018,0.999982
CGGCCCAGGTATATCC-1,0.000007,0.999993
CGGCGCCATCAATCCC-1,0.001053,0.998947
CGGCTCTAAAGCTGCA-1,0.00001,0.99999
CGGCTCTTCGTCGAAC-1,0.000008,0.999992
CGGCTGAAGGTTACGC-1,0.000031,0.999969
CGGCTGCAAGATTAAG-1,0.000008,0.999992
CGGCTTTGTATGATAA-1,0.000013,0.999987
CGGGAATATAGTATAC-1,0.000014,0.999986
CGGGAATTTATGTAAA-1,0.000011,0.999989
CGGGAGCTTCAGTGTA-1,0.000022,0.999978
CGGGAGTATACCGCCG-1,0.00009,0.99991
CGGGATCAATGTAAGA-1,0.000018,0.999982
CGGGCAGCTAAACCGC-1,0.000022,0.999978
CGGGCCATAGCCGCAC-1,0.000021,0.999979
CGGGCCTTCTTTGTAA-1,0.000277,0.999723
CGGGCGATGGATCACG-1,0.000007,0.999993
CGGGCTACTTAAATTG-1,0.000011,0.999989
CGGGTGTACCCATTTA-1,0.00002,0.99998
CGGGTTCGGCACGTAT-1,0.000021,0.999979
CGGGTTGTAGCTTTGG-1,0.000629,0.999371
CGGGTTTGTTAGGGCT-1,0.000026,0.999974
CGGTACTAGAATCAAA-1,0.000006,0.999994
CGGTAGAGGTGCAGGT-1,0.000605,0.999395
CGGTATAGGTATTAGC-1,0.000011,0.999989
CGGTATGGGCACTCTG-1,0.000017,0.999983
CGGTCAAGTGGGAACC-1,0.000018,0.999982
CGGTCCATGAGACTCC-1,0.000021,0.999979
CGGTCCGTCGCAAGCC-1,0.000024,0.999976
CGGTCTATCAACCCGT-1,0.000014,0.999986
CGGTGAAGACTAAAGT-1,0.000015,0.999985
CGGTGCAGATAGAACG-1,0.000025,0.999975
CGGTGCGCGTTGGTCC-1,0.000023,0.999977
CGGTGGGCTCCAGCCT-1,0.000023,0.999977
CGGTGTACTTGATCCC-1,0.00056,0.99944
CGGTTATCCAACAGTG-1,0.000025,0.999975
CGGTTCAAGTAGGTGT-1,0.000011,0.999989
CGGTTCCGGCTTCTTG-1,0.000011,0.999989
CGGTTGACCTGGCATA-1,0.000021,0.999979
CGGTTGAGTATCCTTC-1,0.000032,0.999968
CGGTTGGGCAGGGTCC-1,0.000005,0.999995
CGGTTGGGTTCAAGTT-1,0.000013,0.999987
CGGTTTATGAAGGAAC-1,0.000015,0.999985
CGTAAACGCTTGAGTG-1,0.000011,0.999989
CGTAAAGCAAGAAATC-1,0.000024,0.999976
CGTAAATAACAAAGGG-1,0.000118,0.999882
CGTAACGGAACGATCA-1,0.000008,0.999992
CGTAACTTCGACACTT-1,0.000024,0.999976
CGTACCGAAAGTCTAG-1,0.000063,0.999937
CGTACCTGATAGGCCT-1,0.000027,0.999973
CGTAGAGAGTAATTAT-1,0.000013,0.999987
CGTAGCGAATTGTCAG-1,0.00002,0.99998
CGTAGCGCCGACGTTG-1,0.000015,0.999985
CGTATTAAGAGATCTA-1,0.000021,0.999979
CGTATTGTTTCCTAAT-1,0.000022,0.999978
CGTCAAATGGTCGCAG-1,0.000015,0.999985
CGTCAAGGCTATAAAT-1,0.000009,0.999991
CGTCAATCTTTAACAT-1,0.000043,0.999957
CGTCACGTCCATTGGT-1,0.000019,0.999981
CGTCAGCTATTTACTC-1,0.00004,0.99996
CGTCAGTGCGCACAAG-1,0.000012,0.999988
CGTCAGTTTATCGTCT-1,0.00002,0.99998
CGTCATACCATATCCA-1,0.000025,0.999975
CGTCCTCATCGCGTGC-1,0.00002,0.99998
CGTCGCATGTGAGCCA-1,0.000006,0.999994
CGTCGCGGCGGGATTT-1,0.000149,0.999851
CGTCGCTTGGTTATAC-1,0.000029,0.999971
CGTCGGATAGTGTTGA-1,0.000789,0.999211
CGTCGGGTCTAAGCGC-1,0.000019,0.999981
CGTCGTCCTTCGCGAA-1,0.002388,0.997612
CGTCTCTCGCCGAGGC-1,0.000018,0.999982
CGTCTGGAAGGGCCCG-1,0.000026,0.999974
CGTCTTGAGTGTGACG-1,0.003699,0.996301
CGTGAAGTTAATTCAC-1,0.00011,0.99989
CGTGACATTGGGTCGT-1,0.000005,0.999995
CGTGACCAGTCCTCTG-1,0.000513,0.999487
CGTGCACACCACTGTA-1,0.000009,0.999991
CGTGCAGACTGGGACA-1,0.000036,0.999964
CGTGCATTGTCGACGC-1,0.00003,0.99997
CGTGCCCGACATTTGT-1,0.00001,0.99999
CGTGCCCTCCCGAAGA-1,0.045668,0.954332
CGTGCTGGCCTAGTCG-1,0.000025,0.999975
CGTGCTTCTACCTAAA-1,0.000014,0.999986
CGTGGAAGCCTCGTAC-1,0.004838,0.995162
CGTGGCCGAATATCTA-1,0.000008,0.999992
CGTGGTACCCAAAGGC-1,0.000016,0.999984
CGTGTATGGGAGCTGA-1,0.000036,0.999964
CGTGTCCCATTCGCGA-1,0.000056,0.999944
CGTGTCTCGTTACGAC-1,0.000024,0.999976
CGTGTGTTAAACCCTG-1,0.000027,0.999973
CGTTAAACTAGTTAGG-1,0.000015,0.999985
CGTTAATGTCCCGACG-1,0.000015,0.999985
CGTTAGCTCACAACTG-1,0.000028,0.999972
CGTTCAAGGAAACGGA-1,0.000796,0.999204
CGTTCAGACCCGCGAA-1,0.000012,0.999988
CGTTCATGGTGCGCGT-1,0.000025,0.999975
CGTTCTTCGCACACCT-1,0.000014,0.999986
CGTTGAATACCGCGCT-1,0.000904,0.999096
CGTTGAGCGACCGTCG-1,0.005252,0.994748
CGTTGAGTAATTGCGT-1,0.000558,0.999442
CGTTGCCCGCGTGGGA-1,0.000019,0.999981
CGTTGTAAACGTCAGG-1,0.000016,0.999984
CGTTGTAAGATTGATT-1,0.000025,0.999975
CGTTGTCGGCAATTGA-1,0.00001,0.99999
CGTTGTTTCAATTCCC-1,0.000036,0.999964
CGTTTAAGCGGAGCAC-1,0.000021,0.999979
CGTTTACAAGGCAGCT-1,0.000027,0.999973
CGTTTCACTTCGGGCG-1,0.000028,0.999972
CGTTTCGCTCATTACA-1,0.00003,0.99997
CGTTTCGGTTATATGC-1,0.000083,0.999917
CGTTTGTGTAGAGGGT-1,0.000018,0.999982
CTAAACGGGTGTAATC-1,0.000009,0.999991
CTAAAGAATGCCTACT-1,0.000021,0.999979
CTAAAGGATGAGATAC-1,0.000014,0.999986
CTAAAGGGAAATAGGA-1,0.000011,0.999989
CTAAAGTCCGAAGCTA-1,0.000011,0.999989
CTAAATCCGGTGTACA-1,0.000014,0.999986
CTAAATCCTATTCCGG-1,0.000015,0.999985
CTAACCGCGCGCCCGT-1,0.000022,0.999978
CTAACGAAACTTGCTG-1,0.004091,0.995909
CTAACTGATAATCGCC-1,0.001341,0.998659
CTAACTGGTCCGGTTC-1,0.000022,0.999978
CTAAGGGAATGATTGG-1,0.002478,0.997522
CTAAGTACAGGGCTAC-1,0.000026,0.999974
CTAATTATGAAGCGTA-1,0.000026,0.999974
CTAATTCGCACGCGCT-1,0.00003,0.99997
CTAATTCTCAGATATT-1,0.000016,0.999984
CTAATTTCAACAACAC-1,0.000022,0.999978
CTACAAGAAATAACCC-1,0.000013,0.999987
CTACACTAGCTTGTTC-1,0.000018,0.999982
CTACACTCGCAGATGG-1,0.000927,0.999073
CTACCCTAAGGTCATA-1,0.000027,0.999973
CTACGAACTAGGTCGA-1,0.000009,0.999991
CTACGACTAGCTATAA-1,0.000021,0.999979
CTACGCACGGAGTACC-1,0.000051,0.999949
CTACGCCATTTCCGAT-1,0.00002,0.99998
CTACGTGTTGCCACCA-1,0.001341,0.998659
CTACTATCATAGGTTT-1,0.000022,0.999978
CTACTATCTTTCAGAG-1,0.000032,0.999968
CTACTCAAGGTATAGT-1,0.000025,0.999975
CTACTCTAGGCCCGGC-1,0.000663,0.999337
CTACTGCCACCTGACC-1,0.000023,0.999977
CTAGACATATATGTAG-1,0.000014,0.999986
CTAGACTGCATTTCGT-1,0.000012,0.999988
CTAGATAAACTCCTCG-1,0.002132,0.997868
CTAGATGTGAGTGTAA-1,0.000021,0.999979
CTAGATTTACGACGGC-1,0.001238,0.998762
CTAGCAACTAATTTAC-1,0.000016,0.999984
CTAGCATAGTATAATG-1,0.00001,0.99999
CTAGCCACAGGCGAGC-1,0.035551,0.964449
CTAGCCCGGGAGACGA-1,0.000033,0.999967
CTAGCCGATGTTATGA-1,0.005495,0.994505
CTAGCGCCAATCCTAC-1,0.000017,0.999983
CTAGGCGCCCTATCAG-1,0.000023,0.999977
CTAGGCGGCAGAGAAT-1,0.000013,0.999987
CTAGGGATAGGGACAA-1,0.000028,0.999972
CTAGGTCTGAAGGAAT-1,0.000012,0.999988
CTAGGTTCGGACGTGA-1,0.001985,0.998015
CTAGTAGAAAGGGATT-1,0.000015,0.999985
CTAGTATTCGGAATTA-1,0.000022,0.999978
CTAGTCACGTCTTAAG-1,0.002202,0.997798
CTAGTGAAGGACAGGA-1,0.000021,0.999979
CTAGTTACAACCCGGT-1,0.000009,0.999991
CTAGTTGGGCCCGGTA-1,0.000017,0.999983
CTATAAGAGCCAATCG-1,0.000021,0.999979
CTATAGGCGTTGATGT-1,0.000022,0.999978
CTATATCCAGCCTGGC-1,0.000022,0.999978
CTATCACAACGCTGGA-1,0.000017,0.999983
CTATCGACGAAATACA-1,0.03407,0.96593
CTATCGCGTAGAGAAC-1,0.119965,0.880035
CTATCGGGTCTCAACA-1,0.000022,0.999978
CTATGAACACCTTGCC-1,0.000016,0.999984
CTATGCCCGAATGCAA-1,0.001238,0.998762
CTATGGGAAGCGGAAT-1,0.009726,0.990274
CTATGTCACTAGCCCA-1,0.000022,0.999978
CTATGTCTATTGAAAC-1,0.000015,0.999985
CTATGTGAGTCACGGC-1,0.00001,0.99999
CTATTCATGTGTCCCA-1,0.000011,0.999989
CTATTGTGTTTGGTCA-1,0.000018,0.999982
CTATTTGCTTGGAGGA-1,0.000019,0.999981
CTATTTGGTTACGGAT-1,0.00001,0.99999
CTCAAACCACTGCCCG-1,0.00002,0.99998
CTCAACTAACCCGGAT-1,0.00001,0.99999
CTCAAGACATTAGCGC-1,0.000014,0.999986
CTCACACGCAAGCCTA-1,0.000012,0.999988
CTCACATTTACTAAAT-1,0.000009,0.999991
CTCACCGATCCAAACT-1,0.000013,0.999987
CTCACTGTGATACTTA-1,0.00002,0.99998
CTCACTTGGCTGGTAA-1,0.000013,0.999987
CTCAGAGCTAATGTCG-1,0.00369,0.99631
CTCAGCAGACTGCCGA-1,0.00002,0.99998
CTCAGGACTCACCTGT-1,0.00024,0.99976
CTCAGTCACGACAAAT-1,0.022293,0.977707
CTCATAAATGTGTATA-1,0.00001,0.99999
CTCATCACTTAGTGAT-1,0.000015,0.999985
CTCATGGCTCACAATC-1,0.000021,0.999979
CTCATGGTAATTTGCG-1,0.000021,0.999979
CTCATTAACGTTGCCC-1,0.000912,0.999088
CTCATTGCTCTAACAA-1,0.000013,0.999987
CTCATTTGATGGGCGG-1,0.000026,0.999974
CTCCCAATGAGTCGCG-1,0.000027,0.999973
CTCCCTCCTTTCGATC-1,0.000018,0.999982
CTCCGAGTAAATCCGC-1,0.00001,0.99999
CTCCGCCCACATGAGG-1,0.000041,0.999959
CTCCGGCCTAATATGC-1,0.000024,0.999976
CTCCGGCTTGTAGACA-1,0.000019,0.999981
CTCCTAAGTTATGTCT-1,0.000009,0.999991
CTCCTCCAGCTCACAC-1,0.000017,0.999983
CTCCTGTTCAAGGCAG-1,0.000029,0.999971
CTCCTTTACGCAAGTC-1,0.000009,0.999991
CTCGAATGGAACGTAT-1,0.000019,0.999981
CTCGAGATCCAAAGCA-1,0.000066,0.999934
CTCGAGGCAAGTTTCA-1,0.000016,0.999984
CTCGAGGTCGAACAGT-1,0.00074,0.99926
CTCGATATTTGCGAGC-1,0.000012,0.999988
CTCGCACCTATATAGT-1,0.000018,0.999982
CTCGCCGAATGTAGGG-1,0.000015,0.999985
CTCGCTAGGTAAGCGA-1,0.00002,0.99998
CTCGGGATAACACCTA-1,0.000006,0.999994
CTCGGGCATCGTCGGG-1,0.000011,0.999989
CTCGGGTTCTCTGGCC-1,0.00002,0.99998
CTCGGTACCACTGCTC-1,0.000016,0.999984
CTCGGTCCGTAGCCTG-1,0.000021,0.999979
CTCGGTTGTCGGCCCT-1,0.000011,0.999989
CTCGTCGAGGGCTCAT-1,0.000019,0.999981
CTCGTCTGTGCCTTCG-1,0.001918,0.998082
CTCGTGGCACTGAAAG-1,0.000022,0.999978
CTCGTTACGGCTACCA-1,0.000043,0.999957
CTCGTTTCTAATGTTT-1,0.00002,0.99998
CTCTAACACCGGCAGC-1,0.000015,0.999985
CTCTAATGCATTGATC-1,0.000025,0.999975
CTCTACACTGGCGATT-1,0.000013,0.999987
CTCTACATCCTGCGTG-1,0.000019,0.999981
CTCTAGCCCTCGGAAA-1,0.000016,0.999984
CTCTATTTGGCTGCAG-1,0.000014,0.999986
CTCTCACAATCGATGA-1,0.000019,0.999981
CTCTCGATGTGCGCCT-1,0.000024,0.999976
CTCTCTAACTGCCTAG-1,0.000014,0.999986
CTCTGCAGGCATTCTT-1,0.000112,0.999888
CTCTGCGAAGCAAGCA-1,0.000018,0.999982
CTCTGGACGCCTGGTG-1,0.000017,0.999983
CTCTGTCCATGCACCA-1,0.000013,0.999987
CTCTGTGCCTGCTATG-1,0.000013,0.999987
CTCTGTTTGAGGATTC-1,0.000028,0.999972
CTCTTCTATTGACTGG-1,0.00001,0.99999
CTCTTCTGGAAGTTAG-1,0.000024,0.999976
CTCTTGTCCCGCTTGG-1,0.000021,0.999979
CTGAAACGGCCCTCAG-1,0.000018,0.999982
CTGAAAGAGATCCGAC-1,0.00002,0.99998
CTGAATCCGAGACCTC-1,0.000297,0.999703
CTGAATTTATTGCCAG-1,0.000013,0.999987
CTGACATAGAAATAGA-1,0.008841,0.991159
CTGACTGCGCAGCTCG-1,0.000019,0.999981
CTGAGAAAGTTCGGCG-1,0.001105,0.998895
CTGAGCAAGTAACAAG-1,0.00001,0.99999
CTGAGCGAGACTTATT-1,0.000036,0.999964
CTGATAGTGTATCTCA-1,0.000017,0.999983
CTGATCCCTTTATGCA-1,0.000028,0.999972
CTGCAAATGGGCTCCA-1,0.000014,0.999986
CTGCAAGCACGTTCCG-1,0.000022,0.999978
CTGCACAACTACATAT-1,0.000006,0.999994
CTGCACCTAGTCCACA-1,0.000021,0.999979
CTGCACCTGGAACCGC-1,0.000021,0.999979
CTGCACTCCAGTACAG-1,0.000018,0.999982
CTGCAGAGAATCAGAG-1,0.000011,0.999989
CTGCCAAGGTTGGAAG-1,0.000019,0.999981
CTGCCATGCATCACAT-1,0.000024,0.999976
CTGCCTAGCCACCAAG-1,0.000015,0.999985
CTGCCTCATATGCAAC-1,0.000018,0.999982
CTGCCTTTAATACCTT-1,0.000033,0.999967
CTGCCTTTCTAGTAAA-1,0.000017,0.999983
CTGCGACCTCGCCGAA-1,0.000013,0.999987
CTGCGATTTCGAGATT-1,0.000019,0.999981
CTGCGGGTGAAATGTT-1,0.000017,0.999983
CTGCGGTAGTCACGTG-1,0.00001,0.99999
CTGCGTTACGATATAA-1,0.000018,0.999982
CTGCTCTGACGGCAAA-1,0.000008,0.999992
CTGCTGAGGCCACGAA-1,0.000015,0.999985
CTGCTGTCTAACGAGC-1,0.030537,0.969463
CTGCTTGGCGATAGCT-1,0.00002,0.99998
CTGCTTTATGTCCGCG-1,0.000013,0.999987
CTGGAAATGGATGCTT-1,0.000017,0.999983
CTGGAAGACACGGTGG-1,0.000014,0.999986
CTGGATTTACACTTGA-1,0.000313,0.999687
CTGGCATCCGAATGAG-1,0.000019,0.999981
CTGGCGACATAAGTCC-1,0.000017,0.999983
CTGGCGATTTACATGT-1,0.000019,0.999981
CTGGCGCACAGGTCTG-1,0.00002,0.99998
CTGGCGGGAATAAGTA-1,0.000017,0.999983
CTGGCTCCTGCGGGAT-1,0.028858,0.971142
CTGGCTGATTCATCCT-1,0.000013,0.999987
CTGGCTGCTAACGTAA-1,0.000016,0.999984
CTGGCTGGTTGTCAGT-1,0.000785,0.999215
CTGGGATAAATAATGG-1,0.000011,0.999989
CTGGGATACGCTACCC-1,0.00002,0.99998
CTGGGATCGCCCAGAT-1,0.00002,0.99998
CTGGGCACTAGTCGGA-1,0.000022,0.999978
CTGGGCCTGCTATATC-1,0.000018,0.999982
CTGGGCGGCCAAATGT-1,0.000013,0.999987
CTGGGCTACTGGAGAG-1,0.000018,0.999982
CTGGGCTATCCTTTGG-1,0.000706,0.999294
CTGGGTAGGCAGTTAA-1,0.001817,0.998183
CTGGTAAAGACTTACA-1,0.000019,0.999981
CTGGTAAAGTGTGGGC-1,0.000664,0.999336
CTGGTAACACATAGAA-1,0.000019,0.999981
CTGGTAACGAGCTCTT-1,0.000008,0.999992
CTGGTCATTCCAATCC-1,0.000048,0.999952
CTGGTCCTAACTTGGC-1,0.000013,0.999987
CTGGTGAATGGGCCTA-1,0.002716,0.997284
CTGGTTCAACGCATCA-1,0.000015,0.999985
CTGGTTCGCGAGCTAC-1,0.00003,0.99997
CTGGTTTCGAGCAAGA-1,0.000024,0.999976
CTGTACTTCTTAGCAT-1,0.000019,0.999981
CTGTAGCCATCTCACT-1,0.000016,0.999984
CTGTAGTGAGGATCGA-1,0.00003,0.99997
CTGTATGGTGTAGAAA-1,0.000017,0.999983
CTGTCAAATGGCTCGG-1,0.000021,0.999979
CTGTCACGCCAGGCGC-1,0.000012,0.999988
CTGTGCAGGGTAGGTC-1,0.000014,0.999986
CTGTGGTCGGGAGATA-1,0.088595,0.911405
CTGTTACCCAATCTAG-1,0.000054,0.999946
CTGTTCACTGCCTGTG-1,0.000015,0.999985
CTGTTCATCTCACGGG-1,0.000028,0.999972
CTGTTGTTCAGTCGTA-1,0.000294,0.999706
CTTAAATAAGACCCAT-1,0.000006,0.999994
CTTAACTTACAGTATA-1,0.000008,0.999992
CTTAACTTCGAAGTAC-1,0.000021,0.999979
CTTAATCGACTTAGTA-1,0.000013,0.999987
CTTACACGGTATTCCA-1,0.000015,0.999985
CTTACACTGGGAAATA-1,0.000012,0.999988
CTTACATAGATTTCTT-1,0.003964,0.996036
CTTAGATGTTTCATCC-1,0.000022,0.999978
CTTAGCCCGGATAGTG-1,0.000435,0.999565
CTTAGCCTTCCACATG-1,0.00002,0.99998
CTTAGGTCCCAATCGT-1,0.000036,0.999964
CTTAGTAGGCCTACAG-1,0.000013,0.999987
CTTAGTGTAGTAGCAT-1,0.000015,0.999985
CTTAGTTGAGGAATCG-1,0.000021,0.999979
CTTATGCGCTCAGGGC-1,0.00007,0.99993
CTTATGTTGACTACCA-1,0.000813,0.999187
CTTCAACTCCACTTGG-1,0.000005,0.999995
CTTCAGTGGTCGCCTA-1,0.000012,0.999988
CTTCAGTTGGACAACG-1,0.000009,0.999991
CTTCATAGCTCAAGAA-1,0.000016,0.999984
CTTCATCACCAGGGCT-1,0.000021,0.999979
CTTCATTGTCAGTGGA-1,0.000023,0.999977
CTTCCGCTCCGTGAAG-1,0.000025,0.999975
CTTCCTGCATATTTAC-1,0.000029,0.999971
CTTCGATTGCGCAAGC-1,0.000016,0.999984
CTTCGGCCAATTGTTT-1,0.000028,0.999972
CTTCGTAGATAGGTGA-1,0.000035,0.999965
CTTCGTGCCCGCATCG-1,0.000023,0.999977
CTTCTATGTTGAAGTA-1,0.00002,0.99998
CTTCTATTAATGCTAG-1,0.000026,0.999974
CTTCTGGGCGTACCTA-1,0.000027,0.999973
CTTCTTACGTCGTATA-1,0.000025,0.999975
CTTGACCCGAAAGATA-1,0.000009,0.999991
CTTGAGGTTATCCCGA-1,0.000015,0.999985
CTTGAGTTAGGGTAAT-1,0.00002,0.99998
CTTGATGACCATCCAG-1,0.000017,0.999983
CTTGCAACCGCCTCCT-1,0.000021,0.999979
CTTGCCCACCCACGCA-1,0.000017,0.999983
CTTGCCCAGGCTCTAC-1,0.000669,0.999331
CTTGGCCAAGCTGGGA-1,0.000137,0.999863
CTTGTACTTGTTGACT-1,0.000015,0.999985
CTTGTCAACATTCGAG-1,0.000014,0.999986
CTTGTCGTACGTGTCA-1,0.000021,0.999979
CTTGTGAGGACAGCGG-1,0.003734,0.996266
CTTGTGAGTCTTTGAC-1,0.00002,0.99998
CTTGTGCTCACCGATT-1,0.000032,0.999968
CTTGTTGCTGAGTCAA-1,0.001705,0.998295
CTTGTTTATGTAGCCA-1,0.000025,0.999975
CTTTAACTTTCAAAGG-1,0.001018,0.998982
CTTTAATATTGGTCGA-1,0.000008,0.999992
CTTTACCGAATAGTAG-1,0.00002,0.99998
CTTTAGGAACACTGTT-1,0.000028,0.999972
CTTTAGTGCTATTATT-1,0.000022,0.999978
CTTTATCCGACGCATG-1,0.000024,0.999976
CTTTCTGTGCGGGCTT-1,0.000023,0.999977
CTTTGAAACATATTCC-1,0.000024,0.999976
CTTTGCATCGCTCTTG-1,0.000021,0.999979
CTTTGCTGTCATGGAT-1,0.025001,0.974999
CTTTGGCAGACAGAGT-1,0.00003,0.99997
CTTTGGCGCTTTATAC-1,0.000011,0.999989
CTTTGGCTTTAGTAAA-1,0.00002,0.99998
CTTTGGGATTGTTGCA-1,0.000021,0.999979
GAAACAGATGACCACC-1,0.000015,0.999985
GAAACAGCCATGCAGT-1,0.000016,0.999984
GAAACATAGGAAACAG-1,0.000008,0.999992
GAAACCATGGTGCGCT-1,0.000005,0.999995
GAAACCGAATTACCTT-1,0.000019,0.999981
GAAACCTATACAAATG-1,0.000014,0.999986
GAAACTCGTGCGATGC-1,0.000023,0.999977
GAAACTCTAATGAAGG-1,0.000485,0.999515
GAAAGAACAGCGTTAT-1,0.000008,0.999992
GAAAGCAGTGCACTTT-1,0.00011,0.99989
GAAAGCCCTTTGGACC-1,0.000015,0.999985
GAAAGTGACTAACTGC-1,0.000592,0.999408
GAAATACCTGCTGGCT-1,0.000017,0.999983
GAAATACTAAACGTTT-1,0.000016,0.999984
GAAATATCACCATCAG-1,0.000014,0.999986
GAAATATGCTTGAATG-1,0.015682,0.984318
GAAATCGCGCGCAACT-1,0.00001,0.99999
GAAATGGCGGTGTTAG-1,0.000045,0.999955
GAAATGGGATGTAAAC-1,0.001884,0.998116
GAAATTAGCACGGATA-1,0.001798,0.998202
GAAATTCACATCGCTG-1,0.000014,0.999986
GAAATTGTCTCTATAA-1,0.00002,0.99998
GAACAACTGGGATGAA-1,0.000014,0.999986
GAACACACATCAACCA-1,0.000011,0.999989
GAACAGATTACTAAAT-1,0.005594,0.994406
GAACATTAGTATGTTA-1,0.000006,0.999994
GAACCATCTGGGAGAC-1,0.00001,0.99999
GAACCCTCTGTGTTCT-1,0.00134,0.99866
GAACCTTTAACGATCC-1,0.000009,0.999991
GAACGACCGAATGATA-1,0.000014,0.999986
GAACGATAAGTTAAAG-1,0.000008,0.999992
GAACGCGGGTCACACG-1,0.000017,0.999983
GAACGGTGTAAAGCAG-1,0.000015,0.999985
GAACGTCTCATGGTCG-1,0.00001,0.99999
GAACGTTAGGAAGACG-1,0.000009,0.999991
GAACTGTGGAGAGACA-1,0.000011,0.999989
GAACTTAGCGCCCGGT-1,0.000016,0.999984
GAACTTGTGCACGGGA-1,0.000847,0.999153
GAAGAAACGATATTGT-1,0.000012,0.999988
GAAGAACGGTGCAGGT-1,0.000009,0.999991
GAAGACTTCAATGCCG-1,0.000017,0.999983
GAAGCAAGGCAATGTT-1,0.000009,0.999991
GAAGCCACTGATTATG-1,0.000014,0.999986
GAAGCCTGCACATTCC-1,0.000016,0.999984
GAAGCGTGAGGAATTT-1,0.000021,0.999979
GAAGCTCGGACCCGTC-1,0.000017,0.999983
GAAGCTTGCTGACCGC-1,0.000021,0.999979
GAAGGACTAAATTGAA-1,0.000013,0.999987
GAAGGAGTCGAGTGCG-1,0.000012,0.999988
GAAGGCTACCATTGTT-1,0.000008,0.999992
GAAGGGCATAACCATG-1,0.001103,0.998897
GAAGGGTCATTAAGAC-1,0.006753,0.993247
GAAGTCAGTTGCACTA-1,0.000047,0.999953
GAAGTCTCCCTAGCGA-1,0.000018,0.999982
GAAGTGATTTATCGTG-1,0.000032,0.999968
GAAGTGCTGGATAGCT-1,0.000027,0.999973
GAAGTTTCCACTCAAT-1,0.001502,0.998498
GAATAGACGCGACCCA-1,0.000009,0.999991
GAATAGCATTTAGGGT-1,0.000011,0.999989
GAATAGCCCTGCGGTC-1,0.000011,0.999989
GAATAGTGCTCGATTA-1,0.005912,0.994088
GAATATTCGGAGTCCC-1,0.000022,0.999978
GAATCGACATGGTCAC-1,0.00003,0.99997
GAATCGCCGGACACGG-1,0.000043,0.999957
GAATCTATACTCGGAC-1,0.043499,0.956501
GAATCTGAACATTCTC-1,0.000008,0.999992
GAATGAAGGTCTTCAG-1,0.000012,0.999988
GAATGCCGAAATGACC-1,0.000036,0.999964
GAATGCGAATCGGTTC-1,0.000656,0.999344
GAATGTATGGCAGGTC-1,0.000018,0.999982
GAATGTGGTCCGGATT-1,0.002171,0.997829
GAATGTTGGGTAATCT-1,0.000017,0.999983
GAATTATAGTGAAAGG-1,0.000019,0.999981
GAATTATGCAACCTAC-1,0.000012,0.999988
GAATTCACCCGGGTGT-1,0.000315,0.999685
GAATTTCTCGCTGCAG-1,0.00002,0.99998
GACAAACATATGCAGG-1,0.000013,0.999987
GACAACGACCATTGAA-1,0.00002,0.99998
GACAACGCAGCTTACG-1,0.000013,0.999987
GACAAGAGATGAGATT-1,0.000024,0.999976
GACACAAGGGAAGAAA-1,0.000018,0.999982
GACACAGCCGGGACTG-1,0.00003,0.99997
GACACCCAAAGACGCG-1,0.000013,0.999987
GACACGAGTTAGAGGA-1,0.000029,0.999971
GACACTGAGTTCAGTG-1,0.000038,0.999962
GACACTGGAACCCGAT-1,0.000017,0.999983
GACACTTCCAATTACC-1,0.000017,0.999983
GACAGAGGTCTTCAGT-1,0.000022,0.999978
GACAGCCAGACCTGAC-1,0.00002,0.99998
GACAGGCACACACTAT-1,0.000021,0.999979
GACAGGTAATCCGTGT-1,0.001547,0.998453
GACATACTGTCGCAGA-1,0.000014,0.999986
GACATCCGTCGAACTG-1,0.00001,0.99999
GACATCGATTTATAAC-1,0.000027,0.999973
GACCAAACGTTGACTG-1,0.000009,0.999991
GACCACACTTCCCTTT-1,0.000019,0.999981
GACCAGAGCCCTGTAG-1,0.000029,0.999971
GACCAGGTCATTCATA-1,0.000009,0.999991
GACCCAATTATGATAC-1,0.000008,0.999992
GACCCGTCGCCGGCTA-1,0.000019,0.999981
GACCGACCGCTAATAT-1,0.001602,0.998398
GACCGACGTGAAAGCA-1,0.000012,0.999988
GACCGACTGAAGCGTC-1,0.000016,0.999984
GACCGCGTCTGACGTG-1,0.000013,0.999987
GACCGTCAGGTCGTGA-1,0.000013,0.999987
GACCGTGCTGACGGTG-1,0.000204,0.999796
GACCTTCCACGTCTAC-1,0.000019,0.999981
GACGACGATCCGCGTT-1,0.000013,0.999987
GACGACTTTCCAAGAA-1,0.00147,0.99853
GACGAGGCTAATAAAC-1,0.000758,0.999242
GACGATATCACTGGGT-1,0.00871,0.99129
GACGCCGTAAAGGCTA-1,0.000272,0.999728
GACGCCTGTTGCAGGG-1,0.000015,0.999985
GACGCTTGCTTCTAAA-1,0.000014,0.999986
GACGGACCGCGTTCCT-1,0.000014,0.999986
GACGGGATGTCTTATG-1,0.000018,0.999982
GACGGGCATCGAATTT-1,0.000015,0.999985
GACGGGTTGGCCCGTA-1,0.000015,0.999985
GACGGTCAATAGAAGC-1,0.000019,0.999981
GACGGTCCTAGGGTGT-1,0.012971,0.987029
GACGTGAGACTCCATG-1,0.000021,0.999979
GACGTGTAGGGATTAT-1,0.000098,0.999902
GACGTTCGTAAATACA-1,0.000013,0.999987
GACGTTGCTCGGCGGC-1,0.000027,0.999973
GACTAACACAGCACCT-1,0.000023,0.999977
GACTAAGATCATGCAC-1,0.000011,0.999989
GACTAAGTAGGCTCAC-1,0.000031,0.999969
GACTACAAAGCGGTGG-1,0.000015,0.999985
GACTACAATTGCTCGT-1,0.000013,0.999987
GACTAGGCCGTTAGGT-1,0.000014,0.999986
GACTCACCCACGTGAG-1,0.000013,0.999987
GACTCCCAGAATAAGG-1,0.000015,0.999985
GACTCGCGGGAATGAC-1,0.000017,0.999983
GACTCGGTCGGCGGAT-1,0.000029,0.999971
GACTCTAGAGTTCCAA-1,0.000023,0.999977
GACTGATTGGTCACAA-1,0.00002,0.99998
GACTGCAAATCGAGCT-1,0.000007,0.999993
GACTGCACCAGCCCAG-1,0.000015,0.999985
GACTGCGGCACGTGTA-1,0.000016,0.999984
GACTGCTGGTGAGAAA-1,0.000012,0.999988
GACTGGGCGCCGCAAC-1,0.000015,0.999985
GACTTCAACGCATCAA-1,0.000009,0.999991
GACTTTCGAGCGGTTC-1,0.000013,0.999987
GAGAACGGTTCTGACT-1,0.000007,0.999993
GAGACCCTGCAACGCC-1,0.000017,0.999983
GAGACTGATGGGTAGA-1,0.018857,0.981143
GAGACTTCGCGACCGA-1,0.000142,0.999858
GAGAGGCCTATGTGTA-1,0.008665,0.991335
GAGAGGGCGCGAGGTT-1,0.000023,0.999977
GAGAGGTGCATTCTGG-1,0.000026,0.999974
GAGAGTCTCGGGAGAG-1,0.000021,0.999979
GAGATCTGCTTGGCAT-1,0.000028,0.999972
GAGATCTGTCACTCCG-1,0.000029,0.999971
GAGATCTTCCATGACA-1,0.000011,0.999989
GAGATGACAATCCTTA-1,0.000004,0.999996
GAGATGGCTTTAATCA-1,0.000009,0.999991
GAGATGGGAGTCGACA-1,0.000005,0.999995
GAGCACCTGTGTCCAG-1,0.000017,0.999983
GAGCACGGCGCCTCTT-1,0.000021,0.999979
GAGCATCAACAACTTG-1,0.000017,0.999983
GAGCATCATCCCTGGG-1,0.000019,0.999981
GAGCCACGGTAGTAGG-1,0.00002,0.99998
GAGCCAGCTACCTGTG-1,0.004779,0.995221
GAGCCGAGCGTTTATT-1,0.000012,0.999988
GAGCGAGGGAGTACCG-1,0.000011,0.999989
GAGCGCAAATACTCCG-1,0.000021,0.999979
GAGCGCGCACGAGTAG-1,0.000009,0.999991
GAGCGCTATGTCAGGC-1,0.000014,0.999986
GAGCGCTGTTAGGTAA-1,0.000022,0.999978
GAGCGGAATGCGGTGT-1,0.000021,0.999979
GAGCTAAGGGCATATC-1,0.00001,0.99999
GAGCTCAACATGAGCG-1,0.003212,0.996788
GAGCTCTCGGACCTAA-1,0.000011,0.999989
GAGCTGTCGTCTCGGA-1,0.000008,0.999992
GAGGAATATCTCTTTG-1,0.000022,0.999978
GAGGAATGGAGAGGTT-1,0.000024,0.999976
GAGGAGTAATTCCTAC-1,0.000016,0.999984
GAGGATAAACAGTGCT-1,0.00001,0.99999
GAGGCATTTGCAGCAG-1,0.000018,0.999982
GAGGCCCGACTCCGCA-1,0.000014,0.999986
GAGGCCTGTTGATACA-1,0.000013,0.999987
GAGGCTATCAAAGTCG-1,0.000029,0.999971
GAGGGAGTCAGATCGC-1,0.00002,0.99998
GAGGGCATCGCGTATC-1,0.000028,0.999972
GAGGGCCATAATATTA-1,0.000011,0.999989
GAGGGCCGGCAGAGTC-1,0.00001,0.99999
GAGGGCGCAGCTCTGC-1,0.000008,0.999992
GAGGGTAGTAACAAAG-1,0.000013,0.999987
GAGGTACATCCATCTT-1,0.000016,0.999984
GAGGTACGCGTGTCCC-1,0.010877,0.989123
GAGGTCCCAAAGATCT-1,0.000013,0.999987
GAGGTCCGTTCGCTGT-1,0.000039,0.999961
GAGGTCTTAGTGGGTC-1,0.000005,0.999995
GAGTAAACCGGAAAGT-1,0.000018,0.999982
GAGTAAGGCCACGGGA-1,0.000014,0.999986
GAGTACGGGTATACAA-1,0.000012,0.999988
GAGTAGATACTAGTTG-1,0.000014,0.999986
GAGTATACCCTAATCA-1,0.000017,0.999983
GAGTATGCCCGCCTTG-1,0.000022,0.999978
GAGTATGCGCGTGCAT-1,0.000011,0.999989
GAGTCAGACCAGAATC-1,0.000019,0.999981
GAGTCCACCAGGTTTA-1,0.000019,0.999981
GAGTCCGCTTACCGGA-1,0.000063,0.999937
GAGTCGACAGACCCTC-1,0.000023,0.999977
GAGTGCACGGACAACA-1,0.000024,0.999976
GAGTGTCAACCAGAAA-1,0.000007,0.999993
GAGTGTGCGGTACCCA-1,0.000016,0.999984
GAGTTGATGGCAATTT-1,0.000014,0.999986
GATAAATCGGTGGATG-1,0.000026,0.999974
GATAACTCGCACTGTG-1,0.000007,0.999993
GATAAGGCAGATGCAA-1,0.00228,0.99772
GATACGATGGGAGTCA-1,0.000021,0.999979
GATAGAACCCGCTAGG-1,0.000165,0.999835
GATAGATAGTACAGTC-1,0.000018,0.999982
GATAGGATTAATTACA-1,0.003044,0.996956
GATAGGTAACGTTGAC-1,0.000019,0.999981
GATAGGTGTCCCGGGC-1,0.000026,0.999974
GATAGTGCGAGTAAGT-1,0.001846,0.998154
GATATCAGTATGTATC-1,0.000058,0.999942
GATATCTCATGCAATA-1,0.000019,0.999981
GATATGAGACACTAAC-1,0.000009,0.999991
GATATGCGGTAGCCAA-1,0.000123,0.999877
GATATGGATTACGCGG-1,0.000802,0.999198
GATATTGAGATTGGCG-1,0.000028,0.999972
GATATTTCCTACATGG-1,0.00002,0.99998
GATCAACATAAAGGGA-1,0.000013,0.999987
GATCATTCCAAACATT-1,0.000016,0.999984
GATCCCTTTATACTGC-1,0.000018,0.999982
GATCCGAATATAAGTG-1,0.000016,0.999984
GATCCGGGAATTAACA-1,0.0005,0.9995
GATCCTAAATCGGGAC-1,0.00002,0.99998
GATCCTCGACACTGGC-1,0.000021,0.999979
GATCCTCTTGCGCTTA-1,0.000026,0.999974
GATCGACACTATCTGA-1,0.000016,0.999984
GATCGCGGGCTCTCCA-1,0.000036,0.999964
GATCGCTACCCGATTT-1,0.000024,0.999976
GATCGCTATATCTCAG-1,0.000018,0.999982
GATCGGATAGAACCAT-1,0.000004,0.999996
GATCGGCGATAAGTCG-1,0.001225,0.998775
GATCGGTGGCCATAAC-1,0.000788,0.999212
GATCGTGACTGATATC-1,0.000016,0.999984
GATCTCGACGCTGTGG-1,0.004704,0.995296
GATCTGCTATCTAAGG-1,0.000325,0.999675
GATCTTAGTGAACGTG-1,0.000016,0.999984
GATCTTCATTGTCCTC-1,0.004608,0.995392
GATCTTGGAGGGCATA-1,0.000012,0.999988
GATCTTTGCAGGGTAT-1,0.000022,0.999978
GATCTTTGCTCAAAGA-1,0.000011,0.999989
GATGACAAGTAGGGCA-1,0.000018,0.999982
GATGACGATGATCGCG-1,0.000017,0.999983
GATGAGGAACCTTCGG-1,0.000011,0.999989
GATGATTTGAAACTGG-1,0.000013,0.999987
GATGCCACACTACAGC-1,0.000011,0.999989
GATGCCAGCAGAAGGC-1,0.001289,0.998711
GATGCGAATGGTATTA-1,0.00001,0.99999
GATGCGTCCTGCATTC-1,0.000042,0.999958
GATGCTACAAGCGCCT-1,0.000018,0.999982
GATGCTACCTTCGATG-1,0.000028,0.999972
GATGCTGTATTTCATC-1,0.07208,0.92792
GATGGCGCACACATTA-1,0.000581,0.999419
GATGGTGAAATAACCC-1,0.00002,0.99998
GATGGTGCCCTAGGCA-1,0.000016,0.999984
GATGTAACGAACCACC-1,0.000014,0.999986
GATGTCCGGATCACAT-1,0.000011,0.999989
GATGTCGGTCAACTGC-1,0.000018,0.999982
GATGTGTTGTCACAAG-1,0.000016,0.999984
GATGTTCAATCCACGA-1,0.000023,0.999977
GATGTTTGTGCGAGAT-1,0.000026,0.999974
GATTAACCGAAAGCCC-1,0.109529,0.890471
GATTAATCCTGGCTCA-1,0.000005,0.999995
GATTACTGAATTTGGG-1,0.000031,0.999969
GATTAGAAACAAGCGT-1,0.000029,0.999971
GATTATCTTGCATTAT-1,0.000016,0.999984
GATTCCCTTGTCGCAG-1,0.000021,0.999979
GATTCCGCGTTTCCGT-1,0.000027,0.999973
GATTCCTATACGGCGC-1,0.000017,0.999983
GATTCGACGGTTCACG-1,0.000011,0.999989
GATTCTGTTAATGAGT-1,0.000033,0.999967
GATTGACACTCTGCTC-1,0.000024,0.999976
GATTGCTCCAGTTGCA-1,0.000025,0.999975
GATTGGGAAAGGTTGT-1,0.00001,0.99999
GATTTGCGCTAACACC-1,0.000231,0.999769
GCAAACCCTACATTAT-1,0.000742,0.999258
GCAAACCTTGGCCATA-1,0.00001,0.99999
GCAAACGTCGCCAGGT-1,0.000003,0.999997
GCAAAGGGCGTTAGCC-1,0.000211,0.999789
GCAAATATTACGCTTT-1,0.000019,0.999981
GCAACACACTAGAACT-1,0.000573,0.999427
GCAACAGCAGTATGCG-1,0.000018,0.999982
GCAACCACCAGACCGG-1,0.000016,0.999984
GCAACCACGGCCGCGT-1,0.000013,0.999987
GCAACGGCTAGTTATG-1,0.000018,0.999982
GCAAGAATTCCTTGGC-1,0.000018,0.999982
GCAAGATGTGTTCGCG-1,0.000025,0.999975
GCAAGTGCACAGAGAA-1,0.000017,0.999983
GCAAGTGTAAAGCATG-1,0.00001,0.99999
GCAATTAGTCGCACCG-1,0.000018,0.999982
GCACAAACCCTAGATG-1,0.000017,0.999983
GCACAAACGAGGCGTG-1,0.000012,0.999988
GCACAAGTGTCGGAAG-1,0.000019,0.999981
GCACACACTGGTAGCC-1,0.036556,0.963444
GCACACAGCTATTACC-1,0.000009,0.999991
GCACAGCACGGGCCGA-1,0.000034,0.999966
GCACCTAGGCGAGTCC-1,0.000007,0.999993
GCACGCCGATTCCCGC-1,0.00002,0.99998
GCACGCCTACTTAGAT-1,0.000013,0.999987
GCACGTGGTTTACTTA-1,0.000013,0.999987
GCACTAGTCGCGCTAT-1,0.000017,0.999983
GCACTCCCACAGTCCC-1,0.001549,0.998451
GCACTGCCTACCTTTA-1,0.000018,0.999982
GCACTGTGCAAATGTA-1,0.000015,0.999985
GCAGAAACGTAATCCA-1,0.000012,0.999988
GCAGAAGGTAATCTCC-1,0.04174,0.95826
GCAGACCCAGCACGTA-1,0.000019,0.999981
GCAGATCCATAAGACT-1,0.000018,0.999982
GCAGATCCTCGCAAAT-1,0.001462,0.998538
GCAGATTAGGGATATC-1,0.000033,0.999967
GCAGCACACAGCCCAG-1,0.000017,0.999983
GCAGCCTATATCACAT-1,0.000019,0.999981
GCAGCGGTGGGCATTA-1,0.000013,0.999987
GCAGCTATGGACAGGT-1,0.000019,0.999981
GCAGCTGTCAACGCAT-1,0.000012,0.999988
GCAGGAACTTAGATCT-1,0.000013,0.999987
GCAGGACTATAGAATA-1,0.000015,0.999985
GCAGGTAGAGTATGGT-1,0.000027,0.999973
GCAGTGTGGCTATAGG-1,0.000018,0.999982
GCAGTTCGATCCGAGC-1,0.112625,0.887375
GCATAAATTGAACGCC-1,0.000029,0.999971
GCATACGAGGTCTTTA-1,0.000055,0.999945
GCATAGAGCACTCAGG-1,0.000522,0.999478
GCATCCCTAACTTTGA-1,0.000012,0.999988
GCATCGGCCGTGTAGG-1,0.00014,0.99986
GCATGAGGGACGCGGC-1,0.000017,0.999983
GCATGCTAATAACGAT-1,0.000006,0.999994
GCATTCAAGGCAACGC-1,0.000007,0.999993
GCATTCGAAATGAACA-1,0.000008,0.999992
GCATTGTAATTCATAT-1,0.000015,0.999985
GCATTTCCAAGGCTCC-1,0.00002,0.99998
GCCAACCATTTCCGGA-1,0.000622,0.999378
GCCAATAGGGCATCTC-1,0.000021,0.999979
GCCACAATTTAAGGAC-1,0.000023,0.999977
GCCACTCAGAGCGCGA-1,0.000007,0.999993
GCCACTCCTTACGGTA-1,0.060709,0.939291
GCCAGGAAAGAACACT-1,0.000017,0.999983
GCCAGGAGTAACCGAT-1,0.000017,0.999983
GCCAGGCGTTCGCATG-1,0.001133,0.998867
GCCATATTGCACACAG-1,0.000024,0.999976
GCCATCGAGCTGCGTG-1,0.000018,0.999982
GCCATCGATGCTGCAT-1,0.000014,0.999986
GCCCACCAAGGCTGTC-1,0.000027,0.999973
GCCCACTGGTCCACAA-1,0.000014,0.999986
GCCCAGATGCTGGAGA-1,0.000023,0.999977
GCCCAGTTGGTATGCC-1,0.000014,0.999986
GCCCATGGGTGCAATG-1,0.000016,0.999984
GCCCGACTTCTTCCCG-1,0.000025,0.999975
GCCCGATCTGTGGTCG-1,0.000016,0.999984
GCCCGCGCGTAAACGG-1,0.000014,0.999986
GCCCGCGCGTTTGACA-1,0.000015,0.999985
GCCCGTAATACCTTCT-1,0.000026,0.999974
GCCCGTTCACACAATT-1,0.000021,0.999979
GCCCTAAGTGCAGGAT-1,0.000011,0.999989
GCCCTAGCCGTCGCGA-1,0.000006,0.999994
GCCCTGAGGATGGGCT-1,0.000008,0.999992
GCCGAAATTCCTACGT-1,0.000018,0.999982
GCCGACCCACGACTGC-1,0.000009,0.999991
GCCGATTGGCCAAGCT-1,0.000025,0.999975
GCCGCACTCCGTTTCA-1,0.000022,0.999978
GCCGCATTAGTCCGGC-1,0.00001,0.99999
GCCGCTAGATACGCAG-1,0.000015,0.999985
GCCGCTTGTGAGAAAC-1,0.000026,0.999974
GCCGGAAACACATCTT-1,0.000007,0.999993
GCCGGGTTAGGGTCGC-1,0.000084,0.999916
GCCGGTCGTATCTCTC-1,0.000224,0.999776
GCCGGTTTGGGCGGAT-1,0.000017,0.999983
GCCGTCGGTTTCGGGC-1,0.000021,0.999979
GCCGTGGAAGAAATGT-1,0.000017,0.999983
GCCTACGTTCTGTGCA-1,0.00001,0.99999
GCCTAGCGATCTGACC-1,0.000018,0.999982
GCCTATAGTGTCAGGG-1,0.000022,0.999978
GCCTATGCTGGGCCTT-1,0.000014,0.999986
GCCTATTCCGATATAG-1,0.000402,0.999598
GCCTATTTGCTACACA-1,0.000021,0.999979
GCCTCATCTGGAAATA-1,0.002142,0.997858
GCCTCCGACAATTCAC-1,0.000404,0.999596
GCCTCTATACATAGCA-1,0.000013,0.999987
GCCTGCTACACTGAGA-1,0.000018,0.999982
GCCTGTCCCGGTGCAT-1,0.00003,0.99997
GCCTTCAGCCCTACCG-1,0.00002,0.99998
GCCTTGTATATGCAGT-1,0.000423,0.999577
GCGAAACGATCGGGAG-1,0.000018,0.999982
GCGAAACTTAACTGGA-1,0.00001,0.99999
GCGAAGAATCTGACGG-1,0.000014,0.999986
GCGAAGCCATACCCGT-1,0.000014,0.999986
GCGAATGGACTAGCGA-1,0.000006,0.999994
GCGACATGTAAACATC-1,0.00001,0.99999
GCGACCCAACCATCTG-1,0.000876,0.999124
GCGACGATAGTTGTAC-1,0.000669,0.999331
GCGACGGTAGTCTCCT-1,0.000009,0.999991
GCGAGAAACGGGAGTT-1,0.000029,0.999971
GCGAGAGGCCATGTAA-1,0.000017,0.999983
GCGAGAGTTGCGTCCA-1,0.000012,0.999988
GCGAGCGCATGCTCCC-1,0.000006,0.999994
GCGAGGCCCGAGCAGA-1,0.000021,0.999979
GCGAGGGACTGCTAGA-1,0.000149,0.999851
GCGAGTTCTGCAAAGA-1,0.000019,0.999981
GCGATTCTGGAAGCAG-1,0.000011,0.999989
GCGATTGTTAACGTTA-1,0.00001,0.99999
GCGCAAATATATTCAA-1,0.000554,0.999446
GCGCAAGAGCGCGCTG-1,0.000016,0.999984
GCGCATCCAGTCAGCA-1,0.00285,0.99715
GCGCCGTTCCACGATA-1,0.000019,0.999981
GCGCCTCCCACTCCGA-1,0.000011,0.999989
GCGCGATGGGTCAAGT-1,0.00001,0.99999
GCGCGGTCTAGTAACT-1,0.000015,0.999985
GCGCGTCATTGGTACA-1,0.000011,0.999989
GCGCGTTTAAATCGTA-1,0.007437,0.992563
GCGCTAAGTATGCATG-1,0.000019,0.999981
GCGCTAATTGAATAGA-1,0.000647,0.999353
GCGCTATGCCGAGGCA-1,0.000039,0.999961
GCGCTGATCCAGACTC-1,0.000014,0.999986
GCGCTGCTTTGCATTT-1,0.000017,0.999983
GCGCTTAAATAATTGG-1,0.034657,0.965343
GCGGACCGCGTTGTGG-1,0.000035,0.999965
GCGGAGAAACTTCGCA-1,0.000021,0.999979
GCGGAGAGGGAGAACG-1,0.000011,0.999989
GCGGATTACTTGTTCT-1,0.000009,0.999991
GCGGCAAAGTATTGCC-1,0.000022,0.999978
GCGGCTCTGACGTACC-1,0.000017,0.999983
GCGGCTTTAGCAAGTT-1,0.000019,0.999981
GCGGGAACCAGGCCCT-1,0.000017,0.999983
GCGGGCAGACGGGTGA-1,0.024189,0.975811
GCGGGCATTACGATGC-1,0.000019,0.999981
GCGGGCGAGCCTTACC-1,0.001067,0.998933
GCGGTAACCCAAATGA-1,0.00003,0.99997
GCGGTCCCGGTGAAGG-1,0.000012,0.999988
GCGGTCCCTAGACGCA-1,0.000024,0.999976
GCGGTCTTGCTTTCAC-1,0.000018,0.999982
GCGGTGAACTGCGCTC-1,0.000025,0.999975
GCGGTTCCCTATCATG-1,0.000008,0.999992
GCGTAAATGGCCATAA-1,0.00001,0.99999
GCGTCCAGCTCGTGGC-1,0.001332,0.998668
GCGTCCCTAAGACATA-1,0.000016,0.999984
GCGTCGAAATGTCGGT-1,0.000015,0.999985
GCGTCGCCAGGGTGAT-1,0.000007,0.999993
GCGTCGTAACATGGTC-1,0.00002,0.99998
GCGTCTAACCTCCTAA-1,0.00003,0.99997
GCGTCTCTGCATTGGG-1,0.000014,0.999986
GCGTGGTACTGGGTTA-1,0.000026,0.999974
GCGTGTATGTCGTATT-1,0.000017,0.999983
GCGTTATATTTGGAAC-1,0.00001,0.99999
GCGTTCGGAGACCGGG-1,0.000013,0.999987
GCTAAACCTGAGGTGA-1,0.000016,0.999984
GCTAACTGAAGTCTGA-1,0.000875,0.999125
GCTAAGCCCAGTATGC-1,0.000006,0.999994
GCTAAGTAAAGGCGAT-1,0.000009,0.999991
GCTAAGTAGTTTCTCT-1,0.000027,0.999973
GCTAATACCGAATGCC-1,0.000016,0.999984
GCTACAATCGAGGATA-1,0.000013,0.999987
GCTACACTGTCCGAAC-1,0.000011,0.999989
GCTACAGTACGGACCG-1,0.000406,0.999594
GCTACGACTTATTGGG-1,0.000023,0.999977
GCTACTATAGTAGAGT-1,0.000026,0.999974
GCTAGACCGTCTACTG-1,0.000009,0.999991
GCTAGAGTAGAGATGT-1,0.001317,0.998683
GCTAGCAACGCACCTA-1,0.000015,0.999985
GCTAGCACCTGGGCCA-1,0.000023,0.999977
GCTAGCAGGGAGTGGG-1,0.000018,0.999982
GCTAGCGATAGGTCTT-1,0.000022,0.999978
GCTAGCTTGAATAGCT-1,0.000039,0.999961
GCTAGGCACCACGGAG-1,0.017661,0.982339
GCTAGTAGAGCTTGTA-1,0.000021,0.999979
GCTAGTTTCATTGAGG-1,0.000543,0.999457
GCTATAAGGGCCAGGA-1,0.000018,0.999982
GCTATACGTCTCGGAC-1,0.000022,0.999978
GCTATCATACTCATGG-1,0.000237,0.999763
GCTATCGCGGCGCAAC-1,0.000019,0.999981
GCTCAATCCGTTTATT-1,0.000015,0.999985
GCTCAATGTAATACCG-1,0.000032,0.999968
GCTCATTACTGCATGT-1,0.000019,0.999981
GCTCATTGATCATATC-1,0.000064,0.999936
GCTCCATGCAAAGCAA-1,0.000327,0.999673
GCTCCCAGTCGGTCCA-1,0.00001,0.99999
GCTCCGCTCGCTTCAG-1,0.000016,0.999984
GCTCCGGACGTTGATA-1,0.00002,0.99998
GCTCCTGACATACTGG-1,0.000029,0.999971
GCTCGACCGAACTGAA-1,0.000014,0.999986
GCTCGCGGTTCCGCTC-1,0.000011,0.999989
GCTCGCTCATGTCCAA-1,0.000014,0.999986
GCTCGGAATTTAAAGC-1,0.000013,0.999987
GCTCTAAACCCTGACG-1,0.000016,0.999984
GCTCTATGTTACGTGC-1,0.000017,0.999983
GCTCTCGGGTACCGAA-1,0.000018,0.999982
GCTCTTTCCGCTAGTG-1,0.000905,0.999095
GCTGAACTCTCCAGGG-1,0.000021,0.999979
GCTGAATCTTCCAATC-1,0.000021,0.999979
GCTGAGGCGTGAGTAT-1,0.000024,0.999976
GCTGCACGGTTTCTTA-1,0.000016,0.999984
GCTGCGAAGAATTATT-1,0.000029,0.999971
GCTGCTAAGTAGTCGA-1,0.000712,0.999288
GCTGCTACTGCGTAGC-1,0.001569,0.998431
GCTGCTCTCCGGACAC-1,0.000016,0.999984
GCTGGACCCAAAGTGG-1,0.000012,0.999988
GCTGGCATATTCACCT-1,0.000026,0.999974
GCTGGCGGCGCATGCT-1,0.000008,0.999992
GCTGGGAGCGCGTCAA-1,0.00002,0.99998
GCTGGGTCCGCTGTTA-1,0.001478,0.998522
GCTGGTGACTCGTAGT-1,0.000016,0.999984
GCTGTATTACTGGCCC-1,0.00003,0.99997
GCTGTCTGTGATCGAC-1,0.00002,0.99998
GCTGTTGCTACCGAAC-1,0.000009,0.999991
GCTTAATGTAACTAAC-1,0.000014,0.999986
GCTTACGTAGTTAGTA-1,0.000021,0.999979
GCTTAGGGAAGCGGTA-1,0.000023,0.999977
GCTTATGAAGCAGGAA-1,0.000023,0.999977
GCTTCAGTGGGATTAC-1,0.000019,0.999981
GCTTCCAGCTTAGATT-1,0.000056,0.999944
GCTTCCATGTAACCGC-1,0.000013,0.999987
GCTTCCCGTAAGCTCC-1,0.000015,0.999985
GCTTCCGTCCCTAGAC-1,0.000018,0.999982
GCTTGAGTGACCTCTG-1,0.00067,0.99933
GCTTGATGATAATCAG-1,0.00001,0.99999
GCTTGCAGCACAATTG-1,0.00002,0.99998
GCTTGGATCGATTAGG-1,0.000022,0.999978
GCTTTACACAACTGGG-1,0.00136,0.99864
GCTTTATTAAGTTACC-1,0.011638,0.988362
GCTTTCAGAGGAGGTG-1,0.000012,0.999988
GCTTTCTATCTCAACT-1,0.000031,0.999969
GCTTTGCTGCCGGGTA-1,0.00001,0.99999
GGAAACCTTGTTGAAT-1,0.000011,0.999989
GGAAACTAAATGGGCC-1,0.000016,0.999984
GGAAAGGGAATTGAGC-1,0.000009,0.999991
GGAAAGTCTTGATTGT-1,0.000024,0.999976
GGAAAGTGCCCATGCC-1,0.000017,0.999983
GGAACCCGAACAAGAA-1,0.000008,0.999992
GGAACCGTGTAAATTG-1,0.000025,0.999975
GGAACCTTGACTCTGC-1,0.000019,0.999981
GGAACGGCCTGCAGCC-1,0.000015,0.999985
GGAACTCGTGAATACG-1,0.000027,0.999973
GGAACTTTGGCGATTA-1,0.001042,0.998958
GGAAGATAAGACTGTA-1,0.006573,0.993427
GGAAGCTCGCTTACAG-1,0.000654,0.999346
GGAAGGACACCGTATA-1,0.000012,0.999988
GGAATAACCTCAAGAA-1,0.000007,0.999993
GGAATGCGCTAGCGTG-1,0.000006,0.999994
GGACAACCATGAAGCC-1,0.000013,0.999987
GGACACAAGTTTACAC-1,0.000009,0.999991
GGACACCTCGGTGTTG-1,0.000022,0.999978
GGACCAACAGGATAAC-1,0.00001,0.99999
GGACCTACGGTAACGT-1,0.000453,0.999547
GGACCTCTAGGCCGCC-1,0.000014,0.999986
GGACGGCTTGCGCAAC-1,0.000017,0.999983
GGACGGGCGACCAACC-1,0.009392,0.990608
GGACGTCCATAGTTGG-1,0.000014,0.999986
GGACTCACAAATTAGG-1,0.000065,0.999935
GGACTCGACAGCGCAT-1,0.000021,0.999979
GGACTCGTGAGTGGTC-1,0.00002,0.99998
GGACTCTTTGACTAAG-1,0.000837,0.999163
GGAGAAGTCATTGGCA-1,0.000022,0.999978
GGAGACCAATGTGCTT-1,0.000023,0.999977
GGAGACGACACCTTTG-1,0.000016,0.999984
GGAGCAACATTTCAAG-1,0.000685,0.999315
GGAGCACCAAGAACTA-1,0.000005,0.999995
GGAGCGAGGCCTACTT-1,0.000916,0.999084
GGAGGATTGAAAGGAG-1,0.000017,0.999983
GGAGGCCGAAGTCGTC-1,0.000017,0.999983
GGAGGCGAAGAACCGC-1,0.000008,0.999992
GGAGGGCTTGGTTGGC-1,0.000015,0.999985
GGAGGGTCAAGTAAGA-1,0.000028,0.999972
GGAGTGCCGCCCTGGA-1,0.000012,0.999988
GGAGTTGATTCTGTGT-1,0.000013,0.999987
GGATACTCATGAATTG-1,0.000015,0.999985
GGATCAAAGGACGAGG-1,0.000011,0.999989
GGATCATCCCGTACGC-1,0.000025,0.999975
GGATCCCTACCAGCTA-1,0.000034,0.999966
GGATCCGGAATATACT-1,0.000015,0.999985
GGATCTACCGTTCGTC-1,0.000019,0.999981
GGATCTTACTGCCCTT-1,0.000013,0.999987
GGATCTTGACTCAACC-1,0.000011,0.999989
GGATGAAGATCGCTGA-1,0.000019,0.999981
GGATGACGCGAGTTTA-1,0.000033,0.999967
GGATGCTGGCGTTCCT-1,0.000012,0.999988
GGATGGCTTGAAGTAT-1,0.000011,0.999989
GGATGTCCTTACCGCA-1,0.000021,0.999979
GGATTAAGCTAAGGTC-1,0.000021,0.999979
GGATTAATCATGGACC-1,0.000011,0.999989
GGATTCAGTACGGTGG-1,0.000022,0.999978
GGATTCCGCTATACCC-1,0.00001,0.99999
GGATTGAAGTAGCCTC-1,0.000014,0.999986
GGATTGCTGTGACTCC-1,0.000019,0.999981
GGATTTCACTTCTATA-1,0.000022,0.999978
GGCAAAGGCGCCAATA-1,0.000017,0.999983
GGCAAATTACTTTACT-1,0.000019,0.999981
GGCAAGCCAGGGATAG-1,0.000005,0.999995
GGCAAGCCCATAGTGG-1,0.000782,0.999218
GGCAAGGCGAAATAGC-1,0.000015,0.999985
GGCAATAGTCAATGAG-1,0.000021,0.999979
GGCACGCTGCTACAGT-1,0.000035,0.999965
GGCACTCCACTGGGCA-1,0.000018,0.999982
GGCACTGCGGTGGTTT-1,0.000014,0.999986
GGCAGCAAACCTATGC-1,0.000017,0.999983
GGCAGCGGTAATCCTA-1,0.00001,0.99999
GGCATACAGGTAGCGG-1,0.000026,0.999974
GGCATATCGGTTCTGC-1,0.000014,0.999986
GGCATCAACGAGCACG-1,0.000008,0.999992
GGCATTCCCTCCCTCG-1,0.000011,0.999989
GGCATTGAACATCTCA-1,0.000021,0.999979
GGCCAATTGTATAGAC-1,0.000017,0.999983
GGCCACAAGCGATGGC-1,0.000014,0.999986
GGCCCAATCTAGAGGG-1,0.000017,0.999983
GGCCCAGCTGGTTTGC-1,0.002501,0.997499
GGCCCAGTTATCAGCA-1,0.000022,0.999978
GGCCCGGAGCATGTCT-1,0.000021,0.999979
GGCCCGTATACCATGC-1,0.000006,0.999994
GGCCCTCACCCACTTA-1,0.000023,0.999977
GGCCGAGACTCTGGTG-1,0.000016,0.999984
GGCCGCAGGAACCGCA-1,0.001508,0.998492
GGCCGGCGTCTGCTAT-1,0.000015,0.999985
GGCCGTTTGGGTTTCA-1,0.000021,0.999979
GGCCTGCTCTGATGTT-1,0.000022,0.999978
GGCCTGCTTCTCCCGA-1,0.000012,0.999988
GGCGAAATCTAACTTG-1,0.000016,0.999984
GGCGAACCGTTCTGAT-1,0.000031,0.999969
GGCGAGCATCGAGGAC-1,0.000294,0.999706
GGCGCACAGTTTACCT-1,0.000023,0.999977
GGCGCAGGACATCTTC-1,0.00002,0.99998
GGCGCATGAATTGATG-1,0.000068,0.999932
GGCGCGGAGATCTTTC-1,0.000018,0.999982
GGCGCGTTCGAGTTTA-1,0.000027,0.999973
GGCGCTCCTCATCAAT-1,0.001325,0.998675
GGCGCTTCATTCCCTG-1,0.00001,0.99999
GGCGGAGTAATATTAG-1,0.000033,0.999967
GGCGGTAGGATCATTG-1,0.000013,0.999987
GGCGGTTTGCCGGTGC-1,0.000012,0.999988
GGCGTACCCTATATAA-1,0.000005,0.999995
GGCGTAGGGAAAGCTG-1,0.000014,0.999986
GGCGTCCTATCCGCTG-1,0.000029,0.999971
GGCTAAAGGGCGGGTC-1,0.000016,0.999984
GGCTAATGATTGAAAT-1,0.000008,0.999992
GGCTACTATACACTCC-1,0.00002,0.99998
GGCTATTAAGTTGTAT-1,0.000021,0.999979
GGCTCCTCCACCTGTT-1,0.000534,0.999466
GGCTCGCGTTGAGGTA-1,0.00036,0.99964
GGCTCGTGCCACCAGC-1,0.00001,0.99999
GGCTCTGCTCCAACGC-1,0.000026,0.999974
GGCTGAAATAGCAAAG-1,0.000008,0.999992
GGCTGAGCATCGTAAG-1,0.000016,0.999984
GGCTGGCAATCCCACG-1,0.000015,0.999985
GGCTGGCTAGCTTAAA-1,0.000015,0.999985
GGCTGTCCTACTGCGG-1,0.012894,0.987106
GGCTTCTCGTGGGTGG-1,0.000017,0.999983
GGCTTTCAATAAGGGT-1,0.000021,0.999979
GGGAAAGAATGCCAAC-1,0.000106,0.999894
GGGAACCACCTGTTTC-1,0.000018,0.999982
GGGAACGGGAGGTTAG-1,0.000025,0.999975
GGGAACGGTTTCAGAT-1,0.00119,0.99881
GGGAAGACGGTCTGTC-1,0.000013,0.999987
GGGAAGGGCTTTCTCA-1,0.000008,0.999992
GGGAATGAGCCCTCAC-1,0.002199,0.997801
GGGACAGAGTTACTCC-1,0.000025,0.999975
GGGACCCGTATATCTT-1,0.000048,0.999952
GGGACTGCATAGATAG-1,0.000016,0.999984
GGGAGAACTCACAGTA-1,0.000013,0.999987
GGGAGCGACCGTAGTG-1,0.000013,0.999987
GGGAGGATGCCCGAAA-1,0.000013,0.999987
GGGAGTAATGGCTGGC-1,0.000026,0.999974
GGGAGTTAATGAGGCG-1,0.000017,0.999983
GGGATCCCAATACAAA-1,0.000004,0.999996
GGGATGGTCGTAACCG-1,0.000014,0.999986
GGGATTTACCGCACCT-1,0.000024,0.999976
GGGCAACCGCACGTGC-1,0.000013,0.999987
GGGCACGTAGTACTGT-1,0.000028,0.999972
GGGCAGAGCAATCGTT-1,0.000023,0.999977
GGGCAGTCAACGCCAA-1,0.000011,0.999989
GGGCATGCATGTCGAG-1,0.002364,0.997636
GGGCCCGTCTTAAACA-1,0.000019,0.999981
GGGCCCTACGAAAGGG-1,0.000007,0.999993
GGGCCGGCCGAAGTAC-1,0.000005,0.999995
GGGCCTATACAACCGG-1,0.000011,0.999989
GGGCCTATTTAAGTAT-1,0.000024,0.999976
GGGCGATATGTGTGAA-1,0.000768,0.999232
GGGCGCAGCGTTACTC-1,0.00003,0.99997
GGGCGGCAAATGAATT-1,0.000018,0.999982
GGGCGGGTTCCCTACG-1,0.000025,0.999975
GGGCGGTCCTATTGTC-1,0.000009,0.999991
GGGCGTACATTTATAT-1,0.000019,0.999981
GGGCGTCACCACGTAA-1,0.000016,0.999984
GGGCGTCCACTGGCTC-1,0.002207,0.997793
GGGCGTGGTTTCCCAG-1,0.000021,0.999979
GGGCGTTTACATTCAT-1,0.000021,0.999979
GGGCTATGATCGATGG-1,0.00003,0.99997
GGGCTCATCGAACCCA-1,0.000006,0.999994
GGGCTGCCTAGGGCGA-1,0.000017,0.999983
GGGCTGGTTAGTCGCG-1,0.000029,0.999971
GGGTAATGCTGTGTTT-1,0.000083,0.999917
GGGTACACTCTGGAGG-1,0.000083,0.999917
GGGTACCCACGGTCCT-1,0.005434,0.994566
GGGTACTTCATGAACT-1,0.000035,0.999965
GGGTATGTATGCACTT-1,0.000033,0.999967
GGGTATTCTAGCAAAC-1,0.000007,0.999993
GGGTCACCGTGACGGT-1,0.000023,0.999977
GGGTCACGTGCTTATG-1,0.000023,0.999977
GGGTCACTGAGTAGTG-1,0.00001,0.99999
GGGTCAGGAGCTAGAT-1,0.000102,0.999898
GGGTCATGCGTACCAT-1,0.000019,0.999981
GGGTCGTGGCAAGTGT-1,0.000021,0.999979
GGGTCTATCGCTTTCC-1,0.000023,0.999977
GGGTGACACCTTAACT-1,0.000145,0.999855
GGGTGCATATGAAAGC-1,0.000007,0.999993
GGGTGGTCCAGCCTGT-1,0.000027,0.999973
GGGTGTTTCAGCTATG-1,0.000019,0.999981
GGGTTAACATTTGAGT-1,0.000019,0.999981
GGGTTCAGACGAACAA-1,0.001268,0.998732
GGGTTTAGGATAGGAT-1,0.000017,0.999983
GGGTTTCCGGCTTCCA-1,0.002931,0.997069
GGTAAACTCTGCGCTG-1,0.002783,0.997217
GGTAAATGTGCGTTAC-1,0.000015,0.999985
GGTAACCGGGAGGATA-1,0.000011,0.999989
GGTAACTATGTATCTG-1,0.001,0.999
GGTACAAACATGCTAT-1,0.000124,0.999876
GGTACACCAGATTTAT-1,0.000021,0.999979
GGTACATCTGGGACGA-1,0.000011,0.999989
GGTACCATTAAGACGG-1,0.000016,0.999984
GGTACGTTGCGGCCGG-1,0.000012,0.999988
GGTAGAAGACCGCCTG-1,0.000008,0.999992
GGTAGACCGTTGGGCG-1,0.000029,0.999971
GGTAGGCCAATATCAC-1,0.000188,0.999812
GGTAGTGCTCGCACCA-1,0.000024,0.999976
GGTATAGTGACACATA-1,0.000017,0.999983
GGTATCAAGCATAGAA-1,0.001465,0.998535
GGTATTGCCGAGTTTA-1,0.000212,0.999788
GGTCAAGACTACTTCG-1,0.000025,0.999975
GGTCACGTTAGATTCA-1,0.000018,0.999982
GGTCAGTGGGTCCCAC-1,0.000733,0.999267
GGTCATTGTAGTCATA-1,0.000021,0.999979
GGTCCCATAACATAGA-1,0.000017,0.999983
GGTCCTTCATACGACT-1,0.000053,0.999947
GGTCGGATAAACGGCG-1,0.000009,0.999991
GGTCGGCCAGGAGCTT-1,0.000013,0.999987
GGTCGGTAATTAGACA-1,0.000022,0.999978
GGTCGGTCGTCCACAG-1,0.000056,0.999944
GGTCGTAAGCTCGCAC-1,0.000013,0.999987
GGTCTCCGTCCAGGTT-1,0.000816,0.999184
GGTCTCTGAATGGACT-1,0.00002,0.99998
GGTCTGAGAATCTGGA-1,0.000024,0.999976
GGTCTTGAGCGCTCTT-1,0.000555,0.999445
GGTGAAACCGGGAATG-1,0.000507,0.999493
GGTGAACGGGCTAGCC-1,0.000017,0.999983
GGTGAAGTACAGGGAT-1,0.000022,0.999978
GGTGAGATGCAGATAA-1,0.000012,0.999988
GGTGATAAGGAGCAGT-1,0.000006,0.999994
GGTGATTTCATCTTGT-1,0.000025,0.999975
GGTGCAGAGCCTATCG-1,0.000023,0.999977
GGTGCATAAATGATTA-1,0.000019,0.999981
GGTGCGGATAAGTGGC-1,0.000007,0.999993
GGTGCTGATCACAAAG-1,0.000016,0.999984
GGTGCTGGTACACATT-1,0.000019,0.999981
GGTGGACCACGTGTTA-1,0.00001,0.99999
GGTGGACTGCTCTGGC-1,0.721644,0.278356
GGTGGAGGTTGATACG-1,0.000806,0.999194
GGTGGGATTAGGTCCC-1,0.000027,0.999973
GGTGTAAATCGATTGT-1,0.000013,0.999987
GGTGTAGGTAAGTAAA-1,0.000014,0.999986
GGTGTTCTGTTTCTAC-1,0.000024,0.999976
GGTTACCACCCTCGGG-1,0.000021,0.999979
GGTTACCCGACACTTT-1,0.000031,0.999969
GGTTACCGCTCCCTAC-1,0.000038,0.999962
GGTTAGCTATATGTCT-1,0.000027,0.999973
GGTTAGGCTTGGAGAA-1,0.00002,0.99998
GGTTAGTTACGGCGCC-1,0.000013,0.999987
GGTTCCACCCGCTTCT-1,0.000022,0.999978
GGTTCCCTAGTGTCTC-1,0.000024,0.999976
GGTTCCGTACGACTAA-1,0.000021,0.999979
GGTTCGATGCTGAGTT-1,0.000029,0.999971
GGTTCGCATTTGCCGT-1,0.000023,0.999977
GGTTCTACTCGTCTGA-1,0.057869,0.942131
GGTTGTATCGTGAAAT-1,0.000019,0.999981
GGTTGTGCTCTTGTCC-1,0.000008,0.999992
GGTTGTGTAGCCTGGC-1,0.000062,0.999938
GGTTTAATTACCATCG-1,0.00002,0.99998
GGTTTAATTGAGCAGG-1,0.000021,0.999979
GGTTTACAATCTCAAT-1,0.000013,0.999987
GGTTTAGCCTTTCTTG-1,0.000017,0.999983
GGTTTCAATCGGTCAG-1,0.000032,0.999968
GGTTTGACAAGAAGCT-1,0.000013,0.999987
GGTTTGAGTGCTGGAA-1,0.027357,0.972643
GGTTTGCGAACACGTA-1,0.000014,0.999986
GGTTTGTGACCTGAGG-1,0.000356,0.999644
GTAACAACTGACCTTG-1,0.00001,0.99999
GTAACAGGTTAACGGC-1,0.00014,0.99986
GTAACATCAGCTCATC-1,0.000023,0.999977
GTAACATCTAAGATAA-1,0.001142,0.998858
GTAACTGCCCAAGGAG-1,0.000013,0.999987
GTAACTTGCGGCAGTC-1,0.00003,0.99997
GTAAGCGGGCAGTCAG-1,0.00002,0.99998
GTAAGGATTTGTCGGA-1,0.000015,0.999985
GTAAGTAACAGTCTGG-1,0.000288,0.999712
GTAAGTAGGGTATACC-1,0.000028,0.999972
GTAAGTCCACACTCTA-1,0.000009,0.999991
GTAATAAAGGGCTCCC-1,0.00002,0.99998
GTAATCTGATTCTTCG-1,0.000021,0.999979
GTACACTTACCTGAAG-1,0.000021,0.999979
GTACAGAGGCAAGGGT-1,0.000005,0.999995
GTACGACGGCGCTGCG-1,0.000014,0.999986
GTACGAGATTGCGACA-1,0.000011,0.999989
GTACGCTTCATTGCAC-1,0.000017,0.999983
GTACGTCACGTATTAA-1,0.000009,0.999991
GTACGTTTGCCCGTCA-1,0.00001,0.99999
GTACTAAGATTTGGAG-1,0.000019,0.999981
GTACTACGGCCTCGTT-1,0.000011,0.999989
GTACTCCCTTATCGCT-1,0.000021,0.999979
GTACTCCTGGGTATGC-1,0.000024,0.999976
GTACTGAGGTCGTAAC-1,0.000012,0.999988
GTACTGCATGAAGCGT-1,0.000021,0.999979
GTACTGGAGTTAGACC-1,0.000022,0.999978
GTACTTGGGCACTTCT-1,0.000015,0.999985
GTAGAAACGGGTGGAG-1,0.000026,0.999974
GTAGACAACCGATGAA-1,0.000013,0.999987
GTAGACACGCCTGACT-1,0.000013,0.999987
GTAGACGTCGTTACAT-1,0.000029,0.999971
GTAGAGGGAGACAAGT-1,0.000016,0.999984
GTAGCCAAACATGGGA-1,0.000012,0.999988
GTAGCGCTGTTGTAGT-1,0.00001,0.99999
GTAGCGGCTATACACT-1,0.000017,0.999983
GTAGCTAGTAAGCGCG-1,0.000017,0.999983
GTAGCTCCGGGAGGCT-1,0.000016,0.999984
GTAGCTTCCTCTTGTT-1,0.000025,0.999975
GTAGGTGATCCGTGTA-1,0.000023,0.999977
GTAGTCGCGGGAATCA-1,0.000005,0.999995
GTAGTCTACGATATTG-1,0.000019,0.999981
GTAGTGAGCAACCTCA-1,0.00001,0.99999
GTAGTTAGACAATATA-1,0.000008,0.999992
GTAGTTCGAAGGCGAA-1,0.000017,0.999983
GTATAATCTCCCGGAT-1,0.000012,0.999988
GTATAGGACTCAGTAG-1,0.000025,0.999975
GTATAGTGGCCCATGT-1,0.000015,0.999985
GTATATGTTACGGCGG-1,0.001354,0.998646
GTATCAAACGTTAGCT-1,0.999689,0.000311
GTATCAAGGTACTTCC-1,0.000013,0.999987
GTATCAGCTTGGGTTC-1,0.000023,0.999977
GTATCCTTTGGTAACC-1,0.000009,0.999991
GTATCGGGACGAGCTG-1,0.003932,0.996068
GTATCTCAGTCTTGAC-1,0.000023,0.999977
GTATCTCCCTAACTGT-1,0.000008,0.999992
GTATCTTGTTGCTCAC-1,0.00278,0.99722
GTATCTTTCATAACCA-1,0.000011,0.999989
GTATGAAATTTCACTC-1,0.000013,0.999987
GTATGACGTGGGAAAC-1,0.000007,0.999993
GTATGTGGGTCTAGTT-1,0.000022,0.999978
GTATTAAGGCGTCTAA-1,0.002272,0.997728
GTATTAGGGTTCGCGT-1,0.000024,0.999976
GTATTCTGAGAAACGA-1,0.000016,0.999984
GTATTCTTACCGTGCT-1,0.000068,0.999932
GTATTTAATGGCATAA-1,0.030753,0.969247
GTCAAAGAAGTGGTGT-1,0.000007,0.999993
GTCAAAGTTTACATAG-1,0.000021,0.999979
GTCAACCAGGCCTATA-1,0.000011,0.999989
GTCAAGCGGACTCGGG-1,0.007482,0.992518
GTCAATGCTATAATTT-1,0.000006,0.999994
GTCAATTGTACTGAAG-1,0.00001,0.99999
GTCACAAAGTTTCCAA-1,0.000016,0.999984
GTCACCTGTCTATGTC-1,0.00001,0.99999
GTCACTCTCCAAATCT-1,0.000016,0.999984
GTCAGAATAGTCTATG-1,0.000019,0.999981
GTCAGTTGTGCTCGTT-1,0.000016,0.999984
GTCAGTTTGGTAGTCG-1,0.000549,0.999451
GTCATCTCCTACAGCT-1,0.000048,0.999952
GTCATGCACCTCCGTT-1,0.000412,0.999588
GTCATGCGCGAGGGCT-1,0.024807,0.975193
GTCATGGACATGACTA-1,0.000017,0.999983
GTCATTAGAGCGAACG-1,0.000014,0.999986
GTCATTGCATTGACCC-1,0.000018,0.999982
GTCCAATATTTAGCCT-1,0.000027,0.999973
GTCCACGTCGCATTCG-1,0.000107,0.999893
GTCCAGGCACGTGTGC-1,0.000033,0.999967
GTCCATTACTGCTACG-1,0.000008,0.999992
GTCCCAACGTAAAGTA-1,0.000021,0.999979
GTCCCGCGACGTTATG-1,0.000783,0.999217
GTCCGGACCTGAAATT-1,0.003129,0.996871
GTCCGGCTGAATTGCG-1,0.000006,0.999994
GTCCGGGTTCACATTA-1,0.000019,0.999981
GTCCGTTAGAGGGCCT-1,0.000026,0.999974
GTCCTACAGGCGGCTC-1,0.000045,0.999955
GTCCTACGAATAGTCT-1,0.005074,0.994926
GTCCTTCTAGTGGGTT-1,0.00002,0.99998
GTCCTTTAATGACTTC-1,0.000011,0.999989
GTCGATAGGTGACTTT-1,0.00009,0.99991
GTCGCCGTTGTGTGTT-1,0.000024,0.999976
GTCGCGTAACCCGTTG-1,0.000014,0.999986
GTCGGAAGGATACCAG-1,0.000018,0.999982
GTCGGATATCTCAGAC-1,0.000028,0.999972
GTCGGATGTAGCGCGC-1,0.000017,0.999983
GTCGGGAAGCAGAAAC-1,0.000013,0.999987
GTCGGGTGAAGTACCG-1,0.002391,0.997609
GTCGTACCATCTCGGG-1,0.000023,0.999977
GTCGTATTGGCGTACA-1,0.000027,0.999973
GTCGTCAATTATAAGG-1,0.000022,0.999978
GTCGTCTGGTTGGCTA-1,0.00001,0.99999
GTCGTGTCTGGTCATC-1,0.001612,0.998388
GTCGTTATTCGCTTAT-1,0.000023,0.999977
GTCTAAGATGCCCAGC-1,0.000009,0.999991
GTCTAGTGAGCCGCTT-1,0.000026,0.999974
GTCTATACACGCATGG-1,0.000845,0.999155
GTCTATCTGAGTTTCT-1,0.000013,0.999987
GTCTATTGCATGCTCG-1,0.000013,0.999987
GTCTATTGGTTCCGGT-1,0.001163,0.998837
GTCTCAAGGCCCGGCT-1,0.001844,0.998156
GTCTCCCGAGTCCCGT-1,0.000015,0.999985
GTCTCCGCCTCAATAC-1,0.000016,0.999984
GTCTCGACTAAGTTTG-1,0.000013,0.999987
GTCTCGATCTGCTTTC-1,0.000025,0.999975
GTCTCGCCAACACGCC-1,0.000012,0.999988
GTCTGCCGACTCGACG-1,0.00001,0.99999
GTCTGGGCGGTCGAGA-1,0.000025,0.999975
GTCTGTAGGTTGAACA-1,0.000025,0.999975
GTCTTACCACGCCAAG-1,0.000027,0.999973
GTCTTAGTACAGCCGG-1,0.00002,0.99998
GTCTTGAGGAGCAGTG-1,0.000012,0.999988
GTCTTGTAGCTATTCA-1,0.000027,0.999973
GTGAAACGGCGCCACC-1,0.000013,0.999987
GTGAAACGTGCTCCAC-1,0.000014,0.999986
GTGAACTCCCATTCGA-1,0.000015,0.999985
GTGAAGATTTCAAGTG-1,0.00001,0.99999
GTGAAGCCGTATAGTC-1,0.000017,0.999983
GTGACAGCTTCCCACT-1,0.000016,0.999984
GTGACCGCACACTACG-1,0.000024,0.999976
GTGACCTAAAGAATAA-1,0.000015,0.999985
GTGACGAGGGTGACCC-1,0.000018,0.999982
GTGACGCAGGTTTCAT-1,0.000014,0.999986
GTGACTTCAGTAGTGC-1,0.000026,0.999974
GTGAGATAACCTTATA-1,0.000026,0.999974
GTGAGCGTGCTGCACT-1,0.000019,0.999981
GTGAGGACACTTAAGG-1,0.001567,0.998433
GTGAGGAGCGGTTGAG-1,0.000019,0.999981
GTGAGTCGACTAATAG-1,0.000024,0.999976
GTGAGTCTAAGACGGA-1,0.001731,0.998269
GTGAGTGGTACAACGC-1,0.000472,0.999528
GTGATCAAGCGTGCAC-1,0.000025,0.999975
GTGATCACTAACGCCT-1,0.000008,0.999992
GTGATCATAGATCTGC-1,0.004338,0.995662
GTGATCCTTGTCATGA-1,0.000016,0.999984
GTGATGCACAACATCT-1,0.000012,0.999988
GTGATTCGCCGCTCAA-1,0.000025,0.999975
GTGCAACAAATGTGGC-1,0.000018,0.999982
GTGCACCAGCTTCAAC-1,0.000399,0.999601
GTGCACGAAAGTGACT-1,0.000019,0.999981
GTGCCATCACACGGTG-1,0.000024,0.999976
GTGCCCGTTCGGATTC-1,0.000019,0.999981
GTGCCGCTTCAAAGGT-1,0.000021,0.999979
GTGCCTAGCTATGCTT-1,0.000035,0.999965
GTGCCTCAGTGTACGG-1,0.000016,0.999984
GTGCCTGAGACCAAAC-1,0.000008,0.999992
GTGCGAAATCGAACAC-1,0.000014,0.999986
GTGCGACAGGGAGTGT-1,0.000022,0.999978
GTGCGCAGCTTGCTCC-1,0.000021,0.999979
GTGCGCTTACAAATGA-1,0.00001,0.99999
GTGCGGGACCATCGGC-1,0.000011,0.999989
GTGCGGGTCTCCAAAT-1,0.000015,0.999985
GTGCGTGTATATGAGC-1,0.000016,0.999984
GTGCTATCCAGCTGGA-1,0.000013,0.999987
GTGCTCAAGTACTGTC-1,0.000023,0.999977
GTGCTGTTAGAACATA-1,0.000019,0.999981
GTGCTTACATCAGCGC-1,0.000009,0.999991
GTGGAACCTACATGCG-1,0.000007,0.999993
GTGGACCAACCCGATT-1,0.000027,0.999973
GTGGACGCATTTGTCC-1,0.000015,0.999985
GTGGACGTGCTGAGAC-1,0.000016,0.999984
GTGGAGCATGTCGGCC-1,0.003125,0.996875
GTGGAGCGTTTACCGA-1,0.000041,0.999959
GTGGAGTCGGCGGTTG-1,0.000023,0.999977
GTGGCAAACAGCGGCA-1,0.000014,0.999986
GTGGCGGGCCGTAGCT-1,0.000016,0.999984
GTGGCGGTCCCAGCGT-1,0.000016,0.999984
GTGGCGTGCACCAGAG-1,0.000026,0.999974
GTGGCTGTTTCTGTTC-1,0.000014,0.999986
GTGGGAACAAACCGGG-1,0.000022,0.999978
GTGGGAAGACTGAATC-1,0.000012,0.999988
GTGGGCTTAGACACAC-1,0.000018,0.999982
GTGGGTCTTCTTTGCG-1,0.000031,0.999969
GTGGTATAGTCTGCCG-1,0.000029,0.999971
GTGGTCAGCGAAGTAT-1,0.000028,0.999972
GTGGTGGCCAAGTGAA-1,0.000013,0.999987
GTGGTTACTTCTTTCG-1,0.000013,0.999987
GTGGTTTCCGCCTTTC-1,0.000016,0.999984
GTGTACCTTGGCTACG-1,0.000023,0.999977
GTGTATATCAGCGGGC-1,0.00002,0.99998
GTGTATGACTTTAAAG-1,0.000017,0.999983
GTGTCAGTGTACGTGG-1,0.000044,0.999956
GTGTCCGATAAGGCAT-1,0.000014,0.999986
GTGTCGTATAGCGTTC-1,0.000008,0.999992
GTGTCGTATTCACCTT-1,0.000024,0.999976
GTGTGAATAACTTAGG-1,0.000008,0.999992
GTGTGAGCCGAGGTGC-1,0.00126,0.99874
GTGTTACTATGCGTCC-1,0.000023,0.999977
GTTAAAGTAGGACTGG-1,0.000006,0.999994
GTTAACATCACTTAAA-1,0.000011,0.999989
GTTAACTATGTTGTCA-1,0.000014,0.999986
GTTAAGGGTGCGATGT-1,0.000009,0.999991
GTTAAGTTAGAGTGGG-1,0.000021,0.999979
GTTAATGTCTATCTTA-1,0.000012,0.999988
GTTACAATTGGTGACG-1,0.000019,0.999981
GTTACCTACAACTTGC-1,0.000598,0.999402
GTTACGAAATCCACGC-1,0.000015,0.999985
GTTACGGCCCGACTGC-1,0.00001,0.99999
GTTACTTTGGGCCTAG-1,0.000012,0.999988
GTTAGAGTGTGCCGCT-1,0.000006,0.999994
GTTAGCCCATGACATC-1,0.000015,0.999985
GTTAGCCGTAAATCAA-1,0.000011,0.999989
GTTAGGCTACCCGTTT-1,0.000021,0.999979
GTTATAATACGGTGAA-1,0.000023,0.999977
GTTATATCAGGAGCCA-1,0.000022,0.999978
GTTATATTATCTCCCT-1,0.000414,0.999586
GTTATCAAGCTATCGA-1,0.000012,0.999988
GTTATCACCTTCTGAA-1,0.00002,0.99998
GTTATTAAATACGACC-1,0.010014,0.989986
GTTATTAACGTGGGAG-1,0.001672,0.998328
GTTCAATCTATGTCAA-1,0.000023,0.999977
GTTCACAGGAGTCTAG-1,0.000022,0.999978
GTTCAGTCGCCAAATG-1,0.00001,0.99999
GTTCATCGTTTGGCTG-1,0.000017,0.999983
GTTCCAAGACAGCGAC-1,0.000017,0.999983
GTTCCAGTCTGACCAT-1,0.000023,0.999977
GTTCCGTCCGCCTGCA-1,0.000022,0.999978
GTTCGACAATTGTATA-1,0.000021,0.999979
GTTCGCCATAAGTGCC-1,0.000171,0.999829
GTTCGCTGAGACGTCT-1,0.00002,0.99998
GTTCGGAGCACTCAAC-1,0.000019,0.999981
GTTCGGATCGGGAACA-1,0.000008,0.999992
GTTCGGGCGTACCATT-1,0.000009,0.999991
GTTCGTCTAAAGAACT-1,0.000015,0.999985
GTTCGTCTGGGTCCCT-1,0.00001,0.99999
GTTCGTTGCGGACCAG-1,0.000009,0.999991
GTTCTTCCCTCGATGT-1,0.000022,0.999978
GTTCTTGTAACTCAAT-1,0.000026,0.999974
GTTGAACCGGTTCCAT-1,0.000024,0.999976
GTTGAGTCCCGCCGGT-1,0.000012,0.999988
GTTGCACGGAGTTTCG-1,0.000023,0.999977
GTTGCGCTAACATTAC-1,0.000022,0.999978
GTTGCGGACGGTCAGG-1,0.053373,0.946627
GTTGGACCGCATCAGG-1,0.000023,0.999977
GTTGGATTCAGTGGCT-1,0.000035,0.999965
GTTGGATTGAGAACAC-1,0.000015,0.999985
GTTGGATTTGCGTTGG-1,0.00003,0.99997
GTTGGTCATGCTATCC-1,0.000028,0.999972
GTTGTAGATTTATGAG-1,0.000019,0.999981
GTTGTCGTGTTAGTTG-1,0.000017,0.999983
GTTGTTACATTGCGCT-1,0.000028,0.999972
GTTTACGTTCCATCTG-1,0.001349,0.998651
GTTTATGGGATTTAGA-1,0.000062,0.999938
GTTTCAAACGAGTTGT-1,0.000673,0.999327
GTTTCATATCGTCGCT-1,0.000033,0.999967
GTTTCCTGGAGGGTGA-1,0.000027,0.999973
GTTTCTAGAGGCGCGG-1,0.000009,0.999991
GTTTCTGCAGTCTCCC-1,0.000026,0.999974
GTTTGACCAAATCCTA-1,0.000011,0.999989
GTTTGAGCGGTTATGT-1,0.000012,0.999988
GTTTGGCCCAAGTTAT-1,0.00772,0.99228
GTTTGGCCGCTCAGCG-1,0.000028,0.999972
GTTTGGCGTCAGGCAC-1,0.000032,0.999968
GTTTGGGCTTGTGAGC-1,0.000012,0.999988
GTTTGGGTTTCGCCCG-1,0.000014,0.999986
GTTTGGTAGGGTCAAC-1,0.000035,0.999965
GTTTGGTGATCGGTGC-1,0.000023,0.999977
TAAACCCAGGAGGGCA-1,0.000013,0.999987
TAAACGTCGTCAATGA-1,0.002915,0.997085
TAAAGACAACCCTTTA-1,0.000022,0.999978
TAAAGAGCCCGAAACC-1,0.000016,0.999984
TAAAGCGGTATTTCCA-1,0.000014,0.999986
TAAAGCGTTAGGAGAA-1,0.000011,0.999989
TAAAGCTGCAATAGGG-1,0.000017,0.999983
TAAAGGAGAAACTAGT-1,0.000012,0.999988
TAAAGTGCACGTCTCG-1,0.000169,0.999831
TAAATCTTTACACCTC-1,0.000006,0.999994
TAAATGAATCCGTTTC-1,0.009065,0.990935
TAAATGCCGTCTCATG-1,0.000017,0.999983
TAAATTGTGGGTAAAG-1,0.000011,0.999989
TAAATTTAGTAACACC-1,0.000009,0.999991
TAACAAAGGGAGAAGC-1,0.000018,0.999982
TAACAATATTTGTTGC-1,0.000025,0.999975
TAACAGCGTTTGTGCT-1,0.000014,0.999986
TAACAGGTTCCCTTAG-1,0.0099,0.9901
TAACATACAATGTGGG-1,0.000014,0.999986
TAACATACACGCGATC-1,0.000026,0.999974
TAACCGCCCGCAGTGC-1,0.000017,0.999983
TAACCGTCCAGTTCAT-1,0.000023,0.999977
TAACCTACCGTCCGAG-1,0.00001,0.99999
TAACCTAGGGAGTCCA-1,0.000005,0.999995
TAACGCTTTGAGAGCG-1,0.000026,0.999974
TAACTATCGAAGGTCC-1,0.000013,0.999987
TAACTATTACGCCAAA-1,0.000009,0.999991
TAACTCATCCGCGCGG-1,0.000021,0.999979
TAACTCCATGGAGGCT-1,0.001059,0.998941
TAAGAGGGACAGGGAC-1,0.000022,0.999978
TAAGATTTAGCGGGAG-1,0.000019,0.999981
TAAGCAGGCGACACGC-1,0.000959,0.999041
TAAGCCCTTACGACCA-1,0.00002,0.99998
TAAGCGCGAATCAAAT-1,0.000018,0.999982
TAAGGAACTTGTGGGA-1,0.001599,0.998401
TAAGGCAACATAAGAT-1,0.000015,0.999985
TAAGGCATAACATCAA-1,0.000013,0.999987
TAAGGCCCGTCACCCT-1,0.00001,0.99999
TAAGGCTGAATCCCTC-1,0.000005,0.999995
TAAGGGCCTGTCCGAT-1,0.000021,0.999979
TAAGGGCTGGGAGAGG-1,0.000011,0.999989
TAAGTAAATGTGCCGC-1,0.000018,0.999982
TAAGTAACATCTTGAC-1,0.000019,0.999981
TAAGTCGCCGAGTATC-1,0.000031,0.999969
TAAGTTGCGACGTAGG-1,0.003395,0.996605
TAATAAACAAGGAGAT-1,0.000025,0.999975
TAATACACAGTAGTAT-1,0.000017,0.999983
TAATACTAGAACAGAC-1,0.000007,0.999993
TAATAGAACAGAGTTA-1,0.000027,0.999973
TAATAGCTAAATGATG-1,0.000014,0.999986
TAATAGGTCACCAGAA-1,0.000016,0.999984
TAATAGTGACGACCAG-1,0.000016,0.999984
TAATATTGAAATTCGC-1,0.000014,0.999986
TAATCAGGAATGCTGC-1,0.000027,0.999973
TAATCGATCCGTACGT-1,0.000021,0.999979
TAATGAAAGACCCTTG-1,0.000034,0.999966
TAATTACGTCAGTAGA-1,0.000017,0.999983
TAATTAGATGGATATG-1,0.000024,0.999976
TAATTAGGACATCCGT-1,0.000009,0.999991
TAATTGGAATCGGGAA-1,0.000012,0.999988
TACAAATTGCGGAGGT-1,0.000026,0.999974
TACAACAGCGCATACA-1,0.000005,0.999995
TACAACGCACAACTCA-1,0.003505,0.996495
TACAAGCTGTTCACTG-1,0.000015,0.999985
TACAAGGGCTTCTTTA-1,0.000008,0.999992
TACAAGTCTCGTGCAT-1,0.000027,0.999973
TACAATGAAACCAGCA-1,0.000006,0.999994
TACACAGCCGTGGTGC-1,0.000011,0.999989
TACACCGTCGTTAGTC-1,0.000018,0.999982
TACACCTCTTCGAATC-1,0.000008,0.999992
TACAGAAACGGTGGGC-1,0.000013,0.999987
TACATAGGCATACACC-1,0.000039,0.999961
TACATCCCTATCCCTG-1,0.000384,0.999616
TACATTTCTAACGTGC-1,0.000103,0.999897
TACCAAATAGCCCAGA-1,0.000014,0.999986
TACCAATAAAGTACCA-1,0.009704,0.990296
TACCAGAAGTAGGTTC-1,0.000013,0.999987
TACCAGCTAGGTTTAA-1,0.000012,0.999988
TACCAGGAATCCCGTC-1,0.000013,0.999987
TACCGAATAATTGTAA-1,0.000006,0.999994
TACCGCGGACTTGCAG-1,0.000032,0.999968
TACCGGCTCACTGCCC-1,0.00047,0.99953
TACCGGTCGTTTCCAT-1,0.000042,0.999958
TACCGTAGGTTAACTA-1,0.000125,0.999875
TACCGTGCCTCGGACC-1,0.000006,0.999994
TACCTACTCCCAGTAT-1,0.000021,0.999979
TACCTCACGCTTGTAC-1,0.000025,0.999975
TACCTCAGTTGTCTGT-1,0.001774,0.998226
TACCTCCACACCAATG-1,0.000027,0.999973
TACCTGCTGCACTGTG-1,0.001119,0.998881
TACCTTAAGATTTCCC-1,0.000024,0.999976
TACGAACACGACTTCA-1,0.001049,0.998951
TACGACGCTTGCTGCG-1,0.009179,0.990821
TACGACTGCCTCTTAG-1,0.000021,0.999979
TACGAGAACTTCACGT-1,0.000021,0.999979
TACGATCCAAGCCACT-1,0.000022,0.999978
TACGATGTTGATCATC-1,0.000768,0.999232
TACGCAGTTCTTTCCT-1,0.000146,0.999854
TACGCCATATTCTAAT-1,0.000099,0.999901
TACGCCGAGGGTACCC-1,0.000019,0.999981
TACGCCTCCATTCCGA-1,0.000018,0.999982
TACGCTATAGAAACCT-1,0.000017,0.999983
TACGCTCCTAGAACTG-1,0.000017,0.999983
TACGCTCGGTATTGGA-1,0.000041,0.999959
TACGCTGCTGTGTTAA-1,0.000019,0.999981
TACGGAAGCCAAACCA-1,0.000009,0.999991
TACGGCATGGACGCTA-1,0.000628,0.999372
TACGGGATGCTAGCAG-1,0.000018,0.999982
TACGGGTAATAACATA-1,0.000009,0.999991
TACGTAAAGCGGAGTG-1,0.000013,0.999987
TACGTACTAGTGCTGA-1,0.000015,0.999985
TACGTGCAAGGTTCCT-1,0.000043,0.999957
TACGTGCACTATGCTG-1,0.000011,0.999989
TACGTGGGCCCAGGGC-1,0.000011,0.999989
TACGTTTACCGGCAAT-1,0.000041,0.999959
TACTACGTGCAATGCG-1,0.000014,0.999986
TACTATGGTTCCTCAG-1,0.000037,0.999963
TACTCCTCTAGTTGAC-1,0.000025,0.999975
TACTCGGCACGCCGGG-1,0.000038,0.999962
TACTCGTTTGAATCAA-1,0.000012,0.999988
TACTCTCCGAACAAAT-1,0.000014,0.999986
TACTCTTACTTTACTG-1,0.000007,0.999993
TACTCTTTCGTCTTCA-1,0.000034,0.999966
TACTGAACAGATTTAG-1,0.000018,0.999982
TACTGCAATCAATTAC-1,0.000013,0.999987
TACTGCATGATTAAAT-1,0.000255,0.999745
TACTGGACAGCTCGGC-1,0.000024,0.999976
TACTGTTTCTCTGGTA-1,0.00248,0.99752
TACTTAAACATGTACA-1,0.000008,0.999992
TACTTGTTAGTAGTCC-1,0.000006,0.999994
TACTTTACTGAGCCGG-1,0.000022,0.999978
TACTTTCCGCACGCCA-1,0.000014,0.999986
TAGAAACCACTAAGTA-1,0.000014,0.999986
TAGAAAGGTGGCGCTA-1,0.000017,0.999983
TAGAATAGCCGATGAA-1,0.000013,0.999987
TAGAATTAAGGGCAAC-1,0.00001,0.99999
TAGACGAAACGCCAAT-1,0.000008,0.999992
TAGACGCCCGTACCGG-1,0.029196,0.970804
TAGACTACCTAGCGTT-1,0.000013,0.999987
TAGAGATCATGCAACT-1,0.004902,0.995098
TAGAGCTACGAAGAAC-1,0.000016,0.999984
TAGAGGGAGTTTATCT-1,0.001035,0.998965
TAGAGGTTCTACTTGT-1,0.036513,0.963487
TAGAGTCTAAGCGAAC-1,0.000019,0.999981
TAGAGTGTTCCGGGTA-1,0.00001,0.99999
TAGATATGGACTGGAA-1,0.073688,0.926312
TAGATCCGAAGTCGCA-1,0.019861,0.980139
TAGATGGTTCCTTACT-1,0.000014,0.999986
TAGATTCAAAGTGCGG-1,0.000017,0.999983
TAGATTCCTGGTTATT-1,0.000015,0.999985
TAGCAACCTGTCACAA-1,0.000013,0.999987
TAGCAGATACTTAGGG-1,0.000011,0.999989
TAGCAGTAAATACGCG-1,0.000012,0.999988
TAGCAGTATGACTAAA-1,0.000007,0.999993
TAGCCAGAGGGTCCGG-1,0.003046,0.996954
TAGCCATTTCAAAGTC-1,0.000024,0.999976
TAGCCGGCGGTCAGCG-1,0.000015,0.999985
TAGCGTCCCTCGATTG-1,0.00002,0.99998
TAGCGTCCGGTGTGGT-1,0.000004,0.999996
TAGCGTTGGGTCTTAC-1,0.000017,0.999983
TAGCTAAGTCCGGGAG-1,0.000021,0.999979
TAGCTAGAAGGCATGA-1,0.000026,0.999974
TAGCTAGTGATGATGG-1,0.000009,0.999991
TAGCTCAGATCCTAGT-1,0.000022,0.999978
TAGCTCGCCTGATAAC-1,0.000118,0.999882
TAGGAACAGCCTCCAG-1,0.000012,0.999988
TAGGAGGCTCGAGAAC-1,0.000031,0.999969
TAGGATCTTAACCGCA-1,0.001542,0.998458
TAGGCATGTTACGCCA-1,0.000011,0.999989
TAGGCCTATATAGTCT-1,0.000006,0.999994
TAGGCTAAAGTGGCAC-1,0.000009,0.999991
TAGGGAGCTTGGGATG-1,0.007931,0.992069
TAGGGTGTTTCAAGAG-1,0.000012,0.999988
TAGGTCCAAGTAAGGA-1,0.000015,0.999985
TAGGTCGCCGGAACTG-1,0.000015,0.999985
TAGGTGACGATAACCT-1,0.000009,0.999991
TAGGTGAGCCCTACTC-1,0.000032,0.999968
TAGGTGCTCGCCTAGC-1,0.000012,0.999988
TAGGTGTTCCACAGAT-1,0.000021,0.999979
TAGGTTCGAGTTCGTC-1,0.000033,0.999967
TAGGTTCTGCTGAGAA-1,0.000008,0.999992
TAGTACCTTAGTGGTC-1,0.000029,0.999971
TAGTAGCTTATACCAG-1,0.000042,0.999958
TAGTAGTTGCCGGACA-1,0.000009,0.999991
TAGTCCCGGAGACCAC-1,0.00002,0.99998
TAGTCCGCAGAGAATG-1,0.000317,0.999683
TAGTCCGTATGCATAA-1,0.000971,0.999029
TAGTCCTGCACTAAGC-1,0.000037,0.999963
TAGTCGATCACGGGTT-1,0.000027,0.999973
TAGTCTAACAACGAGA-1,0.000018,0.999982
TAGTCTGCGGCACATT-1,0.002159,0.997841
TAGTCTGTGACGTTGC-1,0.000027,0.999973
TAGTCTTTCCGAATTG-1,0.000033,0.999967
TAGTGAGAAGTGGTTG-1,0.000019,0.999981
TAGTGCCCTCCAGAGT-1,0.000034,0.999966
TAGTGGAACTCATACA-1,0.000018,0.999982
TAGTGTCAGAAACGGC-1,0.000015,0.999985
TAGTTAAGATAGGATA-1,0.000006,0.999994
TAGTTTATTCTTGCTT-1,0.023894,0.976106
TATAAATCCACAAGCT-1,0.000956,0.999044
TATAAGTGAGGATAGC-1,0.000016,0.999984
TATACACAGACGCCTT-1,0.000043,0.999957
TATACACGCAAAGTAT-1,0.00001,0.99999
TATACCGAGTGCCACA-1,0.019896,0.980104
TATACGCGTCATCACT-1,0.000007,0.999993
TATACTCATGCGGCAA-1,0.000061,0.999939
TATAGAGTCGCTTGAA-1,0.000026,0.999974
TATAGATGGTCGCAGT-1,0.000017,0.999983
TATAGGGTACTCATGA-1,0.000015,0.999985
TATATAGGGCTTTACG-1,0.000025,0.999975
TATATATCGAGAAATG-1,0.000018,0.999982
TATATCAAAGTGATCT-1,0.000026,0.999974
TATATCCCTGGGAGGA-1,0.000018,0.999982
TATATTACAAATGTCG-1,0.000016,0.999984
TATATTCGCGTCGATA-1,0.00003,0.99997
TATCACAGCACGGGCA-1,0.000018,0.999982
TATCACCATGTAAAGT-1,0.000011,0.999989
TATCACCCAACCGACC-1,0.00001,0.99999
TATCACTTCGAGTAAC-1,0.000023,0.999977
TATCCAATTGGTTATC-1,0.000005,0.999995
TATCCATATCATGCGA-1,0.00002,0.99998
TATCCATCTCGGTTAG-1,0.000012,0.999988
TATCCCTCGATCTGCA-1,0.000683,0.999317
TATCCGCACCGTCGGG-1,0.000242,0.999758
TATCCTATCAACTGGT-1,0.000016,0.999984
TATCCTGCATGGGAAT-1,0.000018,0.999982
TATCGATCTATGCATA-1,0.000013,0.999987
TATCGATGATTAAACG-1,0.000011,0.999989
TATCTACAGAGGTAAT-1,0.00003,0.99997
TATCTACCACAGCGGG-1,0.000015,0.999985
TATCTTGCAATACAAC-1,0.000009,0.999991
TATGAAGAATTAAGGT-1,0.000008,0.999992
TATGAAGACAGGTGCG-1,0.012411,0.987589
TATGATAAATCTAACG-1,0.000007,0.999993
TATGATCCGGCACGCC-1,0.000022,0.999978
TATGATCTTCTCTTTA-1,0.004482,0.995518
TATGATTCTGCTTGGT-1,0.000019,0.999981
TATGCTCCCTACTTAC-1,0.000031,0.999969
TATGGAGTTTCTCGTT-1,0.00001,0.99999
TATGGATGTGCTACGC-1,0.000019,0.999981
TATGGCAGACTTTCGA-1,0.000017,0.999983
TATGGCCCGGCCTCGC-1,0.000025,0.999975
TATGGCTAGGCTAATT-1,0.000025,0.999975
TATGGGACCGAGCAGG-1,0.000137,0.999863
TATGGGTACGTATCGT-1,0.001215,0.998785
TATGGTCTGAGTAACA-1,0.00181,0.99819
TATGGTTAGTGGGAGA-1,0.000015,0.999985
TATGTAAAGTGCTTAA-1,0.000022,0.999978
TATGTCAAGACCGACT-1,0.000009,0.999991
TATGTCTCATTGTGCC-1,0.000023,0.999977
TATTAACCTGACCGCG-1,0.000026,0.999974
TATTACCATCCTGCTT-1,0.000024,0.999976
TATTATGTTTGCCTGC-1,0.000011,0.999989
TATTCAATTCTAATCC-1,0.00003,0.99997
TATTCCACTCAGCTCG-1,0.000195,0.999805
TATTCCGAGCTGTTAT-1,0.035013,0.964987
TATTCCGGCAGTCCTA-1,0.000013,0.999987
TATTCCTCCGCCCACT-1,0.000033,0.999967
TATTCGTGCCAGAATA-1,0.00002,0.99998
TATTGACATTTCTGCC-1,0.000026,0.999974
TATTGCCGGGCTTGTA-1,0.000014,0.999986
TATTTAGTCTAGATCG-1,0.000028,0.999972
TATTTATACCGAGTAG-1,0.000027,0.999973
TATTTGATTTGCACAG-1,0.011044,0.988956
TATTTGTTACCCTTTA-1,0.00003,0.99997
TCAAACAACCGCGTCG-1,0.000012,0.999988
TCAAACAATTAGGACA-1,0.000019,0.999981
TCAAACTTAGATTGTT-1,0.000015,0.999985
TCAAAGTCACGGCGTC-1,0.00033,0.99967
TCAAATTGTTGTGCCG-1,0.000008,0.999992
TCAAATTTGAGACTCA-1,0.000008,0.999992
TCAACAAAGATAATTC-1,0.000012,0.999988
TCAACACATTGGGTAA-1,0.012566,0.987434
TCAACATAGCGCCCTA-1,0.000022,0.999978
TCAACATCGACCGAGA-1,0.000011,0.999989
TCAACCATGTTCGGGC-1,0.000017,0.999983
TCAACGAGGAGACAAA-1,0.000154,0.999846
TCAACGCAGGAAATAA-1,0.000013,0.999987
TCAACGCGACCGGCAG-1,0.000015,0.999985
TCAACTAACGTATAAC-1,0.000013,0.999987
TCAACTGCAGAGTCAG-1,0.000016,0.999984
TCAAGAAATACTAGCT-1,0.00001,0.99999
TCAAGCGCGGACGGTA-1,0.000018,0.999982
TCAAGCTGCCTTGAAA-1,0.00002,0.99998
TCAAGGTTACTACACC-1,0.000009,0.999991
TCAATACGCCGTCATG-1,0.000022,0.999978
TCAATATACAGGAGGC-1,0.000049,0.999951
TCAATCCGGGAAGTTT-1,0.000013,0.999987
TCACAAACCGAGGTAC-1,0.000401,0.999599
TCACAGATCCTCAAAC-1,0.000024,0.999976
TCACAGCAAACTCGAA-1,0.000017,0.999983
TCACAGGAGAATAAGA-1,0.000015,0.999985
TCACAGGGAATCGCAA-1,0.000008,0.999992
TCACAGGTTATTGGGC-1,0.000033,0.999967
TCACATCTTATCTGAT-1,0.000037,0.999963
TCACCCTCTTAAGATT-1,0.013733,0.986267
TCACCGCTCGGCACTC-1,0.000033,0.999967
TCACGATGTCCGTGGA-1,0.000022,0.999978
TCACGCATTGTAGATC-1,0.000044,0.999956
TCACGGTCATCGCACA-1,0.000013,0.999987
TCACGTGCCCGATTCA-1,0.000024,0.999976
TCACTACGACCAATGC-1,0.00003,0.99997
TCACTATCCCTTCGGT-1,0.000015,0.999985
TCACTATCGTGCAATC-1,0.000025,0.999975
TCACTCAGCGCATTAG-1,0.000775,0.999225
TCACTCGTGCAACGGC-1,0.00001,0.99999
TCAGAACCTCCACAGG-1,0.000006,0.999994
TCAGAACGGCGGTAAT-1,0.000013,0.999987
TCAGACGCTATAGAAG-1,0.000015,0.999985
TCAGAGGACGCGTTAG-1,0.000021,0.999979
TCAGCAAATGCATCTC-1,0.001832,0.998168
TCAGCAGTAGGCCCTG-1,0.000017,0.999983
TCAGCCAATCCGTAAA-1,0.000014,0.999986
TCAGCGCACGCCGTTT-1,0.002375,0.997625
TCAGGGCGCAAACTCG-1,0.000053,0.999947
TCAGGGTGCACGAAAC-1,0.000016,0.999984
TCAGGGTGTAACGTAA-1,0.000013,0.999987
TCAGGTTCTTTGAGAA-1,0.00003,0.99997
TCAGTACTGACCCGCG-1,0.000033,0.999967
TCAGTAGGGACTATAA-1,0.000021,0.999979
TCAGTGTATACGTCAT-1,0.000021,0.999979
TCAGTTACGGAATGAT-1,0.000011,0.999989
TCATACTTACAGATCC-1,0.000034,0.999966
TCATATGAGCTTTGTT-1,0.000025,0.999975
TCATCACTCGAGCTCG-1,0.000017,0.999983
TCATCCCAGAGGGTGG-1,0.000014,0.999986
TCATCCTCAGCTGCTT-1,0.000011,0.999989
TCATCGACGACCGTCG-1,0.000014,0.999986
TCATCGATGGTCCCAA-1,0.000017,0.999983
TCATGCAGGTTCTCAT-1,0.000012,0.999988
TCATTCGTATAATTTG-1,0.000027,0.999973
TCATTTAAGTCTCCGA-1,0.000025,0.999975
TCATTTAGAAGTGTGA-1,0.000017,0.999983
TCCAACTCAGCTATCT-1,0.000014,0.999986
TCCAACTTTAAATTCT-1,0.000025,0.999975
TCCAAGCCTAGACACA-1,0.000006,0.999994
TCCAATAAAGGCTACC-1,0.000099,0.999901
TCCACAATGGTTTACG-1,0.000022,0.999978
TCCACATCGTATATTG-1,0.000015,0.999985
TCCACCAAGACATAGG-1,0.000014,0.999986
TCCACCTCTAGCCTTT-1,0.000176,0.999824
TCCACTTTATCTAGGT-1,0.000029,0.999971
TCCAGAGCACCGGTTC-1,0.000026,0.999974
TCCAGATGTACGCCAA-1,0.000018,0.999982
TCCAGCGCTATAAGCG-1,0.000023,0.999977
TCCAGGCAGGACGATC-1,0.000059,0.999941
TCCAGGCGAGTACGGT-1,0.000025,0.999975
TCCAGGGTATATACGA-1,0.000024,0.999976
TCCATTAGTTGGATAG-1,0.000038,0.999962
TCCATTCCCACTAGAG-1,0.000015,0.999985
TCCATTGTGACCTCGT-1,0.001012,0.998988
TCCCAAACAGACAACG-1,0.000009,0.999991
TCCCAAACATCCTCTA-1,0.000039,0.999961
TCCCAAAGACGAAGGA-1,0.001241,0.998759
TCCCAAAGCCCTAAAT-1,0.000021,0.999979
TCCCAATATCGACGAC-1,0.000015,0.999985
TCCCACGGAGGGAGCT-1,0.000021,0.999979
TCCCACTCTCTTCCGG-1,0.000016,0.999984
TCCCAGCTTTAGTCTG-1,0.000077,0.999923
TCCCAGGCTTAGCTAA-1,0.000024,0.999976
TCCCGCCTATGTGCGT-1,0.000019,0.999981
TCCCGCGTACTCCTGG-1,0.000018,0.999982
TCCCGGGTGTGCTGCT-1,0.00037,0.99963
TCCCGGTCAGGAATTT-1,0.000017,0.999983
TCCCGTCAGTCCCGCA-1,0.000024,0.999976
TCCCGTCGCGTCATAG-1,0.000016,0.999984
TCCCGTGTGCAATTTG-1,0.001436,0.998564
TCCCTAGATCAATAGG-1,0.000023,0.999977
TCCCTCCGAAATCGTT-1,0.000008,0.999992
TCCCTCTTCTCAAGGG-1,0.000035,0.999965
TCCCTGGCGTATTAAC-1,0.000014,0.999986
TCCCTGGCTCGCTGGA-1,0.000035,0.999965
TCCCTTAGATTACTCG-1,0.00001,0.99999
TCCCTTGTCTGAAACT-1,0.008549,0.991451
TCCGAACGTTGCCGCT-1,0.04273,0.95727
TCCGAACTTGGCTTAC-1,0.001449,0.998551
TCCGAAGTAGTCACCA-1,0.00002,0.99998
TCCGAATGGTCCTGAG-1,0.000016,0.999984
TCCGACCGCTAATCAA-1,0.000021,0.999979
TCCGAGAAGGCTAAGC-1,0.000021,0.999979
TCCGATAATTGCCATA-1,0.01698,0.98302
TCCGATGACTGAGCTC-1,0.00002,0.99998
TCCGATGGTGCGACAT-1,0.000018,0.999982
TCCGATTACATTGCCG-1,0.000023,0.999977
TCCGCCTGTCTACAAG-1,0.000013,0.999987
TCCGCGGCAGCATCTG-1,0.000006,0.999994
TCCGCGGCCCAATGAA-1,0.000013,0.999987
TCCGCTGTCATCCCGG-1,0.000007,0.999993
TCCGCTTATCCCATTA-1,0.000024,0.999976
TCCGGAGGAAGGGCTG-1,0.00001,0.99999
TCCGGCCTAGCGTACA-1,0.000013,0.999987
TCCGGCCTGCATCGAT-1,0.000014,0.999986
TCCGGGCCACTAACGG-1,0.000008,0.999992
TCCGGGCTTGACGGGA-1,0.000011,0.999989
TCCGGTTCGTCCGGTC-1,0.000019,0.999981
TCCGTAACCACAATCC-1,0.000773,0.999227
TCCGTTAAGCTAATAT-1,0.000016,0.999984
TCCGTTTAGCCTTGAA-1,0.000017,0.999983
TCCTAAAGATTCAGAC-1,0.000014,0.999986
TCCTAAATTGGGAAGC-1,0.00001,0.99999
TCCTAACCGTCGGGCA-1,0.000024,0.999976
TCCTACATCCACGGCC-1,0.000021,0.999979
TCCTAGCAAAGAAGCT-1,0.000017,0.999983
TCCTATCATAGGTAAC-1,0.001774,0.998226
TCCTCCTAAGACATTC-1,0.000015,0.999985
TCCTCGGGCTGGGCTT-1,0.020371,0.979629
TCCTCTACGAGATGGC-1,0.000045,0.999955
TCCTCTCCAGTTGTCC-1,0.000016,0.999984
TCCTCTGGCCCATTAG-1,0.00003,0.99997
TCCTGCAGCCGCCAAT-1,0.000028,0.999972
TCCTGCCAACTGGAGA-1,0.000027,0.999973
TCCTGCGTTGATACTC-1,0.000014,0.999986
TCCTGGCGCTGCCTGG-1,0.000023,0.999977
TCCTTACGACGGTCCG-1,0.000022,0.999978
TCCTTCAGTGGTCGAA-1,0.000024,0.999976
TCCTTGTCCTTTAATT-1,0.000017,0.999983
TCCTTTAAATCCGCTT-1,0.141272,0.858728
TCCTTTCTTACGCTTA-1,0.000019,0.999981
TCGAAATTTAGGACCA-1,0.000017,0.999983
TCGAAGAACCGAGCAC-1,0.000009,0.999991
TCGAATATCCCGCAGG-1,0.000024,0.999976
TCGAATCGCAGGGTAG-1,0.00018,0.99982
TCGACAACTGAACCCG-1,0.000062,0.999938
TCGACATAGCGTAGCG-1,0.00002,0.99998
TCGAGACCAACACCGT-1,0.00003,0.99997
TCGAGCCAGGCAGGCC-1,0.000022,0.999978
TCGATAGGCTAGTCGC-1,0.000015,0.999985
TCGATTTACGAAACGA-1,0.000014,0.999986
TCGCAAAGATGCATTT-1,0.022485,0.977515
TCGCACCAGGAGGCAG-1,0.000014,0.999986
TCGCATAAAGGGCGCA-1,0.000018,0.999982
TCGCATCCCTAAGTGT-1,0.000007,0.999993
TCGCATTCAATGACTT-1,0.000033,0.999967
TCGCCCAACTGACTCC-1,0.000011,0.999989
TCGCCGAAGTTGCGTC-1,0.006042,0.993958
TCGCCGACATATTCGC-1,0.000011,0.999989
TCGCCGGTCGATCCGT-1,0.000018,0.999982
TCGCCTCCTTCGGCTC-1,0.000009,0.999991
TCGCCTCGACCTGTTG-1,0.003621,0.996379
TCGCGTAGCAGTGTCC-1,0.000769,0.999231
TCGCGTCCAGAAGGTC-1,0.000024,0.999976
TCGCTAAACCGCTATC-1,0.000012,0.999988
TCGCTACTGGCTTTGA-1,0.001672,0.998328
TCGCTCGATATATTCC-1,0.000017,0.999983
TCGCTCGGCACCAGCG-1,0.001239,0.998761
TCGCTGCCAATGCTGT-1,0.000018,0.999982
TCGCTGGGCGGATTGT-1,0.002015,0.997985
TCGCTGTGCGTAAATC-1,0.000024,0.999976
TCGCTTAATTACGAAG-1,0.000019,0.999981
TCGCTTTAAACGTTTG-1,0.000011,0.999989
TCGGAATGACCATCAA-1,0.000012,0.999988
TCGGAATGCGCTCTGA-1,0.000033,0.999967
TCGGACGCCCAGCCCA-1,0.000022,0.999978
TCGGAGAGTATCGGGA-1,0.000022,0.999978
TCGGAGTACATGAGTA-1,0.000015,0.999985
TCGGCGAACCCAAACC-1,0.000009,0.999991
TCGGCGGTATTAGATT-1,0.000011,0.999989
TCGGCGTACTGCACAA-1,0.000044,0.999956
TCGGCTAACTTCCCTT-1,0.000025,0.999975
TCGGCTTGTATCGACG-1,0.000234,0.999766
TCGGGAACGTGCCTAG-1,0.000017,0.999983
TCGGGAGACAGCGTAC-1,0.000009,0.999991
TCGGGATTCAAACATA-1,0.00001,0.99999
TCGGGCACTTCTGGAT-1,0.000015,0.999985
TCGGGCCGTCGTGGTA-1,0.000027,0.999973
TCGGGTGAAACTGCTA-1,0.000012,0.999988
TCGGTCCCGACAATAG-1,0.000017,0.999983
TCGGTCCCTGACTCCA-1,0.000034,0.999966
TCGGTGACCGCTCCGG-1,0.000007,0.999993
TCGGTTAGCCATGTAG-1,0.000009,0.999991
TCGTAAGACGACATTG-1,0.000032,0.999968
TCGTAAGCTCCGAGGA-1,0.00002,0.99998
TCGTACCGACGTCAAG-1,0.000201,0.999799
TCGTATAGTGCAATTA-1,0.000036,0.999964
TCGTATCACCAAGCTA-1,0.000027,0.999973
TCGTATTACCCATTGC-1,0.000038,0.999962
TCGTATTTCGTCCGGA-1,0.000028,0.999972
TCGTCAAGTACGCGCA-1,0.000022,0.999978
TCGTCACACTGTTAGC-1,0.000035,0.999965
TCGTCCGCTGGCGTCT-1,0.000027,0.999973
TCGTCCGGGTACACTC-1,0.000024,0.999976
TCGTCTTAGGCGTTAA-1,0.000611,0.999389
TCGTGTACTATGGATG-1,0.00037,0.99963
TCGTGTATTGGTCACG-1,0.000321,0.999679
TCGTGTCACGCTGACA-1,0.000044,0.999956
TCGTGTTCGACCACAA-1,0.000019,0.999981
TCGTTAGGAGTCCCTA-1,0.00232,0.99768
TCGTTCGTTATTATGT-1,0.000037,0.999963
TCGTTGCTATCCGGTC-1,0.000019,0.999981
TCGTTGGCTCGTCAAT-1,0.000029,0.999971
TCGTTTACGCGACCCT-1,0.000015,0.999985
TCTAACCTAGCCTGCG-1,0.00002,0.99998
TCTAACTGTATGTAAA-1,0.000009,0.999991
TCTAATACTGCCTCAG-1,0.001404,0.998596
TCTACACGTTCATGCA-1,0.000012,0.999988
TCTACCCAATAGAGAG-1,0.000015,0.999985
TCTACCCGCATCATTT-1,0.000025,0.999975
TCTACCGTCCACAAGC-1,0.000021,0.999979
TCTACGCACGATCTCC-1,0.000028,0.999972
TCTACGGGCTCAGTTG-1,0.000018,0.999982
TCTAGCAATCTCCGCC-1,0.00002,0.99998
TCTAGCATCTTCGATG-1,0.000027,0.999973
TCTAGCATGCCCAGAA-1,0.00001,0.99999
TCTAGGTGGCGACGCT-1,0.000023,0.999977
TCTAGTGATATCGTGG-1,0.000023,0.999977
TCTAGTTATCAGAAGA-1,0.000052,0.999948
TCTATAGGTGGGTAAT-1,0.000009,0.999991
TCTATCATGCAGTTAC-1,0.001232,0.998768
TCTATCCGATTGCACA-1,0.000011,0.999989
TCTATCGGTCGCAACA-1,0.000014,0.999986
TCTATGCTATAACGAC-1,0.000014,0.999986
TCTATTACGCTGGCGA-1,0.000025,0.999975
TCTATTACTAGAGGAT-1,0.001159,0.998841
TCTCAAATCAATCGGG-1,0.000008,0.999992
TCTCATGAGATAGGGT-1,0.000019,0.999981
TCTCCAACGTAGGTTA-1,0.00002,0.99998
TCTCCACAAGTTGAAT-1,0.000013,0.999987
TCTCCCTGGGCAGCGT-1,0.000012,0.999988
TCTCGAACGAGGTCAC-1,0.000031,0.999969
TCTCGACGTATCGCCG-1,0.000015,0.999985
TCTCGAGGAGGTTCGC-1,0.000026,0.999974
TCTCGGCTCCAGGACT-1,0.000016,0.999984
TCTCTAATAGCTGGTA-1,0.000017,0.999983
TCTCTCGCCGCACATA-1,0.000036,0.999964
TCTCTTACCGCGAACC-1,0.000016,0.999984
TCTGAACCGGTCGGCT-1,0.00002,0.99998
TCTGAACTCGTACCCG-1,0.000019,0.999981
TCTGAAGCACGTGGTC-1,0.012299,0.987701
TCTGAATTCCGTACAA-1,0.000017,0.999983
TCTGACGGGCTAACCC-1,0.000013,0.999987
TCTGACTGTAATGGTT-1,0.000102,0.999898
TCTGAGCAATTGACTG-1,0.00003,0.99997
TCTGATCGGGTGCTAG-1,0.000016,0.999984
TCTGATGTATTCTGTC-1,0.000021,0.999979
TCTGATTGGAAATGGA-1,0.000022,0.999978
TCTGCACCATTAGTAA-1,0.00346,0.99654
TCTGCATACCTTGCTT-1,0.00001,0.99999
TCTGCCAGAAACTGCA-1,0.000014,0.999986
TCTGCGAATCGTTCGC-1,0.000011,0.999989
TCTGCGTCCGGTTTCT-1,0.000036,0.999964
TCTGGAGCGTAAGAGT-1,0.000049,0.999951
TCTGGCCGTTCAAGTT-1,0.000019,0.999981
TCTGGGAACCTTTGAA-1,0.000018,0.999982
TCTGGGTAGCGCTCAT-1,0.000033,0.999967
TCTGTCATACAAGAGC-1,0.000022,0.999978
TCTGTGACTGACCGTT-1,0.00002,0.99998
TCTGTGATGGAGGTTG-1,0.000022,0.999978
TCTGTGCCATCATAGT-1,0.000014,0.999986
TCTGTGGCTACATTTC-1,0.000012,0.999988
TCTGTTACCCAGCATA-1,0.000034,0.999966
TCTTACAGAGGTACCG-1,0.000023,0.999977
TCTTACCGGAACTCGT-1,0.000027,0.999973
TCTTACGGCATCCGAC-1,0.000027,0.999973
TCTTACTTATGCCTCT-1,0.000018,0.999982
TCTTAGAGCTCCAATT-1,0.000011,0.999989
TCTTAGAGTGAACTCT-1,0.00001,0.99999
TCTTATGGGTAGTACC-1,0.000014,0.999986
TCTTCCCATGGGCACA-1,0.000009,0.999991
TCTTCGAATAGACGTT-1,0.000021,0.999979
TCTTCGATACCAATAA-1,0.000016,0.999984
TCTTCGCGGTGAGAGG-1,0.000871,0.999129
TCTTCTATAACCCGCC-1,0.000015,0.999985
TCTTGATGCGTAGCGA-1,0.00002,0.99998
TCTTGCTCCCGATACT-1,0.000016,0.999984
TCTTGGTAACACCAAA-1,0.000015,0.999985
TCTTTAAGACTATGAA-1,0.000019,0.999981
TCTTTAGAGTCTAACA-1,0.000016,0.999984
TCTTTAGCAGGCGAAC-1,0.000014,0.999986
TCTTTCTCTTAAGGAG-1,0.000024,0.999976
TGAAACCTCAACTCAC-1,0.006079,0.993921
TGAAACTTATGCAAGC-1,0.000006,0.999994
TGAAAGGACCTGACTC-1,0.00001,0.99999
TGAACAAGCAGGGACT-1,0.000023,0.999977
TGAACACCCGAAGCAG-1,0.000012,0.999988
TGAAGAGCGGTCCTAG-1,0.001002,0.998998
TGAATACCGACGCGTA-1,0.000011,0.999989
TGAATATGCTATAAAC-1,0.000018,0.999982
TGAATGAGATACAGCA-1,0.000008,0.999992
TGAATGAGTGTTTCCC-1,0.000019,0.999981
TGAATGTCAGCCGGCC-1,0.000011,0.999989
TGACAACGCATGTCGC-1,0.000025,0.999975
TGACAACTTAAAGGTG-1,0.000043,0.999957
TGACACTTCTCTTTGC-1,0.000019,0.999981
TGACATCGAGCGGACC-1,0.002389,0.997611
TGACATGTAACGTGAC-1,0.000016,0.999984
TGACCAAATCTTAAAC-1,0.007692,0.992308
TGACCAGCTTCAAAGT-1,0.000023,0.999977
TGACCCAACTCACATT-1,0.000013,0.999987
TGACCCACGTTAGACA-1,0.000042,0.999958
TGACCCAGCATTCCCG-1,0.000025,0.999975
TGACGAATATTTCCCT-1,0.000021,0.999979
TGACGATGCACTAGAA-1,0.000015,0.999985
TGACTATAATCCTTTC-1,0.001353,0.998647
TGACTCCGAATCATAC-1,0.000032,0.999968
TGAGAATGCTTTACCG-1,0.000018,0.999982
TGAGAGATTTACCACG-1,0.000017,0.999983
TGAGATCAAATACTCA-1,0.000015,0.999985
TGAGATTAGGCCCTAA-1,0.000028,0.999972
TGAGCAGTCGTGAAGT-1,0.000016,0.999984
TGAGCCATACAGTCTC-1,0.000028,0.999972
TGAGCGGAAAGTGTTC-1,0.000028,0.999972
TGAGCTTTAATGACGC-1,0.002767,0.997233
TGAGGAGTGCCAGCTT-1,0.000047,0.999953
TGAGGTGTGTGGCGGA-1,0.000237,0.999763
TGAGGTTGATCCCAAG-1,0.000007,0.999993
TGAGTAAATTAGCGTA-1,0.000153,0.999847
TGAGTGCCTCTTAAAT-1,0.000021,0.999979
TGAGTGGTCCGTGACG-1,0.000011,0.999989
TGAGTGTAACAACGGG-1,0.000012,0.999988
TGAGTTAAAGACATTC-1,0.000006,0.999994
TGATACATTTAGCCGT-1,0.000026,0.999974
TGATAGCGGGATTCTA-1,0.000012,0.999988
TGATCACCACACTGAC-1,0.000138,0.999862
TGATCAGGGAACTGCT-1,0.000022,0.999978
TGATCCCAGCATTAGT-1,0.000019,0.999981
TGATCGGTTTGACCCT-1,0.000022,0.999978
TGATCTACGCTGATCT-1,0.000019,0.999981
TGATCTATCACACTCT-1,0.00001,0.99999
TGATCTCCGGCGCCAG-1,0.000027,0.999973
TGATGCTCACGTAGTC-1,0.000026,0.999974
TGATGGCTGTTTCTGA-1,0.00002,0.99998
TGATGGGACTAAGTCA-1,0.002051,0.997949
TGATGTCAATTAAGTG-1,0.000513,0.999487
TGATTATGGCACGCAG-1,0.000018,0.999982
TGATTCCCGGTTACCT-1,0.000024,0.999976
TGATTCGTCTATCACT-1,0.000029,0.999971
TGATTCTGTCGCCGGT-1,0.000025,0.999975
TGATTTATTAGCTGTG-1,0.00002,0.99998
TGATTTCCTCCTGACG-1,0.000016,0.999984
TGCAAACCCACATCAA-1,0.000007,0.999993
TGCAAACGTACTAGTT-1,0.000366,0.999634
TGCAAAGTTCGTCTGT-1,0.000018,0.999982
TGCAACCCATCTGCGG-1,0.000011,0.999989
TGCAACTACTGGTTGA-1,0.000014,0.999986
TGCAAGAATGACGTAA-1,0.000015,0.999985
TGCAATCTAACACGGT-1,0.000007,0.999993
TGCAATTTGGGCACGG-1,0.000021,0.999979
TGCACAGTGAAGTTAT-1,0.00002,0.99998
TGCACGAGTCGGCAGC-1,0.000011,0.999989
TGCACTATGTGAGTGC-1,0.00005,0.99995
TGCAGAACTATATCGT-1,0.000019,0.999981
TGCAGAGTACCGAGCA-1,0.00002,0.99998
TGCAGATCGTCCTAGG-1,0.000747,0.999253
TGCAGCTACGTACTTC-1,0.003535,0.996465
TGCAGGATCGGCAAAG-1,0.000019,0.999981
TGCAGTGAGGCTCGGG-1,0.000011,0.999989
TGCAGTTTCCTCCCAT-1,0.000024,0.999976
TGCATATGTCTGTCAC-1,0.000026,0.999974
TGCATCTCCGGATCTT-1,0.000032,0.999968
TGCATGAGTAGATTCG-1,0.001352,0.998648
TGCATGGATCGGATCT-1,0.000021,0.999979
TGCATGGCAGTCTTGC-1,0.000035,0.999965
TGCATGTGACCCATAG-1,0.000023,0.999977
TGCATGTGGTAATCTA-1,0.000007,0.999993
TGCCAAAGTCAGACTT-1,0.00001,0.99999
TGCCAATGGGTACTCT-1,0.00004,0.99996
TGCCACCTGGCGAAAC-1,0.000013,0.999987
TGCCAGTACGTGGAGA-1,0.000011,0.999989
TGCCATGGCTTATAAG-1,0.000963,0.999037
TGCCATTACTAAAGAA-1,0.000014,0.999986
TGCCCGATAGTTAGAA-1,0.000011,0.999989
TGCCCGTACCGTTAAA-1,0.000933,0.999067
TGCCGAAAGCGTATTC-1,0.00002,0.99998
TGCCGATGTCATCAAT-1,0.002867,0.997133
TGCCGGATGTACGAGC-1,0.000017,0.999983
TGCCGTGGATCGTCCT-1,0.000945,0.999055
TGCCGTGGGACCCAAT-1,0.000017,0.999983
TGCCTAAATTTAATAG-1,0.000068,0.999932
TGCCTAATTGAAGATT-1,0.000733,0.999267
TGCCTGACATCGGTCA-1,0.000021,0.999979
TGCCTGATCAAACGAT-1,0.000017,0.999983
TGCCTTGCCCTTACGG-1,0.004557,0.995443
TGCCTTGGCCAGGCAA-1,0.000009,0.999991
TGCGAATATGGGATTT-1,0.000014,0.999986
TGCGACACCCTAGTGC-1,0.00002,0.99998
TGCGACGGCCGAACGT-1,0.000019,0.999981
TGCGAGAAACGTTACG-1,0.012464,0.987536
TGCGAGAATATTACCC-1,0.000026,0.999974
TGCGAGATGGCGGCCA-1,0.000018,0.999982
TGCGAGCCCTTCCGCG-1,0.000012,0.999988
TGCGATGCTAATGGCT-1,0.000651,0.999349
TGCGCAAAGCATTTGG-1,0.000015,0.999985
TGCGCCGTTAATAACG-1,0.000017,0.999983
TGCGCGATTAACGGAG-1,0.002249,0.997751
TGCGGACTTGACTCCG-1,0.000006,0.999994
TGCGGAGTAAAGGTGC-1,0.000019,0.999981
TGCGGCATAGTTCAAC-1,0.00002,0.99998
TGCGGGTATTGGGATC-1,0.000012,0.999988
TGCGGTCTACGAGTAA-1,0.000018,0.999982
TGCGGTGAAATTTCAT-1,0.000015,0.999985
TGCGTAAGAACCTGAT-1,0.000015,0.999985
TGCGTACGGCTAATTG-1,0.000008,0.999992
TGCGTCATGACTGAGC-1,0.000025,0.999975
TGCGTGATTGGGTGTC-1,0.000031,0.999969
TGCGTTTGTTGACACT-1,0.00156,0.99844
TGCTAAGTGTCTATTT-1,0.001806,0.998194
TGCTATACAAACGGAC-1,0.00001,0.99999
TGCTATGGCAAAGGGA-1,0.00658,0.99342
TGCTCACACAACAACC-1,0.00001,0.99999
TGCTCCACAGTTCTTA-1,0.000015,0.999985
TGCTCGGCGAAACCCA-1,0.000017,0.999983
TGCTCGGTGGGTCACC-1,0.000017,0.999983
TGCTCTGCCGGTTCAC-1,0.012855,0.987145
TGCTCTTGAGAGTTTG-1,0.000008,0.999992
TGCTGCGTCAGAGTTA-1,0.000041,0.999959
TGCTGGTTGGACAATT-1,0.000021,0.999979
TGCTGTTGAAGAACTC-1,0.000013,0.999987
TGCTTAGAGAGAATGC-1,0.000021,0.999979
TGCTTCCCAAGCAGTA-1,0.000009,0.999991
TGCTTGAAACCATGCA-1,0.000029,0.999971
TGGAAACGGAGTGAAC-1,0.000015,0.999985
TGGAACCACTGACACA-1,0.000008,0.999992
TGGAAGAAGGGAACGT-1,0.000024,0.999976
TGGAAGACGAACACCA-1,0.000013,0.999987
TGGAAGGATAAAGATG-1,0.000021,0.999979
TGGAATATCCTTGACC-1,0.000011,0.999989
TGGAATTAGACGCTTT-1,0.000011,0.999989
TGGACACCGTTGCTTG-1,0.000032,0.999968
TGGACCAATCTAAGAT-1,0.00001,0.99999
TGGACCACGGCGTTGA-1,0.000049,0.999951
TGGACGCAATCCAGCC-1,0.000012,0.999988
TGGACTGTTCGCTCAA-1,0.000014,0.999986
TGGAGAATAATCGTCC-1,0.000027,0.999973
TGGAGCTAAAGTTCCC-1,0.000015,0.999985
TGGAGGGAAACACCTC-1,0.000016,0.999984
TGGAGTGATGCGATGA-1,0.000025,0.999975
TGGATAGAGTAACAGA-1,0.00224,0.99776
TGGATGGCATCTTGGA-1,0.000066,0.999934
TGGCAAACTAAATTAC-1,0.000009,0.999991
TGGCAACTCGCGCGCC-1,0.000014,0.999986
TGGCAAGCACAAGTCG-1,0.003996,0.996004
TGGCAATGGGACGGCG-1,0.000016,0.999984
TGGCACGAGCTCGAGT-1,0.000028,0.999972
TGGCAGATTACGATCA-1,0.00008,0.99992
TGGCAGCAGTAATAGT-1,0.000036,0.999964
TGGCCAAACTGAAGTA-1,0.000019,0.999981
TGGCCGTATATTGACC-1,0.000013,0.999987
TGGCGACTGCTCCAAA-1,0.000027,0.999973
TGGCGATCAAGTTATG-1,0.068415,0.931585
TGGCGGTGTGCGATTG-1,0.00002,0.99998
TGGCTACACTCTACCT-1,0.000022,0.999978
TGGCTATGTGACATAC-1,0.000022,0.999978
TGGCTCTTGTCGCGTA-1,0.000038,0.999962
TGGCTTGTACAAGCTT-1,0.000021,0.999979
TGGCTTTGGGTAGACA-1,0.000012,0.999988
TGGGAAATGCCTTTCC-1,0.000022,0.999978
TGGGATGCACTCATTC-1,0.000016,0.999984
TGGGCAATAGTTGGGT-1,0.000014,0.999986
TGGGCACAAACAGAAC-1,0.000011,0.999989
TGGGCACGTTCTATGG-1,0.000027,0.999973
TGGGCAGGCCACCGCA-1,0.000963,0.999037
TGGGCCACAAGAGCGC-1,0.000021,0.999979
TGGGCCCATACTAATT-1,0.000016,0.999984
TGGGCCTTGCCTGCAT-1,0.004768,0.995232
TGGGCGATACAATAAG-1,0.000007,0.999993
TGGGTAAGGTTCCCGC-1,0.00002,0.99998
TGGGTGCACAAGCCAT-1,0.003708,0.996292
TGGGTGGGATGTCATT-1,0.000022,0.999978
TGGGTGTAATAGATTT-1,0.000009,0.999991
TGGGTGTTAAGTAGAA-1,0.000017,0.999983
TGGGTTTCGGGCGTAC-1,0.000198,0.999802
TGGTAAGCAGGATTGA-1,0.000038,0.999962
TGGTACCGGCACAGCC-1,0.001448,0.998552
TGGTAGAATATATGGG-1,0.000015,0.999985
TGGTATCGCATCCCAA-1,0.000009,0.999991
TGGTATCGGTCTGTAT-1,0.000017,0.999983
TGGTCCCACGCTACGG-1,0.000012,0.999988
TGGTCGATATACCTCT-1,0.000028,0.999972
TGGTCGTTTGATAGAT-1,0.000033,0.999967
TGGTCTGTTGGGCGTA-1,0.000018,0.999982
TGGTGATCGTATTTGT-1,0.002254,0.997746
TGGTGCCCTGCCTTAC-1,0.000458,0.999542
TGGTTAAGGGCGCTGG-1,0.00001,0.99999
TGGTTCAACGGGTAAT-1,0.000015,0.999985
TGGTTCGTAGCAAAGG-1,0.000008,0.999992
TGGTTGGAGGATCCTG-1,0.000026,0.999974
TGGTTTAAACGTGGGT-1,0.00002,0.99998
TGTAACTTGTCAACCT-1,0.000012,0.999988
TGTAATGCCTTCGGAC-1,0.000014,0.999986
TGTACCTACACGAGGG-1,0.000006,0.999994
TGTACGAACAAATCCG-1,0.000029,0.999971
TGTACGCTATCAGCTT-1,0.000022,0.999978
TGTACTACTCTCACGG-1,0.000021,0.999979
TGTACTATCGCTCGTT-1,0.000019,0.999981
TGTACTGTGCCAAAGT-1,0.000014,0.999986
TGTACTTCCGGGCATG-1,0.000018,0.999982
TGTAGCCAATTCCGTT-1,0.000018,0.999982
TGTAGCCATCCCATTC-1,0.00004,0.99996
TGTAGGAGAAATTTCC-1,0.000007,0.999993
TGTAGTGATCTATAAT-1,0.001012,0.998988
TGTATAACAGATCCTG-1,0.000016,0.999984
TGTATACGGATGATGA-1,0.000023,0.999977
TGTATCAGACTGAAGC-1,0.000015,0.999985
TGTATCCTTATTCCAT-1,0.00002,0.99998
TGTATGGCGCAGACAG-1,0.000017,0.999983
TGTATTTACCTAATGC-1,0.000023,0.999977
TGTCATTTGTTGGGAA-1,0.000012,0.999988
TGTCCACGGCTCAACT-1,0.000018,0.999982
TGTCCCGACATAGCAC-1,0.000012,0.999988
TGTCCGCAAACAATTC-1,0.000762,0.999238
TGTCCGTGGCGCCTTT-1,0.000014,0.999986
TGTCCTAAGTCACCGC-1,0.000019,0.999981
TGTCGGCATGGTGGAA-1,0.00003,0.99997
TGTCGTGGGTATAGGC-1,0.003007,0.996993
TGTCGTTATCACATAT-1,0.000131,0.999869
TGTCTACAGTTTCTGT-1,0.000025,0.999975
TGTGACTACGCCAGTC-1,0.000022,0.999978
TGTGACTAGAGTTTGC-1,0.000008,0.999992
TGTGAGACTAGCCCAA-1,0.00001,0.99999
TGTGATTCCAGCGCTT-1,0.000029,0.999971
TGTGCCGGTGCCGGAA-1,0.000015,0.999985
TGTGCTTTACGTAAGA-1,0.000013,0.999987
TGTGGAGGAAGCTTAA-1,0.000011,0.999989
TGTGGCAAAGCGTATG-1,0.000009,0.999991
TGTGGCGGGCTTCTGG-1,0.000018,0.999982
TGTGGCTCCCACCAAC-1,0.000006,0.999994
TGTGGTTGCTAAAGCT-1,0.000013,0.999987
TGTGTAGTAGCACGTG-1,0.000072,0.999928
TGTGTCGCGAGTTGCA-1,0.000029,0.999971
TGTGTTCGTATCCAAG-1,0.001709,0.998291
TGTTATTGTATGTGGC-1,0.000869,0.999131
TGTTCATAAATGTGCT-1,0.000008,0.999992
TGTTCCGCTTCCATGA-1,0.000023,0.999977
TGTTCCGGCCTGAGCT-1,0.000024,0.999976
TGTTCGTATTGCGGTG-1,0.005152,0.994848
TGTTCTCTACTCCCTA-1,0.001816,0.998184
TGTTCTTCCATTGACT-1,0.000024,0.999976
TGTTGATCACTGTTTA-1,0.000008,0.999992
TGTTGCCGTCGTCCCA-1,0.006104,0.993896
TGTTGTCAAGAAGTCT-1,0.00002,0.99998
TGTTTAATACTTCATC-1,0.000008,0.999992
TGTTTCGGTACTTCTC-1,0.00003,0.99997
TGTTTGAGATCGTCAG-1,0.000019,0.999981
TTAAACAGAGTCCCGC-1,0.013261,0.986739
TTAAACCGGTAGCGAC-1,0.000016,0.999984
TTAAACCTGGTTCCTT-1,0.000008,0.999992
TTAAACTCGAATTCAT-1,0.000652,0.999348
TTAAAGGCGATGCTCG-1,0.000132,0.999868
TTAAAGTAAGTCGCCA-1,0.000011,0.999989
TTAACACCTCGAACAT-1,0.000022,0.999978
TTAACCAACCCTCCCT-1,0.000336,0.999664
TTAACGAACAAGCAGT-1,0.000014,0.999986
TTAACGTCGCAAGACC-1,0.000012,0.999988
TTAACTCACGCGTGGA-1,0.000858,0.999142
TTAACTTCAGGTAGGA-1,0.000023,0.999977
TTAAGACGAACGAACC-1,0.00002,0.99998
TTAAGATAGGATTGAC-1,0.000021,0.999979
TTAAGCCGACAACTTC-1,0.000019,0.999981
TTAAGCGCCTGACCCA-1,0.000023,0.999977
TTAAGGATACGGAGGT-1,0.000029,0.999971
TTAAGGCCCGTACTTT-1,0.002189,0.997811
TTAAGTATTGTTATCC-1,0.000025,0.999975
TTAATCAGTACGTCAG-1,0.000027,0.999973
TTAATGCGAGGTAACT-1,0.005069,0.994931
TTAATGTAGACCAGGT-1,0.000017,0.999983
TTAATTGCTTTGGGTG-1,0.000009,0.999991
TTAATTTCAGACGCGG-1,0.000022,0.999978
TTACAACTACGCATCC-1,0.000022,0.999978
TTACACGATCTGCGAC-1,0.000021,0.999979
TTACAGACCTAAATGA-1,0.000007,0.999993
TTACATCGTGGCCTGG-1,0.000026,0.999974
TTACATGCCACAACTA-1,0.000013,0.999987
TTACCATTGATTACCC-1,0.000015,0.999985
TTACCCATTGCCGGGT-1,0.000015,0.999985
TTACCCTAACAGTCCT-1,0.000027,0.999973
TTACCCTAGGGATTGG-1,0.000055,0.999945
TTACCGCCTTAGGGAA-1,0.00002,0.99998
TTACGGATGGTTCGAG-1,0.000035,0.999965
TTACGGTGTCACCGAG-1,0.000014,0.999986
TTACGTAGCGCGTGCT-1,0.000015,0.999985
TTACGTATCTATGACA-1,0.000995,0.999005
TTACTAAAGGACTTTA-1,0.000009,0.999991
TTACTATCGGCTTCTC-1,0.000014,0.999986
TTACTCCGGCCGGGAA-1,0.000017,0.999983
TTACTCTGGTACGTAC-1,0.012905,0.987095
TTACTGGGATATTTCA-1,0.000042,0.999958
TTACTGTCTAGAGCTC-1,0.000024,0.999976
TTACTGTTTCTCTACG-1,0.000019,0.999981
TTAGAAGAACATGACT-1,0.00001,0.99999
TTAGAATAAGGGTCGG-1,0.000021,0.999979
TTAGACACGATCGTTG-1,0.007021,0.992979
TTAGACGAGTCACCTC-1,0.000443,0.999557
TTAGAGTTTAGAAGGA-1,0.000025,0.999975
TTAGATAGGTCGATAC-1,0.000057,0.999943
TTAGCAACATGGATGT-1,0.000017,0.999983
TTAGCCATAGGGCTCG-1,0.000149,0.999851
TTAGCGAATAGATAGG-1,0.000016,0.999984
TTAGCTAATACGATCT-1,0.000024,0.999976
TTAGCTCTGTAATCCG-1,0.000021,0.999979
TTAGCTGATTTGCCGT-1,0.000023,0.999977
TTAGGTCATAACCGAC-1,0.00003,0.99997
TTAGTAAACCTGCTCT-1,0.000015,0.999985
TTAGTAGGGCGGCGGG-1,0.000039,0.999961
TTAGTTATTCGTGGCA-1,0.000015,0.999985
TTAGTTCAAGTGTTCG-1,0.000011,0.999989
TTATAGATGCACATTA-1,0.000014,0.999986
TTATAGGTAATTGTCT-1,0.000012,0.999988
TTATAGTCCAAGGTGC-1,0.000015,0.999985
TTATATACGCTGTCAC-1,0.000022,0.999978
TTATATTTGGCAATCC-1,0.000021,0.999979
TTATCATACTCGCAAA-1,0.000011,0.999989
TTATCCAATCGAACTC-1,0.000022,0.999978
TTATCCGGGATCTATA-1,0.001272,0.998728
TTATCCTCAAGGAATA-1,0.004702,0.995298
TTATCGCCTGCGAAGC-1,0.001297,0.998703
TTATCTGTATCATAAC-1,0.000018,0.999982
TTATGAATGAAAGGGA-1,0.00002,0.99998
TTATGACAAACTGGAT-1,0.000015,0.999985
TTATGATCTTAACGAA-1,0.00001,0.99999
TTATGCGTCCCGGTCC-1,0.000017,0.999983
TTATGTTTGCGATAGA-1,0.000055,0.999945
TTATTAGAGCGTGTTC-1,0.000019,0.999981
TTATTAGGGAAGCATC-1,0.000029,0.999971
TTATTTCATCCCAAAC-1,0.000013,0.999987
TTCAAAGTCTCTAGCC-1,0.000016,0.999984
TTCAACGACCCGACCG-1,0.000013,0.999987
TTCAAGCCGAGCTGAG-1,0.000024,0.999976
TTCAATACTCTGAATC-1,0.000015,0.999985
TTCAATTAGCCATAAT-1,0.000021,0.999979
TTCACGAAAGGATCAC-1,0.000058,0.999942
TTCACGGTCGTCACGT-1,0.000025,0.999975
TTCACTCGAGCACCTA-1,0.00001,0.99999
TTCACTTCCTAGAACG-1,0.000015,0.999985
TTCAGAGTAACCTGAC-1,0.000036,0.999964
TTCAGCCCTGGTCCAC-1,0.000021,0.999979
TTCAGCTGGCGTGCCC-1,0.195315,0.804685
TTCAGGCGTCAAAGCC-1,0.000007,0.999993
TTCAGTTCAAGAGGAG-1,0.000021,0.999979
TTCATAGCCTTGTAAC-1,0.000047,0.999953
TTCATGGCGCAACAGG-1,0.000015,0.999985
TTCCAATCAGAGCTAG-1,0.000031,0.999969
TTCCAATCTGGCTATC-1,0.000029,0.999971
TTCCACACAGATTTGA-1,0.00002,0.99998
TTCCACATTTCTCGTC-1,0.00003,0.99997
TTCCAGACGAGATTTA-1,0.000007,0.999993
TTCCAGTGGGTTTCGT-1,0.000263,0.999737
TTCCATCATGCGGTGA-1,0.000029,0.999971
TTCCATCGACAGCGTG-1,0.00002,0.99998
TTCCCGACGCTTCACT-1,0.000024,0.999976
TTCCCGGCGCCAATAG-1,0.000013,0.999987
TTCCGCAGAGAAATAT-1,0.000013,0.999987
TTCCGCGTGAGGCGAT-1,0.000021,0.999979
TTCCGGCCTTGAGGCT-1,0.000037,0.999963
TTCCGGCTCGACTTCT-1,0.000014,0.999986
TTCCGGTATCTGTGTC-1,0.000025,0.999975
TTCCGGTTACCCACTT-1,0.000026,0.999974
TTCCTCGAGGGTGTCT-1,0.00001,0.99999
TTCCTCGGACTAACCA-1,0.000928,0.999072
TTCCTCTGCCCGAATA-1,0.000041,0.999959
TTCCTTTCTGTGTTGC-1,0.000022,0.999978
TTCGAACGAAACATGC-1,0.000012,0.999988
TTCGACAGAGCCCGTG-1,0.000014,0.999986
TTCGACGGGAAGGGCG-1,0.000024,0.999976
TTCGAGCCGGCGCTAC-1,0.000026,0.999974
TTCGCACTCGCGTGCT-1,0.004713,0.995287
TTCGCACTGTACGACA-1,0.000027,0.999973
TTCGCATCCGGAAGCA-1,0.000028,0.999972
TTCGCGCGCCATACGA-1,0.000026,0.999974
TTCGCTAGGAAGTTGT-1,0.000036,0.999964
TTCGCTATCTGACGTG-1,0.000034,0.999966
TTCGGACTGATGCCTT-1,0.00003,0.99997
TTCGGCAACCCGCTGA-1,0.000011,0.999989
TTCGGCTAGAGATGGT-1,0.000938,0.999062
TTCGGGACTAATCGCG-1,0.000024,0.999976
TTCGGGCGCTAGTCTT-1,0.000025,0.999975
TTCGGGTTGCCACGGG-1,0.010718,0.989282
TTCGGTACTGTAGAGG-1,0.00222,0.99778
TTCGGTGGAGACGCCC-1,0.040119,0.959881
TTCGTAATCCCAGCGG-1,0.015716,0.984284
TTCGTACTCCAGAACG-1,0.000016,0.999984
TTCGTGCATGTTATAG-1,0.000017,0.999983
TTCGTGGGCTGGAAGC-1,0.000038,0.999962
TTCGTTCAACGAAGTT-1,0.000013,0.999987
TTCTAACCGAAGCTTA-1,0.000032,0.999968
TTCTACCTCAATCGGT-1,0.000112,0.999888
TTCTACCTTTATGTTG-1,0.000021,0.999979
TTCTACTTGCGAGGGC-1,0.000027,0.999973
TTCTAGAAAGTCTTAT-1,0.000021,0.999979
TTCTAGGCCAATTGTG-1,0.000016,0.999984
TTCTATGCCTTTCGCA-1,0.000016,0.999984
TTCTATTAAACGCAGC-1,0.000258,0.999742
TTCTGACCGGGCTCAA-1,0.000023,0.999977
TTCTGCCGCGCCTAGA-1,0.00122,0.99878
TTCTGCGAGCGCCCTT-1,0.000012,0.999988
TTCTGCGGGTTAGCGG-1,0.000025,0.999975
TTCTGCTAGACTCCAA-1,0.000011,0.999989
TTCTGTTTCCTGTCGC-1,0.000016,0.999984
TTCTTAGTGAACGGTG-1,0.000018,0.999982
TTCTTAGTGGCTCAGA-1,0.000016,0.999984
TTCTTATCCGCTGGGT-1,0.000016,0.999984
TTCTTCCCTTTGATAT-1,0.000017,0.999983
TTCTTCGCAATAGAGC-1,0.000021,0.999979
TTCTTGAGCCGCGCTA-1,0.000022,0.999978
TTCTTGCTAGCATCTC-1,0.000017,0.999983
TTCTTGGACGATCTGC-1,0.000036,0.999964
TTCTTGGAGTAATGAG-1,0.000015,0.999985
TTCTTGTAACCTAATG-1,0.000022,0.999978
TTCTTTGGTCGCGACG-1,0.000023,0.999977
TTGAAAGGTGTAAAGG-1,0.000019,0.999981
TTGAACGAATCCTTTG-1,0.000464,0.999536
TTGAACGACGTGCTGA-1,0.000017,0.999983
TTGAAGAATTCCCAGG-1,0.000036,0.999964
TTGAATATGGACTTTC-1,0.000033,0.999967
TTGAATTCACGTGAGG-1,0.000006,0.999994
TTGACAGGAGCTCCCG-1,0.000012,0.999988
TTGACATGAACGTGGA-1,0.000016,0.999984
TTGACCAGGAACAACT-1,0.00001,0.99999
TTGACCATGTTCTCCG-1,0.000027,0.999973
TTGACCGTGTTAATGA-1,0.000025,0.999975
TTGACGATTCAGCACG-1,0.000027,0.999973
TTGACGCTCCATGAGC-1,0.000726,0.999274
TTGACTACCATATGGT-1,0.000028,0.999972
TTGACTATTGTCCGGC-1,0.000013,0.999987
TTGAGAAGTTTAGCAT-1,0.110061,0.889939
TTGAGAGTACTGCTAA-1,0.000017,0.999983
TTGAGCAGCCCACGGT-1,0.000006,0.999994
TTGAGCGCCACGTGAT-1,0.000016,0.999984
TTGAGGCATTTAACTC-1,0.000024,0.999976
TTGAGGGTCGAACGCG-1,0.000027,0.999973
TTGAGTCCCGCTGCTG-1,0.00003,0.99997
TTGATAGTCAATACAT-1,0.000008,0.999992
TTGATCTAACTTTGTC-1,0.000153,0.999847
TTGATGCCGCTCGTCG-1,0.000027,0.999973
TTGATGTGTAGTCCCG-1,0.000016,0.999984
TTGATTAGCTGTTTCT-1,0.000027,0.999973
TTGATTATGCAGATGA-1,0.000015,0.999985
TTGCAAGAAGACTCCT-1,0.000689,0.999311
TTGCACAATTCAGAAA-1,0.000163,0.999837
TTGCACGGAGCAGCAC-1,0.002338,0.997662
TTGCAGGTCATGAAGT-1,0.000032,0.999968
TTGCATGCTGATCACG-1,0.000014,0.999986
TTGCCAAGCAGAACCC-1,0.000012,0.999988
TTGCCATAGCCCGCTC-1,0.000025,0.999975
TTGCCCTGATCACGGG-1,0.000031,0.999969
TTGCCGCAGACCTACA-1,0.000021,0.999979
TTGCCGCTTTCTAGTA-1,0.000017,0.999983
TTGCCGGTGATCCCTC-1,0.000023,0.999977
TTGCCTTCTCGCCGGG-1,0.000015,0.999985
TTGCGCACAACCACGT-1,0.000012,0.999988
TTGCGCTTGATCAATA-1,0.000013,0.999987
TTGCGGAAAGCTGCCC-1,0.00002,0.99998
TTGCGGCATCAGAAAG-1,0.00002,0.99998
TTGCGGCGACTCATGC-1,0.00002,0.99998
TTGCGTAGTTTGAGGA-1,0.000061,0.999939
TTGCGTCGGCCAACCG-1,0.000015,0.999985
TTGCGTGAACGCTTAG-1,0.000017,0.999983
TTGCGTGTGTAGGCAT-1,0.000031,0.999969
TTGCTAGCTACCAATC-1,0.000015,0.999985
TTGCTCATAGTACGTG-1,0.000004,0.999996
TTGCTCCCATACCGGA-1,0.000014,0.999986
TTGCTGAAGGAACCAC-1,0.000013,0.999987
TTGCTGATCATGTTCG-1,0.000061,0.999939
TTGCTGCACCTATCCA-1,0.000024,0.999976
TTGCTGGCCGGGCTTC-1,0.000015,0.999985
TTGGAAGAATACAGTC-1,0.000018,0.999982
TTGGACATGTGGCTTA-1,0.000019,0.999981
TTGGACCATCTGGCAA-1,0.000019,0.999981
TTGGACCTATAACAGT-1,0.002346,0.997654
TTGGAGTCTCCCTTCT-1,0.000016,0.999984
TTGGATATCGTCTACG-1,0.000052,0.999948
TTGGATCGACTTCTGG-1,0.000011,0.999989
TTGGATTGGGTACCAC-1,0.000021,0.999979
TTGGCCAAATTGTATC-1,0.000007,0.999993
TTGGCCATCTTGCGCT-1,0.000051,0.999949
TTGGCCTAGAATTTCG-1,0.000982,0.999018
TTGGCGATCCGAATAT-1,0.000017,0.999983
TTGGCTCAATATGTGT-1,0.000016,0.999984
TTGGCTCGCATGAGAC-1,0.000017,0.999983
TTGGGAAGACGAGCCG-1,0.000016,0.999984
TTGGGACACTGCCCGC-1,0.043822,0.956178
TTGGGACGTAAGAGTT-1,0.000028,0.999972
TTGGGCGGCGGTTGCC-1,0.000022,0.999978
TTGGGTTTATTCAGCG-1,0.00004,0.99996
TTGGTATGGCTTGTGT-1,0.000028,0.999972
TTGGTCACACTCGTAA-1,0.000039,0.999961
TTGGTGCGGTGTTGAA-1,0.000023,0.999977
TTGGTTCGCTCAAAGG-1,0.000032,0.999968
TTGGTTGCGGTGCGCG-1,0.000018,0.999982
TTGTAACTTCATAGCG-1,0.000019,0.999981
TTGTAAGGACCTAAGT-1,0.00002,0.99998
TTGTAAGGCCAGTTGG-1,0.000014,0.999986
TTGTAATCCGTACTCG-1,0.000079,0.999921
TTGTATCACACAGAAT-1,0.000014,0.999986
TTGTCGTTCAGTTACC-1,0.004561,0.995439
TTGTCTCGGCAAGATG-1,0.000034,0.999966
TTGTGAACCTAATCCG-1,0.030986,0.969014
TTGTGAGGCATGACGC-1,0.000613,0.999387
TTGTGATCTGTTCAGT-1,0.000006,0.999994
TTGTGCAGCCACGTCA-1,0.000012,0.999988
TTGTGGCCCTGACAGT-1,0.000018,0.999982
TTGTGGTAGGAGGGAT-1,0.000018,0.999982
TTGTGGTATAGGTATG-1,0.000018,0.999982
TTGTGGTGGTACTAAG-1,0.000018,0.999982
TTGTGTATGCCACCAA-1,0.000039,0.999961
TTGTGTTTCCCGAAAG-1,0.000968,0.999032
TTGTTAGCAAATTCGA-1,0.000015,0.999985
TTGTTCAGTGTGCTAC-1,0.004634,0.995366
TTGTTGGCAATGACTG-1,0.000019,0.999981
TTGTTGTGTGTCAAGA-1,0.000018,0.999982
TTGTTTCACATCCAGG-1,0.000029,0.999971
TTGTTTCATTAGTCTA-1,0.000705,0.999295
TTGTTTCCATACAACT-1,0.000026,0.999974
TTGTTTGTATTACACG-1,0.00016,0.99984
TTGTTTGTGTAAATTC-1,0.000021,0.999979
