Barcode,Topic 1,Topic 2,Topic 3,Topic 4,Topic 5to6,Topic 7,Topic 8
AAACAAGTATCTCCCA-1,0.084612,0.114461,0.253232,0.04277,0.415327,0.016099,0.073498
AAACACCAATAACTGC-1,0.067641,0.310527,0.080225,0.035259,0.237997,0.000031,0.26832
AAACAGCTTTCAGAAG-1,0.328497,0.343267,0.004435,0.106996,0.036362,0.003662,0.176781
AAACAGGGTCTATATT-1,0.249223,0.396448,0.024821,0.061618,0.120021,0.026392,0.121478
AAACATGGTGAGAGGA-1,0.057031,0.435269,0.039711,0.040019,0.130505,0.025565,0.2719
AAACATTTCCCGGATT-1,0.069601,0.337284,0.141071,0.016222,0.271924,0.001777,0.162121
AAACCCGAACGAAATC-1,0.202405,0.108845,0.070417,0.165107,0.272499,0.033463,0.147264
AAACCGGAAATGTTAA-1,0.327639,0.055785,0.060911,0.260657,0.060351,0.095463,0.139194
AAACCGGGTAGGTACC-1,0.295967,0.082545,0.017205,0.287983,0.287213,0.019097,0.009991
AAACCGTTCGTCCAGG-1,0.044511,0.321842,0.231283,0.035096,0.10282,0.064604,0.199846
AAACCTAAGCAGCCGG-1,0.04868,0.32432,0.175739,0.026489,0.357887,0.020295,0.046591
AAACCTCATGAAGTTG-1,0.315861,0.123871,0.004918,0.149958,0.039255,0.017131,0.349005
AAACGAAGATGGAGTA-1,0.042294,0.177331,0.108744,0.063781,0.548902,0.016408,0.04254
AAACGAGACGGTTGAT-1,0.037879,0.016874,0.067148,0.154177,0.721405,0.002508,0.00001
AAACGCTGGGCACGAC-1,0.049372,0.03394,0.212464,0.170207,0.075918,0.047181,0.410917
AAACGGGCGTACGGGT-1,0.048088,0.129527,0.147146,0.119355,0.4933,0.02051,0.042074
AAACGGTTGCGAACTG-1,0.021915,0.03783,0.241453,0.106874,0.427168,0.078104,0.086657
AAACTCGGTTCGCAAT-1,0.016251,0.061539,0.042113,0.017008,0.861842,0.000576,0.00067
AAACTCGTGATATAAG-1,0.335946,0.031786,0.070756,0.332681,0.128945,0.012485,0.087401
AAACTGCTGGCTCCAA-1,0.012906,0.126715,0.16909,0.007738,0.232206,0.026452,0.424894
AAACTTAATTGCACGC-1,0.004044,0.121925,0.232853,0.000052,0.09523,0.000052,0.545844
AAACTTGCAAACGTAT-1,0.237156,0.041754,0.015706,0.314906,0.363958,0.017787,0.008733
AAAGAATGACCTTAGA-1,0.026198,0.195874,0.33126,0.021082,0.056771,0.00348,0.365335
AAAGAATGTGGACTAA-1,0.04047,0.000468,0.010617,0.62509,0.314545,0.008803,0.000007
AAAGACCCAAGTCGCG-1,0.297753,0.020798,0.045238,0.384092,0.074781,0.101974,0.075365
AAAGACTGGGCGCTTT-1,0.298765,0.211744,0.024239,0.048599,0.078771,0.026141,0.311742
AAAGCTTGCCTACATA-1,0.277563,0.065803,0.021847,0.056984,0.033094,0.061548,0.483162
AAAGGCCCTATAATAC-1,0.000141,0.137153,0.046125,0.000141,0.052103,0.000141,0.764198
AAAGGCTACGGACCAT-1,0.000073,0.170821,0.005178,0.001033,0.136451,0.000073,0.686371
AAAGGCTCTCGCGCCG-1,0.004299,0.066256,0.248684,0.012406,0.113727,0.110222,0.444407
AAAGGGATGTAGCAAG-1,0.286833,0.025044,0.143219,0.368247,0.044196,0.011153,0.121308
AAAGGGCAGCTTGAAT-1,0.168837,0.074693,0.007839,0.454083,0.26406,0.012661,0.017827
AAAGGTAAGCTGTACC-1,0.000184,0.000558,0.000184,0.000184,0.000367,0.106169,0.892356
AAAGTAGCATTGCTCA-1,0.066016,0.159364,0.108632,0.037448,0.611379,0.010011,0.007149
AAAGTCACTGATGTAA-1,0.084526,0.010566,0.16226,0.098211,0.016958,0.188941,0.438537
AAAGTCGACCCTCAGT-1,0.169367,0.044454,0.048112,0.055845,0.003903,0.030102,0.648217
AAAGTGCCATCAATTA-1,0.152564,0.078892,0.05557,0.0129,0.039789,0.054712,0.605572
AAAGTGTGATTTATCT-1,0.132878,0.171006,0.2411,0.021598,0.368665,0.031487,0.033265
AAAGTTGACTCCCGTA-1,0.015877,0.021771,0.045401,0.093026,0.823689,0.000224,0.000012
AAATAACCATACGGGA-1,0.000059,0.000059,0.000059,0.000059,0.000119,0.600303,0.399342
AAATAAGGTAGTGCCC-1,0.082296,0.010593,0.203482,0.494955,0.146111,0.040879,0.021684
AAATACCTATAAGCAT-1,0.046649,0.39484,0.088837,0.012601,0.0967,0.016693,0.343681
AAATAGCTTAGACTTT-1,0.249645,0.15523,0.187878,0.026248,0.240266,0.046243,0.094491
AAATAGGGTGCTATTG-1,0.022385,0.037351,0.2689,0.064505,0.551337,0.027976,0.027547
AAATCCGATACACGCC-1,0.048677,0.090705,0.135507,0.122387,0.553659,0.002167,0.046899
AAATCGCGGAAGGAGT-1,0.027639,0.560969,0.090566,0.014095,0.275632,0.004852,0.026248
AAATCGTGTACCACAA-1,0.026104,0.069118,0.131935,0.084457,0.687735,0.000017,0.000634
AAATCTAGCCCTGCTA-1,0.04049,0.138189,0.306167,0.056005,0.35322,0.031244,0.074685
AAATGATTCGATCAGC-1,0.278695,0.033356,0.024572,0.459145,0.104106,0.051445,0.048681
AAATGCTCGTTACGTT-1,0.202431,0.065043,0.087852,0.090818,0.055189,0.151966,0.346701
AAATGGCATGTCTTGT-1,0.139135,0.015554,0.039603,0.484661,0.009697,0.003926,0.307424
AAATGGCCCGTGCCCT-1,0.09534,0.345558,0.138347,0.029544,0.302017,0.026799,0.062395
AAATGGTCAATGTGCC-1,0.097792,0.045602,0.047347,0.408979,0.3963,0.00396,0.000021
AAATGTATCTTATCCC-1,0.275419,0.269901,0.027928,0.035696,0.034146,0.073353,0.283556
AAATTAACGGGTAGCT-1,0.015303,0.004725,0.055344,0.385217,0.535038,0.004358,0.000015
AAATTAATAAGCGCGA-1,0.621171,0.10389,0.008709,0.039944,0.043184,0.000028,0.183075
AAATTACACGACTCTG-1,0.000107,0.000107,0.000107,0.000107,0.000214,0.050954,0.948405
AAATTACCTATCGATG-1,0.008063,0.001432,0.02752,0.57047,0.381856,0.010643,0.000017
AAATTCCAGGTCCAAA-1,0.277882,0.175469,0.08569,0.084594,0.179093,0.06957,0.127701
AAATTGATAGTCCTTT-1,0.001263,0.209198,0.127384,0.004529,0.151937,0.000053,0.505636
AAATTGCGGCGGTTCT-1,0.084012,0.100732,0.069213,0.233012,0.320588,0.011646,0.180797
AAATTTGCGGGTGTGG-1,0.117101,0.55598,0.017361,0.005892,0.165623,0.002368,0.135675
AACAACTGGTAGTTGC-1,0.054068,0.024092,0.023946,0.01051,0.004796,0.137839,0.744749
AACAATACATTGTCGA-1,0.000151,0.259855,0.026617,0.000151,0.000303,0.000151,0.712771
AACAATTACTCTACGC-1,0.269374,0.058179,0.010472,0.036537,0.010615,0.003048,0.611774
AACACACGCTCGCCGC-1,0.03294,0.114937,0.398675,0.036942,0.362055,0.02382,0.030631
AACACGACTGTACTGA-1,0.095036,0.014553,0.000114,0.016097,0.000229,0.030065,0.843907
AACACGAGACGCGGCC-1,0.200662,0.336227,0.009125,0.007269,0.033184,0.056503,0.357031
AACACGCGGCCGCGAA-1,0.191437,0.046766,0.023147,0.375803,0.296289,0.036075,0.030484
AACAGCTGTGTGGCAA-1,0.013142,0.018661,0.537176,0.021306,0.025481,0.061995,0.322238
AACAGGAAATCGAATA-1,0.320618,0.037879,0.03084,0.162398,0.006147,0.060966,0.381152
AACAGGATGGGCCGCG-1,0.022103,0.089786,0.000085,0.003505,0.000171,0.003299,0.881051
AACAGGTAGTATGGAT-1,0.137477,0.149043,0.109028,0.178931,0.318131,0.027832,0.079558
AACATATCAACTGGTG-1,0.176998,0.03847,0.088116,0.347379,0.28869,0.02033,0.040018
AACATCGATACGTCTA-1,0.064984,0.021668,0.004786,0.053073,0.015107,0.000125,0.840256
AACATTGAAGTTGATC-1,0.000632,0.000633,0.000632,0.000632,0.001265,0.000632,0.995573
AACATTGTGACTCGAG-1,0.010549,0.05582,0.093836,0.0593,0.353135,0.005976,0.421384
AACCAAGACTTCTCTG-1,0.335463,0.140004,0.006027,0.048306,0.015087,0.037782,0.41733
AACCATAGGGTTGAAC-1,0.000042,0.08171,0.468933,0.007641,0.313535,0.001307,0.126832
AACCATGGGATCGCTA-1,0.299424,0.111582,0.054513,0.119564,0.245108,0.023879,0.14593
AACCCAGAGACGGAGA-1,0.488115,0.224569,0.002168,0.024897,0.016979,0.002575,0.240697
AACCCATCCCATGATC-1,0.104688,0.383329,0.136876,0.027242,0.272176,0.024487,0.051201
AACCCGACAACCCGTG-1,0.000079,0.028348,0.000079,0.000079,0.000158,0.000079,0.971177
AACCCGAGCAGAATCG-1,0.049359,0.001828,0.06086,0.540918,0.272068,0.065531,0.009436
AACCCTACTGTCAATA-1,0.003105,0.018232,0.234238,0.055009,0.682714,0.004803,0.001899
AACCCTGGTGGAACCA-1,0.000142,0.002599,0.000142,0.000142,0.000284,0.009048,0.987645
AACCGAGCTTGGTCAT-1,0.272747,0.089528,0.042386,0.440306,0.07841,0.002735,0.073889
AACCGCTAAGGGATGC-1,0.099427,0.112976,0.379701,0.009751,0.251525,0.092253,0.054367
AACCGTTGTGTTTGCT-1,0.013712,0.017606,0.00711,0.792246,0.105175,0.00006,0.064089
AACCTCGCTTTAGCCC-1,0.044435,0.260595,0.260199,0.011557,0.351698,0.043887,0.027629
AACCTGTCACGGAATT-1,0.027507,0.00571,0.032988,0.619957,0.305488,0.004818,0.003532
AACCTTTAAATACGGT-1,0.038721,0.085638,0.059224,0.124933,0.380861,0.001394,0.309229
AACCTTTACGACGTCT-1,0.192327,0.000084,0.000084,0.038894,0.005395,0.034335,0.728881
AACGAAAGTCGTCCCA-1,0.030081,0.084075,0.021036,0.029171,0.835486,0.00001,0.000141
AACGACCTCCTAGCCG-1,0.134025,0.01468,0.110403,0.065013,0.01517,0.140057,0.520653
AACGATAATGCCGTAG-1,0.037733,0.040604,0.220569,0.22656,0.426475,0.019397,0.028662
AACGATAGAAGGGCCG-1,0.162693,0.072123,0.01535,0.40736,0.163454,0.076821,0.102198
AACGATATGTCAACTG-1,0.250321,0.029107,0.060801,0.43983,0.136821,0.023715,0.059405
AACGCATGATCTGGGT-1,0.031944,0.000618,0.04521,0.729458,0.084366,0.106637,0.001766
AACGCGAACGGCAACA-1,0.15173,0.221935,0.103975,0.11434,0.265214,0.030442,0.112364
AACGCGACCTTGGGCG-1,0.023023,0.410878,0.018452,0.033436,0.11218,0.000048,0.401982
AACGCGGTCTCCAGCC-1,0.207018,0.020909,0.050554,0.061973,0.143633,0.123996,0.391917
AACGCTGTTGCTGAAA-1,0.02162,0.221238,0.157704,0.02093,0.538408,0.010551,0.029547
AACGGACGTACGTATA-1,0.010276,0.032888,0.390291,0.057883,0.418012,0.082432,0.008218
AACGGCCATCTCCGGT-1,0.030046,0.540467,0.042196,0.035064,0.3167,0.013117,0.022409
AACGTACTGTGGGTAC-1,0.078838,0.227863,0.069062,0.044131,0.182831,0.027208,0.370066
AACGTCAGACTAGTGG-1,0.000056,0.000056,0.000347,0.000056,0.000113,0.337575,0.661796
AACGTCGCTGCACTTC-1,0.113696,0.008656,0.011895,0.595946,0.261855,0.000888,0.007065
AACGTGATGAAGGACA-1,0.000097,0.000097,0.000097,0.000097,0.000194,0.000097,0.999323
AACGTGCGAAAGTCTC-1,0.010236,0.162482,0.059642,0.051959,0.712532,0.00047,0.002679
AACGTTATCAGCACCT-1,0.288888,0.207619,0.077559,0.022945,0.0627,0.054394,0.285895
AACTACCCGTTTGTCA-1,0.141183,0.082862,0.200301,0.166547,0.291278,0.051543,0.066286
AACTAGGCTTGGGTGT-1,0.000116,0.168577,0.000116,0.000116,0.000233,0.000116,0.830725
AACTCAAGTTAATTGC-1,0.10789,0.110898,0.223977,0.165324,0.33266,0.033594,0.025657
AACTCCAGAGCGTGTT-1,0.026071,0.234732,0.393476,0.021947,0.155648,0.026919,0.141207
AACTCGATAAACACGT-1,0.004902,0.035139,0.3172,0.082558,0.409648,0.027339,0.123214
AACTCGATGGCGCAGT-1,0.205392,0.170588,0.015435,0.260991,0.267883,0.006186,0.073524
AACTCTCAATAGAGCG-1,0.014721,0.011564,0.407625,0.073928,0.308862,0.1649,0.0184
AACTCTCAGTGTGCTC-1,0.026326,0.171425,0.168949,0.082375,0.316084,0.099263,0.135577
AACTGAGTTATACTGA-1,0.083464,0.007852,0.030369,0.395056,0.076125,0.201314,0.20582
AACTGATATTAGGCCT-1,0.096254,0.026937,0.06179,0.376513,0.018839,0.000664,0.419003
AACTGGGTCCCGACGT-1,0.006228,0.000096,0.011908,0.042117,0.028862,0.056546,0.854244
AACTGGTGTGGGCCTT-1,0.000077,0.00008,0.000077,0.000077,0.000153,0.000077,0.99946
AACTTCTGCGTCTATC-1,0.108632,0.420362,0.046067,0.083552,0.310445,0.006216,0.024726
AACTTGCCCGTATGCA-1,0.128358,0.083347,0.000082,0.000082,0.000164,0.019383,0.768584
AACTTGCGTTCTCGCG-1,0.2536,0.257522,0.064285,0.088233,0.252164,0.022476,0.06172
AACTTTACGGGAGCTT-1,0.205171,0.018971,0.005904,0.581195,0.171238,0.004294,0.013227
AACTTTCTCGATCATG-1,0.159185,0.008881,0.00016,0.04858,0.01915,0.020153,0.743891
AAGAAGGATCAGTTAG-1,0.092457,0.043922,0.03531,0.391679,0.431036,0.003121,0.002475
AAGACATACGTGGTTT-1,0.310808,0.083862,0.038146,0.287516,0.128694,0.025406,0.125568
AAGACCAAATAACTCA-1,0.022812,0.157511,0.1897,0.010183,0.503064,0.02336,0.093371
AAGACCCAACTGAACA-1,0.000057,0.184192,0.074994,0.019761,0.080245,0.000057,0.640694
AAGACTAACCCGTTGT-1,0.146927,0.076745,0.263793,0.138002,0.173077,0.056338,0.145117
AAGACTGCAAGCTACT-1,0.012412,0.138581,0.151281,0.090404,0.514283,0.030001,0.063038
AAGAGATGAATCGGTA-1,0.434091,0.134969,0.004917,0.218663,0.057302,0.014844,0.135214
AAGAGCTCTTTATCGG-1,0.006596,0.049141,0.596506,0.028385,0.065879,0.130171,0.123323
AAGAGGATGTACGCGA-1,0.133456,0.029967,0.007948,0.578907,0.243373,0.003656,0.002693
AAGAGGCATGGATCGC-1,0.030949,0.142993,0.234424,0.010309,0.26185,0.160747,0.158728
AAGAGGCCCTTTGGAA-1,0.143776,0.148448,0.129434,0.346041,0.190901,0.017745,0.023655
AAGATGGCACCGGACC-1,0.031834,0.228384,0.069333,0.051797,0.32843,0.004715,0.285506
AAGATTGGCGGAACGT-1,0.173171,0.058667,0.024756,0.4614,0.236588,0.036635,0.008784
AAGCACCCTGCGTATC-1,0.00002,0.00023,0.307763,0.164732,0.527215,0.00002,0.00002
AAGCATACTCTCCTGA-1,0.100431,0.474322,0.011136,0.031721,0.032177,0.006341,0.343872
AAGCCGAAGCGGTTTA-1,0.035118,0.058004,0.256278,0.103157,0.488315,0.000344,0.058783
AAGCCGCCGTGAAATC-1,0.000132,0.012716,0.000132,0.000132,0.000265,0.000132,0.98649
AAGCCGGAGAGCAGGA-1,0.122331,0.009056,0.282134,0.042698,0.022866,0.156314,0.364601
AAGCGCAGGGCTTTGA-1,0.083223,0.285479,0.091738,0.039388,0.406659,0.00519,0.088322
AAGCGTCCCTCATCGA-1,0.103834,0.177126,0.091186,0.010172,0.261345,0.000056,0.356281
AAGCTAGATCGAGTAA-1,0.060043,0.513965,0.013327,0.004089,0.022091,0.000045,0.386439
AAGCTCGTGCCAAGTC-1,0.003327,0.120412,0.041179,0.058186,0.776836,0.00003,0.00003
AAGCTCTTTCATGGTG-1,0.026596,0.336837,0.089697,0.019622,0.424873,0.033343,0.069033
AAGGAGCGGTTGGTGC-1,0.111344,0.00207,0.006444,0.693905,0.159712,0.021441,0.005084
AAGGATCGATCGCTTG-1,0.175639,0.166244,0.083543,0.075763,0.391107,0.01984,0.087864
AAGGATGAGGGACCTC-1,0.091588,0.026547,0.063124,0.538961,0.264659,0.006286,0.008834
AAGGCAGGCTGTCTCC-1,0.185461,0.149788,0.137096,0.029287,0.092172,0.156952,0.249244
AAGGCGCGTAAAGCTT-1,0.002413,0.000042,0.000227,0.000042,0.000084,0.366742,0.63045
AAGGCTGTGCTCATCG-1,0.21654,0.009451,0.085785,0.465392,0.099309,0.100743,0.022781
AAGGGAACGACTGGCT-1,0.027838,0.234863,0.053426,0.085471,0.270419,0.003988,0.323995
AAGGGACAGATTCTGT-1,0.198429,0.074404,0.075636,0.145317,0.241181,0.160496,0.104536
AAGGGACTATGCATTC-1,0.032165,0.259607,0.002678,0.000063,0.000473,0.000637,0.704379
AAGGGTTTGATTTCAG-1,0.045297,0.131435,0.26449,0.028643,0.412469,0.063119,0.054547
AAGGTATCCTAATATA-1,0.392689,0.117198,0.052475,0.222673,0.114528,0.043889,0.056547
AAGGTGATAAACCAGC-1,0.028846,0.215677,0.152196,0.019073,0.548765,0.016594,0.018849
AAGTAGAAGACCGGGT-1,0.337954,0.070792,0.025822,0.115308,0.045055,0.126418,0.278651
AAGTAGTGACGCGAGG-1,0.364962,0.048567,0.024679,0.347572,0.042895,0.029291,0.142033
AAGTCAATTGTCGTCA-1,0.027925,0.045737,0.17766,0.048458,0.620291,0.045396,0.034532
AAGTCTTCTGTGGCCT-1,0.083561,0.063106,0.004182,0.489083,0.04285,0.000081,0.317136
AAGTGACGACCGAATT-1,0.178528,0.026452,0.018675,0.540057,0.229649,0.004077,0.002562
AAGTGAGTCGGGTTTA-1,0.000098,0.031647,0.000098,0.000098,0.000196,0.000098,0.967764
AAGTGCAAAGGTAGAC-1,0.260738,0.183623,0.034148,0.156655,0.061012,0.070676,0.233148
AAGTGCCTTGACTGTA-1,0.068266,0.134644,0.242102,0.048221,0.390387,0.037156,0.079225
AAGTGCGTTAGAATCT-1,0.016342,0.542264,0.10535,0.00525,0.166967,0.046047,0.11778
AAGTGCTTCTCTATTG-1,0.000139,0.028397,0.297849,0.000139,0.130177,0.000139,0.543161
AAGTGTTTGGAGACGG-1,0.080506,0.351684,0.122941,0.003224,0.277155,0.003319,0.16117
AAGTTCACTCCAAGCT-1,0.007036,0.033796,0.100655,0.020408,0.835913,0.000016,0.002176
AAGTTCAGTCTGCGTA-1,0.018835,0.063164,0.000117,0.044454,0.191642,0.368574,0.313214
AAGTTCGGCCAACAGG-1,0.014312,0.229146,0.322783,0.004711,0.081385,0.063012,0.284651
AAGTTGTGATGTTATA-1,0.297437,0.205193,0.015928,0.102355,0.296868,0.00516,0.077058
AAGTTTATGGGCCCAA-1,0.029604,0.111977,0.161266,0.062974,0.601156,0.002892,0.030131
AATAACAACGCTCGGC-1,0.576921,0.141001,0.002799,0.047284,0.01799,0.038974,0.175031
AATAACACTAGAACAA-1,0.081807,0.359276,0.057148,0.072875,0.283168,0.021093,0.124633
AATAATCTTCGTATCG-1,0.090753,0.027097,0.122133,0.338597,0.140359,0.203894,0.077167
AATACAATGTTTCAGG-1,0.217397,0.202358,0.014571,0.16494,0.183484,0.003013,0.214237
AATACCGGAGGGCTGT-1,0.000333,0.141707,0.000333,0.000333,0.000666,0.000333,0.856295
AATACCTGATGTGAAC-1,0.089011,0.125629,0.005655,0.320466,0.399076,0.000064,0.060099
AATAGAACAGAGTGGC-1,0.034322,0.156338,0.146804,0.000954,0.077545,0.068594,0.515444
AATAGAATCTGTTTCA-1,0.022384,0.085523,0.08716,0.037266,0.71993,0.043849,0.003889
AATAGCTACCGCGTGC-1,0.216693,0.025543,0.083129,0.137808,0.050171,0.11152,0.375137
AATAGTCCGTCCCGAC-1,0.003059,0.165566,0.404153,0.077206,0.039239,0.000046,0.31073
AATAGTCGCGAGTCGG-1,0.321297,0.387915,0.008941,0.065326,0.060448,0.011937,0.144137
AATATCAAGGTCGGAT-1,0.169039,0.195121,0.094179,0.256352,0.122118,0.042576,0.120615
AATATCCTAGCAAACT-1,0.233386,0.363532,0.028751,0.137915,0.053076,0.000028,0.183312
AATATCGAATCAATGC-1,0.074865,0.11273,0.154222,0.226535,0.398309,0.008477,0.024861
AATATCGAGGGTTCTC-1,0.263076,0.070128,0.053131,0.258964,0.266449,0.043734,0.044517
AATATTGGAGTATTGA-1,0.001569,0.000141,0.001441,0.00004,0.00008,0.350134,0.646595
AATCAGACTGCAGGAC-1,0.117397,0.086151,0.104291,0.168245,0.374388,0.023513,0.126015
AATCAGGTTTCATTTA-1,0.000163,0.232913,0.463709,0.000163,0.144684,0.000163,0.158205
AATCATGTAAAGACTC-1,0.059682,0.167437,0.286092,0.025235,0.384189,0.023422,0.053943
AATCCAAGGGCCTGAG-1,0.407063,0.153637,0.020677,0.02559,0.070729,0.016419,0.305885
AATCCATGCAAGGGTG-1,0.070626,0.049728,0.492497,0.192899,0.130129,0.03077,0.033351
AATCGCCTCAGCGCCA-1,0.015656,0.066824,0.139777,0.03838,0.733749,0.004214,0.0014
AATCGCGCAGAGGACT-1,0.222457,0.110458,0.093635,0.110948,0.407439,0.001937,0.053126
AATCGGGACACTACGA-1,0.000103,0.000103,0.000103,0.000103,0.000207,0.000103,0.999276
AATCGGTATAGCCCTC-1,0.214845,0.101988,0.05984,0.332199,0.252394,0.013274,0.02546
AATCGTGAGCCGAGCA-1,0.057559,0.416423,0.086348,0.031963,0.360733,0.000028,0.046945
AATCTAGGTTTACTTG-1,0.044428,0.633742,0.087982,0.033839,0.100438,0.000053,0.099518
AATCTATGCCGGAGCC-1,0.22465,0.141161,0.05807,0.192299,0.134951,0.046087,0.202781
AATCTCTACTGTGGTT-1,0.075538,0.060675,0.008191,0.016601,0.007844,0.008746,0.822404
AATCTGCGTTGGGACG-1,0.047475,0.079319,0.241246,0.113628,0.425734,0.022401,0.070197
AATCTGGCTTTCTAGT-1,0.066272,0.526269,0.091237,0.003574,0.146922,0.000046,0.165679
AATGACAGCAATGTCT-1,0.131631,0.455783,0.057989,0.002037,0.161522,0.015166,0.175872
AATGACGTAGGATGTC-1,0.126946,0.2717,0.127609,0.024693,0.271715,0.011299,0.166038
AATGACTGTCAGCCGG-1,0.041089,0.025498,0.001616,0.022976,0.000146,0.047401,0.861274
AATGAGTTCGCATATG-1,0.128303,0.081464,0.199481,0.293009,0.185014,0.020383,0.092347
AATGATGATACGCTAT-1,0.282673,0.038281,0.096517,0.321671,0.139111,0.076061,0.045687
AATGATGCGACTCCTG-1,0.153236,0.055884,0.016483,0.179367,0.333873,0.162089,0.099068
AATGCAACCGGGTACC-1,0.257306,0.001944,0.110113,0.379742,0.106796,0.089239,0.05486
AATGCACCAAGCAATG-1,0.157389,0.059177,0.010162,0.426326,0.108422,0.113065,0.125459
AATGGTCCACCGTTCA-1,0.515613,0.086454,0.024073,0.171707,0.092661,0.023614,0.085878
AATGGTTCTCACAAGC-1,0.30794,0.129262,0.018609,0.028531,0.127037,0.061015,0.327606
AATGTATGGCACTGTA-1,0.000069,0.042256,0.552049,0.009363,0.028106,0.000069,0.368089
AATGTGCCCGAGGTGT-1,0.023124,0.428128,0.189164,0.008261,0.146474,0.013351,0.191499
AATGTGCTAATCTGAG-1,0.000454,0.000454,0.000454,0.000454,0.000907,0.000454,0.996824
AATGTTGTCGTGAGAC-1,0.283791,0.071962,0.073082,0.127206,0.130493,0.101476,0.211991
AATTAAAGGTCGGCGT-1,0.083141,0.576529,0.038498,0.002643,0.083208,0.059471,0.15651
AATTAACGGATTTCCA-1,0.019848,0.294551,0.11099,0.04525,0.179175,0.000051,0.350136
AATTACGAGACCCATC-1,0.048613,0.422795,0.066708,0.016199,0.405508,0.000024,0.040154
AATTACTCGTACGCTC-1,0.004837,0.094501,0.172361,0.000035,0.012157,0.237304,0.478805
AATTAGCGCTGCAGCG-1,0.015481,0.070686,0.771814,0.032933,0.030308,0.019741,0.059038
AATTCATAAGGGATCT-1,0.41592,0.0826,0.010832,0.057015,0.125346,0.081276,0.227012
AATTCATTGTCATGCA-1,0.0161,0.056488,0.163929,0.007583,0.33038,0.00004,0.425481
AATTCCAAGCATGTAC-1,0.051368,0.100741,0.218612,0.054026,0.291625,0.015181,0.268448
AATTCGATTCGAGGAT-1,0.054273,0.310189,0.047728,0.023304,0.54064,0.000022,0.023844
AATTCTAGAGTTAGGC-1,0.034392,0.029274,0.39901,0.079175,0.096781,0.163897,0.197471
AATTGAACGCTCTGGT-1,0.234343,0.14657,0.317918,0.003186,0.293518,0.001333,0.003132
AATTGCAGCAATCGAC-1,0.21193,0.360876,0.034112,0.067149,0.075249,0.03973,0.210954
AATTGCGTGGATTACA-1,0.000196,0.294796,0.052435,0.000196,0.000393,0.000196,0.651787
AATTGTGGTTGCCAAA-1,0.170858,0.054505,0.026517,0.570764,0.134145,0.00292,0.040291
AATTTGGTTCCAAAGA-1,0.071077,0.003228,0.025594,0.500743,0.013598,0.173952,0.211808
ACAAACCATGCGTCCT-1,0.005705,0.245002,0.086804,0.001196,0.046463,0.01289,0.60194
ACAAAGAAGGTAGGCC-1,0.299548,0.352037,0.004945,0.10565,0.054141,0.003869,0.17981
ACAAAGCATGACCTAG-1,0.196686,0.15422,0.050887,0.113499,0.447782,0.006892,0.030034
ACAAATCGCACCGAAT-1,0.039231,0.13585,0.311418,0.054366,0.308086,0.030105,0.120945
ACAAATGGTAGTGTTT-1,0.041811,0.521618,0.075968,0.009659,0.283657,0.005021,0.062265
ACAACAGCATGAGCTA-1,0.093849,0.113281,0.186545,0.052492,0.236638,0.151746,0.165449
ACAACGGTCCCTGCGA-1,0.200727,0.271621,0.056868,0.150132,0.046035,0.032958,0.24166
ACAAGCAGTGCCTAGC-1,0.098651,0.012418,0.000068,0.00335,0.000136,0.034377,0.850999
ACAAGCTATATGGAAG-1,0.027877,0.085891,0.01735,0.158211,0.142267,0.000081,0.568322
ACAAGGAAATCCGCCC-1,0.031038,0.173679,0.466072,0.070145,0.182456,0.019733,0.056878
ACAAGGACAAGAGGTT-1,0.25374,0.039288,0.015488,0.01362,0.061216,0.034977,0.581671
ACAAGGATGCTTTAGG-1,0.01761,0.164802,0.383471,0.030886,0.323494,0.027051,0.052686
ACAAGGGCAGGCTCTG-1,0.010697,0.155219,0.079717,0.000035,0.066213,0.251624,0.436495
ACAATAGTCGTACGTT-1,0.175097,0.339533,0.010922,0.023409,0.067104,0.079758,0.304177
ACAATCCATTTAAACC-1,0.181882,0.112365,0.009632,0.454478,0.188589,0.004092,0.048962
ACAATGAATACGGAGA-1,0.012567,0.407437,0.006073,0.000047,0.009143,0.000047,0.564685
ACAATTGTGTCTCTTT-1,0.063702,0.11258,0.16748,0.08395,0.460515,0.040832,0.070941
ACAATTTAGGAGGCTC-1,0.400187,0.154805,0.001906,0.204972,0.049615,0.000024,0.188492
ACAATTTGAGCAGTGG-1,0.219473,0.08717,0.011105,0.335255,0.334468,0.001449,0.01108
ACAATTTGGCCATATT-1,0.29234,0.069613,0.035966,0.35503,0.211561,0.012984,0.022505
ACACAAAGACGGGTGG-1,0.02292,0.031657,0.083998,0.08845,0.079138,0.007609,0.686227
ACACACCAGGACCAGT-1,0.014096,0.131706,0.199243,0.031501,0.583336,0.013368,0.02675
ACACACTTTCTACACG-1,0.058317,0.021103,0.000133,0.154893,0.000266,0.001464,0.763824
ACACATGATCAAATCT-1,0.014887,0.110384,0.165191,0.038387,0.509434,0.000268,0.161449
ACACATTGACGCAACA-1,0.010812,0.255765,0.099443,0.034379,0.453498,0.000697,0.145405
ACACCACATAATTAGC-1,0.199398,0.05287,0.191182,0.197215,0.275512,0.02532,0.058502
ACACCCAGCATGCAGC-1,0.054182,0.002386,0.073043,0.210315,0.026644,0.167006,0.466423
ACACCCGAGAAATCCG-1,0.397752,0.175385,0.015046,0.067173,0.025697,0.01853,0.300418
ACACCGAGCGCTCTTT-1,0.017001,0.131668,0.352648,0.013933,0.122297,0.149004,0.213448
ACACCGGTCTGACCGC-1,0.000123,0.061933,0.035474,0.000123,0.000247,0.000125,0.901975
ACACCTTAAGTAGGGC-1,0.011747,0.057027,0.027584,0.267705,0.066861,0.000116,0.56896
ACACCTTACTACTTGC-1,0.180681,0.14742,0.03774,0.129534,0.365403,0.035886,0.103336
ACACGAGACTCCTTCT-1,0.132637,0.13723,0.062664,0.226075,0.379878,0.023397,0.038118
ACACGGCACTATGCAT-1,0.000159,0.000159,0.000159,0.000159,0.000318,0.000159,0.998888
ACACGGGAACTTAGGG-1,0.549033,0.131402,0.008963,0.078477,0.052288,0.019958,0.159879
ACACGTAGGCCACAAG-1,0.225308,0.082823,0.103222,0.128158,0.347012,0.064656,0.048821
ACACTCCAATGTCACT-1,0.139463,0.409682,0.02984,0.071167,0.25535,0.013157,0.081341
ACACTGATCAAGGTGT-1,0.039133,0.270173,0.43231,0.045351,0.038171,0.007633,0.167229
ACACTGGGACAGTCGT-1,0.158615,0.158832,0.030963,0.267146,0.305096,0.01292,0.066428
ACAGAACTGAGAACAA-1,0.008689,0.2553,0.081565,0.029243,0.595659,0.003205,0.02634
ACAGATTAGGTTAGTG-1,0.000122,0.008036,0.000122,0.000122,0.000244,0.185489,0.805864
ACAGCATAGAGCCAGT-1,0.091823,0.002615,0.000122,0.276857,0.024571,0.000122,0.603889
ACAGCGACATTCTCAT-1,0.032061,0.087543,0.122255,0.122336,0.560568,0.019249,0.055988
ACAGCGCACCCGCAGC-1,0.000132,0.000132,0.000132,0.000132,0.000265,0.00015,0.999056
ACAGGCACGGATCCTT-1,0.29921,0.103811,0.03913,0.202279,0.303627,0.018114,0.033829
ACAGGCTTGCCCGACT-1,0.045677,0.100669,0.275837,0.081347,0.396445,0.02262,0.077405
ACAGGTGGAGGTGAGG-1,0.04171,0.428626,0.077774,0.020671,0.279558,0.002855,0.148806
ACAGGTGTGTTGTTGC-1,0.030863,0.026602,0.201724,0.087247,0.054117,0.050086,0.54936
ACAGTAATACAACTTG-1,0.129944,0.072407,0.02003,0.396775,0.369912,0.002767,0.008164
ACAGTATACCGTGGGA-1,0.041415,0.008333,0.000131,0.000131,0.005064,0.039201,0.905725
ACATAAGTCGTGGTGA-1,0.180369,0.310665,0.076009,0.056329,0.293332,0.026152,0.057144
ACATAATAAGGCGGTG-1,0.010313,0.011633,0.000116,0.100314,0.041899,0.015065,0.82066
ACATCAGCTGGGACGC-1,0.134644,0.047606,0.041848,0.385617,0.038231,0.042801,0.309254
ACATCCCGGCCATACG-1,0.037222,0.022526,0.214566,0.000083,0.000662,0.074368,0.650572
ACATCCTGGTAACTGT-1,0.008661,0.01658,0.343978,0.089781,0.527912,0.004755,0.008333
ACATCGATCGTTTACC-1,0.034569,0.269541,0.178752,0.040627,0.374107,0.000041,0.102363
ACATCGGTCAGCCGCG-1,0.180207,0.331535,0.146056,0.036816,0.119096,0.082566,0.103724
ACATCGTATGCAATGG-1,0.084111,0.30801,0.102896,0.026757,0.222796,0.025442,0.229989
ACATCGTTAACCTAGT-1,0.000144,0.000144,0.000144,0.000144,0.000287,0.093686,0.905451
ACATGGCGCCAAAGTA-1,0.035469,0.196687,0.164318,0.071731,0.442961,0.023386,0.065447
ACATGGCTCAATTTAG-1,0.053068,0.32186,0.127762,0.045805,0.150106,0.041727,0.259671
ACATTAGTTTATATCC-1,0.038097,0.332172,0.034661,0.000114,0.037855,0.008101,0.548999
ACATTTGAAACCTAAC-1,0.140817,0.192265,0.088832,0.021307,0.076756,0.092,0.388023
ACCAAACACCCAGCGA-1,0.102085,0.015142,0.000099,0.105567,0.006129,0.000099,0.770878
ACCAACACCACACACT-1,0.2244,0.044559,0.020389,0.362804,0.088602,0.000252,0.258993
ACCAACCGCACTCCAC-1,0.239524,0.167538,0.033877,0.075458,0.315483,0.026652,0.141469
ACCAACGCTTATTTAT-1,0.045478,0.213156,0.150154,0.012051,0.162283,0.01843,0.398447
ACCAAGAACGCGTGTC-1,0.198892,0.074737,0.075331,0.17303,0.041856,0.107021,0.329134
ACCAAGTCATCGGCAG-1,0.257653,0.062434,0.075148,0.185677,0.175835,0.164019,0.079234
ACCAATATGCAAGTTA-1,0.005381,0.007882,0.817822,0.010575,0.081019,0.074523,0.002798
ACCACAAGTTTCTATC-1,0.197622,0.083358,0.037802,0.264497,0.155699,0.016328,0.244692
ACCACCAATGTAACAA-1,0.162972,0.237125,0.254391,0.014543,0.094943,0.046339,0.189687
ACCACCCTCTCTTCTA-1,0.041144,0.000711,0.020891,0.018613,0.002202,0.003147,0.913292
ACCACGTGCAGCTATA-1,0.101571,0.12736,0.178874,0.06672,0.369585,0.012252,0.143637
ACCACTGTTCAAGAAG-1,0.07292,0.408145,0.050801,0.026318,0.151797,0.01045,0.279568
ACCAGACCATAACAAC-1,0.084238,0.050628,0.004365,0.029934,0.004679,0.004799,0.821357
ACCAGTGCGGGAGACG-1,0.07565,0.241554,0.10676,0.022331,0.543771,0.000026,0.009909
ACCATATCCGCAATAA-1,0.035644,0.261564,0.104322,0.018935,0.550598,0.022533,0.006404
ACCATCCGCCAACTAG-1,0.339853,0.159727,0.00583,0.281694,0.153285,0.00002,0.05959
ACCATCGTATATGGTA-1,0.044218,0.509031,0.033644,0.000044,0.01993,0.000044,0.39309
ACCATTAAGGGTGTCA-1,0.040884,0.505848,0.102018,0.024721,0.225881,0.000051,0.100597
ACCCAACGCCCGTGGC-1,0.175376,0.102957,0.043249,0.213389,0.44785,0.009553,0.007627
ACCCACCTACATGCTC-1,0.517,0.200842,0.004484,0.186304,0.043487,0.000031,0.047852
ACCCATCTTGAGGGTA-1,0.458053,0.26874,0.016566,0.045916,0.045161,0.002498,0.163066
ACCCATTTGTCCCTCT-1,0.170717,0.385968,0.052203,0.016191,0.147474,0.003146,0.2243
ACCCGAGCGAAATTAC-1,0.001465,0.060219,0.000067,0.000064,0.000128,0.041021,0.897035
ACCCGATTGGTTCCGA-1,0.000273,0.000273,0.000273,0.000273,0.000546,0.000273,0.99809
ACCCGGAAACTCCCAG-1,0.010305,0.107984,0.090462,0.054796,0.235784,0.000047,0.500623
ACCCGGAGCACCACAA-1,0.159135,0.019479,0.097726,0.176977,0.045189,0.261183,0.24031
ACCCGGATGACGCATC-1,0.010421,0.009639,0.494261,0.047245,0.319429,0.108407,0.010598
ACCCGGTTACACTTCC-1,0.064874,0.191678,0.439083,0.00365,0.136492,0.067709,0.096513
ACCCGTAGTCTAGTTG-1,0.287108,0.041089,0.017953,0.278514,0.167263,0.011006,0.197067
ACCCGTGTCATCAGTA-1,0.000153,0.064445,0.051701,0.000153,0.000542,0.000153,0.882853
ACCCTATAGGACTGAG-1,0.056459,0.118977,0.231967,0.126256,0.398708,0.039058,0.028575
ACCCTATGCCATATCG-1,0.049067,0.350791,0.058648,0.237711,0.039323,0.00021,0.26425
ACCCTCCCGTCAGGGC-1,0.257571,0.258169,0.012193,0.176792,0.188412,0.008108,0.098755
ACCCTCCCTTGCTATT-1,0.059539,0.171058,0.226015,0.046653,0.42314,0.042354,0.031241
ACCCTGGTAACGCCCT-1,0.036039,0.061477,0.078789,0.062957,0.04004,0.113744,0.606954
ACCCTTCATCTGCGAA-1,0.235634,0.041055,0.273046,0.137297,0.005915,0.028514,0.278539
ACCGAAAGGGCCCTGC-1,0.02624,0.058363,0.000063,0.000063,0.000126,0.000063,0.915082
ACCGAAGAGTCTGGTT-1,0.027702,0.241393,0.082647,0.061109,0.552516,0.007932,0.026701
ACCGACACATCTCCCA-1,0.092257,0.313727,0.176304,0.005967,0.139024,0.000481,0.27224
ACCGACTGAGTCCCAC-1,0.272012,0.308882,0.006309,0.057067,0.05882,0.001351,0.295559
ACCGAGTCTCCTTATT-1,0.086687,0.543303,0.032228,0.02704,0.171475,0.000029,0.139239
ACCGATAGGCATAACC-1,0.288969,0.075215,0.193362,0.214222,0.10167,0.015312,0.11125
ACCGATATTTAATCAT-1,0.17377,0.024396,0.222921,0.385288,0.106934,0.021481,0.06521
ACCGATGGTAGCATCG-1,0.026746,0.056709,0.237563,0.147324,0.40352,0.08577,0.042368
ACCGCAATAACTGCCT-1,0.010916,0.087622,0.05993,0.192771,0.624019,0.00002,0.024721
ACCGCGGTGGAAGTCG-1,0.059184,0.027474,0.160491,0.132355,0.446,0.009715,0.164781
ACCGGGCCTTTGTTGA-1,0.001579,0.007139,0.092636,0.043141,0.855479,0.000013,0.000013
ACCGGTCAGGTACACC-1,0.013043,0.014718,0.343696,0.074527,0.478193,0.064015,0.011808
ACCGTCCACTGGGCCC-1,0.046866,0.192904,0.127857,0.008667,0.132554,0.045785,0.445368
ACCGTGACCACGTGGG-1,0.00018,0.072572,0.00018,0.00018,0.000359,0.00018,0.92635
ACCTAAGTACCTTTCA-1,0.082893,0.452669,0.080075,0.024247,0.309374,0.00488,0.045861
ACCTAATCGACTTCCT-1,0.107131,0.08658,0.081343,0.123473,0.026143,0.137308,0.438022
ACCTACAGTATGTGGT-1,0.289521,0.231783,0.056119,0.058695,0.231211,0.00193,0.13074
ACCTACTATAAATCTA-1,0.01266,0.388655,0.02575,0.007304,0.062577,0.000041,0.503013
ACCTCCGCCCTCGCTG-1,0.20249,0.063094,0.090951,0.10237,0.360556,0.079372,0.101167
ACCTCCGTTATTCACC-1,0.031511,0.017993,0.048997,0.544778,0.330971,0.00002,0.02573
ACCTCGAACTTATGCT-1,0.001096,0.042589,0.231829,0.070975,0.468749,0.000452,0.184311
ACCTGCGTGTCATGTT-1,0.031382,0.009186,0.023282,0.417958,0.517392,0.000788,0.000011
ACGAAATGGGCGGCAC-1,0.041118,0.03777,0.000078,0.096714,0.043871,0.003311,0.777137
ACGACCCATGAGTTGC-1,0.091925,0.021556,0.104748,0.152558,0.034143,0.350455,0.244616
ACGACTCTAGGGCCGA-1,0.267644,0.164083,0.041334,0.11887,0.253648,0.035693,0.118729
ACGACTGGTCATACTC-1,0.000133,0.144173,0.097979,0.000133,0.01969,0.003917,0.733975
ACGAGAACCCATCACG-1,0.229548,0.172002,0.069597,0.118728,0.085099,0.058219,0.266807
ACGAGATATTTGCTTA-1,0.000161,0.000161,0.000161,0.000161,0.000323,0.000161,0.998871
ACGAGGATACCACTCT-1,0.035616,0.324172,0.108784,0.016527,0.469171,0.000021,0.045709
ACGAGGTTTACAACGT-1,0.002987,0.015665,0.07863,0.016058,0.880433,0.006215,0.000012
ACGAGTACGGATGCCC-1,0.256693,0.047765,0.012754,0.373276,0.307188,0.000024,0.002301
ACGAGTCGCCGGCGTT-1,0.007548,0.046441,0.469245,0.076649,0.396478,0.000402,0.003238
ACGATACATAGAACTA-1,0.316001,0.02893,0.009213,0.473053,0.129254,0.005321,0.038227
ACGATACCTATCCTGA-1,0.109604,0.014476,0.039034,0.537257,0.029556,0.054734,0.215339
ACGATCATACATAGAG-1,0.188887,0.032017,0.034517,0.558286,0.163229,0.003624,0.019441
ACGATCATCTTGTAAA-1,0.01644,0.014962,0.515087,0.12079,0.15931,0.13106,0.04235
ACGATGCATATGTTAT-1,0.118324,0.076079,0.083265,0.29342,0.422208,0.004811,0.001892
ACGATGGATCCGATGC-1,0.334939,0.049273,0.013575,0.011552,0.000303,0.113426,0.476933
ACGCAAACTAATAGAT-1,0.000046,0.016504,0.242695,0.100195,0.595961,0.000676,0.043923
ACGCAATCACTACAGC-1,0.330358,0.07129,0.058966,0.236149,0.20495,0.067462,0.030825
ACGCATACGTTTACTA-1,0.086299,0.195599,0.162293,0.034865,0.35606,0.100321,0.064563
ACGCATTCGTGAGTAC-1,0.056209,0.011472,0.065526,0.301362,0.342203,0.222379,0.000849
ACGCCAGATGATTTCT-1,0.000142,0.000142,0.000142,0.000142,0.000283,0.072516,0.926634
ACGCCAGTGCGTTTGC-1,0.148147,0.071038,0.034062,0.414982,0.287296,0.008935,0.03554
ACGCCGCTAGACGACC-1,0.108049,0.203099,0.118474,0.008422,0.131377,0.009033,0.421546
ACGCGAAGTCAGACGA-1,0.043266,0.406191,0.016749,0.014368,0.069408,0.077413,0.372606
ACGCGCTACACAGGGT-1,0.46035,0.344012,0.001449,0.067701,0.056061,0.002007,0.068419
ACGCGGGCCAAGGACA-1,0.429868,0.242302,0.000781,0.000905,0.008129,0.004226,0.313791
ACGCGTTTCTTAAGAG-1,0.002973,0.002124,0.457636,0.143298,0.278069,0.114931,0.000969
ACGCTACTGAATGGGC-1,0.17161,0.073992,0.00011,0.00011,0.024349,0.00011,0.729719
ACGCTAGTGATACACT-1,0.217736,0.207129,0.054689,0.084036,0.218869,0.044364,0.173177
ACGCTGTGAGGCGTAG-1,0.385375,0.052245,0.009001,0.32155,0.095414,0.042317,0.094099
ACGGAACACGAGTGCC-1,0.289851,0.193886,0.0655,0.048685,0.181348,0.095543,0.125187
ACGGAATTTAGCAAAT-1,0.253388,0.197779,0.095798,0.180141,0.131525,0.031057,0.110313
ACGGACTCTCAAAGCG-1,0.026574,0.084015,0.164572,0.068452,0.643355,0.004636,0.008396
ACGGAGCGCAAATTAC-1,0.187963,0.037416,0.051867,0.128171,0.076754,0.322092,0.195735
ACGGATGGTGCGGATA-1,0.047711,0.212347,0.089126,0.034981,0.597846,0.000021,0.017967
ACGGCACTTGCTTGGG-1,0.092174,0.283964,0.03613,0.000086,0.045235,0.003202,0.539208
ACGGCCAACATGGACT-1,0.003714,0.159989,0.035352,0.00007,0.027422,0.00007,0.773383
ACGGCGACGATGGGAA-1,0.033121,0.051264,0.140678,0.176588,0.565611,0.002086,0.030652
ACGGCGGGTTGCCCTG-1,0.109206,0.092587,0.238646,0.062754,0.266663,0.048347,0.181798
ACGGCTGGATGTAGAA-1,0.04248,0.20332,0.281061,0.037021,0.126574,0.04516,0.264384
ACGGGAGTGTCGGCCC-1,0.006976,0.027683,0.201694,0.036632,0.726508,0.000494,0.000013
ACGGGCGTATGCGACA-1,0.347905,0.075177,0.035776,0.193331,0.03997,0.021595,0.286246
ACGGGTCATGTGACTT-1,0.04242,0.299571,0.062243,0.012391,0.062554,0.017603,0.503218
ACGGTACAGTTCAATG-1,0.215587,0.193747,0.064755,0.077679,0.09077,0.065177,0.292285
ACGTACAGATTTCTCT-1,0.151407,0.126746,0.125839,0.063152,0.008742,0.01423,0.509884
ACGTACTTTGGCACGG-1,0.000617,0.000617,0.000617,0.000617,0.001234,0.000617,0.995682
ACGTAGATTGCTGATG-1,0.162573,0.398752,0.023722,0.060782,0.152275,0.000051,0.201844
ACGTAGGAGAGTCGCT-1,0.02239,0.032181,0.036646,0.111734,0.79168,0.005047,0.000321
ACGTATTACTCCGATC-1,0.118929,0.171212,0.172536,0.027795,0.412609,0.002479,0.09444
ACGTCGGGCAACTCGG-1,0.000111,0.431542,0.06307,0.003172,0.26555,0.000111,0.236443
ACGTCTCGTTCCGGGA-1,0.130609,0.012833,0.011259,0.667101,0.136273,0.033689,0.008236
ACGTGACAAAGTAAGT-1,0.020869,0.295446,0.236999,0.048436,0.343855,0.009547,0.044848
ACGTGCGCCTCGTGCA-1,0.397479,0.007434,0.18331,0.127931,0.086195,0.019036,0.178614
ACGTTAATGTCGAAGA-1,0.038547,0.404769,0.10461,0.020522,0.234627,0.000038,0.196887
ACGTTAGATTTGCCCG-1,0.132367,0.070248,0.013661,0.304634,0.47692,0.001278,0.000892
ACGTTATTGGTCACTC-1,0.052969,0.099797,0.213309,0.100627,0.519836,0.005295,0.008167
ACGTTCCGCGCTCCGT-1,0.000104,0.000104,0.000104,0.000104,0.000208,0.000104,0.999273
ACGTTCGCAATCAATT-1,0.378539,0.099127,0.053969,0.116687,0.155596,0.034167,0.161914
ACGTTCGTTCAGGAAA-1,0.000121,0.00339,0.000121,0.000121,0.000242,0.000121,0.995883
ACGTTCTGTACAAGTC-1,0.104402,0.168474,0.136274,0.111552,0.219636,0.05712,0.202542
ACGTTTAGTTGTGATC-1,0.159729,0.058722,0.003726,0.266726,0.214518,0.096701,0.199878
ACGTTTCGGTGCACTT-1,0.077727,0.079299,0.000263,0.180271,0.000525,0.008207,0.653708
ACTACAAAGAGAGGTG-1,0.001426,0.123635,0.013108,0.000057,0.079793,0.000056,0.781925
ACTACATCCCGACAAG-1,0.00006,0.270988,0.200811,0.004472,0.134721,0.00006,0.388887
ACTACCAGCTCTCTGG-1,0.000133,0.02454,0.000133,0.000133,0.000266,0.000133,0.974662
ACTACGCGTTAGAATT-1,0.000066,0.072866,0.126401,0.021553,0.170978,0.004148,0.603988
ACTAGTTGCGATCGTC-1,0.050561,0.186319,0.441933,0.143327,0.14322,0.003137,0.031504
ACTATATGCTGTGTTC-1,0.000034,0.000034,0.000034,0.000034,0.000068,0.999762,0.000034
ACTATCCAGGGCATGG-1,0.258538,0.192935,0.183365,0.064286,0.202808,0.058213,0.039854
ACTATCGCCGGCTAAA-1,0.058094,0.406613,0.089372,0.036028,0.333735,0.020459,0.055698
ACTATCTGCCCGCGTA-1,0.198955,0.137203,0.150686,0.177508,0.235882,0.020443,0.079323
ACTATGTCCAGCTGCC-1,0.008625,0.125733,0.026335,0.072346,0.152455,0.000091,0.614415
ACTATTCGTCCGTGGT-1,0.299999,0.024967,0.025093,0.045128,0.000224,0.008762,0.595828
ACTATTTCCGGGCCCA-1,0.000228,0.27615,0.040973,0.000228,0.238514,0.000228,0.443679
ACTCAACGAATGTATT-1,0.114358,0.116114,0.086702,0.262621,0.201791,0.03364,0.184773
ACTCAAGTGCAAGGCT-1,0.020746,0.300688,0.19136,0.007041,0.341359,0.074682,0.064123
ACTCAATAAAGGCACG-1,0.205829,0.036927,0.019672,0.093407,0.020975,0.419597,0.203594
ACTCAGACCTGCTTCT-1,0.322083,0.065929,0.05099,0.317298,0.153444,0.043208,0.047047
ACTCATGGCAGCCTTC-1,0.000222,0.257976,0.057569,0.000222,0.03993,0.000222,0.643858
ACTCCAATATCATCAT-1,0.000145,0.106389,0.000145,0.000145,0.00029,0.000145,0.892742
ACTCCCATTCCTAAAG-1,0.194968,0.469136,0.064933,0.018999,0.058543,0.020185,0.173237
ACTCCCGAATTCGTTT-1,0.181804,0.110226,0.055837,0.271085,0.321302,0.006505,0.053241
ACTCCCTAATGCTAAA-1,0.106604,0.163662,0.216485,0.013281,0.075689,0.007184,0.417096
ACTCCCTAGAATAGTA-1,0.048612,0.214167,0.119456,0.14316,0.199949,0.069188,0.205467
ACTCCGGCCGACCACT-1,0.147522,0.100265,0.114928,0.25424,0.26469,0.043179,0.075176
ACTCGATGTATTTCAT-1,0.034298,0.248374,0.022933,0.102986,0.377389,0.000059,0.213961
ACTCGCCGTTCGATAA-1,0.271095,0.056439,0.033025,0.410732,0.173316,0.025149,0.030245
ACTCGCGATCTGACGC-1,0.123392,0.01333,0.115139,0.32965,0.04163,0.159253,0.217607
ACTCGTAACCCGTCCT-1,0.023131,0.323012,0.202799,0.0254,0.396877,0.005376,0.023405
ACTCGTCAGTAATCCC-1,0.008616,0.024601,0.569955,0.134844,0.195732,0.035845,0.030408
ACTCTAAACCTGGGAT-1,0.223071,0.068646,0.036687,0.388843,0.21888,0.040427,0.023446
ACTCTCTGACTTAGGT-1,0.003811,0.022558,0.4072,0.065537,0.477572,0.011648,0.011673
ACTCTCTTATACACGA-1,0.000189,0.000189,0.000189,0.000189,0.000378,0.006181,0.992686
ACTCTGACCTAATAGA-1,0.26244,0.108864,0.033277,0.24627,0.285528,0.01051,0.053112
ACTCTTCAGCTCCCGC-1,0.121064,0.013105,0.076638,0.27982,0.072059,0.351447,0.085867
ACTCTTGTATAGTAAC-1,0.028919,0.286481,0.131194,0.051719,0.420831,0.015368,0.065487
ACTGAAACGCCGTTAG-1,0.104102,0.354401,0.134547,0.036644,0.277565,0.015594,0.077147
ACTGAATGGCGAAAGT-1,0.013196,0.076891,0.138453,0.050967,0.696449,0.00295,0.021095
ACTGCCCGCCATTCTC-1,0.000413,0.000413,0.000413,0.000413,0.000826,0.000413,0.997107
ACTGCCGTCGTAACTC-1,0.000099,0.000099,0.000099,0.000099,0.000198,0.031184,0.968221
ACTGCGGACACACCGT-1,0.206145,0.067389,0.047356,0.43247,0.210347,0.009431,0.026861
ACTGCTCGGAAGGATG-1,0.061206,0.218664,0.176062,0.011786,0.224958,0.049759,0.257565
ACTGTACGATACACAT-1,0.28955,0.383586,0.00399,0.014664,0.082266,0.000065,0.225878
ACTGTAGCACTTTGGA-1,0.000137,0.000137,0.045036,0.015988,0.000275,0.093231,0.845196
ACTGTATACGCGAGCA-1,0.277288,0.123168,0.034209,0.080444,0.099339,0.045161,0.340391
ACTGTCCAGGATTATA-1,0.026299,0.01255,0.084771,0.491219,0.313963,0.059111,0.012088
ACTGTCTTCTTTAGAA-1,0.351966,0.281064,0.004788,0.187991,0.081601,0.000044,0.092545
ACTGTGCTAGTAGATC-1,0.095011,0.076488,0.051261,0.462143,0.290069,0.004389,0.020638
ACTTACGCATCCACGC-1,0.036515,0.100206,0.134836,0.056292,0.391507,0.000041,0.280602
ACTTAGTACGACAAGA-1,0.242628,0.167751,0.137313,0.208854,0.033314,0.0718,0.138339
ACTTATACTTACCCGG-1,0.167311,0.079141,0.366329,0.077912,0.195123,0.076019,0.038165
ACTTATTAGGATCGGT-1,0.047139,0.44154,0.05167,0.001002,0.28568,0.000055,0.172913
ACTTATTTATGTGCCA-1,0.039035,0.111767,0.140703,0.042024,0.646464,0.017831,0.002176
ACTTCAGGCTGATCCC-1,0.037451,0.020872,0.096507,0.265903,0.535949,0.031089,0.012228
ACTTCCAGTGGAAGCT-1,0.043687,0.409822,0.145998,0.023955,0.243349,0.000041,0.133148
ACTTCCATGCGGGACA-1,0.008609,0.022863,0.482259,0.00871,0.16142,0.270937,0.0452
ACTTCGCCATACGCAC-1,0.343478,0.088346,0.05495,0.085029,0.042858,0.142102,0.243238
ACTTCGCTAGCGAGTG-1,0.005888,0.000039,0.053836,0.004693,0.000077,0.299166,0.636301
ACTTGACTCCCTCTTT-1,0.045839,0.253693,0.098578,0.22913,0.289812,0.000038,0.08291
ACTTGCTCTATCTACC-1,0.000176,0.213511,0.175661,0.01944,0.174097,0.000176,0.416939
ACTTGGGACCCGGTGG-1,0.312519,0.021488,0.015417,0.285954,0.117535,0.125083,0.122003
ACTTGTAGTCCCTTCA-1,0.179676,0.371152,0.004138,0.097706,0.094746,0.025271,0.227312
ACTTGTGGATGGAACG-1,0.071643,0.012102,0.265036,0.305343,0.306599,0.037363,0.001913
ACTTTACCCTCATGAA-1,0.121014,0.046566,0.195429,0.181355,0.370152,0.062677,0.022808
ACTTTCCTATAGCTTC-1,0.031506,0.083724,0.321855,0.318339,0.231502,0.010184,0.00289
ACTTTGACTGCATCCT-1,0.260573,0.008646,0.02012,0.474049,0.047223,0.118627,0.070763
ACTTTGGTCGTGCTCC-1,0.04128,0.243805,0.088952,0.012993,0.324221,0.000052,0.288696
ACTTTGTCGACGCACT-1,0.259651,0.089679,0.074762,0.193176,0.105314,0.060319,0.217099
AGAAATTATGACTCGC-1,0.151114,0.056557,0.262697,0.184304,0.205018,0.061963,0.078347
AGAACCCAGCGTGACA-1,0.154569,0.03774,0.107384,0.396604,0.105368,0.030795,0.167541
AGAACCCTCAATTGGG-1,0.04547,0.418799,0.043371,0.031209,0.182951,0.000032,0.278168
AGAACGTGGTACATTC-1,0.389898,0.135218,0.018444,0.096169,0.114852,0.022719,0.2227
AGAAGAGCGCCGTTCC-1,0.087634,0.000454,0.760826,0.000454,0.149725,0.000454,0.000454
AGAAGGTACACTTCAC-1,0.019828,0.146316,0.037352,0.027678,0.75405,0.000019,0.014757
AGAAGGTTGCCGAATT-1,0.190681,0.322584,0.058121,0.107802,0.286788,0.00003,0.033994
AGAAGGTTGTAGGTCG-1,0.069771,0.275391,0.232719,0.044725,0.248943,0.037216,0.091236
AGAAGTGATTCGTGAT-1,0.097938,0.450981,0.129072,0.03267,0.253693,0.004274,0.031372
AGAATAAATCTTCAGG-1,0.006425,0.005895,0.011017,0.000034,0.000068,0.12918,0.847381
AGAATTATGGATTCGA-1,0.087982,0.094367,0.374973,0.103949,0.157191,0.131745,0.049793
AGAATTGTTTGACATA-1,0.257509,0.240825,0.078065,0.087283,0.141821,0.067854,0.126644
AGACAGCTCAGAATCC-1,0.100303,0.11159,0.07381,0.282537,0.424241,0.00286,0.004659
AGACAGGCATCTCAGC-1,0.090944,0.008875,0.077085,0.506301,0.095453,0.177712,0.043629
AGACATAGATCCTTCC-1,0.000195,0.013508,0.000061,0.000061,0.000122,0.038069,0.947984
AGACCAAACCACACCT-1,0.005779,0.07882,0.136344,0.053633,0.725398,0.000013,0.000013
AGACCATGGGATACAA-1,0.431171,0.191262,0.01393,0.098761,0.060216,0.02418,0.180481
AGACCCACCGCTGATC-1,0.083997,0.115569,0.155045,0.154071,0.364053,0.017563,0.109703
AGACCCGCCCTCCTCG-1,0.375675,0.004261,0.067089,0.181365,0.026883,0.021205,0.323521
AGACCGCTCCGCGGTT-1,0.203742,0.113843,0.158768,0.163443,0.299594,0.009127,0.051484
AGACCGGGAAACCCTG-1,0.329912,0.260792,0.027324,0.080012,0.049058,0.040336,0.212565
AGACGAAGTGCCGGTC-1,0.032756,0.121446,0.348026,0.034783,0.436128,0.010536,0.016326
AGACGACGATGCCGCT-1,0.059661,0.128686,0.028335,0.090216,0.641369,0.000072,0.05166
AGACGCCCACTTCGCC-1,0.232962,0.184242,0.04004,0.200923,0.107944,0.003181,0.230707
AGACTAGCCTTCCAGA-1,0.180687,0.051727,0.180249,0.080826,0.167331,0.089266,0.249913
AGACTGTTACCGGGTC-1,0.000114,0.000114,0.000114,0.000114,0.000227,0.089507,0.909811
AGAGAAACACCAGAAA-1,0.000163,0.035527,0.000163,0.000163,0.000326,0.000163,0.963494
AGAGAACCGTCTAGGA-1,0.178397,0.161121,0.153256,0.152228,0.076669,0.124584,0.153745
AGAGAAGGAGTACAAT-1,0.009235,0.165527,0.043062,0.000059,0.062641,0.039185,0.680291
AGAGATCTCTAAAGCG-1,0.358828,0.094101,0.017417,0.070464,0.017551,0.087271,0.354368
AGAGCAGTTATGAGAC-1,0.188156,0.303323,0.000049,0.148124,0.022178,0.005277,0.332892
AGAGCCGCCGAGATTT-1,0.16744,0.060292,0.125453,0.216747,0.28105,0.091014,0.058003
AGAGCGGGCTAATCAT-1,0.076311,0.015985,0.204043,0.552317,0.036499,0.040243,0.074602
AGAGCGTACAAGCTCG-1,0.474193,0.193557,0.011707,0.117596,0.033842,0.00005,0.169055
AGAGCTACGAAAGCAT-1,0.044236,0.254182,0.149193,0.083798,0.274583,0.018882,0.175127
AGAGGCTTCGGAAACC-1,0.041677,0.038288,0.338344,0.082934,0.434731,0.0289,0.035126
AGAGTAAACTTCACTA-1,0.082352,0.151934,0.084893,0.107836,0.548512,0.008963,0.01551
AGAGTATAGTGTTACG-1,0.160233,0.037283,0.05617,0.438663,0.074059,0.089012,0.144579
AGATAACTTCAGGGCC-1,0.276898,0.035155,0.006032,0.42527,0.233527,0.007138,0.01598
AGATACCAATAGAACC-1,0.255849,0.147737,0.037581,0.208095,0.204944,0.023705,0.122089
AGATACCGGTGTTCAC-1,0.1388,0.548878,0.005861,0.000048,0.017085,0.000048,0.289281
AGATACGACTTCATAT-1,0.190789,0.338176,0.055322,0.106425,0.145853,0.040086,0.123349
AGATACTCAAGATCGA-1,0.062762,0.145534,0.233597,0.03392,0.515259,0.000504,0.008425
AGATATAATACGACTA-1,0.057174,0.134989,0.077045,0.047654,0.67907,0.000014,0.004054
AGATCGTGCATAAGAT-1,0.418965,0.071987,0.020042,0.241381,0.137997,0.085186,0.024442
AGATCTCAGGTGTGAT-1,0.289796,0.188434,0.015368,0.176737,0.219575,0.019821,0.090268
AGATGACTCGCCCACG-1,0.004413,0.000119,0.000119,0.000119,0.000238,0.169392,0.825599
AGATGATGGAGTCTGG-1,0.121227,0.037324,0.283696,0.161133,0.183231,0.125609,0.087781
AGATGCAAGACGTGCA-1,0.030697,0.139147,0.167205,0.117237,0.295319,0.023044,0.22735
AGATGCATCCTGTGTC-1,0.297814,0.344073,0.022916,0.038466,0.108927,0.033226,0.154579
AGATGCTATAACGAGC-1,0.019672,0.255976,0.217753,0.020022,0.122425,0.042628,0.321525
AGATTATAGGACGTTT-1,0.018404,0.045082,0.025033,0.059586,0.851859,0.000018,0.000018
AGATTCACAACCGATA-1,0.018771,0.152883,0.28969,0.008326,0.340934,0.131384,0.058012
AGCAAAGGCCGCTAGT-1,0.00233,0.065292,0.05515,0.013654,0.862066,0.000013,0.001495
AGCAACATATCTTATT-1,0.023958,0.027047,0.629492,0.025155,0.082638,0.178944,0.032765
AGCAACCGAAAGTAAT-1,0.030932,0.055174,0.050206,0.174032,0.688829,0.000011,0.000817
AGCACACGTTTAGACT-1,0.000224,0.006324,0.000224,0.000224,0.000447,0.000224,0.992334
AGCACCAGTACTCACG-1,0.301748,0.042867,0.107977,0.3863,0.133892,0.005145,0.022071
AGCACTACCGGCCTGT-1,0.055005,0.010374,0.004764,0.038583,0.000196,0.073673,0.817404
AGCACTACCTCACCAG-1,0.029688,0.443517,0.151739,0.016278,0.157458,0.015606,0.185714
AGCACTTAAGGACGCC-1,0.219903,0.167339,0.008482,0.049803,0.001649,0.067278,0.485546
AGCAGAAGGAGAAAGA-1,0.024373,0.133402,0.292611,0.039025,0.209326,0.004938,0.296325
AGCAGCCAGATGAATA-1,0.000071,0.229153,0.008663,0.000071,0.006005,0.000071,0.755966
AGCATATCAATATGCT-1,0.027526,0.111205,0.221684,0.007965,0.488361,0.059049,0.08421
AGCATCATTTCGAAAG-1,0.051989,0.430524,0.353037,0.006168,0.10131,0.002489,0.054483
AGCATCGTCGATAATT-1,0.010404,0.166506,0.003995,0.047052,0.002663,0.001729,0.767651
AGCATTACGAGGCAAG-1,0.177942,0.014333,0.054815,0.366274,0.289836,0.088878,0.007922
AGCCAAGCTTTGTGTC-1,0.014911,0.348475,0.016865,0.02324,0.315928,0.000056,0.280526
AGCCACAGGTTACCCG-1,0.040855,0.09679,0.11915,0.065397,0.665407,0.000638,0.011763
AGCCACTCCCGTGCTT-1,0.270754,0.029005,0.006882,0.432801,0.194997,0.009298,0.056263
AGCCATATAGTATGTG-1,0.010711,0.060483,0.068454,0.018355,0.834883,0.000425,0.006689
AGCCCATACATGTAAG-1,0.180181,0.052086,0.092459,0.186186,0.126554,0.344501,0.018032
AGCCCGCAACAAGCAG-1,0.006547,0.106714,0.172022,0.048873,0.303574,0.002255,0.360016
AGCCCGGCATTAGAGG-1,0.000123,0.125838,0.019694,0.000123,0.068053,0.000123,0.786046
AGCCCGGTAGCCTGTA-1,0.000108,0.192714,0.000108,0.000108,0.000217,0.000108,0.806636
AGCCCTAAGCGAAGTT-1,0.359196,0.068598,0.016666,0.262719,0.049824,0.022254,0.220743
AGCCCTCCCTGGTGGC-1,0.000517,0.000517,0.000517,0.000517,0.001035,0.000517,0.996378
AGCCCTGTCGCACCGT-1,0.069215,0.003111,0.116759,0.413353,0.242713,0.146178,0.008671
AGCCCTTCTAATCCGA-1,0.000077,0.005892,0.000077,0.000077,0.000154,0.867572,0.126153
AGCCCTTGGACATCCC-1,0.00633,0.000014,0.008085,0.718945,0.261898,0.004714,0.000014
AGCCGCAAATTCAAAT-1,0.130086,0.199885,0.036055,0.069721,0.034796,0.000062,0.529397
AGCCGCTTGATTAGCG-1,0.016234,0.385763,0.068937,0.06394,0.316649,0.002001,0.146477
AGCCGTGGCTAAATGT-1,0.049119,0.498721,0.049531,0.010214,0.264909,0.010059,0.117448
AGCCTAATACCCACGT-1,0.016506,0.155919,0.140586,0.025942,0.65286,0.000017,0.008171
AGCCTTAAAGCGGAAG-1,0.215411,0.239943,0.050804,0.113058,0.307835,0.015489,0.05746
AGCGACAGGAACGGTC-1,0.077628,0.405953,0.067325,0.038304,0.26871,0.000037,0.142044
AGCGACATCCCATTCA-1,0.298548,0.009288,0.111422,0.207577,0.062559,0.119762,0.190843
AGCGACCAACGATATT-1,0.070925,0.014186,0.177256,0.03519,0.04834,0.242965,0.411137
AGCGAGACGTGAAGGC-1,0.000319,0.00032,0.000319,0.000319,0.000639,0.000319,0.997764
AGCGATGCGCCTAATA-1,0.2639,0.08364,0.081871,0.231222,0.124997,0.018292,0.196079
AGCGCATAATGAATCG-1,0.00009,0.251887,0.00009,0.00009,0.00018,0.00009,0.747573
AGCGCGGGTGCCAATG-1,0.24811,0.142204,0.056367,0.292274,0.171862,0.029727,0.059456
AGCGCTAGAGCGATGT-1,0.110068,0.005356,0.014381,0.611665,0.240639,0.014897,0.002994
AGCGGACACTTCGTAG-1,0.000101,0.011525,0.015061,0.000074,0.000148,0.026969,0.946124
AGCGGCGGTTAGCGGT-1,0.023847,0.06288,0.358689,0.115407,0.425119,0.006098,0.00796
AGCGGGAAGGGTCCAT-1,0.291668,0.104917,0.185973,0.077571,0.088138,0.06085,0.190883
AGCGGGTCTGACACTC-1,0.067669,0.209865,0.099211,0.192001,0.410455,0.000019,0.020779
AGCGGTTGCCGCTCTG-1,0.000097,0.000097,0.000097,0.000097,0.000195,0.159826,0.83959
AGCGTACGAGAGCTAG-1,0.134375,0.161395,0.078265,0.091691,0.465945,0.009576,0.058754
AGCGTCTGAACCCGCA-1,0.069312,0.004238,0.103684,0.518307,0.211694,0.068605,0.024159
AGCGTGGTATTCTACT-1,0.014603,0.08544,0.701377,0.020249,0.149688,0.007555,0.021089
AGCTAACAAGCAATGT-1,0.002356,0.347098,0.124656,0.02366,0.316125,0.000053,0.186053
AGCTAAGTACGCAGGC-1,0.069103,0.306846,0.087302,0.057256,0.423941,0.019588,0.035963
AGCTAGAAGCAGAAGT-1,0.30816,0.051459,0.04066,0.02662,0.051881,0.390944,0.130275
AGCTATTTAATCCAAC-1,0.000118,0.000118,0.000118,0.000118,0.000235,0.036604,0.962691
AGCTCCATATATGTTC-1,0.113926,0.018928,0.091647,0.323096,0.428571,0.010394,0.013438
AGCTCCTTCGCACATC-1,0.098889,0.14301,0.306252,0.020423,0.302921,0.020996,0.107509
AGCTCTAGACGTTCCA-1,0.076491,0.343744,0.116149,0.015739,0.304368,0.052597,0.090912
AGCTCTTCCCAGTGCA-1,0.250558,0.050321,0.003543,0.184274,0.108675,0.100852,0.301778
AGCTCTTCGTAACCTT-1,0.157183,0.313029,0.057683,0.121762,0.246487,0.039328,0.064527
AGCTCTTTACTCAGTT-1,0.004856,0.045359,0.005715,0.021939,0.922097,0.000017,0.000017
AGCTGAAGTAAACCAA-1,0.420134,0.076949,0.014534,0.298087,0.067286,0.043419,0.079591
AGCTGTAACCTCAATC-1,0.029996,0.440212,0.142793,0.00571,0.103021,0.000394,0.277873
AGCTTCTTCTCGAGCA-1,0.279038,0.130879,0.074579,0.118175,0.145612,0.09854,0.153177
AGCTTGATCTTAACTT-1,0.167514,0.045653,0.085352,0.427619,0.203867,0.054988,0.015007
AGGAAAGCCTCTGATG-1,0.00223,0.049003,0.364129,0.037099,0.515619,0.006448,0.025472
AGGAACGAACGACTTC-1,0.299003,0.026247,0.025033,0.401743,0.123604,0.03209,0.092281
AGGAAGCTGTCCGCCG-1,0.009391,0.226618,0.04532,0.000057,0.016062,0.051961,0.65059
AGGACAGTCGAATCCC-1,0.031116,0.041857,0.337607,0.022147,0.422388,0.138823,0.006062
AGGACATCGCACGTCG-1,0.113775,0.153045,0.31931,0.292375,0.041951,0.013828,0.065717
AGGACATCGGCACACT-1,0.186873,0.035685,0.003737,0.065653,0.042873,0.068112,0.597067
AGGACGACCCATTAGA-1,0.00185,0.516568,0.079834,0.000673,0.149496,0.012354,0.239226
AGGACGCTCGATGTTG-1,0.088935,0.073382,0.000031,0.008499,0.005139,0.650508,0.173505
AGGACTTATAGGAGAA-1,0.04014,0.490644,0.037509,0.020139,0.106295,0.000281,0.304992
AGGAGACATCCACAGT-1,0.035462,0.009867,0.072582,0.014389,0.018743,0.126052,0.722907
AGGAGAGTCTGGCTAC-1,0.224953,0.062504,0.000086,0.051061,0.034522,0.070585,0.55629
AGGAGGCCTTCGCGCG-1,0.00309,0.040198,0.228088,0.041395,0.682031,0.00083,0.004368
AGGATAAAGTCGGGAT-1,0.039257,0.221716,0.221804,0.012743,0.159622,0.000151,0.344707
AGGATATAGGGATTTA-1,0.012666,0.100659,0.33787,0.02045,0.467389,0.001896,0.059071
AGGATATCCGACTGCA-1,0.282954,0.163488,0.026231,0.114031,0.329568,0.010346,0.073382
AGGATCACGCGATCTG-1,0.036636,0.03395,0.042776,0.216934,0.667751,0.001939,0.000013
AGGATTGCTTACGACA-1,0.114523,0.015051,0.027907,0.590226,0.224594,0.020368,0.007331
AGGCACGTGACTGTCC-1,0.143818,0.039071,0.114626,0.205411,0.16347,0.174363,0.159241
AGGCAGATGCGTAAAC-1,0.264541,0.103032,0.05671,0.14879,0.166127,0.020789,0.240011
AGGCAGGGAGCGTACT-1,0.000066,0.042343,0.333214,0.004343,0.246655,0.019099,0.354279
AGGCATTGTCGTAGGG-1,0.008664,0.097044,0.180654,0.014163,0.693027,0.001232,0.005216
AGGCCACATTGGTTAC-1,0.136285,0.019121,0.037213,0.590321,0.172085,0.016637,0.028337
AGGCCACCCGTTATGA-1,0.098556,0.075806,0.000095,0.106358,0.002614,0.000095,0.716477
AGGCCCAGTGACTGGT-1,0.084367,0.126483,0.071091,0.264224,0.379308,0.012874,0.061652
AGGCCCATTGTACAGG-1,0.801187,0.016498,0.157421,0.002136,0.017327,0.000064,0.005367
AGGCCCTAGAACGCCA-1,0.192345,0.342956,0.03525,0.069807,0.274072,0.002478,0.083092
AGGCCTGAGAATCTCG-1,0.018035,0.286661,0.114176,0.007511,0.527779,0.000086,0.045753
AGGCGATAACTGGCGT-1,0.456171,0.078276,0.046701,0.131939,0.07609,0.058223,0.1526
AGGCGGTTTGTCCCGC-1,0.070475,0.284375,0.1415,0.056101,0.28334,0.049438,0.114772
AGGCGTCTATGGACGG-1,0.041442,0.000201,0.000201,0.029586,0.046202,0.062971,0.819398
AGGCTATGGTTAGCTT-1,0.031009,0.000017,0.000661,0.775015,0.193266,0.000016,0.000016
AGGCTTCCCGAAGAAG-1,0.052465,0.233128,0.114283,0.064243,0.33833,0.02127,0.17628
AGGCTTGCTAGACACC-1,0.353887,0.08601,0.012869,0.118147,0.038827,0.006645,0.383616
AGGGAAACGAGGTACT-1,0.000093,0.000093,0.000093,0.000093,0.000185,0.196526,0.802918
AGGGACCGGCTGCGTT-1,0.17786,0.247785,0.1184,0.067687,0.283281,0.03266,0.072327
AGGGACTCTACGCGAC-1,0.000149,0.246315,0.000149,0.000149,0.000299,0.000149,0.752788
AGGGAGACATACTTCG-1,0.309043,0.154936,0.029047,0.15146,0.136077,0.037591,0.181846
AGGGCAGCGGCGTGGT-1,0.000186,0.000186,0.000186,0.000186,0.000373,0.018095,0.980787
AGGGCCCTAATGTTCT-1,0.093651,0.01367,0.053159,0.307631,0.062469,0.097223,0.372197
AGGGCGAGCAGCTGAT-1,0.340921,0.426179,0.000525,0.045687,0.022086,0.001202,0.1634
AGGGCGTGATCGGCTA-1,0.231838,0.118504,0.047484,0.287686,0.146017,0.03439,0.13408
AGGGCTGCAGTTACAG-1,0.015976,0.028416,0.254828,0.072163,0.621996,0.005999,0.000622
AGGGTCAGAGCACTCG-1,0.000127,0.336474,0.118605,0.000127,0.087696,0.000127,0.456845
AGGGTCGATGCGAACT-1,0.094734,0.073553,0.254214,0.074599,0.37727,0.071,0.054629
AGGGTCTGGACGCAGT-1,0.341794,0.121281,0.005789,0.21504,0.027207,0.082074,0.206815
AGGGTGCCGTTCTTTA-1,0.00013,0.00013,0.00013,0.00013,0.000261,0.00013,0.999087
AGGGTGCTCTCGAGGG-1,0.034974,0.099214,0.410854,0.044094,0.18983,0.102188,0.118845
AGGGTGGATAGTGCAT-1,0.341307,0.22113,0.009792,0.195234,0.099958,0.015189,0.11739
AGGGTTCAGACGGTCC-1,0.000113,0.019395,0.030372,0.000113,0.000226,0.000113,0.949668
AGGGTTCCCTTTGGTT-1,0.328211,0.312307,0.039272,0.014676,0.070148,0.000187,0.235201
AGGGTTTAGTTCGGGA-1,0.156861,0.152606,0.026799,0.343018,0.211534,0.023511,0.085671
AGGTAACCTCCTATTC-1,0.144032,0.248936,0.044647,0.332364,0.127289,0.011676,0.091056
AGGTACGATATTGCCA-1,0.052611,0.008366,0.089797,0.208391,0.00873,0.362716,0.269389
AGGTAGATCGAGATAT-1,0.000311,0.183343,0.000311,0.000311,0.000623,0.000311,0.814788
AGGTAGGTACAAAGCT-1,0.190385,0.049332,0.061291,0.457225,0.212132,0.001551,0.028083
AGGTATAATTGATAGT-1,0.184973,0.168079,0.11771,0.14277,0.211489,0.108219,0.066759
AGGTATGCGGACATTA-1,0.362568,0.047139,0.033864,0.286765,0.124406,0.011014,0.134245
AGGTCAGGTGAGAGTG-1,0.277742,0.440477,0.02025,0.030648,0.107419,0.056422,0.067042
AGGTCGCCTCCCAACA-1,0.34788,0.069018,0.055752,0.261405,0.089741,0.016125,0.160079
AGGTCGCGGAGTTACT-1,0.380073,0.052271,0.175504,0.087629,0.077518,0.186819,0.040185
AGGTGCACGTCCACAT-1,0.154906,0.044305,0.011119,0.464844,0.305282,0.011322,0.008222
AGGTGGTGACCTTCGC-1,0.042235,0.134345,0.088987,0.020572,0.14041,0.037209,0.536243
AGGTGTATCGCCATGA-1,0.24784,0.073366,0.100417,0.063899,0.032692,0.016509,0.465276
AGGTGTTGCCGACCAC-1,0.020048,0.007091,0.013827,0.011436,0.000466,0.16391,0.783222
AGGTTACACCATGCCG-1,0.200274,0.142732,0.188728,0.153718,0.220663,0.011191,0.082695
AGGTTCTCCTTTCCGG-1,0.000116,0.06296,0.288395,0.005296,0.034123,0.000116,0.608995
AGGTTGAGGCACGCTT-1,0.345233,0.124193,0.101566,0.279677,0.065394,0.018743,0.065195
AGGTTTCACACACCTT-1,0.071642,0.596911,0.001525,0.000063,0.041394,0.006356,0.282109
AGTAACTATAGCAGCC-1,0.305613,0.018292,0.036761,0.315381,0.244474,0.06662,0.012859
AGTAATGTCTTGCCGC-1,0.234574,0.029414,0.00401,0.594565,0.096282,0.001485,0.03967
AGTAATTTGCAAGCGT-1,0.000221,0.066851,0.020884,0.000221,0.070954,0.000221,0.840648
AGTACAGAAGCTTATA-1,0.052376,0.399607,0.048254,0.023966,0.415118,0.000019,0.060661
AGTACATCATTTATCA-1,0.13795,0.002286,0.147073,0.46028,0.109569,0.133677,0.009165
AGTACGGCCCGTATCG-1,0.000958,0.022441,0.000075,0.022876,0.042672,0.403458,0.507521
AGTACGGGCACCTGGC-1,0.201755,0.106092,0.055071,0.331175,0.118912,0.044951,0.142044
AGTACTCTTATGCCCA-1,0.038975,0.118453,0.594299,0.013448,0.131704,0.068552,0.034569
AGTAGAAGGCGCCTCA-1,0.101714,0.061134,0.142053,0.107125,0.498599,0.051399,0.037975
AGTAGGAAGGAAGTTG-1,0.200039,0.016356,0.061724,0.114183,0.055424,0.378799,0.173477
AGTAGGTAACATACAT-1,0.392847,0.059562,0.035564,0.279343,0.064094,0.037355,0.131235
AGTATAATACTAGGCA-1,0.056722,0.005395,0.019832,0.605767,0.081395,0.178768,0.052122
AGTATACACAGCGACA-1,0.000149,0.000149,0.000149,0.000149,0.000298,0.009172,0.989933
AGTATGCTGGAGACCA-1,0.00425,0.119149,0.103405,0.00005,0.0001,0.01552,0.757525
AGTATTTGGCACGACC-1,0.000119,0.246977,0.036783,0.000119,0.076519,0.000119,0.639364
AGTCAAATGATGTGAT-1,0.000346,0.000346,0.000346,0.000346,0.000692,0.000346,0.997579
AGTCAACACCACCATC-1,0.023356,0.202166,0.243095,0.02096,0.440206,0.034421,0.035795
AGTCAAGATGACACTT-1,0.000638,0.000959,0.065789,0.088739,0.843515,0.00035,0.00001
AGTCACTAGCTCTCGA-1,0.026015,0.256134,0.226217,0.052526,0.331819,0.036525,0.070765
AGTCACTCCGCCTCAT-1,0.071251,0.156615,0.295022,0.02426,0.120761,0.177231,0.15486
AGTCAGCCACCGCCTG-1,0.232477,0.340281,0.125209,0.087786,0.052734,0.080972,0.080541
AGTCCATTGGCTGATG-1,0.050624,0.138265,0.192129,0.053815,0.37107,0.006382,0.187714
AGTCCCGCCTTTAATT-1,0.209177,0.0297,0.042538,0.040813,0.00876,0.175359,0.493654
AGTCCCTCGCAGAAAG-1,0.07167,0.036038,0.089317,0.080375,0.278907,0.050239,0.393453
AGTCGAAACGATTCAG-1,0.000154,0.296857,0.037184,0.003358,0.268391,0.000154,0.393902
AGTCGACGGTCTCAAG-1,0.013593,0.009049,0.456596,0.0613,0.322489,0.128753,0.00822
AGTCGGCCCAAACGAC-1,0.000062,0.000062,0.000062,0.000062,0.000125,0.159768,0.839858
AGTCGGCTCAACTTTA-1,0.02102,0.152914,0.079447,0.044447,0.700333,0.000471,0.001368
AGTCGGTTGCGTGAGA-1,0.030636,0.01443,0.13157,0.396346,0.33547,0.085824,0.005724
AGTCGTATAAAGCAGA-1,0.029283,0.185468,0.065003,0.019713,0.615417,0.007037,0.078079
AGTCGTCGACCACCAA-1,0.041157,0.181287,0.145877,0.02146,0.586901,0.017222,0.006097
AGTCGTGGGCATTACG-1,0.133423,0.37917,0.164548,0.012801,0.151136,0.057963,0.100959
AGTCTAAAGTATACTC-1,0.05001,0.012078,0.042273,0.534544,0.279157,0.019004,0.062933
AGTCTCACAAGACTAC-1,0.059439,0.46027,0.082443,0.010143,0.116018,0.000056,0.271632
AGTCTGGACATCCTTG-1,0.265357,0.200969,0.00551,0.052189,0.225467,0.000094,0.250415
AGTCTTCTCCTCAAAT-1,0.207105,0.025741,0.061779,0.448791,0.212274,0.011019,0.03329
AGTCTTTAAAGTGTCC-1,0.027405,0.291255,0.126414,0.02452,0.341699,0.024481,0.164225
AGTGAACAAACTTCTC-1,0.032632,0.123678,0.214984,0.115318,0.417341,0.074959,0.021088
AGTGAAGATGGTGTCC-1,0.009918,0.015607,0.01464,0.161568,0.026377,0.123156,0.648735
AGTGACCTACTTTACG-1,0.04775,0.102665,0.199625,0.105456,0.421168,0.099827,0.023509
AGTGACTGTGACACAA-1,0.00048,0.00048,0.00048,0.00048,0.00096,0.00048,0.996641
AGTGAGACTTCCAGTA-1,0.100555,0.336743,0.065708,0.016715,0.340794,0.000052,0.139434
AGTGAGCCTCGCCGCC-1,0.300986,0.270657,0.122983,0.053644,0.107778,0.055774,0.088178
AGTGAGGGTTTCTGAC-1,0.0001,0.0001,0.0001,0.0001,0.000199,0.066011,0.933391
AGTGAGTCGAATTAAC-1,0.156945,0.02886,0.05784,0.416743,0.131339,0.04887,0.159402
AGTGATAACCTGCGCG-1,0.034636,0.023,0.251699,0.151323,0.491353,0.042548,0.00544
AGTGATATGAGTAGTT-1,0.003081,0.040154,0.262331,0.063303,0.630098,0.000022,0.001011
AGTGATTCAAGCAGGA-1,0.072334,0.138085,0.435731,0.010143,0.174879,0.07176,0.097067
AGTGCACGCTTAAGAA-1,0.015652,0.102641,0.254539,0.042434,0.546214,0.006998,0.031521
AGTGCGTAGCTCGTAA-1,0.005375,0.267881,0.249432,0.01425,0.321876,0.029147,0.11204
AGTGCTAAACACAGCA-1,0.031607,0.230128,0.13848,0.045956,0.504421,0.010804,0.038604
AGTGCTTGCACGAATA-1,0.001555,0.008598,0.314809,0.029172,0.635045,0.009509,0.001314
AGTGGCCCGCAAATGG-1,0.288738,0.084928,0.058427,0.224163,0.212384,0.000055,0.131304
AGTGGCGGCAATTTGA-1,0.317114,0.06114,0.037627,0.148157,0.120719,0.155964,0.159279
AGTGGCGTCTGAAGGT-1,0.028835,0.213817,0.150452,0.009092,0.552142,0.022957,0.022705
AGTGGCTCCGTCGGCC-1,0.448367,0.084549,0.016115,0.251195,0.084519,0.015941,0.099314
AGTGGGAGTATACACG-1,0.009899,0.053213,0.130354,0.04568,0.756954,0.000183,0.003718
AGTGGTGTTACCCGTG-1,0.173259,0.670014,0.000035,0.016642,0.035464,0.011881,0.092705
AGTGGTTGCGTATAGG-1,0.0603,0.071036,0.026676,0.04487,0.000955,0.000076,0.796086
AGTGTATTGCGCATTG-1,0.053031,0.000083,0.054289,0.021891,0.000167,0.505236,0.365302
AGTGTGCTAAGATCGC-1,0.087091,0.226591,0.120423,0.119206,0.386108,0.003596,0.056985
AGTGTGGTCTATTGTG-1,0.182024,0.152597,0.031475,0.184543,0.159979,0.060468,0.228914
AGTTAAACACTTGCGA-1,0.072461,0.195434,0.287557,0.024083,0.258429,0.014842,0.147194
AGTTAAGCGGTCCCGG-1,0.000073,0.000073,0.000073,0.000073,0.000146,0.454491,0.545073
AGTTAAGTCAACCGCT-1,0.051641,0.432079,0.26436,0.001152,0.069633,0.006079,0.175057
AGTTACCCTTAAGACT-1,0.186076,0.263626,0.018475,0.19343,0.27963,0.013647,0.045117
AGTTACCGCACATGGT-1,0.387504,0.227737,0.002697,0.069824,0.035989,0.003543,0.272707
AGTTACTCTATCGTGG-1,0.003006,0.011749,0.000121,0.135845,0.000242,0.035979,0.813059
AGTTCACCGGTTGGAC-1,0.08366,0.548798,0.022689,0.036245,0.035774,0.007921,0.264913
AGTTCCTACAGAATTA-1,0.028779,0.001711,0.00727,0.764495,0.181289,0.013787,0.002668
AGTTCCTATTTATGTT-1,0.09073,0.300765,0.231662,0.002452,0.059077,0.062735,0.252579
AGTTCTGCGTTGTATC-1,0.049939,0.18643,0.080036,0.240411,0.415699,0.004301,0.023185
AGTTGACATCGGCTGG-1,0.177098,0.148327,0.015073,0.21791,0.415487,0.01508,0.011025
AGTTGACGGTCCTTGC-1,0.006297,0.037125,0.155878,0.261275,0.44662,0.000028,0.092778
AGTTGCTGACTGATAT-1,0.159687,0.415282,0.014711,0.037192,0.094347,0.0054,0.273382
AGTTGGCAAGGCTAGA-1,0.209524,0.041625,0.102958,0.152986,0.164516,0.178977,0.149415
AGTTTATGTAAAGACA-1,0.141353,0.014479,0.095669,0.251601,0.019514,0.112825,0.364559
AGTTTCGCAGGTCGGA-1,0.353673,0.016437,0.007501,0.331377,0.118148,0.000704,0.172161
AGTTTGCACCTGCCTC-1,0.060923,0.361596,0.110689,0.047952,0.317108,0.00005,0.101682
AGTTTGGCACGGGTTG-1,0.041503,0.084528,0.542522,0.023767,0.237823,0.037992,0.031866
AGTTTGGCCAGACCTA-1,0.024181,0.25725,0.058432,0.027757,0.625344,0.000021,0.007015
ATAAACGGACCCGTAA-1,0.048878,0.334388,0.149969,0.021323,0.151076,0.063515,0.23085
ATAAACGTTGCACCAC-1,0.070012,0.236656,0.087238,0.113923,0.221301,0.129612,0.141258
ATAAAGGCTCGGTCGT-1,0.431368,0.234077,0.005113,0.032341,0.10617,0.032182,0.158749
ATAAATATTAGCAGCT-1,0.296983,0.229071,0.005974,0.134281,0.030893,0.074663,0.228136
ATAACGCCGGAGGGTC-1,0.047525,0.158082,0.363663,0.019229,0.169281,0.050222,0.191998
ATAACGGAGTCCAACG-1,0.226953,0.069544,0.010343,0.495794,0.132265,0.007658,0.057443
ATAAGGTGGAGAACAT-1,0.021321,0.228,0.129152,0.000352,0.004596,0.069953,0.546626
ATAAGTAGGATTCAGA-1,0.490536,0.076554,0.036632,0.077909,0.127618,0.070611,0.120141
ATAAGTAGGGCGACTC-1,0.224805,0.108208,0.106457,0.146936,0.278042,0.085027,0.050526
ATAAGTTACCGCGACG-1,0.038758,0.306973,0.228484,0.017516,0.330934,0.038372,0.038963
ATAATACCGTTAGCCG-1,0.072792,0.557942,0.027244,0.070554,0.206962,0.002648,0.061858
ATAATAGCTGTTGAAT-1,0.027747,0.347022,0.058674,0.017772,0.205059,0.000037,0.343689
ATAATAGTGTAGGGAC-1,0.235687,0.2083,0.052907,0.200131,0.053364,0.040227,0.209383
ATAATCTTGGAGAACC-1,0.01569,0.052876,0.393839,0.084075,0.420722,0.016975,0.015823
ATAATTAGCTAAGTAG-1,0.081974,0.394552,0.098399,0.053459,0.096578,0.01346,0.261577
ATACAGGCCCTCCAAT-1,0.05266,0.15759,0.201428,0.010952,0.056971,0.139525,0.380874
ATACCACGGGCAACTT-1,0.338809,0.06541,0.012175,0.343123,0.173355,0.028122,0.039006
ATACCAGGCTAATAGA-1,0.000062,0.000062,0.000062,0.000062,0.000124,0.110978,0.888651
ATACCTAACCAAGAAA-1,0.001083,0.055852,0.074413,0.006453,0.071014,0.000042,0.791144
ATACGAAGGCTTTCCA-1,0.3589,0.040055,0.012595,0.347695,0.197584,0.014578,0.028593
ATACGCCGGCGAAACC-1,0.067948,0.286096,0.19581,0.008601,0.201776,0.082114,0.157656
ATACGGAACGTCGTTT-1,0.010456,0.044665,0.060416,0.102021,0.781812,0.000054,0.000577
ATACGGGTTTCGATTG-1,0.015137,0.000019,0.049828,0.749249,0.154653,0.031093,0.000019
ATACGGTGAAGATGCA-1,0.024969,0.018515,0.000489,0.002359,0.000085,0.037652,0.91593
ATACGTACTTAGCCAC-1,0.053173,0.165842,0.154754,0.076022,0.499766,0.00003,0.050412
ATACGTCCACTCCTGT-1,0.019627,0.014465,0.267701,0.017648,0.680529,0.000015,0.000015
ATACGTTATGCACGGA-1,0.126736,0.036436,0.248296,0.063979,0.125504,0.151614,0.247435
ATACTACCCGTACCAC-1,0.140738,0.019402,0.051565,0.325959,0.405023,0.051002,0.006312
ATACTAGCATGACCCT-1,0.06408,0.094514,0.000172,0.15579,0.038846,0.000172,0.646425
ATACTCTCGCCACTCT-1,0.070165,0.009881,0.043465,0.266194,0.60198,0.008293,0.000021
ATACTGCCTTACACCG-1,0.066065,0.318146,0.179737,0.017532,0.344336,0.003638,0.070547
ATACTTGTTCTCGAGC-1,0.37466,0.077861,0.004169,0.336995,0.081594,0.003739,0.120982
ATAGACAACGGGACCT-1,0.199907,0.141413,0.097513,0.084028,0.124682,0.093948,0.258509
ATAGACGAAGAGAAAG-1,0.41078,0.301843,0.0028,0.034806,0.026307,0.042251,0.181213
ATAGAGTACTGGGACA-1,0.034484,0.025891,0.020454,0.024137,0.003721,0.190216,0.701098
ATAGAGTTATCAACTT-1,0.42412,0.282295,0.029504,0.051515,0.113988,0.029387,0.069189
ATAGCAACTAGGGAAG-1,0.025651,0.03393,0.047976,0.219602,0.668727,0.003938,0.000177
ATAGCCATAACAGTCA-1,0.413765,0.126564,0.025314,0.206924,0.124707,0.012384,0.090341
ATAGCCTCAGTACCCA-1,0.081864,0.365183,0.060286,0.054187,0.373215,0.002988,0.062277
ATAGCTGCTCTTGTTA-1,0.078854,0.301369,0.103321,0.032,0.139782,0.02067,0.324005
ATAGGCGGCTATAGAA-1,0.132735,0.24849,0.052066,0.130405,0.401372,0.001717,0.033215
ATAGGCTAGCTTCGCA-1,0.424769,0.080226,0.028239,0.159937,0.170931,0.074971,0.060928
ATAGGGATATCCTTGA-1,0.188846,0.013008,0.000099,0.00484,0.000199,0.08386,0.709148
ATAGGTTGGGCAGATG-1,0.231908,0.011903,0.007313,0.498283,0.232986,0.017485,0.000123
ATAGTCTTTGACGTGC-1,0.000151,0.044116,0.112847,0.000151,0.000301,0.000151,0.842285
ATAGTGAAGCGTTCTC-1,0.111364,0.309546,0.17295,0.015401,0.253776,0.007338,0.129626
ATAGTTCCACCCACTC-1,0.069341,0.05382,0.304228,0.008174,0.041707,0.306592,0.216139
ATATAAAGCGCTCGTG-1,0.064029,0.301936,0.045563,0.037115,0.283673,0.000045,0.26764
ATATAAATGTAGCTGC-1,0.028899,0.064929,0.392941,0.122669,0.204761,0.013893,0.171907
ATATAACACGGGCGCA-1,0.12342,0.390098,0.050717,0.022301,0.229457,0.064214,0.119793
ATATACATGTATGGTA-1,0.140147,0.282024,0.08639,0.068306,0.222252,0.043314,0.157567
ATATACGCTCGTGACG-1,0.01555,0.000886,0.003801,0.568967,0.410772,0.000012,0.000012
ATATAGAGTATTGGTC-1,0.002201,0.062763,0.220705,0.074752,0.243344,0.05859,0.337646
ATATCAACCTACAGAG-1,0.068476,0.143253,0.32142,0.036003,0.201679,0.099163,0.130005
ATATCAATTCCAGCCT-1,0.067981,0.571668,0.02435,0.00739,0.251072,0.000448,0.07709
ATATCGGTAGGGAGAT-1,0.12117,0.087934,0.080547,0.275426,0.404989,0.013522,0.016413
ATATCGTTCCTCGAAC-1,0.062278,0.479076,0.066284,0.010219,0.224899,0.015265,0.141978
ATATCTCCCTCGTTAA-1,0.309366,0.039245,0.014113,0.360489,0.188803,0.022952,0.065032
ATATCTTAGGGCCTTC-1,0.004912,0.160556,0.085575,0.044232,0.241454,0.273147,0.190123
ATATGGGATAGCAACT-1,0.068946,0.398525,0.049216,0.027611,0.123302,0.003496,0.328904
ATATGTCTCCCTAGCC-1,0.1252,0.042646,0.268014,0.069656,0.376487,0.064634,0.053362
ATATTATCCCGTATTT-1,0.030321,0.466028,0.048125,0.015456,0.368923,0.000027,0.07112
ATATTCAGTTAAACCT-1,0.082408,0.284395,0.185291,0.029422,0.291153,0.000356,0.126974
ATATTCCACATAGTGA-1,0.026872,0.107005,0.242639,0.208301,0.360107,0.000032,0.055044
ATATTCCCACAGGTCA-1,0.000538,0.000042,0.033133,0.900573,0.053671,0.011983,0.00006
ATATTGCTGTCAAAGT-1,0.125503,0.344092,0.009101,0.251766,0.059134,0.013653,0.196751
ATATTGGAGAGGCCTT-1,0.079419,0.000932,0.026161,0.725513,0.115487,0.048494,0.003994
ATATTTAACCCTCAAG-1,0.146284,0.325814,0.007698,0.279045,0.193995,0.025792,0.021373
ATCAAACACTGTTCCA-1,0.079023,0.253159,0.201876,0.055935,0.303141,0.004636,0.102231
ATCAAACGAAGGTTTG-1,0.035077,0.121632,0.209072,0.042339,0.57382,0.005739,0.012322
ATCAAGATCCCAGGAC-1,0.000136,0.196464,0.03032,0.025974,0.361673,0.000136,0.385299
ATCAATCTGGGCTGCA-1,0.226395,0.385517,0.028928,0.077077,0.136033,0.017025,0.129025
ATCAATGCCGTGGCTG-1,0.064465,0.41882,0.0784,0.039954,0.138418,0.000046,0.259897
ATCACATTAGAATATC-1,0.158786,0.004124,0.066606,0.44873,0.044675,0.245123,0.031956
ATCACGTGCTAATTAA-1,0.05872,0.552401,0.020772,0.00068,0.071314,0.000043,0.296069
ATCACTTCATCCTCGC-1,0.034838,0.000138,0.012701,0.000138,0.000277,0.147059,0.804848
ATCAGACGGCACGCCG-1,0.042294,0.415272,0.074094,0.000049,0.036488,0.053188,0.378617
ATCAGCCTCATGCTGC-1,0.059179,0.21612,0.310301,0.030545,0.351959,0.005146,0.026751
ATCAGCTCGTCCACTA-1,0.107094,0.236807,0.108858,0.042233,0.428553,0.022366,0.05409
ATCAGGTAGCTGACAG-1,0.09579,0.008063,0.110728,0.07575,0.021889,0.335851,0.351929
ATCAGTAGGCAGGGAT-1,0.550925,0.131703,0.000195,0.020922,0.041068,0.019725,0.235461
ATCATAGCCCTATGTA-1,0.176413,0.064664,0.014047,0.265755,0.420741,0.03288,0.025499
ATCATCCAATATTTGT-1,0.22926,0.354112,0.088091,0.018791,0.177303,0.064749,0.067693
ATCATGGACTACCGAC-1,0.214403,0.023494,0.022296,0.58766,0.114636,0.005532,0.031978
ATCATTGTACCGCATT-1,0.075291,0.326166,0.162337,0.013132,0.081125,0.003903,0.338046
ATCCAACGCAGTCATA-1,0.085342,0.019797,0.000067,0.004592,0.000133,0.05045,0.83962
ATCCAATGGAGGGTCC-1,0.238944,0.393291,0.000432,0.139447,0.098512,0.000043,0.12933
ATCCAATGGTACCGAA-1,0.019483,0.200946,0.006222,0.138766,0.015982,0.000978,0.617623
ATCCACATCGACAGAA-1,0.023111,0.03408,0.44456,0.03964,0.214051,0.203475,0.041083
ATCCAGAGCAACAACC-1,0.120797,0.013792,0.256681,0.254687,0.118635,0.157764,0.077645
ATCCAGGATTCGTGAA-1,0.003659,0.198337,0.338,0.019604,0.301461,0.000049,0.13889
ATCCCATCCACAGCGC-1,0.024316,0.344861,0.027079,0.023289,0.033051,0.000477,0.546927
ATCCCATTTCCGTGGG-1,0.004017,0.093388,0.280491,0.116712,0.493746,0.000028,0.011618
ATCCGGACCAGCCTGA-1,0.056486,0.025621,0.000446,0.000047,0.000134,0.046174,0.871092
ATCCTACCTAAGCTCT-1,0.013663,0.169134,0.383122,0.01104,0.385187,0.029536,0.008318
ATCCTGAATCGCTGCG-1,0.466742,0.182092,0.000043,0.008685,0.000086,0.011646,0.330706
ATCCTGCGTGGAATGG-1,0.011872,0.053833,0.366513,0.029057,0.492586,0.029589,0.01655
ATCCTGCTGCAGATAG-1,0.000054,0.000054,0.023927,0.000054,0.000108,0.308451,0.667352
ATCCTTCTGAAAGAAC-1,0.16929,0.022114,0.161657,0.29666,0.07298,0.194693,0.082607
ATCGACCCAATACAGA-1,0.040696,0.355984,0.084297,0.034811,0.418613,0.000087,0.065512
ATCGACTCTTTCCGTT-1,0.179155,0.068994,0.05573,0.068922,0.000282,0.072288,0.554629
ATCGCACGATTGTTCA-1,0.006698,0.027234,0.06568,0.257113,0.635213,0.000014,0.008048
ATCGCACGCCGGGAGA-1,0.34751,0.019687,0.06298,0.077576,0.003765,0.084535,0.403948
ATCGCCAGTCAACATT-1,0.056336,0.043262,0.450376,0.019451,0.067891,0.237316,0.125367
ATCGCTGCGTGCAGCA-1,0.390218,0.222083,0.037327,0.123417,0.044224,0.037395,0.145337
ATCGCTTTACGTCTCA-1,0.090516,0.005234,0.074059,0.591622,0.114557,0.079659,0.044353
ATCGGAGACAGACGGC-1,0.130366,0.285063,0.204964,0.048265,0.207557,0.009219,0.114567
ATCGGCAAGCAGTCCA-1,0.512184,0.054261,0.021738,0.222343,0.078899,0.064235,0.04634
ATCGGTTACCTAGTAA-1,0.072088,0.107855,0.000065,0.027353,0.00013,0.00637,0.786139
ATCGTATTCCGAGAAC-1,0.19292,0.502864,0.116801,0.045812,0.041407,0.010256,0.08994
ATCGTCCAATCGAGTC-1,0.106124,0.112837,0.035348,0.115405,0.608306,0.000017,0.021963
ATCGTGGAAAGTCTGG-1,0.000048,0.04456,0.298196,0.033625,0.398348,0.000654,0.224568
ATCGTTAGCTAGCGGA-1,0.103313,0.100967,0.281172,0.162839,0.332213,0.014873,0.004623
ATCTAACGTCCCTATG-1,0.060059,0.2057,0.247373,0.000115,0.337408,0.00011,0.149235
ATCTAATATCCTACGG-1,0.042725,0.348855,0.033733,0.017875,0.00362,0.003657,0.549535
ATCTACCATCTGCTCC-1,0.056992,0.100237,0.100741,0.036187,0.233624,0.041977,0.430243
ATCTAGCTTGTGAGGG-1,0.161581,0.277387,0.190368,0.053938,0.183496,0.009725,0.123505
ATCTCCCACGGAATAT-1,0.024366,0.030913,0.156231,0.475719,0.303872,0.002484,0.006416
ATCTCCCTGCAATCTA-1,0.00014,0.00014,0.00014,0.00014,0.00028,0.00014,0.999018
ATCTCGTGAGCGAAAC-1,0.126748,0.018031,0.038521,0.331268,0.418364,0.043161,0.023906
ATCTGACATGGAAGGA-1,0.000239,0.000239,0.000239,0.000239,0.000479,0.000239,0.998324
ATCTGATAGTGTCTTA-1,0.036028,0.387562,0.109849,0.012558,0.260621,0.000028,0.193354
ATCTGCACCTCTGCGA-1,0.183959,0.178717,0.065729,0.214815,0.229685,0.007903,0.119192
ATCTGCTGTTATCGCC-1,0.004331,0.224423,0.16641,0.000054,0.015897,0.032116,0.55677
ATCTGGGCTGTTCTTG-1,0.168966,0.054138,0.314564,0.02573,0.104254,0.212088,0.120262
ATCTGGTTAAGACTGT-1,0.153616,0.097521,0.02275,0.525778,0.192106,0.000028,0.0082
ATCTGTAATTGTACCC-1,0.004366,0.000019,0.045947,0.753129,0.196502,0.000019,0.000019
ATCTTAGGGCATTAAT-1,0.000457,0.000457,0.000457,0.000457,0.000914,0.000457,0.996801
ATCTTATCGCACACCC-1,0.236253,0.108083,0.165263,0.065445,0.169472,0.092875,0.16261
ATCTTGACCTGCAACG-1,0.024753,0.030038,0.084546,0.004607,0.000175,0.000088,0.855793
ATCTTGACTTGTCCAA-1,0.465827,0.111074,0.038649,0.104176,0.190462,0.011917,0.077895
ATCTTTCGTATAACCA-1,0.18166,0.034004,0.023678,0.454509,0.149166,0.072617,0.084366
ATGAAGCCAAGGAGCC-1,0.111384,0.130938,0.098116,0.09573,0.031286,0.041478,0.491068
ATGAAGTGGACCCAGC-1,0.153188,0.344677,0.054116,0.119228,0.053208,0.004783,0.270799
ATGACGCCGGCTCTAA-1,0.301091,0.005451,0.042277,0.366064,0.021872,0.076904,0.186342
ATGACGCGTTCTATCC-1,0.167915,0.472716,0.084125,0.023262,0.162334,0.015874,0.073775
ATGACTATCAGCTGTG-1,0.000269,0.006295,0.000269,0.000269,0.000539,0.000269,0.992089
ATGACTATGCGACATT-1,0.004144,0.026615,0.300145,0.038322,0.591826,0.033575,0.005373
ATGAGGAGTGTTAATC-1,0.295277,0.080098,0.02463,0.134625,0.038258,0.017554,0.409559
ATGAGGGCAGCGGCTA-1,0.222087,0.055641,0.085717,0.381034,0.09035,0.033404,0.131766
ATGATCGGGAATAGAC-1,0.287242,0.06664,0.027809,0.361023,0.079675,0.006837,0.170776
ATGATGCAATGGTACA-1,0.006667,0.105915,0.440137,0.010898,0.068253,0.169222,0.198909
ATGCACCTTCCTTAAT-1,0.06821,0.415007,0.010804,0.00715,0.196384,0.000039,0.302407
ATGCACGCGCTGTTCA-1,0.085494,0.376833,0.195833,0.02996,0.155141,0.013716,0.143022
ATGCACTACCGCATTG-1,0.130847,0.022029,0.03788,0.178073,0.060598,0.02197,0.548604
ATGCATGATCCAGGAT-1,0.031605,0.000024,0.007617,0.758541,0.190613,0.011577,0.000024
ATGCCAATCGCTCTGC-1,0.000086,0.000086,0.000086,0.000086,0.000172,0.999397,0.000086
ATGCCATTTGCGACCA-1,0.001669,0.010527,0.015214,0.034728,0.937836,0.000013,0.000013
ATGCCGGTCTTGCATA-1,0.179869,0.188473,0.036055,0.129865,0.217602,0.085935,0.162201
ATGCCGGTTGATGGGA-1,0.318601,0.015762,0.069489,0.295055,0.050814,0.152953,0.097326
ATGCGACAGTCCCATT-1,0.027502,0.054396,0.085644,0.024387,0.305275,0.059714,0.443082
ATGCGAGTCCCACCAC-1,0.090455,0.172725,0.202012,0.012908,0.063832,0.215861,0.242206
ATGCTCAGTGTTGCAT-1,0.208935,0.347808,0.030058,0.135892,0.109156,0.000053,0.168097
ATGCTCTGGCGCGGTA-1,0.096468,0.210118,0.063161,0.096626,0.509071,0.000029,0.024526
ATGCTTAGGAGTTGAT-1,0.116088,0.100615,0.084065,0.209338,0.305984,0.062726,0.121184
ATGGAAATTTAAGGAG-1,0.021585,0.155506,0.14112,0.020261,0.636443,0.005136,0.01995
ATGGAACCTTTGCACA-1,0.271216,0.088064,0.136399,0.230194,0.189392,0.031271,0.053464
ATGGAGCAGGCCGTGA-1,0.032813,0.37272,0.101226,0.031735,0.396633,0.021043,0.04383
ATGGATCCGGCGTCCG-1,0.188046,0.05987,0.056416,0.013332,0.017449,0.055809,0.609078
ATGGATTGACCAAACG-1,0.066389,0.003106,0.003462,0.6981,0.226293,0.001737,0.000914
ATGGCAGCATTACGAT-1,0.000124,0.016651,0.249106,0.000124,0.022373,0.014858,0.696764
ATGGCAGCCGAGAAAC-1,0.169914,0.143671,0.000032,0.014816,0.004035,0.000032,0.6675
ATGGCGGAATAGTCGC-1,0.302868,0.055831,0.029699,0.355643,0.109517,0.035723,0.11072
ATGGGACCTGCTGAAC-1,0.000167,0.123693,0.000167,0.000167,0.000333,0.000167,0.875307
ATGGGCCTCGGCCTCT-1,0.003858,0.092642,0.30495,0.04333,0.536721,0.00577,0.012729
ATGGGTGTATACCTCC-1,0.000168,0.213896,0.000168,0.000168,0.000335,0.000168,0.785098
ATGGTATTTACTGATT-1,0.00033,0.3249,0.00033,0.00033,0.000661,0.00033,0.673117
ATGGTCGCGTGGTTTC-1,0.074925,0.18381,0.089145,0.00527,0.620431,0.020678,0.005741
ATGTAAGGCTGCTCTT-1,0.025775,0.00262,0.009381,0.651693,0.309718,0.000797,0.000015
ATGTACATGCGGTGAG-1,0.252991,0.164267,0.024624,0.271272,0.178889,0.014991,0.092966
ATGTACGATGACGTCG-1,0.043668,0.058,0.051738,0.160922,0.682629,0.000016,0.003027
ATGTAGCGCGCGTAGG-1,0.093482,0.390728,0.099582,0.014266,0.384387,0.000047,0.017506
ATGTCATTTCCCATTG-1,0.055851,0.566021,0.098812,0.033742,0.151732,0.002003,0.09184
ATGTGAAAGCCTAATG-1,0.155782,0.53975,0.043206,0.049669,0.102033,0.002053,0.107508
ATGTGCATCCGACGCA-1,0.106901,0.136386,0.000139,0.131116,0.000277,0.027917,0.597264
ATGTGGACATCTTGAT-1,0.029733,0.084705,0.28099,0.050432,0.389147,0.021348,0.143646
ATGTTACGAGCAATAC-1,0.097389,0.045285,0.116672,0.031395,0.02922,0.446293,0.233747
ATGTTCCTGCCCACCT-1,0.116539,0.414966,0.028615,0.02324,0.095548,0.000042,0.321049
ATGTTCGTCGACCCAC-1,0.000076,0.000076,0.000076,0.000977,0.000152,0.061989,0.936653
ATGTTGATTAGAGACT-1,0.107779,0.118176,0.167998,0.154341,0.298327,0.034607,0.118771
ATGTTGTAGTCTGTTT-1,0.000093,0.131249,0.226096,0.001908,0.187094,0.000093,0.453467
ATGTTTCGGCCCGGAG-1,0.328071,0.077567,0.077681,0.20452,0.144744,0.094831,0.072587
ATTAAACATGCGGACC-1,0.026149,0.180182,0.173971,0.005162,0.286633,0.165757,0.162147
ATTAACACCTGAGATA-1,0.041095,0.397817,0.053313,0.061467,0.176905,0.005022,0.264382
ATTAATACTACGCGGG-1,0.225551,0.010014,0.011841,0.064248,0.059053,0.043929,0.585364
ATTAATGAACCAGTCG-1,0.401388,0.056433,0.0223,0.352112,0.116544,0.021731,0.029492
ATTAATTCGGTCACTC-1,0.517154,0.04737,0.035129,0.113267,0.054616,0.026727,0.205738
ATTACAACTACCGGCC-1,0.000067,0.000067,0.000067,0.000067,0.000134,0.007515,0.992085
ATTACATGTCAGTCTT-1,0.046622,0.125247,0.143155,0.179929,0.456289,0.005654,0.043103
ATTACCACACTGCCTG-1,0.114275,0.0083,0.036854,0.430226,0.346676,0.053236,0.010433
ATTACGCGCTGGCAGG-1,0.453837,0.139383,0.009088,0.070628,0.107488,0.018939,0.200638
ATTACGGGCTACGGTT-1,0.000277,0.187947,0.183754,0.000277,0.000554,0.000277,0.626914
ATTACTAGCCTCTTGC-1,0.116734,0.013673,0.0212,0.037812,0.001604,0.432324,0.376653
ATTACTTACTGGGCAT-1,0.644404,0.084259,0.003062,0.024509,0.046715,0.058042,0.139009
ATTAGATTCCTCAGCA-1,0.591075,0.122536,0.009976,0.007898,0.095106,0.098428,0.074981
ATTAGATTGATAGCGG-1,0.264314,0.09938,0.008682,0.329072,0.042618,0.03972,0.216215
ATTAGGCGATGCTTTC-1,0.043721,0.332259,0.165451,0.179983,0.174398,0.000044,0.104145
ATTATACTTTGCTCGT-1,0.00011,0.00011,0.00011,0.00011,0.000219,0.123686,0.875656
ATTATAGCTACTTTAC-1,0.18351,0.036361,0.108548,0.033787,0.0317,0.433074,0.173021
ATTATCGGAATGTACG-1,0.070783,0.109754,0.437693,0.150031,0.1163,0.002914,0.112524
ATTATCTCGACAGATC-1,0.000189,0.136345,0.000189,0.041681,0.058069,0.000189,0.763336
ATTATGAGACCCAATT-1,0.00009,0.279478,0.124586,0.01158,0.249759,0.00009,0.334417
ATTATGCCATAGGGAG-1,0.059585,0.000156,0.000156,0.000156,0.000312,0.000156,0.939478
ATTATTATGTCCGTCA-1,0.000112,0.222686,0.000112,0.000112,0.000223,0.000112,0.776645
ATTATTCAGAGTCACT-1,0.121702,0.035241,0.012243,0.361503,0.466036,0.002178,0.001097
ATTCAAAGTACCTGTT-1,0.036695,0.610188,0.073227,0.004994,0.116178,0.001716,0.157002
ATTCAACCATTTAAGG-1,0.081225,0.078911,0.115945,0.160112,0.51435,0.012199,0.037258
ATTCACTGATGTTGGA-1,0.03305,0.071046,0.229981,0.037755,0.257984,0.003777,0.366407
ATTCAGGACCTATTTC-1,0.1117,0.085809,0.000048,0.067007,0.04356,0.512637,0.17924
ATTCAGTAGCAGGGTC-1,0.348372,0.153012,0.000084,0.242486,0.048628,0.001646,0.205772
ATTCATATACTGTCCA-1,0.049538,0.311454,0.216841,0.063883,0.206262,0.002826,0.149195
ATTCATCGTTGAGGCA-1,0.054103,0.19766,0.105897,0.007828,0.606895,0.000444,0.027173
ATTCCCACATAAACAA-1,0.190274,0.231754,0.049004,0.023334,0.00889,0.044719,0.452026
ATTCCCGAAGGTACAG-1,0.08416,0.45321,0.043355,0.019402,0.235894,0.01084,0.153138
ATTCCTAAGACGTGGA-1,0.000127,0.000127,0.000127,0.000127,0.000253,0.402036,0.597205
ATTCCTCCGCCAGTGC-1,0.350128,0.070777,0.044978,0.139988,0.039187,0.068915,0.286028
ATTCCTTCCAGGCGGT-1,0.146313,0.100344,0.043503,0.330218,0.283262,0.014204,0.082155
ATTCGACGCCGGGCCT-1,0.403224,0.102661,0.008584,0.302706,0.078887,0.011521,0.092418
ATTCGCGCCTTGAGAG-1,0.144275,0.164635,0.120503,0.274838,0.205645,0.020273,0.069831
ATTCGTGCTATCTCTT-1,0.221485,0.213821,0.085039,0.070712,0.140517,0.098507,0.16992
ATTCTCGTCTCTTTAG-1,0.074743,0.008541,0.033682,0.674474,0.141076,0.009911,0.057574
ATTCTTCGTACTTATG-1,0.000121,0.000121,0.000121,0.000121,0.000241,0.027251,0.972026
ATTGAAGATCTTAGTG-1,0.265423,0.015682,0.038493,0.309803,0.152742,0.203815,0.014043
ATTGACCGGCGATGAC-1,0.167542,0.022339,0.043902,0.165745,0.069334,0.148299,0.382839
ATTGACGTAACTCGGT-1,0.000094,0.000094,0.000094,0.000094,0.000188,0.266868,0.732568
ATTGATAGCAACGAGA-1,0.043033,0.053854,0.076873,0.173178,0.592013,0.032872,0.028177
ATTGATCACCACATTT-1,0.05119,0.156799,0.199721,0.042797,0.439217,0.012165,0.098112
ATTGATGAGTCCTAAC-1,0.202652,0.136401,0.168582,0.108987,0.131438,0.161363,0.090576
ATTGCCTATTAGACCG-1,0.000417,0.071338,0.126183,0.000417,0.000835,0.000417,0.800392
ATTGCCTTTATGTTTG-1,0.020052,0.11528,0.412574,0.007482,0.12079,0.209207,0.114616
ATTGCGATCAGTAACT-1,0.018333,0.145051,0.28893,0.03443,0.433952,0.035218,0.044087
ATTGCTGCTCCTCCAT-1,0.099574,0.001467,0.010813,0.630161,0.253339,0.004629,0.000017
ATTGGATTACAGCGTA-1,0.076367,0.257854,0.23167,0.045,0.235556,0.03009,0.123463
ATTGGGAATATCTTGG-1,0.200863,0.010869,0.040281,0.318442,0.024456,0.354137,0.050951
ATTGGTAGGATCCGCT-1,0.351834,0.260778,0.034746,0.051602,0.071865,0.010522,0.218652
ATTGGTTGTGCATTAC-1,0.236199,0.055569,0.108411,0.295234,0.214115,0.021042,0.069431
ATTGTACAACTCGGCT-1,0.129022,0.187562,0.117247,0.077625,0.351479,0.015572,0.121493
ATTGTCGCAATACCTT-1,0.00006,0.00006,0.00006,0.00006,0.000119,0.665927,0.333716
ATTGTCTGTTTCATGT-1,0.032246,0.194519,0.09146,0.123293,0.279087,0.058138,0.221256
ATTGTTCAACGATCCG-1,0.073008,0.038428,0.083068,0.335622,0.140555,0.021055,0.308263
ATTTAACTCGTATTAC-1,0.209613,0.01379,0.028746,0.587648,0.043684,0.085683,0.030835
ATTTACAGTTTACTGG-1,0.436113,0.030758,0.012992,0.080887,0.019085,0.037026,0.383139
ATTTACTAAGTCCATT-1,0.111034,0.009528,0.05816,0.449748,0.325605,0.021368,0.024556
ATTTCATTATTTCGCG-1,0.000148,0.000148,0.000148,0.000148,0.000297,0.013565,0.985545
ATTTCCGGGTTCTGCG-1,0.177019,0.216364,0.021407,0.013163,0.035304,0.015612,0.521132
ATTTGCGCGAGTAGCT-1,0.108979,0.243033,0.090234,0.027812,0.364324,0.007175,0.158443
ATTTGGAGATTGCGGT-1,0.029717,0.406843,0.194534,0.027743,0.167636,0.068907,0.104619
ATTTGTCTTGGGAGCT-1,0.036363,0.179061,0.14873,0.036449,0.581739,0.00765,0.010008
ATTTGTTCCAGGGCTC-1,0.000132,0.000132,0.000132,0.000132,0.000264,0.072555,0.926652
CAAACCAGGTCTGCAT-1,0.042424,0.09174,0.002679,0.060162,0.035146,0.000088,0.767761
CAAACCCTCCGGCGGG-1,0.078378,0.08276,0.202718,0.095165,0.507421,0.006676,0.026882
CAAACGAGTATCGCAG-1,0.087862,0.138053,0.390853,0.014883,0.263722,0.055543,0.049085
CAAACGGTCGCACTTT-1,0.379713,0.12501,0.019226,0.17667,0.035486,0.01727,0.246625
CAAACTACGATAGAGA-1,0.000073,0.000073,0.000073,0.000073,0.000145,0.029908,0.969656
CAAACTATTGAGCTTC-1,0.117413,0.044941,0.000114,0.291173,0.13018,0.000114,0.416065
CAAACTCGCGACGCCG-1,0.204086,0.136052,0.08541,0.104896,0.350558,0.046839,0.072159
CAAAGATTATTGGGCC-1,0.04791,0.295688,0.070712,0.023516,0.124082,0.002633,0.435461
CAAAGGTCATCTGAAA-1,0.308429,0.102015,0.031828,0.285301,0.137517,0.040596,0.094314
CAAAGTCAGGTTAGCT-1,0.009464,0.11888,0.510659,0.035078,0.202774,0.022162,0.100983
CAAATCTCTCACAAGG-1,0.310793,0.485739,0.002372,0.054954,0.086044,0.000026,0.060073
CAAATGTCCTTCCGTG-1,0.035031,0.208444,0.112593,0.02712,0.605757,0.000247,0.010809
CAAATTGGATTATGCC-1,0.255528,0.092583,0.024848,0.137596,0.045617,0.006091,0.437737
CAAATTGTCAGCAAGC-1,0.27316,0.008914,0.012601,0.379154,0.055533,0.069836,0.200802
CAACACATCTCCTGCC-1,0.380035,0.184035,0.026361,0.111685,0.090789,0.054819,0.152277
CAACATGGCCTGATAA-1,0.018733,0.212595,0.166794,0.032953,0.213147,0.024867,0.33091
CAACCAGTGGCCTACC-1,0.398889,0.139904,0.02189,0.13726,0.076738,0.047255,0.178063
CAACCGCACCTAGACA-1,0.031567,0.126452,0.217499,0.042471,0.361126,0.112037,0.108847
CAACCTACCGAGCAGT-1,0.184727,0.118973,0.150123,0.211287,0.199527,0.075447,0.059915
CAACCTGAACCTGCCA-1,0.12183,0.036703,0.008897,0.128795,0.043237,0.005285,0.655253
CAACGACCCGTTTACA-1,0.173484,0.00544,0.078778,0.241346,0.066784,0.270926,0.163242
CAACGGTTCTTGATAC-1,0.236855,0.078006,0.010422,0.298927,0.025446,0.082619,0.267725
CAACGTGGTGGAGTCT-1,0.066514,0.041112,0.284962,0.182227,0.241805,0.1264,0.05698
CAACTATATCGAATGC-1,0.094325,0.000966,0.060489,0.044146,0.00016,0.010494,0.789419
CAACTCCTTGATCCCG-1,0.081181,0.007327,0.039294,0.573729,0.245946,0.028612,0.023911
CAACTGCTCATCCGAT-1,0.000159,0.122988,0.000159,0.000159,0.000318,0.000159,0.876057
CAACTTGTAGTGGGCA-1,0.200828,0.037232,0.104585,0.365529,0.159617,0.071427,0.060782
CAAGACTCAGAAGCGC-1,0.065167,0.00979,0.162474,0.099127,0.047047,0.182733,0.433663
CAAGAGGGCGGAGTAC-1,0.15422,0.317537,0.099989,0.042197,0.203485,0.011638,0.170934
CAAGATATTATAACGT-1,0.04824,0.143623,0.178577,0.028522,0.527903,0.02149,0.051645
CAAGCAACGTCGGAGT-1,0.438769,0.168053,0.034107,0.126847,0.054946,0.035584,0.141694
CAAGCACCAAATGCCT-1,0.014818,0.000086,0.000086,0.000086,0.000172,0.076413,0.908338
CAAGCGGCACATAATT-1,0.113025,0.200037,0.285617,0.029603,0.075604,0.071875,0.224238
CAAGGATCGCATGTTC-1,0.098812,0.387618,0.058468,0.011255,0.100002,0.004872,0.338972
CAAGGCCAGTGGTGCA-1,0.190232,0.10957,0.03059,0.193173,0.403859,0.020593,0.051982
CAAGGTCCTATAGGCT-1,0.015944,0.010413,0.071046,0.476624,0.388126,0.034765,0.003082
CAAGTAAGTGATAGAC-1,0.017218,0.191542,0.260694,0.002742,0.097731,0.034105,0.395969
CAAGTGAACTTTGGTT-1,0.056088,0.07543,0.00019,0.128069,0.026062,0.00019,0.71397
CAAGTGTGGTTGCAAA-1,0.006165,0.025663,0.18822,0.048334,0.725488,0.004415,0.001715
CAATAAACCTTGGCCC-1,0.281706,0.04208,0.00301,0.415658,0.249488,0.001498,0.00656
CAATACGAGAGTCTGA-1,0.095542,0.04904,0.158995,0.48914,0.097054,0.032335,0.077894
CAATACGCTCTGAGGC-1,0.434998,0.119729,0.006776,0.273639,0.049408,0.005672,0.109778
CAATATTCTTGACCTA-1,0.031396,0.265529,0.038734,0.00073,0.081225,0.021183,0.561202
CAATATTGGACTAGTG-1,0.162869,0.113862,0.049008,0.250572,0.295058,0.003642,0.12499
CAATCCCTATACCAGC-1,0.000101,0.000101,0.000101,0.000101,0.000201,0.088468,0.910927
CAATCCTGCCGTGGAG-1,0.377735,0.177538,0.04862,0.041787,0.200891,0.068022,0.085406
CAATGAGGTTCGACTA-1,0.248025,0.007769,0.020287,0.513642,0.172933,0.027562,0.009782
CAATGCGAGAAGTATC-1,0.087255,0.318972,0.05457,0.012875,0.390242,0.000083,0.136003
CAATGGAATCTACATA-1,0.000197,0.000197,0.000197,0.000197,0.000394,0.000197,0.99862
CAATGGATCTCTACCA-1,0.399959,0.193957,0.015562,0.013547,0.077391,0.043417,0.256166
CAATGTGCCAACCCTT-1,0.188537,0.022918,0.170895,0.244266,0.257797,0.088224,0.027363
CAATTAAGGGTGATGA-1,0.308665,0.219764,0.004121,0.110962,0.11137,0.000043,0.245074
CAATTGGGCCGCACTC-1,0.066291,0.40154,0.046332,0.049193,0.274325,0.009596,0.152724
CAATTTCGTATAAGGG-1,0.023514,0.126864,0.184596,0.063627,0.553327,0.034317,0.013755
CAATTTGACCGGGAAG-1,0.065123,0.163513,0.178368,0.099983,0.324883,0.033224,0.134905
CACAAACCGCAGAACT-1,0.278798,0.012272,0.069557,0.444356,0.078163,0.062259,0.054596
CACAAGCTAAGAAAGG-1,0.000121,0.078449,0.283485,0.00618,0.157284,0.000121,0.474359
CACAATGAGCTGCTAT-1,0.031132,0.231046,0.029166,0.021478,0.673206,0.009256,0.004715
CACACACGCTAACGAG-1,0.116363,0.344599,0.121738,0.026836,0.150597,0.054927,0.18494
CACACAGCTTGCGCTC-1,0.045613,0.019242,0.059213,0.442488,0.410954,0.018033,0.004458
CACACAGGGATAGATT-1,0.376613,0.08501,0.009558,0.063526,0.010515,0.064176,0.390603
CACACGCGCTGTCTTA-1,0.033789,0.122101,0.237776,0.092241,0.463703,0.013214,0.037176
CACAGAGACGAGGACG-1,0.109548,0.051667,0.512845,0.0235,0.052531,0.000046,0.249863
CACAGCACCCACGGCA-1,0.048096,0.039539,0.207536,0.425903,0.272816,0.004516,0.001595
CACAGCTAGGGAGTGA-1,0.237497,0.026129,0.00013,0.142063,0.005851,0.00971,0.578621
CACAGGGCCATATAGT-1,0.034937,0.030005,0.456989,0.130726,0.206746,0.08854,0.052057
CACAGGGCCGTTGTCA-1,0.002007,0.051305,0.172672,0.000093,0.031606,0.224872,0.517445
CACAGTCCCGCTTCGC-1,0.161574,0.066722,0.017123,0.433736,0.2753,0.014108,0.031436
CACAGTTCGCTTCCCA-1,0.062797,0.01533,0.084743,0.421677,0.250889,0.118463,0.046102
CACATATTAGCAGGAT-1,0.083283,0.242197,0.077601,0.077853,0.401144,0.036183,0.081739
CACATCGTGCACGCGC-1,0.000101,0.260737,0.000101,0.000101,0.011041,0.000101,0.727818
CACATCTCACCGACGA-1,0.017549,0.04027,0.112004,0.222399,0.570236,0.009474,0.028069
CACATGATTCAGCAAC-1,0.023487,0.253222,0.059111,0.06925,0.405788,0.00354,0.185601
CACATGTTTGGACATG-1,0.153929,0.207347,0.080559,0.013779,0.17433,0.033687,0.336369
CACATTCTTTCGATGG-1,0.190003,0.02009,0.03196,0.574512,0.116592,0.010073,0.056769
CACATTTCTTGTCAGA-1,0.197906,0.227354,0.196883,0.018403,0.1816,0.065709,0.112146
CACCAATCATCCGTCT-1,0.0504,0.297662,0.027412,0.031501,0.554716,0.000091,0.038217
CACCACGCCACACAGA-1,0.419178,0.119149,0.000701,0.257242,0.051854,0.001987,0.149891
CACCAGTCAGCATGCA-1,0.028522,0.310651,0.008897,0.000061,0.000122,0.016427,0.635321
CACCATCGGAGGAGAC-1,0.042861,0.000093,0.180763,0.439027,0.000187,0.179103,0.157966
CACCCAAATCTTATGT-1,0.224773,0.139558,0.062662,0.068615,0.272402,0.044555,0.187435
CACCCACACGTCACCC-1,0.219913,0.097812,0.086468,0.331819,0.077068,0.029527,0.157393
CACCCACGAGGCAATT-1,0.185596,0.042632,0.009027,0.635194,0.092972,0.016319,0.018261
CACCCGCGTTTGACAC-1,0.11034,0.012965,0.024402,0.008564,0.000642,0.220709,0.622378
CACCCGGTTTGTGACT-1,0.048696,0.293887,0.126248,0.075006,0.181913,0.022104,0.252146
CACCCTAACAAGATCT-1,0.035074,0.287133,0.13027,0.029706,0.436726,0.000026,0.081064
CACCCTTGGTGAGACC-1,0.093861,0.336321,0.185179,0.027251,0.300748,0.000568,0.056073
CACCCTTTCCTCGCTC-1,0.142418,0.057851,0.100071,0.399186,0.181325,0.038985,0.080163
CACCGATACACCGAGC-1,0.000092,0.000092,0.000092,0.000092,0.000185,0.039319,0.960127
CACCGATGATGGGTAC-1,0.173377,0.031286,0.096587,0.133042,0.056272,0.119581,0.389855
CACCGCCAGAAGGTTT-1,0.197299,0.001899,0.00577,0.690398,0.104532,0.000051,0.000051
CACCGCCGACCAGCGA-1,0.004086,0.000118,0.014405,0.000118,0.000236,0.245293,0.735744
CACCGCGTCCACTCTA-1,0.000085,0.000085,0.000085,0.000085,0.00017,0.999404,0.000085
CACCGGGCATCACAAG-1,0.171723,0.165586,0.07331,0.155515,0.127578,0.054837,0.251451
CACCGGTAGAGACATT-1,0.000113,0.030808,0.452103,0.000122,0.152535,0.000113,0.364205
CACCGTATCCCATCCG-1,0.048219,0.073943,0.410124,0.134107,0.310405,0.006666,0.016536
CACCGTTAGGGATCAC-1,0.065254,0.289553,0.162776,0.00574,0.084024,0.014249,0.378405
CACCGTTGCGCGATAT-1,0.062893,0.407863,0.158894,0.022314,0.113132,0.000047,0.234857
CACCTAATAGAGTCGT-1,0.306628,0.188032,0.229998,0.148047,0.071864,0.017348,0.038084
CACCTAATCAGTTTAC-1,0.083723,0.002574,0.000105,0.000112,0.00021,0.002662,0.910614
CACCTCGATGGTGGAC-1,0.000077,0.000077,0.000077,0.000077,0.000153,0.457722,0.541818
CACCTTGCGAAACTCG-1,0.446196,0.095551,0.021183,0.236054,0.067806,0.041812,0.091396
CACCTTGGCGCCTTTG-1,0.022243,0.122673,0.318362,0.072805,0.232359,0.114557,0.117001
CACGAAAGTTAGTCCC-1,0.09967,0.016203,0.064796,0.337403,0.016107,0.126937,0.338884
CACGCACAGCGCAGCT-1,0.149011,0.073761,0.100775,0.432042,0.184365,0.016342,0.043703
CACGCAGCGAGGCTTT-1,0.13145,0.00927,0.0194,0.61183,0.144551,0.078141,0.005358
CACGCGGAACTGTTGC-1,0.01436,0.1423,0.117925,0.040008,0.674614,0.005541,0.005252
CACGGACGTGGATGGC-1,0.007733,0.005135,0.275355,0.14862,0.073146,0.092069,0.397941
CACGGCGCGCCAAAGG-1,0.000051,0.000051,0.000051,0.000051,0.000103,0.999641,0.000051
CACGGGATTGAGGGTT-1,0.303418,0.123784,0.025046,0.260131,0.091004,0.007622,0.188996
CACGTCAATCAATGGA-1,0.341104,0.019542,0.046067,0.316657,0.133519,0.056139,0.086972
CACGTCGGCAACCTCT-1,0.047397,0.383711,0.196843,0.038388,0.21111,0.028961,0.093589
CACGTCGGGTTCTAGA-1,0.050786,0.147997,0.212519,0.002898,0.136598,0.094952,0.35425
CACGTTCGTGCTCTAG-1,0.036235,0.084871,0.219166,0.109443,0.546991,0.000029,0.003265
CACGTTTCGTACACAC-1,0.023025,0.156289,0.161469,0.083134,0.500317,0.000024,0.075742
CACTAAAGTTGCCTAT-1,0.165365,0.328176,0.091602,0.057905,0.193133,0.022595,0.141224
CACTACGGGAGCTGCC-1,0.220649,0.026837,0.019702,0.386423,0.338624,0.003907,0.003859
CACTCAAGAGCTATGG-1,0.099875,0.344454,0.076144,0.041747,0.299305,0.059466,0.079009
CACTCAGCTCTTGAGG-1,0.034859,0.011465,0.000092,0.697765,0.176084,0.000079,0.079655
CACTCCTATGTAAGAT-1,0.055837,0.17839,0.129006,0.002369,0.040131,0.013533,0.580734
CACTCCTCTCGGTCGG-1,0.000097,0.000097,0.000097,0.000097,0.003073,0.320784,0.675756
CACTCGAGCTGAACAA-1,0.118538,0.263714,0.059434,0.058731,0.31114,0.005877,0.182564
CACTCGGTTAGGAGGA-1,0.023772,0.08328,0.080345,0.082368,0.067246,0.035581,0.627408
CACTCTCAAGCATCGA-1,0.000071,0.011611,0.026593,0.000071,0.000142,0.00844,0.953072
CACTCTTCTGCTAGCC-1,0.192306,0.136419,0.228376,0.087576,0.240529,0.007919,0.106874
CACTGACGATTGTGGA-1,0.000046,0.014224,0.163171,0.000046,0.021025,0.089454,0.712034
CACTGTCCAAGTGAGA-1,0.193932,0.1798,0.00972,0.036918,0.017996,0.119636,0.441998
CACTTAATCAGACGGA-1,0.29639,0.201846,0.014271,0.163742,0.293231,0.005347,0.025173
CACTTCGCCACAGGCT-1,0.198609,0.089888,0.050072,0.365529,0.135529,0.071479,0.088893
CACTTCGTCTTATCTC-1,0.034529,0.506301,0.0815,0.026669,0.164642,0.000034,0.186324
CAGAACTTAGCCCTCT-1,0.00249,0.006544,0.25805,0.104205,0.616957,0.006499,0.005255
CAGAATAACACACGGA-1,0.162978,0.052801,0.170368,0.223503,0.330897,0.028335,0.031119
CAGAATATTCGTTATC-1,0.119235,0.071958,0.022219,0.456941,0.277766,0.017258,0.034623
CAGACACCGATCGCTG-1,0.030154,0.360544,0.045771,0.000076,0.013801,0.013372,0.536282
CAGACCTGTAAGTGTT-1,0.079364,0.027815,0.050999,0.268703,0.555863,0.011961,0.005296
CAGACGAACCTGATAC-1,0.064859,0.037035,0.272561,0.145171,0.387446,0.07511,0.017818
CAGAGACGGTCACCCA-1,0.007203,0.016426,0.158885,0.000054,0.000108,0.1408,0.676523
CAGAGCATGAGCTTGC-1,0.325514,0.100586,0.048002,0.1175,0.08082,0.118055,0.209524
CAGAGCGATGGATGCT-1,0.063316,0.006606,0.224365,0.08793,0.042277,0.109928,0.465578
CAGAGGCGATGCATGA-1,0.008129,0.259528,0.068201,0.000072,0.03309,0.066609,0.56437
CAGAGTGATTTAACGT-1,0.006426,0.000171,0.000171,0.235086,0.000343,0.042273,0.715529
CAGATAATGGGCGGGT-1,0.464114,0.155708,0.020533,0.05693,0.235171,0.024592,0.042953
CAGATACTAACATAGT-1,0.224488,0.00597,0.237758,0.135243,0.062789,0.000161,0.333591
CAGATATGAAGATGAC-1,0.000365,0.000365,0.000365,0.000365,0.00073,0.000365,0.997444
CAGATCATTTAAAGTC-1,0.288007,0.014439,0.022059,0.488982,0.150528,0.024953,0.011032
CAGATCCTGGTTTGAA-1,0.024467,0.364911,0.259848,0.003073,0.152093,0.026197,0.169411
CAGATGTTTGTCCCAA-1,0.022207,0.146168,0.371172,0.026556,0.397652,0.002538,0.033707
CAGCAGCCCGTTCCTT-1,0.092336,0.063463,0.015139,0.394791,0.363044,0.04435,0.026877
CAGCAGTCCAGACTAT-1,0.043543,0.260177,0.143918,0.035487,0.369032,0.013691,0.134152
CAGCAGTCTGTGCTGC-1,0.012449,0.042028,0.115419,0.052511,0.765597,0.001741,0.010254
CAGCCGGGCCCTCTAT-1,0.102238,0.001802,0.000072,0.000072,0.000145,0.013643,0.882029
CAGCCTCCTGCAGAGG-1,0.508202,0.099051,0.022255,0.200348,0.083809,0.023586,0.062751
CAGCCTCGATAGCGGT-1,0.145558,0.05446,0.019771,0.188303,0.066659,0.009344,0.515906
CAGCCTCTCCTCAAGA-1,0.022439,0.000113,0.069711,0.106936,0.000225,0.153051,0.647524
CAGCGATTCCCTTCAA-1,0.045487,0.106264,0.20885,0.01175,0.173923,0.01821,0.435517
CAGCGCCAACACGATA-1,0.045278,0.124307,0.004849,0.067281,0.066919,0.000068,0.691299
CAGCTCACTGAGACAT-1,0.035003,0.016656,0.018555,0.459227,0.455559,0.014975,0.000023
CAGCTCGACAAGTTAA-1,0.208387,0.084956,0.113544,0.05671,0.105543,0.20675,0.22411
CAGCTCGTGCTTGTGT-1,0.324426,0.171956,0.0004,0.135124,0.096604,0.046904,0.224586
CAGCTGGCGTAACCGT-1,0.072152,0.269041,0.103145,0.045461,0.478578,0.010211,0.021412
CAGCTTAGTAGGTAGC-1,0.048285,0.041072,0.000067,0.064975,0.042079,0.010228,0.793293
CAGGAAGACTTTATAT-1,0.030537,0.013007,0.165913,0.009323,0.000189,0.001471,0.779558
CAGGACAGCTGCCCTT-1,0.05917,0.003063,0.18124,0.460971,0.083343,0.17457,0.037642
CAGGATATATCGTTGT-1,0.04224,0.340505,0.061396,0.048548,0.496118,0.000037,0.011155
CAGGCAGTCTTACCAG-1,0.05748,0.513674,0.113866,0.012306,0.168105,0.010831,0.123738
CAGGCCGTTTGGGTGT-1,0.126525,0.278204,0.110706,0.015351,0.235012,0.019002,0.215199
CAGGCGCACGGTGGTC-1,0.070645,0.364916,0.147143,0.038774,0.10506,0.058797,0.214665
CAGGCGCCATGCTAGG-1,0.036043,0.290597,0.218588,0.03653,0.291215,0.011106,0.115921
CAGTAACTATTTATTG-1,0.076626,0.022632,0.000075,0.037024,0.107115,0.739533,0.016996
CAGTAAGGGACGTCTC-1,0.02735,0.261239,0.092511,0.000082,0.040795,0.124338,0.453684
CAGTAATCCCTCCCAG-1,0.215031,0.171364,0.014628,0.133364,0.040058,0.217891,0.207664
CAGTACATTCTCTAAA-1,0.095687,0.142919,0.015706,0.142103,0.185359,0.379456,0.03877
CAGTACCAGTTTACGT-1,0.049343,0.129317,0.24767,0.092235,0.408072,0.022436,0.050927
CAGTAGATGATGTCCG-1,0.016929,0.091991,0.076336,0.025789,0.766962,0.014004,0.007989
CAGTAGCCCACGCGGT-1,0.373396,0.200553,0.029646,0.088138,0.099752,0.073641,0.134874
CAGTCGAGGATGCAAT-1,0.497291,0.164819,0.052607,0.055805,0.136146,0.058967,0.034365
CAGTCGGCCTAGATAT-1,0.125679,0.398551,0.019499,0.188012,0.08491,0.000035,0.183315
CAGTCTCTCGGCTAAT-1,0.13826,0.29337,0.014797,0.001206,0.011803,0.013565,0.526999
CAGTCTGTATACTGGG-1,0.08859,0.234731,0.32786,0.044759,0.25085,0.011426,0.041785
CAGTGAATAAATGACT-1,0.40369,0.177864,0.035756,0.111724,0.091854,0.046953,0.132158
CAGTGGTTGCACATGA-1,0.253294,0.144426,0.074587,0.11304,0.278784,0.022691,0.113179
CAGTGTCCGCAGAATG-1,0.318124,0.159848,0.020409,0.326306,0.06025,0.00633,0.108734
CAGTGTCGGCTGGCCC-1,0.06465,0.390887,0.074196,0.024256,0.416002,0.001702,0.028307
CAGTGTTAATCTCTCA-1,0.00027,0.019744,0.045349,0.00027,0.135638,0.00027,0.798457
CAGTTCAAATTGACAC-1,0.17104,0.053314,0.037122,0.268568,0.170282,0.04011,0.259564
CAGTTCCGCGGGTCGA-1,0.413136,0.235261,0.002436,0.008808,0.005509,0.00328,0.33157
CAGTTCGAGGACCCGA-1,0.027793,0.059497,0.161442,0.225723,0.392105,0.006043,0.127397
CATAACGGACAGTCGT-1,0.126376,0.151903,0.252854,0.014601,0.194754,0.14095,0.118561
CATAAGAAGCTTGGCT-1,0.027306,0.022246,0.068696,0.176604,0.691047,0.001515,0.012587
CATAAGCTCTCCGTCT-1,0.400945,0.334969,0.012494,0.035676,0.014137,0.013827,0.187952
CATAATGAGCGGGCGA-1,0.047882,0.022211,0.051192,0.133223,0.043191,0.013009,0.689291
CATACAAAGCCGAACC-1,0.498938,0.184153,0.011908,0.029742,0.047131,0.000038,0.228091
CATACACAAAGTCAGC-1,0.006389,0.128618,0.134406,0.026801,0.680817,0.00521,0.01776
CATACACGGTTCCCAC-1,0.000126,0.204266,0.000126,0.000126,0.000252,0.000126,0.794978
CATACCCGTACCCAGT-1,0.124994,0.006809,0.010653,0.627738,0.196867,0.030752,0.002187
CATACGAACTAGCTGG-1,0.000192,0.009507,0.000192,0.000192,0.000385,0.000192,0.989339
CATACGGCGTCTGGGC-1,0.010917,0.05064,0.416047,0.003156,0.186352,0.268962,0.063925
CATACGGGTGCATGAT-1,0.011336,0.037919,0.191033,0.201316,0.505562,0.029171,0.023662
CATACTATGTAATTGT-1,0.363114,0.264165,0.007994,0.099743,0.211784,0.007356,0.045845
CATACTTAGGCAATAC-1,0.096958,0.130818,0.052588,0.406594,0.261593,0.007096,0.044354
CATACTTCTTTCTCCG-1,0.000072,0.056691,0.081345,0.000072,0.020048,0.000146,0.841625
CATAGAGGAGATACTA-1,0.066208,0.500988,0.057028,0.028496,0.168362,0.004498,0.17442
CATAGCCGCCCGGGAT-1,0.413123,0.155674,0.00086,0.008821,0.010643,0.065005,0.345873
CATAGCGTTGCCCACC-1,0.023856,0.306916,0.053784,0.008252,0.143607,0.000062,0.463524
CATAGTACATTGAGAG-1,0.000139,0.000139,0.000139,0.000139,0.000278,0.000139,0.999026
CATAGTAGCATAGTAG-1,0.089027,0.240542,0.08092,0.187762,0.119443,0.041459,0.240848
CATAGTCAAATACATA-1,0.158876,0.116309,0.126828,0.133092,0.372447,0.041302,0.051147
CATAGTCCACAAGAAC-1,0.013011,0.116703,0.106853,0.044074,0.693047,0.002001,0.024312
CATAGTGGGCACGCCT-1,0.044846,0.00016,0.00016,0.290611,0.009606,0.114428,0.54019
CATATACTACTGATAA-1,0.000055,0.027184,0.000639,0.008185,0.085838,0.828754,0.049344
CATATAGGTACAGTCA-1,0.038572,0.080402,0.260423,0.019357,0.506664,0.076111,0.018471
CATATGTCAGGCTACG-1,0.081214,0.401216,0.251593,0.006443,0.109952,0.054221,0.095361
CATATTATTTGCCCTA-1,0.000169,0.000169,0.000169,0.000169,0.000339,0.000169,0.998814
CATCAACACCTACTAA-1,0.071736,0.508081,0.149539,0.025657,0.105381,0.012521,0.127085
CATCATCTACCCGGAC-1,0.053968,0.000044,0.150117,0.589064,0.083893,0.109485,0.013429
CATCATTACCCTGAGG-1,0.068245,0.287714,0.187909,0.010268,0.355676,0.016581,0.073607
CATCCAATATAGTTTG-1,0.000121,0.138388,0.161287,0.007878,0.102547,0.005315,0.584465
CATCCCGAGATTCATA-1,0.066581,0.004348,0.045818,0.720573,0.09898,0.043053,0.020647
CATCCGCAGGCCCGAA-1,0.039951,0.255807,0.234841,0.02197,0.314412,0.03487,0.098149
CATCCTCTCAAAGATC-1,0.026797,0.238755,0.105428,0.037808,0.585696,0.000622,0.004894
CATCGCCCGCGGCCAA-1,0.092003,0.024688,0.048791,0.611126,0.110688,0.043615,0.069089
CATCGGACGGGTTAAT-1,0.051204,0.499994,0.087408,0.008536,0.178936,0.008534,0.165389
CATCGTCCGGTTACTA-1,0.20655,0.178885,0.126967,0.049826,0.040259,0.082637,0.314877
CATCTAGTGAAGGGAA-1,0.214261,0.08975,0.093296,0.134164,0.337786,0.024765,0.105977
CATCTATCCCGTGTCT-1,0.000028,0.000028,0.000028,0.000028,0.000056,0.999804,0.000028
CATCTGCAGGATCATT-1,0.373599,0.22629,0.016423,0.112327,0.039559,0.009055,0.222746
CATCTTACACCACCTC-1,0.056482,0.084061,0.390796,0.045655,0.263055,0.047932,0.112019
CATGAACCGACATTTG-1,0.34435,0.166675,0.008011,0.2554,0.087797,0.006119,0.131646
CATGACTTCGCTGAAT-1,0.068386,0.301485,0.240231,0.01631,0.16895,0.04067,0.163969
CATGAGATGCACTCTC-1,0.03223,0.190479,0.283324,0.035248,0.411345,0.023969,0.023404
CATGATCGCTTTGAGA-1,0.164736,0.031123,0.10994,0.286563,0.1154,0.112184,0.180055
CATGATGCACAATTCT-1,0.025412,0.0001,0.0001,0.0001,0.000199,0.028398,0.945692
CATGATGGAAGTTAGC-1,0.027471,0.113663,0.200676,0.067496,0.578704,0.000024,0.011965
CATGCCAACTCGCAAA-1,0.435798,0.257782,0.014912,0.101089,0.109986,0.004934,0.075499
CATGCGACCAGTTTAA-1,0.093141,0.025014,0.152007,0.413967,0.200281,0.093131,0.022459
CATGCGTTAGACAGAA-1,0.171348,0.052544,0.048903,0.234948,0.109962,0.022796,0.359498
CATGCTGGCTCCAATT-1,0.043848,0.002413,0.000948,0.876009,0.06044,0.000056,0.016285
CATGGATTGTCTTCCG-1,0.074964,0.132609,0.304122,0.017344,0.273054,0.078686,0.119222
CATGGCAGGAAGATCG-1,0.133663,0.019502,0.339329,0.209064,0.014189,0.20405,0.080201
CATGGCTCCCTATGTC-1,0.150793,0.405271,0.046271,0.086397,0.221807,0.000031,0.08943
CATGGGTATGCCTTAT-1,0.004342,0.106545,0.301988,0.011657,0.543173,0.009507,0.022788
CATGGGTCGGGTGTGG-1,0.326083,0.116951,0.039334,0.312915,0.128873,0.041924,0.033921
CATGGTAAGTAGCGTT-1,0.024684,0.280029,0.238504,0.017806,0.300394,0.032032,0.106552
CATGGTATTAGTTTGT-1,0.024408,0.243757,0.043462,0.070529,0.588851,0.000022,0.028971
CATGGTCTAGATACCG-1,0.1663,0.016694,0.008175,0.587727,0.20356,0.004595,0.012949
CATGGTTTATTAATCA-1,0.19807,0.191633,0.022059,0.266625,0.180095,0.048188,0.093331
CATGTAAGAGACATTT-1,0.085065,0.046713,0.128634,0.087238,0.568088,0.064621,0.019641
CATGTCTCATTTATGG-1,0.000664,0.005692,0.138881,0.052586,0.802149,0.000014,0.000014
CATTACATAGATTGTG-1,0.472411,0.096923,0.035009,0.204653,0.067455,0.039,0.08455
CATTACGCAGGAAGGG-1,0.067605,0.011175,0.029125,0.560487,0.323368,0.007013,0.001228
CATTACGTCGGCCCGT-1,0.000147,0.00016,0.000147,0.041736,0.017855,0.000147,0.939809
CATTATCCCATTAACG-1,0.000239,0.000239,0.000239,0.000239,0.000477,0.000238,0.99833
CATTATGCTTGTTGTG-1,0.187867,0.045161,0.043379,0.103304,0.035559,0.005549,0.57918
CATTCAGGTCAGTGCG-1,0.059029,0.08431,0.110482,0.113002,0.398444,0.043187,0.191547
CATTCCCATTCCGTCG-1,0.535902,0.174832,0.014849,0.028907,0.07586,0.043457,0.126193
CATTCCCTAAGTACAA-1,0.078686,0.207732,0.374186,0.080283,0.10155,0.025481,0.132082
CATTCGTCGTAGCGGT-1,0.149339,0.012212,0.030407,0.603147,0.121731,0.019336,0.063829
CATTGATGAACACGCC-1,0.131445,0.018055,0.004396,0.153573,0.026989,0.049331,0.616211
CATTGCGAAATGGGCG-1,0.05126,0.122386,0.014645,0.020036,0.031727,0.005403,0.754544
CATTGCGGGTCAATTC-1,0.259133,0.050538,0.041166,0.436374,0.158149,0.003349,0.051291
CATTGTGTGCTAGATC-1,0.052755,0.142735,0.179687,0.019399,0.078653,0.111508,0.415264
CATTTAGCGGACCATG-1,0.325822,0.27828,0.007023,0.247116,0.06276,0.017918,0.061081
CATTTCTAGCAGACTA-1,0.232463,0.251147,0.094995,0.089373,0.069847,0.097782,0.164393
CATTTGAGTGGTACGT-1,0.029181,0.055405,0.463815,0.078851,0.164523,0.057827,0.150397
CCAAACAGAACCCTCG-1,0.0706,0.125988,0.017627,0.03196,0.030313,0.008925,0.714588
CCAAAGCAGTTGGTTG-1,0.039826,0.25585,0.080282,0.024977,0.338041,0.002289,0.258734
CCAAATAACAAGATTC-1,0.091107,0.097612,0.090856,0.304216,0.365237,0.020686,0.030284
CCAACCTTATGTAACT-1,0.000119,0.091275,0.006014,0.000119,0.000239,0.000119,0.902114
CCAACGATGCACTGAT-1,0.210084,0.134264,0.040178,0.176013,0.131794,0.075026,0.232641
CCAACTTGATAGATCC-1,0.093964,0.024025,0.059972,0.476115,0.255097,0.017659,0.073167
CCAAGAAAGTGGGCGA-1,0.006129,0.216617,0.114401,0.020876,0.098038,0.007847,0.536092
CCAAGACTTCTGCGAA-1,0.0233,0.172808,0.056477,0.130772,0.044328,0.002176,0.570138
CCAAGCGTAACTCGTA-1,0.02074,0.010339,0.343139,0.24749,0.323514,0.047351,0.007427
CCAAGGAACAGAGAGG-1,0.192751,0.048646,0.038384,0.360165,0.143233,0.111972,0.104848
CCAAGGTTGCCCTTTC-1,0.250461,0.086454,0.035903,0.056739,0.081687,0.211666,0.277089
CCAAGTTTCTACAGAT-1,0.100978,0.319739,0.076044,0.062571,0.194021,0.017687,0.228959
CCAATAGATTTCATCT-1,0.269706,0.352261,0.013577,0.023718,0.044663,0.003854,0.29222
CCAATAGTGCCGTCGA-1,0.131082,0.066137,0.009416,0.08765,0.147093,0.038154,0.520468
CCAATCGGTAGATCGA-1,0.000117,0.000117,0.000117,0.000117,0.000234,0.000117,0.99918
CCAATGTCACAGCAAG-1,0.136479,0.166533,0.034589,0.096531,0.512469,0.046264,0.007134
CCAATTACGGGTCGAG-1,0.34655,0.024703,0.013167,0.139737,0.035305,0.059171,0.381366
CCAATTGAATGTTAAT-1,0.064566,0.005055,0.008329,0.684619,0.222837,0.007322,0.007272
CCACAATGTACGTCTT-1,0.329659,0.30947,0.044149,0.030752,0.090523,0.041406,0.154041
CCACACTGAGATATTA-1,0.011065,0.056024,0.388173,0.031842,0.388808,0.053254,0.070834
CCACAGCTGAAATCAT-1,0.182021,0.124096,0.074709,0.178191,0.310437,0.07555,0.054997
CCACAGTACCCATCCT-1,0.01315,0.12206,0.128698,0.025876,0.706123,0.000025,0.004068
CCACATACTGCACCCA-1,0.169617,0.025447,0.197247,0.315181,0.20231,0.018081,0.072116
CCACATGGCTCTTTAT-1,0.068211,0.212937,0.201839,0.011873,0.331433,0.034696,0.139012
CCACCAACTTTACTGT-1,0.048169,0.205484,0.320196,0.057609,0.261104,0.023718,0.083719
CCACCCAAGGAAAGTG-1,0.022654,0.328817,0.134167,0.017998,0.330694,0.00852,0.15715
CCACCTGTATGGAATA-1,0.024341,0.002167,0.066788,0.143312,0.019227,0.584702,0.159462
CCACGAATTTAACCTC-1,0.13072,0.209548,0.145553,0.063226,0.221607,0.127986,0.101361
CCACGAGAAGAGAATC-1,0.000069,0.000069,0.000069,0.000069,0.000139,0.419605,0.579978
CCACGGAGCCATAAGA-1,0.031808,0.409345,0.251032,0.027598,0.216506,0.010735,0.052977
CCACGGTGCCCGGTAG-1,0.121265,0.031629,0.01201,0.449079,0.345164,0.027395,0.013458
CCACGTAAATTAGACT-1,0.194184,0.033324,0.066352,0.455165,0.123896,0.094978,0.032102
CCACTATCCGGGTCAC-1,0.454346,0.132414,0.053149,0.155174,0.078351,0.040966,0.085599
CCACTCAGATCCGCAA-1,0.003136,0.08425,0.037744,0.03247,0.842355,0.000023,0.000023
CCACTGGTGGCTGGTT-1,0.344913,0.059695,0.005096,0.333299,0.059277,0.063245,0.134475
CCACTGTTTGGATTAA-1,0.089017,0.058777,0.077092,0.181689,0.543422,0.032108,0.017895
CCAGAAACTGATGCGA-1,0.273142,0.016344,0.107991,0.272392,0.056042,0.140646,0.133443
CCAGAAAGCAACTCAT-1,0.053286,0.223747,0.239717,0.084155,0.273172,0.022678,0.103245
CCAGAGACAAAGCCGG-1,0.308948,0.300794,0.007328,0.031906,0.083831,0.042581,0.224612
CCAGATAGTTGAGTGA-1,0.320238,0.112319,0.037225,0.231362,0.138366,0.016691,0.143799
CCAGCCTGGACCAATA-1,0.012202,0.531397,0.111154,0.004813,0.1429,0.000041,0.197495
CCAGCGGGATCACCAG-1,0.223886,0.009873,0.103541,0.384262,0.1609,0.103093,0.014444
CCAGCTACGCCTCATA-1,0.219921,0.338547,0.011611,0.051688,0.082102,0.0018,0.294332
CCAGCTCGAACGCATT-1,0.015525,0.0785,0.405109,0.200692,0.28422,0.000018,0.015936
CCAGCTGATGGTACTT-1,0.372177,0.256892,0.008378,0.128694,0.011103,0.020594,0.202163
CCAGCTTCCGCCCGCA-1,0.210545,0.239561,0.00005,0.015819,0.006785,0.00005,0.52719
CCAGGCTGGCGTCTGA-1,0.217532,0.02915,0.020859,0.54788,0.135865,0.009601,0.039113
CCAGGGACGTGGCCTC-1,0.131814,0.001825,0.01663,0.536447,0.129772,0.049696,0.133816
CCAGTAGTCTGATCCA-1,0.063127,0.007173,0.019118,0.467101,0.415239,0.028216,0.000027
CCAGTCAAATCTCTTA-1,0.232285,0.339012,0.002764,0.069676,0.023378,0.000029,0.332856
CCAGTCCATTATTCGA-1,0.229188,0.248343,0.082228,0.070508,0.244264,0.005535,0.119935
CCAGTCTAGACGGCGC-1,0.493358,0.089539,0.02963,0.166123,0.170547,0.006815,0.043989
CCAGTCTTGTCATAGA-1,0.076064,0.151814,0.029132,0.05197,0.147643,0.000071,0.543306
CCATAAACAACCCGAC-1,0.021643,0.000078,0.000078,0.000077,0.000155,0.05457,0.9234
CCATAACCTGTGCAGT-1,0.0846,0.141996,0.299649,0.184233,0.249399,0.007027,0.033095
CCATACCTTTACTTGT-1,0.241094,0.215815,0.020426,0.067924,0.213561,0.024362,0.216817
CCATACTCGCCTCTCC-1,0.308308,0.140144,0.000085,0.334875,0.087542,0.000085,0.128963
CCATAGAGGCTGCCAG-1,0.052135,0.553989,0.077053,0.019002,0.139073,0.001214,0.157535
CCATAGGTTGGCGTGG-1,0.000109,0.000109,0.014365,0.000109,0.000219,0.362277,0.62281
CCATAGTCAGTAACCC-1,0.075439,0.180515,0.082117,0.123022,0.512111,0.001458,0.025337
CCATATGGAAACTATA-1,0.055975,0.043502,0.111415,0.18972,0.513444,0.062309,0.023634
CCATATTGGATCATGA-1,0.023405,0.477287,0.094581,0.006006,0.09254,0.07218,0.234002
CCATCCATACCAAGTC-1,0.157702,0.215776,0.023237,0.036398,0.04594,0.078413,0.442534
CCATCGCAGTTAAACT-1,0.013418,0.017424,0.476368,0.235039,0.235494,0.019031,0.003226
CCATCTCACCAGTGAA-1,0.022469,0.032551,0.376818,0.032871,0.381724,0.134633,0.018934
CCATCTTGTTCACAAT-1,0.07996,0.095173,0.165926,0.256956,0.172116,0.034426,0.195444
CCATGCCCTAGATTTC-1,0.081101,0.113264,0.256594,0.054339,0.331603,0.050181,0.112919
CCATGCCTGTTTAGTA-1,0.134156,0.016123,0.040539,0.278734,0.522521,0.007229,0.000698
CCATGCTCTGCAGGAA-1,0.314409,0.130419,0.011488,0.427114,0.095408,0.000032,0.02113
CCATGGCCCTTGTACC-1,0.010284,0.046077,0.000084,0.008845,0.000168,0.000084,0.93446
CCATGTTCATCTATAT-1,0.000357,0.000357,0.000357,0.000357,0.000713,0.000357,0.997503
CCATTAGCGATAATCC-1,0.353526,0.151827,0.007351,0.165935,0.056914,0.030599,0.233848
CCATTCCCTGCCCACA-1,0.542838,0.104794,0.007992,0.110656,0.057606,0.005687,0.170427
CCATTGTTTCCTCCAT-1,0.29538,0.034637,0.019492,0.221689,0.032298,0.070406,0.326098
CCATTTCTACCTATTA-1,0.10661,0.16251,0.397577,0.09187,0.090905,0.047256,0.103273
CCCAAACATGCTGCTC-1,0.042963,0.080608,0.25519,0.01213,0.444577,0.119063,0.04547
CCCAACATACGTCGCG-1,0.102553,0.176614,0.034767,0.067585,0.57712,0.00005,0.041312
CCCAACCACACTAACA-1,0.000084,0.000084,0.000084,0.000085,0.000169,0.021441,0.978052
CCCAAGTCATTACACT-1,0.164199,0.101687,0.358931,0.055221,0.094784,0.097285,0.127893
CCCAATGAGATTTGCA-1,0.068251,0.411992,0.109007,0.000198,0.057875,0.000198,0.352479
CCCAATTTCACAACTT-1,0.246675,0.302309,0.000057,0.082128,0.173624,0.000057,0.19515
CCCACTCCACGGTATC-1,0.0617,0.342263,0.124443,0.081571,0.208041,0.039298,0.142683
CCCAGAGGAGGGCGTA-1,0.033607,0.000519,0.088819,0.611525,0.068084,0.188816,0.00863
CCCAGGTCTGAAGGCT-1,0.072842,0.019581,0.069145,0.462056,0.363592,0.007191,0.005595
CCCAGTAAACTTGGGA-1,0.03468,0.32241,0.170413,0.040206,0.344328,0.018612,0.06935
CCCAGTTAAGGCGCCG-1,0.046393,0.216412,0.18071,0.032985,0.498313,0.003788,0.021398
CCCATATAGGTCGATT-1,0.296062,0.027121,0.050971,0.391621,0.130455,0.037468,0.066302
CCCATTATTGTATCCT-1,0.028831,0.00694,0.082293,0.01401,0.00009,0.27126,0.596576
CCCGAAGTTTCGCGAA-1,0.300808,0.436142,0.000703,0.049517,0.02475,0.00003,0.188051
CCCGACCATAGTCCGC-1,0.045134,0.009734,0.202265,0.256014,0.010466,0.033247,0.443139
CCCGAGTTTCTCCGTA-1,0.130695,0.148531,0.205253,0.044673,0.221343,0.093267,0.156238
CCCGATAGCCTCGCCT-1,0.392274,0.039234,0.065797,0.130925,0.082891,0.035394,0.253484
CCCGCAGCGCGAACTA-1,0.112714,0.098487,0.210764,0.015796,0.086554,0.029742,0.445943
CCCGCAGGGCCCAAAG-1,0.021388,0.021467,0.000102,0.000102,0.000205,0.177731,0.779005
CCCGCCATGCTCCCGT-1,0.316033,0.163953,0.01143,0.236307,0.212454,0.003587,0.056237
CCCGCGCAATGCACCC-1,0.214063,0.075749,0.063121,0.136944,0.44439,0.032668,0.033066
CCCGGCTAGGTGAGAA-1,0.035438,0.184574,0.197029,0.047357,0.414136,0.000093,0.121373
CCCGGGTCGTTCAGGG-1,0.055364,0.383345,0.065163,0.017051,0.196278,0.00004,0.282758
CCCGGTGGAAGAACCT-1,0.181156,0.358752,0.045819,0.131836,0.177552,0.006457,0.098429
CCCGGTGTATCGGAAT-1,0.069623,0.243836,0.174857,0.059247,0.329947,0.03151,0.09098
CCCGTAAGTCTAGGCC-1,0.301202,0.067159,0.010531,0.376429,0.23772,0.00002,0.006939
CCCGTAGCTGGGAAGA-1,0.04297,0.155971,0.092215,0.114128,0.524751,0.000028,0.069937
CCCGTCAGCGTCTGAC-1,0.024793,0.012147,0.014286,0.010943,0.066636,0.145065,0.72613
CCCGTGAGGGCGGTGA-1,0.150689,0.020829,0.006231,0.553316,0.264021,0.00107,0.003844
CCCGTTTCGCAGATGT-1,0.134663,0.15767,0.081387,0.203463,0.409524,0.004711,0.008582
CCCTACTTGAACAATG-1,0.037627,0.160671,0.106508,0.082942,0.519419,0.009866,0.082966
CCCTAGGCAACAAGAG-1,0.107889,0.272005,0.017287,0.010921,0.011438,0.046197,0.534262
CCCTAGTGTCAGGTGT-1,0.077684,0.20234,0.128067,0.145438,0.356185,0.004108,0.08618
CCCTATGTAGAGCAGA-1,0.034753,0.201064,0.110113,0.00756,0.028628,0.036977,0.580905
CCCTCAAGCTCTTAGT-1,0.061709,0.396584,0.094292,0.023225,0.205224,0.039395,0.179571
CCCTCATTCTGGAATT-1,0.249671,0.131653,0.002508,0.187251,0.055929,0.005757,0.367231
CCCTCCTCGCTCGTAT-1,0.060681,0.315972,0.06738,0.159614,0.315434,0.002551,0.078369
CCCTCGATAATACACA-1,0.000279,0.000279,0.057788,0.000279,0.108301,0.000279,0.832796
CCCTGAAATGAGTTGA-1,0.489602,0.124968,0.006824,0.142666,0.038006,0.037175,0.16076
CCCTGACTAACAAATT-1,0.118374,0.046486,0.034847,0.061457,0.016261,0.188692,0.533884
CCCTGATGTAACTCGT-1,0.140961,0.357629,0.04184,0.040678,0.145614,0.000105,0.273173
CCCTGCCCAATCCGCT-1,0.108952,0.362592,0.010917,0.257777,0.041324,0.008252,0.210186
CCCTGCGCTACGCATA-1,0.056937,0.105077,0.000059,0.000059,0.000118,0.00006,0.837691
CCCTGGCTGTTCCTTC-1,0.252696,0.360623,0.00622,0.006363,0.051937,0.012311,0.309851
CCCTGTTGGCAAAGAC-1,0.04987,0.307659,0.064294,0.06954,0.362158,0.007239,0.13924
CCCTTTAATGGAGTTC-1,0.191988,0.027294,0.027372,0.436037,0.288487,0.000705,0.028118
CCCTTTGACAGGTCTT-1,0.002014,0.077386,0.115945,0.004665,0.153996,0.014261,0.631733
CCGAAAGTGGTGAGCA-1,0.073359,0.037975,0.039757,0.473488,0.310378,0.017155,0.047889
CCGAACACTGGGCCTC-1,0.219441,0.384363,0.009297,0.115236,0.057136,0.008605,0.205922
CCGAACCTTCCCGGCC-1,0.00241,0.20243,0.05556,0.006619,0.092322,0.029365,0.611293
CCGAAGCATTGACCAA-1,0.023628,0.219538,0.165729,0.040843,0.370815,0.00006,0.179388
CCGAAGGGCGTACCGC-1,0.117298,0.058639,0.029004,0.218771,0.092781,0.113953,0.369554
CCGAAGTATATTGTTC-1,0.378107,0.233876,0.021083,0.07857,0.180123,0.020812,0.087429
CCGACAAACACATGAG-1,0.065987,0.333942,0.04255,0.060193,0.439731,0.000366,0.057232
CCGACAAAGGGAGTGC-1,0.082605,0.115041,0.029175,0.030801,0.031202,0.147898,0.563278
CCGACAATAGGCCGCC-1,0.135339,0.03653,0.06794,0.27548,0.394959,0.047847,0.041907
CCGACGGGCATGAGGT-1,0.010944,0.308048,0.119201,0.018553,0.530142,0.000023,0.01309
CCGAGAAGTCGCATAA-1,0.032399,0.007765,0.023839,0.339789,0.588036,0.007634,0.000538
CCGAGCTGTGCTTGTC-1,0.084133,0.120294,0.002274,0.009642,0.000204,0.028751,0.754702
CCGATATGACGTAAGG-1,0.154479,0.021928,0.012057,0.360165,0.112702,0.026678,0.311991
CCGATCTCAACCTTAT-1,0.077967,0.062418,0.555502,0.012743,0.080104,0.108554,0.102712
CCGATTCGAGGGACCC-1,0.107538,0.002807,0.024624,0.579449,0.067517,0.195125,0.02294
CCGCACAAAGACCAAC-1,0.011401,0.100407,0.113019,0.049972,0.711889,0.005257,0.008055
CCGCACACGAACGTGT-1,0.192118,0.029242,0.030319,0.487745,0.163223,0.043626,0.053727
CCGCACGTGACCTCGG-1,0.3261,0.201121,0.006317,0.271066,0.068724,0.003063,0.123608
CCGCACTTGCAATGAC-1,0.366652,0.085958,0.027984,0.180923,0.208489,0.058274,0.071721
CCGCATGTGGTACGAT-1,0.004025,0.235169,0.061869,0.000499,0.02911,0.000071,0.669256
CCGCCGGAACTTCTCG-1,0.00504,0.441045,0.071455,0.005325,0.401521,0.000058,0.075557
CCGCCGGTCAACACAC-1,0.347758,0.010978,0.08928,0.291939,0.15194,0.067737,0.040368
CCGCCGTTGAGGATAA-1,0.133207,0.098074,0.194792,0.254703,0.092596,0.096272,0.130356
CCGCCTGCGAATTGGT-1,0.000246,0.000246,0.06357,0.228821,0.000491,0.091205,0.615422
CCGCCTTGCGATGTCG-1,0.227366,0.070165,0.009811,0.528417,0.104528,0.009361,0.050351
CCGCGATTTGGTAGGT-1,0.288624,0.108352,0.072286,0.058963,0.076818,0.079085,0.315872
CCGCGCAAGATACCCA-1,0.01184,0.17938,0.212216,0.006906,0.066985,0.009915,0.512757
CCGCGGAATGCGTCAC-1,0.059745,0.46151,0.123697,0.000873,0.106451,0.004572,0.243152
CCGCGGGTACGAAGAA-1,0.052138,0.079057,0.024383,0.154,0.032021,0.017741,0.64066
CCGCGTAGGTAAGGGC-1,0.416722,0.01646,0.000076,0.000076,0.000152,0.021727,0.544786
CCGCTATCAGCACCAG-1,0.031536,0.256516,0.201822,0.040471,0.318381,0.010558,0.140716
CCGCTCCAGGGCGATC-1,0.060899,0.212072,0.178444,0.074451,0.409534,0.01019,0.05441
CCGCTCTTCCGAACTA-1,0.203664,0.283436,0.09627,0.124436,0.219006,0.00846,0.064726
CCGCTTACCTCACTCT-1,0.014432,0.079554,0.19384,0.019731,0.536544,0.030211,0.125688
CCGCTTGCTGACATGG-1,0.191323,0.011006,0.138109,0.065212,0.019205,0.510608,0.064537
CCGGAAGTGCAATATG-1,0.050746,0.384816,0.048977,0.110491,0.281492,0.000141,0.123338
CCGGAAGTTATCAGTC-1,0.227259,0.046456,0.07583,0.197546,0.254224,0.001813,0.196871
CCGGAATGGTTTCAGT-1,0.577749,0.009353,0.022241,0.225159,0.09002,0.038332,0.037145
CCGGAGCGTACTTTCT-1,0.000131,0.169013,0.000131,0.000131,0.024689,0.000131,0.805775
CCGGCACGACCGTTTC-1,0.296416,0.129411,0.119376,0.0831,0.270036,0.038269,0.063391
CCGGCCGCGAGCATAT-1,0.007237,0.109436,0.138265,0.053457,0.647683,0.002111,0.041811
CCGGCGCATATTGGAT-1,0.002482,0.000043,0.025798,0.022649,0.000086,0.92298,0.025962
CCGGCGTGAGACTCTG-1,0.294637,0.229053,0.013967,0.099562,0.236093,0.002859,0.123829
CCGGGACCCGCAGAGA-1,0.326193,0.049394,0.03497,0.176334,0.055001,0.089639,0.26847
CCGGGCGGTCTCGTCA-1,0.022758,0.04969,0.279697,0.006035,0.035242,0.488679,0.117898
CCGGGCTAAGAATTTC-1,0.000206,0.041965,0.241841,0.000206,0.034867,0.000206,0.680709
CCGGGCTGCTCCATAC-1,0.062221,0.160343,0.114559,0.067096,0.268415,0.032099,0.295267
CCGGGTTCGAGGTTAC-1,0.24934,0.051842,0.021389,0.308195,0.236429,0.02074,0.112066
CCGGTAATGGCTAGTC-1,0.120197,0.032788,0.069568,0.322792,0.381847,0.039126,0.033682
CCGGTGCGAGTGATAG-1,0.049746,0.428144,0.138427,0.030222,0.25735,0.01707,0.079041
CCGGTTTGTAATTGTG-1,0.005104,0.093874,0.000085,0.000085,0.000171,0.000085,0.900595
CCGTAAGTTGGTCCCA-1,0.027798,0.121047,0.17729,0.140331,0.513011,0.007458,0.013065
CCGTACCCAAGCGCCA-1,0.149854,0.102093,0.043111,0.441159,0.223231,0.004627,0.035924
CCGTAGGAAATCCCTG-1,0.060684,0.172124,0.279639,0.121466,0.31193,0.001178,0.05298
CCGTAGGGTTGTTTAC-1,0.103648,0.046327,0.13565,0.336846,0.287897,0.050022,0.039611
CCGTATCTCGTCGTAG-1,0.041429,0.400507,0.145651,0.027821,0.3387,0.009149,0.036742
CCGTATTAGCGCAGTT-1,0.025324,0.003206,0.000109,0.000109,0.000218,0.046983,0.924051
CCGTCAACCTCTGGCG-1,0.000469,0.437241,0.000469,0.000469,0.000938,0.000469,0.559945
CCGTGAGGCATTCATG-1,0.155946,0.09179,0.15773,0.295158,0.175627,0.068107,0.055642
CCGTGCCCATGACGGC-1,0.234405,0.033434,0.067451,0.251337,0.154587,0.081213,0.177573
CCGTGGAACGATCCAA-1,0.379217,0.08499,0.078149,0.207244,0.092737,0.015875,0.14179
CCGTGTTAAATTCCAT-1,0.01682,0.116896,0.331655,0.009989,0.442656,0.052038,0.029946
CCGTTACGTTAGAACA-1,0.426265,0.088109,0.002156,0.205013,0.046987,0.064634,0.166835
CCGTTCCGAATCTCGG-1,0.257398,0.312033,0.001561,0.256387,0.043533,0.006198,0.122891
CCTAAAGGCTGACGCT-1,0.000106,0.000106,0.000106,0.000106,0.000213,0.000106,0.999256
CCTAAATTAACGGTTC-1,0.023977,0.442842,0.224676,0.013672,0.206809,0.000039,0.087984
CCTAAATTGTATCCTA-1,0.094355,0.019962,0.331267,0.06599,0.081602,0.221797,0.185029
CCTAACCCAAACAAGT-1,0.00404,0.004147,0.19878,0.064864,0.688312,0.039845,0.000011
CCTAACTAAGGCTCTA-1,0.403177,0.22088,0.017838,0.087446,0.055292,0.052038,0.163329
CCTACAAGTCCGGAAT-1,0.217878,0.00026,0.00026,0.00026,0.00052,0.00026,0.780563
CCTACATTCACAGACG-1,0.068842,0.264857,0.117943,0.077371,0.274779,0.028922,0.167286
CCTACGGCTCAGTCGA-1,0.202728,0.13378,0.051588,0.29643,0.186858,0.000045,0.128571
CCTACTCAACACGATT-1,0.223478,0.068987,0.122164,0.211483,0.081638,0.162987,0.129263
CCTACTGCTTACACTT-1,0.124907,0.0298,0.132237,0.487557,0.102628,0.018656,0.104215
CCTAGGCGTAGCGATC-1,0.118068,0.248281,0.154894,0.035039,0.294094,0.027042,0.122583
CCTAGGTAAAGGTAGC-1,0.05937,0.333889,0.179741,0.034781,0.291151,0.009144,0.091923
CCTAGTTAGTCGCATG-1,0.139318,0.000088,0.058892,0.571902,0.000796,0.096859,0.132145
CCTATAATGAGTGCCC-1,0.022176,0.204888,0.264349,0.014253,0.403432,0.022984,0.067918
CCTATACCGTCCTGTC-1,0.000066,0.006848,0.609451,0.052197,0.007397,0.012712,0.311329
CCTATATCGTGTCACG-1,0.074526,0.327764,0.124182,0.043091,0.308232,0.000932,0.121274
CCTATATTTGTCCTGG-1,0.000111,0.248907,0.013464,0.000111,0.000223,0.01289,0.724295
CCTATCTATATCGGAA-1,0.011505,0.000065,0.006871,0.004837,0.00013,0.253314,0.723279
CCTATGAAGTGGTGCC-1,0.178475,0.228942,0.054945,0.074246,0.278163,0.018386,0.166844
CCTATGGCTCCTAGTG-1,0.000085,0.088049,0.000094,0.000085,0.012047,0.000085,0.899555
CCTATGGGTTACCGTC-1,0.396692,0.297945,0.000054,0.015541,0.010058,0.032536,0.247174
CCTATGGTCAAAGCTG-1,0.021232,0.097936,0.135508,0.08994,0.63587,0.007474,0.01204
CCTATGTCCACTCCAC-1,0.03452,0.391107,0.127956,0.016601,0.399208,0.000028,0.03058
CCTATTATTCCGGCCG-1,0.004952,0.165887,0.368301,0.104647,0.146694,0.021538,0.187982
CCTCAACGATCGCTGT-1,0.04273,0.198929,0.326642,0.063175,0.308835,0.040602,0.019087
CCTCACCAATCTTGAC-1,0.375692,0.25577,0.017868,0.251501,0.03658,0.00044,0.06215
CCTCACCTGAGGGAGC-1,0.277379,0.077529,0.060311,0.191575,0.326205,0.02936,0.037639
CCTCACCTTAGCATCG-1,0.245579,0.084536,0.028787,0.193803,0.364368,0.040576,0.042351
CCTCACGTCAGCTAAT-1,0.279174,0.026726,0.024735,0.406766,0.219898,0.00784,0.034861
CCTCATGCAGCTACGA-1,0.095752,0.09458,0.151718,0.2998,0.170638,0.088247,0.099265
CCTCCCGACAATCCCT-1,0.007887,0.000149,0.061856,0.094257,0.002429,0.021137,0.812286
CCTCCGACAATTCAAG-1,0.098761,0.008105,0.042105,0.722588,0.093949,0.018244,0.016247
CCTCCTAGCTAGAGTC-1,0.000171,0.045834,0.031442,0.000171,0.209104,0.000171,0.713107
CCTCCTGAGCCCACAT-1,0.026261,0.000705,0.000042,0.000199,0.000084,0.138264,0.834445
CCTCCTGTTGTGTCGT-1,0.075756,0.205259,0.183463,0.126806,0.195234,0.070401,0.143082
CCTCGAAGTGGACGGG-1,0.022056,0.000116,0.000116,0.000116,0.000232,0.190978,0.786386
CCTCGCCAGCAAATTA-1,0.000094,0.000094,0.000094,0.000094,0.000188,0.08589,0.913546
CCTCGCGCGATATAGG-1,0.381854,0.208907,0.003097,0.08609,0.014701,0.151448,0.153902
CCTCGCGCTGTGCGAT-1,0.00011,0.323651,0.00011,0.00011,0.00022,0.00011,0.675688
CCTCGGACCGGGATAG-1,0.044444,0.147386,0.215229,0.066503,0.483971,0.016846,0.02562
CCTCGGATGCTACCTG-1,0.306547,0.206634,0.021006,0.145864,0.061457,0.003583,0.254909
CCTCGGTTTCCTTGCC-1,0.000507,0.000507,0.000507,0.000507,0.001014,0.000507,0.996451
CCTCTAATCTGCCAAG-1,0.050893,0.005812,0.001623,0.772535,0.160618,0.008155,0.000363
CCTCTACAAGGATTGG-1,0.000507,0.025021,0.000507,0.000507,0.001014,0.000507,0.971937
CCTCTATCGATTAGCA-1,0.043057,0.358755,0.256726,0.032352,0.215647,0.00096,0.092503
CCTCTCTCCCATCTAG-1,0.200374,0.028845,0.015007,0.585068,0.16537,0.002773,0.002564
CCTCTGGCCTAGACGG-1,0.000123,0.000123,0.000123,0.000123,0.000246,0.000123,0.999139
CCTCTGTACTATTCTA-1,0.137601,0.167897,0.099701,0.046911,0.15329,0.000065,0.394536
CCTGAACGATATATTC-1,0.017758,0.063458,0.115805,0.036238,0.742585,0.012987,0.011169
CCTGAATATTTACATA-1,0.358201,0.064285,0.036618,0.306051,0.116653,0.028048,0.090143
CCTGACAAACTCGCGC-1,0.058425,0.33036,0.075476,0.021378,0.185267,0.002293,0.326799
CCTGACCACCGATGGT-1,0.096597,0.409732,0.071529,0.020608,0.330589,0.000042,0.070902
CCTGCCCGTTGTCTAG-1,0.037217,0.035981,0.000118,0.136154,0.000235,0.000118,0.790177
CCTGCGATAGAACTGT-1,0.061547,0.247586,0.070408,0.102929,0.403904,0.001339,0.112288
CCTGCGTTCTACGCTT-1,0.217301,0.036105,0.00503,0.059438,0.006166,0.095802,0.580158
CCTGCTATTTGAGAAG-1,0.247139,0.132772,0.005533,0.133469,0.033648,0.002264,0.445175
CCTGGAAACGTTCTGC-1,0.029166,0.007469,0.032686,0.435327,0.473659,0.020882,0.000811
CCTGGCTAGACCCGCC-1,0.572597,0.050383,0.000935,0.067328,0.01492,0.000078,0.293759
CCTGGTCGAATGTGGG-1,0.010271,0.264879,0.029756,0.009433,0.030947,0.000059,0.654655
CCTGTAAGACATGATA-1,0.279138,0.282103,0.011426,0.219659,0.119084,0.025723,0.062868
CCTGTACTCACGCCCA-1,0.358307,0.24422,0.068985,0.168875,0.080758,0.000029,0.078826
CCTGTCACCCGGGCTC-1,0.276291,0.197239,0.020927,0.014478,0.006846,0.020851,0.463369
CCTGTCCCTCACGTTA-1,0.139257,0.044643,0.031962,0.362763,0.320275,0.021808,0.079292
CCTGTCGCCCGTAAAT-1,0.032989,0.176745,0.367718,0.026267,0.130703,0.074632,0.190945
CCTGTGAAACCGTAAC-1,0.121078,0.068878,0.015986,0.226847,0.057452,0.040765,0.468994
CCTGTTCAACCTCGGG-1,0.003589,0.158355,0.127154,0.028383,0.211121,0.004639,0.46676
CCTGTTTGAAGACACG-1,0.05291,0.45213,0.136719,0.011324,0.200958,0.01706,0.1289
CCTTCAGTTAAAGTGA-1,0.000114,0.140067,0.000114,0.000114,0.000856,0.000114,0.858619
CCTTCGTATAGAATCC-1,0.085492,0.2566,0.235226,0.023695,0.188522,0.008421,0.202044
CCTTCTCAGCGTTCCT-1,0.08132,0.004216,0.015451,0.646399,0.241178,0.01142,0.000016
CCTTCTTGATCCAGTG-1,0.000151,0.093571,0.00015,0.00015,0.000301,0.000536,0.905142
CCTTGACCACTTTATT-1,0.239142,0.049595,0.077375,0.267204,0.294405,0.01507,0.057209
CCTTTAAGGGAGCACT-1,0.000144,0.232696,0.000144,0.000144,0.019479,0.000144,0.747247
CCTTTCAATGAAGAAA-1,0.005037,0.000009,0.00898,0.448947,0.537002,0.000015,0.000009
CCTTTGAATTATGGCT-1,0.012206,0.112772,0.303281,0.017426,0.280989,0.166965,0.106362
CGAAACATAGATGGCA-1,0.116095,0.002419,0.00014,0.047882,0.00028,0.16522,0.667965
CGAAACGCAATTCATG-1,0.185961,0.20707,0.075447,0.052013,0.131393,0.039149,0.308967
CGAACAGTATGGGCGT-1,0.023457,0.073981,0.315982,0.015512,0.457513,0.05985,0.053705
CGAACCCGCATGCGTC-1,0.074255,0.271641,0.172641,0.031848,0.280361,0.009034,0.160218
CGAACGCCCAGTGCCG-1,0.026053,0.003843,0.074594,0.074587,0.001589,0.724307,0.095028
CGAACGGCCGGACAAC-1,0.280443,0.169962,0.118917,0.126677,0.127519,0.034533,0.141949
CGAAGACGGTGAGTGC-1,0.117347,0.107529,0.009042,0.307232,0.063013,0.030384,0.365453
CGAAGCTATAAATTCA-1,0.245813,0.04693,0.034465,0.396692,0.095321,0.14805,0.032729
CGAAGGGTTTCAGATT-1,0.000183,0.232623,0.142624,0.02288,0.109246,0.000183,0.49226
CGAAGTTGCTCTGTGT-1,0.53525,0.010371,0.000048,0.264121,0.064628,0.045269,0.080313
CGAATCTGCTCGACGC-1,0.002354,0.222189,0.111305,0.000072,0.036008,0.012175,0.615898
CGAATGAAGTCATTGC-1,0.029769,0.264319,0.002604,0.003988,0.091364,0.007397,0.600559
CGAATGACGCATAATG-1,0.003685,0.219696,0.000071,0.000071,0.005303,0.000071,0.771104
CGACAATTTGATCTAA-1,0.011861,0.089327,0.414317,0.031835,0.272108,0.093719,0.086832
CGACACGCTCCGACAG-1,0.023202,0.082385,0.265957,0.032022,0.551399,0.034453,0.010582
CGACAGTTCGCGTTAT-1,0.31111,0.074292,0.017782,0.301564,0.241244,0.006554,0.047454
CGACATGCGATCTTCT-1,0.000122,0.000122,0.000122,0.000122,0.000244,0.072115,0.927153
CGACCCTTAACGCCGG-1,0.20423,0.076085,0.198136,0.095415,0.259082,0.126961,0.040092
CGACCTACTAGACAAT-1,0.296819,0.306192,0.017947,0.125306,0.095113,0.005157,0.153466
CGACGCATCCGTACCT-1,0.096408,0.078023,0.182372,0.182075,0.426497,0.023529,0.011096
CGACTCAGGATGTTAT-1,0.379184,0.167821,0.006656,0.204527,0.026826,0.011729,0.203257
CGACTTTGTATAGCCT-1,0.183597,0.053766,0.044611,0.262191,0.439528,0.013354,0.002952
CGAGACCCTAGAGTGT-1,0.071715,0.292177,0.034714,0.030127,0.457789,0.001122,0.112357
CGAGACTACTGCTGCT-1,0.142326,0.456773,0.008961,0.055202,0.077722,0.055744,0.203272
CGAGAGATGTGAACCT-1,0.163923,0.133061,0.009843,0.208236,0.391106,0.003562,0.09027
CGAGAGCGCGTAGATA-1,0.224365,0.236596,0.008125,0.014518,0.027716,0.043657,0.445024
CGAGAGCTTTCACTAC-1,0.077123,0.155295,0.237807,0.039597,0.417294,0.016608,0.056276
CGAGAGGGTAGCCGCG-1,0.146692,0.27953,0.099748,0.064156,0.204193,0.031338,0.174345
CGAGATTTCGCTCGGG-1,0.209429,0.067443,0.19888,0.082594,0.089641,0.109304,0.242708
CGAGCACTTCAAGTTT-1,0.071546,0.122627,0.229364,0.202762,0.331182,0.004809,0.037711
CGAGCCGAGCACTCGA-1,0.036638,0.260495,0.070041,0.050272,0.481575,0.020561,0.080417
CGAGCGTTGATCAGCC-1,0.351206,0.095572,0.054258,0.266081,0.11407,0.021244,0.09757
CGAGCTGGGCTTTAGG-1,0.000106,0.000106,0.000106,0.000106,0.000212,0.033441,0.965924
CGAGGAGCTTCCATAT-1,0.339002,0.043108,0.03998,0.222469,0.035715,0.065681,0.254044
CGAGGATCGGGAACGA-1,0.24381,0.070995,0.023648,0.511207,0.10815,0.012523,0.029666
CGAGGCCAGGCATTGG-1,0.211177,0.177255,0.13996,0.106199,0.174523,0.06696,0.123926
CGAGGCTAAATATGGC-1,0.11312,0.063589,0.018166,0.436483,0.356756,0.002172,0.009714
CGAGGGACTGCGGTCG-1,0.061986,0.703985,0.051859,0.012438,0.140167,0.000032,0.029532
CGAGGGTATCCAGGTG-1,0.000061,0.119413,0.012651,0.000061,0.000474,0.000061,0.867278
CGAGTACTAAAGAGGA-1,0.22521,0.433132,0.057478,0.000496,0.06047,0.007202,0.216012
CGAGTGAAGGTACCAG-1,0.035179,0.503101,0.055134,0.001731,0.114849,0.000044,0.289962
CGAGTGCTATAGTTCG-1,0.022455,0.255118,0.128433,0.178712,0.401558,0.000039,0.013686
CGAGTTCTGTCCCACC-1,0.154936,0.218677,0.013716,0.165799,0.377361,0.010069,0.059442
CGAGTTTATCGGACTG-1,0.023987,0.188742,0.386423,0.014285,0.267291,0.063074,0.056197
CGATAATACTCAGGTT-1,0.241866,0.07188,0.040801,0.328767,0.262347,0.012525,0.041814
CGATACCTCGCGGACA-1,0.058772,0.494729,0.042539,0.001667,0.160825,0.000044,0.241424
CGATAGCGATACAGTG-1,0.003686,0.045482,0.27622,0.06326,0.41785,0.000055,0.193448
CGATAGTCGTACTGCA-1,0.063087,0.055281,0.337429,0.104811,0.313185,0.056232,0.069975
CGATATTAGCCGCAGG-1,0.107907,0.072077,0.200481,0.156802,0.362651,0.027198,0.072885
CGATCCGACCCAGTGC-1,0.104684,0.13219,0.032291,0.029131,0.675415,0.019934,0.006356
CGATCCTCGCAACATA-1,0.000089,0.020525,0.297297,0.156889,0.128991,0.000089,0.39612
CGATCTGTTGGAGGAC-1,0.049369,0.399404,0.148797,0.02825,0.121488,0.032072,0.220621
CGATGGACCCTACGCC-1,0.239591,0.02747,0.051174,0.019536,0.027755,0.452984,0.181489
CGATGTTGTTATCTAC-1,0.013557,0.065309,0.184589,0.078641,0.653442,0.000506,0.003956
CGATTAAATATCTCCT-1,0.000078,0.128834,0.011127,0.000078,0.000155,0.000078,0.85965
CGATTCGCCTGGCTGC-1,0.107687,0.356815,0.07846,0.04837,0.18626,0.019577,0.202832
CGCAAACACGAGTTAC-1,0.045523,0.06893,0.020316,0.136355,0.058794,0.001875,0.668207
CGCAATCGATCATTAG-1,0.190411,0.413592,0.03372,0.063829,0.064365,0.005646,0.228438
CGCAATTACTTTCGGT-1,0.141368,0.008611,0.004132,0.007613,0.003402,0.639097,0.195776
CGCAATTAGGGTAATA-1,0.238021,0.086898,0.045846,0.013905,0.030609,0.184174,0.400548
CGCAATTCTACAATAA-1,0.631547,0.043706,0.006311,0.043428,0.015918,0.019243,0.239847
CGCACATGTCCACTAC-1,0.09009,0.167513,0.419114,0.071785,0.107615,0.031809,0.112074
CGCACGTCTGTTTATG-1,0.000269,0.000269,0.000269,0.000269,0.000537,0.000269,0.998119
CGCACGTGCGCTATCA-1,0.077493,0.35974,0.198811,0.033733,0.18091,0.064132,0.085182
CGCAGAAACATTTGCG-1,0.008773,0.000214,0.000103,0.000103,0.000206,0.000103,0.990499
CGCAGATCTTCACCCG-1,0.164583,0.007122,0.186716,0.262466,0.058618,0.286556,0.033938
CGCAGGCGATCCAAAC-1,0.10698,0.086341,0.268825,0.139368,0.373177,0.008551,0.016758
CGCATCATGGCTTCAG-1,0.000099,0.000099,0.000099,0.000099,0.000197,0.025057,0.97435
CGCATCCATCAGCCAG-1,0.480608,0.07542,0.029759,0.154784,0.065634,0.077336,0.116459
CGCATGCCGAATGCGT-1,0.030842,0.102986,0.304112,0.130361,0.378459,0.0125,0.040741
CGCATGGTGCGATGCT-1,0.094245,0.515602,0.01674,0.00311,0.037488,0.046964,0.285851
CGCATTAGCTAATAGG-1,0.193487,0.029387,0.215943,0.299778,0.131597,0.008141,0.121667
CGCCAAGAAGCCGAGT-1,0.40273,0.173853,0.000203,0.02736,0.015611,0.02822,0.352022
CGCCAATTATTGCGTT-1,0.002421,0.096016,0.199742,0.077316,0.61412,0.000017,0.010368
CGCCACAGGTCGCGAT-1,0.04505,0.038685,0.028599,0.24388,0.643765,0.00001,0.00001
CGCCACCCGCATTAAC-1,0.072198,0.176199,0.036845,0.215557,0.397382,0.005174,0.096645
CGCCATCCGATTATGA-1,0.26887,0.037218,0.045875,0.509991,0.123909,0.01009,0.004047
CGCCCAGCACGCCTAG-1,0.00011,0.06734,0.00011,0.00011,0.00022,0.00011,0.931999
CGCCCAGCGTTTCACG-1,0.032119,0.199186,0.234316,0.036932,0.367199,0.028211,0.102037
CGCCCGCTTCCGTACA-1,0.036762,0.005643,0.00009,0.02841,0.00018,0.190941,0.737976
CGCCCTAATTGTTCAA-1,0.000124,0.082051,0.073757,0.000124,0.003554,0.000124,0.840267
CGCCCTTGAAGGCTGA-1,0.342624,0.243022,0.005493,0.188358,0.135539,0.000376,0.084587
CGCCGACTATTCGCTA-1,0.006628,0.11026,0.00008,0.00008,0.014874,0.00008,0.867998
CGCCGCCCATGCCTGT-1,0.004189,0.090024,0.39805,0.038029,0.379882,0.061072,0.028754
CGCCGTCTACCCATCG-1,0.169351,0.072471,0.071931,0.357143,0.120234,0.027976,0.180894
CGCCGTTCAGCATAGT-1,0.197298,0.054028,0.168997,0.144105,0.311689,0.066561,0.057322
CGCCTCCCTCCTCTAT-1,0.07977,0.374802,0.12368,0.006462,0.071292,0.000073,0.343921
CGCCTGGCCTACGTAA-1,0.240542,0.266975,0.022448,0.129591,0.09385,0.033784,0.21281
CGCCTTTAGCATGCTC-1,0.036744,0.050091,0.340374,0.079138,0.104184,0.192649,0.19682
CGCGAAGTGGCATACT-1,0.253063,0.319941,0.048525,0.056173,0.212968,0.018357,0.090973
CGCGACACTGCGCAGC-1,0.29442,0.279348,0.042423,0.09339,0.068083,0.014487,0.207848
CGCGACCGCGACAGAT-1,0.004787,0.022978,0.426684,0.016491,0.40991,0.112865,0.006284
CGCGAGAGGGACTTGT-1,0.000105,0.000105,0.000105,0.000105,0.00021,0.168624,0.830745
CGCGAGTCTGCCGGGT-1,0.071132,0.40638,0.028384,0.000036,0.018855,0.01392,0.461293
CGCGCAAATGTCCAGA-1,0.074196,0.473469,0.043928,0.007943,0.095548,0.001029,0.303887
CGCGCAAGGAACTACA-1,0.083136,0.047786,0.181828,0.067537,0.088743,0.269753,0.261217
CGCGCATGTTTGATTG-1,0.031931,0.334475,0.079321,0.004172,0.040806,0.00008,0.509215
CGCGCCCGACTTAATA-1,0.211444,0.021331,0.015694,0.49326,0.182267,0.040459,0.035545
CGCGGCAGTATTACGG-1,0.038877,0.172222,0.08089,0.042454,0.257086,0.036634,0.371837
CGCGGCTCAACTTGAA-1,0.009679,0.045277,0.27037,0.071996,0.505369,0.071544,0.025764
CGCGGGAATTAGGCAG-1,0.349434,0.14167,0.03265,0.06615,0.216257,0.011011,0.182829
CGCGGGAATTCCTTTC-1,0.06186,0.422893,0.062119,0.038957,0.363212,0.00009,0.050869
CGCGGTAAGTCTAGCT-1,0.424283,0.123954,0.015691,0.096231,0.203096,0.072687,0.064057
CGCGGTACGGTATACA-1,0.318658,0.080647,0.030797,0.301375,0.101061,0.051102,0.11636
CGCGGTCACAAACCAA-1,0.346494,0.060941,0.009685,0.066725,0.104858,0.088127,0.32317
CGCGTTCATGAAATAC-1,0.062137,0.001156,0.225025,0.140972,0.004382,0.427007,0.139321
CGCTACGGGACATTTA-1,0.07868,0.30494,0.31941,0.09177,0.180322,0.004797,0.02008
CGCTAGAGACCGCTGC-1,0.052385,0.302987,0.131261,0.053195,0.272198,0.057115,0.130859
CGCTATACCGCCCACT-1,0.047106,0.037727,0.483358,0.113803,0.118034,0.13995,0.060023
CGCTATTCAATGTATG-1,0.067245,0.18519,0.259101,0.241056,0.166296,0.013303,0.06781
CGCTATTCTTAGGCTC-1,0.000938,0.042441,0.559662,0.009071,0.275931,0.093729,0.018228
CGCTCGACATAATGAT-1,0.243318,0.11866,0.006943,0.502595,0.059842,0.004627,0.064015
CGCTCTCCGTAGATTA-1,0.227219,0.034568,0.034233,0.280303,0.111879,0.029647,0.282151
CGCTGGTGACTACCCT-1,0.033771,0.075881,0.333637,0.027276,0.506427,0.003506,0.019503
CGCTGTGACGCCGCAC-1,0.172268,0.100467,0.007223,0.117262,0.000271,0.170611,0.431898
CGCTGTGTGGATGTTG-1,0.000124,0.23555,0.000128,0.000124,0.00648,0.000124,0.757468
CGCTTAGTATTGATAC-1,0.000084,0.087286,0.000084,0.000084,0.000168,0.000084,0.91221
CGCTTATTCCCGGTCG-1,0.223928,0.098044,0.012757,0.370651,0.268926,0.000156,0.02554
CGCTTCCACTGAAATC-1,0.197426,0.035252,0.036973,0.365402,0.252919,0.009361,0.102667
CGCTTCGGTCTAAGAC-1,0.232002,0.068731,0.061905,0.320193,0.183362,0.055271,0.078536
CGCTTGGACGGATAGA-1,0.057265,0.01994,0.017195,0.052675,0.111188,0.360479,0.381258
CGCTTTCATACCGGTG-1,0.340631,0.014828,0.078069,0.336119,0.161439,0.028382,0.040532
CGCTTTCTTGCATTCG-1,0.056905,0.010525,0.470482,0.167274,0.2323,0.05139,0.011125
CGGAAAGAATCAAACG-1,0.000087,0.225034,0.013094,0.000087,0.035587,0.000087,0.726023
CGGAAAGCAAATGTGC-1,0.04393,0.264566,0.116787,0.023103,0.204316,0.019282,0.328016
CGGAACGTAAACATAG-1,0.034749,0.054222,0.163137,0.221012,0.461924,0.011673,0.053284
CGGACCTTTACGTCCC-1,0.061162,0.329081,0.042454,0.064221,0.370815,0.000035,0.132232
CGGACGTTACTTGAAG-1,0.346257,0.081642,0.024842,0.063049,0.021535,0.13854,0.324135
CGGAGCAATTTAATCG-1,0.020305,0.292827,0.037542,0.027732,0.193398,0.000074,0.428122
CGGAGCATGGCGATCC-1,0.045115,0.42562,0.044641,0.004626,0.274446,0.032266,0.173286
CGGAGCTTATAACACC-1,0.025589,0.005872,0.039834,0.009113,0.000121,0.037021,0.88245
CGGAGTTTGAGAGACA-1,0.122359,0.007996,0.13671,0.086721,0.019937,0.012813,0.613464
CGGATAAGCGGACATG-1,0.310762,0.226824,0.033489,0.092963,0.256342,0.020152,0.059469
CGGATCCTCAAGGACT-1,0.005967,0.056375,0.365754,0.052563,0.452129,0.029599,0.037612
CGGATGAATGCTGTGA-1,0.000239,0.063787,0.115372,0.000239,0.000479,0.000239,0.819644
CGGCAAACATCGTGCG-1,0.00906,0.132072,0.111452,0.006088,0.125405,0.051743,0.564179
CGGCAATAAGATCGCC-1,0.187383,0.15613,0.082117,0.063775,0.267413,0.030274,0.212909
CGGCACCGTTAGCGCC-1,0.000099,0.000099,0.000099,0.000099,0.000197,0.000099,0.99931
CGGCACTCAAGAAAGT-1,0.071943,0.150563,0.025089,0.062138,0.082025,0.286782,0.32146
CGGCAGGGTCGGGTTG-1,0.031234,0.075174,0.213967,0.117928,0.464335,0.04973,0.047631
CGGCCACGCACAAAGT-1,0.136372,0.124573,0.506621,0.01968,0.054637,0.062969,0.095147
CGGCCAGAGCGACCAT-1,0.000144,0.046664,0.074765,0.013105,0.072224,0.000068,0.793029
CGGCCCAACCTGTAGT-1,0.406832,0.062884,0.03296,0.2149,0.21305,0.040833,0.028542
CGGCCCAGGTATATCC-1,0.044618,0.361185,0.129065,0.032495,0.340338,0.000043,0.092256
CGGCGCCATCAATCCC-1,0.052313,0.378277,0.094447,0.026956,0.334687,0.005509,0.107811
CGGCTCTAAAGCTGCA-1,0.008653,0.002635,0.012185,0.398933,0.577379,0.000205,0.00001
CGGCTCTTCGTCGAAC-1,0.000153,0.000153,0.000153,0.000153,0.000307,0.025819,0.97326
CGGCTTTGTATGATAA-1,0.024312,0.000096,0.118144,0.058579,0.000191,0.001627,0.797052
CGGGAATATAGTATAC-1,0.014821,0.22288,0.160747,0.058281,0.488676,0.026703,0.027892
CGGGAATTTATGTAAA-1,0.035135,0.222423,0.304303,0.001948,0.102889,0.118144,0.215159
CGGGAGCTTCAGTGTA-1,0.018637,0.022168,0.274641,0.073917,0.519155,0.089772,0.001709
CGGGAGTATACCGCCG-1,0.054586,0.013853,0.031521,0.266082,0.617764,0.010898,0.005295
CGGGATCAATGTAAGA-1,0.000063,0.000063,0.030379,0.000063,0.000126,0.492525,0.476781
CGGGCAGCTAAACCGC-1,0.13,0.064208,0.085731,0.323265,0.281864,0.068755,0.046178
CGGGCCATAGCCGCAC-1,0.049215,0.146535,0.225185,0.082046,0.449327,0.032545,0.015147
CGGGCCTTCTTTGTAA-1,0.043277,0.146623,0.247372,0.039596,0.522084,0.00003,0.001016
CGGGCGATGGATCACG-1,0.057661,0.134941,0.099744,0.048162,0.550847,0.021665,0.08698
CGGGTGTACCCATTTA-1,0.029276,0.050059,0.258608,0.053132,0.526698,0.030122,0.052105
CGGGTTTGTTAGGGCT-1,0.076613,0.011539,0.087913,0.500535,0.244229,0.062235,0.016936
CGGTACGGCAAACCCA-1,0.045704,0.289515,0.183772,0.019734,0.409881,0.000018,0.051377
CGGTACTAGAATCAAA-1,0.067883,0.373823,0.153244,0.027752,0.35376,0.01012,0.013418
CGGTAGAGGTGCAGGT-1,0.451086,0.074564,0.010486,0.099564,0.050528,0.028606,0.285165
CGGTCAAGTGGGAACC-1,0.414788,0.154374,0.00318,0.174755,0.089531,0.01512,0.148255
CGGTCAGTCCATATTT-1,0.209198,0.061421,0.062419,0.249233,0.167314,0.001594,0.248822
CGGTCCATGAGACTCC-1,0.034262,0.121297,0.000086,0.021812,0.078353,0.045047,0.699142
CGGTCCGTCGCAAGCC-1,0.010269,0.119463,0.121626,0.022672,0.57413,0.000032,0.151808
CGGTCTATCAACCCGT-1,0.065981,0.008216,0.012959,0.030299,0.000118,0.320521,0.561906
CGGTGAAGACTAAAGT-1,0.088021,0.136013,0.000042,0.007928,0.000085,0.00852,0.759391
CGGTGCAGATAGAACG-1,0.040777,0.234205,0.030219,0.026919,0.661363,0.000018,0.006498
CGGTGCGCGTTGGTCC-1,0.045571,0.202421,0.065833,0.050288,0.613579,0.007821,0.014488
CGGTGGGCTCCAGCCT-1,0.000137,0.149877,0.000137,0.000137,0.000275,0.351947,0.49749
CGGTGTACTTGATCCC-1,0.331008,0.173119,0.056705,0.10004,0.13281,0.03611,0.170208
CGGTTATCCAACAGTG-1,0.114733,0.03016,0.019941,0.236337,0.589876,0.008259,0.000694
CGGTTCAAGTAGGTGT-1,0.36292,0.106225,0.105626,0.195461,0.087759,0.066603,0.075406
CGGTTCCGGCTTCTTG-1,0.223071,0.302892,0.020032,0.109633,0.078655,0.089731,0.175984
CGGTTGACCTGGCATA-1,0.424512,0.33689,0.001449,0.086255,0.027198,0.000035,0.12366
CGGTTGAGTATCCTTC-1,0.000337,0.064923,0.000337,0.000337,0.000673,0.000337,0.933058
CGGTTTACTGAACATT-1,0.017064,0.36651,0.02408,0.000072,0.098524,0.022143,0.471608
CGTAAACGCTTGAGTG-1,0.10109,0.166728,0.081073,0.171414,0.337685,0.083882,0.058127
CGTAAAGCAAGAAATC-1,0.000281,0.000453,0.013173,0.000281,0.000563,0.000281,0.984966
CGTAACTTCGACACTT-1,0.000809,0.113564,0.009652,0.000083,0.000166,0.001943,0.873784
CGTAATAATTACGAGT-1,0.064335,0.138304,0.136199,0.100047,0.434422,0.030358,0.096335
CGTACCGAAAGTCTAG-1,0.040185,0.398368,0.098173,0.047443,0.155299,0.019486,0.241046
CGTACCTGATAGGCCT-1,0.163118,0.004113,0.05909,0.07552,0.000214,0.063353,0.634592
CGTAGAGAGTAATTAT-1,0.00798,0.03105,0.355132,0.136801,0.445016,0.001964,0.022056
CGTAGCGAATTGTCAG-1,0.003217,0.00003,0.044587,0.843416,0.108689,0.00003,0.00003
CGTAGCGCCGACGTTG-1,0.000127,0.001011,0.000127,0.000127,0.000254,0.000127,0.998226
CGTATCTAGAACTAAG-1,0.270133,0.051088,0.107875,0.240683,0.091303,0.086208,0.15271
CGTATTAAGAGATCTA-1,0.116791,0.083962,0.108231,0.312795,0.313044,0.013992,0.051185
CGTATTGTTTCCTAAT-1,0.006997,0.029157,0.044929,0.122927,0.065349,0.063386,0.667255
CGTCAAGGCTATAAAT-1,0.250231,0.147761,0.078772,0.207012,0.092085,0.001284,0.222855
CGTCAATCTTTAACAT-1,0.046638,0.581455,0.031233,0.020632,0.132258,0.005836,0.181947
CGTCACGTCCATTGGT-1,0.049469,0.286497,0.103081,0.023803,0.52927,0.000027,0.007854
CGTCAGCTATTTACTC-1,0.000672,0.439481,0.047031,0.077786,0.375998,0.002149,0.056882
CGTCAGTGCGCACAAG-1,0.271692,0.107457,0.050289,0.161138,0.028382,0.134883,0.24616
CGTCATACCATATCCA-1,0.209036,0.139539,0.168403,0.103177,0.097303,0.108949,0.173595
CGTCCAGATGGCTCCA-1,0.022191,0.205911,0.22346,0.016623,0.124128,0.153967,0.253718
CGTCCTCATCGCGTGC-1,0.207763,0.019469,0.033008,0.425666,0.136078,0.144668,0.033348
CGTCGCATGTGAGCCA-1,0.104611,0.151119,0.314754,0.016776,0.203436,0.055254,0.15405
CGTCGCGGCGGGATTT-1,0.041709,0.284049,0.104796,0.036281,0.187926,0.008968,0.33627
CGTCGCTTGGTTATAC-1,0.000139,0.022782,0.000139,0.000139,0.000279,0.000139,0.976383
CGTCGGATAGTGTTGA-1,0.127542,0.069479,0.349165,0.009402,0.164787,0.15665,0.122975
CGTCGGGTCTAAGCGC-1,0.012597,0.485816,0.029092,0.012282,0.454159,0.000026,0.006029
CGTCGTCCTTCGCGAA-1,0.043296,0.367191,0.08168,0.100582,0.209861,0.000546,0.196844
CGTCTGGAAGGGCCCG-1,0.047983,0.000602,0.044262,0.653939,0.129352,0.067254,0.056607
CGTCTTGAGTGTGACG-1,0.387325,0.028174,0.03357,0.227486,0.095383,0.091541,0.136521
CGTGAAGTTAATTCAC-1,0.161385,0.333305,0.111897,0.026231,0.284377,0.026884,0.055921
CGTGACATTGGGTCGT-1,0.000096,0.000096,0.000096,0.000096,0.000192,0.288168,0.711257
CGTGACCAGTCCTCTG-1,0.073781,0.138139,0.040853,0.096764,0.286881,0.000068,0.363514
CGTGCACACCACTGTA-1,0.096634,0.041595,0.083993,0.281989,0.4889,0.004175,0.002713
CGTGCAGACTGGGACA-1,0.032178,0.67533,0.012828,0.000086,0.040966,0.000086,0.238525
CGTGCATTGTCGACGC-1,0.256838,0.317651,0.006128,0.152832,0.141822,0.015652,0.109078
CGTGCCCTCCCGAAGA-1,0.016374,0.222591,0.117944,0.05185,0.521503,0.005488,0.064251
CGTGCTGGCCTAGTCG-1,0.113203,0.316974,0.086089,0.110435,0.141042,0.045017,0.187239
CGTGCTTCTACCTAAA-1,0.001772,0.166376,0.039896,0.000079,0.000158,0.002205,0.789515
CGTGGAAGCCTCGTAC-1,0.182865,0.037239,0.052683,0.380128,0.243707,0.056271,0.047108
CGTGGCCGAATATCTA-1,0.010605,0.022297,0.357605,0.054298,0.53324,0.018517,0.003438
CGTGGTACCCAAAGGC-1,0.000068,0.068044,0.111776,0.010775,0.324198,0.000068,0.485072
CGTGTATGGGAGCTGA-1,0.280511,0.112811,0.008413,0.108925,0.356202,0.010284,0.122853
CGTGTCCCATTCGCGA-1,0.295865,0.012492,0.034525,0.000132,0.000263,0.000132,0.656591
CGTGTCTCGTTACGAC-1,0.013805,0.022308,0.178672,0.171473,0.437991,0.00014,0.175611
CGTGTGTTAAACCCTG-1,0.43041,0.225121,0.027161,0.03575,0.102394,0.064613,0.11455
CGTTAAACTAGTTAGG-1,0.076754,0.048373,0.193956,0.232997,0.39934,0.017795,0.030785
CGTTAAATACGACCAG-1,0.035082,0.031216,0.002742,0.000037,0.000074,0.036262,0.894587
CGTTAATGTCCCGACG-1,0.081414,0.257338,0.197434,0.00633,0.159574,0.143916,0.153994
CGTTAGCTCACAACTG-1,0.021762,0.008752,0.000152,0.004041,0.003906,0.326494,0.634894
CGTTATCATACTTCCA-1,0.261951,0.325896,0.026487,0.149175,0.097975,0.003543,0.134973
CGTTCAAGGAAACGGA-1,0.000059,0.043676,0.048122,0.000059,0.020737,0.000059,0.887289
CGTTCAGACCCGCGAA-1,0.045789,0.234482,0.086592,0.016795,0.194058,0.011487,0.410798
CGTTCATGGTGCGCGT-1,0.047366,0.417457,0.109318,0.050887,0.260609,0.007797,0.106566
CGTTCTTCGCACACCT-1,0.219366,0.012577,0.173894,0.077818,0.008464,0.16307,0.344811
CGTTGAATACCGCGCT-1,0.078754,0.372755,0.206856,0.033978,0.16453,0.001523,0.141604
CGTTGAGCGACCGTCG-1,0.004787,0.425914,0.23887,0.020366,0.189962,0.000113,0.119987
CGTTGCCCGCGTGGGA-1,0.000178,0.023691,0.000178,0.000178,0.000356,0.000178,0.975242
CGTTGTAAACGTCAGG-1,0.182153,0.24347,0.061167,0.138709,0.299427,0.037606,0.037468
CGTTGTAAGATTGATT-1,0.128415,0.020216,0.020854,0.60848,0.208407,0.008185,0.005443
CGTTGTCGGCAATTGA-1,0.075125,0.333024,0.049744,0.050265,0.231138,0.002213,0.258491
CGTTGTTTCAATTCCC-1,0.195343,0.09785,0.011822,0.432243,0.162598,0.000044,0.100101
CGTTTAAGCGGAGCAC-1,0.161886,0.05836,0.027298,0.245414,0.042753,0.079693,0.384596
CGTTTACAAGGCAGCT-1,0.014775,0.008331,0.000072,0.000632,0.000129,0.067941,0.908121
CGTTTCACTTCGGGCG-1,0.220286,0.011461,0.024047,0.383941,0.029032,0.228801,0.102433
CGTTTCGCTCATTACA-1,0.265095,0.467936,0.01208,0.053437,0.06579,0.090411,0.04525
CGTTTCGGTTATATGC-1,0.213121,0.115101,0.000066,0.000064,0.000128,0.068803,0.602717
CGTTTGGTGTTGTGGG-1,0.395864,0.098049,0.024718,0.202191,0.072634,0.052388,0.154155
CGTTTGTGTAGAGGGT-1,0.130818,0.117036,0.154148,0.01152,0.110505,0.019218,0.456755
CTAAAGAATGCCTACT-1,0.277213,0.039053,0.020477,0.420782,0.156682,0.028038,0.057755
CTAAAGGGAAATAGGA-1,0.033607,0.175506,0.24114,0.052482,0.266174,0.003156,0.227937
CTAAATCCGGTGTACA-1,0.060763,0.194562,0.373724,0.029807,0.098981,0.039004,0.203159
CTAAATCCTATTCCGG-1,0.316791,0.21045,0.001591,0.076047,0.081583,0.00589,0.307646
CTAACAGCACAATAAC-1,0.043192,0.201018,0.179426,0.005415,0.159494,0.1118,0.299655
CTAACCGCGCGCCCGT-1,0.548318,0.073846,0.033195,0.085449,0.084426,0.067242,0.107523
CTAACGAAACTTGCTG-1,0.115398,0.072736,0.209943,0.222349,0.297601,0.023753,0.058221
CTAACTGATAATCGCC-1,0.128278,0.028283,0.050843,0.209434,0.559966,0.018092,0.005103
CTAACTGGTCCGGTTC-1,0.090986,0.212902,0.137954,0.044775,0.42942,0.029408,0.054554
CTAAGGGAATGATTGG-1,0.041867,0.412278,0.048681,0.035612,0.204094,0.006267,0.2512
CTAATGCGCCCAACAA-1,0.037162,0.095172,0.235861,0.095952,0.467797,0.019747,0.048308
CTAATTCGCACGCGCT-1,0.11922,0.044919,0.041167,0.033449,0.086002,0.000198,0.675044
CTAATTCTCAGATATT-1,0.291841,0.110443,0.266384,0.092806,0.094931,0.024927,0.118668
CTAATTTCAACAACAC-1,0.229737,0.068982,0.021471,0.468015,0.161008,0.002907,0.047881
CTACAAGAAATAACCC-1,0.00316,0.359706,0.087837,0.000082,0.155746,0.000082,0.393386
CTACACTCGCAGATGG-1,0.068231,0.06178,0.118174,0.237102,0.443185,0.017034,0.054495
CTACATATCGCGGGAC-1,0.000187,0.049931,0.000187,0.000187,0.000373,0.000187,0.948949
CTACCCTAAGGTCATA-1,0.119501,0.089756,0.305179,0.087058,0.252181,0.077181,0.069145
CTACGACTAGCTATAA-1,0.234467,0.377324,0.000162,0.064965,0.025139,0.000038,0.297904
CTACGATCCTATCCTA-1,0.00058,0.00058,0.00058,0.00058,0.001159,0.00058,0.995942
CTACGCACGGAGTACC-1,0.060898,0.045939,0.220998,0.224182,0.422869,0.024461,0.000654
CTACGCCATTTCCGAT-1,0.019313,0.003195,0.097829,0.001933,0.008569,0.331783,0.537378
CTACGTGTTGCCACCA-1,0.184465,0.358006,0.020852,0.066603,0.22582,0.002228,0.142025
CTACTATCATAGGTTT-1,0.02616,0.302598,0.475023,0.029044,0.14318,0.00003,0.023965
CTACTATCTTTCAGAG-1,0.056131,0.023994,0.131075,0.188747,0.478194,0.077779,0.044079
CTACTCAAGGTATAGT-1,0.000176,0.029571,0.047818,0.000176,0.000353,0.007535,0.914371
CTACTCTAGGCCCGGC-1,0.057029,0.021292,0.000101,0.015865,0.000203,0.000102,0.905408
CTACTGCCACCTGACC-1,0.380799,0.05982,0.100361,0.155876,0.207976,0.0323,0.062869
CTAGATAAACTCCTCG-1,0.09456,0.136325,0.040792,0.163275,0.480587,0.002713,0.081749
CTAGATGTGAGTGTAA-1,0.103769,0.048225,0.254209,0.135005,0.277147,0.15053,0.031115
CTAGATTTACGACGGC-1,0.031797,0.019469,0.071262,0.017796,0.448482,0.079371,0.331824
CTAGCATAGTATAATG-1,0.175959,0.338001,0.087804,0.060285,0.206898,0.026186,0.104867
CTAGCCACAGGCGAGC-1,0.190523,0.135788,0.017155,0.288058,0.170039,0.003726,0.194711
CTAGCCGATGTTATGA-1,0.145908,0.005435,0.056791,0.41004,0.152581,0.185313,0.043932
CTAGCTTAATGGTCCC-1,0.213237,0.039915,0.058124,0.409904,0.142527,0.016425,0.11987
CTAGGCGCCCTATCAG-1,0.050816,0.191635,0.188653,0.039268,0.522786,0.000031,0.006811
CTAGGGATAGGGACAA-1,0.000156,0.193054,0.000156,0.000156,0.000313,0.000156,0.806008
CTAGGTCTGAAGGAAT-1,0.074998,0.224486,0.260996,0.041865,0.172871,0.080387,0.144398
CTAGGTTCGGACGTGA-1,0.070404,0.339569,0.091061,0.039868,0.132002,0.000064,0.327032
CTAGTAGAAAGGGATT-1,0.02201,0.231652,0.295812,0.016193,0.165353,0.128074,0.140907
CTAGTATTCGGAATTA-1,0.000103,0.000103,0.000103,0.000103,0.000205,0.000103,0.999281
CTAGTCACGTCTTAAG-1,0.044506,0.332406,0.119647,0.07778,0.355868,0.011065,0.058727
CTAGTGAAGGACAGGA-1,0.444424,0.218755,0.002725,0.057119,0.033357,0.038066,0.205553
CTAGTTACAACCCGGT-1,0.040753,0.177844,0.16723,0.044212,0.225272,0.020166,0.324522
CTAGTTGGGCCCGGTA-1,0.328309,0.030374,0.171707,0.258778,0.08461,0.032459,0.093763
CTATAAGAGCCAATCG-1,0.398454,0.071471,0.098914,0.017139,0.095299,0.165099,0.153624
CTATACTTAAAGCGAG-1,0.053455,0.244859,0.067991,0.100342,0.281601,0.004454,0.247299
CTATAGGCGTTGATGT-1,0.000419,0.000419,0.000419,0.000419,0.000838,0.000419,0.997068
CTATATCCAGCCTGGC-1,0.000348,0.000348,0.000348,0.000348,0.000696,0.000348,0.997565
CTATCGACGAAATACA-1,0.070584,0.264643,0.132068,0.012512,0.37091,0.048006,0.101276
CTATCGCGTAGAGAAC-1,0.196751,0.046571,0.045595,0.385812,0.210676,0.033556,0.081039
CTATCGGGTCTCAACA-1,0.007259,0.046902,0.26597,0.138613,0.457378,0.058505,0.025373
CTATGCCCGAATGCAA-1,0.000051,0.001248,0.288679,0.000051,0.011562,0.111618,0.586793
CTATGGGAAGCGGAAT-1,0.162141,0.11694,0.166874,0.120244,0.316565,0.053581,0.063656
CTATGTCACTAGCCCA-1,0.304249,0.138634,0.024697,0.026777,0.029312,0.235269,0.241062
CTATGTCTATTGAAAC-1,0.036528,0.008036,0.112726,0.616017,0.10406,0.013798,0.108835
CTATGTGAGTCACGGC-1,0.368631,0.350282,0.001248,0.090286,0.111202,0.000029,0.078323
CTATTCATGTGTCCCA-1,0.063261,0.066619,0.546683,0.014183,0.164652,0.000051,0.144551
CTATTTGCTTGGAGGA-1,0.033217,0.190472,0.064177,0.078277,0.597154,0.000029,0.036675
CTATTTGGTTACGGAT-1,0.020575,0.041363,0.172055,0.143827,0.579139,0.01389,0.029152
CTCAAACCACTGCCCG-1,0.006014,0.031564,0.465286,0.180251,0.095697,0.000063,0.221125
CTCAACTAACCCGGAT-1,0.018335,0.08489,0.136631,0.027859,0.648068,0.013508,0.070709
CTCAAGACATTAGCGC-1,0.00011,0.00011,0.00011,0.00011,0.00022,0.632535,0.366804
CTCACATTTACTAAAT-1,0.040652,0.240441,0.083494,0.122133,0.471838,0.000019,0.041423
CTCACCAGTACAAGTG-1,0.35525,0.17483,0.005006,0.12707,0.010252,0.009357,0.318235
CTCACTGTGATACTTA-1,0.037774,0.192506,0.085216,0.046488,0.502367,0.002215,0.133435
CTCACTTGGCTGGTAA-1,0.294835,0.183666,0.068644,0.101915,0.014997,0.048344,0.2876
CTCAGATTGTGATAAG-1,0.23914,0.079363,0.043756,0.294348,0.072698,0.077614,0.193081
CTCAGGACTCACCTGT-1,0.236006,0.216128,0.016899,0.07974,0.03598,0.009302,0.405945
CTCAGTCACGACAAAT-1,0.125195,0.007964,0.012972,0.673613,0.150742,0.016265,0.013249
CTCATAAATGTGTATA-1,0.567112,0.094,0.008981,0.079628,0.062303,0.025915,0.162062
CTCATCACTTAGTGAT-1,0.208955,0.128627,0.031327,0.07338,0.124285,0.072188,0.361238
CTCATGGCTCACAATC-1,0.019418,0.010327,0.016116,0.838707,0.107978,0.000051,0.007404
CTCATGGTAATTTGCG-1,0.085217,0.742702,0.022428,0.001821,0.06307,0.016751,0.06801
CTCATTAACGTTGCCC-1,0.010119,0.000081,0.02853,0.242932,0.060589,0.026324,0.631424
CTCATTCGTGAACATC-1,0.228318,0.25622,0.018785,0.119793,0.090119,0.012502,0.274264
CTCATTGCTCTAACAA-1,0.057314,0.202488,0.189004,0.069577,0.213639,0.058877,0.209102
CTCATTTGATGGGCGG-1,0.134773,0.059098,0.000145,0.000145,0.00029,0.012734,0.792815
CTCCCAATGAGTCGCG-1,0.107857,0.035087,0.181126,0.258559,0.308093,0.06687,0.042409
CTCCCTCCTTTCGATC-1,0.024062,0.049687,0.595267,0.094689,0.234261,0.000021,0.002013
CTCCGCCCACATGAGG-1,0.133098,0.113456,0.110406,0.00005,0.003149,0.191054,0.448786
CTCCGGCCTAATATGC-1,0.023366,0.000116,0.002357,0.04522,0.000231,0.036645,0.892064
CTCCGGCTTGTAGACA-1,0.201737,0.372699,0.078372,0.062688,0.221977,0.0099,0.052627
CTCCTAAGTTATGTCT-1,0.378157,0.121598,0.030421,0.164882,0.084347,0.000064,0.220532
CTCCTCCAGCTCACAC-1,0.000232,0.124334,0.000232,0.000232,0.000464,0.000232,0.874275
CTCCTGTTCAAGGCAG-1,0.131998,0.011561,0.077113,0.502753,0.116297,0.113069,0.047208
CTCCTTTACGCAAGTC-1,0.191055,0.036913,0.012505,0.54091,0.163599,0.000455,0.054563
CTCGAGACATACGATA-1,0.072471,0.603299,0.108051,0.015497,0.122069,0.000392,0.07822
CTCGAGATCCAAAGCA-1,0.096204,0.481867,0.014237,0.0269,0.067253,0.000034,0.313505
CTCGAGGTCGAACAGT-1,0.551014,0.122292,0.000056,0.15951,0.058287,0.000056,0.108786
CTCGATATTTGCGAGC-1,0.321583,0.120172,0.032803,0.050864,0.062839,0.152276,0.259463
CTCGCACCTATATAGT-1,0.058976,0.009189,0.002055,0.111647,0.062119,0.489424,0.266589
CTCGCATTGCATAGCC-1,0.028432,0.097988,0.353486,0.004648,0.108115,0.123947,0.283384
CTCGCCGAATGTAGGG-1,0.057615,0.227619,0.046089,0.000054,0.104297,0.055228,0.509098
CTCGCTAGGTAAGCGA-1,0.230486,0.261823,0.014788,0.088745,0.184079,0.000036,0.220044
CTCGGGATAACACCTA-1,0.308898,0.027833,0.03372,0.412658,0.134843,0.025661,0.056388
CTCGGGTTCTCTGGCC-1,0.000107,0.22124,0.000107,0.000107,0.000213,0.000107,0.77812
CTCGGTACCACTGCTC-1,0.070012,0.284949,0.260984,0.040796,0.332842,0.005889,0.004528
CTCGGTCCGTAGCCTG-1,0.464161,0.137183,0.039369,0.124069,0.049207,0.059139,0.126872
CTCGGTTGTCGGCCCT-1,0.012095,0.421431,0.075626,0.007407,0.061478,0.000055,0.421908
CTCGTCGAGGGCTCAT-1,0.018704,0.465912,0.081944,0.02668,0.188682,0.0292,0.188879
CTCGTCTGTGCCTTCG-1,0.035944,0.230848,0.19745,0.027146,0.354046,0.050201,0.104365
CTCGTTACGGCTACCA-1,0.000673,0.000673,0.000673,0.000673,0.001346,0.000673,0.995287
CTCGTTTCTAATGTTT-1,0.484338,0.040091,0.017674,0.246162,0.081625,0.018566,0.111545
CTCTAATGCATTGATC-1,0.195817,0.056816,0.049519,0.397654,0.254631,0.006596,0.038965
CTCTACACTGGCGATT-1,0.082095,0.001831,0.000517,0.550084,0.36545,0.000011,0.000011
CTCTACATCCTGCGTG-1,0.035065,0.118762,0.052109,0.031049,0.435525,0.000105,0.327386
CTCTAGCCCTCGGAAA-1,0.130345,0.366282,0.117335,0.029627,0.205443,0.014126,0.136841
CTCTATTTGGCTGCAG-1,0.037535,0.324546,0.275432,0.02314,0.129819,0.000058,0.20947
CTCTCACAATCGATGA-1,0.095651,0.054778,0.019455,0.318204,0.505846,0.001289,0.004777
CTCTCGCTGTACTATG-1,0.070868,0.228446,0.013796,0.203203,0.439381,0.008117,0.036188
CTCTCTAACTGCCTAG-1,0.073928,0.105282,0.059309,0.128418,0.598653,0.023096,0.011314
CTCTGCGAAGCAAGCA-1,0.382331,0.157191,0.064329,0.081919,0.044092,0.081076,0.189062
CTCTGGACGCCTGGTG-1,0.251446,0.061904,0.01751,0.299373,0.361619,0.003917,0.00423
CTCTGTTTGAGGATTC-1,0.133257,0.028852,0.023446,0.091129,0.000264,0.194585,0.528467
CTCTTCTATTGACTGG-1,0.010448,0.056461,0.220403,0.035477,0.661869,0.000025,0.015317
CTCTTCTGGAAGTTAG-1,0.000323,0.000323,0.000323,0.000323,0.000645,0.000323,0.997741
CTCTTGTCCCGCTTGG-1,0.047444,0.0347,0.143112,0.000128,0.000256,0.000128,0.774232
CTGAAAGAGATCCGAC-1,0.01,0.013285,0.000137,0.000138,0.004745,0.029275,0.942421
CTGAATCCGAGACCTC-1,0.101247,0.200929,0.199722,0.004453,0.238236,0.055586,0.199827
CTGAATTTATTGCCAG-1,0.346706,0.06157,0.012602,0.324035,0.164574,0.026462,0.064051
CTGACATAGAAATAGA-1,0.160201,0.103863,0.09039,0.372509,0.163753,0.035853,0.073433
CTGACTGCGCAGCTCG-1,0.230644,0.125109,0.114857,0.075529,0.142431,0.099131,0.2123
CTGAGAAAGTTCGGCG-1,0.116324,0.0356,0.118118,0.271202,0.292734,0.073424,0.092599
CTGAGAGTAGAAATAC-1,0.026789,0.000865,0.008457,0.004422,0.000045,0.116752,0.842669
CTGAGCAAGTAACAAG-1,0.247831,0.464473,0.018767,0.031474,0.066364,0.001611,0.169479
CTGAGCGAGACTTATT-1,0.050108,0.003462,0.102126,0.086819,0.022431,0.346456,0.388598
CTGATAGTGTATCTCA-1,0.128759,0.032511,0.002755,0.000055,0.003128,0.110355,0.722436
CTGCAAGCACGTTCCG-1,0.255828,0.096292,0.096741,0.070482,0.193768,0.130593,0.156296
CTGCACAACTACATAT-1,0.021416,0.222276,0.143732,0.14403,0.437341,0.00123,0.029975
CTGCACCTAGTCCACA-1,0.312056,0.03509,0.028416,0.373549,0.186992,0.03966,0.024237
CTGCACCTGGAACCGC-1,0.314721,0.097761,0.08158,0.255273,0.040224,0.036278,0.174164
CTGCACTCCAGTACAG-1,0.017999,0.100063,0.213939,0.021844,0.152441,0.045505,0.448209
CTGCAGAGAATCAGAG-1,0.055671,0.013772,0.015134,0.286176,0.627267,0.001903,0.000076
CTGCAGGTGCTCGGCC-1,0.006379,0.025306,0.332084,0.009664,0.066964,0.36496,0.194643
CTGCCAAGGTTGGAAG-1,0.188028,0.009384,0.011829,0.65063,0.095639,0.032288,0.012202
CTGCCATGCATCACAT-1,0.034646,0.082855,0.068388,0.070418,0.730032,0.010203,0.003458
CTGCCCACGAAGCGTT-1,0.393123,0.21795,0.006159,0.046965,0.033476,0.009076,0.293251
CTGCCTAGCCACCAAG-1,0.000119,0.000119,0.000119,0.000119,0.000238,0.036741,0.962544
CTGCCTCATATGCAAC-1,0.612184,0.045504,0.023207,0.11839,0.039476,0.103016,0.058224
CTGCCTTTAATACCTT-1,0.000159,0.021053,0.041123,0.000159,0.000317,0.000159,0.93703
CTGCCTTTCTAGTAAA-1,0.03835,0.450935,0.166646,0.024921,0.149286,0.008581,0.161281
CTGCGACCTCGCCGAA-1,0.032312,0.409435,0.030252,0.021518,0.389664,0.001338,0.115482
CTGCGATTTCGAGATT-1,0.003353,0.185151,0.04017,0.013094,0.343611,0.000151,0.414469
CTGCGGGTGAAATGTT-1,0.014645,0.013463,0.000057,0.000057,0.000114,0.009828,0.961836
CTGCGTTACGATATAA-1,0.097636,0.000552,0.007341,0.117901,0.000158,0.008352,0.768061
CTGCTGAGGCCACGAA-1,0.052948,0.11698,0.466124,0.007172,0.211557,0.099124,0.046095
CTGCTGTCTAACGAGC-1,0.18043,0.083034,0.166332,0.287894,0.189039,0.020899,0.072372
CTGCTTGGCGATAGCT-1,0.015313,0.1353,0.368279,0.058181,0.154608,0.029487,0.238831
CTGCTTTATGTCCGCG-1,0.149714,0.038305,0.124165,0.304255,0.045431,0.135548,0.202582
CTGGAAATGGATGCTT-1,0.189659,0.023464,0.009707,0.344303,0.111558,0.054303,0.267005
CTGGAAGACACGGTGG-1,0.002477,0.011928,0.1067,0.044344,0.834489,0.000049,0.000013
CTGGACGCAGTCCGGC-1,0.040678,0.433147,0.132878,0.050134,0.146914,0.020257,0.175993
CTGGATTTACACTTGA-1,0.063788,0.41147,0.064565,0.00875,0.143646,0.010409,0.297372
CTGGCATCCGAATGAG-1,0.035753,0.466232,0.223487,0.013863,0.126743,0.038422,0.095499
CTGGCGACATAAGTCC-1,0.105579,0.028478,0.000096,0.064311,0.010376,0.016032,0.775128
CTGGCGATTTACATGT-1,0.229239,0.060024,0.042315,0.139527,0.091099,0.339717,0.098078
CTGGCGCACAGGTCTG-1,0.007674,0.056775,0.203774,0.062714,0.646845,0.022198,0.00002
CTGGCGGGAATAAGTA-1,0.251652,0.229838,0.075902,0.143674,0.130661,0.0094,0.158873
CTGGCTCCTGCGGGAT-1,0.16854,0.346009,0.045785,0.118771,0.078024,0.048811,0.194059
CTGGCTGATTCATCCT-1,0.059107,0.46459,0.077713,0.018615,0.31943,0.000034,0.060511
CTGGCTGCTAACGTAA-1,0.043679,0.111429,0.108231,0.206895,0.328829,0.043407,0.15753
CTGGCTGGTTGTCAGT-1,0.006809,0.53821,0.207324,0.004662,0.000161,0.00008,0.242753
CTGGGATAAATAATGG-1,0.04654,0.067394,0.28265,0.053017,0.341251,0.14915,0.059998
CTGGGATACGCTACCC-1,0.32494,0.13,0.109545,0.065263,0.05786,0.099324,0.213068
CTGGGCCTGCTATATC-1,0.166049,0.507485,0.020123,0.018486,0.06651,0.003544,0.217802
CTGGGTAGGCAGTTAA-1,0.067309,0.410847,0.123148,0.013498,0.31831,0.000036,0.066852
CTGGGTTGAGTTAAAG-1,0.055423,0.406105,0.161383,0.021672,0.249625,0.004403,0.101388
CTGGTAAAGACTTACA-1,0.312967,0.220021,0.029906,0.109495,0.163667,0.013113,0.15083
CTGGTAAAGTGTGGGC-1,0.255288,0.062932,0.077339,0.283034,0.141614,0.033507,0.146286
CTGGTAACACATAGAA-1,0.003255,0.024066,0.049877,0.075493,0.843691,0.003286,0.000333
CTGGTAACGAGCTCTT-1,0.100003,0.011255,0.051811,0.414354,0.389002,0.03223,0.001345
CTGGTCATTCCAATCC-1,0.197439,0.061043,0.009868,0.390135,0.302059,0.010121,0.029335
CTGGTCCTAACTTGGC-1,0.000133,0.000133,0.000133,0.000133,0.000267,0.01799,0.981209
CTGGTGAATGGGCCTA-1,0.000094,0.049899,0.003168,0.000094,0.000187,0.000094,0.946464
CTGGTTCAACGCATCA-1,0.042203,0.009373,0.185725,0.412609,0.19361,0.132106,0.024373
CTGGTTCGCGAGCTAC-1,0.233375,0.023846,0.08662,0.215104,0.082313,0.183646,0.175096
CTGGTTTCGAGCAAGA-1,0.017959,0.071371,0.162515,0.061937,0.678731,0.001397,0.00609
CTGTACTTCTTAGCAT-1,0.045914,0.556936,0.114435,0.000073,0.088792,0.044986,0.148865
CTGTAGCCATCTCACT-1,0.000158,0.155349,0.000158,0.000158,0.000316,0.000158,0.843704
CTGTAGTGAGGATCGA-1,0.000098,0.000098,0.144116,0.246696,0.324251,0.000098,0.284642
CTGTATGGTGTAGAAA-1,0.159407,0.175739,0.123697,0.160245,0.131715,0.072947,0.17625
CTGTCAAATGGCTCGG-1,0.540194,0.247224,0.038003,0.076162,0.034466,0.012827,0.051124
CTGTCTGTGGCTGGCT-1,0.052714,0.417579,0.076877,0.015702,0.248789,0.000033,0.188306
CTGTGCAGGGTAGGTC-1,0.047494,0.522226,0.041267,0.017079,0.152863,0.000042,0.219029
CTGTGGTCGGGAGATA-1,0.039881,0.173789,0.232996,0.056021,0.429827,0.015618,0.051868
CTGTTACCCAATCTAG-1,0.076255,0.284279,0.25223,0.10085,0.144996,0.00369,0.137702
CTGTTCACTGCCTGTG-1,0.000175,0.000175,0.000175,0.072142,0.168916,0.000175,0.758242
CTGTTCATCTCACGGG-1,0.114397,0.225937,0.000056,0.239228,0.049423,0.021568,0.349392
CTGTTGGCTCTTCTGA-1,0.021669,0.217573,0.426591,0.020613,0.162424,0.019431,0.131698
CTGTTGTTCAGTCGTA-1,0.000535,0.000535,0.000535,0.000535,0.00107,0.000535,0.996254
CTTAAATAAGACCCAT-1,0.294729,0.210873,0.010164,0.256425,0.142445,0.013398,0.071966
CTTAACTTACAGTATA-1,0.202367,0.011538,0.120774,0.385105,0.066669,0.17414,0.039406
CTTAACTTCGAAGTAC-1,0.011405,0.000035,0.001,0.837842,0.097711,0.043531,0.008475
CTTAAGCAGCGAGCCG-1,0.067396,0.218545,0.298767,0.020472,0.094591,0.10443,0.1958
CTTACACGGTATTCCA-1,0.167976,0.010152,0.010684,0.548552,0.216057,0.046488,0.000091
CTTACACTGGGAAATA-1,0.15268,0.069951,0.081149,0.246663,0.062344,0.139628,0.247586
CTTACTGACTCCTCTG-1,0.152359,0.008798,0.000142,0.000142,0.031513,0.032395,0.77465
CTTAGCCCGGATAGTG-1,0.201494,0.234349,0.018096,0.079199,0.027235,0.015157,0.42447
CTTAGCCTTCCACATG-1,0.052604,0.001862,0.00249,0.776859,0.161284,0.004489,0.000412
CTTAGGTATAGACCAG-1,0.000087,0.076712,0.103849,0.04584,0.151934,0.000087,0.621491
CTTAGTAGGCCTACAG-1,0.201837,0.333809,0.057895,0.005949,0.085157,0.04068,0.274672
CTTAGTGTAGTAGCAT-1,0.014995,0.193928,0.067796,0.024951,0.682205,0.005116,0.01101
CTTAGTTGAGGAATCG-1,0.000231,0.000231,0.000231,0.000231,0.000463,0.000231,0.99838
CTTATAGATGGCTGTT-1,0.50356,0.053203,0.03383,0.143794,0.074416,0.039174,0.152023
CTTATGCGCTCAGGGC-1,0.194739,0.128009,0.029029,0.346542,0.219245,0.020437,0.061999
CTTATGTTGACTACCA-1,0.211382,0.084189,0.050391,0.014476,0.035848,0.326076,0.277639
CTTCAACTCCACTTGG-1,0.15916,0.19431,0.277171,0.020829,0.119887,0.072913,0.15573
CTTCAGTGGTCGCCTA-1,0.08448,0.110619,0.257227,0.056483,0.491158,0.000016,0.000016
CTTCATAGCTCAAGAA-1,0.201358,0.042994,0.035457,0.020317,0.012077,0.220513,0.467285
CTTCATTGTCAGTGGA-1,0.01646,0.033832,0.558348,0.057263,0.241061,0.037916,0.05512
CTTCCGCTCCGTGAAG-1,0.000119,0.000119,0.000119,0.000119,0.000238,0.003355,0.995932
CTTCGATTGCGCAAGC-1,0.068213,0.042307,0.072683,0.120694,0.662591,0.025769,0.007745
CTTCGGCCAATTGTTT-1,0.116787,0.243231,0.170084,0.062574,0.177412,0.051815,0.178097
CTTCGTAGATAGGTGA-1,0.144508,0.131421,0.267225,0.037824,0.254538,0.112799,0.051685
CTTCTATGTTGAAGTA-1,0.06089,0.375997,0.121051,0.012139,0.216196,0.000059,0.213667
CTTCTATTAATGCTAG-1,0.055059,0.161047,0.227864,0.05453,0.434978,0.000043,0.066479
CTTCTGGGCGTACCTA-1,0.367477,0.009523,0.100017,0.000137,0.000273,0.000137,0.522438
CTTCTTACGTCGTATA-1,0.284295,0.190752,0.000212,0.222594,0.006697,0.013587,0.281863
CTTGACCCGAAAGATA-1,0.082343,0.083394,0.007802,0.049068,0.000183,0.041518,0.735692
CTTGAGGTTATCCCGA-1,0.042569,0.062759,0.069466,0.270641,0.503456,0.005049,0.04606
CTTGAGTTAGGGTAAT-1,0.020864,0.028231,0.337473,0.100778,0.438787,0.056291,0.017576
CTTGATGACCATCCAG-1,0.139379,0.191258,0.070747,0.176355,0.254567,0.013931,0.153764
CTTGCAACCGCCTCCT-1,0.246838,0.416143,0.019714,0.092333,0.102848,0.001423,0.120702
CTTGCCCACCCACGCA-1,0.144821,0.153128,0.029691,0.305158,0.299136,0.001796,0.066269
CTTGCCCAGGCTCTAC-1,0.029876,0.209791,0.395065,0.042936,0.252859,0.037759,0.031713
CTTGGCCAAGCTGGGA-1,0.0001,0.127985,0.0001,0.0001,0.000199,0.0001,0.871417
CTTGTACTTGTTGACT-1,0.048253,0.024306,0.000137,0.000137,0.000275,0.001706,0.925186
CTTGTCAACATTCGAG-1,0.037686,0.133103,0.148509,0.208279,0.297808,0.004635,0.169979
CTTGTGAGGACAGCGG-1,0.034299,0.378062,0.122574,0.04737,0.31409,0.000052,0.103553
CTTGTGAGTCTTTGAC-1,0.00004,0.005895,0.00004,0.00004,0.00008,0.499726,0.494179
CTTGTGCTCACCGATT-1,0.640233,0.084108,0.001299,0.027255,0.04039,0.031557,0.175157
CTTGTTGCTGAGTCAA-1,0.043064,0.127579,0.15578,0.021456,0.572953,0.03202,0.047149
CTTGTTTATGTAGCCA-1,0.13098,0.014515,0.03908,0.428863,0.359072,0.016394,0.011096
CTTTAACTTTCAAAGG-1,0.215096,0.004654,0.086416,0.36695,0.045402,0.075024,0.206457
CTTTAATATTGGTCGA-1,0.069356,0.265356,0.043436,0.081808,0.296629,0.000039,0.243376
CTTTACCGAATAGTAG-1,0.071513,0.250217,0.246412,0.024665,0.264182,0.040187,0.102823
CTTTAGGAACACTGTT-1,0.039488,0.191881,0.159896,0.00337,0.576463,0.010629,0.018274
CTTTAGTGCTATTATT-1,0.041044,0.484421,0.140721,0.004868,0.028217,0.010216,0.290513
CTTTCTGTGCGGGCTT-1,0.007106,0.042008,0.223332,0.087607,0.276136,0.023275,0.340536
CTTTGACGTCGCTTCT-1,0.27894,0.229037,0.075189,0.230402,0.059554,0.034689,0.092189
CTTTGCATCGCTCTTG-1,0.077277,0.137898,0.251593,0.057315,0.312887,0.033288,0.129743
CTTTGCTGTCATGGAT-1,0.083001,0.020923,0.035873,0.615884,0.232179,0.003161,0.008978
CTTTGGCGCTTTATAC-1,0.031216,0.055557,0.00007,0.00007,0.00014,0.00007,0.912877
CTTTGGCTTTAGTAAA-1,0.224415,0.189189,0.041253,0.322791,0.069872,0.012059,0.140421
CTTTGGGATTGTTGCA-1,0.000202,0.000202,0.000202,0.000202,0.000403,0.000202,0.998588
CTTTGTCGAATGCTCC-1,0.038023,0.352355,0.259557,0.003924,0.180658,0.028756,0.136725
GAAACAGATGACCACC-1,0.005216,0.007317,0.107696,0.043089,0.830652,0.006019,0.000012
GAAACAGCCATGCAGT-1,0.069051,0.001384,0.059662,0.6785,0.091405,0.091682,0.008316
GAAACATAGGAAACAG-1,0.042108,0.302896,0.06965,0.002171,0.043416,0.055914,0.483845
GAAACCATGGTGCGCT-1,0.051177,0.023126,0.043036,0.652601,0.178759,0.01801,0.033291
GAAACCGAATTACCTT-1,0.015273,0.033525,0.150465,0.056669,0.737707,0.005021,0.001339
GAAACCTATACAAATG-1,0.000069,0.00829,0.008775,0.000069,0.000137,0.000069,0.982592
GAAACTCGTGCGATGC-1,0.398356,0.130415,0.03264,0.064116,0.014083,0.020958,0.339431
GAAACTCTAATGAAGG-1,0.049796,0.004138,0.038685,0.682691,0.073493,0.06851,0.082688
GAAAGAACAGCGTTAT-1,0.146819,0.200506,0.244533,0.018571,0.138024,0.069871,0.181677
GAAAGCAGTGCACTTT-1,0.000057,0.202084,0.000083,0.000057,0.005604,0.000057,0.792057
GAAAGCCCTTTGGACC-1,0.017297,0.004717,0.175766,0.024431,0.003161,0.08584,0.688789
GAAAGTGACTAACTGC-1,0.092912,0.022883,0.006809,0.724905,0.13578,0.002705,0.014005
GAAATACTAAACGTTT-1,0.299329,0.336177,0.006854,0.010383,0.055376,0.010787,0.281094
GAAATATCACCATCAG-1,0.120335,0.149843,0.000063,0.048007,0.015585,0.023338,0.642829
GAAATATGCTTGAATG-1,0.002764,0.006303,0.000101,0.000101,0.000202,0.06086,0.92967
GAAATCGCGCGCAACT-1,0.000091,0.0001,0.001252,0.05721,0.000183,0.086172,0.854993
GAAATCTGACCAAGTT-1,0.018165,0.221037,0.097218,0.039665,0.459371,0.01055,0.153994
GAAATGGCGGTGTTAG-1,0.355731,0.127415,0.028311,0.197401,0.14315,0.007994,0.139998
GAAATGGGATGTAAAC-1,0.032349,0.151214,0.092816,0.148423,0.516965,0.011883,0.046349
GAAATTAGCACGGATA-1,0.219144,0.020977,0.036363,0.354287,0.068657,0.116224,0.184348
GAAATTCACATCGCTG-1,0.46572,0.10993,0.023362,0.053608,0.066569,0.076243,0.204568
GAAATTGTCTCTATAA-1,0.006411,0.040436,0.394047,0.02713,0.400655,0.109737,0.021584
GAACAACTGGGATGAA-1,0.074524,0.091549,0.101766,0.108265,0.593342,0.001063,0.02949
GAACACACATCAACCA-1,0.00006,0.00006,0.00006,0.00006,0.000119,0.187463,0.812179
GAACAGATTACTAAAT-1,0.064012,0.231431,0.123359,0.068595,0.1782,0.002066,0.332336
GAACCCTCTGTGTTCT-1,0.057989,0.27158,0.056049,0.000059,0.067208,0.001879,0.545237
GAACCTCGACCTACAC-1,0.321338,0.24775,0.000106,0.107213,0.030901,0.000035,0.292658
GAACCTTTAACGATCC-1,0.030794,0.240351,0.290695,0.039667,0.373547,0.001746,0.023199
GAACGACCGAATGATA-1,0.035897,0.023467,0.007585,0.129957,0.005245,0.0001,0.797748
GAACGATAAGTTAAAG-1,0.215253,0.061943,0.013521,0.094896,0.014707,0.101131,0.498549
GAACGCGGGTCACACG-1,0.029901,0.001916,0.018764,0.470224,0.460815,0.017946,0.000434
GAACGTCTCATGGTCG-1,0.117013,0.239171,0.133905,0.109252,0.296126,0.019219,0.085314
GAACGTTAGGAAGACG-1,0.022741,0.005697,0.005493,0.029158,0.000097,0.047852,0.888961
GAACTGTGGAGAGACA-1,0.05794,0.177607,0.139693,0.051898,0.475018,0.004636,0.093206
GAAGAAACGATATTGT-1,0.010764,0.448233,0.024878,0.005133,0.063791,0.000039,0.447162
GAAGAACGGTGCAGGT-1,0.321562,0.087558,0.025491,0.082755,0.142234,0.017667,0.322733
GAAGCCACTGATTATG-1,0.022946,0.013692,0.00883,0.130726,0.823782,0.000012,0.000012
GAAGCCGGGTAAGCTC-1,0.066466,0.227194,0.083042,0.03392,0.157225,0.057213,0.374938
GAAGCCTGCACATTCC-1,0.049754,0.529977,0.010558,0.000066,0.008439,0.000066,0.401139
GAAGCGTGAGGAATTT-1,0.031588,0.067003,0.117808,0.255325,0.52299,0.000751,0.004534
GAAGCTCGGACCCGTC-1,0.036437,0.370478,0.053201,0.059667,0.46567,0.000034,0.014512
GAAGCTCTTTGCTTAG-1,0.065868,0.305539,0.152277,0.004735,0.154446,0.069855,0.247281
GAAGCTTGCTGACCGC-1,0.036238,0.000907,0.025862,0.024958,0.003987,0.09479,0.813259
GAAGGAGTCGAGTGCG-1,0.087108,0.25855,0.060203,0.036753,0.252006,0.019478,0.285902
GAAGGCTACCATTGTT-1,0.370571,0.06361,0.034411,0.24717,0.071304,0.069138,0.143797
GAAGGGCATAACCATG-1,0.019553,0.159303,0.049586,0.038933,0.725935,0.000705,0.005985
GAAGTCAGTTGCACTA-1,0.091998,0.193573,0.095629,0.128736,0.231849,0.00007,0.258144
GAAGTCTCCCTAGCGA-1,0.033897,0.17735,0.319232,0.049535,0.364418,0.033328,0.022241
GAAGTGATTTATCGTG-1,0.116929,0.216003,0.17339,0.02598,0.132071,0.042284,0.293344
GAAGTGCTGGATAGCT-1,0.255713,0.054033,0.067306,0.378072,0.176077,0.002446,0.066352
GAAGTTTCCACTCAAT-1,0.048335,0.002032,0.005005,0.492929,0.451673,0.000013,0.000013
GAATAGACGCGACCCA-1,0.035724,0.053944,0.277967,0.04831,0.513617,0.036373,0.034065
GAATAGCATTTAGGGT-1,0.03803,0.003709,0.101331,0.464795,0.308402,0.082621,0.001112
GAATAGCCCTGCGGTC-1,0.150119,0.021822,0.042997,0.111444,0.065855,0.00146,0.606303
GAATAGTGCTCGATTA-1,0.015535,0.321081,0.000126,0.000126,0.000251,0.000126,0.662755
GAATATTCGGAGTCCC-1,0.000101,0.000101,0.000101,0.000101,0.000201,0.007526,0.991871
GAATCGACATGGTCAC-1,0.015901,0.048613,0.022755,0.176954,0.042979,0.07617,0.616629
GAATCGCCGGACACGG-1,0.194482,0.092686,0.18972,0.122501,0.295346,0.05024,0.055025
GAATCTGAACATTCTC-1,0.292577,0.09052,0.340428,0.025163,0.190537,0.025239,0.035536
GAATGCCGAAATGACC-1,0.105278,0.076991,0.059848,0.055813,0.111851,0.209189,0.381029
GAATGCGAATCGGTTC-1,0.128255,0.359841,0.155511,0.054869,0.204383,0.000336,0.096806
GAATGGGCTTATCGAC-1,0.14863,0.049764,0.19492,0.32712,0.0582,0.065174,0.156192
GAATGTATGGCAGGTC-1,0.021617,0.126746,0.007513,0.078204,0.071598,0.158852,0.535471
GAATGTGGTCCGGATT-1,0.120701,0.252039,0.210381,0.141613,0.257953,0.000797,0.016516
GAATGTTGGGTAATCT-1,0.296475,0.022485,0.011018,0.413508,0.02782,0.029951,0.198744
GAATTATAGTGAAAGG-1,0.005747,0.045051,0.290256,0.071159,0.585519,0.000016,0.002253
GAATTCACCCGGGTGT-1,0.040629,0.04681,0.332746,0.012956,0.278104,0.218103,0.070653
GAATTTCTCGCTGCAG-1,0.015491,0.001202,0.000078,0.000078,0.000156,0.098165,0.88483
GACAAACATATGCAGG-1,0.046758,0.276323,0.164373,0.010561,0.410874,0.02113,0.06998
GACAACGACCATTGAA-1,0.450297,0.068717,0.061433,0.220764,0.067684,0.025253,0.105852
GACAACGCAGCTTACG-1,0.007435,0.000076,0.062604,0.034707,0.013415,0.091043,0.79072
GACAAGACGCCCGTGC-1,0.018289,0.002965,0.012933,0.002558,0.001521,0.196001,0.765732
GACAAGAGATGAGATT-1,0.065335,0.021783,0.119537,0.461019,0.214633,0.006008,0.111684
GACACAAGGGAAGAAA-1,0.050885,0.010062,0.185461,0.343796,0.242026,0.162722,0.005048
GACACAGCCGGGACTG-1,0.451868,0.138964,0.037425,0.07104,0.119596,0.076322,0.104785
GACACGAGTTAGAGGA-1,0.155792,0.153226,0.107831,0.041003,0.220935,0.067329,0.253884
GACACTGAGTTCAGTG-1,0.050202,0.484768,0.160418,0.007089,0.25614,0.000043,0.04134
GACACTGGAACCCGAT-1,0.167683,0.056623,0.219184,0.159319,0.239841,0.060557,0.096793
GACACTTCCAATTACC-1,0.096893,0.02312,0.0333,0.311861,0.506735,0.022867,0.005224
GACAGATTTCTGGCTC-1,0.353535,0.232363,0.000041,0.024056,0.002975,0.002055,0.384975
GACAGCCAGACCTGAC-1,0.037015,0.15361,0.177916,0.070078,0.549509,0.002968,0.008904
GACAGGCACACACTAT-1,0.345556,0.267974,0.006505,0.108481,0.105588,0.019222,0.146674
GACATACTGTCGCAGA-1,0.059541,0.322176,0.14038,0.091522,0.28704,0.012298,0.087043
GACATCCGTCGAACTG-1,0.107578,0.384761,0.130192,0.02482,0.220198,0.017578,0.114874
GACATCGATTTATAAC-1,0.015017,0.43351,0.288962,0.053991,0.102293,0.000055,0.106173
GACCAAACGTTGACTG-1,0.182357,0.161823,0.093978,0.201188,0.224851,0.0616,0.074203
GACCACACTTCCCTTT-1,0.01461,0.082108,0.036144,0.019709,0.845744,0.000017,0.001668
GACCAGAGCCCTGTAG-1,0.256082,0.139394,0.018924,0.209375,0.092811,0.044248,0.239166
GACCCAATTATGATAC-1,0.023891,0.235247,0.201633,0.023633,0.484195,0.015093,0.016308
GACCCGTCGCCGGCTA-1,0.07894,0.014947,0.010468,0.243938,0.000288,0.026605,0.624814
GACCGACGTGAAAGCA-1,0.203117,0.072135,0.096881,0.275068,0.288828,0.038397,0.025574
GACCGACTGAAGCGTC-1,0.188115,0.029868,0.117859,0.08364,0.040575,0.0297,0.510242
GACCGATTAAATATGT-1,0.000184,0.067857,0.000184,0.000184,0.000369,0.000184,0.931036
GACCGCGTCTGACGTG-1,0.109468,0.065198,0.075367,0.257446,0.422671,0.046135,0.023714
GACCGTCAGGTCGTGA-1,0.000104,0.000104,0.000104,0.000104,0.000209,0.014299,0.985075
GACCGTGCTGACGGTG-1,0.000703,0.030082,0.123117,0.000043,0.000085,0.568561,0.277409
GACCGTTACATGCGAC-1,0.178447,0.055185,0.000087,0.010121,0.002195,0.006316,0.747649
GACCTGGTCTGGGCGT-1,0.10933,0.388127,0.01684,0.021575,0.362759,0.000034,0.101334
GACCTTCCACGTCTAC-1,0.011144,0.152913,0.041881,0.014334,0.779643,0.000016,0.00007
GACGACGATCCGCGTT-1,0.023232,0.362359,0.000062,0.000062,0.000125,0.022387,0.591773
GACGAGGCTAATAAAC-1,0.069236,0.140663,0.304852,0.102651,0.318928,0.018426,0.045245
GACGCATACCCGTCGG-1,0.000571,0.355051,0.011423,0.000111,0.015406,0.000111,0.617326
GACGCCGTAAAGGCTA-1,0.000077,0.147995,0.000077,0.000077,0.016663,0.000077,0.835033
GACGCCTGTTGCAGGG-1,0.158295,0.044429,0.053801,0.346488,0.357177,0.01791,0.021899
GACGCTTGCTTCTAAA-1,0.262448,0.140607,0.034975,0.18674,0.217554,0.094666,0.06301
GACGGGCATCGAATTT-1,0.113981,0.28689,0.002052,0.034437,0.180672,0.00015,0.381818
GACGGGTTGGCCCGTA-1,0.000128,0.106635,0.000128,0.000128,0.000256,0.000128,0.892598
GACGGTCAATAGAAGC-1,0.040573,0.02263,0.251614,0.147946,0.202408,0.301321,0.033507
GACGGTCCTAGGGTGT-1,0.108184,0.035761,0.16527,0.096777,0.040982,0.244761,0.308266
GACGTGAGACTCCATG-1,0.042671,0.011435,0.014253,0.563242,0.357591,0.010211,0.000598
GACGTGTAGGGATTAT-1,0.000389,0.000389,0.000389,0.000389,0.000778,0.000389,0.997278
GACGTTCGTAAATACA-1,0.146817,0.027562,0.015404,0.564176,0.18561,0.017579,0.042852
GACTAACACAGCACCT-1,0.000132,0.000132,0.000132,0.000132,0.000264,0.117571,0.881637
GACTAAGATCATGCAC-1,0.022921,0.043038,0.09954,0.149852,0.0605,0.027328,0.596821
GACTAAGTAGGCTCAC-1,0.000085,0.000085,0.006165,0.000085,0.00017,0.002891,0.990518
GACTACAAAGCGGTGG-1,0.032662,0.185164,0.326899,0.042199,0.126432,0.120025,0.166619
GACTACAATTGCTCGT-1,0.000072,0.000072,0.000072,0.000072,0.000144,0.151499,0.84807
GACTAGGCCGTTAGGT-1,0.014051,0.072444,0.210962,0.016995,0.656948,0.022157,0.006442
GACTCACCCACGTGAG-1,0.175049,0.178653,0.130299,0.047157,0.340718,0.012762,0.115361
GACTCCCAGAATAAGG-1,0.250701,0.018904,0.038989,0.419711,0.157752,0.03666,0.077283
GACTCCTTCCAATTGA-1,0.052871,0.297042,0.105383,0.038988,0.471838,0.019614,0.014263
GACTCGCGGGAATGAC-1,0.212583,0.130373,0.055646,0.207995,0.274233,0.019794,0.099376
GACTGCAAATCGAGCT-1,0.030951,0.065159,0.315401,0.169206,0.365755,0.002415,0.051113
GACTGCACCAGCCCAG-1,0.107322,0.197312,0.084985,0.019469,0.545268,0.025346,0.020297
GACTGCGGCACGTGTA-1,0.358915,0.254895,0.006044,0.080859,0.025902,0.019914,0.253473
GACTGCTGGTGAGAAA-1,0.0001,0.019207,0.012737,0.0001,0.088219,0.0001,0.879537
GAGAAACTGGATCCCA-1,0.006584,0.003823,0.003448,0.000028,0.000635,0.092444,0.893038
GAGAACGGTTCTGACT-1,0.235285,0.07849,0.026799,0.296005,0.343319,0.003443,0.016658
GAGAATCTCACGATCA-1,0.391248,0.154009,0.002009,0.025071,0.007397,0.003645,0.41662
GAGACTGATGGGTAGA-1,0.006557,0.000023,0.001097,0.835077,0.154617,0.002606,0.000023
GAGACTTCGCGACCGA-1,0.477042,0.076642,0.128573,0.00083,0.175015,0.000047,0.141852
GAGAGCGCAGTCCCTG-1,0.426599,0.211594,0.006273,0.076903,0.036014,0.005991,0.236626
GAGAGGCCTATGTGTA-1,0.303735,0.030008,0.037338,0.36823,0.096721,0.077962,0.086006
GAGAGGGCGCGAGGTT-1,0.265792,0.052011,0.061555,0.203533,0.291205,0.114765,0.011139
GAGAGGTGCATTCTGG-1,0.251827,0.316516,0.004675,0.057925,0.154386,0.00145,0.213221
GAGATCGATCTTACTC-1,0.00015,0.011145,0.31682,0.191026,0.325644,0.00015,0.155067
GAGATCTGCTTGGCAT-1,0.302101,0.287599,0.000532,0.018653,0.09802,0.015375,0.27772
GAGATCTGTCACTCCG-1,0.214279,0.01961,0.011191,0.325811,0.42672,0.002372,0.000017
GAGATCTTCCATGACA-1,0.032902,0.510224,0.062946,0.008538,0.198656,0.000041,0.186693
GAGATGACAATCCTTA-1,0.141072,0.013096,0.069846,0.093781,0.015971,0.272715,0.39352
GAGATGGCTTTAATCA-1,0.005289,0.041976,0.083787,0.028212,0.840482,0.000242,0.000012
GAGATGGGAGTCGACA-1,0.029223,0.077712,0.103082,0.17824,0.572577,0.000019,0.039148
GAGCACCTGTGTCCAG-1,0.043001,0.227213,0.237631,0.051317,0.410207,0.000028,0.030602
GAGCACGGCGCCTCTT-1,0.302403,0.022303,0.07849,0.34451,0.094159,0.072779,0.085358
GAGCATCAACAACTTG-1,0.000124,0.000124,0.000139,0.000124,0.000248,0.000124,0.999118
GAGCATCATCCCTGGG-1,0.099869,0.203157,0.038638,0.327233,0.165069,0.008688,0.157347
GAGCCACGGTAGTAGG-1,0.05679,0.005296,0.136984,0.059433,0.00308,0.316656,0.421761
GAGCCAGCTACCTGTG-1,0.026259,0.315748,0.151123,0.025262,0.418899,0.000032,0.062676
GAGCCGAGCGTTTATT-1,0.000174,0.000174,0.000174,0.000174,0.000349,0.937074,0.06188
GAGCGAGGGAGTACCG-1,0.082738,0.011071,0.045489,0.188163,0.057733,0.565348,0.049458
GAGCGCAAATACTCCG-1,0.135031,0.045027,0.29105,0.136419,0.29411,0.036387,0.061976
GAGCGCGCACGAGTAG-1,0.02116,0.190214,0.214441,0.046001,0.456359,0.033501,0.038324
GAGCGCTGTTAGGTAA-1,0.008718,0.259609,0.003706,0.000064,0.012402,0.000064,0.715436
GAGCGGAATGCGGTGT-1,0.000072,0.011422,0.014956,0.000072,0.000144,0.001124,0.97221
GAGCTAAGGGCATATC-1,0.222815,0.0697,0.106217,0.051888,0.067492,0.205376,0.276512
GAGCTCTCGGACCTAA-1,0.029886,0.272469,0.02134,0.299236,0.2074,0.000129,0.169541
GAGCTGTCGTCTCGGA-1,0.079306,0.002276,0.028206,0.656255,0.144302,0.027842,0.061814
GAGGAATATCTCTTTG-1,0.00013,0.066889,0.062598,0.00013,0.00026,0.00013,0.869862
GAGGAATGGAGAGGTT-1,0.294332,0.085228,0.035511,0.033936,0.033184,0.0078,0.51001
GAGGAGATCCTCATGC-1,0.054806,0.351087,0.11953,0.021655,0.102232,0.012175,0.338514
GAGGATAAACAGTGCT-1,0.04218,0.019821,0.050064,0.499038,0.362393,0.015802,0.010701
GAGGCCCGACTCCGCA-1,0.03206,0.573225,0.050531,0.001286,0.078952,0.000031,0.263916
GAGGCCTGTTGATACA-1,0.305033,0.10906,0.062019,0.196585,0.162841,0.084059,0.080402
GAGGCTATCAAAGTCG-1,0.266663,0.06692,0.025961,0.43377,0.019081,0.01028,0.177326
GAGGGAGTCAGATCGC-1,0.000123,0.077002,0.009237,0.000123,0.000247,0.000123,0.913144
GAGGGCATCGCGTATC-1,0.142572,0.235254,0.166432,0.175853,0.221429,0.001304,0.057155
GAGGGCGCAGCTCTGC-1,0.145315,0.060547,0.040734,0.252851,0.481362,0.017061,0.002129
GAGGGTAGTAACAAAG-1,0.000165,0.228383,0.000165,0.000165,0.00033,0.000165,0.770629
GAGGTACATCCATCTT-1,0.073933,0.000368,0.021332,0.722875,0.071316,0.012908,0.097268
GAGGTACGCGTGTCCC-1,0.010186,0.073656,0.256795,0.037257,0.570901,0.003103,0.048102
GAGGTCCCAAAGATCT-1,0.250926,0.203421,0.027959,0.190008,0.287745,0.009759,0.030182
GAGTAAACCGGAAAGT-1,0.206365,0.041447,0.164533,0.157215,0.214759,0.037061,0.178619
GAGTAAATTAAGAACC-1,0.049379,0.008523,0.013687,0.013814,0.009631,0.095935,0.809031
GAGTAAGGCCACGGGA-1,0.08095,0.035054,0.150812,0.22678,0.476284,0.020154,0.009967
GAGTACGGGTATACAA-1,0.356309,0.278464,0.016403,0.076409,0.079367,0.053048,0.14
GAGTAGATACTAGTTG-1,0.056102,0.245186,0.091863,0.096633,0.311557,0.012619,0.186039
GAGTATACCCTAATCA-1,0.000361,0.000361,0.000361,0.000361,0.000722,0.000361,0.997474
GAGTATCAAAGTTACA-1,0.105304,0.114639,0.0275,0.502943,0.185597,0.020476,0.04354
GAGTATGCCCGCCTTG-1,0.093979,0.21713,0.136232,0.038622,0.22379,0.013967,0.27628
GAGTATGCGCGTGCAT-1,0.032598,0.244975,0.145199,0.0389,0.495963,0.000023,0.042342
GAGTCAGACCAGAATC-1,0.002041,0.221303,0.071054,0.00343,0.092988,0.000071,0.609113
GAGTCCGCTTACCGGA-1,0.079452,0.224511,0.269815,0.023689,0.281942,0.025563,0.095028
GAGTCGACAGACCCTC-1,0.244525,0.08649,0.012128,0.489404,0.126025,0.007725,0.033704
GAGTCTTGTAAAGGAC-1,0.401718,0.217928,0.019196,0.138778,0.121079,0.003474,0.097827
GAGTGTCAACCAGAAA-1,0.065612,0.429923,0.105239,0.011054,0.290801,0.011411,0.08596
GAGTGTGCGGTACCCA-1,0.052495,0.314942,0.120439,0.015199,0.444321,0.009113,0.04349
GAGTTCTGTGGGTGCT-1,0.10817,0.480244,0.019325,0.016924,0.253659,0.00218,0.119499
GAGTTGATGGCAATTT-1,0.040976,0.244295,0.215105,0.007448,0.097355,0.015471,0.379351
GAGTTGTCACCAGTCT-1,0.0002,0.0002,0.039228,0.0002,0.0004,0.061329,0.898443
GATAAATCGGTGGATG-1,0.13425,0.016929,0.020345,0.531656,0.281201,0.011598,0.004021
GATAACTCGCACTGTG-1,0.056572,0.212683,0.14843,0.05896,0.390019,0.044413,0.088923
GATAAGGCAGATGCAA-1,0.181877,0.038791,0.013077,0.325184,0.428638,0.010194,0.002239
GATACCGTGTCGGAGT-1,0.129948,0.083481,0.026316,0.468893,0.16491,0.000403,0.12605
GATACGATGGGAGTCA-1,0.025753,0.104876,0.520293,0.027107,0.228318,0.034929,0.058724
GATAGAACCCGCTAGG-1,0.045628,0.434167,0.042481,0.004054,0.070755,0.000046,0.402869
GATAGATAGTACAGTC-1,0.224038,0.156774,0.044419,0.0726,0.102567,0.029045,0.370557
GATAGCGTACCACGCG-1,0.072664,0.417713,0.125737,0.025361,0.303216,0.009538,0.045772
GATAGGATTAATTACA-1,0.177486,0.009812,0.155547,0.399745,0.05978,0.111789,0.085841
GATAGGTAACGTTGAC-1,0.042797,0.281718,0.284367,0.020216,0.125715,0.026352,0.218835
GATAGGTGTCCCGGGC-1,0.234854,0.100347,0.144531,0.317251,0.075772,0.052125,0.07512
GATAGTGCGAGTAAGT-1,0.000104,0.168448,0.046618,0.000104,0.118301,0.000104,0.666321
GATATCAAGCAGGAGC-1,0.007873,0.059293,0.080277,0.027486,0.823996,0.000012,0.001063
GATATCAGTATGTATC-1,0.06297,0.507414,0.045447,0.011175,0.059626,0.00014,0.313229
GATATCTCATGCAATA-1,0.148082,0.038234,0.027532,0.459127,0.094365,0.046205,0.186456
GATATGAGACACTAAC-1,0.005801,0.038292,0.036392,0.025619,0.893301,0.000322,0.000272
GATATGCGGTAGCCAA-1,0.319069,0.000542,0.000542,0.561314,0.001084,0.116907,0.000542
GATATGGATTACGCGG-1,0.160934,0.118404,0.000054,0.002668,0.000109,0.025099,0.692732
GATATTGAGATTGGCG-1,0.088885,0.069503,0.326072,0.08028,0.258782,0.135788,0.04069
GATATTTCCTACATGG-1,0.184697,0.05546,0.000086,0.12785,0.022899,0.058586,0.550422
GATCAACATAAAGGGA-1,0.000339,0.000339,0.000339,0.000339,0.000679,0.000339,0.997625
GATCATTCCAAACATT-1,0.26025,0.064703,0.135008,0.366707,0.112788,0.023583,0.036961
GATCCCTTTATACTGC-1,0.349252,0.270271,0.013252,0.188941,0.02298,0.000068,0.155236
GATCCGAATATAAGTG-1,0.04097,0.003392,0.026359,0.765578,0.129763,0.025124,0.008814
GATCCGGGAATTAACA-1,0.06949,0.197835,0.362179,0.00537,0.037885,0.112046,0.215195
GATCCTAAATCGGGAC-1,0.241719,0.037654,0.081594,0.08139,0.163384,0.132472,0.261787
GATCCTCGACACTGGC-1,0.133127,0.284622,0.102448,0.044459,0.411593,0.000036,0.023714
GATCGACACTATCTGA-1,0.453684,0.02701,0.038573,0.033153,0.167063,0.05577,0.224747
GATCGCGGGCTCTCCA-1,0.290087,0.146796,0.116478,0.031272,0.145634,0.039626,0.230107
GATCGCTACCCGATTT-1,0.040196,0.235342,0.172065,0.040657,0.306832,0.016616,0.188291
GATCGCTATATCTCAG-1,0.000079,0.649253,0.000079,0.000079,0.000157,0.000079,0.350275
GATCGCTGTGGTGCGT-1,0.000173,0.018287,0.247446,0.019968,0.118992,0.008177,0.586957
GATCGGATAGAACCAT-1,0.121753,0.007606,0.01683,0.720749,0.114404,0.005296,0.013363
GATCGGCGATAAGTCG-1,0.21684,0.455714,0.023085,0.059088,0.181166,0.008126,0.055981
GATCGGTGGCCATAAC-1,0.311902,0.108243,0.007897,0.015456,0.017022,0.025014,0.514465
GATCGTGACTGATATC-1,0.061835,0.216739,0.06726,0.04255,0.519317,0.016023,0.076276
GATCTAACCGTATTCA-1,0.051504,0.168241,0.35134,0.04784,0.287931,0.002348,0.090796
GATCTCGACGCTGTGG-1,0.084861,0.028226,0.380132,0.315084,0.118914,0.034786,0.037998
GATCTGCTATCTAAGG-1,0.000087,0.314284,0.000475,0.000087,0.000173,0.000087,0.684808
GATCTTCATTGTCCTC-1,0.231359,0.365697,0.048835,0.019711,0.14466,0.019058,0.170681
GATCTTGGAGGGCATA-1,0.004456,0.222634,0.010631,0.000045,0.033572,0.069784,0.658879
GATCTTTGCAGGGTAT-1,0.476712,0.17458,0.005659,0.087228,0.076723,0.029621,0.149477
GATGACAAGTAGGGCA-1,0.137393,0.20137,0.087305,0.000052,0.010218,0.006297,0.557366
GATGACGATGATCGCG-1,0.101373,0.000064,0.006593,0.026066,0.000128,0.072841,0.792935
GATGAGGAACCTTCGG-1,0.028711,0.103497,0.287707,0.013911,0.254231,0.204418,0.107525
GATGCCAGCAGAAGGC-1,0.381354,0.241006,0.016527,0.067504,0.093958,0.053904,0.145746
GATGCCTTCTGCGGCA-1,0.06697,0.467443,0.016354,0.029928,0.37856,0.00003,0.040715
GATGCGAATGGTATTA-1,0.389839,0.174458,0.011906,0.089656,0.089513,0.013125,0.231503
GATGCGTCCTGCATTC-1,0.011323,0.06122,0.390063,0.041537,0.461571,0.009394,0.024891
GATGCTACAAGCGCCT-1,0.286206,0.067308,0.230893,0.110226,0.121409,0.037342,0.146617
GATGCTACCTTCGATG-1,0.066425,0.099667,0.113395,0.107387,0.386277,0.019508,0.207342
GATGCTGTATTTCATC-1,0.105336,0.426256,0.08215,0.052691,0.242297,0.010466,0.080804
GATGGCGCACACATTA-1,0.129124,0.215905,0.101581,0.178055,0.1746,0.046503,0.154232
GATGGTGCCCTAGGCA-1,0.005772,0.00011,0.00011,0.00011,0.00022,0.023694,0.969984
GATGTAACGAACCACC-1,0.05577,0.299039,0.204684,0.011274,0.267809,0.048902,0.112523
GATGTCCGGATCACAT-1,0.12119,0.10857,0.076937,0.355699,0.123286,0.033953,0.180365
GATGTCGGTCAACTGC-1,0.00012,0.00012,0.00012,0.00012,0.000239,0.120533,0.878749
GATGTTCAATCCACGA-1,0.000699,0.037777,0.019046,0.000051,0.008265,0.372511,0.561651
GATGTTTGTGCGAGAT-1,0.236786,0.056849,0.062679,0.312483,0.169826,0.102982,0.058395
GATTAACCGAAAGCCC-1,0.055084,0.275213,0.122328,0.058337,0.322258,0.044631,0.122149
GATTACTGAATTTGGG-1,0.08254,0.392624,0.037013,0.007017,0.052352,0.006464,0.42199
GATTCCCTTGTCGCAG-1,0.115554,0.004745,0.148531,0.335693,0.04993,0.231614,0.113934
GATTCCGCGTTTCCGT-1,0.0002,0.0002,0.0002,0.0002,0.0004,0.165819,0.832981
GATTCCTATACGGCGC-1,0.097102,0.134936,0.166721,0.083839,0.156403,0.166593,0.194406
GATTCGACGGTTCACG-1,0.059058,0.380258,0.274359,0.012326,0.185489,0.006228,0.082282
GATTGCTCCAGTTGCA-1,0.000185,0.000185,0.000241,0.000185,0.00037,0.035317,0.963516
GATTGGGAAAGGTTGT-1,0.035822,0.124695,0.19009,0.027604,0.602845,0.003556,0.015387
GCAAACCCTACATTAT-1,0.031891,0.037332,0.326163,0.047068,0.498421,0.032817,0.026308
GCAAACCTTGGCCATA-1,0.02925,0.089388,0.096589,0.01369,0.341142,0.005142,0.4248
GCAAACGTAAGCGACC-1,0.000769,0.104883,0.021003,0.066149,0.272969,0.000115,0.534111
GCAAACGTCGCCAGGT-1,0.059876,0.01448,0.120386,0.335815,0.237032,0.221702,0.010709
GCAAAGGGCGTTAGCC-1,0.000177,0.000177,0.081215,0.000177,0.000354,0.057714,0.860185
GCAAATATTACGCTTT-1,0.389382,0.115233,0.061333,0.197766,0.075842,0.003043,0.157401
GCAAATGAGGACACTT-1,0.521549,0.165094,0.001563,0.18569,0.037676,0.009832,0.078596
GCAACACACTAGAACT-1,0.306101,0.296706,0.028173,0.062261,0.082945,0.001526,0.222288
GCAACAGCAGTATGCG-1,0.244097,0.210842,0.115307,0.037774,0.341095,0.000281,0.050603
GCAACCACGGCCGCGT-1,0.179136,0.058311,0.017866,0.296015,0.416313,0.023799,0.00856
GCAACCCAAGTTGTTT-1,0.192898,0.302681,0.000039,0.055962,0.027435,0.000039,0.420944
GCAACGGCTAGTTATG-1,0.17802,0.179261,0.031352,0.21181,0.373052,0.003223,0.023283
GCAAGAATTCCTTGGC-1,0.023721,0.129334,0.057351,0.032565,0.742831,0.0051,0.009099
GCAAGATGTGTTCGCG-1,0.000225,0.034439,0.000225,0.000225,0.00045,0.675104,0.289333
GCAAGCTGGAAACCGC-1,0.020349,0.138857,0.042349,0.019838,0.775893,0.002124,0.00059
GCAAGTGCACAGAGAA-1,0.03069,0.015423,0.05421,0.123415,0.020233,0.024457,0.731571
GCAAGTGTAAAGCATG-1,0.000076,0.000076,0.003839,0.000076,0.000152,0.000076,0.995705
GCAATTAGTCGCACCG-1,0.293242,0.064726,0.098094,0.150002,0.0802,0.097544,0.216192
GCACAAACCCTAGATG-1,0.000118,0.112015,0.001725,0.000118,0.000236,0.000118,0.88567
GCACAAACGAGGCGTG-1,0.074263,0.019818,0.175492,0.22966,0.294589,0.155025,0.051153
GCACAACCTCGGGCGT-1,0.012489,0.026503,0.057126,0.052732,0.850063,0.000384,0.000703
GCACAAGTGGATCATA-1,0.175101,0.272948,0.161421,0.033962,0.056559,0.046945,0.253064
GCACAAGTGTCGGAAG-1,0.009617,0.000106,0.000106,0.000106,0.000212,0.562128,0.427724
GCACACACTGGTAGCC-1,0.02983,0.256349,0.068317,0.02966,0.553751,0.033662,0.028432
GCACACAGCTATTACC-1,0.003028,0.218867,0.073746,0.009808,0.246997,0.07495,0.372605
GCACACGCCCATGGTC-1,0.038579,0.075988,0.000063,0.000063,0.000126,0.000063,0.885118
GCACCTAGGCGAGTCC-1,0.116959,0.001831,0.082512,0.431465,0.261506,0.104613,0.001115
GCACCTTCCCGAAGGT-1,0.392185,0.059691,0.048823,0.104307,0.052133,0.004252,0.338609
GCACGCCGATTCCCGC-1,0.030924,0.309327,0.0963,0.020711,0.43949,0.011851,0.091397
GCACGCCTACTTAGAT-1,0.000155,0.505661,0.014171,0.133284,0.083165,0.00015,0.263414
GCACGTGGTTTACTTA-1,0.122865,0.052444,0.071889,0.383958,0.231559,0.024024,0.113261
GCACTAGTCGCGCTAT-1,0.218238,0.132408,0.020941,0.415222,0.145419,0.003585,0.064188
GCACTGCCTACCTTTA-1,0.014508,0.068099,0.06892,0.156974,0.677329,0.000021,0.014149
GCACTGTGCAAATGTA-1,0.185919,0.213942,0.042517,0.066481,0.117984,0.048743,0.324413
GCAGAAGGTAATCTCC-1,0.162634,0.107368,0.068789,0.420699,0.155766,0.018627,0.066118
GCAGACCCAGCACGTA-1,0.051801,0.075876,0.356825,0.053751,0.304152,0.103976,0.053619
GCAGATCCATAAGACT-1,0.002922,0.019929,0.219738,0.018976,0.70868,0.02874,0.001014
GCAGATCCTCGCAAAT-1,0.220213,0.055912,0.009089,0.328715,0.369242,0.010374,0.006456
GCAGATTAGGGATATC-1,0.067092,0.168192,0.344341,0.012924,0.061345,0.152939,0.193167
GCAGCACACAGCCCAG-1,0.127717,0.127262,0.095585,0.258516,0.313034,0.017961,0.059925
GCAGCCTATATCACAT-1,0.106228,0.038194,0.101795,0.353803,0.339864,0.02161,0.038506
GCAGCGGTGGGCATTA-1,0.06285,0.031742,0.0681,0.449992,0.266819,0.061584,0.058912
GCAGCTGTCAACGCAT-1,0.224508,0.150268,0.098424,0.12924,0.265766,0.035655,0.096139
GCAGGAACTTAGATCT-1,0.020118,0.09141,0.435911,0.014371,0.251618,0.128327,0.058244
GCAGGACTATAGAATA-1,0.301517,0.055974,0.039685,0.328426,0.115715,0.026401,0.132282
GCAGGTAGAGTATGGT-1,0.329042,0.017806,0.052326,0.1496,0.072684,0.132544,0.245998
GCAGTGCGGGCGGATG-1,0.194032,0.029684,0.130121,0.234127,0.035754,0.157746,0.218536
GCAGTGTGGCTATAGG-1,0.037225,0.216274,0.121522,0.020417,0.547368,0.000031,0.057164
GCAGTTCGATCCGAGC-1,0.272615,0.016277,0.041612,0.314446,0.273469,0.050032,0.03155
GCATACGAGGTCTTTA-1,0.463622,0.095425,0.000041,0.047877,0.005471,0.01909,0.368474
GCATAGAGCACTCAGG-1,0.024613,0.404431,0.146841,0.015856,0.200984,0.063091,0.144183
GCATCCCTAACTTTGA-1,0.123545,0.284698,0.050251,0.336537,0.099228,0.000038,0.105704
GCATCGGCCGTGTAGG-1,0.112158,0.001529,0.483678,0.000191,0.252059,0.013956,0.136429
GCATGAGGGACGCGGC-1,0.068894,0.08531,0.273741,0.224598,0.330919,0.011411,0.005127
GCATGCTAATAACGAT-1,0.147639,0.365026,0.06783,0.05276,0.163081,0.027463,0.1762
GCATGGGTACTGACGC-1,0.466914,0.188299,0.013476,0.103064,0.031215,0.020247,0.176784
GCATTCAAGGCAACGC-1,0.06393,0.018497,0.054813,0.508207,0.317252,0.026354,0.010947
GCATTCGAAATGAACA-1,0.302384,0.281772,0.00706,0.09333,0.042877,0.039818,0.232759
GCATTGACTTGCGGAA-1,0.058294,0.405873,0.094872,0.084288,0.261721,0.013962,0.080991
GCATTGTAATTCATAT-1,0.187744,0.201555,0.01771,0.369122,0.150404,0.010257,0.063206
GCATTTCCAAGGCTCC-1,0.371028,0.202568,0.036563,0.058651,0.178569,0.017615,0.135006
GCCAACCATTTCCGGA-1,0.249955,0.084157,0.162425,0.214921,0.144241,0.044828,0.099472
GCCAAGAATACTTCTG-1,0.202452,0.24694,0.005576,0.060978,0.041851,0.023728,0.418474
GCCAATAGGGCATCTC-1,0.06062,0.014003,0.147853,0.474397,0.193143,0.089949,0.020035
GCCACAATTTAAGGAC-1,0.088872,0.4028,0.150131,0.030619,0.239091,0.01943,0.069057
GCCACCCATTCCACTT-1,0.00485,0.052325,0.321428,0.05637,0.513356,0.002214,0.049457
GCCACTCAGAGCGCGA-1,0.094372,0.219665,0.09675,0.027017,0.443173,0.017399,0.101625
GCCACTCCTTACGGTA-1,0.136174,0.028088,0.069679,0.500646,0.166656,0.030167,0.06859
GCCAGGAGTAACCGAT-1,0.45414,0.067356,0.022445,0.221647,0.104762,0.097169,0.03248
GCCAGGCGTTCGCATG-1,0.000106,0.000106,0.000106,0.000106,0.000211,0.127123,0.872243
GCCAGGCTTAGTGGTA-1,0.045528,0.335795,0.072549,0.013765,0.294816,0.000057,0.23749
GCCATATTGCACACAG-1,0.601099,0.133445,0.02368,0.106474,0.020909,0.009904,0.104487
GCCATCGAGCTGCGTG-1,0.025557,0.582282,0.008572,0.023696,0.174257,0.000066,0.185569
GCCATCGATGCTGCAT-1,0.254109,0.152481,0.085229,0.216952,0.154985,0.064303,0.071942
GCCATTAGCCTCAAAC-1,0.029325,0.375693,0.058501,0.014249,0.502103,0.001634,0.018495
GCCCACCAAGGCTGTC-1,0.159395,0.085947,0.051289,0.393629,0.25056,0.00522,0.053961
GCCCAGATGCTGGAGA-1,0.347852,0.079048,0.084977,0.18402,0.13247,0.088898,0.082733
GCCCAGTTGGTATGCC-1,0.367929,0.040341,0.032536,0.192293,0.081838,0.222486,0.062578
GCCCGACTTCTTCCCG-1,0.051266,0.639699,0.027788,0.000049,0.160216,0.000049,0.120934
GCCCGAGAGTCTAAAT-1,0.022428,0.153448,0.096851,0.035195,0.261314,0.028979,0.401786
GCCCGATCTGTGGTCG-1,0.00677,0.171436,0.29381,0.030708,0.043414,0.000067,0.453796
GCCCGCGCGTAAACGG-1,0.047859,0.117824,0.338153,0.03299,0.204408,0.025206,0.23356
GCCCGCGCGTTTGACA-1,0.695535,0.08918,0.000079,0.022751,0.030559,0.017502,0.144394
GCCCGTAATACCTTCT-1,0.250706,0.080642,0.023631,0.288713,0.276522,0.054308,0.025478
GCCCTAGCCGTCGCGA-1,0.070892,0.264885,0.236574,0.010254,0.267779,0.030211,0.119405
GCCCTGAGGATGGGCT-1,0.053073,0.388831,0.106281,0.025626,0.205379,0.030514,0.190297
GCCGAAATTCCTACGT-1,0.16071,0.089904,0.0202,0.374303,0.339158,0.001262,0.014464
GCCGACCCACGACTGC-1,0.000117,0.016841,0.000117,0.000117,0.000234,0.000117,0.982458
GCCGATTGGCCAAGCT-1,0.076124,0.400776,0.081063,0.00545,0.13277,0.033262,0.270556
GCCGCACTCCGTTTCA-1,0.145929,0.026754,0.027957,0.568803,0.182506,0.013027,0.035024
GCCGCATTAGTCCGGC-1,0.000061,0.000061,0.000061,0.000061,0.000122,0.493088,0.506546
GCCGCTTGTGAGAAAC-1,0.215591,0.024407,0.022495,0.333832,0.333161,0.052117,0.018397
GCCGGGTTAGGGTCGC-1,0.107179,0.457131,0.035133,0.100032,0.19962,0.010175,0.090729
GCCGGTCGTATCTCTC-1,0.024105,0.144522,0.231243,0.043338,0.330353,0.003218,0.223221
GCCGTCGGTTTCGGGC-1,0.000462,0.438353,0.000462,0.000462,0.000924,0.000462,0.558874
GCCGTGGAAGAAATGT-1,0.228448,0.10072,0.038964,0.246593,0.353794,0.004072,0.027409
GCCTACGTTCTGTGCA-1,0.062851,0.12045,0.268903,0.152632,0.368645,0.008368,0.01815
GCCTAGCGATCTGACC-1,0.19046,0.020704,0.017538,0.040783,0.002426,0.146163,0.581925
GCCTATAGTGTCAGGG-1,0.117784,0.108636,0.158063,0.120959,0.108329,0.07807,0.308159
GCCTATCAGGTAAGAT-1,0.113686,0.119101,0.05446,0.198239,0.050871,0.048866,0.414777
GCCTATGCTGGGCCTT-1,0.04143,0.118496,0.000125,0.004797,0.050472,0.000125,0.784556
GCCTATTCCGATATAG-1,0.415112,0.163152,0.00929,0.114844,0.034901,0.00005,0.262651
GCCTATTTGCTACACA-1,0.01307,0.016678,0.021693,0.009542,0.000129,0.03119,0.907697
GCCTCATCTGGAAATA-1,0.027533,0.065801,0.322373,0.10787,0.449539,0.010572,0.016313
GCCTCCGACAATTCAC-1,0.010401,0.02172,0.390077,0.015906,0.097631,0.374886,0.089378
GCCTCTATACATAGCA-1,0.01976,0.132844,0.217547,0.08804,0.473821,0.013106,0.054881
GCCTTCAGCCCTACCG-1,0.474392,0.044908,0.000059,0.040826,0.009314,0.041128,0.389373
GCCTTGTATATGCAGT-1,0.111483,0.434698,0.028326,0.043659,0.11218,0.021744,0.24791
GCCTTTGTCAGTGGAC-1,0.005133,0.155545,0.033422,0.000083,0.032229,0.000083,0.773503
GCGAAACGATCGGGAG-1,0.05512,0.234479,0.212316,0.016466,0.315631,0.053975,0.112014
GCGAAACTTAACTGGA-1,0.027075,0.385215,0.168301,0.037027,0.287791,0.000035,0.094556
GCGAAGAATCTGACGG-1,0.004765,0.020384,0.058722,0.053322,0.862784,0.000012,0.000012
GCGAAGCCATACCCGT-1,0.012542,0.001076,0.026168,0.522571,0.423463,0.014165,0.000016
GCGACATGTAAACATC-1,0.193733,0.278427,0.076425,0.06819,0.316244,0.014142,0.05284
GCGACCCAACCATCTG-1,0.017,0.211968,0.081752,0.000065,0.000448,0.013963,0.674804
GCGACGATAGTTGTAC-1,0.022916,0.494886,0.06374,0.002417,0.108528,0.000623,0.306891
GCGAGAAACGGGAGTT-1,0.042118,0.201212,0.150812,0.046037,0.462289,0.000018,0.097513
GCGAGAGGCCATGTAA-1,0.255811,0.019695,0.148804,0.351964,0.071429,0.026982,0.125315
GCGAGAGTTGCGTCCA-1,0.228359,0.065818,0.072147,0.173904,0.362176,0.06725,0.030346
GCGAGCGCATGCTCCC-1,0.177665,0.148077,0.086137,0.231752,0.30699,0.002835,0.046545
GCGAGGCCCGAGCAGA-1,0.256984,0.301558,0.08228,0.124812,0.158195,0.002424,0.073747
GCGAGTTCTGCAAAGA-1,0.063005,0.406091,0.096915,0.001038,0.086868,0.08182,0.264262
GCGATGTCTGTGCTTG-1,0.080948,0.319507,0.102917,0.169352,0.268203,0.00012,0.058954
GCGATTCTGGAAGCAG-1,0.064829,0.000176,0.000176,0.000176,0.000352,0.389856,0.544436
GCGATTGTTAACGTTA-1,0.022887,0.058287,0.421854,0.018233,0.145157,0.072089,0.261492
GCGCAAATATATTCAA-1,0.01873,0.077079,0.383723,0.008645,0.034511,0.141982,0.33533
GCGCAAGAGCGCGCTG-1,0.009418,0.071199,0.51735,0.009767,0.163199,0.137741,0.091325
GCGCATCCAGTCAGCA-1,0.024289,0.008333,0.03723,0.353025,0.527328,0.0497,0.000094
GCGCCGTTCCACGATA-1,0.044593,0.466551,0.188874,0.004735,0.118504,0.001736,0.175008
GCGCCTCCCACTCCGA-1,0.049009,0.112549,0.149071,0.164616,0.389853,0.041386,0.093515
GCGCGGTCTAGTAACT-1,0.079536,0.251995,0.087958,0.014803,0.110292,0.000042,0.455374
GCGCGTCATTGGTACA-1,0.019573,0.107488,0.212241,0.039802,0.61018,0.002802,0.007914
GCGCTAATTGAATAGA-1,0.01413,0.277061,0.26088,0.016701,0.073235,0.11041,0.247584
GCGCTATGCCGAGGCA-1,0.034151,0.629534,0.019271,0.000535,0.056719,0.039627,0.220162
GCGCTCGATCACCTGT-1,0.046379,0.000524,0.052934,0.512796,0.047725,0.323246,0.016396
GCGCTGATCCAGACTC-1,0.210665,0.022216,0.003608,0.043774,0.001644,0.144579,0.573514
GCGCTGCTTTGCATTT-1,0.310329,0.159286,0.033968,0.090899,0.272295,0.038665,0.094559
GCGCTGGCGGAAAGTC-1,0.014826,0.07372,0.197839,0.029684,0.648273,0.000018,0.03564
GCGCTTAAATAATTGG-1,0.02828,0.269642,0.18454,0.042519,0.422603,0.000489,0.051927
GCGGACCGCGTTGTGG-1,0.027564,0.115734,0.125806,0.122034,0.437051,0.012883,0.158928
GCGGAGAAACTTCGCA-1,0.015556,0.214032,0.172677,0.041535,0.305503,0.001969,0.248727
GCGGAGAGGGAGAACG-1,0.064053,0.217952,0.173282,0.011031,0.264668,0.091396,0.177618
GCGGCAAAGTATTGCC-1,0.058123,0.241052,0.056273,0.026648,0.09304,0.00775,0.517113
GCGGCTCTGACGTACC-1,0.240778,0.171922,0.131813,0.228062,0.167982,0.01161,0.047833
GCGGCTTTAGCAAGTT-1,0.022926,0.128248,0.127292,0.061849,0.655844,0.000388,0.003453
GCGGGAACCAGGCCCT-1,0.48163,0.04501,0.044435,0.19449,0.087467,0.054554,0.092413
GCGGGCATTACGATGC-1,0.090707,0.070457,0.024968,0.544244,0.247208,0.009555,0.01286
GCGGGCGAGCCTTACC-1,0.000099,0.10089,0.000099,0.000099,0.000199,0.000099,0.898513
GCGGTAACCCAAATGA-1,0.055678,0.21507,0.051788,0.120022,0.522697,0.003394,0.031351
GCGGTCCCTAGACGCA-1,0.312209,0.129428,0.02193,0.122659,0.03828,0.032349,0.343144
GCGGTCTTGCTTTCAC-1,0.036122,0.551838,0.112598,0.068683,0.202614,0.000043,0.028102
GCGGTGAACTGCGCTC-1,0.240126,0.027001,0.093817,0.094703,0.049955,0.240772,0.253628
GCGGTGCGGAGCATCG-1,0.122741,0.333489,0.05483,0.090661,0.202669,0.000048,0.195562
GCGGTTCCCTATCATG-1,0.012058,0.076074,0.116716,0.141917,0.639065,0.000021,0.01415
GCGTAAATGGCCATAA-1,0.113585,0.121283,0.436621,0.051543,0.087535,0.09849,0.090942
GCGTCCCTAAGACATA-1,0.00015,0.12135,0.00015,0.00015,0.0003,0.00015,0.877751
GCGTCGAAATGTCGGT-1,0.112667,0.093633,0.010099,0.00404,0.030768,0.000379,0.748414
GCGTCGCCAGGGTGAT-1,0.000108,0.216913,0.044705,0.000108,0.017225,0.000108,0.720833
GCGTCTAACCTCCTAA-1,0.128534,0.032654,0.122846,0.170865,0.145864,0.203903,0.195333
GCGTCTCTGCATTGGG-1,0.130862,0.17827,0.015969,0.122085,0.50819,0.006746,0.037878
GCGTGGTACTGGGTTA-1,0.072427,0.102985,0.387875,0.054684,0.360822,0.003411,0.017796
GCGTTATATTTGGAAC-1,0.167848,0.021312,0.00719,0.646242,0.144164,0.001563,0.011682
GCGTTCGGAGACCGGG-1,0.173719,0.016744,0.010548,0.176926,0.269507,0.350656,0.0019
GCTAAACCTGAGGTGA-1,0.51022,0.14735,0.044371,0.020202,0.059348,0.016311,0.202198
GCTAACTGAAGTCTGA-1,0.039176,0.242662,0.352672,0.027166,0.269146,0.024021,0.045158
GCTAAGCCCAGTATGC-1,0.454496,0.042546,0.001278,0.210433,0.276788,0.008038,0.006422
GCTAAGTAAAGGCGAT-1,0.30876,0.208118,0.02085,0.10197,0.128931,0.014705,0.216667
GCTAAGTAGTTTCTCT-1,0.030352,0.435241,0.085062,0.013217,0.337588,0.00005,0.09849
GCTAATACCGAATGCC-1,0.181754,0.007745,0.031221,0.458881,0.076873,0.153605,0.089921
GCTACAATCGAGGATA-1,0.11195,0.105879,0.037251,0.287673,0.406933,0.026115,0.0242
GCTACAGTACGGACCG-1,0.270723,0.137839,0.068092,0.299457,0.073078,0.048515,0.102295
GCTACGACTTATTGGG-1,0.000611,0.048018,0.618054,0.000041,0.030351,0.123586,0.179339
GCTACTATAGTAGAGT-1,0.023733,0.094725,0.30079,0.022507,0.510695,0.011185,0.036365
GCTAGACCGTCTACTG-1,0.014947,0.29974,0.190206,0.072134,0.295303,0.034724,0.092946
GCTAGAGTAGAGATGT-1,0.076774,0.138419,0.287916,0.04439,0.336938,0.022863,0.092701
GCTAGCACCTGGGCCA-1,0.223019,0.018942,0.135854,0.259712,0.162688,0.113085,0.0867
GCTAGCAGGGAGTGGG-1,0.000033,0.000033,0.000033,0.000033,0.000065,0.925445,0.074358
GCTAGCGATAGGTCTT-1,0.000207,0.011991,0.000207,0.000207,0.000415,0.000909,0.986063
GCTAGCTTGAATAGCT-1,0.014576,0.552383,0.01,0.000064,0.131664,0.000064,0.291249
GCTAGGCACCACGGAG-1,0.041521,0.173798,0.0222,0.019114,0.737153,0.000017,0.006197
GCTAGTAGAGCTTGTA-1,0.019135,0.121286,0.093878,0.026017,0.711744,0.012394,0.015547
GCTAGTTTCATTGAGG-1,0.375449,0.103488,0.014402,0.308786,0.126403,0.000036,0.071437
GCTATACGTCTCGGAC-1,0.040731,0.150941,0.211211,0.031568,0.474418,0.012538,0.078594
GCTATCATACTCATGG-1,0.118027,0.082719,0.183011,0.08307,0.315918,0.122629,0.094626
GCTATCGCGGCGCAAC-1,0.485008,0.104457,0.030807,0.074041,0.101994,0.000125,0.203568
GCTATGCCAGCTTATG-1,0.157417,0.368977,0.014511,0.183648,0.095472,0.01047,0.169506
GCTCAACCTCTTAGAG-1,0.055596,0.458877,0.03983,0.024694,0.354681,0.008329,0.057994
GCTCAATCCGTTTATT-1,0.032168,0.145784,0.081918,0.129388,0.540093,0.00003,0.07062
GCTCAATGTAATACCG-1,0.000411,0.010402,0.388234,0.022125,0.276496,0.006216,0.296115
GCTCCATGAGTGCAGA-1,0.131058,0.008524,0.033346,0.286442,0.022133,0.420363,0.098134
GCTCCATGCAAAGCAA-1,0.022718,0.318183,0.087694,0.004395,0.095467,0.000039,0.471504
GCTCCCAGTCGGTCCA-1,0.067022,0.206737,0.111329,0.011491,0.10545,0.053914,0.444057
GCTCCGCTCGCTTCAG-1,0.122146,0.373935,0.021704,0.052383,0.173014,0.03592,0.220898
GCTCCTGACATACTGG-1,0.072227,0.505338,0.026138,0.000053,0.040838,0.000053,0.355353
GCTCGCGGTTCCGCTC-1,0.336097,0.215863,0.019228,0.083858,0.036302,0.033146,0.275506
GCTCGCTCATGTCCAA-1,0.009085,0.072233,0.25235,0.011641,0.429899,0.02171,0.203081
GCTCGGAATTTAAAGC-1,0.286865,0.020284,0.071107,0.452116,0.120996,0.009084,0.039548
GCTCTAAACCCTGACG-1,0.060351,0.001988,0.15209,0.105079,0.015261,0.363132,0.302099
GCTCTATGTTACGTGC-1,0.000137,0.000137,0.000137,0.01579,0.074517,0.002555,0.906727
GCTCTCGGGTACCGAA-1,0.087837,0.010061,0.063307,0.509418,0.132488,0.010052,0.186837
GCTCTTTCCGCTAGTG-1,0.000363,0.230055,0.051256,0.017665,0.102372,0.000077,0.598211
GCTGAACTCTCCAGGG-1,0.363429,0.036486,0.071721,0.118658,0.149165,0.073493,0.187049
GCTGAATCTTCCAATC-1,0.05136,0.416359,0.053978,0.022462,0.109775,0.004871,0.341196
GCTGAGCAACGGTTCT-1,0.074908,0.316177,0.066538,0.046844,0.272122,0.000098,0.223312
GCTGAGGCGTGAGTAT-1,0.01372,0.032143,0.509888,0.002477,0.046898,0.279067,0.115806
GCTGCACGGTTTCTTA-1,0.037982,0.417218,0.036009,0.039768,0.286766,0.00005,0.182207
GCTGCGCCTCCCACGT-1,0.141389,0.430585,0.107144,0.036352,0.124109,0.000047,0.160374
GCTGCTAAGTAGTCGA-1,0.000449,0.270473,0.002685,0.000113,0.000227,0.000113,0.725939
GCTGCTACTGCGTAGC-1,0.089528,0.186603,0.119932,0.094554,0.414854,0.000074,0.094455
GCTGCTCTCCGGACAC-1,0.104053,0.180026,0.023857,0.428149,0.198245,0.013187,0.052483
GCTGGACCCAAAGTGG-1,0.000069,0.000069,0.000069,0.000069,0.000138,0.987854,0.011731
GCTGGCAGGTGCCGTG-1,0.316659,0.210553,0.024321,0.16435,0.124463,0.010232,0.149423
GCTGGCATATTCACCT-1,0.006024,0.001081,0.026855,0.000057,0.000114,0.318367,0.647502
GCTGGCGGCGCATGCT-1,0.007792,0.257624,0.005935,0.000065,0.003643,0.000989,0.723952
GCTGGTTTAGGCCATA-1,0.014939,0.09421,0.206244,0.139703,0.52256,0.00002,0.022324
GCTGTATTACTGGCCC-1,0.010994,0.0461,0.051375,0.134888,0.754852,0.000022,0.001769
GCTGTTGCTACCGAAC-1,0.006629,0.083419,0.23394,0.044767,0.607017,0.008341,0.015887
GCTTAATGTAACTAAC-1,0.071071,0.170445,0.212071,0.031133,0.472239,0.01285,0.030191
GCTTACGTAGTTAGTA-1,0.255215,0.322959,0.056591,0.006417,0.052068,0.012714,0.294036
GCTTATGAAGCAGGAA-1,0.018111,0.043412,0.339721,0.002617,0.02096,0.263507,0.311672
GCTTCCAGCTTAGATT-1,0.089468,0.081111,0.201836,0.044389,0.415166,0.002427,0.165604
GCTTCCATGTAACCGC-1,0.208457,0.134423,0.020188,0.060968,0.265764,0.000094,0.310106
GCTTCCGTCCCTAGAC-1,0.280703,0.073068,0.040205,0.021638,0.081208,0.223747,0.27943
GCTTCGACGTTCAATC-1,0.000501,0.000501,0.000501,0.000501,0.001002,0.000501,0.996494
GCTTGATGATAATCAG-1,0.37537,0.27228,0.021779,0.143101,0.044456,0.000033,0.142981
GCTTGCAGCACAATTG-1,0.068528,0.078185,0.002003,0.091681,0.057447,0.022786,0.67937
GCTTGGATCGATTAGG-1,0.090516,0.391058,0.029161,0.029612,0.256867,0.046257,0.15653
GCTTTACACAACTGGG-1,0.121062,0.00755,0.064429,0.580122,0.138483,0.065382,0.022972
GCTTTCAGAGGAGGTG-1,0.187937,0.127812,0.141624,0.080075,0.337519,0.054935,0.070098
GGAAACCTTGTTGAAT-1,0.10917,0.015667,0.125543,0.396256,0.191047,0.129593,0.032723
GGAAACTAAATGGGCC-1,0.14832,0.065262,0.040035,0.291779,0.432173,0.007317,0.015115
GGAAAGTGCCCATGCC-1,0.44951,0.143529,0.010763,0.198847,0.081694,0.051228,0.064428
GGAACCCGAACAAGAA-1,0.045039,0.038686,0.20451,0.30289,0.284219,0.07067,0.053986
GGAACCGTGTAAATTG-1,0.133581,0.256726,0.176292,0.03331,0.29678,0.009155,0.094157
GGAACCTTGACTCTGC-1,0.036043,0.506657,0.015946,0.002535,0.035705,0.027378,0.375735
GGAACGGCCTGCAGCC-1,0.431023,0.212645,0.010557,0.036239,0.074084,0.018067,0.217385
GGAACTTTGGCGATTA-1,0.164978,0.105203,0.212088,0.201595,0.244002,0.031459,0.040675
GGAAGCTCGCTTACAG-1,0.000089,0.000089,0.000089,0.000089,0.000178,0.25642,0.743045
GGAATGCGCTAGCGTG-1,0.016206,0.156388,0.138099,0.067836,0.606455,0.001443,0.013572
GGACAACCATGAAGCC-1,0.124468,0.11062,0.026939,0.236139,0.214475,0.045272,0.242086
GGACAAGCCATGATCG-1,0.002084,0.52009,0.113516,0.03751,0.065445,0.000145,0.261209
GGACAAGTTGCAGTGA-1,0.312495,0.130775,0.000466,0.119029,0.03225,0.001926,0.403061
GGACACAAGTTTACAC-1,0.087681,0.07496,0.09932,0.250152,0.424415,0.006934,0.056539
GGACCAACAGGATAAC-1,0.119931,0.131223,0.170586,0.033992,0.213322,0.003745,0.3272
GGACCTACGGTAACGT-1,0.019706,0.031391,0.000103,0.115422,0.02534,0.128874,0.679165
GGACCTCTAGGCCGCC-1,0.0065,0.384931,0.013235,0.006697,0.053144,0.000061,0.535434
GGACGGGCGACCAACC-1,0.149683,0.03375,0.014365,0.623649,0.13304,0.007736,0.037778
GGACTAAGTCAGGAGT-1,0.307077,0.308279,0.004541,0.170841,0.107999,0.001217,0.100046
GGACTCACAAATTAGG-1,0.02022,0.00261,0.110209,0.604938,0.233829,0.02613,0.002063
GGACTCGAAGCTTTCA-1,0.361826,0.066233,0.032472,0.063335,0.014661,0.041295,0.420177
GGACTCGACAGCGCAT-1,0.000165,0.050054,0.000165,0.000165,0.00033,0.000165,0.948955
GGACTCGTGAGTGGTC-1,0.000091,0.000091,0.117223,0.000091,0.006498,0.075404,0.800602
GGACTCTTCCGGTTGA-1,0.249588,0.035127,0.014867,0.507204,0.12491,0.018905,0.049399
GGACTCTTTGACTAAG-1,0.053445,0.52366,0.020618,0.038597,0.276235,0.000027,0.087417
GGAGAAGTCATTGGCA-1,0.493476,0.021275,0.003013,0.062213,0.005172,0.061072,0.353779
GGAGACATTCACGGGC-1,0.018228,0.155071,0.26945,0.064857,0.400906,0.000075,0.091412
GGAGACCAATGTGCTT-1,0.201283,0.03929,0.000064,0.060453,0.000128,0.013368,0.685414
GGAGACCATCTACATA-1,0.110885,0.245435,0.284636,0.051798,0.168152,0.055249,0.083844
GGAGACGACACCTTTG-1,0.011715,0.071183,0.395479,0.000045,0.0024,0.148592,0.370586
GGAGCAACATTTCAAG-1,0.080092,0.061665,0.276954,0.104186,0.188089,0.143308,0.145706
GGAGCACCAAGAACTA-1,0.380916,0.077962,0.078286,0.203471,0.083175,0.035783,0.140406
GGAGCGAGGCCTACTT-1,0.013325,0.081867,0.141578,0.038961,0.714553,0.00194,0.007776
GGAGGATTGAAAGGAG-1,0.000242,0.000242,0.000242,0.000242,0.000483,0.000242,0.998308
GGAGGCCGAAGTCGTC-1,0.112086,0.071616,0.070023,0.297201,0.299448,0.045372,0.104255
GGAGGGCTTGGTTGGC-1,0.088816,0.152462,0.25555,0.073299,0.151027,0.106406,0.17244
GGAGGGTCAAGTAAGA-1,0.202578,0.035758,0.070101,0.33984,0.211042,0.05975,0.080931
GGAGTACACATGAGCT-1,0.044736,0.33016,0.074897,0.022402,0.390735,0.000194,0.136875
GGAGTGCCGCCCTGGA-1,0.297855,0.027912,0.02021,0.347289,0.135806,0.038363,0.132565
GGAGTTGATTCTGTGT-1,0.202643,0.011287,0.012168,0.595939,0.099453,0.031508,0.047001
GGATACTCATGAATTG-1,0.188269,0.068342,0.148815,0.176531,0.107357,0.141654,0.169031
GGATCAAAGGACGAGG-1,0.042657,0.140891,0.000097,0.002873,0.001302,0.000097,0.812081
GGATCAGAGCCATCAG-1,0.466473,0.168659,0.005068,0.052275,0.025074,0.015089,0.267361
GGATCATCCCGTACGC-1,0.000022,0.000022,0.000022,0.000022,0.000044,0.999845,0.000022
GGATCCCTACCAGCTA-1,0.03915,0.34208,0.241597,0.032429,0.187541,0.038853,0.11835
GGATCCGGAATATACT-1,0.018712,0.041204,0.314675,0.035867,0.480722,0.056692,0.052128
GGATCTTACTGCCCTT-1,0.000248,0.000248,0.000248,0.000248,0.000497,0.000248,0.998261
GGATCTTGACTCAACC-1,0.069985,0.5444,0.060333,0.003463,0.105136,0.000035,0.216647
GGATGAAGATCGCTGA-1,0.071132,0.086171,0.191578,0.023404,0.542111,0.030859,0.054745
GGATGACGCGAGTTTA-1,0.300105,0.334907,0.022278,0.087013,0.17716,0.005923,0.072615
GGATGCTGGCGTTCCT-1,0.331216,0.228313,0.000043,0.212824,0.011635,0.003144,0.212826
GGATGGCTTGAAGTAT-1,0.196133,0.098648,0.198044,0.093764,0.115741,0.159091,0.138578
GGATGTCCTTACCGCA-1,0.021791,0.121858,0.287684,0.068575,0.468811,0.00887,0.02241
GGATTAATCATGGACC-1,0.018859,0.061029,0.114605,0.018894,0.782703,0.001813,0.002097
GGATTCAGTACGGTGG-1,0.1987,0.093697,0.188675,0.043263,0.064642,0.110782,0.30024
GGATTCCGCTATACCC-1,0.278643,0.02956,0.023738,0.212033,0.023022,0.000694,0.43231
GGATTGCTGTGACTCC-1,0.031638,0.139498,0.062806,0.030675,0.715723,0.013911,0.00575
GGATTTCACTTCTATA-1,0.129637,0.361583,0.098255,0.014633,0.198938,0.0229,0.174054
GGCAAAGGCGCCAATA-1,0.035031,0.046188,0.195318,0.253167,0.401068,0.022253,0.046975
GGCAAATTACTTTACT-1,0.010419,0.03781,0.525791,0.032611,0.272873,0.07242,0.048077
GGCAAGCCCATAGTGG-1,0.062537,0.087153,0.194859,0.050775,0.269071,0.001096,0.33451
GGCAAGGCGAAATAGC-1,0.075434,0.269677,0.109485,0.018616,0.129759,0.072878,0.324152
GGCAATAGTCAATGAG-1,0.250978,0.292426,0.031746,0.118242,0.264275,0.003228,0.039105
GGCACGCTGCTACAGT-1,0.308396,0.021954,0.051303,0.303279,0.127181,0.150227,0.037661
GGCACTCAGCCGACCC-1,0.232624,0.102302,0.015335,0.355301,0.079083,0.008521,0.206833
GGCACTCCACTGGGCA-1,0.179513,0.10773,0.067433,0.284134,0.243838,0.066762,0.050589
GGCACTGCGGTGGTTT-1,0.569806,0.104619,0.057709,0.051577,0.118564,0.044749,0.052977
GGCAGAGAGATCGGGA-1,0.002162,0.115293,0.000813,0.000331,0.000134,0.073307,0.80796
GGCAGCAAACCTATGC-1,0.088601,0.199395,0.262947,0.039587,0.255074,0.038033,0.116362
GGCATACAGGTAGCGG-1,0.367454,0.009665,0.007722,0.40494,0.110496,0.011705,0.088018
GGCATATCGGTTCTGC-1,0.027624,0.006442,0.085043,0.050937,0.000136,0.068688,0.761129
GGCATCAACGAGCACG-1,0.000135,0.025023,0.000135,0.000135,0.00027,0.000135,0.974166
GGCCAATTGTATAGAC-1,0.081919,0.23855,0.184865,0.004119,0.360868,0.015933,0.113745
GGCCACACGAAAGCCT-1,0.026817,0.107462,0.095196,0.071391,0.680754,0.001681,0.016699
GGCCCAGCTGGTTTGC-1,0.089059,0.424621,0.115072,0.024662,0.26285,0.010044,0.073692
GGCCCGGAGCATGTCT-1,0.490981,0.232093,0.016366,0.032274,0.055629,0.047099,0.125558
GGCCCGTATACCATGC-1,0.299593,0.018226,0.083009,0.16651,0.081356,0.186273,0.165033
GGCCCTCACCCACTTA-1,0.546183,0.120449,0.000034,0.17781,0.02429,0.000034,0.131201
GGCCGAGACTCTGGTG-1,0.000107,0.078645,0.061394,0.000107,0.117716,0.000107,0.741924
GGCCGCAGGAACCGCA-1,0.2695,0.087273,0.035938,0.295006,0.18422,0.040907,0.087156
GGCCGGCGTCTGCTAT-1,0.033629,0.185049,0.201211,0.021844,0.517726,0.021985,0.018557
GGCCGTTTGGGTTTCA-1,0.002169,0.218709,0.000114,0.000114,0.03212,0.000114,0.746662
GGCCTGCTCTGATGTT-1,0.048957,0.264832,0.239515,0.035588,0.230465,0.001398,0.179246
GGCCTGCTTCTCCCGA-1,0.258784,0.044729,0.062683,0.329985,0.240991,0.014078,0.04875
GGCCTTTGCAACTGGC-1,0.005737,0.022176,0.011429,0.151929,0.042505,0.050614,0.71561
GGCGAAATCTAACTTG-1,0.027265,0.07611,0.129097,0.047426,0.714815,0.00384,0.001447
GGCGAGCGAAACGGCA-1,0.033571,0.191043,0.151748,0.056094,0.554038,0.001526,0.011982
GGCGCAGGACATCTTC-1,0.391892,0.269794,0.012238,0.08198,0.015648,0.018521,0.209927
GGCGCATGAATTGATG-1,0.011884,0.099386,0.473088,0.035894,0.312186,0.010634,0.056928
GGCGCGGAGATCTTTC-1,0.007259,0.060595,0.269541,0.025862,0.604724,0.001612,0.030408
GGCGCGTTCGAGTTTA-1,0.021188,0.268228,0.135569,0.069726,0.377619,0.033746,0.093925
GGCGCTCCTCATCAAT-1,0.213467,0.345274,0.145318,0.124725,0.096589,0.027305,0.047322
GGCGCTTCATTCCCTG-1,0.025743,0.238372,0.063924,0.032819,0.628455,0.002162,0.008526
GGCGGAGTAATATTAG-1,0.18479,0.006275,0.002749,0.574652,0.230533,0.000795,0.000207
GGCGGGCTCTAAGAGT-1,0.245867,0.044378,0.012392,0.462117,0.11179,0.020951,0.102506
GGCGGTAGGATCATTG-1,0.218386,0.16213,0.015734,0.168199,0.402098,0.013873,0.01958
GGCGGTTTGCCGGTGC-1,0.045842,0.298477,0.048491,0.077594,0.338183,0.000025,0.191387
GGCGTAGGGAAAGCTG-1,0.022414,0.113851,0.179337,0.029297,0.584865,0.011738,0.058498
GGCGTCCTATCCGCTG-1,0.154628,0.168999,0.00007,0.014658,0.002787,0.00007,0.658788
GGCTAAAGGGCGGGTC-1,0.127963,0.113321,0.000031,0.000712,0.002748,0.536758,0.218467
GGCTACTATACACTCC-1,0.000177,0.000177,0.000177,0.000177,0.000354,0.000345,0.998594
GGCTATTAAGTTGTAT-1,0.501258,0.162207,0.000072,0.070133,0.025228,0.000112,0.24099
GGCTCCTCCACCTGTT-1,0.041977,0.121895,0.432127,0.000089,0.02865,0.000089,0.375172
GGCTCGCGTTGAGGTA-1,0.081265,0.156897,0.264109,0.102362,0.199514,0.115946,0.079907
GGCTCGTGCCACCAGC-1,0.331798,0.17741,0.011877,0.036093,0.036413,0.024307,0.382102
GGCTCTGCTCCAACGC-1,0.195178,0.168694,0.002559,0.315003,0.071608,0.021131,0.225827
GGCTGAAATAGCAAAG-1,0.099264,0.242096,0.121397,0.02861,0.338949,0.009226,0.160459
GGCTGGCAGCTTTATG-1,0.027616,0.302381,0.107966,0.033769,0.458854,0.000344,0.069071
GGCTGGCTAGCTTAAA-1,0.437173,0.047261,0.101257,0.21689,0.099968,0.032422,0.065029
GGCTTGGCTCTCACCT-1,0.081519,0.33532,0.108383,0.190469,0.128403,0.042516,0.113388
GGCTTTCAATAAGGGT-1,0.106911,0.200804,0.130832,0.131391,0.214365,0.005404,0.210292
GGGAAAGAATGCCAAC-1,0.241242,0.043842,0.055993,0.336044,0.166396,0.074017,0.082466
GGGAACGGGAGGTTAG-1,0.216411,0.417866,0.012287,0.102473,0.102213,0.010786,0.137964
GGGAACGGTTTCAGAT-1,0.000266,0.000266,0.000266,0.000266,0.000533,0.000266,0.998135
GGGAAGACGGTCTGTC-1,0.036175,0.355107,0.145812,0.009504,0.297982,0.092777,0.062643
GGGAAGGGCTTTCTCA-1,0.023748,0.292352,0.074705,0.024589,0.478227,0.007651,0.098728
GGGAATGAGCCCTCAC-1,0.068341,0.007244,0.143112,0.500512,0.132848,0.094281,0.053663
GGGAATTCTGTCCAGT-1,0.214333,0.303121,0.00663,0.044528,0.06328,0.000034,0.368073
GGGACAGAGTTACTCC-1,0.056176,0.321374,0.304588,0.0132,0.142582,0.058698,0.103383
GGGACCCGTATATCTT-1,0.000122,0.301597,0.000223,0.000122,0.034421,0.000122,0.663394
GGGACTGCATAGATAG-1,0.220906,0.033468,0.133697,0.260347,0.236315,0.105043,0.010224
GGGAGAACTCACAGTA-1,0.075174,0.019353,0.008293,0.398572,0.496144,0.002435,0.00003
GGGAGCGACCGTAGTG-1,0.078311,0.231719,0.197532,0.020366,0.158117,0.140774,0.173181
GGGAGGATGCCCGAAA-1,0.285738,0.207182,0.072969,0.062991,0.325905,0.019827,0.025388
GGGAGTAATGGCTGGC-1,0.367636,0.106914,0.015672,0.312839,0.119902,0.0009,0.076138
GGGAGTTAATGAGGCG-1,0.145284,0.192192,0.070806,0.093336,0.335532,0.026429,0.136421
GGGATACGGTAATAAT-1,0.027616,0.095609,0.120791,0.104014,0.639604,0.001067,0.011299
GGGATGGACCCGCGTC-1,0.007502,0.172304,0.062395,0.164236,0.32323,0.00005,0.270282
GGGATGGTCGTAACCG-1,0.037689,0.248237,0.160542,0.008092,0.300626,0.031972,0.212842
GGGATTATCTCACAAC-1,0.010271,0.08397,0.284875,0.078781,0.407305,0.008731,0.126066
GGGATTTACCGCACCT-1,0.01421,0.074096,0.218467,0.022421,0.644732,0.01967,0.006403
GGGCAACCGCACGTGC-1,0.099687,0.424198,0.125087,0.005579,0.174189,0.036701,0.134559
GGGCACGAATTGGCCG-1,0.579636,0.187099,0.040416,0.052177,0.040891,0.011276,0.088505
GGGCACGTAGTACTGT-1,0.047289,0.104155,0.031112,0.130866,0.474744,0.000029,0.211805
GGGCACTATTGACCAT-1,0.029273,0.271528,0.317365,0.033561,0.203689,0.013438,0.131147
GGGCAGACGTCACTGC-1,0.15762,0.370346,0.050572,0.118043,0.184256,0.011484,0.10768
GGGCAGAGCAATCGTT-1,0.024455,0.269324,0.042694,0.029657,0.064817,0.000057,0.568996
GGGCAGGATTTCTGTG-1,0.000067,0.185013,0.166655,0.049244,0.309388,0.000067,0.289565
GGGCAGTCAACGCCAA-1,0.069402,0.21168,0.08389,0.026074,0.561028,0.00997,0.037955
GGGCCATTCGTGCTGG-1,0.000209,0.324176,0.000209,0.000209,0.031554,0.000209,0.643433
GGGCCCGTCTTAAACA-1,0.075247,0.093038,0.165068,0.020743,0.571843,0.003221,0.070841
GGGCCCTACGAAAGGG-1,0.317708,0.049072,0.011742,0.094627,0.022863,0.037132,0.466856
GGGCCCTTATCTATAC-1,0.119766,0.04316,0.021863,0.659113,0.101668,0.00472,0.049711
GGGCCGGCCGAAGTAC-1,0.003752,0.02516,0.082762,0.047493,0.837837,0.002983,0.000013
GGGCCTAAATGGGCTA-1,0.298252,0.241847,0.020672,0.034708,0.049844,0.012198,0.342478
GGGCGAATTTCTCCAC-1,0.149546,0.287705,0.048988,0.075634,0.3231,0.016359,0.098668
GGGCGATATGTGTGAA-1,0.115905,0.043516,0.003357,0.550798,0.25944,0.002571,0.024413
GGGCGCAGCGTTACTC-1,0.057075,0.014257,0.032443,0.720545,0.145146,0.007629,0.022906
GGGCGGCAAATGAATT-1,0.020012,0.028423,0.356412,0.038489,0.375857,0.161786,0.01902
GGGCGGGTTCCCTACG-1,0.129495,0.595645,0.013418,0.01183,0.050844,0.000053,0.198714
GGGCGGTCCTATTGTC-1,0.35996,0.170077,0.01729,0.135699,0.150478,0.043355,0.123141
GGGCGTACATTTATAT-1,0.001556,0.062544,0.000149,0.100399,0.000298,0.093709,0.741345
GGGCGTCACCACGTAA-1,0.036559,0.529243,0.119327,0.02286,0.252541,0.014605,0.024865
GGGCGTCCACTGGCTC-1,0.009105,0.037896,0.013967,0.021936,0.002955,0.166325,0.747816
GGGCGTGGTTTCCCAG-1,0.002325,0.033905,0.220006,0.064948,0.650268,0.025933,0.002615
GGGCGTTTACATTCAT-1,0.000376,0.000376,0.000376,0.000376,0.000752,0.000376,0.997368
GGGCTACTATTTCGTG-1,0.095595,0.516982,0.061687,0.067905,0.162996,0.000038,0.094797
GGGCTATGATCGATGG-1,0.000139,0.104578,0.000139,0.000139,0.000278,0.000139,0.894589
GGGCTCATCGAACCCA-1,0.324514,0.294714,0.01652,0.107956,0.106587,0.030706,0.119003
GGGCTGCCTAGGGCGA-1,0.28051,0.420047,0.020763,0.015043,0.026754,0.007242,0.22964
GGGCTGGTTAGTCGCG-1,0.430086,0.070964,0.045861,0.167805,0.077565,0.092961,0.114757
GGGTAATGCTGTGTTT-1,0.070958,0.215467,0.077527,0.052289,0.305461,0.034127,0.244171
GGGTACACTCTGGAGG-1,0.018672,0.118003,0.425865,0.005636,0.168745,0.048442,0.214637
GGGTACCCACGGTCCT-1,0.269219,0.366521,0.037919,0.114397,0.126317,0.010095,0.075532
GGGTACTTCATGAACT-1,0.123672,0.096966,0.015854,0.019481,0.092457,0.278042,0.373528
GGGTATGTATGCACTT-1,0.12236,0.036057,0.007757,0.03786,0.000648,0.093641,0.701676
GGGTATTCTAGCAAAC-1,0.009083,0.018397,0.085044,0.030241,0.853398,0.003824,0.000013
GGGTCACCGTGACGGT-1,0.31435,0.16276,0.056778,0.09888,0.14133,0.053538,0.172363
GGGTCAGGAGCTAGAT-1,0.04394,0.090038,0.118348,0.045826,0.187947,0.045945,0.467956
GGGTCATGCGTACCAT-1,0.24711,0.148026,0.041908,0.213392,0.311885,0.006615,0.031064
GGGTCGTGGCAAGTGT-1,0.346843,0.084882,0.048739,0.033022,0.097851,0.233204,0.15546
GGGTCTATCGCTTTCC-1,0.416588,0.128174,0.016776,0.1128,0.135912,0.017851,0.171899
GGGTGACACCTTAACT-1,0.094597,0.200274,0.047029,0.023876,0.630071,0.000019,0.004134
GGGTGCATATGAAAGC-1,0.38333,0.097531,0.042712,0.109325,0.148668,0.053987,0.164447
GGGTGGTCCAGCCTGT-1,0.000123,0.000123,0.000123,0.000123,0.000246,0.000123,0.99914
GGGTGTTTCAGCTATG-1,0.31434,0.002183,0.121479,0.102322,0.067605,0.061418,0.330652
GGGTTAACATTTGAGT-1,0.014358,0.466105,0.03685,0.000082,0.00766,0.004832,0.470112
GGGTTCAGACGAACAA-1,0.199858,0.314717,0.035476,0.053587,0.190733,0.011881,0.193747
GGGTTTAGGATAGGAT-1,0.033383,0.372302,0.047849,0.009213,0.21901,0.022434,0.29581
GGTAAACTCTGCGCTG-1,0.20296,0.137255,0.016198,0.371221,0.174323,0.002997,0.095045
GGTAAATGTGCGTTAC-1,0.058167,0.000111,0.000111,0.000111,0.000221,0.115518,0.825761
GGTAACCGGCAAAGGT-1,0.008853,0.113663,0.214471,0.071062,0.546347,0.00002,0.045584
GGTAACCGGGAGGATA-1,0.139934,0.170504,0.099798,0.04577,0.139779,0.022476,0.381739
GGTAACTATGTATCTG-1,0.20437,0.107442,0.018496,0.45868,0.097444,0.020341,0.093227
GGTACAAACATGCTAT-1,0.007337,0.079436,0.160455,0.033428,0.688121,0.026346,0.004877
GGTACACCAGATTTAT-1,0.19391,0.030284,0.028882,0.544328,0.150642,0.009571,0.042382
GGTACATCTGGGACGA-1,0.381904,0.081849,0.022723,0.164449,0.051232,0.063948,0.233895
GGTACCATTAAGACGG-1,0.148368,0.079775,0.105804,0.323444,0.205218,0.09363,0.04376
GGTACGTTGCGGCCGG-1,0.229486,0.095908,0.026775,0.362131,0.179203,0.008609,0.097889
GGTACTAAGTGCTTTG-1,0.205581,0.052941,0.027881,0.46917,0.217729,0.005485,0.021213
GGTAGAAGACCGCCTG-1,0.060536,0.12794,0.232416,0.078968,0.245859,0.046407,0.207874
GGTAGACCGTTGGGCG-1,0.001933,0.513213,0.015475,0.000073,0.000145,0.000073,0.469089
GGTAGTGCTCGCACCA-1,0.082931,0.172872,0.129519,0.0378,0.119813,0.036196,0.42087
GGTATAGTGACACATA-1,0.31693,0.223637,0.043928,0.154918,0.106417,0.020738,0.133433
GGTATGAAAGAACTGA-1,0.080482,0.088134,0.047639,0.2471,0.039697,0.017153,0.479795
GGTATTGCCGAGTTTA-1,0.019232,0.000269,0.033764,0.596367,0.34448,0.005865,0.000025
GGTCAAGACTACTTCG-1,0.04487,0.04309,0.080552,0.204001,0.585853,0.036904,0.004731
GGTCACGTTAGATTCA-1,0.046302,0.013383,0.074429,0.433966,0.292644,0.029974,0.109301
GGTCAGTGGGTCCCAC-1,0.015013,0.142313,0.088974,0.001284,0.218344,0.000061,0.534012
GGTCCTTCATACGACT-1,0.043337,0.398128,0.151028,0.012281,0.074693,0.129604,0.190928
GGTCGGATAAACGGCG-1,0.183487,0.055807,0.049183,0.17074,0.368635,0.044871,0.127278
GGTCGGCCAGGAGCTT-1,0.031884,0.171379,0.237155,0.06312,0.395884,0.050077,0.050502
GGTCGGTAATTAGACA-1,0.169084,0.155438,0.088573,0.177489,0.11392,0.010367,0.285129
GGTCGGTCGTCCACAG-1,0.000103,0.058235,0.000103,0.000103,0.000206,0.000103,0.941147
GGTCGTAAGCTCGCAC-1,0.026023,0.161748,0.253757,0.03707,0.481181,0.012877,0.027344
GGTCTCCAAGTAGTGC-1,0.303507,0.071031,0.034996,0.279154,0.143564,0.035315,0.132432
GGTCTCCGTCCAGGTT-1,0.139462,0.049309,0.017363,0.273771,0.505754,0.011609,0.002731
GGTCTCTGAATGGACT-1,0.003202,0.097554,0.231766,0.004387,0.024295,0.360103,0.278694
GGTCTGAGAATCTGGA-1,0.228453,0.402632,0.012271,0.042182,0.047503,0.036939,0.230019
GGTCTTGAGCGCTCTT-1,0.040833,0.551438,0.065424,0.063866,0.142088,0.000213,0.136137
GGTCTTGGTGTTAACT-1,0.032968,0.272216,0.065666,0.042746,0.506769,0.000026,0.079608
GGTGAAACCGGGAATG-1,0.040304,0.000249,0.061102,0.078904,0.00066,0.075223,0.743557
GGTGAACGGGCTAGCC-1,0.134031,0.048777,0.127065,0.390228,0.144892,0.109756,0.045252
GGTGAAGTACAGGGAT-1,0.050541,0.362239,0.087707,0.01087,0.41251,0.000025,0.076108
GGTGACTGATAGAGAG-1,0.010022,0.020731,0.012143,0.238081,0.007086,0.001217,0.71072
GGTGAGATGCAGATAA-1,0.107883,0.274396,0.018746,0.326842,0.231888,0.000801,0.039444
GGTGATAAGGAGCAGT-1,0.054886,0.231185,0.3591,0.030015,0.238591,0.015233,0.07099
GGTGATGAAGGAAGTG-1,0.247142,0.176007,0.00023,0.096503,0.046937,0.002246,0.430936
GGTGATTTCATCTTGT-1,0.29665,0.130743,0.003531,0.338554,0.11885,0.013449,0.098223
GGTGCAGAGCCTATCG-1,0.000048,0.000048,0.000048,0.000048,0.000096,0.933224,0.066488
GGTGCATAAATGATTA-1,0.000083,0.000083,0.000083,0.000083,0.000167,0.000083,0.999417
GGTGCGGATAAGTGGC-1,0.422393,0.032167,0.048676,0.118324,0.006546,0.094755,0.277139
GGTGCTGATCACAAAG-1,0.343032,0.111659,0.007394,0.30535,0.061191,0.010782,0.160592
GGTGCTGGTACACATT-1,0.198089,0.417194,0.069593,0.011521,0.049427,0.030089,0.224086
GGTGGACTGCTCTGGC-1,0.000016,0.00906,0.07759,0.047965,0.865336,0.000016,0.000016
GGTGGAGGTTGATACG-1,0.163041,0.042554,0.193724,0.076719,0.218452,0.075673,0.229837
GGTGTAAATCGATTGT-1,0.038517,0.41583,0.074409,0.027656,0.320877,0.026005,0.096708
GGTGTAGGTAAGTAAA-1,0.012755,0.288985,0.026968,0.000043,0.024389,0.009169,0.637692
GGTGTTGGGCGTCTTA-1,0.283621,0.128762,0.02961,0.2338,0.162978,0.006629,0.1546
GGTTACCACCCTCGGG-1,0.121877,0.25971,0.070222,0.039456,0.267465,0.041271,0.199998
GGTTACCCGACACTTT-1,0.478992,0.047211,0.034632,0.135284,0.233091,0.052592,0.018199
GGTTAGCTATATGTCT-1,0.029228,0.132375,0.162243,0.032455,0.614546,0.018903,0.010249
GGTTAGGCTTGGAGAA-1,0.459625,0.073003,0.002488,0.07509,0.01108,0.043978,0.334736
GGTTAGTTACGGCGCC-1,0.028934,0.001372,0.001393,0.803781,0.164489,0.000016,0.000016
GGTTCGCATTTGCCGT-1,0.000236,0.478049,0.22354,0.000236,0.222845,0.064549,0.010547
GGTTCGGATTATACTA-1,0.257746,0.195385,0.016092,0.137676,0.019872,0.013672,0.359558
GGTTCTACTCGTCTGA-1,0.062366,0.012206,0.151991,0.189389,0.447878,0.133898,0.002271
GGTTGTGCTCTTGTCC-1,0.210408,0.117416,0.065697,0.289724,0.20122,0.051593,0.063944
GGTTGTGTAGCCTGGC-1,0.102855,0.024772,0.195325,0.01004,0.039529,0.040945,0.586534
GGTTTAATTACCATCG-1,0.000202,0.000202,0.000202,0.000202,0.000405,0.099582,0.899204
GGTTTAATTGAGCAGG-1,0.348859,0.02744,0.04473,0.441914,0.081908,0.033895,0.021253
GGTTTACAATCTCAAT-1,0.260142,0.162386,0.007467,0.366094,0.158259,0.009687,0.035965
GGTTTAGCCTTTCTTG-1,0.004204,0.027108,0.049766,0.046886,0.871782,0.000241,0.000012
GGTTTCAATCGGTCAG-1,0.032856,0.011093,0.360352,0.119144,0.361044,0.109811,0.0057
GGTTTGAGTGCTGGAA-1,0.089319,0.080587,0.143354,0.414579,0.230094,0.010102,0.031965
GGTTTGTGACCTGAGG-1,0.044947,0.015354,0.052477,0.402005,0.484952,0.000016,0.00025
GTAACATCTAAGATAA-1,0.062799,0.060522,0.09428,0.394114,0.326854,0.009159,0.052272
GTAACTGCCCAAGGAG-1,0.00012,0.049554,0.002404,0.00012,0.000239,0.00012,0.947444
GTAACTTGCGGCAGTC-1,0.287496,0.108307,0.005793,0.242675,0.288257,0.011527,0.055947
GTAAGCGGGCAGTCAG-1,0.251372,0.045659,0.067896,0.069698,0.022176,0.000312,0.542887
GTAAGGATTTGTCGGA-1,0.379517,0.024985,0.034785,0.22707,0.008935,0.13978,0.184927
GTAAGTAACAGTCTGG-1,0.034162,0.1597,0.228873,0.03743,0.302092,0.038685,0.199058
GTAAGTAGGGTATACC-1,0.039219,0.017296,0.000064,0.004906,0.000245,0.000064,0.938206
GTAAGTCCACACTCTA-1,0.104646,0.019165,0.18661,0.123175,0.161938,0.191768,0.212698
GTAATAAAGGGCTCCC-1,0.247423,0.086916,0.159696,0.00784,0.055646,0.177868,0.26461
GTAATCTGATTCTTCG-1,0.107518,0.402177,0.110733,0.018729,0.270522,0.011708,0.078613
GTACACTTACCTGAAG-1,0.089833,0.199093,0.285379,0.012126,0.103506,0.162879,0.147184
GTACAGAGGCAAGGGT-1,0.109625,0.204716,0.191609,0.034966,0.391896,0.016161,0.051028
GTACGACGGCGCTGCG-1,0.244309,0.151552,0.028584,0.229195,0.285734,0.013824,0.046801
GTACGAGATTGCGACA-1,0.319105,0.101711,0.000346,0.082571,0.001667,0.000128,0.494473
GTACGCTTCATTGCAC-1,0.067209,0.367869,0.134641,0.01191,0.297188,0.00005,0.121133
GTACGTCACGTATTAA-1,0.000206,0.000206,0.000206,0.000206,0.000411,0.921785,0.076981
GTACGTTTGCCCGTCA-1,0.055683,0.343368,0.074421,0.006667,0.269251,0.012402,0.238208
GTACTAAGATTTGGAG-1,0.225475,0.026896,0.064615,0.300825,0.105624,0.13115,0.145416
GTACTCCCTTATCGCT-1,0.415269,0.075095,0.009112,0.16114,0.043184,0.046539,0.249661
GTACTCCTGGGTATGC-1,0.383059,0.029059,0.161187,0.102131,0.116186,0.078644,0.129735
GTACTGAGGTCGTAAC-1,0.429302,0.130171,0.023507,0.269804,0.09131,0.025946,0.029961
GTACTGCATGAAGCGT-1,0.424301,0.067554,0.054697,0.152428,0.077194,0.02598,0.197847
GTACTGGAGTTAGACC-1,0.046587,0.068444,0.215519,0.090725,0.551943,0.00069,0.026091
GTACTTGGGCACTTCT-1,0.303489,0.094361,0.027403,0.340099,0.073434,0.048153,0.113062
GTAGAAACGGGTGGAG-1,0.129707,0.011964,0.003914,0.50092,0.34885,0.004636,0.000009
GTAGACAACCGATGAA-1,0.08025,0.036891,0.000127,0.000129,0.038068,0.000127,0.844407
GTAGACACGCCTGACT-1,0.020001,0.074881,0.36722,0.03897,0.246402,0.00476,0.247767
GTAGACGTCGTTACAT-1,0.172992,0.111215,0.103811,0.142955,0.101588,0.092465,0.274974
GTAGAGGGAGACAAGT-1,0.069656,0.220223,0.038815,0.056544,0.59998,0.001538,0.013245
GTAGCCAAACATGGGA-1,0.022495,0.415716,0.000063,0.000063,0.005808,0.000063,0.555791
GTAGCGCTGTTGTAGT-1,0.273618,0.031668,0.0002,0.002439,0.052197,0.028484,0.611393
GTAGCGGCTATACACT-1,0.027206,0.103209,0.583382,0.103021,0.181123,0.00124,0.000818
GTAGCTCCGGGAGGCT-1,0.00011,0.005717,0.183801,0.00011,0.263312,0.00011,0.54684
GTAGCTTCCTCTTGTT-1,0.048915,0.095907,0.08721,0.210949,0.50251,0.011802,0.042707
GTAGGTGATCCGTGTA-1,0.000088,0.000088,0.000088,0.000088,0.000176,0.483782,0.515689
GTAGTCGCGGGAATCA-1,0.057724,0.12529,0.353039,0.049646,0.211532,0.13546,0.067309
GTAGTCTACGATATTG-1,0.028263,0.066565,0.273698,0.041486,0.553441,0.000025,0.036522
GTAGTGAGCAACCTCA-1,0.230013,0.10276,0.019149,0.158276,0.194433,0.043613,0.251756
GTAGTTCGAAGGCGAA-1,0.000031,0.017174,0.246723,0.033256,0.545486,0.000031,0.157297
GTATAATCTCCCGGAT-1,0.049231,0.19543,0.191303,0.135659,0.396976,0.000021,0.03138
GTATAGGACTCAGTAG-1,0.028839,0.000577,0.148351,0.00543,0.020941,0.061254,0.734609
GTATATGTTACGGCGG-1,0.013567,0.196808,0.108276,0.011055,0.112369,0.18669,0.371235
GTATCAAACGTTAGCT-1,0.016696,0.132965,0.232251,0.045575,0.54856,0.009798,0.014153
GTATCAAGGTACTTCC-1,0.013715,0.111586,0.063674,0.026479,0.761784,0.004067,0.018695
GTATCAGCTTGGGTTC-1,0.250012,0.150901,0.135029,0.158741,0.160633,0.00004,0.144644
GTATCCTTTGGTAACC-1,0.012716,0.012054,0.249399,0.142794,0.467237,0.113099,0.002699
GTATCGGGACGAGCTG-1,0.056412,0.120324,0.352436,0.04676,0.228207,0.077946,0.117915
GTATCTCAGTCTTGAC-1,0.055555,0.19646,0.186885,0.039477,0.335636,0.003446,0.182541
GTATCTTTCATAACCA-1,0.000046,0.046447,0.032601,0.000046,0.055448,0.192674,0.672737
GTATGAAATTTCACTC-1,0.075678,0.28605,0.205015,0.011056,0.104392,0.091549,0.22626
GTATGACGTGGGAAAC-1,0.055829,0.043293,0.092551,0.461707,0.304939,0.011375,0.030305
GTATGTGGGTCTAGTT-1,0.001715,0.006483,0.169393,0.072126,0.724096,0.026075,0.000112
GTATTAAGGCGTCTAA-1,0.380561,0.161958,0.0212,0.040505,0.04965,0.027506,0.31862
GTATTCTGAGAAACGA-1,0.014315,0.07013,0.138012,0.080574,0.677444,0.001024,0.018501
GTATTCTTACCGTGCT-1,0.049824,0.048387,0.057328,0.186148,0.596979,0.008112,0.053222
GTATTTAATGGCATAA-1,0.21002,0.024773,0.022577,0.447578,0.232755,0.017586,0.044711
GTCAAAGAAGTGGTGT-1,0.155934,0.355826,0.068465,0.014618,0.182954,0.042077,0.180127
GTCAAAGTTTACATAG-1,0.091052,0.041978,0.014732,0.219999,0.631028,0.000118,0.001093
GTCAACCAGGCCTATA-1,0.366775,0.231126,0.03015,0.106101,0.155581,0.029792,0.080474
GTCAAGCGGACTCGGG-1,0.109293,0.227964,0.260812,0.057277,0.254347,0.021676,0.068631
GTCAATGCTATAATTT-1,0.043616,0.000067,0.046011,0.088288,0.000133,0.2469,0.574985
GTCACAAAGTTTCCAA-1,0.129458,0.021879,0.092929,0.092338,0.009584,0.000095,0.653718
GTCACTCATGAGCGAT-1,0.00011,0.258943,0.052093,0.00011,0.209206,0.00011,0.479428
GTCACTCTCCAAATCT-1,0.189815,0.039026,0.049033,0.126208,0.057207,0.377645,0.161065
GTCAGAATAGTCTATG-1,0.093676,0.105441,0.079569,0.012425,0.046236,0.011496,0.651157
GTCAGACAGCGTTGGA-1,0.023618,0.419366,0.060062,0.026633,0.404681,0.002713,0.062927
GTCAGTTGTGCTCGTT-1,0.000161,0.000161,0.000161,0.000161,0.000323,0.215331,0.783701
GTCAGTTTGGTAGTCG-1,0.05717,0.005113,0.02068,0.641865,0.22762,0.046946,0.000607
GTCATCTCCTACAGCT-1,0.059968,0.212246,0.168948,0.108275,0.269565,0.014516,0.166483
GTCATGCACCTCCGTT-1,0.275287,0.168618,0.008258,0.221151,0.184024,0.022668,0.119993
GTCATGCGCGAGGGCT-1,0.168592,0.286132,0.107679,0.071372,0.145538,0.076005,0.144683
GTCATGGACATGACTA-1,0.134133,0.028634,0.224614,0.456485,0.155993,0.000041,0.0001
GTCATTAGAGCGAACG-1,0.019455,0.299272,0.101759,0.074574,0.352267,0.030359,0.122313
GTCATTGCATTGACCC-1,0.280202,0.188246,0.000057,0.028466,0.004884,0.002752,0.495393
GTCCAATATTTAGCCT-1,0.007636,0.017279,0.132865,0.008282,0.144657,0.041733,0.647547
GTCCACGTCGCATTCG-1,0.235684,0.017715,0.024907,0.420824,0.211281,0.024513,0.065076
GTCCAGGCACGTGTGC-1,0.000035,0.043836,0.106883,0.050759,0.624115,0.000035,0.174338
GTCCATTACTGCTACG-1,0.066293,0.56358,0.037638,0.041323,0.146762,0.000049,0.144354
GTCCCAACGTAAAGTA-1,0.23734,0.209029,0.078267,0.038166,0.206694,0.013683,0.216821
GTCCCAATCATCCCGC-1,0.371181,0.177223,0.001596,0.087862,0.03581,0.007274,0.319053
GTCCCGCGACGTTATG-1,0.01023,0.032149,0.030984,0.020357,0.905712,0.000553,0.000014
GTCCGAGAGCAATCAT-1,0.270077,0.049895,0.035658,0.176012,0.03199,0.266274,0.170094
GTCCGGACCTGAAATT-1,0.00716,0.052316,0.203085,0.067797,0.638151,0.022318,0.009174
GTCCGGCTGAATTGCG-1,0.087439,0.003401,0.001565,0.64553,0.170317,0.011523,0.080225
GTCCGGGTTCACATTA-1,0.001751,0.014284,0.285352,0.018074,0.582567,0.097531,0.000441
GTCCTACAGGCGGCTC-1,0.090701,0.215985,0.048783,0.154363,0.292346,0.00152,0.196302
GTCCTACGAATAGTCT-1,0.021034,0.137819,0.222046,0.018124,0.563063,0.024226,0.013689
GTCCTACTCTACGGGC-1,0.077914,0.43552,0.030669,0.024686,0.383885,0.005208,0.042118
GTCCTAGGATACCTTA-1,0.00009,0.0665,0.428866,0.011665,0.186872,0.025951,0.280056
GTCCTATTGTTGTGGT-1,0.423089,0.169041,0.019282,0.089896,0.071318,0.011053,0.216321
GTCCTTCTACAACCCA-1,0.057041,0.452113,0.17663,0.047808,0.198819,0.005449,0.062141
GTCCTTCTAGTGGGTT-1,0.000147,0.000147,0.000147,0.000147,0.000294,0.023783,0.975334
GTCGAATTTGGGCGCT-1,0.000381,0.000381,0.000381,0.000381,0.000761,0.000381,0.997336
GTCGATAGGTGACTTT-1,0.239355,0.037614,0.08851,0.202734,0.189716,0.032851,0.209221
GTCGCCGTTGTGTGTT-1,0.005079,0.052608,0.167707,0.038219,0.143196,0.104996,0.488195
GTCGCGTAACCCGTTG-1,0.219329,0.304232,0.050431,0.023875,0.201809,0.019826,0.180499
GTCGGATATCTCAGAC-1,0.149169,0.032783,0.008342,0.651573,0.130711,0.001943,0.025479
GTCGGATGTAGCGCGC-1,0.000115,0.000115,0.000115,0.000115,0.00023,0.271591,0.727718
GTCGGGAACATGGTAG-1,0.101306,0.011312,0.023405,0.73577,0.10905,0.010307,0.008849
GTCGGGAAGCAGAAAC-1,0.022662,0.071781,0.030139,0.000183,0.011143,0.053757,0.810336
GTCGGGTGAAGTACCG-1,0.161751,0.119397,0.106587,0.103956,0.029483,0.18908,0.289746
GTCGTACCATCTCGGG-1,0.126665,0.244249,0.22658,0.0159,0.255132,0.047927,0.083546
GTCGTACCTACGATTG-1,0.089569,0.219333,0.000214,0.011527,0.019398,0.011138,0.648821
GTCGTATTGGCGTACA-1,0.550846,0.05469,0.012669,0.132147,0.081012,0.025394,0.143242
GTCGTCAATTATAAGG-1,0.109884,0.009089,0.012164,0.628048,0.214961,0.021139,0.004716
GTCGTCTGGTTGGCTA-1,0.117385,0.012335,0.147099,0.436883,0.057638,0.162893,0.065767
GTCGTGTCTGGTCATC-1,0.223448,0.062053,0.005144,0.414015,0.262633,0.000089,0.032617
GTCGTTATTCGCTTAT-1,0.164843,0.048025,0.425011,0.097129,0.139033,0.024802,0.101157
GTCTACTCAATTACAA-1,0.177269,0.100116,0.063173,0.112636,0.029437,0.038363,0.479006
GTCTAGTGAGCCGCTT-1,0.099506,0.278325,0.217372,0.022672,0.176392,0.114902,0.090831
GTCTATCTGAGTTTCT-1,0.052638,0.186096,0.088292,0.041525,0.395913,0.048442,0.187094
GTCTATTGCATGCTCG-1,0.212068,0.114212,0.081002,0.181197,0.086771,0.087036,0.237713
GTCTATTGGTTCCGGT-1,0.009202,0.051999,0.424788,0.039553,0.328255,0.09204,0.054162
GTCTCAAGGCCCGGCT-1,0.048728,0.061133,0.062015,0.104884,0.645665,0.000137,0.077437
GTCTCCCGAGTCCCGT-1,0.374263,0.054031,0.033904,0.209115,0.086238,0.027715,0.214733
GTCTCCGCCTCAATAC-1,0.072286,0.168557,0.206955,0.096423,0.315543,0.018218,0.122018
GTCTCCTGCCAGTATG-1,0.008781,0.047936,0.186769,0.080686,0.656435,0.00532,0.014073
GTCTCGACTAAGTTTG-1,0.382949,0.098068,0.027545,0.24019,0.122949,0.042227,0.086072
GTCTCGATCTGCTTTC-1,0.393789,0.065143,0.071785,0.177016,0.062008,0.027131,0.203128
GTCTGGGCGGTCGAGA-1,0.034304,0.25466,0.099146,0.04591,0.504436,0.010551,0.050993
GTCTTAGTACAGCCGG-1,0.105958,0.002286,0.091022,0.311016,0.028575,0.137785,0.323358
GTCTTCCTCACCTAAG-1,0.554512,0.193187,0.00303,0.088226,0.024683,0.00215,0.134212
GTCTTGAGGAGCAGTG-1,0.086525,0.008206,0.101929,0.345099,0.279517,0.165576,0.013148
GTCTTGTAGCTATTCA-1,0.151798,0.19074,0.056966,0.147347,0.320084,0.07833,0.054736
GTGAAACGGCGCCACC-1,0.439441,0.07894,0.023369,0.095288,0.075797,0.070169,0.216996
GTGAAACGTGCTCCAC-1,0.123353,0.252146,0.087662,0.128596,0.226692,0.033176,0.148376
GTGAACTCCCATTCGA-1,0.353952,0.148303,0.069312,0.123053,0.187748,0.028005,0.089628
GTGAAGATTTCAAGTG-1,0.120495,0.00211,0.061454,0.41612,0.12606,0.272469,0.001292
GTGAAGCCGTATAGTC-1,0.316153,0.040612,0.037616,0.304613,0.10175,0.03263,0.166626
GTGAAGTCACGACTCG-1,0.07329,0.047265,0.037122,0.265523,0.567264,0.005565,0.003971
GTGACAGCTTCCCACT-1,0.034098,0.062423,0.192903,0.138408,0.560192,0.000942,0.011035
GTGACCGCACACTACG-1,0.044501,0.031127,0.261158,0.095554,0.506475,0.04354,0.017644
GTGACCTAAAGAATAA-1,0.286556,0.031888,0.034589,0.092589,0.108762,0.172762,0.272854
GTGACGAGGGTGACCC-1,0.243626,0.097047,0.06051,0.085819,0.077791,0.249951,0.185258
GTGACGCAGGTTTCAT-1,0.02362,0.176923,0.077234,0.033243,0.662426,0.005309,0.021245
GTGACTTCAGTAGTGC-1,0.168036,0.075106,0.084974,0.04632,0.599318,0.001507,0.024738
GTGAGATAACCTTATA-1,0.000123,0.152749,0.115508,0.002391,0.090177,0.000123,0.63893
GTGAGCGTGCTGCACT-1,0.111207,0.039539,0.010013,0.026774,0.000164,0.000082,0.812221
GTGAGGACACTTAAGG-1,0.015165,0.405372,0.155321,0.012058,0.152774,0.034276,0.225034
GTGAGGAGCGGTTGAG-1,0.000113,0.000113,0.000113,0.000113,0.000226,0.124535,0.874787
GTGAGTCGACTAATAG-1,0.059214,0.00822,0.030571,0.765582,0.098707,0.023181,0.014525
GTGAGTCTAAGACGGA-1,0.235509,0.223876,0.018958,0.150689,0.093007,0.006015,0.271947
GTGAGTGGTACAACGC-1,0.000093,0.36982,0.009208,0.008307,0.03716,0.000093,0.575318
GTGATCAAGCGTGCAC-1,0.000522,0.000522,0.000522,0.000522,0.001043,0.000522,0.996348
GTGATCACTAACGCCT-1,0.041462,0.210533,0.29092,0.019422,0.364544,0.027703,0.045415
GTGATCATAGATCTGC-1,0.046635,0.183626,0.400797,0.01128,0.135402,0.029887,0.192374
GTGATCCTTGTCATGA-1,0.020341,0.157548,0.251926,0.039707,0.490208,0.002545,0.037724
GTGATTCGCCGCTCAA-1,0.02247,0.084484,0.061165,0.232872,0.598465,0.000019,0.000525
GTGCAACAAATGTGGC-1,0.306624,0.098334,0.037439,0.163557,0.164773,0.000074,0.229199
GTGCACCAGCTTCAAC-1,0.002646,0.103469,0.292727,0.014302,0.196947,0.000669,0.389239
GTGCACGAAAGTGACT-1,0.000097,0.000097,0.000097,0.000097,0.000194,0.135847,0.86357
GTGCAGCGTAGAGTAG-1,0.077135,0.057359,0.101402,0.263386,0.19056,0.029172,0.280987
GTGCCATCACACGGTG-1,0.239704,0.202216,0.025565,0.14181,0.353337,0.000029,0.037339
GTGCCCGTTCGGATTC-1,0.016087,0.078171,0.299203,0.075331,0.503171,0.01302,0.015017
GTGCCGCTTCAAAGGT-1,0.105331,0.382006,0.073432,0.014724,0.351185,0.000033,0.073288
GTGCCTAGCTATGCTT-1,0.031525,0.229692,0.098183,0.060435,0.502545,0.005377,0.072243
GTGCCTGAGACCAAAC-1,0.032372,0.011036,0.011504,0.241315,0.703753,0.00001,0.00001
GTGCGAAATCGAACAC-1,0.133631,0.194996,0.124401,0.023582,0.417939,0.016646,0.088805
GTGCGACAGGGAGTGT-1,0.134188,0.09636,0.19764,0.101973,0.318146,0.072618,0.079075
GTGCGCAGCTTGCTCC-1,0.028999,0.046045,0.266586,0.091276,0.391699,0.050977,0.124417
GTGCGGGACCATCGGC-1,0.133091,0.140904,0.036435,0.32929,0.132342,0.005088,0.222851
GTGCGGGTCTCCAAAT-1,0.02676,0.000078,0.036419,0.039024,0.000157,0.306194,0.591367
GTGCGTGTATATGAGC-1,0.038564,0.192068,0.096477,0.076584,0.593671,0.001394,0.001242
GTGCTCAAGTACTGTC-1,0.011528,0.007989,0.003504,0.470238,0.506696,0.000022,0.000022
GTGCTGCAGATAAGGA-1,0.258185,0.033335,0.039601,0.052417,0.024622,0.021101,0.570739
GTGCTTACATCAGCGC-1,0.13341,0.059265,0.166274,0.239719,0.300485,0.061134,0.039714
GTGGAACCTACATGCG-1,0.000086,0.000086,0.000086,0.000086,0.000173,0.272009,0.727473
GTGGACCAACCCGATT-1,0.11085,0.334791,0.04332,0.049338,0.278456,0.053899,0.129346
GTGGACGCATTTGTCC-1,0.013921,0.051923,0.304578,0.094042,0.381775,0.025273,0.128489
GTGGACGTGCTGAGAC-1,0.425169,0.086196,0.069048,0.169114,0.060175,0.063058,0.127239
GTGGAGCATGTCGGCC-1,0.19986,0.01859,0.078198,0.409844,0.080014,0.12417,0.089323
GTGGAGCGTTTACCGA-1,0.034717,0.458521,0.082936,0.016853,0.222479,0.001204,0.18329
GTGGAGTCGGCGGTTG-1,0.065353,0.261241,0.066751,0.006553,0.10359,0.057837,0.438675
GTGGCAAACAGCGGCA-1,0.029482,0.184961,0.238734,0.024368,0.444337,0.047792,0.030326
GTGGCCGGTTTCTCGG-1,0.000194,0.128295,0.000194,0.000194,0.000387,0.000194,0.870543
GTGGCCTAATATCATT-1,0.00957,0.120257,0.000084,0.000084,0.000169,0.000084,0.869751
GTGGCGGTCCCAGCGT-1,0.204349,0.21571,0.126478,0.170809,0.039909,0.013315,0.22943
GTGGCTGTTTCTGTTC-1,0.194853,0.052664,0.088009,0.215431,0.289268,0.109777,0.049997
GTGGGAACAAACCGGG-1,0.000096,0.114797,0.013146,0.007223,0.20279,0.000096,0.661851
GTGGGAAGACTGAATC-1,0.3108,0.247215,0.02699,0.175359,0.15839,0.010501,0.070745
GTGGGCTTAGACACAC-1,0.027588,0.006739,0.088096,0.026051,0.000103,0.17252,0.678904
GTGGGTACTGAGCGTA-1,0.1348,0.293813,0.072475,0.037408,0.309032,0.009985,0.142486
GTGGTATAGTCTGCCG-1,0.016345,0.370562,0.001394,0.000085,0.013279,0.000085,0.598249
GTGGTGATGGTTTGTG-1,0.185276,0.042749,0.013656,0.528022,0.078349,0.043557,0.108392
GTGGTGGCCAAGTGAA-1,0.037857,0.132201,0.232501,0.035123,0.356825,0.07911,0.126383
GTGGTTACTTCTTTCG-1,0.186398,0.041842,0.163367,0.322167,0.266255,0.011247,0.008724
GTGGTTTCCGCCTTTC-1,0.086214,0.066187,0.00818,0.174183,0.660888,0.003483,0.000864
GTGTACCTTGGCTACG-1,0.623719,0.092778,0.003546,0.043467,0.037143,0.025438,0.173909
GTGTACGAACCGTTCC-1,0.2153,0.007771,0.112102,0.277393,0.065196,0.152062,0.170176
GTGTATATCAGCGGGC-1,0.118377,0.41371,0.062031,0.012864,0.267558,0.000045,0.125415
GTGTCAGTGTACGTGG-1,0.000121,0.043102,0.000121,0.000121,0.000241,0.000121,0.956174
GTGTCGTATAGCGTTC-1,0.051374,0.34231,0.15381,0.021069,0.2347,0.016999,0.179738
GTGTGAATAACTTAGG-1,0.01802,0.035018,0.557781,0.019967,0.107216,0.132137,0.129861
GTGTGTCGACGTCGCT-1,0.050833,0.266836,0.160136,0.005534,0.079817,0.151414,0.28543
GTGTTACTATGCGTCC-1,0.047729,0.569937,0.096804,0.018905,0.130789,0.000053,0.135783
GTTAAAGTAGGACTGG-1,0.031024,0.070008,0.184238,0.101256,0.592973,0.015851,0.004649
GTTAACATCACTTAAA-1,0.074932,0.357013,0.094784,0.025909,0.156992,0.040777,0.249594
GTTAACTATGTTGTCA-1,0.045506,0.015737,0.03111,0.354481,0.553039,0.000012,0.000116
GTTAAGGGTGCGATGT-1,0.026652,0.211782,0.052759,0.081466,0.617805,0.000023,0.009513
GTTAAGTTAGAGTGGG-1,0.257044,0.227764,0.02188,0.03515,0.113345,0.088054,0.256763
GTTAATAGCGTCATTA-1,0.165878,0.128746,0.000113,0.000113,0.012729,0.000113,0.69231
GTTAATGTCTATCTTA-1,0.351538,0.125551,0.00642,0.286692,0.045314,0.001243,0.183241
GTTACAATTGGTGACG-1,0.303733,0.111993,0.046896,0.179983,0.085972,0.071347,0.200077
GTTACCAAGGCGTACG-1,0.178708,0.042052,0.086436,0.104428,0.010428,0.15943,0.418519
GTTACCTACAACTTGC-1,0.039511,0.249244,0.17005,0.022959,0.210549,0.000843,0.306844
GTTACTTTGGGCCTAG-1,0.087611,0.142407,0.427375,0.013232,0.123919,0.12423,0.081226
GTTAGAGTGTGCCGCT-1,0.000353,0.000353,0.000353,0.000353,0.000705,0.000353,0.997531
GTTAGCCCATGACATC-1,0.022022,0.108675,0.178362,0.016752,0.657317,0.009566,0.007305
GTTAGCCGTAAATCAA-1,0.221649,0.041698,0.064759,0.073151,0.304836,0.142302,0.151604
GTTAGGCTACCCGTTT-1,0.093579,0.174296,0.12607,0.004058,0.336982,0.019203,0.245812
GTTATAATACGGTGAA-1,0.054291,0.149171,0.090138,0.144355,0.510611,0.00533,0.046103
GTTATATCAGGAGCCA-1,0.321609,0.076523,0.020189,0.409916,0.075019,0.01936,0.077384
GTTATATTATCTCCCT-1,0.041735,0.197105,0.063262,0.112671,0.353859,0.005841,0.225527
GTTATCAAGCTATCGA-1,0.173185,0.075737,0.016462,0.19751,0.321971,0.000993,0.214142
GTTATTAACGTGGGAG-1,0.331308,0.177282,0.028267,0.037696,0.052956,0.01066,0.361831
GTTCAAATCAGATGTC-1,0.055889,0.304687,0.08765,0.046276,0.431012,0.008689,0.065798
GTTCACAGGAGTCTAG-1,0.266284,0.055001,0.031616,0.209823,0.036171,0.024444,0.376661
GTTCAGTCGCCAAATG-1,0.011862,0.028774,0.43278,0.08923,0.303486,0.050724,0.083144
GTTCATCGTTTGGCTG-1,0.116188,0.129269,0.059663,0.165853,0.520082,0.00302,0.005925
GTTCCAGTCTGACCAT-1,0.31177,0.03124,0.044174,0.441598,0.097724,0.006052,0.067441
GTTCCCGTAAACATAT-1,0.302046,0.130285,0.02595,0.288783,0.137717,0.012706,0.102513
GTTCCGTCCGCCTGCA-1,0.000196,0.000196,0.000196,0.000196,0.000393,0.000196,0.998626
GTTCGACAATTGTATA-1,0.000934,0.000935,0.588349,0.000934,0.001869,0.000934,0.406044
GTTCGCCATAAGTGCC-1,0.006103,0.049056,0.115746,0.076148,0.728218,0.022892,0.001837
GTTCGCTGAGACGTCT-1,0.274021,0.132675,0.04171,0.134288,0.386396,0.007322,0.023587
GTTCGGAGCACTCAAC-1,0.228072,0.059224,0.05059,0.416211,0.140221,0.047785,0.057897
GTTCGGATCGGGAACA-1,0.092673,0.21609,0.101543,0.17913,0.386546,0.004341,0.019678
GTTCGGGCGTACCATT-1,0.114686,0.041094,0.111449,0.323328,0.250174,0.067454,0.091815
GTTCGGTGTGGATTTA-1,0.003761,0.146732,0.302328,0.086656,0.373337,0.027486,0.059701
GTTCGTCTAAAGAACT-1,0.006109,0.041036,0.558894,0.113393,0.268729,0.003234,0.008607
GTTCGTCTGGGTCCCT-1,0.030227,0.022264,0.00009,0.002628,0.069276,0.101083,0.774431
GTTCTTCCCTCGATGT-1,0.549629,0.072876,0.044494,0.029498,0.016036,0.104843,0.182623
GTTGAACCGGTTCCAT-1,0.067471,0.565687,0.000632,0.000187,0.094942,0.156691,0.11439
GTTGAGTCCCGCCGGT-1,0.08452,0.379951,0.090176,0.056348,0.264275,0.000043,0.124687
GTTGCACGGAGTTTCG-1,0.003019,0.003512,0.017547,0.288928,0.000471,0.056363,0.63016
GTTGCAGTCGACAACA-1,0.330982,0.047485,0.027832,0.111838,0.211856,0.006001,0.264006
GTTGCGCTAACATTAC-1,0.204711,0.097,0.040827,0.240275,0.220063,0.080635,0.116489
GTTGCGGACGGTCAGG-1,0.298002,0.060986,0.135363,0.123043,0.105619,0.059558,0.217428
GTTGGACCGCATCAGG-1,0.270646,0.012904,0.01794,0.079647,0.032848,0.025271,0.560744
GTTGGATTCAGTGGCT-1,0.000052,0.000052,0.000052,0.000052,0.000104,0.680374,0.319314
GTTGGATTGAGAACAC-1,0.027382,0.095366,0.303918,0.103289,0.357365,0.05441,0.058269
GTTGGATTTGCGTTGG-1,0.303149,0.060253,0.059951,0.179915,0.366778,0.021304,0.008649
GTTGGTCATGCTATCC-1,0.001641,0.06316,0.011326,0.000091,0.000182,0.069787,0.853814
GTTGTAGATTTATGAG-1,0.020768,0.072739,0.146898,0.052052,0.569463,0.056929,0.081151
GTTGTCGTGTTAGTTG-1,0.186829,0.013323,0.072776,0.229615,0.068593,0.207623,0.221242
GTTGTTGCAAGATGGC-1,0.370455,0.075989,0.007804,0.335472,0.073069,0.010471,0.126741
GTTTACGTTCCATCTG-1,0.018869,0.542481,0.053066,0.015793,0.117681,0.011246,0.240863
GTTTATGGGATTTAGA-1,0.144126,0.340548,0.040926,0.123593,0.254673,0.001774,0.09436
GTTTCAAACGAGTTGT-1,0.185695,0.200757,0.046054,0.18092,0.218643,0.055141,0.11279
GTTTCATATCGTCGCT-1,0.235103,0.343197,0.001622,0.067429,0.1177,0.000044,0.234905
GTTTCCTGGAGGGTGA-1,0.365521,0.013803,0.025041,0.06408,0.009104,0.13157,0.390882
GTTTCTAGAGGCGCGG-1,0.214583,0.312449,0.086294,0.042139,0.18826,0.006033,0.150242
GTTTCTGCAGTCTCCC-1,0.067705,0.565567,0.022143,0.00978,0.104739,0.006249,0.223816
GTTTGACCAAATCCTA-1,0.228663,0.223197,0.034749,0.206112,0.051615,0.028498,0.227167
GTTTGGCCCAAGTTAT-1,0.028753,0.234802,0.178402,0.036036,0.445339,0.001472,0.075195
GTTTGGCCGCTCAGCG-1,0.213445,0.191084,0.138686,0.124316,0.171226,0.040847,0.120396
GTTTGGGCTTGTGAGC-1,0.013179,0.043183,0.255162,0.05628,0.591909,0.007315,0.032972
GTTTGGGTTTCGCCCG-1,0.053412,0.15561,0.378491,0.072441,0.257047,0.051618,0.03138
GTTTGGTAGGGTCAAC-1,0.001681,0.000093,0.185864,0.000075,0.000157,0.052607,0.759523
GTTTGGTGATCGGTGC-1,0.0002,0.076845,0.212306,0.0002,0.004714,0.0002,0.705536
GTTTGTTAGCCAAGTA-1,0.005402,0.098721,0.084516,0.032834,0.77739,0.000014,0.001124
TAAACCCAGGAGGGCA-1,0.029396,0.246187,0.086371,0.027714,0.146291,0.031621,0.43242
TAAACGTCGTCAATGA-1,0.082458,0.181983,0.155993,0.147821,0.388132,0.000266,0.043347
TAAAGACAACCCTTTA-1,0.435399,0.002593,0.084078,0.364812,0.100322,0.006059,0.006736
TAAAGAGCCCGAAACC-1,0.168568,0.047302,0.020705,0.556003,0.137322,0.005096,0.065004
TAAAGCGGTATTTCCA-1,0.000228,0.049794,0.000228,0.000228,0.000455,0.000228,0.94884
TAAAGCGTTAGGAGAA-1,0.171991,0.074205,0.239951,0.217689,0.280603,0.003658,0.011904
TAAAGCTGCAATAGGG-1,0.177417,0.032119,0.000048,0.020288,0.018333,0.318681,0.433114
TAAATCTTTACACCTC-1,0.219055,0.016888,0.083999,0.263669,0.044161,0.009742,0.362487
TAAATGAATCCGTTTC-1,0.11817,0.162504,0.077766,0.056391,0.019384,0.092899,0.472885
TAAATTTAGTAACACC-1,0.000145,0.039914,0.025239,0.000145,0.256169,0.000145,0.678244
TAACAAAGGGAGAAGC-1,0.270913,0.101179,0.137521,0.261852,0.053086,0.018758,0.156692
TAACAATATTTGTTGC-1,0.117684,0.036151,0.013886,0.61218,0.144232,0.007809,0.068058
TAACAGCGTTTGTGCT-1,0.0001,0.0001,0.427423,0.0001,0.183922,0.048649,0.339707
TAACATACAATGTGGG-1,0.032361,0.498918,0.091317,0.01294,0.310796,0.006468,0.047199
TAACATACACGCGATC-1,0.020341,0.169082,0.140452,0.053682,0.571858,0.003638,0.040947
TAACCGCCCGCAGTGC-1,0.062271,0.035432,0.101948,0.044532,0.012139,0.122599,0.621079
TAACCTACCGTCCGAG-1,0.052298,0.069121,0.265989,0.000514,0.025056,0.369058,0.217963
TAACCTAGGGAGTCCA-1,0.227105,0.181197,0.055622,0.183677,0.234935,0.019427,0.098037
TAACGCTTTGAGAGCG-1,0.24349,0.080957,0.119786,0.223914,0.04963,0.124002,0.158221
TAACTATCGAAGGTCC-1,0.230104,0.010589,0.009644,0.571487,0.17072,0.005332,0.002124
TAACTATTACGCCAAA-1,0.160301,0.038493,0.257973,0.186054,0.168426,0.088931,0.099823
TAACTCATCCGCGCGG-1,0.048568,0.465617,0.108666,0.013147,0.27899,0.004637,0.080376
TAACTCCATGGAGGCT-1,0.143919,0.184893,0.010108,0.350215,0.26548,0.000035,0.045351
TAAGAGGGACAGGGAC-1,0.024935,0.342286,0.048388,0.041084,0.405589,0.000028,0.13769
TAAGCAGGCGACACGC-1,0.00005,0.00005,0.002218,0.00005,0.000099,0.190837,0.806698
TAAGCGCGAATCAAAT-1,0.000171,0.150608,0.000171,0.000171,0.000341,0.000171,0.848368
TAAGGAACTTGTGGGA-1,0.449535,0.108999,0.079751,0.113563,0.070294,0.027381,0.150476
TAAGGCAACATAAGAT-1,0.291931,0.102205,0.048059,0.413819,0.10233,0.00868,0.032976
TAAGGCATAACATCAA-1,0.00009,0.00009,0.00009,0.00009,0.00018,0.00009,0.99937
TAAGGCCCGTCACCCT-1,0.02348,0.021048,0.217068,0.201229,0.504926,0.015921,0.016328
TAAGGCTGAATCCCTC-1,0.045631,0.12625,0.143937,0.105883,0.552517,0.008188,0.017594
TAAGGGCCTGTCCGAT-1,0.038304,0.260423,0.1447,0.071451,0.418734,0.000025,0.066363
TAAGGGCTGGGAGAGG-1,0.002213,0.117576,0.000094,0.000092,0.000185,0.246747,0.633093
TAAGTAACATCTTGAC-1,0.000835,0.012287,0.065253,0.034888,0.88566,0.001027,0.00005
TAAGTCGCCGAGTATC-1,0.003364,0.163368,0.373929,0.009772,0.391086,0.002739,0.055743
TAAGTCGGTGAGCTAG-1,0.050954,0.003616,0.032257,0.01838,0.001843,0.151854,0.741096
TAAGTTGCGACGTAGG-1,0.046306,0.273517,0.252621,0.037899,0.326246,0.007171,0.05624
TAATAAACAAGGAGAT-1,0.326222,0.017142,0.025652,0.117697,0.046248,0.153644,0.313395
TAATACACAGTAGTAT-1,0.000213,0.000074,0.007903,0.016962,0.140602,0.197127,0.637118
TAATACTAGAACAGAC-1,0.021482,0.121593,0.057039,0.029374,0.767543,0.001014,0.001953
TAATAGAACAGAGTTA-1,0.092763,0.41862,0.051271,0.020948,0.356515,0.013466,0.046418
TAATAGCTAAATGATG-1,0.160904,0.030777,0.009578,0.103443,0.023077,0.041838,0.630384
TAATAGGTCACCAGAA-1,0.006742,0.254984,0.052586,0.000046,0.017548,0.067652,0.600443
TAATAGTGACGACCAG-1,0.242465,0.267599,0.014402,0.136062,0.167846,0.041979,0.129647
TAATATTGAAATTCGC-1,0.331319,0.1215,0.008559,0.241666,0.08936,0.007457,0.200137
TAATCAACCAAATGGG-1,0.151397,0.028683,0.066588,0.541227,0.114524,0.022352,0.07523
TAATCGATCCGTACGT-1,0.55216,0.070618,0.038401,0.113937,0.132929,0.057866,0.034088
TAATGAAAGACCCTTG-1,0.194747,0.055984,0.044092,0.46055,0.15373,0.02139,0.069508
TAATTACGTCAGTAGA-1,0.255817,0.11632,0.085775,0.179369,0.309921,0.008757,0.044041
TAATTAGATGGATATG-1,0.218543,0.112728,0.057307,0.133303,0.272635,0.029126,0.176357
TAATTAGGACATCCGT-1,0.019833,0.074967,0.050926,0.204325,0.607349,0.012361,0.030238
TAATTCCAATGCTTCA-1,0.145733,0.018441,0.138774,0.183087,0.022546,0.26021,0.231209
TAATTGGAATCGGGAA-1,0.042527,0.06736,0.000084,0.019364,0.008039,0.683046,0.179581
TAATTTCCGTCCAGTA-1,0.328473,0.06567,0.034311,0.215519,0.019868,0.062678,0.27348
TACAACGCACAACTCA-1,0.019928,0.191222,0.275064,0.065391,0.334593,0.027211,0.08659
TACAAGGGCTTCTTTA-1,0.231346,0.292932,0.080636,0.054157,0.210371,0.030545,0.100014
TACAAGTCTCGTGCAT-1,0.000082,0.000082,0.000082,0.000082,0.000164,0.470099,0.529409
TACACAGCCGTGGTGC-1,0.042499,0.345373,0.043501,0.015569,0.393667,0.010522,0.148869
TACACCGTCGTTAGTC-1,0.371686,0.088824,0.035569,0.338843,0.0516,0.033007,0.08047
TACACCTCTTCGAATC-1,0.091042,0.044983,0.073195,0.212089,0.566117,0.005959,0.006614
TACAGAAACGGTGGGC-1,0.050148,0.485105,0.079096,0.01775,0.2618,0.013387,0.092715
TACATAGGCATACACC-1,0.071397,0.479655,0.053015,0.007349,0.183358,0.00472,0.200505
TACATCCCTATCCCTG-1,0.388427,0.267144,0.023227,0.136986,0.083836,0.010414,0.089966
TACATCTTGTTTCTTG-1,0.019349,0.195627,0.290755,0.020078,0.182902,0.135376,0.155913
TACATGACCTTATCCG-1,0.079052,0.323976,0.027596,0.086602,0.471305,0.000025,0.011444
TACATGCCGGAATTGT-1,0.099409,0.079106,0.079232,0.485572,0.167765,0.041611,0.047305
TACATTTCTAACGTGC-1,0.004911,0.048094,0.110249,0.043885,0.792296,0.000026,0.000539
TACCAAATAGCCCAGA-1,0.000064,0.291761,0.018407,0.000064,0.000128,0.000664,0.688912
TACCAATAAAGTACCA-1,0.025251,0.12787,0.206494,0.061377,0.547087,0.000602,0.031319
TACCAGAAGTAGGTTC-1,0.017692,0.442451,0.052692,0.000053,0.002427,0.080315,0.40437
TACCAGCTAGGTTTAA-1,0.10466,0.001358,0.023563,0.723271,0.052341,0.039354,0.055453
TACCAGGAATCCCGTC-1,0.000344,0.000344,0.000344,0.000344,0.000688,0.000344,0.997592
TACCATGTATTGATTT-1,0.374424,0.068302,0.054888,0.24477,0.18083,0.007867,0.068919
TACCGAATAATTGTAA-1,0.259969,0.189286,0.07915,0.091638,0.252782,0.039255,0.087921
TACCGCGGACTTGCAG-1,0.118723,0.328937,0.077809,0.013863,0.105216,0.069648,0.285805
TACCGGCTCACTGCCC-1,0.033259,0.029452,0.110361,0.053436,0.178497,0.083572,0.511424
TACCGGTCGTTTCCAT-1,0.000075,0.181318,0.110538,0.008888,0.661116,0.011798,0.026266
TACCGTAGGTTAACTA-1,0.025493,0.137009,0.074058,0.099232,0.217668,0.000068,0.446472
TACCGTGCCTCGGACC-1,0.017524,0.384342,0.051537,0.000068,0.021622,0.000068,0.524838
TACCTACTCCCAGTAT-1,0.002667,0.219222,0.071808,0.000109,0.148738,0.000109,0.557346
TACCTATCCCTAGAGG-1,0.23109,0.035116,0.005776,0.476491,0.084168,0.000495,0.166864
TACCTCACGCTTGTAC-1,0.246302,0.0775,0.021556,0.2639,0.206113,0.03228,0.152349
TACCTCAGTTGTCTGT-1,0.000131,0.103732,0.000131,0.000131,0.000262,0.000131,0.895483
TACCTCCACACCAATG-1,0.000217,0.204638,0.000217,0.000217,0.000435,0.000217,0.794057
TACCTCTTTACCATCC-1,0.071972,0.005819,0.042361,0.161678,0.13463,0.116384,0.467157
TACCTGCTGCACTGTG-1,0.50473,0.228114,0.005366,0.06155,0.026682,0.002606,0.170954
TACCTTAAGATTTCCC-1,0.078853,0.422197,0.094695,0.010435,0.343642,0.00288,0.047299
TACGAACACGACTTCA-1,0.141566,0.182294,0.035104,0.273247,0.25755,0.039721,0.070519
TACGACGCTTGCTGCG-1,0.065096,0.584073,0.104504,0.031084,0.149603,0.000046,0.065593
TACGACTGCCTCTTAG-1,0.102986,0.188553,0.089257,0.009915,0.059912,0.075601,0.473776
TACGAGAACTTCACGT-1,0.357704,0.111839,0.029483,0.167725,0.103602,0.072575,0.157073
TACGATGTTGATCATC-1,0.59226,0.095724,0.005203,0.100021,0.042376,0.027894,0.136522
TACGCAGTTCTTTCCT-1,0.040847,0.389297,0.071665,0.000058,0.35104,0.000058,0.147036
TACGCCATATTCTAAT-1,0.022725,0.193272,0.122069,0.049932,0.529716,0.000042,0.082244
TACGCCGAGGGTACCC-1,0.016036,0.416226,0.00197,0.000041,0.000936,0.000041,0.56475
TACGCCGCCTCAGAAG-1,0.26457,0.016831,0.019826,0.424925,0.126384,0.000038,0.147426
TACGCCTCCATTCCGA-1,0.036064,0.296723,0.000123,0.000123,0.000247,0.000123,0.666597
TACGCTATAGAAACCT-1,0.072582,0.020094,0.177099,0.371524,0.329642,0.019684,0.009375
TACGCTCGGTATTGGA-1,0.308289,0.09956,0.031056,0.286438,0.157909,0.027547,0.089201
TACGCTGCTGTGTTAA-1,0.000398,0.000398,0.000398,0.000397,0.000795,0.000398,0.997217
TACGGAAGCCAAACCA-1,0.042527,0.177856,0.095107,0.026478,0.64087,0.005131,0.01203
TACGGCATGGACGCTA-1,0.072083,0.021725,0.103286,0.538557,0.165664,0.042107,0.056579
TACGGGATGCTAGCAG-1,0.343068,0.050979,0.078188,0.189187,0.057299,0.164328,0.11695
TACGGGTAATAACATA-1,0.143632,0.533508,0.029581,0.059176,0.123492,0.006253,0.104358
TACGTAAAGCGGAGTG-1,0.148486,0.038381,0.08714,0.301127,0.332433,0.077364,0.015069
TACGTACTAGTGCTGA-1,0.000233,0.000233,0.000233,0.000233,0.000466,0.000233,0.998368
TACGTGCAAGGTTCCT-1,0.145613,0.013968,0.133986,0.404252,0.071178,0.072296,0.158708
TACGTGCACTATGCTG-1,0.311103,0.190509,0.023234,0.235511,0.132548,0.000784,0.10631
TACGTGGGCCCAGGGC-1,0.060476,0.248184,0.118177,0.0159,0.506112,0.006575,0.044577
TACGTTTACCGGCAAT-1,0.405465,0.162677,0.017797,0.161373,0.150195,0.012621,0.089871
TACTACGTGCAATGCG-1,0.070993,0.215162,0.169059,0.106506,0.358507,0.024422,0.05535
TACTATGGTTCCTCAG-1,0.006825,0.049909,0.596457,0.0048,0.015894,0.00007,0.326045
TACTCACAACGTAGTA-1,0.009162,0.170818,0.278548,0.038177,0.305332,0.029062,0.168901
TACTCATTGACGCATC-1,0.153605,0.034245,0.025632,0.039653,0.001378,0.086105,0.659382
TACTCCTCTAGTTGAC-1,0.000272,0.000272,0.000272,0.000272,0.000544,0.000272,0.998095
TACTCGGCACGCCGGG-1,0.025065,0.038093,0.000064,0.004231,0.000128,0.026029,0.90639
TACTCGTTTGAATCAA-1,0.184097,0.256818,0.059013,0.021275,0.178509,0.035263,0.265024
TACTCTCCGAACAAAT-1,0.346243,0.028955,0.054749,0.353866,0.107244,0.054134,0.054809
TACTCTTACTTTACTG-1,0.180662,0.023692,0.05219,0.291649,0.299751,0.107108,0.044948
TACTCTTTCGTCTTCA-1,0.000083,0.014307,0.509351,0.009951,0.074367,0.000083,0.391858
TACTGAACAGATTTAG-1,0.000107,0.266613,0.039971,0.000107,0.000214,0.000107,0.692882
TACTGAGGGAAGAAAG-1,0.024004,0.223588,0.219142,0.063839,0.358433,0.011425,0.099569
TACTGCAATCAATTAC-1,0.256824,0.035263,0.077672,0.234373,0.092745,0.156634,0.146489
TACTGGACAGCTCGGC-1,0.141822,0.008038,0.008718,0.066396,0.000088,0.208631,0.566307
TACTGTTTCTCTGGTA-1,0.138489,0.126603,0.070507,0.216689,0.321334,0.033134,0.093244
TACTTAAACATGTACA-1,0.366497,0.121695,0.094169,0.198728,0.16523,0.003659,0.050022
TACTTGTTAGTAGTCC-1,0.027107,0.087729,0.239066,0.083372,0.383731,0.042284,0.136711
TACTTTACTGAGCCGG-1,0.024158,0.040677,0.02906,0.065018,0.357498,0.197306,0.286285
TACTTTCCGCACGCCA-1,0.092057,0.436739,0.028892,0.008299,0.045829,0.054549,0.333636
TAGAAACACAATAGTG-1,0.030166,0.230471,0.0855,0.042716,0.581676,0.000017,0.029455
TAGAAAGGTGGCGCTA-1,0.102555,0.449832,0.109371,0.0246,0.085393,0.009412,0.218838
TAGAAATTCACGTATA-1,0.028742,0.019043,0.082197,0.227824,0.037879,0.021204,0.583111
TAGAACGCCAGTAACG-1,0.000384,0.010247,0.160994,0.083913,0.741393,0.002495,0.000574
TAGAAGAAGGGTTACA-1,0.093657,0.017574,0.032136,0.047334,0.042088,0.038707,0.728504
TAGAATAGCCGATGAA-1,0.084156,0.084581,0.110595,0.182744,0.479687,0.023869,0.034368
TAGAATTAAGGGCAAC-1,0.015967,0.017363,0.000118,0.048208,0.000236,0.042586,0.875522
TAGACGAAACGCCAAT-1,0.007652,0.022433,0.071042,0.055237,0.841495,0.000011,0.002129
TAGACGCCCGTACCGG-1,0.07739,0.173079,0.16967,0.078122,0.335602,0.07618,0.089957
TAGACTACCTAGCGTT-1,0.120299,0.371856,0.1164,0.010393,0.16011,0.004795,0.216146
TAGAGATCATGCAACT-1,0.305173,0.371493,0.007899,0.085704,0.213179,0.000022,0.01653
TAGAGCTACGAAGAAC-1,0.072848,0.000044,0.034685,0.673893,0.137296,0.067658,0.013576
TAGAGGTTCTACTTGT-1,0.034358,0.036882,0.519722,0.090932,0.117989,0.171829,0.028289
TAGAGTCTAAGCGAAC-1,0.170281,0.023072,0.05722,0.52128,0.131889,0.050106,0.046152
TAGATATGGACTGGAA-1,0.109827,0.338179,0.025602,0.027141,0.094378,0.005749,0.399123
TAGATCCGAAGTCGCA-1,0.229174,0.000183,0.000183,0.162711,0.000366,0.094255,0.513129
TAGATGGTTCCTTACT-1,0.058547,0.199962,0.118687,0.117231,0.484304,0.00123,0.020039
TAGATTCAAAGTGCGG-1,0.000399,0.011332,0.150949,0.037647,0.614706,0.000037,0.184931
TAGATTCCTGGTTATT-1,0.000085,0.000085,0.000085,0.000085,0.000169,0.048288,0.951204
TAGATTCTCTAGCAAA-1,0.095206,0.056161,0.006944,0.00004,0.001554,0.025004,0.815091
TAGCAACCTGTCACAA-1,0.080767,0.115225,0.238729,0.107018,0.120067,0.231534,0.106661
TAGCAGATACTTAGGG-1,0.023334,0.287412,0.056893,0.079927,0.422897,0.000109,0.129428
TAGCAGTATGACTAAA-1,0.119298,0.039617,0.0168,0.262442,0.555417,0.003851,0.002576
TAGCCAGAGGGTCCGG-1,0.019566,0.096202,0.292922,0.000342,0.024801,0.24848,0.317687
TAGCCATTTCAAAGTC-1,0.013085,0.035648,0.334944,0.034896,0.518239,0.054666,0.008523
TAGCCGGCGGTCAGCG-1,0.008041,0.255428,0.299563,0.005692,0.089026,0.007861,0.33439
TAGCGTCCCTCGATTG-1,0.199182,0.167818,0.180739,0.087818,0.180605,0.110454,0.073383
TAGCGTCCGGTGTGGT-1,0.060946,0.32511,0.180764,0.037852,0.320621,0.000036,0.074671
TAGCGTCGAATATTGA-1,0.031808,0.032036,0.001168,0.013804,0.000116,0.046558,0.874511
TAGCGTTGGGTCTTAC-1,0.028376,0.241672,0.092538,0.017347,0.601241,0.002876,0.01595
TAGCTAAGTCCGGGAG-1,0.245147,0.138003,0.051258,0.339717,0.088899,0.02597,0.111006
TAGCTAGAAGGCATGA-1,0.181508,0.148265,0.041495,0.000072,0.076701,0.000072,0.551888
TAGCTAGTGATGATGG-1,0.000106,0.000126,0.298043,0.028585,0.022966,0.015289,0.634885
TAGCTCACTGTGTTTG-1,0.11874,0.01755,0.04641,0.027458,0.011186,0.137354,0.641302
TAGCTCGCCTGATAAC-1,0.054334,0.064941,0.641888,0.025606,0.095406,0.020735,0.097089
TAGCTGATGTGAAGCG-1,0.221683,0.288014,0.008924,0.130339,0.082767,0.000035,0.268238
TAGGAGGCTCGAGAAC-1,0.269902,0.138823,0.004215,0.199684,0.145541,0.003172,0.238664
TAGGCATGTTACGCCA-1,0.442215,0.014,0.120912,0.371928,0.027735,0.011286,0.011923
TAGGCCTATATAGTCT-1,0.385953,0.192878,0.028851,0.09948,0.170406,0.023312,0.099121
TAGGCGATGAGGTCTC-1,0.057549,0.416313,0.076658,0.030157,0.350377,0.011542,0.057403
TAGGCGGCTGCAAAGA-1,0.000058,0.091802,0.138683,0.000058,0.012947,0.068829,0.687624
TAGGCTAAAGTGGCAC-1,0.307463,0.107282,0.036475,0.095958,0.357554,0.007235,0.088032
TAGGGAGCTTGGGATG-1,0.078147,0.03108,0.246128,0.06665,0.361055,0.107502,0.109438
TAGGGTGTTTCAAGAG-1,0.03941,0.029207,0.085775,0.13471,0.021985,0.092833,0.596081
TAGGTCCAAGTAAGGA-1,0.482304,0.037709,0.004278,0.022707,0.007085,0.031098,0.414819
TAGGTCGCCGGAACTG-1,0.293771,0.160466,0.16919,0.032397,0.208674,0.075371,0.06013
TAGGTGACGATAACCT-1,0.008453,0.03955,0.450499,0.058222,0.356041,0.03231,0.054925
TAGGTGAGCCCTACTC-1,0.009782,0.040687,0.000117,0.141115,0.016872,0.037738,0.753689
TAGGTGCTCGCCTAGC-1,0.050737,0.121104,0.273831,0.0706,0.474716,0.003672,0.005341
TAGGTGTTCCACAGAT-1,0.000031,0.007538,0.355973,0.143095,0.406789,0.000032,0.086542
TAGGTTCGAGTTCGTC-1,0.032871,0.245322,0.043986,0.041804,0.601948,0.003113,0.030957
TAGGTTCTGCTGAGAA-1,0.002083,0.070759,0.056163,0.012325,0.46099,0.000108,0.397573
TAGTACCACAACTTTC-1,0.007756,0.286973,0.075734,0.002313,0.11412,0.000055,0.513049
TAGTACCTTAGTGGTC-1,0.234191,0.205209,0.023748,0.074047,0.170696,0.021918,0.270192
TAGTAGCTTATACCAG-1,0.000289,0.155264,0.018981,0.000289,0.124441,0.000289,0.700448
TAGTCCCGGAGACCAC-1,0.000094,0.066507,0.068817,0.000094,0.000189,0.000094,0.864205
TAGTCCGCAGAGAATG-1,0.008541,0.191733,0.396771,0.087451,0.285534,0.006645,0.023325
TAGTCCGTATGCATAA-1,0.033691,0.093249,0.32739,0.020282,0.354311,0.061717,0.109358
TAGTCCTGCACTAAGC-1,0.000304,0.000304,0.000304,0.000304,0.000608,0.000304,0.997873
TAGTCGATCACGGGTT-1,0.022958,0.214984,0.126563,0.033032,0.581068,0.00328,0.018115
TAGTCGGGATTCTTCG-1,0.001144,0.053282,0.256843,0.003832,0.642222,0.031325,0.011353
TAGTCTAACAACGAGA-1,0.269194,0.457233,0.020878,0.063015,0.047506,0.017315,0.124859
TAGTCTGTGACGTTGC-1,0.085504,0.004468,0.01283,0.635339,0.243127,0.0187,0.000033
TAGTCTTTCCGAATTG-1,0.020616,0.003915,0.35136,0.325302,0.201331,0.096059,0.001417
TAGTGACAAGCTCTAC-1,0.050628,0.098672,0.000167,0.067038,0.000334,0.039111,0.744049
TAGTGCCCTCCAGAGT-1,0.340527,0.107554,0.077611,0.120856,0.065899,0.13098,0.156572
TAGTGCTTGAATCCTT-1,0.021492,0.364705,0.126547,0.043571,0.428194,0.000033,0.015457
TAGTGTCAGAAACGGC-1,0.36436,0.379538,0.000039,0.013234,0.024286,0.000039,0.218504
TAGTTAAGATAGGATA-1,0.022578,0.000115,0.013411,0.023575,0.000229,0.120641,0.819452
TAGTTTATTCTTGCTT-1,0.157669,0.037557,0.048789,0.579591,0.087061,0.005833,0.083501
TAGTTTGATCGGTCGC-1,0.00018,0.040358,0.00018,0.00018,0.00036,0.00018,0.958561
TATAAATCCACAAGCT-1,0.127743,0.118481,0.023023,0.368069,0.070655,0.011147,0.280883
TATAAGTGAGGATAGC-1,0.55376,0.080095,0.004122,0.133443,0.033316,0.025219,0.170045
TATACACAGACGCCTT-1,0.057193,0.368379,0.010002,0.000087,0.076724,0.000087,0.487527
TATACACGCAAAGTAT-1,0.151838,0.015572,0.020252,0.515222,0.283848,0.009581,0.003686
TATACCGAGTGCCACA-1,0.406798,0.131268,0.083234,0.126589,0.1504,0.010505,0.091206
TATACGCGTCATCACT-1,0.075535,0.189109,0.251234,0.00016,0.041097,0.07346,0.369404
TATACTCATGCGGCAA-1,0.065123,0.006421,0.001074,0.492473,0.43489,0.00001,0.00001
TATAGAGTCGCTTGAA-1,0.000499,0.000499,0.000499,0.000499,0.000998,0.000499,0.996508
TATAGATGGTCGCAGT-1,0.093652,0.048468,0.338544,0.044512,0.199362,0.141996,0.133466
TATAGCGCACGTTATC-1,0.222013,0.410383,0.005057,0.057386,0.04461,0.000035,0.260517
TATAGGGTACTCATGA-1,0.006962,0.000043,0.042865,0.000043,0.000087,0.343958,0.606041
TATATAGGGCTTTACG-1,0.000462,0.000462,0.000462,0.000462,0.000924,0.000462,0.996766
TATATATCGAGAAATG-1,0.000576,0.357158,0.007862,0.000067,0.00344,0.000067,0.63083
TATATCATTGATCAGT-1,0.258319,0.355346,0.00805,0.025511,0.014994,0.008125,0.329655
TATATCCCTGGGAGGA-1,0.040003,0.029702,0.288342,0.091217,0.448414,0.052104,0.050218
TATATGCTGGGTTGCC-1,0.250197,0.29203,0.011992,0.044054,0.280035,0.000034,0.121658
TATATTACAAATGTCG-1,0.000056,0.000056,0.000056,0.000056,0.000112,0.666464,0.333199
TATATTCGCGTCGATA-1,0.000136,0.000136,0.000136,0.000136,0.000272,0.000136,0.999049
TATCAAAGGTCTGTAA-1,0.289799,0.254238,0.060869,0.135632,0.126973,0.006537,0.125951
TATCACCCAACCGACC-1,0.52676,0.067636,0.005857,0.155009,0.16123,0.059312,0.024196
TATCACTTCGAGTAAC-1,0.000033,0.000033,0.000033,0.000033,0.000066,0.996584,0.003217
TATCAGTGGCGTAGTC-1,0.038758,0.511604,0.053486,0.022972,0.303756,0.000034,0.069391
TATCCAATTGGTTATC-1,0.049077,0.230348,0.139282,0.040646,0.483867,0.002121,0.05466
TATCCATATCATGCGA-1,0.137808,0.163053,0.013958,0.54231,0.119211,0.012092,0.011569
TATCCATCTCGGTTAG-1,0.038578,0.311383,0.039852,0.033125,0.244856,0.000062,0.332143
TATCCGCACCGTCGGG-1,0.000114,0.01808,0.222642,0.000114,0.000228,0.000114,0.758709
TATCCTATCAACTGGT-1,0.045569,0.323996,0.025182,0.039074,0.256716,0.000595,0.308868
TATCCTGCATGGGAAT-1,0.433649,0.062514,0.006786,0.305328,0.100202,0.038101,0.05342
TATCGATCTATGCATA-1,0.657025,0.065643,0.022567,0.055275,0.033242,0.093521,0.072726
TATCGATGATTAAACG-1,0.032532,0.00015,0.00015,0.00015,0.000299,0.00015,0.96657
TATCTACAGAGGTAAT-1,0.162712,0.035499,0.028224,0.002525,0.001232,0.055675,0.714132
TATCTACCACAGCGGG-1,0.054175,0.434857,0.18569,0.027435,0.164685,0.014979,0.11818
TATCTAGCCTAAAGGA-1,0.000488,0.040642,0.00007,0.00007,0.00014,0.00007,0.958519
TATCTGAGCCGATATT-1,0.003822,0.054143,0.167296,0.013723,0.039765,0.000102,0.721149
TATCTTGCAATACAAC-1,0.008936,0.179801,0.105971,0.019537,0.668821,0.003996,0.012938
TATGAAGAATTAAGGT-1,0.120805,0.057098,0.067261,0.355009,0.31366,0.072827,0.01334
TATGAAGACAGGTGCG-1,0.296237,0.175118,0.000396,0.257985,0.020236,0.00084,0.249188
TATGACCTTGCGCTGG-1,0.224776,0.082421,0.068468,0.329594,0.19225,0.045458,0.057032
TATGATCCGGCACGCC-1,0.336613,0.114483,0.053249,0.229201,0.149257,0.016674,0.100523
TATGATCTTCTCTTTA-1,0.037695,0.213077,0.101799,0.022978,0.596367,0.000026,0.028059
TATGATTCTGCTTGGT-1,0.021009,0.083448,0.036794,0.171265,0.478508,0.033989,0.174986
TATGCTCCCTACTTAC-1,0.176462,0.006339,0.013671,0.555037,0.097399,0.025651,0.125441
TATGGAGTTTCTCGTT-1,0.083712,0.077404,0.190809,0.127732,0.402334,0.031054,0.086955
TATGGATGTGCTACGC-1,0.063953,0.008488,0.036845,0.54424,0.041954,0.227855,0.076665
TATGGCCCGGCCTCGC-1,0.283745,0.000108,0.013159,0.047769,0.042407,0.021481,0.591331
TATGGCTAGGCTAATT-1,0.166452,0.05333,0.018599,0.2811,0.039141,0.067125,0.374254
TATGGGACCGAGCAGG-1,0.032938,0.032065,0.214351,0.084419,0.612947,0.020279,0.003
TATGGGTACGTATCGT-1,0.07211,0.051587,0.137351,0.380776,0.313086,0.003918,0.041172
TATGGTCTGAGTAACA-1,0.138283,0.100713,0.406055,0.032498,0.110251,0.068292,0.143909
TATGGTTAGTGGGAGA-1,0.039801,0.33486,0.150295,0.087299,0.330941,0.000028,0.056776
TATGTAAAGTGCTTAA-1,0.000092,0.015681,0.02992,0.000092,0.000183,0.000092,0.953941
TATGTAGAAACCCGGC-1,0.130846,0.177603,0.030915,0.10062,0.508643,0.003927,0.047446
TATGTCAAGACCGACT-1,0.214589,0.067675,0.087051,0.30852,0.085658,0.133064,0.103443
TATGTCTCATTGTGCC-1,0.278882,0.358128,0.029474,0.007051,0.126682,0.006146,0.193638
TATTAACACCAAAGCA-1,0.029981,0.667152,0.048291,0.00427,0.113838,0.000441,0.136027
TATTAACCTGACCGCG-1,0.000105,0.146039,0.185667,0.000105,0.069474,0.020581,0.57803
TATTACCATCCTGCTT-1,0.006111,0.012238,0.118295,0.089806,0.756915,0.01548,0.001155
TATTATGTTTGCCTGC-1,0.038345,0.155346,0.12491,0.060472,0.581451,0.000029,0.039448
TATTCAATTCTAATCC-1,0.009538,0.285562,0.160935,0.014148,0.407569,0.040322,0.081925
TATTCCACTCAGCTCG-1,0.029943,0.26131,0.06395,0.11397,0.320943,0.000062,0.209822
TATTCCGAGCTGTTAT-1,0.006306,0.108545,0.177589,0.042062,0.638739,0.021194,0.005565
TATTCCTCCGCCCACT-1,0.027307,0.126435,0.257798,0.039,0.375419,0.112082,0.061959
TATTCGTGCCAGAATA-1,0.097765,0.206586,0.10757,0.121017,0.348898,0.051356,0.066808
TATTGACATTTCTGCC-1,0.524456,0.13575,0.033661,0.021371,0.04453,0.032514,0.207718
TATTGCCGGGCTTGTA-1,0.40299,0.110383,0.06792,0.132048,0.053275,0.056951,0.176433
TATTTAGTCTAGATCG-1,0.161611,0.022963,0.095526,0.184327,0.015696,0.087796,0.432081
TATTTATACCGAGTAG-1,0.000156,0.000156,0.000156,0.000156,0.000312,0.081093,0.917971
TATTTGATTTGCACAG-1,0.178393,0.074484,0.174846,0.074934,0.09449,0.217594,0.185258
TATTTGTTACCCTTTA-1,0.012505,0.039163,0.427116,0.058819,0.153534,0.106658,0.202204
TCAAACAACCGCGTCG-1,0.022588,0.000073,0.23439,0.107918,0.001547,0.252162,0.381322
TCAAACTTAGATTGTT-1,0.072676,0.010953,0.000724,0.478673,0.436949,0.000012,0.000012
TCAAAGAGCTATCTGT-1,0.24147,0.399811,0.02497,0.088714,0.210315,0.000022,0.034699
TCAAAGTCACGGCGTC-1,0.000198,0.168297,0.057208,0.000198,0.000395,0.000198,0.773507
TCAAATTGTTGTGCCG-1,0.018319,0.068894,0.051263,0.046402,0.815101,0.000011,0.000011
TCAAATTTGAGACTCA-1,0.077582,0.497911,0.006577,0.000042,0.021484,0.000042,0.396362
TCAACAAAGATAATTC-1,0.024431,0.206487,0.366972,0.02899,0.29493,0.015349,0.062841
TCAACACATTGGGTAA-1,0.274716,0.119232,0.128352,0.180306,0.071246,0.024033,0.202114
TCAACATAGCGCCCTA-1,0.000163,0.075717,0.047431,0.000163,0.000327,0.000163,0.876034
TCAACATCGACCGAGA-1,0.273726,0.23697,0.004877,0.247083,0.16442,0.000185,0.072739
TCAACCATGTTCGGGC-1,0.223418,0.133662,0.001518,0.202198,0.073239,0.006117,0.359849
TCAACGAGGAGACAAA-1,0.072196,0.07704,0.16207,0.105459,0.548185,0.014009,0.021041
TCAACGCAGGAAATAA-1,0.068835,0.345181,0.044972,0.038133,0.478646,0.002444,0.021789
TCAACGCGACCGGCAG-1,0.289277,0.091055,0.027937,0.414241,0.12946,0.019895,0.028135
TCAACTAACGTATAAC-1,0.22029,0.150779,0.000049,0.007416,0.001295,0.000049,0.62012
TCAACTGCAGAGTCAG-1,0.058634,0.030939,0.113888,0.351015,0.402866,0.025075,0.017583
TCAAGAAATACTAGCT-1,0.019956,0.009569,0.050127,0.326469,0.587994,0.001484,0.004401
TCAAGCGCGGACGGTA-1,0.147411,0.053813,0.160209,0.335598,0.219348,0.023064,0.060557
TCAAGCTGCCTTGAAA-1,0.004913,0.000035,0.00295,0.014761,0.010435,0.121062,0.845845
TCAAGGTTACTACACC-1,0.066619,0.215937,0.239571,0.01467,0.27242,0.042396,0.148386
TCAATACAATTGCTGC-1,0.011689,0.055162,0.184071,0.165175,0.57405,0.000018,0.009836
TCAATACGCCGTCATG-1,0.030152,0.038064,0.099717,0.000055,0.025236,0.131552,0.675224
TCAATATACAGGAGGC-1,0.20576,0.025286,0.111021,0.212261,0.077028,0.0885,0.280144
TCAATCCCGCGCCAAA-1,0.202369,0.02313,0.019141,0.020164,0.009368,0.071787,0.65404
TCAATCCGGGAAGTTT-1,0.440711,0.03279,0.095453,0.046477,0.150589,0.147541,0.086438
TCACAAACCGAGGTAC-1,0.060416,0.197075,0.232587,0.064953,0.212738,0.027496,0.204735
TCACAGATCCTCAAAC-1,0.035547,0.551168,0.060982,0.027652,0.143701,0.012088,0.168863
TCACAGCAAACTCGAA-1,0.00897,0.039908,0.373403,0.012261,0.052124,0.231746,0.281587
TCACAGGAGAATAAGA-1,0.020087,0.243822,0.059061,0.00008,0.009571,0.00008,0.6673
TCACAGGGAATCGCAA-1,0.082682,0.188039,0.28416,0.067126,0.222042,0.060507,0.095444
TCACAGGTTATTGGGC-1,0.195688,0.009542,0.012136,0.554289,0.215574,0.006861,0.005911
TCACATCTTATCTGAT-1,0.314262,0.137594,0.000489,0.003822,0.000114,0.011293,0.532426
TCACCCTCTTAAGATT-1,0.055818,0.147521,0.105964,0.065453,0.61735,0.00003,0.007864
TCACCGCTCGGCACTC-1,0.119244,0.116085,0.114061,0.136723,0.485795,0.011126,0.016966
TCACGATGTCCGTGGA-1,0.064069,0.4337,0.107044,0.002362,0.278755,0.025106,0.088963
TCACGCATTGTAGATC-1,0.207803,0.281646,0.126923,0.094325,0.117236,0.01859,0.153478
TCACGGCCCAAGAGAG-1,0.000353,0.000353,0.000353,0.000353,0.000705,0.000353,0.997531
TCACGGTCATCGCACA-1,0.039213,0.002876,0.000078,0.000078,0.000156,0.01041,0.947189
TCACGTGCCCGATTCA-1,0.04058,0.137559,0.31672,0.025568,0.212664,0.195929,0.07098
TCACTATCCCTTCGGT-1,0.215326,0.160251,0.007539,0.238275,0.272275,0.02185,0.084483
TCACTCGTGCAACGGC-1,0.094756,0.008097,0.000111,0.098021,0.000222,0.176337,0.622456
TCACTCTTCGTCTGTC-1,0.039626,0.422551,0.024406,0.088531,0.305274,0.000079,0.119533
TCAGAACCTCCACAGG-1,0.252981,0.076279,0.028264,0.306781,0.244108,0.043372,0.048215
TCAGACGCTATAGAAG-1,0.010494,0.356011,0.057065,0.000053,0.023559,0.009327,0.543492
TCAGCAAATGCATCTC-1,0.234117,0.252704,0.064296,0.025242,0.046868,0.128267,0.248506
TCAGCAGTAGGCCCTG-1,0.00014,0.337694,0.00014,0.00014,0.03002,0.00014,0.631728
TCAGCCAATCCGTAAA-1,0.212114,0.18641,0.175023,0.142288,0.0867,0.019759,0.177706
TCAGCTTGAGCTTTCG-1,0.041016,0.295258,0.041518,0.016065,0.233503,0.00005,0.37259
TCAGGGCGACTTCCTT-1,0.242955,0.411543,0.004546,0.059496,0.138752,0.000033,0.142674
TCAGGGCGCAAACTCG-1,0.255804,0.275604,0.071887,0.068885,0.112499,0.044509,0.170811
TCAGGGTGTAACGTAA-1,0.37925,0.178808,0.018408,0.142684,0.176061,0.020565,0.084225
TCAGGTTCTTTGAGAA-1,0.390293,0.026313,0.017546,0.327485,0.068305,0.105144,0.064914
TCAGTACTGACCCGCG-1,0.115995,0.044273,0.108027,0.090137,0.024269,0.084436,0.532863
TCAGTAGGGACTATAA-1,0.0059,0.017685,0.129083,0.148591,0.698666,0.000013,0.000062
TCAGTGTATACGTCAT-1,0.018245,0.56821,0.005982,0.031729,0.09866,0.000082,0.277092
TCATAAGTCCAAGAAG-1,0.149387,0.051426,0.055146,0.191695,0.04273,0.062788,0.446828
TCATACTTACAGATCC-1,0.242046,0.011767,0.005247,0.459312,0.276077,0.003228,0.002323
TCATATGAGCTTTGTT-1,0.042662,0.191959,0.090076,0.000075,0.110328,0.000075,0.564825
TCATCACTCGAGCTCG-1,0.289261,0.078298,0.06561,0.091265,0.068997,0.110271,0.296299
TCATCCCAGAGGGTGG-1,0.159965,0.026316,0.024103,0.592867,0.012457,0.092898,0.091394
TCATCCTCAGCTGCTT-1,0.063482,0.214209,0.096751,0.083439,0.272621,0.102401,0.167097
TCATCGACGACCGTCG-1,0.091743,0.463722,0.043157,0.038357,0.259881,0.000032,0.103107
TCATCGATGGTCCCAA-1,0.027447,0.140218,0.080439,0.169582,0.47678,0.00003,0.105503
TCATGCAGGTTCTCAT-1,0.149754,0.017578,0.001784,0.102409,0.00938,0.101038,0.618057
TCATTTAAGTCTCCGA-1,0.083073,0.067647,0.241347,0.126112,0.28591,0.0471,0.148811
TCATTTAGAAGTGTGA-1,0.11304,0.279498,0.136054,0.141398,0.224674,0.038107,0.067229
TCCAACTCAGCTATCT-1,0.131723,0.433418,0.024373,0.103359,0.157998,0.009982,0.139147
TCCAACTTTAAATTCT-1,0.235701,0.302201,0.067249,0.011914,0.072357,0.080958,0.229619
TCCAAGCCTAGACACA-1,0.047531,0.130727,0.261658,0.022006,0.335932,0.031237,0.170908
TCCAATAAAGGCTACC-1,0.001747,0.135254,0.204907,0.089831,0.371745,0.000028,0.196488
TCCAATGCGTCGCCGC-1,0.005994,0.197383,0.110004,0.000077,0.202588,0.000077,0.483877
TCCACAATGGTTTACG-1,0.069155,0.06678,0.076152,0.052468,0.000161,0.113653,0.621631
TCCACATCGTATATTG-1,0.093925,0.233652,0.048555,0.031576,0.560217,0.000462,0.031613
TCCACCAAGACATAGG-1,0.318738,0.04545,0.021189,0.236186,0.243501,0.016562,0.118374
TCCACCTCTAGCCTTT-1,0.023288,0.099582,0.022045,0.071896,0.157991,0.000098,0.6251
TCCACTTTATCTAGGT-1,0.109907,0.309176,0.169558,0.047204,0.162509,0.048202,0.153445
TCCAGAGCACCGGTTC-1,0.021097,0.135139,0.152896,0.029725,0.556454,0.030958,0.073731
TCCAGATGTACGCCAA-1,0.016968,0.000533,0.003482,0.820816,0.158178,0.000012,0.000012
TCCAGCGCTATAAGCG-1,0.393064,0.093321,0.123348,0.081673,0.158699,0.027709,0.122185
TCCAGGCGAGTACGGT-1,0.101453,0.038739,0.080932,0.39583,0.264808,0.03112,0.087118
TCCAGGGTATATACGA-1,0.053043,0.249207,0.000067,0.000067,0.006139,0.000067,0.691411
TCCATCAATACTAATC-1,0.000072,0.146576,0.084081,0.000072,0.039409,0.000072,0.729718
TCCATTAGTTGGATAG-1,0.220423,0.413496,0.013668,0.043472,0.110051,0.002891,0.195999
TCCATTGTGACCTCGT-1,0.000189,0.000189,0.000189,0.000189,0.000378,0.000189,0.998676
TCCCAAACAGACAACG-1,0.41586,0.057421,0.00894,0.330486,0.137576,0.015284,0.034433
TCCCAAAGACGAAGGA-1,0.156603,0.108418,0.00655,0.540532,0.123672,0.001949,0.062276
TCCCAAAGCCCTAAAT-1,0.214274,0.084044,0.092555,0.144316,0.254938,0.027484,0.182388
TCCCACTCTCTTCCGG-1,0.211056,0.025944,0.026856,0.280425,0.416709,0.005568,0.033441
TCCCAGCACACGACAT-1,0.305678,0.112141,0.014424,0.372785,0.067544,0.042708,0.08472
TCCCAGCTTTAGTCTG-1,0.221978,0.015099,0.008757,0.209836,0.540896,0.003391,0.000042
TCCCAGGCTTAGCTAA-1,0.182669,0.021414,0.015421,0.590754,0.110528,0.037539,0.041676
TCCCGCCTATGTGCGT-1,0.139135,0.006973,0.10859,0.523177,0.075789,0.117334,0.029002
TCCCGCGTACTCCTGG-1,0.182221,0.01472,0.020577,0.508526,0.267079,0.003727,0.00315
TCCCGGGTGTGCTGCT-1,0.481513,0.101243,0.001624,0.266183,0.033893,0.018255,0.097288
TCCCGGTCAGGAATTT-1,0.1716,0.189109,0.097798,0.131445,0.182743,0.004503,0.222801
TCCCGTCAGTCCCGCA-1,0.411483,0.057153,0.017872,0.333135,0.139412,0.000044,0.0409
TCCCGTCGCGTCATAG-1,0.266339,0.073476,0.017736,0.425901,0.18302,0.006139,0.02739
TCCCGTGTGCAATTTG-1,0.034019,0.177695,0.098682,0.101305,0.518437,0.000027,0.069834
TCCCTAGATCAATAGG-1,0.295099,0.088103,0.070369,0.236234,0.144043,0.071754,0.094398
TCCCTCTTCTCAAGGG-1,0.272082,0.050526,0.045033,0.384848,0.197799,0.00874,0.040972
TCCCTGGCGTATTAAC-1,0.063488,0.189946,0.037688,0.058682,0.646084,0.000159,0.003953
TCCCTGGCTCGCTGGA-1,0.146881,0.051206,0.001101,0.083364,0.000138,0.0861,0.631208
TCCCTTAGATTACTCG-1,0.075331,0.052681,0.190406,0.132232,0.065911,0.199265,0.284174
TCCCTTGTCTGAAACT-1,0.502452,0.124531,0.008168,0.109243,0.037977,0.004947,0.212683
TCCGAACGTTGCCGCT-1,0.196506,0.122427,0.163612,0.247626,0.188399,0.010568,0.070862
TCCGAACTTGGCTTAC-1,0.02815,0.114324,0.027134,0.129203,0.001804,0.008822,0.690563
TCCGAATGGTCCTGAG-1,0.40399,0.185484,0.059343,0.039627,0.087436,0.102446,0.121674
TCCGACCGCTAATCAA-1,0.000261,0.000261,0.000261,0.000261,0.000522,0.054417,0.944017
TCCGAGAAGGCTAAGC-1,0.019308,0.054161,0.19605,0.308831,0.120141,0.001105,0.300405
TCCGATAATTGCCATA-1,0.023453,0.012894,0.000125,0.000125,0.000251,0.005826,0.957326
TCCGATGACTGAGCTC-1,0.140719,0.035521,0.012622,0.141824,0.039361,0.444209,0.185745
TCCGATGGTGCGACAT-1,0.134369,0.000392,0.235115,0.059916,0.000175,0.164891,0.405141
TCCGATTACATTGCCG-1,0.333899,0.066567,0.011691,0.140789,0.021621,0.001604,0.423829
TCCGCAGCCACCTAGC-1,0.059275,0.477518,0.134234,0.023359,0.172172,0.007749,0.125692
TCCGCCTGTCTACAAG-1,0.02793,0.059017,0.0627,0.172194,0.556755,0.013142,0.108262
TCCGCGGCAGCATCTG-1,0.151649,0.16766,0.267565,0.02778,0.275137,0.011751,0.098458
TCCGCGGCCCAATGAA-1,0.01629,0.021255,0.514207,0.009658,0.092232,0.276146,0.07021
TCCGCTGTCATCCCGG-1,0.095691,0.189785,0.114914,0.050287,0.504867,0.02235,0.022106
TCCGCTTATCCCATTA-1,0.057628,0.159436,0.106248,0.141789,0.314443,0.041617,0.178838
TCCGGCCTAGCGTACA-1,0.217548,0.047601,0.112793,0.150247,0.253046,0.08994,0.128825
TCCGGGCTTGACGGGA-1,0.070093,0.051382,0.029595,0.308879,0.533675,0.000519,0.005857
TCCGGTTCGTCCGGTC-1,0.063842,0.330105,0.000151,0.000082,0.000164,0.000082,0.605573
TCCGTAACCACAATCC-1,0.135014,0.153152,0.047214,0.259334,0.379861,0.003946,0.02148
TCCGTTAAGCTAATAT-1,0.097231,0.263242,0.175835,0.047036,0.36166,0.003104,0.051891
TCCGTTTAGCCTTGAA-1,0.238616,0.190123,0.033127,0.02892,0.06045,0.176068,0.272696
TCCTAAAGATTCAGAC-1,0.039756,0.186776,0.26251,0.065294,0.352167,0.00155,0.091947
TCCTAAATTGGGAAGC-1,0.076274,0.2119,0.176421,0.045783,0.133661,0.02651,0.32945
TCCTAACCGTCGGGCA-1,0.000091,0.061122,0.041024,0.000091,0.004476,0.001913,0.891282
TCCTACATCCACGGCC-1,0.152863,0.143013,0.324485,0.028359,0.30603,0.014879,0.030371
TCCTAGCAAAGAAGCT-1,0.004059,0.163307,0.129197,0.000053,0.013225,0.195467,0.494692
TCCTATCATAGGTAAC-1,0.043301,0.060919,0.104672,0.451676,0.238746,0.028011,0.072674
TCCTCCTAAGACATTC-1,0.072132,0.265868,0.311616,0.02639,0.194568,0.042493,0.086933
TCCTCGGGCTGGGCTT-1,0.081196,0.61126,0.017757,0.016204,0.131949,0.000061,0.141573
TCCTCTACGAGATGGC-1,0.470098,0.080685,0.001792,0.130527,0.009439,0.059483,0.247978
TCCTCTCCAGTTGTCC-1,0.180507,0.086888,0.000085,0.06185,0.000171,0.021715,0.648783
TCCTCTGGCCCATTAG-1,0.00013,0.00013,0.00013,0.00013,0.000259,0.00013,0.999093
TCCTGCCAACTGGAGA-1,0.00012,0.00012,0.00012,0.00012,0.00024,0.002325,0.996956
TCCTGCGTTGATACTC-1,0.271327,0.085142,0.057035,0.061325,0.016043,0.206051,0.303076
TCCTGGCGCTGCCTGG-1,0.000064,0.000064,0.000064,0.000064,0.000127,0.999423,0.000196
TCCTTACGACGGTCCG-1,0.001211,0.028724,0.081191,0.018695,0.870148,0.000015,0.000015
TCCTTCAATCCCTACG-1,0.515991,0.113037,0.013615,0.024737,0.002701,0.051886,0.278033
TCCTTCAGTGGTCGAA-1,0.298686,0.128311,0.000106,0.203137,0.030998,0.019748,0.319013
TCCTTGTCCTTTAATT-1,0.077191,0.457067,0.075078,0.006332,0.233507,0.002457,0.148368
TCCTTTAAATCCGCTT-1,0.003424,0.129601,0.08777,0.007543,0.218032,0.310999,0.242631
TCCTTTCTTACGCTTA-1,0.002306,0.000011,0.009251,0.588842,0.378594,0.020984,0.000011
TCGAAATTTAGGACCA-1,0.034965,0.001112,0.018825,0.848041,0.087072,0.009125,0.000861
TCGAAGAACCGAGCAC-1,0.036116,0.167455,0.166504,0.066122,0.481645,0.009255,0.072903
TCGAATATCCCGCAGG-1,0.0818,0.183658,0.098922,0.048047,0.233535,0.009431,0.344608
TCGACAACTGAACCCG-1,0.02805,0.090673,0.275248,0.044115,0.498065,0.023932,0.039916
TCGAGACCAACACCGT-1,0.033404,0.03111,0.417556,0.129392,0.358091,0.02533,0.005118
TCGAGCCAGGCAGGCC-1,0.00568,0.047734,0.164542,0.009953,0.132096,0.002721,0.637274
TCGAGGGCAACAGACG-1,0.200061,0.028878,0.040636,0.458162,0.183865,0.036663,0.051735
TCGAGTCTACGATTCG-1,0.019493,0.316177,0.065706,0.023102,0.559854,0.000035,0.015634
TCGATAGGCTAGTCGC-1,0.008797,0.022062,0.122976,0.016649,0.00016,0.238148,0.591207
TCGCAAAGATGCATTT-1,0.083475,0.597947,0.028893,0.015721,0.08409,0.001948,0.187925
TCGCACCAGGAGGCAG-1,0.040093,0.175708,0.123944,0.234857,0.39475,0.00003,0.030619
TCGCACTAACGTTTGT-1,0.036924,0.659627,0.04717,0.005621,0.104933,0.00003,0.145694
TCGCATAAAGGGCGCA-1,0.306531,0.091725,0.029636,0.160022,0.19398,0.125371,0.092735
TCGCATCCCTAAGTGT-1,0.31391,0.230274,0.001851,0.065569,0.073517,0.049344,0.265536
TCGCATTCAATGACTT-1,0.170922,0.153009,0.008273,0.47591,0.172256,0.000587,0.019042
TCGCCCACTGCGAGAG-1,0.000091,0.039633,0.018103,0.000091,0.000181,0.031635,0.910266
TCGCCGAAGTTGCGTC-1,0.005262,0.038893,0.073031,0.056771,0.826013,0.000015,0.000015
TCGCCGACATATTCGC-1,0.008271,0.066967,0.091255,0.032848,0.787789,0.010683,0.002186
TCGCCGCACCGCGTGA-1,0.266936,0.498634,0.000041,0.005495,0.010871,0.000041,0.217981
TCGCCGGATGGGCAAG-1,0.310018,0.208262,0.069804,0.168939,0.099442,0.003267,0.140268
TCGCCGGTCGATCCGT-1,0.006638,0.023383,0.040104,0.001243,0.000232,0.065996,0.862403
TCGCCTCGACCTGTTG-1,0.010282,0.034698,0.306685,0.115991,0.445456,0.029555,0.057334
TCGCGTAGCAGTGTCC-1,0.000994,0.000994,0.755131,0.238906,0.001988,0.000994,0.000994
TCGCGTCCAGAAGGTC-1,0.080351,0.033332,0.000923,0.151599,0.031887,0.043949,0.65796
TCGCTAAACCGCTATC-1,0.17252,0.016358,0.066767,0.469107,0.094259,0.132469,0.04852
TCGCTACTGGCTTTGA-1,0.049628,0.314943,0.084001,0.046328,0.476515,0.00003,0.028554
TCGCTCGATATATTCC-1,0.357506,0.082446,0.192508,0.083456,0.092539,0.052389,0.139155
TCGCTCGGCACCAGCG-1,0.323459,0.10909,0.014286,0.32129,0.086708,0.024816,0.120351
TCGCTGCCAATGCTGT-1,0.022607,0.203652,0.298969,0.013306,0.41149,0.0374,0.012576
TCGCTGGGCGGATTGT-1,0.134135,0.020816,0.017083,0.413016,0.371277,0.036124,0.007548
TCGCTGTGCGTAAATC-1,0.245533,0.059428,0.088686,0.242294,0.07482,0.080655,0.208585
TCGCTTTAAACGTTTG-1,0.298239,0.121207,0.058288,0.290744,0.098037,0.031663,0.101821
TCGGAATGCGCTCTGA-1,0.009611,0.010795,0.000131,0.033504,0.000263,0.000131,0.945565
TCGGACGCCCAGCCCA-1,0.009879,0.041099,0.217866,0.056452,0.658304,0.011218,0.005183
TCGGAGAGTATCGGGA-1,0.195119,0.476307,0.008027,0.013464,0.050408,0.000051,0.256625
TCGGAGTACATGAGTA-1,0.118636,0.567726,0.0138,0.068157,0.144994,0.00004,0.086647
TCGGATCTGGATGACC-1,0.000153,0.060303,0.143987,0.073769,0.692725,0.000153,0.028912
TCGGCAGGGTTAAGGG-1,0.068806,0.015857,0.012653,0.001735,0.000788,0.14971,0.75045
TCGGCGAACCCAAACC-1,0.074742,0.072442,0.303274,0.049561,0.346949,0.066683,0.086349
TCGGCGTACTGCACAA-1,0.113038,0.18627,0.042853,0.134958,0.489073,0.000017,0.033791
TCGGCTTGTATCGACG-1,0.071995,0.213986,0.137201,0.030336,0.42578,0.015003,0.105697
TCGGGAACGTGCCTAG-1,0.211344,0.052408,0.092488,0.346918,0.202583,0.065411,0.028848
TCGGGAGACAGCGTAC-1,0.020414,0.139356,0.185875,0.000044,0.02738,0.250964,0.375965
TCGGGATTCAAACATA-1,0.209318,0.069924,0.033074,0.382867,0.092192,0.099921,0.112705
TCGGGCCGTCGTGGTA-1,0.009769,0.067416,0.108667,0.043439,0.765065,0.005622,0.000024
TCGGGTGAAACTGCTA-1,0.289424,0.068723,0.000116,0.110837,0.005396,0.021356,0.504149
TCGGTCCCGACAATAG-1,0.048061,0.215904,0.309988,0.012661,0.135,0.060931,0.217455
TCGGTCCCTGACTCCA-1,0.000162,0.000162,0.000162,0.000162,0.000323,0.000162,0.998869
TCGTAACTCCCAAGAC-1,0.369535,0.103443,0.037058,0.118376,0.073982,0.052827,0.244779
TCGTAAGACGACATTG-1,0.302442,0.277611,0.045643,0.169806,0.110722,0.013913,0.079862
TCGTAAGCTCCGAGGA-1,0.005742,0.164731,0.00011,0.00011,0.000221,0.599881,0.229205
TCGTACCGACGTCAAG-1,0.200004,0.351072,0.016266,0.001794,0.071089,0.000055,0.359721
TCGTATAGTGCAATTA-1,0.154365,0.001394,0.024383,0.580651,0.120147,0.075198,0.043862
TCGTATTACCCATTGC-1,0.47909,0.151763,0.00095,0.087942,0.036853,0.007949,0.235453
TCGTCAAGTACGCGCA-1,0.053917,0.42699,0.017021,0.000081,0.050296,0.008226,0.443469
TCGTCACACTGTTAGC-1,0.369089,0.213229,0.000049,0.094401,0.010687,0.000049,0.312497
TCGTCCGCTGGCGTCT-1,0.27943,0.038226,0.007785,0.527102,0.065327,0.027785,0.054344
TCGTCTTAGGCGTTAA-1,0.041923,0.240345,0.309712,0.018847,0.252515,0.059245,0.077413
TCGTGTACTATGGATG-1,0.000391,0.000391,0.033825,0.000391,0.964218,0.000391,0.000391
TCGTGTATTGGTCACG-1,0.286653,0.000418,0.019269,0.000536,0.090472,0.495762,0.106889
TCGTGTCACGCTGACA-1,0.332814,0.459741,0.000114,0.002207,0.055208,0.00914,0.140775
TCGTGTTCGACCACAA-1,0.202688,0.144792,0.029878,0.024079,0.286927,0.095744,0.215891
TCGTTAGGAGTCCCTA-1,0.003791,0.48197,0.023011,0.000092,0.014313,0.000092,0.476729
TCGTTCGTTATTATGT-1,0.00016,0.00016,0.041483,0.00016,0.00032,0.405398,0.552319
TCGTTGACAGGGTCCC-1,0.336253,0.370693,0.016166,0.07037,0.054343,0.000031,0.152145
TCGTTGCTATCCGGTC-1,0.139627,0.237768,0.036644,0.039585,0.031755,0.000092,0.51453
TCGTTGGCTCGTCAAT-1,0.230901,0.118338,0.094306,0.282206,0.114075,0.064283,0.095891
TCGTTTACGCGACCCT-1,0.056086,0.025139,0.004839,0.3872,0.525817,0.000014,0.000905
TCTAAAGAACAGTCTC-1,0.036187,0.301386,0.234727,0.018328,0.306572,0.025897,0.076902
TCTAACTGTATGTAAA-1,0.263682,0.319608,0.013417,0.051409,0.056213,0.028039,0.267633
TCTAATACTGCCTCAG-1,0.063342,0.225505,0.127364,0.014544,0.223114,0.004018,0.342115
TCTACCCAATAGAGAG-1,0.132754,0.195601,0.136167,0.042067,0.299803,0.053842,0.139766
TCTACCGTCCACAAGC-1,0.441705,0.169563,0.00658,0.075482,0.087028,0.00747,0.212172
TCTAGCAATCTCCGCC-1,0.016059,0.337285,0.383314,0.063103,0.169161,0.017933,0.013145
TCTAGCATCTTCGATG-1,0.177135,0.132405,0.020694,0.229573,0.030982,0.029766,0.379445
TCTAGCATGCCCAGAA-1,0.042588,0.040985,0.136537,0.278231,0.454091,0.005466,0.042102
TCTAGGTGGCGACGCT-1,0.226562,0.14177,0.135726,0.050209,0.242772,0.116486,0.086475
TCTAGTGATATCGTGG-1,0.017305,0.145263,0.284708,0.055076,0.492061,0.000025,0.005562
TCTAGTTATCAGAAGA-1,0.037773,0.002105,0.002929,0.384867,0.570674,0.001637,0.000015
TCTATAGGTGGGTAAT-1,0.301348,0.134422,0.041909,0.157738,0.197081,0.009422,0.158079
TCTATCATGCAGTTAC-1,0.595005,0.060907,0.003495,0.208126,0.075253,0.003939,0.053275
TCTATCGGTCGCAACA-1,0.065266,0.021193,0.087406,0.042262,0.013599,0.233111,0.537164
TCTATGCTATAACGAC-1,0.111032,0.325173,0.096334,0.133937,0.292594,0.003974,0.036955
TCTATTACGCTGGCGA-1,0.181522,0.387109,0.040136,0.122002,0.131923,0.000044,0.137265
TCTATTACTAGAGGAT-1,0.272997,0.145892,0.028403,0.135471,0.105003,0.08837,0.223864
TCTCAAATCAATCGGG-1,0.089352,0.056706,0.039327,0.289075,0.522809,0.0018,0.000932
TCTCAGGCTACTCGCT-1,0.203074,0.026475,0.046271,0.137881,0.045023,0.146267,0.39501
TCTCATGAGATAGGGT-1,0.001093,0.000835,0.005599,0.030231,0.962229,0.000007,0.000007
TCTCCAACGTAGGTTA-1,0.101313,0.024294,0.072392,0.000832,0.000466,0.42529,0.375414
TCTCCACAAGTTGAAT-1,0.028109,0.060135,0.231492,0.169035,0.495221,0.001469,0.01454
TCTCCCTGGGCAGCGT-1,0.119103,0.148098,0.180082,0.020455,0.232517,0.013299,0.286445
TCTCGACGTATCGCCG-1,0.091665,0.030812,0.081606,0.42475,0.288873,0.065903,0.016391
TCTCGAGGAGGTTCGC-1,0.193599,0.098517,0.09924,0.139194,0.312443,0.023152,0.133855
TCTCGGCTCCAGGACT-1,0.191036,0.044921,0.019323,0.184587,0.54875,0.000327,0.011056
TCTCGTGTTACGAGGA-1,0.290093,0.276916,0.007015,0.132584,0.088096,0.000046,0.20525
TCTCTAATAGCTGGTA-1,0.327146,0.050739,0.057379,0.134283,0.009364,0.023227,0.397862
TCTCTCGCCGCACATA-1,0.202461,0.052127,0.097047,0.284218,0.279587,0.019642,0.064919
TCTCTTACCGCGAACC-1,0.000152,0.000152,0.000152,0.000152,0.000304,0.000152,0.998936
TCTGAACCGGTCGGCT-1,0.173989,0.071549,0.012301,0.004123,0.005936,0.123616,0.608486
TCTGAACTCGTACCCG-1,0.008609,0.053704,0.194404,0.037526,0.699531,0.000998,0.005227
TCTGAAGCACGTGGTC-1,0.023293,0.126363,0.210981,0.02882,0.590375,0.010484,0.009684
TCTGAATTCCGTACAA-1,0.025942,0.014484,0.161204,0.078475,0.707406,0.007647,0.004841
TCTGACGGGCTAACCC-1,0.134815,0.008466,0.009853,0.688881,0.05738,0.012076,0.088531
TCTGACTGTAATGGTT-1,0.012838,0.007471,0.385601,0.170245,0.247505,0.166436,0.009905
TCTGAGCAATTGACTG-1,0.131945,0.096677,0.106953,0.182859,0.364678,0.066611,0.050277
TCTGATCGGGTGCTAG-1,0.084931,0.032195,0.124929,0.014354,0.002137,0.497118,0.244334
TCTGATGTATTCTGTC-1,0.067106,0.312359,0.135177,0.064445,0.196931,0.035687,0.188294
TCTGATTGGAAATGGA-1,0.271699,0.011914,0.036887,0.377826,0.191992,0.048133,0.06155
TCTGCACCATTAGTAA-1,0.037254,0.030772,0.000135,0.007599,0.000269,0.000135,0.923837
TCTGCAGATTCGAGTC-1,0.06897,0.09099,0.030619,0.364209,0.416471,0.003469,0.025272
TCTGCATACCTTGCTT-1,0.101095,0.454159,0.039193,0.059084,0.207459,0.021009,0.118001
TCTGCCAGAAACTGCA-1,0.072654,0.26719,0.104732,0.050869,0.4843,0.000021,0.020233
TCTGCGTCCGGTTTCT-1,0.035035,0.110106,0.097412,0.303427,0.410258,0.011581,0.03218
TCTGCTTAGAACAAGC-1,0.278413,0.035096,0.032806,0.420544,0.134339,0.05364,0.045162
TCTGGAGCGTAAGAGT-1,0.129669,0.041766,0.102597,0.076689,0.057053,0.414335,0.17789
TCTGGCCGTTCAAGTT-1,0.279254,0.03357,0.078923,0.35035,0.129521,0.090719,0.037663
TCTGGCGCAAGCCGGG-1,0.009826,0.003848,0.000048,0.000048,0.000095,0.000214,0.985921
TCTGGGAACCTTTGAA-1,0.022023,0.139911,0.386005,0.033229,0.217634,0.059935,0.141263
TCTGGGTAGCGCTCAT-1,0.276178,0.357265,0.020124,0.014077,0.023314,0.00531,0.303732
TCTGTCATACAAGAGC-1,0.297858,0.09719,0.058467,0.344863,0.127196,0.008375,0.06605
TCTGTGCCATCATAGT-1,0.016465,0.05836,0.380382,0.017258,0.084834,0.343153,0.099548
TCTGTTACCCAGCATA-1,0.013867,0.137375,0.092892,0.122968,0.629327,0.000025,0.003546
TCTTAACTCGGATGTA-1,0.114237,0.226754,0.144316,0.01629,0.212674,0.018662,0.267067
TCTTACAGAGGTACCG-1,0.160352,0.077857,0.039846,0.015512,0.029625,0.200402,0.476405
TCTTACCGGAACTCGT-1,0.462441,0.094921,0.028892,0.094016,0.024636,0.137271,0.157824
TCTTACGGCATCCGAC-1,0.044359,0.106916,0.015879,0.589538,0.029231,0.000109,0.213968
TCTTACTTATGCCTCT-1,0.001276,0.003474,0.597094,0.066303,0.327747,0.004088,0.000017
TCTTAGAGCTCCAATT-1,0.005474,0.122715,0.005094,0.000035,0.008684,0.135481,0.722518
TCTTAGAGTGAACTCT-1,0.002052,0.052356,0.146963,0.045207,0.752899,0.000015,0.000509
TCTTCCCATGGGCACA-1,0.143931,0.255146,0.069692,0.043155,0.134884,0.03641,0.316782
TCTTCGAATAGACGTT-1,0.01629,0.100079,0.356952,0.066108,0.453309,0.00003,0.007232
TCTTCGATACCAATAA-1,0.03353,0.029039,0.056009,0.004716,0.013881,0.448697,0.414128
TCTTCGCGGTGAGAGG-1,0.278386,0.052587,0.025354,0.33289,0.214321,0.042652,0.053809
TCTTCTATAACCCGCC-1,0.039269,0.17976,0.106916,0.199583,0.458392,0.000093,0.015986
TCTTGATGCGTAGCGA-1,0.240461,0.091353,0.09199,0.092137,0.411951,0.041677,0.030431
TCTTGCTCCCGATACT-1,0.069614,0.230419,0.094193,0.138674,0.324082,0.00726,0.135759
TCTTGGTAACACCAAA-1,0.082025,0.005223,0.021579,0.040534,0.0472,0.105411,0.698028
TCTTTAAGACTATGAA-1,0.035566,0.023328,0.427535,0.14377,0.271248,0.071161,0.027393
TCTTTAGAGTCTAACA-1,0.066175,0.015607,0.318927,0.233452,0.143057,0.20728,0.015503
TCTTTAGCAGGCGAAC-1,0.17345,0.025017,0.251984,0.184721,0.081369,0.202992,0.080467
TCTTTCATCCGTCCTT-1,0.000129,0.373165,0.037217,0.000129,0.017795,0.000129,0.571437
TCTTTCCTTCGAGATA-1,0.207783,0.033324,0.10429,0.171624,0.038169,0.292726,0.152083
TCTTTCGGCGGGACAC-1,0.004951,0.239695,0.275846,0.052569,0.367681,0.000048,0.059209
TGAAACTTATGCAAGC-1,0.073186,0.010379,0.019865,0.72173,0.025833,0.003506,0.145501
TGAAAGGACCTGACTC-1,0.061355,0.25173,0.119436,0.026267,0.314013,0.008676,0.218523
TGAACAAGCAGGGACT-1,0.000359,0.000359,0.000359,0.000359,0.000718,0.000359,0.997488
TGAACTGCTATGACTT-1,0.286905,0.040164,0.006569,0.145627,0.016494,0.01412,0.49012
TGAAGAGCGGTCCTAG-1,0.040071,0.221767,0.149672,0.017377,0.140461,0.236152,0.1945
TGAAGTAGCTTACGGA-1,0.039905,0.35609,0.100078,0.062485,0.35566,0.004968,0.080813
TGAATACCGACGCGTA-1,0.017401,0.109303,0.065698,0.022918,0.779354,0.002887,0.002439
TGAATGAGTGTTTCCC-1,0.003851,0.159275,0.026327,0.003642,0.071137,0.000082,0.735686
TGAATGTCAGCCGGCC-1,0.244553,0.205999,0.143255,0.054062,0.17083,0.062234,0.119067
TGAATTTCACTTGCCT-1,0.093735,0.007493,0.088587,0.361784,0.043892,0.335122,0.069387
TGACAACGCATGTCGC-1,0.254115,0.032101,0.185098,0.158646,0.069548,0.143639,0.156855
TGACACTTCTCTTTGC-1,0.000049,0.000049,0.000049,0.000049,0.000099,0.999655,0.000049
TGACAGGACAAGTCCA-1,0.088699,0.422886,0.073829,0.036963,0.171452,0.008076,0.198096
TGACATATATGACGAT-1,0.043013,0.023093,0.00192,0.201125,0.042169,0.000831,0.687849
TGACATCGAGCGGACC-1,0.053056,0.05423,0.219439,0.167514,0.443274,0.016527,0.045961
TGACATGTAACGTGAC-1,0.052786,0.117378,0.041016,0.18443,0.540213,0.008349,0.055828
TGACCAAATCTTAAAC-1,0.056892,0.318526,0.095018,0.077307,0.292166,0.000362,0.159729
TGACCCACGTTAGACA-1,0.32156,0.152263,0.007691,0.310811,0.14296,0.004568,0.060146
TGACGAATATTTCCCT-1,0.1311,0.416329,0.000973,0.001391,0.04094,0.000149,0.409118
TGACGATGCACTAGAA-1,0.006043,0.023565,0.441633,0.052234,0.439464,0.031953,0.005107
TGACTATAATCCTTTC-1,0.038145,0.313306,0.249458,0.045347,0.180219,0.000086,0.17344
TGACTCCGAATCATAC-1,0.037929,0.49906,0.016328,0.026606,0.167875,0.000059,0.252143
TGACTCTAACTGGTAA-1,0.000033,0.000033,0.008844,0.000048,0.000066,0.512926,0.478051
TGAGAATGCTTTACCG-1,0.04515,0.001529,0.034301,0.763482,0.130007,0.006042,0.019488
TGAGACGTACCTCTCA-1,0.230481,0.126358,0.068161,0.107742,0.046506,0.005202,0.415551
TGAGAGATTTACCACG-1,0.019612,0.032802,0.2278,0.08052,0.633565,0.005469,0.000232
TGAGATCAAATACTCA-1,0.000135,0.000135,0.000135,0.000135,0.000269,0.000135,0.999057
TGAGATTAGGCCCTAA-1,0.004738,0.00006,0.022345,0.00006,0.00012,0.453662,0.519013
TGAGCCATACAGTCTC-1,0.14662,0.199946,0.227013,0.012121,0.134774,0.00185,0.277675
TGAGCGGAAAGTGTTC-1,0.004501,0.057186,0.334976,0.039046,0.299842,0.034514,0.229935
TGAGCTCAACTGTATA-1,0.198537,0.023283,0.025671,0.483357,0.10182,0.058,0.109332
TGAGCTTTAATGACGC-1,0.094148,0.011723,0.022616,0.613249,0.092433,0.075968,0.089864
TGAGGAGTGCCAGCTT-1,0.000108,0.261124,0.032117,0.000108,0.000226,0.000108,0.70621
TGAGGCATGTACTGTG-1,0.0812,0.351148,0.074893,0.025148,0.431431,0.00283,0.03335
TGAGGTGTGTGGCGGA-1,0.002527,0.010075,0.425815,0.07147,0.306181,0.077575,0.106358
TGAGTAAATTAGCGTA-1,0.030961,0.253039,0.04158,0.059464,0.554403,0.000024,0.06053
TGAGTGCCTCTTAAAT-1,0.051089,0.168323,0.124878,0.049342,0.574783,0.007967,0.023618
TGAGTGGTCCGTGACG-1,0.182314,0.22954,0.037928,0.08347,0.316974,0.006847,0.142926
TGAGTGTAACAACGGG-1,0.289111,0.034945,0.015551,0.331009,0.260734,0.050134,0.018517
TGAGTTAAAGACATTC-1,0.165458,0.035469,0.267333,0.132599,0.202627,0.148687,0.047826
TGATACATTTAGCCGT-1,0.047518,0.287344,0.252537,0.014489,0.084854,0.035157,0.278102
TGATAGCGGGATTCTA-1,0.032934,0.081944,0.111585,0.200367,0.560845,0.003006,0.00932
TGATCACCACACTGAC-1,0.00677,0.133553,0.210637,0.066573,0.284794,0.00172,0.295953
TGATCAGGGAACTGCT-1,0.137468,0.040807,0.059715,0.420668,0.339933,0.00092,0.000491
TGATCCCAGCATTAGT-1,0.294611,0.114275,0.057656,0.129071,0.093343,0.189979,0.121064
TGATCGGTTTGACCCT-1,0.089008,0.000042,0.082941,0.616069,0.069725,0.134634,0.007581
TGATCTACGCTGATCT-1,0.000036,0.000036,0.000036,0.000036,0.000072,0.974673,0.025111
TGATCTATCACACTCT-1,0.193485,0.210916,0.219619,0.185111,0.128979,0.000026,0.061864
TGATCTCCGGCGCCAG-1,0.149211,0.028512,0.065113,0.524395,0.083218,0.064911,0.08464
TGATGGCTGTTTCTGA-1,0.19667,0.129613,0.092329,0.324933,0.201791,0.008346,0.046317
TGATGGGACTAAGTCA-1,0.005849,0.014016,0.082827,0.062461,0.820378,0.014005,0.000464
TGATGTCAATTAAGTG-1,0.459293,0.067018,0.059888,0.175992,0.181714,0.014508,0.041587
TGATTCAGGTCCCGCG-1,0.14548,0.166336,0.013317,0.252502,0.397763,0.004333,0.020271
TGATTCCCGGTTACCT-1,0.000066,0.203482,0.067397,0.000066,0.258135,0.000431,0.470424
TGATTCGTCTATCACT-1,0.308947,0.046067,0.01799,0.449539,0.03891,0.037301,0.101246
TGATTCTGTCGCCGGT-1,0.064883,0.478465,0.021094,0.023492,0.226385,0.000067,0.185614
TGATTTATTAGCTGTG-1,0.096736,0.462138,0.03544,0.260766,0.109132,0.000147,0.035641
TGATTTCCTCCTGACG-1,0.423772,0.143826,0.027468,0.070549,0.051552,0.084922,0.19791
TGCAAAGTTCGTCTGT-1,0.068819,0.202688,0.076686,0.035364,0.214047,0.045806,0.35659
TGCAACCCATCTGCGG-1,0.020305,0.171186,0.249915,0.027819,0.432304,0.008308,0.090163
TGCAACTACTGGTTGA-1,0.110487,0.182747,0.099232,0.089992,0.36043,0.017841,0.139271
TGCAAGAATGACGTAA-1,0.045649,0.004019,0.040028,0.607707,0.265283,0.03511,0.002204
TGCAATCTAACACGGT-1,0.022995,0.092397,0.208569,0.046655,0.617409,0.00391,0.008065
TGCAATTTGGGCACGG-1,0.000068,0.000068,0.000068,0.000068,0.000136,0.999523,0.000068
TGCACTATGTGAGTGC-1,0.082826,0.438574,0.020984,0.141918,0.193086,0.000056,0.122557
TGCAGAACTATATCGT-1,0.314834,0.258178,0.020927,0.104042,0.182149,0.058432,0.061438
TGCAGAGTACCGAGCA-1,0.09348,0.284629,0.02488,0.187531,0.360872,0.024258,0.024351
TGCAGATCGTCCTAGG-1,0.330838,0.094403,0.003906,0.354922,0.086505,0.003178,0.126247
TGCAGCTACGTACTTC-1,0.35556,0.16044,0.005872,0.267865,0.193717,0.000024,0.016523
TGCAGGATCGGCAAAG-1,0.143674,0.011657,0.023285,0.593675,0.204894,0.01396,0.008854
TGCAGTGGTAGGGAAC-1,0.00045,0.088321,0.00045,0.00045,0.000901,0.00045,0.908976
TGCAGTTTCCTCCCAT-1,0.013311,0.02872,0.118248,0.055076,0.779029,0.004316,0.0013
TGCATATGTCTGTCAC-1,0.183439,0.282722,0.05231,0.019101,0.386663,0.007363,0.068404
TGCATGGATCGGATCT-1,0.000138,0.000138,0.000138,0.000138,0.000276,0.133818,0.865354
TGCATGTGACCCATAG-1,0.000217,0.061968,0.000217,0.000217,0.000435,0.000217,0.936728
TGCATGTGGTAATCTA-1,0.081048,0.005904,0.048419,0.354788,0.443748,0.065315,0.000778
TGCCAAAGTCAGACTT-1,0.210911,0.065986,0.009512,0.349796,0.35372,0.002585,0.00749
TGCCAATGGGTACTCT-1,0.002298,0.255715,0.040259,0.000078,0.007822,0.000078,0.693749
TGCCACACTAGAGGAA-1,0.405763,0.133515,0.014189,0.070134,0.024127,0.051388,0.300884
TGCCACCTGGCGAAAC-1,0.312097,0.067747,0.03166,0.177205,0.047022,0.046012,0.318257
TGCCAGTACGTGGAGA-1,0.040552,0.595012,0.002889,0.012435,0.071817,0.000055,0.27724
TGCCATTACTAAAGAA-1,0.456765,0.094907,0.013481,0.225288,0.062463,0.060925,0.086172
TGCCCGATAGTTAGAA-1,0.004985,0.085741,0.134526,0.015969,0.678227,0.000025,0.080527
TGCCCGTACCGTTAAA-1,0.054274,0.390391,0.064258,0.040753,0.237875,0.032904,0.179546
TGCCGAAAGCGTATTC-1,0.10691,0.008941,0.107569,0.553878,0.141122,0.057888,0.023691
TGCCGGATGTACGAGC-1,0.000205,0.241993,0.000205,0.000205,0.000409,0.000205,0.75678
TGCCGTGGATCGTCCT-1,0.010512,0.321675,0.013381,0.000097,0.004286,0.019832,0.630217
TGCCGTGGGACCCAAT-1,0.014929,0.294571,0.16012,0.012392,0.387297,0.000351,0.130339
TGCCGTTCTTAATCGG-1,0.08465,0.518265,0.102446,0.019423,0.139385,0.000069,0.135762
TGCCTAAATTTAATAG-1,0.234625,0.036716,0.043295,0.393687,0.074127,0.028353,0.189197
TGCCTAATTGAAGATT-1,0.086687,0.063213,0.063063,0.244554,0.517845,0.01907,0.005569
TGCCTGACATCGGTCA-1,0.201645,0.229852,0.062718,0.034786,0.194356,0.008053,0.26859
TGCCTGATCAAACGAT-1,0.026396,0.003818,0.017379,0.029241,0.000117,0.01115,0.911899
TGCCTTGGCCAGGCAA-1,0.030051,0.326627,0.063946,0.045941,0.35249,0.003002,0.177942
TGCGAATATGGGATTT-1,0.145803,0.00912,0.013239,0.507537,0.308584,0.01422,0.001496
TGCGACACCCTAGTGC-1,0.0092,0.034538,0.612699,0.076743,0.247138,0.00432,0.015362
TGCGACGGCCGAACGT-1,0.000077,0.226193,0.010405,0.000077,0.001341,0.000077,0.76183
TGCGAGAAACGTTACG-1,0.009868,0.065853,0.221245,0.049498,0.606208,0.015949,0.031379
TGCGAGAATATTACCC-1,0.033551,0.03752,0.079643,0.153997,0.691724,0.001163,0.002402
TGCGATGCTAATGGCT-1,0.057833,0.414113,0.03131,0.125443,0.331477,0.001131,0.038694
TGCGCAAAGCATTTGG-1,0.254405,0.175024,0.016189,0.221722,0.29547,0.016647,0.020544
TGCGCCGTTAATAACG-1,0.247387,0.055764,0.061104,0.326044,0.211566,0.012128,0.086006
TGCGCGATTAACGGAG-1,0.009874,0.057821,0.073962,0.073438,0.029234,0.001901,0.75377
TGCGGACTTGACTCCG-1,0.036831,0.121268,0.147133,0.024607,0.650063,0.011267,0.008829
TGCGGAGTAAAGGTGC-1,0.115533,0.005367,0.05997,0.308579,0.0477,0.359822,0.103029
TGCGGCATAGTTCAAC-1,0.076485,0.000039,0.042956,0.378126,0.044442,0.432342,0.025609
TGCGGTGAAATTTCAT-1,0.046021,0.031853,0.018513,0.793127,0.100116,0.000067,0.010303
TGCGTAAGAACCTGAT-1,0.054395,0.357754,0.23984,0.000765,0.032051,0.052676,0.262519
TGCGTACGGCTAATTG-1,0.197016,0.09462,0.05786,0.213949,0.316124,0.032887,0.087545
TGCGTCATGACTGAGC-1,0.105719,0.679373,0.022857,0.001512,0.038593,0.005675,0.14627
TGCGTGATTGGGTGTC-1,0.043902,0.414384,0.064836,0.042503,0.134781,0.018557,0.281038
TGCGTTTGTTGACACT-1,0.005022,0.414559,0.080733,0.005316,0.261027,0.003396,0.229948
TGCTAAGTGTCTATTT-1,0.024783,0.060782,0.440594,0.015683,0.124458,0.29294,0.040761
TGCTATGGCAAAGGGA-1,0.000196,0.024378,0.151561,0.000196,0.000391,0.000196,0.823083
TGCTCCACAGTTCTTA-1,0.014004,0.02521,0.199294,0.033247,0.726905,0.001318,0.000022
TGCTCGGCGAAACCCA-1,0.01809,0.503712,0.008694,0.085391,0.142537,0.000053,0.241522
TGCTCGGTGGGTCACC-1,0.016205,0.073906,0.019719,0.019003,0.871068,0.000013,0.000086
TGCTCTGCCGGTTCAC-1,0.026535,0.011016,0.000101,0.161654,0.080669,0.062352,0.657673
TGCTCTTGAGAGTTTG-1,0.09486,0.204023,0.06812,0.060852,0.547113,0.000401,0.024631
TGCTGGTTGGACAATT-1,0.574238,0.149815,0.006117,0.026876,0.02446,0.008337,0.210157
TGCTGTTGAAGAACTC-1,0.062914,0.394911,0.067249,0.006051,0.219328,0.000212,0.249335
TGCTTAGAGAGAATGC-1,0.000076,0.10416,0.000076,0.000076,0.000152,0.000076,0.895384
TGCTTCCCAAGCAGTA-1,0.092512,0.376732,0.044838,0.019416,0.080757,0.000044,0.385701
TGCTTGAAACCATGCA-1,0.128055,0.280419,0.060042,0.036627,0.124624,0.031647,0.338586
TGGAAACGGAGTGAAC-1,0.056693,0.054353,0.26893,0.14517,0.304555,0.085373,0.084926
TGGAACCACTGACACA-1,0.07184,0.013205,0.045204,0.552193,0.266689,0.048388,0.002482
TGGAAGAAGGGAACGT-1,0.242681,0.1514,0.033141,0.036042,0.047607,0.076616,0.412514
TGGAAGACGAACACCA-1,0.230099,0.092392,0.013647,0.30285,0.139609,0.052229,0.169174
TGGAAGGATAAAGATG-1,0.000073,0.000073,0.000073,0.000073,0.000147,0.146757,0.852802
TGGAATATCCTTGACC-1,0.341363,0.043189,0.008884,0.416114,0.165984,0.004721,0.019744
TGGAATTAGACGCTTT-1,0.251038,0.033341,0.003561,0.495424,0.187928,0.005149,0.023558
TGGACACCGTTGCTTG-1,0.018172,0.333125,0.129332,0.101753,0.245789,0.009704,0.162126
TGGACCAATCTAAGAT-1,0.000899,0.014836,0.046205,0.036091,0.901946,0.000011,0.000011
TGGACCACGGCGTTGA-1,0.069414,0.046884,0.165061,0.299954,0.300251,0.106217,0.01222
TGGACGCAATCCAGCC-1,0.074834,0.259959,0.120826,0.077337,0.292389,0.002874,0.171782
TGGACGTAGGCGAATC-1,0.029579,0.376647,0.133636,0.024922,0.160061,0.000634,0.27452
TGGACTGTTCGCTCAA-1,0.057896,0.282015,0.059428,0.035078,0.551357,0.000038,0.014188
TGGAGGGAAACACCTC-1,0.111114,0.092107,0.00945,0.080325,0.02779,0.074355,0.60486
TGGAGTGATGCGATGA-1,0.089931,0.004759,0.007199,0.011369,0.000124,0.292011,0.594607
TGGATAGAGTAACAGA-1,0.160206,0.194904,0.143702,0.038317,0.225667,0.012617,0.224586
TGGCAAACTAAATTAC-1,0.05694,0.189222,0.275646,0.037121,0.250609,0.04678,0.143681
TGGCAACTCGCGCGCC-1,0.266025,0.010677,0.07838,0.349636,0.082272,0.193681,0.019328
TGGCAAGCACAAGTCG-1,0.011934,0.046212,0.275951,0.066081,0.394033,0.012111,0.193678
TGGCAATGGGACGGCG-1,0.1013,0.119689,0.081987,0.215505,0.426874,0.005777,0.048867
TGGCAGATTACGATCA-1,0.027772,0.391625,0.214757,0.029352,0.285716,0.001289,0.04949
TGGCAGCAGTAATAGT-1,0.020633,0.121485,0.114219,0.020126,0.678281,0.02824,0.017017
TGGCATGAAGTTTGGG-1,0.03924,0.192073,0.135927,0.04072,0.584771,0.000743,0.006526
TGGCCAAACTGAAGTA-1,0.279704,0.083283,0.014775,0.232278,0.365431,0.01144,0.013089
TGGCCAATTTGGTACT-1,0.184649,0.461852,0.032958,0.040069,0.180182,0.010193,0.090096
TGGCCGTATATTGACC-1,0.111169,0.024134,0.000104,0.126312,0.000207,0.013351,0.724724
TGGCGACTGCTCCAAA-1,0.000109,0.284548,0.006554,0.011913,0.075596,0.000109,0.62117
TGGCGATCAAGTTATG-1,0.024055,0.221223,0.110434,0.000077,0.020798,0.020033,0.60338
TGGCGGTGTGCGATTG-1,0.101132,0.007138,0.141217,0.094129,0.005078,0.269271,0.382035
TGGCTACACTCTACCT-1,0.196572,0.471983,0.009051,0.054947,0.110433,0.002584,0.15443
TGGCTATGTGACATAC-1,0.02048,0.040779,0.607912,0.026427,0.214582,0.047637,0.042183
TGGCTCTTGTCGCGTA-1,0.816687,0.056931,0.047232,0.000387,0.009122,0.003394,0.066249
TGGCTTATGTATAATG-1,0.004834,0.324214,0.188287,0.014518,0.188879,0.109113,0.170155
TGGCTTTGGGTAGACA-1,0.186469,0.014884,0.0323,0.607069,0.102438,0.048267,0.008572
TGGGAAATGCCTTTCC-1,0.143218,0.115426,0.067435,0.228304,0.320879,0.011616,0.113121
TGGGACCATTGGGAGT-1,0.027181,0.226754,0.178125,0.01576,0.406604,0.017674,0.127902
TGGGCAATAGTTGGGT-1,0.210869,0.241112,0.104065,0.085409,0.260518,0.002423,0.095605
TGGGCACAAACAGAAC-1,0.184035,0.129837,0.047167,0.089717,0.016736,0.025909,0.506599
TGGGCACGTTCTATGG-1,0.000121,0.000121,0.000121,0.000121,0.000243,0.262252,0.73702
TGGGCAGGCCACCGCA-1,0.207405,0.083283,0.109536,0.141291,0.254664,0.129414,0.074407
TGGGCCACAAGAGCGC-1,0.00038,0.000107,0.000107,0.000107,0.000214,0.197534,0.801553
TGGGCCCATACTAATT-1,0.013334,0.032591,0.100966,0.034493,0.806194,0.00855,0.003872
TGGGCCTTGCCTGCAT-1,0.038191,0.39038,0.108353,0.01164,0.209316,0.002843,0.239278
TGGGCGATACAATAAG-1,0.010257,0.170939,0.193433,0.039951,0.279102,0.000028,0.30629
TGGGTAAGGTTCCCGC-1,0.018162,0.000083,0.170914,0.000083,0.000167,0.207604,0.602987
TGGGTGCACAAGCCAT-1,0.087531,0.373143,0.065959,0.019159,0.272755,0.007692,0.173762
TGGGTGTAATAGATTT-1,0.119868,0.020665,0.049047,0.437921,0.30369,0.046409,0.022401
TGGGTGTTAAGTAGAA-1,0.007174,0.233965,0.219125,0.060269,0.292003,0.012403,0.17506
TGGGTTCCCGGACGGA-1,0.115733,0.309866,0.071429,0.011973,0.313961,0.01957,0.157468
TGGTAAGCAGGATTGA-1,0.232153,0.051516,0.0527,0.485897,0.058055,0.038525,0.081154
TGGTAGAATATATGGG-1,0.014416,0.042181,0.427318,0.030631,0.419639,0.056464,0.00935
TGGTATCGCATCCCAA-1,0.000123,0.000123,0.000123,0.000123,0.000245,0.000123,0.999142
TGGTATCGGTCTGTAT-1,0.000198,0.000198,0.000198,0.000198,0.062566,0.000198,0.936441
TGGTCCCACGCTACGG-1,0.012403,0.278108,0.234978,0.023658,0.239659,0.012676,0.198517
TGGTCGTGCAAGGCAA-1,0.255409,0.140203,0.024573,0.052108,0.015729,0.168669,0.343309
TGGTCTAGCTTACATG-1,0.061231,0.352316,0.079301,0.047428,0.310307,0.009401,0.140016
TGGTCTGTTGGGCGTA-1,0.370644,0.179811,0.000122,0.247708,0.029887,0.01499,0.156838
TGGTGATCGTATTTGT-1,0.308232,0.193602,0.008557,0.25306,0.090597,0.028499,0.117452
TGGTTAACTTACATTT-1,0.013404,0.067089,0.278591,0.107246,0.435058,0.011028,0.087584
TGGTTAAGGGCGCTGG-1,0.038686,0.000969,0.102097,0.695248,0.110016,0.046721,0.006263
TGGTTATGCTTGCGGT-1,0.299973,0.266859,0.069828,0.052839,0.087586,0.04039,0.182526
TGGTTCAACGGGTAAT-1,0.037341,0.395023,0.093195,0.072065,0.15281,0.004009,0.245556
TGGTTCGTAGCAAAGG-1,0.032371,0.025781,0.01842,0.10936,0.026841,0.008438,0.778788
TGGTTGGAGGATCCTG-1,0.000159,0.000159,0.000159,0.000159,0.000318,0.000159,0.998886
TGGTTTAAACGTGGGT-1,0.351837,0.076332,0.008763,0.377167,0.12825,0.007832,0.049819
TGTAAGACTGATAAGA-1,0.001379,0.166155,0.115681,0.002042,0.050871,0.000084,0.663788
TGTAATGACCACAATA-1,0.05191,0.048831,0.069679,0.117924,0.025189,0.009846,0.676621
TGTACCCGACCCTAAT-1,0.000273,0.043813,0.000273,0.000273,0.240251,0.017898,0.69722
TGTACCTACACGAGGG-1,0.028991,0.187323,0.153761,0.036263,0.572476,0.000259,0.020928
TGTACGAACAAATCCG-1,0.073584,0.23863,0.191453,0.036674,0.263245,0.067815,0.128598
TGTACTACTCTCACGG-1,0.0025,0.00013,0.00013,0.00013,0.000261,0.037264,0.959585
TGTACTTCCGGGCATG-1,0.376575,0.04134,0.027527,0.227849,0.103204,0.051847,0.171657
TGTAGCCAATTCCGTT-1,0.052917,0.21819,0.138629,0.045914,0.493299,0.001226,0.049826
TGTAGCCATCCCATTC-1,0.142421,0.023617,0.079809,0.434987,0.227649,0.039273,0.052244
TGTAGGAGAAATTTCC-1,0.026195,0.158114,0.214475,0.017435,0.469648,0.022563,0.091571
TGTAGTGATCTATAAT-1,0.560624,0.226166,0.002952,0.091032,0.067613,0.00003,0.051583
TGTATAACAGATCCTG-1,0.130005,0.444776,0.000918,0.037821,0.048279,0.000478,0.337723
TGTATACGGATGATGA-1,0.038575,0.092237,0.006276,0.102796,0.039735,0.087514,0.632867
TGTATCCTTATTCCAT-1,0.210037,0.021676,0.109194,0.168919,0.037245,0.020128,0.432801
TGTATGGCGCAGACAG-1,0.004008,0.061611,0.151266,0.020202,0.75042,0.003075,0.009419
TGTCATTTGTTGGGAA-1,0.289011,0.007406,0.040648,0.403402,0.031672,0.077562,0.150297
TGTCCACGGCTCAACT-1,0.18577,0.102332,0.011945,0.253498,0.439133,0.001643,0.005679
TGTCCCGACATAGCAC-1,0.099244,0.007024,0.037907,0.65993,0.014958,0.125775,0.055162
TGTCCGTGGCGCCTTT-1,0.250605,0.128645,0.002643,0.403833,0.036759,0.00004,0.177476
TGTCCTAAGTCACCGC-1,0.325706,0.038361,0.03085,0.244698,0.059846,0.061051,0.239487
TGTCGGCATGGTGGAA-1,0.149085,0.084736,0.159744,0.084418,0.277819,0.108,0.136198
TGTCGTTATCACATAT-1,0.039454,0.192106,0.177696,0.194142,0.324263,0.000041,0.072298
TGTCTACAGTTTCTGT-1,0.434799,0.156469,0.036284,0.123442,0.092686,0.027171,0.129149
TGTGACTACGCCAGTC-1,0.139671,0.056233,0.013143,0.166712,0.00388,0.090454,0.529907
TGTGACTAGAGTTTGC-1,0.266187,0.042469,0.029019,0.304545,0.27146,0.003829,0.082491
TGTGAGACTAGCCCAA-1,0.000174,0.18401,0.015419,0.000073,0.025239,0.017733,0.757352
TGTGCCAGAGGCAAAG-1,0.002617,0.048761,0.084127,0.030885,0.832025,0.000015,0.001571
TGTGCCGGTGCCGGAA-1,0.048617,0.263943,0.300539,0.012097,0.137682,0.045331,0.191791
TGTGCTTTACGTAAGA-1,0.07924,0.029686,0.00006,0.012704,0.000116,0.189771,0.688423
TGTGGACTATCTACGT-1,0.050183,0.003229,0.084362,0.489831,0.086568,0.230321,0.055506
TGTGGCAAAGCGTATG-1,0.276105,0.374752,0.013474,0.100845,0.196484,0.000022,0.038319
TGTGGCGGGCTTCTGG-1,0.004266,0.489536,0.077498,0.000069,0.07379,0.000049,0.354792
TGTGGCTCCCACCAAC-1,0.150899,0.04773,0.138944,0.272126,0.307633,0.012852,0.069815
TGTGGTAGGGTGCCTT-1,0.09621,0.031234,0.072413,0.374923,0.201137,0.03009,0.193993
TGTGGTTGCTAAAGCT-1,0.000086,0.129525,0.005513,0.000086,0.000984,0.000086,0.863719
TGTGTAGTAGCACGTG-1,0.367286,0.053199,0.068815,0.160834,0.199034,0.027058,0.123774
TGTGTCGAAGTCGAGG-1,0.287342,0.15772,0.06712,0.191197,0.020291,0.043182,0.233148
TGTGTCGCGAGTTGCA-1,0.283793,0.026138,0.036576,0.13265,0.043489,0.049003,0.428351
TGTGTGACCATGAATC-1,0.082181,0.034796,0.117813,0.224644,0.309911,0.196216,0.034441
TGTGTTCGTATCCAAG-1,0.190948,0.105032,0.000072,0.000072,0.000144,0.000072,0.703661
TGTTAACAAAGTGACT-1,0.012426,0.014234,0.041852,0.006594,0.005714,0.119932,0.799248
TGTTATTGTATGTGGC-1,0.028113,0.329004,0.118451,0.02881,0.470793,0.000031,0.024798
TGTTCATAAATGTGCT-1,0.141076,0.145175,0.035382,0.382675,0.159915,0.026662,0.109115
TGTTCCGCTTCCATGA-1,0.315236,0.046305,0.038038,0.210009,0.313081,0.055631,0.021701
TGTTCCGGCCTGAGCT-1,0.012191,0.276581,0.090438,0.026817,0.544487,0.000041,0.049444
TGTTCGTATTGCGGTG-1,0.014713,0.141631,0.037336,0.083344,0.164041,0.000093,0.558842
TGTTCTTCCATTGACT-1,0.714937,0.120916,0.002769,0.024099,0.040459,0.000052,0.096769
TGTTGCCGTCGTCCCA-1,0.32846,0.068894,0.035695,0.307472,0.096897,0.04963,0.112951
TGTTGTCAAGAAGTCT-1,0.323202,0.068195,0.016936,0.225181,0.320471,0.018753,0.027261
TGTTTAATACTTCATC-1,0.000107,0.000107,0.000107,0.000107,0.000215,0.346983,0.652374
TGTTTCGGTACTTCTC-1,0.035531,0.06415,0.026593,0.609375,0.017726,0.036505,0.210119
TGTTTCTGAAGCGTGC-1,0.035113,0.1832,0.071699,0.012413,0.330309,0.000047,0.367218
TGTTTGAGATCGTCAG-1,0.178329,0.056196,0.115203,0.231275,0.261086,0.057899,0.100012
TTAAACAGAGTCCCGC-1,0.240158,0.117288,0.211668,0.209302,0.171687,0.014002,0.035894
TTAAACCGGTAGCGAC-1,0.000507,0.013029,0.000066,0.000066,0.000131,0.064747,0.921453
TTAAACCTGGTTCCTT-1,0.234846,0.097508,0.069401,0.019027,0.04152,0.111493,0.426205
TTAAACTCGAATTCAT-1,0.083329,0.215761,0.193797,0.101042,0.360148,0.012983,0.032941
TTAAAGTAAGTCGCCA-1,0.154945,0.04045,0.064715,0.300146,0.359112,0.056678,0.023955
TTAACACCTCGAACAT-1,0.033258,0.104375,0.136729,0.195387,0.515762,0.001483,0.013007
TTAACCAACCCTCCCT-1,0.162932,0.0183,0.012217,0.359546,0.018605,0.01163,0.41677
TTAACGAACAAGCAGT-1,0.329157,0.056519,0.02828,0.194727,0.070279,0.122557,0.198481
TTAACGTCGCAAGACC-1,0.000398,0.000076,0.001286,0.000076,0.000151,0.668181,0.329833
TTAACGTTAAAGCCTG-1,0.087172,0.162458,0.007512,0.075138,0.116752,0.000074,0.550893
TTAACTCACGCGTGGA-1,0.405005,0.099583,0.04929,0.160146,0.237577,0.005647,0.042751
TTAACTTCAGGTAGGA-1,0.025507,0.121288,0.39617,0.134772,0.27926,0.007065,0.035937
TTAAGATAGGATTGAC-1,0.032192,0.126793,0.231409,0.030861,0.485457,0.013384,0.079904
TTAAGCCGACAACTTC-1,0.000071,0.000071,0.000071,0.000071,0.000142,0.027238,0.972335
TTAAGCGCCTGACCCA-1,0.396021,0.167612,0.000158,0.200643,0.050552,0.00741,0.177603
TTAAGGATACGGAGGT-1,0.044623,0.017108,0.208964,0.085939,0.030232,0.371694,0.24144
TTAAGGCCCGTACTTT-1,0.030081,0.295951,0.008057,0.000052,0.000105,0.036519,0.629235
TTAAGTATTGTTATCC-1,0.014951,0.076523,0.141687,0.039482,0.724216,0.001559,0.001583
TTAATCAGTACGTCAG-1,0.000102,0.000102,0.000102,0.000102,0.000205,0.105744,0.893641
TTAATGTAGACCAGGT-1,0.499605,0.107663,0.0963,0.015389,0.030445,0.104701,0.145896
TTAATGTGTTTGCAGG-1,0.021378,0.465328,0.092782,0.040855,0.320403,0.001765,0.05749
TTAATTGCTTTGGGTG-1,0.004459,0.012227,0.203823,0.044007,0.720116,0.015213,0.000154
TTAATTTCAGACGCGG-1,0.000155,0.000155,0.000155,0.029762,0.00031,0.000155,0.96931
TTACAACTACGCATCC-1,0.120258,0.129697,0.017022,0.102536,0.000269,0.000134,0.630083
TTACACGATCTGCGAC-1,0.210448,0.048956,0.028578,0.367101,0.327152,0.000352,0.017412
TTACAGACCTAAATGA-1,0.24289,0.091958,0.051181,0.227491,0.19805,0.068311,0.120119
TTACATCGTGGCCTGG-1,0.088773,0.01121,0.008665,0.031708,0.003536,0.381031,0.475077
TTACATGCCACAACTA-1,0.017791,0.031919,0.548266,0.026603,0.184424,0.10078,0.090217
TTACCATTGATTACCC-1,0.337905,0.03439,0.018703,0.055168,0.022421,0.055735,0.475679
TTACCCATTGCCGGGT-1,0.087867,0.13825,0.023723,0.057586,0.007278,0.088069,0.597227
TTACCCTAACAGTCCT-1,0.718417,0.001306,0.073278,0.071048,0.135906,0.000022,0.000022
TTACCCTAGGGATTGG-1,0.027044,0.148735,0.156526,0.012799,0.095039,0.043399,0.516459
TTACCGCCTTAGGGAA-1,0.117354,0.304598,0.160208,0.050788,0.297859,0.001249,0.067945
TTACGGATGGTTCGAG-1,0.124048,0.125245,0.161078,0.099103,0.313776,0.112784,0.063966
TTACGTATCTATGACA-1,0.239761,0.03029,0.058751,0.305465,0.273683,0.009098,0.082952
TTACTAAAGGACTTTA-1,0.082899,0.231236,0.055986,0.064559,0.490915,0.009357,0.065047
TTACTATCGGCTTCTC-1,0.049797,0.020638,0.000192,0.000192,0.000385,0.095127,0.833669
TTACTCCGGCCGGGAA-1,0.036949,0.098411,0.308954,0.087891,0.244152,0.057679,0.165964
TTACTCTGGTACGTAC-1,0.100928,0.174952,0.163516,0.149837,0.306035,0.000126,0.104605
TTACTGGGATATTTCA-1,0.024367,0.20854,0.377804,0.028583,0.307009,0.004436,0.049262
TTACTGTCTAGAGCTC-1,0.054695,0.067408,0.000112,0.200491,0.031345,0.000112,0.645836
TTAGAAGAACATGACT-1,0.033141,0.359347,0.069828,0.099647,0.099329,0.007606,0.331101
TTAGAATAAGGGTCGG-1,0.001662,0.252222,0.06714,0.000099,0.16371,0.000099,0.515066
TTAGACACGATCGTTG-1,0.141937,0.021133,0.000096,0.142661,0.000192,0.000096,0.693886
TTAGACGAGTCACCTC-1,0.008051,0.038929,0.106683,0.123365,0.715385,0.000025,0.007562
TTAGAGGGATATACAG-1,0.18261,0.21529,0.112046,0.130361,0.224224,0.015309,0.12016
TTAGAGTTTAGAAGGA-1,0.18569,0.122434,0.152185,0.039832,0.436326,0.001005,0.062527
TTAGATAGGTCGATAC-1,0.091417,0.151038,0.153539,0.137953,0.422674,0.01927,0.024108
TTAGCAACATGGATGT-1,0.271521,0.086975,0.075987,0.10017,0.053861,0.231399,0.180088
TTAGCTAATACGATCT-1,0.122827,0.064695,0.027589,0.0704,0.103419,0.309868,0.301202
TTAGCTCTGTAATCCG-1,0.168919,0.134772,0.003278,0.205218,0.081578,0.028258,0.377977
TTAGCTGATTTGCCGT-1,0.15212,0.101818,0.220682,0.074526,0.228397,0.177297,0.045159
TTAGGATGGGAGGGTA-1,0.045693,0.008072,0.081734,0.658465,0.165904,0.018972,0.021161
TTAGGTCATAACCGAC-1,0.000096,0.073529,0.074807,0.000068,0.001613,0.138527,0.71136
TTAGTAAACCTGCTCT-1,0.075996,0.401767,0.107215,0.010668,0.220538,0.011723,0.172092
TTAGTAGGGCGGCGGG-1,0.246528,0.13681,0.031932,0.044184,0.021495,0.000077,0.518974
TTAGTTATTCGTGGCA-1,0.024471,0.101503,0.081862,0.021682,0.762276,0.00003,0.008176
TTAGTTCAAGTGTTCG-1,0.041824,0.000024,0.151636,0.493877,0.054963,0.248965,0.008711
TTATAGGTAATTGTCT-1,0.084197,0.360554,0.102439,0.015805,0.335473,0.041481,0.060051
TTATATACGCTGTCAC-1,0.116452,0.173196,0.141269,0.032163,0.411638,0.015827,0.109454
TTATATTTGGCAATCC-1,0.305001,0.027952,0.002616,0.494963,0.063989,0.028801,0.076679
TTATCCAATCGAACTC-1,0.39885,0.206694,0.025538,0.051483,0.045577,0.040077,0.231781
TTATCCGGGATCTATA-1,0.026819,0.074487,0.431987,0.03395,0.390971,0.007244,0.034543
TTATCCTCAAGGAATA-1,0.028173,0.509838,0.093983,0.002473,0.049667,0.004282,0.311583
TTATCGCCTGCGAAGC-1,0.388136,0.16098,0.004784,0.170306,0.038749,0.043235,0.193811
TTATCTGACATTAGGA-1,0.247057,0.320744,0.031078,0.188522,0.161251,0.000616,0.050732
TTATCTGTATCATAAC-1,0.055614,0.006327,0.034586,0.152475,0.041723,0.009312,0.699962
TTATGAATGAAAGGGA-1,0.074739,0.218648,0.274254,0.039233,0.227398,0.042981,0.122746
TTATGACAAACTGGAT-1,0.001093,0.114533,0.015621,0.01722,0.037749,0.013456,0.800329
TTATGATCTTAACGAA-1,0.006096,0.02194,0.104288,0.055116,0.812538,0.000011,0.000011
TTATGCGTCCCGGTCC-1,0.052739,0.001005,0.016747,0.052229,0.002892,0.264363,0.610025
TTATGTTTGCGATAGA-1,0.302391,0.226272,0.003691,0.024456,0.001615,0.000058,0.441516
TTATTAGAGCGTGTTC-1,0.052256,0.048393,0.25931,0.195273,0.399912,0.028377,0.016478
TTATTAGGGAAGCATC-1,0.346727,0.092377,0.038403,0.299605,0.059158,0.003543,0.160186
TTATTATCTGGAAGGC-1,0.256583,0.076616,0.033547,0.368824,0.113285,0.013862,0.137284
TTATTTAGGTTCCTTA-1,0.037471,0.017177,0.000138,0.000138,0.060861,0.068099,0.816117
TTCAAAGTCTCTAGCC-1,0.136921,0.184455,0.168867,0.057177,0.312177,0.021254,0.11915
TTCAACGACCCGACCG-1,0.098882,0.010429,0.017521,0.728802,0.072053,0.024585,0.047728
TTCAAGCCGAGCTGAG-1,0.24645,0.075806,0.004716,0.000165,0.029225,0.09798,0.545659
TTCAATACTCTGAATC-1,0.03319,0.041703,0.427172,0.002613,0.085724,0.200249,0.209349
TTCAATTAGCCATAAT-1,0.00032,0.00032,0.00032,0.00032,0.000641,0.00032,0.997758
TTCACGAAAGGATCAC-1,0.01595,0.194762,0.164549,0.065518,0.531432,0.016125,0.011664
TTCACTCGAGCACCTA-1,0.000093,0.061573,0.230931,0.000059,0.040307,0.041308,0.625729
TTCACTTCCTAGAACG-1,0.000073,0.009294,0.039902,0.000073,0.000146,0.069883,0.880628
TTCAGAGTAACCTGAC-1,0.060918,0.242209,0.268264,0.067478,0.12465,0.089284,0.147197
TTCAGCCCTGGTCCAC-1,0.049898,0.169445,0.089085,0.064811,0.616277,0.000022,0.010462
TTCAGCTGGCGTGCCC-1,0.068693,0.262397,0.231682,0.049895,0.286967,0.013926,0.08644
TTCAGGCGTCAAAGCC-1,0.3666,0.178479,0.008577,0.257485,0.072174,0.023046,0.093639
TTCAGTTTGTGGCAGC-1,0.283135,0.1348,0.011048,0.049301,0.014002,0.04831,0.459404
TTCATAGCCTTGTAAC-1,0.017992,0.059136,0.644644,0.129622,0.131294,0.000017,0.017296
TTCATAGGGTGTCCAT-1,0.042268,0.457942,0.105909,0.00598,0.175702,0.035024,0.177175
TTCATGGCGCAACAGG-1,0.000063,0.000063,0.000063,0.000063,0.000126,0.181939,0.817681
TTCCAATCAGAGCTAG-1,0.078128,0.001914,0.019071,0.62615,0.252324,0.022383,0.000029
TTCCAATCTGGCTATC-1,0.10335,0.103635,0.181815,0.083663,0.42474,0.073588,0.029209
TTCCACACAGATTTGA-1,0.000417,0.126466,0.413467,0.046327,0.386559,0.000037,0.026726
TTCCAGACGAGATTTA-1,0.195861,0.028298,0.025482,0.295191,0.436346,0.011064,0.007758
TTCCATCGACAGCGTG-1,0.051421,0.030498,0.008984,0.435777,0.471854,0.000024,0.001442
TTCCCGGCGCCAATAG-1,0.159292,0.015913,0.017652,0.505145,0.286959,0.012537,0.002503
TTCCGCAGAGAAATAT-1,0.240111,0.028918,0.004817,0.187855,0.102808,0.35504,0.080451
TTCCGCGTGAGGCGAT-1,0.0072,0.144612,0.313432,0.0267,0.485447,0.00002,0.02259
TTCCGGCCTTGAGGCT-1,0.016283,0.500166,0.010797,0.00009,0.009003,0.00009,0.463572
TTCCGGTATCTGTGTC-1,0.115319,0.135555,0.085485,0.242149,0.375808,0.001504,0.044179
TTCCGGTTACCCACTT-1,0.004082,0.004469,0.065798,0.040083,0.885537,0.000015,0.000015
TTCCTCGAGGGTGTCT-1,0.131754,0.012003,0.006038,0.004393,0.000584,0.080913,0.764315
TTCCTCGGACTAACCA-1,0.05457,0.23809,0.178174,0.062258,0.396712,0.000025,0.070172
TTCCTCTGCCCGAATA-1,0.163877,0.013,0.015342,0.192893,0.027348,0.022261,0.565279
TTCCTTTCTGTGTTGC-1,0.185146,0.192105,0.014636,0.223366,0.327517,0.022338,0.034893
TTCGACAGAGCCCGTG-1,0.086483,0.558086,0.00297,0.033207,0.065227,0.000061,0.253965
TTCGACGGGAAGGGCG-1,0.028869,0.046795,0.003423,0.000106,0.000211,0.000106,0.920491
TTCGCACTCGCGTGCT-1,0.000188,0.000159,0.02853,0.009186,0.137522,0.000159,0.824257
TTCGCACTGTACGACA-1,0.000095,0.150955,0.000095,0.000095,0.000189,0.000095,0.848478
TTCGCATCCGGAAGCA-1,0.054888,0.309515,0.097402,0.042723,0.304931,0.029577,0.160965
TTCGCCGCTCGCGCTA-1,0.054507,0.349989,0.050929,0.026155,0.442698,0.018313,0.057409
TTCGCGCGCCATACGA-1,0.000139,0.075022,0.15107,0.000139,0.000279,0.000139,0.773212
TTCGCTAGGAAGTTGT-1,0.292123,0.224918,0.039794,0.096357,0.146869,0.08553,0.114408
TTCGCTATCTGACGTG-1,0.016836,0.004509,0.002735,0.331494,0.117687,0.474876,0.051864
TTCGGACTGGGCATGG-1,0.000408,0.02216,0.000408,0.000408,0.000816,0.000408,0.975392
TTCGGCAACCCGCTGA-1,0.04381,0.004269,0.000075,0.056001,0.00015,0.043932,0.851762
TTCGGCTAGAGATGGT-1,0.103127,0.22062,0.146164,0.036291,0.045498,0.166859,0.281441
TTCGGGACTAATCGCG-1,0.026756,0.220514,0.064589,0.055958,0.508085,0.011146,0.112951
TTCGGGCGCTAGTCTT-1,0.04677,0.329377,0.079812,0.002834,0.114319,0.001403,0.425486
TTCGGGTTGCCACGGG-1,0.272001,0.108898,0.050047,0.2911,0.077416,0.051264,0.149273
TTCGGTACTGTAGAGG-1,0.030855,0.240182,0.034735,0.028653,0.321183,0.008596,0.335796
TTCGGTGGAGACGCCC-1,0.306842,0.1089,0.081178,0.176852,0.253788,0.024164,0.048277
TTCGTAATCCCAGCGG-1,0.000123,0.000123,0.000123,0.000123,0.000246,0.001824,0.997439
TTCGTACTCCAGAACG-1,0.004703,0.021033,0.000088,0.000088,0.000176,0.000088,0.973825
TTCGTTCAACGAAGTT-1,0.101772,0.010259,0.01571,0.610153,0.236447,0.024927,0.000732
TTCTAACCGAAGCTTA-1,0.04794,0.305753,0.145678,0.006439,0.114506,0.049583,0.330102
TTCTACCTCAATCGGT-1,0.000659,0.000659,0.000659,0.000659,0.001318,0.000659,0.995386
TTCTACTTGCGAGGGC-1,0.192898,0.015977,0.022939,0.548551,0.155442,0.012819,0.051374
TTCTAGAAAGTCTTAT-1,0.000166,0.075742,0.000166,0.000166,0.000332,0.028619,0.894809
TTCTAGGCCAATTGTG-1,0.034392,0.002643,0.13678,0.3728,0.017317,0.320437,0.115632
TTCTATGCCTTTCGCA-1,0.052928,0.007301,0.037585,0.702448,0.121857,0.024406,0.053474
TTCTATTAAACGCAGC-1,0.018322,0.145304,0.021023,0.027303,0.081601,0.002432,0.704015
TTCTCTTACAGGTGAT-1,0.029704,0.085105,0.166143,0.036236,0.303933,0.051436,0.327443
TTCTGACCGGGCTCAA-1,0.030254,0.124539,0.097863,0.03725,0.700092,0.004822,0.005179
TTCTGCCGCGCCTAGA-1,0.108933,0.410953,0.001122,0.000081,0.012883,0.000081,0.465946
TTCTGCGAGCGCCCTT-1,0.008807,0.012391,0.000144,0.000144,0.000289,0.000144,0.978081
TTCTGCGGGTTAGCGG-1,0.048409,0.325386,0.086643,0.01962,0.416598,0.004824,0.098519
TTCTGCTAGACTCCAA-1,0.054829,0.009572,0.039873,0.512416,0.368901,0.009895,0.004514
TTCTGTTTCCTGTCGC-1,0.021905,0.020761,0.012658,0.162587,0.782064,0.000012,0.000012
TTCTTAGTGAACGGTG-1,0.177223,0.005413,0.003754,0.550042,0.249268,0.014279,0.000022
TTCTTAGTGGCTCAGA-1,0.152078,0.027983,0.009768,0.14631,0.053303,0.18644,0.424117
TTCTTATCCGCTGGGT-1,0.040757,0.106289,0.398776,0.076445,0.30667,0.030007,0.041057
TTCTTGAGCCGCGCTA-1,0.054037,0.178615,0.049398,0.04971,0.653575,0.00909,0.005576
TTCTTGCTAGCATCTC-1,0.129148,0.258299,0.030627,0.040911,0.390186,0.039121,0.111707
TTCTTGGACGATCTGC-1,0.06079,0.239731,0.116028,0.060731,0.467319,0.000028,0.055374
TTCTTGGAGTAATGAG-1,0.484212,0.081497,0.002994,0.312207,0.071761,0.007764,0.039565
TTCTTGTAACCTAATG-1,0.39128,0.115662,0.002451,0.266669,0.080723,0.000054,0.14316
TTCTTGTGTCCATCAG-1,0.135995,0.086335,0.092449,0.362602,0.177117,0.059902,0.0856
TTCTTTGGTCGCGACG-1,0.282415,0.032341,0.088403,0.146601,0.105345,0.234707,0.110189
TTGAAACCCTCATTCC-1,0.465934,0.034279,0.018073,0.169295,0.030233,0.024353,0.257832
TTGAAAGGTGTAAAGG-1,0.000061,0.000061,0.000061,0.000061,0.000121,0.904899,0.094738
TTGAACGAATCCTTTG-1,0.126216,0.36364,0.021289,0.11927,0.116323,0.000046,0.253215
TTGAACGACGTGCTGA-1,0.000149,0.007224,0.213431,0.038749,0.688361,0.035889,0.016198
TTGAAGAATTCCCAGG-1,0.025577,0.001582,0.016229,0.704999,0.226532,0.025068,0.000013
TTGAAGGATGGGCGCC-1,0.01262,0.111487,0.092736,0.075856,0.351082,0.016264,0.339954
TTGAATATGGACTTTC-1,0.00857,0.023916,0.401771,0.107977,0.40092,0.03717,0.019677
TTGAATCGTTGTATAA-1,0.216116,0.150484,0.035148,0.188772,0.371688,0.006997,0.030796
TTGAATTCACGTGAGG-1,0.031042,0.146621,0.317667,0.03817,0.320806,0.080074,0.06562
TTGACAGGAGCTCCCG-1,0.016169,0.024306,0.169164,0.071644,0.675342,0.041233,0.002142
TTGACATGAACGTGGA-1,0.064786,0.481039,0.128331,0.006046,0.104314,0.020286,0.195197
TTGACCAGGAACAACT-1,0.051256,0.281906,0.093542,0.020328,0.490628,0.025487,0.036852
TTGACCATGTTCTCCG-1,0.23099,0.014543,0.063769,0.386444,0.212767,0.076634,0.014852
TTGACCGTGTTAATGA-1,0.045822,0.037397,0.048765,0.037379,0.816228,0.012822,0.001586
TTGACGATTCAGCACG-1,0.031426,0.008522,0.450323,0.132323,0.021667,0.080439,0.275299
TTGACGCTCCATGAGC-1,0.002478,0.01092,0.202551,0.085769,0.694763,0.002315,0.001204
TTGACTACCATATGGT-1,0.230863,0.389593,0.041497,0.00541,0.085521,0.039023,0.208093
TTGACTATTGTCCGGC-1,0.069687,0.336062,0.101165,0.04289,0.306902,0.013849,0.129444
TTGAGAAGTTTAGCAT-1,0.019581,0.18436,0.305107,0.060168,0.359975,0.006954,0.063855
TTGAGAGTACTGCTAA-1,0.081058,0.125383,0.292756,0.071401,0.242745,0.008398,0.178259
TTGAGCAGCCCACGGT-1,0.333288,0.092972,0.107631,0.137419,0.189689,0.032102,0.106898
TTGAGCGCCACGTGAT-1,0.062492,0.009046,0.067376,0.546858,0.235746,0.072232,0.006249
TTGAGTCCCGCTGCTG-1,0.133704,0.004541,0.040288,0.503855,0.246353,0.066344,0.004915
TTGATAGTCAATACAT-1,0.492333,0.047698,0.105039,0.154538,0.078884,0.047722,0.073785
TTGATCTAACTTTGTC-1,0.326408,0.055338,0.034348,0.225455,0.163869,0.00982,0.184762
TTGATGCCGCTCGTCG-1,0.000455,0.000455,0.000455,0.000455,0.000911,0.000455,0.996812
TTGATGTGTAGTCCCG-1,0.478162,0.045723,0.034592,0.089681,0.154232,0.030674,0.166936
TTGATTAGCTGTTTCT-1,0.030759,0.130657,0.581898,0.010973,0.120875,0.031107,0.093731
TTGATTATGCAGATGA-1,0.236251,0.04098,0.000075,0.001356,0.000151,0.000075,0.721112
TTGCAAGAAGACTCCT-1,0.030265,0.207837,0.205364,0.056449,0.393665,0.005602,0.100818
TTGCACAATTCAGAAA-1,0.047726,0.136149,0.077022,0.02824,0.683205,0.003025,0.024633
TTGCACGGAGCAGCAC-1,0.022177,0.000115,0.004933,0.386089,0.039462,0.055423,0.491801
TTGCATGCTGATCACG-1,0.155279,0.091321,0.072359,0.119619,0.448233,0.097617,0.015572
TTGCCAAGCAGAACCC-1,0.016962,0.000876,0.013112,0.547445,0.410385,0.011206,0.000014
TTGCCATAGCCCGCTC-1,0.022605,0.253656,0.337277,0.000596,0.065519,0.056631,0.263716
TTGCCCTGATCACGGG-1,0.505415,0.086925,0.005963,0.12664,0.0464,0.000069,0.228588
TTGCCGCAGACCTACA-1,0.032536,0.288686,0.022724,0.002331,0.069575,0.000062,0.584086
TTGCCGCTTTCTAGTA-1,0.032074,0.152362,0.206186,0.082404,0.41248,0.002695,0.111799
TTGCCTAATCCAAAGT-1,0.000293,0.052103,0.000293,0.000293,0.000587,0.000293,0.946137
TTGCCTTCTCGCCGGG-1,0.325807,0.109301,0.022823,0.219828,0.184623,0.004244,0.133373
TTGCGCTCTCTCGCTT-1,0.053016,0.280859,0.166632,0.081439,0.328681,0.01781,0.071563
TTGCGCTTGATCAATA-1,0.125013,0.043371,0.145238,0.354467,0.161315,0.033441,0.137155
TTGCGGCATCAGAAAG-1,0.113013,0.494273,0.056003,0.019227,0.080085,0.000055,0.237343
TTGCGTAGTTTGAGGA-1,0.179485,0.041762,0.003461,0.451346,0.277737,0.001406,0.044802
TTGCGTCGGCCAACCG-1,0.033288,0.059015,0.139951,0.288107,0.435297,0.018906,0.025436
TTGCGTGTGTAGGCAT-1,0.064756,0.212714,0.152435,0.014664,0.424278,0.014812,0.116341
TTGCTCATAGTACGTG-1,0.283922,0.050097,0.045748,0.161396,0.330915,0.054173,0.073749
TTGCTCCCATACCGGA-1,0.117311,0.00101,0.004043,0.740083,0.117418,0.015931,0.004203
TTGCTGAAGGAACCAC-1,0.037555,0.000564,0.02189,0.026699,0.000187,0.522789,0.390316
TTGCTGATCATGTTCG-1,0.256334,0.08717,0.006941,0.322528,0.279252,0.010949,0.036826
TTGCTGCACCTATCCA-1,0.45507,0.257944,0.00396,0.011153,0.023327,0.00875,0.239796
TTGCTGGCCGGGCTTC-1,0.000153,0.000153,0.000153,0.000153,0.000306,0.076568,0.922514
TTGGAAGAATACAGTC-1,0.024418,0.179718,0.281918,0.000024,0.038237,0.182152,0.293533
TTGGACATGTGGCTTA-1,0.389364,0.248611,0.002374,0.089145,0.118501,0.002266,0.149739
TTGGACCATCTGGCAA-1,0.170118,0.24793,0.218483,0.030558,0.136355,0.0134,0.183156
TTGGACCTATAACAGT-1,0.022621,0.095479,0.575481,0.016516,0.112801,0.108804,0.068299
TTGGAGTCTCCCTTCT-1,0.287837,0.220111,0.016206,0.08886,0.03644,0.022725,0.32782
TTGGATATCGTCTACG-1,0.043226,0.290332,0.245909,0.02091,0.267669,0.000063,0.131891
TTGGATCGACTTCTGG-1,0.376908,0.052646,0.000139,0.265289,0.046035,0.000139,0.258843
TTGGATTGGGTACCAC-1,0.179954,0.109985,0.019753,0.334835,0.07059,0.029828,0.255055
TTGGCCATCTTGCGCT-1,0.003286,0.019666,0.089722,0.00003,0.000087,0.632604,0.254605
TTGGCCTAGAATTTCG-1,0.000088,0.000088,0.000088,0.000088,0.000176,0.269331,0.73014
TTGGCGATCCGAATAT-1,0.568099,0.161578,0.019505,0.092731,0.06265,0.021351,0.074085
TTGGCTCAATATGTGT-1,0.174463,0.033818,0.023547,0.521608,0.224055,0.001837,0.020673
TTGGCTCGCATGAGAC-1,0.217805,0.052875,0.007251,0.529713,0.075755,0.046152,0.070447
TTGGGAAGACGAGCCG-1,0.075556,0.248353,0.131874,0.069408,0.29789,0.001359,0.175559
TTGGGACACTGCCCGC-1,0.271906,0.276813,0.03264,0.138876,0.116472,0.004193,0.159101
TTGGGACGTAAGAGTT-1,0.073795,0.062682,0.127562,0.276309,0.415257,0.007522,0.036871
TTGGGCGGCGGTTGCC-1,0.211241,0.16636,0.005066,0.211952,0.357384,0.005534,0.042463
TTGGTATGGCTTGTGT-1,0.16312,0.008158,0.044924,0.573152,0.152224,0.028433,0.029988
TTGGTCACACTCGTAA-1,0.071151,0.092421,0.376509,0.142069,0.309252,0.005413,0.003186
TTGGTTCGCTCAAAGG-1,0.203052,0.027459,0.10553,0.381484,0.071334,0.086286,0.124854
TTGGTTGCGGTGCGCG-1,0.00417,0.048556,0.031422,0.048467,0.866576,0.000797,0.000012
TTGTAAGGACCTAAGT-1,0.097239,0.445075,0.072935,0.021545,0.175591,0.000037,0.187579
TTGTAAGGCCAGTTGG-1,0.335643,0.10947,0.012961,0.195411,0.319504,0.000036,0.026975
TTGTAATCCGTACTCG-1,0.198112,0.073526,0.052608,0.147765,0.520203,0.005162,0.002623
TTGTACACCTCGAACA-1,0.095147,0.210083,0.334472,0.097724,0.212187,0.015971,0.034417
TTGTATCACACAGAAT-1,0.134286,0.007075,0.050693,0.128279,0.077275,0.160861,0.441531
TTGTCACCGCGGTATC-1,0.040214,0.415238,0.137309,0.036072,0.329011,0.000026,0.04213
TTGTCGTTCAGTTACC-1,0.000194,0.086651,0.000194,0.006437,0.146032,0.037261,0.723231
TTGTGAACCTAATCCG-1,0.027427,0.028023,0.206443,0.045947,0.277979,0.341514,0.072667
TTGTGAGGCATGACGC-1,0.214594,0.049916,0.062878,0.356217,0.254564,0.027803,0.034029
TTGTGATCTGTTCAGT-1,0.197869,0.091061,0.042244,0.315937,0.167566,0.006615,0.178708
TTGTGCAGCCACGTCA-1,0.042796,0.103577,0.127799,0.06955,0.465265,0.04431,0.146702
TTGTGCGGAAGCGGAT-1,0.027745,0.170946,0.09577,0.082294,0.538265,0.010794,0.074186
TTGTGGCCCTGACAGT-1,0.09636,0.019762,0.090079,0.165978,0.061163,0.051071,0.515587
TTGTGGTAGGAGGGAT-1,0.035637,0.636693,0.045513,0.001026,0.16701,0.011871,0.102249
TTGTGGTATAGGTATG-1,0.10373,0.013168,0.009108,0.023102,0.08111,0.168266,0.601515
TTGTGGTGGTACTAAG-1,0.15864,0.166368,0.089241,0.08398,0.439296,0.02837,0.034105
TTGTGTATGCCACCAA-1,0.000113,0.137888,0.000113,0.000113,0.000226,0.000113,0.861433
TTGTGTTTCCCGAAAG-1,0.011,0.308294,0.066305,0.000092,0.091104,0.001112,0.522095
TTGTTAGCAAATTCGA-1,0.172372,0.014207,0.025384,0.502467,0.062103,0.099021,0.124445
TTGTTCAGTGTGCTAC-1,0.5203,0.095217,0.012265,0.192487,0.018646,0.005325,0.15576
TTGTTCTAGATACGCT-1,0.060244,0.402277,0.135875,0.01558,0.215882,0.014348,0.155794
TTGTTGTGTGTCAAGA-1,0.136472,0.557838,0.00246,0.009761,0.025751,0.004752,0.262967
TTGTTTCACATCCAGG-1,0.009645,0.352016,0.00014,0.051516,0.05371,0.00014,0.532835
TTGTTTCATTAGTCTA-1,0.000111,0.262957,0.006959,0.000111,0.000222,0.000111,0.729528
TTGTTTCCATACAACT-1,0.118932,0.485725,0.054554,0.006657,0.106857,0.006756,0.220519
TTGTTTGTGTAAATTC-1,0.000105,0.057814,0.000105,0.030439,0.00021,0.000105,0.911222
