Barcode,Topic 1,Topic 2,Topic 3to10
AAACAACGAATAGTTC-1,0.000258,0.626415,0.373326
AAACAAGTATCTCCCA-1,0.000368,0.025885,0.973748
AAACACCAATAACTGC-1,0.000009,0.000009,0.999983
AAACAGAGCGACTCCT-1,0.000024,0.012443,0.987533
AAACAGCTTTCAGAAG-1,0.000039,0.104584,0.895377
AAACAGGGTCTATATT-1,0.01206,0.054742,0.933198
AAACAGTGTTCCTGGG-1,0.00003,0.051966,0.948004
AAACATGGTGAGAGGA-1,0.000066,0.166892,0.833042
AAACATTTCCCGGATT-1,0.000794,0.000794,0.998412
AAACCACTACACAGAT-1,0.000017,0.000017,0.999966
AAACCCGAACGAAATC-1,0.000013,0.015976,0.984011
AAACCGGAAATGTTAA-1,0.004711,0.153311,0.841978
AAACCGGGTAGGTACC-1,0.000017,0.020061,0.979922
AAACCGTTCGTCCAGG-1,0.000027,0.019609,0.980364
AAACCTAAGCAGCCGG-1,0.004578,0.133095,0.862327
AAACCTCATGAAGTTG-1,0.00001,0.037916,0.962074
AAACGAAGAACATACC-1,0.05492,0.189484,0.755596
AAACGAAGATGGAGTA-1,0.00005,0.422199,0.577751
AAACGACAGTCTTGCC-1,0.000012,0.002267,0.997721
AAACGAGACGGTTGAT-1,0.013369,0.004954,0.981677
AAACGCCCGAGATCGG-1,0.00002,0.00002,0.99996
AAACGGGCGTACGGGT-1,0.000714,0.000714,0.998571
AAACGGGTTGGTATCC-1,0.121161,0.535712,0.343127
AAACGGTTGCGAACTG-1,0.000021,0.000021,0.999958
AAACGTGTTCGCCCTA-1,0.000039,0.044605,0.955356
AAACTAACGTGGCGAC-1,0.000014,0.001127,0.998859
AAACTCGGTTCGCAAT-1,0.004972,0.001752,0.993275
AAACTCGTGATATAAG-1,0.063797,0.047607,0.888596
AAACTGCTGGCTCCAA-1,0.000022,0.020447,0.97953
AAACTTAATTGCACGC-1,0.000023,0.032088,0.967888
AAACTTGCAAACGTAT-1,0.000014,0.026147,0.973839
AAAGAATGACCTTAGA-1,0.000044,0.247177,0.752779
AAAGAATGTGGACTAA-1,0.000049,0.050358,0.949593
AAAGACATGAAGTTTA-1,0.000046,0.151341,0.848612
AAAGACCCAAGTCGCG-1,0.000029,0.212495,0.787476
AAAGACTGGGCGCTTT-1,0.003038,0.288124,0.708838
AAAGCTTGCCTACATA-1,0.00001,0.00728,0.99271
AAAGGCCCTATAATAC-1,0.000011,0.000011,0.999979
AAAGGCTACGGACCAT-1,0.019792,0.054008,0.9262
AAAGGCTCTCGCGCCG-1,0.00003,0.043583,0.956387
AAAGGGATGTAGCAAG-1,0.000026,0.040315,0.959659
AAAGGGCAGCTTGAAT-1,0.000032,0.18741,0.812558
AAAGGTAAGCTGTACC-1,0.000025,0.004558,0.995417
AAAGGTCAACGACATG-1,0.000034,0.067717,0.932249
AAAGTAGCATTGCTCA-1,0.000024,0.006917,0.993059
AAAGTCACTGATGTAA-1,0.000043,0.081426,0.918531
AAAGTCGACCCTCAGT-1,0.000026,0.077457,0.922517
AAAGTGTGATTTATCT-1,0.048112,0.00018,0.951708
AAAGTTGACTCCCGTA-1,0.000077,0.000077,0.999846
AAATAACCATACGGGA-1,0.000026,0.083555,0.916419
AAATAAGGTAGTGCCC-1,0.000019,0.000125,0.999856
AAATACCTATAAGCAT-1,0.051505,0.374841,0.573655
AAATAGCTTAGACTTT-1,0.005236,0.000038,0.994726
AAATAGGGTGCTATTG-1,0.000042,0.000042,0.999917
AAATCACTCCTAAACG-1,0.000017,0.049137,0.950846
AAATCCGATACACGCC-1,0.009943,0.000498,0.98956
AAATCGCGGAAGGAGT-1,0.000025,0.157455,0.84252
AAATCGTGTACCACAA-1,0.000032,0.035481,0.964487
AAATCTAGCCCTGCTA-1,0.000309,0.000309,0.999383
AAATCTGCCCGCGTCC-1,0.000032,0.010293,0.989676
AAATGACTGATCAAAC-1,0.00002,0.00002,0.99996
AAATGATTCGATCAGC-1,0.044609,0.124062,0.831328
AAATGCTCGTTACGTT-1,0.000031,0.766175,0.233794
AAATGGCATGTCTTGT-1,0.000027,0.003209,0.996764
AAATGGCCCGTGCCCT-1,0.000009,0.027545,0.972445
AAATGGTCAATGTGCC-1,0.031181,0.022943,0.945876
AAATGTGGGTGCTCCT-1,0.208034,0.523354,0.268612
AAATTAACGGGTAGCT-1,0.000032,0.000032,0.999936
AAATTACACGACTCTG-1,0.000025,0.000116,0.999859
AAATTACCTATCGATG-1,0.253421,0.000167,0.746412
AAATTCCAGGTCCAAA-1,0.000024,0.000024,0.999951
AAATTGATAGTCCTTT-1,0.000024,0.000024,0.999952
AAATTGGTGAGAAGCA-1,0.000041,0.021767,0.978192
AAATTTACCGAAATCC-1,0.000016,0.033052,0.966933
AAATTTGCGGGTGTGG-1,0.000022,0.001609,0.99837
AACAACTGGTAGTTGC-1,0.000017,0.016516,0.983467
AACAATACATTGTCGA-1,0.000029,0.002827,0.997144
AACAATTACTCTACGC-1,0.000045,0.091942,0.908013
AACACACGCTCGCCGC-1,0.000329,0.000329,0.999342
AACACGACTGTACTGA-1,0.05654,0.050373,0.893087
AACACGAGACGCGGCC-1,0.000013,0.035752,0.964235
AACACGCGGCCGCGAA-1,0.041325,0.466965,0.49171
AACAGCTGTGTGGCAA-1,0.00002,0.001734,0.998246
AACAGGAAATCGAATA-1,0.000028,0.050446,0.949526
AACAGGATGGGCCGCG-1,0.000013,0.004689,0.995299
AACAGGTAGTATGGAT-1,0.000039,0.010765,0.989196
AACATAGCGTGTATCG-1,0.000397,0.000397,0.999206
AACATATCAACTGGTG-1,0.008318,0.0488,0.942882
AACATCGATACGTCTA-1,0.000061,0.000061,0.999878
AACATTGAAGTTGATC-1,0.003951,0.00001,0.996039
AACATTGGTCAGCCGT-1,0.011325,0.918309,0.070366
AACATTGTGACTCGAG-1,0.000055,0.000055,0.99989
AACCAAGACTTCTCTG-1,0.000007,0.000007,0.999986
AACCAGTATCACTCTT-1,0.000028,0.10511,0.894861
AACCATAGGGTTGAAC-1,0.000025,0.029036,0.970939
AACCATGGGATCGCTA-1,0.020324,0.349401,0.630275
AACCCAGAGACGGAGA-1,0.000061,0.186809,0.81313
AACCCATCCCATGATC-1,0.000019,0.000019,0.999961
AACCCGACAACCCGTG-1,0.000028,0.003618,0.996354
AACCCGAGCAGAATCG-1,0.037042,0.08663,0.876328
AACCCGATAGGGCTTC-1,0.000027,0.051748,0.948225
AACCCGCTGTATTCCA-1,0.000022,0.000022,0.999957
AACCCTACTGTCAATA-1,0.000048,0.000048,0.999905
AACCCTGGTGGAACCA-1,0.000016,0.02731,0.972674
AACCGAGCTTGGTCAT-1,0.000019,0.001723,0.998258
AACCGCTAAGGGATGC-1,0.005771,0.035173,0.959056
AACCGTTGTGTTTGCT-1,0.000029,0.016518,0.983454
AACCTAAAGCCGTCCG-1,0.000049,0.113397,0.886554
AACCTCGCTTTAGCCC-1,0.000272,0.000272,0.999456
AACCTGTCACGGAATT-1,0.005472,0.000165,0.994363
AACCTTTAAATACGGT-1,0.000014,0.002834,0.997152
AACCTTTACGACGTCT-1,0.000039,0.049783,0.950178
AACGAAAGTCGTCCCA-1,0.000014,0.049713,0.950273
AACGACCTCCTAGCCG-1,0.000346,0.000346,0.999308
AACGATAATGCCGTAG-1,0.000011,0.065206,0.934783
AACGATAGAAGGGCCG-1,0.001171,0.000762,0.998067
AACGATATGTCAACTG-1,0.26855,0.004983,0.726468
AACGCATGATCTGGGT-1,0.000025,0.000025,0.999949
AACGCGAACGGCAACA-1,0.080391,0.506586,0.413023
AACGCGACCTTGGGCG-1,0.000066,0.007674,0.99226
AACGCGGTCTCCAGCC-1,0.00181,0.011118,0.987072
AACGCTGTTGCTGAAA-1,0.00026,0.00026,0.999479
AACGGACGTACGTATA-1,0.000144,0.000144,0.999712
AACGGCCATCTCCGGT-1,0.000018,0.017056,0.982926
AACGTACTGTGGGTAC-1,0.000023,0.009667,0.99031
AACGTCAGACTAGTGG-1,0.000026,0.006733,0.993241
AACGTCATCCGGCTTG-1,0.000038,0.000038,0.999923
AACGTCGCTGCACTTC-1,0.032781,0.014941,0.952278
AACGTGATGAAGGACA-1,0.062896,0.032852,0.904252
AACGTGCGAAAGTCTC-1,0.000034,0.026617,0.97335
AACTACCCGTTTGTCA-1,0.005508,0.029151,0.965341
AACTAGCGTATCGCAC-1,0.438886,0.56048,0.000634
AACTAGGCTTGGGTGT-1,0.00004,0.042722,0.957238
AACTCAAGTTAATTGC-1,0.003302,0.106567,0.890131
AACTCCAGAGCGTGTT-1,0.012093,0.000568,0.987338
AACTCCTAATCCCATG-1,0.000032,0.000032,0.999936
AACTCGATGGCGCAGT-1,0.299047,0.631451,0.069503
AACTCTCAATAGAGCG-1,0.011999,0.000022,0.98798
AACTCTCAGTGTGCTC-1,0.000036,0.013267,0.986697
AACTGAGGTCAGCGTC-1,0.000025,0.000025,0.99995
AACTGAGTTATACTGA-1,0.000233,0.146354,0.853414
AACTGATATTAGGCCT-1,0.002103,0.054345,0.943552
AACTGGGTCCCGACGT-1,0.000024,0.087261,0.912715
AACTGGGTTCGAGCCG-1,0.000026,0.037254,0.96272
AACTGGTGTGGGCCTT-1,0.005778,0.326483,0.667739
AACTTCTGCGTCTATC-1,0.002913,0.996938,0.000149
AACTTGCCCGTATGCA-1,0.00003,0.100709,0.899261
AACTTGCGTTCTCGCG-1,0.004761,0.911658,0.083581
AACTTTACGGGAGCTT-1,0.018162,0.266313,0.715525
AACTTTAGCTGCTGAG-1,0.174502,0.41844,0.407058
AACTTTCTCGATCATG-1,0.003595,0.036891,0.959514
AAGAAAGTTTGATGGG-1,0.000045,0.105525,0.894429
AAGAAATCACCAGATT-1,0.003198,0.013036,0.983766
AAGAAGGATCAGTTAG-1,0.025535,0.926145,0.04832
AAGACATACGTGGTTT-1,0.000603,0.000603,0.998795
AAGACCAAATAACTCA-1,0.000028,0.1212,0.878773
AAGACCCAACTGAACA-1,0.020614,0.000024,0.979363
AAGACTCACGCCCACT-1,0.000029,0.077541,0.92243
AAGACTGCAAGCTACT-1,0.001574,0.000027,0.998399
AAGAGATGAATCGGTA-1,0.000028,0.014416,0.985556
AAGAGCTCTTTATCGG-1,0.007851,0.048459,0.943691
AAGAGGATGTACGCGA-1,0.000012,0.010313,0.989675
AAGAGGCATGGATCGC-1,0.000031,0.000839,0.99913
AAGAGGCCCTTTGGAA-1,0.008576,0.000063,0.991361
AAGATGGCACCGGACC-1,0.000026,0.005584,0.99439
AAGATTGGCGGAACGT-1,0.045171,0.000019,0.95481
AAGCACCCTGCGTATC-1,0.000027,0.015272,0.984701
AAGCATACTCTCCTGA-1,0.000027,0.004726,0.995247
AAGCCACTTGCAGGTA-1,0.003074,0.053686,0.94324
AAGCCGAAGCGGTTTA-1,0.000218,0.045067,0.954715
AAGCCGCCGTGAAATC-1,0.000014,0.010288,0.989698
AAGCCGCTTTACCTTG-1,0.00402,0.017328,0.978653
AAGCGCAGGGCTTTGA-1,0.000063,0.000063,0.999874
AAGCGGAGTGCGCGCA-1,0.000009,0.005089,0.994902
AAGCGGCGTCATGGGT-1,0.000023,0.000023,0.999954
AAGCGTCCCTCATCGA-1,0.071365,0.000018,0.928617
AAGCTAGATCGAGTAA-1,0.00268,0.038192,0.959128
AAGCTATGGATTGACC-1,0.000057,0.072168,0.927775
AAGCTCGTGCCAAGTC-1,0.000041,0.047659,0.9523
AAGCTCTTTCATGGTG-1,0.022076,0.102419,0.875506
AAGGAGAACTTATAAG-1,0.003129,0.369837,0.627034
AAGGAGCGGTTGGTGC-1,0.000038,0.032446,0.967516
AAGGATCGATCGCTTG-1,0.000104,0.000104,0.999791
AAGGATGAGGGACCTC-1,0.004258,0.046755,0.948987
AAGGCAGGCTGTCTCC-1,0.00002,0.003001,0.996978
AAGGCGCGTAAAGCTT-1,0.000015,0.000015,0.999971
AAGGCTGTGCTCATCG-1,0.000032,0.014216,0.985752
AAGGGAACGACTGGCT-1,0.00002,0.015622,0.984358
AAGGGACAGATTCTGT-1,0.120762,0.000023,0.879215
AAGGGACTATGCATTC-1,0.001781,0.007739,0.99048
AAGGGTTTGATTTCAG-1,0.000102,0.321728,0.67817
AAGGTATCCTAATATA-1,0.001689,0.018211,0.9801
AAGGTGATAAACCAGC-1,0.010727,0.032515,0.956757
AAGTAGAAGACCGGGT-1,0.000025,0.044339,0.955636
AAGTAGTGACGCGAGG-1,0.000039,0.002595,0.997366
AAGTCAATTGTCGTCA-1,0.136506,0.000046,0.863448
AAGTCTAGTAGCTGCC-1,0.00754,0.052255,0.940205
AAGTCTTCTGTGGCCT-1,0.000447,0.000447,0.999107
AAGTGACGACCGAATT-1,0.000029,0.005619,0.994352
AAGTGAGTCGGGTTTA-1,0.059562,0.004249,0.936189
AAGTGCAAAGGTAGAC-1,0.037602,0.709198,0.253199
AAGTGCCTTGACTGTA-1,0.000233,0.067188,0.932579
AAGTGCGTTAGAATCT-1,0.000017,0.047122,0.952862
AAGTGCTTCTCTATTG-1,0.000042,0.000042,0.999916
AAGTGTTTGGAGACGG-1,0.0045,0.016157,0.979344
AAGTTCACTCCAAGCT-1,0.000382,0.000382,0.999236
AAGTTCAGTCTGCGTA-1,0.000024,0.008732,0.991243
AAGTTCGGCCAACAGG-1,0.000022,0.000022,0.999956
AAGTTGTGATGTTATA-1,0.01868,0.000109,0.981211
AAGTTTACTAATGGCA-1,0.000052,0.34962,0.650327
AAGTTTATGGGCCCAA-1,0.000077,0.032493,0.96743
AATAACAACGCTCGGC-1,0.00001,0.00001,0.99998
AATAACACTAGAACAA-1,0.000018,0.042256,0.957727
AATAACGTCGCGCCCA-1,0.013683,0.04242,0.943898
AATAAGTCCTCGAGAC-1,0.000019,0.010062,0.989918
AATAATCTTCGTATCG-1,0.002121,0.059796,0.938083
AATACAATGTTTCAGG-1,0.00005,0.381746,0.618205
AATACCGGAGGGCTGT-1,0.000032,0.000032,0.999936
AATACCTGATGTGAAC-1,0.000146,0.000146,0.999708
AATAGAACAGAGTGGC-1,0.000021,0.003773,0.996207
AATAGAATCTGTTTCA-1,0.020352,0.000061,0.979587
AATAGCAAGCCTCCTG-1,0.00003,0.000951,0.999019
AATAGCTACCGCGTGC-1,0.000028,0.009907,0.990065
AATAGGCACGACCCTT-1,0.000043,0.041796,0.958161
AATAGTCCGTCCCGAC-1,0.000048,0.163442,0.83651
AATATCAAGGTCGGAT-1,0.013082,0.327433,0.659485
AATATCCTAGCAAACT-1,0.000051,0.537541,0.462408
AATATCGAATCAATGC-1,0.000191,0.023774,0.976035
AATATCGAGGGTTCTC-1,0.000038,0.000038,0.999923
AATATTGGAGTATTGA-1,0.001307,0.004721,0.993972
AATCAGACTGCAGGAC-1,0.202449,0.273395,0.524156
AATCAGGTTTCATTTA-1,0.000056,0.000056,0.999889
AATCATGTAAAGACTC-1,0.008391,0.000437,0.991172
AATCCAAGGGCCTGAG-1,0.007367,0.125199,0.867433
AATCCATGCAAGGGTG-1,0.502191,0.49732,0.00049
AATCCCGCTCAGAGCC-1,0.000037,0.000037,0.999926
AATCGAGGTCTCAAGG-1,0.000164,0.143236,0.8566
AATCGCCTCAGCGCCA-1,0.004326,0.000029,0.995645
AATCGCGCAGAGGACT-1,0.000036,0.007571,0.992393
AATCGGGACACTACGA-1,0.000041,0.111398,0.888562
AATCGGTATAGCCCTC-1,0.012193,0.028906,0.958902
AATCGTGAGCCGAGCA-1,0.001177,0.001177,0.997646
AATCTAGGTTTACTTG-1,0.000007,0.005722,0.994271
AATCTATGCCGGAGCC-1,0.00405,0.020819,0.975131
AATCTCTACTGTGGTT-1,0.000058,0.218218,0.781723
AATCTGCGTTGGGACG-1,0.00202,0.000017,0.997963
AATCTGGCTTTCTAGT-1,0.000029,0.01876,0.981212
AATCTGGGTAGACCCT-1,0.000024,0.013447,0.986529
AATGACAGCAATGTCT-1,0.000027,0.009783,0.990191
AATGACGTAGGATGTC-1,0.000033,0.010287,0.98968
AATGACTGTCAGCCGG-1,0.000022,0.015531,0.984447
AATGAGTTCGCATATG-1,0.010749,0.974388,0.014864
AATGATGATACGCTAT-1,0.013812,0.005738,0.98045
AATGATGCGACTCCTG-1,0.046316,0.00006,0.953624
AATGCAACCGGGTACC-1,0.012504,0.003197,0.984299
AATGCACCAAGCAATG-1,0.000031,0.000031,0.999938
AATGGCCGCCAATGCG-1,0.00002,0.000191,0.999788
AATGGTCCACCGTTCA-1,0.000069,0.420322,0.579609
AATGGTTCTCACAAGC-1,0.000026,0.349977,0.649997
AATGTATGGCACTGTA-1,0.00288,0.01366,0.983459
AATGTGCCCGAGGTGT-1,0.000019,0.001439,0.998542
AATGTGCTAATCTGAG-1,0.000031,0.001587,0.998382
AATGTTAAGACCCTGA-1,0.011107,0.092034,0.896858
AATGTTGTCGTGAGAC-1,0.005403,0.000061,0.994536
AATTAAAGGTCGGCGT-1,0.000026,0.121283,0.878691
AATTAACGGATTTCCA-1,0.012081,0.001542,0.986377
AATTACGAGACCCATC-1,0.00007,0.161143,0.838787
AATTAGCGCTGCAGCG-1,0.000025,0.074434,0.925541
AATTATACCCAGCAAG-1,0.370762,0.000178,0.62906
AATTCATAAGGGATCT-1,0.000015,0.000015,0.99997
AATTCATTGTCATGCA-1,0.000027,0.027713,0.972261
AATTCCAAGCATGTAC-1,0.071115,0.00058,0.928304
AATTCGATTCGAGGAT-1,0.014446,0.000044,0.98551
AATTCTAGAGTTAGGC-1,0.131415,0.247854,0.620731
AATTGAACGCTCTGGT-1,0.00003,0.00003,0.999941
AATTGCAGCAATCGAC-1,0.000893,0.000893,0.998214
AATTGCGTGGATTACA-1,0.000036,0.064103,0.935861
AATTGTGGTTGCCAAA-1,0.000582,0.13006,0.869359
AATTTGGGACATAGTA-1,0.000038,0.068932,0.931031
AATTTGGTTCCAAAGA-1,0.006372,0.036152,0.957476
ACAAACCATGCGTCCT-1,0.000014,0.000014,0.999971
ACAAACCGACAAGGCG-1,0.000037,0.14314,0.856823
ACAAACTCCATCAGAG-1,0.000041,0.017537,0.982422
ACAAAGAAGGTAGGCC-1,0.000055,0.348608,0.651337
ACAAAGCATGACCTAG-1,0.001755,0.001755,0.99649
ACAAATCGCACCGAAT-1,0.013077,0.005415,0.981508
ACAAATGGTAGTGTTT-1,0.000032,0.000032,0.999936
ACAAATTCAGATCTGA-1,0.000032,0.01305,0.986917
ACAACAGCATGAGCTA-1,0.039249,0.042907,0.917844
ACAACGGTCCCTGCGA-1,0.000023,0.027567,0.97241
ACAAGCAGTGCCTAGC-1,0.076958,0.223918,0.699124
ACAAGGAAATCCGCCC-1,0.00001,0.00001,0.99998
ACAAGGACAAGAGGTT-1,0.000012,0.003506,0.996482
ACAAGGATGCTTTAGG-1,0.000235,0.000235,0.999529
ACAAGGCCTACCAGCC-1,0.000031,0.000031,0.999939
ACAAGGGCAGGCTCTG-1,0.000017,0.000017,0.999966
ACAAGTAATTGTAAGG-1,0.000029,0.042943,0.957028
ACAATAGTCGTACGTT-1,0.000015,0.064261,0.935724
ACAATCCATTTAAACC-1,0.000016,0.003308,0.996676
ACAATCGATCTTTATA-1,0.000025,0.227272,0.772703
ACAATGAATACGGAGA-1,0.000021,0.000022,0.999957
ACAATGATTCTTCTAC-1,0.00003,0.00003,0.99994
ACAATTGTGTCTCTTT-1,0.067219,0.655679,0.277102
ACAATTTAGGAGGCTC-1,0.000045,0.563436,0.436519
ACAATTTGAGCAGTGG-1,0.000034,0.000034,0.999932
ACAATTTGGCCATATT-1,0.000023,0.01385,0.986127
ACACAAAGACGGGTGG-1,0.001634,0.000027,0.998339
ACACAAATATTCCTAG-1,0.000008,0.000241,0.999751
ACACACCAGGACCAGT-1,0.182296,0.000043,0.817661
ACACACTTTCTACACG-1,0.000029,0.005339,0.994632
ACACATGATCAAATCT-1,0.000022,0.006435,0.993544
ACACATTTCCGTAGAC-1,0.000045,0.000045,0.99991
ACACCACATAATTAGC-1,0.002122,0.007494,0.990384
ACACCCAGCATGCAGC-1,0.000016,0.000016,0.999968
ACACCCGAGAAATCCG-1,0.002305,0.088904,0.908791
ACACCCGTAAATCTGT-1,0.002218,0.005234,0.992548
ACACCGGTCTGACCGC-1,0.000015,0.002795,0.99719
ACACCTTAAGTAGGGC-1,0.018051,0.269132,0.712817
ACACCTTACTACTTGC-1,0.000135,0.000135,0.99973
ACACGAGACTCCTTCT-1,0.047649,0.059686,0.892666
ACACGGCACTATGCAT-1,0.000023,0.001626,0.998351
ACACGGGAACTTAGGG-1,0.000027,0.000985,0.998988
ACACGTAGGCCACAAG-1,0.027197,0.038307,0.934496
ACACTCCAATGTCACT-1,0.000011,0.999903,0.000086
ACACTGATCAAGGTGT-1,0.000034,0.033313,0.966653
ACACTGGGACAGTCGT-1,0.006538,0.106946,0.886516
ACAGAACTGAGAACAA-1,0.000017,0.046292,0.953691
ACAGATTAGGTTAGTG-1,0.057727,0.221565,0.720707
ACAGCATAGAGCCAGT-1,0.000022,0.050126,0.949852
ACAGCGACATTCTCAT-1,0.001923,0.001924,0.996153
ACAGCGCACCCGCAGC-1,0.000042,0.013265,0.986693
ACAGGCACGGATCCTT-1,0.003704,0.003705,0.992591
ACAGGCTTGCCCGACT-1,0.00014,0.035148,0.964712
ACAGGTGGAGGTGAGG-1,0.004657,0.045742,0.949601
ACAGTAATACAACTTG-1,0.00708,0.123756,0.869164
ACAGTATACCGTGGGA-1,0.000041,0.020835,0.979123
ACAGTGCAGCGCATTT-1,0.000027,0.000027,0.999945
ACATAAGTCGTGGTGA-1,0.00003,0.103089,0.896881
ACATAATAAGGCGGTG-1,0.000024,0.072096,0.92788
ACATACAATCAAGCGG-1,0.000152,0.000152,0.999697
ACATCAGCTGGGACGC-1,0.000056,0.372261,0.627683
ACATCCCGGCCATACG-1,0.000014,0.054276,0.94571
ACATCCTGGTAACTGT-1,0.003463,0.000094,0.996444
ACATCGATCGTTTACC-1,0.000051,0.071024,0.928925
ACATCGCAATATTCGG-1,0.000023,0.006977,0.993
ACATCGGTCAGCCGCG-1,0.00003,0.00003,0.99994
ACATCGTATGCAATGG-1,0.016986,0.034142,0.948872
ACATCGTTAACCTAGT-1,0.000032,0.000032,0.999937
ACATCTCAACGCGTAA-1,0.000019,0.02632,0.97366
ACATGCTTACGGCAGC-1,0.000027,0.020817,0.979157
ACATGGCGCCAAAGTA-1,0.000054,0.000054,0.999893
ACATTAGTTTATATCC-1,0.008699,0.010933,0.980368
ACATTCGCGCGGAATA-1,0.000019,0.002269,0.997711
ACATTTGAAACCTAAC-1,0.000105,0.116199,0.883696
ACCAAACACCCAGCGA-1,0.00003,0.007133,0.992837
ACCAAACTAGAAATCC-1,0.000029,0.249459,0.750513
ACCAACACCACACACT-1,0.010835,0.001992,0.987174
ACCAACCGCACTCCAC-1,0.002381,0.377514,0.620104
ACCAACGCTTATTTAT-1,0.000036,0.023543,0.976421
ACCAAGAACGCGTGTC-1,0.000016,0.013843,0.986141
ACCAAGTCATCGGCAG-1,0.010886,0.000079,0.989035
ACCAATATGCAAGTTA-1,0.008336,0.000039,0.991625
ACCACAACTCAGAACA-1,0.000026,0.020195,0.979779
ACCACAAGTTTCTATC-1,0.000014,0.003201,0.996784
ACCACACGGTTGATGG-1,0.000233,0.000233,0.999535
ACCACCAATGTAACAA-1,0.002546,0.046344,0.951111
ACCACCCTCTCTTCTA-1,0.001118,0.025505,0.973377
ACCACGTGCAGCTATA-1,0.000022,0.006114,0.993863
ACCAGACCATAACAAC-1,0.000191,0.186658,0.813151
ACCAGCCCGGTCTTTG-1,0.000035,0.089503,0.910462
ACCAGGAGTGTGATCT-1,0.006095,0.443968,0.549937
ACCAGTGCCCGGTCAA-1,0.000015,0.000015,0.999969
ACCAGTGCGGGAGACG-1,0.00035,0.038509,0.961141
ACCATATCCGCAATAA-1,0.002255,0.012203,0.985541
ACCATCCGCCAACTAG-1,0.000045,0.166806,0.833149
ACCATCGTATATGGTA-1,0.000029,0.008157,0.991813
ACCCAACGCCCGTGGC-1,0.003951,0.0038,0.992249
ACCCACCTACATGCTC-1,0.004704,0.089234,0.906062
ACCCATCTTGAGGGTA-1,0.00004,0.03786,0.9621
ACCCATTTGTCCCTCT-1,0.003572,0.003572,0.992856
ACCCGAGCGAAATTAC-1,0.000024,0.000024,0.999952
ACCCGATTGGTTCCGA-1,0.00004,0.00004,0.99992
ACCCGGAAACTCCCAG-1,0.006073,0.01089,0.983037
ACCCGGAGCACCACAA-1,0.004472,0.106953,0.888576
ACCCGGATGACGCATC-1,0.000053,0.009597,0.990351
ACCCGGTTACACTTCC-1,0.00193,0.161873,0.836197
ACCCGTAGCAGAGAAT-1,0.000029,0.249851,0.750119
ACCCGTAGTCTAGTTG-1,0.000614,0.124585,0.874802
ACCCGTGTCATCAGTA-1,0.000039,0.023464,0.976496
ACCCTATAGGACTGAG-1,0.030114,0.512151,0.457735
ACCCTATGCCATATCG-1,0.000045,0.000045,0.99991
ACCCTCCCGTCAGGGC-1,0.000191,0.000191,0.999618
ACCCTCCCTTGCTATT-1,0.000042,0.000042,0.999916
ACCCTGGTAACGCCCT-1,0.013697,0.03161,0.954693
ACCCTTCATCTGCGAA-1,0.000024,0.024613,0.975363
ACCCTTGCCTGGGTCG-1,0.000025,0.018315,0.98166
ACCCTTTAGTTCTCCA-1,0.000025,0.009656,0.990319
ACCGAAAGGGCCCTGC-1,0.000027,0.151746,0.848226
ACCGAAGAGTCTGGTT-1,0.000029,0.007442,0.992528
ACCGACACATCTCCCA-1,0.003103,0.000016,0.996881
ACCGACTGAGTCCCAC-1,0.000017,0.014124,0.985859
ACCGAGTCTCCTTATT-1,0.000134,0.000134,0.999732
ACCGATAGGCATAACC-1,0.000092,0.181043,0.818865
ACCGATATTTAATCAT-1,0.000447,0.151816,0.847737
ACCGATGGTAGCATCG-1,0.009078,0.000037,0.990885
ACCGCAATAACTGCCT-1,0.000021,0.000021,0.999959
ACCGCGGTGGAAGTCG-1,0.000158,0.000158,0.999684
ACCGCTAGTCATTGGT-1,0.000058,0.02187,0.978072
ACCGGGCCTTTGTTGA-1,0.047908,0.001088,0.951004
ACCGGTCAGGTACACC-1,0.000021,0.000435,0.999544
ACCGGTCTGAGTACGG-1,0.006541,0.040034,0.953425
ACCGTCCACTGGGCCC-1,0.000051,0.096286,0.903663
ACCGTGACCACGTGGG-1,0.000038,0.000038,0.999924
ACCGTTCCCGCTCTGA-1,0.002629,0.054694,0.942677
ACCTAAGTACCTTTCA-1,0.00003,0.030563,0.969407
ACCTAATCGACTTCCT-1,0.000016,0.021132,0.978853
ACCTACAGTATGTGGT-1,0.0001,0.065936,0.933965
ACCTACTATAAATCTA-1,0.001796,0.000023,0.998181
ACCTCAGCGAGGCGCA-1,0.010461,0.070008,0.919531
ACCTCCGCCCTCGCTG-1,0.00099,0.00099,0.998019
ACCTCCGTTATTCACC-1,0.000055,0.000055,0.99989
ACCTCGAACTTATGCT-1,0.000028,0.020351,0.979621
ACCTGCGTGTCATGTT-1,0.000016,0.0017,0.998284
ACCTTTCCTTTAGAAG-1,0.116802,0.571832,0.311366
ACGAAATGGGCGGCAC-1,0.000009,0.015436,0.984555
ACGACCCATGAGTTGC-1,0.000057,0.168898,0.831044
ACGACTCTAGGGCCGA-1,0.001316,0.208527,0.790157
ACGACTGGTCATACTC-1,0.000025,0.013114,0.986861
ACGAGAACCCATCACG-1,0.999461,0.00006,0.000479
ACGAGATATTTGCTTA-1,0.000043,0.073053,0.926904
ACGAGGATACCACTCT-1,0.051812,0.015422,0.932765
ACGAGGTTTACAACGT-1,0.000011,0.003411,0.996579
ACGAGTACGGATGCCC-1,0.007021,0.000026,0.992952
ACGATACATAGAACTA-1,0.003615,0.00368,0.992705
ACGATCATACATAGAG-1,0.000028,0.000028,0.999945
ACGATCATCTTGTAAA-1,0.003724,0.000035,0.996241
ACGATGCATATGTTAT-1,0.072961,0.440625,0.486414
ACGATGGATCCGATGC-1,0.001873,0.067271,0.930856
ACGCAAACTAATAGAT-1,0.161692,0.002913,0.835395
ACGCAATCACTACAGC-1,0.000056,0.042306,0.957638
ACGCATAAATGACATG-1,0.000011,0.003448,0.996542
ACGCATACGTTTACTA-1,0.000781,0.000781,0.998437
ACGCATTCGTGAGTAC-1,0.000026,0.033493,0.966481
ACGCCACTCGAAACAG-1,0.000077,0.000077,0.999846
ACGCCAGATGATTTCT-1,0.000029,0.037694,0.962277
ACGCCAGTGCGTTTGC-1,0.042966,0.0838,0.873234
ACGCCCAGCTGTCGAT-1,0.000038,0.1523,0.847661
ACGCCGCTAGACGACC-1,0.000044,0.049383,0.950573
ACGCGAAGTCAGACGA-1,0.000045,0.028662,0.971293
ACGCGCTACACAGGGT-1,0.000036,0.003921,0.996043
ACGCGGGCCAAGGACA-1,0.000015,0.002426,0.997559
ACGCTAGTATCAGTGC-1,0.001583,0.00714,0.991277
ACGCTAGTGATACACT-1,0.000034,0.000034,0.999931
ACGCTGTGAGGCGTAG-1,0.000035,0.159792,0.840173
ACGCTTAGTGTCTCTC-1,0.000047,0.041705,0.958248
ACGGAACACGAGTGCC-1,0.000119,0.129168,0.870713
ACGGAATTTAGCAAAT-1,0.003454,0.632234,0.364312
ACGGACGCAGCGACAA-1,0.000019,0.000019,0.999963
ACGGACTCTCAAAGCG-1,0.027628,0.000034,0.972339
ACGGAGCGCAAATTAC-1,0.000025,0.054163,0.945812
ACGGATGGTGCGGATA-1,0.091758,0.011911,0.896331
ACGGCACTTGCTTGGG-1,0.000067,0.072121,0.927812
ACGGCCAACATGGACT-1,0.00003,0.041661,0.958309
ACGGCGACGATGGGAA-1,0.000013,0.000691,0.999297
ACGGCTGGATGTAGAA-1,0.000024,0.067925,0.932051
ACGGGAGTGTCGGCCC-1,0.000018,0.013784,0.986198
ACGGGCGTATGCGACA-1,0.002216,0.00168,0.996104
ACGGGTTGTGACCTGT-1,0.000082,0.170831,0.829088
ACGGTACAGTTCAATG-1,0.00023,0.00023,0.999539
ACGGTCACCGAGAACA-1,0.000025,0.075806,0.924169
ACGTACAGATTTCTCT-1,0.000032,0.004474,0.995494
ACGTACTTTGGCACGG-1,0.000046,0.000046,0.999908
ACGTAGATTGCTGATG-1,0.000036,0.001012,0.998951
ACGTAGGAGAGTCGCT-1,0.005976,0.012414,0.981609
ACGTATTACTCCGATC-1,0.000049,0.003676,0.996275
ACGTCCTAAACGAGAT-1,0.203073,0.503123,0.293804
ACGTCGGGCAACTCGG-1,0.000048,0.000165,0.999788
ACGTCTCGTTCCGGGA-1,0.000086,0.265516,0.734398
ACGTGACAAAGTAAGT-1,0.000035,0.185489,0.814476
ACGTGCGCCTCGTGCA-1,0.000033,0.046904,0.953063
ACGTGGTCGAATGTGC-1,0.000042,0.063405,0.936553
ACGTTAATGTCGAAGA-1,0.252801,0.001217,0.745982
ACGTTAGATTTGCCCG-1,0.000044,0.014156,0.985801
ACGTTCACTATGCCGC-1,0.001781,0.03155,0.966669
ACGTTCCGCGCTCCGT-1,0.003578,0.115307,0.881114
ACGTTCGCAATCAATT-1,0.007344,0.017274,0.975381
ACGTTCGTTCAGGAAA-1,0.000017,0.006393,0.99359
ACGTTCTGTACAAGTC-1,0.002942,0.002942,0.994117
ACGTTGTCGTTGAAAG-1,0.02432,0.019676,0.956004
ACGTTTAGTTGTGATC-1,0.000041,0.064571,0.935388
ACTAAGGACGCACACC-1,0.000028,0.019953,0.980019
ACTAATACGTCAGGCG-1,0.000034,0.172572,0.827394
ACTACAAAGAGAGGTG-1,0.000024,0.024552,0.975424
ACTACATCCCGACAAG-1,0.000023,0.021517,0.978461
ACTACCAGCTCTCTGG-1,0.000032,0.008777,0.991191
ACTACCATCCGAGGGC-1,0.133972,0.263137,0.602891
ACTACGCGTTAGAATT-1,0.000041,0.022232,0.977727
ACTAGTTGCGATCGTC-1,0.000254,0.021457,0.978289
ACTATATGCTGTGTTC-1,0.000044,0.009244,0.990712
ACTATCCAGGGCATGG-1,0.000056,0.013144,0.9868
ACTATCTGCCCGCGTA-1,0.004379,0.038527,0.957093
ACTATGTCCAGCTGCC-1,0.000013,0.000019,0.999968
ACTATTCGTCCGTGGT-1,0.000025,0.004971,0.995004
ACTATTTCCGGGCCCA-1,0.000027,0.002047,0.997927
ACTCAACGAATGTATT-1,0.354736,0.644759,0.000505
ACTCAAGTGCAAGGCT-1,0.000981,0.297438,0.701581
ACTCAATAAAGGCACG-1,0.000026,0.046193,0.953781
ACTCAGACCTGCTTCT-1,0.000103,0.321607,0.678291
ACTCATGGCAGCCTTC-1,0.000026,0.011494,0.98848
ACTCCAATATCATCAT-1,0.000027,0.000027,0.999947
ACTCCCATTCCTAAAG-1,0.000012,0.020892,0.979096
ACTCCCGAATTCGTTT-1,0.000009,0.000009,0.999983
ACTCCCGTAGACTAGG-1,0.000016,0.003429,0.996554
ACTCCCTAATGCTAAA-1,0.042031,0.005493,0.952476
ACTCCCTAGAATAGTA-1,0.013824,0.113502,0.872674
ACTCCGGCCGACCACT-1,0.001389,0.142405,0.856206
ACTCGCCGTTCGATAA-1,0.012968,0.06373,0.923302
ACTCGCGATCTGACGC-1,0.002019,0.025024,0.972957
ACTCGTAACCCGTCCT-1,0.000012,0.023012,0.976975
ACTCGTCAGTAATCCC-1,0.008107,0.000093,0.991799
ACTCTCTGACTTAGGT-1,0.00004,0.025426,0.974534
ACTCTCTTATACACGA-1,0.000022,0.860838,0.13914
ACTCTGACCTAATAGA-1,0.004763,0.282843,0.712394
ACTCTTCAGCTCCCGC-1,0.004837,0.027757,0.967406
ACTCTTGTATAGTAAC-1,0.000026,0.000026,0.999947
ACTGAAACGCCGTTAG-1,0.000308,0.000308,0.999384
ACTGAATGGCGAAAGT-1,0.005611,0.004174,0.990214
ACTGATTTAGTGATTC-1,0.000048,0.078152,0.921799
ACTGCCCGCCATTCTC-1,0.000039,0.000039,0.999923
ACTGCCGTCGTAACTC-1,0.000026,0.001538,0.998435
ACTGCGGACACACCGT-1,0.001379,0.000014,0.998607
ACTGCTCGGAAGGATG-1,0.000014,0.010516,0.989469
ACTGGCGAACCTGCGT-1,0.00002,0.024248,0.975732
ACTGGGATGCCAGTGC-1,0.000053,0.017447,0.9825
ACTGTACGATACACAT-1,0.004593,0.024819,0.970588
ACTGTAGCACTTTGGA-1,0.000029,0.202519,0.797452
ACTGTATACGCGAGCA-1,0.482532,0.342105,0.175362
ACTGTCCAGGATTATA-1,0.01965,0.023737,0.956612
ACTGTCTTCTTTAGAA-1,0.001624,0.000043,0.998333
ACTGTGCTAGTAGATC-1,0.043959,0.372233,0.583807
ACTGTTTAGTGTAGGC-1,0.000097,0.404361,0.595542
ACTTACCGGGCGCGCA-1,0.00002,0.00002,0.99996
ACTTACGCATCCACGC-1,0.000134,0.038188,0.961678
ACTTAGTACGACAAGA-1,0.000067,0.389153,0.61078
ACTTATACTTACCCGG-1,0.005646,0.000029,0.994325
ACTTATTAGGATCGGT-1,0.003182,0.043494,0.953324
ACTTATTTATGTGCCA-1,0.019989,0.000068,0.979942
ACTTCAGGCTGATCCC-1,0.117989,0.022118,0.859893
ACTTCCAGTGGAAGCT-1,0.000078,0.256532,0.74339
ACTTCCATGCGGGACA-1,0.01146,0.337706,0.650834
ACTTCCTGTCGTGCGA-1,0.00003,0.038017,0.961954
ACTTCGCCATACGCAC-1,0.00591,0.000037,0.994052
ACTTCGCTAGCGAGTG-1,0.003574,0.008389,0.988037
ACTTGACTCCCTCTTT-1,0.000051,0.000051,0.999898
ACTTGCCATATTGTAC-1,0.003447,0.481224,0.515328
ACTTGCTCTATCTACC-1,0.000042,0.060842,0.939116
ACTTGGGACCCGGTGG-1,0.000016,0.002118,0.997866
ACTTGGGCTTTCGCCA-1,0.000207,0.100449,0.899344
ACTTGTAGTCCCTTCA-1,0.00005,0.104945,0.895005
ACTTGTGGATGGAACG-1,0.000752,0.000752,0.998496
ACTTGTTACCGGATCA-1,0.000045,0.000045,0.999911
ACTTTACCCTCATGAA-1,0.003091,0.000031,0.996877
ACTTTATACACCACTT-1,0.000045,0.143073,0.856881
ACTTTCCTATAGCTTC-1,0.009272,0.00268,0.988048
ACTTTGACTGCATCCT-1,0.00005,0.316851,0.6831
ACTTTGGTCGTGCTCC-1,0.000039,0.075807,0.924154
ACTTTGTCGACGCACT-1,0.00061,0.00061,0.99878
AGAAATTATGACTCGC-1,0.000021,0.015954,0.984025
AGAACACGGCGATGGT-1,0.000042,0.069757,0.930201
AGAACCCAGCGTGACA-1,0.003069,0.012742,0.984189
AGAACCCTCAATTGGG-1,0.00003,0.034264,0.965706
AGAACGTGGTACATTC-1,0.002954,0.031457,0.96559
AGAACTGTACTTTGTA-1,0.000297,0.000297,0.999406
AGAAGAGCGCCGTTCC-1,0.000463,0.027527,0.97201
AGAAGGTACACTTCAC-1,0.000024,0.016622,0.983355
AGAAGGTTGCCGAATT-1,0.012703,0.028413,0.958884
AGAAGGTTGTAGGTCG-1,0.000065,0.000065,0.99987
AGAAGTGATTCGTGAT-1,0.000017,0.00174,0.998242
AGAATAAATCTTCAGG-1,0.000045,0.12896,0.870996
AGAATACAGGCTATCC-1,0.019234,0.000102,0.980664
AGAATGCGGGTTCGGA-1,0.000023,0.000023,0.999954
AGAATTATGGATTCGA-1,0.001166,0.000022,0.998812
AGAATTGTTTGACATA-1,0.000038,0.600088,0.399874
AGACAGGCATCTCAGC-1,0.005842,0.169368,0.824789
AGACATAGATCCTTCC-1,0.00009,0.497281,0.502629
AGACCAAACCACACCT-1,0.000014,0.015855,0.984131
AGACCATGGGATACAA-1,0.000038,0.198068,0.801893
AGACCCACCGCTGATC-1,0.024204,0.059713,0.916083
AGACCCGCCCTCCTCG-1,0.00003,0.074722,0.925248
AGACCGCTCCGCGGTT-1,0.024303,0.001266,0.974431
AGACCGGGAAACCCTG-1,0.000008,0.038676,0.961317
AGACGAAGTGCCGGTC-1,0.000319,0.000319,0.999363
AGACGACGATGCCGCT-1,0.000027,0.006337,0.993636
AGACGCCCACTTCGCC-1,0.000709,0.26804,0.731251
AGACGGGATTGGTATA-1,0.000053,0.141022,0.858925
AGACGGGCCGATTTAA-1,0.000024,0.001421,0.998555
AGACTAGCCTTCCAGA-1,0.000025,0.052309,0.947666
AGACTGTTACCGGGTC-1,0.000031,0.011676,0.988293
AGAGAAACACCAGAAA-1,0.000018,0.000018,0.999964
AGAGAACCGTCTAGGA-1,0.021161,0.000525,0.978313
AGAGAAGGAGTACAAT-1,0.005556,0.01638,0.978063
AGAGATCTCTAAAGCG-1,0.000028,0.078892,0.92108
AGAGCAGTTATGAGAC-1,0.01913,0.243387,0.737483
AGAGCCGCCGAGATTT-1,0.003481,0.122259,0.87426
AGAGCGCTTGTAACGG-1,0.000023,0.014809,0.985168
AGAGCGGGCTAATCAT-1,0.000025,0.001666,0.998309
AGAGCGTACAAGCTCG-1,0.001683,0.074723,0.923595
AGAGGCTTCGGAAACC-1,0.000467,0.000467,0.999065
AGAGGGACAATTGTCC-1,0.000029,0.007612,0.99236
AGAGGTATCTCGGTCC-1,0.429294,0.304653,0.266053
AGAGTAAACTTCACTA-1,0.000441,0.164456,0.835103
AGAGTATAGTGTTACG-1,0.004315,0.022779,0.972907
AGAGTGAACAGACACC-1,0.009972,0.025255,0.964774
AGAGTTAGAGACCGAT-1,0.001184,0.000017,0.998799
AGAGTTGCAGGCCTCC-1,0.000015,0.043526,0.956459
AGATAACTTCAGGGCC-1,0.00001,0.00466,0.99533
AGATAATCACACCTAT-1,0.000051,0.054349,0.945601
AGATACCAATAGAACC-1,0.012582,0.071511,0.915908
AGATACCAGCACTTCA-1,0.000056,0.000056,0.999888
AGATACCGGTGTTCAC-1,0.000027,0.018288,0.981685
AGATACGACTTCATAT-1,0.000055,0.206882,0.793062
AGATACTCAAGATCGA-1,0.000025,0.000025,0.99995
AGATATAATACGACTA-1,0.000023,0.024982,0.974995
AGATCGTGCATAAGAT-1,0.000029,0.03116,0.968811
AGATCTCAGGTGTGAT-1,0.004838,0.060145,0.935018
AGATCTGGAGAGGATA-1,0.000048,0.129845,0.870107
AGATGACTCGCCCACG-1,0.00003,0.026092,0.973878
AGATGAGGGTTGCGAT-1,0.000038,0.000038,0.999924
AGATGATGGAGTCTGG-1,0.000032,0.002445,0.997523
AGATGCAAGACGTGCA-1,0.547442,0.000019,0.45254
AGATGCATCCTGTGTC-1,0.000053,0.108007,0.891941
AGATTATAGGACGTTT-1,0.098978,0.000027,0.900995
AGATTCAAGCGGGTCG-1,0.000028,0.000028,0.999944
AGATTCACAACCGATA-1,0.000016,0.023962,0.976022
AGCAAAGGCCGCTAGT-1,0.002818,0.00802,0.989161
AGCAACATATCTTATT-1,0.000053,0.000053,0.999894
AGCAACCGAAAGTAAT-1,0.009194,0.015046,0.97576
AGCACACGTTTAGACT-1,0.000032,0.000032,0.999935
AGCACCAGTACTCACG-1,0.000013,0.000013,0.999974
AGCACTACCGGCCTGT-1,0.199496,0.124105,0.676399
AGCACTACCTCACCAG-1,0.000808,0.000084,0.999108
AGCACTTAAGGACGCC-1,0.000023,0.019972,0.980005
AGCAGAAGGAGAAAGA-1,0.000024,0.010247,0.98973
AGCAGCCAGATGAATA-1,0.00003,0.067637,0.932334
AGCAGTCGAAGCATGC-1,0.024047,0.052088,0.923865
AGCATATCAATATGCT-1,0.000256,0.000256,0.999488
AGCATCATTTCGAAAG-1,0.000011,0.014812,0.985176
AGCATCGTCGATAATT-1,0.000009,0.000009,0.999982
AGCATTACGAGGCAAG-1,0.000112,0.062477,0.93741
AGCCAAGCTTTGTGTC-1,0.000066,0.000066,0.999868
AGCCACAGGTTACCCG-1,0.000383,0.000383,0.999233
AGCCACTCCCGTGCTT-1,0.000025,0.0446,0.955375
AGCCATATAGTATGTG-1,0.000044,0.000044,0.999912
AGCCCATACATGTAAG-1,0.000022,0.066841,0.933137
AGCCCGCAACAAGCAG-1,0.002057,0.023798,0.974145
AGCCCGCACTACAATG-1,0.007659,0.165607,0.826734
AGCCCGGCATTAGAGG-1,0.000033,0.000033,0.999934
AGCCCGGTAGCCTGTA-1,0.004196,0.043062,0.952742
AGCCCTAAGCGAAGTT-1,0.000033,0.000033,0.999935
AGCCCTCCCTGGTGGC-1,0.000042,0.000042,0.999915
AGCCCTGTCGCACCGT-1,0.000032,0.030298,0.96967
AGCCCTTCTAATCCGA-1,0.010254,0.026691,0.963055
AGCCCTTGGACATCCC-1,0.000086,0.086129,0.913785
AGCCGTGGCTAAATGT-1,0.000019,0.000823,0.999158
AGCCTAATACCCACGT-1,0.002094,0.000009,0.997897
AGCCTTAAAGCGGAAG-1,0.048802,0.85511,0.096088
AGCCTTGTCACTGATA-1,0.000038,0.147618,0.852345
AGCGACAGGAACGGTC-1,0.000022,0.002567,0.997411
AGCGACATCCCATTCA-1,0.000036,0.044721,0.955243
AGCGACCAACGATATT-1,0.000028,0.018722,0.981251
AGCGACTTTGAAGACA-1,0.003363,0.158538,0.838099
AGCGAGACGTGAAGGC-1,0.058963,0.000014,0.941023
AGCGATGCGCCTAATA-1,0.028595,0.028556,0.942849
AGCGCATAATGAATCG-1,0.000021,0.000021,0.999958
AGCGCGGGTGCCAATG-1,0.053103,0.003371,0.943526
AGCGCTAGAGCGATGT-1,0.000055,0.046776,0.95317
AGCGCTTATGGGCAAG-1,0.000016,0.000016,0.999967
AGCGGACACTTCGTAG-1,0.000028,0.000028,0.999945
AGCGGCGGTTAGCGGT-1,0.00001,0.010777,0.989213
AGCGGGAAGGGTCCAT-1,0.000082,0.302869,0.697049
AGCGGGTCTGACACTC-1,0.000059,0.000059,0.999882
AGCGGTTGAGATGTAC-1,0.000075,0.167623,0.832302
AGCGGTTGCCGCTCTG-1,0.000045,0.006918,0.993037
AGCGTACGAGAGCTAG-1,0.000015,0.833492,0.166493
AGCGTGGTATTCTACT-1,0.000037,0.020661,0.979302
AGCGTTCCGATTTAAA-1,0.000022,0.096528,0.90345
AGCTAACAAGCAATGT-1,0.000025,0.030144,0.969831
AGCTAAGCTCCGTCCG-1,0.000058,0.000058,0.999885
AGCTAAGTACGCAGGC-1,0.000569,0.154892,0.844539
AGCTACGAATGGTGGT-1,0.000283,0.032514,0.967203
AGCTAGAAGCAGAAGT-1,0.000041,0.000041,0.999917
AGCTATTTAATCCAAC-1,0.000043,0.004322,0.995635
AGCTCCATATATGTTC-1,0.000106,0.00298,0.996913
AGCTCCTTCGCACATC-1,0.005238,0.010905,0.983857
AGCTCGTTGATGGAAA-1,0.000011,0.004926,0.995063
AGCTCTAGACGTTCCA-1,0.000029,0.036539,0.963432
AGCTCTTCCCAGTGCA-1,0.000034,0.00178,0.998186
AGCTCTTCGTAACCTT-1,0.002779,0.00006,0.997161
AGCTCTTTACTCAGTT-1,0.004114,0.000053,0.995833
AGCTGAAGTAAACCAA-1,0.00714,0.000034,0.992826
AGCTGCATTTGAGGTG-1,0.00005,0.023365,0.976585
AGCTGCTGTGCCGAAT-1,0.000036,0.03768,0.962284
AGCTGTAACCTCAATC-1,0.000032,0.084001,0.915967
AGCTTATAGAGACCTG-1,0.323562,0.232794,0.443644
AGCTTCAATACTTTGA-1,0.00007,0.147086,0.852844
AGCTTCTTCTCGAGCA-1,0.000161,0.000161,0.999677
AGCTTGATCAGGGTAG-1,0.000019,0.032299,0.967681
AGCTTGATCTTAACTT-1,0.002215,0.03156,0.966225
AGGAACGAACGACTTC-1,0.000211,0.192655,0.807134
AGGAAGCTGTCCGCCG-1,0.000021,0.000021,0.999958
AGGACAGTCGAATCCC-1,0.002697,0.009174,0.988129
AGGACATCGCACGTCG-1,0.000084,0.211186,0.788729
AGGACGACCCATTAGA-1,0.052903,0.093158,0.853939
AGGACGCTCGATGTTG-1,0.000586,0.000043,0.999371
AGGAGACATCCACAGT-1,0.000014,0.013094,0.986892
AGGAGAGTCTGGCTAC-1,0.000017,0.006393,0.993589
AGGAGCGTTTATTATC-1,0.010132,0.073505,0.916363
AGGAGGCCTTCGCGCG-1,0.000443,0.086734,0.912823
AGGATAAAGTCGGGAT-1,0.000044,0.049349,0.950607
AGGATATAGGGATTTA-1,0.000216,0.000216,0.999568
AGGATATCCGACTGCA-1,0.043057,0.047438,0.909506
AGGATCACGCGATCTG-1,0.000006,0.000006,0.999989
AGGATTGCTTACGACA-1,0.000013,0.002291,0.997696
AGGCACGTGACTGTCC-1,0.00658,0.064471,0.928949
AGGCAGATGCGTAAAC-1,0.013366,0.004593,0.98204
AGGCAGGGAGCGTACT-1,0.000012,0.000728,0.99926
AGGCATTGTCGTAGGG-1,0.000132,0.097714,0.902154
AGGCCACATTGGTTAC-1,0.000031,0.030259,0.96971
AGGCCACCCGTTATGA-1,0.000033,0.007228,0.992739
AGGCCCATTGTACAGG-1,0.000015,0.000015,0.99997
AGGCCCTAGAACGCCA-1,0.000014,0.009154,0.990832
AGGCCTATCATACCAA-1,0.000027,0.006536,0.993436
AGGCCTGAGAATCTCG-1,0.000236,0.134068,0.865697
AGGCGATAACTGGCGT-1,0.000151,0.209516,0.790334
AGGCGGTTTGTCCCGC-1,0.001422,0.008776,0.989802
AGGCGTCTATGGACGG-1,0.000044,0.014641,0.985315
AGGCTATGGTTAGCTT-1,0.000025,0.019934,0.98004
AGGCTTAAGTTGCACA-1,0.000078,0.00438,0.995542
AGGCTTCCCGAAGAAG-1,0.000028,0.024996,0.974976
AGGCTTGCTAGACACC-1,0.000051,0.316483,0.683466
AGGGAAACGAGGTACT-1,0.000038,0.000038,0.999924
AGGGACAGCACGGCGG-1,0.567334,0.274171,0.158495
AGGGACCGGCTGCGTT-1,0.001453,0.000025,0.998522
AGGGACTCTACGCGAC-1,0.000032,0.096087,0.903882
AGGGAGACATACTTCG-1,0.000031,0.000589,0.99938
AGGGCAGCGGCGTGGT-1,0.000018,0.000018,0.999965
AGGGCCCTAATGTTCT-1,0.011735,0.096261,0.892004
AGGGCGAGCAGCTGAT-1,0.000008,0.012199,0.987793
AGGGCGTGATCGGCTA-1,0.000024,0.061605,0.938372
AGGGCTGCAGTTACAG-1,0.000861,0.018539,0.9806
AGGGTCAGAGCACTCG-1,0.000046,0.000046,0.999909
AGGGTCAGTAACCCTA-1,0.000034,0.042731,0.957235
AGGGTCGATGCGAACT-1,0.010392,0.004379,0.98523
AGGGTCTGGACGCAGT-1,0.000314,0.074867,0.924819
AGGGTGCCGTTCTTTA-1,0.000026,0.000026,0.999948
AGGGTGCTCTCGAGGG-1,0.003651,0.014348,0.982001
AGGGTGGATAGTGCAT-1,0.000077,0.64033,0.359593
AGGGTGTGCTACACGC-1,0.000035,0.014347,0.985617
AGGGTTCAGACGGTCC-1,0.000039,0.00801,0.991951
AGGGTTCCCTTTGGTT-1,0.003064,0.004253,0.992683
AGGGTTTAGTTCGGGA-1,0.000045,0.038646,0.96131
AGGTAACCTCCTATTC-1,0.001471,0.320365,0.678164
AGGTACGATATTGCCA-1,0.000041,0.000041,0.999917
AGGTAGATCGAGATAT-1,0.000026,0.023922,0.976053
AGGTAGGTACAAAGCT-1,0.000013,0.030602,0.969385
AGGTATAATTGATAGT-1,0.000031,0.000031,0.999939
AGGTATGCGGACATTA-1,0.010048,0.009773,0.980179
AGGTCAGGTGAGAGTG-1,0.000008,0.000008,0.999983
AGGTCGCCTCCCAACA-1,0.000247,0.000247,0.999506
AGGTCGCGGAGTTACT-1,0.003522,0.025332,0.971146
AGGTGCACGTCCACAT-1,0.023076,0.000074,0.976849
AGGTGGTGACCTTCGC-1,0.000065,0.006964,0.992971
AGGTGTATCGCCATGA-1,0.000035,0.096663,0.903302
AGGTGTTGCCGACCAC-1,0.000042,0.050954,0.949004
AGGTTACACCATGCCG-1,0.000019,0.050024,0.949957
AGGTTCTCCTTTCCGG-1,0.00005,0.031814,0.968136
AGGTTGAGGCACGCTT-1,0.00003,0.00003,0.999939
AGGTTTCACACACCTT-1,0.000055,0.000055,0.99989
AGTAACGTTCATCCTG-1,0.000027,0.030413,0.96956
AGTAACTATAGCAGCC-1,0.004435,0.001789,0.993776
AGTAAGGGACAGAATC-1,0.000962,0.000962,0.998076
AGTAATCTAAGGGTGG-1,0.000403,0.000403,0.999193
AGTAATGTCTTGCCGC-1,0.003449,0.006843,0.989708
AGTAATTTGCAAGCGT-1,0.000046,0.090689,0.909265
AGTACAGAAGCTTATA-1,0.000253,0.000253,0.999493
AGTACATCATTTATCA-1,0.000027,0.014993,0.98498
AGTACCTTCGAGTGCT-1,0.000034,0.000034,0.999933
AGTACGGCCCGTATCG-1,0.000046,0.363188,0.636766
AGTACGGGCACCTGGC-1,0.009712,0.001865,0.988423
AGTACGTGGCCTGTCT-1,0.00002,0.226666,0.773314
AGTACTCTTATGCCCA-1,0.011772,0.000199,0.988028
AGTAGAAGGCGCCTCA-1,0.000026,0.000026,0.999948
AGTAGCGTGAACGAAC-1,0.000029,0.103446,0.896525
AGTAGCTAGACGCCGA-1,0.000874,0.006466,0.992661
AGTAGGAAGGAAGTTG-1,0.000042,0.004883,0.995075
AGTAGGTAACATACAT-1,0.001235,0.031979,0.966786
AGTATAATACTAGGCA-1,0.000013,0.001511,0.998476
AGTATACACAGCGACA-1,0.096358,0.036673,0.866969
AGTATGCTGGAGACCA-1,0.132278,0.004229,0.863493
AGTATTTGGCACGACC-1,0.000037,0.057213,0.94275
AGTCAAATGATGTGAT-1,0.000026,0.000026,0.999949
AGTCAACACCACCATC-1,0.005108,0.049293,0.9456
AGTCAAGATGACACTT-1,0.000113,0.000113,0.999774
AGTCACTAGCTCTCGA-1,0.000505,0.038237,0.961258
AGTCACTCCGCCTCAT-1,0.382049,0.304375,0.313576
AGTCAGCCACCGCCTG-1,0.000087,0.44553,0.554384
AGTCCAGCGGGTACGT-1,0.033065,0.678281,0.288654
AGTCCATTGGCTGATG-1,0.003361,0.047728,0.948912
AGTCCCGCCTTTAATT-1,0.000032,0.000032,0.999937
AGTCCCTCGCAGAAAG-1,0.002196,0.014084,0.98372
AGTCGAAACGATTCAG-1,0.00004,0.019379,0.98058
AGTCGACGGTCTCAAG-1,0.000772,0.000031,0.999197
AGTCGGCCCAAACGAC-1,0.000016,0.003194,0.99679
AGTCGGCTCAACTTTA-1,0.000015,0.000015,0.999971
AGTCGGTTGCGTGAGA-1,0.000149,0.004428,0.995422
AGTCGTATAAAGCAGA-1,0.000069,0.121117,0.878814
AGTCGTCGACCACCAA-1,0.000212,0.000212,0.999576
AGTCGTGGGCATTACG-1,0.000029,0.001869,0.998102
AGTCTAAAGTATACTC-1,0.000013,0.000013,0.999974
AGTCTCACAAGACTAC-1,0.001519,0.001423,0.997058
AGTCTGGACATCCTTG-1,0.112663,0.887013,0.000324
AGTCTTCTCCTCAAAT-1,0.002593,0.018462,0.978945
AGTCTTTAAAGTGTCC-1,0.00508,0.189168,0.805752
AGTGAACAAACTTCTC-1,0.000073,0.096001,0.903926
AGTGAAGATGGTGTCC-1,0.000017,0.000017,0.999967
AGTGACCTACTTTACG-1,0.000046,0.040841,0.959113
AGTGACTGTGACACAA-1,0.000026,0.000026,0.999949
AGTGAGACTTCCAGTA-1,0.00003,0.001733,0.998236
AGTGAGCCTCGCCGCC-1,0.100212,0.000019,0.899769
AGTGAGGGTTTCTGAC-1,0.000037,0.008617,0.991347
AGTGAGTCGAATTAAC-1,0.00837,0.102903,0.888728
AGTGATAACCTGCGCG-1,0.026993,0.007374,0.965633
AGTGATATGAGTAGTT-1,0.000036,0.029267,0.970697
AGTGATTCAAGCAGGA-1,0.000017,0.022297,0.977686
AGTGCACGCTTAAGAA-1,0.00084,0.042638,0.956521
AGTGCGTAGCTCGTAA-1,0.012917,0.017117,0.969966
AGTGCTAAACACAGCA-1,0.029827,0.000372,0.969801
AGTGCTTGCACGAATA-1,0.000035,0.000035,0.999929
AGTGGCCCGCAAATGG-1,0.220045,0.077044,0.702912
AGTGGCGGCAATTTGA-1,0.226046,0.015719,0.758235
AGTGGCGTCTGAAGGT-1,0.000676,0.000676,0.998648
AGTGGCTCCGTCGGCC-1,0.004019,0.344463,0.651518
AGTGGTGTTACCCGTG-1,0.000051,0.128873,0.871076
AGTGGTTGCGTATAGG-1,0.000226,0.640881,0.358893
AGTGTATTGCGCATTG-1,0.000046,0.000046,0.999908
AGTGTGGTCTATTGTG-1,0.000053,0.055402,0.944545
AGTTAAACACTTGCGA-1,0.000029,0.136285,0.863686
AGTTAAGCGGTCCCGG-1,0.000038,0.029747,0.970215
AGTTAAGTCAACCGCT-1,0.000026,0.004941,0.995033
AGTTACCGCACATGGT-1,0.00557,0.630578,0.363852
AGTTACTCTATCGTGG-1,0.000054,0.011279,0.988667
AGTTATTCAGACTGTG-1,0.007124,0.073439,0.919437
AGTTATTGAAAGGTAA-1,0.000032,0.11694,0.883028
AGTTCCTACAGAATTA-1,0.000021,0.032031,0.967948
AGTTCCTATTTATGTT-1,0.00725,0.13344,0.85931
AGTTCTGCGTTGTATC-1,0.000087,0.93894,0.060973
AGTTGACATCGGCTGG-1,0.404624,0.554587,0.040789
AGTTGACGGTCCTTGC-1,0.000019,0.000019,0.999962
AGTTGCGGTCCTCAAC-1,0.000031,0.062171,0.937799
AGTTGCTGACTGATAT-1,0.000019,0.999832,0.00015
AGTTGGCAAGGCTAGA-1,0.001954,0.000045,0.998001
AGTTTATGTAAAGACA-1,0.000238,0.002556,0.997206
AGTTTCGCAGGTCGGA-1,0.000037,0.000037,0.999925
AGTTTGCACCTGCCTC-1,0.000046,0.000046,0.999907
AGTTTGGCACGGGTTG-1,0.000544,0.000544,0.998913
AGTTTGGCCAGACCTA-1,0.000026,0.047359,0.952614
ATAAACGGACCCGTAA-1,0.000017,0.032716,0.967267
ATAAACGTTGCACCAC-1,0.000855,0.000855,0.99829
ATAAAGGCTCGGTCGT-1,0.044307,0.036814,0.918879
ATAAAGGTCAAGTACG-1,0.001244,0.000278,0.998478
ATAAATATTAGCAGCT-1,0.00001,0.006317,0.993673
ATAACGCCGGAGGGTC-1,0.002966,0.011979,0.985055
ATAACGGAGTCCAACG-1,0.022609,0.000751,0.97664
ATAACGTTACCTCCAC-1,0.009076,0.276585,0.714339
ATAAGCAAACACCGAG-1,0.004575,0.004067,0.991358
ATAAGGTGGAGAACAT-1,0.000005,0.000005,0.99999
ATAAGTACCCGATTGT-1,0.000025,0.050078,0.949897
ATAAGTAGGATTCAGA-1,0.011223,0.008885,0.979892
ATAAGTAGGGCGACTC-1,0.00003,0.004095,0.995875
ATAAGTTACCGCGACG-1,0.000025,0.012042,0.987933
ATAATACCGTTAGCCG-1,0.000015,0.971823,0.028162
ATAATAGCTGTTGAAT-1,0.000035,0.01376,0.986206
ATAATAGTGTAGGGAC-1,0.00004,0.283292,0.716668
ATAATCTTGGAGAACC-1,0.000044,0.006915,0.993041
ATAATTAGCTAAGTAG-1,0.000022,0.019875,0.980103
ATACAGCGTCCACTGA-1,0.000125,0.167347,0.832527
ATACAGGCCCTCCAAT-1,0.005469,0.011521,0.98301
ATACCACGGGCAACTT-1,0.000007,0.000007,0.999986
ATACCAGCAAATTGCT-1,0.000064,0.241857,0.75808
ATACCAGGCTAATAGA-1,0.004284,0.119379,0.876337
ATACCAGGTGAGCGAT-1,0.255531,0.553876,0.190593
ATACCCTCCCGGCCAA-1,0.000035,0.358027,0.641938
ATACCGTCATCCATAA-1,0.000032,0.000032,0.999937
ATACCTAACCAAGAAA-1,0.000639,0.003199,0.996162
ATACGAAGGCTTTCCA-1,0.00329,0.013354,0.983356
ATACGACAGATGGGTA-1,0.000039,0.017865,0.982096
ATACGAGGTTTGTAAG-1,0.0121,0.011533,0.976367
ATACGCCGGCGAAACC-1,0.00001,0.007524,0.992466
ATACGGAACGTCGTTT-1,0.004761,0.002422,0.992818
ATACGGGTTTCGATTG-1,0.000036,0.000036,0.999928
ATACGGTGAAGATGCA-1,0.000045,0.182477,0.817478
ATACGTACTTAGCCAC-1,0.003907,0.001743,0.994349
ATACGTCCACTCCTGT-1,0.000115,0.054378,0.945507
ATACGTTATGCACGGA-1,0.002366,0.000014,0.997621
ATACTACCCGTACCAC-1,0.001515,0.001516,0.996969
ATACTAGCATGACCCT-1,0.000035,0.007214,0.992752
ATACTCTCGCCACTCT-1,0.051125,0.650363,0.298512
ATACTGCCTTACACCG-1,0.000185,0.000185,0.999631
ATACTTGTTCTCGAGC-1,0.000077,0.768831,0.231092
ATAGACAACGGGACCT-1,0.058986,0.002109,0.938904
ATAGACGAAGAGAAAG-1,0.00185,0.026496,0.971654
ATAGAGTACTGGGACA-1,0.00003,0.00003,0.999939
ATAGAGTTATCAACTT-1,0.041418,0.000031,0.958551
ATAGATTTGCAGTCGG-1,0.000054,0.387669,0.612277
ATAGCAACTAGGGAAG-1,0.001409,0.081464,0.917127
ATAGCCATAACAGTCA-1,0.015452,0.035238,0.94931
ATAGCCTCAGTACCCA-1,0.000205,0.909121,0.090674
ATAGGAATCTAAGCTT-1,0.000034,0.000034,0.999932
ATAGGCGGCTATAGAA-1,0.000024,0.062145,0.937831
ATAGGCTAGCTTCGCA-1,0.318843,0.000045,0.681112
ATAGGGATATCCTTGA-1,0.000042,0.066147,0.933811
ATAGGTTGGGCAGATG-1,0.003423,0.020497,0.97608
ATAGTCTTTGACGTGC-1,0.001575,0.053389,0.945036
ATAGTGAAGCGTTCTC-1,0.000033,0.09491,0.905057
ATAGTTCCACCCACTC-1,0.001918,0.000062,0.99802
ATATAAAGCGCTCGTG-1,0.040188,0.017377,0.942435
ATATAAATGTAGCTGC-1,0.026187,0.041463,0.93235
ATATAACACGGGCGCA-1,0.004349,0.004349,0.991303
ATATACATGTATGGTA-1,0.000044,0.216419,0.783538
ATATACGCTCGTGACG-1,0.00005,0.034466,0.965484
ATATAGAGTATTGGTC-1,0.000045,0.031307,0.968648
ATATCAACCTACAGAG-1,0.003433,0.000026,0.996541
ATATCAATTCCAGCCT-1,0.000074,0.192479,0.807447
ATATCGGTAGGGAGAT-1,0.000049,0.000049,0.999902
ATATCGTGCCAGACCC-1,0.00005,0.065778,0.934172
ATATCGTTCCTCGAAC-1,0.000291,0.000291,0.999418
ATATCTCCCTCGTTAA-1,0.000035,0.000035,0.99993
ATATCTTAGGGCCTTC-1,0.000028,0.019989,0.979984
ATATGGGATAGCAACT-1,0.000078,0.000078,0.999843
ATATGTCTAGAGCGTG-1,0.000053,0.000053,0.999894
ATATGTCTCCCTAGCC-1,0.039592,0.00041,0.959998
ATATGTGCACAAACCA-1,0.00136,0.02382,0.97482
ATATTCAGTTAAACCT-1,0.000038,0.016075,0.983887
ATATTCCACATAGTGA-1,0.033568,0.037147,0.929286
ATATTCCCACAGGTCA-1,0.000026,0.017256,0.982717
ATATTGCTGTCAAAGT-1,0.000047,0.167744,0.832209
ATATTGGAGAGGCCTT-1,0.006498,0.15827,0.835233
ATATTTAACCCTCAAG-1,0.000025,0.000025,0.99995
ATCAAACACTGTTCCA-1,0.005301,0.000344,0.994355
ATCAAACGAAGGTTTG-1,0.000028,0.015766,0.984206
ATCAAAGAGCCGTGGT-1,0.000053,0.000053,0.999895
ATCAAGATCCCAGGAC-1,0.000056,0.000056,0.999888
ATCAATCTGGGCTGCA-1,0.000027,0.051997,0.947976
ATCAATGCCGTGGCTG-1,0.000011,0.000666,0.999322
ATCACATTAGAATATC-1,0.017235,0.025925,0.95684
ATCACGTGCTAATTAA-1,0.000024,0.02516,0.974815
ATCACTTCATCCTCGC-1,0.00002,0.002327,0.997653
ATCAGAAGCTGGTTGC-1,0.000058,0.040952,0.95899
ATCAGACGGCACGCCG-1,0.000034,0.000034,0.999932
ATCAGCCTCATGCTGC-1,0.012622,0.000535,0.986844
ATCAGCTCGTCCACTA-1,0.00001,0.001184,0.998807
ATCAGGTAGCTGACAG-1,0.002642,0.016057,0.981301
ATCAGGTCGCCATTGC-1,0.000018,0.000018,0.999964
ATCAGTAGGCAGGGAT-1,0.00003,0.00003,0.999941
ATCATAGATCGACGAG-1,0.000017,0.004807,0.995176
ATCATAGCCCTATGTA-1,0.000076,0.012675,0.987249
ATCATCCAATATTTGT-1,0.00004,0.00004,0.99992
ATCATCTGCCCAGTGT-1,0.000049,0.081316,0.918635
ATCATGGACTACCGAC-1,0.003083,0.005245,0.991672
ATCATTGTACCGCATT-1,0.000076,0.131252,0.868672
ATCCAACGCAGTCATA-1,0.00002,0.015649,0.984331
ATCCAATGGAGGGTCC-1,0.000017,0.036281,0.963702
ATCCAATGGTACCGAA-1,0.000065,0.65522,0.344715
ATCCACATCGACAGAA-1,0.028938,0.016798,0.954264
ATCCACGCTAAATGTT-1,0.000014,0.000014,0.999973
ATCCACTTTCAGACTA-1,0.000048,0.000048,0.999904
ATCCAGAGCAACAACC-1,0.00003,0.001684,0.998285
ATCCAGGATTCGTGAA-1,0.000038,0.087592,0.91237
ATCCCATCCACAGCGC-1,0.000028,0.026807,0.973165
ATCCCATTTCCGTGGG-1,0.048425,0.000044,0.951531
ATCCTACCTAAGCTCT-1,0.000022,0.014934,0.985044
ATCCTGAATCGCTGCG-1,0.000008,0.013612,0.98638
ATCCTGCGTGGAATGG-1,0.000043,0.007052,0.992905
ATCCTGCTGCAGATAG-1,0.453663,0.321303,0.225034
ATCCTTCTGAAAGAAC-1,0.005018,0.046803,0.948179
ATCGACCCAATACAGA-1,0.000049,0.050152,0.949799
ATCGACTCTTTCCGTT-1,0.003617,0.000885,0.995498
ATCGCACGCCGGGAGA-1,0.002861,0.007914,0.989225
ATCGCCAGTCAACATT-1,0.013021,0.000152,0.986827
ATCGCTGCGTGCAGCA-1,0.001322,0.004409,0.994269
ATCGCTTTACGTCTCA-1,0.005352,0.013375,0.981273
ATCGGAGACAGACGGC-1,0.001811,0.008542,0.989647
ATCGGCAAGCAGTCCA-1,0.000023,0.012719,0.987258
ATCGGTTACCTAGTAA-1,0.000093,0.467662,0.532245
ATCGTGGAAAGTCTGG-1,0.000018,0.007658,0.992325
ATCGTTAGCTAGCGGA-1,0.000893,0.228988,0.770119
ATCGTTCACTTTCGCC-1,0.000015,0.000015,0.99997
ATCTAATATCCTACGG-1,0.011267,0.074092,0.914641
ATCTACCATCTGCTCC-1,0.001389,0.001389,0.997222
ATCTAGCTTGTGAGGG-1,0.000051,0.000051,0.999897
ATCTCATAAACCTACC-1,0.000031,0.07688,0.923089
ATCTCCCACGGAATAT-1,0.000096,0.145797,0.854107
ATCTCCCTGCAATCTA-1,0.000044,0.000044,0.999911
ATCTCGTGAGCGAAAC-1,0.000017,0.004508,0.995475
ATCTGACATGGAAGGA-1,0.000036,0.024488,0.975477
ATCTGCACCTCTGCGA-1,0.000021,0.000021,0.999957
ATCTGCTGTTATCGCC-1,0.005336,0.012813,0.981851
ATCTGGGCTGTTCTTG-1,0.000026,0.000026,0.999947
ATCTGGTTAAGACTGT-1,0.008259,0.00004,0.991701
ATCTGTAATTGTACCC-1,0.00002,0.00002,0.99996
ATCTTAGGGCATTAAT-1,0.000033,0.075996,0.923971
ATCTTATCGCACACCC-1,0.000114,0.000114,0.999771
ATCTTGACCTGCAACG-1,0.002391,0.090364,0.907245
ATCTTGACTTGTCCAA-1,0.00129,0.000024,0.998686
ATCTTTCGTATAACCA-1,0.000012,0.0001,0.999888
ATGAAGCCAAGGAGCC-1,0.000907,0.000174,0.998919
ATGACGCCGGCTCTAA-1,0.000027,0.008778,0.991195
ATGACGCGTTCTATCC-1,0.000028,0.006978,0.992993
ATGACTATCAGCTGTG-1,0.000034,0.002177,0.997789
ATGACTATGCGACATT-1,0.110264,0.00008,0.889657
ATGAGGAGTGTTAATC-1,0.000011,0.000172,0.999817
ATGAGGGCAGCGGCTA-1,0.003682,0.053056,0.943262
ATGATCGGGAATAGAC-1,0.000011,0.000998,0.998991
ATGATGCAATGGTACA-1,0.000027,0.011517,0.988456
ATGCACGCGCTGTTCA-1,0.000025,0.042412,0.957564
ATGCACTACCGCATTG-1,0.001921,0.051122,0.946957
ATGCATGATCCAGGAT-1,0.000038,0.005047,0.994915
ATGCATTCCGTGATGG-1,0.000061,0.552283,0.447656
ATGCCAATCGCTCTGC-1,0.000046,0.000046,0.999907
ATGCCATTTGCGACCA-1,0.000018,0.000017,0.999965
ATGCCGGTCTTGCATA-1,0.000039,0.004348,0.995613
ATGCCGGTTGATGGGA-1,0.00733,0.000034,0.992636
ATGCGACAATTGGTCC-1,0.000037,0.008661,0.991303
ATGCGACAGTCCCATT-1,0.009481,0.000034,0.990485
ATGCGAGTCCCACCAC-1,0.000162,0.000162,0.999675
ATGCTCAGTGTTGCAT-1,0.000062,0.121757,0.878181
ATGCTCTGGCGCGGTA-1,0.004025,0.048298,0.947677
ATGCTTAGGAGTTGAT-1,0.01204,0.073106,0.914854
ATGGAAATTTAAGGAG-1,0.00002,0.135009,0.864971
ATGGAACAGAATAAAC-1,0.000013,0.000013,0.999973
ATGGAACCTTTGCACA-1,0.003621,0.026409,0.96997
ATGGACTGCTTAGTTG-1,0.000032,0.000032,0.999936
ATGGAGCAGGCCGTGA-1,0.00003,0.053504,0.946466
ATGGATCCGGCGTCCG-1,0.014717,0.018,0.967283
ATGGATTGACCAAACG-1,0.001086,0.016883,0.98203
ATGGCAGCATTACGAT-1,0.000013,0.008747,0.991239
ATGGCAGCCGAGAAAC-1,0.000105,0.326621,0.673274
ATGGCGGAATAGTCGC-1,0.003788,0.036791,0.959421
ATGGCTGGAAATGGCC-1,0.000013,0.000013,0.999974
ATGGGAACGGAAGCGG-1,0.000021,0.024047,0.975932
ATGGGACCTGCTGAAC-1,0.000015,0.000015,0.999969
ATGGGCCTCGGCCTCT-1,0.199272,0.006387,0.794341
ATGGGTGTATACCTCC-1,0.000023,0.000023,0.999955
ATGGTATTGGGAACCG-1,0.000024,0.000024,0.999953
ATGGTATTTACTGATT-1,0.000036,0.000036,0.999928
ATGGTCGCGTGGTTTC-1,0.000063,0.000063,0.999874
ATGGTGCTCAAAGCCA-1,0.133328,0.500535,0.366136
ATGGTTACGAAACATG-1,0.014198,0.056372,0.92943
ATGTAAGGCTGCTCTT-1,0.000034,0.04511,0.954857
ATGTACATGCGGTGAG-1,0.0128,0.023917,0.963282
ATGTACGATGACGTCG-1,0.000021,0.02326,0.976718
ATGTAGCGCGCGTAGG-1,0.000038,0.038912,0.96105
ATGTCATAATAAACGA-1,0.000036,0.000036,0.999928
ATGTCTTGTTTGACTC-1,0.00003,0.00003,0.99994
ATGTGAAAGCCTAATG-1,0.000015,0.003509,0.996476
ATGTGCATCCGACGCA-1,0.037674,0.012213,0.950114
ATGTGGACATCTTGAT-1,0.000037,0.050904,0.949059
ATGTGTAGTTTAGTCA-1,0.000103,0.344267,0.65563
ATGTTACGAGCAATAC-1,0.000055,0.417231,0.582715
ATGTTCGTCGACCCAC-1,0.000063,0.173388,0.826549
ATGTTGATTAGAGACT-1,0.000918,0.061046,0.938036
ATGTTGTAGTCTGTTT-1,0.000043,0.000043,0.999913
ATGTTTCGGCCCGGAG-1,0.00002,0.00407,0.99591
ATGTTTGTAAGATCAT-1,0.000015,0.000015,0.999971
ATTAAACATGCGGACC-1,0.007701,0.097156,0.895143
ATTAATACTACGCGGG-1,0.000035,0.017719,0.982246
ATTAATGAACCAGTCG-1,0.00324,0.011727,0.985033
ATTAATTCGGTCACTC-1,0.001545,0.023708,0.974747
ATTACAACTACCGGCC-1,0.000032,0.05786,0.942108
ATTACATGTCAGTCTT-1,0.007687,0.00042,0.991892
ATTACCACACTGCCTG-1,0.002293,0.017585,0.980122
ATTACGACTCCACAGT-1,0.000016,0.000871,0.999114
ATTACGCGCTGGCAGG-1,0.00001,0.00001,0.99998
ATTACGGGCTACGGTT-1,0.000046,0.117588,0.882366
ATTACTAGCCTCTTGC-1,0.001195,0.000028,0.998778
ATTACTTACTGGGCAT-1,0.000038,0.02149,0.978472
ATTAGATTCCTCAGCA-1,0.000028,0.000028,0.999944
ATTAGATTGATAGCGG-1,0.000019,0.000019,0.999962
ATTAGGCGATGCTTTC-1,0.000056,0.020139,0.979805
ATTATACTTTGCTCGT-1,0.000031,0.012029,0.987941
ATTATAGCTACTTTAC-1,0.000029,0.000029,0.999942
ATTATCGGAATGTACG-1,0.000087,0.000087,0.999826
ATTATCTCGACAGATC-1,0.000073,0.222315,0.777613
ATTATGAGACCCAATT-1,0.000039,0.000039,0.999922
ATTATGCCATAGGGAG-1,0.000031,0.005939,0.994031
ATTATGCTCAGTATTG-1,0.004448,0.000044,0.995509
ATTATTATGTCCGTCA-1,0.000041,0.079671,0.920288
ATTATTCAGAGTCACT-1,0.000189,0.000189,0.999622
ATTCAACCATTTAAGG-1,0.001352,0.001352,0.997297
ATTCACTGATGTTGGA-1,0.025813,0.008361,0.965826
ATTCAGATGAATCCCT-1,0.000034,0.069988,0.929978
ATTCAGGACCTATTTC-1,0.000052,0.000052,0.999895
ATTCAGGATCGCCTCT-1,0.000063,0.11853,0.881406
ATTCAGTAGCAGGGTC-1,0.000037,0.10853,0.891433
ATTCATATACTGTCCA-1,0.000054,0.215249,0.784696
ATTCATCGTTGAGGCA-1,0.000455,0.19228,0.807265
ATTCCCACATAAACAA-1,0.000046,0.301186,0.698768
ATTCCCGAAGGTACAG-1,0.00009,0.286421,0.713489
ATTCCTAAGACGTGGA-1,0.000037,0.026332,0.973631
ATTCCTCCGCCAGTGC-1,0.000022,0.001801,0.998177
ATTCCTTCCAGGCGGT-1,0.010559,0.824028,0.165413
ATTCGACGCCGGGCCT-1,0.000834,0.000007,0.99916
ATTCGCAGAGGACACT-1,0.000021,0.000021,0.999957
ATTCGCGCCTTGAGAG-1,0.035398,0.038239,0.926363
ATTCGTGCTATCTCTT-1,0.000234,0.000234,0.999531
ATTCGTGTACCCATTC-1,0.00022,0.1424,0.85738
ATTCGTTTATCGTATT-1,0.000211,0.106119,0.89367
ATTCTCGTCTCTTTAG-1,0.008321,0.094521,0.897158
ATTCTGAGTATGAACT-1,0.000013,0.000013,0.999974
ATTCTTCGTACTTATG-1,0.000033,0.000033,0.999934
ATTGAAGATCTTAGTG-1,0.000038,0.000038,0.999924
ATTGACCGGCGATGAC-1,0.000032,0.002136,0.997833
ATTGACGTAACTCGGT-1,0.001842,0.00296,0.995197
ATTGATAGCAACGAGA-1,0.011666,0.9076,0.080734
ATTGATCACCACATTT-1,0.000031,0.099032,0.900937
ATTGATGAGTCCTAAC-1,0.007163,0.000029,0.992809
ATTGCCTATTAGACCG-1,0.000042,0.095203,0.904755
ATTGCCTTTATGTTTG-1,0.00137,0.00137,0.99726
ATTGCGATCAGTAACT-1,0.000117,0.000117,0.999766
ATTGCTGCTCCTCCAT-1,0.000033,0.05195,0.948017
ATTGGATTACAGCGTA-1,0.001389,0.001389,0.997222
ATTGGGAATATCTTGG-1,0.000021,0.029687,0.970291
ATTGGGAGTTCTGTAA-1,0.000044,0.004358,0.995598
ATTGGTTGTGCATTAC-1,0.01511,0.127222,0.857668
ATTGTACAACTCGGCT-1,0.014094,0.002627,0.983279
ATTGTCGCAATACCTT-1,0.000033,0.005394,0.994573
ATTGTCTGTTTCATGT-1,0.00005,0.00005,0.999901
ATTGTGACTTCGCTGC-1,0.000035,0.015517,0.984449
ATTGTTCAACGATCCG-1,0.012037,0.113081,0.874882
ATTTAACTCGTATTAC-1,0.00002,0.021797,0.978182
ATTTACAGTTTACTGG-1,0.000029,0.014163,0.985808
ATTTACTAAGTCCATT-1,0.00604,0.011286,0.982674
ATTTATACTGGTAAAG-1,0.000098,0.037054,0.962849
ATTTCATTATTTCGCG-1,0.006925,0.005491,0.987585
ATTTCCGGGTTCTGCG-1,0.000027,0.025658,0.974315
ATTTGCCTAGTTACGA-1,0.025576,0.518609,0.455815
ATTTGCGCGAGTAGCT-1,0.000046,0.070148,0.929806
ATTTGGAGATTGCGGT-1,0.000135,0.563099,0.436766
ATTTGTCTTGGGAGCT-1,0.00002,0.004868,0.995112
ATTTGTTCCAGGGCTC-1,0.00002,0.00002,0.999961
CAAACCATAAGCGTAT-1,0.000388,0.000388,0.999225
CAAACCCTCCGGCGGG-1,0.000035,0.007048,0.992917
CAAACGAGTATCGCAG-1,0.000015,0.03476,0.965224
CAAACGGTCGCACTTT-1,0.000023,0.004898,0.995079
CAAACGTGGTCTTGCG-1,0.000027,0.067633,0.93234
CAAACTACGATAGAGA-1,0.000026,0.01034,0.989634
CAAACTATTGAGCTTC-1,0.002331,0.00003,0.99764
CAAACTCGCGACGCCG-1,0.000045,0.018548,0.981407
CAAAGATTATTGGGCC-1,0.000018,0.006995,0.992987
CAAAGGTCATCTGAAA-1,0.00141,0.035969,0.962621
CAAAGGTTAAATTCAG-1,0.000061,0.006894,0.993045
CAAATCTCTCACAAGG-1,0.00001,0.005252,0.994738
CAAATGCGGAGTGTTC-1,0.167759,0.56384,0.268401
CAAATGTCCTTCCGTG-1,0.000037,0.000037,0.999926
CAAATTGGATTATGCC-1,0.000035,0.000035,0.999929
CAAATTGTCAGCAAGC-1,0.000025,0.013221,0.986754
CAACACATCTCCTGCC-1,0.002855,0.003528,0.993617
CAACAGAATAACGCTA-1,0.000027,0.059275,0.940698
CAACAGTGCCAAACGG-1,0.000022,0.36981,0.630168
CAACCAGTGGCCTACC-1,0.019787,0.185745,0.794468
CAACCTACCGAGCAGT-1,0.002778,0.002779,0.994443
CAACCTGAACCTGCCA-1,0.008176,0.022285,0.969538
CAACGACCCGTTTACA-1,0.005831,0.004989,0.98918
CAACGAGCTTATTATG-1,0.000047,0.088455,0.911498
CAACGCGATGAGCCAA-1,0.000035,0.029224,0.970741
CAACGGTTCTTGATAC-1,0.005797,0.034814,0.959388
CAACGTGGTGGAGTCT-1,0.007248,0.021986,0.970766
CAACTATATCGAATGC-1,0.043456,0.025463,0.931081
CAACTCCAACGTTTAG-1,0.000024,0.000024,0.999952
CAACTCCGTAACTTGC-1,0.000053,0.000053,0.999893
CAACTCCTTGATCCCG-1,0.001592,0.017701,0.980708
CAACTGAGGGTATGAC-1,0.000033,0.001782,0.998185
CAACTGCTCATCCGAT-1,0.000016,0.008181,0.991803
CAACTTGTAGTGGGCA-1,0.017074,0.314782,0.668144
CAAGAAACCCTAAACT-1,0.000024,0.000024,0.999953
CAAGACTCAGAAGCGC-1,0.001776,0.00537,0.992854
CAAGAGGGCGGAGTAC-1,0.00002,0.033365,0.966615
CAAGATATTATAACGT-1,0.003327,0.000761,0.995912
CAAGCAACGTCGGAGT-1,0.000011,0.019991,0.979998
CAAGCACCAAATGCCT-1,0.000019,0.031827,0.968154
CAAGCGGCACATAATT-1,0.00003,0.027588,0.972382
CAAGGATCGCATGTTC-1,0.000048,0.038998,0.960954
CAAGGCCAGTGGTGCA-1,0.000134,0.000134,0.999732
CAAGGGAGTGTATTTG-1,0.000255,0.790378,0.209367
CAAGGTCCTATAGGCT-1,0.000021,0.004639,0.99534
CAAGTAAGTGATAGAC-1,0.187793,0.000061,0.812146
CAAGTCGTTGAAATCT-1,0.000049,0.030879,0.969073
CAAGTGAACTTTGGTT-1,0.000085,0.28422,0.715695
CAAGTGTGGTTGCAAA-1,0.008535,0.000041,0.991424
CAATAAACCTTGGCCC-1,0.00526,0.004103,0.990637
CAATACGAGAGTCTGA-1,0.000048,0.015524,0.984428
CAATACGCTCTGAGGC-1,0.000056,0.14687,0.853074
CAATATGTAGATTTAC-1,0.00003,0.035681,0.96429
CAATATTCTTGACCTA-1,0.001311,0.000687,0.998002
CAATCCATTATCCGTT-1,0.000062,0.118687,0.881252
CAATCCCTATACCAGC-1,0.000017,0.000017,0.999966
CAATCCTGCCGTGGAG-1,0.018926,0.920672,0.060403
CAATGACCCTTAATTT-1,0.000062,0.000062,0.999876
CAATGAGGTTCGACTA-1,0.00001,0.01203,0.98796
CAATGCGAGAAGTATC-1,0.000042,0.005671,0.994287
CAATGGAATCTACATA-1,0.000034,0.001125,0.998841
CAATGGATCTCTACCA-1,0.00402,0.000158,0.995822
CAATGGTCGGCCTGGG-1,0.000033,0.166649,0.833318
CAATGTGCCAACCCTT-1,0.000893,0.015607,0.9835
CAATTAAGGGTGATGA-1,0.000023,0.012411,0.987566
CAATTGGGCCGCACTC-1,0.000096,0.432224,0.56768
CAATTTCGTATAAGGG-1,0.000016,0.016858,0.983125
CACAAACCGCAGAACT-1,0.013893,0.100669,0.885438
CACAAGAAAGATATTA-1,0.000024,0.001112,0.998864
CACAAGCTAAGAAAGG-1,0.000015,0.000015,0.99997
CACAATGAGCTGCTAT-1,0.00002,0.006287,0.993692
CACACACGCTAACGAG-1,0.00125,0.00125,0.997499
CACACAGCTTGCGCTC-1,0.000034,0.018269,0.981698
CACACAGGGATAGATT-1,0.000038,0.051476,0.948486
CACACGCGCTGTCTTA-1,0.009008,0.085966,0.905027
CACACGTTTCAATGGG-1,0.000022,0.029513,0.970465
CACACTTGTATTGCGA-1,0.000048,0.046258,0.953694
CACAGAGACGAGGACG-1,0.000016,0.00911,0.990874
CACAGCACCCACGGCA-1,0.011681,0.067351,0.920967
CACAGCTAGGGAGTGA-1,0.000019,0.006938,0.993043
CACAGGGCCATATAGT-1,0.00099,0.00099,0.998019
CACAGGGCCGTTGTCA-1,0.000047,0.000047,0.999907
CACAGTCCCGCTTCGC-1,0.010025,0.063527,0.926448
CACAGTTCGCTTCCCA-1,0.000021,0.058498,0.941481
CACATATTAGCAGGAT-1,0.000028,0.0373,0.962672
CACATCGTGCACGCGC-1,0.00004,0.001536,0.998423
CACATCTCACCGACGA-1,0.02492,0.013567,0.961513
CACATGATTCAGCAAC-1,0.000031,0.110989,0.88898
CACATTCTTTCGATGG-1,0.000053,0.064874,0.935074
CACATTTCTTGTCAGA-1,0.005961,0.000274,0.993765
CACCAATCATCCGTCT-1,0.000078,0.14747,0.852453
CACCACGCCACACAGA-1,0.000064,0.187859,0.812077
CACCAGTCAGCATGCA-1,0.000024,0.0056,0.994376
CACCATCGGAGGAGAC-1,0.000036,0.000036,0.999927
CACCATGATCGCAAAG-1,0.000031,0.031089,0.96888
CACCCAAATCTTATGT-1,0.000021,0.000021,0.999959
CACCCACACGTCACCC-1,0.001563,0.005105,0.993333
CACCCACGAGGCAATT-1,0.00448,0.000038,0.995482
CACCCGCGTTTGACAC-1,0.014219,0.025365,0.960416
CACCCGGTTTGTGACT-1,0.000036,0.000036,0.999928
CACCCTAACAAGATCT-1,0.001371,0.00829,0.990339
CACCCTTGGTGAGACC-1,0.000019,0.048631,0.951349
CACCCTTTCCTCGCTC-1,0.014615,0.622633,0.362752
CACCGATACACCGAGC-1,0.000032,0.004897,0.995071
CACCGATGATGGGTAC-1,0.000424,0.146089,0.853487
CACCGCCAGAAGGTTT-1,0.000022,0.000022,0.999956
CACCGCCGACCAGCGA-1,0.045594,0.147377,0.807029
CACCGCGTCCACTCTA-1,0.000039,0.000039,0.999921
CACCGGAGATATCTCC-1,0.000012,0.000012,0.999975
CACCGGGCATCACAAG-1,0.620201,0.000148,0.379651
CACCGGTAGAGACATT-1,0.000026,0.000026,0.999949
CACCGTATCCCATCCG-1,0.000483,0.232656,0.766861
CACCGTTAGGGATCAC-1,0.00003,0.002894,0.997076
CACCGTTGCGCGATAT-1,0.000016,0.014954,0.98503
CACCTAATAGAGTCGT-1,0.00006,0.710804,0.289136
CACCTAATCAGTTTAC-1,0.000034,0.017126,0.98284
CACCTCGATGGTGGAC-1,0.000025,0.00069,0.999285
CACCTCTACGAGTGTG-1,0.000039,0.000039,0.999922
CACCTTGCGAAACTCG-1,0.001571,0.00002,0.998409
CACCTTGGCGCCTTTG-1,0.00032,0.00032,0.999361
CACGAAAGTTAGTCCC-1,0.00003,0.073068,0.926902
CACGACCACAGACTTT-1,0.000045,0.034603,0.965352
CACGACGTAATAGTAA-1,0.000024,0.000024,0.999952
CACGACTAAAGTTCTG-1,0.487227,0.512199,0.000574
CACGAGCAAACCAGAC-1,0.000009,0.000009,0.999982
CACGATTGGTCGTTAA-1,0.431247,0.252454,0.316299
CACGCACAGCGCAGCT-1,0.000027,0.000027,0.999945
CACGCAGCGAGGCTTT-1,0.001453,0.000039,0.998508
CACGCGGAACTGTTGC-1,0.000058,0.000058,0.999883
CACGGACGTGGATGGC-1,0.018706,0.046931,0.934363
CACGGCGCGCCAAAGG-1,0.000726,0.011603,0.987671
CACGGGATTGAGGGTT-1,0.000064,0.471646,0.52829
CACGTCAATCAATGGA-1,0.001076,0.213239,0.785685
CACGTCGGCAACCTCT-1,0.000031,0.000583,0.999386
CACGTCTATGATGTGG-1,0.000015,0.000015,0.999969
CACGTTCGTGCTCTAG-1,0.000014,0.000014,0.999971
CACGTTTCGTACACAC-1,0.000249,0.002948,0.996804
CACTAAAGTTGCCTAT-1,0.174798,0.032615,0.792587
CACTACGGGAGCTGCC-1,0.004397,0.000376,0.995227
CACTACTCAGTTCTGT-1,0.00001,0.00001,0.99998
CACTCAAGAGCTATGG-1,0.000034,0.027112,0.972855
CACTCAGCTCTTGAGG-1,0.00498,0.000022,0.994998
CACTCCTATGTAAGAT-1,0.000034,0.000034,0.999932
CACTCCTCTCGGTCGG-1,0.000025,0.000025,0.99995
CACTCGAGCTGAACAA-1,0.000032,0.015869,0.984099
CACTCGGTTAGGAGGA-1,0.000049,0.1795,0.820451
CACTCTCAAGCATCGA-1,0.000047,0.000047,0.999905
CACTCTTCTGCTAGCC-1,0.001725,0.129616,0.868659
CACTGACGATTGTGGA-1,0.000071,0.01677,0.983159
CACTGTCCAAGTGAGA-1,0.000023,0.013085,0.986892
CACTTAATCAGACGGA-1,0.000031,0.008928,0.991041
CACTTCGCCACAGGCT-1,0.000034,0.027093,0.972873
CAGAACTTAGCCCTCT-1,0.00005,0.028127,0.971824
CAGAATAACACACGGA-1,0.004133,0.10355,0.892317
CAGAATATTCGTTATC-1,0.007071,0.044676,0.948253
CAGACACCGATCGCTG-1,0.000029,0.014856,0.985116
CAGACCTGTAAGTGTT-1,0.001492,0.000029,0.998479
CAGACGAACCTGATAC-1,0.000027,0.045498,0.954475
CAGAGACGGTCACCCA-1,0.003054,0.000047,0.996899
CAGAGCATGAGCTTGC-1,0.003085,0.034288,0.962627
CAGAGGCGATGCATGA-1,0.002596,0.0438,0.953604
CAGAGTGATTTAACGT-1,0.000024,0.006653,0.993324
CAGATAATGGGCGGGT-1,0.000114,0.000114,0.999772
CAGATACTAACATAGT-1,0.000028,0.049691,0.950281
CAGATATGAAGATGAC-1,0.000009,0.000009,0.999981
CAGATCATTTAAAGTC-1,0.036944,0.02997,0.933085
CAGATCCTGGTTTGAA-1,0.000019,0.000019,0.999961
CAGATGTTTGTCCCAA-1,0.000097,0.156319,0.843583
CAGCAGCCCGTTCCTT-1,0.005032,0.050202,0.944767
CAGCAGTCCAGACTAT-1,0.000246,0.026581,0.973172
CAGCAGTCTGTGCTGC-1,0.000024,0.015912,0.984064
CAGCCCTCACAGGCAG-1,0.000071,0.409136,0.590793
CAGCCGGGCCCTCTAT-1,0.000039,0.000039,0.999922
CAGCCTCCTGCAGAGG-1,0.003615,0.004788,0.991598
CAGCCTCGATAGCGGT-1,0.000174,0.144703,0.855123
CAGCCTCTCCTCAAGA-1,0.000043,0.000043,0.999915
CAGCGATTCCCTTCAA-1,0.000035,0.003106,0.996858
CAGCGCCAACACGATA-1,0.000139,0.304734,0.695127
CAGCTCACTGAGACAT-1,0.006729,0.006369,0.986901
CAGCTCGACAAGTTAA-1,0.01896,0.019134,0.961905
CAGCTCGTGCTTGTGT-1,0.000072,0.1443,0.855628
CAGCTCTGGGCTCACT-1,0.000049,0.049922,0.950029
CAGCTGGCGTAACCGT-1,0.000015,0.00917,0.990815
CAGCTTAGTAGGTAGC-1,0.000018,0.017696,0.982286
CAGGAAGACTTTATAT-1,0.000038,0.007176,0.992786
CAGGACAGCTGCCCTT-1,0.00257,0.022403,0.975028
CAGGATATATCGTTGT-1,0.0103,0.114506,0.875195
CAGGATCCGCCCGACC-1,0.2728,0.312715,0.414485
CAGGCAGTCTTACCAG-1,0.00082,0.00082,0.99836
CAGGCCAGTACCACCT-1,0.000013,0.024559,0.975428
CAGGCCGTTTGGGTGT-1,0.00005,0.099405,0.900545
CAGGCGCACGGTGGTC-1,0.001306,0.037095,0.961599
CAGGCGCCATGCTAGG-1,0.043754,0.000037,0.956208
CAGGGAGATAGGCCAG-1,0.000015,0.000387,0.999598
CAGGTTTAGTACTACA-1,0.01112,0.021026,0.967854
CAGTAACTATTTATTG-1,0.00005,0.00005,0.999901
CAGTAAGGGACGTCTC-1,0.000062,0.047934,0.952003
CAGTAATCCCTCCCAG-1,0.000062,0.103434,0.896505
CAGTACATTCTCTAAA-1,0.000022,0.009866,0.990113
CAGTACCAGTTTACGT-1,0.001277,0.021221,0.977503
CAGTAGCCCACGCGGT-1,0.092376,0.000029,0.907595
CAGTCCAACGCCTTCT-1,0.000033,0.000033,0.999935
CAGTCGAGGATGCAAT-1,0.043138,0.000054,0.956808
CAGTCGGCCTAGATAT-1,0.000158,0.477295,0.522547
CAGTCTGTATACTGGG-1,0.000029,0.050892,0.949079
CAGTGAATAAATGACT-1,0.015973,0.000026,0.984001
CAGTGGTTGCACATGA-1,0.012685,0.975338,0.011976
CAGTGTCCGCAGAATG-1,0.000066,0.160851,0.839083
CAGTGTCGGCTGGCCC-1,0.000184,0.000184,0.999632
CAGTGTTAATCTCTCA-1,0.000036,0.0384,0.961563
CAGTTCAAATTGACAC-1,0.000014,0.000014,0.999972
CAGTTCCGCGGGTCGA-1,0.000037,0.086277,0.913686
CAGTTCGAGGACCCGA-1,0.000033,0.000033,0.999933
CATAACGGACAGTCGT-1,0.002243,0.000014,0.997744
CATAAGAAGCTTGGCT-1,0.000029,0.032528,0.967443
CATAAGCTCTCCGTCT-1,0.000039,0.063473,0.936488
CATAATGAGCGGGCGA-1,0.336522,0.475328,0.18815
CATACAAAGCCGAACC-1,0.031238,0.260349,0.708413
CATACACAAAGTCAGC-1,0.000066,0.528777,0.471156
CATACACGGTTCCCAC-1,0.000039,0.021141,0.97882
CATACCCGTACCCAGT-1,0.000009,0.00866,0.991331
CATACGAACTAGCTGG-1,0.000022,0.000022,0.999956
CATACGGCGTCTGGGC-1,0.000037,0.06255,0.937413
CATACGGGTGCATGAT-1,0.021087,0.191267,0.787646
CATACTATGTAATTGT-1,0.008619,0.004162,0.987218
CATACTTAGGCAATAC-1,0.000047,0.015855,0.984098
CATACTTCTTTCTCCG-1,0.026273,0.103045,0.870682
CATAGAGGAGATACTA-1,0.000493,0.000493,0.999015
CATAGCCGCCCGGGAT-1,0.000037,0.18467,0.815293
CATAGCGTTGCCCACC-1,0.000022,0.059686,0.940293
CATAGGGACACTTGTG-1,0.000035,0.001112,0.998854
CATAGTACATTGAGAG-1,0.015541,0.090167,0.894293
CATAGTAGCATAGTAG-1,0.000024,0.039393,0.960583
CATAGTCAAATACATA-1,0.023134,0.001137,0.975729
CATAGTCCACAAGAAC-1,0.000016,0.000016,0.999969
CATATACTACTGATAA-1,0.044154,0.029995,0.925852
CATATAGGTACAGTCA-1,0.000037,0.022326,0.977637
CATATGTCAGGCTACG-1,0.000018,0.007313,0.99267
CATATTATTTGCCCTA-1,0.000033,0.1962,0.803767
CATCAAACTGGCGCCC-1,0.000037,0.000037,0.999927
CATCATCTACCCGGAC-1,0.001861,0.005966,0.992173
CATCATTACCCTGAGG-1,0.000606,0.000606,0.998788
CATCCAATATAGTTTG-1,0.000028,0.010725,0.989246
CATCCCGAGATTCATA-1,0.006977,0.186415,0.806607
CATCCTCTCAAAGATC-1,0.064068,0.000217,0.935715
CATCGAATGGATCTCT-1,0.007814,0.957169,0.035017
CATCGCCCGCGGCCAA-1,0.000047,0.161583,0.83837
CATCGGACGGGTTAAT-1,0.000052,0.071618,0.92833
CATCTACCCGAGAACG-1,0.002655,0.00004,0.997305
CATCTAGTGAAGGGAA-1,0.003173,0.04631,0.950517
CATCTATCCCGTGTCT-1,0.000045,0.004361,0.995594
CATCTTACACCACCTC-1,0.000035,0.000035,0.99993
CATGAACCGACATTTG-1,0.000047,0.255357,0.744596
CATGAACCTCTTATCA-1,0.000025,0.064309,0.935666
CATGACTTCGCTGAAT-1,0.000058,0.0172,0.982742
CATGAGATGCACTCTC-1,0.00005,0.00005,0.999899
CATGAGTCCATCACGG-1,0.000046,0.002125,0.997828
CATGATACGGTGAAAC-1,0.038659,0.029476,0.931865
CATGATCGCTTTGAGA-1,0.000971,0.299417,0.699612
CATGATGCACAATTCT-1,0.000037,0.000037,0.999926
CATGATGGAAGTTAGC-1,0.000562,0.000562,0.998876
CATGCACATGAGAGGC-1,0.000027,0.105491,0.894482
CATGCACGTGTTACTG-1,0.000028,0.024331,0.975641
CATGCATGGAGACCCT-1,0.000014,0.015281,0.984705
CATGCCAACTCGCAAA-1,0.000017,0.000017,0.999967
CATGCGACCAGTTTAA-1,0.007718,0.067153,0.925129
CATGCGTTAGACAGAA-1,0.00216,0.015432,0.982409
CATGCGTTGAGAGGAG-1,0.000017,0.000017,0.999967
CATGCTGGCTCCAATT-1,0.000037,0.03746,0.962504
CATGGAAATGGGACCA-1,0.000021,0.000021,0.999957
CATGGATTGTCTTCCG-1,0.000621,0.000621,0.998757
CATGGCAGGAAGATCG-1,0.000023,0.000023,0.999953
CATGGGTATGCCTTAT-1,0.000043,0.011104,0.988853
CATGGGTCGGGTGTGG-1,0.00232,0.000048,0.997632
CATGGTAAGTAGCGTT-1,0.000012,0.026481,0.973507
CATGGTATTAGTTTGT-1,0.000039,0.612836,0.387125
CATGGTCTAGATACCG-1,0.000025,0.000608,0.999367
CATGGTTTATTAATCA-1,0.000225,0.129379,0.870396
CATGTAAGAGACATTT-1,0.000207,0.000207,0.999587
CATGTAGGAGCGCCAA-1,0.004098,0.000363,0.99554
CATGTCTCATTTATGG-1,0.000038,0.012213,0.987749
CATGTGGGCTCATCAC-1,0.000073,0.023711,0.976216
CATTACATAGATTGTG-1,0.028782,0.000029,0.971189
CATTACGCAGGAAGGG-1,0.000175,0.000175,0.999651
CATTACGTCGGCCCGT-1,0.000029,0.000029,0.999942
CATTATAACAGGGTCC-1,0.03005,0.464963,0.504988
CATTATCCCATTAACG-1,0.000033,0.000033,0.999934
CATTATGCTTGTTGTG-1,0.000041,0.018618,0.981342
CATTCACTGACAGCTA-1,0.000041,0.047564,0.952394
CATTCCCATTCCGTCG-1,0.010299,0.038191,0.951509
CATTCGTCGTAGCGGT-1,0.012221,0.134207,0.853572
CATTGATGAACACGCC-1,0.00052,0.000021,0.999459
CATTGCAAAGCATAAT-1,0.000041,0.187636,0.812323
CATTGCGAAATGGGCG-1,0.000041,0.180953,0.819006
CATTGCGGGTCAATTC-1,0.003828,0.065541,0.930632
CATTTAGCGGACCATG-1,0.004018,0.00002,0.995962
CATTTATCGTTCAAGA-1,0.000025,0.007271,0.992704
CATTTCTAGCAGACTA-1,0.000085,0.626063,0.373852
CATTTGAGTGGTACGT-1,0.000047,0.042908,0.957045
CCAAACAGAACCCTCG-1,0.000013,0.000151,0.999836
CCAAATAACAAGATTC-1,0.000021,0.019022,0.980958
CCAAATCAAAGGGCAA-1,0.000017,0.000017,0.999965
CCAACCTTATGTAACT-1,0.000031,0.024536,0.975434
CCAACGATGCACTGAT-1,0.000012,0.000012,0.999977
CCAACGCTTGCCAGGG-1,0.000025,0.000025,0.999949
CCAACTTGATAGATCC-1,0.009322,0.032011,0.958667
CCAAGAAAGTGGGCGA-1,0.000031,0.082444,0.917526
CCAAGACTTCTGCGAA-1,0.004621,0.000033,0.995345
CCAAGCGTAACTCGTA-1,0.00604,0.020426,0.973535
CCAAGCTTGATCTCCT-1,0.052554,0.662133,0.285313
CCAAGGAACAGAGAGG-1,0.117577,0.109355,0.773068
CCAAGGTTGCCCTTTC-1,0.00006,0.001527,0.998413
CCAATAGTGCCGTCGA-1,0.002027,0.072875,0.925098
CCAATCGGTAGATCGA-1,0.000031,0.019923,0.980046
CCAATGTCACAGCAAG-1,0.021482,0.029766,0.948752
CCAATTACGGGTCGAG-1,0.000038,0.000038,0.999923
CCAATTGAATGTTAAT-1,0.000016,0.001198,0.998786
CCACAATGTACGTCTT-1,0.000017,0.000017,0.999966
CCACACTGAGATATTA-1,0.000049,0.056949,0.943003
CCACAGTACCCATCCT-1,0.000067,0.000067,0.999865
CCACATACTGCACCCA-1,0.003258,0.000597,0.996145
CCACATGGCTCTTTAT-1,0.000092,0.101306,0.898602
CCACCAACTTTACTGT-1,0.000039,0.000039,0.999922
CCACCCAAGGAAAGTG-1,0.002425,0.041167,0.956408
CCACCTGTATGGAATA-1,0.000108,0.170249,0.829643
CCACGAATTTAACCTC-1,0.000092,0.031783,0.968125
CCACGAGAAGAGAATC-1,0.00003,0.096784,0.903186
CCACGGAGCCATAAGA-1,0.000014,0.032113,0.967873
CCACGGCAGGTGTAGG-1,0.000034,0.057633,0.942333
CCACGGTGCCCGGTAG-1,0.003643,0.000029,0.996328
CCACGTAAATTAGACT-1,0.001175,0.051408,0.947418
CCACTAAACTGAATCG-1,0.000963,0.913049,0.085988
CCACTATCCGGGTCAC-1,0.004501,0.000029,0.99547
CCACTCAGATCCGCAA-1,0.000375,0.000375,0.999251
CCACTGGTGGCTGGTT-1,0.000021,0.021481,0.978497
CCACTGTTTGGATTAA-1,0.002381,0.034267,0.963351
CCACTTTCCTTCTAGG-1,0.017383,0.05036,0.932257
CCAGAAACTGATGCGA-1,0.000262,0.166578,0.83316
CCAGAAAGCAACTCAT-1,0.000022,0.069452,0.930526
CCAGAGACAAAGCCGG-1,0.000038,0.221988,0.777973
CCAGATAGTTGAGTGA-1,0.0055,0.059652,0.934848
CCAGATGTAAATGGGT-1,0.001282,0.004816,0.993902
CCAGCCTGGACCAATA-1,0.000031,0.065824,0.934145
CCAGCGGGATCACCAG-1,0.003647,0.008976,0.987376
CCAGCTACGCCTCATA-1,0.879744,0.119468,0.000788
CCAGCTCGAACGCATT-1,0.000026,0.000026,0.999948
CCAGCTGATGGTACTT-1,0.000036,0.000036,0.999928
CCAGCTTCCGCCCGCA-1,0.000055,0.210847,0.789098
CCAGGCGAGATGGTCT-1,0.000037,0.018807,0.981155
CCAGGCTGGCGTCTGA-1,0.000169,0.127525,0.872306
CCAGGGACGTGGCCTC-1,0.01163,0.000027,0.988343
CCAGTAGTCTGATCCA-1,0.045347,0.000026,0.954627
CCAGTCAAATCTCTTA-1,0.000053,0.197166,0.802781
CCAGTCCATTATTCGA-1,0.056884,0.536841,0.406275
CCAGTCTAGACGGCGC-1,0.00313,0.000036,0.996833
CCAGTCTTGTCATAGA-1,0.000064,0.030145,0.969792
CCAGTGTACAGACCGA-1,0.000028,0.018347,0.981625
CCAGTTCGGTAACTCA-1,0.001409,0.001409,0.997182
CCATAAACAACCCGAC-1,0.000025,0.044041,0.955935
CCATAACCTGTGCAGT-1,0.000049,0.201511,0.79844
CCATACCTTTACTTGT-1,0.000024,0.000024,0.999953
CCATAGAGGCTGCCAG-1,0.000041,0.259685,0.740274
CCATAGGTTGGCGTGG-1,0.000021,0.000021,0.999959
CCATAGTCAGTAACCC-1,0.072506,0.926465,0.001029
CCATATGGAAACTATA-1,0.000599,0.000599,0.998802
CCATCATAAGAACAGG-1,0.000026,0.020186,0.979788
CCATCCATACCAAGTC-1,0.000042,0.197233,0.802725
CCATCGCAGTTAAACT-1,0.017526,0.03675,0.945724
CCATCTCACCAGTGAA-1,0.004588,0.000047,0.995364
CCATCTTGTTCACAAT-1,0.114297,0.76241,0.123294
CCATGCCCTAGATTTC-1,0.000935,0.000935,0.99813
CCATGCCTGTTTAGTA-1,0.774492,0.000039,0.225469
CCATGCTCTGCAGGAA-1,0.000025,0.011225,0.988751
CCATGGCAAACGCTCA-1,0.033151,0.020692,0.946158
CCATGGCCCTTGTACC-1,0.015741,0.129692,0.854567
CCATGTTCATCTATAT-1,0.000045,0.000045,0.999911
CCATTAGCGATAATCC-1,0.001219,0.023716,0.975064
CCATTCCCTGCCCACA-1,0.000032,0.06971,0.930258
CCATTGTTTCCTCCAT-1,0.014074,0.00362,0.982306
CCATTTCTACCTATTA-1,0.000008,0.000008,0.999984
CCCAAACATGCTGCTC-1,0.029268,0.00224,0.968491
CCCAACATACGTCGCG-1,0.000022,0.064073,0.935904
CCCAACCACACTAACA-1,0.138254,0.397874,0.463872
CCCAAGAATGCACGGT-1,0.000026,0.035561,0.964412
CCCAAGACAGAGTATG-1,0.172243,0.55124,0.276517
CCCAAGTCATTACACT-1,0.00122,0.00122,0.99756
CCCAATGAGATTTGCA-1,0.000032,0.000032,0.999937
CCCAATTTCACAACTT-1,0.000026,0.089827,0.910148
CCCACTCCACGGTATC-1,0.000043,0.199213,0.800744
CCCAGAGGAGGGCGTA-1,0.004665,0.000032,0.995303
CCCAGATTCCCGTGAC-1,0.000037,0.000037,0.999925
CCCAGGAAGAATTCGA-1,0.000037,0.000037,0.999927
CCCAGGTCTGAAGGCT-1,0.009208,0.000107,0.990685
CCCAGTAAACTTGGGA-1,0.000007,0.001099,0.998894
CCCAGTTAAGGCGCCG-1,0.000025,0.000025,0.999949
CCCATATAGGTCGATT-1,0.047377,0.210395,0.742228
CCCGAAGTTTCGCGAA-1,0.000045,0.207422,0.792533
CCCGACCATAGTCCGC-1,0.000029,0.003438,0.996533
CCCGAGTTTCTCCGTA-1,0.016174,0.143821,0.840005
CCCGATAGCCTCGCCT-1,0.003658,0.031148,0.965194
CCCGCAAATAATCATC-1,0.000035,0.012267,0.987698
CCCGCAGCGCGAACTA-1,0.000051,0.070183,0.929766
CCCGCAGGGCCCAAAG-1,0.238631,0.001273,0.760096
CCCGCCATGCTCCCGT-1,0.000016,0.015991,0.983993
CCCGCGCAATGCACCC-1,0.000034,0.287615,0.712351
CCCGCTAGAGGGTTAA-1,0.000063,0.200841,0.799096
CCCGGCACGTGTCAGG-1,0.000764,0.000764,0.998473
CCCGGGTCGTTCAGGG-1,0.025323,0.000031,0.974646
CCCGGTGGAAGAACCT-1,0.006694,0.252192,0.741114
CCCGGTGTATCGGAAT-1,0.000015,0.066351,0.933633
CCCGTAAGTCTAGGCC-1,0.00003,0.000031,0.999939
CCCGTAGCTGGGAAGA-1,0.00315,0.088892,0.907958
CCCGTCAGCGTCTGAC-1,0.000033,0.005415,0.994552
CCCGTGACAGTGCCTT-1,0.000369,0.029455,0.970176
CCCGTGAGGGCGGTGA-1,0.000093,0.601424,0.398483
CCCGTTTCGCAGATGT-1,0.001111,0.001111,0.997777
CCCTACCCACACCCAG-1,0.08451,0.160237,0.755253
CCCTACTTGAACAATG-1,0.000405,0.000405,0.99919
CCCTAGCTCTAAGGTC-1,0.000035,0.00791,0.992055
CCCTAGGCAACAAGAG-1,0.000044,0.09938,0.900575
CCCTAGTGTCAGGTGT-1,0.06417,0.258231,0.677599
CCCTATGTAGAGCAGA-1,0.000026,0.000026,0.999947
CCCTCAGATCGAGAAC-1,0.000034,0.029468,0.970498
CCCTCATCACAGAGTA-1,0.000023,0.013536,0.98644
CCCTCATTCTGGAATT-1,0.000055,0.173415,0.82653
CCCTCCTCGCTCGTAT-1,0.000397,0.150064,0.849539
CCCTCGATAATACACA-1,0.000026,0.000026,0.999949
CCCTCGGGAGCCTTGT-1,0.018777,0.529784,0.451439
CCCTGAAATGAGTTGA-1,0.001347,0.002471,0.996182
CCCTGACTAACAAATT-1,0.000035,0.20642,0.793545
CCCTGCCCAATCCGCT-1,0.000019,0.000019,0.999963
CCCTGCGCTACGCATA-1,0.000007,0.000007,0.999986
CCCTGGCTGTTCCTTC-1,0.000058,0.138191,0.861751
CCCTGGGAGGGATCCT-1,0.00012,0.00012,0.999761
CCCTGGTATGGGCGGC-1,0.000012,0.015641,0.984348
CCCTTTAATGGAGTTC-1,0.027086,0.082558,0.890356
CCCTTTGACAGGTCTT-1,0.000046,0.000046,0.999908
CCGAAACACGACCTCT-1,0.000043,0.068844,0.931114
CCGAAAGTGGTGAGCA-1,0.000055,0.49286,0.507084
CCGAACACTGGGCCTC-1,0.000012,0.017604,0.982384
CCGAACCTTCCCGGCC-1,0.002211,0.017129,0.98066
CCGAAGCATTGACCAA-1,0.000042,0.013472,0.986486
CCGAAGGGCGTACCGC-1,0.003095,0.022164,0.97474
CCGAAGTATATTGTTC-1,0.000046,0.062097,0.937857
CCGACAAAGGGAGTGC-1,0.013459,0.082266,0.904275
CCGACAATAGGCCGCC-1,0.017765,0.130967,0.851269
CCGACGGGCATGAGGT-1,0.00003,0.083508,0.916462
CCGACGTAAACACAAC-1,0.000032,0.000032,0.999936
CCGACTCGCATAGTCT-1,0.000034,0.176626,0.82334
CCGAGAAGTCGCATAA-1,0.000085,0.075524,0.924391
CCGAGCTGTGCTTGTC-1,0.003249,0.015305,0.981446
CCGAGGGATGTTAGGC-1,0.00006,0.249171,0.750769
CCGATATGACGTAAGG-1,0.000272,0.144542,0.855186
CCGATCTCAACCTTAT-1,0.001245,0.000025,0.99873
CCGATCTTAAGAGGCT-1,0.000041,0.000041,0.999919
CCGATTCGAGGGACCC-1,0.000029,0.000029,0.999942
CCGATTGGTCAATGAA-1,0.000024,0.075407,0.924568
CCGCACAAAGACCAAC-1,0.000013,0.000013,0.999973
CCGCACACGAACGTGT-1,0.000026,0.042615,0.957359
CCGCACGTGACCTCGG-1,0.00001,0.005981,0.994009
CCGCACTTGCAATGAC-1,0.006617,0.040082,0.953301
CCGCATGTGGTACGAT-1,0.000034,0.000034,0.999933
CCGCCACCACAATCCA-1,0.02905,0.125471,0.845479
CCGCCGGAACTTCTCG-1,0.000021,0.021332,0.978648
CCGCCGGTCAACACAC-1,0.00141,0.006007,0.992583
CCGCCGTTGAGGATAA-1,0.00005,0.010382,0.989569
CCGCCTGCGAATTGGT-1,0.000038,0.000038,0.999924
CCGCCTTGCGATGTCG-1,0.000068,0.267396,0.732535
CCGCGATTTGGTAGGT-1,0.000073,0.338088,0.661839
CCGCGCAAGATACCCA-1,0.000044,0.084319,0.915637
CCGCGGAATGCGTCAC-1,0.000039,0.030276,0.969685
CCGCGGGTACGAAGAA-1,0.000011,0.01621,0.98378
CCGCGTAGGTAAGGGC-1,0.002309,0.135152,0.862539
CCGCTATCAGCACCAG-1,0.043471,0.077643,0.878885
CCGCTCCAGGGCGATC-1,0.000065,0.000065,0.999869
CCGCTCCGGATAAGCT-1,0.000011,0.026919,0.973071
CCGCTCTTCCGAACTA-1,0.0025,0.002501,0.994999
CCGCTGGTGCCATTCA-1,0.000015,0.003381,0.996604
CCGCTTACCTCACTCT-1,0.000019,0.000019,0.999962
CCGCTTGCTGACATGG-1,0.000989,0.000022,0.99899
CCGGAAGTGCAATATG-1,0.00051,0.00051,0.998979
CCGGAAGTTATCAGTC-1,0.000122,0.180474,0.819403
CCGGAATGGTTTCAGT-1,0.00001,0.00001,0.99998
CCGGAGCGTACTTTCT-1,0.003043,0.032103,0.964854
CCGGAGGTCTTATGGT-1,0.000043,0.020575,0.979382
CCGGCACGACCGTTTC-1,0.000041,0.014748,0.985212
CCGGCCGCGAGCATAT-1,0.00005,0.341608,0.658341
CCGGCGCATATTGGAT-1,0.000026,0.014126,0.985847
CCGGCGTGAGACTCTG-1,0.000037,0.09912,0.900843
CCGGGACCCGCAGAGA-1,0.000016,0.00386,0.996124
CCGGGCGGTCTCGTCA-1,0.389816,0.004784,0.6054
CCGGGCTAAGAATTTC-1,0.000024,0.009037,0.990939
CCGGGCTGCTCCATAC-1,0.001787,0.01643,0.981784
CCGGGTTCGAGGTTAC-1,0.000021,0.133198,0.866781
CCGGTAATGGCTAGTC-1,0.000052,0.000052,0.999897
CCGGTATCTGGCGACT-1,0.000181,0.072357,0.927462
CCGGTTTGTAATTGTG-1,0.03668,0.000043,0.963277
CCGTAAGTTGGTCCCA-1,0.015266,0.063054,0.92168
CCGTACCCAAGCGCCA-1,0.257002,0.326384,0.416614
CCGTAGGAAATCCCTG-1,0.000226,0.000226,0.999547
CCGTAGGGTTGTTTAC-1,0.002942,0.002942,0.994116
CCGTATCTCGTCGTAG-1,0.000038,0.009211,0.990751
CCGTATTAGCGCAGTT-1,0.000048,0.000048,0.999905
CCGTCAACCTCTGGCG-1,0.000013,0.039512,0.960476
CCGTGAGGCATTCATG-1,0.011169,0.011492,0.977339
CCGTGCCCATGACGGC-1,0.088906,0.192111,0.718984
CCGTGGAACGATCCAA-1,0.000025,0.000025,0.99995
CCGTGTTAAATTCCAT-1,0.000028,0.068424,0.931548
CCGTTACGTTAGAACA-1,0.112094,0.216199,0.671707
CCGTTCCGAATCTCGG-1,0.000018,0.000018,0.999964
CCGTTTCCTTTCCGTG-1,0.000059,0.000059,0.999882
CCTAAACAGGGTCCGT-1,0.229115,0.522479,0.248406
CCTAAAGGCTGACGCT-1,0.002611,0.000033,0.997356
CCTAAATTAACGGTTC-1,0.000041,0.177375,0.822584
CCTAAATTGTATCCTA-1,0.000023,0.000023,0.999954
CCTAACCCAAACAAGT-1,0.003719,0.000068,0.996213
CCTAACTAAGGCTCTA-1,0.021764,0.000018,0.978217
CCTAAGTGTCTAACCG-1,0.09365,0.547778,0.358572
CCTACAAGTCCGGAAT-1,0.000024,0.000024,0.999953
CCTACAGTTGAGGGAG-1,0.000493,0.000493,0.999015
CCTACATTCACAGACG-1,0.000023,0.000023,0.999954
CCTACGCGACCTTACA-1,0.000032,0.066414,0.933554
CCTACGGCTCAGTCGA-1,0.000061,0.17687,0.82307
CCTACTCAACACGATT-1,0.000901,0.316773,0.682325
CCTACTGCGGCGGCCA-1,0.004713,0.090169,0.905118
CCTACTGCTTACACTT-1,0.003518,0.042557,0.953925
CCTAGGCGTAGCGATC-1,0.000034,0.000034,0.999932
CCTAGGTAAAGGTAGC-1,0.000013,0.046616,0.953371
CCTAGTTAGTCGCATG-1,0.002425,0.032735,0.964841
CCTATAATGAGTGCCC-1,0.000023,0.000023,0.999954
CCTATACCGTCCTGTC-1,0.000037,0.016129,0.983834
CCTATATCGTGTCACG-1,0.00003,0.036404,0.963567
CCTATATTTGTCCTGG-1,0.000047,0.029644,0.970309
CCTATCTATATCGGAA-1,0.016086,0.024534,0.95938
CCTATGAAGTGGTGCC-1,0.003902,0.000043,0.996055
CCTATGGCTCCTAGTG-1,0.000034,0.000034,0.999933
CCTATGGGTTACCGTC-1,0.001518,0.012217,0.986265
CCTATGGTCAAAGCTG-1,0.000056,0.016151,0.983793
CCTATGTCCACTCCAC-1,0.14118,0.00065,0.858171
CCTATTATTCCGGCCG-1,0.000062,0.640729,0.359209
CCTCAACGATCGCTGT-1,0.000092,0.226954,0.772954
CCTCACCAATCTTGAC-1,0.000062,0.212213,0.787725
CCTCACCTGAGGGAGC-1,0.003057,0.000037,0.996907
CCTCACCTTAGCATCG-1,0.008841,0.012309,0.97885
CCTCACGTCAGCTAAT-1,0.00023,0.217316,0.782454
CCTCATGCAGCTACGA-1,0.333391,0.550845,0.115764
CCTCCCGACAATCCCT-1,0.00002,0.001883,0.998097
CCTCCGACAATTCAAG-1,0.001256,0.059872,0.938872
CCTCCTAGCTAGAGTC-1,0.000025,0.003121,0.996854
CCTCCTGAGCCCACAT-1,0.000053,0.373229,0.626718
CCTCCTGTTGTGTCGT-1,0.001667,0.001667,0.996666
CCTCGAAGTGGACGGG-1,0.000036,0.01372,0.986244
CCTCGACCCACTGCCT-1,0.000041,0.058725,0.941234
CCTCGCCAGCAAATTA-1,0.014404,0.012347,0.973249
CCTCGCGCGATATAGG-1,0.030987,0.000039,0.968974
CCTCGCGCTGTGCGAT-1,0.000054,0.002853,0.997094
CCTCGGACCGGGATAG-1,0.000032,0.000753,0.999215
CCTCGGATGCTACCTG-1,0.00508,0.358836,0.636083
CCTCGGTTTCCTTGCC-1,0.000028,0.051359,0.948613
CCTCGTTACGCCTGTT-1,0.000024,0.000024,0.999952
CCTCTAATCTGCCAAG-1,0.000031,0.000133,0.999836
CCTCTACAAGGATTGG-1,0.000047,0.048099,0.951854
CCTCTATCGATTAGCA-1,0.000035,0.000035,0.99993
CCTCTCTCCCATCTAG-1,0.000036,0.03925,0.960715
CCTCTGGCCTAGACGG-1,0.000049,0.000049,0.999903
CCTCTGTACTATTCTA-1,0.011457,0.017934,0.970609
CCTGAACGATATATTC-1,0.000026,0.000026,0.999949
CCTGAATATTTACATA-1,0.002392,0.003188,0.994419
CCTGACCACCGATGGT-1,0.000036,0.035736,0.964227
CCTGACGCAACCTTTA-1,0.000033,0.026849,0.973119
CCTGAGAATAAATGCA-1,0.000028,0.000028,0.999945
CCTGATTCGCGAAGAA-1,0.000389,0.158413,0.841198
CCTGCCCGTTGTCTAG-1,0.000054,0.492675,0.507271
CCTGCGATAGAACTGT-1,0.120186,0.429892,0.449921
CCTGCGTTCTACGCTT-1,0.000056,0.254677,0.745267
CCTGCTACAACCATAC-1,0.000725,0.115945,0.883331
CCTGCTATTTGAGAAG-1,0.000019,0.000019,0.999963
CCTGGAAACGTTCTGC-1,0.00643,0.018877,0.974693
CCTGGCTAGACCCGCC-1,0.000027,0.007968,0.992004
CCTGGTCGAATGTGGG-1,0.163107,0.000025,0.836869
CCTGTAAGACATGATA-1,0.086265,0.155601,0.758135
CCTGTACTCACGCCCA-1,0.000015,0.024881,0.975104
CCTGTCACCCGGGCTC-1,0.000015,0.003868,0.996117
CCTGTCCCTCACGTTA-1,0.004715,0.000058,0.995227
CCTGTCGCCCGTAAAT-1,0.000021,0.010623,0.989356
CCTGTCGTGTATGAAG-1,0.000076,0.117415,0.882509
CCTGTGCATAGGAGAC-1,0.048959,0.296297,0.654744
CCTGTGCGGATTGTAA-1,0.000036,0.000036,0.999928
CCTGTTCAACCTCGGG-1,0.000028,0.007051,0.992921
CCTGTTTGAAGACACG-1,0.000606,0.000606,0.998788
CCTTAAGTACGCAATT-1,0.000128,0.115596,0.884276
CCTTCAGTTAAAGTGA-1,0.000029,0.08777,0.912201
CCTTCCGCAACGCTGC-1,0.00002,0.031871,0.968109
CCTTCGTATAGAATCC-1,0.000035,0.000035,0.999929
CCTTCTCAGCGTTCCT-1,0.000024,0.057257,0.942719
CCTTCTTGATCCAGTG-1,0.00004,0.030337,0.969622
CCTTGACCACTTTATT-1,0.001588,0.001588,0.996825
CCTTGTGAACGTGGTT-1,0.050521,0.009659,0.93982
CCTTTAAGGGAGCACT-1,0.000042,0.000042,0.999917
CCTTTCAATGAAGAAA-1,0.45312,0.012358,0.534521
CCTTTGAATTATGGCT-1,0.000068,0.225762,0.77417
CGAAACATAGATGGCA-1,0.000027,0.034541,0.965432
CGAAACGCAATTCATG-1,0.000027,0.014916,0.985056
CGAACAGTATGGGCGT-1,0.000165,0.000165,0.99967
CGAACATAGTCAGAAA-1,0.000026,0.03026,0.969714
CGAACCCGCATGCGTC-1,0.000027,0.043805,0.956169
CGAACCTCTTTCCTAG-1,0.00003,0.030331,0.969639
CGAACGCCCAGTGCCG-1,0.000017,0.004172,0.995811
CGAACGGCCGGACAAC-1,0.010421,0.084904,0.904675
CGAAGACTGCCCGGGA-1,0.163308,0.355284,0.481408
CGAAGATCAGTTTCAT-1,0.008424,0.000096,0.99148
CGAAGCCACAGCATGG-1,0.000028,0.072248,0.927724
CGAAGCTATAAATTCA-1,0.000027,0.000027,0.999945
CGAAGGGTTTCAGATT-1,0.000032,0.000032,0.999937
CGAAGTTGCTCTGTGT-1,0.012581,0.287444,0.699975
CGAATCTGCTCGACGC-1,0.00003,0.00003,0.99994
CGAATGAAGTCATTGC-1,0.000026,0.068913,0.931061
CGAATGACGCATAATG-1,0.000057,0.000057,0.999886
CGAATGGTAGGTCGTC-1,0.000046,0.000046,0.999908
CGAATTACATGGTGTT-1,0.00002,0.538149,0.461831
CGACAATTTGATCTAA-1,0.095603,0.000052,0.904345
CGACACCGCTTAAGGA-1,0.001728,0.000037,0.998236
CGACACGCTCCGACAG-1,0.000132,0.007941,0.991927
CGACACGGATGCCCAC-1,0.000029,0.00003,0.999941
CGACAGTTCGCGTTAT-1,0.012278,0.060028,0.927695
CGACATGCGATCTTCT-1,0.003392,0.081902,0.914706
CGACCCTTAACGCCGG-1,0.001339,0.020934,0.977727
CGACCGTTGGTATTCG-1,0.002653,0.000058,0.997289
CGACCTACTAGACAAT-1,0.000215,0.171223,0.828562
CGACGCATCCGTACCT-1,0.000006,0.000006,0.999987
CGACTCAGGATGTTAT-1,0.00004,0.00004,0.999921
CGACTCGGTACACGGT-1,0.000026,0.024263,0.975711
CGACTTGCCGGGAAAT-1,0.000013,0.013142,0.986845
CGACTTTGTATAGCCT-1,0.00003,0.00003,0.999941
CGAGACCCTAGAGTGT-1,0.000062,0.0012,0.998738
CGAGACTACTGCTGCT-1,0.002631,0.000131,0.997238
CGAGAGATGTGAACCT-1,0.009178,0.000035,0.990787
CGAGAGCGCGTAGATA-1,0.000043,0.313046,0.686911
CGAGAGCTTTCACTAC-1,0.000459,0.000459,0.999082
CGAGAGGGTAGCCGCG-1,0.001042,0.001042,0.997916
CGAGATTTCGCTCGGG-1,0.000021,0.050993,0.948985
CGAGCACTTCAAGTTT-1,0.000069,0.339924,0.660007
CGAGCGTTGATCAGCC-1,0.021607,0.06607,0.912323
CGAGCTGGGCTTTAGG-1,0.000025,0.000025,0.999949
CGAGGAGCTTCCATAT-1,0.000048,0.000048,0.999905
CGAGGATCGGGAACGA-1,0.003703,0.066031,0.930267
CGAGGCCAGGCATTGG-1,0.103851,0.895811,0.000338
CGAGGCTAAATATGGC-1,0.000026,0.022286,0.977688
CGAGGGACTGCGGTCG-1,0.000027,0.043946,0.956027
CGAGGGTATCCAGGTG-1,0.002107,0.000047,0.997846
CGAGTACTAAAGAGGA-1,0.000021,0.000021,0.999957
CGAGTGAAGGTACCAG-1,0.000023,0.000023,0.999954
CGAGTGCTATAGTTCG-1,0.000092,0.452778,0.54713
CGAGTTCTGTCCCACC-1,0.001807,0.00674,0.991453
CGAGTTTATCGGACTG-1,0.000045,0.000164,0.99979
CGATAACCAATTTGAG-1,0.005403,0.024578,0.970018
CGATAATACTCAGGTT-1,0.000016,0.004183,0.995801
CGATACCTCGCGGACA-1,0.000047,0.050763,0.94919
CGATAGCGATACAGTG-1,0.000038,0.02293,0.977032
CGATAGTCGTACTGCA-1,0.000617,0.000617,0.998765
CGATATTAGCCGCAGG-1,0.231689,0.37925,0.389061
CGATCATTAGAGGCAC-1,0.000024,0.000024,0.999951
CGATCCACCATTGTTG-1,0.048967,0.049874,0.901159
CGATCCGACCCAGTGC-1,0.000027,0.000027,0.999946
CGATCCTCGCAACATA-1,0.000029,0.000029,0.999943
CGATCGAGAAGCACCA-1,0.000031,0.01257,0.987399
CGATCTGTTGGAGGAC-1,0.00002,0.024099,0.975881
CGATGGACCCTACGCC-1,0.003049,0.000041,0.996911
CGATGTTGTTATCTAC-1,0.000017,0.004234,0.995749
CGATTAAATATCTCCT-1,0.000038,0.0226,0.977363
CGATTCGCCTGGCTGC-1,0.001787,0.002681,0.995532
CGATTTGTCATTAATG-1,0.000051,0.000051,0.999897
CGCAAACACGAGTTAC-1,0.000019,0.029878,0.970104
CGCAATTACTTTCGGT-1,0.000013,0.031375,0.968612
CGCAATTAGGGTAATA-1,0.069815,0.002698,0.927486
CGCAATTCTACAATAA-1,0.000008,0.004364,0.995628
CGCACATGTCCACTAC-1,0.00002,0.00002,0.99996
CGCACGTCTGTTTATG-1,0.000042,0.000042,0.999917
CGCACGTGCGCTATCA-1,0.051327,0.068925,0.879748
CGCAGAAACATTTGCG-1,0.000039,0.05106,0.948901
CGCAGATCTTCACCCG-1,0.000048,0.021176,0.978776
CGCAGGCGATCCAAAC-1,0.010247,0.000223,0.98953
CGCAGTTCTATCTTTC-1,0.042339,0.052597,0.905064
CGCATCATGGCTTCAG-1,0.000028,0.001602,0.99837
CGCATCCATCAGCCAG-1,0.018071,0.016151,0.965778
CGCATGCCGAATGCGT-1,0.000431,0.073882,0.925687
CGCATGGTGCGATGCT-1,0.000053,0.025137,0.97481
CGCATTAGCTAATAGG-1,0.001199,0.000118,0.998683
CGCCAAGAAGCCGAGT-1,0.000021,0.012576,0.987403
CGCCACAGGTCGCGAT-1,0.000034,0.074367,0.925599
CGCCAGTAGTACCTTG-1,0.000027,0.054096,0.945877
CGCCATCCGATTATGA-1,0.009819,0.000036,0.990145
CGCCCAGCACGCCTAG-1,0.002475,0.0228,0.974725
CGCCCAGCGTTTCACG-1,0.00087,0.00087,0.99826
CGCCCGCTTCCGTACA-1,0.000024,0.015321,0.984655
CGCCCTAATTGTTCAA-1,0.000023,0.107767,0.89221
CGCCCTTACATCCACC-1,0.000055,0.105801,0.894143
CGCCCTTGAAGGCTGA-1,0.003694,0.172383,0.823923
CGCCGACTATTCGCTA-1,0.020175,0.081545,0.89828
CGCCGCCCATGCCTGT-1,0.001659,0.000022,0.998319
CGCCGCGTTCTGAACG-1,0.000022,0.000022,0.999957
CGCCGGTGTCGCAGTA-1,0.000025,0.028987,0.970987
CGCCGTCTACCCATCG-1,0.002864,0.041613,0.955523
CGCCGTTCAGCATAGT-1,0.002632,0.002633,0.994735
CGCCTCCCTCCTCTAT-1,0.000048,0.007312,0.99264
CGCCTGGCCTACGTAA-1,0.001061,0.043064,0.955875
CGCCTTTAGCATGCTC-1,0.000018,0.000018,0.999963
CGCGAAGTGGCATACT-1,0.001755,0.119291,0.878954
CGCGACACTGCGCAGC-1,0.260033,0.524387,0.21558
CGCGACCGCGACAGAT-1,0.000103,0.000103,0.999794
CGCGAGAGGGACTTGT-1,0.000033,0.006819,0.993148
CGCGAGTCTGCCGGGT-1,0.000021,0.002575,0.997404
CGCGCAAATGTCCAGA-1,0.042492,0.000016,0.957492
CGCGCATGTTTGATTG-1,0.009198,0.061216,0.929586
CGCGCCCGACTTAATA-1,0.000017,0.000017,0.999965
CGCGGCTCAACTTGAA-1,0.038427,0.000075,0.961497
CGCGGGAATTAGGCAG-1,0.000024,0.000781,0.999194
CGCGGGAATTCCTTTC-1,0.001409,0.001409,0.997182
CGCGGTAAGTCTAGCT-1,0.002226,0.000418,0.997356
CGCGGTACGGTATACA-1,0.001031,0.441137,0.557831
CGCGGTCACAAACCAA-1,0.000023,0.051367,0.94861
CGCGTACATTCTGGAA-1,0.007426,0.000033,0.992541
CGCGTCATATTAAACC-1,0.000055,0.256386,0.743559
CGCGTGGGCCTGTGTT-1,0.000034,0.091437,0.908529
CGCGTTCATGAAATAC-1,0.004833,0.031735,0.963432
CGCTACGGGACATTTA-1,0.000051,0.028565,0.971384
CGCTAGAGACCGCTGC-1,0.000048,0.000048,0.999904
CGCTATACCGCCCACT-1,0.000052,0.134986,0.864962
CGCTATCGTGGCTTTA-1,0.002004,0.002498,0.995498
CGCTATTCAATGTATG-1,0.000051,0.20729,0.792659
CGCTATTCTTAGGCTC-1,0.000045,0.001955,0.998
CGCTCGACATAATGAT-1,0.04898,0.000017,0.951003
CGCTCTCCGTAGATTA-1,0.000028,0.128092,0.871879
CGCTGGTGACTACCCT-1,0.008078,0.000187,0.991735
CGCTGTGACGCCGCAC-1,0.000038,0.018885,0.981077
CGCTGTGTGGATGTTG-1,0.000035,0.000035,0.99993
CGCTTAGTATTGATAC-1,0.000086,0.009334,0.99058
CGCTTATTCCCGGTCG-1,0.000021,0.034116,0.965863
CGCTTCCACTGAAATC-1,0.004921,0.0758,0.919279
CGCTTCGGTCTAAGAC-1,0.000097,0.083345,0.916557
CGCTTGGACGGATAGA-1,0.026841,0.16286,0.810299
CGCTTTCATACCGGTG-1,0.000011,0.000011,0.999978
CGCTTTCCGCCAAGGT-1,0.000175,0.000175,0.999649
CGCTTTCTTGCATTCG-1,0.006152,0.000064,0.993783
CGGAAAGAATCAAACG-1,0.000017,0.018893,0.98109
CGGAAATTTCACATCC-1,0.000036,0.031901,0.968063
CGGAACGTAAACATAG-1,0.000028,0.051143,0.948829
CGGACCTCTGTAGTTA-1,0.000059,0.000059,0.999882
CGGACCTTTACGTCCC-1,0.000087,0.008846,0.991067
CGGACGTTACTTGAAG-1,0.000088,0.458308,0.541604
CGGAGCAATTTAATCG-1,0.000031,0.049094,0.950875
CGGAGCATGGCGATCC-1,0.000027,0.024808,0.975165
CGGAGCTTATAACACC-1,0.000019,0.016053,0.983928
CGGAGTCCTAACCTGG-1,0.000045,0.208812,0.791143
CGGAGTTTGAGAGACA-1,0.002711,0.040521,0.956768
CGGATAAGCGGACATG-1,0.017913,0.94255,0.039537
CGGATCCTCAAGGACT-1,0.000152,0.000152,0.999696
CGGATGAATGCTGTGA-1,0.000021,0.000021,0.999957
CGGATTCTGCCTTATG-1,0.000023,0.000023,0.999953
CGGCAAACATCGTGCG-1,0.002561,0.009606,0.987833
CGGCAATAAGATCGCC-1,0.000699,0.130579,0.868721
CGGCACCGTTAGCGCC-1,0.000034,0.019684,0.980282
CGGCACTCAAGAAAGT-1,0.413614,0.58585,0.000536
CGGCAGGGTCGGGTTG-1,0.000009,0.000009,0.999982
CGGCCACGCACAAAGT-1,0.003361,0.01247,0.984169
CGGCCAGAGCGACCAT-1,0.00008,0.00008,0.99984
CGGCCCAACCTGTAGT-1,0.000014,0.000014,0.999972
CGGCCCAGGTATATCC-1,0.000126,0.000126,0.999747
CGGCGCCATCAATCCC-1,0.000781,0.354272,0.644946
CGGCTCTAAAGCTGCA-1,0.000107,0.060588,0.939305
CGGCTCTTCGTCGAAC-1,0.000025,0.031566,0.968409
CGGCTGAAGGTTACGC-1,0.000026,0.011874,0.9881
CGGCTGCAAGATTAAG-1,0.004428,0.085595,0.909977
CGGCTTTGTATGATAA-1,0.000047,0.125074,0.874879
CGGGAACGCCCTGCAT-1,0.000034,0.061228,0.938738
CGGGAAGTACCGTGGC-1,0.000043,0.03612,0.963837
CGGGAATATAGTATAC-1,0.00035,0.00035,0.999301
CGGGAATTTATGTAAA-1,0.066104,0.080383,0.853514
CGGGAGCTTCAGTGTA-1,0.011536,0.000118,0.988346
CGGGAGTATACCGCCG-1,0.059118,0.732928,0.207954
CGGGATCAATGTAAGA-1,0.002759,0.001619,0.995622
CGGGCAGCTAAACCGC-1,0.001842,0.022511,0.975647
CGGGCCATAGCCGCAC-1,0.018811,0.980442,0.000747
CGGGCCTTCTTTGTAA-1,0.005529,0.052704,0.941767
CGGGCGATGGATCACG-1,0.000083,0.000083,0.999834
CGGGCTACTTAAATTG-1,0.002779,0.000029,0.997192
CGGGTGTACCCATTTA-1,0.00005,0.016704,0.983246
CGGGTTCGGCACGTAT-1,0.021428,0.00003,0.978542
CGGGTTGTAGCTTTGG-1,0.061465,0.899653,0.038883
CGGGTTTGTTAGGGCT-1,0.00613,0.157759,0.836111
CGGTACGGCAAACCCA-1,0.000061,0.175854,0.824086
CGGTACTAGAATCAAA-1,0.000025,0.000809,0.999166
CGGTAGAGGTGCAGGT-1,0.002476,0.054649,0.942875
CGGTATAGGTATTAGC-1,0.000032,0.000032,0.999936
CGGTATGGGCACTCTG-1,0.000137,0.046468,0.953394
CGGTCAAGTGGGAACC-1,0.002278,0.00002,0.997702
CGGTCAGTCCATATTT-1,0.000113,0.23494,0.764947
CGGTCCATGAGACTCC-1,0.037338,0.064908,0.897754
CGGTCCGTCGCAAGCC-1,0.000032,0.026123,0.973845
CGGTCTATCAACCCGT-1,0.002455,0.019799,0.977747
CGGTGAAGACTAAAGT-1,0.000019,0.00204,0.997941
CGGTGCAGATAGAACG-1,0.000016,0.007385,0.992599
CGGTGCGCGTTGGTCC-1,0.000026,0.004303,0.995672
CGGTGGGCTCCAGCCT-1,0.002496,0.000055,0.997449
CGGTGTACTTGATCCC-1,0.000055,0.278326,0.721619
CGGTTATCCAACAGTG-1,0.000012,0.000012,0.999977
CGGTTCAAGTAGGTGT-1,0.046936,0.000063,0.953001
CGGTTCCGGCTTCTTG-1,0.049763,0.664958,0.285279
CGGTTGACCTGGCATA-1,0.00001,0.00001,0.999981
CGGTTGAGTATCCTTC-1,0.00004,0.00004,0.999919
CGGTTGGGCAGGGTCC-1,0.000227,0.000227,0.999545
CGGTTGGGTTCAAGTT-1,0.00004,0.017336,0.982623
CGGTTTACTGAACATT-1,0.000096,0.203373,0.796532
CGGTTTATGAAGGAAC-1,0.000022,0.000022,0.999956
CGTAAACGCTTGAGTG-1,0.029725,0.966598,0.003677
CGTAAAGCAAGAAATC-1,0.00002,0.011214,0.988766
CGTAAATAACAAAGGG-1,0.000057,0.000057,0.999887
CGTAACGGAACGATCA-1,0.000022,0.024677,0.975301
CGTAACTTCGACACTT-1,0.003062,0.013226,0.983712
CGTACCTGATAGGCCT-1,0.000036,0.000036,0.999927
CGTAGAGAGTAATTAT-1,0.000725,0.000725,0.99855
CGTAGCGAATTGTCAG-1,0.000032,0.000032,0.999935
CGTAGCGCCGACGTTG-1,0.000048,0.469226,0.530726
CGTATCTAGAACTAAG-1,0.017425,0.156503,0.826072
CGTATTAAGAGATCTA-1,0.015861,0.043987,0.940151
CGTATTGTTTCCTAAT-1,0.000022,0.024148,0.97583
CGTATTGTTTGGCGCC-1,0.000051,0.129556,0.870393
CGTCAAATGGTCGCAG-1,0.003393,0.003399,0.993208
CGTCAAGGCTATAAAT-1,0.000043,0.251597,0.748361
CGTCACGTCCATTGGT-1,0.00188,0.003589,0.994531
CGTCAGTGCGCACAAG-1,0.020686,0.077665,0.901649
CGTCAGTTTATCGTCT-1,0.00003,0.796274,0.203696
CGTCATACCATATCCA-1,0.000096,0.498196,0.501707
CGTCCTCATCGCGTGC-1,0.010587,0.088047,0.901366
CGTCGCATGTGAGCCA-1,0.000039,0.000039,0.999922
CGTCGCTTGGTTATAC-1,0.000035,0.000035,0.99993
CGTCGGATAGTGTTGA-1,0.186366,0.000041,0.813593
CGTCGGGTCTAAGCGC-1,0.000022,0.000022,0.999955
CGTCGTCCTTCGCGAA-1,0.013975,0.022565,0.96346
CGTCTCTCGCCGAGGC-1,0.000028,0.000028,0.999944
CGTCTGGAAGGGCCCG-1,0.001685,0.031819,0.966496
CGTCTTGAGTGTGACG-1,0.005376,0.000021,0.994603
CGTGAACTGACCCGAT-1,0.000116,0.292487,0.707398
CGTGAAGTTAATTCAC-1,0.010266,0.064878,0.924856
CGTGACATTGGGTCGT-1,0.000041,0.043642,0.956317
CGTGACCAGTCCTCTG-1,0.028912,0.082939,0.888149
CGTGCACACCACTGTA-1,0.000391,0.000391,0.999219
CGTGCAGACTGGGACA-1,0.000063,0.000064,0.999873
CGTGCATTGTCGACGC-1,0.000023,0.050694,0.949283
CGTGCCCGACATTTGT-1,0.103463,0.45786,0.438677
CGTGCCCTCCCGAAGA-1,0.000026,0.000026,0.999948
CGTGCTGGCCTAGTCG-1,0.018388,0.694961,0.286651
CGTGCTTCTACCTAAA-1,0.00002,0.00002,0.99996
CGTGGAAGCCTCGTAC-1,0.005268,0.042802,0.95193
CGTGGCCGAATATCTA-1,0.000132,0.000132,0.999736
CGTGGTACCCAAAGGC-1,0.000017,0.000017,0.999967
CGTGTATGGGAGCTGA-1,0.009613,0.000182,0.990205
CGTGTCCCATTCGCGA-1,0.000062,0.000062,0.999876
CGTGTCTCGTTACGAC-1,0.000057,0.035618,0.964324
CGTGTGTTAAACCCTG-1,0.00002,0.001081,0.998899
CGTTAAACTAGTTAGG-1,0.000214,0.000214,0.999572
CGTTAATGTCCCGACG-1,0.000357,0.000357,0.999285
CGTTAGCTCACAACTG-1,0.00004,0.00004,0.999921
CGTTATCATACTTCCA-1,0.000202,0.541569,0.458229
CGTTCAAGGAAACGGA-1,0.000046,0.032681,0.967274
CGTTCAGACCCGCGAA-1,0.003021,0.000026,0.996953
CGTTCATGGTGCGCGT-1,0.000011,0.001577,0.998412
CGTTCTTCGCACACCT-1,0.000028,0.000028,0.999944
CGTTGAATACCGCGCT-1,0.007292,0.007905,0.984803
CGTTGAGCGACCGTCG-1,0.000031,0.009552,0.990417
CGTTGAGTAATTGCGT-1,0.000038,0.000038,0.999923
CGTTGCCCGCGTGGGA-1,0.00002,0.00002,0.99996
CGTTGTAAACGTCAGG-1,0.036299,0.313149,0.650551
CGTTGTAAGATTGATT-1,0.001884,0.000047,0.998069
CGTTGTCGGCAATTGA-1,0.000024,0.001876,0.9981
CGTTGTTTCAATTCCC-1,0.000034,0.095406,0.90456
CGTTTAAGCGGAGCAC-1,0.000029,0.024084,0.975887
CGTTTACAAGGCAGCT-1,0.000046,0.015409,0.984544
CGTTTCACTTCGGGCG-1,0.000034,0.004252,0.995714
CGTTTCGCTCATTACA-1,0.023869,0.041826,0.934305
CGTTTCGGTTATATGC-1,0.006107,0.092294,0.901599
CGTTTGGTGTTGTGGG-1,0.000606,0.18876,0.810634
CGTTTGTGTAGAGGGT-1,0.00004,0.00004,0.999921
CTAAAGAATGCCTACT-1,0.000023,0.006553,0.993425
CTAAAGGATGAGATAC-1,0.00004,0.003135,0.996825
CTAAAGGGAAATAGGA-1,0.002219,0.05868,0.939101
CTAAATCCGGTGTACA-1,0.000021,0.059225,0.940754
CTAAATCCTATTCCGG-1,0.010199,0.002057,0.987743
CTAACAGCACAATAAC-1,0.000034,0.192841,0.807125
CTAACCGCGCGCCCGT-1,0.000014,0.043906,0.95608
CTAACGAAACTTGCTG-1,0.002051,0.013893,0.984056
CTAACTGATAATCGCC-1,0.00065,0.00065,0.998701
CTAACTGGTCCGGTTC-1,0.00003,0.037375,0.962595
CTAAGGGAATGATTGG-1,0.00002,0.012718,0.987262
CTAAGTACAGGGCTAC-1,0.000033,0.000033,0.999934
CTAATTATGAAGCGTA-1,0.000035,0.000035,0.99993
CTAATTCGCACGCGCT-1,0.000027,0.055788,0.944185
CTAATTCTCAGATATT-1,0.016973,0.000027,0.983001
CTAATTTCAACAACAC-1,0.089772,0.285844,0.624383
CTACAAGAAATAACCC-1,0.00002,0.073765,0.926215
CTACACTCGCAGATGG-1,0.000435,0.000435,0.99913
CTACATATCGCGGGAC-1,0.00003,0.012824,0.987146
CTACCCTAAGGTCATA-1,0.005469,0.113667,0.880864
CTACGAACTAGGTCGA-1,0.000018,0.00045,0.999532
CTACGACTAGCTATAA-1,0.000016,0.000016,0.999968
CTACGATCCTATCCTA-1,0.000026,0.000026,0.999948
CTACGCACGGAGTACC-1,0.000041,0.000041,0.999918
CTACGCCATTTCCGAT-1,0.007446,0.000037,0.992517
CTACGTGTTGCCACCA-1,0.022687,0.545697,0.431616
CTACTATCATAGGTTT-1,0.000037,0.018213,0.98175
CTACTATCTTTCAGAG-1,0.008735,0.000045,0.99122
CTACTCAAGGTATAGT-1,0.000045,0.010237,0.989718
CTACTCTAGGCCCGGC-1,0.002692,0.059013,0.938295
CTACTGCCACCTGACC-1,0.000031,0.037365,0.962604
CTAGACATATATGTAG-1,0.000029,0.000029,0.999941
CTAGACTGCATTTCGT-1,0.000032,0.000032,0.999936
CTAGATAAACTCCTCG-1,0.211302,0.551677,0.237021
CTAGATGTGAGTGTAA-1,0.007502,0.010173,0.982325
CTAGATTTACGACGGC-1,0.002095,0.018716,0.979188
CTAGCATAGTATAATG-1,0.000017,0.000017,0.999966
CTAGCCACAGGCGAGC-1,0.000124,0.121146,0.87873
CTAGCCCGGGAGACGA-1,0.000027,0.011013,0.98896
CTAGCCGATGTTATGA-1,0.007363,0.000046,0.992591
CTAGCGCCAATCCTAC-1,0.000029,0.012523,0.987448
CTAGCTTAATGGTCCC-1,0.002313,0.030959,0.966728
CTAGGCGCCCTATCAG-1,0.004962,0.00014,0.994899
CTAGGGATAGGGACAA-1,0.000033,0.202589,0.797378
CTAGGTCTGAAGGAAT-1,0.000032,0.000032,0.999936
CTAGGTTCGGACGTGA-1,0.000034,0.000034,0.999931
CTAGTAGAAAGGGATT-1,0.000067,0.000067,0.999866
CTAGTATTCGGAATTA-1,0.004217,0.019732,0.976051
CTAGTCACGTCTTAAG-1,0.000025,0.042185,0.957791
CTAGTGAAGGACAGGA-1,0.000022,0.030585,0.969393
CTAGTTACAACCCGGT-1,0.000027,0.046571,0.953402
CTAGTTGGGCCCGGTA-1,0.00003,0.033648,0.966322
CTATAAGAGCCAATCG-1,0.011002,0.000042,0.988956
CTATAAGTAGGGTTTG-1,0.000044,0.081888,0.918068
CTATACTTAAAGCGAG-1,0.00004,0.221011,0.778949
CTATAGGCGTTGATGT-1,0.000044,0.04812,0.951835
CTATATCCAGCCTGGC-1,0.000044,0.000044,0.999912
CTATCACAACGCTGGA-1,0.000156,0.036177,0.963667
CTATCGACGAAATACA-1,0.000429,0.079185,0.920386
CTATCGCGTAGAGAAC-1,0.000105,0.206323,0.793573
CTATCGGGTCTCAACA-1,0.000031,0.059376,0.940592
CTATGAACACCTTGCC-1,0.000036,0.000036,0.999929
CTATGCCCGAATGCAA-1,0.001701,0.102234,0.896065
CTATGGGAAGCGGAAT-1,0.0005,0.17919,0.820309
CTATGTCACTAGCCCA-1,0.000013,0.004394,0.995593
CTATGTCTATTGAAAC-1,0.000012,0.014868,0.98512
CTATGTGAGTCACGGC-1,0.000019,0.011234,0.988747
CTATTCATGTGTCCCA-1,0.068661,0.154701,0.776638
CTATTGTGTTTGGTCA-1,0.000024,0.011044,0.988932
CTATTTGCTTGGAGGA-1,0.004229,0.000048,0.995722
CTATTTGGTTACGGAT-1,0.000033,0.000033,0.999933
CTCAAACCACTGCCCG-1,0.000023,0.000023,0.999954
CTCAACTAACCCGGAT-1,0.000981,0.000981,0.998039
CTCAAGACATTAGCGC-1,0.00465,0.075678,0.919673
CTCACACGCAAGCCTA-1,0.000014,0.000287,0.999699
CTCACATTTACTAAAT-1,0.025617,0.000015,0.974368
CTCACCGATCCAAACT-1,0.00003,0.00003,0.99994
CTCACTGTGATACTTA-1,0.000042,0.000042,0.999916
CTCACTTGGCTGGTAA-1,0.000033,0.001731,0.998236
CTCAGAGCTAATGTCG-1,0.000104,0.000104,0.999792
CTCAGATTGTGATAAG-1,0.000142,0.448861,0.550997
CTCAGCAGACTGCCGA-1,0.000033,0.012419,0.987548
CTCAGGACTCACCTGT-1,0.000048,0.290519,0.709433
CTCAGTCACGACAAAT-1,0.051188,0.000045,0.948767
CTCATAAATGTGTATA-1,0.000141,0.040797,0.959062
CTCATCACTTAGTGAT-1,0.009749,0.002976,0.987276
CTCATGGCTCACAATC-1,0.000019,0.012909,0.987072
CTCATGGTAATTTGCG-1,0.000026,0.001237,0.998737
CTCATTAACGTTGCCC-1,0.001866,0.027261,0.970873
CTCATTGCTCTAACAA-1,0.000052,0.000052,0.999897
CTCATTTGATGGGCGG-1,0.000036,0.000036,0.999929
CTCCCAATGAGTCGCG-1,0.000024,0.015415,0.984561
CTCCCTCCTTTCGATC-1,0.005784,0.02121,0.973006
CTCCCTTGTATCAAGG-1,0.000074,0.06472,0.935206
CTCCGAGTAAATCCGC-1,0.00002,0.001098,0.998882
CTCCGCCCACATGAGG-1,0.000038,0.004295,0.995667
CTCCGGCCTAATATGC-1,0.007746,0.000038,0.992216
CTCCGGCTTGTAGACA-1,0.016316,0.947117,0.036566
CTCCTAAGTTATGTCT-1,0.422222,0.424874,0.152905
CTCCTAGTAATCGTGA-1,0.000054,0.004639,0.995307
CTCCTCCAGCTCACAC-1,0.007917,0.003071,0.989011
CTCCTGTTCAAGGCAG-1,0.000065,0.071014,0.928921
CTCCTTTACGCAAGTC-1,0.000049,0.000049,0.999903
CTCGAATGGAACGTAT-1,0.000022,0.000022,0.999956
CTCGAGACATACGATA-1,0.000068,0.039272,0.96066
CTCGAGGCAAGTTTCA-1,0.000032,0.006769,0.993199
CTCGAGGTCGAACAGT-1,0.007166,0.025617,0.967217
CTCGATATTTGCGAGC-1,0.002472,0.000052,0.997477
CTCGCACCTATATAGT-1,0.000032,0.032719,0.967249
CTCGCATTGCATAGCC-1,0.000042,0.038077,0.961881
CTCGCCGAATGTAGGG-1,0.000041,0.000149,0.99981
CTCGCTAGGTAAGCGA-1,0.014669,0.000128,0.985202
CTCGGGATAACACCTA-1,0.002603,0.016118,0.981279
CTCGGGCATCGTCGGG-1,0.006964,0.41351,0.579526
CTCGGGTTCTCTGGCC-1,0.00003,0.00003,0.99994
CTCGGTACCACTGCTC-1,0.000039,0.000039,0.999922
CTCGGTCCGTAGCCTG-1,0.000028,0.000028,0.999945
CTCGGTTGTCGGCCCT-1,0.004338,0.002079,0.993583
CTCGTCGAGGGCTCAT-1,0.000027,0.000027,0.999947
CTCGTCTGTGCCTTCG-1,0.000735,0.000736,0.998529
CTCGTGGCACTGAAAG-1,0.000016,0.000016,0.999968
CTCGTTACGGCTACCA-1,0.00004,0.022271,0.977689
CTCGTTTCTAATGTTT-1,0.003147,0.000044,0.996809
CTCTAACACCGGCAGC-1,0.000247,0.000247,0.999506
CTCTAATGCATTGATC-1,0.00004,0.002693,0.997267
CTCTACACTGGCGATT-1,0.000024,0.024904,0.975073
CTCTACATCCTGCGTG-1,0.000039,0.000039,0.999922
CTCTAGCCCTCGGAAA-1,0.001099,0.001099,0.997802
CTCTATTTGGCTGCAG-1,0.004634,0.086256,0.909111
CTCTCACAATCGATGA-1,0.001372,0.021159,0.977469
CTCTCGATGTGCGCCT-1,0.000104,0.116257,0.88364
CTCTCTAACTGCCTAG-1,0.005979,0.020816,0.973205
CTCTGCAGGCATTCTT-1,0.000032,0.000032,0.999936
CTCTGCGAAGCAAGCA-1,0.010335,0.017121,0.972544
CTCTGGACGCCTGGTG-1,0.001932,0.005976,0.992091
CTCTGTCCATGCACCA-1,0.338858,0.047181,0.613961
CTCTGTGCCTGCTATG-1,0.079845,0.784798,0.135357
CTCTGTTTGAGGATTC-1,0.000065,0.008135,0.9918
CTCTTCTATTGACTGG-1,0.000379,0.000379,0.999242
CTCTTCTGGAAGTTAG-1,0.00004,0.00004,0.99992
CTCTTGTCCCGCTTGG-1,0.000051,0.052401,0.947548
CTGAAACGGCCCTCAG-1,0.011268,0.018366,0.970366
CTGAAAGAGATCCGAC-1,0.000029,0.008835,0.991136
CTGAATCCGAGACCTC-1,0.000043,0.065987,0.93397
CTGAATTTATTGCCAG-1,0.000023,0.000023,0.999954
CTGACATAGAAATAGA-1,0.008632,0.065983,0.925385
CTGACTGCGCAGCTCG-1,0.000015,0.000015,0.99997
CTGAGAAAGTTCGGCG-1,0.000024,0.006451,0.993525
CTGAGCAAGTAACAAG-1,0.017596,0.788471,0.193933
CTGAGCGAGACTTATT-1,0.002482,0.069083,0.928434
CTGATAGTGTATCTCA-1,0.000027,0.149955,0.850018
CTGATCCCTTTATGCA-1,0.000042,0.000042,0.999916
CTGCAAATGGGCTCCA-1,0.151935,0.8026,0.045465
CTGCAAGCACGTTCCG-1,0.012351,0.046075,0.941574
CTGCACAACTACATAT-1,0.034747,0.014755,0.950498
CTGCACCTAGTCCACA-1,0.005575,0.014329,0.980096
CTGCACCTGGAACCGC-1,0.000021,0.019653,0.980326
CTGCACTCCAGTACAG-1,0.000016,0.000016,0.999969
CTGCAGAGAATCAGAG-1,0.003226,0.003227,0.993547
CTGCCAAGGTTGGAAG-1,0.00004,0.00004,0.999921
CTGCCATGCATCACAT-1,0.000032,0.000034,0.999934
CTGCCCACGAAGCGTT-1,0.000285,0.172619,0.827096
CTGCCTAGCCACCAAG-1,0.000025,0.049463,0.950512
CTGCCTCATATGCAAC-1,0.003875,0.007623,0.988502
CTGCCTTTAATACCTT-1,0.000034,0.006757,0.993209
CTGCCTTTCTAGTAAA-1,0.000714,0.000715,0.998571
CTGCGACCTCGCCGAA-1,0.049342,0.000057,0.950601
CTGCGATTTCGAGATT-1,0.000033,0.013385,0.986582
CTGCGGGTGAAATGTT-1,0.000012,0.089897,0.91009
CTGCGGTAGTCACGTG-1,0.000031,0.000031,0.999938
CTGCGTTACGATATAA-1,0.000032,0.007782,0.992186
CTGCTCTGACGGCAAA-1,0.004876,0.00002,0.995105
CTGCTGAGGCCACGAA-1,0.000021,0.007249,0.99273
CTGCTGTCTAACGAGC-1,0.000047,0.094893,0.90506
CTGCTTGGCGATAGCT-1,0.000025,0.119678,0.880297
CTGCTTTATGTCCGCG-1,0.006898,0.066388,0.926713
CTGGAAATGGATGCTT-1,0.000022,0.042263,0.957714
CTGGAAGACACGGTGG-1,0.000186,0.000186,0.999627
CTGGACGCAGTCCGGC-1,0.001808,0.000016,0.998176
CTGGATTTACACTTGA-1,0.000054,0.011192,0.988754
CTGGCATCCGAATGAG-1,0.000015,0.001393,0.998593
CTGGCGACATAAGTCC-1,0.000022,0.000154,0.999824
CTGGCGATTTACATGT-1,0.0001,0.0001,0.9998
CTGGCGCACAGGTCTG-1,0.001525,0.000039,0.998436
CTGGCGGGAATAAGTA-1,0.000032,0.182347,0.817621
CTGGCTCCTGCGGGAT-1,0.025296,0.607753,0.366951
CTGGCTGATTCATCCT-1,0.003911,0.000079,0.996009
CTGGCTGGTTGTCAGT-1,0.000024,0.001373,0.998603
CTGGGATAAATAATGG-1,0.000027,0.001191,0.998782
CTGGGATACGCTACCC-1,0.000012,0.000656,0.999332
CTGGGATCGCCCAGAT-1,0.014973,0.503504,0.481524
CTGGGCACTAGTCGGA-1,0.00003,0.061646,0.938324
CTGGGCCTGCTATATC-1,0.000015,0.000015,0.999971
CTGGGCGGCCAAATGT-1,0.000041,0.135405,0.864554
CTGGGCTACTGGAGAG-1,0.00036,0.00036,0.99928
CTGGGCTATCCTTTGG-1,0.000036,0.000036,0.999929
CTGGGTAGGCAGTTAA-1,0.000037,0.000037,0.999926
CTGGGTTGAGTTAAAG-1,0.000022,0.022366,0.977611
CTGGTAAAGACTTACA-1,0.000345,0.128129,0.871526
CTGGTAAAGTGTGGGC-1,0.009047,0.069562,0.921391
CTGGTAACACATAGAA-1,0.000035,0.000035,0.999931
CTGGTAACGAGCTCTT-1,0.003538,0.000031,0.99643
CTGGTCATTCCAATCC-1,0.095947,0.903532,0.000521
CTGGTCCTAACTTGGC-1,0.045444,0.682936,0.27162
CTGGTGAATGGGCCTA-1,0.000014,0.006869,0.993117
CTGGTTCAACGCATCA-1,0.058759,0.630936,0.310305
CTGGTTCGCGAGCTAC-1,0.003735,0.020823,0.975442
CTGGTTTCGAGCAAGA-1,0.00008,0.00008,0.999841
CTGTACTTCTTAGCAT-1,0.005348,0.120613,0.874038
CTGTAGCCATCTCACT-1,0.007819,0.055362,0.936819
CTGTAGTGAGGATCGA-1,0.000055,0.047379,0.952566
CTGTATGGTGTAGAAA-1,0.000039,0.042919,0.957042
CTGTCAAATGGCTCGG-1,0.003024,0.000036,0.99694
CTGTCACGCCAGGCGC-1,0.000031,0.000031,0.999938
CTGTCCTGCGCACTAC-1,0.000116,0.197325,0.802559
CTGTGCAGGGTAGGTC-1,0.000041,0.026062,0.973898
CTGTGGTCGGGAGATA-1,0.000201,0.000201,0.999598
CTGTTACCCAATCTAG-1,0.000041,0.0022,0.997759
CTGTTCACTGCCTGTG-1,0.001703,0.010063,0.988234
CTGTTCATCTCACGGG-1,0.000032,0.070165,0.929802
CTGTTGTTCAGTCGTA-1,0.000028,0.00079,0.999182
CTTAACTTACAGTATA-1,0.00018,0.158056,0.841764
CTTAACTTCGAAGTAC-1,0.000046,0.000046,0.999908
CTTAAGCAGCGAGCCG-1,0.000065,0.151562,0.848372
CTTAATCGACTTAGTA-1,0.000215,0.000215,0.99957
CTTACACGGTATTCCA-1,0.000031,0.030584,0.969385
CTTACACTGGGAAATA-1,0.000027,0.073435,0.926538
CTTACATAGATTTCTT-1,0.000704,0.000704,0.998591
CTTAGATGTTTCATCC-1,0.000081,0.000081,0.999838
CTTAGCCCGGATAGTG-1,0.064234,0.310792,0.624974
CTTAGCCTTCCACATG-1,0.000046,0.000046,0.999907
CTTAGGTATAGACCAG-1,0.000023,0.009966,0.990011
CTTAGGTCCCAATCGT-1,0.000016,0.017913,0.982071
CTTAGTAGGCCTACAG-1,0.00422,0.000093,0.995687
CTTAGTGTAGTAGCAT-1,0.000223,0.027799,0.971978
CTTAGTTGAGGAATCG-1,0.000036,0.000036,0.999928
CTTATAGATGGCTGTT-1,0.013995,0.093644,0.892361
CTTATGCGCTCAGGGC-1,0.000048,0.126895,0.873057
CTTATGTTGACTACCA-1,0.22147,0.762185,0.016345
CTTCAACTCCACTTGG-1,0.00264,0.000045,0.997316
CTTCACGCCCTGGTAC-1,0.000035,0.000035,0.99993
CTTCAGTGGTCGCCTA-1,0.000025,0.044839,0.955136
CTTCAGTTGGACAACG-1,0.001124,0.187899,0.810978
CTTCATAGCTCAAGAA-1,0.000027,0.038629,0.961344
CTTCATCACCAGGGCT-1,0.000206,0.000206,0.999588
CTTCATTGTCAGTGGA-1,0.000035,0.064113,0.935852
CTTCCGCTCCGTGAAG-1,0.003927,0.000488,0.995585
CTTCCTGCATATTTAC-1,0.000033,0.003718,0.99625
CTTCGATTGCGCAAGC-1,0.107423,0.000629,0.891948
CTTCGGCCAATTGTTT-1,0.007884,0.000208,0.991908
CTTCGTAGATAGGTGA-1,0.000074,0.018134,0.981792
CTTCGTGCCCGCATCG-1,0.127724,0.397486,0.47479
CTTCTATGTTGAAGTA-1,0.00002,0.023339,0.976642
CTTCTATTAATGCTAG-1,0.000043,0.018104,0.981852
CTTCTGGGCGTACCTA-1,0.000034,0.000034,0.999931
CTTCTTACGTCGTATA-1,0.000041,0.000041,0.999917
CTTGACCCGAAAGATA-1,0.000027,0.060707,0.939266
CTTGAGGTTATCCCGA-1,0.112072,0.775364,0.112564
CTTGAGTTAGGGTAAT-1,0.000039,0.000039,0.999921
CTTGATGACCATCCAG-1,0.0008,0.0008,0.9984
CTTGCAACCGCCTCCT-1,0.000018,0.004427,0.995555
CTTGCCCACCCACGCA-1,0.000152,0.000152,0.999696
CTTGCCCAGGCTCTAC-1,0.001783,0.009141,0.989076
CTTGGCCAAGCTGGGA-1,0.000036,0.048294,0.95167
CTTGTACTTGTTGACT-1,0.000031,0.049894,0.950075
CTTGTCAACATTCGAG-1,0.000028,0.053777,0.946195
CTTGTGAGTCTTTGAC-1,0.444584,0.38479,0.170626
CTTGTGCTCACCGATT-1,0.000024,0.000024,0.999952
CTTGTTGCTGAGTCAA-1,0.000023,0.000023,0.999955
CTTGTTTATGTAGCCA-1,0.006683,0.410038,0.583279
CTTTAACTTTCAAAGG-1,0.000019,0.000019,0.999963
CTTTAATATTGGTCGA-1,0.006244,0.06827,0.925486
CTTTACCGAATAGTAG-1,0.059054,0.000032,0.940914
CTTTAGGAACACTGTT-1,0.00004,0.041542,0.958418
CTTTAGTGCTATTATT-1,0.000076,0.030855,0.969069
CTTTATCCGACGCATG-1,0.00594,0.000044,0.994016
CTTTCTGTGCGGGCTT-1,0.000016,0.000016,0.999968
CTTTGAAACATATTCC-1,0.000042,0.113788,0.88617
CTTTGACGTCGCTTCT-1,0.000435,0.150912,0.848653
CTTTGCATCGCTCTTG-1,0.0008,0.091024,0.908176
CTTTGCTGTCATGGAT-1,0.000037,0.046954,0.953009
CTTTGGCAGACAGAGT-1,0.000047,0.000047,0.999905
CTTTGGCGCTTTATAC-1,0.007891,0.136377,0.855731
CTTTGGCTTTAGTAAA-1,0.000028,0.100711,0.89926
CTTTGGGATTGTTGCA-1,0.000023,0.000023,0.999953
CTTTGTCGAATGCTCC-1,0.000057,0.14774,0.852203
GAAACAGATGACCACC-1,0.001175,0.000029,0.998795
GAAACAGCCATGCAGT-1,0.000023,0.028433,0.971544
GAAACATAGGAAACAG-1,0.000022,0.000438,0.99954
GAAACCATGGTGCGCT-1,0.001232,0.009145,0.989623
GAAACCGAATTACCTT-1,0.000024,0.007378,0.992598
GAAACCTATACAAATG-1,0.002332,0.012104,0.985564
GAAACTCGTGCGATGC-1,0.000032,0.144602,0.855366
GAAACTCTAATGAAGG-1,0.000025,0.036354,0.963621
GAAAGAACAGCGTTAT-1,0.000028,0.000028,0.999945
GAAAGCAGTGCACTTT-1,0.000023,0.043843,0.956133
GAAAGCCCTTTGGACC-1,0.006962,0.015212,0.977826
GAAAGTGACTAACTGC-1,0.000008,0.003239,0.996754
GAAATACCTGCTGGCT-1,0.039118,0.00002,0.960862
GAAATACTAAACGTTT-1,0.012259,0.563317,0.424424
GAAATATCACCATCAG-1,0.01432,0.014776,0.970904
GAAATATGCTTGAATG-1,0.000028,0.02501,0.974962
GAAATCGCGCGCAACT-1,0.00002,0.049931,0.950049
GAAATGGCGGTGTTAG-1,0.000016,0.009364,0.99062
GAAATTAGCACGGATA-1,0.00003,0.025963,0.974007
GAAATTCACATCGCTG-1,0.183413,0.158967,0.65762
GAAATTGTCTCTATAA-1,0.000014,0.001571,0.998416
GAACAACTGGGATGAA-1,0.000918,0.000918,0.998165
GAACACACATCAACCA-1,0.001089,0.004924,0.993987
GAACAGATTACTAAAT-1,0.014224,0.008254,0.977522
GAACATTAGTATGTTA-1,0.000014,0.026432,0.973555
GAACCATCTGGGAGAC-1,0.003357,0.465386,0.531257
GAACCCTCTGTGTTCT-1,0.026694,0.000028,0.973278
GAACCTCGACCTACAC-1,0.000035,0.437291,0.562673
GAACCTTTAACGATCC-1,0.000031,0.000031,0.999938
GAACGACCGAATGATA-1,0.000023,0.010003,0.989975
GAACGATAAGTTAAAG-1,0.008439,0.002218,0.989342
GAACGCGGGTCACACG-1,0.000851,0.000021,0.999129
GAACGGTGTAAAGCAG-1,0.000017,0.011687,0.988297
GAACGTCTCATGGTCG-1,0.008,0.000069,0.991931
GAACGTTAGGAAGACG-1,0.000032,0.135601,0.864367
GAACTGTGGAGAGACA-1,0.000031,0.000031,0.999938
GAACTTAGCGCCCGGT-1,0.000019,0.002125,0.997856
GAACTTGTGCACGGGA-1,0.001913,0.007877,0.99021
GAAGAAACGATATTGT-1,0.000017,0.009671,0.990312
GAAGAACGGTGCAGGT-1,0.002441,0.126406,0.871154
GAAGACTTCAATGCCG-1,0.023461,0.067639,0.9089
GAAGCCACTGATTATG-1,0.004238,0.000031,0.995732
GAAGCCTGCACATTCC-1,0.021165,0.020216,0.958619
GAAGCGTGAGGAATTT-1,0.000035,0.035034,0.964932
GAAGCTCGGACCCGTC-1,0.005955,0.000029,0.994016
GAAGCTTGCTGACCGC-1,0.000007,0.002158,0.997834
GAAGGAGTCGAGTGCG-1,0.000018,0.019296,0.980686
GAAGGCTACCATTGTT-1,0.000017,0.000017,0.999966
GAAGGGTCATTAAGAC-1,0.000508,0.000508,0.998985
GAAGTCAGTTGCACTA-1,0.000047,0.000047,0.999906
GAAGTCTCCCTAGCGA-1,0.004927,0.000028,0.995045
GAAGTGATTTATCGTG-1,0.000063,0.063693,0.936243
GAAGTGCTGGATAGCT-1,0.000024,0.00863,0.991346
GAAGTTTCCACTCAAT-1,0.00369,0.069284,0.927026
GAATAGACGCGACCCA-1,0.002263,0.025894,0.971843
GAATAGCATTTAGGGT-1,0.000041,0.005945,0.994013
GAATAGCCCTGCGGTC-1,0.000037,0.000037,0.999926
GAATAGTGCTCGATTA-1,0.000045,0.011291,0.988664
GAATATTCGGAGTCCC-1,0.000037,0.001874,0.99809
GAATCGACATGGTCAC-1,0.008514,0.010946,0.980539
GAATCGCCGGACACGG-1,0.000075,0.126009,0.873916
GAATCTATACTCGGAC-1,0.000036,0.048702,0.951261
GAATCTGAACATTCTC-1,0.000037,0.054603,0.94536
GAATGAAGGTCTTCAG-1,0.000049,0.000049,0.999901
GAATGCCGAAATGACC-1,0.031155,0.819272,0.149573
GAATGCGAATCGGTTC-1,0.023015,0.043198,0.933787
GAATGGGCTTATCGAC-1,0.000125,0.471117,0.528757
GAATGTATGGCAGGTC-1,0.000045,0.000045,0.99991
GAATGTGGTCCGGATT-1,0.000023,0.000023,0.999955
GAATGTTGGGTAATCT-1,0.000027,0.011674,0.9883
GAATTATAGTGAAAGG-1,0.000016,0.003891,0.996093
GAATTATGCAACCTAC-1,0.000013,0.035974,0.964013
GAATTCACCCGGGTGT-1,0.00003,0.020619,0.979351
GAATTTCTCGCTGCAG-1,0.000034,0.008486,0.99148
GACAAACATATGCAGG-1,0.000046,0.002917,0.997037
GACAACGACCATTGAA-1,0.121516,0.000023,0.878461
GACAACGCAGCTTACG-1,0.002357,0.000077,0.997565
GACAAGAGATGAGATT-1,0.006982,0.041436,0.951581
GACACAAGGGAAGAAA-1,0.000027,0.012676,0.987297
GACACAGCCGGGACTG-1,0.000126,0.000126,0.999747
GACACCCAAAGACGCG-1,0.001854,0.00003,0.998116
GACACGAGTTAGAGGA-1,0.000061,0.285414,0.714525
GACACTGAGTTCAGTG-1,0.000035,0.007324,0.992641
GACACTGGAACCCGAT-1,0.000736,0.000736,0.998529
GACACTTCCAATTACC-1,0.001924,0.346058,0.652019
GACAGAGGTCTTCAGT-1,0.000067,0.000067,0.999865
GACAGATTTCTGGCTC-1,0.000046,0.171087,0.828867
GACAGCCAGACCTGAC-1,0.003504,0.000044,0.996452
GACAGGCACACACTAT-1,0.000008,0.005682,0.99431
GACAGGTAATCCGTGT-1,0.000146,0.101224,0.89863
GACATCCGTCGAACTG-1,0.004013,0.046122,0.949865
GACATCGATTTATAAC-1,0.001568,0.000445,0.997987
GACATTTCGCCCAGCC-1,0.000042,0.241429,0.758528
GACCAAACGTTGACTG-1,0.000081,0.000081,0.999837
GACCACACTTCCCTTT-1,0.000157,0.137637,0.862207
GACCAGAGCCCTGTAG-1,0.000019,0.000019,0.999962
GACCAGGTCATTCATA-1,0.000026,0.105351,0.894623
GACCCAATTATGATAC-1,0.000011,0.000011,0.999979
GACCCGTCGCCGGCTA-1,0.000032,0.026239,0.97373
GACCGACGTGAAAGCA-1,0.000036,0.000036,0.999929
GACCGACTGAAGCGTC-1,0.052805,0.023602,0.923593
GACCGATTAAATATGT-1,0.000013,0.00055,0.999437
GACCGCGTCTGACGTG-1,0.004877,0.040203,0.95492
GACCGGTGATACTCTC-1,0.000055,0.07711,0.922834
GACCGTCAGGTCGTGA-1,0.014699,0.085722,0.899579
GACCGTGCTGACGGTG-1,0.00355,0.146512,0.849938
GACCGTTACATGCGAC-1,0.000048,0.686685,0.313267
GACCTTCCACGTCTAC-1,0.000082,0.000082,0.999836
GACGACGATCCGCGTT-1,0.000022,0.000022,0.999956
GACGAGGCTAATAAAC-1,0.000424,0.000424,0.999152
GACGATATCACTGGGT-1,0.000062,0.000062,0.999876
GACGCATACCCGTCGG-1,0.000027,0.04895,0.951023
GACGCCGTAAAGGCTA-1,0.000027,0.012783,0.98719
GACGCCTGTTGCAGGG-1,0.519816,0.391902,0.088283
GACGCTTGCTTCTAAA-1,0.000024,0.077115,0.922861
GACGGACCGCGTTCCT-1,0.004959,0.373648,0.621393
GACGGGCATCGAATTT-1,0.019637,0.119357,0.861006
GACGGGTTGGCCCGTA-1,0.002184,0.00826,0.989556
GACGGTCAATAGAAGC-1,0.000015,0.000015,0.999969
GACGGTCCTAGGGTGT-1,0.001878,0.005036,0.993086
GACGTGAGACTCCATG-1,0.163107,0.557612,0.279281
GACGTGTAGGGATTAT-1,0.000127,0.013365,0.986508
GACGTTCGTAAATACA-1,0.000025,0.000332,0.999643
GACGTTGCTCGGCGGC-1,0.000033,0.000033,0.999934
GACTAACACAGCACCT-1,0.001565,0.028503,0.969932
GACTAAGATCATGCAC-1,0.000031,0.046294,0.953675
GACTAAGTAGGCTCAC-1,0.000019,0.014895,0.985086
GACTACAAAGCGGTGG-1,0.00207,0.01031,0.987621
GACTACAATTGCTCGT-1,0.000033,0.00239,0.997577
GACTAGGCCGTTAGGT-1,0.006141,0.000096,0.993763
GACTCACCCACGTGAG-1,0.000053,0.000053,0.999894
GACTCCCAGAATAAGG-1,0.000025,0.008028,0.991947
GACTCCTTCCAATTGA-1,0.000016,0.005724,0.99426
GACTCGCGGGAATGAC-1,0.001298,0.008714,0.989987
GACTCGGTCGGCGGAT-1,0.000046,0.000046,0.999908
GACTCTAGAGTTCCAA-1,0.003653,0.000039,0.996308
GACTGATTGGTCACAA-1,0.000016,0.005411,0.994573
GACTGCAAATCGAGCT-1,0.000028,0.000028,0.999945
GACTGCACCAGCCCAG-1,0.00002,0.00002,0.999959
GACTGCGGCACGTGTA-1,0.000128,0.470694,0.529178
GACTGCTGGTGAGAAA-1,0.000022,0.000022,0.999955
GACTGGGCGCCGCAAC-1,0.002396,0.000011,0.997594
GACTTCAACGCATCAA-1,0.000521,0.000521,0.998958
GACTTTCGAGCGGTTC-1,0.000085,0.004751,0.995164
GAGAACGGTTCTGACT-1,0.000099,0.091274,0.908627
GAGACCCTGCAACGCC-1,0.000017,0.000017,0.999965
GAGACTGATGGGTAGA-1,0.000025,0.007498,0.992477
GAGACTTCGCGACCGA-1,0.000039,0.022844,0.977117
GAGAGGCCTATGTGTA-1,0.034123,0.161913,0.803964
GAGAGGGCGCGAGGTT-1,0.078648,0.064623,0.856729
GAGAGGTGCATTCTGG-1,0.000014,0.003358,0.996628
GAGAGTCTCGGGAGAG-1,0.000034,0.008471,0.991495
GAGATCGATCTTACTC-1,0.000043,0.03521,0.964747
GAGATCTGCTTGGCAT-1,0.000029,0.018067,0.981904
GAGATCTGTCACTCCG-1,0.000035,0.044757,0.955208
GAGATCTTCCATGACA-1,0.000014,0.000014,0.999973
GAGATGACAATCCTTA-1,0.001565,0.005881,0.992553
GAGATGGCTTTAATCA-1,0.000144,0.000144,0.999712
GAGATGGGAGTCGACA-1,0.000014,0.020056,0.979929
GAGCACCTGTGTCCAG-1,0.000068,0.000068,0.999864
GAGCACGGCGCCTCTT-1,0.000746,0.051372,0.947882
GAGCATCAACAACTTG-1,0.000019,0.084855,0.915127
GAGCATCATCCCTGGG-1,0.000072,0.240364,0.759564
GAGCCACGGTAGTAGG-1,0.000054,0.19153,0.808416
GAGCCAGCTACCTGTG-1,0.000136,0.000136,0.999729
GAGCCGAGCGTTTATT-1,0.00002,0.004321,0.995659
GAGCGAGGGAGTACCG-1,0.000021,0.115302,0.884677
GAGCGCAAATACTCCG-1,0.000408,0.110008,0.889584
GAGCGCGCACGAGTAG-1,0.002408,0.00602,0.991571
GAGCGCTATGTCAGGC-1,0.243464,0.560364,0.196172
GAGCGCTGTTAGGTAA-1,0.001341,0.000025,0.998634
GAGCGGAATGCGGTGT-1,0.000031,0.000031,0.999939
GAGCTAAGGGCATATC-1,0.000035,0.000035,0.99993
GAGCTCAACATGAGCG-1,0.000018,0.000018,0.999965
GAGCTCTCGGACCTAA-1,0.000031,0.227473,0.772496
GAGCTGTCGTCTCGGA-1,0.012718,0.000023,0.987259
GAGGAATATCTCTTTG-1,0.000016,0.000016,0.999968
GAGGAATGGAGAGGTT-1,0.000027,0.017996,0.981977
GAGGAGTAATTCCTAC-1,0.520766,0.431994,0.04724
GAGGATAAACAGTGCT-1,0.001982,0.020983,0.977035
GAGGCATTTGCAGCAG-1,0.000026,0.000026,0.999947
GAGGCCCGACTCCGCA-1,0.000023,0.022465,0.977512
GAGGCCTGTTGATACA-1,0.012397,0.044087,0.943515
GAGGCTATCAAAGTCG-1,0.000007,0.000007,0.999986
GAGGGAGTCAGATCGC-1,0.000027,0.029478,0.970494
GAGGGCATCGCGTATC-1,0.367646,0.632066,0.000288
GAGGGCCATAATATTA-1,0.00001,0.003471,0.996519
GAGGGCCGGCAGAGTC-1,0.000024,0.000024,0.999952
GAGGGCGCAGCTCTGC-1,0.02448,0.000021,0.975499
GAGGGTAGTAACAAAG-1,0.000018,0.000018,0.999965
GAGGTACATCCATCTT-1,0.000036,0.019378,0.980587
GAGGTACGCGTGTCCC-1,0.004749,0.000119,0.995132
GAGGTCCCAAAGATCT-1,0.000053,0.436469,0.563477
GAGGTCCGTTCGCTGT-1,0.000031,0.000031,0.999938
GAGGTCTTAGTGGGTC-1,0.000022,0.006,0.993978
GAGTAAACCGGAAAGT-1,0.000021,0.065068,0.934911
GAGTAAGGCCACGGGA-1,0.000012,0.029677,0.970312
GAGTACGGGTATACAA-1,0.002768,0.199898,0.797334
GAGTAGATACTAGTTG-1,0.002153,0.003073,0.994774
GAGTATACCCTAATCA-1,0.000027,0.024043,0.975929
GAGTATCAAAGTTACA-1,0.000046,0.117752,0.882203
GAGTATGCCCGCCTTG-1,0.007027,0.058525,0.934448
GAGTATGCGCGTGCAT-1,0.019425,0.045661,0.934914
GAGTCAGACCAGAATC-1,0.000028,0.094188,0.905784
GAGTCCACCAGGTTTA-1,0.000568,0.000568,0.998863
GAGTCCGCTTACCGGA-1,0.000039,0.08202,0.917941
GAGTCGACAGACCCTC-1,0.099703,0.498768,0.401529
GAGTCTTGTAAAGGAC-1,0.000039,0.373489,0.626472
GAGTGCACGGACAACA-1,0.001178,0.006091,0.992731
GAGTGTCAACCAGAAA-1,0.000065,0.000065,0.999869
GAGTGTGCGGTACCCA-1,0.012533,0.00004,0.987427
GAGTTCTGTGGGTGCT-1,0.000083,0.213674,0.786243
GAGTTGATGGCAATTT-1,0.000021,0.054837,0.945142
GAGTTGTCACCAGTCT-1,0.000041,0.162395,0.837565
GATAAATCGGTGGATG-1,0.000063,0.159152,0.840784
GATAACTCGCACTGTG-1,0.00125,0.00002,0.998729
GATAAGGCAGATGCAA-1,0.545296,0.45396,0.000744
GATACCGTGTCGGAGT-1,0.000046,0.015397,0.984557
GATACGATGGGAGTCA-1,0.071631,0.013132,0.915238
GATAGAACCCGCTAGG-1,0.000046,0.000046,0.999908
GATAGATAGTACAGTC-1,0.00029,0.00029,0.99942
GATAGGATTAATTACA-1,0.007868,0.031725,0.960407
GATAGGTAACGTTGAC-1,0.000046,0.001493,0.99846
GATAGGTGTCCCGGGC-1,0.004683,0.01883,0.976487
GATAGTGCGAGTAAGT-1,0.00004,0.00004,0.999921
GATATCAAGCAGGAGC-1,0.135941,0.761676,0.102383
GATATCTCATGCAATA-1,0.000016,0.01788,0.982104
GATATGAGACACTAAC-1,0.00001,0.00001,0.999979
GATATGCGGTAGCCAA-1,0.000223,0.000223,0.999553
GATATGGATTACGCGG-1,0.000064,0.221667,0.778269
GATATTGAGATTGGCG-1,0.013819,0.000041,0.986139
GATATTTCCTACATGG-1,0.000054,0.000054,0.999892
GATCAACATAAAGGGA-1,0.000019,0.060123,0.939858
GATCATTCCAAACATT-1,0.000022,0.063045,0.936933
GATCCAACCTTTAAAC-1,0.00003,0.106368,0.893602
GATCCCTTTATACTGC-1,0.000016,0.011912,0.988072
GATCCGAATATAAGTG-1,0.004699,0.005473,0.989828
GATCCGGGAATTAACA-1,0.000036,0.001979,0.997985
GATCCTAAATCGGGAC-1,0.012493,0.000729,0.986778
GATCCTCGACACTGGC-1,0.000028,0.025516,0.974456
GATCCTCTTGCGCTTA-1,0.000036,0.024865,0.975099
GATCGACACTATCTGA-1,0.00003,0.019388,0.980582
GATCGCGGGCTCTCCA-1,0.061841,0.025323,0.912836
GATCGCTACCCGATTT-1,0.000185,0.000185,0.999631
GATCGCTATATCTCAG-1,0.000032,0.00182,0.998148
GATCGCTGTGGTGCGT-1,0.000013,0.010305,0.989682
GATCGGATAGAACCAT-1,0.000024,0.052426,0.947549
GATCGGCGATAAGTCG-1,0.046302,0.416397,0.537301
GATCGGTGGCCATAAC-1,0.000016,0.025095,0.974889
GATCGTGACTGATATC-1,0.000045,0.028604,0.971351
GATCTAACCGTATTCA-1,0.00005,0.089229,0.910721
GATCTCGACGCTGTGG-1,0.010862,0.081827,0.907311
GATCTGCTATCTAAGG-1,0.000051,0.018198,0.981751
GATCTTAGTGAACGTG-1,0.003237,0.006689,0.990074
GATCTTGGAGGGCATA-1,0.00004,0.056055,0.943905
GATCTTTGCAGGGTAT-1,0.000026,0.020367,0.979608
GATCTTTGCTCAAAGA-1,0.000024,0.061532,0.938445
GATGACAAGTAGGGCA-1,0.00002,0.021105,0.978875
GATGACGATGATCGCG-1,0.002667,0.055518,0.941815
GATGAGGAACCTTCGG-1,0.000667,0.000667,0.998666
GATGCCAGCAGAAGGC-1,0.00004,0.52649,0.47347
GATGCCTTCTGCGGCA-1,0.000021,0.000021,0.999957
GATGCGAATGGTATTA-1,0.221142,0.499032,0.279826
GATGCGTCCTGCATTC-1,0.006619,0.007488,0.985893
GATGCTACAAGCGCCT-1,0.000018,0.000689,0.999293
GATGCTACCTTCGATG-1,0.003697,0.027398,0.968905
GATGCTGTATTTCATC-1,0.004428,0.000017,0.995555
GATGGCGCACACATTA-1,0.000056,0.208053,0.79189
GATGGTGAAATAACCC-1,0.021294,0.004967,0.973739
GATGGTGCCCTAGGCA-1,0.000031,0.000031,0.999938
GATGTAACGAACCACC-1,0.011071,0.013361,0.975568
GATGTCCGGATCACAT-1,0.325895,0.357037,0.317068
GATGTCGGTCAACTGC-1,0.000013,0.000013,0.999973
GATGTGTTGTCACAAG-1,0.000011,0.019145,0.980843
GATGTTCAATCCACGA-1,0.000041,0.059015,0.940944
GATGTTTGTGCGAGAT-1,0.000035,0.137657,0.862307
GATTAACCGAAAGCCC-1,0.033803,0.1448,0.821397
GATTACTGAATTTGGG-1,0.000032,0.009906,0.990061
GATTAGAAACAAGCGT-1,0.00202,0.023506,0.974475
GATTATCTTGCATTAT-1,0.000495,0.084471,0.915034
GATTCCCTTGTCGCAG-1,0.005382,0.047928,0.946691
GATTCCGCGTTTCCGT-1,0.000029,0.000029,0.999942
GATTCCTATACGGCGC-1,0.000064,0.153744,0.846192
GATTCGACGGTTCACG-1,0.009278,0.012325,0.978397
GATTCTGTTAATGAGT-1,0.000037,0.000037,0.999927
GATTGACACTCTGCTC-1,0.001792,0.056277,0.941931
GATTGCTCCAGTTGCA-1,0.000032,0.000032,0.999937
GATTGGGAAAGGTTGT-1,0.000303,0.000303,0.999394
GATTTAGTGCGTACTG-1,0.000037,0.006041,0.993922
GATTTGCGCTAACACC-1,0.004476,0.01751,0.978014
GCAAACCCTACATTAT-1,0.000037,0.011857,0.988106
GCAAACCTTGGCCATA-1,0.008267,0.000542,0.991191
GCAAACGTAAGCGACC-1,0.00246,0.452777,0.544763
GCAAACGTCGCCAGGT-1,0.000016,0.012588,0.987396
GCAAAGGGCGTTAGCC-1,0.000011,0.000241,0.999748
GCAAATATTACGCTTT-1,0.000026,0.095697,0.904278
GCAAATGAGGACACTT-1,0.00004,0.634487,0.365472
GCAACACACTAGAACT-1,0.000008,0.027722,0.97227
GCAACAGCAGTATGCG-1,0.02561,0.023967,0.950423
GCAACCACCAGACCGG-1,0.000024,0.016215,0.983761
GCAACCACGGCCGCGT-1,0.000018,0.010461,0.98952
GCAACGGCTAGTTATG-1,0.000147,0.000147,0.999706
GCAAGAATTCCTTGGC-1,0.000026,0.000026,0.999949
GCAAGATGTGTTCGCG-1,0.000038,0.000038,0.999924
GCAAGCTGGAAACCGC-1,0.000052,0.224882,0.775066
GCAAGTGCACAGAGAA-1,0.001388,0.001321,0.997292
GCAAGTGTAAAGCATG-1,0.000031,0.000031,0.999938
GCAATTAGTCGCACCG-1,0.004769,0.039889,0.955342
GCACAAACCCTAGATG-1,0.00001,0.009414,0.990576
GCACAAACGAGGCGTG-1,0.003388,0.013872,0.98274
GCACAACCTCGGGCGT-1,0.00002,0.068496,0.931484
GCACAAGTGTCGGAAG-1,0.000023,0.000032,0.999945
GCACACACTGGTAGCC-1,0.054688,0.046831,0.89848
GCACACAGCTATTACC-1,0.05292,0.000076,0.947003
GCACACGCCCATGGTC-1,0.000061,0.391184,0.608755
GCACAGCACGGGCCGA-1,0.002934,0.047911,0.949155
GCACCTAGGCGAGTCC-1,0.007706,0.065002,0.927292
GCACCTTCCCGAAGGT-1,0.000248,0.138986,0.860766
GCACGCCGATTCCCGC-1,0.000238,0.000238,0.999525
GCACGCCTACTTAGAT-1,0.000033,0.001126,0.998841
GCACGTGGTTTACTTA-1,0.00432,0.031379,0.964301
GCACTAGTCGCGCTAT-1,0.000056,0.101764,0.89818
GCACTGCCTACCTTTA-1,0.000011,0.000011,0.999977
GCACTGTGCAAATGTA-1,0.430214,0.561897,0.007889
GCAGAAACGTAATCCA-1,0.000015,0.006247,0.993738
GCAGAAGGTAATCTCC-1,0.027921,0.106725,0.865354
GCAGACCCAGCACGTA-1,0.002369,0.038133,0.959498
GCAGATCCATAAGACT-1,0.000049,0.009437,0.990514
GCAGATCCTCGCAAAT-1,0.066945,0.468207,0.464848
GCAGATTAGGGATATC-1,0.027495,0.266607,0.705898
GCAGCACACAGCCCAG-1,0.000029,0.131255,0.868716
GCAGCCTATATCACAT-1,0.00259,0.000052,0.997357
GCAGCGGTGGGCATTA-1,0.435534,0.35003,0.214436
GCAGCTATGGACAGGT-1,0.000048,0.000048,0.999903
GCAGCTGTCAACGCAT-1,0.000081,0.000081,0.999839
GCAGGAACTTAGATCT-1,0.000011,0.00476,0.99523
GCAGGACTATAGAATA-1,0.00002,0.020199,0.979781
GCAGGTAGAGTATGGT-1,0.010743,0.027725,0.961532
GCAGTGCGGGCGGATG-1,0.000108,0.192824,0.807068
GCAGTGTGGCTATAGG-1,0.000118,0.000118,0.999764
GCAGTTCGATCCGAGC-1,0.003098,0.088089,0.908813
GCATAAATTGAACGCC-1,0.000017,0.01753,0.982453
GCATACGAGGTCTTTA-1,0.000033,0.237854,0.762113
GCATAGAGCACTCAGG-1,0.004029,0.069171,0.9268
GCATCCCTAACTTTGA-1,0.000038,0.241086,0.758877
GCATCGGCCGTGTAGG-1,0.005001,0.005001,0.989998
GCATGAGGGACGCGGC-1,0.000019,0.000019,0.999963
GCATGCTAATAACGAT-1,0.002273,0.002273,0.995453
GCATGGGTACTGACGC-1,0.000277,0.549604,0.450119
GCATTCAAGGCAACGC-1,0.018956,0.090622,0.890422
GCATTCGAAATGAACA-1,0.000046,0.544551,0.455403
GCATTGACTTGCGGAA-1,0.000041,0.024912,0.975047
GCATTGTAATTCATAT-1,0.000016,0.014311,0.985672
GCATTTCCAAGGCTCC-1,0.00002,0.00002,0.999961
GCCAACCATTTCCGGA-1,0.000048,0.000048,0.999903
GCCAAGAATACTTCTG-1,0.000034,0.184538,0.815428
GCCAATAGGGCATCTC-1,0.033548,0.003206,0.963246
GCCACAATTTAAGGAC-1,0.000028,0.010359,0.989613
GCCACCTTATTCGCGA-1,0.000057,0.185665,0.814277
GCCACTCAGAGCGCGA-1,0.001961,0.001961,0.996078
GCCACTCCTTACGGTA-1,0.013173,0.1067,0.880127
GCCAGGAAAGAACACT-1,0.000023,0.000479,0.999498
GCCAGGAGTAACCGAT-1,0.000019,0.001399,0.998582
GCCAGGCGTTCGCATG-1,0.000034,0.000034,0.999931
GCCATATTGCACACAG-1,0.00296,0.000039,0.997001
GCCATCGAGCTGCGTG-1,0.00136,0.009569,0.989071
GCCATCGATGCTGCAT-1,0.001423,0.000024,0.998553
GCCATTAGCCTCAAAC-1,0.000008,0.000008,0.999984
GCCCACCAAGGCTGTC-1,0.000074,0.21624,0.783686
GCCCACTGGTCCACAA-1,0.012194,0.002155,0.985651
GCCCAGATGCTGGAGA-1,0.004525,0.02194,0.973535
GCCCAGCGACACAAAG-1,0.003393,0.291888,0.704719
GCCCAGTTGGTATGCC-1,0.000027,0.001502,0.998471
GCCCATGGGTGCAATG-1,0.000051,0.129427,0.870522
GCCCGACTTCTTCCCG-1,0.001738,0.042171,0.956091
GCCCGAGAGTCTAAAT-1,0.000023,0.036126,0.96385
GCCCGATCTGTGGTCG-1,0.022593,0.027278,0.950129
GCCCGATGCCCAGTTC-1,0.000036,0.000036,0.999928
GCCCGCGCGTAAACGG-1,0.002512,0.002242,0.995246
GCCCGCGCGTTTGACA-1,0.000023,0.011623,0.988354
GCCCGTAATACCTTCT-1,0.047214,0.017568,0.935218
GCCCGTTCACACAATT-1,0.000025,0.011281,0.988694
GCCCTAAGTGCAGGAT-1,0.018952,0.000171,0.980877
GCCCTAGCCGTCGCGA-1,0.000016,0.042059,0.957925
GCCCTGAGGATGGGCT-1,0.001578,0.000043,0.998378
GCCGAAATTCCTACGT-1,0.000025,0.04064,0.959335
GCCGACCCACGACTGC-1,0.00002,0.098837,0.901143
GCCGATTGGCCAAGCT-1,0.000037,0.027516,0.972446
GCCGCACTCCGTTTCA-1,0.000023,0.037178,0.962799
GCCGCATTAGTCCGGC-1,0.000056,0.040587,0.959357
GCCGCTAGATACGCAG-1,0.00002,0.082472,0.917508
GCCGCTTGTGAGAAAC-1,0.002044,0.018455,0.979501
GCCGGAAACACATCTT-1,0.077434,0.579651,0.342915
GCCGGGTTAGGGTCGC-1,0.000037,0.038675,0.961288
GCCGGTCGTATCTCTC-1,0.000054,0.000054,0.999893
GCCGTCGGTTTCGGGC-1,0.00004,0.00004,0.99992
GCCGTGGAAGAAATGT-1,0.010202,0.007214,0.982584
GCCTACGTTCTGTGCA-1,0.000981,0.000981,0.998039
GCCTAGCGATCTGACC-1,0.00001,0.00605,0.99394
GCCTATAGTGTCAGGG-1,0.084008,0.000036,0.915956
GCCTATGCTGGGCCTT-1,0.000058,0.000058,0.999884
GCCTATTCCGATATAG-1,0.000015,0.011922,0.988064
GCCTATTTGCTACACA-1,0.000051,0.243467,0.756482
GCCTCAGGTACCGGTC-1,0.000032,0.000032,0.999936
GCCTCATCTGGAAATA-1,0.000041,0.000041,0.999918
GCCTCCGACAATTCAC-1,0.001853,0.001853,0.996295
GCCTCTATACATAGCA-1,0.000031,0.006304,0.993665
GCCTGCTACACTGAGA-1,0.000032,0.002715,0.997254
GCCTGTCCCGGTGCAT-1,0.000047,0.000047,0.999906
GCCTTCAGCCCTACCG-1,0.000022,0.019411,0.980568
GCCTTGTATATGCAGT-1,0.000042,0.999625,0.000334
GCCTTTGTCAGTGGAC-1,0.000041,0.000041,0.999917
GCGAAACGATCGGGAG-1,0.000855,0.316217,0.682928
GCGAAACTTAACTGGA-1,0.000026,0.002132,0.997842
GCGAAGAATCTGACGG-1,0.011999,0.000764,0.987237
GCGAAGCCATACCCGT-1,0.000042,0.000042,0.999917
GCGAATGGACTAGCGA-1,0.000115,0.000115,0.999771
GCGACATGTAAACATC-1,0.003025,0.000049,0.996926
GCGACCCAACCATCTG-1,0.00003,0.000504,0.999466
GCGACGATAGTTGTAC-1,0.004083,0.150675,0.845242
GCGACGGTAGTCTCCT-1,0.00003,0.00003,0.99994
GCGAGAGGCCATGTAA-1,0.001662,0.000031,0.998307
GCGAGAGTTGCGTCCA-1,0.003485,0.00002,0.996495
GCGAGCGCATGCTCCC-1,0.000038,0.000038,0.999923
GCGAGGCCCGAGCAGA-1,0.000016,0.004246,0.995739
GCGAGTTCTGCAAAGA-1,0.001052,0.009505,0.989443
GCGATTCTGGAAGCAG-1,0.00003,0.02605,0.97392
GCGATTGTTAACGTTA-1,0.004949,0.000036,0.995015
GCGCAAATATATTCAA-1,0.000015,0.001445,0.99854
GCGCAAGAGCGCGCTG-1,0.002517,0.01233,0.985154
GCGCATCCAGTCAGCA-1,0.021037,0.000038,0.978925
GCGCCGTTCCACGATA-1,0.00004,0.284626,0.715334
GCGCCTCCCACTCCGA-1,0.000137,0.000137,0.999726
GCGCGGTCTAGTAACT-1,0.002418,0.014242,0.98334
GCGCGTCATTGGTACA-1,0.000043,0.000043,0.999914
GCGCTAAGTATGCATG-1,0.000042,0.082016,0.917942
GCGCTAATTGAATAGA-1,0.000705,0.009963,0.989332
GCGCTATGCCGAGGCA-1,0.038204,0.035803,0.925993
GCGCTCGATCACCTGT-1,0.003745,0.024105,0.97215
GCGCTGATCCAGACTC-1,0.000041,0.000041,0.999919
GCGCTGCTTTGCATTT-1,0.049476,0.000042,0.950482
GCGCTTAAATAATTGG-1,0.000081,0.059332,0.940587
GCGGACCGCGTTGTGG-1,0.000049,0.000049,0.999902
GCGGAGAAACTTCGCA-1,0.000021,0.00878,0.991199
GCGGAGAGGGAGAACG-1,0.000025,0.018085,0.98189
GCGGATTACTTGTTCT-1,0.008679,0.073885,0.917436
GCGGCAAAGTATTGCC-1,0.010732,0.016246,0.973021
GCGGCTCTGACGTACC-1,0.000024,0.057519,0.942457
GCGGCTTTAGCAAGTT-1,0.000247,0.000247,0.999506
GCGGGAACCAGGCCCT-1,0.000015,0.018808,0.981177
GCGGGCAGACGGGTGA-1,0.000074,0.050485,0.949441
GCGGGCATTACGATGC-1,0.000019,0.000019,0.999963
GCGGGCGAGCCTTACC-1,0.000027,0.024701,0.975273
GCGGTAACCCAAATGA-1,0.029239,0.716269,0.254492
GCGGTCCCGGTGAAGG-1,0.000042,0.000042,0.999916
GCGGTCCCTAGACGCA-1,0.000073,0.095495,0.904432
GCGGTCTTGCTTTCAC-1,0.008395,0.000453,0.991153
GCGGTGAACTGCGCTC-1,0.000019,0.000019,0.999962
GCGGTTCCCTATCATG-1,0.000034,0.065139,0.934827
GCGTAAATGGCCATAA-1,0.008043,0.00002,0.991937
GCGTCCCTAAGACATA-1,0.000028,0.000028,0.999943
GCGTCGAAATGTCGGT-1,0.000014,0.000014,0.999973
GCGTCGCCAGGGTGAT-1,0.000041,0.046998,0.952961
GCGTCGTAACATGGTC-1,0.000368,0.071631,0.928001
GCGTCTAACCTCCTAA-1,0.00456,0.013486,0.981954
GCGTCTCTGCATTGGG-1,0.000043,0.014401,0.985556
GCGTGGTACTGGGTTA-1,0.475867,0.000026,0.524106
GCGTGTATGTCGTATT-1,0.015888,0.482008,0.502104
GCGTTATATTTGGAAC-1,0.000066,0.293718,0.706215
GCGTTCGGAGACCGGG-1,0.007434,0.015776,0.976791
GCGTTCTGACTAAGCG-1,0.000291,0.243958,0.755751
GCTAAACCTGAGGTGA-1,0.000034,0.180514,0.819451
GCTAACTGAAGTCTGA-1,0.000347,0.000347,0.999305
GCTAAGCCCAGTATGC-1,0.004411,0.048647,0.946942
GCTAAGTAAAGGCGAT-1,0.000058,0.559147,0.440795
GCTAAGTAGTTTCTCT-1,0.013,0.018649,0.968352
GCTAATACCGAATGCC-1,0.025323,0.004412,0.970265
GCTACAATCGAGGATA-1,0.000111,0.000111,0.999779
GCTACACTGTCCGAAC-1,0.04536,0.703376,0.251264
GCTACAGTACGGACCG-1,0.00002,0.043267,0.956713
GCTACGACTTATTGGG-1,0.014472,0.449879,0.535649
GCTACTATAGTAGAGT-1,0.000283,0.000283,0.999435
GCTACTCGGACGCAGA-1,0.000041,0.140555,0.859404
GCTAGACCGTCTACTG-1,0.000086,0.007746,0.992168
GCTAGAGTAGAGATGT-1,0.000513,0.000513,0.998974
GCTAGCAACGCACCTA-1,0.017335,0.000125,0.98254
GCTAGCACCTGGGCCA-1,0.000024,0.021646,0.978331
GCTAGCAGGGAGTGGG-1,0.020221,0.099456,0.880323
GCTAGCGATAGGTCTT-1,0.00003,0.00003,0.999939
GCTAGCTTGAATAGCT-1,0.000043,0.028095,0.971862
GCTAGGCACCACGGAG-1,0.009289,0.00005,0.990662
GCTAGTAGAGCTTGTA-1,0.000046,0.009108,0.990846
GCTAGTTTCATTGAGG-1,0.000063,0.209924,0.790013
GCTATAAGGGCCAGGA-1,0.006404,0.104895,0.888701
GCTATACGTCTCGGAC-1,0.008261,0.00041,0.991329
GCTATCATACTCATGG-1,0.000045,0.000045,0.99991
GCTATCGCGGCGCAAC-1,0.00003,0.146992,0.852978
GCTATGCCAGCTTATG-1,0.000093,0.651571,0.348336
GCTCAATCCGTTTATT-1,0.000035,0.00411,0.995855
GCTCAATGTAATACCG-1,0.00004,0.019089,0.98087
GCTCATTACTGCATGT-1,0.000037,0.000037,0.999926
GCTCATTGATCATATC-1,0.004763,0.034707,0.960531
GCTCCATGAGTGCAGA-1,0.000068,0.132666,0.867266
GCTCCATGCAAAGCAA-1,0.006737,0.000036,0.993228
GCTCCCAGTCGGTCCA-1,0.000087,0.000087,0.999825
GCTCCGCTCGCTTCAG-1,0.000104,0.064677,0.935219
GCTCCGGACGTTGATA-1,0.00003,0.016478,0.983492
GCTCCTGACATACTGG-1,0.000024,0.000024,0.999951
GCTCGACCGAACTGAA-1,0.00001,0.004398,0.995592
GCTCGCGGTTCCGCTC-1,0.160716,0.738479,0.100804
GCTCGCTCATGTCCAA-1,0.064306,0.000075,0.935619
GCTCGGAATTTAAAGC-1,0.000041,0.000041,0.999917
GCTCTAAACCCTGACG-1,0.009169,0.019569,0.971261
GCTCTATGTTACGTGC-1,0.000029,0.000029,0.999943
GCTCTCGGGTACCGAA-1,0.003939,0.001272,0.994789
GCTCTTTCCGCTAGTG-1,0.000034,0.034694,0.965272
GCTGAACTCTCCAGGG-1,0.00151,0.035612,0.962879
GCTGAAGGGTTCTTGG-1,0.000041,0.051474,0.948484
GCTGAATCTTCCAATC-1,0.021098,0.022031,0.956871
GCTGAGGCGTGAGTAT-1,0.00003,0.093679,0.906291
GCTGCACGGTTTCTTA-1,0.000018,0.004578,0.995404
GCTGCGAAGAATTATT-1,0.003522,0.038828,0.95765
GCTGCTAAGTAGTCGA-1,0.000053,0.026244,0.973702
GCTGCTACTGCGTAGC-1,0.009811,0.046142,0.944047
GCTGCTCTCCGGACAC-1,0.011188,0.009589,0.979223
GCTGGACCCAAAGTGG-1,0.002393,0.028507,0.9691
GCTGGCATATTCACCT-1,0.001885,0.04175,0.956365
GCTGGCGGCGCATGCT-1,0.000037,0.028229,0.971734
GCTGGGAGCGCGTCAA-1,0.000044,0.041224,0.958732
GCTGGTGACTCGTAGT-1,0.000043,0.000043,0.999915
GCTGGTTTAGGCCATA-1,0.000034,0.032733,0.967232
GCTGTATTACTGGCCC-1,0.000034,0.019712,0.980253
GCTGTCTGTGATCGAC-1,0.000056,0.039896,0.960049
GCTGTTGCTACCGAAC-1,0.021079,0.000035,0.978886
GCTTAATGTAACTAAC-1,0.000024,0.000024,0.999953
GCTTACGTAGTTAGTA-1,0.000048,0.000048,0.999904
GCTTAGGGAAGCGGTA-1,0.004913,0.000155,0.994932
GCTTATGAAGCAGGAA-1,0.000019,0.0017,0.998282
GCTTCAGTGGGATTAC-1,0.000055,0.000055,0.999889
GCTTCCATGTAACCGC-1,0.004147,0.000091,0.995762
GCTTCCCGTAAGCTCC-1,0.000449,0.000449,0.999103
GCTTCCGTCCCTAGAC-1,0.000024,0.000024,0.999953
GCTTCGACGTTCAATC-1,0.000036,0.012193,0.987771
GCTTGAGTGACCTCTG-1,0.000217,0.152685,0.847098
GCTTGATGATAATCAG-1,0.000016,0.008504,0.99148
GCTTGCAGCACAATTG-1,0.002369,0.007383,0.990248
GCTTGGATCGATTAGG-1,0.003275,0.000025,0.9967
GCTTTACACAACTGGG-1,0.014193,0.154912,0.830894
GCTTTATTAAGTTACC-1,0.03417,0.047602,0.918228
GCTTTCAGAGGAGGTG-1,0.035806,0.000039,0.964155
GCTTTCTATCTCAACT-1,0.000042,0.03833,0.961627
GCTTTGCTGCCGGGTA-1,0.000023,0.000023,0.999953
GGAAACAGAGCTTGGG-1,0.000039,0.0262,0.973761
GGAAACCTTGTTGAAT-1,0.000022,0.010824,0.989154
GGAAACTAAATGGGCC-1,0.001334,0.001334,0.997333
GGAAAGGGAATTGAGC-1,0.000064,0.000064,0.999873
GGAAAGTCTTGATTGT-1,0.000044,0.072062,0.927894
GGAAAGTGCCCATGCC-1,0.000017,0.012415,0.987568
GGAACCGTGTAAATTG-1,0.000029,0.051772,0.9482
GGAACCTTGACTCTGC-1,0.00002,0.006657,0.993323
GGAACGGCCTGCAGCC-1,0.023825,0.742855,0.23332
GGAACTCGTGAATACG-1,0.000039,0.035233,0.964728
GGAACTTTGGCGATTA-1,0.013797,0.058672,0.927531
GGAAGATAAGACTGTA-1,0.000016,0.000016,0.999967
GGAAGCTCGCTTACAG-1,0.000044,0.000044,0.999911
GGAAGGACACCGTATA-1,0.00164,0.00164,0.996721
GGAATAACCTCAAGAA-1,0.000034,0.594141,0.405825
GGAATGCGCTAGCGTG-1,0.000031,0.037923,0.962046
GGACAACCATGAAGCC-1,0.000279,0.000279,0.999443
GGACAAGCCATGATCG-1,0.000101,0.089347,0.910552
GGACAAGTTGCAGTGA-1,0.005134,0.506234,0.488632
GGACACAAGTTTACAC-1,0.000122,0.005373,0.994505
GGACACCTCGGTGTTG-1,0.000062,0.000062,0.999876
GGACCAACAGGATAAC-1,0.00003,0.046028,0.953942
GGACCTACGGTAACGT-1,0.000038,0.000038,0.999923
GGACCTCTAGGCCGCC-1,0.000022,0.000025,0.999954
GGACGGCTTGCGCAAC-1,0.000023,0.006591,0.993386
GGACGGGCGACCAACC-1,0.005888,0.127422,0.866691
GGACGTCCATAGTTGG-1,0.000036,0.000036,0.999927
GGACTCACAAATTAGG-1,0.000029,0.038722,0.961249
GGACTCGAAGCTTTCA-1,0.000121,0.161031,0.838848
GGACTCGACAGCGCAT-1,0.000048,0.000048,0.999905
GGACTCGTGAGTGGTC-1,0.00002,0.000049,0.999931
GGACTCTTCCGGTTGA-1,0.00041,0.258641,0.740949
GGACTCTTTGACTAAG-1,0.001191,0.001191,0.997618
GGAGAAGTCATTGGCA-1,0.003292,0.000032,0.996676
GGAGACCAATGTGCTT-1,0.00003,0.001892,0.998078
GGAGACCATCTACATA-1,0.000022,0.09659,0.903388
GGAGACGACACCTTTG-1,0.000046,0.390635,0.609319
GGAGCAACATTTCAAG-1,0.000429,0.000429,0.999141
GGAGCACCAAGAACTA-1,0.011585,0.079297,0.909118
GGAGCGAGGCCTACTT-1,0.001051,0.000041,0.998908
GGAGGATTGAAAGGAG-1,0.000006,0.000006,0.999988
GGAGGCCGAAGTCGTC-1,0.067081,0.003039,0.929879
GGAGGCGAAGAACCGC-1,0.00002,0.015138,0.984842
GGAGGGCTTGGTTGGC-1,0.008312,0.008262,0.983426
GGAGGGTCAAGTAAGA-1,0.037744,0.065723,0.896534
GGAGTGCCGCCCTGGA-1,0.000028,0.001359,0.998612
GGAGTTGATTCTGTGT-1,0.018367,0.171706,0.809926
GGATACTCATGAATTG-1,0.000071,0.265431,0.734498
GGATCAAAGGACGAGG-1,0.000053,0.581079,0.418868
GGATCAGAGCCATCAG-1,0.000415,0.172391,0.827194
GGATCATCCCGTACGC-1,0.000027,0.03199,0.967983
GGATCCGGAATATACT-1,0.00444,0.056027,0.939533
GGATCTACCGTTCGTC-1,0.000035,0.000035,0.999929
GGATCTTACTGCCCTT-1,0.000019,0.000019,0.999961
GGATCTTGACTCAACC-1,0.000016,0.005035,0.994949
GGATGAAGATCGCTGA-1,0.01716,0.008832,0.974008
GGATGACGCGAGTTTA-1,0.005281,0.067983,0.926736
GGATGCTGGCGTTCCT-1,0.000023,0.031428,0.968549
GGATGGCTTGAAGTAT-1,0.001282,0.001282,0.997435
GGATGTCCTTACCGCA-1,0.006568,0.008374,0.985059
GGATTAAGCTAAGGTC-1,0.000015,0.002134,0.997851
GGATTAATCATGGACC-1,0.000146,0.000146,0.999708
GGATTCAGTACGGTGG-1,0.000062,0.045949,0.953989
GGATTCCGCTATACCC-1,0.006952,0.052873,0.940175
GGATTGAAGTAGCCTC-1,0.000385,0.000385,0.99923
GGATTGCTGTGACTCC-1,0.000385,0.000385,0.999231
GGATTTCACTTCTATA-1,0.000053,0.000053,0.999894
GGCAAAGGCGCCAATA-1,0.000022,0.048949,0.95103
GGCAAATTACTTTACT-1,0.000032,0.027073,0.972896
GGCAAGCCAGGGATAG-1,0.00001,0.010727,0.989263
GGCAAGCCCATAGTGG-1,0.002052,0.000043,0.997905
GGCAAGGCGAAATAGC-1,0.00001,0.023908,0.976082
GGCAATAGTCAATGAG-1,0.006624,0.021767,0.971609
GGCACGCTGCTACAGT-1,0.000154,0.112758,0.887089
GGCACTCAGCCGACCC-1,0.006441,0.103263,0.890296
GGCACTCCACTGGGCA-1,0.000027,0.014159,0.985814
GGCACTGCGGTGGTTT-1,0.009856,0.043204,0.94694
GGCAGCAAACCTATGC-1,0.000332,0.000332,0.999335
GGCAGCGGTAATCCTA-1,0.000032,0.004611,0.995357
GGCATACAGGTAGCGG-1,0.000025,0.065327,0.934647
GGCATATCGGTTCTGC-1,0.000029,0.00037,0.999601
GGCATCAACGAGCACG-1,0.00006,0.512268,0.487672
GGCATTCCCTCCCTCG-1,0.000168,0.000168,0.999663
GGCATTGAACATCTCA-1,0.000033,0.005335,0.994632
GGCCAATTGTATAGAC-1,0.000193,0.000193,0.999615
GGCCCAATCTAGAGGG-1,0.000024,0.002636,0.99734
GGCCCAGCTGGTTTGC-1,0.00006,0.00006,0.999881
GGCCCAGTTATCAGCA-1,0.000039,0.008374,0.991587
GGCCCGGAGCATGTCT-1,0.002823,0.000013,0.997163
GGCCCGTATACCATGC-1,0.002799,0.000831,0.99637
GGCCCTCACCCACTTA-1,0.000027,0.00869,0.991284
GGCCGAGACTCTGGTG-1,0.00002,0.02346,0.976521
GGCCGCAGGAACCGCA-1,0.010793,0.203807,0.7854
GGCCGGCGTCTGCTAT-1,0.000107,0.000107,0.999785
GGCCGTTTGGGTTTCA-1,0.000035,0.029713,0.970252
GGCCTGCTCTGATGTT-1,0.000051,0.015387,0.984562
GGCCTGCTTCTCCCGA-1,0.005274,0.037175,0.957551
GGCCTTTGCAACTGGC-1,0.000081,0.27739,0.72253
GGCGAAATCTAACTTG-1,0.003747,0.000038,0.996215
GGCGAACCGTTCTGAT-1,0.000031,0.058818,0.941151
GGCGAGCGAAACGGCA-1,0.000022,0.15368,0.846298
GGCGCACAGTTTACCT-1,0.00244,0.00244,0.99512
GGCGCAGGACATCTTC-1,0.000021,0.012955,0.987024
GGCGCATGAATTGATG-1,0.000026,0.125735,0.874239
GGCGCGGAGATCTTTC-1,0.00125,0.00125,0.997499
GGCGCGTTCGAGTTTA-1,0.000044,0.009997,0.98996
GGCGCTCCTCATCAAT-1,0.00002,0.999824,0.000156
GGCGCTTCATTCCCTG-1,0.011008,0.096922,0.89207
GGCGGAGTAATATTAG-1,0.000025,0.026654,0.973321
GGCGGGCTCTAAGAGT-1,0.000433,0.306436,0.693131
GGCGGTAGGATCATTG-1,0.000037,0.007813,0.99215
GGCGTACCCTATATAA-1,0.608817,0.390818,0.000365
GGCGTAGGGAAAGCTG-1,0.000255,0.000255,0.999491
GGCGTCCTATCCGCTG-1,0.002393,0.026106,0.971501
GGCTAAAGGGCGGGTC-1,0.000036,0.073586,0.926378
GGCTAATGATTGAAAT-1,0.000029,0.084898,0.915073
GGCTACTATACACTCC-1,0.000037,0.000037,0.999925
GGCTATTAAGTTGTAT-1,0.000021,0.02534,0.97464
GGCTCCTCCACCTGTT-1,0.000028,0.036985,0.962987
GGCTCGCGTTGAGGTA-1,0.00212,0.000026,0.997854
GGCTCGTGCCACCAGC-1,0.000018,0.010514,0.989468
GGCTCTGCTCCAACGC-1,0.008373,0.003918,0.98771
GGCTGAAATAGCAAAG-1,0.012379,0.007164,0.980457
GGCTGAGCATCGTAAG-1,0.00003,0.003586,0.996384
GGCTGGCAATCCCACG-1,0.00015,0.039393,0.960457
GGCTGGCTAGCTTAAA-1,0.179271,0.750028,0.070701
GGCTGTCCTACTGCGG-1,0.195135,0.278307,0.526559
GGCTTCTCGTGGGTGG-1,0.000076,0.000076,0.999849
GGCTTTCAATAAGGGT-1,0.007231,0.176945,0.815823
GGGAAAGAATGCCAAC-1,0.005593,0.005717,0.98869
GGGAACGGGAGGTTAG-1,0.000029,0.011443,0.988527
GGGAACGGTTTCAGAT-1,0.000025,0.000025,0.999949
GGGAAGACGGTCTGTC-1,0.006872,0.015396,0.977732
GGGAAGGGCTTTCTCA-1,0.000735,0.000735,0.998529
GGGAATGAGCCCTCAC-1,0.000027,0.008658,0.991316
GGGACAGAGTTACTCC-1,0.000026,0.002548,0.997426
GGGACCCGTATATCTT-1,0.000051,0.15847,0.841478
GGGACTGCATAGATAG-1,0.00004,0.006565,0.993396
GGGAGAACTCACAGTA-1,0.002808,0.027456,0.969737
GGGAGCGACCGTAGTG-1,0.001282,0.001282,0.997435
GGGAGGATGCCCGAAA-1,0.027732,0.056467,0.915801
GGGAGTAATGGCTGGC-1,0.011869,0.33581,0.652321
GGGAGTTAATGAGGCG-1,0.205449,0.115018,0.679533
GGGATATTGATCGCCA-1,0.00005,0.006798,0.993152
GGGATCCCAATACAAA-1,0.000012,0.001498,0.99849
GGGATGGACCCGCGTC-1,0.000044,0.073857,0.926099
GGGATGGTCGTAACCG-1,0.026141,0.086196,0.887663
GGGATTTACCGCACCT-1,0.000029,0.000029,0.999943
GGGCAACCGCACGTGC-1,0.001252,0.037694,0.961054
GGGCACGTAGTACTGT-1,0.000025,0.041959,0.958016
GGGCACTATTGACCAT-1,0.000049,0.125167,0.874784
GGGCAGACGTCACTGC-1,0.00005,0.042445,0.957505
GGGCAGAGCAATCGTT-1,0.000046,0.085813,0.914141
GGGCAGGATTTCTGTG-1,0.000076,0.090432,0.909492
GGGCAGTCAACGCCAA-1,0.000397,0.000397,0.999206
GGGCATGCATGTCGAG-1,0.00004,0.00004,0.999919
GGGCCATTCGTGCTGG-1,0.000046,0.161259,0.838694
GGGCCCGTCTTAAACA-1,0.000017,0.034584,0.965399
GGGCCCTACGAAAGGG-1,0.000013,0.040944,0.959043
GGGCCGGCCGAAGTAC-1,0.000882,0.019434,0.979684
GGGCCTAAATGGGCTA-1,0.000037,0.212048,0.787915
GGGCCTATACAACCGG-1,0.000013,0.000013,0.999974
GGGCCTATTTAAGTAT-1,0.000056,0.000056,0.999889
GGGCGATATGTGTGAA-1,0.00662,0.000031,0.993348
GGGCGATCCATAGGCC-1,0.003942,0.157019,0.83904
GGGCGCAGCGTTACTC-1,0.000014,0.004214,0.995771
GGGCGGCAAATGAATT-1,0.001491,0.027691,0.970818
GGGCGGGTTCCCTACG-1,0.0145,0.000018,0.985482
GGGCGGTCCTATTGTC-1,0.006566,0.738773,0.254661
GGGCGTACATTTATAT-1,0.000013,0.000013,0.999973
GGGCGTCACCACGTAA-1,0.000033,0.045813,0.954154
GGGCGTCCACTGGCTC-1,0.000023,0.000023,0.999954
GGGCGTGGTTTCCCAG-1,0.000078,0.000078,0.999845
GGGCGTTTACATTCAT-1,0.000025,0.000025,0.999951
GGGCTACTATTTCGTG-1,0.00004,0.033603,0.966357
GGGCTATGATCGATGG-1,0.000032,0.013038,0.986931
GGGCTCATCGAACCCA-1,0.003015,0.00002,0.996965
GGGCTGCCTAGGGCGA-1,0.000016,0.056316,0.943668
GGGCTGGTTAGTCGCG-1,0.00003,0.00003,0.99994
GGGTAATGCTGTGTTT-1,0.107373,0.346012,0.546615
GGGTACCCACGGTCCT-1,0.089165,0.811271,0.099564
GGGTACTTCATGAACT-1,0.000029,0.010728,0.989243
GGGTATGTATGCACTT-1,0.000038,0.029498,0.970464
GGGTATTCTAGCAAAC-1,0.000009,0.001287,0.998704
GGGTCACCGTGACGGT-1,0.006917,0.011561,0.981521
GGGTCACGTGCTTATG-1,0.000037,0.028686,0.971277
GGGTCACTGAGTAGTG-1,0.00002,0.00267,0.99731
GGGTCAGGAGCTAGAT-1,0.000041,0.011276,0.988682
GGGTCATGCGTACCAT-1,0.068945,0.732355,0.1987
GGGTCCTTGGAAGAAG-1,0.000024,0.146785,0.853191
GGGTCGTGGCAAGTGT-1,0.006368,0.069808,0.923824
GGGTCTATCGCTTTCC-1,0.000027,0.002557,0.997416
GGGTGACACCTTAACT-1,0.000049,0.000049,0.999902
GGGTGCATATGAAAGC-1,0.000016,0.012205,0.987779
GGGTGGTCCAGCCTGT-1,0.000009,0.005406,0.994585
GGGTGTTTCAGCTATG-1,0.000035,0.09695,0.903015
GGGTTAACATTTGAGT-1,0.030521,0.026358,0.943121
GGGTTCAGACGAACAA-1,0.016925,0.982812,0.000263
GGGTTTAGGATAGGAT-1,0.000208,0.140392,0.8594
GGGTTTCCGGCTTCCA-1,0.00032,0.60511,0.394571
GGTAAACTCTGCGCTG-1,0.006346,0.11508,0.878574
GGTAAATGTGCGTTAC-1,0.000027,0.054992,0.944981
GGTAACCGGGAGGATA-1,0.018691,0.051968,0.929341
GGTAACTATGTATCTG-1,0.000045,0.133546,0.86641
GGTACAAACATGCTAT-1,0.000035,0.051978,0.947988
GGTACACCAGATTTAT-1,0.00002,0.004803,0.995176
GGTACATCTGGGACGA-1,0.000025,0.031214,0.968761
GGTACCATTAAGACGG-1,0.000023,0.000023,0.999953
GGTACGTTGCGGCCGG-1,0.004318,0.131213,0.864469
GGTACTAAGTGCTTTG-1,0.000088,0.08342,0.916492
GGTAGAAGACCGCCTG-1,0.000023,0.008696,0.991281
GGTAGACCGTTGGGCG-1,0.000031,0.063611,0.936357
GGTAGGCCAATATCAC-1,0.000044,0.014792,0.985164
GGTAGTGCTCGCACCA-1,0.003051,0.000045,0.996903
GGTATAGTGACACATA-1,0.002773,0.000032,0.997195
GGTATTGCCGAGTTTA-1,0.154851,0.065636,0.779513
GGTCAAGACTACTTCG-1,0.001667,0.001667,0.996666
GGTCAGTGGGTCCCAC-1,0.192884,0.072206,0.734911
GGTCATTGTAGTCATA-1,0.000048,0.013987,0.985965
GGTCCACGTCTATTTG-1,0.000016,0.000016,0.999969
GGTCCCATAACATAGA-1,0.003183,0.044403,0.952414
GGTCGGATAAACGGCG-1,0.002705,0.023886,0.973409
GGTCGGCCAGGAGCTT-1,0.025259,0.035897,0.938844
GGTCGGTAATTAGACA-1,0.02559,0.28998,0.68443
GGTCGGTCGTCCACAG-1,0.000041,0.091071,0.908888
GGTCGTAAGCTCGCAC-1,0.003962,0.006044,0.989993
GGTCTCCAAGTAGTGC-1,0.000901,0.048742,0.950357
GGTCTCCGTCCAGGTT-1,0.002041,0.002042,0.995917
GGTCTCTGAATGGACT-1,0.000026,0.135724,0.86425
GGTCTGAGAATCTGGA-1,0.002091,0.011491,0.986418
GGTCTTGAGCGCTCTT-1,0.000029,0.000029,0.999941
GGTGAAACCGGGAATG-1,0.086724,0.562108,0.351168
GGTGAACGGGCTAGCC-1,0.247687,0.446386,0.305927
GGTGAAGTACAGGGAT-1,0.000026,0.000026,0.999949
GGTGAGATGCAGATAA-1,0.000034,0.210248,0.789719
GGTGATAAGGAGCAGT-1,0.001772,0.005514,0.992714
GGTGATTTCATCTTGT-1,0.000059,0.399356,0.600586
GGTGCAGAGCCTATCG-1,0.000033,0.023019,0.976948
GGTGCATAAATGATTA-1,0.00003,0.00003,0.999939
GGTGCGGATAAGTGGC-1,0.002679,0.029803,0.967518
GGTGCTGATCACAAAG-1,0.000031,0.128316,0.871653
GGTGCTGGTACACATT-1,0.008366,0.008786,0.982848
GGTGGACCACGTGTTA-1,0.000023,0.016885,0.983092
GGTGGACTGCTCTGGC-1,0.000224,0.000224,0.999551
GGTGGAGGTTGATACG-1,0.000023,0.03089,0.969087
GGTGGGATTAGGTCCC-1,0.011696,0.049413,0.938891
GGTGTAAATCGATTGT-1,0.02546,0.042831,0.931709
GGTGTAGGTAAGTAAA-1,0.00216,0.000038,0.997802
GGTGTTCTGTTTCTAC-1,0.000042,0.026298,0.97366
GGTGTTGGGCGTCTTA-1,0.000034,0.066724,0.933242
GGTTACCACCCTCGGG-1,0.000028,0.005899,0.994073
GGTTACCCGACACTTT-1,0.000039,0.014045,0.985916
GGTTACCGCTCCCTAC-1,0.000065,0.03588,0.964054
GGTTAGCTATATGTCT-1,0.027144,0.000065,0.972791
GGTTAGGCTTGGAGAA-1,0.000027,0.028496,0.971478
GGTTAGGGATGCTAAT-1,0.000049,0.018091,0.981861
GGTTAGTTACGGCGCC-1,0.000049,0.254645,0.745306
GGTTCCACCCGCTTCT-1,0.000044,0.047487,0.95247
GGTTCCCTAGTGTCTC-1,0.000035,0.027841,0.972124
GGTTCCGTACGACTAA-1,0.000029,0.031859,0.968112
GGTTCGATGCTGAGTT-1,0.000034,0.046955,0.953012
GGTTCGCATTTGCCGT-1,0.00036,0.079159,0.920481
GGTTCGGATTATACTA-1,0.000131,0.412684,0.587185
GGTTCTACTCGTCTGA-1,0.000031,0.000031,0.999937
GGTTGTATCGTGAAAT-1,0.764101,0.235186,0.000713
GGTTGTGTAGCCTGGC-1,0.000045,0.191319,0.808636
GGTTTAATTACCATCG-1,0.000031,0.033601,0.966368
GGTTTAATTGAGCAGG-1,0.004488,0.000039,0.995473
GGTTTACAATCTCAAT-1,0.038146,0.000025,0.961829
GGTTTAGCCTTTCTTG-1,0.000431,0.000431,0.999138
GGTTTCAATCGGTCAG-1,0.006352,0.00002,0.993629
GGTTTGACAAGAAGCT-1,0.000027,0.00341,0.996562
GGTTTGAGTGCTGGAA-1,0.000061,0.187451,0.812488
GGTTTGCGAACACGTA-1,0.00001,0.000273,0.999717
GGTTTGTGACCTGAGG-1,0.001961,0.001961,0.996078
GTAACAACTGACCTTG-1,0.000023,0.015685,0.984292
GTAACAGGTTAACGGC-1,0.000048,0.025616,0.974336
GTAACATCAGCTCATC-1,0.000028,0.000028,0.999944
GTAACATCTAAGATAA-1,0.00007,0.24119,0.75874
GTAACTACGTAGACCT-1,0.000023,0.000023,0.999953
GTAACTGCCCAAGGAG-1,0.000021,0.019592,0.980387
GTAACTTGCGGCAGTC-1,0.000081,0.388751,0.611168
GTAAGCGGGCAGTCAG-1,0.002481,0.000025,0.997495
GTAAGGATTTGTCGGA-1,0.009802,0.014919,0.975279
GTAAGTAACAGTCTGG-1,0.000019,0.000019,0.999961
GTAAGTAGGGTATACC-1,0.000021,0.00994,0.990039
GTAAGTCCACACTCTA-1,0.012467,0.006116,0.981417
GTAATAAAGGGCTCCC-1,0.002435,0.002855,0.99471
GTAATCTGATTCTTCG-1,0.00004,0.006222,0.993738
GTACACTTACCTGAAG-1,0.000029,0.066971,0.933
GTACAGAGGCAAGGGT-1,0.000023,0.063674,0.936302
GTACGACGGCGCTGCG-1,0.106515,0.785803,0.107682
GTACGAGATTGCGACA-1,0.002014,0.000031,0.997955
GTACGCTTCATTGCAC-1,0.000055,0.04729,0.952655
GTACGTCACGTATTAA-1,0.000029,0.020492,0.979479
GTACGTTTGCCCGTCA-1,0.00223,0.64729,0.35048
GTACTAAGATTTGGAG-1,0.000027,0.01304,0.986932
GTACTACGGCCTCGTT-1,0.000372,0.054784,0.944844
GTACTCCCTTATCGCT-1,0.000009,0.002388,0.997603
GTACTCCTGGGTATGC-1,0.000038,0.065989,0.933973
GTACTGAGGTCGTAAC-1,0.000057,0.170557,0.829386
GTACTGCATGAAGCGT-1,0.000078,0.384885,0.615037
GTACTGGAGTTAGACC-1,0.010805,0.020753,0.968442
GTACTTGGGCACTTCT-1,0.000073,0.192321,0.807605
GTAGAAACGGGTGGAG-1,0.011543,0.648976,0.339482
GTAGACAACCGATGAA-1,0.000036,0.212658,0.787306
GTAGACACGCCTGACT-1,0.222782,0.00003,0.777188
GTAGACGTCGTTACAT-1,0.003152,0.183828,0.813019
GTAGAGGGAGACAAGT-1,0.000034,0.030629,0.969337
GTAGCCAAACATGGGA-1,0.00001,0.000287,0.999703
GTAGCGCTGTTGTAGT-1,0.000071,0.433081,0.566848
GTAGCGGCTATACACT-1,0.000028,0.053157,0.946815
GTAGCTAGTAAGCGCG-1,0.000038,0.033682,0.966281
GTAGCTCCGGGAGGCT-1,0.000027,0.013592,0.98638
GTAGCTTCCTCTTGTT-1,0.000024,0.008645,0.991331
GTAGGTGATCCGTGTA-1,0.000029,0.029482,0.970489
GTAGTCGCGGGAATCA-1,0.002108,0.000035,0.997856
GTAGTCTACGATATTG-1,0.006373,0.000085,0.993542
GTAGTGAGCAACCTCA-1,0.015252,0.202492,0.782256
GTAGTTAGACAATATA-1,0.000024,0.000024,0.999952
GTAGTTCGAAGGCGAA-1,0.000018,0.033107,0.966875
GTAGTTTAAGCACACG-1,0.000013,0.0002,0.999787
GTATAGGACTCAGTAG-1,0.000035,0.010092,0.989872
GTATAGTGGCCCATGT-1,0.000019,0.004636,0.995346
GTATCAAACGTTAGCT-1,0.000962,0.000962,0.998076
GTATCAAGGTACTTCC-1,0.000069,0.003732,0.996199
GTATCAGCTTGGGTTC-1,0.00003,0.00003,0.999939
GTATCCTTTGGTAACC-1,0.02223,0.00101,0.976759
GTATCTCAGTCTTGAC-1,0.032331,0.03623,0.931439
GTATCTCCCTAACTGT-1,0.227612,0.469125,0.303263
GTATCTCGGGCGCTTT-1,0.000035,0.000035,0.99993
GTATCTTGTTGCTCAC-1,0.989758,0.009689,0.000553
GTATCTTTCATAACCA-1,0.076899,0.307377,0.615725
GTATGAAATTTCACTC-1,0.000022,0.032627,0.967351
GTATGTGGGTCTAGTT-1,0.000037,0.000037,0.999926
GTATTAAGGCGTCTAA-1,0.000049,0.279429,0.720522
GTATTAGGGTTCGCGT-1,0.000038,0.000038,0.999923
GTATTCTGAGAAACGA-1,0.000014,0.000014,0.999972
GTATTCTTACCGTGCT-1,0.089716,0.669572,0.240712
GTATTTAATGGCATAA-1,0.016919,0.107531,0.87555
GTCAAAGAAGTGGTGT-1,0.000015,0.0033,0.996686
GTCAAAGTTTACATAG-1,0.408435,0.472294,0.119271
GTCAACCAGGCCTATA-1,0.005853,0.042025,0.952123
GTCAAGCGGACTCGGG-1,0.002391,0.00003,0.997579
GTCAATGCTATAATTT-1,0.00204,0.001345,0.996615
GTCAATTGTACTGAAG-1,0.311108,0.335258,0.353634
GTCACAAAGTTTCCAA-1,0.011186,0.015501,0.973313
GTCACCTGTCTATGTC-1,0.000021,0.118918,0.881061
GTCACTCATGAGCGAT-1,0.000074,0.104546,0.89538
GTCACTCTCCAAATCT-1,0.000013,0.000013,0.999974
GTCAGAATAGTCTATG-1,0.002949,0.026439,0.970613
GTCAGTTGTGCTCGTT-1,0.000036,0.070119,0.929845
GTCAGTTTGGTAGTCG-1,0.000118,0.374081,0.6258
GTCATCCCAAACTCAC-1,0.00003,0.049179,0.950791
GTCATGCACCTCCGTT-1,0.00003,0.000645,0.999325
GTCATGCGCGAGGGCT-1,0.000578,0.000578,0.998844
GTCATGGACATGACTA-1,0.000034,0.000034,0.999932
GTCATTAGAGCGAACG-1,0.000017,0.000017,0.999965
GTCATTGCATTGACCC-1,0.000053,0.156932,0.843015
GTCCAATATTTAGCCT-1,0.000073,0.000073,0.999855
GTCCACGTCGCATTCG-1,0.029229,0.001429,0.969342
GTCCAGGCACGTGTGC-1,0.000043,0.091673,0.908283
GTCCATTACTGCTACG-1,0.000068,0.000068,0.999865
GTCCCAACGTAAAGTA-1,0.046951,0.001062,0.951987
GTCCCAATCATCCCGC-1,0.000405,0.20625,0.793345
GTCCCGCGACGTTATG-1,0.000079,0.000079,0.999841
GTCCGAGAGCAATCAT-1,0.000024,0.505105,0.494871
GTCCGGACCTGAAATT-1,0.013739,0.000074,0.986187
GTCCGGCTGAATTGCG-1,0.000022,0.000304,0.999674
GTCCGGGTTCACATTA-1,0.000058,0.005482,0.99446
GTCCGTTAGAGGGCCT-1,0.000201,0.000201,0.999597
GTCCTACAGGCGGCTC-1,0.002076,0.997771,0.000153
GTCCTACGAATAGTCT-1,0.000323,0.000323,0.999355
GTCCTACTCTACGGGC-1,0.000047,0.093423,0.90653
GTCCTAGGATACCTTA-1,0.000035,0.017926,0.982039
GTCCTTCTAGTGGGTT-1,0.000049,0.151707,0.848245
GTCCTTTAATGACTTC-1,0.000039,0.015591,0.98437
GTCGAATTTGGGCGCT-1,0.000026,0.004158,0.995816
GTCGATAGGTGACTTT-1,0.00023,0.144723,0.855047
GTCGCCGTTGTGTGTT-1,0.002657,0.000029,0.997314
GTCGCGTAACCCGTTG-1,0.015286,0.009414,0.9753
GTCGGAAGGATACCAG-1,0.000018,0.000018,0.999964
GTCGGATATCTCAGAC-1,0.005281,0.085275,0.909443
GTCGGATGTAGCGCGC-1,0.000027,0.000027,0.999946
GTCGGGAACATGGTAG-1,0.000059,0.708078,0.291863
GTCGGGAAGCAGAAAC-1,0.000034,0.000034,0.999932
GTCGGGTGAAGTACCG-1,0.011675,0.054158,0.934168
GTCGTACCATCTCGGG-1,0.001977,0.031028,0.966994
GTCGTACCTACGATTG-1,0.000095,0.181492,0.818414
GTCGTATTGGCGTACA-1,0.000042,0.032387,0.967571
GTCGTCAATTATAAGG-1,0.000046,0.213908,0.786046
GTCGTCTGGTTGGCTA-1,0.002544,0.041728,0.955727
GTCGTGTCTGGTCATC-1,0.000134,0.000134,0.999731
GTCGTTATTCGCTTAT-1,0.000024,0.000024,0.999953
GTCTAAGATGCCCAGC-1,0.000022,0.034803,0.965175
GTCTACTCAATTACAA-1,0.000041,0.094569,0.90539
GTCTAGTGAGCCGCTT-1,0.001124,0.001124,0.997752
GTCTATACACGCATGG-1,0.01624,0.007819,0.975942
GTCTATCTGAGTTTCT-1,0.000035,0.046379,0.953587
GTCTATTGCATGCTCG-1,0.000125,0.00224,0.997636
GTCTATTGGTTCCGGT-1,0.000117,0.000117,0.999765
GTCTCAAGGCCCGGCT-1,0.00002,0.047053,0.952927
GTCTCCCGAGTCCCGT-1,0.039423,0.103086,0.857491
GTCTCCGCCTCAATAC-1,0.000024,0.018371,0.981605
GTCTCCTGCCAGTATG-1,0.000039,0.056237,0.943724
GTCTCGACTAAGTTTG-1,0.000036,0.043973,0.955991
GTCTCGATCTGCTTTC-1,0.005451,0.023647,0.970902
GTCTCGCCAACACGCC-1,0.000058,0.284193,0.715749
GTCTGCCGACTCGACG-1,0.001075,0.001076,0.997849
GTCTGGGCGGTCGAGA-1,0.000027,0.023259,0.976714
GTCTGTAGGTTGAACA-1,0.023242,0.01022,0.966538
GTCTTACCACGCCAAG-1,0.008376,0.000302,0.991322
GTCTTAGTACAGCCGG-1,0.003685,0.01203,0.984286
GTCTTGAGGAGCAGTG-1,0.003699,0.000016,0.996285
GTCTTGTAGCTATTCA-1,0.000408,0.000408,0.999183
GTGAAACGGCGCCACC-1,0.005756,0.000028,0.994217
GTGAAACGTGCTCCAC-1,0.000059,0.40969,0.590251
GTGAACTCCCATTCGA-1,0.000013,0.000013,0.999973
GTGAAGATTTCAAGTG-1,0.000033,0.000033,0.999934
GTGAAGCCGTATAGTC-1,0.001654,0.008188,0.990158
GTGAAGTCACGACTCG-1,0.000041,0.146305,0.853654
GTGACAGCTTCCCACT-1,0.000051,0.00243,0.997519
GTGACCGCACACTACG-1,0.015143,0.000037,0.98482
GTGACCTAAAGAATAA-1,0.000913,0.00813,0.990957
GTGACGAGGGTGACCC-1,0.000033,0.000033,0.999934
GTGACGCAGGTTTCAT-1,0.004198,0.000075,0.995726
GTGACTTCAGTAGTGC-1,0.000023,0.004451,0.995526
GTGAGATAACCTTATA-1,0.000035,0.01547,0.984495
GTGAGCGTGCTGCACT-1,0.000032,0.012182,0.987785
GTGAGGACACTTAAGG-1,0.000023,0.000874,0.999103
GTGAGGAGCGGTTGAG-1,0.000037,0.007476,0.992486
GTGAGTCGACTAATAG-1,0.000223,0.259408,0.74037
GTGAGTCTAAGACGGA-1,0.228725,0.445488,0.325787
GTGAGTGGTACAACGC-1,0.00002,0.053036,0.946943
GTGATCAAGCGTGCAC-1,0.000031,0.000031,0.999938
GTGATCACTAACGCCT-1,0.007488,0.055092,0.93742
GTGATCATAGATCTGC-1,0.008202,0.117068,0.87473
GTGATCCTTGTCATGA-1,0.010444,0.000568,0.988988
GTGATGCACAACATCT-1,0.000029,0.000082,0.999889
GTGATTCGCCGCTCAA-1,0.000028,0.07289,0.927082
GTGCAACAAATGTGGC-1,0.000017,0.009176,0.990807
GTGCACCAGCTTCAAC-1,0.000045,0.011214,0.988741
GTGCACGAAAGTGACT-1,0.000021,0.012005,0.987974
GTGCAGCGTAGAGTAG-1,0.000039,0.07476,0.925201
GTGCCAAACGTTTCGA-1,0.000035,0.02104,0.978925
GTGCCATCACACGGTG-1,0.000035,0.000035,0.999931
GTGCCCGTTCGGATTC-1,0.000043,0.000043,0.999915
GTGCCGCTTCAAAGGT-1,0.000025,0.000025,0.99995
GTGCCTCAGTGTACGG-1,0.000026,0.000026,0.999948
GTGCCTGAGACCAAAC-1,0.000962,0.072959,0.926079
GTGCGAAATCGAACAC-1,0.000026,0.000026,0.999948
GTGCGACAGGGAGTGT-1,0.000017,0.000017,0.999966
GTGCGGGTCTCCAAAT-1,0.00001,0.00001,0.99998
GTGCGTGTATATGAGC-1,0.000032,0.000032,0.999936
GTGCTATCCAGCTGGA-1,0.000025,0.000025,0.99995
GTGCTCAAGTACTGTC-1,0.331564,0.034222,0.634214
GTGCTGCAGATAAGGA-1,0.000042,0.270974,0.728984
GTGCTGTTAGAACATA-1,0.009632,0.080253,0.910115
GTGCTTACATCAGCGC-1,0.004019,0.038427,0.957553
GTGGAACCTACATGCG-1,0.000048,0.055946,0.944006
GTGGACCAACCCGATT-1,0.000014,0.000715,0.999272
GTGGACGCATTTGTCC-1,0.000044,0.015662,0.984293
GTGGACGTGCTGAGAC-1,0.003701,0.058838,0.937461
GTGGAGCATGTCGGCC-1,0.006588,0.009958,0.983454
GTGGAGCGTTTACCGA-1,0.00002,0.030856,0.969124
GTGGAGTCGGCGGTTG-1,0.001661,0.038843,0.959496
GTGGCAAACAGCGGCA-1,0.004037,0.034111,0.961851
GTGGCCGGTTTCTCGG-1,0.002689,0.074904,0.922407
GTGGCGGGCCGTAGCT-1,0.000048,0.265362,0.73459
GTGGCGGTCCCAGCGT-1,0.000028,0.02175,0.978222
GTGGCGTGCACCAGAG-1,0.000046,0.013575,0.986379
GTGGCTGTTTCTGTTC-1,0.001429,0.001429,0.997142
GTGGGAACAAACCGGG-1,0.000011,0.000011,0.999978
GTGGGAAGACTGAATC-1,0.000011,0.036369,0.963619
GTGGGCTTAGACACAC-1,0.000022,0.005491,0.994486
GTGGGTACTGAGCGTA-1,0.00007,0.107972,0.891958
GTGGGTCTTCTTTGCG-1,0.000112,0.917356,0.082532
GTGGTATAGTCTGCCG-1,0.000031,0.000125,0.999844
GTGGTCAGCGAAGTAT-1,0.000017,0.000017,0.999966
GTGGTGATGGTTTGTG-1,0.000146,0.27534,0.724513
GTGGTGGCCAAGTGAA-1,0.001163,0.003439,0.995398
GTGGTTACTTCTTTCG-1,0.00002,0.00002,0.999959
GTGGTTTCCGCCTTTC-1,0.000075,0.012474,0.987451
GTGTACCTTGGCTACG-1,0.013002,0.000027,0.986971
GTGTACGAACCGTTCC-1,0.001911,0.019666,0.978423
GTGTATATCAGCGGGC-1,0.000034,0.000034,0.999931
GTGTCAGTGTACGTGG-1,0.000052,0.000052,0.999897
GTGTCCGATAAGGCAT-1,0.011436,0.000018,0.988545
GTGTCGTATAGCGTTC-1,0.000054,0.029706,0.97024
GTGTCGTATTCACCTT-1,0.000041,0.11641,0.883549
GTGTGAATAACTTAGG-1,0.001924,0.019961,0.978114
GTGTTACTATGCGTCC-1,0.000033,0.061011,0.938955
GTTAAAGTAGGACTGG-1,0.000042,0.000042,0.999915
GTTAACATCACTTAAA-1,0.00187,0.011178,0.986952
GTTAACTATGTTGTCA-1,0.00036,0.031838,0.967803
GTTAAGGGTGCGATGT-1,0.008056,0.000024,0.99192
GTTAAGTTAGAGTGGG-1,0.007203,0.000014,0.992782
GTTAATGTCTATCTTA-1,0.000093,0.405659,0.594248
GTTACAATTGGTGACG-1,0.000024,0.000687,0.999288
GTTACCAAGGCGTACG-1,0.000308,0.204588,0.795104
GTTACCTACAACTTGC-1,0.130985,0.42824,0.440775
GTTACTTTGGGCCTAG-1,0.000037,0.000037,0.999926
GTTAGAGTGTGCCGCT-1,0.000041,0.000147,0.999812
GTTAGCCCATGACATC-1,0.00007,0.00007,0.99986
GTTAGCCGTAAATCAA-1,0.000948,0.000019,0.999033
GTTAGGCTACCCGTTT-1,0.008756,0.460414,0.53083
GTTATAATACGGTGAA-1,0.014507,0.000568,0.984925
GTTATATCAGGAGCCA-1,0.000055,0.036952,0.962993
GTTATATTATCTCCCT-1,0.000051,0.081575,0.918374
GTTATCAAGCTATCGA-1,0.015591,0.000181,0.984228
GTTATCACCTTCTGAA-1,0.00641,0.347528,0.646062
GTTATTAAATACGACC-1,0.000028,0.075582,0.92439
GTTATTAACGTGGGAG-1,0.000071,0.372986,0.626943
GTTCAATCTATGTCAA-1,0.000023,0.034935,0.965042
GTTCACAGGAGTCTAG-1,0.000016,0.084968,0.915016
GTTCAGTCGCCAAATG-1,0.002728,0.000027,0.997245
GTTCATCGTTTGGCTG-1,0.008541,0.005468,0.98599
GTTCCAGTCTGACCAT-1,0.002162,0.000026,0.997812
GTTCCCGTAAACATAT-1,0.000208,0.178972,0.82082
GTTCCGTCCGCCTGCA-1,0.000045,0.020725,0.97923
GTTCGACAATTGTATA-1,0.000031,0.000031,0.999939
GTTCGCCATAAGTGCC-1,0.034228,0.021392,0.94438
GTTCGCTGAGACGTCT-1,0.000223,0.000223,0.999554
GTTCGGAGCACTCAAC-1,0.018667,0.090009,0.891324
GTTCGGATCGGGAACA-1,0.000116,0.054992,0.944892
GTTCGGGCGTACCATT-1,0.000026,0.002537,0.997436
GTTCGTCTAAAGAACT-1,0.003281,0.03091,0.96581
GTTCGTCTGGGTCCCT-1,0.000034,0.000034,0.999932
GTTCTTCCCTCGATGT-1,0.000028,0.057405,0.942567
GTTCTTGTAACTCAAT-1,0.000037,0.014876,0.985087
GTTGAACCGGTTCCAT-1,0.000014,0.000014,0.999971
GTTGAGTCCCGCCGGT-1,0.011661,0.052569,0.93577
GTTGCACGGAGTTTCG-1,0.001553,0.000038,0.998409
GTTGCCCTAACGGGTG-1,0.000013,0.000013,0.999973
GTTGCGCTAACATTAC-1,0.010391,0.017513,0.972096
GTTGCGGACGGTCAGG-1,0.017375,0.01248,0.970145
GTTGGACCGCATCAGG-1,0.003644,0.00005,0.996306
GTTGGATTCAGTGGCT-1,0.000053,0.000053,0.999895
GTTGGATTGAGAACAC-1,0.000014,0.001563,0.998422
GTTGGATTTGCGTTGG-1,0.169366,0.000055,0.830579
GTTGGTCATGCTATCC-1,0.000065,0.000065,0.999869
GTTGTAGATTTATGAG-1,0.000053,0.000053,0.999894
GTTGTCGTGTTAGTTG-1,0.005162,0.25353,0.741308
GTTGTTACATTGCGCT-1,0.000046,0.009825,0.99013
GTTGTTGCAAGATGGC-1,0.002461,0.203904,0.793635
GTTTACGTTCCATCTG-1,0.014581,0.198481,0.786938
GTTTCAAACGAGTTGT-1,0.007338,0.034009,0.958653
GTTTCATATCGTCGCT-1,0.000018,0.012771,0.987211
GTTTCCTGGAGGGTGA-1,0.000012,0.025389,0.974599
GTTTCTAGAGGCGCGG-1,0.002565,0.002565,0.994871
GTTTCTGCAGTCTCCC-1,0.000038,0.032961,0.967001
GTTTCTTGTTAGAGCT-1,0.000089,0.175969,0.823943
GTTTGACCAAATCCTA-1,0.000011,0.005453,0.994536
GTTTGGCCCAAGTTAT-1,0.006199,0.000041,0.99376
GTTTGGCCGCTCAGCG-1,0.774322,0.196532,0.029146
GTTTGGCGTCAGGCAC-1,0.000043,0.000043,0.999914
GTTTGGGCTTGTGAGC-1,0.000056,0.085916,0.914028
GTTTGGGTTTCGCCCG-1,0.055696,0.112242,0.832062
GTTTGGTAGGGTCAAC-1,0.000046,0.026186,0.973769
GTTTGGTGATCGGTGC-1,0.000036,0.049427,0.950537
GTTTGTTAGCCAAGTA-1,0.00008,0.162241,0.837679
TAAACCCAGGAGGGCA-1,0.00002,0.029916,0.970064
TAAAGACAACCCTTTA-1,0.000014,0.015977,0.98401
TAAAGAGCCCGAAACC-1,0.00004,0.24588,0.754081
TAAAGCGGTATTTCCA-1,0.023128,0.044982,0.93189
TAAAGCGTTAGGAGAA-1,0.006524,0.043519,0.949958
TAAAGCTGCAATAGGG-1,0.000028,0.001233,0.998739
TAAAGGAGAAACTAGT-1,0.000048,0.244522,0.755431
TAAAGTGCACGTCTCG-1,0.007095,0.032443,0.960462
TAAATCTTTACACCTC-1,0.001417,0.003093,0.99549
TAAATGAATCCGTTTC-1,0.000023,0.146742,0.853234
TAAATGCCGTCTCATG-1,0.000025,0.000315,0.99966
TAAATTGTGGGTAAAG-1,0.128585,0.049893,0.821522
TAAATTTAGTAACACC-1,0.000024,0.056247,0.943729
TAACAAAGGGAGAAGC-1,0.000025,0.0204,0.979575
TAACAATATTTGTTGC-1,0.000058,0.295932,0.70401
TAACAGCGTTTGTGCT-1,0.000032,0.002266,0.997701
TAACAGGTTCCCTTAG-1,0.000015,0.000015,0.999969
TAACATACAATGTGGG-1,0.000028,0.158583,0.841389
TAACATACACGCGATC-1,0.000017,0.000017,0.999965
TAACCGCCCGCAGTGC-1,0.000049,0.242762,0.757189
TAACCGTCCAGTTCAT-1,0.000277,0.731121,0.268602
TAACCTACCGTCCGAG-1,0.005111,0.000036,0.994853
TAACCTAGGGAGTCCA-1,0.015898,0.000841,0.983262
TAACGCTTTGAGAGCG-1,0.000036,0.001418,0.998547
TAACTATCGAAGGTCC-1,0.000009,0.012179,0.987812
TAACTATTACGCCAAA-1,0.001271,0.002486,0.996243
TAACTCATCCGCGCGG-1,0.005272,0.023574,0.971154
TAACTCCATGGAGGCT-1,0.000072,0.272695,0.727233
TAACTGAAATACGCCT-1,0.000022,0.077529,0.922449
TAAGAGGGACAGGGAC-1,0.000015,0.018754,0.981231
TAAGCAGGCGACACGC-1,0.039131,0.080571,0.880297
TAAGCCCTTACGACCA-1,0.000034,0.021444,0.978522
TAAGCGCGAATCAAAT-1,0.000022,0.004806,0.995172
TAAGGAACTTGTGGGA-1,0.000041,0.187104,0.812856
TAAGGCAACATAAGAT-1,0.000021,0.013918,0.986062
TAAGGCATAACATCAA-1,0.000028,0.043145,0.956827
TAAGGCCCGTCACCCT-1,0.008446,0.017884,0.973669
TAAGGCTGAATCCCTC-1,0.015248,0.000074,0.984678
TAAGGGCCTGTCCGAT-1,0.000503,0.000503,0.998995
TAAGGGCTGGGAGAGG-1,0.049832,0.096644,0.853524
TAAGTAAATGTGCCGC-1,0.001207,0.000007,0.998787
TAAGTAACATCTTGAC-1,0.000021,0.010736,0.989243
TAAGTCGCCGAGTATC-1,0.000033,0.012203,0.987765
TAAGTGAATAGTCTAC-1,0.000024,0.000024,0.999953
TAAGTTGCGACGTAGG-1,0.000488,0.370123,0.629389
TAATAAACAAGGAGAT-1,0.001401,0.000028,0.998571
TAATACACAGTAGTAT-1,0.000018,0.000018,0.999965
TAATACTAGAACAGAC-1,0.02783,0.236173,0.735997
TAATAGAACAGAGTTA-1,0.000024,0.000459,0.999517
TAATAGCTAAATGATG-1,0.00001,0.008942,0.991048
TAATAGGTCACCAGAA-1,0.000023,0.034374,0.965602
TAATAGTGACGACCAG-1,0.006151,0.000042,0.993807
TAATATTGAAATTCGC-1,0.001847,0.006325,0.991827
TAATCAACCAAATGGG-1,0.000047,0.134372,0.865582
TAATCAGGAATGCTGC-1,0.000043,0.072746,0.927211
TAATCGATCCGTACGT-1,0.999464,0.0004,0.000136
TAATGAAAGACCCTTG-1,0.013898,0.353511,0.63259
TAATGTCGGTTCATGG-1,0.000036,0.007812,0.992151
TAATTACGTCAGTAGA-1,0.003334,0.003334,0.993332
TAATTAGATGGATATG-1,0.367798,0.568702,0.0635
TAATTAGGACATCCGT-1,0.000096,0.000096,0.999808
TAATTCCAATGCTTCA-1,0.000521,0.105607,0.893872
TAATTGCGCTGATTAC-1,0.000056,0.037846,0.962098
TAATTGGAATCGGGAA-1,0.000037,0.008821,0.991142
TACAAATTGCGGAGGT-1,0.000048,0.124437,0.875515
TACAACAGCGCATACA-1,0.024256,0.026372,0.949372
TACAACGCACAACTCA-1,0.000023,0.006132,0.993845
TACAAGCTGTTCACTG-1,0.649155,0.350365,0.00048
TACAAGGGCTTCTTTA-1,0.001786,0.177403,0.820811
TACAAGTCTCGTGCAT-1,0.000821,0.000007,0.999172
TACACAGCCGTGGTGC-1,0.0001,0.013742,0.986158
TACACCGTCGTTAGTC-1,0.000034,0.003114,0.996852
TACACCTCTTCGAATC-1,0.00115,0.00115,0.997701
TACAGAAACGGTGGGC-1,0.00061,0.188676,0.810713
TACATAGGCATACACC-1,0.000048,0.013149,0.986802
TACATCCCTATCCCTG-1,0.000035,0.115945,0.88402
TACATGCCGGAATTGT-1,0.005066,0.044298,0.950636
TACATTTCTAACGTGC-1,0.000043,0.000043,0.999914
TACCAAATAGCCCAGA-1,0.000029,0.064858,0.935113
TACCAATAAAGTACCA-1,0.00005,0.00005,0.9999
TACCAGAAGTAGGTTC-1,0.000043,0.067508,0.932449
TACCAGCTAGGTTTAA-1,0.000028,0.03016,0.969813
TACCAGGAATCCCGTC-1,0.00003,0.000423,0.999547
TACCATGTATTGATTT-1,0.00005,0.068306,0.931644
TACCGAATAATTGTAA-1,0.000429,0.000429,0.999141
TACCGCGGACTTGCAG-1,0.000029,0.088507,0.911464
TACCGGCTCACTGCCC-1,0.031151,0.067221,0.901629
TACCGGTCGTTTCCAT-1,0.000037,0.000037,0.999927
TACCGTAGGTTAACTA-1,0.000052,0.000052,0.999897
TACCGTGCCTCGGACC-1,0.000015,0.003521,0.996465
TACCTACTCCCAGTAT-1,0.000942,0.000015,0.999043
TACCTCACGCTTGTAC-1,0.000031,0.019322,0.980647
TACCTCAGTTGTCTGT-1,0.004164,0.026991,0.968846
TACCTCCACACCAATG-1,0.000025,0.001969,0.998006
TACCTCTTTACCATCC-1,0.000186,0.304956,0.694858
TACCTGCTGCACTGTG-1,0.00005,0.129302,0.870647
TACCTTAAGATTTCCC-1,0.00003,0.015042,0.984928
TACGAACACGACTTCA-1,0.00002,0.006452,0.993527
TACGACGCTTGCTGCG-1,0.000041,0.040191,0.959768
TACGACTGCCTCTTAG-1,0.022522,0.124792,0.852686
TACGAGAACTTCACGT-1,0.00002,0.076608,0.923372
TACGATCCAAGCCACT-1,0.000035,0.000035,0.999929
TACGATGTTGATCATC-1,0.000031,0.01237,0.987599
TACGCAGTTCTTTCCT-1,0.000036,0.000036,0.999927
TACGCCATATTCTAAT-1,0.0056,0.048603,0.945797
TACGCCGAGGGTACCC-1,0.000019,0.008414,0.991567
TACGCCGCCTCAGAAG-1,0.00002,0.060008,0.939972
TACGCCTCCATTCCGA-1,0.000052,0.008043,0.991905
TACGCTATAGAAACCT-1,0.187367,0.000015,0.812618
TACGCTCCTAGAACTG-1,0.003394,0.000021,0.996585
TACGCTCGGTATTGGA-1,0.006465,0.047993,0.945541
TACGCTGATAGTTGTA-1,0.000029,0.06724,0.93273
TACGCTGCACGGTCGT-1,0.000355,0.000355,0.99929
TACGCTGCTGTGTTAA-1,0.00003,0.025919,0.974052
TACGGAAGCCAAACCA-1,0.000058,0.000058,0.999884
TACGGCATGGACGCTA-1,0.00069,0.00069,0.99862
TACGGGATGCTAGCAG-1,0.059934,0.00006,0.940007
TACGGGTAATAACATA-1,0.001667,0.001667,0.996666
TACGTAAAGCGGAGTG-1,0.010143,0.000752,0.989105
TACGTACTAGTGCTGA-1,0.000048,0.026427,0.973525
TACGTGCAAGGTTCCT-1,0.003208,0.016698,0.980094
TACGTGCACTATGCTG-1,0.000018,0.023131,0.97685
TACGTGGGCCCAGGGC-1,0.000453,0.02414,0.975407
TACGTTTACCGGCAAT-1,0.000039,0.011374,0.988586
TACTACGTGCAATGCG-1,0.001177,0.189793,0.80903
TACTATGGTTCCTCAG-1,0.002824,0.000764,0.996412
TACTCCTCTAGTTGAC-1,0.00003,0.023761,0.976209
TACTCGGCACGCCGGG-1,0.000033,0.052213,0.947754
TACTCGTTTGAATCAA-1,0.000355,0.000355,0.999291
TACTCTCCGAACAAAT-1,0.001248,0.000026,0.998725
TACTCTTACTTTACTG-1,0.037517,0.125603,0.83688
TACTCTTTCGTCTTCA-1,0.000038,0.007373,0.992589
TACTGAACAGATTTAG-1,0.02397,0.000127,0.975903
TACTGAGGGAAGAAAG-1,0.000046,0.192364,0.80759
TACTGCAATCAATTAC-1,0.000025,0.000224,0.999751
TACTGCATGATTAAAT-1,0.000051,0.028004,0.971945
TACTGGACAGCTCGGC-1,0.00154,0.000024,0.998436
TACTGTTTCTCTGGTA-1,0.000049,0.020792,0.979159
TACTTAAACATGTACA-1,0.014882,0.073871,0.911248
TACTTGTTAGTAGTCC-1,0.208668,0.00003,0.791302
TACTTTACTGAGCCGG-1,0.000022,0.028558,0.971419
TACTTTCCGCACGCCA-1,0.000014,0.016775,0.983211
TAGAAACCACTAAGTA-1,0.000018,0.007841,0.992142
TAGAAAGGTGGCGCTA-1,0.000034,0.062851,0.937115
TAGAAATTCACGTATA-1,0.000062,0.234317,0.765621
TAGAATAGCCGATGAA-1,0.002942,0.002942,0.994117
TAGAATTAAGGGCAAC-1,0.000016,0.000016,0.999968
TAGACGAAACGCCAAT-1,0.004063,0.000025,0.995912
TAGACGCCCGTACCGG-1,0.001737,0.000695,0.997568
TAGACTACCTAGCGTT-1,0.005353,0.00006,0.994586
TAGACTCAGTTGGCCT-1,0.000048,0.028154,0.971798
TAGAGATCATGCAACT-1,0.000025,0.013554,0.986421
TAGAGCTACGAAGAAC-1,0.000017,0.004625,0.995358
TAGAGGGAGTTTATCT-1,0.000035,0.000035,0.99993
TAGAGGTTCTACTTGT-1,0.001352,0.001352,0.997297
TAGAGTCTAAGCGAAC-1,0.000017,0.020585,0.979398
TAGAGTGTTCCGGGTA-1,0.007456,0.00021,0.992334
TAGATATGGACTGGAA-1,0.00004,0.03649,0.96347
TAGATCCGAAGTCGCA-1,0.000027,0.000027,0.999945
TAGATGGTTCCTTACT-1,0.000588,0.058178,0.941233
TAGATTCAAAGTGCGG-1,0.000036,0.000036,0.999928
TAGATTCCTGGTTATT-1,0.018784,0.098436,0.88278
TAGCAACCTGTCACAA-1,0.000045,0.163458,0.836497
TAGCAGATACTTAGGG-1,0.035941,0.001924,0.962135
TAGCAGTAAATACGCG-1,0.000029,0.008579,0.991392
TAGCAGTATGACTAAA-1,0.004001,0.004002,0.991998
TAGCCATGATTGCCTA-1,0.000045,0.13553,0.864425
TAGCCATTTCAAAGTC-1,0.018183,0.000051,0.981766
TAGCCGGCGGTCAGCG-1,0.003243,0.011554,0.985203
TAGCGTCCCTCGATTG-1,0.000206,0.068855,0.930939
TAGCGTCCGGTGTGGT-1,0.000028,0.000028,0.999944
TAGCGTTGGGTCTTAC-1,0.000054,0.010218,0.989728
TAGCTAAGTCCGGGAG-1,0.000028,0.042838,0.957134
TAGCTAGAAGGCATGA-1,0.000019,0.002098,0.997882
TAGCTAGTGATGATGG-1,0.000036,0.02697,0.972994
TAGCTCAGATCCTAGT-1,0.000024,0.001984,0.997992
TAGCTCGCCTGATAAC-1,0.010476,0.042463,0.947061
TAGCTGATGTGAAGCG-1,0.000051,0.157469,0.84248
TAGGAACAGCCTCCAG-1,0.000019,0.000019,0.999961
TAGGAGGCTCGAGAAC-1,0.024927,0.167565,0.807508
TAGGATCTTAACCGCA-1,0.000094,0.000094,0.999813
TAGGCATGTTACGCCA-1,0.002428,0.000047,0.997525
TAGGCCTATATAGTCT-1,0.000073,0.062176,0.937751
TAGGCGATGAGGTCTC-1,0.00001,0.00001,0.99998
TAGGCGGCTGCAAAGA-1,0.000012,0.026279,0.973709
TAGGCTAAAGTGGCAC-1,0.002223,0.002223,0.995555
TAGGGAGCTTGGGATG-1,0.086949,0.008569,0.904482
TAGGGTGTTTCAAGAG-1,0.000036,0.040825,0.959139
TAGGTCCAAGTAAGGA-1,0.000036,0.11747,0.882494
TAGGTCGCCGGAACTG-1,0.001178,0.00023,0.998592
TAGGTGACGATAACCT-1,0.000101,0.000101,0.999799
TAGGTGAGCCCTACTC-1,0.000017,0.011721,0.988263
TAGGTGCTCGCCTAGC-1,0.000032,0.000032,0.999937
TAGGTGTTCCACAGAT-1,0.00004,0.012853,0.987107
TAGGTTCGAGTTCGTC-1,0.000021,0.014664,0.985315
TAGGTTCTGCTGAGAA-1,0.00268,0.000051,0.997269
TAGTACCACAACTTTC-1,0.00003,0.027866,0.972104
TAGTACCTTAGTGGTC-1,0.000081,0.199347,0.800571
TAGTAGCTTATACCAG-1,0.000043,0.049022,0.950935
TAGTAGTTGCCGGACA-1,0.000109,0.087523,0.912368
TAGTCCCGGAGACCAC-1,0.00381,0.038413,0.957777
TAGTCCGCAGAGAATG-1,0.000024,0.000024,0.999951
TAGTCCTGCACTAAGC-1,0.000038,0.002386,0.997576
TAGTCGATCACGGGTT-1,0.000182,0.000182,0.999637
TAGTCTAACAACGAGA-1,0.000026,0.032548,0.967426
TAGTCTGCGGCACATT-1,0.000048,0.05274,0.947212
TAGTCTGTGACGTTGC-1,0.005809,0.007116,0.987075
TAGTCTTTCCGAATTG-1,0.000019,0.014563,0.985419
TAGTGCCCTCCAGAGT-1,0.001785,0.000031,0.998183
TAGTGGAACTCATACA-1,0.00005,0.01802,0.981931
TAGTGTCAGAAACGGC-1,0.003884,0.500637,0.495479
TAGTTAAGATAGGATA-1,0.004205,0.006724,0.989072
TAGTTTATTCTTGCTT-1,0.000039,0.00619,0.993771
TAGTTTGATCGGTCGC-1,0.000115,0.271135,0.72875
TATAAATCCACAAGCT-1,0.001199,0.092217,0.906584
TATAAGTGAGGATAGC-1,0.000033,0.010221,0.989747
TATACACAGACGCCTT-1,0.000052,0.029528,0.97042
TATACACGCAAAGTAT-1,0.000035,0.1498,0.850165
TATACCGAGTGCCACA-1,0.003821,0.09743,0.898749
TATACGCGTCATCACT-1,0.000037,0.000037,0.999926
TATACTCATGCGGCAA-1,0.072438,0.874095,0.053467
TATAGAGTCGCTTGAA-1,0.000035,0.000035,0.99993
TATAGATGGTCGCAGT-1,0.000037,0.000037,0.999926
TATAGCGCACGTTATC-1,0.000058,0.1022,0.897742
TATAGCTATTATCTCT-1,0.000122,0.20621,0.793668
TATAGGGTACTCATGA-1,0.00003,0.02608,0.97389
TATAGTTAGGTGTACT-1,0.000037,0.052211,0.947752
TATATAGGGCTTTACG-1,0.00003,0.067197,0.932773
TATATATCGAGAAATG-1,0.000021,0.000021,0.999957
TATATCAAAGTGATCT-1,0.000032,0.031794,0.968173
TATATCCCTGGGAGGA-1,0.005292,0.000034,0.994673
TATATTACAAATGTCG-1,0.002852,0.000034,0.997114
TATATTCGCGTCGATA-1,0.000031,0.025166,0.974803
TATCACAGCACGGGCA-1,0.012234,0.121022,0.866744
TATCACCATGTAAAGT-1,0.000024,0.01316,0.986817
TATCACCCAACCGACC-1,0.054825,0.006899,0.938276
TATCACTTCGAGTAAC-1,0.000042,0.026222,0.973736
TATCAGTGGCGTAGTC-1,0.000053,0.100194,0.899753
TATCCAATTGGTTATC-1,0.000019,0.000019,0.999961
TATCCATATCATGCGA-1,0.000029,0.000029,0.999942
TATCCATCTCGGTTAG-1,0.000013,0.012233,0.987754
TATCCCTCGATCTGCA-1,0.000457,0.000457,0.999087
TATCCGCACCGTCGGG-1,0.000043,0.03852,0.961437
TATCCTATCAACTGGT-1,0.000029,0.000029,0.999942
TATCCTGCATGGGAAT-1,0.00002,0.030666,0.969315
TATCGATCTATGCATA-1,0.000033,0.003958,0.99601
TATCGATGATTAAACG-1,0.003725,0.000027,0.996248
TATCTACAGAGGTAAT-1,0.00796,0.08056,0.91148
TATCTACCACAGCGGG-1,0.000036,0.004887,0.995077
TATCTAGCCTAAAGGA-1,0.000045,0.224317,0.775638
TATCTGAGCCGATATT-1,0.000012,0.000012,0.999976
TATCTTGCAATACAAC-1,0.00001,0.006449,0.993541
TATGAAGAATTAAGGT-1,0.000503,0.158802,0.840695
TATGAAGACAGGTGCG-1,0.004613,0.159234,0.836153
TATGACCTTGCGCTGG-1,0.000076,0.267341,0.732582
TATGATAAATCTAACG-1,0.000018,0.000018,0.999963
TATGATCCGGCACGCC-1,0.000038,0.059554,0.940407
TATGATCTTCTCTTTA-1,0.000369,0.000369,0.999262
TATGCTCCCTACTTAC-1,0.028833,0.000032,0.971135
TATGGAGTTTCTCGTT-1,0.139291,0.518181,0.342528
TATGGATGTGCTACGC-1,0.000025,0.012148,0.987828
TATGGCAGACTTTCGA-1,0.122335,0.340592,0.537073
TATGGCCCGGCCTCGC-1,0.001495,0.001873,0.996633
TATGGCTAGGCTAATT-1,0.000023,0.049064,0.950913
TATGGGACCGAGCAGG-1,0.005881,0.000014,0.994105
TATGGGTACGTATCGT-1,0.000031,0.017195,0.982773
TATGGTCTGAGTAACA-1,0.010715,0.041727,0.947559
TATGGTTAGTGGGAGA-1,0.000076,0.000076,0.999849
TATGTAAAGTGCTTAA-1,0.000027,0.014298,0.985676
TATGTAGAAACCCGGC-1,0.000032,0.080399,0.919569
TATGTCAAGACCGACT-1,0.000017,0.000017,0.999965
TATGTCTCATTGTGCC-1,0.000052,0.047801,0.952147
TATTAACACCAAAGCA-1,0.000013,0.008967,0.991021
TATTAACCTGACCGCG-1,0.000042,0.000042,0.999915
TATTACCATCCTGCTT-1,0.003261,0.005468,0.991271
TATTATGTTTGCCTGC-1,0.000024,0.007694,0.992282
TATTCAATTCTAATCC-1,0.024956,0.015169,0.959875
TATTCCACTCAGCTCG-1,0.000052,0.00943,0.990518
TATTCCGAGCTGTTAT-1,0.028776,0.000153,0.971071
TATTCCGGCAGTCCTA-1,0.000076,0.344508,0.655415
TATTCCTCCGCCCACT-1,0.000029,0.22824,0.771731
TATTCGTGCCAGAATA-1,0.000032,0.069628,0.93034
TATTGACATTTCTGCC-1,0.003944,0.000018,0.996038
TATTGCCGGGCTTGTA-1,0.012684,0.179715,0.8076
TATTTAGTCTAGATCG-1,0.000043,0.000043,0.999914
TATTTATACCGAGTAG-1,0.000064,0.000064,0.999871
TATTTGATTTGCACAG-1,0.000136,0.105969,0.893895
TATTTGTTACCCTTTA-1,0.000052,0.042061,0.957887
TCAAACAACCGCGTCG-1,0.027214,0.001815,0.970971
TCAAACAATTAGGACA-1,0.000013,0.01001,0.989977
TCAAACTTAGATTGTT-1,0.014958,0.027016,0.958026
TCAAAGAGCTATCTGT-1,0.00004,0.042078,0.957882
TCAAAGTCACGGCGTC-1,0.000025,0.006277,0.993699
TCAAATTGTTGTGCCG-1,0.000152,0.000152,0.999696
TCAAATTTGAGACTCA-1,0.000024,0.000024,0.999951
TCAACAAAGATAATTC-1,0.000026,0.002042,0.997932
TCAACACATTGGGTAA-1,0.156623,0.537571,0.305806
TCAACATAGCGCCCTA-1,0.00003,0.009713,0.990256
TCAACATCGACCGAGA-1,0.000012,0.038465,0.961523
TCAACCATGTTCGGGC-1,0.000032,0.037253,0.962715
TCAACGAGGAGACAAA-1,0.00179,0.124382,0.873828
TCAACGCAGGAAATAA-1,0.000022,0.01742,0.982558
TCAACGCGACCGGCAG-1,0.00001,0.011296,0.988694
TCAACTAACGTATAAC-1,0.000028,0.124134,0.875838
TCAACTGCAGAGTCAG-1,0.001099,0.001099,0.997802
TCAAGAAATACTAGCT-1,0.000024,0.000024,0.999951
TCAAGCGCGGACGGTA-1,0.006561,0.058911,0.934528
TCAAGCTGCCTTGAAA-1,0.003113,0.022752,0.974136
TCAAGGTTACTACACC-1,0.000278,0.000278,0.999444
TCAATACGCCGTCATG-1,0.000035,0.000262,0.999704
TCAATATACAGGAGGC-1,0.003053,0.141732,0.855215
TCAATCCCGCGCCAAA-1,0.000301,0.143386,0.856312
TCAATCCGGGAAGTTT-1,0.000277,0.089988,0.909735
TCACAAACCGAGGTAC-1,0.002223,0.002223,0.995555
TCACAGCAAACTCGAA-1,0.000023,0.000023,0.999954
TCACAGGAGAATAAGA-1,0.000031,0.132767,0.867203
TCACAGGGAATCGCAA-1,0.000035,0.000265,0.9997
TCACAGGTTATTGGGC-1,0.000028,0.00034,0.999632
TCACATCTTATCTGAT-1,0.000069,0.217525,0.782406
TCACCCTCTTAAGATT-1,0.000043,0.043207,0.95675
TCACCGCTCGGCACTC-1,0.000021,0.000021,0.999957
TCACGATGTCCGTGGA-1,0.000031,0.008147,0.991821
TCACGATTAATACGTT-1,0.0054,0.218787,0.775813
TCACGCATTGTAGATC-1,0.020883,0.085626,0.893491
TCACGGCCCAAGAGAG-1,0.000012,0.000936,0.999053
TCACGGTCATCGCACA-1,0.00002,0.027607,0.972373
TCACGTGCCCGATTCA-1,0.000039,0.000442,0.999518
TCACTACGACCAATGC-1,0.000026,0.001145,0.998828
TCACTATCCCTTCGGT-1,0.014489,0.175602,0.809909
TCACTCGTGCAACGGC-1,0.000026,0.000026,0.999949
TCAGAACCTCCACAGG-1,0.000017,0.000017,0.999967
TCAGAACGGCGGTAAT-1,0.000196,0.000196,0.999608
TCAGACGCTATAGAAG-1,0.002059,0.000047,0.997894
TCAGAGCATGTCAACG-1,0.000046,0.53587,0.464084
TCAGAGGACGCGTTAG-1,0.000283,0.000283,0.999435
TCAGATGGAGACGTAG-1,0.000029,0.016908,0.983064
TCAGCAAATGCATCTC-1,0.000026,0.000128,0.999846
TCAGCAGTAGGCCCTG-1,0.000045,0.001804,0.998152
TCAGCCAATCCGTAAA-1,0.000084,0.000084,0.999833
TCAGCGCACGCCGTTT-1,0.052381,0.000445,0.947174
TCAGCTTGAGCTTTCG-1,0.000072,0.150656,0.849272
TCAGGGCGCAAACTCG-1,0.034543,0.920734,0.044723
TCAGGGTGCACGAAAC-1,0.000023,0.053398,0.946579
TCAGGGTGTAACGTAA-1,0.005622,0.000023,0.994354
TCAGGTTCTTTGAGAA-1,0.000019,0.027695,0.972285
TCAGTACTGACCCGCG-1,0.000023,0.030664,0.969312
TCAGTAGGGACTATAA-1,0.000029,0.038697,0.961275
TCAGTGTATACGTCAT-1,0.000039,0.000039,0.999922
TCAGTTACGGAATGAT-1,0.000031,0.023594,0.976375
TCATACTTACAGATCC-1,0.000083,0.231168,0.768749
TCATATGAGCTTTGTT-1,0.000024,0.000024,0.999952
TCATCACTCGAGCTCG-1,0.000036,0.534743,0.465221
TCATCCATCTGATCAC-1,0.000037,0.028282,0.971681
TCATCCCAGAGGGTGG-1,0.000026,0.000026,0.999949
TCATCCTCAGCTGCTT-1,0.001235,0.001235,0.99753
TCATCGACGACCGTCG-1,0.001613,0.001613,0.996773
TCATCGATGGTCCCAA-1,0.001621,0.000023,0.998356
TCATGAAGCGCTGCAT-1,0.000027,0.340581,0.659392
TCATGCAGGTTCTCAT-1,0.010875,0.011221,0.977904
TCATTCGTATAATTTG-1,0.000045,0.000045,0.99991
TCATTTAAGTCTCCGA-1,0.012617,0.000036,0.987347
TCATTTAGAAGTGTGA-1,0.00101,0.00101,0.997979
TCCAACTCAGCTATCT-1,0.003227,0.003227,0.993547
TCCAACTTTAAATTCT-1,0.000023,0.018966,0.981011
TCCAAGCCTAGACACA-1,0.000143,0.000143,0.999713
TCCAATAAAGGCTACC-1,0.00199,0.004458,0.993553
TCCAATGCGTCGCCGC-1,0.000081,0.189953,0.809966
TCCACAATGGTTTACG-1,0.001786,0.015518,0.982696
TCCACATCGTATATTG-1,0.000063,0.000063,0.999873
TCCACCAAGACATAGG-1,0.024434,0.089427,0.886139
TCCACCTCTAGCCTTT-1,0.01311,0.000214,0.986676
TCCACTTTATCTAGGT-1,0.000027,0.040352,0.959622
TCCAGAGCACCGGTTC-1,0.000048,0.016986,0.982966
TCCAGATGTACGCCAA-1,0.00231,0.015276,0.982414
TCCAGCGCTATAAGCG-1,0.000038,0.009201,0.990761
TCCAGGCAGGACGATC-1,0.012718,0.000066,0.987215
TCCAGGCGAGTACGGT-1,0.001937,0.059466,0.938597
TCCAGGGTATATACGA-1,0.279595,0.209122,0.511283
TCCATCAATACTAATC-1,0.00016,0.00016,0.999681
TCCATTAGTTGGATAG-1,0.056582,0.507941,0.435477
TCCATTCCCACTAGAG-1,0.000024,0.024907,0.975069
TCCATTGTGACCTCGT-1,0.000041,0.026454,0.973505
TCCCAAACAGACAACG-1,0.000982,0.000028,0.99899
TCCCAAACATCCTCTA-1,0.00004,0.009346,0.990615
TCCCAAAGACGAAGGA-1,0.013552,0.003448,0.983
TCCCAAAGCCCTAAAT-1,0.010234,0.023459,0.966307
TCCCAATATCGACGAC-1,0.013928,0.000331,0.985741
TCCCACGGAGGGAGCT-1,0.000054,0.149538,0.850409
TCCCACTCTCTTCCGG-1,0.000015,0.000015,0.99997
TCCCAGCACACGACAT-1,0.000142,0.100107,0.899751
TCCCAGCTTTAGTCTG-1,0.000047,0.038015,0.961939
TCCCAGGCTTAGCTAA-1,0.000013,0.011333,0.988654
TCCCGCCTATGTGCGT-1,0.000014,0.016425,0.983561
TCCCGCGTACTCCTGG-1,0.000023,0.011976,0.988001
TCCCGGGTGTGCTGCT-1,0.000031,0.006432,0.993538
TCCCGGTCAGGAATTT-1,0.493694,0.505279,0.001027
TCCCGTCAGTCCCGCA-1,0.000043,0.000043,0.999913
TCCCGTCGCGTCATAG-1,0.000939,0.003632,0.99543
TCCCGTGTGCAATTTG-1,0.000019,0.000019,0.999963
TCCCTAGATCAATAGG-1,0.001782,0.015405,0.982813
TCCCTCTTCTCAAGGG-1,0.027518,0.117777,0.854705
TCCCTGGCGTATTAAC-1,0.00002,0.023591,0.976389
TCCCTGGCTCGCTGGA-1,0.00495,0.031131,0.963918
TCCCTTAGATTACTCG-1,0.000016,0.000016,0.999969
TCCCTTGTCTGAAACT-1,0.000258,0.145155,0.854588
TCCGAACGTTGCCGCT-1,0.01016,0.04923,0.94061
TCCGAACTTGGCTTAC-1,0.138999,0.065225,0.795776
TCCGAAGTAGTCACCA-1,0.001578,0.000608,0.997814
TCCGAATGGTCCTGAG-1,0.00003,0.00003,0.999939
TCCGACCGCTAATCAA-1,0.000025,0.000025,0.99995
TCCGAGAAGGCTAAGC-1,0.378927,0.342181,0.278891
TCCGATAATTGCCATA-1,0.000025,0.036728,0.963247
TCCGATGACTGAGCTC-1,0.000027,0.000056,0.999917
TCCGATGGTGCGACAT-1,0.000034,0.027445,0.972521
TCCGATTACATTGCCG-1,0.000024,0.017635,0.982342
TCCGCCTGTCTACAAG-1,0.000016,0.002646,0.997337
TCCGCGGCAGCATCTG-1,0.000018,0.000018,0.999965
TCCGCGGCCCAATGAA-1,0.00024,0.00024,0.999519
TCCGCTGGGTCGATCG-1,0.00007,0.089075,0.910855
TCCGCTGTCATCCCGG-1,0.000042,0.045119,0.95484
TCCGCTTATCCCATTA-1,0.003865,0.0696,0.926535
TCCGGAGGAAGGGCTG-1,0.000032,0.049265,0.950704
TCCGGCCTAGCGTACA-1,0.003423,0.021839,0.974739
TCCGGCCTGCATCGAT-1,0.000051,0.136524,0.863425
TCCGGGCCACTAACGG-1,0.028537,0.000206,0.971257
TCCGGGCTTGACGGGA-1,0.004763,0.004763,0.990474
TCCGGTTCGTCCGGTC-1,0.000046,0.048329,0.951625
TCCGTAACCACAATCC-1,0.113627,0.79726,0.089114
TCCGTTAAGCTAATAT-1,0.060652,0.050337,0.889011
TCCGTTTAGCCTTGAA-1,0.029289,0.060513,0.910198
TCCTAAAGATTCAGAC-1,0.000918,0.000918,0.998165
TCCTAAATTGGGAAGC-1,0.001838,0.002373,0.995789
TCCTAACCGTCGGGCA-1,0.00448,0.023405,0.972115
TCCTACATCCACGGCC-1,0.00005,0.022167,0.977783
TCCTAGCAAAGAAGCT-1,0.000019,0.135056,0.864925
TCCTATCATAGGTAAC-1,0.000044,0.029348,0.970607
TCCTCCTAAGACATTC-1,0.000017,0.025048,0.974935
TCCTCGGGCTGGGCTT-1,0.00004,0.000155,0.999805
TCCTCTACGAGATGGC-1,0.01293,0.000013,0.987057
TCCTCTCCAGTTGTCC-1,0.022817,0.098248,0.878935
TCCTCTGGCCCATTAG-1,0.000038,0.018024,0.981938
TCCTGCAGCCGCCAAT-1,0.000143,0.000143,0.999714
TCCTGCCAACTGGAGA-1,0.000023,0.000023,0.999955
TCCTGCGTTGATACTC-1,0.000028,0.010168,0.989803
TCCTGGCGCTGCCTGG-1,0.000041,0.026677,0.973282
TCCTTACGACGGTCCG-1,0.000136,0.008857,0.991008
TCCTTCAGTGGTCGAA-1,0.00004,0.090817,0.909143
TCCTTGTCCTTTAATT-1,0.00005,0.00005,0.999901
TCCTTTAAATCCGCTT-1,0.000265,0.000265,0.999471
TCCTTTCTTACGCTTA-1,0.000035,0.001343,0.998622
TCGAAATTTAGGACCA-1,0.000016,0.020158,0.979826
TCGAAGAACCGAGCAC-1,0.000103,0.107828,0.892069
TCGAATATCCCGCAGG-1,0.002098,0.000028,0.997875
TCGAATCGCAGGGTAG-1,0.000047,0.000047,0.999907
TCGACAACTGAACCCG-1,0.004215,0.07614,0.919645
TCGACATAGCGTAGCG-1,0.000045,0.004734,0.995221
TCGAGACCAACACCGT-1,0.004306,0.040639,0.955055
TCGAGCCAGGCAGGCC-1,0.080524,0.043679,0.875797
TCGAGGGCAACAGACG-1,0.000117,0.11568,0.884202
TCGAGTCTACGATTCG-1,0.000112,0.492119,0.50777
TCGATAGGCTAGTCGC-1,0.016014,0.427104,0.556883
TCGATGTTACGGCCGT-1,0.000104,0.14077,0.859126
TCGATTTACGAAACGA-1,0.000063,0.000063,0.999873
TCGCAAAGATGCATTT-1,0.000029,0.002399,0.997572
TCGCACCAGGAGGCAG-1,0.000038,0.008226,0.991736
TCGCATAAAGGGCGCA-1,0.002609,0.033121,0.96427
TCGCATCCCTAAGTGT-1,0.000056,0.439458,0.560485
TCGCATTCAATGACTT-1,0.068822,0.591472,0.339706
TCGCCACCCGGATTAC-1,0.000044,0.018878,0.981078
TCGCCCAACTGACTCC-1,0.000032,0.015892,0.984076
TCGCCGAAGTTGCGTC-1,0.000027,0.000027,0.999946
TCGCCGACATATTCGC-1,0.000413,0.001593,0.997994
TCGCCGCACCGCGTGA-1,0.000086,0.276066,0.723848
TCGCCGGTCGATCCGT-1,0.022041,0.086782,0.891177
TCGCCTCCTTCGGCTC-1,0.001177,0.375737,0.623087
TCGCGCGTTTACATGA-1,0.000045,0.077404,0.922551
TCGCGTAGCAGTGTCC-1,0.016672,0.016673,0.966656
TCGCGTCCAGAAGGTC-1,0.023375,0.027713,0.948912
TCGCTAAACCGCTATC-1,0.000038,0.003943,0.996018
TCGCTACTGGCTTTGA-1,0.000062,0.006793,0.993145
TCGCTCGATATATTCC-1,0.000038,0.000038,0.999924
TCGCTCGGCACCAGCG-1,0.000053,0.013996,0.985952
TCGCTGCCAATGCTGT-1,0.00011,0.00011,0.99978
TCGCTGGGCGGATTGT-1,0.000036,0.047604,0.95236
TCGCTGTGCGTAAATC-1,0.000031,0.07416,0.92581
TCGCTTAATTACGAAG-1,0.00003,0.030044,0.969926
TCGCTTTAAACGTTTG-1,0.033453,0.000034,0.966514
TCGGAATGACCATCAA-1,0.000027,0.068407,0.931566
TCGGAATGCGCTCTGA-1,0.042561,0.031999,0.92544
TCGGACGCCCAGCCCA-1,0.000026,0.015304,0.984669
TCGGAGAGTATCGGGA-1,0.000024,0.00852,0.991456
TCGGAGTACATGAGTA-1,0.109955,0.003791,0.886254
TCGGAGTCCTGGTTGC-1,0.000055,0.084153,0.915792
TCGGATCTGGATGACC-1,0.000047,0.000329,0.999624
TCGGCGAACCCAAACC-1,0.000247,0.000247,0.999506
TCGGCGGTATTAGATT-1,0.000017,0.006474,0.99351
TCGGCGTACTGCACAA-1,0.000004,0.002419,0.997576
TCGGCTAACTTCCCTT-1,0.000041,0.04086,0.959099
TCGGCTTGTATCGACG-1,0.000909,0.000909,0.998181
TCGGGAACGTGCCTAG-1,0.008065,0.200124,0.791811
TCGGGAGACAGCGTAC-1,0.002021,0.000013,0.997966
TCGGGATTCAAACATA-1,0.000025,0.058853,0.941123
TCGGGCCGTCGTGGTA-1,0.00004,0.00004,0.99992
TCGGGTGAAACTGCTA-1,0.000029,0.01409,0.985882
TCGGTCCCGACAATAG-1,0.795871,0.00002,0.204109
TCGGTCCCTGACTCCA-1,0.000039,0.015668,0.984293
TCGGTGACCGCTCCGG-1,0.078643,0.000035,0.921322
TCGGTTAGCCATGTAG-1,0.000015,0.000442,0.999544
TCGTAACTCCCAAGAC-1,0.000715,0.135224,0.864061
TCGTAAGACGACATTG-1,0.005971,0.013069,0.98096
TCGTAAGCTCCGAGGA-1,0.000032,0.008554,0.991414
TCGTACCGACGTCAAG-1,0.000047,0.020543,0.97941
TCGTATAGTGCAATTA-1,0.00004,0.013009,0.986951
TCGTATCACCAAGCTA-1,0.000056,0.035717,0.964227
TCGTATTACCCATTGC-1,0.001934,0.034446,0.96362
TCGTATTTCGTCCGGA-1,0.000024,0.003724,0.996252
TCGTCAAGTACGCGCA-1,0.00394,0.000037,0.996023
TCGTCACACTGTTAGC-1,0.000071,0.214375,0.785554
TCGTCCGCTGGCGTCT-1,0.000031,0.000031,0.999937
TCGTCCGGGTACACTC-1,0.000039,0.040888,0.959073
TCGTCTTAGGCGTTAA-1,0.000062,0.005848,0.99409
TCGTGTACTATGGATG-1,0.000516,0.051802,0.947683
TCGTGTATTGGTCACG-1,0.013429,0.279261,0.70731
TCGTGTCACGCTGACA-1,0.000074,0.364284,0.635642
TCGTGTTCGACCACAA-1,0.002858,0.002858,0.994285
TCGTTAGGAGTCCCTA-1,0.000038,0.001506,0.998456
TCGTTCGTTATTATGT-1,0.002899,0.00004,0.99706
TCGTTGCTATCCGGTC-1,0.000027,0.058028,0.941945
TCGTTGGCTCGTCAAT-1,0.582409,0.416996,0.000595
TCGTTTACGCGACCCT-1,0.003334,0.328404,0.668262
TCTAAAGAACAGTCTC-1,0.00002,0.018355,0.981625
TCTAACCTAGCCTGCG-1,0.019712,0.000176,0.980113
TCTAACTGTATGTAAA-1,0.036255,0.771327,0.192418
TCTAATACTGCCTCAG-1,0.371457,0.000027,0.628516
TCTACACGTTCATGCA-1,0.001053,0.005454,0.993493
TCTACCCAATAGAGAG-1,0.001111,0.001111,0.997777
TCTACCCGCATCATTT-1,0.01568,0.031409,0.952911
TCTACCGTCCACAAGC-1,0.005882,0.017821,0.976297
TCTACGCACGATCTCC-1,0.035104,0.127342,0.837554
TCTACGGGCTCAGTTG-1,0.003133,0.000026,0.996842
TCTAGCAATCTCCGCC-1,0.000029,0.016925,0.983045
TCTAGCATCTTCGATG-1,0.000037,0.09753,0.902433
TCTAGCATGCCCAGAA-1,0.01092,0.031382,0.957698
TCTAGGTGGCGACGCT-1,0.000034,0.000609,0.999356
TCTAGTGATATCGTGG-1,0.000203,0.000203,0.999594
TCTAGTTATCAGAAGA-1,0.704273,0.000033,0.295694
TCTATAGGTGGGTAAT-1,0.0078,0.058602,0.933598
TCTATCATGCAGTTAC-1,0.002508,0.05691,0.940582
TCTATCCGATTGCACA-1,0.001924,0.001924,0.996153
TCTATCGGTCGCAACA-1,0.000025,0.017052,0.982923
TCTATGCTATAACGAC-1,0.048637,0.001613,0.94975
TCTATTACGCTGGCGA-1,0.000072,0.178739,0.821189
TCTATTACTAGAGGAT-1,0.000039,0.153726,0.846235
TCTCAAATCAATCGGG-1,0.183452,0.189444,0.627104
TCTCAGGCTACTCGCT-1,0.00036,0.029679,0.969961
TCTCATGAGATAGGGT-1,0.000088,0.000088,0.999824
TCTCCAACGTAGGTTA-1,0.023194,0.08713,0.889676
TCTCCACAAGTTGAAT-1,0.168127,0.137446,0.694428
TCTCCCTGGGCAGCGT-1,0.000022,0.000022,0.999955
TCTCGAACGAGGTCAC-1,0.000024,0.013283,0.986693
TCTCGACGTATCGCCG-1,0.000245,0.000245,0.999511
TCTCGAGGAGGTTCGC-1,0.005233,0.077293,0.917474
TCTCGGCTCCAGGACT-1,0.01921,0.924336,0.056454
TCTCGTGTTACGAGGA-1,0.000085,0.36847,0.631445
TCTCTAATAGCTGGTA-1,0.056978,0.005021,0.938001
TCTCTCGCCGCACATA-1,0.000039,0.042038,0.957924
TCTCTTACCGCGAACC-1,0.000029,0.004593,0.995378
TCTGAACCGGTCGGCT-1,0.000017,0.022213,0.977771
TCTGAACTCGTACCCG-1,0.000207,0.078179,0.921614
TCTGAAGCACGTGGTC-1,0.000056,0.000056,0.999888
TCTGAATTCCGTACAA-1,0.444252,0.000022,0.555727
TCTGACGGGCTAACCC-1,0.000851,0.002077,0.997072
TCTGAGCAATTGACTG-1,0.005088,0.041018,0.953894
TCTGATCGGGTGCTAG-1,0.000019,0.000019,0.999962
TCTGATGTATTCTGTC-1,0.005708,0.025915,0.968377
TCTGATTGGAAATGGA-1,0.003563,0.025486,0.97095
TCTGCACCATTAGTAA-1,0.000025,0.016767,0.983209
TCTGCATACCTTGCTT-1,0.002703,0.002704,0.994593
TCTGCCAGAAACTGCA-1,0.000027,0.024004,0.975969
TCTGCGAATCGTTCGC-1,0.001501,0.002087,0.996412
TCTGCGTCCGGTTTCT-1,0.008757,0.888289,0.102954
TCTGCTTAGAACAAGC-1,0.000048,0.101565,0.898387
TCTGGAGCGTAAGAGT-1,0.007594,0.025599,0.966807
TCTGGCCGTTCAAGTT-1,0.006787,0.022795,0.970418
TCTGGCGCAAGCCGGG-1,0.000246,0.349437,0.650317
TCTGGGAACCTTTGAA-1,0.016538,0.000025,0.983437
TCTGGGTAGCGCTCAT-1,0.000033,0.000033,0.999935
TCTGTCATACAAGAGC-1,0.000084,0.216888,0.783029
TCTGTGATGGAGGTTG-1,0.000091,0.031108,0.968801
TCTGTGCCATCATAGT-1,0.007965,0.000024,0.992011
TCTGTGGCTACATTTC-1,0.502801,0.26171,0.235489
TCTGTTACCCAGCATA-1,0.000029,0.00141,0.998561
TCTGTTTAGATTGTTC-1,0.000125,0.064995,0.93488
TCTTACAGAGGTACCG-1,0.000054,0.140085,0.859861
TCTTACCGGAACTCGT-1,0.006218,0.006029,0.987752
TCTTACGGCATCCGAC-1,0.000011,0.000011,0.999978
TCTTACTTATGCCTCT-1,0.000036,0.000036,0.999928
TCTTAGAGCTCCAATT-1,0.000159,0.000159,0.999682
TCTTAGAGTGAACTCT-1,0.000082,0.000082,0.999835
TCTTATGGGTAGTACC-1,0.931616,0.067828,0.000556
TCTTCCCATGGGCACA-1,0.001461,0.000022,0.998517
TCTTCGAATAGACGTT-1,0.000046,0.041833,0.95812
TCTTCGATACCAATAA-1,0.002048,0.068238,0.929714
TCTTCGCGGTGAGAGG-1,0.008264,0.156656,0.83508
TCTTCTATAACCCGCC-1,0.009128,0.000095,0.990777
TCTTGATGCGTAGCGA-1,0.000024,0.021048,0.978928
TCTTGCTCCCGATACT-1,0.000034,0.000034,0.999931
TCTTGGTAACACCAAA-1,0.000019,0.019935,0.980047
TCTTGGTCAATGATAC-1,0.000021,0.025516,0.974463
TCTTTAAGACTATGAA-1,0.008855,0.000031,0.991114
TCTTTAGAGTCTAACA-1,0.003543,0.000022,0.996434
TCTTTAGCAGGCGAAC-1,0.000039,0.000039,0.999923
TCTTTCATCCGTCCTT-1,0.000075,0.117853,0.882072
TCTTTCCTTCGAGATA-1,0.000565,0.16777,0.831664
TCTTTCTCTTAAGGAG-1,0.000044,0.000044,0.999913
TGAAACTTATGCAAGC-1,0.00005,0.00005,0.999901
TGAAAGGACCTGACTC-1,0.000021,0.001402,0.998577
TGAACAAGCAGGGACT-1,0.000019,0.000019,0.999962
TGAACACCCGAAGCAG-1,0.033002,0.768328,0.198671
TGAACCTGAATGTGAG-1,0.000045,0.184831,0.815124
TGAATACCGACGCGTA-1,0.000161,0.000161,0.999678
TGAATATGCTATAAAC-1,0.000025,0.000026,0.999949
TGAATGAGATACAGCA-1,0.000016,0.023087,0.976897
TGAATGAGTGTTTCCC-1,0.055395,0.022296,0.922309
TGAATGTCAGCCGGCC-1,0.008431,0.053516,0.938053
TGAATTTCACTTGCCT-1,0.000066,0.425733,0.574201
TGACAACGCATGTCGC-1,0.002459,0.004007,0.993534
TGACAACTTAAAGGTG-1,0.000014,0.021643,0.978343
TGACACTTCTCTTTGC-1,0.014327,0.067526,0.918147
TGACAGAAATCTTGCT-1,0.000022,0.358163,0.641816
TGACAGGACAAGTCCA-1,0.000033,0.150554,0.849413
TGACATCGAGCGGACC-1,0.001637,0.000011,0.998351
TGACATGTAACGTGAC-1,0.000018,0.004277,0.995705
TGACCAAATCTTAAAC-1,0.000027,0.002187,0.997787
TGACCAGCTTCAAAGT-1,0.000024,0.002223,0.997753
TGACCCACGTTAGACA-1,0.00004,0.003804,0.996156
TGACCCAGCATTCCCG-1,0.000032,0.008387,0.991581
TGACGAATATTTCCCT-1,0.00002,0.009423,0.990557
TGACGATGCACTAGAA-1,0.00002,0.00002,0.999959
TGACTATAATCCTTTC-1,0.004032,0.077801,0.918167
TGACTCCGAATCATAC-1,0.00001,0.005981,0.994008
TGAGAATGCTTTACCG-1,0.000024,0.055318,0.944658
TGAGACGTACCTCTCA-1,0.000062,0.660663,0.339275
TGAGAGATTTACCACG-1,0.000053,0.000053,0.999894
TGAGATCAAATACTCA-1,0.009399,0.156636,0.833965
TGAGATTAGGCCCTAA-1,0.000025,0.002672,0.997303
TGAGCCATACAGTCTC-1,0.000024,0.016074,0.983902
TGAGCGGAAAGTGTTC-1,0.000043,0.000043,0.999915
TGAGCTCAACTGTATA-1,0.000116,0.137789,0.862096
TGAGCTTTAATGACGC-1,0.004154,0.001645,0.994201
TGAGGAGTGCCAGCTT-1,0.000059,0.113179,0.886762
TGAGGCATGTACTGTG-1,0.00004,0.065957,0.934003
TGAGGTGTGTGGCGGA-1,0.000035,0.015234,0.984731
TGAGTAAATTAGCGTA-1,0.000042,0.001611,0.998347
TGAGTGCCTCTTAAAT-1,0.000036,0.000036,0.999927
TGAGTGGTCCGTGACG-1,0.019836,0.003172,0.976992
TGAGTGTAACAACGGG-1,0.007096,0.089198,0.903705
TGAGTTAAAGACATTC-1,0.009907,0.000212,0.989881
TGATACATTTAGCCGT-1,0.002581,0.025834,0.971586
TGATAGCGGGATTCTA-1,0.00011,0.507826,0.492064
TGATCACCACACTGAC-1,0.000065,0.003389,0.996546
TGATCAGGGAACTGCT-1,0.000038,0.02333,0.976632
TGATCCCAGCATTAGT-1,0.028575,0.015351,0.956074
TGATCGGTTTGACCCT-1,0.005578,0.002479,0.991943
TGATCTACGCTGATCT-1,0.000061,0.05403,0.945909
TGATCTATCACACTCT-1,0.036136,0.001786,0.962078
TGATCTCCGGCGCCAG-1,0.000028,0.018586,0.981387
TGATGCTCACGTAGTC-1,0.01847,0.044733,0.936797
TGATGGCTGTTTCTGA-1,0.000031,0.000031,0.999937
TGATGTCAATTAAGTG-1,0.001515,0.051438,0.947047
TGATTATGGCACGCAG-1,0.000048,0.031997,0.967955
TGATTCAGGTCCCGCG-1,0.000047,0.066239,0.933715
TGATTCCCGGTTACCT-1,0.000041,0.000041,0.999919
TGATTCGTCTATCACT-1,0.000039,0.048269,0.951692
TGATTCTGTCGCCGGT-1,0.024477,0.053657,0.921865
TGATTTATTAGCTGTG-1,0.000043,0.000043,0.999914
TGATTTCCTCCTGACG-1,0.000059,0.177986,0.821955
TGCAAACCCACATCAA-1,0.091254,0.416871,0.491875
TGCAAACGTACTAGTT-1,0.000034,0.0505,0.949466
TGCAAAGTTCGTCTGT-1,0.000019,0.000019,0.999963
TGCAACCCATCTGCGG-1,0.000366,0.000366,0.999267
TGCAACTACTGGTTGA-1,0.002778,0.002779,0.994443
TGCAAGAATGACGTAA-1,0.002969,0.00017,0.996861
TGCAATCTAACACGGT-1,0.000267,0.205637,0.794096
TGCAATTTGGGCACGG-1,0.000045,0.000045,0.999911
TGCACAGTGAAGTTAT-1,0.000031,0.000031,0.999939
TGCACGAGTCGGCAGC-1,0.000032,0.142011,0.857957
TGCAGAACTATATCGT-1,0.000019,0.001917,0.998065
TGCAGAGTACCGAGCA-1,0.017951,0.144122,0.837927
TGCAGATCGTCCTAGG-1,0.000016,0.046846,0.953138
TGCAGCTACGTACTTC-1,0.000032,0.07087,0.929099
TGCAGGATCGGCAAAG-1,0.009268,0.006292,0.98444
TGCAGTGAGGCTCGGG-1,0.000021,0.000021,0.999958
TGCAGTGGTAGGGAAC-1,0.000017,0.000017,0.999965
TGCAGTTTCCTCCCAT-1,0.000028,0.000028,0.999943
TGCATATGTCTGTCAC-1,0.000034,0.007956,0.99201
TGCATCTCCGGATCTT-1,0.000039,0.000039,0.999922
TGCATGGATCGGATCT-1,0.000018,0.000018,0.999965
TGCATGGCAGTCTTGC-1,0.00004,0.004683,0.995277
TGCATGTGACCCATAG-1,0.000044,0.000044,0.999911
TGCATGTGGTAATCTA-1,0.000039,0.000039,0.999923
TGCCAAAGTCAGACTT-1,0.000015,0.002825,0.997159
TGCCAATGGGTACTCT-1,0.000038,0.073914,0.926047
TGCCACACTAGAGGAA-1,0.000062,0.622757,0.377181
TGCCACCTGGCGAAAC-1,0.000024,0.000024,0.999951
TGCCAGTACGTGGAGA-1,0.051301,0.006274,0.942426
TGCCATGGCTTATAAG-1,0.000017,0.009595,0.990388
TGCCATTACTAAAGAA-1,0.000024,0.013966,0.98601
TGCCCGATAGTTAGAA-1,0.000488,0.000488,0.999024
TGCCCGTACCGTTAAA-1,0.000008,0.000008,0.999983
TGCCGAAAGCGTATTC-1,0.00302,0.000012,0.996968
TGCCGGATGTACGAGC-1,0.000031,0.04801,0.951959
TGCCGTGGATCGTCCT-1,0.006499,0.023149,0.970352
TGCCGTGGGACCCAAT-1,0.000039,0.000039,0.999922
TGCCGTTCTTAATCGG-1,0.000083,0.509006,0.49091
TGCCTAAATTTAATAG-1,0.002168,0.021495,0.976337
TGCCTAATTGAAGATT-1,0.035318,0.222699,0.741983
TGCCTGACATCGGTCA-1,0.009395,0.990196,0.000409
TGCCTGATCAAACGAT-1,0.000016,0.007318,0.992666
TGCCTTGGCCAGGCAA-1,0.018734,0.000029,0.981237
TGCGAATATGGGATTT-1,0.000035,0.140604,0.859361
TGCGACACCCTAGTGC-1,0.000028,0.000028,0.999944
TGCGACGGCCGAACGT-1,0.00003,0.00003,0.99994
TGCGAGAATATTACCC-1,0.000018,0.016396,0.983587
TGCGAGATGGCGGCCA-1,0.000037,0.008427,0.991536
TGCGAGCCCTTCCGCG-1,0.000024,0.000024,0.999953
TGCGCAAAGCATTTGG-1,0.000016,0.000711,0.999274
TGCGCCGTTAATAACG-1,0.000023,0.011388,0.988589
TGCGCGATTAACGGAG-1,0.000017,0.000017,0.999966
TGCGGACTTGACTCCG-1,0.000518,0.000518,0.998963
TGCGGAGTAAAGGTGC-1,0.00002,0.002549,0.997431
TGCGGCATAGTTCAAC-1,0.000033,0.01278,0.987187
TGCGGGTATTGGGATC-1,0.000057,0.184273,0.81567
TGCGGTCTACGAGTAA-1,0.000038,0.112251,0.887712
TGCGGTGAAATTTCAT-1,0.000019,0.029859,0.970122
TGCGTAAGAACCTGAT-1,0.004103,0.000014,0.995882
TGCGTACGGCTAATTG-1,0.000121,0.000121,0.999757
TGCGTCATGACTGAGC-1,0.00002,0.006896,0.993084
TGCGTTTGTTGACACT-1,0.000017,0.000017,0.999965
TGCTAAGTGTCTATTT-1,0.000187,0.000187,0.999627
TGCTATACAAACGGAC-1,0.000053,0.343955,0.655992
TGCTATGGCAAAGGGA-1,0.000035,0.000035,0.99993
TGCTCAAAGGATGCAC-1,0.000029,0.024449,0.975522
TGCTCACACAACAACC-1,0.00002,0.044847,0.955133
TGCTCCACAGTTCTTA-1,0.000145,0.038484,0.96137
TGCTCGGCGAAACCCA-1,0.00004,0.02299,0.97697
TGCTCGGTGGGTCACC-1,0.000059,0.000059,0.999882
TGCTCTGCCGGTTCAC-1,0.001087,0.01456,0.984353
TGCTCTTGAGAGTTTG-1,0.037762,0.00735,0.954888
TGCTGCGTCAGAGTTA-1,0.001077,0.007319,0.991604
TGCTGGTTGGACAATT-1,0.00001,0.00001,0.99998
TGCTGTTGAAGAACTC-1,0.000035,0.020763,0.979201
TGCTTAGAGAGAATGC-1,0.000016,0.016269,0.983715
TGCTTCCCAAGCAGTA-1,0.004138,0.000013,0.995849
TGGAACCACTGACACA-1,0.0114,0.000031,0.988569
TGGAAGAAGGGAACGT-1,0.00003,0.07521,0.92476
TGGAAGACGAACACCA-1,0.002641,0.135551,0.861807
TGGAAGGATAAAGATG-1,0.000025,0.000025,0.999949
TGGAATATCCTTGACC-1,0.000058,0.000058,0.999884
TGGAATTAGACGCTTT-1,0.000045,0.33856,0.661395
TGGACCAATCTAAGAT-1,0.008811,0.000117,0.991072
TGGACGCAATCCAGCC-1,0.000011,0.008225,0.991765
TGGACTGTTCGCTCAA-1,0.000049,0.031869,0.968082
TGGAGAATAATCGTCC-1,0.000037,0.213534,0.786428
TGGAGCTAAAGTTCCC-1,0.000017,0.004894,0.99509
TGGAGGGAAACACCTC-1,0.000009,0.001266,0.998725
TGGAGTGATGCGATGA-1,0.000039,0.002167,0.997794
TGGATGGCATCTTGGA-1,0.000032,0.007335,0.992633
TGGCAAACTAAATTAC-1,0.00002,0.009061,0.990919
TGGCAACTCGCGCGCC-1,0.000031,0.002102,0.997866
TGGCAAGCACAAGTCG-1,0.000045,0.000045,0.99991
TGGCAATGGGACGGCG-1,0.001075,0.001076,0.997849
TGGCACGAGCTCGAGT-1,0.006269,0.000021,0.99371
TGGCAGATTACGATCA-1,0.000051,0.033763,0.966186
TGGCAGCAGTAATAGT-1,0.000038,0.012065,0.987897
TGGCATGAAGTTTGGG-1,0.000016,0.006701,0.993283
TGGCCAAACTGAAGTA-1,0.020859,0.00193,0.97721
TGGCCAATTTGGTACT-1,0.006268,0.110541,0.883191
TGGCCGTATATTGACC-1,0.000016,0.021595,0.978389
TGGCGACTGCTCCAAA-1,0.000026,0.027709,0.972265
TGGCGATCAAGTTATG-1,0.00003,0.012358,0.987612
TGGCGGTGTGCGATTG-1,0.067549,0.521965,0.410485
TGGCTACACTCTACCT-1,0.002858,0.002858,0.994284
TGGCTATGTGACATAC-1,0.000431,0.000431,0.999138
TGGCTCTTGTCGCGTA-1,0.000054,0.099955,0.899991
TGGCTTATGTATAATG-1,0.000152,0.424448,0.5754
TGGCTTGTACAAGCTT-1,0.000051,0.016658,0.983291
TGGCTTTGGGTAGACA-1,0.011973,0.006071,0.981955
TGGGAAATGCCTTTCC-1,0.000044,0.140958,0.858998
TGGGATGCACTCATTC-1,0.000036,0.01343,0.986534
TGGGCAATAGTTGGGT-1,0.000086,0.000086,0.999829
TGGGCACAAACAGAAC-1,0.004012,0.320528,0.675461
TGGGCACGTTCTATGG-1,0.000026,0.005915,0.994059
TGGGCAGGCCACCGCA-1,0.002807,0.12822,0.868973
TGGGCCACAAGAGCGC-1,0.000027,0.000027,0.999945
TGGGCCCATACTAATT-1,0.013842,0.000187,0.98597
TGGGCGATACAATAAG-1,0.005065,0.010317,0.984618
TGGGTAAGGTTCCCGC-1,0.041104,0.110756,0.84814
TGGGTGCACAAGCCAT-1,0.044166,0.000419,0.955416
TGGGTGGGATGTCATT-1,0.000044,0.041413,0.958543
TGGGTGTAATAGATTT-1,0.000089,0.000089,0.999821
TGGGTGTTAAGTAGAA-1,0.000044,0.006259,0.993697
TGGGTTTCGGGCGTAC-1,0.00004,0.00004,0.999921
TGGTAAGCAGGATTGA-1,0.000056,0.104675,0.895269
TGGTAGAATATATGGG-1,0.000234,0.000234,0.999531
TGGTATCGCATCCCAA-1,0.007001,0.068879,0.924119
TGGTATCGGTCTGTAT-1,0.000046,0.214905,0.785048
TGGTCCCACGCTACGG-1,0.008111,0.321474,0.670415
TGGTCGATATACCTCT-1,0.006248,0.000045,0.993707
TGGTCGGGTACAGGGC-1,0.000048,0.066058,0.933895
TGGTCGTGCAAGGCAA-1,0.000052,0.493706,0.506242
TGGTCGTTTGATAGAT-1,0.000041,0.03344,0.966519
TGGTCTGTTGGGCGTA-1,0.000006,0.000006,0.999987
TGGTGATCGTATTTGT-1,0.00006,0.488548,0.511392
TGGTGCCCTGCCTTAC-1,0.000046,0.000046,0.999909
TGGTTAACTTACATTT-1,0.000056,0.174895,0.825049
TGGTTAAGGGCGCTGG-1,0.000041,0.000041,0.999918
TGGTTCAACGGGTAAT-1,0.066938,0.05956,0.873502
TGGTTCGTAGCAAAGG-1,0.001494,0.010728,0.987779
TGGTTGGAGGATCCTG-1,0.000018,0.000018,0.999965
TGGTTTAAACGTGGGT-1,0.001569,0.01323,0.985201
TGTAAGACTGATAAGA-1,0.000078,0.22648,0.773442
TGTAATGACCACAATA-1,0.000034,0.114579,0.885387
TGTAATGCCTTCGGAC-1,0.000033,0.000033,0.999933
TGTACCCGACCCTAAT-1,0.000035,0.130125,0.86984
TGTACCTACACGAGGG-1,0.000341,0.000341,0.999317
TGTACGAACAAATCCG-1,0.00679,0.044848,0.948363
TGTACGCTATCAGCTT-1,0.000072,0.203275,0.796653
TGTACTACTCTCACGG-1,0.000015,0.001158,0.998827
TGTACTATCGCTCGTT-1,0.000735,0.000735,0.998529
TGTACTTCCGGGCATG-1,0.000788,0.326402,0.67281
TGTAGCCAATTCCGTT-1,0.000617,0.000617,0.998765
TGTAGCCATCCCATTC-1,0.006564,0.059617,0.933819
TGTAGGAGAAATTTCC-1,0.000022,0.000297,0.999681
TGTAGTGATCTATAAT-1,0.000023,0.015945,0.984032
TGTATAACAGATCCTG-1,0.003745,0.029571,0.966684
TGTATACGGATGATGA-1,0.003192,0.011052,0.985756
TGTATCAGACTGAAGC-1,0.000027,0.000027,0.999946
TGTATCCTTATTCCAT-1,0.00008,0.154774,0.845146
TGTATGGCGCAGACAG-1,0.023766,0.051003,0.925231
TGTATTTACCTAATGC-1,0.000031,0.000031,0.999939
TGTCATTTGTTGGGAA-1,0.00925,0.023812,0.966938
TGTCCACGGCTCAACT-1,0.000175,0.000175,0.999651
TGTCCCGACATAGCAC-1,0.000026,0.004857,0.995117
TGTCCGCAAACAATTC-1,0.000031,0.02988,0.97009
TGTCCGTGGCGCCTTT-1,0.000072,0.144582,0.855346
TGTCCTAAGTCACCGC-1,0.000011,0.009334,0.990655
TGTCGGCATGGTGGAA-1,0.004375,0.688773,0.306852
TGTCGTGGGTATAGGC-1,0.000071,0.000071,0.999858
TGTCGTTATCACATAT-1,0.000039,0.000039,0.999923
TGTCTACAGTTTCTGT-1,0.000058,0.048654,0.951288
TGTGACTACGCCAGTC-1,0.000023,0.000023,0.999953
TGTGACTAGAGTTTGC-1,0.000078,0.055933,0.943989
TGTGAGACTAGCCCAA-1,0.006575,0.010119,0.983306
TGTGATTCCAGCGCTT-1,0.00007,0.240389,0.759541
TGTGCCAGAGGCAAAG-1,0.000136,0.276786,0.723078
TGTGCCGGTGCCGGAA-1,0.000424,0.000424,0.999152
TGTGCTTTACGTAAGA-1,0.00003,0.053957,0.946013
TGTGGACTATCTACGT-1,0.000168,0.061984,0.937848
TGTGGAGGAAGCTTAA-1,0.023982,0.406851,0.569168
TGTGGCAAAGCGTATG-1,0.000029,0.000029,0.999941
TGTGGCGGGCTTCTGG-1,0.144741,0.130297,0.724962
TGTGGCTCCCACCAAC-1,0.001551,0.034693,0.963757
TGTGGTAGGGTGCCTT-1,0.000081,0.18993,0.809989
TGTGGTTGCTAAAGCT-1,0.000048,0.008365,0.991587
TGTGTAGTAGCACGTG-1,0.008521,0.137818,0.85366
TGTGTCGCGAGTTGCA-1,0.000014,0.009359,0.990627
TGTGTGACCATGAATC-1,0.000076,0.041094,0.95883
TGTGTTCGTATCCAAG-1,0.000024,0.079918,0.920058
TGTTATTGTATGTGGC-1,0.027775,0.000059,0.972166
TGTTCCGCTTCCATGA-1,0.000016,0.015678,0.984306
TGTTCCGGCCTGAGCT-1,0.000124,0.000124,0.999752
TGTTCGTATTGCGGTG-1,0.000064,0.000064,0.999871
TGTTCTCTACTCCCTA-1,0.004675,0.010783,0.984542
TGTTCTTCCATTGACT-1,0.00173,0.007961,0.990309
TGTTGATCACTGTTTA-1,0.000033,0.000033,0.999935
TGTTGCCGTCGTCCCA-1,0.006305,0.009545,0.984149
TGTTGTCAAGAAGTCT-1,0.014052,0.000052,0.985896
TGTTTAATACTTCATC-1,0.000053,0.000053,0.999894
TGTTTCGGTACTTCTC-1,0.000023,0.006854,0.993124
TGTTTCTGAAGCGTGC-1,0.000046,0.108196,0.891758
TGTTTGAGATCGTCAG-1,0.000021,0.000021,0.999958
TTAAACAGAGTCCCGC-1,0.080042,0.663147,0.256811
TTAAACCGGTAGCGAC-1,0.000041,0.125958,0.874
TTAAACCTGGTTCCTT-1,0.187405,0.71786,0.094735
TTAAACTCGAATTCAT-1,0.000012,0.000012,0.999977
TTAAAGGCGATGCTCG-1,0.040426,0.006543,0.95303
TTAAAGTAAGTCGCCA-1,0.002477,0.000068,0.997456
TTAACACCTCGAACAT-1,0.00004,0.297478,0.702483
TTAACCAACCCTCCCT-1,0.000005,0.000005,0.99999
TTAACGAACAAGCAGT-1,0.000728,0.058454,0.940818
TTAACGTCGCAAGACC-1,0.000046,0.124686,0.875269
TTAACTCACGCGTGGA-1,0.273596,0.723993,0.002412
TTAACTTCAGGTAGGA-1,0.000028,0.003267,0.996705
TTAAGACGAACGAACC-1,0.006301,0.004557,0.989141
TTAAGATACCCAGAGA-1,0.002209,0.041062,0.956729
TTAAGATAGGATTGAC-1,0.000063,0.000063,0.999875
TTAAGCCGACAACTTC-1,0.000031,0.032213,0.967756
TTAAGCGCCTGACCCA-1,0.000028,0.058233,0.941739
TTAAGGATACGGAGGT-1,0.361833,0.484274,0.153893
TTAAGGCCCGTACTTT-1,0.032074,0.000025,0.967901
TTAAGTATTGTTATCC-1,0.000885,0.000885,0.99823
TTAATCAGTACGTCAG-1,0.000041,0.046698,0.953261
TTAATGCGAGGTAACT-1,0.001926,0.102724,0.89535
TTAATGTAGACCAGGT-1,0.002304,0.000033,0.997663
TTAATTGCTTTGGGTG-1,0.000098,0.000098,0.999804
TTAATTTCAGACGCGG-1,0.000019,0.000019,0.999962
TTACAACTACGCATCC-1,0.000038,0.000038,0.999925
TTACACGATCTGCGAC-1,0.012898,0.017201,0.969901
TTACAGACCTAAATGA-1,0.041258,0.000046,0.958697
TTACATCGTGGCCTGG-1,0.000041,0.041436,0.958523
TTACATGCCACAACTA-1,0.000061,0.000061,0.999878
TTACCATTGATTACCC-1,0.000012,0.01003,0.989958
TTACCCATTGCCGGGT-1,0.000025,0.001522,0.998454
TTACCCTAACAGTCCT-1,0.000055,0.32083,0.679115
TTACCCTAGGGATTGG-1,0.000048,0.013575,0.986377
TTACCGCCTTAGGGAA-1,0.026215,0.502254,0.471531
TTACGGATGGTTCGAG-1,0.106197,0.048274,0.845528
TTACGTAGCGCGTGCT-1,0.00004,0.010433,0.989527
TTACGTATCTATGACA-1,0.005973,0.110731,0.883295
TTACTAAAGGACTTTA-1,0.00003,0.00003,0.99994
TTACTATCGGCTTCTC-1,0.000061,0.063108,0.936831
TTACTCCGGCCGGGAA-1,0.029702,0.000059,0.970239
TTACTCTGGTACGTAC-1,0.000031,0.012539,0.98743
TTACTGGGATATTTCA-1,0.000048,0.079795,0.920157
TTACTGTCTAGAGCTC-1,0.054076,0.075542,0.870382
TTACTGTTTCTCTACG-1,0.000042,0.225067,0.774892
TTAGAAGAACATGACT-1,0.00476,0.031736,0.963503
TTAGAATAAGGGTCGG-1,0.000019,0.000019,0.999962
TTAGACACGATCGTTG-1,0.000033,0.000033,0.999935
TTAGACGAGTCACCTC-1,0.000061,0.000061,0.999877
TTAGAGGGATATACAG-1,0.000074,0.203957,0.795969
TTAGAGTATTGTCGAG-1,0.000045,0.054864,0.945091
TTAGAGTTTAGAAGGA-1,0.003069,0.000051,0.996881
TTAGATAGGTCGATAC-1,0.012393,0.894578,0.09303
TTAGCAACATGGATGT-1,0.00005,0.075689,0.924262
TTAGCATCCCTCACGT-1,0.000079,0.118203,0.881718
TTAGCCATAGGGCTCG-1,0.000017,0.000017,0.999966
TTAGCGAATAGATAGG-1,0.000187,0.039561,0.960252
TTAGCTAATACGATCT-1,0.000053,0.000053,0.999895
TTAGCTCTGTAATCCG-1,0.000048,0.216493,0.783459
TTAGCTGATTTGCCGT-1,0.008598,0.017989,0.973413
TTAGGATGGGAGGGTA-1,0.002314,0.038207,0.959479
TTAGGTCATAACCGAC-1,0.000015,0.017629,0.982356
TTAGTAAACCTGCTCT-1,0.021203,0.000971,0.977826
TTAGTAGGGCGGCGGG-1,0.000009,0.001632,0.998359
TTAGTTATTCGTGGCA-1,0.000062,0.039665,0.960273
TTAGTTCAAGTGTTCG-1,0.00005,0.101075,0.898875
TTATAGATGCACATTA-1,0.000093,0.240017,0.75989
TTATAGGTAATTGTCT-1,0.006961,0.000073,0.992966
TTATAGTCCAAGGTGC-1,0.000021,0.003133,0.996847
TTATATACGCTGTCAC-1,0.028094,0.038627,0.933279
TTATATTTGGCAATCC-1,0.000028,0.002311,0.997661
TTATCCAATCGAACTC-1,0.022457,0.27782,0.699723
TTATCCGGGATCTATA-1,0.00087,0.00087,0.99826
TTATCCTCAAGGAATA-1,0.000013,0.007703,0.992284
TTATCGCCTGCGAAGC-1,0.00008,0.382542,0.617378
TTATCTGACATTAGGA-1,0.000067,0.152629,0.847304
TTATCTGTATCATAAC-1,0.000042,0.000042,0.999916
TTATGAATGAAAGGGA-1,0.000022,0.097743,0.902235
TTATGACAAACTGGAT-1,0.002915,0.000122,0.996963
TTATGATCTTAACGAA-1,0.00001,0.00001,0.99998
TTATGCGTCCCGGTCC-1,0.031479,0.619805,0.348716
TTATGTTTGCGATAGA-1,0.002488,0.132379,0.865133
TTATTAGAGCGTGTTC-1,0.000056,0.000056,0.999889
TTATTAGGGAAGCATC-1,0.000034,0.000034,0.999932
TTATTATCTGGAAGGC-1,0.000124,0.115792,0.884084
TTATTTCATCCCAAAC-1,0.020279,0.697627,0.282093
TTCAAAGTCTCTAGCC-1,0.017632,0.004604,0.977764
TTCAACGACCCGACCG-1,0.00002,0.00281,0.99717
TTCAAGCCGAGCTGAG-1,0.000035,0.026073,0.973892
TTCAATACTCTGAATC-1,0.003489,0.00302,0.993491
TTCAATTAGCCATAAT-1,0.000022,0.000948,0.999031
TTCACGAAAGGATCAC-1,0.00473,0.070867,0.924403
TTCACGGTCGTCACGT-1,0.000037,0.000037,0.999927
TTCACTCGAGCACCTA-1,0.001459,0.000022,0.998519
TTCACTTCCTAGAACG-1,0.000055,0.000055,0.99989
TTCAGAGTAACCTGAC-1,0.146786,0.380761,0.472453
TTCAGCCCTGGTCCAC-1,0.000056,0.000056,0.999888
TTCAGCTGGCGTGCCC-1,0.044513,0.000329,0.955158
TTCAGGCGTCAAAGCC-1,0.00002,0.05196,0.94802
TTCAGTTCAAGAGGAG-1,0.000045,0.000045,0.999909
TTCATGGCGCAACAGG-1,0.000024,0.064739,0.935237
TTCCAATCAGAGCTAG-1,0.055382,0.024879,0.919739
TTCCAATCTGGCTATC-1,0.006644,0.057271,0.936085
TTCCACACAGATTTGA-1,0.000044,0.028506,0.971449
TTCCACATTTCTCGTC-1,0.000049,0.199872,0.800079
TTCCAGACGAGATTTA-1,0.000083,0.003631,0.996286
TTCCAGTGGGTTTCGT-1,0.000056,0.004162,0.995782
TTCCATCATGCGGTGA-1,0.000035,0.055484,0.94448
TTCCATCGACAGCGTG-1,0.000113,0.000113,0.999775
TTCCCAAAGTACTGAT-1,0.000303,0.132285,0.867412
TTCCCGACGCTTCACT-1,0.011513,0.234513,0.753974
TTCCCGGCGCCAATAG-1,0.000024,0.297232,0.702743
TTCCGCAGAGAAATAT-1,0.00003,0.00003,0.999941
TTCCGCGTGAGGCGAT-1,0.037558,0.090722,0.87172
TTCCGGCCTTGAGGCT-1,0.243685,0.10143,0.654885
TTCCGGCTCGACTTCT-1,0.000047,0.000047,0.999906
TTCCGGTATCTGTGTC-1,0.000017,0.002493,0.997489
TTCCGGTTACCCACTT-1,0.00006,0.00006,0.99988
TTCCTCGAGGGTGTCT-1,0.002213,0.033066,0.964721
TTCCTCGGACTAACCA-1,0.003604,0.000072,0.996324
TTCCTCTGCCCGAATA-1,0.000047,0.069891,0.930062
TTCCTTTCTGTGTTGC-1,0.076748,0.75047,0.172783
TTCGAACGAAACATGC-1,0.000018,0.014632,0.98535
TTCGACAGAGCCCGTG-1,0.000044,0.021989,0.977967
TTCGACGGGAAGGGCG-1,0.000045,0.109032,0.890923
TTCGAGCCGGCGCTAC-1,0.002921,0.012363,0.984717
TTCGCACTCGCGTGCT-1,0.000034,0.004104,0.995862
TTCGCACTGTACGACA-1,0.000037,0.036428,0.963535
TTCGCATCCGGAAGCA-1,0.037218,0.687968,0.274814
TTCGCCGCTCGCGCTA-1,0.000041,0.022692,0.977267
TTCGCGCGCCATACGA-1,0.00001,0.00001,0.999979
TTCGCTAGGAAGTTGT-1,0.000021,0.022183,0.977795
TTCGCTATCTGACGTG-1,0.001723,0.000052,0.998225
TTCGGACTGATGCCTT-1,0.000034,0.000034,0.999931
TTCGGACTGGGCATGG-1,0.000037,0.099249,0.900714
TTCGGCAACCCGCTGA-1,0.000038,0.000038,0.999923
TTCGGCTAGAGATGGT-1,0.000059,0.548963,0.450977
TTCGGGACTAATCGCG-1,0.006614,0.006125,0.987261
TTCGGGCGCTAGTCTT-1,0.000038,0.025723,0.974238
TTCGGGTTGCCACGGG-1,0.001177,0.182869,0.815954
TTCGGTACTGTAGAGG-1,0.005005,0.000048,0.994947
TTCGGTGGAGACGCCC-1,0.000041,0.018926,0.981033
TTCGTAATCCCAGCGG-1,0.003649,0.000045,0.996306
TTCGTACTCCAGAACG-1,0.000013,0.017736,0.982251
TTCGTGCATGTTATAG-1,0.00007,0.00007,0.99986
TTCGTGGGCTGGAAGC-1,0.000044,0.000044,0.999913
TTCGTTCAACGAAGTT-1,0.0345,0.026356,0.939144
TTCTAACCGAAGCTTA-1,0.000013,0.000621,0.999366
TTCTACCTCAATCGGT-1,0.000029,0.000029,0.999943
TTCTACCTTTATGTTG-1,0.000026,0.000026,0.999948
TTCTACTTGCGAGGGC-1,0.000038,0.023504,0.976458
TTCTAGAAAGTCTTAT-1,0.000032,0.012383,0.987585
TTCTAGGCCAATTGTG-1,0.000038,0.057258,0.942703
TTCTATGCCTTTCGCA-1,0.007845,0.000021,0.992134
TTCTATTAAACGCAGC-1,0.00002,0.00002,0.999959
TTCTCAATTGCTACAA-1,0.000042,0.075762,0.924196
TTCTCTTACAGGTGAT-1,0.000042,0.002605,0.997353
TTCTGACCGGGCTCAA-1,0.000248,0.022102,0.97765
TTCTGCCGCGCCTAGA-1,0.000034,0.029473,0.970493
TTCTGCGAGCGCCCTT-1,0.000036,0.087798,0.912166
TTCTGCGGGTTAGCGG-1,0.000052,0.000052,0.999895
TTCTGCTAGACTCCAA-1,0.003663,0.000027,0.99631
TTCTTAGTGAACGGTG-1,0.00006,0.154114,0.845827
TTCTTAGTGGCTCAGA-1,0.000029,0.000029,0.999941
TTCTTATCCGCTGGGT-1,0.000202,0.000202,0.999597
TTCTTCCCTTTGATAT-1,0.000049,0.220568,0.779383
TTCTTCGCAATAGAGC-1,0.000045,0.051514,0.948441
TTCTTGAGCCGCGCTA-1,0.008298,0.000348,0.991355
TTCTTGCTAGCATCTC-1,0.000172,0.058321,0.941507
TTCTTGGACGATCTGC-1,0.000015,0.020532,0.979454
TTCTTGGAGTAATGAG-1,0.002395,0.006255,0.99135
TTCTTGTAACCTAATG-1,0.000006,0.000006,0.999988
TTCTTGTGTCCATCAG-1,0.11686,0.397045,0.486096
TTCTTTGGTCGCGACG-1,0.01166,0.000046,0.988294
TTGAAACCCTCATTCC-1,0.024914,0.099626,0.87546
TTGAAAGGTGTAAAGG-1,0.000026,0.102715,0.897259
TTGAACGAATCCTTTG-1,0.000055,0.623605,0.37634
TTGAACGACGTGCTGA-1,0.000144,0.007033,0.992823
TTGAAGAATTCCCAGG-1,0.000014,0.000683,0.999304
TTGAAGGATGGGCGCC-1,0.000038,0.07013,0.929833
TTGAATATGGACTTTC-1,0.056623,0.049931,0.893446
TTGAATCGTTGTATAA-1,0.000024,0.123915,0.876061
TTGAATTCACGTGAGG-1,0.004632,0.017099,0.978269
TTGACAGGAGCTCCCG-1,0.111191,0.137418,0.751391
TTGACATGAACGTGGA-1,0.000011,0.026255,0.973733
TTGACCAGGAACAACT-1,0.000104,0.044429,0.955467
TTGACCATGTTCTCCG-1,0.015219,0.000043,0.984738
TTGACCGTGTTAATGA-1,0.000018,0.025878,0.974104
TTGACGATTCAGCACG-1,0.000078,0.185268,0.814655
TTGACGCTCCATGAGC-1,0.008906,0.000082,0.991012
TTGACTACCATATGGT-1,0.000043,0.032259,0.967699
TTGACTATTGTCCGGC-1,0.000196,0.000196,0.999609
TTGAGAAGTTTAGCAT-1,0.000307,0.000307,0.999386
TTGAGAGTACTGCTAA-1,0.000034,0.000034,0.999932
TTGAGCAGCCCACGGT-1,0.000024,0.000024,0.999952
TTGAGCGCCACGTGAT-1,0.008184,0.000014,0.991802
TTGAGGCATTTAACTC-1,0.000037,0.000037,0.999927
TTGAGGGTCGAACGCG-1,0.000039,0.013081,0.98688
TTGAGTCCCGCTGCTG-1,0.006389,0.043506,0.950105
TTGATAGTCAATACAT-1,0.000028,0.000028,0.999945
TTGATCTAACTTTGTC-1,0.000026,0.021718,0.978255
TTGATGCCGCTCGTCG-1,0.000035,0.000035,0.99993
TTGATGTGTAGTCCCG-1,0.000037,0.000037,0.999927
TTGATTAGCTGTTTCT-1,0.002468,0.000038,0.997494
TTGATTATGCAGATGA-1,0.000027,0.010248,0.989726
TTGCAAGAAGACTCCT-1,0.000042,0.000042,0.999915
TTGCACAATTCAGAAA-1,0.004067,0.061807,0.934125
TTGCACGGAGCAGCAC-1,0.000035,0.000035,0.999931
TTGCAGGTCATGAAGT-1,0.000034,0.193891,0.806075
TTGCATGCTGATCACG-1,0.000025,0.027645,0.97233
TTGCCAAGCAGAACCC-1,0.000021,0.021128,0.978852
TTGCCATAGCCCGCTC-1,0.000033,0.000033,0.999935
TTGCCCTGATCACGGG-1,0.000022,0.027714,0.972265
TTGCCGCAGACCTACA-1,0.000022,0.009397,0.990581
TTGCCGCTTTCTAGTA-1,0.000116,0.000116,0.999767
TTGCCGGTGATCCCTC-1,0.000032,0.052884,0.947084
TTGCCTAATCCAAAGT-1,0.00002,0.009123,0.990857
TTGCCTTCTCGCCGGG-1,0.000093,0.339821,0.660086
TTGCGCACAACCACGT-1,0.047219,0.041347,0.911434
TTGCGCTTGATCAATA-1,0.000151,0.08003,0.919819
TTGCGGAAAGCTGCCC-1,0.000059,0.029517,0.970424
TTGCGGCATCAGAAAG-1,0.000019,0.00898,0.991001
TTGCGGCGACTCATGC-1,0.00005,0.517536,0.482414
TTGCGTAGTTTGAGGA-1,0.040303,0.657278,0.302418
TTGCGTCGGCCAACCG-1,0.000031,0.000031,0.999937
TTGCGTGAACGCTTAG-1,0.000038,0.009837,0.990125
TTGCGTGTGTAGGCAT-1,0.000503,0.000503,0.998995
TTGCTCATAGTACGTG-1,0.006768,0.00006,0.993172
TTGCTCCCATACCGGA-1,0.000034,0.009465,0.990501
TTGCTGAAGGAACCAC-1,0.000011,0.000011,0.999977
TTGCTGATCATGTTCG-1,0.000047,0.004538,0.995415
TTGCTGCACCTATCCA-1,0.000099,0.320672,0.679229
TTGCTGGCCGGGCTTC-1,0.000011,0.000011,0.999979
TTGGAAGAATACAGTC-1,0.000021,0.000021,0.999957
TTGGACATGTGGCTTA-1,0.000033,0.03294,0.967028
TTGGACCATCTGGCAA-1,0.000314,0.008505,0.991182
TTGGACCTATAACAGT-1,0.000476,0.000476,0.999047
TTGGAGTCTCCCTTCT-1,0.045536,0.665837,0.288627
TTGGATATCGTCTACG-1,0.000045,0.078567,0.921387
TTGGATCGACTTCTGG-1,0.00387,0.020404,0.975726
TTGGATTGGGTACCAC-1,0.000023,0.007389,0.992589
TTGGCCAAATTGTATC-1,0.011092,0.000153,0.988756
TTGGCCATCTTGCGCT-1,0.039946,0.959767,0.000287
TTGGCCTAGAATTTCG-1,0.00004,0.019338,0.980622
TTGGCGATCCGAATAT-1,0.006564,0.029603,0.963833
TTGGCTCAATATGTGT-1,0.014835,0.080614,0.904551
TTGGCTCGCATGAGAC-1,0.000011,0.000011,0.999978
TTGGGAAGACGAGCCG-1,0.175553,0.000036,0.82441
TTGGGACACTGCCCGC-1,0.003753,0.002697,0.99355
TTGGGACGTAAGAGTT-1,0.000544,0.000544,0.998913
TTGGGCGGCGGTTGCC-1,0.06348,0.032298,0.904222
TTGGGTTTATTCAGCG-1,0.00002,0.00178,0.9982
TTGGTATGGCTTGTGT-1,0.001266,0.00002,0.998714
TTGGTCACACTCGTAA-1,0.000032,0.010115,0.989853
TTGGTGCGGTGTTGAA-1,0.003608,0.012415,0.983977
TTGGTTCGCTCAAAGG-1,0.000029,0.011508,0.988464
TTGGTTGCGGTGCGCG-1,0.000562,0.010075,0.989363
TTGTAACTTCATAGCG-1,0.000038,0.005358,0.994604
TTGTAAGGACCTAAGT-1,0.000028,0.000028,0.999943
TTGTAAGGCCAGTTGG-1,0.003352,0.007041,0.989606
TTGTAATCCGTACTCG-1,0.100906,0.00004,0.899054
TTGTACACCTCGAACA-1,0.000068,0.112955,0.886977
TTGTATCACACAGAAT-1,0.000033,0.144184,0.855783
TTGTCACCGCGGTATC-1,0.000051,0.235495,0.764454
TTGTCGTTCAGTTACC-1,0.000054,0.000054,0.999892
TTGTCTCGGCAAGATG-1,0.002406,0.047321,0.950274
TTGTGAACCTAATCCG-1,0.004209,0.00012,0.995671
TTGTGAGGCATGACGC-1,0.000055,0.086395,0.91355
TTGTGATCTGTTCAGT-1,0.007793,0.043749,0.948458
TTGTGCAGCCACGTCA-1,0.000072,0.000072,0.999855
TTGTGCGGAAGCGGAT-1,0.000064,0.089293,0.910643
TTGTGGAGACAGCCGG-1,0.000067,0.027625,0.972308
TTGTGGCCCTGACAGT-1,0.002998,0.049404,0.947599
TTGTGGTAGGAGGGAT-1,0.000015,0.000015,0.99997
TTGTGGTATAGGTATG-1,0.0027,0.001884,0.995415
TTGTGGTGGTACTAAG-1,0.002084,0.396222,0.601694
TTGTGTATGCCACCAA-1,0.000036,0.008958,0.991006
TTGTGTTTCCCGAAAG-1,0.00007,0.00007,0.999859
TTGTTAGCAAATTCGA-1,0.002075,0.023732,0.974193
TTGTTCAGTGTGCTAC-1,0.000025,0.035044,0.964931
TTGTTGGCAATGACTG-1,0.007377,0.062408,0.930215
TTGTTGTGTGTCAAGA-1,0.00002,0.013431,0.986549
TTGTTTCACATCCAGG-1,0.000026,0.000026,0.999948
TTGTTTCATTAGTCTA-1,0.000037,0.000037,0.999925
TTGTTTCCATACAACT-1,0.000024,0.003034,0.996941
TTGTTTGTATTACACG-1,0.00004,0.060084,0.939876
TTGTTTGTGTAAATTC-1,0.000093,0.164779,0.835128
