barcode,in_tissue,array_row,array_col,pxl_row_in_fullres,pxl_col_in_fullres
ACGCCTGACACGCGCT-1,1,0,0,22434,3896
TACCGATCCAACACTT-1,1,1,1,22295,4137
ATTAAAGCGGACGAGC-1,1,0,2,22157,3895
GATAAGGGACGATTAG-1,1,1,3,22018,4136
GTGCAAATCACCAATA-1,1,0,4,21880,3895
TGTTGGCTGGCGGAAG-1,1,1,5,21741,4136
GCATCCTCTCCTATTA-1,1,0,6,21603,3894
GCGAGGGACTGCTAGA-1,1,1,7,21463,4135
TGGTACCGGCACAGCC-1,1,0,8,21325,3894
GCGCGTTTAAATCGTA-1,1,1,9,21186,4135
TGCCTTGCCCTTACGG-1,1,0,10,21048,3893
GACGACTTTCCAAGAA-1,1,1,11,20909,4134
CCAGTGAGCTCCTTGT-1,1,0,12,20771,3893
ATACCCTGGCTCAAAT-1,1,1,13,20631,4133
GGGTTTCCGGCTTCCA-1,1,0,14,20493,3892
TAACCGTCCAGTTCAT-1,1,1,15,20354,4133
AAACAACGAATAGTTC-1,1,0,16,20216,3891
CAAGGGAGTGTATTTG-1,1,1,17,20077,4132
CCAAGCTTGATCTCCT-1,1,0,18,19939,3891
TTATTTCATCCCAAAC-1,1,1,19,19800,4132
GAGCGCTATGTCAGGC-1,1,0,20,19661,3890
TATGGCAGACTTTCGA-1,1,1,21,19522,4131
CTTCGTGCCCGCATCG-1,1,0,22,19384,3890
AAACGGGTTGGTATCC-1,1,1,23,19245,4131
TGCAAACCCACATCAA-1,1,0,24,19107,3889
GACGGGATGTCTTATG-1,1,1,25,18968,4130
GGCGAGCATCGAGGAC-1,1,0,26,18830,3889
CGCGTGCTATCAACGA-1,1,1,27,18690,4129
TGAAACCTCAACTCAC-1,1,0,28,18552,3888
CACATAAGGCGACCGT-1,1,1,29,18413,4129
TGACCCAACTCACATT-1,1,0,30,18275,3887
ATACGCCGATCTACCG-1,1,1,31,18136,4128
ACTTATCTGATCTATA-1,1,0,32,17998,3887
GTGTGAGCCGAGGTGC-1,1,1,33,17859,4128
GATGATTTGAAACTGG-1,1,0,34,17720,3886
GGGAACCACCTGTTTC-1,1,1,35,17581,4127
GTTCGTTGCGGACCAG-1,1,0,36,17443,3886
TGAGGTTGATCCCAAG-1,1,1,37,17304,4127
GATGCCACACTACAGC-1,1,0,38,17166,3885
AGGCAAAGAGGAATCA-1,1,1,39,17027,4126
AAGTAAGCTTCCAAAC-1,1,0,40,16889,3885
AACGTAGTCTACCCAT-1,1,1,41,16749,4125
GTTTGAGCGGTTATGT-1,1,0,42,16611,3884
GAAGCAAGGCAATGTT-1,1,1,43,16472,4125
TCACTCAGCGCATTAG-1,1,0,44,16334,3883
TACAATGAAACCAGCA-1,1,1,45,16195,4124
GTGCGCTTACAAATGA-1,1,0,46,16057,3883
GCACTCCCACAGTCCC-1,1,1,47,15918,4124
CGAAGACTGCCCGGGA-1,1,0,48,15779,3882
CAGGATCCGCCCGACC-1,1,1,49,15640,4123
CACGATTGGTCGTTAA-1,1,0,50,15502,3882
GGTTGTATCGTGAAAT-1,1,1,51,15363,4123
TCTTATGGGTAGTACC-1,1,0,52,15225,3881
TACAAGCTGTTCACTG-1,1,1,53,15086,4122
GTATCTTGTTGCTCAC-1,1,0,54,14948,3881
ATACCAGGTGAGCGAT-1,1,1,55,14808,4121
CCTAAACAGGGTCCGT-1,1,0,56,14670,3880
ATGGTGCTCAAAGCCA-1,1,1,57,14531,4121
CAAATGCGGAGTGTTC-1,1,0,58,14393,3879
CGTGCCCGACATTTGT-1,1,1,59,14254,4120
GTATCTCCCTAACTGT-1,1,0,60,14116,3879
ATTTGCCTAGTTACGA-1,1,1,61,13976,4120
ACGTCCTAAACGAGAT-1,1,0,62,13838,3878
CTGGGATCGCCCAGAT-1,1,1,63,13699,4119
CTGCAAATGGGCTCCA-1,1,0,64,13561,3878
CATTATAACAGGGTCC-1,1,1,65,13422,4119
ACCTTTCCTTTAGAAG-1,1,0,66,13284,3877
ATAGATTTGCAGTCGG-1,1,1,67,13145,4118
CTCGGGCATCGTCGGG-1,1,0,68,13006,3877
GTGGCGGGCCGTAGCT-1,1,1,69,12867,4117
CAACAGTGCCAAACGG-1,1,0,70,12729,3876
TGCGGGTATTGGGATC-1,1,1,71,12590,4117
GTCTCGCCAACACGCC-1,1,0,72,12452,3875
CTGGGCGGCCAAATGT-1,1,1,73,12313,4116
TAAAGGAGAAACTAGT-1,1,0,74,12175,3875
TCCCACGGAGGGAGCT-1,1,1,75,12035,4116
AGCTTCAATACTTTGA-1,1,0,76,11897,3874
TTCCACATTTCTCGTC-1,1,1,77,11758,4115
ACAAACCGACAAGGCG-1,1,0,78,11620,3874
AGACGGGATTGGTATA-1,1,1,79,11481,4115
AACCTAAAGCCGTCCG-1,1,0,80,11343,3873
TACAAATTGCGGAGGT-1,1,1,81,11204,4114
CCCGCTAGAGGGTTAA-1,1,0,82,11065,3873
CATTGCAAAGCATAAT-1,1,1,83,10926,4113
TGTACGCTATCAGCTT-1,1,0,84,10788,3872
TTCTTCGCAATAGAGC-1,1,1,85,10649,4113
TGTGATTCCAGCGCTT-1,1,0,86,10511,3871
ATTCAGGATCGCCTCT-1,1,1,87,10372,4112
GCCCATGGGTGCAATG-1,1,0,88,10234,3871
TTCCCGACGCTTCACT-1,1,1,89,10094,4112
AGCGGTTGAGATGTAC-1,1,0,90,9956,3870
GCTGTCTGTGATCGAC-1,1,1,91,9817,4111
AAAGACATGAAGTTTA-1,1,0,92,9679,3870
CAACAGAATAACGCTA-1,1,1,93,9540,4111
TGCGGTCTACGAGTAA-1,1,0,94,9402,3869
AAGACTCACGCCCACT-1,1,1,95,9263,4110
CTTTGAAACATATTCC-1,1,0,96,9124,3869
CTGGGCACTAGTCGGA-1,1,1,97,8985,4109
CGCCCTTACATCCACC-1,1,0,98,8847,3868
CACGACCACAGACTTT-1,1,1,99,8708,4109
CAATCCATTATCCGTT-1,1,0,100,8570,3867
GTGGCGTGCACCAGAG-1,1,1,101,8431,4108
CGGAGTCCTAACCTGG-1,1,0,102,8292,3867
GGTCCCATAACATAGA-1,1,1,103,8153,4108
ATCTCATAAACCTACC-1,1,0,104,8015,3866
TGCATGGCAGTCTTGC-1,1,1,105,7876,4107
TTGCAGGTCATGAAGT-1,1,0,106,7738,3866
AGCTGCATTTGAGGTG-1,1,1,107,7599,4107
TAATCAGGAATGCTGC-1,1,0,108,7461,3865
CCATCATAAGAACAGG-1,1,1,109,7321,4106
TCGTATCACCAAGCTA-1,1,0,110,7183,3865
ATTCAGATGAATCCCT-1,1,1,111,7044,4105
AAAGGTCAACGACATG-1,1,0,112,6906,3864
AGCTGCTGTGCCGAAT-1,1,1,113,6767,4105
CTAGCGCCAATCCTAC-1,1,0,114,6629,3863
GCTCGACCGAACTGAA-1,1,1,115,6490,4104
ACAGTGCAGCGCATTT-1,1,0,116,6351,3863
CGGCTGAAGGTTACGC-1,1,1,117,6212,4104
CACCTCTACGAGTGTG-1,1,0,118,6074,3862
ATACGACAGATGGGTA-1,1,1,119,5935,4103
ACTTCCTGTCGTGCGA-1,1,0,120,5797,3862
CGTAACGGAACGATCA-1,1,1,121,5658,4103
AAATCACTCCTAAACG-1,1,0,122,5520,3861
CTCCGAGTAAATCCGC-1,1,1,123,5380,4102
ACGCTAGTATCAGTGC-1,1,0,124,5242,3861
AGAGTGAACAGACACC-1,1,1,125,5103,4101
ACACCCGTAAATCTGT-1,1,0,126,4965,3860
GCTTTGCTGCCGGGTA-1,1,1,127,4826,4101
ACAGGAGGCGCAGCCG-1,1,2,0,22433,4378
AGGCAATACGGAGGAC-1,1,3,1,22294,4619
TGGTGTGACAGACGAT-1,1,2,2,22156,4378
ATCTATCGATGATCAA-1,1,3,3,22017,4619
CGGTAACAAGATACAT-1,1,2,4,21879,4377
TCGCCGGAGAGTCTTA-1,1,3,5,21740,4618
GGAGGAGTGTGTTTAT-1,1,2,6,21602,4377
TTAGGTGTGACTGGTC-1,1,3,7,21462,4618
CAGGGCTAACGAAACC-1,1,2,8,21324,4376
CCCGTGGGTTAATTGA-1,1,3,9,21185,4617
GACCGACCGCTAATAT-1,1,2,10,21047,4376
GGTATCAAGCATAGAA-1,1,3,11,20908,4617
TGCATGAGTAGATTCG-1,1,2,12,20770,4375
AATTCCAACTTGGTGA-1,1,3,13,20631,4616
TGCCGATGTCATCAAT-1,1,2,14,20492,4374
GCTGGGTCCGCTGTTA-1,1,3,15,20353,4615
TGAACACCCGAAGCAG-1,1,2,16,20215,4374
AACATTGGTCAGCCGT-1,1,3,17,20076,4615
GTGGGTCTTCTTTGCG-1,1,2,18,19938,4373
CATCGAATGGATCTCT-1,1,3,19,19799,4614
GCTACACTGTCCGAAC-1,1,2,20,19660,4373
CGGGTTGTAGCTTTGG-1,1,3,21,19521,4614
CCTAAGTGTCTAACCG-1,1,2,22,19383,4372
TCTGTGACTGACCGTT-1,1,3,23,19244,4613
TTATCATACTCGCAAA-1,1,2,24,19106,4372
AGCGTAGCGCTAGACC-1,1,3,25,18967,4613
TCCCTCCGAAATCGTT-1,1,2,26,18829,4371
AGGTCGCCACTTCGGT-1,1,3,27,18689,4612
CTAGCAACTAATTTAC-1,1,2,28,18551,4370
TTGCTAGCTACCAATC-1,1,3,29,18412,4611
GCCGGTTTGGGCGGAT-1,1,2,30,18274,4370
TGTAACTTGTCAACCT-1,1,3,31,18135,4611
CGAGATGTTGCCTATA-1,1,2,32,17997,4369
GTTACGAAATCCACGC-1,1,3,33,17858,4610
CTTGTCGTACGTGTCA-1,1,2,34,17719,4369
GCGTCCAGCTCGTGGC-1,1,3,35,17580,4610
CCCTTCTCGTACGCGA-1,1,2,36,17442,4368
CCAAAGTCCCGCTAAC-1,1,3,37,17303,4609
CCGCTTCGCGGTTAAC-1,1,2,38,17165,4368
GTTACGGCCCGACTGC-1,1,3,39,17026,4609
CCCGCTTGCCCTCGTC-1,1,2,40,16888,4367
TAGTGAGAAGTGGTTG-1,1,3,41,16748,4608
CGCTACCGCCCTATGA-1,1,2,42,16610,4366
AAACAATCTACTAGCA-1,1,3,43,16471,4607
GCGCGATGGGTCAAGT-1,1,2,44,16333,4366
ATAAACCATTGGACGG-1,1,3,45,16194,4607
TCGGGCACTTCTGGAT-1,1,2,46,16056,4365
TCTGTGGCTACATTTC-1,1,3,47,15917,4606
CTCTGTGCCTGCTATG-1,1,2,48,15778,4365
CACGACTAAAGTTCTG-1,1,3,49,15639,4606
GAGGAGTAATTCCTAC-1,1,2,50,15501,4364
AGAGGTATCTCGGTCC-1,1,3,51,15362,4605
GGCGTACCCTATATAA-1,1,2,52,15224,4364
GCCGGAAACACATCTT-1,1,3,53,15085,4605
AAATGTGGGTGCTCCT-1,1,2,54,14947,4363
ACCAGGAGTGTGATCT-1,1,3,55,14807,4604
TGTGGAGGAAGCTTAA-1,1,2,56,14669,4362
AAGGAGAACTTATAAG-1,1,3,57,14530,4603
CCCTCGGGAGCCTTGT-1,1,2,58,14392,4362
ACTGTTTAGTGTAGGC-1,1,3,59,14253,4603
CGTCAGTTTATCGTCT-1,1,2,60,14115,4361
GCGTGTATGTCGTATT-1,1,3,61,13975,4602
ACAATCGATCTTTATA-1,1,2,62,13837,4361
CAGCCCTCACAGGCAG-1,1,3,63,13698,4602
CGCGTCATATTAAACC-1,1,2,64,13560,4360
GAAGACTTCAATGCCG-1,1,3,65,13421,4601
TTGCGGCGACTCATGC-1,1,2,66,13283,4360
ACCAAACTAGAAATCC-1,1,3,67,13144,4601
TTACTGTTTCTCTACG-1,1,2,68,13005,4359
GACCAGGTCATTCATA-1,1,3,69,12866,4600
TTCTTCCCTTTGATAT-1,1,2,70,12728,4358
ACGCCCAGCTGTCGAT-1,1,3,71,12589,4599
AGTAGCGTGAACGAAC-1,1,2,72,12451,4358
CCTCGACCCACTGCCT-1,1,3,73,12312,4599
AGTTATTGAAAGGTAA-1,1,2,74,12174,4357
TCAGTTACGGAATGAT-1,1,3,75,12034,4598
GAATCTATACTCGGAC-1,1,2,76,11896,4357
TCGGCTAACTTCCCTT-1,1,3,77,11757,4598
ACGTGGTCGAATGTGC-1,1,2,78,11619,4356
ATATCGTGCCAGACCC-1,1,3,79,11480,4597
GTAGCTAGTAAGCGCG-1,1,2,80,11342,4356
ACGCTTAGTGTCTCTC-1,1,3,81,11203,4597
TCCGGCCTGCATCGAT-1,1,2,82,11064,4355
TAGTGGAACTCATACA-1,1,3,83,10925,4596
ATCATCTGCCCAGTGT-1,1,2,84,10787,4354
GTTATTAAATACGACC-1,1,3,85,10648,4595
GCGCTAAGTATGCATG-1,1,2,86,10510,4354
CCTGACGCAACCTTTA-1,1,3,87,10371,4595
CCCAAGAATGCACGGT-1,1,2,88,10233,4353
AACTGGGTTCGAGCCG-1,1,3,89,10093,4594
GGTTCCACCCGCTTCT-1,1,2,90,9955,4353
CATGCACGTGTTACTG-1,1,3,91,9816,4594
AGCGTTCCGATTTAAA-1,1,2,92,9678,4352
CCTACGCGACCTTACA-1,1,3,93,9539,4593
CGAATTACATGGTGTT-1,1,2,94,9401,4352
GAGGTCTTAGTGGGTC-1,1,3,95,9262,4593
GCCGCTAGATACGCAG-1,1,2,96,9123,4351
GTCACCTGTCTATGTC-1,1,3,97,8984,4592
CCGATTGGTCAATGAA-1,1,2,98,8846,4350
CCTGTGCGGATTGTAA-1,1,3,99,8707,4591
TTACGTAGCGCGTGCT-1,1,2,100,8569,4350
GGAGGCGAAGAACCGC-1,1,3,101,8430,4591
GGGTCACGTGCTTATG-1,1,2,102,8292,4349
GCTCCGGACGTTGATA-1,1,3,103,8152,4590
ATGTTTGTAAGATCAT-1,1,2,104,8014,4349
TGACCCAGCATTCCCG-1,1,3,105,7875,4590
TGGTCGTTTGATAGAT-1,1,2,106,7737,4348
TGTAATGCCTTCGGAC-1,1,3,107,7598,4589
TGCTCACACAACAACC-1,1,2,108,7460,4348
TACGATCCAAGCCACT-1,1,3,109,7320,4589
TTGTAACTTCATAGCG-1,1,2,110,7182,4347
AGATTCAAGCGGGTCG-1,1,3,111,7043,4588
CTCAGCAGACTGCCGA-1,1,2,112,6905,4346
GTAACATCAGCTCATC-1,1,3,113,6766,4587
ATGGAACAGAATAAAC-1,1,2,114,6628,4346
GGGCCTATACAACCGG-1,1,3,115,6489,4587
TCAAACAATTAGGACA-1,1,2,116,6350,4345
AAACCACTACACAGAT-1,1,3,117,6211,4586
AAACGACAGTCTTGCC-1,1,2,118,6073,4345
TTGAGGGTCGAACGCG-1,1,3,119,5934,4586
TGTTGATCACTGTTTA-1,1,2,120,5796,4344
AGGGTGTGCTACACGC-1,1,3,121,5657,4585
GTAGTTAGACAATATA-1,1,2,122,5519,4344
AATGGCCGCCAATGCG-1,1,3,123,5379,4585
TCGGCGGTATTAGATT-1,1,2,124,5241,4343
GGGTCACTGAGTAGTG-1,1,3,125,5102,4584
GAATTATGCAACCTAC-1,1,2,126,4964,4342
GATCTTAGTGAACGTG-1,1,3,127,4825,4583
CTAATGCGCCCAACAA-1,1,4,0,22432,4861
GCCACCCATTCCACTT-1,1,5,1,22293,5102
TACTCACAACGTAGTA-1,1,4,2,22155,4860
GTTCGGTGTGGATTTA-1,1,5,3,22016,5101
TCTTTCGGCGGGACAC-1,1,4,4,21878,4860
GGAGACATTCACGGGC-1,1,5,5,21739,5101
GGGATTATCTCACAAC-1,1,4,6,21601,4859
TAGAACGCCAGTAACG-1,1,5,7,21461,5100
ACGAGTCGCCGGCGTT-1,1,4,8,21323,4859
TGATGGGACTAAGTCA-1,1,5,9,21184,5100
TGCGAGAAACGTTACG-1,1,4,10,21046,4858
TCGCCTCGACCTGTTG-1,1,5,11,20907,5099
AACTCGATAAACACGT-1,1,4,12,20769,4857
AGGAAAGCCTCTGATG-1,1,5,13,20630,5098
GAAGGACTAAATTGAA-1,1,4,14,20491,4857
GTATCGGGACGAGCTG-1,1,5,15,20352,5098
CCTGTGCATAGGAGAC-1,1,4,16,20214,4856
CATACGGGTGCATGAT-1,1,5,17,20075,5097
CCACTAAACTGAATCG-1,1,4,18,19937,4856
AAATTGCGGCGGTTCT-1,1,5,19,19798,5097
AGTCCAGCGGGTACGT-1,1,4,20,19659,4855
CATTCAGGTCAGTGCG-1,1,5,21,19520,5096
CTAAAGTCCGAAGCTA-1,1,4,22,19382,4855
AATCAGACTGCAGGAC-1,1,5,23,19243,5096
AGTATCCATAATAACG-1,1,4,24,19105,4854
CTGGCTGCTAACGTAA-1,1,5,25,18966,5095
GTTCCAAGACAGCGAC-1,1,4,26,18828,4853
AAGACTAACCCGTTGT-1,1,5,27,18688,5094
GATTAATCCTGGCTCA-1,1,4,28,18550,4853
CGCGCAAGGAACTACA-1,1,5,29,18411,5094
CAGTAGCGAGGTAGTA-1,1,4,30,18273,4852
ACGGCGGGTTGCCCTG-1,1,5,31,18134,5093
CTAGGCGGCAGAGAAT-1,1,4,32,17996,4852
GTGCGCAGCTTGCTCC-1,1,5,33,17857,5093
TCACTATCGTGCAATC-1,1,4,34,17718,4851
TATGATTCTGCTTGGT-1,1,5,35,17579,5092
TAAGATTTAGCGGGAG-1,1,4,36,17441,4851
TTACGGTGTCACCGAG-1,1,5,37,17302,5092
CTACACTAGCTTGTTC-1,1,4,38,17164,4850
TGAGCAGTCGTGAAGT-1,1,5,39,17025,5091
CGCTGAGGACGTCCAA-1,1,4,40,16887,4849
GTGTATGACTTTAAAG-1,1,5,41,16747,5090
CTAAACGGGTGTAATC-1,1,4,42,16609,4849
TGTACTGTGCCAAAGT-1,1,5,43,16470,5090
GGCCACAAGCGATGGC-1,1,4,44,16332,4848
GTCAATTGTACTGAAG-1,1,5,45,16193,5089
AGGGACAGCACGGCGG-1,1,4,46,16055,4848
AGCTTATAGAGACCTG-1,1,5,47,15916,5089
AACTAGCGTATCGCAC-1,1,4,48,15777,4847
AACTTTAGCTGCTGAG-1,1,5,49,15638,5088
CCCAAGACAGAGTATG-1,1,4,50,15500,4847
GGCATCAACGAGCACG-1,1,5,51,15361,5088
ATGCATTCCGTGATGG-1,1,4,52,15223,4846
TTATAGATGCACATTA-1,1,5,53,15084,5087
GAACCATCTGGGAGAC-1,1,4,54,14946,4845
TGCTATACAAACGGAC-1,1,5,55,14806,5086
ACTTGCCATATTGTAC-1,1,4,56,14668,4845
TATTCCGGCAGTCCTA-1,1,5,57,14529,5086
GACGGACCGCGTTCCT-1,1,4,58,14391,4844
ATGTGTAGTTTAGTCA-1,1,5,59,14252,5085
ATACCAGCAAATTGCT-1,1,4,60,14114,4844
AAGTTTACTAATGGCA-1,1,5,61,13975,5085
CTCTCGATGTGCGCCT-1,1,4,62,13836,4843
GATTGACACTCTGCTC-1,1,5,63,13697,5084
TATCACAGCACGGGCA-1,1,4,64,13559,4843
ACCGTTCCCGCTCTGA-1,1,5,65,13420,5084
CCGCCACCACAATCCA-1,1,4,66,13282,4842
CATTCACTGACAGCTA-1,1,5,67,13143,5083
CGGCTGCAAGATTAAG-1,1,4,68,13004,4841
CATGAACCTCTTATCA-1,1,5,69,12865,5082
TTAATGCGAGGTAACT-1,1,4,70,12727,4841
AATAAGTCCTCGAGAC-1,1,5,71,12588,5082
ACCAGCCCGGTCTTTG-1,1,4,72,12450,4840
CTACGAACTAGGTCGA-1,1,5,73,12311,5081
ACATCTCAACGCGTAA-1,1,4,74,12173,4840
CACTACTCAGTTCTGT-1,1,5,75,12033,5081
CCGACTCGCATAGTCT-1,1,4,76,11895,4839
CATTTATCGTTCAAGA-1,1,5,77,11756,5080
CAAACGTGGTCTTGCG-1,1,4,78,11618,4839
TAGAAACCACTAAGTA-1,1,5,79,11479,5080
ACTGATTTAGTGATTC-1,1,4,80,11341,4838
TCGTATTTCGTCCGGA-1,1,5,81,11202,5079
CGGAAATTTCACATCC-1,1,4,82,11063,4837
ATCCACGCTAAATGTT-1,1,5,83,10924,5078
GTTCAATCTATGTCAA-1,1,4,84,10786,4837
ATAAAGGTCAAGTACG-1,1,5,85,10647,5078
CAACTCCAACGTTTAG-1,1,4,86,10509,4836
TAGGAACAGCCTCCAG-1,1,5,87,10370,5077
ATGGGAACGGAAGCGG-1,1,4,88,10232,4836
CACACGTTTCAATGGG-1,1,5,89,10092,5077
GGTGTTCTGTTTCTAC-1,1,4,90,9954,4835
AGTAACGTTCATCCTG-1,1,5,91,9815,5076
GTATAGTGGCCCATGT-1,1,4,92,9677,4835
TCTACACGTTCATGCA-1,1,5,93,9538,5076
AATCTGGGTAGACCCT-1,1,4,94,9400,4834
TCGGTTAGCCATGTAG-1,1,5,95,9261,5075
TGCCATGGCTTATAAG-1,1,4,96,9122,4833
TAAGTAAATGTGCCGC-1,1,5,97,8983,5074
GTGTCCGATAAGGCAT-1,1,4,98,8845,4833
TGGCACGAGCTCGAGT-1,1,5,99,8706,5074
ACCGGTCTGAGTACGG-1,1,4,100,8568,4832
GAACTTAGCGCCCGGT-1,1,5,101,8429,5073
AGTAGCTAGACGCCGA-1,1,4,102,8291,4832
ATAGGAATCTAAGCTT-1,1,5,103,8151,5073
CTTCCTGCATATTTAC-1,1,4,104,8013,4831
CAATATGTAGATTTAC-1,1,5,105,7874,5072
ACAAGGCCTACCAGCC-1,1,4,106,7736,4831
TTATAGTCCAAGGTGC-1,1,5,107,7597,5072
AAACGCCCGAGATCGG-1,1,4,108,7459,4830
CCTCGTTACGCCTGTT-1,1,5,109,7319,5071
GAACGGTGTAAAGCAG-1,1,4,110,7181,4829
ACGCATAAATGACATG-1,1,5,111,7042,5070
GGTTCGATGCTGAGTT-1,1,4,112,6904,4829
CTTTGGCAGACAGAGT-1,1,5,113,6765,5070
TTCGTGGGCTGGAAGC-1,1,4,114,6627,4828
CAAAGGTTAAATTCAG-1,1,5,115,6488,5069
GTTTGGCGTCAGGCAC-1,1,4,116,6349,4828
GCTTTCTATCTCAACT-1,1,5,117,6210,5069
TGCATCTCCGGATCTT-1,1,4,118,6072,4827
CTGAAACGGCCCTCAG-1,0,5,119,5933,5068
TAGCAGTAAATACGCG-1,1,4,120,5795,4827
CGGGCTACTTAAATTG-1,0,5,121,5656,5068
ATTATGCTCAGTATTG-1,1,4,122,5518,4826
TGATGCTCACGTAGTC-1,0,5,123,5378,5067
GTCTAAGATGCCCAGC-1,1,4,124,5240,4825
AACCCGATAGGGCTTC-1,0,5,125,5101,5066
CGCTATCGTGGCTTTA-1,0,4,126,4963,4825
CGTCTCTCGCCGAGGC-1,0,5,127,4824,5066
AGTGGGAGTATACACG-1,1,6,0,22431,5343
GGTCTTGGTGTTAACT-1,1,7,1,22292,5584
GGCTGGCAGCTTTATG-1,1,6,2,22154,5343
CGCCAATTATTGCGTT-1,1,7,3,22015,5584
GGTAACCGGCAAAGGT-1,1,6,4,21877,5342
TGGGACCATTGGGAGT-1,1,7,5,21738,5583
CTGCAGGTGCTCGGCC-1,1,6,6,21600,5342
CCGGTGCGAGTGATAG-1,1,7,7,21460,5583
GGGTACACTCTGGAGG-1,1,6,8,21322,5341
TAGCCAGAGGGTCCGG-1,1,7,9,21183,5582
CTTGTGAGGACAGCGG-1,1,6,10,21045,5341
GAAGGGCATAACCATG-1,1,7,11,20906,5582
CAACATGGCCTGATAA-1,1,6,12,20768,5340
CAATTTGACCGGGAAG-1,1,7,13,20629,5581
TCTGACTGTAATGGTT-1,1,6,14,20490,5339
TTCATAGCCTTGTAAC-1,1,7,15,20351,5580
TGGAAACGGAGTGAAC-1,1,6,16,20213,5339
ATCGCACGATTGTTCA-1,1,7,17,20074,5580
CGCCACCCGCATTAAC-1,1,6,18,19936,5338
TGGACCACGGCGTTGA-1,1,7,19,19797,5579
GTATATGTTACGGCGG-1,1,6,20,19658,5338
GTATTCTTACCGTGCT-1,1,7,21,19519,5579
TTCAGAGTAACCTGAC-1,1,6,22,19381,5337
GCGGTAACCCAAATGA-1,1,7,23,19242,5578
CTACGTGTTGCCACCA-1,1,6,24,19104,5337
CTAGATAAACTCCTCG-1,1,7,25,18965,5578
TCCATTAGTTGGATAG-1,1,6,26,18827,5336
CTGGCTCCTGCGGGAT-1,1,7,27,18687,5577
CAGTCTCTCGGCTAAT-1,1,6,28,18549,5335
GTATGACGTGGGAAAC-1,1,7,29,18410,5576
AGTCACTCCGCCTCAT-1,1,6,30,18272,5335
GCAGCGGTGGGCATTA-1,1,7,31,18133,5576
TATGGAGTTTCTCGTT-1,1,6,32,17995,5334
ACTCAACGAATGTATT-1,1,7,33,17856,5575
AACACGCGGCCGCGAA-1,1,6,34,17717,5334
CGATATTAGCCGCAGG-1,1,7,35,17578,5575
AGCGTCTGAACCCGCA-1,1,6,36,17440,5333
GATGTCCGGATCACAT-1,1,7,37,17301,5574
GGTCACGTTAGATTCA-1,1,6,38,17163,5333
TTAAGGATACGGAGGT-1,1,7,39,17024,5574
GTGCGGGACCATCGGC-1,1,6,40,16886,5332
CCATCTTGTTCACAAT-1,1,7,41,16746,5573
TCCGAGAAGGCTAAGC-1,1,6,42,16608,5331
TGGCGGTGTGCGATTG-1,1,7,43,16469,5572
ATCCTGCTGCAGATAG-1,1,6,44,16331,5331
TTATGCGTCCCGGTCC-1,1,7,45,16192,5572
CATAATGAGCGGGCGA-1,1,6,46,16054,5330
AGACATAGATCCTTCC-1,1,7,47,15915,5571
GGTGAAACCGGGAATG-1,1,6,48,15776,5330
AACTGGTGTGGGCCTT-1,1,7,49,15637,5571
GTAGCGCTGTTGTAGT-1,1,6,50,15499,5329
TTGTTTGTGTAAATTC-1,1,7,51,15360,5570
GGATCAAAGGACGAGG-1,1,6,52,15222,5329
CGTAGCGCCGACGTTG-1,1,7,53,15083,5570
CAAGTGAACTTTGGTT-1,1,6,54,14945,5328
GTAGACAACCGATGAA-1,1,7,55,14805,5569
CAATGGTCGGCCTGGG-1,1,6,56,14667,5327
ACAGATTAGGTTAGTG-1,1,7,57,14528,5568
GTTATCACCTTCTGAA-1,1,6,58,14390,5327
TGGTATCGGTCTGTAT-1,1,7,59,14251,5568
GGAATAACCTCAAGAA-1,1,6,60,14113,5326
ATTATCTCGACAGATC-1,1,7,61,13974,5567
CCGAGGGATGTTAGGC-1,1,6,62,13835,5326
TGAGATCAAATACTCA-1,1,7,63,13696,5567
AAACGAAGAACATACC-1,1,6,64,13558,5325
CTGGTCCTAACTTGGC-1,1,7,65,13419,5566
TGCACGAGTCGGCAGC-1,1,6,66,13281,5325
ATAGTCTTTGACGTGC-1,1,7,67,13142,5566
TGGAGCTAAAGTTCCC-1,1,6,68,13003,5324
GGGTGGTCCAGCCTGT-1,1,7,69,12864,5565
CATGCATGGAGACCCT-1,1,6,70,12726,5323
ACACGGCACTATGCAT-1,1,7,71,12587,5564
CCCTGGTATGGGCGGC-1,1,6,72,12449,5323
GGAGGATTGAAAGGAG-1,1,7,73,12310,5564
CCGCTGGTGCCATTCA-1,1,6,74,12172,5322
GTTAGAGTGTGCCGCT-1,1,7,75,12032,5563
TCGGAATGACCATCAA-1,1,6,76,11894,5322
TTCAATTAGCCATAAT-1,1,7,77,11755,5563
GATGTGTTGTCACAAG-1,1,6,78,11617,5321
TCTTTCTCTTAAGGAG-1,1,7,79,11478,5562
ACCCTTTAGTTCTCCA-1,1,6,80,11340,5321
ACCACAACTCAGAACA-1,1,7,81,11201,5562
TATGATAAATCTAACG-1,1,6,82,11062,5320
GATCCTCTTGCGCTTA-1,1,7,83,10923,5561
TTCTACCTTTATGTTG-1,1,6,84,10785,5319
GAAATACCTGCTGGCT-1,1,7,85,10646,5560
ATTCTGAGTATGAACT-1,1,6,86,10508,5319
GGATTAAGCTAAGGTC-1,1,7,87,10369,5560
AGTACGTGGCCTGTCT-1,1,6,88,10231,5318
TCAGGGTGCACGAAAC-1,1,7,89,10091,5559
AAATTTACCGAAATCC-1,1,6,90,9953,5318
TTGAGGCATTTAACTC-1,1,7,91,9814,5559
AACCAGTATCACTCTT-1,1,6,92,9676,5317
CACCGGAGATATCTCC-1,1,7,93,9537,5558
GACTGGGCGCCGCAAC-1,1,6,94,9399,5317
CACGTCTATGATGTGG-1,1,7,95,9260,5558
TTAAGACGAACGAACC-1,1,6,96,9121,5316
TGACCAGCTTCAAAGT-1,1,7,97,8982,5557
AGAGTTAGAGACCGAT-1,1,6,98,8844,5315
TTCGGACTGATGCCTT-1,1,7,99,8705,5556
CTCGAATGGAACGTAT-1,1,6,100,8567,5315
GGACGGCTTGCGCAAC-1,1,7,101,8428,5556
CTAAGTACAGGGCTAC-1,1,6,102,8290,5314
ACAAATTCAGATCTGA-1,1,7,103,8150,5555
CATGGAAATGGGACCA-1,1,6,104,8012,5314
GGTGGACCACGTGTTA-1,1,7,105,7873,5555
CACGACGTAATAGTAA-1,1,6,106,7735,5313
CGGGTTCGGCACGTAT-1,1,7,107,7596,5554
CTGGGCTATCCTTTGG-1,1,6,108,7458,5313
GTATTAGGGTTCGCGT-1,1,7,109,7319,5554
TCATTCGTATAATTTG-1,1,6,110,7180,5312
AATAGCAAGCCTCCTG-1,1,7,111,7041,5553
CATCTACCCGAGAACG-1,1,6,112,6903,5311
GCTTCAGTGGGATTAC-1,1,7,113,6764,5552
TCTGTGATGGAGGTTG-1,1,6,114,6626,5311
ATCCACTTTCAGACTA-1,1,7,115,6487,5552
ATGGTTACGAAACATG-1,1,6,116,6348,5310
GGCCCAATCTAGAGGG-1,1,7,117,6209,5551
GATGGTGAAATAACCC-1,0,6,118,6071,5310
AGAGGGACAATTGTCC-1,0,7,119,5932,5551
CGCGTACATTCTGGAA-1,0,6,120,5794,5309
CAAGAAACCCTAAACT-1,0,7,121,5655,5550
TTGGTGCGGTGTTGAA-1,0,6,122,5517,5309
GGTTCCCTAGTGTCTC-1,0,7,123,5377,5550
CGATAACCAATTTGAG-1,0,6,124,5239,5308
GCCCACTGGTCCACAA-1,0,7,125,5100,5549
GAGGGCCGGCAGAGTC-1,0,6,126,4962,5307
CGACACGGATGCCCAC-1,0,7,127,4823,5548
CTGTCTGTGGCTGGCT-1,1,8,0,22430,5826
ATATTATCCCGTATTT-1,1,9,1,22291,6067
GCGCTGGCGGAAAGTC-1,1,8,2,22153,5825
ATCTAACGTCCCTATG-1,1,9,3,22014,6066
GTCAGACAGCGTTGGA-1,1,8,4,21876,5825
GCCAGGCTTAGTGGTA-1,1,9,5,21737,6066
ATTCAAAGTACCTGTT-1,1,8,6,21599,5824
TGGACGTAGGCGAATC-1,1,9,7,21459,6065
ACACATTGACGCAACA-1,1,8,8,21321,5824
GATATCAGTATGTATC-1,1,9,9,21182,6065
TGGGCCTTGCCTGCAT-1,1,8,10,21044,5823
CAAAGTCAGGTTAGCT-1,1,9,11,20905,6064
GGATCCCTACCAGCTA-1,1,8,12,20767,5822
ATCGTCCAATCGAGTC-1,1,9,13,20628,6063
ACATGGCTCAATTTAG-1,1,8,14,20489,5822
AGGCCCAGTGACTGGT-1,1,9,15,20350,6063
GCTTCCAGCTTAGATT-1,1,8,16,20212,5821
TGCTTGAAACCATGCA-1,1,9,17,20073,6062
CAATATTGGACTAGTG-1,1,8,18,19935,5821
CGTGCTGGCCTAGTCG-1,1,9,19,19796,6062
CCTGCGATAGAACTGT-1,1,8,20,19657,5820
GGGTAATGCTGTGTTT-1,1,9,21,19518,6061
AACGCGAACGGCAACA-1,1,8,22,19380,5820
TGTCGGCATGGTGGAA-1,1,9,23,19241,6061
AGCGTACGAGAGCTAG-1,1,8,24,19103,5819
ATACTCTCGCCACTCT-1,1,9,25,18964,6060
AATCCATGCAAGGGTG-1,1,8,26,18826,5818
TTAAACAGAGTCCCGC-1,1,9,27,18686,6059
CCACAGCTGAAATCAT-1,1,8,28,18548,5818
CGGTTCCGGCTTCTTG-1,1,9,29,18409,6059
GACGTGAGACTCCATG-1,1,8,30,18271,5817
TCGTTGGCTCGTCAAT-1,1,9,31,18132,6058
GGTGAACGGGCTAGCC-1,1,8,32,17994,5817
GCACTGTGCAAATGTA-1,1,9,33,17855,6058
ACGAGAACCCATCACG-1,1,8,34,17716,5816
CCAGCTACGCCTCATA-1,1,9,35,17577,6057
TCCCGGTCAGGAATTT-1,1,8,36,17439,5816
TCGCATTCAATGACTT-1,1,9,37,17300,6057
CTGGTTCAACGCATCA-1,1,8,38,17162,5815
GGTGATTTCATCTTGT-1,1,9,39,17023,6056
CACCCTTTCCTCGCTC-1,1,8,40,16885,5814
CAACTTGTAGTGGGCA-1,1,9,41,16745,6055
AATATCAAGGTCGGAT-1,1,8,42,16607,5814
ACTCAGACCTGCTTCT-1,1,9,43,16468,6055
TTGGAGTCTCCCTTCT-1,1,8,44,16330,5813
GGATACTCATGAATTG-1,1,9,45,16191,6054
TGGGCACAAACAGAAC-1,1,8,46,16053,5813
GAGCCACGGTAGTAGG-1,1,9,47,15914,6054
TCGATAGGCTAGTCGC-1,1,8,48,15775,5812
TAACCGCCCGCAGTGC-1,1,9,49,15636,6053
GCCTATTTGCTACACA-1,1,8,50,15498,5812
TTGACGATTCAGCACG-1,1,9,51,15359,6053
TTAAACCGGTAGCGAC-1,1,8,52,15221,5811
ACCGAAAGGGCCCTGC-1,1,9,53,15082,6052
ACGTTCCGCGCTCCGT-1,1,8,54,14944,5810
ATACCAGGCTAATAGA-1,1,9,55,14804,6051
CGGCTTTGTATGATAA-1,1,8,56,14666,5810
CTTGACCCGAAAGATA-1,1,9,57,14527,6051
CGCAGAAACATTTGCG-1,1,8,58,14389,5809
GACCCGTCGCCGGCTA-1,1,9,59,14250,6050
AATCGGGACACTACGA-1,1,8,60,14112,5809
GTCACAAAGTTTCCAA-1,1,9,61,13973,6050
TATATTCGCGTCGATA-1,1,8,62,13834,5808
CCTCCCGACAATCCCT-1,1,9,63,13695,6049
CGACATGCGATCTTCT-1,1,8,64,13557,5808
AACACGACTGTACTGA-1,1,9,65,13418,6049
CCCAACCACACTAACA-1,1,8,66,13280,5807
CACCGCCGACCAGCGA-1,1,9,67,13141,6048
TGGTATCGCATCCCAA-1,1,8,68,13002,5806
CAGAGTGATTTAACGT-1,1,9,69,12863,6047
AACCCTGGTGGAACCA-1,1,8,70,12725,5806
GTCAGTTGTGCTCGTT-1,1,9,71,12586,6047
ATTGACGTAACTCGGT-1,1,8,72,12448,5805
GATGTCGGTCAACTGC-1,1,9,73,12309,6046
AGGGCAGCGGCGTGGT-1,1,8,74,12171,5805
ACATCGTTAACCTAGT-1,1,9,75,12031,6046
TCCATTGTGACCTCGT-1,1,8,76,11893,5804
TGTTTAATACTTCATC-1,1,9,77,11754,6045
TTGCTGGCCGGGCTTC-1,1,8,78,11616,5804
CATATTATTTGCCCTA-1,1,9,79,11477,6045
CTGCCTAGCCACCAAG-1,1,8,80,11339,5803
ACGAGATATTTGCTTA-1,1,9,81,11200,6044
GACTACAATTGCTCGT-1,1,8,82,11061,5802
AACGTGATGAAGGACA-1,1,9,83,10922,6043
ACTCTCTTATACACGA-1,1,8,84,10784,5802
CGCATCATGGCTTCAG-1,1,9,85,10645,6043
CGGCTCTTCGTCGAAC-1,1,8,86,10507,5801
ATTCTTCGTACTTATG-1,1,9,87,10368,6042
AGTGAGGGTTTCTGAC-1,1,8,88,10230,5801
GCCAGGCGTTCGCATG-1,1,9,89,10090,6042
GACTAACACAGCACCT-1,1,8,90,9952,5800
CAATGGAATCTACATA-1,1,9,91,9813,6041
GTGGTCAGCGAAGTAT-1,1,8,92,9675,5800
ATGGCTGGAAATGGCC-1,1,9,93,9536,6041
ATCAGGTCGCCATTGC-1,1,8,94,9398,5799
TATCACCATGTAAAGT-1,1,9,95,9259,6040
AGCGCTTATGGGCAAG-1,1,8,96,9120,5798
AAGCGGCGTCATGGGT-1,1,9,97,8981,6039
ACTAATACGTCAGGCG-1,1,8,98,8843,5798
GGCTGAGCATCGTAAG-1,1,9,99,8704,6039
CGGTTGGGTTCAAGTT-1,1,8,100,8566,5797
GACTGATTGGTCACAA-1,1,9,101,8427,6038
AGACGGGCCGATTTAA-1,1,8,102,8289,5797
ACCAGTGCCCGGTCAA-1,1,9,103,8149,6038
GTCCTTTAATGACTTC-1,1,8,104,8011,5796
CCTACAAGTCCGGAAT-1,1,9,105,7872,6037
GCCTGCTACACTGAGA-1,1,8,106,7734,5796
GACTCGGTCGGCGGAT-1,1,9,107,7595,6037
CTAGACATATATGTAG-1,1,8,108,7457,5795
TCGCCCAACTGACTCC-1,1,9,109,7318,6036
AAACTAACGTGGCGAC-1,1,8,110,7179,5794
AACTGAGGTCAGCGTC-1,1,9,111,7040,6035
ACAATGATTCTTCTAC-1,1,8,112,6902,5794
ATAAGTACCCGATTGT-1,1,9,113,6763,6035
ATTGGGAGTTCTGTAA-1,1,8,114,6625,5793
CGAACATAGTCAGAAA-1,1,9,115,6486,6034
TAGCTCAGATCCTAGT-1,1,8,116,6347,5793
GTGTCGTATTCACCTT-1,1,9,117,6208,6034
CTCACCGATCCAAACT-1,0,8,118,6070,5792
ATATGTGCACAAACCA-1,0,9,119,5931,6033
CAGTCCAACGCCTTCT-1,0,8,120,5793,5792
TCGTCCGGGTACACTC-1,0,9,121,5654,6033
GCAGAAACGTAATCCA-1,0,8,122,5516,5791
TTCGAGCCGGCGCTAC-1,0,9,123,5376,6032
GGAAGATAAGACTGTA-1,0,8,124,5238,5790
ATAAGCAAACACCGAG-1,0,9,125,5099,6031
GCATAAATTGAACGCC-1,0,8,126,4961,5790
CGCCGGTGTCGCAGTA-1,0,9,127,4822,6031
GACCTGGTCTGGGCGT-1,1,10,0,22429,6308
AGCCGCTTGATTAGCG-1,1,11,1,22290,6549
CCCGGCTAGGTGAGAA-1,1,10,2,22152,6308
CGAGCCGAGCACTCGA-1,1,11,3,22013,6549
TAGTGCTTGAATCCTT-1,1,10,4,21875,6307
CAACCGCACCTAGACA-1,1,11,5,21736,6548
ACCACTGTTCAAGAAG-1,1,10,6,21598,6307
AGATGCTATAACGAGC-1,1,11,7,21458,6548
AATTACTCGTACGCTC-1,1,10,8,21320,6306
CGTCAATCTTTAACAT-1,1,11,9,21181,6547
CCAAAGCAGTTGGTTG-1,1,10,10,21043,6306
CCATATTGGATCATGA-1,1,11,11,20904,6546
CGTACCGAAAGTCTAG-1,1,10,12,20766,6305
CTCGAGATCCAAAGCA-1,1,11,13,20627,6546
TGGATAGAGTAACAGA-1,1,10,14,20488,6304
TCACAGATCCTCAAAC-1,1,11,15,20349,6545
AGAGCTACGAAAGCAT-1,1,10,16,20211,6304
TGCGTGATTGGGTGTC-1,1,11,17,20072,6545
CACATGTTTGGACATG-1,1,10,18,19934,6303
TTCGCATCCGGAAGCA-1,1,11,19,19795,6544
CCCTAGTGTCAGGTGT-1,1,10,20,19657,6303
TTACCGCCTTAGGGAA-1,1,11,21,19517,6544
CCAGTCCATTATTCGA-1,1,10,22,19379,6302
CGTAAACGCTTGAGTG-1,1,11,23,19240,6543
ATTCCTTCCAGGCGGT-1,1,10,24,19102,6302
TTCCTTTCTGTGTTGC-1,1,11,25,18963,6542
AGTTGACATCGGCTGG-1,1,10,26,18825,6301
AACTCGATGGCGCAGT-1,1,11,27,18685,6542
GATAAGGCAGATGCAA-1,1,10,28,18547,6300
GGCTGGCTAGCTTAAA-1,1,11,29,18408,6541
CCTCATGCAGCTACGA-1,1,10,30,18270,6300
GACGCCTGTTGCAGGG-1,1,11,31,18131,6541
TAATTAGATGGATATG-1,1,10,32,17993,6299
GAGGGCATCGCGTATC-1,1,11,33,17854,6540
CTTGTGAGTCTTTGAC-1,1,10,34,17715,6299
TCAACACATTGGGTAA-1,1,11,35,17576,6540
ACTGTATACGCGAGCA-1,1,10,36,17438,6298
GTGAAACGTGCTCCAC-1,1,11,37,17299,6539
CGAGTGCTATAGTTCG-1,1,10,38,17161,6298
GTACTGCATGAAGCGT-1,1,11,39,17022,6538
GTAACTTGCGGCAGTC-1,1,10,40,16884,6297
GAATCGCCGGACACGG-1,1,11,41,16744,6538
GGGAGTAATGGCTGGC-1,1,10,42,16606,6296
CATGAACCGACATTTG-1,1,11,43,16467,6537
TCTGTCATACAAGAGC-1,1,10,44,16329,6296
GTCGTCAATTATAAGG-1,1,11,45,16190,6537
TAAAGAGCCCGAAACC-1,1,10,46,16052,6295
GTACTGAGGTCGTAAC-1,1,11,47,15913,6536
AAAGACCCAAGTCGCG-1,1,10,48,15774,6295
CGTCAGTGCGCACAAG-1,1,11,49,15635,6536
TGTATCCTTATTCCAT-1,1,10,50,15497,6294
ATTCTCGTCTCTTTAG-1,1,11,51,15358,6535
AAAGTCACTGATGTAA-1,1,10,52,15220,6294
TGTCTACAGTTTCTGT-1,1,11,53,15081,6534
TTAACGTCGCAAGACC-1,1,10,54,14943,6293
CTATGTCTATTGAAAC-1,1,11,55,14803,6534
TCGGGTGAAACTGCTA-1,1,10,56,14665,6292
TGTCCCGACATAGCAC-1,1,11,57,14526,6533
ACAGCATAGAGCCAGT-1,1,10,58,14388,6292
ATATTCCCACAGGTCA-1,1,11,59,14249,6533
TTGGATCGACTTCTGG-1,1,10,60,14111,6291
CACCATCGGAGGAGAC-1,1,11,61,13972,6532
TCGTTCGTTATTATGT-1,1,10,62,13833,6291
CTTAACTTCGAAGTAC-1,1,11,63,13694,6532
GCACAAGTGTCGGAAG-1,1,10,64,13556,6290
TACCAGCTAGGTTTAA-1,1,11,65,13417,6531
ACGTACAGATTTCTCT-1,1,10,66,13279,6290
AATTTGGTTCCAAAGA-1,1,11,67,13140,6530
GTAAGGATTTGTCGGA-1,1,10,68,13001,6289
CATCATCTACCCGGAC-1,1,11,69,12862,6530
ACGATGGATCCGATGC-1,1,10,70,12724,6288
CACTCAGCTCTTGAGG-1,1,11,71,12585,6529
TAGATCCGAAGTCGCA-1,1,10,72,12447,6288
TGAAACTTATGCAAGC-1,1,11,73,12308,6529
GCGATTCTGGAAGCAG-1,1,10,74,12170,6287
CAAACTATTGAGCTTC-1,1,11,75,12030,6528
TAGAATTAAGGGCAAC-1,1,10,76,11892,6287
CGAAACATAGATGGCA-1,1,11,77,11753,6528
GATGGTGCCCTAGGCA-1,1,10,78,11615,6286
CCCGCAGGGCCCAAAG-1,1,11,79,11476,6527
ACAGCGCACCCGCAGC-1,1,10,80,11338,6286
GGTAAATGTGCGTTAC-1,1,11,81,11199,6526
GTCCTTCTAGTGGGTT-1,1,10,82,11060,6285
GGAAGCTCGCTTACAG-1,1,11,83,10921,6526
CACCGATACACCGAGC-1,1,10,84,10783,6284
CAGCCGGGCCCTCTAT-1,1,11,85,10644,6525
CGGAGCTTATAACACC-1,1,10,86,10506,6284
ATTACAACTACCGGCC-1,1,11,87,10367,6525
TCCTCTGGCCCATTAG-1,1,10,88,10229,6283
CGGCACCGTTAGCGCC-1,1,11,89,10089,6524
TCGGTCCCTGACTCCA-1,1,10,90,9951,6283
TGGTTGGAGGATCCTG-1,1,11,91,9812,6524
CTGCGGTAGTCACGTG-1,1,10,92,9674,6282
GTGCCTCAGTGTACGG-1,1,11,93,9535,6523
ATCGTTCACTTTCGCC-1,1,10,94,9397,6282
ACTTACCGGGCGCGCA-1,1,11,95,9258,6522
CTAGACTGCATTTCGT-1,1,10,96,9119,6281
TTGCCGGTGATCCCTC-1,1,11,97,8980,6522
CTGTCACGCCAGGCGC-1,1,10,98,8842,6280
CGGTATAGGTATTAGC-1,1,11,99,8703,6521
CCAACGCTTGCCAGGG-1,1,10,100,8565,6280
CGTTGAGTAATTGCGT-1,1,11,101,8426,6521
TGTATTTACCTAATGC-1,1,10,102,8288,6279
TAAATGCCGTCTCATG-1,1,11,103,8148,6520
CGGTTTATGAAGGAAC-1,1,10,104,8010,6279
GCAAGATGTGTTCGCG-1,1,11,105,7871,6520
AAAGGTAAGCTGTACC-1,1,10,106,7733,6278
GTACGTCACGTATTAA-1,1,11,107,7594,6519
AGTACCTTCGAGTGCT-1,1,10,108,7456,6278
ATTGTGACTTCGCTGC-1,1,11,109,7317,6518
TGTATCAGACTGAAGC-1,1,10,110,7178,6277
GAGACCCTGCAACGCC-1,1,11,111,7039,6518
TGGGTGGGATGTCATT-1,1,10,112,6901,6276
GGCTAATGATTGAAAT-1,1,11,113,6762,6517
ATAACGTTACCTCCAC-1,1,10,114,6624,6276
TGCGAGATGGCGGCCA-1,1,11,115,6485,6517
CACACTTGTATTGCGA-1,1,10,116,6346,6275
GCTGGTGACTCGTAGT-1,1,11,117,6207,6516
CGACACCGCTTAAGGA-1,0,10,118,6069,6275
GTAACAACTGACCTTG-1,0,11,119,5930,6516
CAACTGAGGGTATGAC-1,0,10,120,5792,6274
CTAATTATGAAGCGTA-1,0,11,121,5653,6515
CCGATCTTAAGAGGCT-1,0,10,122,5515,6274
CGACTCGGTACACGGT-1,0,11,123,5375,6514
TGCTGCGTCAGAGTTA-1,0,10,124,5237,6273
AGAGTTGCAGGCCTCC-1,0,11,125,5098,6514
ACTGGCGAACCTGCGT-1,0,10,126,4960,6272
ACTAAGGACGCACACC-1,0,11,127,4821,6513
CGTCCAGATGGCTCCA-1,1,12,0,22428,6791
ACTATCGCCGGCTAAA-1,1,13,1,22289,7032
GATAGCGTACCACGCG-1,1,12,2,22151,6790
AGGACTTATAGGAGAA-1,1,13,3,22012,7031
TAGTCGGGATTCTTCG-1,1,12,4,21874,6790
ACCATTAAGGGTGTCA-1,1,13,5,21735,7031
TTAATGTGTTTGCAGG-1,1,12,6,21597,6789
TCCGCAGCCACCTAGC-1,1,13,7,21457,7030
GAGGAGATCCTCATGC-1,1,12,8,21319,6789
GGTCCTTCATACGACT-1,1,13,9,21180,7030
CCCTGTTGGCAAAGAC-1,1,12,10,21042,6788
GTGCCTAGCTATGCTT-1,1,13,11,20903,7029
GTCATCTCCTACAGCT-1,1,12,12,20765,6787
GCGAGAAACGGGAGTT-1,1,13,13,20626,7028
CGTCGCGGCGGGATTT-1,1,12,14,20487,6787
CATTGTGTGCTAGATC-1,1,13,15,20348,7028
CGCGGCAGTATTACGG-1,1,12,16,20210,6786
GAAATGGGATGTAAAC-1,1,13,17,20071,7027
CATTCCCTAAGTACAA-1,1,12,18,19933,6786
AGTTCTGCGTTGTATC-1,1,13,19,19794,7027
ACCCTATAGGACTGAG-1,1,12,20,19656,6785
TTAGATAGGTCGATAC-1,1,13,21,19516,7026
ATTGATAGCAACGAGA-1,1,12,22,19378,6785
TCTCGGCTCCAGGACT-1,1,13,23,19239,7026
CTTGAGGTTATCCCGA-1,1,12,24,19101,6784
AAGAAGGATCAGTTAG-1,1,13,25,18962,7025
GTACGACGGCGCTGCG-1,1,12,26,18824,6783
CTTATGTTGACTACCA-1,1,13,27,18684,7024
CGGCACTCAAGAAAGT-1,1,12,28,18546,6783
GTCAAAGTTTACATAG-1,1,13,29,18407,7024
CTCCTAAGTTATGTCT-1,1,12,30,18269,6782
ACTGTGCTAGTAGATC-1,1,13,31,18130,7023
GTTTGGCCGCTCAGCG-1,1,12,32,17992,6782
TTATCCAATCGAACTC-1,1,13,33,17853,7023
CCGTACCCAAGCGCCA-1,1,12,34,17714,6781
CATACAAAGCCGAACC-1,1,13,35,17575,7022
GGTCGGTAATTAGACA-1,1,12,36,17437,6781
AGCGGGAAGGGTCCAT-1,1,13,37,17298,7022
GCCCACCAAGGCTGTC-1,1,12,38,17160,6780
GTAGACGTCGTTACAT-1,1,13,39,17021,7021
GAGCATCATCCCTGGG-1,1,12,40,16883,6779
AGGTAACCTCCTATTC-1,1,13,41,16743,7020
GGTTTGAGTGCTGGAA-1,1,12,42,16605,6779
GCACTAGTCGCGCTAT-1,1,13,43,16466,7020
GGTAACTATGTATCTG-1,1,12,44,16328,6778
GCGGTCCCTAGACGCA-1,1,13,45,16189,7019
CGAGCGTTGATCAGCC-1,1,12,46,16051,6778
AATCCAAGGGCCTGAG-1,1,13,47,15912,7019
CCGTGCCCATGACGGC-1,1,12,48,15773,6777
GAAATTCACATCGCTG-1,1,13,49,15634,7018
CTCTGCGAAGCAAGCA-1,1,12,50,15496,6777
AGTAGGTAACATACAT-1,1,13,51,15357,7018
ATTGGGAATATCTTGG-1,1,12,52,15219,6776
TAGAGCTACGAAGAAC-1,1,13,53,15080,7017
TGCGGCATAGTTCAAC-1,1,12,54,14942,6775
CCGCCGGTCAACACAC-1,1,13,55,14802,7016
TCGTATAGTGCAATTA-1,1,12,56,14664,6775
TAGTTTATTCTTGCTT-1,1,13,57,14525,7016
GATATCTCATGCAATA-1,1,12,58,14387,6774
CGTTTAAGCGGAGCAC-1,1,13,59,14248,7015
CATGCTGGCTCCAATT-1,1,12,60,14110,6774
GAAACAGCCATGCAGT-1,1,13,61,13971,7015
AGTTTCGCAGGTCGGA-1,1,12,62,13832,6773
CTCATGGCTCACAATC-1,1,13,63,13693,7014
AACCGTTGTGTTTGCT-1,1,12,64,13555,6773
ACCCTTCATCTGCGAA-1,1,13,65,13416,7014
TGCGGTGAAATTTCAT-1,1,12,66,13278,6772
CAAATTGTCAGCAAGC-1,1,13,67,13139,7013
GAGGTACATCCATCTT-1,1,12,68,13001,6771
AAATGGCATGTCTTGT-1,1,13,69,12861,7012
TCATCCCAGAGGGTGG-1,1,12,70,12723,6771
CGTAGCGAATTGTCAG-1,1,13,71,12584,7012
CCTAGTTAGTCGCATG-1,1,12,72,12446,6770
GAAACTCTAATGAAGG-1,1,13,73,12307,7011
TTGTATCACACAGAAT-1,1,12,74,12169,6770
TTCAAGCCGAGCTGAG-1,1,13,75,12029,7011
AGGTACGATATTGCCA-1,1,12,76,11891,6769
TTAAGCCGACAACTTC-1,1,13,77,11752,7010
GTCTTAGTACAGCCGG-1,1,12,78,11614,6769
TGGGTAAGGTTCCCGC-1,1,13,79,11475,7010
CTACGCCATTTCCGAT-1,1,12,80,11337,6768
GACCGTCAGGTCGTGA-1,1,13,81,11198,7009
TAGTTAAGATAGGATA-1,1,12,82,11059,6767
GAATATTCGGAGTCCC-1,1,13,83,10920,7008
CAAACTACGATAGAGA-1,1,12,84,10782,6767
CAGGAAGACTTTATAT-1,1,13,85,10643,7008
TTCGTAATCCCAGCGG-1,1,12,86,10505,6766
GTGAGGAGCGGTTGAG-1,1,13,87,10366,7007
CAATCCCTATACCAGC-1,1,12,88,10228,6766
AGGGAAACGAGGTACT-1,1,13,89,10088,7007
TCCTGCCAACTGGAGA-1,1,12,90,9950,6765
AATTTGGGACATAGTA-1,1,13,91,9811,7006
AACTCCTAATCCCATG-1,1,12,92,9673,6765
GCTCATTACTGCATGT-1,1,13,93,9534,7006
TCTCGAACGAGGTCAC-1,1,12,94,9396,6764
TCACTACGACCAATGC-1,1,13,95,9257,7005
GTGATGCACAACATCT-1,1,12,96,9118,6763
CCGACGTAAACACAAC-1,1,13,97,8979,7004
TGGGATGCACTCATTC-1,1,12,98,8841,6763
TTCCATCATGCGGTGA-1,1,13,99,8702,7004
TGCACAGTGAAGTTAT-1,1,12,100,8564,6762
CTATTGTGTTTGGTCA-1,1,13,101,8425,7003
TGCGAGCCCTTCCGCG-1,1,12,102,8287,6762
TTGAAAGGTGTAAAGG-1,1,13,103,8147,7003
GGTGCAGAGCCTATCG-1,1,12,104,8009,6761
ACTATATGCTGTGTTC-1,1,13,105,7870,7002
TCCTGGCGCTGCCTGG-1,1,12,106,7732,6761
GAGCCGAGCGTTTATT-1,1,13,107,7593,7002
AGAATGCGGGTTCGGA-1,1,12,108,7455,6760
ATGCGACAATTGGTCC-1,1,13,109,7316,7001
TTCCGGCTCGACTTCT-1,1,12,110,7177,6759
TGATTATGGCACGCAG-1,1,13,111,7038,7000
GGTTTGACAAGAAGCT-1,1,12,112,6900,6759
GCAGCTATGGACAGGT-1,1,13,113,6761,7000
CACCATGATCGCAAAG-1,1,12,114,6623,6758
GTCGGAAGGATACCAG-1,1,13,115,6484,6999
GGCCCAGTTATCAGCA-1,1,12,116,6345,6758
GGGCCTATTTAAGTAT-1,1,13,117,6206,6999
GTTGTTACATTGCGCT-1,0,12,118,6068,6757
CAACTCCGTAACTTGC-1,0,13,119,5929,6998
GATCTTTGCTCAAAGA-1,0,12,120,5791,6757
TCGCTTAATTACGAAG-1,0,13,121,5652,6998
CGATCATTAGAGGCAC-1,0,12,122,5514,6756
TGTTCTCTACTCCCTA-1,0,13,123,5374,6997
GCTTAGGGAAGCGGTA-1,0,12,124,5236,6755
CAGGTTTAGTACTACA-1,0,13,125,5097,6996
AAGCGGAGTGCGCGCA-1,0,12,126,4959,6755
TCAGATGGAGACGTAG-1,0,13,127,4820,6996
TCGCACTAACGTTTGT-1,1,14,0,22427,7273
CACGTCGGGTTCTAGA-1,1,15,1,22288,7514
GGAGTACACATGAGCT-1,1,14,2,22150,7273
GTGTGTCGACGTCGCT-1,1,15,3,22011,7514
GAAGCTCTTTGCTTAG-1,1,14,4,21873,7272
ACACCGAGCGCTCTTT-1,1,15,5,21734,7513
CGTAATAATTACGAGT-1,1,14,6,21596,7272
CATCAACACCTACTAA-1,1,15,7,21456,7513
CCAAGTTTCTACAGAT-1,1,14,8,21318,7271
ACGGGTCATGTGACTT-1,1,15,9,21179,7512
AGTGTGCTAAGATCGC-1,1,14,10,21041,7270
GGCGGTTTGCCGGTGC-1,1,15,11,20902,7511
GTATAATCTCCCGGAT-1,1,14,12,20764,7270
TAGTCCGTATGCATAA-1,1,15,13,20625,7511
CACTTCGTCTTATCTC-1,1,14,14,20486,7269
CATCCGCAGGCCCGAA-1,1,15,15,20347,7510
CCCTGATGTAACTCGT-1,1,14,16,20209,7269
CCATAGTCAGTAACCC-1,1,15,17,20070,7510
CGGGCCATAGCCGCAC-1,1,14,18,19932,7268
CTCCGGCTTGTAGACA-1,1,15,19,19793,7509
AACTTGCGTTCTCGCG-1,1,14,20,19655,7268
AATGAGTTCGCATATG-1,1,15,21,19515,7509
CGAGGCCAGGCATTGG-1,1,14,22,19377,7267
TCTGCGTCCGGTTTCT-1,1,15,23,19238,7508
CAATCCTGCCGTGGAG-1,1,14,24,19100,7266
CTGAGCAAGTAACAAG-1,1,15,25,18961,7507
GGGTACCCACGGTCCT-1,1,14,26,18823,7266
ACGGAATTTAGCAAAT-1,1,15,27,18683,7507
GGGCGGTCCTATTGTC-1,1,14,28,18545,7265
ATGTTACGAGCAATAC-1,1,15,29,18406,7506
AACCATGGGATCGCTA-1,1,14,30,18268,7265
TCGCATCCCTAAGTGT-1,1,15,31,18129,7506
ACTTAGTACGACAAGA-1,1,14,32,17991,7264
GAGCTCTCGGACCTAA-1,1,15,33,17852,7505
TCTATTACGCTGGCGA-1,1,14,34,17713,7264
AGATACGACTTCATAT-1,1,15,35,17574,7505
CGCTATACCGCCCACT-1,1,14,36,17436,7263
CAGTGTCCGCAGAATG-1,1,15,37,17297,7504
CCATCCATACCAAGTC-1,1,14,38,17159,7262
AACCCAGAGACGGAGA-1,1,15,39,17020,7503
GAAGAACGGTGCAGGT-1,1,14,40,16882,7262
GATAAATCGGTGGATG-1,1,15,41,16742,7503
CAGCTCGTGCTTGTGT-1,1,14,42,16604,7261
GAGTACGGGTATACAA-1,1,15,43,16465,7502
CATCGCCCGCGGCCAA-1,1,14,44,16327,7261
TCTTACAGAGGTACCG-1,1,15,45,16188,7502
TGGAAGACGAACACCA-1,1,14,46,16050,7260
GTTGTCGTGTTAGTTG-1,1,15,47,15911,7501
CCAAGGAACAGAGAGG-1,1,14,48,15772,7260
CTGCACCTGGAACCGC-1,1,15,49,15633,7501
CGCTTTCATACCGGTG-1,1,14,50,15495,7259
GTTCTTCCCTCGATGT-1,1,15,51,15356,7500
ATTTAACTCGTATTAC-1,1,14,52,15218,7259
AACGATAGAAGGGCCG-1,1,15,53,15079,7499
TATCCTGCATGGGAAT-1,1,14,54,14941,7258
AGGCCCATTGTACAGG-1,1,15,55,14801,7499
CCGGCGCATATTGGAT-1,1,14,56,14663,7257
ATCTGTAATTGTACCC-1,1,15,57,14524,7498
GAGCGAGGGAGTACCG-1,1,14,58,14386,7257
TTATTAGGGAAGCATC-1,1,15,59,14247,7498
CTTCTTACGTCGTATA-1,1,14,60,14109,7256
GAAGTGCTGGATAGCT-1,1,15,61,13970,7497
GTGCAACAAATGTGGC-1,1,14,62,13831,7256
CATGCGTTAGACAGAA-1,1,15,63,13692,7497
ACACACTTTCTACACG-1,1,14,64,13554,7255
AGCCCTAAGCGAAGTT-1,1,15,65,13415,7496
ATTAATTCGGTCACTC-1,1,14,66,13277,7255
AACAGGAAATCGAATA-1,1,15,67,13138,7495
ACGTTTAGTTGTGATC-1,1,14,68,13000,7254
TCCTTCAGTGGTCGAA-1,1,15,69,12860,7495
CGAACGCCCAGTGCCG-1,1,14,70,12722,7253
CCTCGAAGTGGACGGG-1,1,15,71,12583,7494
CTCTGTTTGAGGATTC-1,1,14,72,12445,7253
TGGGCACGTTCTATGG-1,1,15,73,12306,7494
ACTATTCGTCCGTGGT-1,1,14,74,12168,7252
CCTCTGGCCTAGACGG-1,1,15,75,12028,7493
CCATAAACAACCCGAC-1,1,14,76,11890,7252
CATAGTACATTGAGAG-1,1,15,77,11751,7493
ATTTCATTATTTCGCG-1,1,14,78,11613,7251
CAACTATATCGAATGC-1,1,15,79,11474,7492
CTAGTATTCGGAATTA-1,1,14,80,11336,7251
GTGGAACCTACATGCG-1,1,15,81,11197,7491
CCTAAAGGCTGACGCT-1,1,14,82,11058,7250
CGTGACATTGGGTCGT-1,1,15,83,10919,7491
CCAATCGGTAGATCGA-1,1,14,84,10781,7249
ATTGTCGCAATACCTT-1,1,15,85,10642,7490
AAATTACACGACTCTG-1,1,14,86,10504,7249
CACTCCTCTCGGTCGG-1,1,15,87,10365,7490
AAATAACCATACGGGA-1,1,14,88,10227,7248
AGTTACTCTATCGTGG-1,1,15,89,10087,7489
CGTTAGCTCACAACTG-1,1,14,90,9949,7248
GAATGTATGGCAGGTC-1,1,15,91,9810,7489
GCAACCACCAGACCGG-1,1,14,92,9672,7247
TCACTCGTGCAACGGC-1,1,15,93,9533,7488
AAACAGAGCGACTCCT-1,1,14,94,9395,7247
CAGCCTCTCCTCAAGA-1,1,15,95,9256,7487
TTGCGTGAACGCTTAG-1,1,14,96,9117,7246
CCGCCTGCGAATTGGT-1,1,15,97,8978,7487
AGATGAGGGTTGCGAT-1,1,14,98,8840,7245
CGGTGGGCTCCAGCCT-1,1,15,99,8701,7486
GGCAGCGGTAATCCTA-1,1,14,100,8563,7245
GCTAGCAGGGAGTGGG-1,1,15,101,8424,7486
CTCAAGACATTAGCGC-1,1,14,102,8286,7244
CACGGCGCGCCAAAGG-1,1,15,103,8146,7485
TGCAATTTGGGCACGG-1,1,14,104,8008,7244
ATGCCAATCGCTCTGC-1,1,15,105,7869,7485
GCTGGACCCAAAGTGG-1,1,14,106,7731,7243
ATTCCTAAGACGTGGA-1,1,15,107,7592,7484
TCCGGAGGAAGGGCTG-1,1,14,108,7454,7243
TCGGTGACCGCTCCGG-1,1,15,109,7315,7483
TCCGAAGTAGTCACCA-1,1,14,110,7176,7242
CATGTAGGAGCGCCAA-1,1,15,111,7037,7483
CACAAGAAAGATATTA-1,1,14,112,6899,7241
AGGGTCAGTAACCCTA-1,1,15,113,6760,7482
TAAGCCCTTACGACCA-1,1,14,114,6622,7241
ATACCGTCATCCATAA-1,1,15,115,6483,7482
GGACGTCCATAGTTGG-1,1,14,116,6344,7240
CATCAAACTGGCGCCC-1,1,15,117,6205,7481
AAACGTGTTCGCCCTA-1,1,14,118,6067,7240
AAATTGGTGAGAAGCA-1,0,15,119,5928,7481
GGTCATTGTAGTCATA-1,0,14,120,5790,7239
TGCAGTGAGGCTCGGG-1,0,15,121,5651,7480
GAACATTAGTATGTTA-1,0,14,122,5513,7239
GGTTTGCGAACACGTA-1,0,15,123,5373,7479
ACACAAATATTCCTAG-1,0,14,124,5235,7238
TTGGGTTTATTCAGCG-1,0,15,125,5096,7479
ATTCGCAGAGGACACT-1,0,14,126,4958,7237
GATTTAGTGCGTACTG-1,0,15,127,4819,7478
TAGAAACACAATAGTG-1,1,16,0,22426,7756
CAGTAGATGATGTCCG-1,1,17,1,22287,7997
TCTTAACTCGGATGTA-1,1,16,2,22149,7755
TACATCTTGTTTCTTG-1,1,17,3,22010,7996
TTCATAGGGTGTCCAT-1,1,16,4,21872,7755
TGAAGTAGCTTACGGA-1,1,17,5,21733,7996
GCACAAGTGGATCATA-1,1,16,6,21595,7754
GGGCGAATTTCTCCAC-1,1,17,7,21455,7995
ATGTTCCTGCCCACCT-1,1,16,8,21317,7754
GCTCAACCTCTTAGAG-1,1,17,9,21178,7995
ATAGCTGCTCTTGTTA-1,1,16,10,21040,7753
CGTCAGCTATTTACTC-1,1,17,11,20901,7994
ATCTGATAGTGTCTTA-1,1,16,12,20763,7752
TGCACTATGTGAGTGC-1,1,17,13,20624,7993
CCGACAAACACATGAG-1,1,16,14,20485,7752
GCCTTGTATATGCAGT-1,1,17,15,20346,7993
ATAATACCGTTAGCCG-1,1,16,16,20208,7751
ACACTCCAATGTCACT-1,1,17,17,20069,7992
AGTTGCTGACTGATAT-1,1,16,18,19931,7751
GGCGCTCCTCATCAAT-1,1,17,19,19792,7992
TGCCTGACATCGGTCA-1,1,16,20,19654,7750
TTGGCCATCTTGCGCT-1,1,17,21,19514,7991
CAGTGGTTGCACATGA-1,1,16,22,19376,7750
AGAATTGTTTGACATA-1,1,17,23,19237,7991
AAATGCTCGTTACGTT-1,1,16,24,19099,7749
CACCTAATAGAGTCGT-1,1,17,25,18960,7990
CATTTCTAGCAGACTA-1,1,16,26,18822,7748
CCGAAAGTGGTGAGCA-1,1,17,27,18683,7989
AGTCAGCCACCGCCTG-1,1,16,28,18544,7748
TCATCACTCGAGCTCG-1,1,17,29,18405,7989
CTCAGGACTCACCTGT-1,1,16,30,18267,7747
CGGTGTACTTGATCCC-1,1,17,31,18128,7988
CCTACGGCTCAGTCGA-1,1,16,32,17990,7747
GTACTTGGGCACTTCT-1,1,17,33,17851,7988
TGATTTCCTCCTGACG-1,1,16,34,17712,7746
CCTCACCAATCTTGAC-1,1,17,35,17573,7987
GGTGAGATGCAGATAA-1,1,16,36,17435,7746
GCTAGTTTCATTGAGG-1,1,17,37,17296,7987
AGGACATCGCACGTCG-1,1,16,38,17158,7745
GTGGACGTGCTGAGAC-1,1,17,39,17019,7986
TAAGGAACTTGTGGGA-1,1,16,40,16881,7744
TCGCTGTGCGTAAATC-1,1,17,41,16741,7985
GCATCCCTAACTTTGA-1,1,16,42,16603,7744
CACCCACACGTCACCC-1,1,17,43,16464,7985
CCCTCATTCTGGAATT-1,1,16,44,16326,7743
AGGGCGTGATCGGCTA-1,1,17,45,16187,7984
GGTGCGGATAAGTGGC-1,1,16,46,16049,7743
TAATATTGAAATTCGC-1,1,17,47,15910,7984
CTTACACTGGGAAATA-1,1,16,48,15771,7742
ACCAAGAACGCGTGTC-1,1,17,49,15632,7983
GCCTTCAGCCCTACCG-1,1,16,50,15494,7742
GATGCTACAAGCGCCT-1,1,17,51,15355,7983
CCGGGACCCGCAGAGA-1,1,16,52,15217,7741
GTTCCAGTCTGACCAT-1,1,17,53,15078,7982
ATGATCGGGAATAGAC-1,1,16,54,14940,7740
TTGGATTGGGTACCAC-1,1,17,55,14800,7981
TACCTCACGCTTGTAC-1,1,16,56,14662,7740
CATGGCAGGAAGATCG-1,1,17,57,14523,7981
ATGACGCCGGCTCTAA-1,1,16,58,14385,7739
AGCGACATCCCATTCA-1,1,17,59,14246,7980
AGTAATGTCTTGCCGC-1,1,16,60,14108,7739
TTCTTAGTGGCTCAGA-1,1,17,61,13969,7980
CGTCTGGAAGGGCCCG-1,1,16,62,13830,7738
ACGTGCGCCTCGTGCA-1,1,17,63,13691,7979
AGAGCGGGCTAATCAT-1,1,16,64,13553,7738
GCGTCGAAATGTCGGT-1,1,17,65,13414,7979
AACTGATATTAGGCCT-1,1,16,66,13276,7737
CGAGCTGGGCTTTAGG-1,1,17,67,13137,7978
GGGTGTTTCAGCTATG-1,1,16,68,12999,7736
TTAATTTCAGACGCGG-1,1,17,69,12859,7977
ACTGCCGTCGTAACTC-1,1,16,70,12721,7736
GTGCACGAAAGTGACT-1,1,17,71,12582,7977
ATCTCCCTGCAATCTA-1,1,16,72,12444,7735
ACGCCAGATGATTTCT-1,1,17,73,12305,7976
AGCTATTTAATCCAAC-1,1,16,74,12167,7735
CCACGAGAAGAGAATC-1,1,17,75,12027,7976
GATTCCGCGTTTCCGT-1,1,16,76,11889,7734
GTCGGATGTAGCGCGC-1,1,17,77,11750,7975
TATTTATACCGAGTAG-1,1,16,78,11612,7734
GTAGGTGATCCGTGTA-1,1,17,79,11473,7975
AGTTAAGCGGTCCCGG-1,1,16,80,11335,7733
CTGGCGACATAAGTCC-1,1,17,81,11196,7974
TTGGCCTAGAATTTCG-1,1,16,82,11057,7732
GGCATATCGGTTCTGC-1,1,17,83,10918,7973
GGGCGTCCACTGGCTC-1,1,16,84,10780,7732
TTACCCATTGCCGGGT-1,1,17,85,10641,7973
TTAGACACGATCGTTG-1,1,16,86,10503,7731
GCGCTGATCCAGACTC-1,1,17,87,10364,7972
TTCGGCAACCCGCTGA-1,1,16,88,10226,7731
GATATTTCCTACATGG-1,1,17,89,10086,7972
CTGCGTTACGATATAA-1,1,16,90,9948,7730
TAATAAACAAGGAGAT-1,1,17,91,9809,7971
AACCTTTACGACGTCT-1,1,16,92,9671,7730
AGTCCCGCCTTTAATT-1,1,17,93,9532,7971
TGAGATTAGGCCCTAA-1,1,16,94,9394,7729
AGTGTATTGCGCATTG-1,1,17,95,9255,7970
GTTGGATTCAGTGGCT-1,1,16,96,9116,7728
TAAAGCTGCAATAGGG-1,1,17,97,8977,7969
AGTAGGAAGGAAGTTG-1,1,16,98,8839,7728
TATCACTTCGAGTAAC-1,1,17,99,8700,7969
TGATCTACGCTGATCT-1,1,16,100,8562,7727
GGATCATCCCGTACGC-1,1,17,101,8423,7968
TGACACTTCTCTTTGC-1,1,16,102,8285,7727
AGCCCTTCTAATCCGA-1,1,17,103,8145,7968
CACCGCGTCCACTCTA-1,1,16,104,8007,7726
TAATTGGAATCGGGAA-1,1,17,105,7868,7967
TCGTAAGCTCCGAGGA-1,1,16,106,7730,7726
TATATTACAAATGTCG-1,1,17,107,7591,7967
CGCGAGAGGGACTTGT-1,1,16,108,7453,7725
GGACCTACGGTAACGT-1,1,17,109,7314,7966
GAAATATGCTTGAATG-1,1,16,110,7175,7724
CCGTATTAGCGCAGTT-1,1,17,111,7036,7965
AGGCGTCTATGGACGG-1,1,16,112,6898,7724
AACATCGATACGTCTA-1,1,17,113,6759,7965
TGAATATGCTATAAAC-1,1,16,114,6621,7723
ACCAAACACCCAGCGA-1,1,17,115,6482,7964
TGGCTTGTACAAGCTT-1,1,16,116,6344,7723
GAATGAAGGTCTTCAG-1,1,17,117,6204,7964
AGATACCAGCACTTCA-1,1,16,118,6066,7722
GCGGTCCCGGTGAAGG-1,1,17,119,5927,7963
GAGGCATTTGCAGCAG-1,0,16,120,5789,7722
GGCAAGCCAGGGATAG-1,0,17,121,5650,7963
TCTACGGGCTCAGTTG-1,0,16,122,5512,7721
TCTGCGAATCGTTCGC-1,0,17,123,5372,7962
AGCTCGTTGATGGAAA-1,0,16,124,5234,7720
TGAATGAGATACAGCA-1,0,17,125,5095,7961
ACCCTTGCCTGGGTCG-1,0,16,126,4957,7720
GGCGAACCGTTCTGAT-1,0,17,127,4818,7961
GCGATGTCTGTGCTTG-1,1,18,0,22425,8238
ATTAACACCTGAGATA-1,1,19,1,22286,8479
GAAATCTGACCAAGTT-1,1,18,2,22148,8238
CCTGACAAACTCGCGC-1,1,19,3,22009,8479
ATGTCATTTCCCATTG-1,1,18,4,21871,8237
GCGGTGCGGAGCATCG-1,1,19,5,21732,8478
CGGAAAGCAAATGTGC-1,1,18,6,21594,8237
GCTGAGCAACGGTTCT-1,1,19,7,21454,8478
TCACTCTTCGTCTGTC-1,1,18,8,21316,8236
GATCTTCATTGTCCTC-1,1,19,9,21177,8477
ACTCGATGTATTTCAT-1,1,18,10,21039,8235
TGAAGAGCGGTCCTAG-1,1,19,11,20900,8476
TAAACGTCGTCAATGA-1,1,18,12,20762,8235
ACGTTATTGGTCACTC-1,1,19,13,20623,8476
ATAGCCTCAGTACCCA-1,1,18,14,20484,8234
CGGGAGTATACCGCCG-1,1,19,15,20345,8475
GTCCTACAGGCGGCTC-1,1,18,16,20207,8234
CGGATAAGCGGACATG-1,1,19,17,20068,8475
AACTTCTGCGTCTATC-1,1,18,18,19930,8233
GGGTTCAGACGAACAA-1,1,19,19,19791,8474
AGTCTGGACATCCTTG-1,1,18,20,19653,8233
TTGAACGAATCCTTTG-1,1,19,21,19513,8474
GAAATACTAAACGTTT-1,1,18,22,19375,8232
CCCGCGCAATGCACCC-1,1,19,23,19236,8473
TTCGGCTAGAGATGGT-1,1,18,24,19098,8231
GACACGAGTTAGAGGA-1,1,19,25,18959,8472
GAGGTCCCAAAGATCT-1,1,18,26,18821,8231
TAACTCCATGGAGGCT-1,1,19,27,18682,8472
CTTGTTTATGTAGCCA-1,1,18,28,18543,8230
GATGGCGCACACATTA-1,1,19,29,18404,8471
ATAATAGTGTAGGGAC-1,1,18,30,18266,8230
CGCTATTCAATGTATG-1,1,19,31,18127,8471
ATATTGCTGTCAAAGT-1,1,18,32,17989,8229
GGATTCAGTACGGTGG-1,1,19,33,17850,8470
TTCTTAGTGAACGGTG-1,1,18,34,17711,8229
AATGGTTCTCACAAGC-1,1,19,35,17572,8470
TATACACGCAAAGTAT-1,1,18,36,17434,8228
CTTCATAGCTCAAGAA-1,1,19,37,17295,8469
CAACGGTTCTTGATAC-1,1,18,38,17157,8227
ACACCCGAGAAATCCG-1,1,19,39,17018,8468
TCTATCATGCAGTTAC-1,1,18,40,16880,8227
CCCGCCATGCTCCCGT-1,1,19,41,16740,8468
CGCTTCCACTGAAATC-1,1,18,42,16602,8226
CACTGTCCAAGTGAGA-1,1,19,43,16463,8467
ATTACTAGCCTCTTGC-1,1,18,44,16325,8226
CATAGTAGCATAGTAG-1,1,19,45,16186,8467
CAACTCCTTGATCCCG-1,1,18,46,16048,8225
AAGTAGAAGACCGGGT-1,1,19,47,15909,8466
GCGGGAACCAGGCCCT-1,1,18,48,15770,8225
ATTAGATTGATAGCGG-1,1,19,49,15631,8466
CTCGGTCCGTAGCCTG-1,1,18,50,15493,8224
TGGCTTTGGGTAGACA-1,1,19,51,15354,8465
TATCCATATCATGCGA-1,1,18,52,15216,8223
GGAGTGCCGCCCTGGA-1,1,19,53,15077,8464
TGAGAATGCTTTACCG-1,1,18,54,14939,8223
TTAACCAACCCTCCCT-1,1,19,55,14799,8464
TGTTTCGGTACTTCTC-1,1,18,56,14661,8222
TTGCTGAAGGAACCAC-1,1,19,57,14522,8463
TATTTAGTCTAGATCG-1,1,18,58,14384,8222
CTCCGGCCTAATATGC-1,1,19,59,14245,8463
TTGTGGCCCTGACAGT-1,1,18,60,14107,8221
TCGCCGGTCGATCCGT-1,1,19,61,13968,8462
CCATAGGTTGGCGTGG-1,1,18,62,13829,8221
GAACGACCGAATGATA-1,1,19,63,13690,8462
TCCGATAATTGCCATA-1,1,18,64,13552,8220
CATTACGTCGGCCCGT-1,1,19,65,13413,8461
CAAGCACCAAATGCCT-1,1,18,66,13275,8219
TGCATGGATCGGATCT-1,1,19,67,13136,8460
GAAATCGCGCGCAACT-1,1,18,68,12998,8219
CTGAAAGAGATCCGAC-1,1,19,69,12858,8460
CACCTCGATGGTGGAC-1,1,18,70,12720,8218
ATTTGTTCCAGGGCTC-1,1,19,71,12581,8459
TGGGCCACAAGAGCGC-1,1,18,72,12443,8218
CCTTCTTGATCCAGTG-1,1,19,73,12304,8459
CCTCGCCAGCAAATTA-1,1,18,74,12166,8217
TTCATGGCGCAACAGG-1,1,19,75,12027,8458
TTAATCAGTACGTCAG-1,1,18,76,11888,8217
CCTATCTATATCGGAA-1,1,19,77,11749,8458
ATTATACTTTGCTCGT-1,1,18,78,11611,8216
ATGGATCCGGCGTCCG-1,1,19,79,11472,8457
CGCCCGCTTCCGTACA-1,1,18,80,11334,8215
GGATTCCGCTATACCC-1,1,19,81,11195,8456
CGGTCTATCAACCCGT-1,1,18,82,11056,8215
ATGCCGGTTGATGGGA-1,1,19,83,10917,8456
TCATGCAGGTTCTCAT-1,1,18,84,10779,8214
TGAGCTTTAATGACGC-1,1,19,85,10640,8455
TCCCTTAGATTACTCG-1,1,18,86,10502,8214
ATATCTCCCTCGTTAA-1,1,19,87,10363,8455
AGCTCTTCCCAGTGCA-1,1,18,88,10225,8213
TCGCTAAACCGCTATC-1,1,19,89,10085,8454
CACATTCTTTCGATGG-1,1,18,90,9947,8213
GATATGCGGTAGCCAA-1,1,19,91,9808,8454
CGTTTCACTTCGGGCG-1,1,18,92,9670,8212
CCAATTACGGGTCGAG-1,1,19,93,9531,8453
GCAGGTAGAGTATGGT-1,1,18,94,9393,8211
GTCGTATTGGCGTACA-1,1,19,95,9254,8452
GAAATTAGCACGGATA-1,1,18,96,9115,8211
AATGCACCAAGCAATG-1,1,19,97,8976,8452
AGGACGCTCGATGTTG-1,1,18,98,8838,8210
GGCTAAAGGGCGGGTC-1,1,19,99,8699,8451
CATCTATCCCGTGTCT-1,1,18,100,8561,8210
CAGTAACTATTTATTG-1,1,19,101,8422,8451
CATATACTACTGATAA-1,1,18,102,8284,8209
GCGTTCGGAGACCGGG-1,1,19,103,8144,8450
AAGTTCAGTCTGCGTA-1,1,18,104,8006,8209
CGAAGCTATAAATTCA-1,1,19,105,7867,8450
CGCGGTCACAAACCAA-1,1,18,106,7729,8208
GGGAATGAGCCCTCAC-1,1,19,107,7590,8449
ACGGAGCGCAAATTAC-1,1,18,108,7452,8207
CGTTCTTCGCACACCT-1,1,19,109,7313,8448
GAATAGCCCTGCGGTC-1,1,18,110,7174,8207
AATAGCTACCGCGTGC-1,1,19,111,7035,8448
CCGAGCTGTGCTTGTC-1,1,18,112,6897,8206
GATGACGATGATCGCG-1,1,19,113,6758,8447
GCCTATGCTGGGCCTT-1,1,18,114,6620,8206
TTACTGTCTAGAGCTC-1,1,19,115,6481,8447
AGCGGTTGCCGCTCTG-1,1,18,116,6343,8205
GCTTGCAGCACAATTG-1,1,19,117,6203,8446
CCGGAGGTCTTATGGT-1,1,18,118,6065,8205
ACAGTATACCGTGGGA-1,1,19,119,5926,8446
GGGATCCCAATACAAA-1,0,18,120,5788,8204
ATTACGACTCCACAGT-1,0,19,121,5649,8445
CTCACACGCAAGCCTA-1,0,18,122,5511,8203
CCAGATGTAAATGGGT-1,0,19,123,5371,8444
GAACTTGTGCACGGGA-1,0,18,124,5233,8203
AAGCCGCTTTACCTTG-1,0,19,125,5094,8444
TCCATTCCCACTAGAG-1,0,18,126,4956,8202
AGAGCGCTTGTAACGG-1,0,19,127,4817,8443
TGGGTTCCCGGACGGA-1,1,20,0,22424,8721
GCTGCGCCTCCCACGT-1,1,21,1,22285,8962
CTGTTGGCTCTTCTGA-1,1,20,2,22147,8720
TTGTTCTAGATACGCT-1,1,21,3,22008,8961
CCCTCAAGCTCTTAGT-1,1,20,4,21870,8720
TGGTCTAGCTTACATG-1,1,21,5,21731,8961
ATGCACCTTCCTTAAT-1,1,20,6,21593,8719
GGGATACGGTAATAAT-1,1,21,7,21453,8960
AGTTCACCGGTTGGAC-1,1,20,8,21315,8719
GACATACTGTCGCAGA-1,1,21,9,21176,8959
TGGACACCGTTGCTTG-1,1,20,10,21038,8718
TGCGATGCTAATGGCT-1,1,21,11,20899,8959
TTCTGTTTCCTGTCGC-1,1,20,12,20761,8717
CGTTGTAAACGTCAGG-1,1,21,13,20622,8958
GATCGGCGATAAGTCG-1,1,20,14,20483,8717
AGCCTTAAAGCGGAAG-1,1,21,15,20344,8958
TCCGTAACCACAATCC-1,1,20,16,20206,8716
GAATGCCGAAATGACC-1,1,21,17,20067,8957
TATACTCATGCGGCAA-1,1,20,18,19929,8716
TAGTGTCAGAAACGGC-1,1,21,19,19790,8957
CGTCATACCATATCCA-1,1,20,20,19652,8715
TAGTACCTTAGTGGTC-1,1,21,21,19512,8956
CTGGCGGGAATAAGTA-1,1,20,22,19374,8715
AGTGTGGTCTATTGTG-1,1,21,23,19235,8955
GCTATCGCGGCGCAAC-1,1,20,24,19097,8714
CAGTAATCCCTCCCAG-1,1,21,25,18958,8955
GTATTAAGGCGTCTAA-1,1,20,26,18820,8713
CTAATTTCAACAACAC-1,1,21,27,18681,8954
TTAGCAACATGGATGT-1,1,20,28,18542,8713
ATGCTCAGTGTTGCAT-1,1,21,29,18403,8954
GATGTTTGTGCGAGAT-1,1,20,30,18265,8712
CACTTCGCCACAGGCT-1,1,21,31,18126,8953
CTGTATGGTGTAGAAA-1,1,20,32,17988,8712
TACGTGCACTATGCTG-1,1,21,33,17849,8953
GTATCAGCTTGGGTTC-1,1,20,34,17710,8711
TAACAAAGGGAGAAGC-1,1,21,35,17571,8952
TTACATCGTGGCCTGG-1,1,20,36,17433,8711
TCTGAACCGGTCGGCT-1,1,21,37,17294,8951
GGCTCGTGCCACCAGC-1,1,20,38,17156,8710
TATAAGTGAGGATAGC-1,1,21,39,17017,8951
GCCCGCGCGTTTGACA-1,1,20,40,16879,8709
TGCTGGTTGGACAATT-1,1,21,41,16739,8950
GCCTAGCGATCTGACC-1,1,20,42,16601,8709
CCATGCTCTGCAGGAA-1,1,21,43,16462,8950
TATAAATCCACAAGCT-1,1,20,44,16324,8708
CGCTCGACATAATGAT-1,1,21,45,16185,8949
CCAATTGAATGTTAAT-1,1,20,46,16047,8708
GCTAATACCGAATGCC-1,1,21,47,15908,8949
TTCAACGACCCGACCG-1,1,20,48,15769,8707
TTCCTCGAGGGTGTCT-1,1,21,49,15630,8948
CAACGACCCGTTTACA-1,1,20,50,15492,8707
CTTGTACTTGTTGACT-1,1,21,51,15353,8947
TCTCTAATAGCTGGTA-1,1,20,52,15215,8706
ATTATGCCATAGGGAG-1,1,21,53,15076,8947
GACAACGCAGCTTACG-1,1,20,54,14938,8705
AGATGACTCGCCCACG-1,1,21,55,14798,8946
GTGCGGGTCTCCAAAT-1,1,20,56,14660,8705
GTACGAGATTGCGACA-1,1,21,57,14521,8946
GTATAGGACTCAGTAG-1,1,20,58,14383,8704
TTGCACGGAGCAGCAC-1,1,21,59,14244,8945
CACAGCTAGGGAGTGA-1,1,20,60,14106,8704
ATACTAGCATGACCCT-1,1,21,61,13967,8945
CCAAGACTTCTGCGAA-1,1,20,62,13828,8703
ACATAATAAGGCGGTG-1,1,21,63,13689,8944
TAATACACAGTAGTAT-1,1,20,64,13551,8703
TCTTGGTAACACCAAA-1,1,21,65,13412,8943
AACTGGGTCCCGACGT-1,1,20,66,13274,8702
ATCACTTCATCCTCGC-1,1,21,67,13135,8943
TGGAAGGATAAAGATG-1,1,20,68,12997,8701
CATGATGCACAATTCT-1,1,21,69,12857,8942
TGCCTGATCAAACGAT-1,1,20,70,12719,8701
ATAGGGATATCCTTGA-1,1,21,71,12580,8942
CACCTAATCAGTTTAC-1,1,20,72,12442,8700
TGTGACTACGCCAGTC-1,1,21,73,12303,8941
CCCGACCATAGTCCGC-1,1,20,74,12165,8700
CGCGCCCGACTTAATA-1,1,21,75,12026,8941
TGCCACCTGGCGAAAC-1,1,20,76,11887,8699
CTGCCAAGGTTGGAAG-1,1,21,77,11748,8940
TCTCCAACGTAGGTTA-1,1,20,78,11610,8699
TTCTTGGAGTAATGAG-1,1,21,79,11471,8939
GTCTCGATCTGCTTTC-1,1,20,80,11333,8698
TACTCTCCGAACAAAT-1,1,21,81,11194,8939
ATCACATTAGAATATC-1,1,20,82,11055,8697
TACGGGATGCTAGCAG-1,1,21,83,10916,8938
AGCTGAAGTAAACCAA-1,1,20,84,10778,8697
CATGGGTCGGGTGTGG-1,1,21,85,10639,8938
CACCCACGAGGCAATT-1,1,20,86,10501,8696
TGCCATTACTAAAGAA-1,1,21,87,10362,8937
CCGTTACGTTAGAACA-1,1,20,88,10224,8696
GCCAGGAGTAACCGAT-1,1,21,89,10084,8937
GGAAAGTGCCCATGCC-1,1,20,90,9946,8695
TCTTACCGGAACTCGT-1,1,21,91,9807,8936
TATGTCAAGACCGACT-1,1,20,92,9669,8695
CCTAACTAAGGCTCTA-1,1,21,93,9530,8935
GCGGTGAACTGCGCTC-1,1,20,94,9392,8694
CCTCGCGCGATATAGG-1,1,21,95,9253,8935
ATCGGCAAGCAGTCCA-1,1,20,96,9114,8693
AGATCGTGCATAAGAT-1,1,21,97,8975,8934
ATTCAGGACCTATTTC-1,1,20,98,8837,8693
AGCTAGAAGCAGAAGT-1,1,21,99,8698,8934
TTCGCTATCTGACGTG-1,1,20,100,8560,8692
TTCCGCAGAGAAATAT-1,1,21,101,8421,8933
CAGTACATTCTCTAAA-1,1,20,102,8283,8692
GTGAAGATTTCAAGTG-1,1,21,103,8143,8933
AACGCATGATCTGGGT-1,1,20,104,8005,8691
CCCAGAGGAGGGCGTA-1,1,21,105,7866,8932
GGAAACCTTGTTGAAT-1,1,20,106,7728,8691
GTGAAGCCGTATAGTC-1,1,21,107,7589,8932
GAGCTGTCGTCTCGGA-1,1,20,108,7451,8690
TGTCATTTGTTGGGAA-1,1,21,109,7312,8931
ACCAACACCACACACT-1,1,20,110,7173,8689
AAATGATTCGATCAGC-1,1,21,111,7034,8930
CTGCTTTATGTCCGCG-1,1,20,112,6896,8689
GCGAGAGGCCATGTAA-1,1,21,113,6757,8930
ATTGACCGGCGATGAC-1,1,20,114,6619,8688
ACCCTGGTAACGCCCT-1,1,21,115,6480,8929
GTTGGACCGCATCAGG-1,1,20,116,6342,8688
CGTTTACAAGGCAGCT-1,1,21,117,6202,8929
CGGTCCATGAGACTCC-1,1,20,118,6064,8687
GTTCGTCTGGGTCCCT-1,1,21,119,5925,8928
TGTACTACTCTCACGG-1,1,20,120,5787,8687
AGTGAAGATGGTGTCC-1,1,21,121,5648,8928
GAGGGCCATAATATTA-1,0,20,122,5510,8686
ACTCCCGTAGACTAGG-1,0,21,123,5370,8927
CGTCAAATGGTCGCAG-1,0,20,124,5232,8685
AAGTCTAGTAGCTGCC-1,0,21,125,5093,8926
AAGAAATCACCAGATT-1,0,20,126,4955,8685
GAGTGCACGGACAACA-1,0,21,127,4816,8926
GTTCAAATCAGATGTC-1,1,22,0,22423,9203
CATGGCTCCCTATGTC-1,1,23,1,22284,9444
GGCCACACGAAAGCCT-1,1,22,2,22146,9203
GAAGCCGGGTAAGCTC-1,1,23,3,22007,9444
TTGCGCTCTCTCGCTT-1,1,22,4,21869,9202
TACATGACCTTATCCG-1,1,23,5,21730,9443
GTCCTTCTACAACCCA-1,1,22,6,21592,9202
TATATGCTGGGTTGCC-1,1,23,7,21452,9443
GTTTATGGGATTTAGA-1,1,22,8,21314,9201
GGAACCCGAACAAGAA-1,1,23,9,21175,9442
AACGTTATCAGCACCT-1,1,22,10,21037,9200
CATCGTCCGGTTACTA-1,1,23,11,20898,9441
AGACAGCTCAGAATCC-1,1,22,12,20760,9200
GCAGATCCTCGCAAAT-1,1,23,13,20621,9441
GGGTCATGCGTACCAT-1,1,22,14,20482,9199
CTGGTCATTCCAATCC-1,1,23,15,20343,9440
TCAGGGCGCAAACTCG-1,1,22,16,20205,9199
GATGCCAGCAGAAGGC-1,1,23,17,20066,9440
GTTATTAACGTGGGAG-1,1,22,18,19928,9198
AATACAATGTTTCAGG-1,1,23,19,19789,9439
TTGCTGCACCTATCCA-1,1,22,20,19651,9198
CCAGAGACAAAGCCGG-1,1,23,21,19511,9439
CCGAAGTATATTGTTC-1,1,22,22,19373,9197
GCTAAACCTGAGGTGA-1,1,23,23,19234,9438
TCATACTTACAGATCC-1,1,22,24,19096,9196
CGAGCACTTCAAGTTT-1,1,23,25,18957,9437
TAGCAACCTGTCACAA-1,1,22,26,18819,9196
TGGGAAATGCCTTTCC-1,1,23,27,18680,9437
AGACCATGGGATACAA-1,1,22,28,18541,9195
TAAATGAATCCGTTTC-1,1,23,29,18402,9436
ACAACGGTCCCTGCGA-1,1,22,30,18264,9195
GTCACTCTCCAAATCT-1,1,23,31,18125,9436
TTCTACTTGCGAGGGC-1,1,22,32,17987,9194
CGCAATTACTTTCGGT-1,1,23,33,17848,9435
CTGTTCATCTCACGGG-1,1,22,34,17709,9194
TTCTTGTAACCTAATG-1,1,23,35,17570,9435
GCTTGATGATAATCAG-1,1,22,36,17432,9193
TTGGCTCGCATGAGAC-1,1,23,37,17293,9434
GCCCAGTTGGTATGCC-1,1,22,38,17155,9192
ATTCCTCCGCCAGTGC-1,1,23,39,17016,9433
TCGTCCGCTGGCGTCT-1,1,22,40,16878,9192
GGAGAAGTCATTGGCA-1,1,23,41,16738,9433
TTGTTAGCAAATTCGA-1,1,22,42,16600,9191
TCTAGCATCTTCGATG-1,1,23,43,16461,9432
TTCTAGGCCAATTGTG-1,1,22,44,16323,9191
TCACGGTCATCGCACA-1,1,23,45,16184,9432
ATGAAGCCAAGGAGCC-1,1,22,46,16046,9190
AATGACTGTCAGCCGG-1,1,23,47,15907,9431
CCAAACAGAACCCTCG-1,1,22,48,15768,9190
TATCGATGATTAAACG-1,1,23,49,15629,9431
GAACACACATCAACCA-1,1,22,50,15491,9189
CCCGTCAGCGTCTGAC-1,1,23,51,15352,9430
AGCATCGTCGATAATT-1,1,22,52,15214,9188
GACTAAGATCATGCAC-1,1,23,53,15075,9429
TAGGGTGTTTCAAGAG-1,1,22,54,14937,9188
TGGTTCGTAGCAAAGG-1,1,23,55,14797,9429
CTGTTCACTGCCTGTG-1,1,22,56,14659,9187
ATGTGCATCCGACGCA-1,1,23,57,14520,9428
TTGTCGTTCAGTTACC-1,1,22,58,14382,9187
CGGGATCAATGTAAGA-1,1,23,59,14243,9428
TTATCTGTATCATAAC-1,1,22,60,14105,9186
ATCGACTCTTTCCGTT-1,1,23,61,13966,9427
CTCATTTGATGGGCGG-1,1,22,62,13827,9186
GTAAGCGGGCAGTCAG-1,1,23,63,13688,9427
TCTATCGGTCGCAACA-1,1,22,64,13550,9185
AACGCGGTCTCCAGCC-1,1,23,65,13411,9426
ATTAATACTACGCGGG-1,1,22,66,13273,9184
CTTTAACTTTCAAAGG-1,1,23,67,13134,9425
CGTACCTGATAGGCCT-1,1,22,68,12996,9184
GAATGTTGGGTAATCT-1,1,23,69,12856,9425
TGCGGAGTAAAGGTGC-1,1,22,70,12718,9183
CCTGAATATTTACATA-1,1,23,71,12579,9424
TTGCTCCCATACCGGA-1,1,22,72,12441,9183
CCTCTAATCTGCCAAG-1,1,23,73,12302,9424
AGGTTGAGGCACGCTT-1,1,22,74,12164,9182
TCCCGTCAGTCCCGCA-1,1,23,75,12025,9423
TCCGATGACTGAGCTC-1,1,22,76,11886,9182
CAGCCTCCTGCAGAGG-1,1,23,77,11747,9423
CTTAGCCTTCCACATG-1,1,22,78,11609,9181
ATTAATGAACCAGTCG-1,1,23,79,11470,9422
ACGATACATAGAACTA-1,1,22,80,11332,9180
AGCCACTCCCGTGCTT-1,1,23,81,11193,9421
ATACGGGTTTCGATTG-1,1,22,82,11054,9180
CTGTCAAATGGCTCGG-1,1,23,83,10915,9421
GCTCGGAATTTAAAGC-1,1,22,84,10777,9179
TAGGCATGTTACGCCA-1,1,23,85,10638,9420
TGGCAACTCGCGCGCC-1,1,22,86,10500,9179
ATCAGTAGGCAGGGAT-1,1,23,87,10361,9420
TATCGATCTATGCATA-1,1,22,88,10223,9178
CGACTCAGGATGTTAT-1,1,23,89,10083,9419
GCCATATTGCACACAG-1,1,22,90,9945,9178
AATTCATAAGGGATCT-1,1,23,91,9806,9419
CGGTAGAGGTGCAGGT-1,1,22,92,9668,9177
AATGATGATACGCTAT-1,1,23,93,9529,9418
CTTGTGCTCACCGATT-1,1,22,94,9391,9176
TTCCAATCAGAGCTAG-1,1,23,95,9252,9417
CGATGGACCCTACGCC-1,1,22,96,9113,9176
GGTCGGATAAACGGCG-1,1,23,97,8974,9417
TTAGCTAATACGATCT-1,1,22,98,8836,9175
CTCGATATTTGCGAGC-1,1,23,99,8697,9416
ATTACTTACTGGGCAT-1,1,22,100,8559,9175
CTAGCCGATGTTATGA-1,1,23,101,8420,9416
TACTGCAATCAATTAC-1,1,22,102,8282,9174
TAGTCTGTGACGTTGC-1,1,23,103,8142,9415
CTCGTTTCTAATGTTT-1,1,22,104,8004,9174
TTCGTTCAACGAAGTT-1,1,23,105,7865,9415
CTGAATTTATTGCCAG-1,1,22,106,7727,9173
TGGAATATCCTTGACC-1,1,23,107,7588,9414
CAGATCATTTAAAGTC-1,1,22,108,7450,9172
CTCCTTTACGCAAGTC-1,1,23,109,7311,9413
TCCCAAACAGACAACG-1,1,22,110,7172,9172
ATCGCTGCGTGCAGCA-1,1,23,111,7033,9413
TTAGTTCAAGTGTTCG-1,1,22,112,6895,9171
AAACTCGTGATATAAG-1,1,23,113,6756,9412
TTAACGAACAAGCAGT-1,1,22,114,6618,9171
GTTATATCAGGAGCCA-1,1,23,115,6479,9412
CAAATTGGATTATGCC-1,1,22,116,6341,9170
CGAGGAGCTTCCATAT-1,1,23,117,6201,9411
GGAGACCAATGTGCTT-1,1,22,118,6063,9170
CATTGATGAACACGCC-1,1,23,119,5924,9411
GTCAATGCTATAATTT-1,1,22,120,5786,9169
ACCACCCTCTCTTCTA-1,1,23,121,5647,9410
TGGAGGGAAACACCTC-1,0,22,122,5509,9168
CACGGACGTGGATGGC-1,0,23,123,5370,9409
AACTTTCTCGATCATG-1,0,22,124,5231,9168
CGTATTGTTTCCTAAT-1,0,23,125,5092,9409
CCTACTGCGGCGGCCA-1,0,22,126,4954,9167
CTTAGGTCCCAATCGT-1,0,23,127,4815,9408
CGCAATCGATCATTAG-1,1,24,0,22422,9686
TGGTTATGCTTGCGGT-1,1,25,1,22283,9927
GGCTTGGCTCTCACCT-1,1,24,2,22145,9685
ATTGGTAGGATCCGCT-1,1,25,3,22006,9926
TCAGGGCGACTTCCTT-1,1,24,4,21868,9685
TCTGCAGATTCGAGTC-1,1,25,5,21729,9926
CTCTCGCTGTACTATG-1,1,24,6,21591,9684
AATAGTCGCGAGTCGG-1,1,25,7,21451,9925
AGTTACCCTTAAGACT-1,1,24,8,21313,9684
CTTAAATAAGACCCAT-1,1,25,9,21174,9924
GGTTGTGCTCTTGTCC-1,1,24,10,21036,9683
GTGAGTCTAAGACGGA-1,1,25,11,20897,9924
CGCGACACTGCGCAGC-1,1,24,12,20759,9682
GCTCGCGGTTCCGCTC-1,1,25,13,20620,9923
TTAACTCACGCGTGGA-1,1,24,14,20481,9682
GGAACGGCCTGCAGCC-1,1,25,15,20342,9923
GTAGAAACGGGTGGAG-1,1,24,16,20204,9681
TAATGAAAGACCCTTG-1,1,25,17,20065,9922
AGGCTTGCTAGACACC-1,1,24,18,19927,9681
TTGCGTAGTTTGAGGA-1,1,25,19,19788,9922
CGCCCTTGAAGGCTGA-1,1,24,20,19650,9680
CCCGGTGGAAGAACCT-1,1,25,21,19510,9921
TTAACACCTCGAACAT-1,1,24,22,19372,9680
GATTCCTATACGGCGC-1,1,25,23,19233,9920
TTACCCTAACAGTCCT-1,1,24,24,19095,9679
ACCCACCTACATGCTC-1,1,25,25,18956,9920
AAAGGGCAGCTTGAAT-1,1,24,26,18818,9678
CACACAGGGATAGATT-1,1,25,27,18679,9919
AGAGCGTACAAGCTCG-1,1,24,28,18540,9678
TCTTACGGCATCCGAC-1,1,25,29,18401,9919
GCCTATTCCGATATAG-1,1,24,30,18263,9677
GAAAGTGACTAACTGC-1,1,25,31,18124,9918
CCGGAATGGTTTCAGT-1,1,24,32,17986,9677
AGTATAATACTAGGCA-1,1,25,33,17847,9918
TAACTATCGAAGGTCC-1,1,24,34,17709,9676
ATGAGGAGTGTTAATC-1,1,25,35,17569,9917
TGTGTCGCGAGTTGCA-1,1,24,36,17431,9676
ATCCAACGCAGTCATA-1,1,25,37,17292,9916
AAGGCGCGTAAAGCTT-1,1,24,38,17154,9675
AGTCGGCCCAAACGAC-1,1,25,39,17015,9916
AACGTCAGACTAGTGG-1,1,24,40,16877,9674
ACTACCAGCTCTCTGG-1,1,25,41,16737,9915
GCAAGTGCACAGAGAA-1,1,24,42,16599,9674
ACACCTTAAGTAGGGC-1,1,25,43,16460,9915
TTCGACGGGAAGGGCG-1,1,24,44,16322,9673
TTCGCACTCGCGTGCT-1,1,25,45,16183,9914
TATTTGTTACCCTTTA-1,1,24,46,16045,9673
CGCTGTGACGCCGCAC-1,1,25,47,15906,9914
GTTGCACGGAGTTTCG-1,1,24,48,15767,9672
GTTTCCTGGAGGGTGA-1,1,25,49,15628,9913
ACACCCAGCATGCAGC-1,1,24,50,15490,9672
TCAACCATGTTCGGGC-1,1,25,51,15351,9912
TTACAACTACGCATCC-1,1,24,52,15213,9671
TCCGATGGTGCGACAT-1,1,25,53,15074,9912
GGGCGTACATTTATAT-1,1,24,54,14936,9670
AGCGACCAACGATATT-1,1,25,55,14796,9911
ACACAAAGACGGGTGG-1,1,24,56,14658,9670
ATCGCACGCCGGGAGA-1,1,25,57,14519,9911
GCTCTAAACCCTGACG-1,1,24,58,14381,9669
AATGCAACCGGGTACC-1,1,25,59,14242,9910
TCAAACAACCGCGTCG-1,1,24,60,14104,9669
TATGCTCCCTACTTAC-1,1,25,61,13965,9910
AAAGGGATGTAGCAAG-1,1,24,62,13826,9668
ACGATCATACATAGAG-1,1,25,63,13687,9909
TTGTTCAGTGTGCTAC-1,1,24,64,13549,9668
ATGCATGATCCAGGAT-1,1,25,65,13410,9908
AGTCTTCTCCTCAAAT-1,1,24,66,13272,9667
GATTCCCTTGTCGCAG-1,1,25,67,13133,9908
CTCGCACCTATATAGT-1,1,24,68,12995,9666
ACTCAATAAAGGCACG-1,1,25,69,12855,9907
AACCGAGCTTGGTCAT-1,1,24,70,12717,9666
TAAGGCAACATAAGAT-1,1,25,71,12578,9907
CACGCACAGCGCAGCT-1,1,24,72,12440,9665
GGTTTACAATCTCAAT-1,1,25,73,12301,9906
TGCAGGATCGGCAAAG-1,1,24,74,12163,9665
ATAACGGAGTCCAACG-1,1,25,75,12024,9906
AACGATATGTCAACTG-1,1,24,76,11885,9664
GACAACGACCATTGAA-1,1,25,77,11746,9905
TTGACCATGTTCTCCG-1,1,24,78,11608,9664
AGTACGGGCACCTGGC-1,1,25,79,11469,9904
CGCCATCCGATTATGA-1,1,24,80,11331,9663
AAGGTATCCTAATATA-1,1,25,81,11192,9904
TGTTGTCAAGAAGTCT-1,1,24,82,11053,9662
CAGTGAATAAATGACT-1,1,25,83,10914,9903
CACCTTGCGAAACTCG-1,1,24,84,10776,9662
CATTTAGCGGACCATG-1,1,25,85,10637,9903
CCAGTCTAGACGGCGC-1,1,24,86,10499,9661
TCGCTTTAAACGTTTG-1,1,25,87,10360,9902
GTGAAACGGCGCCACC-1,1,24,88,10222,9661
GGGCTCATCGAACCCA-1,1,25,89,10082,9902
TTGATGTGTAGTCCCG-1,1,24,90,9944,9660
CAGTAGCCCACGCGGT-1,1,25,91,9805,9901
AGCGCGGGTGCCAATG-1,1,24,92,9667,9660
TAATCGATCCGTACGT-1,1,25,93,9528,9900
AGTGGCGGCAATTTGA-1,1,24,94,9390,9659
CCTTTCAATGAAGAAA-1,1,25,95,9251,9900
CTCAGTCACGACAAAT-1,1,24,96,9112,9658
ATAGGCTAGCTTCGCA-1,1,25,97,8973,9899
CGGTTCAAGTAGGTGT-1,1,24,98,8835,9658
CAGTCGAGGATGCAAT-1,1,25,99,8696,9899
TATCACCCAACCGACC-1,1,24,100,8558,9657
AATGATGCGACTCCTG-1,1,25,101,8419,9898
TGGAACCACTGACACA-1,1,24,102,8281,9657
GCCAATAGGGCATCTC-1,1,25,103,8141,9898
TTCTTTGGTCGCGACG-1,1,24,104,8003,9656
ATTAGATTCCTCAGCA-1,1,25,105,7864,9897
CCGTGGAACGATCCAA-1,1,24,106,7726,9656
GGGTCGTGGCAAGTGT-1,1,25,107,7587,9896
TCGCTCGGCACCAGCG-1,1,24,108,7449,9655
ACGCAATCACTACAGC-1,1,25,109,7310,9896
CTCTAATGCATTGATC-1,1,24,110,7171,9654
GTCTCGACTAAGTTTG-1,1,25,111,7032,9895
TGGTTTAAACGTGGGT-1,1,24,112,6894,9654
CGCAGATCTTCACCCG-1,1,25,113,6755,9895
TCCAGATGTACGCCAA-1,1,24,114,6617,9653
CATTGCGGGTCAATTC-1,1,25,115,6478,9894
GACGTTCGTAAATACA-1,1,24,116,6340,9653
TACACCGTCGTTAGTC-1,1,25,117,6200,9894
ACGGGCGTATGCGACA-1,1,24,118,6062,9652
GAAGGCTACCATTGTT-1,1,25,119,5923,9893
TAAATCTTTACACCTC-1,1,24,120,5785,9652
AGTTTATGTAAAGACA-1,1,25,121,5646,9892
AGGAGACATCCACAGT-1,0,24,122,5508,9651
CAACCTGAACCTGCCA-1,0,25,123,5369,9892
AGTCCCTCGCAGAAAG-1,0,24,124,5230,9650
TGTATACGGATGATGA-1,0,25,125,5091,9891
TTGTGGTATAGGTATG-1,0,24,126,4953,9650
TCTGCACCATTAGTAA-1,0,25,127,4814,9891
AAATGTATCTTATCCC-1,1,26,0,22421,10168
ACTCTAAACCTGGGAT-1,1,27,1,22282,10409
GCTGGCAGGTGCCGTG-1,1,26,2,22144,10168
CTCATTCGTGAACATC-1,1,27,3,22005,10409
TCGCCGGATGGGCAAG-1,1,26,4,21867,10167
GGACTAAGTCAGGAGT-1,1,27,5,21728,10408
TATCAAAGGTCTGTAA-1,1,26,6,21590,10167
TTCAGTTTGTGGCAGC-1,1,27,7,21450,10408
TGTTCATAAATGTGCT-1,1,26,8,21312,10166
CTTAGCCCGGATAGTG-1,1,27,9,21173,10407
GATGCGAATGGTATTA-1,1,26,10,21035,10165
TCTAACTGTATGTAAA-1,1,27,11,20896,10406
TTAAACCTGGTTCCTT-1,1,26,12,20758,10165
GCTAAGTAAAGGCGAT-1,1,27,13,20619,10406
AGTTACCGCACATGGT-1,1,26,14,20480,10164
GACTGCGGCACGTGTA-1,1,27,15,20341,10405
TGGTGATCGTATTTGT-1,1,26,16,20203,10164
TTATCGCCTGCGAAGC-1,1,27,17,20064,10405
TGGAATTAGACGCTTT-1,1,26,18,19926,10163
TCGTCACACTGTTAGC-1,1,27,19,19787,10404
TTATGTTTGCGATAGA-1,1,26,20,19649,10163
GGTGCTGATCACAAAG-1,1,27,21,19509,10404
CATAGCCGCCCGGGAT-1,1,26,22,19371,10162
GGTTAGTTACGGCGCC-1,1,27,23,19232,10403
ATTCCCACATAAACAA-1,1,26,24,19094,10161
ATTCAGTAGCAGGGTC-1,1,27,25,18955,10402
CAGTTCCGCGGGTCGA-1,1,26,26,18817,10161
AAGAGATGAATCGGTA-1,1,27,27,18678,10402
CGCAATTCTACAATAA-1,1,26,28,18539,10160
TAACGCTTTGAGAGCG-1,1,27,29,18400,10401
AGGCTATGGTTAGCTT-1,1,26,30,18262,10160
GAGGAATGGAGAGGTT-1,1,27,31,18123,10401
TCCTCTACGAGATGGC-1,1,26,32,17985,10159
TTGATTATGCAGATGA-1,1,27,33,17846,10400
TCAGTACTGACCCGCG-1,1,26,34,17708,10159
TTATGACAAACTGGAT-1,1,27,35,17568,10400
GTAAGTAGGGTATACC-1,1,26,36,17430,10158
CGCAAACACGAGTTAC-1,1,27,37,17291,10399
TGGCCGTATATTGACC-1,1,26,38,17153,10157
ACTGTAGCACTTTGGA-1,1,27,39,17014,10398
GCTCTATGTTACGTGC-1,1,26,40,16876,10157
TGCGCGATTAACGGAG-1,1,27,41,16736,10398
GAATCGACATGGTCAC-1,1,26,42,16598,10156
GACTAAGTAGGCTCAC-1,1,27,43,16459,10397
ATCTTGACCTGCAACG-1,1,26,44,16321,10156
ATGCACTACCGCATTG-1,1,27,45,16182,10397
CAGATACTAACATAGT-1,1,26,46,16044,10155
GATCGACACTATCTGA-1,1,27,47,15905,10396
ATAGAGTACTGGGACA-1,1,26,48,15766,10155
CCTACTGCTTACACTT-1,1,27,49,15627,10396
CCTGCTATTTGAGAAG-1,1,26,50,15489,10154
CGCGTTCATGAAATAC-1,1,27,51,15350,10395
CATTATGCTTGTTGTG-1,1,26,52,15212,10153
CCAGGGACGTGGCCTC-1,1,27,53,15073,10394
TATGGATGTGCTACGC-1,1,26,54,14935,10153
GTACTAAGATTTGGAG-1,1,27,55,14795,10394
AGACCCGCCCTCCTCG-1,1,26,56,14657,10152
CGCATTAGCTAATAGG-1,1,27,57,14518,10393
GCTCTCGGGTACCGAA-1,1,26,58,14380,10152
CACCGCCAGAAGGTTT-1,1,27,59,14241,10393
TCCCAAAGACGAAGGA-1,1,26,60,14103,10151
ATGGATTGACCAAACG-1,1,27,61,13964,10392
GTCATGGACATGACTA-1,1,26,62,13825,10151
CTACTGCCACCTGACC-1,1,27,63,13686,10392
TTATATTTGGCAATCC-1,1,26,64,13548,10150
AGCACCAGTACTCACG-1,1,27,65,13409,10391
CATGGTCTAGATACCG-1,1,26,66,13271,10149
TCTACCGTCCACAAGC-1,1,27,67,13132,10390
CTAGTTGGGCCCGGTA-1,1,26,68,12994,10149
TCCCGCGTACTCCTGG-1,1,27,69,12854,10390
CAGAGCATGAGCTTGC-1,1,26,70,12716,10148
ACACGGGAACTTAGGG-1,1,27,71,12577,10389
GGCTCTGCTCCAACGC-1,1,26,72,12439,10148
AGAACGTGGTACATTC-1,1,27,73,12300,10389
CAATAAACCTTGGCCC-1,1,26,74,12162,10147
ACTTCGCCATACGCAC-1,1,27,75,12023,10388
ATCTGGTTAAGACTGT-1,1,26,76,11884,10147
TCGTAAGACGACATTG-1,1,27,77,11745,10388
GTGTACCTTGGCTACG-1,1,26,78,11607,10146
GCCCGTAATACCTTCT-1,1,27,79,11468,10387
CGGTCAAGTGGGAACC-1,1,26,80,11330,10145
TTGTAAGGCCAGTTGG-1,1,27,81,11191,10386
GGAGCACCAAGAACTA-1,1,26,82,11053,10145
TAATAGTGACGACCAG-1,1,27,83,10913,10386
CTAAATCCTATTCCGG-1,1,26,84,10775,10144
CGAGTTCTGTCCCACC-1,1,27,85,10636,10385
AGGCAGATGCGTAAAC-1,1,26,86,10498,10144
AAGGATGAGGGACCTC-1,1,27,87,10359,10385
AGAGAACCGTCTAGGA-1,1,26,88,10221,10143
GAGGGCGCAGCTCTGC-1,1,27,89,10081,10384
AAGATTGGCGGAACGT-1,1,26,90,9943,10143
CCAGTAGTCTGATCCA-1,1,27,91,9804,10384
AAGGGACAGATTCTGT-1,1,26,92,9666,10142
ATAGAGTTATCAACTT-1,1,27,93,9527,10383
AAATTACCTATCGATG-1,1,26,94,9389,10141
GATCCTAAATCGGGAC-1,1,27,95,9250,10382
TTACAGACCTAAATGA-1,1,26,96,9111,10141
CCTCACCTTAGCATCG-1,1,27,97,8972,10382
CATGCGACCAGTTTAA-1,1,26,98,8834,10140
AACATATCAACTGGTG-1,1,27,99,8695,10381
CTATAAGAGCCAATCG-1,1,26,100,8557,10140
AATATCGAGGGTTCTC-1,1,27,101,8418,10381
GTACTCCTGGGTATGC-1,1,26,102,8280,10139
ATAAGTAGGATTCAGA-1,1,27,103,8140,10380
AGGTCGCGGAGTTACT-1,1,26,104,8002,10139
CTAATTCTCAGATATT-1,1,27,105,7863,10380
GCCAACCATTTCCGGA-1,1,26,106,7725,10138
TGATCCCAGCATTAGT-1,1,27,107,7586,10379
CGTTGTAAGATTGATT-1,1,26,108,7448,10137
GAAACCATGGTGCGCT-1,1,27,109,7309,10378
AATCTATGCCGGAGCC-1,1,26,110,7170,10137
GACTCCCAGAATAAGG-1,1,27,111,7031,10378
TATGATCCGGCACGCC-1,1,26,112,6893,10136
CCGCTTGCTGACATGG-1,1,27,113,6754,10377
TGGTTAAGGGCGCTGG-1,1,26,114,6616,10136
TTGATAGTCAATACAT-1,1,27,115,6477,10377
GGTTTAATTGAGCAGG-1,1,26,116,6339,10135
CATTACATAGATTGTG-1,1,27,117,6199,10376
GGTACACCAGATTTAT-1,1,26,118,6061,10135
GGCCCGTATACCATGC-1,1,27,119,5922,10376
ATCTTTCGTATAACCA-1,1,26,120,5784,10134
GAGATGACAATCCTTA-1,1,27,121,5645,10375
AAAGCTTGCCTACATA-1,0,26,122,5507,10133
GAACGATAAGTTAAAG-1,0,27,123,5368,10374
TAATAGCTAAATGATG-1,0,26,124,5229,10133
TATGGCTAGGCTAATT-1,0,27,125,5090,10374
AGGAGAGTCTGGCTAC-1,0,26,126,4952,10132
TGCTCTGCCGGTTCAC-1,0,27,127,4813,10373
CCAATAGATTTCATCT-1,1,28,0,22420,10651
GGGCACGAATTGGCCG-1,1,29,1,22281,10892
TCGTTGACAGGGTCCC-1,1,28,2,22143,10650
ATCGTATTCCGAGAAC-1,1,29,3,22004,10891
GGGAATTCTGTCCAGT-1,1,28,4,21866,10650
ACGCGTTTCTTAAGAG-1,1,29,5,21727,10891
GAGAGCGCAGTCCCTG-1,1,28,6,21589,10649
GTCCTATTGTTGTGGT-1,1,29,7,21449,10890
CATCTGCAGGATCATT-1,1,28,8,21311,10648
GAGTCGACAGACCCTC-1,1,29,9,21172,10889
AAGTGCAAAGGTAGAC-1,1,28,10,21034,10648
AGGGTGGATAGTGCAT-1,1,29,11,20895,10889
TGATAGCGGGATTCTA-1,1,28,12,20757,10647
GTCAGTTTGGTAGTCG-1,1,29,13,20618,10888
GCATTCGAAATGAACA-1,1,28,14,20479,10647
AAAGACTGGGCGCTTT-1,1,29,15,20340,10888
TAACAATATTTGTTGC-1,1,28,16,20202,10646
CCAGCTTCCGCCCGCA-1,1,29,17,20063,10887
GATATGGATTACGCGG-1,1,28,18,19925,10646
AGAGCAGTTATGAGAC-1,1,29,19,19786,10887
TCACATCTTATCTGAT-1,1,28,20,19648,10645
TATGAAGACAGGTGCG-1,1,29,21,19508,10886
TACCTGCTGCACTGTG-1,1,28,22,19370,10644
TAGGTCCAAGTAAGGA-1,1,29,23,19231,10885
GAAACTCGTGCGATGC-1,1,28,24,19093,10644
AACAATTACTCTACGC-1,1,29,25,18954,10885
CCGCACGTGACCTCGG-1,1,28,26,18816,10643
AACTTGCCCGTATGCA-1,1,29,27,18677,10884
GGGTATGTATGCACTT-1,1,28,28,18538,10643
TTCGTACTCCAGAACG-1,1,29,29,18399,10884
GAATTTCTCGCTGCAG-1,1,28,30,18261,10642
AACAGGATGGGCCGCG-1,1,29,31,18122,10883
GACGTGTAGGGATTAT-1,1,28,32,17984,10642
TAGGTGAGCCCTACTC-1,1,29,33,17845,10883
CTAATTCGCACGCGCT-1,1,28,34,17707,10641
GAAGCTTGCTGACCGC-1,1,29,35,17567,10882
GGTTAGGCTTGGAGAA-1,1,28,36,17429,10640
ACAAGGACAAGAGGTT-1,1,29,37,17290,10881
AGGCCACCCGTTATGA-1,1,28,38,17152,10640
GTGGGCTTAGACACAC-1,1,29,39,17013,10881
CGTGTCCCATTCGCGA-1,1,28,40,16875,10639
TGGAGTGATGCGATGA-1,1,29,41,16735,10880
AACAACTGGTAGTTGC-1,1,28,42,16597,10639
CCTGGCTAGACCCGCC-1,1,29,43,16458,10880
CGCAATTAGGGTAATA-1,1,28,44,16320,10638
TCGAAATTTAGGACCA-1,1,29,45,16181,10879
AGACTAGCCTTCCAGA-1,1,28,46,16043,10638
TTGATCTAACTTTGTC-1,1,29,47,15904,10879
AAGGAGCGGTTGGTGC-1,1,28,48,15765,10637
ACTTGGGACCCGGTGG-1,1,29,49,15626,10878
TGATCTCCGGCGCCAG-1,1,28,50,15488,10636
CAGTTCAAATTGACAC-1,1,29,51,15349,10877
GTCCGGCTGAATTGCG-1,1,28,52,15211,10636
CTGGAAATGGATGCTT-1,1,29,53,15072,10877
TGATCGGTTTGACCCT-1,1,28,54,14934,10635
TAGAGTCTAAGCGAAC-1,1,29,55,14794,10876
GAGACTGATGGGTAGA-1,1,28,56,14656,10635
TAGCTAAGTCCGGGAG-1,1,29,57,14517,10876
GGGCGATATGTGTGAA-1,1,28,58,14379,10634
CTCGAGGTCGAACAGT-1,1,29,59,14240,10875
GATCCCTTTATACTGC-1,1,28,60,14102,10634
GTCATGCACCTCCGTT-1,1,29,61,13963,10875
ACTTTCCTATAGCTTC-1,1,28,62,13824,10633
TCGCTCGATATATTCC-1,1,29,63,13685,10874
ATAGGTTGGGCAGATG-1,1,28,64,13547,10632
CAATTAAGGGTGATGA-1,1,29,65,13408,10873
ACCGACTGAGTCCCAC-1,1,28,66,13270,10632
CCTGTCACCCGGGCTC-1,1,29,67,13131,10873
GATCGGTGGCCATAAC-1,1,28,68,12993,10631
CCTATGGGTTACCGTC-1,1,29,69,12853,10872
TTGGGACACTGCCCGC-1,1,28,70,12715,10631
CGAGGCTAAATATGGC-1,1,29,71,12576,10872
TCAGGGTGTAACGTAA-1,1,28,72,12438,10630
CGAGAGATGTGAACCT-1,1,29,73,12299,10871
TCGCTGGGCGGATTGT-1,1,28,74,12161,10630
AGATCTCAGGTGTGAT-1,1,29,75,12022,10871
TGGCCAAACTGAAGTA-1,1,28,76,11883,10629
GCTTCCGTCCCTAGAC-1,1,29,77,11744,10870
CAGCAGCCCGTTCCTT-1,1,28,78,11606,10628
TGTATAACAGATCCTG-1,1,29,79,11467,10869
CGCGGGAATTAGGCAG-1,1,28,80,11329,10628
TGCATGTGGTAATCTA-1,1,29,81,11190,10869
ACAATTTGAGCAGTGG-1,1,28,82,11052,10627
GAGCTAAGGGCATATC-1,1,29,83,10912,10868
CCAGATAGTTGAGTGA-1,1,28,84,10774,10627
CCACAATGTACGTCTT-1,1,29,85,10635,10868
CAATGGATCTCTACCA-1,1,28,86,10497,10626
TGTGGCAAAGCGTATG-1,1,29,87,10358,10867
TAAAGCGTTAGGAGAA-1,1,28,88,10220,10626
TCCGTTTAGCCTTGAA-1,1,29,89,10080,10867
CAGCTCGACAAGTTAA-1,1,28,90,9942,10625
GCCTATAGTGTCAGGG-1,1,29,91,9803,10866
ATAGACAACGGGACCT-1,1,28,92,9665,10624
CTACTATCTTTCAGAG-1,1,29,93,9526,10865
GCGCTGCTTTGCATTT-1,1,28,94,9388,10624
GCGCATCCAGTCAGCA-1,1,29,95,9249,10865
GACTCGCGGGAATGAC-1,1,28,96,9110,10623
CTGGTAACGAGCTCTT-1,1,29,97,8971,10864
TCCGGCCTAGCGTACA-1,1,28,98,8833,10623
TCTAGGTGGCGACGCT-1,1,29,99,8694,10864
ACGCTAGTGATACACT-1,1,28,100,8556,10622
ATCTGCACCTCTGCGA-1,1,29,101,8417,10863
CCTCACCTGAGGGAGC-1,1,28,102,8279,10622
AGTGAGCCTCGCCGCC-1,1,29,103,8139,10863
ACGAGTACGGATGCCC-1,1,28,104,8001,10621
GGTACCATTAAGACGG-1,1,29,105,7862,10862
TTCTGCTAGACTCCAA-1,1,28,106,7724,10620
TAACTATTACGCCAAA-1,1,29,107,7585,10861
GCATTCAAGGCAACGC-1,1,28,108,7447,10620
AGTACATCATTTATCA-1,1,29,109,7308,10861
GTCGTGTCTGGTCATC-1,1,28,110,7169,10619
AGTCTAAAGTATACTC-1,1,29,111,7030,10860
CGGCCCAACCTGTAGT-1,1,28,112,6892,10619
AGGGAGACATACTTCG-1,1,29,113,6753,10860
TCCCTAGATCAATAGG-1,1,28,114,6615,10618
TCCCGTCGCGTCATAG-1,1,29,115,6476,10859
CGCATCCATCAGCCAG-1,1,28,116,6338,10618
CTGCACCTAGTCCACA-1,1,29,117,6198,10859
CGAGGATCGGGAACGA-1,1,28,118,6060,10617
CAATGAGGTTCGACTA-1,1,29,119,5921,10858
TCTGACGGGCTAACCC-1,1,28,120,5783,10616
TTCTATGCCTTTCGCA-1,1,29,121,5644,10857
AGAGTATAGTGTTACG-1,1,28,122,5506,10616
CCATTGTTTCCTCCAT-1,1,29,123,5367,10857
CTCATCACTTAGTGAT-1,0,28,124,5228,10615
CCGAAGGGCGTACCGC-1,0,29,125,5089,10856
TCAAGCTGCCTTGAAA-1,0,28,126,4951,10615
CTCATTAACGTTGCCC-1,0,29,127,4812,10856
GTCTTCCTCACCTAAG-1,1,30,0,22419,11133
GGTGATGAAGGAAGTG-1,1,31,1,22280,11374
TCAATACAATTGCTGC-1,1,30,2,22142,11133
GCAACCCAAGTTGTTT-1,1,31,3,22003,11374
ATGAAGTGGACCCAGC-1,1,30,4,21865,11132
GAGAATCTCACGATCA-1,1,31,5,21726,11373
TATATCATTGATCAGT-1,1,30,6,21588,11132
AACTTTACGGGAGCTT-1,1,31,7,21448,11373
TTCTTGTGTCCATCAG-1,1,30,8,21310,11131
ACAATTTAGGAGGCTC-1,1,31,9,21171,11372
ATACTTGTTCTCGAGC-1,1,30,10,21033,11130
CACGGGATTGAGGGTT-1,1,31,11,20894,11371
GTTAATGTCTATCTTA-1,1,30,12,20756,11130
GCGTTATATTTGGAAC-1,1,31,13,20617,11371
CGTCAAGGCTATAAAT-1,1,30,14,20478,11129
TTAGCTCTGTAATCCG-1,1,31,15,20339,11370
AATGGTCCACCGTTCA-1,1,30,16,20201,11129
GTCATTGCATTGACCC-1,1,31,17,20062,11370
TGTCCGTGGCGCCTTT-1,1,30,18,19924,11128
TCAACTAACGTATAAC-1,1,31,19,19785,11369
TCCTCTCCAGTTGTCC-1,1,30,20,19647,11128
TGTGTTCGTATCCAAG-1,1,31,21,19507,11369
CCGCGTAGGTAAGGGC-1,1,30,22,19369,11127
CTGCGGGTGAAATGTT-1,1,31,23,19230,11368
TATCTACAGAGGTAAT-1,1,30,24,19092,11126
CTACTCTAGGCCCGGC-1,1,31,25,18953,11367
ACAAGCAGTGCCTAGC-1,1,30,26,18815,11126
TACAAGTCTCGTGCAT-1,1,31,27,18676,11367
TCGGAATGCGCTCTGA-1,1,30,28,18537,11125
TCGCGTCCAGAAGGTC-1,1,31,29,18398,11366
TATGGCCCGGCCTCGC-1,1,30,30,18260,11125
GCTGGCATATTCACCT-1,1,31,31,18121,11366
GTCAGAATAGTCTATG-1,1,30,32,17983,11124
GGCGTCCTATCCGCTG-1,1,31,33,17844,11365
CGGAGTTTGAGAGACA-1,1,30,34,17706,11124
AGCACTTAAGGACGCC-1,1,31,35,17566,11365
TCCACAATGGTTTACG-1,1,30,36,17428,11123
CCAACGATGCACTGAT-1,1,31,37,17289,11364
ATTTACAGTTTACTGG-1,1,30,38,17151,11122
CCCTGAAATGAGTTGA-1,1,31,39,17012,11363
CAAACGGTCGCACTTT-1,1,30,40,16874,11122
TGATTCGTCTATCACT-1,1,31,41,16735,11363
TCAGGTTCTTTGAGAA-1,1,30,42,16596,11121
CACGCAGCGAGGCTTT-1,1,31,43,16457,11362
TTAAGCGCCTGACCCA-1,1,30,44,16319,11121
CTTACACGGTATTCCA-1,1,31,45,16180,11362
AAGGCTGTGCTCATCG-1,1,30,46,16042,11120
GACCAGAGCCCTGTAG-1,1,31,47,15903,11361
TCCCAGGCTTAGCTAA-1,1,30,48,15764,11120
ATTGAAGATCTTAGTG-1,1,31,49,15625,11361
AGTTCCTACAGAATTA-1,1,30,50,15487,11119
GGGCTGGTTAGTCGCG-1,1,31,51,15348,11360
GAAATGGCGGTGTTAG-1,1,30,52,15210,11118
TACGAACACGACTTCA-1,1,31,53,15071,11359
ACCACAAGTTTCTATC-1,1,30,54,14933,11118
ATATTTAACCCTCAAG-1,1,31,55,14793,11359
GATCATTCCAAACATT-1,1,30,56,14655,11117
TCCAGGCGAGTACGGT-1,1,31,57,14516,11358
GTTTGACCAAATCCTA-1,1,30,58,14378,11117
CACAGCACCCACGGCA-1,1,31,59,14239,11358
TGCAAGAATGACGTAA-1,1,30,60,14101,11116
GCGAAGCCATACCCGT-1,1,31,61,13962,11357
TCCTTTCTTACGCTTA-1,1,30,62,13823,11116
GCTGCTCTCCGGACAC-1,1,31,63,13684,11357
ACTGTCTTCTTTAGAA-1,1,30,64,13546,11115
TCAAACTTAGATTGTT-1,1,31,65,13407,11356
CTATGTCACTAGCCCA-1,1,30,66,13269,11114
TGCGCAAAGCATTTGG-1,1,31,67,13130,11355
TTAATGTAGACCAGGT-1,1,30,68,12992,11114
GGCGGTAGGATCATTG-1,1,31,69,12852,11355
GGCAATAGTCAATGAG-1,1,30,70,12714,11113
ACACGAGACTCCTTCT-1,1,31,71,12575,11354
GACACAAGGGAAGAAA-1,1,30,72,12437,11113
TCAGCAAATGCATCTC-1,1,31,73,12298,11354
GAGATCTGTCACTCCG-1,1,30,74,12160,11112
ATGCCGGTCTTGCATA-1,1,31,75,12021,11353
TTGGGCGGCGGTTGCC-1,1,30,76,11882,11112
TTGTTGTGTGTCAAGA-1,1,31,77,11743,11353
ACTGTACGATACACAT-1,1,30,78,11605,11111
TCCACTTTATCTAGGT-1,1,31,79,11466,11352
GGTCTGAGAATCTGGA-1,1,30,80,11328,11110
TAGAAAGGTGGCGCTA-1,1,31,81,11189,11351
TATGTCTCATTGTGCC-1,1,30,82,11051,11110
GGATTTCACTTCTATA-1,1,31,83,10911,11351
TGAGTGGTCCGTGACG-1,1,30,84,10773,11109
CGCTTTCTTGCATTCG-1,1,31,85,10634,11350
ACCCAACGCCCGTGGC-1,1,30,86,10496,11109
GAACGTCTCATGGTCG-1,1,31,87,10357,11350
AGGGTTCCCTTTGGTT-1,1,30,88,10219,11108
GTAGCTTCCTCTTGTT-1,1,31,89,10079,11349
GCATGAGGGACGCGGC-1,1,30,90,9941,11108
CTACCCTAAGGTCATA-1,1,31,91,9802,11349
TCACCGCTCGGCACTC-1,1,30,92,9664,11107
GGCTCGCGTTGAGGTA-1,1,31,93,9525,11348
CTAACGAAACTTGCTG-1,1,30,94,9387,11106
TTAAACTCGAATTCAT-1,1,31,95,9248,11347
TACTTTACTGAGCCGG-1,1,30,96,9109,11106
GCTTGGATCGATTAGG-1,1,31,97,8970,11347
CGGTTATCCAACAGTG-1,1,30,98,8832,11105
CAGACCTGTAAGTGTT-1,1,31,99,8693,11346
GACGGTCAATAGAAGC-1,1,30,100,8555,11105
CTGACTGCGCAGCTCG-1,1,31,101,8416,11346
CCATACCTTTACTTGT-1,1,30,102,8278,11104
GTAATAAAGGGCTCCC-1,1,31,103,8138,11345
GTGAACTCCCATTCGA-1,1,30,104,8000,11104
GTGGTTACTTCTTTCG-1,1,31,105,7861,11345
TCAGAACCTCCACAGG-1,1,30,106,7723,11103
TCCCACTCTCTTCCGG-1,1,31,107,7584,11344
ATCTTGACTTGTCCAA-1,1,30,108,7446,11102
TCGGGAACGTGCCTAG-1,1,31,109,7307,11343
GTTAGCCGTAAATCAA-1,1,30,110,7168,11102
ATTTACTAAGTCCATT-1,1,31,111,7029,11343
GGGTGCATATGAAAGC-1,1,30,112,6891,11101
TCCGAATGGTCCTGAG-1,1,31,113,6752,11342
TGATGGCTGTTTCTGA-1,1,30,114,6614,11101
AAATAAGGTAGTGCCC-1,1,31,115,6475,11342
CCACTATCCGGGTCAC-1,1,30,116,6337,11100
ACACCACATAATTAGC-1,1,31,117,6197,11341
CGCGGTAAGTCTAGCT-1,1,30,118,6059,11100
GCGGGCATTACGATGC-1,1,31,119,5920,11341
AGGATTGCTTACGACA-1,1,30,120,5782,11099
CTCGGGATAACACCTA-1,1,31,121,5643,11340
GTCGTCTGGTTGGCTA-1,1,30,122,5505,11098
GCAATTAGTCGCACCG-1,1,31,123,5366,11339
GTGACCTAAAGAATAA-1,0,30,124,5227,11098
CTGAGCGAGACTTATT-1,0,31,125,5088,11339
CAAGACTCAGAAGCGC-1,0,30,126,4950,11097
ACTTCGCTAGCGAGTG-1,0,31,127,4811,11338
CCATACTCGCCTCTCC-1,1,32,0,22418,11616
ACGATACCTATCCTGA-1,1,33,1,22279,11857
CTCACCAGTACAAGTG-1,1,32,2,22141,11615
CGAAGACGGTGAGTGC-1,1,33,3,22002,11856
AAATTAATAAGCGCGA-1,1,32,4,21864,11615
GGGCCCTTATCTATAC-1,1,33,5,21725,11856
CTGCCCACGAAGCGTT-1,1,32,6,21587,11614
GGACAAGTTGCAGTGA-1,1,33,7,21447,11855
GTCCGAGAGCAATCAT-1,1,32,8,21309,11613
ATGGCAGCCGAGAAAC-1,1,33,9,21170,11854
CCTCGGATGCTACCTG-1,1,32,10,21032,11613
ATACGGTGAAGATGCA-1,1,33,11,20893,11854
ACATCAGCTGGGACGC-1,1,32,12,20755,11612
GGTTGTGTAGCCTGGC-1,1,33,13,20616,11853
CCTGCGTTCTACGCTT-1,1,32,14,20477,11612
GAACGTTAGGAAGACG-1,1,33,15,20338,11853
CTGATAGTGTATCTCA-1,1,32,16,20200,11611
TTCTGCGAGCGCCCTT-1,1,33,17,20061,11852
CTTTGGCGCTTTATAC-1,1,32,18,19923,11611
TCCGAACTTGGCTTAC-1,1,33,19,19784,11852
TAGATTCCTGGTTATT-1,1,32,20,19646,11610
CCGACAAAGGGAGTGC-1,1,33,21,19506,11851
CCATGGCCCTTGTACC-1,1,32,22,19368,11609
GAAATATCACCATCAG-1,1,33,23,19229,11850
ACGAAATGGGCGGCAC-1,1,32,24,19091,11609
GTGAGCGTGCTGCACT-1,1,33,25,18952,11850
CCGCGGGTACGAAGAA-1,1,32,26,18814,11608
TCCCTGGCTCGCTGGA-1,1,33,27,18675,11849
CAGCTTAGTAGGTAGC-1,1,32,28,18536,11608
CACGAAAGTTAGTCCC-1,1,33,29,18397,11849
ACCTAATCGACTTCCT-1,1,32,30,18259,11607
AAGTAGTGACGCGAGG-1,1,33,31,18120,11848
TCCGATTACATTGCCG-1,1,32,32,17982,11607
CCTCCGACAATTCAAG-1,1,33,33,17843,11848
GTTCACAGGAGTCTAG-1,1,32,34,17705,11606
CGAAGTTGCTCTGTGT-1,1,33,35,17565,11847
GTCGGATATCTCAGAC-1,1,32,36,17427,11605
CGCTCTCCGTAGATTA-1,1,33,37,17288,11846
CAAGCAACGTCGGAGT-1,1,32,38,17150,11605
CCATTCCCTGCCCACA-1,1,33,39,17011,11846
CTTTGGCTTTAGTAAA-1,1,32,40,16873,11604
GGCTATTAAGTTGTAT-1,1,33,41,16734,11845
CCATTAGCGATAATCC-1,1,32,42,16595,11604
TGTTCTTCCATTGACT-1,1,33,43,16456,11845
AGATAACTTCAGGGCC-1,1,32,44,16318,11603
ATAGACGAAGAGAAAG-1,1,33,45,16179,11844
GGCGGAGTAATATTAG-1,1,32,46,16041,11603
TGACCCACGTTAGACA-1,1,33,47,15902,11844
TCACAGGTTATTGGGC-1,1,32,48,15763,11602
TCACGCATTGTAGATC-1,1,33,49,15624,11843
TTGAAGAATTCCCAGG-1,1,32,50,15486,11601
AAATGGTCAATGTGCC-1,1,33,51,15347,11842
TAGTGCCCTCCAGAGT-1,1,32,52,15209,11601
GGTATTGCCGAGTTTA-1,1,33,53,15070,11842
CGTATTAAGAGATCTA-1,1,32,54,14932,11600
ACTGTCCAGGATTATA-1,1,33,55,14792,11841
CGGGCAGCTAAACCGC-1,1,32,56,14654,11600
TTGCTGATCATGTTCG-1,1,33,57,14515,11841
TATGGGTACGTATCGT-1,1,32,58,14377,11599
CAGCTCACTGAGACAT-1,1,33,59,14238,11840
GGGACTGCATAGATAG-1,1,32,60,14100,11599
ACGCATTCGTGAGTAC-1,1,33,61,13961,11840
CTCTGGACGCCTGGTG-1,1,32,62,13822,11598
AGGGTTTAGTTCGGGA-1,1,33,63,13683,11839
GGGAGAACTCACAGTA-1,1,32,64,13545,11597
ATCAATCTGGGCTGCA-1,1,33,65,13406,11838
TCTTCGATACCAATAA-1,1,32,66,13268,11597
ACGTAGATTGCTGATG-1,1,33,67,13129,11838
TCTTGATGCGTAGCGA-1,1,32,68,12991,11596
GGGCTGCCTAGGGCGA-1,1,33,69,12851,11837
CTCTCACAATCGATGA-1,1,32,70,12713,11596
CCAAGCGTAACTCGTA-1,1,33,71,12574,11837
ACAACAGCATGAGCTA-1,1,32,72,12436,11595
GTCCCAACGTAAAGTA-1,1,33,73,12297,11836
TCGGAGTACATGAGTA-1,1,32,74,12159,11595
GGGAGTTAATGAGGCG-1,1,33,75,12020,11836
CCGGGCGGTCTCGTCA-1,1,32,76,11881,11594
CCGTAAGTTGGTCCCA-1,1,33,77,11742,11835
GGAGGGCTTGGTTGGC-1,1,32,78,11604,11593
TCGGACGCCCAGCCCA-1,1,33,79,11465,11834
TCTGTGCCATCATAGT-1,1,32,80,11327,11593
GTACTGGAGTTAGACC-1,1,33,81,11188,11834
GGAATGCGCTAGCGTG-1,1,32,82,11050,11592
GTGTGAATAACTTAGG-1,1,33,83,10910,11833
GGTCGGCCAGGAGCTT-1,1,32,84,10772,11592
TAGCCGGCGGTCAGCG-1,1,33,85,10633,11833
CGGGTGTACCCATTTA-1,1,32,86,10495,11591
AGTGATTCAAGCAGGA-1,1,33,87,10356,11832
GTTGGATTGAGAACAC-1,1,32,88,10218,11591
CACACGCGCTGTCTTA-1,1,33,89,10078,11832
TAGACGCCCGTACCGG-1,1,32,90,9940,11590
GGTTTCAATCGGTCAG-1,1,33,91,9801,11831
AATCTGCGTTGGGACG-1,1,32,92,9663,11589
TTACGGATGGTTCGAG-1,1,33,93,9524,11830
CGGCAGGGTCGGGTTG-1,1,32,94,9386,11589
GCTTTCAGAGGAGGTG-1,1,33,95,9247,11830
TCTTCCCATGGGCACA-1,1,32,96,9108,11588
TACCGCGGACTTGCAG-1,1,33,97,8969,11829
AGAATTATGGATTCGA-1,1,32,98,8831,11588
ATTGATGAGTCCTAAC-1,1,33,99,8692,11829
TAGGTCGCCGGAACTG-1,1,32,100,8554,11587
TAACCTACCGTCCGAG-1,1,33,101,8415,11828
CTTAGTAGGCCTACAG-1,1,32,102,8277,11587
CTAGATGTGAGTGTAA-1,1,33,103,8137,11828
ACTCCCGAATTCGTTT-1,1,32,104,7999,11586
GTTCATCGTTTGGCTG-1,1,33,105,7860,11827
ACTTTACCCTCATGAA-1,1,32,106,7722,11585
GCGAGAGTTGCGTCCA-1,1,33,107,7583,11826
GTTCGGGCGTACCATT-1,1,32,108,7445,11585
CGACTTTGTATAGCCT-1,1,33,109,7306,11826
GCCATCGATGCTGCAT-1,1,32,110,7167,11584
GCATTTCCAAGGCTCC-1,1,33,111,7028,11825
ATGTAAGGCTGCTCTT-1,1,32,112,6890,11584
ACGTTCGCAATCAATT-1,1,33,113,6751,11825
GTGACGAGGGTGACCC-1,1,32,114,6613,11583
ATTATAGCTACTTTAC-1,1,33,115,6474,11824
CGTGTGTTAAACCCTG-1,1,32,116,6336,11583
TTGGTATGGCTTGTGT-1,1,33,117,6196,11824
CATTCCCATTCCGTCG-1,1,32,118,6058,11582
TGCCGAAAGCGTATTC-1,1,33,119,5919,11823
CAACACATCTCCTGCC-1,1,32,120,5781,11581
CTGCCTCATATGCAAC-1,1,33,121,5642,11822
TCCCGCCTATGTGCGT-1,1,32,122,5504,11581
GGTTACCCGACACTTT-1,1,33,123,5365,11822
CCAGCGGGATCACCAG-1,0,32,124,5226,11580
ATGTTTCGGCCCGGAG-1,0,33,125,5087,11821
GCGTCTAACCTCCTAA-1,0,32,126,4949,11580
ATCAGGTAGCTGACAG-1,0,33,127,4810,11821
GGTATGAAAGAACTGA-1,1,34,0,22417,12098
GTGGCCTAATATCATT-1,1,35,1,22278,12339
CCTGTGAAACCGTAAC-1,1,34,2,22140,12098
GGCAGAGAGATCGGGA-1,1,35,3,22001,12339
TAGCGTCGAATATTGA-1,1,34,4,21863,12097
CGCCGACTATTCGCTA-1,1,35,5,21724,12338
TCTGGCGCAAGCCGGG-1,1,34,6,21586,12097
AGTGGTTGCGTATAGG-1,1,35,7,21446,12337
ATCGGTTACCTAGTAA-1,1,34,8,21308,12096
CCTGCCCGTTGTCTAG-1,1,35,9,21169,12337
GCACACGCCCATGGTC-1,1,34,10,21031,12095
AGTACGGCCCGTATCG-1,1,35,11,20892,12336
TATCTAGCCTAAAGGA-1,1,34,12,20754,12095
CACTCGGTTAGGAGGA-1,1,35,13,20615,12336
ATGTTCGTCGACCCAC-1,1,34,14,20476,12094
TTCCTCTGCCCGAATA-1,1,35,15,20337,12335
TTACTATCGGCTTCTC-1,1,34,16,20199,12094
GCCGCATTAGTCCGGC-1,1,35,17,20060,12335
TAAGGGCTGGGAGAGG-1,1,34,18,19922,12093
TAAGCAGGCGACACGC-1,1,35,19,19783,12334
AGCACTACCGGCCTGT-1,1,34,20,19645,12093
GAAAGCCCTTTGGACC-1,1,35,21,19505,12333
GACCGACTGAAGCGTC-1,1,34,22,19367,12092
CGGTGAAGACTAAAGT-1,1,35,23,19228,12333
CCCTGCGCTACGCATA-1,1,34,24,19090,12091
TACTGGACAGCTCGGC-1,1,35,25,18951,12332
TTAGTAGGGCGGCGGG-1,1,34,26,18813,12091
GAGGCTATCAAAGTCG-1,1,35,27,18674,12332
TTACCATTGATTACCC-1,1,34,28,18535,12090
ATACCACGGGCAACTT-1,1,35,29,18396,12331
TGTCCTAAGTCACCGC-1,1,34,30,18258,12090
AGGTAGGTACAAAGCT-1,1,35,31,18119,12331
GGCATACAGGTAGCGG-1,1,34,32,17981,12089
TGTAGTGATCTATAAT-1,1,35,33,17842,12330
TCCCGGGTGTGCTGCT-1,1,34,34,17704,12089
TACGATGTTGATCATC-1,1,35,35,17564,12329
CCTCTCTCCCATCTAG-1,1,34,36,17426,12088
GCAGGACTATAGAATA-1,1,35,37,17287,12329
CTAGTGAAGGACAGGA-1,1,34,38,17149,12087
TACGAGAACTTCACGT-1,1,35,39,17010,12328
CGTTGTTTCAATTCCC-1,1,34,40,16872,12087
GCAAATATTACGCTTT-1,1,35,41,16733,12328
CCAATAGTGCCGTCGA-1,1,34,42,16594,12086
ATTGCTGCTCCTCCAT-1,1,35,43,16455,12327
GAGATCTGCTTGGCAT-1,1,34,44,16317,12086
GCCGAAATTCCTACGT-1,1,35,45,16178,12327
GGCACTCCACTGGGCA-1,1,34,46,16040,12085
GGGTCACCGTGACGGT-1,1,35,47,15901,12326
CACTTAATCAGACGGA-1,1,34,48,15762,12085
CGTTTCGCTCATTACA-1,1,35,49,15623,12325
ATAAAGGCTCGGTCGT-1,1,34,50,15485,12084
CACTAAAGTTGCCTAT-1,1,35,51,15346,12325
GTGCTCAAGTACTGTC-1,1,34,52,15208,12083
CCATGCCTGTTTAGTA-1,1,35,53,15069,12324
TCTAGTTATCAGAAGA-1,1,34,54,14931,12083
TTGTAATCCGTACTCG-1,1,35,55,14791,12324
TCCCAGCTTTAGTCTG-1,1,34,56,14653,12082
CTACGCACGGAGTACC-1,1,35,57,14514,12323
AAATTAACGGGTAGCT-1,1,34,58,14376,12082
CGGCCACGCACAAAGT-1,1,35,59,14237,12323
GAAGCGTGAGGAATTT-1,1,34,60,14099,12081
ATATCTTAGGGCCTTC-1,1,35,61,13960,12322
ACGCGGGCCAAGGACA-1,1,34,62,13821,12081
GCGAGTTCTGCAAAGA-1,1,35,63,13682,12321
TATTCGTGCCAGAATA-1,1,34,64,13544,12080
AGGGCTGCAGTTACAG-1,1,35,65,13405,12321
CTAGCATAGTATAATG-1,1,34,66,13267,12079
TAGGTTCGAGTTCGTC-1,1,35,67,13128,12320
GAATTATAGTGAAAGG-1,1,34,68,12990,12079
CTATCGGGTCTCAACA-1,1,35,69,12850,12320
GCGCTAATTGAATAGA-1,1,34,70,12712,12078
ATGCGACAGTCCCATT-1,1,35,71,12573,12319
GGTAGTGCTCGCACCA-1,1,34,72,12435,12078
AAGCTCGTGCCAAGTC-1,1,35,73,12296,12319
TATTCAATTCTAATCC-1,1,34,74,12158,12077
TTCAAAGTCTCTAGCC-1,1,35,75,12019,12318
TTGAATATGGACTTTC-1,1,34,76,11880,12077
AAGAGCTCTTTATCGG-1,1,35,77,11741,12317
TTACTCCGGCCGGGAA-1,1,34,78,11603,12076
AAACGAGACGGTTGAT-1,1,35,79,11464,12317
GCTAAGTAGTTTCTCT-1,1,34,80,11326,12075
ATAACGCCGGAGGGTC-1,1,35,81,11187,12316
GGATCCGGAATATACT-1,1,34,82,11049,12075
TGAAAGGACCTGACTC-1,1,35,83,10909,12316
TCCGCGGCAGCATCTG-1,1,34,84,10771,12074
TGCATATGTCTGTCAC-1,1,35,85,10632,12315
TGTAGGAGAAATTTCC-1,1,34,86,10494,12074
AGTGAGACTTCCAGTA-1,1,35,87,10355,12315
CCCAAACATGCTGCTC-1,1,34,88,10217,12073
GCTTATGAAGCAGGAA-1,1,35,89,10078,12314
TTCTAACCGAAGCTTA-1,1,34,90,9939,12073
GGATGTCCTTACCGCA-1,1,35,91,9800,12313
AGGGTGCTCTCGAGGG-1,1,34,92,9662,12072
AACTCTCAATAGAGCG-1,1,35,93,9523,12313
TCTGAATTCCGTACAA-1,1,34,94,9385,12071
GCGTGGTACTGGGTTA-1,1,35,95,9246,12312
CGTCGGATAGTGTTGA-1,1,34,96,9107,12071
ATATGTCTCCCTAGCC-1,1,35,97,8968,12312
TCTTTAAGACTATGAA-1,1,34,98,8830,12070
TCATTTAAGTCTCCGA-1,1,35,99,8691,12311
GATATTGAGATTGGCG-1,1,34,100,8553,12070
TGACATCGAGCGGACC-1,1,35,101,8414,12311
GCGTAAATGGCCATAA-1,1,34,102,8276,12069
ATTGTACAACTCGGCT-1,1,35,103,8136,12310
TACGCTATAGAAACCT-1,1,34,104,7998,12069
CACCCAAATCTTATGT-1,1,35,105,7859,12309
AGATGATGGAGTCTGG-1,1,34,106,7721,12068
CCACGGTGCCCGGTAG-1,1,35,107,7582,12309
TCAAGAAATACTAGCT-1,1,34,108,7444,12067
AGGTATAATTGATAGT-1,1,35,109,7305,12308
CAAGGTCCTATAGGCT-1,1,34,110,7166,12067
CCGGCACGACCGTTTC-1,1,35,111,7027,12308
ACCTCCGTTATTCACC-1,1,34,112,6889,12066
GCAGCCTATATCACAT-1,1,35,113,6750,12307
GGTATAGTGACACATA-1,1,34,114,6612,12066
AAATTCCAGGTCCAAA-1,1,35,115,6473,12307
TCTTTAGCAGGCGAAC-1,1,34,116,6335,12065
TATTGACATTTCTGCC-1,1,35,117,6195,12306
TCTGATCGGGTGCTAG-1,1,34,118,6057,12065
GGCCCGGAGCATGTCT-1,1,35,119,5918,12305
GGGCGCAGCGTTACTC-1,1,34,120,5780,12064
TTGGCGATCCGAATAT-1,1,35,121,5641,12305
CCACGTAAATTAGACT-1,1,34,122,5503,12063
TCTGATTGGAAATGGA-1,1,35,123,5364,12304
ATGGCGGAATAGTCGC-1,1,34,124,5225,12063
ATCGCTTTACGTCTCA-1,1,35,125,5086,12304
TACGTGCAAGGTTCCT-1,0,34,126,4948,12062
CAGGACAGCTGCCCTT-1,1,35,127,4809,12303
CAAACCAGGTCTGCAT-1,1,36,0,22417,12581
ACAAGCTATATGGAAG-1,1,37,1,22277,12822
TCGCCCACTGCGAGAG-1,1,36,2,22139,12580
AGCCGCAAATTCAAAT-1,1,37,3,22000,12821
TTAACGTTAAAGCCTG-1,1,36,4,21862,12580
CAGCGCCAACACGATA-1,1,37,5,21723,12821
ATCCAATGGTACCGAA-1,1,36,6,21585,12579
GTGCTGCAGATAAGGA-1,1,37,7,21445,12820
GGCCTTTGCAACTGGC-1,1,36,8,21307,12578
GTCGTACCTACGATTG-1,1,37,9,21168,12819
TAGAAATTCACGTATA-1,1,36,10,21030,12578
AGAATAAATCTTCAGG-1,1,37,11,20891,12819
CATTGCGAAATGGGCG-1,1,36,12,20753,12577
GTCTACTCAATTACAA-1,1,37,13,20614,12818
TGTAATGACCACAATA-1,1,36,14,20475,12577
AAAGTCGACCCTCAGT-1,1,37,15,20336,12818
TACTCGGCACGCCGGG-1,1,36,16,20198,12576
AGGTGTATCGCCATGA-1,1,37,17,20059,12817
TGTGCTTTACGTAAGA-1,1,36,18,19921,12576
AAACCTCATGAAGTTG-1,1,37,19,19782,12817
TATAGGGTACTCATGA-1,1,36,20,19644,12575
CCAGCTGATGGTACTT-1,1,37,21,19504,12816
AATATTGGAGTATTGA-1,1,36,22,19366,12574
GGCCCTCACCCACTTA-1,1,37,23,19227,12815
AACCAAGACTTCTCTG-1,1,36,24,19089,12574
TCGTATTACCCATTGC-1,1,37,25,18950,12815
ATTCGACGCCGGGCCT-1,1,36,26,18812,12573
GGCGCAGGACATCTTC-1,1,37,27,18673,12814
GTACTCCCTTATCGCT-1,1,36,28,18534,12573
TGGTCTGTTGGGCGTA-1,1,37,29,18395,12814
AATAACAACGCTCGGC-1,1,36,30,18257,12572
CATACCCGTACCCAGT-1,1,37,31,18118,12813
ACAATCCATTTAAACC-1,1,36,32,17980,12572
GTTACAATTGGTGACG-1,1,37,33,17841,12813
TTGCCCTGATCACGGG-1,1,36,34,17703,12571
CTAACCGCGCGCCCGT-1,1,37,35,17563,12812
CTAAAGAATGCCTACT-1,1,36,36,17425,12570
ACCCATCTTGAGGGTA-1,1,37,37,17286,12811
GATCTTTGCAGGGTAT-1,1,36,38,17148,12570
GGGTACTTCATGAACT-1,1,37,39,17009,12811
GCCGCTTGTGAGAAAC-1,1,36,40,16871,12569
CCTGTAAGACATGATA-1,1,37,41,16732,12810
CGACAGTTCGCGTTAT-1,1,36,42,16593,12569
ACGATGCATATGTTAT-1,1,37,43,16454,12810
TGTTCCGCTTCCATGA-1,1,36,44,16316,12568
GGATGACGCGAGTTTA-1,1,37,45,16177,12809
GAAGTTTCCACTCAAT-1,1,36,46,16039,12568
GCGAGGCCCGAGCAGA-1,1,37,47,15900,12809
CATACTATGTAATTGT-1,1,36,48,15761,12567
CCAATGTCACAGCAAG-1,1,37,49,15622,12808
GTTGGATTTGCGTTGG-1,1,36,50,15484,12566
GGGAGGATGCCCGAAA-1,1,37,51,15345,12807
GATCGCGGGCTCTCCA-1,1,36,52,15207,12566
GTTCGCCATAAGTGCC-1,1,37,53,15068,12807
AGATTATAGGACGTTT-1,1,36,54,14930,12565
TCGAGACCAACACCGT-1,1,37,55,14790,12806
TATGGGACCGAGCAGG-1,1,36,56,14652,12565
GATGCGTCCTGCATTC-1,1,37,57,14513,12806
TATGGTCTGAGTAACA-1,1,36,58,14375,12564
GCATAGAGCACTCAGG-1,1,37,59,14236,12805
CTTCATTGTCAGTGGA-1,1,36,60,14098,12564
GCAGATTAGGGATATC-1,1,37,61,13959,12805
CCTGTCGCCCGTAAAT-1,1,36,62,13820,12563
CAATTTCGTATAAGGG-1,1,37,63,13681,12804
GTACACTTACCTGAAG-1,1,36,64,13543,12562
CCAGCCTGGACCAATA-1,1,37,65,13404,12803
ATGGAGCAGGCCGTGA-1,1,36,66,13266,12562
GTCATTAGAGCGAACG-1,1,37,67,13127,12803
AAGACTGCAAGCTACT-1,1,36,68,12989,12561
CTAGTCACGTCTTAAG-1,1,37,69,12849,12802
ACTCTTGTATAGTAAC-1,1,36,70,12711,12561
ATTAGGCGATGCTTTC-1,1,37,71,12572,12802
TTCGGGACTAATCGCG-1,1,36,72,12434,12560
TGGACTGTTCGCTCAA-1,1,37,73,12295,12801
AACGTGCGAAAGTCTC-1,1,36,74,12157,12560
CCACCCAAGGAAAGTG-1,1,37,75,12018,12801
CCGCACAAAGACCAAC-1,1,36,76,11879,12559
GCGATTGTTAACGTTA-1,1,37,77,11740,12800
ACTCGTCAGTAATCCC-1,1,36,78,11602,12558
GGTGATAAGGAGCAGT-1,1,37,79,11463,12799
AAGAGGCATGGATCGC-1,1,36,80,11325,12558
CACGTTCGTGCTCTAG-1,1,37,81,11186,12799
CTATTTGGTTACGGAT-1,1,36,82,11048,12557
GTACAGAGGCAAGGGT-1,1,37,83,10908,12798
GGGCCGGCCGAAGTAC-1,1,36,84,10770,12557
CCTGAACGATATATTC-1,1,37,85,10631,12798
CCGGGCTGCTCCATAC-1,1,36,86,10493,12556
TACTTGTTAGTAGTCC-1,1,37,87,10354,12797
CCTAGGCGTAGCGATC-1,1,36,88,10216,12556
CTGGCGCACAGGTCTG-1,1,37,89,10077,12797
ACTTATACTTACCCGG-1,1,36,90,9938,12555
GAAGTCTCCCTAGCGA-1,1,37,91,9799,12796
ACCGATGGTAGCATCG-1,1,36,92,9661,12554
CGAGTTTATCGGACTG-1,1,37,93,9522,12795
CATAACGGACAGTCGT-1,1,36,94,9384,12554
TGACGATGCACTAGAA-1,1,37,95,9245,12795
TAGGGAGCTTGGGATG-1,1,36,96,9106,12553
AGGGTCGATGCGAACT-1,1,37,97,8967,12794
TATATCCCTGGGAGGA-1,1,36,98,8829,12553
CATCTTACACCACCTC-1,1,37,99,8690,12794
GTGCGACAGGGAGTGT-1,1,36,100,8552,12552
CCGATCTCAACCTTAT-1,1,37,101,8413,12793
ACGATCATCTTGTAAA-1,1,36,102,8275,12552
GAAAGAACAGCGTTAT-1,1,37,103,8135,12793
CTAGGTCTGAAGGAAT-1,1,36,104,7997,12551
ATATCAACCTACAGAG-1,1,37,105,7858,12792
AAATAGCTTAGACTTT-1,1,36,106,7720,12550
GCGACATGTAAACATC-1,1,37,107,7581,12791
ATAAGTAGGGCGACTC-1,1,36,108,7443,12550
GCGAGCGCATGCTCCC-1,1,37,109,7304,12791
AGGGACCGGCTGCGTT-1,1,36,110,7165,12549
CCTATGAAGTGGTGCC-1,1,37,111,7026,12790
GCTTACGTAGTTAGTA-1,1,36,112,6888,12549
CATACTTAGGCAATAC-1,1,37,113,6749,12790
CCTGTCCCTCACGTTA-1,1,36,114,6611,12548
CAATGTGCCAACCCTT-1,1,37,115,6472,12789
GTTAAGTTAGAGTGGG-1,1,36,116,6334,12548
CTGGGATACGCTACCC-1,1,37,117,6194,12789
AACCTGTCACGGAATT-1,1,36,118,6056,12547
ACTGCGGACACACCGT-1,1,37,119,5917,12788
CCGTGAGGCATTCATG-1,1,36,120,5779,12546
GCCCAGATGCTGGAGA-1,1,37,121,5640,12787
TCTGGCCGTTCAAGTT-1,1,36,122,5502,12546
ATACGAAGGCTTTCCA-1,1,37,123,5363,12787
GATCCGAATATAAGTG-1,1,36,124,5224,12545
GTGGAGCATGTCGGCC-1,1,37,125,5085,12786
ACTCTTCAGCTCCCGC-1,1,36,126,4947,12545
CCCGATAGCCTCGCCT-1,1,37,127,4808,12786
ACAGGTGTGTTGTTGC-1,1,38,0,22416,13063
TGAACTGCTATGACTT-1,1,39,1,22276,13304
TGACATATATGACGAT-1,1,38,2,22138,13063
AAGTCTTCTGTGGCCT-1,1,39,3,21999,13304
ACCAGACCATAACAAC-1,1,38,4,21861,13062
TGAGACGTACCTCTCA-1,1,39,5,21722,13303
GACCGTTACATGCGAC-1,1,38,6,21584,13061
GGTTCGGATTATACTA-1,1,39,7,21444,13302
CCTCCTGAGCCCACAT-1,1,38,8,21306,13061
CCGCGATTTGGTAGGT-1,1,39,9,21167,13302
AATCTCTACTGTGGTT-1,1,38,10,21029,13060
ACTTTGACTGCATCCT-1,1,39,11,20890,13301
CCCTGACTAACAAATT-1,1,38,12,20752,13060
ACGCTGTGAGGCGTAG-1,1,39,13,20613,13301
GCATACGAGGTCTTTA-1,1,38,14,20474,13059
TCGGGATTCAAACATA-1,1,39,15,20335,13300
GGGCCCTACGAAAGGG-1,1,38,16,20197,13059
CGCCAAGAAGCCGAGT-1,1,39,17,20058,13300
GGTACATCTGGGACGA-1,1,38,18,19920,13058
GGATGCTGGCGTTCCT-1,1,39,19,19781,13299
CCGATTCGAGGGACCC-1,1,38,20,19643,13057
CCACTGGTGGCTGGTT-1,1,39,21,19503,13298
GACAGGCACACACTAT-1,1,38,22,19365,13057
TCAACGCGACCGGCAG-1,1,39,23,19226,13298
CTACGACTAGCTATAA-1,1,38,24,19088,13056
CGGTTGACCTGGCATA-1,1,39,25,18949,13297
ATCCTGAATCGCTGCG-1,1,38,26,18811,13056
GTTTCATATCGTCGCT-1,1,39,27,18672,13297
ATAAATATTAGCAGCT-1,1,38,28,18533,13055
AAGAGGATGTACGCGA-1,1,39,29,18394,13296
TCCTGCGTTGATACTC-1,1,38,30,18256,13055
CGTGCATTGTCGACGC-1,1,39,31,18117,13296
CCGGGTTCGAGGTTAC-1,1,38,32,17979,13054
CCCAATTTCACAACTT-1,1,39,33,17840,13295
TGATTTATTAGCTGTG-1,1,38,34,17702,13053
TGGAAGAAGGGAACGT-1,1,39,35,17562,13294
GACGCTTGCTTCTAAA-1,1,38,36,17424,13053
GGGAACGGGAGGTTAG-1,1,39,37,17285,13294
GCGGCTCTGACGTACC-1,1,38,38,17147,13052
ACGTTAGATTTGCCCG-1,1,39,39,17008,13293
GAGAGGGCGCGAGGTT-1,1,38,40,16870,13052
GCGTCTCTGCATTGGG-1,1,39,41,16731,13293
GCAGCACACAGCCCAG-1,1,38,42,16592,13051
CAGGCCGTTTGGGTGT-1,1,39,43,16453,13292
AACTCAAGTTAATTGC-1,1,38,44,16315,13051
CTTCGTAGATAGGTGA-1,1,39,45,16176,13292
TGCAGAGTACCGAGCA-1,1,38,46,16038,13050
GAAGTGATTTATCGTG-1,1,39,47,15899,13291
CGCTACGGGACATTTA-1,1,38,48,15761,13049
CCACACTGAGATATTA-1,1,39,49,15621,13290
CGATCCGACCCAGTGC-1,1,38,50,15483,13049
CTGTACTTCTTAGCAT-1,1,39,51,15344,13290
ACTTATTAGGATCGGT-1,1,38,52,15206,13048
TAGTCCGCAGAGAATG-1,1,39,53,15067,13289
TTCACGAAAGGATCAC-1,1,38,54,14929,13048
TACATTTCTAACGTGC-1,1,39,55,14789,13289
ACCATATCCGCAATAA-1,1,38,56,14651,13047
CACTCAAGAGCTATGG-1,1,39,57,14512,13288
TGTACGAACAAATCCG-1,1,38,58,14374,13047
ATCATCCAATATTTGT-1,1,39,59,14235,13288
CGCTATTCTTAGGCTC-1,1,38,60,14097,13046
TGGCAGCAGTAATAGT-1,1,39,61,13958,13287
TCACGTGCCCGATTCA-1,1,38,62,13819,13046
CATACGGCGTCTGGGC-1,1,39,63,13680,13286
CACATGATTCAGCAAC-1,1,38,64,13542,13045
GCTAGTAGAGCTTGTA-1,1,39,65,13403,13286
TGCTGTTGAAGAACTC-1,1,38,66,13265,13044
CGGAGCATGGCGATCC-1,1,39,67,13126,13285
TAGCGTTGGGTCTTAC-1,1,38,68,12988,13044
GTAGCGGCTATACACT-1,1,39,69,12848,13285
TAACATACAATGTGGG-1,1,38,70,12710,13043
TCTTCGAATAGACGTT-1,1,39,71,12571,13284
GATCGTGACTGATATC-1,1,38,72,12433,13043
GATCCGGGAATTAACA-1,1,39,73,12294,13284
TTATATACGCTGTCAC-1,1,38,74,12156,13042
GTCGCGTAACCCGTTG-1,1,39,75,12017,13283
AGCTCTAGACGTTCCA-1,1,38,76,11878,13042
GTCAAGCGGACTCGGG-1,1,39,77,11739,13282
CGAGGGACTGCGGTCG-1,1,38,78,11601,13041
AATCGCCTCAGCGCCA-1,1,39,79,11462,13282
CTTGTTGCTGAGTCAA-1,1,38,80,11324,13040
GATATGAGACACTAAC-1,1,39,81,11185,13281
TTATGATCTTAACGAA-1,1,38,82,11047,13040
CGCCGCCCATGCCTGT-1,1,39,83,10907,13281
CTGGGATAAATAATGG-1,1,38,84,10769,13039
GTGCCCGTTCGGATTC-1,1,39,85,10630,13280
TTCAATACTCTGAATC-1,1,38,86,10492,13039
CGCACATGTCCACTAC-1,1,39,87,10353,13280
AGAAGAGCGCCGTTCC-1,1,38,88,10215,13038
GATAACTCGCACTGTG-1,1,39,89,10076,13279
AGTCGACGGTCTCAAG-1,1,38,90,9937,13038
GTGACCGCACACTACG-1,1,39,91,9798,13278
GTATGTGGGTCTAGTT-1,1,38,92,9660,13037
CTTGAGTTAGGGTAAT-1,1,39,93,9521,13278
TTAGCTGATTTGCCGT-1,1,38,94,9383,13036
GCTGTTGCTACCGAAC-1,1,39,95,9244,13277
TATTACCATCCTGCTT-1,1,38,96,9105,13036
TTGAATTCACGTGAGG-1,1,39,97,8966,13277
CCATCTCACCAGTGAA-1,1,38,98,8828,13035
CGCACGTGCGCTATCA-1,1,39,99,8689,13276
ACCCGGATGACGCATC-1,1,38,100,8551,13035
CGCTAGAGACCGCTGC-1,1,39,101,8412,13276
ATAGTTCCACCCACTC-1,1,38,102,8274,13034
GCAGACCCAGCACGTA-1,1,39,103,8134,13275
TAGACTACCTAGCGTT-1,1,38,104,7996,13034
GGTTCTACTCGTCTGA-1,1,39,105,7857,13274
GACTCACCCACGTGAG-1,1,38,106,7719,13033
AGCTCTTCGTAACCTT-1,1,39,107,7580,13274
ACTATCCAGGGCATGG-1,1,38,108,7442,13032
AAGGATCGATCGCTTG-1,1,39,109,7303,13273
ATATCGGTAGGGAGAT-1,1,38,110,7164,13032
TTCCAGACGAGATTTA-1,1,39,111,7025,13273
GACCGACGTGAAAGCA-1,1,38,112,6887,13031
CCTGGAAACGTTCTGC-1,1,39,113,6748,13272
CCGGTAATGGCTAGTC-1,1,38,114,6610,13031
GCCGTGGAAGAAATGT-1,1,39,115,6471,13272
GTCTTGAGGAGCAGTG-1,1,38,116,6333,13030
TCCCAAAGCCCTAAAT-1,1,39,117,6193,13271
TTGAGCGCCACGTGAT-1,1,38,118,6055,13030
TTGAGTCCCGCTGCTG-1,1,39,119,5916,13270
ATGGAACCTTTGCACA-1,1,38,120,5778,13029
GCTAGCACCTGGGCCA-1,1,39,121,5639,13270
CGCCGTCTACCCATCG-1,1,38,122,5501,13028
GATAGGTGTCCCGGGC-1,1,39,123,5362,13269
AGGTATGCGGACATTA-1,1,38,124,5223,13028
TTGGTTCGCTCAAAGG-1,1,39,125,5084,13269
TCTGGAGCGTAAGAGT-1,1,38,126,4946,13027
TGCCTAAATTTAATAG-1,1,39,127,4807,13268
TAATTTCCGTCCAGTA-1,1,40,0,22415,13546
TCCTTCAATCCCTACG-1,1,41,1,22275,13787
TACCTATCCCTAGAGG-1,1,40,2,22137,13545
GCATGGGTACTGACGC-1,1,41,3,21998,13786
GTCGGGAACATGGTAG-1,1,40,4,21860,13545
GCAAATGAGGACACTT-1,1,41,5,21721,13786
GAATGGGCTTATCGAC-1,1,40,6,21583,13544
TGGTCGTGCAAGGCAA-1,1,41,7,21443,13785
CACCACGCCACACAGA-1,1,40,8,21305,13543
GAACCTCGACCTACAC-1,1,41,9,21166,13784
CAATACGCTCTGAGGC-1,1,40,10,21028,13543
TGGTAAGCAGGATTGA-1,1,41,11,20889,13784
AGTGGCTCCGTCGGCC-1,1,40,12,20751,13542
GATCGGATAGAACCAT-1,1,41,13,20612,13783
GCTACAGTACGGACCG-1,1,40,14,20473,13542
TCTATTACTAGAGGAT-1,1,41,15,20334,13783
TTCAGGCGTCAAAGCC-1,1,40,16,20196,13541
AGACCGGGAAACCCTG-1,1,41,17,20057,13782
AGAGATCTCTAAAGCG-1,1,40,18,19919,13541
CCCTGCCCAATCCGCT-1,1,41,19,19780,13782
GTGGCGGTCCCAGCGT-1,1,40,20,19642,13540
GCATTGTAATTCATAT-1,1,41,21,19502,13781
CCGTTCCGAATCTCGG-1,1,40,22,19364,13539
AGCTTGATCTTAACTT-1,1,41,23,19225,13780
CCTGTACTCACGCCCA-1,1,40,24,19087,13539
AAGTGACGACCGAATT-1,1,41,25,18948,13780
CTCACTTGGCTGGTAA-1,1,40,26,18810,13538
CGCCTGGCCTACGTAA-1,1,41,27,18671,13779
CCCGTAAGTCTAGGCC-1,1,40,28,18532,13538
TTGGACATGTGGCTTA-1,1,41,29,18393,13779
ATTACGCGCTGGCAGG-1,1,40,30,18255,13537
ACGCGCTACACAGGGT-1,1,41,31,18116,13778
TACGTTTACCGGCAAT-1,1,40,32,17978,13537
CGAAACGCAATTCATG-1,1,41,33,17839,13778
TAGTCTAACAACGAGA-1,1,40,34,17701,13536
TTGCATGCTGATCACG-1,1,41,35,17561,13777
TCTGGGTAGCGCTCAT-1,1,40,36,17423,13535
ACATCGGTCAGCCGCG-1,1,41,37,17284,13776
AGATACCGGTGTTCAC-1,1,40,38,17146,13535
GATTACTGAATTTGGG-1,1,41,39,17007,13776
TCCAACTTTAAATTCT-1,1,40,40,16869,13534
TCCTAGCAAAGAAGCT-1,1,41,41,16730,13775
GTCTATCTGAGTTTCT-1,1,40,42,16591,13534
GATGTTCAATCCACGA-1,1,41,43,16452,13775
AGTTAAACACTTGCGA-1,1,40,44,16314,13533
AGCTCTTTACTCAGTT-1,1,41,45,16175,13774
ATCCAGGATTCGTGAA-1,1,40,46,16037,13533
AGTCAACACCACCATC-1,1,41,47,15898,13774
CGATACCTCGCGGACA-1,1,40,48,15760,13532
TACAACGCACAACTCA-1,1,41,49,15620,13773
AATTAAAGGTCGGCGT-1,1,40,50,15482,13531
TACGCAGTTCTTTCCT-1,1,41,51,15343,13772
GACCGTGCTGACGGTG-1,1,40,52,15205,13531
GGCAAATTACTTTACT-1,1,41,53,15066,13772
GGTACAAACATGCTAT-1,1,40,54,14928,13530
CGGGCCTTCTTTGTAA-1,1,41,55,14788,13771
CGTGAAGTTAATTCAC-1,1,40,56,14650,13530
ATAGTGAAGCGTTCTC-1,1,41,57,14511,13771
TACGCCATATTCTAAT-1,1,40,58,14373,13529
GCCGGGTTAGGGTCGC-1,1,41,59,14234,13770
TACATAGGCATACACC-1,1,40,60,14096,13529
GCCGATTGGCCAAGCT-1,1,41,61,13957,13770
CTGCCATGCATCACAT-1,1,40,62,13818,13528
TTATGAATGAAAGGGA-1,1,41,63,13679,13769
GCTGAGGCGTGAGTAT-1,1,40,64,13541,13527
GCGCCGTTCCACGATA-1,1,41,65,13402,13768
CGCATGGTGCGATGCT-1,1,40,66,13264,13527
AGGTTTCACACACCTT-1,1,41,67,13125,13768
CAAGGATCGCATGTTC-1,1,40,68,12987,13526
ACGTTAATGTCGAAGA-1,1,41,69,12847,13767
TCCAGAGCACCGGTTC-1,1,40,70,12709,13526
GATTCGACGGTTCACG-1,1,41,71,12570,13767
GTTTCTGCAGTCTCCC-1,1,40,72,12432,13525
GCTGCACGGTTTCTTA-1,1,41,73,12293,13766
CGTGCAGACTGGGACA-1,1,40,74,12155,13525
GTGTTACTATGCGTCC-1,1,41,75,12016,13766
TCCTCGGGCTGGGCTT-1,1,40,76,11877,13524
GTGAGGACACTTAAGG-1,1,41,77,11738,13765
ATACGCCGGCGAAACC-1,1,40,78,11600,13523
TCTGCCAGAAACTGCA-1,1,41,79,11461,13764
TTCTGCGGGTTAGCGG-1,1,40,80,11323,13523
CTCGGTACCACTGCTC-1,1,41,81,11184,13764
GTAAGTAACAGTCTGG-1,1,40,82,11046,13522
GTGCGTGTATATGAGC-1,1,41,83,10906,13763
ATTTGTCTTGGGAGCT-1,1,40,84,10768,13522
CCTCGGACCGGGATAG-1,1,41,85,10629,13763
TAGGTGCTCGCCTAGC-1,1,40,86,10491,13521
CTTTAGGAACACTGTT-1,1,41,87,10352,13762
TCGGGCCGTCGTGGTA-1,1,40,88,10214,13521
AGTGCTTGCACGAATA-1,1,41,89,10075,13762
TGCAGTTTCCTCCCAT-1,1,40,90,9936,13520
TGAGAGATTTACCACG-1,1,41,91,9797,13761
GAAACAGATGACCACC-1,1,40,92,9659,13519
AGCAACATATCTTATT-1,1,41,93,9520,13760
CAAGTGTGGTTGCAAA-1,1,40,94,9382,13519
GCCTCATCTGGAAATA-1,1,41,95,9243,13760
AACCCTACTGTCAATA-1,1,40,96,9104,13518
ACGTATTACTCCGATC-1,1,41,97,8965,13759
TCTGGGAACCTTTGAA-1,1,40,98,8827,13518
GCTCGCTCATGTCCAA-1,1,41,99,8688,13759
GCGCAAGAGCGCGCTG-1,1,40,100,8550,13517
TTGACGCTCCATGAGC-1,1,41,101,8411,13758
TATAGATGGTCGCAGT-1,1,40,102,8273,13517
TTACATGCCACAACTA-1,1,41,103,8133,13758
ACATGGCGCCAAAGTA-1,1,40,104,7995,13516
TATGGTTAGTGGGAGA-1,1,41,105,7856,13757
CATGACTTCGCTGAAT-1,1,40,106,7718,13515
ACCACCAATGTAACAA-1,1,41,107,7579,13756
TCTTAGAGCTCCAATT-1,1,40,108,7441,13515
CCACGAATTTAACCTC-1,1,41,109,7302,13756
TTCTTGCTAGCATCTC-1,1,40,110,7163,13514
ACACCTTACTACTTGC-1,1,41,111,7024,13755
AGTCGGTTGCGTGAGA-1,1,40,112,6886,13514
ACCTACAGTATGTGGT-1,1,41,113,6747,13755
GAGGATAAACAGTGCT-1,1,40,114,6609,13513
TTCCGGTATCTGTGTC-1,1,41,115,6470,13754
GGAGGCCGAAGTCGTC-1,1,40,116,6332,13513
TTCGCTAGGAAGTTGT-1,1,41,117,6192,13754
TAAAGACAACCCTTTA-1,1,40,118,6054,13512
GTTGCGCTAACATTAC-1,1,41,119,5915,13753
GCTGAACTCTCCAGGG-1,1,40,120,5777,13511
AGCCCTGTCGCACCGT-1,1,41,121,5638,13752
AGCGCTAGAGCGATGT-1,1,40,122,5500,13511
TGCGCCGTTAATAACG-1,1,41,123,5361,13752
TGACAACGCATGTCGC-1,1,40,124,5222,13510
CGTCTTGAGTGTGACG-1,1,41,125,5083,13751
GATAGGATTAATTACA-1,1,40,126,4945,13510
GATACCGTGTCGGAGT-1,1,41,127,4806,13751
TGTGTCGAAGTCGAGG-1,1,42,0,22414,14028
GGATCAGAGCCATCAG-1,1,43,1,22274,14269
GTCCCAATCATCCCGC-1,1,42,2,22136,14028
TGCCACACTAGAGGAA-1,1,43,3,21997,14269
TGAATTTCACTTGCCT-1,1,42,4,21859,14027
CTCAGATTGTGATAAG-1,1,43,5,21720,14268
CGGACGTTACTTGAAG-1,1,42,6,21582,14026
CCGCCTTGCGATGTCG-1,1,43,7,21443,14267
CCAGTCAAATCTCTTA-1,1,42,8,21304,14026
AAACAGCTTTCAGAAG-1,1,43,9,21165,14267
TAGCTGATGTGAAGCG-1,1,42,10,21027,14025
CTTATGCGCTCAGGGC-1,1,43,11,20888,14266
TGGCTCTTGTCGCGTA-1,1,42,12,20750,14025
TTGTGAGGCATGACGC-1,1,43,13,20611,14266
CATAAGCTCTCCGTCT-1,1,42,14,20472,14024
CCTTCTCAGCGTTCCT-1,1,43,15,20333,14265
TGCAGCTACGTACTTC-1,1,42,16,20195,14024
CTCTACACTGGCGATT-1,1,43,17,20056,14265
TGCAGATCGTCCTAGG-1,1,42,18,19918,14023
TGCCAAAGTCAGACTT-1,1,43,19,19779,14264
ACAATAGTCGTACGTT-1,1,42,20,19641,14022
CATGCCAACTCGCAAA-1,1,43,21,19501,14263
TGCAGAACTATATCGT-1,1,42,22,19363,14022
TCGTGTCACGCTGACA-1,1,43,23,19224,14263
TGATCAGGGAACTGCT-1,1,42,24,19086,14021
CTTGCAACCGCCTCCT-1,1,43,25,18947,14262
AGCCCATACATGTAAG-1,1,42,26,18809,14021
ATCCAATGGAGGGTCC-1,1,43,27,18670,14262
AAACCGGGTAGGTACC-1,1,42,28,18531,14020
GCAACCACGGCCGCGT-1,1,43,29,18392,14261
CGCTTATTCCCGGTCG-1,1,42,30,18254,14020
TTACTCTGGTACGTAC-1,1,43,31,18115,14261
GTGGTTTCCGCCTTTC-1,1,42,32,17977,14019
ATAGGCGGCTATAGAA-1,1,43,33,17838,14260
GTGCCATCACACGGTG-1,1,42,34,17700,14018
CCCAACATACGTCGCG-1,1,43,35,17560,14259
CGGTGCAGATAGAACG-1,1,42,36,17422,14018
GGGCGGGTTCCCTACG-1,1,43,37,17283,14259
TGAGCCATACAGTCTC-1,1,42,38,17145,14017
CTCCGCCCACATGAGG-1,1,43,39,17006,14258
GTTGAACCGGTTCCAT-1,1,42,40,16868,14017
TTGACTACCATATGGT-1,1,43,41,16729,14258
ACCATCGTATATGGTA-1,1,42,42,16590,14016
TGCGTAAGAACCTGAT-1,1,43,43,16451,14257
AGAAGGTTGCCGAATT-1,1,42,44,16313,14016
AGGACGACCCATTAGA-1,1,43,45,16174,14257
GGTGCTGGTACACATT-1,1,42,46,16036,14015
GCGCTATGCCGAGGCA-1,1,43,47,15897,14256
ACCCGGTTACACTTCC-1,1,42,48,15759,14014
TAACTCATCCGCGCGG-1,1,43,49,15619,14255
CACAATGAGCTGCTAT-1,1,42,50,15481,14014
GTTACTTTGGGCCTAG-1,1,43,51,15342,14255
GGGCCCGTCTTAAACA-1,1,42,52,15204,14013
GAAATTGTCTCTATAA-1,1,43,53,15065,14254
GGCGCATGAATTGATG-1,1,42,54,14927,14013
CATATAGGTACAGTCA-1,1,43,55,14787,14254
TCAACGAGGAGACAAA-1,1,42,56,14649,14012
TTGCACAATTCAGAAA-1,1,43,57,14510,14253
CATCGGACGGGTTAAT-1,1,42,58,14372,14012
ATTAAACATGCGGACC-1,1,43,59,14233,14253
TATCTACCACAGCGGG-1,1,42,60,14095,14011
CGAGACCCTAGAGTGT-1,1,43,61,13956,14252
ACATCGATCGTTTACC-1,1,42,62,13817,14010
ATCGACCCAATACAGA-1,1,43,63,13678,14251
GAATCTGAACATTCTC-1,1,42,64,13540,14010
AGTTCCTATTTATGTT-1,1,43,65,13401,14251
CAGTCTGTATACTGGG-1,1,42,66,13263,14009
GGAGACGACACCTTTG-1,1,43,67,13124,14250
CCTAAATTAACGGTTC-1,1,42,68,12986,14009
GCTACGACTTATTGGG-1,1,43,69,12846,14250
CTGTGCAGGGTAGGTC-1,1,42,70,12708,14008
ACGCCGCTAGACGACC-1,1,43,71,12569,14249
ACTTGACTCCCTCTTT-1,1,42,72,12431,14008
CGCCTCCCTCCTCTAT-1,1,43,73,12292,14249
CTAGATTTACGACGGC-1,1,42,74,12154,14007
GATGCTGTATTTCATC-1,1,43,75,12015,14248
TGCGTTTGTTGACACT-1,1,42,76,11876,14006
CGTGCCCTCCCGAAGA-1,1,43,77,11737,14247
ACTCTCTGACTTAGGT-1,1,42,78,11599,14006
CTGGGTAGGCAGTTAA-1,1,43,79,11460,14247
GTTTGGCCCAAGTTAT-1,1,42,80,11322,14005
GAATGTGGTCCGGATT-1,1,43,81,11183,14246
CCCAGTTAAGGCGCCG-1,1,42,82,11045,14005
CGGTACTAGAATCAAA-1,1,43,83,10905,14246
GCTTAATGTAACTAAC-1,1,42,84,10767,14004
AGGACAGTCGAATCCC-1,1,43,85,10628,14245
GACAGCCAGACCTGAC-1,1,42,86,10490,14004
GGCGAAATCTAACTTG-1,1,43,87,10351,14245
CTGGTAACACATAGAA-1,1,42,88,10213,14003
TAGCCATTTCAAAGTC-1,1,43,89,10074,14244
GGGATTTACCGCACCT-1,1,42,90,9935,14002
ATGCCATTTGCGACCA-1,1,43,91,9796,14243
GAATAGACGCGACCCA-1,1,42,92,9658,14002
TGTATGGCGCAGACAG-1,1,43,93,9519,14243
GGATGAAGATCGCTGA-1,1,42,94,9381,14001
CGACAATTTGATCTAA-1,1,43,95,9242,14242
AAAGTTGACTCCCGTA-1,1,42,96,9104,14001
CGCGGCTCAACTTGAA-1,1,43,97,8964,14242
CACGCGGAACTGTTGC-1,1,42,98,8826,14000
TCTTAGAGTGAACTCT-1,1,43,99,8687,14241
AGTCCATTGGCTGATG-1,1,42,100,8549,14000
TTAAGATAGGATTGAC-1,1,43,101,8410,14241
ACATCCTGGTAACTGT-1,1,42,102,8272,13999
CACCTTGGCGCCTTTG-1,1,43,103,8132,14240
GCTAGACCGTCTACTG-1,1,42,104,7994,13998
CGGCCCAGGTATATCC-1,1,43,105,7855,14239
GTCCATTACTGCTACG-1,1,42,106,7717,13998
GGGTTTAGGATAGGAT-1,1,43,107,7578,14239
TAATTAGGACATCCGT-1,1,42,108,7440,13997
GCTCCCAGTCGGTCCA-1,1,43,109,7301,14238
ATTCGTGCTATCTCTT-1,1,42,110,7162,13997
GTTAACTATGTTGTCA-1,1,43,111,7023,14238
GCTCCGCTCGCTTCAG-1,1,42,112,6885,13996
GCAACGGCTAGTTATG-1,1,43,113,6746,14237
AATCGCGCAGAGGACT-1,1,42,114,6608,13996
AGGTTACACCATGCCG-1,1,43,115,6469,14237
CGAGATTTCGCTCGGG-1,1,42,116,6331,13995
CGATAATACTCAGGTT-1,1,43,117,6191,14236
AAGGCAGGCTGTCTCC-1,1,42,118,6053,13994
GTAAGTCCACACTCTA-1,1,43,119,5914,14235
ATGAGGGCAGCGGCTA-1,1,42,120,5776,13994
GCCGCACTCCGTTTCA-1,1,43,121,5637,14235
GAGCACGGCGCCTCTT-1,1,42,122,5499,13993
ACAATTTGGCCATATT-1,1,43,123,5360,14234
CTGGTTCGCGAGCTAC-1,1,42,124,5221,13993
GACGGTCCTAGGGTGT-1,1,43,125,5082,14234
ACTCGCGATCTGACGC-1,1,42,126,4944,13992
GTGTACGAACCGTTCC-1,1,43,127,4805,14233
CTTTGACGTCGCTTCT-1,1,44,0,22413,14511
CGTTATCATACTTCCA-1,1,45,1,22273,14752
GCTATGCCAGCTTATG-1,1,44,2,22135,14510
CAGTCGGCCTAGATAT-1,1,45,3,21996,14751
CCCGTGAGGGCGGTGA-1,1,44,4,21858,14510
TCTCGTGTTACGAGGA-1,1,45,5,21719,14750
ACGTCTCGTTCCGGGA-1,1,44,6,21581,14509
CGAGAGCGCGTAGATA-1,1,45,7,21442,14750
GACAGATTTCTGGCTC-1,1,44,8,21303,14508
GGGCCTAAATGGGCTA-1,1,45,9,21164,14749
ACTTGTAGTCCCTTCA-1,1,44,10,21026,14508
CCCGAAGTTTCGCGAA-1,1,45,11,20887,14749
ACCATCCGCCAACTAG-1,1,44,12,20749,14507
TGCGAATATGGGATTT-1,1,45,13,20610,14748
TACATCCCTATCCCTG-1,1,44,14,20471,14507
GTGGGAAGACTGAATC-1,1,45,15,20332,14748
TCAACATCGACCGAGA-1,1,44,16,20194,14506
CTATGTGAGTCACGGC-1,1,45,17,20055,14747
CCGAACACTGGGCCTC-1,1,44,18,19917,14506
AAACTTGCAAACGTAT-1,1,45,19,19778,14746
AGGGCGAGCAGCTGAT-1,1,44,20,19640,14505
AACACGAGACGCGGCC-1,1,45,21,19500,14746
TGACGAATATTTCCCT-1,1,44,22,19362,14504
TCGGAGAGTATCGGGA-1,1,45,23,19223,14745
CAAATCTCTCACAAGG-1,1,44,24,19085,14504
AGGCCCTAGAACGCCA-1,1,45,25,18946,14745
TAGAGATCATGCAACT-1,1,44,26,18808,14503
TTGTTTCCATACAACT-1,1,45,27,18669,14744
GAGAGGTGCATTCTGG-1,1,44,28,18530,14503
GTGGACCAACCCGATT-1,1,45,29,18391,14744
CTGGGCCTGCTATATC-1,1,44,30,18253,14502
CATAGTCCACAAGAAC-1,1,45,31,18114,14743
TTGACATGAACGTGGA-1,1,44,32,17976,14502
GGTTACCACCCTCGGG-1,1,45,33,17837,14742
TACCGGTCGTTTCCAT-1,1,44,34,17699,14501
CGAGTACTAAAGAGGA-1,1,45,35,17559,14742
GCAAGAATTCCTTGGC-1,1,44,36,17421,14500
TCGCCGAAGTTGCGTC-1,1,45,37,17282,14741
TTGAGAGTACTGCTAA-1,1,44,38,17144,14500
GCCACAATTTAAGGAC-1,1,45,39,17005,14741
ATATTCAGTTAAACCT-1,1,44,40,16867,14499
TGAGTGCCTCTTAAAT-1,1,45,41,16728,14740
ATCAGACGGCACGCCG-1,1,44,42,16589,14499
GTGCGAAATCGAACAC-1,1,45,43,16450,14740
GTGCCGCTTCAAAGGT-1,1,44,44,16312,14498
GATACGATGGGAGTCA-1,1,45,45,16173,14739
GACACTGAGTTCAGTG-1,1,44,46,16035,14498
ATCCTGCGTGGAATGG-1,1,45,47,15896,14738
ATCCTACCTAAGCTCT-1,1,44,48,15758,14497
AGTGATATGAGTAGTT-1,1,45,49,15618,14738
ATGATGCAATGGTACA-1,1,44,50,15480,14496
GAAACCGAATTACCTT-1,1,45,51,15341,14737
AGTGACCTACTTTACG-1,1,44,52,15203,14496
CAAATGTCCTTCCGTG-1,1,45,53,15064,14737
TTACTGGGATATTTCA-1,1,44,54,14926,14495
CTTGCCCAGGCTCTAC-1,1,45,55,14787,14736
AAATCGTGTACCACAA-1,1,44,56,14648,14495
GTGATCATAGATCTGC-1,1,45,57,14509,14736
TGGCAGATTACGATCA-1,1,44,58,14371,14494
TCACCCTCTTAAGATT-1,1,45,59,14232,14735
CAGGATATATCGTTGT-1,1,44,60,14094,14494
CCTGACCACCGATGGT-1,1,45,61,13955,14734
CTAAAGGGAAATAGGA-1,1,44,62,13816,14493
CCGCTATCAGCACCAG-1,1,45,63,13677,14734
CTTTAGTGCTATTATT-1,1,44,64,13539,14492
CGGGAATTTATGTAAA-1,1,45,65,13400,14733
TACGACTGCCTCTTAG-1,1,44,66,13262,14492
AAACTGCTGGCTCCAA-1,1,45,67,13123,14733
GTACGTTTGCCCGTCA-1,1,44,68,12985,14491
GGCAAGGCGAAATAGC-1,1,45,69,12845,14732
GATCTTGGAGGGCATA-1,1,44,70,12707,14491
AGCGTGGTATTCTACT-1,1,45,71,12568,14732
CTAAGGGAATGATTGG-1,1,44,72,12430,14490
CATGGTAAGTAGCGTT-1,1,45,73,12291,14731
CGTTGAGCGACCGTCG-1,1,44,74,12153,14490
TGCCCGTACCGTTAAA-1,1,45,75,12014,14730
ACAAGGGCAGGCTCTG-1,1,44,76,11875,14489
GAGATCTTCCATGACA-1,1,45,77,11736,14730
AATGACGTAGGATGTC-1,1,44,78,11598,14488
GTGGTGGCCAAGTGAA-1,1,45,79,11459,14729
TCCCGTGTGCAATTTG-1,1,44,80,11321,14488
ACATCGTATGCAATGG-1,1,45,81,11182,14729
GCGAAACTTAACTGGA-1,1,44,82,11044,14487
AATTGAACGCTCTGGT-1,1,45,83,10904,14728
ACAAATGGTAGTGTTT-1,1,44,84,10766,14487
ATGGTCGCGTGGTTTC-1,1,45,85,10627,14728
TGTTATTGTATGTGGC-1,1,44,86,10489,14486
TTCCGGTTACCCACTT-1,1,45,87,10350,14727
GAGTGTGCGGTACCCA-1,1,44,88,10212,14486
CAAGATATTATAACGT-1,1,45,89,10073,14726
ACACACCAGGACCAGT-1,1,44,90,9934,14485
ATGGGCCTCGGCCTCT-1,1,45,91,9795,14726
AAGGTGATAAACCAGC-1,1,44,92,9657,14484
TCTTACTTATGCCTCT-1,1,45,93,9518,14725
AAAGTGTGATTTATCT-1,1,44,94,9380,14484
TGCTCCACAGTTCTTA-1,1,45,95,9241,14725
CTGGCTGATTCATCCT-1,1,44,96,9103,14483
TAAGGCTGAATCCCTC-1,1,45,97,8963,14724
TCTAGTGATATCGTGG-1,1,44,98,8825,14483
TCGAAGAACCGAGCAC-1,1,45,99,8686,14724
GACAAACATATGCAGG-1,1,44,100,8548,14482
AAGTCAATTGTCGTCA-1,1,45,101,8409,14723
AGTGAACAAACTTCTC-1,1,44,102,8271,14482
CATGATGGAAGTTAGC-1,1,45,103,8131,14723
AAGTGCCTTGACTGTA-1,1,44,104,7993,14481
ATCGCCAGTCAACATT-1,1,45,105,7854,14722
ACCGCGGTGGAAGTCG-1,1,44,106,7716,14480
TCTTCTATAACCCGCC-1,1,45,107,7577,14721
CACATTTCTTGTCAGA-1,1,44,108,7439,14480
TAGCGTCCCTCGATTG-1,1,45,109,7300,14721
GTTCGGATCGGGAACA-1,1,44,110,7161,14479
CAAACTCGCGACGCCG-1,1,45,111,7022,14720
GTCTTGTAGCTATTCA-1,1,44,112,6884,14479
TCTCGACGTATCGCCG-1,1,45,113,6745,14720
TTGCCAAGCAGAACCC-1,1,44,114,6607,14478
AAACCCGAACGAAATC-1,1,45,115,6468,14719
TTGAGCAGCCCACGGT-1,1,44,116,6330,14478
CGCCTTTAGCATGCTC-1,1,45,117,6190,14719
TGTGGCTCCCACCAAC-1,1,44,118,6052,14477
CCGCCGTTGAGGATAA-1,1,45,119,5913,14718
CAATACGAGAGTCTGA-1,1,44,120,5775,14476
CATCTAGTGAAGGGAA-1,1,45,121,5636,14717
GGTGGAGGTTGATACG-1,1,44,122,5498,14476
CCGCACACGAACGTGT-1,1,45,123,5359,14717
AGAACCCAGCGTGACA-1,1,44,124,5220,14475
GCGCTCGATCACCTGT-1,1,45,125,5081,14716
ATCATGGACTACCGAC-1,1,44,126,4943,14475
TACGCCGCCTCAGAAG-1,1,45,127,4804,14716
CGACCTACTAGACAAT-1,1,46,0,22412,14993
GAGTCTTGTAAAGGAC-1,1,47,1,22272,15234
AATATCCTAGCAAACT-1,1,46,2,22134,14993
CCCTAGGCAACAAGAG-1,1,47,3,21995,15234
ACAAAGAAGGTAGGCC-1,1,46,4,21857,14992
CCCTGGCTGTTCCTTC-1,1,47,5,21718,15233
TCGCCGCACCGCGTGA-1,1,46,6,21580,14991
TATAGCGCACGTTATC-1,1,47,7,21441,15232
TTATCTGACATTAGGA-1,1,46,8,21302,14991
AGTGGTGTTACCCGTG-1,1,47,9,21163,15232
GCCAAGAATACTTCTG-1,1,46,10,21025,14990
CCGGCGTGAGACTCTG-1,1,47,11,20886,15231
TTCCCGGCGCCAATAG-1,1,46,12,20748,14990
AAACAGGGTCTATATT-1,1,47,13,20609,15231
ACAGTAATACAACTTG-1,1,46,14,20470,14989
CGAACGGCCGGACAAC-1,1,47,15,20331,15230
GCAACACACTAGAACT-1,1,46,16,20193,14989
ACTCCCATTCCTAAAG-1,1,47,17,20054,15230
ACCTGCGTGTCATGTT-1,1,46,18,19916,14988
TACTTTCCGCACGCCA-1,1,47,19,19777,15229
AGGTCAGGTGAGAGTG-1,1,46,20,19639,14987
TCCTCCTAAGACATTC-1,1,47,21,19499,15228
ATGTGAAAGCCTAATG-1,1,46,22,19361,14987
AGTCGGCTCAACTTTA-1,1,47,23,19222,15228
CGATCTGTTGGAGGAC-1,1,46,24,19084,14986
ACGGGAGTGTCGGCCC-1,1,47,25,18945,15227
TTAACTTCAGGTAGGA-1,1,46,26,18807,14986
CCACGGAGCCATAAGA-1,1,47,27,18668,15227
CTTCTATGTTGAAGTA-1,1,46,28,18529,14985
CACCGTTGCGCGATAT-1,1,47,29,18390,15226
TCTAGCAATCTCCGCC-1,1,46,30,18252,14985
AGTTTGGCCAGACCTA-1,1,47,31,18113,15226
TTGTAAGGACCTAAGT-1,1,46,32,17975,14984
AAATTTGCGGGTGTGG-1,1,47,33,17836,15225
AAGTTCGGCCAACAGG-1,1,46,34,17698,14983
CCGCTTACCTCACTCT-1,1,47,35,17558,15224
ATCACGTGCTAATTAA-1,1,46,36,17420,14983
GGTGAAGTACAGGGAT-1,1,47,37,17281,15224
GCTGTATTACTGGCCC-1,1,46,38,17143,14982
AACGGCCATCTCCGGT-1,1,47,39,17004,15223
TAAGTAACATCTTGAC-1,1,46,40,16866,14982
TTCTTGAGCCGCGCTA-1,1,47,41,16727,15223
AGTGCGTAGCTCGTAA-1,1,46,42,16588,14981
GGGATGGTCGTAACCG-1,1,47,43,16449,15222
GTCTGGGCGGTCGAGA-1,1,46,44,16311,14981
CGGAACGTAAACATAG-1,1,47,45,16172,15222
TGCGACACCCTAGTGC-1,1,46,46,16034,14980
CAAACGAGTATCGCAG-1,1,47,47,15895,15221
TCAGTAGGGACTATAA-1,1,46,48,15757,14979
GCGGTTCCCTATCATG-1,1,47,49,15617,15220
GTGACTTCAGTAGTGC-1,1,46,50,15479,14979
CGTCACGTCCATTGGT-1,1,47,51,15340,15220
ATAAGTTACCGCGACG-1,1,46,52,15202,14978
CTGAATCCGAGACCTC-1,1,47,53,15063,15219
TACGACGCTTGCTGCG-1,1,46,54,14925,14978
GAATTCACCCGGGTGT-1,1,47,55,14786,15219
GGGTGACACCTTAACT-1,1,46,56,14647,14977
TGAGTAAATTAGCGTA-1,1,47,57,14508,15218
GAGTCCGCTTACCGGA-1,1,46,58,14370,14977
GGCGCGTTCGAGTTTA-1,1,47,59,14231,15218
ATTCATATACTGTCCA-1,1,46,60,14093,14976
ATAAACGGACCCGTAA-1,1,47,61,13954,15217
GTCGTACCATCTCGGG-1,1,46,62,13815,14975
ATAATAGCTGTTGAAT-1,1,47,63,13676,15216
TTCCGCGTGAGGCGAT-1,1,46,64,13538,14975
TACCGGCTCACTGCCC-1,1,47,65,13399,15216
GTATCTTTCATAACCA-1,1,46,66,13261,14974
GTTACCTACAACTTGC-1,1,47,67,13122,15215
TGACTATAATCCTTTC-1,1,46,68,12984,14974
AAATACCTATAAGCAT-1,1,47,69,12844,15215
TTATTAGAGCGTGTTC-1,1,46,70,12706,14973
ATGTGGACATCTTGAT-1,1,47,71,12567,15214
GTACGCTTCATTGCAC-1,1,46,72,12429,14973
CACATATTAGCAGGAT-1,1,47,73,12290,15214
CAAGAGGGCGGAGTAC-1,1,46,74,12152,14972
TCGCAAAGATGCATTT-1,1,47,75,12013,15213
GTCGTTATTCGCTTAT-1,1,46,76,11874,14971
TCGTGTACTATGGATG-1,1,47,77,11735,15212
GCGGAGAGGGAGAACG-1,1,46,78,11597,14971
TCACAGGGAATCGCAA-1,1,47,79,11458,15212
GACTGCACCAGCCCAG-1,1,46,80,11320,14970
TCCGCTGTCATCCCGG-1,1,47,81,11181,15211
AGATACTCAAGATCGA-1,1,46,82,11043,14970
ACTGAATGGCGAAAGT-1,1,47,83,10903,15211
TCCTACATCCACGGCC-1,1,46,84,10765,14969
TTCAGCCCTGGTCCAC-1,1,47,85,10626,15210
TTAGAGTTTAGAAGGA-1,1,46,86,10488,14969
GGTTAGCTATATGTCT-1,1,47,87,10349,15210
CTGGTTTCGAGCAAGA-1,1,46,88,10211,14968
TGGGCCCATACTAATT-1,1,47,89,10072,15209
ACTTATTTATGTGCCA-1,1,46,90,9933,14967
TTAGTTATTCGTGGCA-1,1,47,91,9794,15208
AACCGCTAAGGGATGC-1,1,46,92,9656,14967
ATACGTCCACTCCTGT-1,1,47,93,9517,15208
CGACACGCTCCGACAG-1,1,46,94,9379,14966
TCTGAACTCGTACCCG-1,1,47,95,9240,15207
AGGATATAGGGATTTA-1,1,46,96,9102,14966
GTGATCACTAACGCCT-1,1,47,97,8962,15207
ACCGGGCCTTTGTTGA-1,1,46,98,8824,14965
TTGACAGGAGCTCCCG-1,1,47,99,8685,15206
CTCTTCTATTGACTGG-1,1,46,100,8547,14965
CGTGGCCGAATATCTA-1,1,47,101,8408,15206
GGTTTAGCCTTTCTTG-1,1,46,102,8270,14964
TCAAGGTTACTACACC-1,1,47,103,8130,15205
TTGACTATTGTCCGGC-1,1,46,104,7992,14963
CGGGAATATAGTATAC-1,1,47,105,7853,15204
GCAACAGCAGTATGCG-1,1,46,106,7715,14963
ATCAAACACTGTTCCA-1,1,47,107,7576,15204
TGGGCAATAGTTGGGT-1,1,46,108,7438,14962
TGAATGTCAGCCGGCC-1,1,47,109,7299,15203
CGGCTCTAAAGCTGCA-1,1,46,110,7160,14962
GGACACAAGTTTACAC-1,1,47,111,7021,15203
CCGAGAAGTCGCATAA-1,1,46,112,6883,14961
AACTACCCGTTTGTCA-1,1,47,113,6744,15202
GCACAAACGAGGCGTG-1,1,46,114,6606,14961
CACACAGCTTGCGCTC-1,1,47,115,6467,15202
GTGCTTACATCAGCGC-1,1,46,116,6329,14960
GCAAACGTCGCCAGGT-1,1,47,117,6189,15201
GAATAGCATTTAGGGT-1,1,46,118,6051,14959
TACTGTTTCTCTGGTA-1,1,47,119,5912,15200
TCCTATCATAGGTAAC-1,1,46,120,5774,14959
TTCGGTGGAGACGCCC-1,1,47,121,5635,15200
TGTTGCCGTCGTCCCA-1,1,46,122,5497,14958
CCAACTTGATAGATCC-1,1,47,123,5358,15199
CAAAGGTCATCTGAAA-1,1,46,124,5219,14958
CTAGCTTAATGGTCCC-1,1,47,125,5080,15199
AGGCCACATTGGTTAC-1,1,46,126,4942,14957
TTAGGATGGGAGGGTA-1,1,47,127,4803,15198
TATGACCTTGCGCTGG-1,1,48,0,22411,15476
ATATACATGTATGGTA-1,1,49,1,22271,15717
TGTGTGACCATGAATC-1,1,48,2,22133,15475
CCCACTCCACGGTATC-1,1,49,3,21994,15716
GGGCAGACGTCACTGC-1,1,48,4,21856,15475
TCAAAGAGCTATCTGT-1,1,49,5,21717,15715
AGATGCATCCTGTGTC-1,1,48,6,21579,15474
GTGAAGTCACGACTCG-1,1,49,7,21440,15715
TGATTCAGGTCCCGCG-1,1,48,8,21301,15473
CGCCACAGGTCGCGAT-1,1,49,9,21162,15714
TTGAATCGTTGTATAA-1,1,48,10,21024,15473
TGGCCAATTTGGTACT-1,1,49,11,20885,15714
CGACCCTTAACGCCGG-1,1,48,12,20747,15472
TCGGCGTACTGCACAA-1,1,49,13,20608,15713
GAGTAAGGCCACGGGA-1,1,48,14,20469,15472
ATCAGCTCGTCCACTA-1,1,49,15,20330,15713
AGGATCACGCGATCTG-1,1,48,16,20192,15471
AAATGGCCCGTGCCCT-1,1,49,17,20053,15712
CAGTACCAGTTTACGT-1,1,48,18,19915,15471
GGTCGTAAGCTCGCAC-1,1,49,19,19776,15711
CGTTCATGGTGCGCGT-1,1,48,20,19638,15470
GACTACAAAGCGGTGG-1,1,49,21,19498,15711
CAGCTGGCGTAACCGT-1,1,48,22,19360,15469
ACTCGTAACCCGTCCT-1,1,49,23,19221,15710
CATATGTCAGGCTACG-1,1,48,24,19083,15469
GCCCGACTTCTTCCCG-1,1,49,25,18944,15710
CTGGCATCCGAATGAG-1,1,48,26,18806,15468
AAGTGCGTTAGAATCT-1,1,49,27,18667,15709
AGAAGTGATTCGTGAT-1,1,48,28,18528,15468
TACCTTAAGATTTCCC-1,1,49,29,18389,15709
AATGACAGCAATGTCT-1,1,48,30,18251,15467
TCAACGCAGGAAATAA-1,1,49,31,18112,15708
TATTCCTCCGCCCACT-1,1,48,32,17974,15467
ATCAAACGAAGGTTTG-1,1,49,33,17835,15707
TTGATTAGCTGTTTCT-1,1,48,34,17697,15466
CTGCTGAGGCCACGAA-1,1,49,35,17557,15707
CCGTGTTAAATTCCAT-1,1,48,36,17419,15465
CACGTCGGCAACCTCT-1,1,49,37,17280,15706
GTATTCTGAGAAACGA-1,1,48,38,17142,15465
CGGTGCGCGTTGGTCC-1,1,49,39,17003,15706
GTGATTCGCCGCTCAA-1,1,48,40,16865,15464
GCCCGCGCGTAAACGG-1,1,49,41,16726,15705
AACGTACTGTGGGTAC-1,1,48,42,16587,15464
GAGTATGCCCGCCTTG-1,1,49,43,16448,15705
TGATTCTGTCGCCGGT-1,1,48,44,16310,15463
GGGCGGCAAATGAATT-1,1,49,45,16171,15704
TTCCAATCTGGCTATC-1,1,48,46,16033,15463
GGAACCGTGTAAATTG-1,1,49,47,15894,15703
TTGGTCACACTCGTAA-1,1,48,48,15756,15462
CGAACCCGCATGCGTC-1,1,49,49,15616,15703
GGGCGTCACCACGTAA-1,1,48,50,15478,15461
TACCAGAAGTAGGTTC-1,1,49,51,15339,15702
TTGGATATCGTCTACG-1,1,48,52,15201,15461
TAGATATGGACTGGAA-1,1,49,53,15062,15702
GCGACGATAGTTGTAC-1,1,48,54,14924,15460
CTGGATTTACACTTGA-1,1,49,55,14785,15701
GTTATATTATCTCCCT-1,1,48,56,14646,15460
TATTCCACTCAGCTCG-1,1,49,57,14507,15701
CTGTTACCCAATCTAG-1,1,48,58,14369,15459
ACGCGAAGTCAGACGA-1,1,49,59,14230,15700
GATAGGTAACGTTGAC-1,1,48,60,14092,15459
TGTTCGTATTGCGGTG-1,1,49,61,13953,15699
GGTCAGTGGGTCCCAC-1,1,48,62,13814,15458
AATTCTAGAGTTAGGC-1,1,49,63,13675,15699
GTTTACGTTCCATCTG-1,1,48,64,13537,15457
AGACCCACCGCTGATC-1,1,49,65,13398,15698
TCTAGCATGCCCAGAA-1,1,48,66,13260,15457
CCCGCAGCGCGAACTA-1,1,49,67,13121,15698
CTCTATTTGGCTGCAG-1,1,48,68,12983,15456
TTCTGCCGCGCCTAGA-1,1,49,69,12843,15697
ACTCCCTAGAATAGTA-1,1,48,70,12705,15456
CCGAACCTTCCCGGCC-1,1,49,71,12566,15697
TCAGACGCTATAGAAG-1,1,48,72,12428,15455
CAGGCGCCATGCTAGG-1,1,49,73,12289,15696
CACTCGAGCTGAACAA-1,1,48,74,12151,15455
ACAAGGAAATCCGCCC-1,1,49,75,12012,15695
ACCACGTGCAGCTATA-1,1,48,76,11873,15454
ACGGCGACGATGGGAA-1,1,49,77,11734,15695
TTACTAAAGGACTTTA-1,1,48,78,11596,15453
GGCTGAAATAGCAAAG-1,1,49,79,11457,15694
TTAGACGAGTCACCTC-1,1,48,80,11319,15453
GTAGTCGCGGGAATCA-1,1,49,81,11180,15694
GCAAACCCTACATTAT-1,1,48,82,11042,15452
GTTAAAGTAGGACTGG-1,1,49,83,10902,15693
ACCCTCCCTTGCTATT-1,1,48,84,10764,15452
CATGTCTCATTTATGG-1,1,49,85,10625,15693
AATAGAATCTGTTTCA-1,1,48,86,10487,15451
TCTCATGAGATAGGGT-1,1,49,87,10348,15692
ATGACTATGCGACATT-1,1,48,88,10210,15451
CCTAACCCAAACAAGT-1,1,49,89,10071,15691
AGTCAAGATGACACTT-1,1,48,90,9932,15450
CGGGAGCTTCAGTGTA-1,1,49,91,9793,15691
CCACAGTACCCATCCT-1,1,48,92,9655,15449
GAGCGCGCACGAGTAG-1,1,49,93,9516,15690
ACCAGTGCGGGAGACG-1,1,48,94,9378,15449
TCCTTACGACGGTCCG-1,1,49,95,9239,15690
TAGTCGATCACGGGTT-1,1,48,96,9101,15448
AGACGAAGTGCCGGTC-1,1,49,97,8961,15689
CGCTGGTGACTACCCT-1,1,48,98,8823,15448
AGGCATTGTCGTAGGG-1,1,49,99,8684,15689
TGGTAGAATATATGGG-1,1,48,100,8546,15447
TTCTTATCCGCTGGGT-1,1,49,101,8407,15688
AGTTTGGCACGGGTTG-1,1,48,102,8269,15447
GCATCGGCCGTGTAGG-1,1,49,103,8130,15687
ATGCGAGTCCCACCAC-1,1,48,104,7991,15446
TCGGCGAACCCAAACC-1,1,49,105,7852,15687
AGAGTAAACTTCACTA-1,1,48,106,7714,15445
AAGCCGAAGCGGTTTA-1,1,49,107,7575,15686
CCCGAGTTTCTCCGTA-1,1,48,108,7437,15445
AATATCGAATCAATGC-1,1,49,109,7298,15686
GCGCCTCCCACTCCGA-1,1,48,110,7159,15444
CGTTAAACTAGTTAGG-1,1,49,111,7020,15685
TGAGTTAAAGACATTC-1,1,48,112,6882,15444
AACAGGTAGTATGGAT-1,1,49,113,6743,15685
GAACGCGGGTCACACG-1,1,48,114,6605,15443
TGTTTGAGATCGTCAG-1,1,49,115,6466,15684
ATCTCGTGAGCGAAAC-1,1,48,116,6328,15443
CTGAGAAAGTTCGGCG-1,1,49,117,6188,15683
ATTACCACACTGCCTG-1,1,48,118,6050,15442
CTGCTGTCTAACGAGC-1,1,49,119,5911,15683
CGTGGAAGCCTCGTAC-1,1,48,120,5773,15441
GGACTCACAAATTAGG-1,1,49,121,5634,15682
CTTTGCTGTCATGGAT-1,1,48,122,5496,15441
GGTGTTGGGCGTCTTA-1,1,49,123,5357,15682
TACCATGTATTGATTT-1,1,48,124,5218,15440
GGTCTCCAAGTAGTGC-1,1,49,125,5079,15681
ATCCTTCTGAAAGAAC-1,1,48,126,4941,15440
CCGGAAGTTATCAGTC-1,0,49,127,4802,15681
TTAGAGGGATATACAG-1,1,50,0,22410,15958
TTGTACACCTCGAACA-1,1,51,1,22270,16199
GTGGGTACTGAGCGTA-1,1,50,2,22132,15958
CTTAAGCAGCGAGCCG-1,1,51,3,21993,16199
GCATTGACTTGCGGAA-1,1,50,4,21855,15957
CCATAACCTGTGCAGT-1,1,51,5,21716,16198
GGGCTACTATTTCGTG-1,1,50,6,21578,15956
GGCGAGCGAAACGGCA-1,1,51,7,21439,16197
GGAGACCATCTACATA-1,1,50,8,21300,15956
AGACCAAACCACACCT-1,1,51,9,21161,16197
CGACGCATCCGTACCT-1,1,50,10,21023,15955
CCTAGGTAAAGGTAGC-1,1,51,11,20884,16196
AGCGGCGGTTAGCGGT-1,1,50,12,20746,15955
CTGGACGCAGTCCGGC-1,1,51,13,20607,16196
AGCCTAATACCCACGT-1,1,50,14,20469,15954
AATCTGGCTTTCTAGT-1,1,51,15,20329,16195
CACCCTTGGTGAGACC-1,1,50,16,20191,15954
GGATCTTGACTCAACC-1,1,51,17,20052,16195
ACGAGGATACCACTCT-1,1,50,18,19914,15953
GAGTTGATGGCAATTT-1,1,51,19,19775,16194
GTGGCAAACAGCGGCA-1,1,50,20,19637,15952
GATGTAACGAACCACC-1,1,51,21,19497,16193
AGCCGTGGCTAAATGT-1,1,50,22,19359,15952
CTCCCTCCTTTCGATC-1,1,51,23,19220,16193
TTGGAAGAATACAGTC-1,1,50,24,19082,15951
AGTTAAGTCAACCGCT-1,1,51,25,18943,16192
CTCATGGTAATTTGCG-1,1,50,26,18805,15951
AAAGTAGCATTGCTCA-1,1,51,27,18666,16192
TTGTGGTAGGAGGGAT-1,1,50,28,18527,15950
AGTCGTGGGCATTACG-1,1,51,29,18388,16191
ACCTAAGTACCTTTCA-1,1,50,30,18250,15950
GTAGAGGGAGACAAGT-1,1,51,31,18111,16191
GATCCTCGACACTGGC-1,1,50,32,17973,15949
CCTACATTCACAGACG-1,1,51,33,17834,16190
TTGACCGTGTTAATGA-1,1,50,34,17696,15948
TCTGTTACCCAGCATA-1,1,51,35,17556,16189
CTAACTGGTCCGGTTC-1,1,50,36,17418,15948
AGCGACAGGAACGGTC-1,1,51,37,17279,16189
TAATAGAACAGAGTTA-1,1,50,38,17141,15947
ACAGGTGGAGGTGAGG-1,1,51,39,17002,16188
TGCGAGAATATTACCC-1,1,50,40,16864,15947
TTGCGTCGGCCAACCG-1,1,51,41,16725,16188
AGGCTTCCCGAAGAAG-1,1,50,42,16586,15946
GCGGACCGCGTTGTGG-1,1,51,43,16447,16187
GTAATCTGATTCTTCG-1,1,50,44,16309,15946
CCGCGGAATGCGTCAC-1,1,51,45,16170,16187
TTCCACACAGATTTGA-1,1,50,46,16032,15945
CTTCTATTAATGCTAG-1,1,51,47,15893,16186
CATTTGAGTGGTACGT-1,1,50,48,15755,15944
TCACAGCAAACTCGAA-1,1,51,49,15615,16185
CAGACGAACCTGATAC-1,1,50,50,15477,15944
TAGCTAGAAGGCATGA-1,1,51,51,15338,16185
ATCCAGAGCAACAACC-1,1,50,52,15200,15943
TCCGGTTCGTCCGGTC-1,1,51,53,15061,16184
CGCGCATGTTTGATTG-1,1,50,54,14923,15943
TGGCGATCAAGTTATG-1,1,51,55,14784,16184
CCCTTTGACAGGTCTT-1,1,50,56,14645,15942
CAGAGACGGTCACCCA-1,1,51,57,14506,16183
TAGCTCGCCTGATAAC-1,1,50,58,14368,15942
TTGTGTTTCCCGAAAG-1,1,51,59,14229,16183
TATACACAGACGCCTT-1,1,50,60,14091,15941
ACATTAGTTTATATCC-1,1,51,61,13952,16182
CCATCGCAGTTAAACT-1,1,50,62,13813,15940
AATTAGCGCTGCAGCG-1,1,51,63,13674,16181
TCCGCTTATCCCATTA-1,1,50,64,13536,15940
GTTTGGGCTTGTGAGC-1,1,51,65,13397,16181
CTTGTCAACATTCGAG-1,1,50,66,13259,15939
GGACCAACAGGATAAC-1,1,51,67,13120,16180
AAGCTAGATCGAGTAA-1,1,50,68,12982,15939
TACCGTGCCTCGGACC-1,1,51,69,12842,16180
GTAGCCAAACATGGGA-1,1,50,70,12704,15938
TGCCAGTACGTGGAGA-1,1,51,71,12565,16179
ATAAGGTGGAGAACAT-1,1,50,72,12427,15938
CTTTAATATTGGTCGA-1,1,51,73,12288,16179
TGGTTCAACGGGTAAT-1,1,50,74,12150,15937
GCTGCTACTGCGTAGC-1,1,51,75,12011,16178
CTGCACAACTACATAT-1,1,50,76,11872,15936
ATATTCCACATAGTGA-1,1,51,77,11733,16177
TGGCAAACTAAATTAC-1,1,50,78,11595,15936
ACCGCAATAACTGCCT-1,1,51,79,11456,16177
TCGCACCAGGAGGCAG-1,1,50,80,11318,15935
ACTTCAGGCTGATCCC-1,1,51,81,11179,16176
ACAAATCGCACCGAAT-1,1,50,82,11041,15935
TCTGATGTATTCTGTC-1,1,51,83,10901,16176
CTTTACCGAATAGTAG-1,1,50,84,10763,15934
GCAGATCCATAAGACT-1,1,51,85,10624,16175
TTCCTCGGACTAACCA-1,1,50,86,10486,15934
TTATCCGGGATCTATA-1,1,51,87,10347,16175
CTGGAAGACACGGTGG-1,1,50,88,10209,15933
GTTCGTCTAAAGAACT-1,1,51,89,10070,16174
GTCTATTGGTTCCGGT-1,1,50,90,9931,15932
CTAGGCGCCCTATCAG-1,1,51,91,9792,16173
AACGGACGTACGTATA-1,1,50,92,9654,15932
AACACACGCTCGCCGC-1,1,51,93,9515,16173
GCTACTATAGTAGAGT-1,1,50,94,9377,15931
AGCATATCAATATGCT-1,1,51,95,9238,16172
CGAACAGTATGGGCGT-1,1,50,96,9100,15931
ACAATTGTGTCTCTTT-1,1,51,97,8960,16172
GATCGCTACCCGATTT-1,1,50,98,8822,15930
ATTGCGATCAGTAACT-1,1,51,99,8683,16171
CAGCAGTCCAGACTAT-1,1,50,100,8545,15930
AGAGGCTTCGGAAACC-1,1,51,101,8406,16171
AAACAAGTATCTCCCA-1,1,50,102,8268,15929
GGCAGCAAACCTATGC-1,1,51,103,8129,16170
ACTAGTTGCGATCGTC-1,1,50,104,7990,15928
TTGGACCATCTGGCAA-1,1,51,105,7851,16169
CCCTCCTCGCTCGTAT-1,1,50,106,7713,15928
GAGCGCAAATACTCCG-1,1,51,107,7574,16169
ATTACATGTCAGTCTT-1,1,50,108,7436,15927
TTGGGACGTAAGAGTT-1,1,51,109,7297,16168
CTTCGGCCAATTGTTT-1,1,50,110,7158,15927
AGACCGCTCCGCGGTT-1,1,51,111,7019,16168
GACCGCGTCTGACGTG-1,1,50,112,6881,15926
CCAAATAACAAGATTC-1,1,51,113,6742,16167
TCTTTAGAGTCTAACA-1,1,50,114,6604,15926
CTCCCAATGAGTCGCG-1,1,51,115,6465,16167
TAGTCTTTCCGAATTG-1,1,50,116,6327,15925
GAGTAAACCGGAAAGT-1,1,51,117,6187,16166
GATCTCGACGCTGTGG-1,1,50,118,6049,15924
CTGACATAGAAATAGA-1,1,51,119,5910,16165
TATACCGAGTGCCACA-1,1,50,120,5772,15924
TCCGAACGTTGCCGCT-1,1,51,121,5633,16165
GCAGAAGGTAATCTCC-1,1,50,122,5495,15923
GGTACTAAGTGCTTTG-1,1,51,123,5356,16164
CAGAATATTCGTTATC-1,1,50,124,5217,15923
TAATCAACCAAATGGG-1,0,51,125,5078,16164
TCTGCTTAGAACAAGC-1,0,50,126,4940,15922
AACTGAGTTATACTGA-1,0,51,127,4801,16163
CCTCAACGATCGCTGT-1,1,52,0,22409,16441
CGGTACGGCAAACCCA-1,1,53,1,22269,16682
CAGATGTTTGTCCCAA-1,1,52,2,22131,16440
GTTTGTTAGCCAAGTA-1,1,53,3,21992,16681
ACGTGACAAAGTAAGT-1,1,52,4,21854,16439
TTGTCACCGCGGTATC-1,1,53,5,21715,16680
GATCTAACCGTATTCA-1,1,52,6,21577,16439
ATGGAAATTTAAGGAG-1,1,53,7,21438,16680
ATTGATCACCACATTT-1,1,52,8,21299,16438
ACTGCTCGGAAGGATG-1,1,53,9,21160,16679
TCTAAAGAACAGTCTC-1,1,52,10,21022,16438
CTGGGTTGAGTTAAAG-1,1,53,11,20883,16679
CCCAGTAAACTTGGGA-1,1,52,12,20745,16437
AGATTCACAACCGATA-1,1,53,13,20606,16678
AGAAGGTACACTTCAC-1,1,52,14,20468,16437
GCAGGAACTTAGATCT-1,1,53,15,20328,16678
AATCTAGGTTTACTTG-1,1,52,16,20190,16436
CCCGGTGTATCGGAAT-1,1,53,17,20051,16677
TTATCCTCAAGGAATA-1,1,52,18,19913,16435
AGCATCATTTCGAAAG-1,1,53,19,19774,16676
CGCGAGTCTGCCGGGT-1,1,52,20,19636,16435
TGCGTCATGACTGAGC-1,1,53,21,19496,16676
GTATGAAATTTCACTC-1,1,52,22,19358,16434
TTGGTTGCGGTGCGCG-1,1,53,23,19219,16675
ACAGAACTGAGAACAA-1,1,52,24,19081,16434
CTACTATCATAGGTTT-1,1,53,25,18942,16675
CCTCTATCGATTAGCA-1,1,52,26,18804,16433
CCGTATCTCGTCGTAG-1,1,53,27,18665,16674
TCACGATGTCCGTGGA-1,1,52,28,18526,16433
TCAACAAAGATAATTC-1,1,53,29,18387,16674
ATGACGCGTTCTATCC-1,1,52,30,18249,16432
ATTTGCGCGAGTAGCT-1,1,53,31,18110,16673
TTCTTGGACGATCTGC-1,1,52,32,17972,16431
AGACGACGATGCCGCT-1,1,53,33,17833,16672
GGTCTCTGAATGGACT-1,1,52,34,17695,16431
GCTCAATCCGTTTATT-1,1,53,35,17555,16672
CCAGAAAGCAACTCAT-1,1,52,36,17417,16430
CACCGTTAGGGATCAC-1,1,53,37,17278,16671
AATAACACTAGAACAA-1,1,52,38,17140,16430
CACCCGGTTTGTGACT-1,1,53,39,17001,16671
CCACCAACTTTACTGT-1,1,52,40,16863,16429
AACTCTCAGTGTGCTC-1,1,53,41,16724,16670
AAACCGTTCGTCCAGG-1,1,52,42,16585,16429
CAGCGATTCCCTTCAA-1,1,53,43,16446,16670
GCTAGCTTGAATAGCT-1,1,52,44,16308,16428
TTGCGGCATCAGAAAG-1,1,53,45,16169,16669
AATAGAACAGAGTGGC-1,1,52,46,16031,16427
GCCATCGAGCTGCGTG-1,1,53,47,15892,16668
ACACTGATCAAGGTGT-1,1,52,48,15754,16427
ACCAACGCTTATTTAT-1,1,53,49,15614,16668
GACATCGATTTATAAC-1,1,52,50,15476,16426
CAGACACCGATCGCTG-1,1,53,51,15337,16667
CCAAGAAAGTGGGCGA-1,1,52,52,15199,16426
GGTAGACCGTTGGGCG-1,1,53,53,15060,16667
TCGTTAGGAGTCCCTA-1,1,52,54,14922,16425
ACGGCCAACATGGACT-1,1,53,55,14783,16666
GTGAGTGGTACAACGC-1,1,52,56,14644,16425
GAGACTTCGCGACCGA-1,1,53,57,14505,16666
GAAGTCAGTTGCACTA-1,1,52,58,14367,16424
GTTTGGTAGGGTCAAC-1,1,53,59,14228,16665
ACGGCACTTGCTTGGG-1,1,52,60,14090,16423
CCTCTGTACTATTCTA-1,1,53,61,13951,16664
CTATTCATGTGTCCCA-1,1,52,62,13813,16423
GCCCGATCTGTGGTCG-1,1,53,63,13673,16664
TTAGAAGAACATGACT-1,1,52,64,13535,16422
AGGATAAAGTCGGGAT-1,1,53,65,13396,16663
CGGCAAACATCGTGCG-1,1,52,66,13258,16422
CTAGTTACAACCCGGT-1,1,53,67,13119,16663
TTCGACAGAGCCCGTG-1,1,52,68,12981,16421
AAGCATACTCTCCTGA-1,1,53,69,12841,16662
GACGACGATCCGCGTT-1,1,52,70,12703,16421
GGTAGAAGACCGCCTG-1,1,53,71,12564,16662
GAGATGGGAGTCGACA-1,1,52,72,12426,16420
AACGATAATGCCGTAG-1,1,53,73,12287,16661
TGGTCCCACGCTACGG-1,1,52,74,12149,16419
CTGCTTGGCGATAGCT-1,1,53,75,12010,16660
ATCGGAGACAGACGGC-1,1,52,76,11871,16419
TAGCGTCCGGTGTGGT-1,1,53,77,11732,16660
GTTGAGTCCCGCCGGT-1,1,52,78,11594,16418
AAATAGGGTGCTATTG-1,1,53,79,11455,16659
AAGTGTTTGGAGACGG-1,1,52,80,11317,16418
AGCACTACCTCACCAG-1,1,53,81,11178,16659
TGCCTTGGCCAGGCAA-1,1,52,82,11040,16417
TCGTCTTAGGCGTTAA-1,1,53,83,10900,16658
TTCTGACCGGGCTCAA-1,1,52,84,10762,16417
CAGAACTTAGCCCTCT-1,1,53,85,10623,16658
AGCTCCTTCGCACATC-1,1,52,86,10485,16416
ACAGGCTTGCCCGACT-1,1,53,87,10346,16657
GCTATACGTCTCGGAC-1,1,52,88,10208,16415
GAGCCAGCTACCTGTG-1,1,53,89,10069,16656
TGCTAAGTGTCTATTT-1,1,52,90,9930,16415
GTCCTACGAATAGTCT-1,1,53,91,9791,16656
CAGTGTCGGCTGGCCC-1,1,52,92,9653,16414
CTATCGACGAAATACA-1,1,53,93,9514,16655
CATCATTACCCTGAGG-1,1,52,94,9376,16414
TAAGTTGCGACGTAGG-1,1,53,95,9237,16655
AGTGCACGCTTAAGAA-1,1,52,96,9099,16413
TGTGCCGGTGCCGGAA-1,1,53,97,8959,16654
AGGAGGCCTTCGCGCG-1,1,52,98,8821,16413
TCCGCGGCCCAATGAA-1,1,53,99,8682,16654
TCCGTTAAGCTAATAT-1,1,52,100,8544,16412
AAATCTAGCCCTGCTA-1,1,53,101,8405,16653
CGCAGGCGATCCAAAC-1,1,52,102,8267,16411
CCATATGGAAACTATA-1,1,53,103,8128,16652
CACCGTATCCCATCCG-1,1,52,104,7989,16411
GGTCAAGACTACTTCG-1,1,53,105,7850,16652
CCCGTTTCGCAGATGT-1,1,52,106,7712,16410
GTTATAATACGGTGAA-1,1,53,107,7573,16651
ACTTGTGGATGGAACG-1,1,52,108,7435,16410
GTTCGCTGAGACGTCT-1,1,53,109,7296,16651
GACACTGGAACCCGAT-1,1,52,110,7157,16409
CCCAGGTCTGAAGGCT-1,1,53,111,7018,16650
TCTCGAGGAGGTTCGC-1,1,52,112,6880,16409
ACTATCTGCCCGCGTA-1,1,53,113,6741,16650
CCTAAATTGTATCCTA-1,1,52,114,6603,16408
AGAAATTATGACTCGC-1,1,53,115,6464,16649
TCCAGCGCTATAAGCG-1,1,52,116,6326,16407
TCGTGTATTGGTCACG-1,1,53,117,6186,16648
CCACATACTGCACCCA-1,1,52,118,6048,16407
GTTGCGGACGGTCAGG-1,1,53,119,5909,16648
GTATTTAATGGCATAA-1,1,52,120,5771,16406
GTCGATAGGTGACTTT-1,1,53,121,5632,16647
AATAATCTTCGTATCG-1,1,52,122,5494,16406
ATTGTTCAACGATCCG-1,1,53,123,5355,16647
GTGCAGCGTAGAGTAG-1,1,52,124,5216,16405
TGTGGTAGGGTGCCTT-1,0,53,125,5077,16646
TGTGGACTATCTACGT-1,0,52,126,4939,16405
GGCGGGCTCTAAGAGT-1,0,53,127,4800,16646
TGTGCCAGAGGCAAAG-1,1,54,0,22408,16923
TGGCTTATGTATAATG-1,1,55,1,22268,17164
GCAAGCTGGAAACCGC-1,1,54,2,22130,16923
GATATCAAGCAGGAGC-1,1,55,3,21991,17163
CACCAATCATCCGTCT-1,1,54,4,21853,16922
CCACATGGCTCTTTAT-1,1,55,5,21714,17163
GTCCTACTCTACGGGC-1,1,54,6,21576,16921
CTCGAGACATACGATA-1,1,55,7,21437,17162
TATCAGTGGCGTAGTC-1,1,54,8,21298,16921
TGACAGGACAAGTCCA-1,1,55,9,21159,17162
TATTAACACCAAAGCA-1,1,54,10,21021,16920
TAGGCGATGAGGTCTC-1,1,55,11,20882,17161
CCGCCGGAACTTCTCG-1,1,54,12,20744,16920
GCCATTAGCCTCAAAC-1,1,55,13,20605,17161
GTTAGGCTACCCGTTT-1,1,54,14,20467,16919
GGGTATTCTAGCAAAC-1,1,55,15,20327,17160
GCCCTAGCCGTCGCGA-1,1,54,16,20189,16919
CAGATCCTGGTTTGAA-1,1,55,17,20050,17160
CTTCAGTGGTCGCCTA-1,1,54,18,19912,16918
GGGCAACCGCACGTGC-1,1,55,19,19773,17159
GACCCAATTATGATAC-1,1,54,20,19635,16917
GAAGCTCGGACCCGTC-1,1,55,21,19495,17158
CGTCGGGTCTAAGCGC-1,1,54,22,19357,16917
GAGGCCCGACTCCGCA-1,1,55,23,19218,17158
TTGCCATAGCCCGCTC-1,1,54,24,19080,16916
TAACATACACGCGATC-1,1,55,25,18941,17157
CCGACGGGCATGAGGT-1,1,54,26,18803,16916
AATGTGCCCGAGGTGT-1,1,55,27,18664,17157
AGCTGTAACCTCAATC-1,1,54,28,18525,16915
CGAGTGAAGGTACCAG-1,1,55,29,18386,17156
AGTCTCACAAGACTAC-1,1,54,30,18248,16915
AAATTGATAGTCCTTT-1,1,55,31,18109,17156
TAAGTCGCCGAGTATC-1,1,54,32,17971,16914
GCGGAGAAACTTCGCA-1,1,55,33,17832,17155
GGCAAAGGCGCCAATA-1,1,54,34,17694,16913
ATTTCCGGGTTCTGCG-1,1,55,35,17554,17154
TAAACCCAGGAGGGCA-1,1,54,36,17416,16913
TTCGGGCGCTAGTCTT-1,1,55,37,17277,17154
GTGGAGTCGGCGGTTG-1,1,54,38,17139,16912
GCACGCCTACTTAGAT-1,1,55,39,17000,17153
CAATATTCTTGACCTA-1,1,54,40,16862,16912
CGTTTGTGTAGAGGGT-1,1,55,41,16723,17153
CATAGCGTTGCCCACC-1,1,54,42,16584,16911
TGATACATTTAGCCGT-1,1,55,43,16445,17152
TTCCGGCCTTGAGGCT-1,1,54,44,16307,16911
CCTATACCGTCCTGTC-1,1,55,45,16168,17152
TCGTTGCTATCCGGTC-1,1,54,46,16030,16910
TGGCGACTGCTCCAAA-1,1,55,47,15891,17151
CAGAGGCGATGCATGA-1,1,54,48,15753,16909
TCACAGGAGAATAAGA-1,1,55,49,15613,17150
GGGTTAACATTTGAGT-1,1,54,50,15475,16909
GCGGGCGAGCCTTACC-1,1,55,51,15336,17150
TGCCAATGGGTACTCT-1,1,54,52,15198,16908
AGGGACTCTACGCGAC-1,1,55,53,15059,17149
GACGCCGTAAAGGCTA-1,1,54,54,14921,16908
AAAGGCTCTCGCGCCG-1,1,55,55,14782,17149
CTGGCTGGTTGTCAGT-1,1,54,56,14643,16907
ACATCCCGGCCATACG-1,1,55,57,14504,17148
CTCTTGTCCCGCTTGG-1,1,54,58,14366,16907
TACGCCTCCATTCCGA-1,1,55,59,14227,17148
CGGAGCAATTTAATCG-1,1,54,60,14089,16906
AACTAGGCTTGGGTGT-1,1,55,61,13950,17147
GCGTCGCCAGGGTGAT-1,1,54,62,13812,16905
GTTGGTCATGCTATCC-1,1,55,63,13672,17146
GCTGGCGGCGCATGCT-1,1,54,64,13534,16905
TGAGCGGAAAGTGTTC-1,1,55,65,13395,17146
CTTTCTGTGCGGGCTT-1,1,54,66,13257,16904
ATCTAATATCCTACGG-1,1,55,67,13118,17145
AACCTTTAAATACGGT-1,1,54,68,12980,16904
TTCACTCGAGCACCTA-1,1,55,69,12840,17145
CTGCACTCCAGTACAG-1,1,54,70,12702,16903
CCATTTCTACCTATTA-1,1,55,71,12563,17144
CAAGCGGCACATAATT-1,1,54,72,12425,16903
GTTAACATCACTTAAA-1,1,55,73,12286,17144
ATATAAATGTAGCTGC-1,1,54,74,12148,16902
GCCTCTATACATAGCA-1,1,55,75,12009,17143
GTGTCGTATAGCGTTC-1,1,54,76,11870,16901
ATACGTACTTAGCCAC-1,1,55,77,11731,17142
GCTATCATACTCATGG-1,1,54,78,11593,16901
TATCCAATTGGTTATC-1,1,55,79,11454,17142
TCTCCCTGGGCAGCGT-1,1,54,80,11316,16900
CCTATAATGAGTGCCC-1,1,55,81,11177,17141
CAATGCGAGAAGTATC-1,1,54,82,11039,16900
TACCAATAAAGTACCA-1,1,55,83,10899,17141
GCTAGGCACCACGGAG-1,1,54,84,10761,16899
GGTGGACTGCTCTGGC-1,1,55,85,10622,17140
TATTCCGAGCTGTTAT-1,1,54,86,10484,16899
TTGAGAAGTTTAGCAT-1,1,55,87,10345,17140
GTCCGGACCTGAAATT-1,1,54,88,10207,16898
CTGTGGTCGGGAGATA-1,1,55,89,10068,17139
CATGTAAGAGACATTT-1,1,54,90,9929,16897
CACGTTTCGTACACAC-1,1,55,91,9790,17138
CATCCTCTCAAAGATC-1,1,54,92,9652,16897
GATTAACCGAAAGCCC-1,1,55,93,9513,17138
AACGCTGTTGCTGAAA-1,1,54,94,9375,16896
TTCAGCTGGCGTGCCC-1,1,55,95,9236,17137
TAGAGGTTCTACTTGT-1,1,54,96,9098,16896
GTATCAAACGTTAGCT-1,1,55,97,8958,17137
AATCATGTAAAGACTC-1,1,54,98,8820,16895
AGTCACTAGCTCTCGA-1,1,55,99,8681,17136
GCGAAACGATCGGGAG-1,1,54,100,8543,16895
CATGGATTGTCTTCCG-1,1,55,101,8404,17136
ATTGGATTACAGCGTA-1,1,54,102,8266,16894
CACACACGCTAACGAG-1,1,55,103,8127,17135
CTATGGGAAGCGGAAT-1,1,54,104,7988,16893
TGCCTAATTGAAGATT-1,1,55,105,7849,17134
TGGCAATGGGACGGCG-1,1,54,106,7711,16893
ACCTCCGCCCTCGCTG-1,1,55,107,7572,17134
CGGCAATAAGATCGCC-1,1,54,108,7434,16892
CCTTGACCACTTTATT-1,1,55,109,7295,17133
TCATTTAGAAGTGTGA-1,1,54,110,7156,16892
CAGAATAACACACGGA-1,1,55,111,7017,17133
TCTGAGCAATTGACTG-1,1,54,112,6879,16891
CAACGTGGTGGAGTCT-1,1,55,113,6740,17132
CACAGTTCGCTTCCCA-1,1,54,114,6602,16891
TCTCTCGCCGCACATA-1,1,55,115,6463,17132
TGGGCAGGCCACCGCA-1,1,54,116,6325,16890
CTCCTGTTCAAGGCAG-1,1,55,117,6185,17131
TATTTGATTTGCACAG-1,1,54,118,6047,16889
GCCACTCCTTACGGTA-1,1,55,119,5908,17130
ACCGATATTTAATCAT-1,1,54,120,5770,16889
TTATTATCTGGAAGGC-1,1,55,121,5631,17130
TACATGCCGGAATTGT-1,1,54,122,5493,16888
GGCACTCAGCCGACCC-1,1,55,123,5354,17129
AAACCGGAAATGTTAA-1,0,54,124,5215,16888
AGACAGGCATCTCAGC-1,0,55,125,5076,17129
GTGGTGATGGTTTGTG-1,0,54,126,4938,16887
CCGATATGACGTAAGG-1,0,55,127,4799,17128
CATACACAAAGTCAGC-1,1,56,0,22407,17406
TGCCGTTCTTAATCGG-1,1,57,1,22267,17647
TCGAGTCTACGATTCG-1,1,56,2,22129,17405
ACTTCCAGTGGAAGCT-1,1,57,3,21990,17646
CAATTGGGCCGCACTC-1,1,56,4,21852,17404
AAATCGCGGAAGGAGT-1,1,57,5,21713,17645
ATATCAATTCCAGCCT-1,1,56,6,21575,17404
CTTTGTCGAATGCTCC-1,1,57,7,21436,17645
TGAGGCATGTACTGTG-1,1,56,8,21297,17403
TTCGCCGCTCGCGCTA-1,1,57,9,21158,17644
GACTCCTTCCAATTGA-1,1,56,10,21020,17403
ACCGAAGAGTCTGGTT-1,1,57,11,20881,17644
TGGCATGAAGTTTGGG-1,1,56,12,20743,17402
ACGAGGTTTACAACGT-1,1,57,13,20604,17643
AACCCATCCCATGATC-1,1,56,14,20466,17402
TCGACAACTGAACCCG-1,1,57,15,20326,17643
TATCTTGCAATACAAC-1,1,56,16,20188,17401
TATTATGTTTGCCTGC-1,1,57,17,20049,17642
GTCAAAGAAGTGGTGT-1,1,56,18,19911,17400
GGGACAGAGTTACTCC-1,1,57,19,19772,17641
AGCAACCGAAAGTAAT-1,1,56,20,19634,17400
CTCTCTAACTGCCTAG-1,1,57,21,19495,17641
ATACGGAACGTCGTTT-1,1,56,22,19356,17399
TCGGTCCCGACAATAG-1,1,57,23,19217,17640
CGCGCAAATGTCCAGA-1,1,56,24,19079,17399
TCTAATACTGCCTCAG-1,1,57,25,18940,17640
CTCGGTTGTCGGCCCT-1,1,56,26,18802,17398
GGTAACCGGGAGGATA-1,1,57,27,18663,17639
CAGGCGCACGGTGGTC-1,1,56,28,18524,17398
TCATCGATGGTCCCAA-1,1,57,29,18385,17639
CAAAGATTATTGGGCC-1,1,56,30,18247,17397
ACAATGAATACGGAGA-1,1,57,31,18108,17638
GCTCCTGACATACTGG-1,1,56,32,17970,17396
GATGACAAGTAGGGCA-1,1,57,33,17831,17637
TACGCCGAGGGTACCC-1,1,56,34,17693,17396
AAGCGTCCCTCATCGA-1,1,57,35,17553,17637
CACTCCTATGTAAGAT-1,1,56,36,17415,17395
TCGAGCCAGGCAGGCC-1,1,57,37,17276,17636
TCGTCAAGTACGCGCA-1,1,56,38,17138,17395
CCCGTAGCTGGGAAGA-1,1,57,39,16999,17636
ACCCTATGCCATATCG-1,1,56,40,16861,17394
GTGGTATAGTCTGCCG-1,1,57,41,16722,17635
CCGGTTTGTAATTGTG-1,1,56,42,16583,17394
GTCGCCGTTGTGTGTT-1,1,57,43,16444,17635
TACTGAACAGATTTAG-1,1,56,44,16306,17393
TATTAACCTGACCGCG-1,1,57,45,16167,17634
CTGTAGCCATCTCACT-1,1,56,46,16029,17392
TACTATGGTTCCTCAG-1,1,57,47,15890,17633
GAGTCAGACCAGAATC-1,1,56,48,15752,17392
TAAGGCATAACATCAA-1,1,57,49,15612,17633
CTTCCGCTCCGTGAAG-1,1,56,50,15474,17391
GGGCTATGATCGATGG-1,1,57,51,15335,17632
GGTCGGTCGTCCACAG-1,1,56,52,15197,17391
GGGACCCGTATATCTT-1,1,57,53,15058,17632
GAAAGCAGTGCACTTT-1,1,56,54,14920,17390
AGCGCATAATGAATCG-1,1,57,55,14781,17631
GCTGCTAAGTAGTCGA-1,1,56,56,14642,17390
AATAGTCCGTCCCGAC-1,1,57,57,14503,17631
AGCAGCCAGATGAATA-1,1,56,58,14365,17389
CCTCGCGCTGTGCGAT-1,1,57,59,14226,17630
TTGTGTATGCCACCAA-1,1,56,60,14088,17388
TGCTCGGCGAAACCCA-1,1,57,61,13949,17629
CGATTAAATATCTCCT-1,1,56,62,13811,17388
TGCCGTGGATCGTCCT-1,1,57,63,13671,17629
GTGGACGCATTTGTCC-1,1,56,64,13533,17387
ACCCGGAAACTCCCAG-1,1,57,65,13394,17628
CCGCATGTGGTACGAT-1,1,56,66,13256,17387
GCAAACCTTGGCCATA-1,1,57,67,13117,17628
ATTCACTGATGTTGGA-1,1,56,68,12979,17386
ACTCCCTAATGCTAAA-1,1,57,69,12839,17627
TCCTAAATTGGGAAGC-1,1,56,70,12701,17386
GAACAGATTACTAAAT-1,1,57,71,12562,17627
ATACAGGCCCTCCAAT-1,1,56,72,12424,17385
CGATTCGCCTGGCTGC-1,1,57,73,12285,17626
TCCGCCTGTCTACAAG-1,1,56,74,12147,17384
CACATCTCACCGACGA-1,1,57,75,12008,17625
CGTCGTCCTTCGCGAA-1,1,56,76,11869,17384
CGTTGAATACCGCGCT-1,1,57,77,11730,17625
ACCAATATGCAAGTTA-1,1,56,78,11592,17383
ACGGATGGTGCGGATA-1,1,57,79,11453,17624
CACCCTAACAAGATCT-1,1,56,80,11315,17383
AAGCTCTTTCATGGTG-1,1,57,81,11176,17624
CATGGGTATGCCTTAT-1,1,56,82,11038,17382
GCGCGTCATTGGTACA-1,1,57,83,10898,17623
TCTGAAGCACGTGGTC-1,1,56,84,10760,17382
AAGTTCACTCCAAGCT-1,1,57,85,10621,17623
TTGGACCTATAACAGT-1,1,56,86,10483,17381
ATCAGCCTCATGCTGC-1,1,57,87,10344,17622
AGTACTCTTATGCCCA-1,1,56,88,10206,17380
GCGCTTAAATAATTGG-1,1,57,89,10067,17621
TTGTGAACCTAATCCG-1,1,56,90,9928,17380
AGTCGTCGACCACCAA-1,1,57,91,9789,17621
TCCTTTAAATCCGCTT-1,1,56,92,9651,17379
ACTGAAACGCCGTTAG-1,1,57,93,9512,17620
GCACACACTGGTAGCC-1,1,56,94,9374,17379
TAAGGGCCTGTCCGAT-1,1,57,95,9235,17620
GCTAGAGTAGAGATGT-1,1,56,96,9097,17378
CACAGGGCCATATAGT-1,1,57,97,8957,17619
CCATGCCCTAGATTTC-1,1,56,98,8819,17378
TCGCGTAGCAGTGTCC-1,1,57,99,8680,17619
GACGAGGCTAATAAAC-1,1,56,100,8542,17377
CTACACTCGCAGATGG-1,1,57,101,8403,17618
ACGCATACGTTTACTA-1,1,56,102,8265,17376
GGAGCAACATTTCAAG-1,1,57,103,8126,17617
CGAGAGGGTAGCCGCG-1,1,56,104,7987,17376
TCGTGTTCGACCACAA-1,1,57,105,7848,17617
TCTACCCAATAGAGAG-1,1,56,106,7710,17375
ATAAACGTTGCACCAC-1,1,57,107,7571,17616
TCAACTGCAGAGTCAG-1,1,56,108,7433,17375
AGCTCCATATATGTTC-1,1,57,109,7294,17616
GTAACATCTAAGATAA-1,1,56,110,7156,17374
CCGACAATAGGCCGCC-1,1,57,111,7016,17615
ATGCTTAGGAGTTGAT-1,1,56,112,6878,17374
AACCCGAGCAGAATCG-1,1,57,113,6739,17615
CGGGTTTGTTAGGGCT-1,1,56,114,6601,17373
AGGCACGTGACTGTCC-1,1,57,115,6462,17614
GACAAGAGATGAGATT-1,1,56,116,6324,17372
AGCCCTTGGACATCCC-1,1,57,117,6184,17613
GCAGTTCGATCCGAGC-1,1,56,118,6046,17372
TCGAGGGCAACAGACG-1,1,57,119,5907,17613
ACTTTGTCGACGCACT-1,1,56,120,5769,17371
GAGTATCAAAGTTACA-1,1,57,121,5630,17612
CCAGGCTGGCGTCTGA-1,1,56,122,5492,17371
GGACTCTTCCGGTTGA-1,1,57,123,5353,17612
TCCCAGCACACGACAT-1,0,56,124,5214,17370
GCTCCATGAGTGCAGA-1,0,57,125,5075,17611
GCAGTGCGGGCGGATG-1,0,56,126,4937,17370
GCGTTCTGACTAAGCG-1,0,57,127,4798,17611
ATTTGGAGATTGCGGT-1,1,58,0,22406,17888
AAGGGTTTGATTTCAG-1,1,59,1,22266,18129
CCGGCCGCGAGCATAT-1,1,58,2,22128,17888
GAGTTCTGTGGGTGCT-1,1,59,3,21989,18128
AAACGAAGATGGAGTA-1,1,58,4,21851,17887
AATTACGAGACCCATC-1,1,59,5,21712,18128
CCTTTGAATTATGGCT-1,1,58,6,21574,17886
CATGGTATTAGTTTGT-1,1,59,7,21435,18127
AACGAAAGTCGTCCCA-1,1,58,8,21296,17886
ACATAAGTCGTGGTGA-1,1,59,9,21157,18127
GCACAACCTCGGGCGT-1,1,58,10,21019,17885
ATGCACGCGCTGTTCA-1,1,59,11,20880,18126
CGATGTTGTTATCTAC-1,1,58,12,20742,17885
GTCTCCTGCCAGTATG-1,1,59,13,20603,18126
GATGCCTTCTGCGGCA-1,1,58,14,20465,17884
ACCGGTCAGGTACACC-1,1,59,15,20325,18125
GTGGAGCGTTTACCGA-1,1,58,16,20187,17884
AGGCGGTTTGTCCCGC-1,1,59,17,20048,18124
TCCCTGGCGTATTAAC-1,1,58,18,19910,17883
AAACACCAATAACTGC-1,1,59,19,19771,18124
TGGACGCAATCCAGCC-1,1,58,20,19633,17882
GGAACCTTGACTCTGC-1,1,59,21,19494,18123
GTATCTCAGTCTTGAC-1,1,58,22,19355,17882
GCTGAATCTTCCAATC-1,1,59,23,19216,18123
AGATGCAAGACGTGCA-1,1,58,24,19078,17881
TTAAGGCCCGTACTTT-1,1,59,25,18939,18122
AGTATGCTGGAGACCA-1,1,58,26,18801,17881
GCGGCAAAGTATTGCC-1,1,59,27,18662,18122
GCGCAAATATATTCAA-1,1,58,28,18523,17880
GAAGAAACGATATTGT-1,1,59,29,18384,18121
GGACCTCTAGGCCGCC-1,1,58,30,18246,17880
AACAGCTGTGTGGCAA-1,1,59,31,18107,18120
TCGAATATCCCGCAGG-1,1,58,32,17969,17879
GCGACCCAACCATCTG-1,1,59,33,17830,18120
AGAGAAGGAGTACAAT-1,1,58,34,17692,17878
GGCTCCTCCACCTGTT-1,1,59,35,17552,18119
TCAGTGTATACGTCAT-1,1,58,36,17414,17878
ATTATTATGTCCGTCA-1,1,59,37,17275,18119
TTAGGTCATAACCGAC-1,1,58,38,17137,17877
AAGATGGCACCGGACC-1,1,59,39,16998,18118
CTACAAGAAATAACCC-1,1,58,40,16860,17877
ACTATTTCCGGGCCCA-1,1,59,41,16721,18118
TTGTTTCACATCCAGG-1,1,58,42,16582,17876
CGCTGTGTGGATGTTG-1,1,59,43,16443,18117
TCAACATAGCGCCCTA-1,1,58,44,16305,17876
GGCCGTTTGGGTTTCA-1,1,59,45,16166,18116
TACTCTTTCGTCTTCA-1,1,58,46,16028,17875
TTCGCGCGCCATACGA-1,1,59,47,15889,18116
CGGAAAGAATCAAACG-1,1,58,48,15751,17874
AGGCAGGGAGCGTACT-1,1,59,49,15611,18115
CCTTTAAGGGAGCACT-1,1,58,50,15473,17874
CGCCCAGCACGCCTAG-1,1,59,51,15334,18115
AGTATTTGGCACGACC-1,1,58,52,15196,17873
TATCCGCACCGTCGGG-1,1,59,53,15057,18114
ACCCGTGTCATCAGTA-1,1,58,54,14919,17873
CAACTGCTCATCCGAT-1,1,59,55,14780,18114
CCGGAGCGTACTTTCT-1,1,58,56,14641,17872
TACCGTAGGTTAACTA-1,1,59,57,14502,18113
TGAGGAGTGCCAGCTT-1,1,58,58,14364,17872
CCAGTCTTGTCATAGA-1,1,59,59,14225,18112
GGGCAGAGCAATCGTT-1,1,58,60,14087,17871
TACCAAATAGCCCAGA-1,1,59,61,13948,18112
TACCTACTCCCAGTAT-1,1,58,62,13810,17870
TGTGAGACTAGCCCAA-1,1,59,63,13670,18111
ATACCTAACCAAGAAA-1,1,58,64,13532,17870
GTCGGGAAGCAGAAAC-1,1,59,65,13393,18111
AATTAACGGATTTCCA-1,1,58,66,13255,17869
GAACCCTCTGTGTTCT-1,1,59,67,13116,18110
ATATAAAGCGCTCGTG-1,1,58,68,12978,17869
CCTGGTCGAATGTGGG-1,1,59,69,12839,18110
CTAGGTTCGGACGTGA-1,1,58,70,12700,17868
TCGGGAGACAGCGTAC-1,1,59,71,12561,18109
CATAAGAAGCTTGGCT-1,1,58,72,12423,17868
AAGCACCCTGCGTATC-1,1,59,73,12284,18108
AGTTTGCACCTGCCTC-1,1,58,74,12146,17867
GACTGCAAATCGAGCT-1,1,59,75,12007,18108
GTGTATATCAGCGGGC-1,1,58,76,11868,17866
CTTCAACTCCACTTGG-1,1,59,77,11729,18107
ACTTACGCATCCACGC-1,1,58,78,11591,17866
CATGAGATGCACTCTC-1,1,59,79,11452,18107
GAGCACCTGTGTCCAG-1,1,58,80,11314,17865
CGCGACCGCGACAGAT-1,1,59,81,11175,18106
GTCCCGCGACGTTATG-1,1,58,82,11037,17865
GCAGTGTGGCTATAGG-1,1,59,83,10897,18106
ATACTGCCTTACACCG-1,1,58,84,10759,17864
TACAGAAACGGTGGGC-1,1,59,85,10620,18105
GGCGCGGAGATCTTTC-1,1,58,86,10482,17864
CGTTAATGTCCCGACG-1,1,59,87,10343,18104
GCTAACTGAAGTCTGA-1,1,58,88,10205,17863
AGTGATAACCTGCGCG-1,1,59,89,10066,18104
TATGATCTTCTCTTTA-1,1,58,90,9927,17862
TGTACCTACACGAGGG-1,1,59,91,9788,18103
ATATCGTTCCTCGAAC-1,1,58,92,9650,17862
CGGCGCCATCAATCCC-1,1,59,93,9511,18103
CCTGTTTGAAGACACG-1,1,58,94,9373,17861
GCCACTCAGAGCGCGA-1,1,59,95,9234,18102
TCGGCTTGTATCGACG-1,1,58,96,9096,17861
TAGATGGTTCCTTACT-1,1,59,97,8956,18102
ATCGTTAGCTAGCGGA-1,1,58,98,8818,17860
ACAGCGACATTCTCAT-1,1,59,99,8679,18101
ATTCAACCATTTAAGG-1,1,58,100,8541,17860
CACTCTTCTGCTAGCC-1,1,59,101,8402,18100
CTAACTGATAATCGCC-1,1,58,102,8264,17859
TGATGTCAATTAAGTG-1,1,59,103,8125,18100
CGCCGTTCAGCATAGT-1,1,58,104,7986,17858
ATACTACCCGTACCAC-1,1,59,105,7847,18099
CCACTGTTTGGATTAA-1,1,58,106,7709,17858
CACTACGGGAGCTGCC-1,1,59,107,7570,18099
GACCAAACGTTGACTG-1,1,58,108,7432,17857
AAGAGGCCCTTTGGAA-1,1,59,109,7293,18098
ACACGTAGGCCACAAG-1,1,58,110,7155,17857
TACTCTTACTTTACTG-1,1,59,111,7015,18098
AGAGCCGCCGAGATTT-1,1,58,112,6877,17856
GGCCTGCTTCTCCCGA-1,1,59,113,6738,18097
TCAAGCGCGGACGGTA-1,1,58,114,6600,17856
ACACTGGGACAGTCGT-1,1,59,115,6461,18096
TGTGTAGTAGCACGTG-1,1,58,116,6323,17855
CTAGCCACAGGCGAGC-1,1,59,117,6183,18096
CTATCGCGTAGAGAAC-1,1,58,118,6045,17854
GTTCCCGTAAACATAT-1,1,59,119,5906,18095
TCTTTCCTTCGAGATA-1,1,58,120,5768,17854
ATATTGGAGAGGCCTT-1,1,59,121,5629,18095
AGGCGATAACTGGCGT-1,1,58,122,5491,17853
ACCCGGAGCACCACAA-1,1,59,123,5352,18094
TGAGCTCAACTGTATA-1,0,58,124,5213,17853
ACGACCCATGAGTTGC-1,0,59,125,5074,18094
CGGTCAGTCCATATTT-1,0,58,126,4936,17852
TCCGGCTGTCGGGTCG-1,0,59,127,4797,18093
ATTCCCGAAGGTACAG-1,1,60,0,22405,18371
CTAACAGCACAATAAC-1,1,61,1,22265,18612
TTGTGCGGAAGCGGAT-1,1,60,2,22127,18370
GGGCACTATTGACCAT-1,1,61,3,21988,18611
CCATAGAGGCTGCCAG-1,1,60,4,21850,18369
CCGAAGCATTGACCAA-1,1,61,5,21711,18610
TACTGAGGGAAGAAAG-1,1,60,6,21573,18369
TATGTAGAAACCCGGC-1,1,61,7,21434,18610
TGGTTAACTTACATTT-1,1,60,8,21295,18368
AGAACCCTCAATTGGG-1,1,61,9,21156,18609
CCTATATCGTGTCACG-1,1,60,10,21018,18368
ACGGCTGGATGTAGAA-1,1,61,11,20879,18609
CTCGCATTGCATAGCC-1,1,60,12,20741,18367
ACTTTGGTCGTGCTCC-1,1,61,13,20602,18608
GCTGGTTTAGGCCATA-1,1,60,14,20464,18367
TGTCGTTATCACATAT-1,1,61,15,20324,18608
ACACATGATCAAATCT-1,1,60,16,20186,18366
TATCCATCTCGGTTAG-1,1,61,17,20047,18607
CTCGTCGAGGGCTCAT-1,1,60,18,19909,18365
ATCAATGCCGTGGCTG-1,1,61,19,19770,18606
GAAACATAGGAAACAG-1,1,60,20,19632,18365
TAATAGGTCACCAGAA-1,1,61,21,19493,18606
CACCAGTCAGCATGCA-1,1,60,22,19354,18364
GAGCGCTGTTAGGTAA-1,1,61,23,19215,18605
CCCTATGTAGAGCAGA-1,1,60,24,19077,18364
GATCGCTATATCTCAG-1,1,61,25,18938,18605
AAGGGACTATGCATTC-1,1,60,26,18800,18363
CTCGGGTTCTCTGGCC-1,1,61,27,18661,18604
TATATATCGAGAAATG-1,1,60,28,18522,18363
ACCCGAGCGAAATTAC-1,1,61,29,18383,18604
TTGTTTCATTAGTCTA-1,1,60,30,18245,18362
ATGGGACCTGCTGAAC-1,1,61,31,18106,18603
TGCGACGGCCGAACGT-1,1,60,32,17968,18361
AGCTAACAAGCAATGT-1,1,61,33,17829,18602
CGTGTCTCGTTACGAC-1,1,60,34,17691,18361
CTAAATCCGGTGTACA-1,1,61,35,17551,18602
GAATAGTGCTCGATTA-1,1,60,36,17413,18360
AACAATACATTGTCGA-1,1,61,37,17274,18601
CACATCGTGCACGCGC-1,1,60,38,17136,18360
ACCGTGACCACGTGGG-1,1,61,39,16997,18601
CCCAATGAGATTTGCA-1,1,60,40,16859,18359
TCAGCAGTAGGCCCTG-1,1,61,41,16720,18600
CTACTCAAGGTATAGT-1,1,60,42,16581,18359
TAGTAGCTTATACCAG-1,1,61,43,16442,18600
ACGTTCGTTCAGGAAA-1,1,60,44,16304,18358
TTAGAATAAGGGTCGG-1,1,61,45,16165,18599
TTCTAGAAAGTCTTAT-1,1,60,46,16027,18357
CCTTCAGTTAAAGTGA-1,1,61,47,15888,18598
TAGCTAGTGATGATGG-1,1,60,48,15750,18357
AGCCCGGTAGCCTGTA-1,1,61,49,15610,18598
TACCTCAGTTGTCTGT-1,1,60,50,15472,18356
GACGGGTTGGCCCGTA-1,1,61,51,15333,18597
GAAACCTATACAAATG-1,1,60,52,15195,18356
TCCACCTCTAGCCTTT-1,1,61,53,15056,18597
AAGACCCAACTGAACA-1,1,60,54,14918,18355
CATACACGGTTCCCAC-1,1,61,55,14779,18596
ACTACGCGTTAGAATT-1,1,60,56,14640,18355
CTTGGCCAAGCTGGGA-1,1,61,57,14501,18596
TTACCCTAGGGATTGG-1,1,60,58,14363,18354
TTCGCACTGTACGACA-1,1,61,59,14224,18595
TAGGTGTTCCACAGAT-1,1,60,60,14086,18353
GAAGCCTGCACATTCC-1,1,61,61,13947,18594
GGCTTTCAATAAGGGT-1,1,60,62,13809,18353
TCCAGGGTATATACGA-1,1,61,63,13669,18594
CTCGCCGAATGTAGGG-1,1,60,64,13531,18352
AGGAAGCTGTCCGCCG-1,1,61,65,13392,18593
GTCTCAAGGCCCGGCT-1,1,60,66,13254,18352
ACCGACACATCTCCCA-1,1,61,67,13115,18593
TATACGCGTCATCACT-1,1,60,68,12977,18351
ATCTGGGCTGTTCTTG-1,1,61,69,12838,18592
TCAAATTTGAGACTCA-1,1,60,70,12699,18351
GTTAAGGGTGCGATGT-1,1,61,71,12560,18592
AGCAAAGGCCGCTAGT-1,1,60,72,12422,18350
TTATAGGTAATTGTCT-1,1,61,73,12283,18591
TTGTGCAGCCACGTCA-1,1,60,74,12145,18349
ACGGACTCTCAAAGCG-1,1,61,75,12006,18590
ATGCTCTGGCGCGGTA-1,1,60,76,11867,18349
ATAATCTTGGAGAACC-1,1,61,77,11728,18590
CTCATTGCTCTAACAA-1,1,60,78,11590,18348
TAGGTGACGATAACCT-1,1,61,79,11451,18589
CGGATCCTCAAGGACT-1,1,60,80,11313,18348
GGGCGTGGTTTCCCAG-1,1,61,81,11174,18589
TGGCTATGTGACATAC-1,1,60,82,11036,18347
CTTAGTGTAGTAGCAT-1,1,61,83,10896,18588
GGATTGCTGTGACTCC-1,1,60,84,10758,18347
ACTTCCATGCGGGACA-1,1,61,85,10619,18588
ACTCAAGTGCAAGGCT-1,1,60,86,10481,18346
ACAAGGATGCTTTAGG-1,1,61,87,10342,18587
TTGAACGACGTGCTGA-1,1,60,88,10204,18345
ATTCATCGTTGAGGCA-1,1,61,89,10065,18586
TGCAACCCATCTGCGG-1,1,60,90,9926,18345
AGTGCTAAACACAGCA-1,1,61,91,9787,18586
AACTCCAGAGCGTGTT-1,1,60,92,9649,18344
TCTCCACAAGTTGAAT-1,1,61,93,9510,18585
CTTTGCATCGCTCTTG-1,1,60,94,9372,18344
TCACAAACCGAGGTAC-1,1,61,95,9233,18585
CCGTAGGAAATCCCTG-1,1,60,96,9095,18343
AAACATTTCCCGGATT-1,1,61,97,8955,18584
GCCTCCGACAATTCAC-1,1,60,98,8817,18343
TCTGCATACCTTGCTT-1,1,61,99,8678,18584
ACCCATTTGTCCCTCT-1,1,60,100,8540,18342
CTGCAGAGAATCAGAG-1,1,61,101,8401,18583
GGAAACTAAATGGGCC-1,1,60,102,8263,18341
CAACCTACCGAGCAGT-1,1,61,103,8124,18582
CCGTAGGGTTGTTTAC-1,1,60,104,7985,18341
GGTTTGTGACCTGAGG-1,1,61,105,7846,18582
TAACCTAGGGAGTCCA-1,1,60,106,7708,18340
TTCCATCGACAGCGTG-1,1,61,107,7569,18581
ATCTCCCACGGAATAT-1,1,60,108,7431,18340
GTTTCAAACGAGTTGT-1,1,61,109,7292,18581
GGAACTTTGGCGATTA-1,1,60,110,7154,18339
CTGCAAGCACGTTCCG-1,1,61,111,7014,18580
CACAGTCCCGCTTCGC-1,1,60,112,6876,18339
TACGCTCGGTATTGGA-1,1,61,113,6737,18580
CTGGTAAAGTGTGGGC-1,1,60,114,6599,18338
CAACCAGTGGCCTACC-1,1,61,115,6460,18579
TCTTCGCGGTGAGAGG-1,1,60,116,6322,18337
TTCGGGTTGCCACGGG-1,1,61,117,6182,18578
ACCGATAGGCATAACC-1,1,60,118,6044,18337
CTTATAGATGGCTGTT-1,1,61,119,5905,18578
AGACGCCCACTTCGCC-1,1,60,120,5767,18336
AGGTCGCCTCCCAACA-1,1,61,121,5628,18577
CCTCACGTCAGCTAAT-1,1,60,122,5490,18336
CCACCTGTATGGAATA-1,1,61,123,5351,18577
GGACTCGAAGCTTTCA-1,0,60,124,5212,18335
AAGCCGGAGAGCAGGA-1,1,61,125,5073,18576
GCCTATCAGGTAAGAT-1,0,60,126,4935,18335
TCAGAGTGTGAGCATG-1,0,61,127,4796,18576
AAACATGGTGAGAGGA-1,1,62,0,22404,18853
ATCATTGTACCGCATT-1,1,63,1,22264,19094
TCAGCTTGAGCTTTCG-1,1,62,2,22126,18852
CCGCGCAAGATACCCA-1,1,63,3,21987,19093
CTATACTTAAAGCGAG-1,1,62,4,21849,18852
ACCGTCCACTGGGCCC-1,1,63,5,21710,19093
AAGACCAAATAACTCA-1,1,62,6,21572,18851
TGTTTCTGAAGCGTGC-1,1,63,7,21433,19092
TTCTCTTACAGGTGAT-1,1,62,8,21294,18851
AATTCATTGTCATGCA-1,1,63,9,21155,19092
GCCCGAGAGTCTAAAT-1,1,62,10,21017,18850
ATATAGAGTATTGGTC-1,1,63,11,20878,19091
TTGAAGGATGGGCGCC-1,1,62,12,20740,18850
TAGTACCACAACTTTC-1,1,63,13,20601,19091
ATCCCATCCACAGCGC-1,1,62,14,20463,18849
CTTAGGTATAGACCAG-1,1,63,15,20323,19090
TGACTCCGAATCATAC-1,1,62,16,20185,18848
ACTACATCCCGACAAG-1,1,63,17,20046,19089
TTGCCGCAGACCTACA-1,1,62,18,19908,18848
TAAGAGGGACAGGGAC-1,1,63,19,19769,19089
CGAATGAAGTCATTGC-1,1,62,20,19631,18847
AAGGGAACGACTGGCT-1,1,63,21,19492,19088
CGAATCTGCTCGACGC-1,1,62,22,19353,18847
ATCGTGGAAAGTCTGG-1,1,63,23,19214,19088
CCTATGGCTCCTAGTG-1,1,62,24,19076,18846
CGTCGCTTGGTTATAC-1,1,63,25,18937,19087
TGCTTAGAGAGAATGC-1,1,62,26,18799,18846
GATTGCTCCAGTTGCA-1,1,63,27,18660,19087
CGTGCTTCTACCTAAA-1,1,62,28,18521,18845
ACTCCAATATCATCAT-1,1,63,29,18382,19086
GCCGACCCACGACTGC-1,1,62,30,18244,18844
GAGGGTAGTAACAAAG-1,1,63,31,18105,19085
GGCCGAGACTCTGGTG-1,1,62,32,17967,18844
TATATAGGGCTTTACG-1,1,63,33,17828,19085
TGCCGGATGTACGAGC-1,1,62,34,17690,18843
AGGTAGATCGAGATAT-1,1,63,35,17550,19084
GATCAACATAAAGGGA-1,1,62,36,17412,18843
TAACAGCGTTTGTGCT-1,1,63,37,17273,19084
CTATAGGCGTTGATGT-1,1,62,38,17135,18842
GGTTTAATTACCATCG-1,1,63,39,16996,19083
CTCTTCTGGAAGTTAG-1,1,62,40,16858,18842
ATCTGACATGGAAGGA-1,1,63,41,16719,19083
TACGTACTAGTGCTGA-1,1,62,42,16580,18841
ATGACTATCAGCTGTG-1,1,63,43,16441,19082
CTTTGGGATTGTTGCA-1,1,62,44,16303,18840
AGACTGTTACCGGGTC-1,1,63,45,16164,19081
TCCTAACCGTCGGGCA-1,1,62,46,16026,18840
ACGCAAACTAATAGAT-1,1,63,47,15887,19081
AAGTGAGTCGGGTTTA-1,1,62,48,15749,18839
TAAAGCGGTATTTCCA-1,1,63,49,15609,19080
CTCCTCCAGCTCACAC-1,1,62,50,15471,18839
CGGTCCGTCGCAAGCC-1,1,63,51,15332,19080
CCTATATTTGTCCTGG-1,1,62,52,15194,18838
TCCAATAAAGGCTACC-1,1,63,53,15055,19079
AAAGGCTACGGACCAT-1,1,62,54,14917,18838
CGTGACCAGTCCTCTG-1,1,63,55,14778,19079
GATCTGCTATCTAAGG-1,1,62,56,14639,18837
CGAATGACGCATAATG-1,1,63,57,14500,19078
GCTCAATGTAATACCG-1,1,62,58,14362,18836
CTATGCCCGAATGCAA-1,1,63,59,14223,19077
CACAGGGCCGTTGTCA-1,1,62,60,14085,18836
TCAATACGCCGTCATG-1,1,63,61,13946,19077
AGCGGACACTTCGTAG-1,1,62,62,13808,18835
ATACGTTATGCACGGA-1,1,63,63,13668,19076
GAGTAGATACTAGTTG-1,1,62,64,13530,18835
CCAGCTCGAACGCATT-1,1,63,65,13391,19076
TGCTTCCCAAGCAGTA-1,1,62,66,13253,18834
GTAGACACGCCTGACT-1,1,63,67,13114,19075
CTCACATTTACTAAAT-1,1,62,68,12976,18834
GAATGCGAATCGGTTC-1,1,63,69,12837,19075
TAAGGCCCGTCACCCT-1,1,62,70,12698,18833
GAGTATGCGCGTGCAT-1,1,63,71,12559,19074
ATCCACATCGACAGAA-1,1,62,72,12421,18833
TAGACGAAACGCCAAT-1,1,63,73,12282,19073
CAGCAGTCTGTGCTGC-1,1,62,74,12144,18832
CTCACTGTGATACTTA-1,1,63,75,12005,19073
TTAATTGCTTTGGGTG-1,1,62,76,11866,18831
GTAGTCTACGATATTG-1,1,63,77,11727,19072
TTGCCGCTTTCTAGTA-1,1,62,78,11589,18831
GAACCTTTAACGATCC-1,1,63,79,11450,19072
TGGACCAATCTAAGAT-1,1,62,80,11312,18830
CTAGTAGAAAGGGATT-1,1,63,81,11173,19071
AACCTCGCTTTAGCCC-1,1,62,82,11035,18830
GAGTGTCAACCAGAAA-1,1,63,83,10895,19071
GTGATCCTTGTCATGA-1,1,62,84,10757,18829
CTCAACTAACCCGGAT-1,1,63,85,10618,19070
AGTGGCGTCTGAAGGT-1,1,62,86,10480,18829
GGGAAGGGCTTTCTCA-1,1,63,87,10341,19069
AGGCCTGAGAATCTCG-1,1,62,88,10203,18828
AGCCACAGGTTACCCG-1,1,63,89,10064,19069
TGCAATCTAACACGGT-1,1,62,90,9925,18827
GTTTGGGTTTCGCCCG-1,1,63,91,9786,19068
CCTATGTCCACTCCAC-1,1,62,92,9648,18827
CTGCCTTTCTAGTAAA-1,1,63,93,9509,19068
TTAGTAAACCTGCTCT-1,1,62,94,9371,18826
TTGTGGTGGTACTAAG-1,1,63,95,9232,19067
CCTCCTGTTGTGTCGT-1,1,62,96,9094,18826
ACAAAGCATGACCTAG-1,1,63,97,8954,19067
ATAGCAACTAGGGAAG-1,1,62,98,8816,18825
CCGCTCTTCCGAACTA-1,1,63,99,8677,19066
TAGAATAGCCGATGAA-1,1,62,100,8539,18825
GGTCTCCGTCCAGGTT-1,1,63,101,8400,19065
TAATTACGTCAGTAGA-1,1,62,102,8262,18824
TACGTAAAGCGGAGTG-1,1,63,103,8123,19065
GCTACAATCGAGGATA-1,1,62,104,7984,18823
TCAGCCAATCCGTAAA-1,1,63,105,7845,19064
ATCATAGCCCTATGTA-1,1,62,106,7707,18823
GAGGCCTGTTGATACA-1,1,63,107,7568,19064
ATATACGCTCGTGACG-1,1,62,108,7430,18822
CCCTTTAATGGAGTTC-1,1,63,109,7291,19063
TTACACGATCTGCGAC-1,1,62,110,7153,18822
TCGCATAAAGGGCGCA-1,1,63,111,7013,19063
TGTAGCCATCCCATTC-1,1,62,112,6875,18821
GGGTCTATCGCTTTCC-1,1,63,113,6736,19062
GGAGGGTCAAGTAAGA-1,1,62,114,6598,18821
TACGGCATGGACGCTA-1,1,63,115,6459,19061
CACGTCAATCAATGGA-1,1,62,116,6321,18820
CGCTTGGACGGATAGA-1,1,63,117,6182,19061
CGCGGTACGGTATACA-1,1,62,118,6043,18819
CCTACTCAACACGATT-1,1,63,119,5904,19060
CGTTTGGTGTTGTGGG-1,1,62,120,5766,18819
GTTGTTGCAAGATGGC-1,1,63,121,5627,19060
CATTCGTCGTAGCGGT-1,1,62,122,5489,18818
CAGCCTCGATAGCGGT-1,1,63,123,5350,19059
TCATAAGTCCAAGAAG-1,1,62,124,5211,18818
AAAGTGCCATCAATTA-1,1,63,125,5072,19059
GTTGCAGTCGACAACA-1,0,62,126,4934,18817
TAAATGGGCTACTGAG-1,0,63,127,4795,19058
GGACAAGCCATGATCG-1,1,64,0,22403,19336
TCCAATGCGTCGCCGC-1,1,65,1,22263,19577
AAAGAATGACCTTAGA-1,1,64,2,22125,19335
CCTATTATTCCGGCCG-1,1,65,3,21986,19576
CAGTAAGGGACGTCTC-1,1,64,4,21848,19334
GGGATGGACCCGCGTC-1,1,65,5,21709,19575
GACGCATACCCGTCGG-1,1,64,6,21571,19334
GGGCAGGATTTCTGTG-1,1,65,7,21432,19575
TATCTGAGCCGATATT-1,1,64,8,21293,19333
AATGTATGGCACTGTA-1,1,65,9,21154,19574
GCCTTTGTCAGTGGAC-1,1,64,10,21016,19333
AACCATAGGGTTGAAC-1,1,65,11,20877,19574
AAACTTAATTGCACGC-1,1,64,12,20739,19332
TAGGCGGCTGCAAAGA-1,1,65,13,20600,19573
TCCATCAATACTAATC-1,1,64,14,20462,19332
ACCTCGAACTTATGCT-1,1,65,15,20322,19573
ACAAACCATGCGTCCT-1,1,64,16,20184,19331
ACACCGGTCTGACCGC-1,1,65,17,20045,19572
ATGGCAGCATTACGAT-1,1,64,18,19907,19330
CTGGTGAATGGGCCTA-1,1,65,19,19768,19571
CACAGAGACGAGGACG-1,1,64,20,19630,19330
GCACAAACCCTAGATG-1,1,65,21,19491,19571
ACTATGTCCAGCTGCC-1,1,64,22,19352,19329
AAGCCGCCGTGAAATC-1,1,65,23,19213,19570
ATGGGTGTATACCTCC-1,1,64,24,19075,19329
TAAGCGCGAATCAAAT-1,1,65,25,18936,19570
AGCCCGGCATTAGAGG-1,1,64,26,18798,19328
GTGATCAAGCGTGCAC-1,1,65,27,18659,19569
CTGCCTTTAATACCTT-1,1,64,28,18521,19328
TACCTCCACACCAATG-1,1,65,29,18381,19569
GAGCATCAACAACTTG-1,1,64,30,18243,19327
CATACGAACTAGCTGG-1,1,65,31,18104,19568
GGGAACGGTTTCAGAT-1,1,64,32,17966,19326
AGGGTGCCGTTCTTTA-1,1,65,33,17827,19567
ACGACTGGTCATACTC-1,1,64,34,17689,19326
GGATCTTACTGCCCTT-1,1,65,35,17549,19567
TACTCCTCTAGTTGAC-1,1,64,36,17411,19325
GTAGCTCCGGGAGGCT-1,1,65,37,17272,19566
GGACTCGTGAGTGGTC-1,1,64,38,17134,19325
GTAGTTCGAAGGCGAA-1,1,65,39,16995,19566
CTCAAACCACTGCCCG-1,1,64,40,16857,19324
GAGGGAGTCAGATCGC-1,1,65,41,16718,19565
GCGTCCCTAAGACATA-1,1,64,42,16579,19324
TCTCTTACCGCGAACC-1,1,65,43,16440,19565
GGCTACTATACACTCC-1,1,64,44,16302,19323
CGTTGCCCGCGTGGGA-1,1,65,45,16163,19564
TATAGAGTCGCTTGAA-1,1,64,46,16025,19322
ATGTTGTAGTCTGTTT-1,1,65,47,15886,19563
AGTATACACAGCGACA-1,1,64,48,15748,19322
TGTGGTTGCTAAAGCT-1,1,65,49,15608,19563
TGATTCCCGGTTACCT-1,1,64,50,15470,19321
CACTGACGATTGTGGA-1,1,65,51,15331,19562
AACATTGTGACTCGAG-1,1,64,52,15193,19321
GTCCAATATTTAGCCT-1,1,65,53,15054,19562
GCTCTTTCCGCTAGTG-1,1,64,54,14916,19320
GGGTCAGGAGCTAGAT-1,1,65,55,14777,19561
AGGTGGTGACCTTCGC-1,1,64,56,14638,19320
CCCGGGTCGTTCAGGG-1,1,65,57,14499,19561
AGCCAAGCTTTGTGTC-1,1,64,58,14361,19319
TGTGGCGGGCTTCTGG-1,1,65,59,14222,19560
CGAGGGTATCCAGGTG-1,1,64,60,14084,19318
CGTTCAGACCCGCGAA-1,1,65,61,13945,19559
TCATATGAGCTTTGTT-1,1,64,62,13807,19318
AGTTGACGGTCCTTGC-1,1,65,63,13667,19559
ATAATTAGCTAAGTAG-1,1,64,64,13529,19317
GGTCTTGAGCGCTCTT-1,1,65,65,13390,19558
CGTTGTCGGCAATTGA-1,1,64,66,13252,19317
TCTTGCTCCCGATACT-1,1,65,67,13113,19558
AGCAGAAGGAGAAAGA-1,1,64,68,12975,19316
GAAGCCACTGATTATG-1,1,65,69,12836,19557
TGCTCTTGAGAGTTTG-1,1,64,70,12697,19316
GACATCCGTCGAACTG-1,1,65,71,12558,19557
AGATATAATACGACTA-1,1,64,72,12420,19315
TCGCTACTGGCTTTGA-1,1,65,73,12281,19556
GTGACAGCTTCCCACT-1,1,64,74,12143,19314
GTGACGCAGGTTTCAT-1,1,65,75,12004,19555
GGGAAGACGGTCTGTC-1,1,64,76,11865,19314
CGTCGCATGTGAGCCA-1,1,65,77,11726,19555
AGAAGGTTGTAGGTCG-1,1,64,78,11588,19313
GGCCGGCGTCTGCTAT-1,1,65,79,11449,19554
TTGACCAGGAACAACT-1,1,64,80,11311,19313
AGTCGTATAAAGCAGA-1,1,65,81,11172,19554
GGCGTAGGGAAAGCTG-1,1,64,82,11034,19312
AAACCTAAGCAGCCGG-1,1,65,83,10894,19553
ATTGCCTTTATGTTTG-1,1,64,84,10756,19312
CAGGCAGTCTTACCAG-1,1,65,85,10617,19553
AGCTAAGTACGCAGGC-1,1,64,86,10479,19311
AAATCCGATACACGCC-1,1,65,87,10340,19552
CGAGAGCTTTCACTAC-1,1,64,88,10202,19310
CGCCCAGCGTTTCACG-1,1,65,89,10063,19551
TTAAGTATTGTTATCC-1,1,64,90,9924,19310
AAACGGGCGTACGGGT-1,1,65,91,9785,19551
GTATCCTTTGGTAACC-1,1,64,92,9647,19309
CATAGTCAAATACATA-1,1,65,93,9508,19550
TCTATGCTATAACGAC-1,1,64,94,9370,19309
ACGTTCTGTACAAGTC-1,1,65,95,9231,19550
CGCGAAGTGGCATACT-1,1,64,96,9093,19308
ACCAACCGCACTCCAC-1,1,65,97,8953,19549
GTCATGCGCGAGGGCT-1,1,64,98,8815,19308
TAGGCTAAAGTGGCAC-1,1,65,99,8676,19549
TGGCTACACTCTACCT-1,1,64,100,8538,19307
TGTCCACGGCTCAACT-1,1,65,101,8399,19548
AATTGCAGCAATCGAC-1,1,64,102,8261,19306
GTCAACCAGGCCTATA-1,1,65,103,8122,19547
ATCTTATCGCACACCC-1,1,64,104,7983,19306
GTCTATTGCATGCTCG-1,1,65,105,7844,19547
GCACGTGGTTTACTTA-1,1,64,106,7706,19305
ATTCGCGCCTTGAGAG-1,1,65,107,7567,19546
AGCGATGCGCCTAATA-1,1,64,108,7429,19305
TCTATAGGTGGGTAAT-1,1,65,109,7290,19546
AGATACCAATAGAACC-1,1,64,110,7152,19304
CGTGTATGGGAGCTGA-1,1,65,111,7012,19545
ATGTACATGCGGTGAG-1,1,64,112,6874,19304
TTGGCTCAATATGTGT-1,1,65,113,6735,19545
GTTCGGAGCACTCAAC-1,1,64,114,6597,19303
TCCCTCTTCTCAAGGG-1,1,65,115,6458,19544
TTACGTATCTATGACA-1,1,64,116,6320,19302
CCCATATAGGTCGATT-1,1,65,117,6181,19543
GTCCACGTCGCATTCG-1,1,64,118,6042,19302
AATTGTGGTTGCCAAA-1,1,65,119,5903,19543
AGGAACGAACGACTTC-1,1,64,120,5765,19301
TAATTCCAATGCTTCA-1,1,65,121,5626,19542
AGGGCCCTAATGTTCT-1,1,64,122,5488,19301
AGGTGTTGCCGACCAC-1,1,65,123,5349,19542
CTGAGAGTAGAAATAC-1,1,64,124,5210,19300
TAGAAGAAGGGTTACA-1,1,65,125,5071,19541
GGTGACTGATAGAGAG-1,1,64,126,4933,19300
TACCCTCGGTAACCCT-1,1,65,127,4794,19541
TGTAAGACTGATAAGA-1,1,66,0,22402,19818
GTCACTCATGAGCGAT-1,1,67,1,22262,20059
CGGTTTACTGAACATT-1,1,66,2,22124,19817
GAGATCGATCTTACTC-1,1,67,3,21985,20058
TCTTTCATCCGTCCTT-1,1,66,4,21847,19817
TCGGATCTGGATGACC-1,1,67,5,21708,20058
GTCCTAGGATACCTTA-1,1,66,6,21570,19816
TGTACCCGACCCTAAT-1,1,67,7,21431,20057
AGGTTCTCCTTTCCGG-1,1,66,8,21292,19816
AATTGCGTGGATTACA-1,1,67,9,21153,20057
CGATAGCGATACAGTG-1,1,66,10,21015,19815
CGCCCTAATTGTTCAA-1,1,67,11,20876,20056
ATTATGAGACCCAATT-1,1,66,12,20738,19815
CCTCCTAGCTAGAGTC-1,1,67,13,20599,20056
CGAAGGGTTTCAGATT-1,1,66,14,20461,19814
CACAAGCTAAGAAAGG-1,1,67,15,20321,20055
CACCGGTAGAGACATT-1,1,66,16,20183,19813
ACTCATGGCAGCCTTC-1,1,67,17,20044,20054
CATCCAATATAGTTTG-1,1,66,18,19906,19813
CAGATATGAAGATGAC-1,1,67,19,19767,20054
GCAAAGGGCGTTAGCC-1,1,66,20,19629,19812
CTGTTGTTCAGTCGTA-1,1,67,21,19490,20053
AAAGGCCCTATAATAC-1,1,66,22,19351,19812
AACATTGAAGTTGATC-1,1,67,23,19212,20053
GCTAGCGATAGGTCTT-1,1,66,24,19074,19811
ATTGCCTATTAGACCG-1,1,67,25,18935,20052
GGGCGTTTACATTCAT-1,1,66,26,18797,19811
CCTCTACAAGGATTGG-1,1,67,27,18658,20052
AGTGACTGTGACACAA-1,1,66,28,18520,19810
AGCCCTCCCTGGTGGC-1,1,67,29,18380,20051
CGGTTGAGTATCCTTC-1,1,66,30,18242,19809
CATTATCCCATTAACG-1,1,67,31,18103,20050
AATGTGCTAATCTGAG-1,1,66,32,17965,19809
CTTAGTTGAGGAATCG-1,1,67,33,17826,20050
CTTCTGGGCGTACCTA-1,1,66,34,17688,19808
AGTCAAATGATGTGAT-1,1,67,35,17548,20049
TGAACAAGCAGGGACT-1,1,66,36,17410,19808
AATACCGGAGGGCTGT-1,1,67,37,17271,20049
GTTTGGTGATCGGTGC-1,1,66,38,17133,19807
GACTGCTGGTGAGAAA-1,1,67,39,16994,20048
CGATCCTCGCAACATA-1,1,66,40,16856,19807
CCAACCTTATGTAACT-1,1,67,41,16717,20048
CGTGGTACCCAAAGGC-1,1,66,42,16578,19806
AACCCGACAACCCGTG-1,1,67,43,16439,20047
TATGTAAAGTGCTTAA-1,1,66,44,16301,19805
GCAAGTGTAAAGCATG-1,1,67,45,16162,20046
GTAACTGCCCAAGGAG-1,1,66,46,16024,19805
GGTGCATAAATGATTA-1,1,67,47,15885,20046
TAGTCCCGGAGACCAC-1,1,66,48,15747,19804
CGGCCAGAGCGACCAT-1,1,67,49,15607,20045
TGAATGAGTGTTTCCC-1,1,66,50,15469,19804
TTCACTTCCTAGAACG-1,1,67,51,15330,20045
CGCTTAGTATTGATAC-1,1,66,52,15192,19803
AACGCGACCTTGGGCG-1,1,67,53,15053,20044
GTGCACCAGCTTCAAC-1,1,66,54,14915,19803
TTCTATTAAACGCAGC-1,1,67,55,14776,20044
TGGCAAGCACAAGTCG-1,1,66,56,14637,19802
ATCTGCTGTTATCGCC-1,1,67,57,14498,20043
AATTCCAAGCATGTAC-1,1,66,58,14360,19801
AAACGGTTGCGAACTG-1,1,67,59,14221,20042
GAAGGAGTCGAGTGCG-1,1,66,60,14083,19801
GGCAAGCCCATAGTGG-1,1,67,61,13944,20042
TGACCAAATCTTAAAC-1,1,66,62,13806,19800
TTCGGTACTGTAGAGG-1,1,67,63,13666,20041
ATGTACGATGACGTCG-1,1,66,64,13528,19800
ATCTAGCTTGTGAGGG-1,1,67,65,13389,20041
AGCGGGTCTGACACTC-1,1,66,66,13251,19799
GAGGTACGCGTGTCCC-1,1,67,67,13112,20040
GCACTGCCTACCTTTA-1,1,66,68,12974,19799
GGAGCGAGGCCTACTT-1,1,67,69,12835,20040
AAACTCGGTTCGCAAT-1,1,66,70,12696,19798
GGCGCTTCATTCCCTG-1,1,67,71,12557,20039
TGCTCGGTGGGTCACC-1,1,66,72,12419,19797
AAGCGCAGGGCTTTGA-1,1,67,73,12280,20038
GACCTTCCACGTCTAC-1,1,66,74,12142,19797
GTTAGCCCATGACATC-1,1,67,75,12003,20038
AATTCGATTCGAGGAT-1,1,66,76,11865,19796
AGTCTTTAAAGTGTCC-1,1,67,77,11725,20037
GACTAGGCCGTTAGGT-1,1,66,78,11587,19796
TCCAAGCCTAGACACA-1,1,67,79,11448,20037
GATTGGGAAAGGTTGT-1,1,66,80,11310,19795
GATGAGGAACCTTCGG-1,1,67,81,11171,20036
TGAATACCGACGCGTA-1,1,66,82,11033,19795
AATCGTGAGCCGAGCA-1,1,67,83,10893,20036
GCGAAGAATCTGACGG-1,1,66,84,10755,19794
GAACAACTGGGATGAA-1,1,67,85,10616,20035
TCGCCGACATATTCGC-1,1,66,86,10478,19793
CGTAGAGAGTAATTAT-1,1,67,87,10339,20034
CGATAGTCGTACTGCA-1,1,66,88,10201,19793
CGCATGCCGAATGCGT-1,1,67,89,10062,20034
CTCTAGCCCTCGGAAA-1,1,66,90,9923,19792
TCCAACTCAGCTATCT-1,1,67,91,9784,20033
GTCTAGTGAGCCGCTT-1,1,66,92,9646,19792
TACCGAATAATTGTAA-1,1,67,93,9507,20033
ATATAACACGGGCGCA-1,1,66,94,9369,19791
GCATGCTAATAACGAT-1,1,67,95,9230,20032
TCCGGGCTTGACGGGA-1,1,66,96,9092,19791
ATTATTCAGAGTCACT-1,1,67,97,8952,20032
TAGCAGTATGACTAAA-1,1,66,98,8814,19790
TATGAAGAATTAAGGT-1,1,67,99,8675,20031
CAAGGCCAGTGGTGCA-1,1,66,100,8537,19789
TGCGTACGGCTAATTG-1,1,67,101,8398,20030
CAGATAATGGGCGGGT-1,1,66,102,8260,19789
GAGAACGGTTCTGACT-1,1,67,103,8121,20030
CGCTTCGGTCTAAGAC-1,1,66,104,7982,19788
AGCATTACGAGGCAAG-1,1,67,105,7843,20029
AAGTTGTGATGTTATA-1,1,66,106,7705,19788
TTGCTCATAGTACGTG-1,1,67,107,7566,20029
TACTTAAACATGTACA-1,1,66,108,7428,19787
AGTGAGTCGAATTAAC-1,1,67,109,7289,20028
TAGGCCTATATAGTCT-1,1,66,110,7151,19787
ACTCGCCGTTCGATAA-1,1,67,111,7011,20028
GGTACGTTGCGGCCGG-1,1,66,112,6873,19786
TATTGCCGGGCTTGTA-1,1,67,113,6734,20027
GGTAAACTCTGCGCTG-1,1,66,114,6596,19785
TCCCTTGTCTGAAACT-1,1,67,115,6457,20026
CATGATCGCTTTGAGA-1,1,66,116,6319,19785
GGACGGGCGACCAACC-1,1,67,117,6180,20026
GAGAGGCCTATGTGTA-1,1,66,118,6041,19784
TCGTAACTCCCAAGAC-1,1,67,119,5902,20025
CGTATCTAGAACTAAG-1,1,66,120,5764,19784
GCACCTTCCCGAAGGT-1,1,67,121,5625,20025
TACCTCTTTACCATCC-1,1,66,122,5487,19783
TGACTCTAACTGGTAA-1,1,67,123,5348,20024
GAGAAACTGGATCCCA-1,1,66,124,5209,19783
ATCCGGACCAGCCTGA-1,1,67,125,5070,20024
TTATTTAGGTTCCTTA-1,1,66,126,4932,19782
CGAATTCCCGGTTCAA-1,0,67,127,4793,20023
TAGTTTGATCGGTCGC-1,1,68,0,22401,20301
AGTCGAAACGATTCAG-1,1,69,1,22261,20541
ACGTCGGGCAACTCGG-1,1,68,2,22123,20300
ACTTGCTCTATCTACC-1,1,69,3,21984,20541
ATTACGGGCTACGGTT-1,1,68,4,21846,20299
GCAAACGTAAGCGACC-1,1,69,5,21707,20540
TTCGGACTGGGCATGG-1,1,68,6,21569,20299
GGGCCATTCGTGCTGG-1,1,69,7,21430,20540
GAGTTGTCACCAGTCT-1,1,68,8,21291,20298
AGTAATTTGCAAGCGT-1,1,69,9,21152,20539
GTGGCCGGTTTCTCGG-1,1,68,10,21014,20298
ATCTTAGGGCATTAAT-1,1,69,11,20875,20539
CTACATATCGCGGGAC-1,1,68,12,20737,20297
ATGGTATTTACTGATT-1,1,69,13,20598,20538
CCGTCAACCTCTGGCG-1,1,68,14,20460,20297
GCTTCGACGTTCAATC-1,1,69,15,20320,20537
GACCGATTAAATATGT-1,1,68,16,20182,20296
GTCGAATTTGGGCGCT-1,1,69,17,20043,20537
TCACGGCCCAAGAGAG-1,1,68,18,19905,20295
CTACGATCCTATCCTA-1,1,69,19,19766,20536
TGCAGTGGTAGGGAAC-1,1,68,20,19628,20295
TTGCCTAATCCAAAGT-1,1,69,21,19489,20536
AGCGAGACGTGAAGGC-1,1,68,22,19350,20294
TTCTACCTCAATCGGT-1,1,69,23,19211,20535
TACGCTGCTGTGTTAA-1,1,68,24,19073,20294
TAGTCCTGCACTAAGC-1,1,69,25,18934,20535
AGCACACGTTTAGACT-1,1,68,26,18796,20293
GTTCGACAATTGTATA-1,1,69,27,18657,20534
CCATGTTCATCTATAT-1,1,68,28,18519,20293
CCCTCGATAATACACA-1,1,69,29,18379,20533
ACTGCCCGCCATTCTC-1,1,68,30,18241,20292
CTATATCCAGCCTGGC-1,1,69,31,18102,20533
CGCACGTCTGTTTATG-1,1,68,32,17964,20291
AATCAGGTTTCATTTA-1,1,69,33,17825,20532
AGAGAAACACCAGAAA-1,1,68,34,17687,20291
ACCCGATTGGTTCCGA-1,1,69,35,17547,20532
TACCAGGAATCCCGTC-1,1,68,36,17409,20290
AAGTGCTTCTCTATTG-1,1,69,37,17270,20531
TGCATGTGACCCATAG-1,1,68,38,17132,20290
TAGATTCAAAGTGCGG-1,1,69,39,16993,20531
AGGGTCAGAGCACTCG-1,1,68,40,16855,20289
GTGAGATAACCTTATA-1,1,69,41,16716,20530
GTGTCAGTGTACGTGG-1,1,68,42,16577,20289
CTGTAGTGAGGATCGA-1,1,69,43,16438,20529
GATAGTGCGAGTAAGT-1,1,68,44,16300,20288
AGGGTTCAGACGGTCC-1,1,69,45,16161,20529
GGACTCGACAGCGCAT-1,1,68,46,16023,20287
CACTCTCAAGCATCGA-1,1,69,47,15884,20528
GAGCGGAATGCGGTGT-1,1,68,48,15746,20287
CAGTTCGAGGACCCGA-1,1,69,49,15606,20528
CGTAACTTCGACACTT-1,1,68,50,15468,20286
TGATCACCACACTGAC-1,1,69,51,15329,20527
CATACTTCTTTCTCCG-1,1,68,52,15191,20286
CAAGTAAGTGATAGAC-1,1,69,53,15052,20527
AGCCCGCAACAAGCAG-1,1,68,54,14914,20285
GCTCCATGCAAAGCAA-1,1,69,55,14775,20526
TCGTACCGACGTCAAG-1,1,68,56,14636,20285
ATTATCGGAATGTACG-1,1,69,57,14497,20525
ACCTACTATAAATCTA-1,1,68,58,14359,20284
TATCCTATCAACTGGT-1,1,69,59,14220,20525
GCGCGGTCTAGTAACT-1,1,68,60,14082,20283
CCTTCGTATAGAATCC-1,1,69,61,13943,20524
TGGGCGATACAATAAG-1,1,68,62,13805,20283
TGACATGTAACGTGAC-1,1,69,63,13665,20524
TTGGGAAGACGAGCCG-1,1,68,64,13527,20282
GGTGTAAATCGATTGT-1,1,69,65,13388,20523
GAACTGTGGAGAGACA-1,1,68,66,13250,20282
TCCACATCGTATATTG-1,1,69,67,13111,20523
CCTATGGTCAAAGCTG-1,1,68,68,12973,20281
TCCTTGTCCTTTAATT-1,1,69,69,12834,20522
AAGTTTATGGGCCCAA-1,1,68,70,12695,20281
GTCCGGGTTCACATTA-1,1,69,71,12556,20521
ATGTAGCGCGCGTAGG-1,1,68,72,12418,20280
TACGGAAGCCAAACCA-1,1,69,73,12279,20521
GCCCTGAGGATGGGCT-1,1,68,74,12141,20279
CGGGCGATGGATCACG-1,1,69,75,12002,20520
TGCGGACTTGACTCCG-1,1,68,76,11864,20279
TAATACTAGAACAGAC-1,1,69,77,11724,20520
TCAAATTGTTGTGCCG-1,1,68,78,11586,20278
GGGCAGTCAACGCCAA-1,1,69,79,11447,20519
TCGCTGCCAATGCTGT-1,1,68,80,11309,20278
TACGTGGGCCCAGGGC-1,1,69,81,11170,20519
GCCTACGTTCTGTGCA-1,1,68,82,11032,20277
TTGCGTGTGTAGGCAT-1,1,69,83,10892,20518
TCCTAAAGATTCAGAC-1,1,68,84,10754,20277
TGGGTGCACAAGCCAT-1,1,69,85,10615,20517
GGGAGCGACCGTAGTG-1,1,68,86,10477,20276
CATAGAGGAGATACTA-1,1,69,87,10338,20517
CTTCGATTGCGCAAGC-1,1,68,88,10200,20275
GTGCCTGAGACCAAAC-1,1,69,89,10061,20516
TCATCCTCAGCTGCTT-1,1,68,90,9922,20275
TGCAACTACTGGTTGA-1,1,69,91,9783,20516
ATGTTGATTAGAGACT-1,1,68,92,9645,20274
GTTTCTAGAGGCGCGG-1,1,69,93,9506,20515
TACAAGGGCTTCTTTA-1,1,68,94,9368,20274
ACAGGCACGGATCCTT-1,1,69,95,9229,20515
CCCAAGTCATTACACT-1,1,68,96,9091,20273
ACTCTGACCTAATAGA-1,1,69,97,8951,20514
GGATGGCTTGAAGTAT-1,1,68,98,8813,20273
ACCCTCCCGTCAGGGC-1,1,69,99,8674,20514
AGCTTCTTCTCGAGCA-1,1,68,100,8536,20272
TTGCGCTTGATCAATA-1,1,69,101,8397,20513
TGGGTGTAATAGATTT-1,1,68,102,8259,20271
CATGGTTTATTAATCA-1,1,69,103,8120,20512
TTGCCTTCTCGCCGGG-1,1,68,104,7981,20271
TTAAAGTAAGTCGCCA-1,1,69,105,7842,20512
AGTTGGCAAGGCTAGA-1,1,68,106,7704,20270
CCGCACTTGCAATGAC-1,1,69,107,7565,20511
AATGTTGTCGTGAGAC-1,1,68,108,7427,20270
CCAAGGTTGCCCTTTC-1,1,69,109,7288,20511
TGTGACTAGAGTTTGC-1,1,68,110,7150,20269
TTGTGATCTGTTCAGT-1,1,69,111,7010,20510
GGAGTTGATTCTGTGT-1,1,68,112,6872,20269
GTAGTGAGCAACCTCA-1,1,69,113,6733,20510
AAGACATACGTGGTTT-1,1,68,114,6595,20268
CATCCCGAGATTCATA-1,1,69,115,6456,20509
GGCCGCAGGAACCGCA-1,1,68,116,6318,20267
CCAGAAACTGATGCGA-1,1,69,117,6179,20508
ACCCGTAGTCTAGTTG-1,1,68,118,6040,20267
AGGGTCTGGACGCAGT-1,1,69,119,5901,20508
TTGAAACCCTCATTCC-1,1,68,120,5763,20266
TCAATCCCGCGCCAAA-1,1,69,121,5624,20507
AGGACATCGGCACACT-1,1,68,122,5486,20266
GACAAGACGCCCGTGC-1,1,69,123,5347,20507
GAGTAAATTAAGAACC-1,1,68,124,5208,20265
TAAGTCGGTGAGCTAG-1,1,69,125,5069,20506
CTTACTGACTCCTCTG-1,0,68,126,4931,20265
TTAACTGATCGTTTGG-1,0,69,127,4792,20506
GGGCGATCCATAGGCC-1,1,70,0,22400,20783
CGTATTGTTTGGCGCC-1,1,71,1,22260,21024
CGCGTGGGCCTGTGTT-1,1,70,2,22122,20782
AAATCTGCCCGCGTCC-1,1,71,3,21983,21023
GCTGAAGGGTTCTTGG-1,1,70,4,21845,20782
TAATTGCGCTGATTAC-1,1,71,5,21706,21023
TCGCGCGTTTACATGA-1,1,70,6,21568,20781
TAACTGAAATACGCCT-1,1,71,7,21429,21022
CCTGTCGTGTATGAAG-1,1,70,8,21290,20781
CGGGAACGCCCTGCAT-1,1,71,9,21151,21022
AGTTGCGGTCCTCAAC-1,1,70,10,21013,20780
GGGTCCTTGGAAGAAG-1,1,71,11,20874,21021
CGGGAAGTACCGTGGC-1,1,70,12,20736,20780
ACGGTCACCGAGAACA-1,1,71,13,20597,21021
TAGACTCAGTTGGCCT-1,1,70,14,20459,20779
CCTTCCGCAACGCTGC-1,1,71,15,20319,21020
CAGTGTTAATCTCTCA-1,1,70,16,20181,20778
CAGGCCAGTACCACCT-1,1,71,17,20042,21019
GATCGCTGTGGTGCGT-1,1,70,18,19904,20778
GTATCTCGGGCGCTTT-1,1,71,19,19765,21019
CCGGGCTAAGAATTTC-1,1,70,20,19627,20777
CTTCACGCCCTGGTAC-1,1,71,21,19488,21018
CGGATGAATGCTGTGA-1,1,70,22,19349,20777
CTCTGCAGGCATTCTT-1,1,71,23,19210,21018
TCAAAGTCACGGCGTC-1,1,70,24,19072,20776
TGGGTTTCGGGCGTAC-1,1,71,25,18933,21017
TGCTATGGCAAAGGGA-1,1,70,26,18795,20776
TTCACGGTCGTCACGT-1,1,71,27,18656,21017
CGTAAAGCAAGAAATC-1,1,70,28,18518,20775
CTGATCCCTTTATGCA-1,1,71,29,18378,21016
GAGTATACCCTAATCA-1,1,70,30,18240,20774
CCACGGCAGGTGTAGG-1,1,71,31,18101,21015
ACGTACTTTGGCACGG-1,1,70,32,17963,20774
CCTGAGAATAAATGCA-1,1,71,33,17824,21015
TTGATGCCGCTCGTCG-1,1,70,34,17686,20773
GCCAGGAAAGAACACT-1,1,71,35,17547,21014
TCCGACCGCTAATCAA-1,1,70,36,17408,20773
TATATCAAAGTGATCT-1,1,71,37,17269,21014
CCTCGGTTTCCTTGCC-1,1,70,38,17131,20772
TAAATTTAGTAACACC-1,1,71,39,16992,21013
CTCGTTACGGCTACCA-1,1,70,40,16854,20772
GCCGTCGGTTTCGGGC-1,1,71,41,16715,21013
GTTCCGTCCGCCTGCA-1,1,70,42,16576,20771
CTAGGGATAGGGACAA-1,1,71,43,16437,21012
GTCCAGGCACGTGTGC-1,1,70,44,16299,20770
GAGGAATATCTCTTTG-1,1,71,45,16160,21011
CGTTCAAGGAAACGGA-1,1,70,46,16022,20770
GTGGGAACAAACCGGG-1,1,71,47,15883,21011
GGGCACGTAGTACTGT-1,1,70,48,15745,20769
ACTACAAAGAGAGGTG-1,1,71,49,15605,21010
GGTGTAGGTAAGTAAA-1,1,70,50,15467,20769
CCTGTTCAACCTCGGG-1,1,71,51,15328,21010
TGAGGTGTGTGGCGGA-1,1,70,52,15190,20768
ATTGTCTGTTTCATGT-1,1,71,53,15051,21009
GCCGGTCGTATCTCTC-1,1,70,54,14913,20768
ATATGGGATAGCAACT-1,1,71,55,14774,21009
GATAGAACCCGCTAGG-1,1,70,56,14635,20767
ATCCCATTTCCGTGGG-1,1,71,57,14496,21008
GATGCTACCTTCGATG-1,1,70,58,14358,20766
TGCAAAGTTCGTCTGT-1,1,71,59,14219,21007
GTTCAGTCGCCAAATG-1,1,70,60,14081,20766
GTCTCCGCCTCAATAC-1,1,71,61,13942,21007
AGTAGAAGGCGCCTCA-1,1,70,62,13804,20765
GTTGTAGATTTATGAG-1,1,71,63,13664,21006
CTATTTGCTTGGAGGA-1,1,70,64,13526,20765
AGCCATATAGTATGTG-1,1,71,65,13387,21006
TGTTCCGGCCTGAGCT-1,1,70,66,13249,20764
TGCCGTGGGACCCAAT-1,1,71,67,13110,21005
TTGCAAGAAGACTCCT-1,1,70,68,12972,20764
CCGCTCCAGGGCGATC-1,1,71,69,12833,21005
CAAACCCTCCGGCGGG-1,1,70,70,12694,20763
CGGACCTTTACGTCCC-1,1,71,71,12555,21004
ACGTAGGAGAGTCGCT-1,1,70,72,12417,20762
CTGCGACCTCGCCGAA-1,1,71,73,12278,21003
GGCCCAGCTGGTTTGC-1,1,70,74,12140,20762
GGATTAATCATGGACC-1,1,71,75,12001,21003
GAGATGGCTTTAATCA-1,1,70,76,11863,20761
AGTACAGAAGCTTATA-1,1,71,77,11723,21002
GCGGCTTTAGCAAGTT-1,1,70,78,11585,20761
ACCGAGTCTCCTTATT-1,1,71,79,11446,21002
GACCACACTTCCCTTT-1,1,70,80,11308,20760
TGTAGCCAATTCCGTT-1,1,71,81,11169,21001
CTCGTCTGTGCCTTCG-1,1,70,82,11031,20760
GGACTCTTTGACTAAG-1,1,71,83,10891,21001
TCATCGACGACCGTCG-1,1,70,84,10753,20759
TACTACGTGCAATGCG-1,1,71,85,10614,21000
CCCTACTTGAACAATG-1,1,70,86,10476,20758
GCAGCTGTCAACGCAT-1,1,71,87,10337,20999
ATCTACCATCTGCTCC-1,1,70,88,10199,20758
TCTCAAATCAATCGGG-1,1,71,89,10060,20999
ACTCCGGCCGACCACT-1,1,70,90,9921,20757
TACACCTCTTCGAATC-1,1,71,91,9782,20998
GTGGCTGTTTCTGTTC-1,1,70,92,9644,20757
ACGACTCTAGGGCCGA-1,1,71,93,9505,20998
TCGTTTACGCGACCCT-1,1,70,94,9367,20756
AGGATATCCGACTGCA-1,1,71,95,9228,20997
GACACTTCCAATTACC-1,1,70,96,9090,20756
ACGGTACAGTTCAATG-1,1,71,97,8950,20997
CTTGATGACCATCCAG-1,1,70,98,8812,20755
CTGGTAAAGACTTACA-1,1,71,99,8673,20996
CTTGCCCACCCACGCA-1,1,70,100,8535,20754
CATTACGCAGGAAGGG-1,1,71,101,8396,20995
GGACAACCATGAAGCC-1,1,70,102,8258,20754
GTTATCAAGCTATCGA-1,1,71,103,8119,20995
AGGTGCACGTCCACAT-1,1,70,104,7980,20753
AAAGAATGTGGACTAA-1,1,71,105,7841,20994
ACCAAGTCATCGGCAG-1,1,70,106,7703,20753
AGTAACTATAGCAGCC-1,1,71,107,7564,20994
GGGAAAGAATGCCAAC-1,1,70,108,7426,20752
AATCGGTATAGCCCTC-1,1,71,109,7287,20993
GGCACTGCGGTGGTTT-1,1,70,110,7149,20752
CGTCCTCATCGCGTGC-1,1,71,111,7009,20993
CTTAACTTACAGTATA-1,1,70,112,6871,20751
GTGAGTCGACTAATAG-1,1,71,113,6732,20992
TGTACTTCCGGGCATG-1,1,70,114,6594,20750
CACAAACCGCAGAACT-1,1,71,115,6455,20991
GCTTTACACAACTGGG-1,1,70,116,6317,20750
CACCGATGATGGGTAC-1,1,71,117,6178,20991
TCAATATACAGGAGGC-1,1,70,118,6039,20749
AACGACCTCCTAGCCG-1,1,71,119,5900,20990
GTTACCAAGGCGTACG-1,1,70,120,5762,20749
TAGCTCACTGTGTTTG-1,1,71,121,5623,20990
TCGGCAGGGTTAAGGG-1,1,70,122,5485,20748
TGTTAACAAAGTGACT-1,1,71,123,5346,20989
CAGAGCGATGGATGCT-1,1,70,124,5208,20748
CATAGTGGGCACGCCT-1,0,71,125,5068,20989
AAACGCTGGGCACGAC-1,0,70,126,4930,20747
TGTTCTCATACTATAG-1,0,71,127,4791,20988
TCCGCTGGGTCGATCG-1,1,72,0,22399,21266
TTAGCATCCCTCACGT-1,1,73,1,22259,21506
AGCCTTGTCACTGATA-1,1,72,2,22121,21265
GTTTCTTGTTAGAGCT-1,1,73,3,21982,21506
TCGGAGTCCTGGTTGC-1,1,72,4,21844,21264
ACGGGTTGTGACCTGT-1,1,73,5,21705,21505
TGACAGAAATCTTGCT-1,1,72,6,21567,21264
TAGCCATGATTGCCTA-1,1,73,7,21428,21505
CGAAGCCACAGCATGG-1,1,72,8,21289,21263
ACCCGTAGCAGAGAAT-1,1,73,9,21150,21504
AGCTTGATCAGGGTAG-1,1,72,10,21012,21263
CTATAAGTAGGGTTTG-1,1,73,11,20873,21504
TATAGTTAGGTGTACT-1,1,72,12,20735,21262
TACGCTGATAGTTGTA-1,1,73,13,20596,21503
TTCTCAATTGCTACAA-1,1,72,14,20458,21262
GTTGCCCTAACGGGTG-1,1,73,15,20318,21502
GACATTTCGCCCAGCC-1,1,72,16,20180,21261
GTAACTACGTAGACCT-1,1,73,17,20041,21502
CCAGTGTACAGACCGA-1,1,72,18,19903,21260
GCCCGATGCCCAGTTC-1,1,73,19,19764,21501
CGAACCTCTTTCCTAG-1,1,72,20,19626,21260
CATGCACATGAGAGGC-1,1,73,21,19487,21501
CCAAATCAAAGGGCAA-1,1,72,22,19348,21259
GTAGTTTAAGCACACG-1,1,73,23,19209,21500
TAAGTGAATAGTCTAC-1,1,72,24,19071,21259
GGTCCACGTCTATTTG-1,1,73,25,18932,21500
CCCTCAGATCGAGAAC-1,1,72,26,18794,21258
ACATTCGCGCGGAATA-1,1,73,27,18655,21499
CTATGAACACCTTGCC-1,1,72,28,18517,21258
CGAATGGTAGGTCGTC-1,1,73,29,18377,21498
TCGACATAGCGTAGCG-1,1,72,30,18239,21257
GACGTTGCTCGGCGGC-1,1,73,31,18100,21498
CTCGAGGCAAGTTTCA-1,1,72,32,17962,21256
GCTGGGAGCGCGTCAA-1,1,73,33,17823,21497
GACGATATCACTGGGT-1,1,72,34,17685,21256
CAGCTCTGGGCTCACT-1,1,73,35,17546,21497
TAGTCTGCGGCACATT-1,1,72,36,17407,21255
TGGTCGATATACCTCT-1,1,73,37,17268,21496
TTCAGTTCAAGAGGAG-1,1,72,38,17130,21255
GTCTGTAGGTTGAACA-1,1,73,39,16991,21496
GAGAGTCTCGGGAGAG-1,1,72,40,16853,21254
TTGTTTGTATTACACG-1,1,73,41,16714,21495
GCACAGCACGGGCCGA-1,1,72,42,16575,21254
AAACAGTGTTCCTGGG-1,1,73,43,16436,21494
TGGAGAATAATCGTCC-1,1,72,44,16298,21253
CGCCGCGTTCTGAACG-1,1,73,45,16159,21494
CATGCGTTGAGAGGAG-1,1,72,46,16021,21252
TACGCTCCTAGAACTG-1,1,73,47,15882,21493
CCTTGTGAACGTGGTT-1,1,72,48,15744,21252
TTAAAGGCGATGCTCG-1,1,73,49,15604,21493
TAAAGTGCACGTCTCG-1,1,72,50,15466,21251
TGTCCGCAAACAATTC-1,1,73,51,15327,21492
AGGCCTATCATACCAA-1,1,72,52,15189,21251
ACTGGGATGCCAGTGC-1,1,73,53,15050,21492
CGATCCACCATTGTTG-1,1,72,54,14912,21250
GGGCATGCATGTCGAG-1,1,73,55,14773,21491
TCCAGGCAGGACGATC-1,1,72,56,14634,21250
CAATGACCCTTAATTT-1,1,73,57,14495,21490
ATCAAGATCCCAGGAC-1,1,72,58,14357,21249
CTCAGAGCTAATGTCG-1,1,73,59,14218,21490
CTGCGATTTCGAGATT-1,1,72,60,14080,21248
ATGGTATTGGGAACCG-1,1,73,61,13941,21489
TAGGTTCTGCTGAGAA-1,1,72,62,13803,21248
GCCTGTCCCGGTGCAT-1,1,73,63,13663,21489
GGCCTGCTCTGATGTT-1,1,72,64,13525,21247
TAGAGGGAGTTTATCT-1,1,73,65,13386,21488
CTCTACATCCTGCGTG-1,1,72,66,13248,21247
ACACATTTCCGTAGAC-1,1,73,67,13109,21488
TGGGTGTTAAGTAGAA-1,1,72,68,12971,21246
GAGCTCAACATGAGCG-1,1,73,69,12832,21487
GCACACAGCTATTACC-1,1,72,70,12693,21246
GCGACGGTAGTCTCCT-1,1,73,71,12554,21486
GTATCAAGGTACTTCC-1,1,72,72,12416,21245
GGAAAGGGAATTGAGC-1,1,73,73,12277,21486
TACACAGCCGTGGTGC-1,1,72,74,12139,21244
CGGTTGGGCAGGGTCC-1,1,73,75,12000,21485
GCACGCCGATTCCCGC-1,1,72,76,11862,21244
CGCTTTCCGCCAAGGT-1,1,73,77,11722,21485
TGCCCGATAGTTAGAA-1,1,72,78,11584,21243
TCAGAACGGCGGTAAT-1,1,73,79,11445,21484
CCACTCAGATCCGCAA-1,1,72,80,11307,21243
GAAGGGTCATTAAGAC-1,1,73,81,11168,21484
GCGGTCTTGCTTTCAC-1,1,72,82,11030,21242
GGAAGGACACCGTATA-1,1,73,83,10891,21483
CGCGGGAATTCCTTTC-1,1,72,84,10752,21242
TCTATCCGATTGCACA-1,1,73,85,10613,21482
TACTCGTTTGAATCAA-1,1,72,86,10475,21241
GTCTGCCGACTCGACG-1,1,73,87,10336,21482
TACGGGTAATAACATA-1,1,72,88,10198,21240
CCAGTTCGGTAACTCA-1,1,73,89,10059,21481
CGTGCACACCACTGTA-1,1,72,90,9920,21240
CTTCAGTTGGACAACG-1,1,73,91,9781,21481
TGATCTATCACACTCT-1,1,72,92,9643,21239
TAGCAGATACTTAGGG-1,1,73,93,9504,21480
CACCGGGCATCACAAG-1,1,72,94,9366,21239
AGTGGCCCGCAAATGG-1,1,73,95,9227,21480
CTCGCTAGGTAAGCGA-1,1,72,96,9089,21238
GATAGATAGTACAGTC-1,1,73,97,8949,21479
CGAGACTACTGCTGCT-1,1,72,98,8811,21238
ACATTTGAAACCTAAC-1,1,73,99,8672,21478
GACACAGCCGGGACTG-1,1,72,100,8534,21237
ACGGAACACGAGTGCC-1,1,73,101,8395,21478
ACGCCAGTGCGTTTGC-1,1,72,102,8257,21236
GCACCTAGGCGAGTCC-1,1,73,103,8118,21477
TCACTATCCCTTCGGT-1,1,72,104,7979,21236
TGAGTGTAACAACGGG-1,1,73,105,7840,21477
ATTGGTTGTGCATTAC-1,1,72,106,7702,21235
CTGGCGATTTACATGT-1,1,73,107,7563,21476
TCCACCAAGACATAGG-1,1,72,108,7425,21235
AACGTCGCTGCACTTC-1,1,73,109,7286,21476
GTCTCCCGAGTCCCGT-1,1,72,110,7148,21234
AGCCCGCACTACAATG-1,1,73,111,7008,21475
GGCACGCTGCTACAGT-1,1,72,112,6870,21234
GCTTGAGTGACCTCTG-1,1,73,113,6731,21474
ATAGCCATAACAGTCA-1,1,72,114,6593,21233
TAGGAGGCTCGAGAAC-1,1,73,115,6454,21474
GTCGGGTGAAGTACCG-1,1,72,116,6316,21232
CACCCGCGTTTGACAC-1,1,73,117,6177,21473
TCTCAGGCTACTCGCT-1,1,72,118,6038,21232
TAGATTCTCTAGCAAA-1,1,73,119,5899,21473
CCCATTATTGTATCCT-1,1,72,120,5761,21231
GTTAATAGCGTCATTA-1,1,73,121,5622,21472
TACTCATTGACGCATC-1,1,72,122,5484,21231
TAGTGACAAGCTCTAC-1,0,73,123,5345,21472
ATCGCCGTGGTTCATG-1,0,72,124,5207,21230
CTGCTCTCAACACACC-1,0,73,125,5067,21471
GCATGACACAAAGGAA-1,0,72,126,4929,21230
CAACGATCGATCCAAT-1,0,73,127,4790,21470
ATACAGCGTCCACTGA-1,1,74,0,22398,21748
TCACGATTAATACGTT-1,1,75,1,22258,21989
CGTGAACTGACCCGAT-1,1,74,2,22120,21747
TCGATGTTACGGCCGT-1,1,75,3,21981,21988
GACCGGTGATACTCTC-1,1,74,4,21843,21747
TCTGTTTAGATTGTTC-1,1,75,5,21704,21988
GCTACTCGGACGCAGA-1,1,74,6,21566,21746
AAGAAAGTTTGATGGG-1,1,75,7,21427,21987
CGCCAGTAGTACCTTG-1,1,74,8,21288,21746
CTCCCTTGTATCAAGG-1,1,75,9,21149,21987
ACTTTATACACCACTT-1,1,74,10,21011,21745
AGATCTGGAGAGGATA-1,1,75,11,20872,21986
TCATCCATCTGATCAC-1,1,74,12,20734,21745
AGAACACGGCGATGGT-1,1,75,13,20595,21986
CCGCTCCGGATAAGCT-1,1,74,14,20457,21744
TGGTCGGGTACAGGGC-1,1,75,15,20317,21985
ACGGACGCAGCGACAA-1,1,74,16,20179,21743
ACATGCTTACGGCAGC-1,1,75,17,20040,21984
CAGGGAGATAGGCCAG-1,1,74,18,19902,21743
TCGCCACCCGGATTAC-1,1,75,19,19763,21984
TCTTGGTCAATGATAC-1,1,74,20,19625,21742
CATAGGGACACTTGTG-1,1,75,21,19486,21983
CACGAGCAAACCAGAC-1,1,74,22,19347,21742
GGGATATTGATCGCCA-1,1,75,23,19208,21983
TAATGTCGGTTCATGG-1,1,74,24,19070,21741
CGATTTGTCATTAATG-1,1,75,25,18931,21982
TTAAGATACCCAGAGA-1,1,74,26,18793,21741
CGACCGTTGGTATTCG-1,1,75,27,18654,21982
ACTACCATCCGAGGGC-1,1,74,28,18516,21740
TCTACGCACGATCTCC-1,1,75,29,18376,21981
AAGCCACTTGCAGGTA-1,1,74,30,18238,21739
ACGTTGTCGTTGAAAG-1,1,75,31,18099,21980
ACCGCTAGTCATTGGT-1,1,74,32,17961,21739
CATGAGTCCATCACGG-1,1,75,33,17822,21980
ATGTCTTGTTTGACTC-1,1,74,34,17684,21738
TCCCAAACATCCTCTA-1,1,75,35,17545,21979
CAACGCGATGAGCCAA-1,1,74,36,17406,21738
GACACCCAAAGACGCG-1,1,75,37,17267,21979
ACGTTCACTATGCCGC-1,1,74,38,17129,21737
ATGGACTGCTTAGTTG-1,1,75,39,16990,21978
CCATGGCAAACGCTCA-1,1,74,40,16852,21737
TTGTCTCGGCAAGATG-1,1,75,41,16713,21978
TTCGAACGAAACATGC-1,1,74,42,16574,21736
GGAAAGTCTTGATTGT-1,1,75,43,16435,21977
ATCATAGATCGACGAG-1,1,74,44,16297,21735
GATTAGAAACAAGCGT-1,1,75,45,16158,21976
GCTGCGAAGAATTATT-1,1,74,46,16020,21735
TTCCAGTGGGTTTCGT-1,1,75,47,15881,21976
GCTCATTGATCATATC-1,1,74,48,15743,21734
ATACGAGGTTTGTAAG-1,1,75,49,15603,21975
GTCTATACACGCATGG-1,1,74,50,15465,21734
GATTTGCGCTAACACC-1,1,75,51,15326,21975
TGGTGCCCTGCCTTAC-1,1,74,52,15188,21733
TCGAATCGCAGGGTAG-1,1,75,53,15049,21974
GGTAGGCCAATATCAC-1,1,74,54,14911,21733
CGTAAATAACAAAGGG-1,1,75,55,14772,21974
GACTCTAGAGTTCCAA-1,1,74,56,14633,21732
ACTTGTTACCGGATCA-1,1,75,57,14494,21973
GGCATTGAACATCTCA-1,1,74,58,14356,21731
AACCCGCTGTATTCCA-1,1,75,59,14217,21972
TAACAGGTTCCCTTAG-1,1,74,60,14079,21731
GTTCTTGTAACTCAAT-1,1,75,61,13940,21972
GATTCTGTTAATGAGT-1,1,74,62,13802,21730
GGACACCTCGGTGTTG-1,1,75,63,13662,21971
CGATCGAGAAGCACCA-1,1,74,64,13524,21730
CTGCTCTGACGGCAAA-1,1,75,65,13385,21971
CCCAGGAAGAATTCGA-1,1,74,66,13247,21729
TGTCGTGGGTATAGGC-1,1,75,67,13108,21970
ATATGTCTAGAGCGTG-1,1,74,68,12970,21729
GCGGGCAGACGGGTGA-1,1,75,69,12831,21970
CGAAGATCAGTTTCAT-1,1,74,70,12692,21728
ACGCCACTCGAAACAG-1,1,75,71,12553,21969
CTTAGATGTTTCATCC-1,1,74,72,12415,21727
GCGAATGGACTAGCGA-1,1,75,73,12276,21968
TAAATTGTGGGTAAAG-1,1,74,74,12138,21727
ATTTATACTGGTAAAG-1,1,75,75,11999,21968
GCGTCGTAACATGGTC-1,1,74,76,11861,21726
CGGTATGGGCACTCTG-1,1,75,77,11721,21967
CTATCACAACGCTGGA-1,1,74,78,11583,21726
ACCACACGGTTGATGG-1,1,75,79,11444,21967
TCAGCGCACGCCGTTT-1,1,74,80,11306,21725
AATGTTAAGACCCTGA-1,1,75,81,11167,21966
CTTACATAGATTTCTT-1,1,74,82,11029,21725
AACATAGCGTGTATCG-1,1,75,83,10890,21966
AGCAGTCGAAGCATGC-1,1,74,84,10751,21724
GTACTACGGCCTCGTT-1,1,75,85,10612,21965
TTGGCCAAATTGTATC-1,1,74,86,10474,21723
TCAGAGGACGCGTTAG-1,1,75,87,10335,21964
AGTAATCTAAGGGTGG-1,1,74,88,10197,21723
AATTATACCCAGCAAG-1,1,75,89,10058,21964
CCCTACCCACACCCAG-1,1,74,90,9919,21722
CTCTGTCCATGCACCA-1,1,75,91,9780,21963
TCGCCTCCTTCGGCTC-1,1,74,92,9642,21722
CCTGATTCGCGAAGAA-1,1,75,93,9503,21963
GACTTCAACGCATCAA-1,1,74,94,9365,21721
GCTTCCCGTAAGCTCC-1,1,75,95,9226,21962
AGAACTGTACTTTGTA-1,1,74,96,9088,21721
CCTTAAGTACGCAATT-1,1,75,97,8948,21962
GGCCAATTGTATAGAC-1,1,74,98,8810,21720
AGAATACAGGCTATCC-1,1,75,99,8671,21961
AATACCTGATGTGAAC-1,1,74,100,8533,21719
TAGAGTGTTCCGGGTA-1,1,75,101,8394,21960
GCTTCCATGTAACCGC-1,1,74,102,8256,21719
GGTTCGCATTTGCCGT-1,1,75,103,8117,21960
TCAATCCGGGAAGTTT-1,1,74,104,7978,21718
CCGGAAGTGCAATATG-1,1,75,105,7839,21959
CTCATAAATGTGTATA-1,1,74,106,7701,21718
GACGGGCATCGAATTT-1,1,75,107,7562,21959
GCTAAGCCCAGTATGC-1,1,74,108,7424,21717
GCTATAAGGGCCAGGA-1,1,75,109,7285,21958
GCGGATTACTTGTTCT-1,1,74,110,7147,21717
TACAACAGCGCATACA-1,1,75,111,7007,21958
TCTAACCTAGCCTGCG-1,1,74,112,6869,21716
TCTACCCGCATCATTT-1,1,75,113,6730,21957
GTCTTACCACGCCAAG-1,1,74,114,6592,21715
AATAACGTCGCGCCCA-1,1,75,115,6453,21956
CGTTTCGGTTATATGC-1,1,74,116,6315,21715
TACGCTGCACGGTCGT-1,1,75,117,6176,21956
CGTTAAATACGACCAG-1,1,74,118,6037,21714
TCGACTGACGATGGCT-1,1,75,119,5898,21955
ACGCTACTGAATGGGC-1,0,74,120,5760,21714
AAGGGTTAGCCATGCG-1,1,75,121,5621,21955
ACGTTTCGGTGCACTT-1,0,74,122,5483,21713
TTAACCCGAGGCGTGT-1,1,75,123,5344,21954
GCCCGTCAAGCCCAAT-1,0,74,124,5206,21713
ATTCGTCCCGAGGTTA-1,0,75,125,5066,21954
TCAAATTATGTTCGAC-1,0,74,126,4928,21712
AACGTTCTACCATTGT-1,0,75,127,4789,21953
CTGTCCTGCGCACTAC-1,1,76,0,22397,22230
GCCCAGCGACACAAAG-1,1,77,1,22257,22471
TATAGCTATTATCTCT-1,1,76,2,22119,22230
AAGCTATGGATTGACC-1,1,77,3,21980,22471
CCGAAACACGACCTCT-1,1,76,4,21842,22229
ATCAGAAGCTGGTTGC-1,1,77,5,21703,22470
TGAACCTGAATGTGAG-1,1,76,6,21565,22229
TCAGAGCATGTCAACG-1,1,77,7,21426,22470
ATACCCTCCCGGCCAA-1,1,76,8,21287,22228
GCCACCTTATTCGCGA-1,1,77,9,21148,22469
CAACGAGCTTATTATG-1,1,76,10,21010,22228
GATCCAACCTTTAAAC-1,1,77,11,20871,22469
TTGTGGAGACAGCCGG-1,1,76,12,20733,22227
AGATAATCACACCTAT-1,1,77,13,20594,22468
GGTTAGGGATGCTAAT-1,1,76,14,20456,22226
TCATGAAGCGCTGCAT-1,1,77,15,20316,22467
CCAGGCGAGATGGTCT-1,1,76,16,20178,22226
CGACTTGCCGGGAAAT-1,1,77,17,20039,22467
GTGCCAAACGTTTCGA-1,1,76,18,19901,22225
TGCTCAAAGGATGCAC-1,1,77,19,19762,22466
GCCTCAGGTACCGGTC-1,1,76,20,19624,22225
ACAAGTAATTGTAAGG-1,1,77,21,19485,22466
TTAGAGTATTGTCGAG-1,1,76,22,19346,22224
GTCATCCCAAACTCAC-1,1,77,23,19207,22465
CTCCTAGTAATCGTGA-1,1,76,24,19069,22224
CCCTCATCACAGAGTA-1,1,77,25,18930,22465
GGAAACAGAGCTTGGG-1,1,76,26,18792,22223
ACATCGCAATATTCGG-1,1,77,27,18653,22464
TTAGCCATAGGGCTCG-1,1,76,28,18515,22222
CGGATTCTGCCTTATG-1,1,77,29,18375,22463
TTGTTGGCAATGACTG-1,1,76,30,18237,22222
GGATCTACCGTTCGTC-1,1,77,31,18098,22463
GGTGGGATTAGGTCCC-1,1,76,32,17960,22221
AATAGGCACGACCCTT-1,1,77,33,17821,22462
GAGGTCCGTTCGCTGT-1,1,76,34,17683,22221
TGACAACTTAAAGGTG-1,1,77,35,17544,22462
AGCTAAGCTCCGTCCG-1,1,76,36,17405,22220
CTAGCCCGGGAGACGA-1,1,77,37,17266,22461
CCCAGATTCCCGTGAC-1,1,76,38,17128,22220
GCCCGTTCACACAATT-1,1,77,39,16989,22461
ACAAACTCCATCAGAG-1,1,76,40,16851,22219
GGTTCCGTACGACTAA-1,1,77,41,16712,22460
TTGCGGAAAGCTGCCC-1,1,76,42,16573,22218
GGAACTCGTGAATACG-1,1,77,43,16434,22459
GGTTACCGCTCCCTAC-1,1,76,44,16296,22218
AGCGACTTTGAAGACA-1,1,77,45,16157,22459
CCGTTTCCTTTCCGTG-1,1,76,46,16019,22217
TGGATGGCATCTTGGA-1,1,77,47,15880,22458
CAAGTCGTTGAAATCT-1,1,76,48,15742,22217
TGCAAACGTACTAGTT-1,1,77,49,15602,22458
GGCTGTCCTACTGCGG-1,1,76,50,15464,22216
TACTGCATGATTAAAT-1,1,77,51,15325,22457
CGGACCTCTGTAGTTA-1,1,76,52,15187,22216
CCCTAGCTCTAAGGTC-1,1,77,53,15048,22457
GTAACAGGTTAACGGC-1,1,76,54,14910,22215
CCCGCAAATAATCATC-1,1,77,55,14771,22456
AATCCCGCTCAGAGCC-1,1,76,56,14632,22214
AACGTCATCCGGCTTG-1,1,77,57,14493,22455
CTCGTGGCACTGAAAG-1,1,76,58,14355,22214
CTTTATCCGACGCATG-1,1,77,59,14216,22455
AAATGACTGATCAAAC-1,1,76,60,14078,22213
TTCGTGCATGTTATAG-1,1,77,61,13939,22454
ATCAAAGAGCCGTGGT-1,1,76,62,13801,22213
ATGTCATAATAAACGA-1,1,77,63,13661,22454
CTTAATCGACTTAGTA-1,1,76,64,13523,22212
CTAAAGGATGAGATAC-1,1,77,65,13384,22453
GTGCTATCCAGCTGGA-1,1,76,66,13246,22212
GACAGAGGTCTTCAGT-1,1,77,67,13107,22453
TCGATTTACGAAACGA-1,1,76,68,12969,22211
AGGCTTAAGTTGCACA-1,1,77,69,12830,22452
TAGGATCTTAACCGCA-1,1,76,70,12691,22210
GACTTTCGAGCGGTTC-1,1,77,71,12552,22451
CCCTGGGAGGGATCCT-1,1,76,72,12414,22210
TAGTAGTTGCCGGACA-1,1,77,73,12275,22451
GCCCTAAGTGCAGGAT-1,1,76,74,12137,22209
ACTTGGGCTTTCGCCA-1,1,77,75,11998,22450
CATGATACGGTGAAAC-1,1,76,76,11860,22209
TCCTGCAGCCGCCAAT-1,1,77,77,11720,22450
GTCCGTTAGAGGGCCT-1,1,76,78,11582,22208
GCTTTATTAAGTTACC-1,1,77,79,11443,22449
AATCGAGGTCTCAAGG-1,1,76,80,11305,22208
GTGCTGTTAGAACATA-1,1,77,81,11166,22449
GGCTTCTCGTGGGTGG-1,1,76,82,11028,22207
CCTACAGTTGAGGGAG-1,1,77,83,10889,22448
TATCCCTCGATCTGCA-1,1,76,84,10750,22206
CCGGTATCTGGCGACT-1,1,77,85,10611,22447
CTCTAACACCGGCAGC-1,1,76,86,10473,22206
CTTCATCACCAGGGCT-1,1,77,87,10334,22447
GGCTGGCAATCCCACG-1,1,76,88,10196,22205
CAAACCATAAGCGTAT-1,1,77,89,10057,22446
CATGTGGGCTCATCAC-1,1,76,90,9918,22205
CCCGTGACAGTGCCTT-1,1,77,91,9779,22446
GATTATCTTGCATTAT-1,1,76,92,9641,22204
GAGTCCACCAGGTTTA-1,1,77,93,9502,22445
TGTACTATCGCTCGTT-1,1,76,94,9364,22204
TTAGCGAATAGATAGG-1,1,77,95,9225,22445
ACATACAATCAAGCGG-1,1,76,96,9087,22203
ATTCGTGTACCCATTC-1,1,77,97,8947,22444
GCTAGCAACGCACCTA-1,1,76,98,8809,22202
ACCTCAGCGAGGCGCA-1,1,77,99,8670,22443
TCCGGGCCACTAACGG-1,1,76,100,8532,22202
TCCCAATATCGACGAC-1,1,77,101,8393,22443
GGATTGAAGTAGCCTC-1,1,76,102,8255,22201
GGCGCACAGTTTACCT-1,1,77,103,8116,22442
CCCGGCACGTGTCAGG-1,1,76,104,7977,22201
AGTAAGGGACAGAATC-1,1,77,105,7838,22442
TTGCGCACAACCACGT-1,1,76,106,7700,22200
CCTGCTACAACCATAC-1,1,77,107,7561,22441
CTGGGCTACTGGAGAG-1,1,76,108,7423,22200
AGCTACGAATGGTGGT-1,1,77,109,7284,22441
ATTCGTTTATCGTATT-1,1,76,110,7146,22199
GGCATTCCCTCCCTCG-1,1,77,111,7006,22440
AGTTATTCAGACTGTG-1,1,76,112,6868,22198
CCACTTTCCTTCTAGG-1,1,77,113,6729,22439
CGCAGTTCTATCTTTC-1,1,76,114,6591,22198
AGGAGCGTTTATTATC-1,1,77,115,6452,22439
GACAGGTAATCCGTGT-1,1,76,116,6314,22197
TTCCCAAAGTACTGAT-1,1,77,117,6175,22438
CTGCAGGGTGACGCTC-1,1,76,118,6036,22197
TCATGGAGGCCTTTGT-1,1,77,119,5897,22438
ATGGCCCGAAAGGTTA-1,1,76,120,5759,22196
CGTAATATGGCCCTTG-1,1,77,121,5620,22437
AGAGTCTTAATGAAAG-1,1,76,122,5482,22196
GAACGTTTGTATCCAC-1,1,77,123,5343,22437
ATTGAATTCCCTGTAG-1,1,76,124,5205,22195
TACCTCACCAATTGTA-1,0,77,125,5065,22436
AGTCGAATTAGCGTAA-1,0,76,126,4927,22194
TTGAAGTGCATCTACA-1,0,77,127,4788,22435
