Feature ID,Feature Name,Feature count topic 1to2,Feature log2 fold change topic 1to2,Feature count topic 3to6,Feature log2 fold change topic 3to6,Feature count topic 7,Feature log2 fold change topic 7,Feature count topic 8,Feature log2 fold change topic 8
ENSG00000228794,LINC01128,15,-0.4302,28,1.36369,0,-4.8708,12,-0.7828
ENSG00000188976,NOC2L,28,-0.6994,61,1.46684,8,-2.4282,23,-0.9357
ENSG00000188290,HES4,83,-0.0773,68,-0.6158,183,1.31745,71,-0.3229
ENSG00000187608,ISG15,108,0.23462,71,-0.7669,175,1.04233,93,-0.0559
ENSG00000188157,AGRN,38,0.35595,31,-0.0732,14,-1.2406,40,0.37863
ENSG00000078808,SDF4,72,-0.1053,72,-0.1570,61,-0.3480,116,0.71280
ENSG00000176022,B3GALT6,34,-0.1334,45,0.65526,27,-0.4563,18,-1.1367
ENSG00000160087,UBE2J2,32,-0.3647,50,0.90014,2,-4.3035,42,0.14080
ENSG00000131584,ACAP3,59,-0.8486,125,0.92383,83,-0.2189,60,-0.7230
ENSG00000127054,INTS11,34,-0.6316,53,0.30147,37,-0.4141,67,0.56090
ENSG00000224051,CPTP,30,-0.3631,35,-0.0811,59,0.82239,31,-0.2601
ENSG00000107404,DVL1,66,-0.0266,70,0.11819,58,-0.2215,66,-0.0155
ENSG00000175756,AURKAIP1,164,-0.0642,176,0.10142,122,-0.5394,206,0.31833
ENSG00000221978,CCNL2,30,-0.7060,55,0.73956,27,-0.7661,45,0.03177
ENSG00000242485,MRPL20,174,0.03523,191,0.33859,91,-1.0050,165,-0.0597
ENSG00000235098,ANKRD65,13,-0.3120,17,0.26029,0,-4.7298,30,1.12852
ENSG00000179403,VWA1,33,-0.7486,29,-1.3094,29,-0.8540,192,2.65561
ENSG00000197785,ATAD3A,10,-1.0874,19,0.16252,30,0.83309,20,0.10779
ENSG00000205090,TMEM240,38,-0.1670,53,0.80393,27,-0.6924,18,-1.3224
ENSG00000160075,SSU72,154,0.20723,153,0.29248,113,-0.3366,77,-0.9249
ENSG00000228594,FNDC10,45,0.01364,48,0.25927,47,0.08881,25,-0.8910
ENSG00000272106,AL691432.2,16,-0.8767,35,0.91311,21,-0.3529,20,-0.4851
ENSG00000197530,MIB2,34,-0.4471,51,0.51185,43,0.00771,31,-0.5273
ENSG00000189339,SLC35E2B,26,0.10736,31,0.79745,0,-5.1986,19,-0.4090
ENSG00000215790,SLC35E2A,17,-0.4196,21,-0.0658,40,1.03092,15,-0.6030
ENSG00000008130,NADK,23,-0.4231,32,0.35480,31,0.16193,23,-0.3320
ENSG00000078369,GNB1,410,0.16352,417,0.30755,290,-0.4214,237,-0.7424
ENSG00000187730,GABRD,85,-0.2969,141,1.24760,47,-1.2009,19,-2.5125
ENSG00000067606,PRKCZ,177,-0.2032,253,0.82922,118,-0.8237,96,-1.1387
ENSG00000162585,FAAP20,77,0.59805,51,-0.3182,35,-0.8054,66,0.23584
ENSG00000157933,SKI,36,0.12134,37,0.32327,26,-0.4406,22,-0.6606
ENSG00000157916,RER1,41,-0.6381,64,0.27447,27,-1.2286,103,0.97066
ENSG00000157911,PEX10,30,-0.2892,37,0.15943,31,-0.2212,42,0.29259
ENSG00000149527,PLCH2,19,0.62019,13,-0.2428,0,-4.8160,23,0.79060
ENSG00000197921,HES5,24,0.44486,20,0.12611,11,-0.8507,14,-0.4844
ENSG00000157870,PRXL2B,40,-0.5785,68,0.67144,68,0.34952,22,-1.4641
ENSG00000177133,PRDM16-DT,40,0.98810,17,-0.9727,34,0.47679,20,-0.3852
ENSG00000158109,TPRG1L,97,-0.4342,160,0.93018,92,-0.4519,50,-1.3889
ENSG00000130764,LRRC47,56,-0.3398,70,0.12920,91,0.51102,54,-0.3624
ENSG00000196581,AJAP1,12,-0.9915,37,2.42497,0,-5.4221,1,-3.8092
ENSG00000069424,KCNAB2,190,0.11426,217,0.61907,145,-0.3402,39,-2.3209
ENSG00000116254,CHD5,110,-0.1623,155,0.85313,93,-0.4099,28,-2.2204
ENSG00000116251,RPL22,594,-0.1968,496,-0.7290,1219,1.07288,882,0.49235
ENSG00000116237,ICMT,32,-0.1637,36,0.09024,57,0.84640,14,-1.4203
ENSG00000097021,ACOT7,148,-0.5136,276,1.24520,109,-0.9358,59,-1.8579
ENSG00000215788,TNFRSF25,13,-0.8472,28,0.89563,30,0.57892,3,-3.0108
ENSG00000171680,PLEKHG5,16,-0.4066,27,1.01089,13,-0.6318,7,-1.5568
ENSG00000162408,NOL9,24,-0.1694,35,0.99344,4,-2.6840,18,-0.6400
ENSG00000162413,KLHL21,20,-0.3958,26,0.10441,18,-0.5328,39,0.71459
ENSG00000041988,THAP3,22,0.15766,22,0.30660,5,-2.1604,23,0.24815
ENSG00000007923,DNAJC11,33,-0.0259,42,0.74266,20,-0.8059,14,-1.3842
ENSG00000171735,CAMTA1,187,-0.0016,193,0.08234,238,0.40301,115,-0.7746
ENSG00000049245,VAMP3,21,-1.0396,20,-1.4907,78,1.22249,109,1.90171
ENSG00000049246,PER3,28,0.80991,16,-0.4107,6,-1.8212,25,0.44720
ENSG00000116288,PARK7,335,-0.1625,378,0.10668,313,-0.2510,423,0.24599
ENSG00000116285,ERRFI1,17,0.02212,15,-0.3042,8,-1.1296,32,1.13131
ENSG00000162426,SLC45A1,23,-0.3925,38,1.08970,12,-1.3613,14,-1.0515
ENSG00000142599,RERE,88,-0.0089,89,0.03437,122,0.53810,52,-0.8507
ENSG00000074800,ENO1,550,-0.1529,599,0.01145,556,-0.1134,719,0.31292
ENSG00000171612,SLC25A33,61,0.84882,34,-0.4571,9,-2.2863,56,0.57005
ENSG00000188807,TMEM201,12,-0.1829,16,0.37738,8,-0.7884,14,0.08511
ENSG00000171603,CLSTN1,346,-0.6208,663,1.10994,259,-0.9966,278,-0.8881
ENSG00000178585,CTNNBIP1,39,0.37350,34,0.07758,20,-0.7893,28,-0.2293
ENSG00000162441,LZIC,32,0.02913,28,-0.3355,9,-1.9835,69,1.36664
ENSG00000130939,UBE4B,25,-0.3812,40,0.87111,13,-1.2695,23,-0.4656
ENSG00000054523,KIF1B,183,-0.2085,232,0.39645,139,-0.6235,201,-0.0266
ENSG00000142657,PGD,36,-0.4514,58,0.76309,9,-2.4149,55,0.28989
ENSG00000241563,CORT,49,-2.2682,61,-2.3936,1147,4.33992,49,-2.0984
ENSG00000160049,DFFA,30,-0.0438,29,-0.1121,42,0.54571,25,-0.3226
ENSG00000142655,PEX14,13,-0.8378,26,0.55332,20,-0.1357,23,0.10306
ENSG00000120948,TARDBP,37,-0.9853,70,0.29309,92,0.61134,64,0.01488
ENSG00000116649,SRM,96,-0.1021,108,0.20872,97,-0.0685,86,-0.2532
ENSG00000171824,EXOSC10,17,-0.3057,25,0.76293,0,-5.2145,24,0.35589
ENSG00000198793,MTOR,34,0.48905,28,0.12592,16,-0.8292,18,-0.6200
ENSG00000116661,FBXO2,294,0.12720,179,-1.0558,325,0.27777,574,1.30355
ENSG00000132879,FBXO44,116,-0.3173,192,1.19614,34,-2.1666,68,-1.1134
ENSG00000116670,MAD2L2,23,-0.6742,29,-0.4255,59,0.93866,51,0.67251
ENSG00000011021,CLCN6,37,-0.6343,69,0.91091,10,-2.5184,61,0.26004
ENSG00000116685,KIAA2013,19,-1.2706,43,0.18542,39,-0.0497,74,1.02511
ENSG00000083444,PLOD1,19,-0.3847,18,-0.6750,25,0.07278,55,1.45114
ENSG00000116688,MFN2,51,-0.3820,75,0.54557,42,-0.6364,60,-0.0846
ENSG00000048707,VPS13D,28,-0.6888,47,0.43596,56,0.54003,26,-0.6834
ENSG00000162496,DHRS3,42,-0.1890,25,-1.3894,72,0.74839,114,1.61204
ENSG00000116731,PRDM2,28,-1.2308,89,1.84902,18,-1.7623,24,-1.3664
ENSG00000189337,KAZN,28,-0.5308,40,0.13788,49,0.41986,39,0.04185
ENSG00000142634,EFHD2,15,-3.3437,213,2.67139,59,-1.1627,43,-1.6373
ENSG00000116138,DNAJC16,12,-0.8394,25,1.06070,9,-1.1647,16,-0.2519
ENSG00000197312,DDI2,13,-0.5908,24,0.85624,6,-1.6133,19,0.06496
ENSG00000116786,PLEKHM2,71,-0.0451,77,0.19119,78,0.11440,51,-0.5517
ENSG00000065526,SPEN,26,0.04810,29,0.33398,1,-4.6842,37,0.62511
ENSG00000116809,ZBTB17,13,-0.9491,23,0.13630,37,0.87068,22,-0.0392
ENSG00000185519,FAM131C,25,0.61820,21,0.42881,0,-5.1794,12,-0.6426
ENSG00000037637,FBXO42,10,-0.5240,20,1.31639,0,-4.2902,10,-0.5118
ENSG00000055070,SZRD1,30,-0.1036,24,-0.7431,59,1.06359,41,0.40752
ENSG00000219481,NBPF1,10,-0.9576,16,-0.3089,30,0.88789,29,0.78708
ENSG00000238142,BX284668.5,16,-0.1411,14,-0.4888,30,0.94784,19,0.13704
ENSG00000159363,ATP13A2,146,0.24924,149,0.44240,80,-0.7557,64,-1.1079
ENSG00000117118,SDHB,72,-0.1019,82,0.21534,55,-0.5197,82,0.12950
ENSG00000117115,PADI2,27,-0.8784,21,-1.6363,2,-4.0715,209,3.36055
ENSG00000179051,RCC2,16,-0.2515,14,-0.7415,30,0.81124,31,0.86581
ENSG00000074964,ARHGEF10L,19,0.03640,11,-1.1439,57,2.05696,9,-1.1399
ENSG00000117154,IGSF21,31,-1.5196,120,1.99509,37,-1.1137,20,-2.0006
ENSG00000159423,ALDH4A1,54,1.12041,26,-0.5644,11,-1.6184,34,0.08938
ENSG00000127463,EMC1,19,-0.6721,26,-0.1485,44,0.81390,33,0.32729
ENSG00000053372,MRTO4,30,6.92697,38,0.86998,21,-0.5418,3,-3.3007
ENSG00000053371,AKR7A2,55,0.15582,32,-1.1333,58,0.21768,112,1.39888
ENSG00000077549,CAPZB,142,-0.2877,190,0.43045,132,-0.3727,148,-0.1782
ENSG00000173436,MICOS10,373,0.20146,349,0.10243,304,-0.1655,248,-0.4922
ENSG00000158747,NBL1,191,-0.7565,293,0.02654,169,-0.8644,600,1.28218
ENSG00000162545,CAMK2N1,1305,0.58666,1098,0.35616,365,-1.5453,456,-1.2053
ENSG00000090432,MUL1,15,-0.8666,30,0.63050,21,-0.3049,27,0.11826
ENSG00000183114,FAM43B,7,-2.3402,49,2.46938,1,-4.7285,20,-0.6055
ENSG00000158828,PINK1,306,-0.2380,406,0.48892,374,0.12111,170,-1.1304
ENSG00000244038,DDOST,21,-0.5379,28,-0.0466,44,0.77286,28,0.00216
ENSG00000189410,SH2D5,20,-0.1801,25,0.39562,26,0.22527,11,-1.1258
ENSG00000127483,HP1BP3,107,-0.4800,145,0.12626,196,0.58143,121,-0.2217
ENSG00000075151,EIF4G3,75,-0.2777,108,0.73735,85,-0.0339,25,-1.9014
ENSG00000117298,ECE1,10,-1.5554,15,-1.2379,72,1.93450,50,1.20086
ENSG00000162551,ALPL,16,-1.4585,14,-2.0310,173,3.28120,33,-0.1527
ENSG00000076864,RAP1GAP,63,-1.1252,183,1.68946,61,-1.0617,38,-1.7754
ENSG00000090686,USP48,23,-0.4939,31,0.05641,32,0.07963,41,0.49577
ENSG00000070831,CDC42,128,-0.6814,224,0.59593,201,0.12928,135,-0.5136
ENSG00000173372,C1QA,47,-0.4613,30,-1.5730,186,2.13353,81,0.50142
ENSG00000159189,C1QC,37,-0.3112,24,-1.3454,121,1.88012,56,0.42792
ENSG00000173369,C1QB,79,-0.3811,51,-1.4796,257,1.77950,159,0.83629
ENSG00000004487,KDM1A,27,-0.4961,42,0.47837,50,0.54893,15,-1.3282
ENSG00000169641,LUZP1,30,-0.0008,39,0.86856,14,-1.1975,11,-1.5885
ENSG00000125944,HNRNPR,56,-0.7670,105,0.66464,74,-0.2434,79,-0.1317
ENSG00000125945,ZNF436,10,-0.7630,21,1.14565,11,-0.5810,7,-1.1637
ENSG00000117318,ID3,10,-3.8309,2,-6.4933,451,2.82858,414,2.59029
ENSG00000142676,RPL11,529,-0.6453,524,-0.9030,1688,1.44678,1178,0.76749
ENSG00000011007,ELOA,9,-0.9545,20,0.78081,10,-0.6404,17,0.15451
ENSG00000057757,PITHD1,103,-0.5173,173,0.80634,113,-0.2976,77,-0.9073
ENSG00000011009,LYPLA2,24,-1.2766,61,0.57300,60,0.26324,55,0.12373
ENSG00000117305,HMGCL,18,-0.2906,19,-0.2257,16,-0.4320,38,1.05712
ENSG00000189266,PNRC2,24,-1.2429,47,-0.0523,93,1.14309,56,0.25655
ENSG00000188529,SRSF10,35,-0.0781,41,0.31605,32,-0.2389,29,-0.4031
ENSG00000001461,NIPAL3,24,-1.1811,58,0.71253,0,-6.4817,94,1.21638
ENSG00000133226,SRRM1,26,-1.0780,46,-0.1850,95,1.16238,60,0.34274
ENSG00000169504,CLIC4,4,-3.6997,15,-2.0648,43,0.08525,213,3.70342
ENSG00000117614,SYF2,41,-0.7821,43,-0.9960,166,1.73579,93,0.63230
ENSG00000117616,RSRP1,32,-0.9356,62,0.37848,34,-0.7586,91,0.88295
ENSG00000183726,TMEM50A,46,-0.7964,78,0.23836,62,-0.2347,109,0.71079
ENSG00000204178,MACO1,11,-1.4191,29,0.49115,43,0.96190,17,-0.5809
ENSG00000117643,MAN1C1,21,-1.1120,34,-0.3745,115,1.98638,22,-0.9361
ENSG00000162430,SELENON,50,0.06231,41,-0.4409,58,0.30669,64,0.49385
ENSG00000117640,MTFR1L,45,-0.3867,72,0.86962,28,-1.1054,39,-0.5609
ENSG00000117632,STMN1,641,-0.6244,1228,1.09337,449,-1.1068,571,-0.7334
ENSG00000158008,EXTL1,28,-0.7770,67,1.81920,10,-2.1505,9,-2.3753
ENSG00000142684,ZNF593,31,0.01267,34,0.22275,17,-0.9696,35,0.21034
ENSG00000142669,SH3BGRL3,196,-0.5818,297,0.29239,373,0.54729,204,-0.4503
ENSG00000158062,UBXN11,27,0.22116,29,0.63939,0,-5.5527,21,-0.2368
ENSG00000117682,DHDDS,14,-0.6934,20,-0.0134,30,0.62199,25,0.31849
ENSG00000198830,HMGN2,138,-0.2564,132,-0.4858,193,0.32964,270,0.92213
ENSG00000117713,ARID1A,38,-0.3004,58,0.89458,23,-1.0380,25,-0.8871
ENSG00000204160,ZDHHC18,18,-0.6380,37,1.34818,5,-2.3970,16,-0.7319
ENSG00000090273,NUDC,124,-0.2380,162,0.43027,99,-0.5702,133,-0.0964
ENSG00000253368,TRNP1,72,0.63151,58,0.28450,29,-0.9246,17,-1.7654
ENSG00000090020,SLC9A1,15,-0.6392,28,0.78587,28,0.44235,5,-2.2976
ENSG00000142784,WDTC1,29,-0.2093,31,-0.1099,37,0.26219,38,0.29329
ENSG00000186501,TMEM222,62,-0.1756,76,0.31274,22,-1.7330,97,0.58965
ENSG00000158195,WASF2,26,-0.6485,23,-1.1936,39,0.04574,119,2.17370
ENSG00000126705,AHDC1,22,-1.0361,64,1.86385,17,-1.3713,7,-2.5772
ENSG00000126709,IFI6,101,-0.7767,145,-0.1847,271,0.96522,188,0.31626
ENSG00000117758,STX12,56,-0.7695,115,1.02052,47,-0.9602,67,-0.3913
ENSG00000117751,PPP1R8,22,-0.5676,34,0.41397,22,-0.4917,36,0.33762
ENSG00000117748,RPA2,27,-0.5114,43,0.56770,25,-0.5728,36,0.00952
ENSG00000126698,DNAJC8,103,-0.2263,115,-0.0097,163,0.58218,96,-0.3032
ENSG00000130770,ATP5IF1,380,-0.1449,511,0.72699,292,-0.5487,183,-1.2675
ENSG00000180098,TRNAU1AP,16,-0.1218,23,1.14675,1,-4.1520,9,-0.9546
ENSG00000120656,TAF12,7,-1.5609,21,0.40367,36,1.16496,12,-0.5953
ENSG00000198492,YTHDF2,45,-0.4028,75,1.01042,39,-0.5807,19,-1.6620
ENSG00000116350,SRSF4,33,-0.3686,42,0.05928,29,-0.5486,64,0.76695
ENSG00000116353,MECR,22,-0.2617,34,0.89747,20,-0.4235,7,-1.9561
ENSG00000060656,PTPRU,3,-3.4948,44,2.45080,0,-5.6587,25,-0.0253
ENSG00000162511,LAPTM5,46,-0.2382,40,-0.6920,98,1.08743,69,0.46245
ENSG00000162512,SDC3,245,0.20666,248,0.35730,111,-1.0887,172,-0.4006
ENSG00000134644,PUM1,63,-1.1231,156,0.88656,133,0.17183,76,-0.7222
ENSG00000060688,SNRNP40,15,-0.3323,20,0.26801,16,-0.1932,20,0.10643
ENSG00000121766,ZCCHC17,75,-0.2279,107,0.78494,38,-1.2394,60,-0.5548
ENSG00000121769,FABP3,133,0.30390,129,0.38274,97,-0.2633,33,-1.9286
ENSG00000162517,PEF1,52,-0.7283,103,0.97971,27,-1.6081,77,-0.0105
ENSG00000084636,COL16A1,19,-0.8169,34,0.36675,7,-2.1399,60,1.19365
ENSG00000121753,ADGRB2,151,-0.6065,295,1.22969,145,-0.5910,55,-2.0784
ENSG00000184007,PTP4A2,105,-0.6340,141,-0.1348,111,-0.4638,300,1.24300
ENSG00000121774,KHDRBS1,68,-0.5229,99,0.26213,105,0.25397,87,-0.0556
ENSG00000025800,KPNA6,29,-0.4182,45,0.73241,23,-0.7219,28,-0.4214
ENSG00000084652,TXLNA,21,0.07209,25,0.76020,2,-3.4961,16,-0.3747
ENSG00000160050,CCDC28B,23,0.41764,18,-0.0541,11,-0.8578,19,0.04226
ENSG00000084623,EIF3I,63,-0.5502,100,0.49679,73,-0.2487,83,-0.0400
ENSG00000175130,MARCKSL1,268,-0.1800,181,-1.1735,95,-1.7528,1002,2.37029
ENSG00000160058,BSDC1,37,-0.6892,79,1.49183,0,-6.4533,38,-0.5417
ENSG00000176261,ZBTB8OS,43,0.08592,44,0.14834,32,-0.3939,38,-0.1377
ENSG00000162521,RBBP4,69,-0.4211,86,-0.0397,110,0.38923,105,0.30438
ENSG00000162522,KIAA1522,18,0.34261,17,0.36374,3,-2.2913,14,-0.1820
ENSG00000134684,YARS,48,-0.6603,88,0.80164,54,-0.4136,52,-0.4695
ENSG00000160097,FNDC5,28,0.86970,19,0.04391,8,-1.3644,9,-1.1295
ENSG00000121905,HPCA,182,-0.5393,343,1.23532,168,-0.6044,50,-2.4394
ENSG00000121900,TMEM54,54,0.06601,36,-0.9162,98,1.09046,68,0.43335
ENSG00000116514,RNF19B,10,-0.8833,20,0.53266,17,0.02617,18,0.04797
ENSG00000004455,AK2,21,-0.5581,22,-0.6617,11,-1.4913,90,2.09951
ENSG00000142920,AZIN2,14,-0.7257,19,-0.1789,32,0.74855,28,0.51634
ENSG00000160094,ZNF362,15,-0.0420,18,0.42357,4,-2.1304,19,0.31565
ENSG00000134686,PHC2,49,-0.4105,63,0.07440,34,-0.9001,106,0.94331
ENSG00000163866,SMIM12,29,-0.7209,50,0.41357,72,0.83827,20,-1.2368
ENSG00000116544,DLGAP3,56,-0.0863,78,0.97919,20,-1.6895,26,-1.2902
ENSG00000116560,SFPQ,104,-0.2878,151,0.72541,41,-1.6893,116,-0.0674
ENSG00000146463,ZMYM4,33,-0.0160,31,-0.1849,46,0.51764,31,-0.1466
ENSG00000142687,KIAA0319L,35,0.12916,39,0.59791,12,-1.5489,22,-0.6369
ENSG00000020129,NCDN,257,-0.9850,677,1.65486,242,-0.9742,103,-2.2524
ENSG00000126067,PSMB2,64,-0.6087,113,0.74270,82,-0.1454,58,-0.7103
ENSG00000142686,C1orf216,56,-0.5365,108,1.29443,35,-1.2066,27,-1.6181
ENSG00000092847,AGO1,21,-0.5918,35,0.52518,25,-0.2735,29,-0.0240
ENSG00000116863,ADPRHL2,15,-0.0086,17,0.43746,0,-4.8955,21,0.53111
ENSG00000054116,TRAPPC3,36,-0.5496,61,0.78169,34,-0.5442,36,-0.4776
ENSG00000116871,MAP7D1,117,-0.4199,159,0.25686,123,-0.2745,176,0.31074
ENSG00000054118,THRAP3,38,-0.3712,59,0.81327,11,-2.1838,47,0.03018
ENSG00000196182,STK40,15,-0.6010,22,0.16503,40,1.11070,9,-1.2814
ENSG00000181817,LSM10,50,-0.0416,50,-0.0615,62,0.32690,46,-0.1498
ENSG00000116885,OSCP1,12,0.06183,16,0.93803,0,-4.5631,7,-0.7395
ENSG00000116898,MRPS15,54,0.22394,46,-0.1269,70,0.62801,23,-1.1391
ENSG00000163873,GRIK3,4,-3.1222,60,4.57308,0,-5.6999,0,-7.6602
ENSG00000163875,MEAF6,59,-0.5648,116,1.35554,42,-1.0179,20,-2.1498
ENSG00000185090,MANEAL,16,-0.9615,33,0.55112,56,1.21384,2,-3.7364
ENSG00000196449,YRDC,12,-0.1304,19,1.52958,0,-4.6366,1,-2.9522
ENSG00000197982,C1orf122,262,0.22518,218,-0.1966,165,-0.5575,309,0.46963
ENSG00000183431,SF3A3,26,-0.2038,29,0.02970,34,0.27705,28,-0.0286
ENSG00000183520,UTP11,23,-0.3077,34,0.75053,7,-2.0212,27,0.02147
ENSG00000116954,RRAGC,25,-0.3944,35,0.34902,27,-0.2102,32,0.03405
ENSG00000174574,AKIRIN1,50,-0.5073,81,0.66795,65,-0.0157,38,-0.8697
ENSG00000168653,NDUFS5,594,0.04350,661,0.40158,401,-0.5960,412,-0.5515
ENSG00000127603,MACF1,93,-0.0554,90,-0.1783,132,0.54265,89,-0.1260
ENSG00000090621,PABPC4,44,-0.2945,59,0.44620,51,0.00787,34,-0.6395
ENSG00000116983,HPCAL4,219,-0.0153,304,1.13754,60,-2.0112,53,-2.1946
ENSG00000084072,PPIE,25,-0.1959,27,-0.1443,25,-0.1824,43,0.69438
ENSG00000168389,MFSD2A,11,-0.9296,23,0.52221,19,0.00059,21,0.14611
ENSG00000131236,CAP1,91,-0.6038,154,0.63389,110,-0.2314,105,-0.3069
ENSG00000131238,PPT1,95,-0.3147,123,0.25476,121,0.11145,100,-0.1954
ENSG00000084073,ZMPSTE24,25,-0.2246,30,0.07916,41,0.58249,20,-0.5641
ENSG00000084070,SMAP2,84,-0.2970,124,0.74063,75,-0.4539,52,-1.0026
ENSG00000117016,RIMS3,66,0.07033,70,0.30053,84,0.47932,11,-2.6156
ENSG00000066136,NFYC,23,-0.8157,40,0.27113,59,0.79846,28,-0.4459
ENSG00000179862,CITED4,12,-0.5052,15,-0.1133,14,-0.2122,28,0.97870
ENSG00000127124,HIVEP3,18,0.01959,25,1.20808,4,-2.2492,2,-2.7810
ENSG00000198815,FOXJ3,26,-0.9994,67,1.39520,24,-1.0425,25,-0.9761
ENSG00000177181,RIMKLA,27,0.25816,26,0.30370,27,0.21447,3,-2.7815
ENSG00000127125,PPCS,46,-0.3195,64,0.50800,42,-0.4232,46,-0.2720
ENSG00000171960,PPIH,14,-0.5532,22,0.37083,23,0.25470,16,-0.2786
ENSG00000065978,YBX1,99,-0.6559,72,-1.5461,413,1.98918,238,0.88203
ENSG00000164008,C1orf50,18,-0.5442,28,0.39405,26,0.09109,23,-0.1507
ENSG00000177868,SVBP,27,-0.6051,32,-0.3873,76,1.25157,40,0.10467
ENSG00000117394,SLC2A1,53,-1.2228,44,-1.9350,510,3.39543,57,-0.9871
ENSG00000117395,EBNA1BP2,52,-0.2485,75,0.75649,45,-0.4479,27,-1.2161
ENSG00000066322,ELOVL1,8,-2.4241,15,-1.9469,0,-5.8103,219,4.26458
ENSG00000159479,MED8,15,-0.0766,21,1.08386,2,-2.6872,7,-1.1965
ENSG00000178922,HYI,17,-0.5232,13,-1.2464,8,-1.5651,87,2.62918
ENSG00000142949,PTPRF,106,0.16647,105,0.20561,57,-0.8464,92,-0.0867
ENSG00000066135,KDM4A,18,0.24538,16,0.10950,20,0.43344,4,-1.9319
ENSG00000126091,ST3GAL3,33,-0.0951,42,0.66514,27,-0.4123,14,-1.3819
ENSG00000117408,IPO13,42,-0.5111,57,0.05990,4,-3.9958,131,1.52394
ENSG00000117410,ATP6V0B,271,-0.4274,420,0.68115,226,-0.6615,280,-0.3205
ENSG00000117411,B4GALT2,104,0.75735,58,-0.5864,64,-0.1940,74,0.04997
ENSG00000159214,CCDC24,17,0.04125,21,0.69707,12,-0.5651,5,-1.8525
ENSG00000178028,DMAP1,30,-1.0370,57,0.17785,83,0.73216,59,0.16056
ENSG00000117419,ERI3,123,-0.6091,206,0.60209,167,-0.0369,131,-0.4347
ENSG00000187147,RNF220,89,-0.1313,114,0.56162,66,-0.5922,64,-0.6394
ENSG00000142937,RPS8,941,-0.5154,900,-0.8190,2834,1.47845,1636,0.46191
ENSG00000070785,EIF2B3,10,-1.0887,24,0.64264,22,0.18412,18,-0.1321
ENSG00000126107,HECTD3,13,-0.0087,16,0.76447,1,-3.3613,11,-0.2391
ENSG00000126088,UROD,59,-0.3783,78,0.23196,47,-0.6720,100,0.55536
ENSG00000117450,PRDX1,359,-0.1811,341,-0.3967,317,-0.3562,761,1.15007
ENSG00000117448,AKR1A1,28,-0.7059,43,0.16168,10,-2.0957,89,1.37238
ENSG00000132780,NASP,20,-0.4336,27,0.08578,20,-0.4481,40,0.73791
ENSG00000159592,GPBP1L1,23,-0.6421,31,-0.1195,58,1.00854,31,-0.0472
ENSG00000159596,TMEM69,15,-0.3015,17,-0.0725,29,0.87044,13,-0.4853
ENSG00000086015,MAST2,20,-0.1335,24,0.23262,35,0.76532,5,-2.1422
ENSG00000085998,POMGNT1,34,-0.8416,63,0.39275,47,-0.2665,75,0.51343
ENSG00000132128,LRRC41,38,-0.4148,45,-0.1633,75,0.77629,50,0.08601
ENSG00000173660,UQCRH,539,0.06235,590,0.37946,427,-0.3253,309,-0.8363
ENSG00000117480,FAAH,17,-0.9238,35,0.72639,9,-1.6897,42,0.66684
ENSG00000079277,MKNK1,20,0.16700,22,0.47211,2,-3.2878,20,0.09231
ENSG00000123472,ATPAF1,131,0.09355,134,0.20761,110,-0.2113,92,-0.4974
ENSG00000159658,EFCAB14,46,-0.5973,54,-0.4528,85,0.46105,120,1.08819
ENSG00000162368,CMPK1,64,-0.7563,104,0.21955,153,0.77771,78,-0.3548
ENSG00000162373,BEND5,22,0.12513,25,0.56625,3,-2.7280,19,-0.1310
ENSG00000162374,ELAVL4,92,-0.4149,175,1.66880,27,-2.2140,8,-3.9154
ENSG00000185104,FAF1,28,-0.1329,27,-0.2691,53,0.98638,22,-0.4821
ENSG00000123091,RNF11,358,-0.0149,469,0.89268,165,-1.2335,129,-1.6094
ENSG00000085832,EPS15,136,-0.0316,150,0.23481,121,-0.2119,115,-0.3042
ENSG00000078618,NRDC,46,-0.4124,61,0.20536,66,0.23874,55,-0.0679
ENSG00000169213,RAB3B,123,0.40859,112,0.33668,86,-0.2463,22,-2.3265
ENSG00000117862,TXNDC12,24,-0.3193,25,-0.3294,57,1.19622,23,-0.3720
ENSG00000134717,BTF3L4,52,-0.3079,72,0.53947,27,-1.2902,68,0.19163
ENSG00000157077,ZFYVE9,17,-0.0956,26,1.37889,3,-2.4752,2,-3.2390
ENSG00000134748,PRPF38A,19,-0.6205,21,-0.5769,58,1.38809,32,0.28612
ENSG00000134744,TUT4,12,-0.4979,16,-0.0050,25,0.70253,16,-0.0497
ENSG00000162377,COA7,12,-0.4076,22,1.44913,0,-4.8843,7,-1.1011
ENSG00000162378,ZYG11B,79,-0.5367,162,1.69492,14,-3.0263,27,-2.1155
ENSG00000116171,SCP2,72,-0.2326,82,0.02540,73,-0.1640,105,0.43126
ENSG00000162384,CZIB,48,-0.5357,54,-0.4453,137,1.34377,63,-0.0197
ENSG00000162385,MAGOH,21,-0.6753,32,0.16042,58,1.11437,15,-1.0795
ENSG00000157193,LRP8,26,-1.0659,59,0.77576,78,0.85443,9,-2.4146
ENSG00000058799,YIPF1,11,-0.5643,23,1.38764,9,-0.8838,2,-2.7565
ENSG00000081870,HSPB11,22,-0.8518,44,0.57340,24,-0.6783,48,0.45830
ENSG00000116209,TMEM59,115,-0.6961,157,-0.1895,136,-0.3431,352,1.30541
ENSG00000116221,MRPL37,41,-0.6169,70,0.58883,39,-0.6511,64,0.15741
ENSG00000157216,SSBP3,89,-0.8251,200,1.28679,94,-0.6401,54,-1.4900
ENSG00000116133,DHCR24,63,-1.1921,165,1.00596,60,-1.1334,142,0.23546
ENSG00000162402,USP24,28,0.45652,25,0.34221,4,-2.5522,18,-0.3096
ENSG00000162407,PLPP3,234,0.53604,117,-1.0508,30,-2.7335,472,1.76986
ENSG00000162409,PRKAA2,19,-0.4349,36,1.38505,9,-1.4762,6,-2.1962
ENSG00000173406,DAB1,27,1.35369,14,-0.0313,0,-4.8174,4,-1.7631
ENSG00000162601,MYSM1,15,-0.3715,20,0.41614,20,0.22473,11,-0.7072
ENSG00000177606,JUN,38,-1.1004,64,-0.2431,168,1.56460,62,-0.2022
ENSG00000172456,FGGY,23,0.70106,13,-0.6670,19,0.23122,16,-0.0874
ENSG00000134709,HOOK1,12,-0.7761,25,0.88816,24,0.37783,4,-2.1453
ENSG00000162599,NFIA,71,-0.2495,59,-0.7965,79,-0.0502,192,1.54622
ENSG00000162604,TM2D1,45,-0.3950,69,0.64706,30,-1.0008,54,-0.0554
ENSG00000162607,USP1,10,-1.3256,24,0.25961,15,-0.5944,45,1.23254
ENSG00000116641,DOCK7,25,0.27885,22,-0.0476,1,-4.6117,38,0.93460
ENSG00000079739,PGM1,56,0.96310,29,-0.4792,0,-5.5742,52,0.67217
ENSG00000158966,CACHD1,15,-0.6252,21,-0.0420,22,0.07079,34,0.79935
ENSG00000162434,JAK1,45,-0.2424,52,0.07334,83,0.83299,26,-1.0485
ENSG00000162433,AK4,54,0.04164,64,0.65578,23,-1.2771,32,-0.7726
ENSG00000116675,DNAJC6,187,-0.5896,379,1.46295,46,-2.6426,129,-1.0999
ENSG00000213625,LEPROT,26,-0.9447,28,-1.0646,121,1.85583,67,0.69750
ENSG00000184588,PDE4B,33,-0.9309,60,0.18955,33,-0.8517,110,1.18392
ENSG00000118473,SGIP1,49,-0.5690,91,1.08415,57,-0.2546,16,-2.2026
ENSG00000198160,MIER1,19,-0.1302,22,0.29495,16,-0.3600,19,-0.1303
ENSG00000142864,SERBP1,73,-0.5670,100,0.02626,84,-0.2672,164,0.85792
ENSG00000116717,GADD45A,9,-1.6999,24,-0.2200,74,1.96310,18,-0.5794
ENSG00000116729,WLS,92,0.38514,76,-0.0108,23,-1.8059,97,0.40789
ENSG00000033122,LRRC7,34,-0.5939,68,1.41772,23,-1.1127,11,-2.2324
ENSG00000066557,LRRC40,11,-0.8346,28,1.95822,0,-4.6462,6,-1.7211
ENSG00000116754,SRSF11,45,-0.9412,91,0.59274,57,-0.4563,95,0.37704
ENSG00000118454,ANKRD13C,18,-0.6470,32,0.66189,20,-0.4246,24,-0.1284
ENSG00000197568,HHLA3,12,-0.6938,21,0.41850,18,-0.0194,20,0.11007
ENSG00000132485,ZRANB2,37,-1.0497,81,0.57595,84,0.35889,58,-0.2390
ENSG00000172260,NEGR1,57,-1.0337,153,1.54021,73,-0.5450,21,-2.3826
ENSG00000178965,ERICH3,11,-1.4940,47,2.88604,1,-4.1112,1,-4.7898
ENSG00000162623,TYW3,9,-1.3127,20,0.04846,20,0.02144,39,1.19658
ENSG00000117054,ACADM,37,0.06233,31,-0.4110,27,-0.4840,64,0.98044
ENSG00000137955,RABGGTB,37,-0.0643,38,0.02043,26,-0.5768,51,0.49220
ENSG00000117069,ST6GALNAC5,19,-1.0675,55,1.87470,6,-2.5889,15,-1.3277
ENSG00000142892,PIGK,14,-1.2728,41,1.10639,5,-2.7486,42,0.57140
ENSG00000154027,AK5,83,-1.7578,389,2.34596,87,-1.5312,51,-2.3341
ENSG00000036549,AC118549.1,14,-0.5717,18,-0.1532,25,0.44059,28,0.62907
ENSG00000077254,USP33,33,-1.3571,101,1.18302,44,-0.7828,66,-0.1514
ENSG00000180488,MIGA1,36,-0.5785,56,0.39255,46,-0.1063,52,0.09961
ENSG00000162613,FUBP1,32,-0.5948,55,0.72594,31,-0.5569,38,-0.2464
ENSG00000162616,DNAJB4,27,0.00063,27,-0.0376,23,-0.2935,33,0.32790
ENSG00000117114,ADGRL2,13,-0.7106,29,1.58741,12,-0.7317,0,-6.8319
ENSG00000137941,TTLL7,42,-1.1236,101,0.83179,13,-2.6907,130,0.85554
ENSG00000142875,PRKACB,180,-0.5917,341,1.11614,80,-1.7574,187,-0.4609
ENSG00000117133,RPF1,20,0.25746,22,0.66496,12,-0.6140,2,-3.0925
ENSG00000174021,GNG5,95,0.15275,54,-1.1775,197,1.43688,101,0.23772
ENSG00000117155,SSX2IP,66,-0.1803,100,1.13743,39,-0.9732,10,-3.0133
ENSG00000162642,C1orf52,36,-0.5033,69,1.33959,8,-2.6582,27,-0.9087
ENSG00000153904,DDAH1,259,0.49512,197,-0.0723,167,-0.3096,145,-0.5386
ENSG00000117174,ZNHIT6,17,-0.5587,22,-0.1454,39,0.89306,24,0.07722
ENSG00000122417,ODF2L,10,-1.5245,32,1.04870,38,0.80656,4,-2.6584
ENSG00000097033,SH3GLB1,33,-0.2895,30,-0.6523,79,1.25260,44,0.22319
ENSG00000183291,SELENOF,73,-0.5433,94,-0.1098,145,0.67819,115,0.26842
ENSG00000153936,HS2ST1,41,0.06567,43,0.22826,47,0.27686,17,-1.3135
ENSG00000143013,LMO4,388,-0.3290,681,1.47479,156,-1.6990,47,-3.4692
ENSG00000137947,GTF2B,20,0.05125,26,1.00809,0,-4.6530,11,-0.9306
ENSG00000137944,KYAT3,14,-0.1924,15,-0.0889,17,0.16354,19,0.32329
ENSG00000197147,LRRC8B,43,-0.9793,104,1.14911,57,-0.4447,43,-0.8987
ENSG00000171492,LRRC8D,13,-1.1778,25,-0.1569,25,-0.0730,60,1.43904
ENSG00000162664,ZNF326,17,-0.2542,25,0.77215,0,-4.6209,23,0.24861
ENSG00000233593,LINC02609,33,0.87804,20,-0.2047,7,-1.6297,19,-0.1884
ENSG00000122482,ZNF644,13,-0.8808,21,-0.0077,33,0.77954,25,0.31767
ENSG00000172031,EPHX4,12,-0.0465,16,0.90026,10,-0.3394,0,-5.3806
ENSG00000189195,BTBD8,62,-0.2380,94,1.02075,51,-0.5212,10,-2.8621
ENSG00000122484,RPAP2,11,-0.4903,19,0.83891,14,-0.0989,5,-1.4672
ENSG00000067208,EVI5,22,0.18672,21,0.10790,5,-2.1184,28,0.56447
ENSG00000122406,RPL5,405,-0.5787,462,-0.4848,1129,1.25468,651,0.26556
ENSG00000154511,DIPK1A,23,-0.5335,38,0.72820,4,-2.8830,41,0.52225
ENSG00000117500,TMED5,17,-0.9966,31,0.14673,43,0.63079,35,0.30845
ENSG00000117505,DR1,42,-0.4468,67,0.73536,16,-1.9031,61,0.21194
ENSG00000137942,FNBP1L,18,-0.1789,21,0.28573,2,-3.1726,32,0.87475
ENSG00000067334,DNTTIP2,27,-0.0901,29,0.04506,28,-0.0103,30,0.05851
ENSG00000023909,GCLM,18,-0.1658,18,-0.2799,47,1.48630,5,-2.0454
ENSG00000117528,ABCD3,30,0.00564,32,0.13923,16,-0.9728,38,0.38598
ENSG00000117525,F3,76,0.68292,30,-1.3653,23,-1.3319,139,1.70726
ENSG00000117519,CNN3,111,-0.0157,89,-0.6028,63,-0.9212,255,1.47952
ENSG00000152078,TLCD4,23,-0.5313,35,0.38003,35,0.23142,25,-0.3075
ENSG00000228971,LINC02607,21,-1.4995,79,1.71522,51,-0.0174,1,-5.0420
ENSG00000117569,PTBP2,31,-0.7411,57,0.58526,44,-0.0925,43,-0.1290
ENSG00000117598,PLPPR5,19,-0.4861,34,1.00837,25,-9.2476,3,-3.2477
ENSG00000117600,PLPPR4,56,-1.2949,196,2.28269,37,-1.7787,10,-3.6958
ENSG00000162688,AGL,15,-1.0971,31,0.27065,35,0.36513,37,0.44726
ENSG00000156875,MFSD14A,20,-0.9754,44,0.86422,34,0.00541,23,-0.6357
ENSG00000137992,DBT,20,-0.3123,25,0.14798,30,0.35111,21,-0.2294
ENSG00000137996,RTCA,26,-0.8742,53,0.81290,29,-0.5919,41,-0.0358
ENSG00000181656,GPR88,15,-0.2510,24,1.07410,14,-0.3518,0,-5.8090
ENSG00000162694,EXTL2,20,-0.1878,25,0.40201,28,0.43377,7,-1.6815
ENSG00000170989,S1PR1,63,0.28118,43,-0.5922,89,0.83406,48,-0.2098
ENSG00000118733,OLFM3,7,-1.9335,32,1.19537,40,0.93562,1,-3.9616
ENSG00000198890,PRMT6,13,-0.2402,21,1.08296,9,-0.8775,3,-2.2865
ENSG00000162631,NTNG1,41,0.58492,39,0.84087,2,-3.5612,3,-3.4398
ENSG00000162636,FAM102B,30,-0.8790,72,1.37135,44,-0.1965,5,-3.2798
ENSG00000162639,HENMT1,11,-0.7730,25,1.42081,1,-3.3180,13,-0.4514
ENSG00000134186,PRPF38B,9,-1.9682,31,0.01620,76,1.60688,29,-0.1297
ENSG00000116266,STXBP3,19,-0.8371,32,0.10131,22,-0.5680,59,1.12304
ENSG00000121940,CLCC1,17,-0.1800,17,-0.3005,1,-4.3273,48,1.70329
ENSG00000085433,WDR47,49,-0.9608,133,1.81682,17,-2.4174,33,-1.4763
ENSG00000197780,TAF13,59,-0.0773,67,0.29130,60,-0.0215,42,-0.5981
ENSG00000215717,TMEM167B,31,-0.6020,41,-0.1204,58,0.51204,59,0.53562
ENSG00000179902,C1orf194,15,-0.9876,27,-0.0087,69,1.67955,9,-1.6454
ENSG00000116299,KIAA1324,11,-1.1762,35,2.23064,6,-1.9771,2,-3.5456
ENSG00000031698,SARS,115,-0.5029,184,0.64624,105,-0.5833,135,-0.1743
ENSG00000143126,CELSR2,77,-0.7615,176,1.57115,11,-3.4834,70,-0.8196
ENSG00000134222,PSRC1,11,-1.3489,33,1.16546,14,-0.8023,22,-0.1096
ENSG00000134243,SORT1,89,-1.2717,234,0.81860,95,-1.0383,258,0.57530
ENSG00000143106,PSMA5,31,-1.0703,74,0.81018,48,-0.2788,56,-0.0556
ENSG00000174151,CYB561D1,15,-0.3094,24,0.90855,5,-1.8893,14,-0.3872
ENSG00000181754,AMIGO1,21,-0.6131,44,1.48265,4,-2.7657,15,-1.0623
ENSG00000065135,GNAI3,21,0.13022,14,-0.8840,20,0.00110,41,1.26956
ENSG00000116337,AMPD2,68,-0.1676,84,0.41647,78,0.08479,40,-0.9716
ENSG00000168765,GSTM4,23,-0.3505,29,0.19526,9,-1.7415,48,0.96446
ENSG00000134201,GSTM5,51,-0.1629,23,-1.8995,17,-1.8422,234,2.92793
ENSG00000134202,GSTM3,133,-0.1245,107,-0.7265,234,0.85645,209,0.65505
ENSG00000168710,AHCYL1,302,0.23036,171,-1.1011,187,-0.5871,677,1.68067
ENSG00000143093,STRIP1,22,-0.9337,45,0.61025,56,0.70370,17,-1.2016
ENSG00000197106,SLC6A17,99,-0.1506,141,0.91428,77,-0.5259,21,-2.4505
ENSG00000116396,KCNC4,49,-0.1729,58,0.19683,84,0.75499,18,-1.6517
ENSG00000134248,LAMTOR5,199,0.26497,168,-0.0945,147,-0.2725,174,-0.0048
ENSG00000177301,KCNA2,67,0.03941,80,0.63951,53,-0.3364,18,-2.0140
ENSG00000259834,AL365361.1,13,-0.1938,18,0.73689,17,0.24186,0,-4.8769
ENSG00000121931,LRIF1,13,-0.5854,24,1.14832,10,-0.8642,8,-1.2581
ENSG00000134255,CEPT1,16,-0.2861,20,0.21415,15,-0.3198,21,0.25429
ENSG00000116455,WDR77,11,-0.7539,20,0.60896,16,-0.0092,14,-0.2586
ENSG00000116459,ATP5PB,139,0.01389,156,0.37595,80,-0.8736,123,-0.1931
ENSG00000116473,RAP1A,36,-0.5946,39,-0.6680,83,0.83971,93,1.05852
ENSG00000197852,INKA2,23,-0.5168,42,1.06314,24,-0.3682,8,-1.9742
ENSG00000171385,KCND3,45,-0.4069,76,1.07773,46,-0.3157,7,-2.9944
ENSG00000116489,CAPZA1,27,-1.1368,63,0.62895,59,0.22398,49,-0.0935
ENSG00000155366,RHOC,74,-0.7958,68,-1.2476,245,1.34110,255,1.42212
ENSG00000155380,SLC16A1,11,-1.6017,19,-1.0577,66,1.45321,69,1.55290
ENSG00000081019,RSBN1,17,-0.4029,26,0.57997,10,-1.1230,24,0.16351
ENSG00000163349,HIPK1,43,-0.1669,50,0.19262,39,-0.2964,50,0.10946
ENSG00000197323,TRIM33,35,0.03207,41,0.56861,13,-1.4887,27,-0.3610
ENSG00000116752,BCAS2,62,-0.1743,87,0.82867,41,-0.7905,30,-1.2707
ENSG00000213281,NRAS,17,-0.4703,25,0.38041,26,0.24361,17,-0.4301
ENSG00000009307,CSDE1,173,-0.4518,253,0.40877,170,-0.4276,244,0.16033
ENSG00000052723,SIKE1,15,-0.4670,17,-0.3788,42,1.31821,17,-0.2338
ENSG00000163399,ATP1A1,168,-0.9262,401,1.30794,233,-0.3081,79,-1.9768
ENSG00000198162,MAN1A2,259,0.92131,114,-0.9434,242,0.62538,121,-0.5245
ENSG00000092621,PHGDH,95,-0.0088,54,-1.3316,89,-0.1070,268,1.91240
ENSG00000134250,NOTCH2,31,-0.0015,16,-1.4981,35,0.20779,86,1.89599
ENSG00000265808,SEC22B,45,-0.2209,52,0.09719,66,0.47055,38,-0.4357
ENSG00000226067,LINC00623,26,-0.5385,26,-0.7478,70,1.19977,55,0.74370
ENSG00000171943,SRGAP2C,24,-0.2612,28,0.08002,28,0.05446,31,0.18065
ENSG00000232527,LINC02802,33,-0.1008,39,0.36951,45,0.41475,11,-1.8071
ENSG00000265491,RNF115,30,-0.4413,42,0.35352,61,0.80269,12,-1.6875
ENSG00000131788,PIAS3,8,-0.9891,18,0.50505,15,-0.0403,18,0.27757
ENSG00000198483,ANKRD35,22,-0.2781,21,-0.4736,21,-0.2952,54,1.30933
ENSG00000131779,PEX11B,19,-0.9121,44,0.97624,4,-2.9047,44,0.49725
ENSG00000265241,RBM8A,58,-0.4765,83,0.32376,93,0.36068,57,-0.4300
ENSG00000271601,LIX1L,11,-0.8954,13,-0.7288,22,0.35399,46,1.70211
ENSG00000272031,ANKRD34A,27,-0.6706,57,1.32516,23,-0.8700,12,-1.7921
ENSG00000121851,POLR3GL,17,-0.9685,29,0.00373,44,0.72229,38,0.44774
ENSG00000265972,TXNIP,19,-2.4357,12,-3.6152,301,2.47090,289,2.36866
ENSG00000178104,PDE4DIP,109,-0.1549,130,0.29482,52,-1.2707,154,0.44466
ENSG00000178096,BOLA1,17,-0.2096,23,0.66995,6,-1.6262,18,-0.0950
ENSG00000159164,SV2A,181,-0.4956,324,1.11603,178,-0.4626,57,-2.1795
ENSG00000143368,SF3B4,16,-0.7002,24,0.04671,35,0.66455,26,0.15264
ENSG00000136631,VPS45,31,-0.3085,38,0.04880,54,0.60986,30,-0.3549
ENSG00000023902,PLEKHO1,55,0.31177,43,-0.2326,74,0.76140,20,-1.3630
ENSG00000143401,ANP32E,42,-0.3863,44,-0.4477,106,1.24033,51,-0.0475
ENSG00000117362,APH1A,34,-0.1263,33,-0.2692,12,-1.6578,79,1.36713
ENSG00000118292,C1orf54,24,0.13750,14,-1.1716,38,0.85570,40,0.97177
ENSG00000266472,MRPS21,219,-0.0916,251,0.26301,209,-0.1596,189,-0.3169
ENSG00000163125,RPRD2,27,-0.0925,37,0.87425,2,-3.5575,24,-0.3178
ENSG00000143384,MCL1,27,-1.1401,40,-0.7207,128,1.60613,79,0.69560
ENSG00000143420,ENSA,224,-0.1011,295,0.73176,162,-0.5993,99,-1.3638
ENSG00000143418,CERS2,15,-1.9204,19,-1.9371,73,0.76401,193,2.90420
ENSG00000143363,PRUNE1,10,-1.1209,30,1.48200,13,-0.6707,7,-1.4908
ENSG00000197622,CDC42SE1,15,-1.2699,33,0.29236,51,0.87091,29,-0.0544
ENSG00000213190,MLLT11,299,-0.1785,461,1.24068,122,-1.5462,60,-2.5889
ENSG00000143434,SEMA6C,15,-0.4451,25,0.98904,17,-0.1892,4,-2.3641
ENSG00000163156,SCNM1,18,-0.7397,26,-0.2058,57,1.27367,25,-0.1726
ENSG00000163159,VPS72,35,0.28251,28,-0.2219,24,-0.3842,36,0.31901
ENSG00000159352,PSMD4,106,-0.0712,121,0.29525,61,-0.9399,122,0.17466
ENSG00000143393,PI4KB,36,-0.6682,69,0.93337,25,-1.1532,46,-0.2099
ENSG00000143416,SELENBP1,54,-0.0024,34,-1.0973,51,-0.0946,137,1.67862
ENSG00000159377,PSMB4,151,-0.3075,197,0.31333,156,-0.2191,177,-0.0077
ENSG00000143442,POGZ,27,-0.4687,37,0.19516,57,0.87069,18,-1.0390
ENSG00000143376,SNX27,34,-0.3953,49,0.47771,43,0.02509,30,-0.5507
ENSG00000159409,CELF3,66,0.10631,87,1.15784,16,-2.1176,6,-3.3793
ENSG00000178796,RIIAD1,41,1.14958,27,0.30669,0,-5.5592,3,-2.8897
ENSG00000143436,MRPL9,27,-0.3652,41,0.64346,33,-0.0321,16,-1.1082
ENSG00000197747,S100A10,25,-2.5192,55,-1.6523,501,3.04474,150,0.44341
ENSG00000163191,S100A11,19,-2.1603,8,-3.8871,402,4.14907,84,0.30735
ENSG00000197956,S100A6,110,-1.8642,115,-2.2326,1425,3.03478,532,0.81957
ENSG00000188643,S100A16,71,0.09186,43,-1.0761,85,0.38646,141,1.28938
ENSG00000189171,S100A13,328,0.43811,215,-0.5325,180,-0.6149,411,0.76020
ENSG00000160678,S100A1,276,0.45960,206,-0.1806,89,-1.4241,293,0.48271
ENSG00000160679,CHTOP,35,-0.5473,57,0.66154,35,-0.4663,40,-0.2403
ENSG00000143553,SNAPIN,32,0.03333,31,0.04219,14,-1.2464,45,0.63473
ENSG00000143621,ILF2,58,0.21270,52,0.02933,35,-0.6362,55,0.09138
ENSG00000143624,INTS3,38,-0.1419,52,0.74077,29,-0.5473,17,-1.3427
ENSG00000143614,GATAD2B,31,-0.3056,37,0.05734,44,0.32034,37,0.01684
ENSG00000198837,DENND4B,31,-0.2507,42,0.53293,33,-0.1292,21,-0.8312
ENSG00000143570,SLC39A1,16,-0.2588,9,-1.5635,41,1.39002,39,1.27503
ENSG00000143543,JTB,144,-0.0985,157,0.10619,132,-0.2315,165,0.13652
ENSG00000143545,RAB13,16,-1.2110,18,-1.4116,98,2.02874,62,1.08593
ENSG00000177954,RPS27,1640,-0.2935,1249,-1.0487,3841,1.22538,3220,0.89529
ENSG00000143549,TPM3,178,-0.3072,239,0.41251,251,0.30605,111,-0.9998
ENSG00000143612,C1orf43,101,-0.3787,119,-0.1130,183,0.66163,130,0.07998
ENSG00000143569,UBAP2L,59,-0.0828,77,0.75524,38,-0.7647,27,-1.2930
ENSG00000143575,HAX1,50,-0.4572,63,-0.0121,109,0.92979,47,-0.4814
ENSG00000160714,UBE2Q1,52,-0.6487,99,0.97462,36,-1.1381,60,-0.3471
ENSG00000160716,CHRNB2,22,-0.9188,57,1.58857,27,-0.5503,3,-3.7137
ENSG00000160710,ADAR,88,-0.4992,139,0.58377,111,-0.0682,83,-0.5401
ENSG00000143603,KCNN3,43,0.17644,36,-0.1753,13,-1.7081,67,0.93755
ENSG00000163344,PMVK,103,-0.0012,101,-0.0654,65,-0.7227,150,0.63759
ENSG00000163346,PBXIP1,112,0.45325,45,-1.5631,45,-1.0890,266,2.04486
ENSG00000163348,PYGO2,15,-0.5756,31,1.40097,4,-2.5983,11,-0.9502
ENSG00000160688,FLAD1,15,-0.7982,27,0.41754,17,-0.5163,34,0.58510
ENSG00000143537,ADAM15,15,-1.2089,20,-0.9688,60,1.25475,67,1.45623
ENSG00000143590,EFNA3,26,-0.0176,35,0.90490,11,-1.3056,9,-1.5736
ENSG00000179085,DPM3,56,-0.6135,67,-0.4106,111,0.59862,134,0.92998
ENSG00000163463,KRTCAP2,90,-0.5632,86,-0.8941,241,1.18795,217,0.98598
ENSG00000163462,TRIM46,14,-0.2373,22,1.21313,6,-1.3321,3,-2.3518
ENSG00000173171,MTX1,24,-0.3077,20,-0.8127,60,1.34337,35,0.40445
ENSG00000177628,GBA,36,-0.9869,78,0.74357,72,0.23488,43,-0.6016
ENSG00000160767,FAM189B,25,-0.4101,33,0.12846,57,1.02558,13,-1.3835
ENSG00000116521,SCAMP3,34,-0.9111,64,0.36829,37,-0.6854,93,0.84649
ENSG00000160752,FDPS,66,-0.3412,76,-0.0948,94,0.28993,101,0.40890
ENSG00000160753,RUSC1,50,-0.2205,81,1.35130,5,-3.5590,21,-1.5293
ENSG00000116539,ASH1L,55,-0.4714,81,0.39631,110,0.73591,26,-1.5753
ENSG00000125459,MSTO1,11,-0.3039,18,0.97356,8,-0.8147,5,-1.4499
ENSG00000163374,YY1AP1,24,-0.5061,43,0.97948,11,-1.6650,26,-0.3102
ENSG00000132676,DAP3,21,-0.6668,38,0.81839,31,0.07988,13,-1.2367
ENSG00000116580,GON4L,8,-1.2188,20,0.87161,16,0.00338,13,-0.3172
ENSG00000132718,SYT11,261,-0.4722,438,0.89080,152,-1.2521,270,-0.3617
ENSG00000116584,ARHGEF2,31,-1.2930,79,0.58636,84,0.40523,64,-0.0543
ENSG00000163479,SSR2,64,-0.4220,69,-0.4421,149,1.06487,95,0.26742
ENSG00000160803,UBQLN4,35,-0.2464,48,0.50791,11,-1.9363,51,0.38856
ENSG00000116586,LAMTOR2,86,0.09679,90,0.28335,66,-0.3465,57,-0.5793
ENSG00000160789,LMNA,18,-1.4465,24,-1.2873,117,1.91585,84,1.22353
ENSG00000196189,SEMA4A,21,-0.9295,56,1.95476,4,-3.0667,11,-1.8017
ENSG00000160785,SLC25A44,26,-1.0302,72,1.63037,33,-0.5896,6,-3.0343
ENSG00000160783,PMF1,16,-0.6980,23,-0.1625,23,-0.0880,47,1.13816
ENSG00000160781,PAQR6,141,-0.5989,140,-0.8315,109,-0.9201,610,2.15998
ENSG00000198952,SMG5,27,0.13093,30,0.42971,0,-5.6230,32,0.36938
ENSG00000198715,GLMP,18,-0.4192,20,-0.3523,22,-0.0148,43,1.12319
ENSG00000163468,CCT3,62,-0.5558,93,0.31950,75,-0.1825,99,0.28464
ENSG00000125462,C1orf61,1527,0.39237,1150,-0.2386,1020,-0.3356,1356,0.13024
ENSG00000116604,MEF2D,53,-0.7022,122,1.81564,12,-2.7871,19,-2.1627
ENSG00000163382,NAXE,77,-0.1024,85,0.13363,37,-1.2341,119,0.64576
ENSG00000160818,GPATCH4,27,0.16979,34,1.19925,5,-2.2697,0,-6.2318
ENSG00000132702,HAPLN2,36,-0.7098,30,-1.3017,17,-1.7701,214,2.81847
ENSG00000132692,BCAN,275,0.58662,150,-0.8127,131,-0.7320,371,1.01853
ENSG00000143314,MRPL24,47,-0.3032,53,-0.1202,68,0.34463,69,0.35614
ENSG00000143321,HDGF,52,0.11752,42,-0.3956,15,-1.7962,103,1.32109
ENSG00000143294,PRCC,34,-0.4496,55,0.79550,21,-1.1403,38,-0.2313
ENSG00000132694,ARHGEF11,15,0.00392,18,0.64446,15,0.04912,1,-3.7017
ENSG00000162706,CADM3,83,-0.7294,179,1.32322,68,-0.9599,49,-1.4491
ENSG00000158716,DUSP23,17,-0.6783,23,-0.2237,55,1.40394,18,-0.4961
ENSG00000158710,TAGLN2,12,-2.1955,18,-1.9941,192,2.99001,72,0.80653
ENSG00000177807,KCNJ10,100,0.68381,41,-1.2863,32,-1.2735,174,1.61712
ENSG00000162728,KCNJ9,31,-0.8479,64,0.88832,47,-0.0653,29,-0.8304
ENSG00000162729,IGSF8,77,-0.4190,123,0.77313,38,-1.4497,93,-0.0686
ENSG00000018625,ATP1A2,680,0.50822,327,-1.1573,289,-0.9595,1272,1.58767
ENSG00000162734,PEA15,513,-0.2906,685,0.41918,446,-0.4755,577,-0.0595
ENSG00000132716,DCAF8,38,-0.4534,61,0.70557,38,-0.4186,34,-0.5699
ENSG00000162735,PEX19,48,-0.2176,63,0.45263,9,-2.6510,77,0.59197
ENSG00000122218,COPA,44,-0.9347,86,0.44718,44,-0.8442,120,0.81571
ENSG00000162736,NCSTN,19,-1.0763,35,-0.0838,49,0.52354,60,0.87548
ENSG00000215845,TSTD1,75,0.14475,90,0.84805,28,-1.4320,21,-1.8716
ENSG00000162755,KLHDC9,18,-0.0797,20,0.17088,8,-1.3114,26,0.58245
ENSG00000143256,PFDN2,115,-0.3011,159,0.50078,95,-0.5795,124,-0.1524
ENSG00000158793,NIT1,22,0.01930,25,0.38780,15,-0.5909,16,-0.4604
ENSG00000158796,DEDD,13,-0.8828,25,0.32760,27,0.28847,25,0.21014
ENSG00000143222,UFC1,136,0.23800,110,-0.2682,137,0.20842,118,-0.0333
ENSG00000143224,PPOX,10,-0.8102,23,1.45454,2,-2.6767,10,-0.6071
ENSG00000158850,B4GALT3,16,-0.9600,36,0.87122,18,-0.6892,28,0.01040
ENSG00000158864,NDUFS2,88,-0.5114,140,0.62555,86,-0.4809,103,-0.1958
ENSG00000158869,FCER1G,19,-0.0234,8,-1.8839,44,1.50434,38,1.23356
ENSG00000158882,TOMM40L,16,-0.3057,24,0.65378,13,-0.5702,14,-0.5582
ENSG00000248485,PCP4L1,42,0.59578,29,-0.1881,25,-0.3426,24,-0.4228
ENSG00000143252,SDHC,110,-0.0683,131,0.43709,86,-0.4601,82,-0.5388
ENSG00000081721,DUSP12,11,-0.6113,16,0.13916,22,0.61646,14,-0.1067
ENSG00000118217,ATF6,10,-1.4895,25,0.03252,52,1.33388,24,-0.0201
ENSG00000198929,NOS1AP,12,-1.5158,45,1.68894,25,-0.2473,5,-2.4831
ENSG00000152332,UHMK1,52,-1.0978,147,1.60572,19,-2.4767,68,-0.5745
ENSG00000117143,UAP1,15,-0.7810,29,0.59711,39,0.83868,6,-2.1107
ENSG00000117152,RGS4,158,-0.4915,314,1.67190,63,-1.8356,14,-4.0175
ENSG00000143248,RGS5,55,-0.2943,60,-0.2070,132,1.25219,35,-0.9649
ENSG00000185630,PBX1,52,-1.0531,123,0.90752,98,0.07554,59,-0.7462
ENSG00000143198,MGST3,550,0.34690,424,-0.2352,527,0.21968,371,-0.3573
ENSG00000143149,ALDH9A1,54,-0.2305,44,-0.8130,70,0.23397,132,1.38840
ENSG00000143183,TMCO1,55,-0.2290,57,-0.2297,33,-0.9827,125,1.22923
ENSG00000143179,UCK2,15,-0.3514,17,-0.2485,31,0.85862,19,0.06571
ENSG00000143157,POGK,35,0.13168,34,0.05467,11,-1.6758,48,0.62195
ENSG00000152382,TADA1,14,-0.5913,27,1.10299,11,-0.9848,11,-0.9427
ENSG00000143195,ILDR2,30,-0.0957,40,0.72082,19,-0.7972,16,-1.0653
ENSG00000143190,POU2F1,16,-0.1724,23,1.06992,0,-5.0847,12,-0.5270
ENSG00000143162,CREG1,29,-0.8859,52,0.24014,64,0.49021,53,0.17083
ENSG00000197965,MPZL1,30,0.40824,24,-0.1048,5,-2.4274,37,0.67374
ENSG00000143158,MPC2,113,-0.1672,143,0.47557,91,-0.4840,95,-0.4153
ENSG00000143164,DCAF6,40,-0.4903,79,1.61816,16,-1.8438,6,-3.1667
ENSG00000143155,TIPRL,29,-0.9174,74,1.61283,24,-1.0943,13,-2.0355
ENSG00000143153,ATP1B1,501,-0.5980,964,1.18511,296,-1.3394,397,-0.8906
ENSG00000075945,KIFAP3,91,-0.9608,228,1.46917,98,-0.7393,50,-1.7660
ENSG00000117523,PRRC2C,55,-0.5431,82,0.32631,108,0.65102,44,-0.8316
ENSG00000117533,VAMP4,31,0.04542,39,0.90437,4,-2.8362,17,-0.8665
ENSG00000197959,DNM3,74,-0.5539,121,0.62910,115,0.24013,50,-1.0806
ENSG00000135845,PIGC,13,-0.4676,15,-0.3963,35,1.24435,16,-0.0512
ENSG00000094975,SUCO,19,-0.4598,19,-0.6557,51,1.21635,34,0.49321
ENSG00000117592,PRDX6,178,-0.1992,164,-0.4896,154,-0.4036,414,1.31009
ENSG00000234741,GAS5,140,-0.2651,133,-0.4975,213,0.47084,262,0.83394
ENSG00000152061,RABGAP1L,42,-0.9257,95,1.05522,68,-0.0602,31,-1.2926
ENSG00000116161,CACYBP,127,-0.3972,209,0.98977,91,-0.8718,76,-1.1490
ENSG00000120333,MRPS14,31,0.20767,31,0.29903,14,-1.0268,23,-0.2856
ENSG00000116147,TNR,84,-0.2313,110,0.47178,37,-1.4477,112,0.28270
ENSG00000143207,COP1,15,-0.6661,30,0.97417,24,0.13202,5,-2.2904
ENSG00000152092,ASTN1,68,-0.1036,95,1.00083,10,-2.9671,45,-0.7460
ENSG00000198797,BRINP2,33,-0.6811,64,0.96873,54,0.18322,10,-2.3920
ENSG00000075391,RASAL2,16,-0.4439,32,1.64849,2,-3.2610,5,-2.1910
ENSG00000116199,FAM20B,54,0.06635,63,0.58591,35,-0.6400,24,-1.2369
ENSG00000143322,ABL2,17,-0.4512,30,1.21039,12,-0.8270,5,-2.1488
ENSG00000169905,TOR1AIP2,31,-0.4837,44,0.27929,49,0.33688,34,-0.2625
ENSG00000143337,TOR1AIP1,29,-0.2241,25,-0.6283,19,-0.8306,81,1.65857
ENSG00000135837,CEP350,14,-0.6514,15,-0.7174,45,1.42327,28,0.51723
ENSG00000116260,QSOX1,24,-1.0466,56,0.80277,34,-0.3819,44,0.02133
ENSG00000230124,ACBD6,18,-0.4694,29,0.70532,9,-1.4133,25,0.13024
ENSG00000143324,XPR1,30,0.24251,30,0.47795,18,-0.5643,9,-1.5340
ENSG00000135823,STX6,21,-0.6825,39,0.73483,2,-4.1481,49,0.76536
ENSG00000162783,IER5,11,-0.9218,31,1.99260,0,-4.6354,7,-1.5840
ENSG00000198216,CACNA1E,35,-0.8144,87,1.80181,20,-1.5522,7,-3.0380
ENSG00000135821,GLUL,1548,1.03075,732,-0.6857,534,-0.9251,1082,0.20690
ENSG00000135829,DHX9,37,-0.7009,58,0.13422,66,0.30739,69,0.37569
ENSG00000157064,NMNAT2,70,-0.0470,92,0.85483,54,-0.4450,9,-3.0330
ENSG00000116698,SMG7,32,-0.5873,65,1.51287,1,-4.7736,25,-0.8652
ENSG00000162704,ARPC5,87,-0.5141,136,0.53253,92,-0.3520,109,-0.0827
ENSG00000143344,RGL1,30,-0.9117,54,0.20551,75,0.66594,52,0.05403
ENSG00000198756,COLGALT2,25,-0.4418,27,-0.3922,18,-0.9087,77,1.58363
ENSG00000198860,TSEN15,36,0.19167,35,0.17233,9,-1.9613,42,0.40490
ENSG00000116667,C1orf21,99,0.65508,74,0.08318,46,-0.7081,35,-1.1379
ENSG00000116406,EDEM3,16,-0.3829,24,0.62353,7,-1.5767,23,0.23946
ENSG00000121481,RNF2,11,-0.8628,28,1.74036,4,-2.1800,6,-1.6038
ENSG00000121486,TRMT1L,13,0.01371,16,0.69503,0,-4.6786,13,-0.0065
ENSG00000116679,IVNS1ABP,27,-0.9642,57,0.62630,23,-1.1069,70,0.66832
ENSG00000047410,TPR,29,-0.3880,37,0.03076,50,0.53678,35,-0.0672
ENSG00000162670,BRINP3,8,-2.2959,57,2.84470,6,-2.5116,8,-2.0124
ENSG00000116741,RGS2,15,-1.2078,38,0.66378,54,0.96497,10,-1.6757
ENSG00000116750,UCHL5,26,-0.8175,54,0.99664,31,-0.4426,26,-0.7224
ENSG00000116747,RO60,18,0.12597,12,-0.8066,23,0.53173,27,0.79241
ENSG00000023572,GLRX2,21,-1.1313,55,1.07810,54,0.47083,7,-2.5334
ENSG00000134371,CDC73,12,-1.3329,22,-0.4407,77,1.96414,21,-0.3462
ENSG00000162630,B3GALT2,9,-3.4233,146,3.72687,19,-2.1947,6,-3.8473
ENSG00000177888,ZBTB41,19,-0.2647,27,0.62927,5,-2.1963,25,0.25023
ENSG00000151414,NEK7,24,-0.2948,22,-0.6606,23,-0.3780,69,1.58374
ENSG00000162702,ZNF281,9,-1.4614,25,0.37025,34,0.77287,23,0.09034
ENSG00000118200,CAMSAP2,88,-0.3290,147,1.22516,39,-1.5396,36,-1.6668
ENSG00000116852,KIF21B,74,0.30736,76,0.59903,41,-0.6792,12,-2.5552
ENSG00000116857,TMEM9,138,-0.4232,209,0.59690,133,-0.4273,143,-0.3167
ENSG00000174307,PHLDA3,48,-0.3613,53,-0.2859,39,-0.6339,122,1.29138
ENSG00000159176,CSRP1,241,-0.2747,132,-1.6878,204,-0.5057,1018,2.55105
ENSG00000134369,NAV1,36,0.05767,42,0.50696,0,-5.5974,43,0.33329
ENSG00000198700,IPO9,42,-0.0016,50,0.53475,31,-0.4965,22,-1.0004
ENSG00000198892,SHISA4,121,-0.3302,166,0.42357,90,-0.7541,161,0.18209
ENSG00000134375,TIMM17A,82,-0.1955,122,1.01570,55,-0.7959,21,-2.2354
ENSG00000176393,RNPEP,13,-0.6280,17,-0.1115,30,0.86517,19,0.13271
ENSG00000170075,GPR37L1,222,0.78284,103,-0.9688,92,-0.8012,270,0.99487
ENSG00000143862,ARL8A,69,-1.0869,154,0.61209,99,-0.4010,165,0.43895
ENSG00000077152,UBE2T,12,-0.8533,27,1.11191,25,0.38764,0,-5.5235
ENSG00000077157,PPP1R12B,20,-0.9754,30,-0.3861,60,0.94709,57,0.85742
ENSG00000117139,KDM5B,16,0.01183,20,0.78390,0,-4.9185,14,-0.1918
ENSG00000183155,RABIF,25,-0.1765,32,0.54031,19,-0.5431,19,-0.5234
ENSG00000117153,KLHL12,25,-0.4141,44,1.18128,20,-0.6938,6,-2.4916
ENSG00000159346,ADIPOR1,55,-0.3882,75,0.33115,77,0.20585,53,-0.3881
ENSG00000159348,CYB5R1,37,-0.1362,39,-0.1007,37,-0.1270,54,0.51013
ENSG00000163444,TMEM183A,60,-0.2301,86,0.81982,44,-0.6746,31,-1.2091
ENSG00000143847,PPFIA4,27,0.09060,30,0.46917,23,-0.1704,9,-1.6065
ENSG00000163485,ADORA1,32,-0.8348,72,1.17765,3,-4.0163,58,0.19255
ENSG00000188783,PRELP,9,-2.5947,14,-2.4358,162,2.38424,138,2.00549
ENSG00000058668,ATP2B4,83,-1.3507,277,1.75857,117,-0.6835,44,-2.1660
ENSG00000182004,SNRPE,82,-0.0907,76,-0.3087,120,0.57594,96,0.18040
ENSG00000143850,PLEKHA6,36,-0.1700,58,1.52548,2,-4.3725,7,-2.6399
ENSG00000158615,PPP1R15B,12,-0.7777,24,0.67774,16,-0.3141,18,-0.0831
ENSG00000198625,MDM4,16,-0.5323,22,-0.0375,14,-0.7351,43,1.14559
ENSG00000170382,LRRN2,21,-0.7554,43,0.95711,20,-0.7262,25,-0.4346
ENSG00000163531,NFASC,28,-1.6338,90,0.73328,11,-2.8339,149,1.29055
ENSG00000184144,CNTN2,23,-2.2185,62,-0.8211,24,-1.9453,372,3.01528
ENSG00000117222,RBBP5,18,-0.0864,22,0.46169,20,0.07355,7,-1.4089
ENSG00000133059,DSTYK,24,-0.7273,49,1.01551,27,-0.4895,20,-0.9023
ENSG00000133069,TMCC2,48,-0.1243,55,0.23124,19,-1.5616,74,0.61641
ENSG00000117266,CDK18,10,-1.9359,25,-0.6677,0,-5.9291,140,2.98772
ENSG00000174514,MFSD4A,41,-1.2528,137,2.18166,18,-2.3303,20,-2.1937
ENSG00000069275,NUCKS1,259,-0.5524,398,0.39575,399,0.21665,292,-0.2952
ENSG00000133065,SLC41A1,19,-0.4938,17,-0.9405,11,-1.2198,83,2.27183
ENSG00000266028,SRGAP2,29,-0.7030,53,0.67605,40,-0.0944,33,-0.4116
ENSG00000266094,RASSF5,7,-1.0954,23,2.06188,6,-1.2821,0,-5.6700
ENSG00000162889,MAPKAPK2,34,0.47330,20,-0.7535,22,-0.3275,45,0.88827
ENSG00000123836,PFKFB2,32,0.41178,16,-1.1453,7,-2.0711,74,1.90526
ENSG00000117335,CD46,20,-1.1571,30,-0.6714,90,1.47523,63,0.80733
ENSG00000076356,PLXNA2,27,-0.9301,63,1.14901,41,-0.1769,18,-1.4494
ENSG00000008118,CAMK1G,29,0.16950,31,0.47114,31,0.21996,0,-5.2445
ENSG00000117597,UTP25,10,-0.9299,18,0.20933,36,1.26425,8,-1.1775
ENSG00000143473,KCNH1,10,-0.0657,15,1.27499,0,-4.3505,3,-1.6377
ENSG00000117625,RCOR3,12,-1.2967,34,0.86563,0,-5.6646,49,1.08088
ENSG00000170385,SLC30A1,24,0.41630,17,-0.3043,30,0.73959,8,-1.3787
ENSG00000123684,LPGAT1,27,-0.8770,56,0.87274,39,-0.1967,31,-0.5522
ENSG00000066027,PPP2R5A,39,0.09789,29,-0.6241,29,-0.3769,72,1.17937
ENSG00000117691,NENF,199,-0.5597,224,-0.4985,319,0.27701,548,1.24960
ENSG00000117697,NSL1,14,-0.9984,29,0.34341,23,-0.1930,38,0.68429
ENSG00000203705,TATDN3,12,-0.5820,21,0.58097,19,0.15896,11,-0.6969
ENSG00000174606,ANGEL2,14,-0.6093,29,1.24848,10,-1.1465,9,-1.2602
ENSG00000136643,RPS6KC1,18,0.13844,20,0.61574,10,-0.7272,6,-1.5334
ENSG00000143499,SMYD2,51,0.76218,43,0.65413,2,-3.9053,5,-2.9672
ENSG00000136636,KCTD3,14,-0.7465,20,-0.3015,40,1.01903,29,0.43430
ENSG00000143353,LYPLAL1,18,-0.7298,27,0.02752,8,-1.8502,62,1.51396
ENSG00000136628,EPRS,37,-0.1076,44,0.38598,15,-1.4601,46,0.28072
ENSG00000067704,IARS2,35,-0.0383,37,0.09607,25,-0.5350,42,0.28862
ENSG00000118873,RAB3GAP2,22,-1.0404,59,1.46587,21,-1.0263,19,-1.1418
ENSG00000116141,MARK1,21,-0.6258,44,1.42649,10,-1.6818,12,-1.4138
ENSG00000162817,C1orf115,68,-0.2578,112,1.31014,40,-1.0437,2,-4.9572
ENSG00000154305,MIA3,22,-0.7120,39,0.62352,27,-0.2700,31,-0.0864
ENSG00000186063,AIDA,39,-0.3323,49,0.18101,46,-0.0329,51,0.14998
ENSG00000162819,BROX,31,-0.1431,34,0.06000,8,-2.0963,60,1.02647
ENSG00000143502,SUSD4,17,-1.2847,58,1.95891,22,-0.7753,2,-4.2977
ENSG00000162909,CAPN2,48,-0.2535,39,-0.8667,81,0.66420,106,1.16580
ENSG00000143514,TP53BP2,76,0.56182,46,-0.5469,28,-1.1237,93,0.82850
ENSG00000143756,FBXO28,22,-0.5182,37,0.85868,17,-0.8379,21,-0.4846
ENSG00000143753,DEGS1,37,-0.9910,63,-0.0941,120,1.06798,74,0.21471
ENSG00000143771,CNIH4,25,-0.0361,24,-0.1728,38,0.71270,19,-0.4467
ENSG00000162923,WDR26,32,-0.8487,65,0.74503,54,0.05639,36,-0.5630
ENSG00000143786,CNIH3,16,-0.6809,35,1.62923,0,-5.1446,12,-0.9661
ENSG00000154380,ENAH,48,-0.7104,60,-0.4606,135,1.10421,101,0.56990
ENSG00000143742,SRP9,216,-0.0984,240,0.16758,171,-0.4545,253,0.17831
ENSG00000143819,EPHX1,63,-0.6777,74,-0.5797,132,0.60997,183,1.20452
ENSG00000143811,PYCR2,33,-0.4943,41,-0.1850,41,-0.1122,78,1.01432
ENSG00000163041,H3F3A,237,-0.4464,236,-0.6363,502,0.87788,492,0.84351
ENSG00000182827,ACBD3,14,-1.3121,27,-0.2816,76,1.68642,28,-0.1319
ENSG00000143799,PARP1,75,-0.2352,80,-0.1613,40,-1.1859,170,1.20830
ENSG00000203685,STUM,52,-0.7859,117,1.41959,43,-0.9883,27,-1.6712
ENSG00000143772,ITPKB,39,-0.5694,26,-1.6193,20,-1.5361,223,2.94638
ENSG00000143801,PSEN2,9,-0.7371,19,0.83306,4,-2.0070,18,0.39950
ENSG00000163050,COQ8A,24,-0.5786,41,0.64797,18,-0.9447,37,0.16437
ENSG00000143776,CDC42BPA,39,-0.7032,61,0.19660,54,-0.0786,81,0.58908
ENSG00000143740,SNAP47,39,-0.7652,83,1.18050,31,-1.0497,37,-0.7635
ENSG00000081692,JMJD4,14,-0.7582,28,0.90577,16,-0.4412,15,-0.5629
ENSG00000143761,ARF1,223,-0.6029,380,0.66068,367,0.27895,148,-1.1680
ENSG00000143793,C1orf35,13,-0.2568,16,0.28572,9,-0.7017,18,0.32500
ENSG00000162910,MRPL55,68,-0.5735,95,0.07503,143,0.73519,83,-0.1813
ENSG00000143774,GUK1,828,0.22645,701,-0.1431,799,0.13110,643,-0.2247
ENSG00000168159,RNF187,297,-0.1245,396,0.73852,198,-0.7490,158,-1.1059
ENSG00000116574,RHOU,6,-2.9168,26,-0.8348,26,-0.5436,149,2.86066
ENSG00000168118,RAB4A,81,0.20059,79,0.24321,62,-0.2510,43,-0.8419
ENSG00000154429,CCSAP,46,-0.2474,60,0.45807,49,-0.0919,35,-0.6423
ENSG00000069248,NUP133,14,-0.8076,29,0.88379,5,-2.1837,29,0.42580
ENSG00000143641,GALNT2,27,-0.2773,39,0.72413,13,-1.2751,26,-0.2743
ENSG00000177614,PGBD5,73,-0.4891,135,1.24720,54,-0.9075,25,-2.0330
ENSG00000135744,AGT,295,0.07515,151,-1.4579,126,-1.2812,950,2.32822
ENSG00000119280,C1orf198,44,-0.5409,37,-1.1533,17,-1.9006,224,2.61437
ENSG00000173409,ARV1,29,-0.1040,30,0.00335,36,0.28481,28,-0.1443
ENSG00000116906,GNPAT,35,-0.5174,56,0.56366,22,-1.1928,59,0.36999
ENSG00000135766,EGLN1,63,-0.3456,80,0.15314,98,0.42021,64,-0.2811
ENSG00000116918,TSNAX,46,-0.4779,73,0.63918,55,-0.1369,40,-0.6600
ENSG00000116991,SIPA1L2,25,0.36844,21,0.08286,19,-0.1195,11,-0.9563
ENSG00000135778,NTPCR,50,-0.0197,58,0.44916,23,-1.1964,47,-0.1131
ENSG00000135749,PCNX2,46,0.31497,49,0.70573,14,-1.5589,12,-1.7505
ENSG00000135750,KCNK1,30,-1.7209,141,2.49783,14,-2.6972,24,-1.8932
ENSG00000168275,COA6,56,0.06101,72,0.97507,13,-2.1250,20,-1.5196
ENSG00000059588,TARBP1,12,-0.9257,24,0.43647,21,0.03701,24,0.28016
ENSG00000168264,IRF2BP2,62,-0.3271,77,0.10232,75,0.00930,87,0.26649
ENSG00000173726,TOMM20,191,-0.5192,351,1.18567,128,-1.0731,107,-1.3491
ENSG00000054267,ARID4B,36,-0.2197,45,0.32281,35,-0.2370,37,-0.1558
ENSG00000152904,GGPS1,21,-0.3812,25,-0.1387,33,0.36283,35,0.46870
ENSG00000168243,GNG4,61,0.90697,30,-0.6712,42,0.12413,30,-0.4459
ENSG00000077585,GPR137B,59,0.67207,31,-0.7686,15,-1.5425,80,1.11662
ENSG00000086619,ERO1B,12,-0.3248,17,0.46880,0,-4.8152,24,0.84523
ENSG00000116977,LGALS8,17,-0.2847,27,1.07659,0,-5.2652,16,-0.3135
ENSG00000077522,ACTN2,13,-1.4296,49,2.00782,8,-1.9258,13,-1.3581
ENSG00000198626,RYR2,15,-1.7687,74,2.42971,22,-1.0734,1,-5.1992
ENSG00000133019,CHRM3,11,-2.1001,63,1.95724,39,-0.0394,3,-3.7352
ENSG00000155816,FMN2,36,-0.2428,45,0.27200,45,0.16976,31,-0.4482
ENSG00000182901,RGS7,39,-0.3499,72,1.66837,8,-2.6774,3,-3.7988
ENSG00000091483,FH,31,-0.6780,54,0.57107,40,-0.1961,43,-0.0804
ENSG00000054277,OPN3,7,-1.1192,20,1.57294,7,-0.9129,5,-1.5020
ENSG00000203668,CHML,7,-1.4637,28,1.70596,12,-0.5854,5,-1.7831
ENSG00000143702,CEP170,35,-0.1528,52,1.04153,7,-2.5788,22,-0.8603
ENSG00000054282,SDCCAG8,54,0.72980,31,-0.5209,31,-0.3371,40,0.08638
ENSG00000117020,AKT3,127,0.26880,128,0.45780,75,-0.6154,44,-1.4557
ENSG00000179456,ZBTB18,177,0.11981,211,0.79257,116,-0.5845,17,-3.4232
ENSG00000035687,ADSS,29,-0.7785,61,1.08687,25,-0.9385,32,-0.5656
ENSG00000203667,COX20,148,0.06079,132,-0.2458,203,0.58390,124,-0.2364
ENSG00000153187,HNRNPU,117,-0.5929,194,0.57168,64,-1.4604,223,0.53874
ENSG00000185420,SMYD3,13,-1.4018,36,0.58066,49,0.82810,21,-0.5953
ENSG00000162852,CNST,18,-1.3164,55,1.36703,44,0.22099,5,-2.9141
ENSG00000143653,SCCPDH,47,-0.2715,64,0.50346,12,-2.3096,74,0.51191
ENSG00000153207,AHCTF1,11,-0.5591,18,0.40519,17,0.09207,14,-0.1565
ENSG00000175137,SH3BP5L,10,-1.1705,27,1.23479,21,0.12187,5,-1.9914
ENSG00000171161,ZNF672,12,-0.5710,16,-0.1100,17,0.02230,29,0.88805
ENSG00000171163,ZNF692,8,-1.4461,17,-0.0957,27,0.65367,33,1.01550
ENSG00000035115,SH3YL1,22,-0.1459,32,0.96153,2,-3.5720,18,-0.4294
ENSG00000143727,ACP1,71,-0.2579,100,0.68208,64,-0.3838,43,-0.9856
ENSG00000151353,TMEM18,13,-1.6299,33,-0.1912,77,1.37388,47,0.47499
ENSG00000186487,MYT1L,81,-0.7199,181,1.57426,75,-0.7556,4,-4.8085
ENSG00000032389,EIPR1,29,-0.6881,55,0.87849,43,0.00514,19,-1.2816
ENSG00000171853,TRAPPC12,22,-1.0381,43,0.25254,64,0.81745,36,-0.1285
ENSG00000182551,ADI1,58,-0.4196,58,-0.5895,87,0.28764,148,1.24384
ENSG00000171865,RNASEH1,22,-0.2842,33,0.91187,10,-1.3447,16,-0.7380
ENSG00000234171,RNASEH1-AS1,13,-0.6813,16,-0.4468,32,0.92622,29,0.72682
ENSG00000171863,RPS7,618,-0.2842,571,-0.6041,1383,1.14627,852,0.28258
ENSG00000232044,SILC1,26,0.07821,25,-0.0113,0,-5.6159,48,1.13452
ENSG00000151692,RNF144A,16,-1.0626,33,0.34223,1,-4.5362,70,1.56589
ENSG00000115738,ID2,76,-0.5680,85,-0.5053,145,0.56812,189,1.05043
ENSG00000134313,KIDINS220,76,-0.7388,147,0.87528,91,-0.3543,78,-0.6057
ENSG00000143797,MBOAT2,45,-0.0411,51,0.29823,11,-2.1589,64,0.54835
ENSG00000151693,ASAP2,31,-0.0924,42,0.79327,22,-0.6664,12,-1.5951
ENSG00000119185,ITGB1BP1,89,0.01852,104,0.52491,68,-0.4238,43,-1.1275
ENSG00000119203,CPSF3,11,-0.9612,19,0.01142,34,0.96697,20,0.10959
ENSG00000134330,IAH1,43,-0.1481,45,-0.0461,62,0.48723,40,-0.2104
ENSG00000151694,ADAM17,15,-0.4193,20,0.12618,16,-0.2863,26,0.55801
ENSG00000134308,YWHAQ,225,-0.5511,354,0.48523,185,-0.7916,377,0.36217
ENSG00000115756,HPCAL1,87,-1.9964,467,2.19965,188,-0.6659,43,-2.8772
ENSG00000115758,ODC1,18,-0.4874,25,0.17964,7,-1.9274,47,1.14932
ENSG00000143870,PDIA6,66,-0.3408,87,0.24322,71,-0.1855,88,0.16434
ENSG00000162975,KCNF1,95,-0.7413,206,1.39355,100,-0.5608,24,-2.7245
ENSG00000134318,ROCK2,47,-0.9418,111,1.16326,80,-0.0072,23,-1.9205
ENSG00000169006,NTSR2,140,0.85114,77,-0.4890,35,-1.5188,120,0.42522
ENSG00000134324,LPIN1,32,-0.4363,40,-0.0461,62,0.70270,40,-0.0438
ENSG00000071575,TRIB2,44,-0.1027,62,0.96718,19,-1.3615,18,-1.4756
ENSG00000162981,LRATD1,25,-0.8176,59,1.46132,26,-0.6912,8,-2.4149
ENSG00000151779,NBAS,29,-0.3219,44,0.76308,28,-0.3133,15,-1.2373
ENSG00000079785,DDX1,53,-0.7814,114,1.17667,32,-1.4667,62,-0.4425
ENSG00000197872,FAM49A,78,-0.6911,171,1.56121,54,-1.1768,20,-2.6307
ENSG00000163032,VSNL1,417,-1.1184,1274,2.11336,301,-1.4996,41,-4.4396
ENSG00000240857,RDH14,10,-1.3764,29,0.95319,16,-0.4666,23,0.10416
ENSG00000068697,LAPTM4A,95,-0.4197,88,-0.7566,209,0.97704,199,0.88915
ENSG00000055917,PUM2,75,-0.3676,100,0.28566,118,0.42728,61,-0.6355
ENSG00000143878,RHOB,140,-0.8135,172,-0.6429,500,1.46766,295,0.48865
ENSG00000119782,FKBP1B,54,-0.3963,88,0.93949,61,-0.1386,13,-2.4331
ENSG00000115128,SF3B6,93,-0.5728,130,0.05078,155,0.32450,159,0.37583
ENSG00000219626,FAM228B,29,-0.1624,20,-1.0501,64,1.23288,49,0.74792
ENSG00000198399,ITSN2,19,-1.0877,37,0.07054,62,0.94456,39,0.14676
ENSG00000084676,NCOA1,74,-0.2158,97,0.50248,44,-0.9994,82,-0.0118
ENSG00000184924,PTRHD1,49,-0.3001,51,-0.3166,79,0.55573,77,0.49988
ENSG00000138031,ADCY3,21,-0.9742,38,0.06946,57,0.72895,45,0.32128
ENSG00000115137,DNAJC27,10,-0.3401,15,0.69983,2,-2.3290,14,0.24720
ENSG00000084710,EFR3B,82,-0.1379,102,0.43294,72,-0.3299,64,-0.5133
ENSG00000138101,DTNB,39,-0.2608,57,0.78735,25,-0.9044,28,-0.7499
ENSG00000084731,KIF3C,242,-0.0988,349,1.12164,100,-1.4706,58,-2.2851
ENSG00000084733,RAB10,68,-0.2908,83,0.09979,65,-0.3421,107,0.49198
ENSG00000157833,GAREM2,37,1.36458,13,-0.9923,0,-5.2901,32,0.80700
ENSG00000084754,HADHA,54,-0.5507,62,-0.4474,74,0.00591,157,1.34374
ENSG00000138029,HADHB,101,0.45442,63,-0.6399,36,-1.2589,154,1.13846
ENSG00000138018,SELENOI,30,-0.6219,63,1.49873,1,-4.6090,26,-0.7656
ENSG00000213699,SLC35F6,17,-0.8163,32,0.51779,18,-0.6338,37,0.49672
ENSG00000157851,DPYSL5,9,-2.0975,49,1.46550,4,-3.2514,48,0.60805
ENSG00000084764,MAPRE3,135,-0.7461,277,1.07133,196,-0.0712,60,-1.8963
ENSG00000119777,TMEM214,13,-1.0194,26,0.34455,40,0.90333,16,-0.5571
ENSG00000228474,OST4,295,0.00195,216,-0.7963,560,1.12176,348,0.27286
ENSG00000138030,KHK,10,-0.6051,18,0.91109,0,-4.8002,18,0.43973
ENSG00000138028,CGREF1,42,-0.5875,67,0.48509,81,0.58906,27,-1.2066
ENSG00000138073,PREB,19,-0.4670,29,0.53524,7,-1.8877,35,0.58862
ENSG00000138085,ATRAID,34,-0.5994,35,-0.7698,47,-0.0201,125,1.76286
ENSG00000115194,SLC30A3,28,-1.5196,105,1.85355,52,-0.3948,7,-3.2713
ENSG00000115204,MPV17,40,-0.2508,44,-0.0820,45,-0.0162,63,0.53617
ENSG00000115207,GTF3C2,12,-0.2476,18,0.65320,0,-4.8224,19,0.46240
ENSG00000115211,EIF2B4,20,-0.2885,26,0.20209,4,-2.5013,43,1.03163
ENSG00000115234,SNX17,59,-0.5892,90,0.27363,73,-0.1953,105,0.41953
ENSG00000163795,ZNF513,16,0.24849,18,0.62850,1,-4.0829,12,-0.3504
ENSG00000115241,PPM1G,33,-0.1115,44,0.74363,8,-2.2967,31,-0.2107
ENSG00000115216,NRBP1,40,-0.5466,61,0.42373,48,-0.1620,55,0.04018
ENSG00000138002,IFT172,11,-0.4450,19,1.11941,6,-1.2252,6,-1.1387
ENSG00000115226,FNDC4,78,0.18928,80,0.38040,57,-0.3382,32,-1.2265
ENSG00000243943,ZNF512,29,0.22664,26,0.01933,24,-0.1571,21,-0.3230
ENSG00000198522,GPN1,22,0.39010,20,0.32657,15,-0.2530,4,-2.0846
ENSG00000119760,SUPT7L,18,-1.0748,45,1.08544,27,-0.3326,21,-0.6812
ENSG00000163798,SLC4A1AP,28,-0.4758,45,0.72747,27,-0.4541,25,-0.5522
ENSG00000243147,MRPL33,164,0.13085,140,-0.2572,223,0.63301,117,-0.4325
ENSG00000158019,BABAM2,24,-0.2801,40,1.27534,5,-2.4353,11,-1.4033
ENSG00000075426,FOSL2,13,-0.0936,14,0.09066,19,0.51508,8,-0.7816
ENSG00000213639,PPP1CB,185,-0.3886,296,0.88429,124,-0.9693,146,-0.7074
ENSG00000115295,CLIP4,31,-0.5229,52,0.80891,23,-0.8846,34,-0.3108
ENSG00000119801,YPEL5,95,-0.3920,138,0.49993,105,-0.1899,94,-0.3566
ENSG00000213626,LBH,29,-0.2103,25,-0.6438,93,1.97847,6,-2.4261
ENSG00000013016,EHD3,62,-0.6547,121,1.10500,70,-0.3948,31,-1.6126
ENSG00000162961,DPY30,46,-0.5038,68,0.30773,84,0.54375,41,-0.6361
ENSG00000021574,SPAST,22,0.05257,25,0.59441,8,-1.3982,15,-0.5283
ENSG00000119820,YIPF4,45,-0.8176,85,0.60282,73,0.06355,61,-0.2373
ENSG00000115760,BIRC6,20,-0.5111,29,0.26565,43,0.83764,12,-1.1329
ENSG00000119812,FAM98A,19,-1.3887,72,2.19791,9,-2.3647,13,-1.8141
ENSG00000260025,CRIM1-DT,56,0.73709,39,0.00222,31,-0.3541,13,-1.7069
ENSG00000150938,CRIM1,57,-0.0508,59,0.02195,87,0.67002,31,-0.9799
ENSG00000171055,FEZ2,36,-0.9282,64,0.11030,83,0.49660,81,0.45849
ENSG00000115808,STRN,13,-1.4244,34,0.25916,54,0.97197,31,0.01126
ENSG00000008869,HEATR5B,12,-0.7232,22,0.51129,18,-0.0605,18,-0.0153
ENSG00000152133,GPATCH11,13,-0.7830,26,0.71082,18,-0.1828,17,-0.2812
ENSG00000055332,EIF2AK2,35,-0.2982,43,0.12454,48,0.26988,39,-0.0914
ENSG00000218739,CEBPZOS,33,-0.4250,42,0.01451,49,0.25427,51,0.33859
ENSG00000115816,CEBPZ,18,-0.1431,20,0.00346,34,0.92156,8,-1.3072
ENSG00000119787,ATL2,23,-0.4836,38,0.69070,44,0.62400,2,-3.8795
ENSG00000143889,HNRNPLL,27,-0.4976,46,0.78154,20,-0.8871,30,-0.2828
ENSG00000115875,SRSF7,32,-1.2207,69,0.23193,119,1.08238,52,-0.3226
ENSG00000188010,MORN2,45,-0.3771,56,0.01921,83,0.67351,47,-0.2557
ENSG00000115904,SOS1,18,-0.2238,22,0.16110,22,0.13337,19,-0.1424
ENSG00000011566,MAP4K3,14,-0.9692,36,1.25272,10,-1.3748,20,-0.3964
ENSG00000231312,MAP4K3-DT,16,-0.4282,24,0.57676,14,-0.5661,18,-0.1391
ENSG00000152154,TMEM178A,79,-0.8119,193,1.83695,34,-1.9674,23,-2.5455
ENSG00000183023,SLC8A1,58,-0.5704,121,1.63900,19,-2.1469,18,-2.2849
ENSG00000162878,PKDCC,7,-1.0357,21,2.08495,0,-4.6845,4,-1.5877
ENSG00000115944,COX7A2L,149,-0.5000,280,1.32295,79,-1.4212,69,-1.6275
ENSG00000057935,MTA3,49,0.54277,44,0.57767,12,-1.6937,9,-2.1090
ENSG00000152518,ZFP36L2,35,-0.3375,21,-1.5394,103,1.60483,79,1.08361
ENSG00000138036,DYNC2LI1,10,-1.3693,31,1.11308,18,-0.3640,18,-0.3314
ENSG00000138095,LRPPRC,55,-0.5144,106,1.36407,4,-4.1349,48,-0.6675
ENSG00000138032,PPM1B,42,-0.6052,68,0.41510,78,0.45521,40,-0.6199
ENSG00000138078,PREPL,244,-0.6271,503,1.44874,137,-1.4442,112,-1.7505
ENSG00000171132,PRKCE,45,-1.4499,181,2.66865,3,-5.1596,19,-2.5899
ENSG00000116016,EPAS1,69,-0.6191,46,-1.6871,380,2.74624,74,-0.4392
ENSG00000119729,RHOQ,44,-0.3959,38,-0.9003,113,1.26275,85,0.75027
ENSG00000151665,PIGF,16,-0.1287,15,-0.3231,3,-2.4389,42,1.56047
ENSG00000119878,CRIPT,42,-0.3224,55,0.28949,32,-0.6994,64,0.40082
ENSG00000171150,SOCS5,19,-0.7971,43,1.38847,17,-0.9033,10,-1.6175
ENSG00000180398,MCFD2,55,-0.4088,74,0.26066,90,0.47326,48,-0.5523
ENSG00000143933,CALM2,1378,-0.4836,2422,1.06535,893,-1.1017,980,-0.9594
ENSG00000095002,MSH2,14,-0.6500,26,0.83863,28,0.48381,2,-3.0529
ENSG00000184261,KCNK12,42,0.86807,23,-0.4176,34,0.35730,8,-1.8194
ENSG00000138081,FBXO11,44,-0.7654,93,1.18235,49,-0.5067,27,-1.4238
ENSG00000162869,PPP1R21,19,-0.7518,29,0.02491,55,1.13700,21,-0.5063
ENSG00000179915,NRXN1,178,-0.0800,251,1.04873,100,-0.9894,28,-2.8819
ENSG00000115239,ASB3,22,-0.6263,37,0.50470,32,0.05059,27,-0.2544
ENSG00000068912,ERLEC1,62,-0.7106,125,1.07854,40,-1.2872,71,-0.4140
ENSG00000170634,ACYP2,130,0.23046,123,0.18855,62,-0.9776,110,-0.0862
ENSG00000115306,SPTBN1,415,-0.0525,471,0.30437,340,-0.3690,357,-0.2899
ENSG00000115310,RTN4,489,-0.8081,1063,1.18952,441,-0.8764,444,-0.8661
ENSG00000143947,RPS27A,1354,-0.1185,1184,-0.5197,1999,0.55423,2084,0.62743
ENSG00000115355,CCDC88A,89,-0.6332,116,-0.2117,181,0.62587,180,0.61101
ENSG00000163001,CFAP36,98,0.20320,100,0.38759,64,-0.5209,46,-1.0304
ENSG00000275052,PPP4R3B,34,-0.2801,46,0.49160,29,-0.4979,34,-0.2330
ENSG00000115380,EFEMP1,60,0.04339,38,-1.0356,58,-0.0080,137,1.53004
ENSG00000055813,CCDC85A,27,-0.4252,42,0.70606,40,0.29362,8,-2.1044
ENSG00000115392,FANCL,9,-1.6385,27,0.52214,44,1.12205,14,-0.7842
ENSG00000119866,BCL11A,73,-0.4502,129,1.17413,62,-0.6547,20,-2.3228
ENSG00000162929,KIAA1841,9,-0.6526,21,1.79306,0,-4.7278,4,-1.6465
ENSG00000237651,C2orf74,72,0.01325,86,0.58465,33,-1.1891,51,-0.5416
ENSG00000115464,USP34,37,-0.1512,47,0.50856,28,-0.5586,30,-0.4700
ENSG00000082898,XPO1,53,0.00930,53,0.00867,42,-0.3695,63,0.27887
ENSG00000115484,CCT4,87,-0.3169,112,0.26211,113,0.16173,87,-0.2716
ENSG00000173163,COMMD1,27,-0.2117,32,0.10542,42,0.54731,21,-0.6110
ENSG00000115504,EHBP1,30,-0.3766,49,1.02716,20,-0.9862,17,-1.2246
ENSG00000014641,MDH1,276,-0.5566,510,1.10366,261,-0.5782,135,-1.5843
ENSG00000169764,UGP2,150,-0.0764,196,0.75562,117,-0.4685,47,-1.8469
ENSG00000197329,PELI1,8,-1.2385,25,1.20658,8,-1.2369,17,-0.0483
ENSG00000119862,LGALSL,25,0.10849,32,1.04915,3,-2.8837,8,-1.6880
ENSG00000119844,AFTPH,18,-1.0239,45,1.07447,24,-0.5217,24,-0.5196
ENSG00000237638,LINC02245,11,-0.3617,21,1.64369,0,-4.7643,3,-2.1471
ENSG00000115902,SLC1A4,122,0.49597,104,0.25984,21,-2.2864,82,-0.2556
ENSG00000011523,CEP68,34,-0.0142,42,0.72232,28,-0.2777,6,-2.5501
ENSG00000138069,RAB1A,94,-0.7648,188,0.90383,131,-0.1512,81,-0.9169
ENSG00000138071,ACTR2,108,-0.5193,174,0.61225,125,-0.2247,112,-0.3972
ENSG00000198369,SPRED2,31,0.04143,36,0.53282,22,-0.5164,15,-1.1000
ENSG00000197223,C1D,35,-0.3595,55,0.88853,6,-2.8401,42,-0.0009
ENSG00000221823,PPP3R1,94,-0.7332,221,1.83040,45,-1.7778,14,-3.5015
ENSG00000119865,CNRIP1,75,-0.6697,160,1.47264,46,-1.3522,33,-1.8289
ENSG00000169604,ANTXR1,16,-0.5071,12,-1.2834,20,-0.0566,67,2.21074
ENSG00000198380,GFPT1,31,0.03306,37,0.70074,0,-5.8739,30,-0.0112
ENSG00000169599,NFU1,23,-0.5071,35,0.35852,31,0.00961,30,-0.0335
ENSG00000115977,AAK1,86,-0.2180,129,0.97606,69,-0.5466,19,-2.4662
ENSG00000087338,GMCL1,11,-0.5425,18,0.36821,21,0.52428,10,-0.7189
ENSG00000124380,SNRNP27,45,-0.2342,63,0.72585,27,-0.9589,35,-0.5742
ENSG00000169564,PCBP1,160,-0.4918,217,0.09872,209,-0.0042,279,0.48483
ENSG00000116001,TIA1,15,-1.2401,31,0.02638,47,0.74962,44,0.60100
ENSG00000116005,PCYOX1,40,-0.4028,54,0.20166,76,0.69998,30,-0.8089
ENSG00000143977,SNRPG,85,-0.1424,73,-0.6019,154,0.88951,119,0.43234
ENSG00000035141,FAM136A,19,-0.9354,34,0.08733,74,1.41300,16,-1.1402
ENSG00000075340,ADD2,120,-0.0611,180,1.40607,1,-6.1694,29,-2.2151
ENSG00000144043,TEX261,14,-0.9929,19,-0.6391,33,0.46798,61,1.58856
ENSG00000124357,NAGK,29,-0.9826,51,0.04246,76,0.70065,64,0.41371
ENSG00000124383,MPHOSPH10,15,-0.4334,24,0.62700,24,0.32673,6,-1.6646
ENSG00000124374,PAIP2B,23,-0.4482,14,-1.6400,20,-0.5925,112,2.65838
ENSG00000075292,ZNF638,41,-0.2727,54,0.36960,46,-0.0571,38,-0.3735
ENSG00000003137,CYP26B1,8,-1.9359,45,2.29694,7,-1.9279,11,-1.3586
ENSG00000144036,EXOC6B,30,-0.6616,47,0.28684,31,-0.5120,64,0.67149
ENSG00000144040,SFXN5,267,1.26085,122,-0.5518,78,-1.0330,102,-0.6181
ENSG00000135631,RAB11FIP5,39,0.40266,35,0.26821,23,-0.5374,15,-1.2095
ENSG00000272702,AC010913.1,25,0.49905,24,0.60094,4,-2.2615,7,-1.4968
ENSG00000135632,SMYD5,16,-0.6851,26,0.29333,11,-1.1693,41,0.96371
ENSG00000135617,PRADC1,24,-0.1179,28,0.22309,16,-0.7011,30,0.25517
ENSG00000135624,CCT7,74,-0.6317,122,0.46834,106,0.01223,98,-0.1145
ENSG00000163013,FBXO41,85,0.35674,86,0.61229,19,-2.0300,35,-1.0991
ENSG00000135625,EGR4,14,-0.3909,26,1.61165,6,-1.6811,0,-6.8803
ENSG00000144034,TPRKB,22,-0.0210,18,-0.5278,55,1.60225,7,-1.7526
ENSG00000124356,STAMBP,13,-0.4287,15,-0.2551,13,-0.3944,33,1.20367
ENSG00000114956,DGUOK,36,-0.9282,78,0.87689,55,-0.1552,43,-0.5340
ENSG00000163170,BOLA3,87,0.26250,85,0.33049,62,-0.3220,33,-1.3014
ENSG00000114978,MOB1A,18,-0.6751,23,-0.3530,44,0.86833,38,0.63265
ENSG00000204843,DCTN1,185,-0.4641,297,0.73092,220,-0.1287,125,-1.0200
ENSG00000005448,WDR54,11,-1.1989,32,1.30098,13,-0.8358,15,-0.5697
ENSG00000115274,INO80B,18,-0.3951,26,0.42798,17,-0.4631,24,0.06823
ENSG00000239779,WBP1,88,0.13672,69,-0.4450,63,-0.4255,139,0.91488
ENSG00000115275,MOGS,12,-0.4555,19,0.75452,0,-4.7010,21,0.53141
ENSG00000204822,MRPL53,18,-0.1165,12,-1.1432,50,1.78155,19,-0.0157
ENSG00000115307,AUP1,36,-0.6311,48,-0.1645,40,-0.3639,102,1.23362
ENSG00000115317,HTRA2,25,0.20983,25,0.36474,0,-5.4191,28,0.36675
ENSG00000135622,SEMA4F,14,-0.8643,33,1.40596,16,-0.5382,5,-2.2248
ENSG00000115350,POLE4,101,-0.0021,102,0.01300,76,-0.4621,125,0.35038
ENSG00000115364,MRPL19,17,-0.3558,22,0.17143,27,0.42714,17,-0.3222
ENSG00000176204,LRRTM4,15,-0.6412,36,2.16196,0,-4.6733,0,-7.1818
ENSG00000066032,CTNNA2,137,0.36757,111,-0.0612,94,-0.3023,96,-0.2679
ENSG00000162951,LRRTM1,33,-0.3347,57,1.30228,11,-2.0153,14,-1.5893
ENSG00000163541,SUCLG1,51,-0.5768,73,0.13680,65,-0.1113,99,0.58877
ENSG00000034510,TMSB10,2423,-0.4266,3558,0.48618,4315,0.58950,997,-1.7442
ENSG00000176407,KCMF1,54,0.27201,51,0.28035,39,-0.3027,22,-1.1421
ENSG00000152291,TGOLN2,61,-1.0070,141,0.90668,91,-0.2824,87,-0.3547
ENSG00000042445,RETSAT,27,-0.1071,20,-0.8452,27,-0.0966,67,1.50312
ENSG00000042493,CAPG,19,-0.6003,10,-2.0317,55,1.24917,80,2.03808
ENSG00000168906,MAT2A,63,-0.5514,64,-0.7205,140,0.84496,159,1.08699
ENSG00000115486,GGCX,21,-0.5569,27,-0.1474,25,-0.1785,52,1.05380
ENSG00000168899,VAMP5,19,-1.8537,20,-2.2512,102,0.99670,241,2.92373
ENSG00000168894,RNF181,68,-0.6273,78,-0.5731,211,1.38574,115,0.29044
ENSG00000168883,USP39,20,0.05797,17,-0.3388,27,0.50441,21,0.09451
ENSG00000115525,ST3GAL5,38,-0.8888,80,0.83232,45,-0.5254,59,-0.1113
ENSG00000132300,PTCD3,33,-0.2783,38,0.04619,15,-1.4712,69,1.04286
ENSG00000132305,IMMT,48,-0.4044,76,0.85833,39,-0.6741,34,-0.8773
ENSG00000132313,MRPL35,30,-0.3182,43,0.54197,38,0.10694,18,-1.0901
ENSG00000068615,REEP1,65,-0.1574,102,1.32458,13,-2.5293,17,-2.1542
ENSG00000115548,KDM3A,17,-0.2394,19,-0.0333,14,-0.4889,30,0.74530
ENSG00000115561,CHMP3,107,0.20014,113,0.49811,62,-0.7050,44,-1.2393
ENSG00000239305,RNF103,34,-0.3684,48,0.40547,30,-0.5242,45,0.12295
ENSG00000153561,RMND5A,36,-0.0829,49,0.89694,0,-5.6729,32,-0.2503
ENSG00000222041,CYTOR,16,-0.3591,22,0.48873,31,0.79391,1,-3.6402
ENSG00000172005,MAL,42,-1.4168,60,-1.1248,42,-1.2820,400,2.91786
ENSG00000144029,MRPS5,27,-0.5918,38,-0.0176,41,0.11826,57,0.69380
ENSG00000115041,KCNIP3,24,-0.6418,47,1.14684,1,-4.6295,35,0.05644
ENSG00000115042,FAHD2A,15,-1.0588,32,0.52873,10,-1.4488,48,0.99589
ENSG00000084090,STARD7,124,-0.2463,153,0.22190,120,-0.2701,155,0.14407
ENSG00000135956,TMEM127,55,-0.2209,67,0.23973,52,-0.2881,65,0.08286
ENSG00000144021,CIAO1,57,-0.2939,77,0.46521,27,-1.3932,82,0.35761
ENSG00000144028,SNRNP200,49,-0.2043,49,-0.3318,54,-0.0236,93,0.89278
ENSG00000114982,KANSL3,13,-0.7150,20,0.22161,33,0.97573,11,-0.8474
ENSG00000213337,ANKRD39,28,0.23733,32,0.78329,2,-3.3302,14,-0.8935
ENSG00000168758,SEMA4C,11,-0.4955,15,0.02092,8,-0.9824,29,1.12634
ENSG00000144199,FAHD2B,27,0.06381,26,0.01151,0,-5.6499,49,1.11881
ENSG00000135940,COX5B,911,0.24838,837,0.12197,580,-0.5238,673,-0.2864
ENSG00000115073,ACTR1B,60,-0.2180,78,0.43238,84,0.35500,26,-1.4898
ENSG00000075568,TMEM131,15,-1.6285,50,0.73161,68,0.89045,22,-0.9427
ENSG00000040933,INPP4A,35,-0.7074,71,1.12328,40,-0.4037,19,-1.5142
ENSG00000183513,COA5,58,0.25465,55,0.22383,11,-2.2926,60,0.28700
ENSG00000115446,UNC50,21,-0.6198,31,0.14206,8,-1.8850,62,1.29769
ENSG00000071073,MGAT4A,19,-0.7184,40,1.25190,19,-0.6128,9,-1.7101
ENSG00000196872,KIAA1211L,44,-0.5827,84,1.18850,52,-0.2459,7,-3.1917
ENSG00000185414,MRPL30,22,-0.5105,33,0.40455,29,0.00702,26,-0.1338
ENSG00000115514,TXNDC9,17,-0.1536,22,0.50292,0,-5.0043,26,0.60722
ENSG00000158417,EIF5B,60,-0.4532,97,0.75674,45,-0.8405,63,-0.3290
ENSG00000144218,AFF3,13,-1.2249,41,1.86476,3,-3.1662,15,-0.8182
ENSG00000170500,LONRF2,75,-0.7535,182,2.02000,5,-4.6755,24,-2.3556
ENSG00000115526,CHST10,29,0.05294,33,0.51329,17,-0.7854,18,-0.7459
ENSG00000115539,PDCL3,17,0.18727,12,-0.5949,19,0.31078,22,0.58038
ENSG00000170485,NPAS2,28,-0.5841,54,1.21120,14,-1.5840,23,-0.8329
ENSG00000071082,RPL31,1161,0.01660,1003,-0.3742,1670,0.63205,1207,0.07825
ENSG00000163162,RNF149,13,-0.4563,24,1.24767,1,-4.0675,12,-0.4882
ENSG00000175874,CREG2,128,-0.7272,300,1.88677,57,-1.8596,11,-4.2647
ENSG00000071054,MAP4K4,57,-0.5745,57,-0.7615,43,-0.9294,234,2.07846
ENSG00000233639,PANTR1,37,0.59059,16,-1.3174,35,0.38980,50,0.99631
ENSG00000198914,POU3F3,66,0.48907,43,-0.4728,33,-0.6966,75,0.63410
ENSG00000135972,MRPS9,14,-0.3164,23,1.03852,0,-4.8875,15,-0.1874
ENSG00000135966,TGFBRAP1,19,-0.1176,24,0.60556,16,-0.3837,10,-1.0904
ENSG00000115641,FHL2,11,-0.9381,26,1.16018,19,0.09043,4,-2.2616
ENSG00000071051,NCK2,32,0.02010,32,-0.0194,36,0.21228,28,-0.2274
ENSG00000115652,UXS1,13,-0.9540,30,0.94331,7,-1.7355,28,0.35171
ENSG00000144057,ST6GAL2,16,-0.9192,38,1.08894,12,-1.2198,25,-0.1776
ENSG00000135968,GCC2,69,0.02194,83,0.64236,56,-0.3134,18,-1.9984
ENSG00000153201,RANBP2,39,-0.7764,65,0.25865,96,0.81789,43,-0.5090
ENSG00000175701,MTLN,141,0.23759,125,-0.0030,146,0.26455,72,-0.8821
ENSG00000175772,LINC01106,14,-0.3694,26,1.70438,1,-3.5814,2,-2.9699
ENSG00000153107,ANAPC1,15,-0.4263,24,0.65318,18,-0.1051,11,-0.8653
ENSG00000153208,MERTK,25,0.86428,12,-0.7734,21,0.38827,13,-0.4322
ENSG00000188177,ZC3H6,55,0.77015,33,-0.3720,38,0.01378,23,-0.8040
ENSG00000114999,TTL,38,-0.6311,71,0.91834,27,-1.0783,46,-0.2755
ENSG00000125611,CHCHD5,62,0.27231,45,-0.4608,55,0.03143,71,0.46547
ENSG00000144136,SLC20A1,47,0.55785,39,0.33506,19,-0.9961,13,-1.5605
ENSG00000189223,PAX8-AS1,21,-0.0088,28,0.96939,10,-1.1640,5,-2.2436
ENSG00000115084,SLC35F5,15,-0.2127,15,-0.2594,25,0.65177,19,0.16628
ENSG00000115091,ACTR3,45,-0.6665,86,0.99357,28,-1.3235,55,-0.2572
ENSG00000175497,DPP10,34,-0.8198,86,1.97401,0,-6.6344,18,-1.6822
ENSG00000235026,DPP10-AS1,21,0.76613,16,0.33105,7,-1.1210,2,-2.8483
ENSG00000088205,DDX18,23,-0.9139,43,0.32630,46,0.30157,44,0.23187
ENSG00000125629,INSIG2,22,-0.3023,27,0.20255,35,0.51967,17,-0.6741
ENSG00000144119,C1QL2,22,-0.0306,27,0.71083,4,-2.3527,18,-0.2685
ENSG00000155368,DBI,479,-0.1720,288,-1.3993,776,0.66758,1309,1.66549
ENSG00000088179,PTPN4,36,0.26151,42,0.99919,0,-5.9428,11,-1.5787
ENSG00000226479,TMEM185B,15,-0.2923,17,0.03288,19,0.17329,20,0.20761
ENSG00000144118,RALB,79,0.31231,73,0.21209,79,0.25983,13,-2.5072
ENSG00000074054,CLASP1,50,-0.2099,74,0.98790,14,-2.1066,35,-0.7283
ENSG00000155438,NIFK,15,-0.4077,21,0.41867,3,-2.7318,31,0.86165
ENSG00000211460,TSN,45,-0.3608,65,0.52670,16,-1.9009,73,0.48693
ENSG00000136717,BIN1,95,-0.9768,183,0.31961,112,-0.6130,283,0.93541
ENSG00000163161,ERCC3,15,-0.2620,23,1.05978,0,-5.0566,14,-0.3244
ENSG00000169967,MAP3K2,13,-0.8266,22,0.24121,18,-0.2233,32,0.72538
ENSG00000163166,IWS1,18,-0.3001,16,-0.7095,26,0.35892,43,1.24265
ENSG00000144230,GPR17,21,-0.2875,17,-0.9099,29,0.22421,60,1.55133
ENSG00000136709,WDR33,30,-0.5302,45,0.37944,38,-0.0832,41,0.04277
ENSG00000144231,POLR2D,20,-0.0585,19,-0.1259,21,0.09120,24,0.27371
ENSG00000136715,SAP130,7,-1.0728,19,1.04891,14,-0.0311,7,-1.0063
ENSG00000136731,UGGT1,16,-0.5034,21,-0.0927,25,0.25620,31,0.61921
ENSG00000136720,HS6ST1,88,0.13125,85,0.07335,81,-0.0383,64,-0.3993
ENSG00000136699,SMPD4,20,-0.5870,34,0.60643,2,-3.5282,46,0.83067
ENSG00000152082,MZT2B,587,0.22719,500,-0.1255,469,-0.1748,538,0.04866
ENSG00000136710,CCDC115,43,-0.3402,57,0.29463,41,-0.3734,58,0.20485
ENSG00000136718,IMP4,57,-0.0914,62,0.08947,68,0.22168,49,-0.3088
ENSG00000072135,PTPN18,24,-0.3910,25,-0.5146,74,1.62426,19,-0.7197
ENSG00000136002,ARHGEF4,142,0.08668,158,0.47403,81,-0.8258,90,-0.6665
ENSG00000152102,FAM168B,94,-0.4662,152,0.75752,76,-0.7468,96,-0.3812
ENSG00000115762,PLEKHB2,160,-0.1682,219,0.74522,108,-0.7709,94,-0.9776
ENSG00000173272,MZT2A,239,0.14734,242,0.26734,162,-0.5092,165,-0.4792
ENSG00000150551,LYPD1,36,0.27516,34,0.31986,14,-1.2185,25,-0.3701
ENSG00000152127,MGAT5,25,-0.6306,48,1.07735,23,-0.6996,18,-1.0745
ENSG00000152128,TMEM163,21,-0.4105,40,1.66367,2,-3.3568,5,-2.4394
ENSG00000082258,CCNT2,18,-0.4258,29,0.69168,0,-5.3505,34,0.62062
ENSG00000115839,RAB3GAP1,41,-0.5160,72,0.91630,39,-0.5550,30,-0.9535
ENSG00000048991,R3HDM1,76,0.00881,96,0.78588,51,-0.6361,19,-2.1227
ENSG00000144224,UBXN4,49,-0.3187,55,-0.1764,48,-0.3099,102,0.95021
ENSG00000115866,DARS,57,-0.4838,63,-0.4102,77,0.06270,147,1.20929
ENSG00000150540,HNMT,12,-1.0931,17,-0.8023,46,1.16428,48,1.28256
ENSG00000168702,LRP1B,9,-1.5338,32,1.53694,21,-0.0197,5,-2.2300
ENSG00000121964,GTDC1,15,-1.0385,42,1.70101,1,-4.8357,20,-0.5194
ENSG00000169554,ZEB2,39,-1.2259,91,0.47066,22,-1.9583,163,1.29061
ENSG00000121989,ACVR2A,17,-0.5600,35,1.78277,1,-3.7448,5,-2.1959
ENSG00000115947,ORC4,28,-0.9298,62,0.94988,42,-0.1833,30,-0.7077
ENSG00000135999,EPC2,13,-0.3555,17,0.34226,11,-0.5480,18,0.25071
ENSG00000168280,KIF5C,260,0.03633,312,0.66032,102,-1.4279,168,-0.6705
ENSG00000168288,MMADHC,31,-0.7154,62,1.03174,28,-0.7791,30,-0.6609
ENSG00000080345,RIF1,17,-1.0929,43,1.06904,19,-0.7858,28,-0.1925
ENSG00000162980,ARL5A,30,-0.0333,36,0.58981,4,-3.0119,33,0.14110
ENSG00000182389,CACNB4,58,-0.3004,99,1.36967,16,-2.2547,20,-1.8971
ENSG00000115145,STAM2,18,0.26015,14,-0.3478,16,0.03164,18,0.27353
ENSG00000157827,FMNL2,51,-0.4936,55,-0.5065,14,-2.3606,196,2.02965
ENSG00000196504,PRPF40A,20,-0.6283,35,0.72621,22,-0.3797,22,-0.3556
ENSG00000177519,RPRM,9,-1.1945,28,1.68072,14,-0.4031,1,-3.4235
ENSG00000162989,KCNJ3,34,-0.9865,99,2.26821,6,-3.4700,7,-3.2132
ENSG00000153234,NR4A2,6,-3.2337,82,2.57071,30,-0.7508,12,-2.1303
ENSG00000115159,GPD2,41,-0.3080,63,0.88749,31,-0.6740,21,-1.2523
ENSG00000136541,ERMN,1,-5.5066,24,-1.9678,2,-4.7443,384,4.66569
ENSG00000144283,PKP4,38,-1.0816,79,0.33562,80,0.18956,94,0.47786
ENSG00000123636,BAZ2B,20,-0.1506,19,-0.3984,17,-0.3805,42,1.13477
ENSG00000136536,MARCH7,19,-0.9697,37,0.27872,43,0.42735,39,0.25046
ENSG00000136560,TANK,21,-0.3251,24,-0.0796,12,-1.0546,47,1.13882
ENSG00000115233,PSMD14,47,-0.5552,78,0.68522,56,-0.1878,44,-0.5823
ENSG00000136535,TBR1,16,-2.6003,144,3.42064,11,-2.9907,9,-3.1673
ENSG00000144290,SLC4A10,43,-0.5841,93,1.87736,9,-2.8148,5,-3.5381
ENSG00000115271,GCA,11,-1.7288,39,0.71465,23,-0.4904,49,0.76140
ENSG00000153253,SCN3A,36,-0.1767,53,0.98143,31,-0.4103,3,-3.6303
ENSG00000136531,SCN2A,125,-0.8279,308,1.79075,78,-1.4506,26,-3.0940
ENSG00000178662,CSRNP3,57,-0.4087,109,1.66973,14,-2.4290,7,-3.4846
ENSG00000144285,SCN1A,30,0.21671,32,0.52612,24,-0.2131,4,-2.7423
ENSG00000198648,STK39,49,-0.4215,66,0.17634,70,0.20293,64,0.05186
ENSG00000172292,CERS6,33,-0.6147,66,1.25204,39,-0.2847,4,-3.5588
ENSG00000138398,PPIG,58,-0.1694,77,0.64012,39,-0.7694,43,-0.6226
ENSG00000213160,KLHL23,21,-0.2281,33,1.23554,1,-4.0479,13,-0.9695
ENSG00000138385,SSB,69,-0.1790,83,0.23316,107,0.56280,35,-1.2150
ENSG00000138382,METTL5,49,-0.2048,70,0.77703,32,-0.8602,31,-0.8974
ENSG00000144357,UBR3,36,-0.9516,90,1.41196,33,-0.9689,28,-1.2110
ENSG00000128683,GAD1,124,0.03321,147,0.60012,113,-0.1181,26,-2.3737
ENSG00000115806,GORASP2,27,-0.2745,42,1.01856,0,-5.9381,28,-0.1780
ENSG00000198586,TLK1,43,-0.5463,67,0.43923,89,0.72553,22,-1.5165
ENSG00000071967,CYBRD1,54,0.13143,28,-1.3657,34,-0.6497,150,2.03653
ENSG00000077380,DYNC1I2,63,-1.0049,106,-0.1338,111,-0.0043,229,1.26868
ENSG00000115840,SLC25A12,25,-0.9731,66,1.61671,24,-0.9531,11,-2.1101
ENSG00000144355,DLX1,31,0.35360,26,0.05950,36,0.54568,3,-2.9264
ENSG00000091409,ITGA6,22,0.28108,10,-1.5410,34,0.96917,37,1.12393
ENSG00000091428,RAPGEF4,123,-0.1041,166,0.81193,42,-1.7539,89,-0.6104
ENSG00000172845,SP3,21,-0.0673,23,0.07958,28,0.38951,15,-0.5801
ENSG00000138430,OLA1,108,-0.3348,166,0.85513,110,-0.2605,41,-1.7617
ENSG00000138433,CIR1,25,-1.0423,46,0.00760,90,1.19838,41,-0.1725
ENSG00000163328,GPR155,38,-0.8332,89,1.47340,38,-0.7332,13,-2.3080
ENSG00000128656,CHN1,656,-0.8741,1665,1.83081,397,-1.5477,161,-2.8853
ENSG00000115966,ATF2,45,-0.1391,62,0.80031,24,-1.1026,27,-0.9234
ENSG00000154518,ATP5MC3,283,-0.2080,396,0.73902,204,-0.7014,177,-0.9251
ENSG00000144320,LNPK,33,-0.3104,40,0.10722,38,-0.0391,46,0.27657
ENSG00000128654,MTX2,43,-0.3405,68,0.95891,27,-1.0202,27,-1.0270
ENSG00000170144,HNRNPA3,135,-0.1049,162,0.39798,79,-0.9306,143,0.00183
ENSG00000116044,NFE2L2,38,-0.3243,30,-0.9906,74,0.84531,91,1.22806
ENSG00000018510,AGPS,14,-0.9600,28,0.59445,0,-5.5205,47,1.21497
ENSG00000079156,OSBPL6,22,-0.0366,31,1.16811,7,-1.7624,4,-2.6476
ENSG00000180228,PRKRA,47,-0.3265,63,0.39221,58,0.05793,41,-0.4785
ENSG00000116095,PLEKHA3,26,-0.6575,51,1.04561,21,-0.8967,24,-0.7038
ENSG00000187231,SESTD1,15,-1.0136,30,0.36449,25,-0.1044,38,0.60180
ENSG00000144331,ZNF385B,12,-0.8088,29,1.51282,12,-0.7913,3,-2.5771
ENSG00000170035,UBE2E3,64,-0.5069,116,1.11991,37,-1.2786,47,-0.9353
ENSG00000138434,ITPRID2,30,-0.2821,33,-0.2077,30,-0.2470,60,0.92478
ENSG00000115252,PDE1A,10,-2.9389,110,2.56190,28,-1.3161,25,-1.4740
ENSG00000077232,DNAJC10,29,-0.7764,47,0.18504,84,1.12014,24,-0.9664
ENSG00000061676,NCKAP1,167,-0.7194,336,1.07283,204,-0.3119,100,-1.4211
ENSG00000065548,ZC3H15,90,-0.3887,146,0.93965,88,-0.3727,36,-1.7630
ENSG00000138448,ITGAV,73,-0.0718,63,-0.4936,61,-0.3645,149,1.17635
ENSG00000144369,FAM171B,131,-0.4368,223,1.04484,80,-1.1480,90,-0.9623
ENSG00000204262,COL5A2,13,0.05512,14,0.49859,13,0.10602,2,-2.5411
ENSG00000138381,ASNSD1,14,-0.7786,21,-0.0498,36,0.83927,25,0.21682
ENSG00000128699,ORMDL1,34,-0.4653,50,0.33441,28,-0.7411,60,0.51049
ENSG00000198130,HIBCH,22,0.15456,20,-0.0719,0,-5.3105,39,1.13060
ENSG00000151689,INPP1,18,-0.6507,25,-0.1656,22,-0.3319,54,1.23478
ENSG00000151690,MFSD6,38,-1.2155,109,1.34693,30,-1.4150,64,-0.2715
ENSG00000138386,NAB1,13,-1.5047,32,0.12689,68,1.41207,24,-0.4038
ENSG00000115419,GLS,89,-0.7285,200,1.62825,60,-1.2370,21,-2.8227
ENSG00000115415,STAT1,36,-0.2213,40,-0.0707,46,0.20546,48,0.28770
ENSG00000144339,TMEFF2,23,-1.6231,88,1.44492,20,-1.6713,61,0.04009
ENSG00000196950,SLC39A10,88,-0.5303,175,1.57070,34,-1.9081,25,-2.3277
ENSG00000138411,HECW2,12,-1.1330,34,1.49067,0,-5.4714,23,0.03025
ENSG00000119041,GTF3C3,5,-1.7431,18,0.35390,25,0.74657,20,0.36155
ENSG00000197121,PGAP1,31,-0.9480,68,0.84478,75,0.58976,14,-2.0485
ENSG00000115524,SF3B1,45,-1.0765,81,-0.0881,134,0.81556,118,0.59894
ENSG00000115520,COQ10B,24,-0.1702,36,1.01124,14,-0.9893,7,-1.9378
ENSG00000144381,HSPD1,88,-0.8451,149,0.17188,236,0.88359,118,-0.2818
ENSG00000115541,HSPE1,205,-0.2491,218,-0.2017,274,0.26129,318,0.51648
ENSG00000115540,MOB4,55,-0.2094,77,0.72878,43,-0.5604,31,-1.0573
ENSG00000162944,RFTN2,33,0.03657,13,-1.9713,40,0.35306,102,2.14814
ENSG00000115896,PLCL1,15,-0.5696,20,-0.0477,8,-1.4716,46,1.41513
ENSG00000119042,SATB2,23,-0.3863,41,1.30929,12,-1.3731,7,-2.1099
ENSG00000178074,C2orf69,28,-0.6119,57,1.35724,19,-1.1070,12,-1.7966
ENSG00000196141,SPATS2L,49,-0.2301,51,-0.2039,95,0.94738,43,-0.3948
ENSG00000082153,BZW1,87,-0.3253,125,0.60049,52,-1.0746,102,-0.0162
ENSG00000013441,CLK1,33,-0.6099,41,-0.3176,51,0.16589,88,1.12409
ENSG00000196290,NIF3L1,6,-1.2310,21,2.43381,1,-3.2581,1,-3.0365
ENSG00000155744,FAM126B,40,-0.2372,60,0.94703,32,-0.5360,11,-2.1393
ENSG00000119013,NDUFB3,199,0.39777,165,0.02822,120,-0.4966,128,-0.3946
ENSG00000115993,TRAK2,29,-0.6375,56,1.04404,20,-1.1352,29,-0.5470
ENSG00000082146,STRADB,17,-0.0922,13,-0.7510,40,1.40730,16,-0.1467
ENSG00000155755,TMEM237,19,-0.2642,27,0.67179,14,-0.7615,16,-0.5185
ENSG00000003393,ALS2,12,-0.4414,22,1.22319,1,-3.7691,12,-0.4882
ENSG00000116030,SUMO1,93,-0.2726,139,0.85726,51,-1.1640,68,-0.7265
ENSG00000055044,NOP58,19,-0.7312,35,0.69387,31,0.15833,17,-0.7699
ENSG00000204217,BMPR2,74,-0.5998,137,0.97865,99,-0.0711,30,-1.9090
ENSG00000138439,FAM117B,6,-1.3678,21,1.65644,3,-1.9966,10,-0.4976
ENSG00000163596,ICA1L,23,-0.2032,37,1.26210,7,-2.0533,7,-1.9166
ENSG00000138442,WDR12,10,-0.8403,22,1.15840,0,-4.9463,19,0.28015
ENSG00000138443,ABI2,121,-0.4788,218,1.19572,86,-0.9515,52,-1.7007
ENSG00000173166,RAPH1,17,-0.6889,32,0.80313,31,0.36038,7,-1.8544
ENSG00000118257,NRP2,10,-0.5914,18,0.98463,0,-4.1368,16,0.26486
ENSG00000023228,NDUFS1,82,-0.4189,126,0.65959,58,-0.9140,97,-0.0999
ENSG00000114942,EEF1B2,332,-0.2628,339,-0.3207,579,0.71169,453,0.28601
ENSG00000204186,ZDBF2,15,-1.1648,41,1.24609,35,0.30742,3,-3.0546
ENSG00000114948,ADAM23,31,-0.7718,73,1.64496,28,-0.8679,2,-4.4808
ENSG00000118246,FASTKD2,21,-0.3109,30,0.49809,19,-0.4225,22,-0.2624
ENSG00000118263,KLF7,22,-0.5973,37,0.63654,39,0.41235,12,-1.4059
ENSG00000118260,CREB1,21,-0.4191,31,0.38574,29,0.11851,21,-0.3667
ENSG00000144401,METTL21A,14,-0.1647,17,0.30209,16,0.08293,10,-0.5803
ENSG00000178385,PLEKHM3,15,-0.4139,25,1.04159,5,-2.0419,14,-0.4731
ENSG00000188674,C2orf80,47,-0.6177,101,1.68201,20,-1.8464,11,-2.7402
ENSG00000138413,IDH1,16,-0.0766,17,0.03061,20,0.28581,14,-0.2657
ENSG00000115020,PIKFYVE,20,-0.4351,29,0.46466,32,0.37769,13,-1.0193
ENSG00000078018,MAP2,679,0.06318,888,1.05927,238,-1.5899,108,-2.7594
ENSG00000144406,UNC80,40,-0.3450,68,1.19043,16,-1.6753,21,-1.3239
ENSG00000197713,RPE,11,-1.1908,27,0.70684,15,-0.5587,29,0.45843
ENSG00000115365,LANCL1,93,-0.5274,154,0.69620,43,-1.6535,150,0.30926
ENSG00000178568,ERBB4,40,-0.0374,53,0.94419,13,-1.7701,18,-1.2510
ENSG00000144451,SPAG16,36,0.04911,30,-0.3840,30,-0.2761,58,0.84499
ENSG00000138363,ATIC,26,0.00450,26,-0.0015,33,0.40438,19,-0.5186
ENSG00000115414,FN1,20,-2.6821,19,-3.2572,549,3.84168,150,0.65859
ENSG00000079246,XRCC5,59,-0.5948,97,0.56610,42,-1.0514,103,0.39184
ENSG00000260804,LINC01963,26,-0.3568,41,0.91017,18,-0.8968,17,-0.9350
ENSG00000144583,MARCH4,10,-0.6187,22,1.42663,10,-0.6384,1,-4.0210
ENSG00000197756,RPL37A,2576,0.08979,1987,-0.5602,3170,0.42732,3401,0.54909
ENSG00000115461,IGFBP5,15,-2.7969,62,-0.7403,186,1.42510,203,1.60227
ENSG00000163466,ARPC2,130,-0.1655,160,0.38880,181,0.41025,50,-1.6213
ENSG00000127837,AAMP,63,-0.3923,93,0.60631,37,-1.1541,83,0.11036
ENSG00000127838,PNKD,138,-0.0638,148,0.11585,77,-0.9748,194,0.52368
ENSG00000135926,TMBIM1,28,-0.6303,22,-1.3141,41,0.07355,128,2.25426
ENSG00000144579,CTDSP1,23,-0.4551,17,-1.2991,54,1.01467,70,1.52590
ENSG00000144580,CNOT9,21,0.05538,21,0.11618,15,-0.4607,21,0.04653
ENSG00000074582,BCS1L,15,-0.6856,22,-0.0441,34,0.73367,25,0.23619
ENSG00000163481,RNF25,6,-1.5325,20,0.95705,8,-1.0471,21,0.54012
ENSG00000135929,CYP27A1,9,-1.5273,12,-1.3078,0,-5.1887,107,3.42084
ENSG00000171450,CDK5R2,144,0.11403,186,1.10563,38,-1.9688,18,-3.0509
ENSG00000115649,CNPPD1,17,-0.6334,21,-0.4532,39,0.78088,40,0.84279
ENSG00000144567,RETREG2,160,-0.3092,230,0.63787,181,-0.0652,89,-1.1853
ENSG00000158552,ZFAND2B,32,-0.0296,25,-0.6636,51,0.77792,44,0.52080
ENSG00000115657,ABCB6,17,-1.0950,36,0.31651,38,0.25390,43,0.46636
ENSG00000198925,ATG9A,60,-0.4161,81,0.23447,107,0.60865,48,-0.7022
ENSG00000115661,STK16,31,0.70999,22,0.07869,16,-0.4812,7,-1.7526
ENSG00000127824,TUBA4A,183,-0.4797,339,1.32262,126,-1.0006,49,-2.4166
ENSG00000135924,DNAJB2,115,-0.6276,194,0.56155,90,-0.9407,205,0.38443
ENSG00000054356,PTPRN,177,-0.4243,317,1.29526,116,-1.0358,45,-2.4547
ENSG00000072195,SPEG,22,-0.2001,28,0.28877,32,0.39722,13,-0.9949
ENSG00000123989,CHPF,73,-0.4111,103,0.37959,112,0.35435,58,-0.7213
ENSG00000188760,TMEM198,24,-0.1611,35,1.13186,2,-3.5156,14,-0.8946
ENSG00000124006,OBSL1,46,0.10612,38,-0.3386,48,0.18247,54,0.35931
ENSG00000114923,SLC4A3,72,0.40482,69,0.53990,16,-1.9436,30,-1.0266
ENSG00000116106,EPHA4,40,-1.2369,126,1.76335,58,-0.5583,9,-3.2095
ENSG00000267034,AC010980.1,19,0.00123,28,1.53703,0,-5.1936,0,-5.9974
ENSG00000163082,SGPP2,18,-0.3651,26,0.58869,31,0.59672,2,-3.1234
ENSG00000116120,FARSB,34,-0.8386,73,1.05715,56,0.07670,15,-1.9130
ENSG00000123983,ACSL3,98,-0.0030,120,0.65499,22,-2.2792,87,-0.2057
ENSG00000171951,SCG2,102,-0.6285,156,0.24258,311,1.36433,13,-3.5803
ENSG00000085449,WDFY1,20,-0.8555,43,1.00588,13,-1.4279,32,0.01899
ENSG00000135900,MRPL44,30,-0.3390,42,0.46158,36,-0.0195,26,-0.5554
ENSG00000135919,SERPINE2,177,0.14962,144,-0.3527,138,-0.2808,244,0.67440
ENSG00000036257,CUL3,38,-0.6788,71,0.82974,40,-0.5089,43,-0.4198
ENSG00000135905,DOCK10,9,-1.2286,22,0.41456,9,-1.2083,38,1.19063
ENSG00000168958,MFF,59,-0.4971,92,0.58353,35,-1.2303,93,0.32506
ENSG00000173744,AGFG1,24,-0.8517,54,1.07894,33,-0.2986,19,-1.1289
ENSG00000153820,SPHKAP,40,0.02325,55,1.21304,8,-2.3250,6,-2.7632
ENSG00000153823,PID1,28,-0.1926,46,1.56413,1,-4.1630,4,-2.8826
ENSG00000187957,DNER,169,-0.2439,189,-0.0521,115,-0.8303,332,0.93921
ENSG00000153827,TRIP12,44,-0.4199,55,-0.0226,71,0.42018,64,0.23569
ENSG00000163053,SLC16A14,12,-0.6922,27,1.32515,17,-0.1651,0,-6.8514
ENSG00000135932,CAB39,72,-0.4079,117,0.90162,67,-0.4687,39,-1.3149
ENSG00000135916,ITM2C,827,0.03782,634,-0.6394,586,-0.5247,1712,1.32633
ENSG00000204128,C2orf72,65,0.71017,44,-0.0883,27,-0.8365,32,-0.5600
ENSG00000173692,PSMD1,72,-0.6160,138,1.10685,56,-0.9242,55,-0.9593
ENSG00000115053,NCL,133,-0.4189,182,0.27054,174,0.07456,164,-0.0275
ENSG00000187514,PTMA,435,-1.0130,570,-0.7580,1616,1.32293,1371,1.00965
ENSG00000156973,PDE6D,24,-0.4309,29,-0.1068,31,0.02193,47,0.74895
ENSG00000144524,COPS7B,20,-0.1966,31,1.14879,0,-4.7299,14,-0.7132
ENSG00000135930,EIF4E2,25,-0.2737,34,0.54564,23,-0.3743,21,-0.5101
ENSG00000115468,EFHD1,37,-1.1986,40,-1.3881,30,-1.3666,318,3.06349
ENSG00000204120,GIGYF2,22,-0.4399,28,0.05464,43,0.72442,23,-0.3257
ENSG00000182600,SNORC,87,-1.2999,69,-2.0953,180,-0.0252,832,3.20243
ENSG00000066248,NGEF,29,-1.7936,146,2.79409,14,-2.6561,10,-3.1231
ENSG00000085978,ATG16L1,12,-0.8479,23,0.46150,29,0.63163,13,-0.6540
ENSG00000077044,DGKD,17,-0.4256,29,1.08276,12,-0.8825,8,-1.4414
ENSG00000188042,ARL4C,60,0.18965,63,0.44375,51,-0.0909,13,-2.2079
ENSG00000157985,AGAP1,59,-0.3947,85,0.47588,37,-1.0613,89,0.32684
ENSG00000132321,IQCA1,13,-0.2371,17,0.41394,1,-3.6851,24,0.78300
ENSG00000198612,COPS8,90,-0.2922,135,0.85188,45,-1.3089,74,-0.5652
ENSG00000124831,LRRFIP1,31,-0.5481,48,0.45533,59,0.57905,20,-1.1564
ENSG00000132329,RAMP1,181,-0.0680,137,-0.8064,272,0.62790,322,0.93152
ENSG00000184182,UBE2F,47,0.01345,48,0.03950,58,0.34329,33,-0.5665
ENSG00000132323,ILKAP,23,-0.3903,28,-0.0526,37,0.46508,32,0.20809
ENSG00000144485,HES6,43,0.32536,26,-0.8130,27,-0.4984,74,1.22871
ENSG00000132326,PER2,10,-0.7093,19,0.73161,25,0.85302,0,-6.6593
ENSG00000204104,TRAF3IP1,18,0.03884,22,0.75370,5,-1.8417,11,-0.7383
ENSG00000065802,ASB1,25,-0.5506,31,-0.2505,64,1.07789,35,0.01611
ENSG00000068024,HDAC4,19,-0.4746,27,0.20910,29,0.23581,25,0.01783
ENSG00000130414,NDUFA10,96,-0.3912,140,0.51276,114,-0.0788,86,-0.5256
ENSG00000172428,COPS9,840,0.40872,689,0.01907,457,-0.6512,584,-0.2604
ENSG00000063660,GPC1,98,0.12647,104,0.39606,64,-0.5858,57,-0.7539
ENSG00000188542,DUSP28,25,0.36822,18,-0.3422,16,-0.3956,27,0.41773
ENSG00000142327,RNPEPL1,14,-0.8345,24,0.24919,11,-1.0676,43,1.10964
ENSG00000142330,CAPN10,13,-0.4078,16,-0.0242,14,-0.2528,26,0.77420
ENSG00000130294,KIF1A,372,-0.0448,464,0.63756,197,-1.0499,252,-0.6675
ENSG00000122085,MTERF4,11,-1.1017,28,1.12491,3,-2.7242,26,0.40193
ENSG00000115685,PPP1R7,70,-0.6681,128,0.79480,111,0.15639,44,-1.2981
ENSG00000115677,HDLBP,102,-0.3305,125,0.07482,164,0.50395,106,-0.2231
ENSG00000168385,SEPTIN2,149,0.13373,114,-0.5263,134,-0.0518,224,0.81920
ENSG00000115694,STK25,117,-0.2781,157,0.45469,135,-0.0143,89,-0.6710
ENSG00000176720,BOK,13,-1.9555,29,-1.0082,8,-2.4915,199,3.17884
ENSG00000176946,THAP4,31,0.18692,35,0.75305,6,-2.3558,16,-0.9207
ENSG00000168397,ATG4B,40,-0.2219,53,0.51382,33,-0.4803,34,-0.4158
ENSG00000168395,ING5,17,-0.5129,26,0.33508,25,0.12642,22,-0.0955
ENSG00000180902,D2HGDH,27,-0.0214,25,-0.2137,53,1.16945,10,-1.5483
ENSG00000188011,RTP5,18,-0.2046,29,1.36183,6,-1.7336,2,-3.2728
ENSG00000224318,CHL1-AS2,16,0.37307,16,0.47680,1,-3.3228,11,-0.3227
ENSG00000134121,CHL1,101,-0.7663,230,1.52377,43,-1.9700,73,-1.1881
ENSG00000144619,CNTN4,12,-0.6288,22,0.69247,29,0.84018,0,-6.8264
ENSG00000113851,CRBN,37,-0.3443,57,0.79151,16,-1.6147,40,-0.1557
ENSG00000175928,LRRN1,18,0.20063,14,-0.3638,28,0.98281,8,-1.0253
ENSG00000150995,ITPR1,34,-1.0015,97,2.00078,20,-1.7192,7,-3.1719
ENSG00000134107,BHLHE40,26,-0.9906,52,0.44166,84,1.09122,17,-1.5325
ENSG00000134108,ARL8B,105,-0.1629,149,0.87120,27,-2.2066,86,-0.4611
ENSG00000196277,GRM7,16,-0.2573,29,1.68916,0,-5.1543,2,-3.2652
ENSG00000196220,SRGAP3,45,-0.0162,58,0.86428,24,-0.9548,13,-1.8538
ENSG00000206573,THUMPD3-AS1,15,-0.2618,22,0.71898,7,-1.3737,15,-0.2364
ENSG00000134077,THUMPD3,17,-0.0653,17,-0.0983,24,0.46449,16,-0.1974
ENSG00000168137,SETD5,16,0.06164,19,0.62943,3,-2.2112,13,-0.2902
ENSG00000156959,LHFPL4,26,-0.0561,38,1.19714,0,-5.7173,12,-1.2087
ENSG00000163719,MTMR14,13,-0.5265,20,0.52205,8,-1.0938,22,0.41357
ENSG00000134072,CAMK1,36,-1.0697,98,1.51726,28,-1.3508,36,-0.9507
ENSG00000171148,TADA3,94,-0.0774,103,0.17069,115,0.27029,65,-0.6504
ENSG00000241553,ARPC4,123,-0.4415,188,0.60548,121,-0.4065,127,-0.3273
ENSG00000156990,RPUSD3,30,-0.2803,42,0.61637,23,-0.6327,26,-0.4433
ENSG00000171135,JAGN1,19,-0.7971,33,0.24744,15,-1.1058,57,1.09673
ENSG00000163703,CRELD1,36,-0.3306,58,0.98842,12,-1.9521,31,-0.5307
ENSG00000163704,PRRT3,17,-1.1734,53,2.05453,11,-1.6114,5,-2.7636
ENSG00000125037,EMC3,43,-0.8078,86,0.78962,58,-0.2409,53,-0.3837
ENSG00000254999,BRK1,173,-0.3923,240,0.35916,268,0.38008,135,-0.7403
ENSG00000157014,TATDN2,22,-1.1743,55,0.87287,66,0.73894,10,-2.1123
ENSG00000157020,SEC13,22,-0.9357,42,0.30510,33,-0.2273,58,0.71704
ENSG00000157087,ATP2B2,165,-0.3758,296,1.44774,70,-1.6572,33,-2.7678
ENSG00000132164,SLC6A11,26,0.97121,11,-0.9775,16,-0.0549,19,0.27158
ENSG00000157103,SLC6A1,213,-0.1589,191,-0.5079,115,-1.1157,549,1.55297
ENSG00000197548,ATG7,11,-0.5862,21,1.14724,0,-4.5988,15,-0.0198
ENSG00000144560,VGLL4,34,-0.3562,32,-0.6850,78,1.09653,59,0.57943
ENSG00000157152,SYN2,297,-0.6165,626,1.60545,198,-1.1696,30,-3.9669
ENSG00000075975,MKRN2,16,-0.3874,24,0.52029,14,-0.5978,20,-0.0470
ENSG00000132155,RAF1,28,-0.2086,34,0.24446,23,-0.5142,36,0.22339
ENSG00000144712,CAND2,8,-1.2115,21,0.82211,23,0.56288,8,-1.1320
ENSG00000144713,RPL32,1737,-0.1338,1395,-0.7418,3367,1.02899,2492,0.48956
ENSG00000144711,IQSEC1,126,-0.2190,186,0.94447,67,-1.1735,67,-1.1683
ENSG00000163517,HDAC11,49,-0.1430,47,-0.2959,28,-0.9808,107,1.23571
ENSG00000170876,TMEM43,15,-0.8531,23,-0.1467,60,1.58647,13,-0.9377
ENSG00000170860,LSM3,67,-0.7075,115,0.45928,90,-0.1619,110,0.16838
ENSG00000225733,FGD5-AS1,117,-0.1043,111,-0.2999,127,0.04554,185,0.68353
ENSG00000177463,NR2C2,17,-0.9389,36,0.66421,17,-0.8248,38,0.45907
ENSG00000131368,MRPS25,50,-0.2079,61,0.26296,55,-0.0230,48,-0.2486
ENSG00000131381,RBSN,39,0.18049,44,0.75630,6,-2.5380,21,-0.8449
ENSG00000131370,SH3BP5,37,-0.6751,74,1.11395,18,-1.6953,44,-0.3455
ENSG00000144597,EAF1,17,-0.1794,26,1.17484,5,-1.8550,6,-1.7198
ENSG00000206560,ANKRD28,23,-0.1582,26,0.03555,11,-1.2198,42,0.86129
ENSG00000154813,DPH3,13,-0.8151,20,-0.0659,33,0.79972,26,0.33850
ENSG00000131378,RFTN1,16,-1.3101,47,1.18646,28,-0.2860,22,-0.6797
ENSG00000154822,PLCL2,23,-0.0672,30,0.82900,18,-0.3750,3,-2.8378
ENSG00000131374,TBC1D5,37,0.03406,31,-0.4471,39,0.11348,56,0.70192
ENSG00000182568,SATB1,102,0.45444,92,0.38115,57,-0.5680,21,-2.0701
ENSG00000144566,RAB5A,88,-0.1197,103,0.30465,86,-0.1275,72,-0.4113
ENSG00000114166,KAT2B,47,0.26447,32,-0.6443,16,-1.4738,90,1.40880
ENSG00000151789,ZNF385D,27,-0.0485,40,1.26440,11,-1.4761,0,-6.7401
ENSG00000182247,UBE2E2,33,-0.9322,71,0.72340,89,0.78107,14,-2.1397
ENSG00000170142,UBE2E1,50,0.27991,35,-0.5400,59,0.49437,48,0.15055
ENSG00000197885,NKIRAS1,23,-0.8591,49,0.96875,38,0.06836,15,-1.3619
ENSG00000174748,RPL15,845,-0.1860,870,-0.1919,1303,0.56773,983,0.08834
ENSG00000174738,NR1D2,29,-0.1807,37,0.41827,0,-5.7032,51,0.78957
ENSG00000151090,THRB,48,-0.0057,70,1.38557,3,-3.9497,7,-2.9316
ENSG00000077097,TOP2B,60,-0.2998,83,0.49368,56,-0.3847,58,-0.3061
ENSG00000179796,LRRC3B,36,0.80676,25,0.08377,13,-1.0052,10,-1.4188
ENSG00000187118,CMC1,33,0.22272,32,0.26752,0,-5.8361,40,0.53235
ENSG00000163512,AZI2,42,0.11559,48,0.62910,11,-1.9027,28,-0.5207
ENSG00000163527,STT3B,26,-0.9326,69,1.85467,3,-4.0237,21,-1.1821
ENSG00000144645,OSBPL10,9,-1.3690,36,2.46801,3,-2.9196,3,-2.7895
ENSG00000152642,GPD1L,29,-0.7400,66,1.52386,24,-0.9619,8,-2.5801
ENSG00000144635,DYNC1LI1,23,-0.7284,43,0.74787,26,-0.4244,30,-0.2158
ENSG00000170266,GLB1,21,0.27313,16,-0.3103,23,0.38490,16,-0.2204
ENSG00000170275,CRTAP,34,-0.5313,33,-0.7514,68,0.70989,91,1.22646
ENSG00000153558,FBXL2,16,-1.4218,51,1.24947,49,0.51089,4,-3.1082
ENSG00000153560,UBP1,35,-0.4993,56,0.67120,53,0.25717,18,-1.4682
ENSG00000163539,CLASP2,134,-0.1856,180,0.64566,60,-1.4121,133,-0.1746
ENSG00000170248,PDCD6IP,34,-0.4215,47,0.27201,58,0.49488,29,-0.5998
ENSG00000172995,ARPP21,83,-0.2070,133,1.35305,33,-1.6002,9,-3.5239
ENSG00000178567,EPM2AIP1,29,-0.7512,59,0.92425,16,-1.6125,48,0.12980
ENSG00000076242,MLH1,12,-0.2892,17,0.42841,0,-4.4826,24,0.85769
ENSG00000093167,LRRFIP2,13,-1.0555,24,0.04765,32,0.50168,35,0.67092
ENSG00000144674,GOLGA4,29,-0.3576,35,-0.0332,51,0.60053,35,-0.0498
ENSG00000144677,CTDSPL,19,-0.2520,30,1.09378,3,-2.7102,14,-0.7361
ENSG00000060971,ACAA1,62,0.05480,59,-0.0605,37,-0.7549,85,0.57289
ENSG00000172939,OXSR1,15,-0.3430,20,0.36887,11,-0.7925,22,0.32886
ENSG00000114742,WDR48,31,-0.7471,58,0.68443,44,-0.1091,38,-0.3478
ENSG00000114745,GORASP1,19,-0.7235,21,-0.8221,40,0.54426,70,1.57375
ENSG00000168329,CX3CR1,35,0.83575,19,-0.4850,2,-3.5053,37,0.78771
ENSG00000144659,SLC25A38,15,-0.9626,32,0.67701,36,0.54584,14,-1.0117
ENSG00000168028,RPSA,597,-0.0480,532,-0.3783,704,0.23238,871,0.59691
ENSG00000168314,MOBP,27,-3.1182,121,-1.0089,28,-2.8579,898,3.46330
ENSG00000170011,MYRIP,28,0.13955,28,0.20873,29,0.12287,13,-1.1443
ENSG00000114784,EIF1B,126,-0.3287,183,0.64741,149,-0.0072,66,-1.2827
ENSG00000168032,ENTPD3,14,-0.5081,20,0.15278,38,1.15788,6,-1.7052
ENSG00000188846,RPL14,604,-0.2623,527,-0.7068,1612,1.51671,624,-0.1730
ENSG00000168036,CTNNB1,135,-0.6337,225,0.53092,186,-0.0394,168,-0.2068
ENSG00000182606,TRAK1,51,-0.1842,64,0.36668,52,-0.1349,43,-0.4471
ENSG00000187094,CCK,655,0.00246,866,0.96784,336,-1.0586,124,-2.5505
ENSG00000114812,VIPR1,12,-0.8038,29,1.56600,11,-0.8420,2,-2.9348
ENSG00000093183,SEC22C,27,-0.6920,37,-0.2510,21,-1.0052,99,1.62536
ENSG00000008324,SS18L2,26,-0.7911,42,0.09053,92,1.42422,15,-1.5778
ENSG00000114857,NKTR,16,-0.6809,24,0.04524,45,1.09195,16,-0.5915
ENSG00000114853,ZBTB47,43,-0.2149,45,-0.1739,40,-0.2773,78,0.82139
ENSG00000010282,HHATL,67,0.61412,51,0.07745,17,-1.6682,42,-0.2730
ENSG00000181061,HIGD1A,221,-0.2084,315,0.80555,109,-1.2847,167,-0.6275
ENSG00000144647,POMGNT2,23,-0.6575,36,0.26529,59,1.00750,15,-1.2521
ENSG00000163788,SNRK,34,0.21221,33,0.21837,33,0.10987,12,-1.4381
ENSG00000160746,ANO10,12,-0.6741,16,-0.1489,8,-1.0558,40,1.50635
ENSG00000179152,TCAIM,13,-0.4243,20,0.66060,17,0.05965,7,-1.1901
ENSG00000163807,KIAA1143,22,-0.3748,30,0.31766,27,0.01372,24,-0.1418
ENSG00000169964,TMEM42,18,-0.7464,28,0.12706,25,-0.1120,43,0.76630
ENSG00000163812,ZDHHC3,26,-0.2235,32,0.24803,27,-0.1786,29,-0.0270
ENSG00000075914,EXOSC7,16,-0.7173,31,0.88057,21,-0.1623,13,-0.9197
ENSG00000249992,TMEM158,54,-0.9997,157,2.22512,11,-3.2734,14,-2.9013
ENSG00000011376,LARS2,18,-0.0875,16,-0.4900,41,1.32928,12,-0.6936
ENSG00000211456,SACM1L,23,-0.9872,60,1.57863,25,-0.7607,9,-2.2516
ENSG00000163818,LZTFL1,22,-0.3173,36,1.01241,12,-1.2156,13,-1.1014
ENSG00000160799,CCDC12,35,-0.5785,50,0.15582,41,-0.2309,70,0.63940
ENSG00000181555,SETD2,13,-0.9339,33,1.32458,0,-4.8965,24,0.09029
ENSG00000088727,KIF9,34,0.77769,20,-0.4555,23,-0.0467,17,-0.4759
ENSG00000114648,KLHL18,15,-0.5227,28,1.04331,17,-0.3464,6,-1.8799
ENSG00000076201,PTPN23,27,-0.3828,33,-0.0428,11,-1.7504,71,1.32154
ENSG00000114650,SCAP,41,-0.4492,55,0.13812,55,0.10519,61,0.26664
ENSG00000163832,ELP6,21,-0.2147,23,-0.0309,2,-3.2350,51,1.35242
ENSG00000114646,CSPG5,234,0.76841,154,-0.1364,82,-1.0637,126,-0.4032
ENSG00000173473,SMARCC1,20,0.13713,17,-0.2718,15,-0.3467,26,0.59746
ENSG00000132153,DHX30,70,-0.4581,110,0.62607,51,-0.8879,91,0.01646
ENSG00000047849,MAP4,224,-0.2941,303,0.45409,146,-0.9293,290,0.16958
ENSG00000164050,PLXNB1,92,0.22946,59,-0.8005,4,-4.5235,229,1.90222
ENSG00000232112,TMA7,634,-0.1969,669,-0.1427,1054,0.68967,631,-0.1773
ENSG00000164054,SHISA5,98,-0.1993,110,0.04635,171,0.77446,61,-0.9112
ENSG00000010256,UQCRC1,164,-0.3348,224,0.39774,173,-0.2109,177,-0.1709
ENSG00000008300,CELSR3,16,0.19817,19,1.00821,0,-4.8178,5,-1.4284
ENSG00000213672,NCKIPSD,34,-0.7443,72,1.26425,12,-2.1366,39,-0.4191
ENSG00000068745,IP6K2,39,-0.5413,60,0.39613,61,0.23025,43,-0.3324
ENSG00000114302,PRKAR2A,30,0.22003,24,-0.3279,51,1.10204,9,-1.6958
ENSG00000177479,ARIH2,26,-0.2539,31,0.16428,23,-0.3853,37,0.35535
ENSG00000178467,P4HTM,62,-0.4376,108,1.08946,21,-2.0307,56,-0.5586
ENSG00000178252,WDR6,38,-0.5560,59,0.41603,45,-0.1999,55,0.10238
ENSG00000178149,DALRD3,20,0.30465,16,-0.1683,9,-0.9066,23,0.48581
ENSG00000178057,NDUFAF3,107,-0.4248,135,-0.0003,136,0.01355,189,0.57153
ENSG00000178035,IMPDH2,34,-0.4579,44,-0.0051,53,0.30739,55,0.36489
ENSG00000198218,QRICH1,17,-0.7908,32,0.54927,13,-1.0865,39,0.63313
ENSG00000172053,QARS,27,-0.2652,30,-0.0961,27,-0.2320,48,0.72560
ENSG00000172046,USP19,14,-0.8962,24,0.07060,32,0.56157,30,0.43370
ENSG00000172037,LAMB2,23,-1.1697,16,-2.1882,146,2.20398,108,1.54409
ENSG00000185909,KLHDC8B,14,-0.3216,20,0.63167,5,-1.6139,18,0.15350
ENSG00000114316,USP4,16,-0.5340,25,0.43670,25,0.24120,16,-0.4731
ENSG00000067560,RHOA,186,-0.4627,203,-0.4314,337,0.58443,387,0.83464
ENSG00000145022,TCTA,35,0.45085,29,0.11787,16,-0.9192,22,-0.4221
ENSG00000145029,NICN1,26,-0.3278,45,1.30799,5,-2.6154,13,-1.2936
ENSG00000173402,DAG1,73,0.36280,48,-0.6327,42,-0.6107,109,1.00104
ENSG00000164061,BSN,126,-0.4233,212,1.01584,139,-0.2137,28,-2.6575
ENSG00000164062,APEH,40,-0.6601,60,0.14351,71,0.37187,66,0.24677
ENSG00000164068,RNF123,18,-0.2158,24,0.43243,26,0.37178,7,-1.5473
ENSG00000176095,IP6K1,63,-0.3773,109,1.21830,25,-1.7697,35,-1.2631
ENSG00000164076,CAMKV,151,-0.7169,336,1.59128,100,-1.2591,43,-2.5229
ENSG00000164077,MON1A,23,-0.0948,25,0.06249,35,0.59761,14,-0.8476
ENSG00000004534,RBM6,24,-0.3692,32,0.27771,33,0.17817,25,-0.2424
ENSG00000003756,RBM5,39,-0.4160,56,0.38365,20,-1.3979,73,0.64504
ENSG00000114353,GNAI2,132,-0.6644,140,-0.7798,416,1.39625,281,0.66724
ENSG00000012171,SEMA3B,15,-1.8989,10,-3.0171,46,-0.0261,257,3.92793
ENSG00000114383,TUSC2,104,0.19056,109,0.46340,49,-1.0334,60,-0.7246
ENSG00000114388,NPRL2,13,-0.6783,26,1.20011,0,-4.5829,19,-0.0007
ENSG00000126062,TMEM115,20,-0.8307,35,0.26457,52,0.82483,24,-0.4529
ENSG00000088543,C3orf18,19,0.06833,23,0.73782,2,-3.0985,15,-0.3711
ENSG00000088538,DOCK3,55,-0.7821,126,1.51452,31,-1.5824,34,-1.3994
ENSG00000145050,MANF,22,-0.5029,30,0.09836,28,-0.0708,41,0.54833
ENSG00000259956,RBM15B,22,-0.6346,39,0.68759,8,-2.0966,44,0.56014
ENSG00000164081,TEX264,32,-0.2003,34,-0.1166,41,0.25544,42,0.30077
ENSG00000164082,GRM2,16,-0.2871,28,1.74565,0,-5.1465,1,-3.6660
ENSG00000090097,PCBP4,23,-1.0745,37,-0.3841,22,-1.0573,125,2.01034
ENSG00000248487,ABHD14A,69,-0.5753,107,0.38343,119,0.38491,71,-0.4628
ENSG00000162244,RPL29,762,-0.2872,659,-0.7617,1715,1.15531,1230,0.55109
ENSG00000164086,DUSP7,23,-0.1582,30,0.58935,24,-0.0571,9,-1.4856
ENSG00000023330,ALAS1,14,-0.7701,27,0.79935,10,-1.1321,24,0.19125
ENSG00000247596,TWF2,25,-1.1392,58,0.59181,76,0.77791,27,-0.9098
ENSG00000164088,PPM1M,10,-0.6804,19,0.81593,14,-0.0899,8,-0.8862
ENSG00000164091,WDR82,86,-0.7381,181,1.22105,83,-0.7120,55,-1.3395
ENSG00000163930,BAP1,99,0.30219,94,0.31539,53,-0.7346,51,-0.8127
ENSG00000010322,NISCH,133,-0.3499,197,0.66095,95,-0.8291,136,-0.2736
ENSG00000168268,NT5DC2,24,-0.0553,17,-0.8760,59,1.54831,22,-0.2128
ENSG00000168273,SMIM4,45,0.15645,42,0.05338,51,0.36736,21,-1.0567
ENSG00000163939,PBRM1,25,0.14488,21,-0.1927,32,0.55935,16,-0.5280
ENSG00000163938,GNL3,24,-0.1928,34,0.82453,17,-0.6845,11,-1.3382
ENSG00000016864,GLT8D1,16,-0.8764,25,-0.1146,46,1.00352,29,0.23053
ENSG00000114902,SPCS1,113,-0.1758,127,0.06590,110,-0.2021,149,0.30800
ENSG00000114904,NEK4,16,-0.0620,17,-0.0837,22,0.41291,15,-0.1697
ENSG00000272573,MUSTN1,14,-3.2028,7,-4.7623,547,3.78882,219,1.34092
ENSG00000163932,PRKCD,14,-0.1285,22,1.62897,1,-3.9404,0,-6.6370
ENSG00000163931,TKT,73,-0.2731,90,0.17076,70,-0.3061,102,0.31241
ENSG00000016391,CHDH,25,0.94232,11,-0.7970,8,-1.0250,23,0.60665
ENSG00000113811,SELENOK,130,-0.0012,116,-0.3135,115,-0.2034,202,0.75171
ENSG00000157445,CACNA2D3,13,-1.0013,36,1.52337,7,-1.8379,15,-0.7776
ENSG00000187672,ERC2,69,-0.3029,116,1.29700,28,-1.6595,21,-2.0537
ENSG00000163946,TASOR,17,-0.2919,21,0.10502,27,0.45372,17,-0.2969
ENSG00000163947,ARHGEF3,28,-0.0582,37,0.81607,26,-0.1606,1,-4.4674
ENSG00000157500,APPL1,40,-0.6006,73,0.95308,26,-1.1454,44,-0.3668
ENSG00000174840,PDE12,17,0.11035,18,0.32934,5,-1.8010,18,0.17859
ENSG00000168374,ARF4,51,-0.7143,85,0.32589,86,0.19543,82,0.11931
ENSG00000163681,SLMAP,24,-0.4787,33,0.17999,49,0.75587,20,-0.6876
ENSG00000163686,ABHD6,27,-0.6976,48,0.61863,19,-1.1616,52,0.45655
ENSG00000168297,PXK,18,-0.6198,26,-0.0546,0,-5.2880,69,1.76986
ENSG00000168291,PDHB,63,0.00925,66,0.14942,60,-0.0816,52,-0.2997
ENSG00000168301,KCTD6,19,0.01190,21,0.34247,0,-4.4750,27,0.64882
ENSG00000168309,FAM107A,684,0.05784,474,-0.8490,984,0.66969,1065,0.80966
ENSG00000144724,PTPRG,33,-0.5220,42,-0.1101,102,1.52460,13,-1.8005
ENSG00000114405,C3orf14,61,-0.3420,97,0.95480,63,-0.2530,14,-2.4742
ENSG00000153266,FEZF2,4,-2.7827,46,3.14679,0,-5.6349,10,-1.3696
ENSG00000163618,CADPS,63,-0.7981,152,1.73727,43,-1.3081,12,-3.1977
ENSG00000163630,SYNPR,109,-1.0652,322,2.11834,57,-1.9142,21,-3.4093
ENSG00000163634,THOC7,75,-0.4291,101,0.22371,139,0.66601,59,-0.7541
ENSG00000163636,PSMD6,35,-0.5603,59,0.63788,44,-0.1420,35,-0.4915
ENSG00000163637,PRICKLE2,49,-0.4736,90,1.29044,27,-1.2964,21,-1.7168
ENSG00000151276,MAGI1,46,-0.3373,75,1.09385,26,-1.1725,22,-1.4201
ENSG00000144741,SLC25A26,30,0.00542,32,0.20293,25,-0.2860,26,-0.2191
ENSG00000144749,LRIG1,111,0.63458,41,-1.5677,43,-0.9830,220,1.84614
ENSG00000183662,TAFA1,26,-0.0328,32,0.59430,26,-0.0666,7,-2.0812
ENSG00000144747,TMF1,11,-1.2117,25,0.24838,30,0.44480,32,0.50397
ENSG00000144744,UBA3,22,-0.7888,39,0.39975,5,-2.7408,69,1.21089
ENSG00000144746,ARL6IP5,110,-0.6346,170,0.26194,170,0.14258,176,0.20950
ENSG00000114861,FOXP1,18,-1.4151,55,1.07831,42,0.08537,25,-0.7426
ENSG00000163412,EIF4E3,25,-0.8266,60,1.61701,0,-6.0770,27,-0.6110
ENSG00000170837,GPR27,23,-0.3507,37,0.95692,0,-5.7641,29,0.06682
ENSG00000163602,RYBP,24,-0.6559,49,1.20082,15,-1.2808,20,-0.8590
ENSG00000163605,PPP4R2,20,-0.6733,38,0.84800,7,-2.0575,36,0.31710
ENSG00000121440,PDZRN3,21,0.02852,11,-1.4208,49,1.55429,29,0.60788
ENSG00000185008,ROBO2,28,-0.8061,67,1.71192,20,-1.1785,5,-3.2913
ENSG00000169855,ROBO1,15,-1.0136,29,0.21934,48,1.00914,21,-0.4105
ENSG00000175161,CADM2,190,-0.2267,301,1.22970,59,-2.0021,73,-1.6755
ENSG00000083937,CHMP2B,33,-0.7277,52,0.15875,84,0.90732,37,-0.4675
ENSG00000163320,CGGBP1,58,0.03393,70,0.64625,39,-0.6264,23,-1.4191
ENSG00000269028,MTRNR2L12,7745,0.89300,3393,-0.9889,6578,0.44037,4872,-0.0637
ENSG00000261292,AC110491.1,17,0.46600,16,0.63228,8,-0.8198,0,-6.1429
ENSG00000113966,ARL6,16,-0.0218,21,0.83995,1,-3.8253,13,-0.3423
ENSG00000080822,CLDND1,55,-2.3335,144,-1.0563,47,-2.3775,1042,3.31163
ENSG00000080819,CPOX,8,-1.4166,22,0.40211,3,-2.5025,47,1.55165
ENSG00000184220,CMSS1,41,-0.2628,69,1.39871,6,-2.9442,15,-1.8026
ENSG00000036054,TBC1D23,11,-0.6768,19,0.51920,0,-4.9738,30,1.09593
ENSG00000114021,NIT2,30,-0.1628,37,0.44595,42,0.42377,8,-2.0620
ENSG00000154174,TOMM70,45,-0.7561,90,0.99185,41,-0.7938,51,-0.4677
ENSG00000114354,TFG,47,-0.4617,62,0.07393,68,0.19480,73,0.32504
ENSG00000174173,TRMT10C,13,-0.7532,28,1.07478,17,-0.2553,8,-1.4431
ENSG00000081154,PCNP,118,-0.1509,140,0.28624,123,-0.0576,101,-0.3791
ENSG00000066422,ZBTB11,15,-1.2959,46,1.26671,27,-0.2715,17,-0.9639
ENSG00000114391,RPL24,794,-0.2014,719,-0.5442,1565,0.99280,1040,0.27176
ENSG00000182504,CEP97,14,-0.1670,17,0.47219,8,-0.9402,14,-0.0578
ENSG00000144815,NXPE3,19,-0.7730,38,0.82034,0,-5.8459,46,0.76968
ENSG00000170017,ALCAM,56,-0.9031,94,0.05559,88,-0.0745,163,0.97831
ENSG00000114439,BBX,19,-0.6253,24,-0.2659,14,-1.0347,65,1.60603
ENSG00000196776,CD47,44,-1.4691,153,1.44398,50,-1.1507,84,-0.3489
ENSG00000114446,IFT57,20,-0.6578,40,1.02429,13,-1.2135,23,-0.4088
ENSG00000198919,DZIP3,34,-0.4421,63,1.46710,2,-4.5486,21,-1.0984
ENSG00000240891,PLCXD2,5,-1.9208,29,2.86876,0,-4.9593,4,-1.9804
ENSG00000144827,ABHD10,41,-0.3373,68,1.13839,16,-1.7472,25,-1.0921
ENSG00000144834,TAGLN3,242,-0.6414,522,1.64766,127,-1.5611,54,-2.8295
ENSG00000091972,CD200,51,-0.5227,98,1.35224,33,-1.1239,17,-2.1300
ENSG00000144848,ATG3,42,-0.0980,36,-0.5392,33,-0.4941,94,1.31939
ENSG00000138459,SLC35A5,16,-0.8311,22,-0.4053,13,-1.0471,72,1.89728
ENSG00000163608,NEPRO,10,-0.7004,19,0.59947,9,-0.8891,19,0.36905
ENSG00000072858,SIDT1,8,-1.5484,27,0.83980,36,0.91424,7,-1.6330
ENSG00000176542,USF3,11,-0.8470,22,0.79060,16,-0.0829,12,-0.5104
ENSG00000121579,NAA50,32,-0.1739,42,0.48006,40,0.17622,14,-1.4251
ENSG00000114573,ATP6V1A,129,-0.5164,225,0.95408,148,-0.2355,59,-1.6600
ENSG00000184307,ZDHHC23,10,-0.3595,17,1.10450,9,-0.5408,2,-2.6806
ENSG00000172020,GAP43,678,0.66702,578,0.52917,168,-1.6709,79,-2.7865
ENSG00000185565,LSAMP,122,0.13194,127,0.32651,98,-0.2429,62,-0.9600
ENSG00000113845,TIMMDC1,42,-0.0264,41,-0.0903,9,-2.2855,82,1.14918
ENSG00000138495,COX17,157,-0.0508,137,-0.4210,284,0.98418,140,-0.2285
ENSG00000082701,GSK3B,62,-0.0776,82,0.76976,42,-0.7033,25,-1.4717
ENSG00000163428,LRRC58,22,-0.1923,23,-0.1431,17,-0.5228,41,0.88291
ENSG00000163430,FSTL1,21,-0.0931,9,-1.9170,54,1.57057,46,1.25791
ENSG00000065518,NDUFB4,372,0.27291,311,-0.1153,320,-0.0211,284,-0.2170
ENSG00000144840,RABL3,19,-0.7146,28,0.03633,57,1.24283,16,-0.8761
ENSG00000145087,STXBP5L,24,-1.0922,72,1.97701,11,-2.1249,12,-1.9506
ENSG00000173230,GOLGB1,30,-0.8725,59,0.57573,67,0.50175,31,-0.7305
ENSG00000163406,SLC15A2,41,0.83820,21,-0.6240,0,-5.7149,50,1.06707
ENSG00000114023,FAM162A,106,-0.2155,140,0.50004,92,-0.4133,90,-0.4566
ENSG00000114030,KPNA1,33,-0.7485,64,0.84171,31,-0.7467,45,-0.1489
ENSG00000173175,ADCY5,41,-0.5632,57,0.05303,54,-0.0579,84,0.67834
ENSG00000206527,HACD2,29,-0.9085,62,0.90654,18,-1.4789,57,0.28588
ENSG00000065534,MYLK,27,-0.8772,19,-1.8675,149,2.35210,74,0.89193
ENSG00000160145,KALRN,83,-0.4429,153,1.39405,44,-1.3755,22,-2.3907
ENSG00000082781,ITGB5,30,0.26034,16,-1.2154,25,-0.1205,64,1.56786
ENSG00000163848,ZNF148,20,-0.8158,37,0.53971,38,0.32175,24,-0.4138
ENSG00000114520,SNX4,23,0.06407,28,0.67647,4,-2.4139,18,-0.3569
ENSG00000114544,SLC41A3,61,-0.3195,86,0.51701,46,-0.7351,71,-0.0465
ENSG00000144908,ALDH1L1,87,0.65207,43,-0.9549,17,-2.0468,144,1.46274
ENSG00000159685,CHCHD6,62,0.21185,73,0.95926,18,-1.6940,8,-2.8965
ENSG00000114554,PLXNA1,25,-1.0300,64,1.20644,54,0.26710,5,-3.1998
ENSG00000163870,TPRA1,18,-0.7205,24,-0.2228,39,0.66032,39,0.67866
ENSG00000114631,PODXL2,117,-0.4620,190,0.79574,153,0.03689,51,-1.6745
ENSG00000114626,ABTB1,39,-0.2208,49,0.29406,66,0.66714,15,-1.7076
ENSG00000074416,MGLL,197,0.25970,180,0.12501,165,-0.0776,102,-0.8407
ENSG00000058262,SEC61A1,46,-0.4912,47,-0.6330,65,0.10360,138,1.46779
ENSG00000175792,RUVBL1,13,-0.1940,19,0.86036,0,-4.2808,15,-0.0367
ENSG00000163902,RPN1,67,-0.2853,85,0.29289,51,-0.6810,95,0.33664
ENSG00000075785,RAB7A,121,-0.6807,185,0.15038,237,0.50587,187,0.10490
ENSG00000177646,ACAD9,18,-0.3873,21,-0.1054,37,0.91320,18,-0.3121
ENSG00000240682,ISY1,14,-0.3755,14,-0.4814,29,0.94403,22,0.44343
ENSG00000169714,CNBP,134,-0.4872,181,0.12061,192,0.16302,208,0.29470
ENSG00000181789,COPG1,29,-1.0154,64,0.74690,51,-0.0080,44,-0.2470
ENSG00000183624,HMCES,33,0.23027,36,0.70582,4,-3.0493,19,-0.6773
ENSG00000184897,H1FX,134,-0.5432,189,0.14803,244,0.51586,171,-0.0863
ENSG00000129071,MBD4,18,-0.3166,23,0.24164,30,0.54648,13,-0.8283
ENSG00000163913,IFT122,18,-0.1146,27,1.11411,0,-4.7867,12,-0.8077
ENSG00000004399,PLXND1,39,0.53310,23,-0.6616,36,0.31416,33,0.14576
ENSG00000172765,TMCC1,26,0.13027,31,0.82500,5,-2.3586,13,-1.0061
ENSG00000017260,ATP2C1,45,-1.2115,128,1.26048,64,-0.5467,58,-0.7244
ENSG00000198585,NUDT16,45,0.53163,34,-0.0045,12,-1.6119,36,0.07717
ENSG00000114686,MRPL3,35,-0.3691,50,0.47622,52,0.32985,20,-1.1405
ENSG00000196353,CPNE4,26,-0.2375,43,1.39758,10,-1.6218,2,-3.7689
ENSG00000138246,DNAJC13,19,0.04000,26,1.15728,3,-2.7497,5,-2.0418
ENSG00000081307,UBA5,18,-0.3734,30,1.15390,2,-3.0828,15,-0.5513
ENSG00000144868,TMEM108,19,0.04728,26,1.05609,0,-5.2219,10,-1.0452
ENSG00000091527,CDV3,49,-0.3880,52,-0.3991,105,0.94674,73,0.30279
ENSG00000163781,TOPBP1,11,-0.1334,18,1.45066,0,-4.6137,2,-2.2579
ENSG00000091513,TF,4,-5.6806,68,-1.9387,26,-2.8235,1013,4.52530
ENSG00000144867,SRPRB,33,-0.7183,51,0.07048,84,0.91531,42,-0.2524
ENSG00000154917,RAB6B,350,-0.2402,540,1.08765,241,-0.7969,76,-2.5445
ENSG00000114019,AMOTL2,4,-2.3230,21,0.47623,0,-5.1739,52,1.92581
ENSG00000129055,ANAPC13,74,-0.0464,84,0.32947,65,-0.2440,55,-0.5042
ENSG00000182923,CEP63,15,0.05359,12,-0.3816,9,-0.6456,26,1.02354
ENSG00000154928,EPHB1,19,0.77939,13,-0.0195,3,-1.9482,11,-0.3031
ENSG00000114054,PCCB,15,-0.6394,25,0.60898,9,-1.3196,28,0.47437
ENSG00000168917,SLC35G2,19,0.40041,14,-0.1558,0,-4.6018,26,0.94404
ENSG00000114098,ARMC8,21,-0.9362,50,1.27959,30,-0.2516,10,-1.9252
ENSG00000158186,MRAS,69,-0.5556,121,0.87334,60,-0.6927,65,-0.5832
ENSG00000114107,CEP70,13,-0.9337,18,-0.5838,50,1.46272,30,0.50670
ENSG00000051382,PIK3CB,43,-0.1013,60,0.89009,18,-1.4743,23,-1.0507
ENSG00000175110,MRPS22,20,-0.5555,26,-0.0840,34,0.42137,36,0.51057
ENSG00000184432,COPB2,20,-0.6765,29,0.04318,42,0.63611,32,0.16763
ENSG00000114115,RBP1,19,-0.6298,19,-0.8555,62,1.49677,38,0.61487
ENSG00000158258,CLSTN2,17,-2.5123,147,3.32913,4,-4.4847,18,-2.2601
ENSG00000114120,SLC25A36,38,-0.6385,65,0.65503,70,0.46214,20,-1.5150
ENSG00000155893,PXYLP1,9,-0.9425,18,0.53715,10,-0.5872,21,0.55370
ENSG00000177311,ZBTB38,29,-0.4103,47,0.84182,20,-0.9701,26,-0.5369
ENSG00000114125,RNF7,95,-0.2323,103,-0.1296,157,0.64204,102,-0.0789
ENSG00000069849,ATP1B3,57,-0.5720,81,0.08250,77,-0.0372,113,0.62314
ENSG00000114126,TFDP2,14,-0.6213,23,0.34488,22,0.15186,20,0.00587
ENSG00000144935,TRPC1,17,-0.5524,33,1.21775,8,-1.6267,13,-0.8966
ENSG00000163714,U2SURP,33,-0.5234,49,0.32080,61,0.54514,29,-0.6414
ENSG00000175040,CHST2,33,-0.3127,42,0.19772,50,0.39007,30,-0.4193
ENSG00000114698,PLSCR4,26,-0.1603,13,-1.7188,39,0.53075,85,2.01586
ENSG00000163754,GYG1,30,-0.3720,35,-0.1234,54,0.63002,40,0.13391
ENSG00000071794,HLTF,21,-0.1718,26,0.46049,11,-1.0735,23,0.05167
ENSG00000114744,COMMD2,10,-0.9734,16,-0.1794,31,0.94147,24,0.52632
ENSG00000082996,RNF13,26,-1.3422,44,-0.6260,21,-1.4964,199,2.47361
ENSG00000070087,PFN2,265,-0.3847,419,0.83925,200,-0.7798,204,-0.7490
ENSG00000196428,TSC22D2,27,-0.1417,34,0.52630,23,-0.3667,18,-0.7552
ENSG00000120742,SERP1,103,0.02570,89,-0.3674,100,-0.0279,153,0.68796
ENSG00000144895,EIF2A,27,-0.5462,37,-0.0243,62,0.88600,32,-0.2160
ENSG00000198843,SELENOT,97,-0.5974,161,0.56448,76,-0.9040,164,0.32677
ENSG00000181788,SIAH2,16,-0.6411,29,0.85365,18,-0.3851,15,-0.6861
ENSG00000152601,MBNL1,40,-0.5134,64,0.63577,43,-0.3188,42,-0.3705
ENSG00000181467,RAP2B,17,-0.6306,39,1.88801,0,-5.4869,6,-2.0940
ENSG00000114790,ARHGEF26,21,0.43794,11,-0.9465,4,-2.1612,43,1.69560
ENSG00000174953,DHX36,35,-0.6709,55,0.21277,80,0.76118,39,-0.4421
ENSG00000114805,PLCH1,16,0.12342,22,1.41687,0,-4.9150,0,-6.6911
ENSG00000174928,C3orf33,11,-0.2785,18,1.08939,2,-2.7716,8,-0.6460
ENSG00000163655,GMPS,14,-0.8352,33,1.26651,18,-0.3689,6,-1.9110
ENSG00000169282,KCNAB1,31,-0.6785,66,1.47245,22,-1.0741,10,-2.2580
ENSG00000114850,SSR3,82,0.17131,61,-0.5377,70,-0.1074,121,0.82639
ENSG00000174891,RSRC1,24,-0.8327,43,0.29067,56,0.63425,34,-0.1992
ENSG00000178053,MLF1,16,-0.2796,21,0.28575,11,-0.8256,24,0.42157
ENSG00000168827,GFM1,23,-0.4557,37,0.69949,31,0.08068,13,-1.3139
ENSG00000118855,MFSD1,12,-1.1427,19,-0.5470,54,1.49157,33,0.57962
ENSG00000180044,C3orf80,17,-1.1244,55,2.35227,7,-2.2588,0,-6.0384
ENSG00000068885,IFT80,13,-0.6491,28,1.52039,2,-3.2087,10,-0.9700
ENSG00000186432,KPNA4,58,-0.2925,91,1.01229,29,-1.3308,34,-1.0685
ENSG00000163590,PPM1L,49,-0.4938,89,1.22966,34,-0.9860,20,-1.7675
ENSG00000169255,B3GALNT1,48,-0.1964,74,1.21374,13,-2.1841,19,-1.5854
ENSG00000169251,NMD3,20,-0.5217,23,-0.4714,59,1.34817,28,0.01116
ENSG00000121871,SLITRK3,5,-1.6041,23,2.97183,0,-4.6879,0,-4.0191
ENSG00000114209,PDCD10,28,-0.5831,28,-0.8292,86,1.43577,55,0.61107
ENSG00000163536,SERPINI1,243,-0.7372,546,1.57837,109,-1.8764,136,-1.5417
ENSG00000173905,GOLIM4,48,-0.1204,24,-1.6723,86,0.89222,130,1.69948
ENSG00000008952,SEC62,273,-0.3516,336,0.05256,436,0.46685,314,-0.0824
ENSG00000173889,PHC3,12,-1.1397,20,-0.3838,59,1.73857,20,-0.1809
ENSG00000163558,PRKCI,38,-0.4486,70,1.42111,11,-2.1616,17,-1.6118
ENSG00000136603,SKIL,20,-0.8079,27,-0.3653,94,2.03648,8,-2.0423
ENSG00000013297,CLDN11,2,-5.3535,27,-1.9757,4,-4.0002,427,4.63639
ENSG00000013293,SLC7A14,11,-2.0260,64,2.32165,17,-1.3062,11,-1.9177
ENSG00000163584,RPL22L1,34,-0.3167,27,-0.9956,98,1.56656,52,0.38844
ENSG00000154310,TNIK,47,0.01545,48,0.05257,52,0.16410,38,-0.3482
ENSG00000144959,NCEH1,33,-0.4011,66,1.91441,0,-6.0968,2,-4.5580
ENSG00000169760,NLGN1,11,-1.2098,27,0.59786,19,-0.2594,29,0.47097
ENSG00000177565,TBL1XR1,69,-0.5793,116,0.63934,102,0.11794,56,-0.8303
ENSG00000172667,ZMAT3,68,-0.1640,101,1.08186,33,-1.2687,21,-1.9527
ENSG00000121879,PIK3CA,21,0.17502,20,0.15000,12,-0.6941,18,-0.0743
ENSG00000121864,ZNF639,14,-0.4215,24,0.97893,6,-1.5610,13,-0.5108
ENSG00000171109,MFN1,13,-0.4728,17,0.02566,25,0.64779,16,-0.0808
ENSG00000114450,GNB4,15,-1.5195,50,1.17536,36,0.00943,22,-0.7756
ENSG00000136522,MRPL47,30,-0.3249,42,0.48980,23,-0.7266,36,0.01690
ENSG00000136521,NDUFB5,130,-0.2368,171,0.45611,127,-0.2390,110,-0.4760
ENSG00000114757,PEX5L,51,-0.7959,95,0.54551,60,-0.4498,97,0.31421
ENSG00000163728,TTC14,17,-0.6273,27,0.39118,16,-0.6047,32,0.51226
ENSG00000114416,FXR1,54,-0.5830,75,0.02207,80,0.12902,107,0.61036
ENSG00000205981,DNAJC19,72,0.15962,72,0.23168,68,0.04080,32,-1.1495
ENSG00000242808,SOX2-OT,38,-1.8457,67,-1.2488,16,-2.9469,544,3.39705
ENSG00000181449,SOX2,118,0.64838,52,-1.1967,120,0.55888,124,0.61215
ENSG00000043093,DCUN1D1,38,0.21226,42,0.70789,9,-1.9684,18,-1.0171
ENSG00000078070,MCCC1,14,-0.1912,15,0.03147,9,-0.7459,23,0.71615
ENSG00000114796,KLHL24,28,-0.5739,33,-0.3764,52,0.50459,66,0.92516
ENSG00000163872,YEATS2,11,-1.2171,30,0.89675,17,-0.4713,24,0.07256
ENSG00000180834,MAP6D1,9,-2.0003,28,-0.1029,0,-5.7291,103,2.44911
ENSG00000175193,PARL,34,0.07597,32,-0.0689,51,0.75500,15,-1.2227
ENSG00000114770,ABCC5,37,-0.3544,63,1.19106,22,-1.1154,13,-1.9386
ENSG00000145191,EIF2B5,23,-0.6449,43,0.92505,13,-1.4289,31,-0.0825
ENSG00000161202,DVL3,27,-0.5853,38,0.00281,46,0.33613,50,0.46751
ENSG00000161203,AP2M1,339,-0.5907,616,0.94431,287,-0.7809,314,-0.6397
ENSG00000161204,ABCF3,19,-0.6129,32,0.49109,10,-1.4718,41,0.69453
ENSG00000145198,VWA5B2,23,-0.1510,38,1.68568,0,-5.5848,0,-5.4380
ENSG00000163888,CAMK2N2,193,0.58908,149,0.09221,138,-0.0730,35,-2.1834
ENSG00000175166,PSMD2,88,-0.4615,131,0.47571,79,-0.5777,123,0.14066
ENSG00000114867,EIF4G1,54,-0.6472,79,0.02754,126,0.82454,73,-0.0969
ENSG00000175182,FAM131A,126,-0.5961,251,1.35765,107,-0.7757,32,-2.6010
ENSG00000163882,POLR2H,27,-0.5161,42,0.47656,33,-0.1473,33,-0.1382
ENSG00000090539,CHRD,19,-0.4544,30,0.54404,21,-0.2570,21,-0.2936
ENSG00000177383,MAGEF1,43,-0.3886,77,1.40117,0,-6.4499,30,-0.9229
ENSG00000156931,VPS8,17,-0.2755,24,0.54927,10,-1.0553,20,0.00932
ENSG00000187068,C3orf70,44,0.91489,22,-0.5781,18,-0.6847,29,0.08153
ENSG00000073803,MAP3K13,58,-0.0985,45,-0.7828,152,1.66123,41,-0.6435
ENSG00000163900,TMEM41A,15,0.17207,17,0.65611,3,-2.0460,9,-0.6819
ENSG00000163904,SENP2,27,-0.2034,39,0.88965,7,-2.1984,23,-0.4303
ENSG00000136527,TRA2B,39,-0.7241,63,0.22781,74,0.40494,62,0.11072
ENSG00000244405,ETV5,43,-0.3855,80,1.62578,7,-3.0718,10,-2.4934
ENSG00000058866,DGKG,8,-1.3909,30,2.47866,0,-5.0920,5,-1.9700
ENSG00000090520,DNAJB11,14,-0.7218,27,0.81791,12,-0.8471,21,-0.0637
ENSG00000156976,EIF4A2,386,-0.6149,726,1.03574,429,-0.3723,215,-1.4492
ENSG00000073849,ST6GAL1,22,-0.8762,45,0.59995,51,0.52854,21,-0.8600
ENSG00000163923,RPL39L,14,-0.5979,25,0.90679,11,-0.7906,14,-0.5117
ENSG00000157005,SST,153,-1.9699,240,-1.6119,2540,3.70677,93,-2.5336
ENSG00000113916,BCL6,26,0.24669,19,-0.4820,18,-0.4079,38,0.82668
ENSG00000152492,CCDC50,27,0.18607,21,-0.4350,0,-5.5260,59,1.56273
ENSG00000114279,FGF12,115,-0.2369,191,1.42256,39,-1.8642,14,-3.3886
ENSG00000127249,ATP13A4,28,0.62726,14,-0.8369,0,-5.3061,49,1.56860
ENSG00000198836,OPA1,74,-0.3009,115,0.94627,57,-0.6937,33,-1.5167
ENSG00000114315,HES1,21,0.01064,11,-1.3333,40,1.16445,37,0.99786
ENSG00000133657,ATP13A3,11,-1.5069,26,-0.0164,38,0.64371,45,0.94249
ENSG00000114331,ACAP2,15,-0.6664,24,0.18175,12,-0.9929,41,1.04787
ENSG00000184203,PPP1R2,39,-0.8417,85,1.06099,59,-0.1053,25,-1.4420
ENSG00000189058,APOD,132,-2.1826,185,-2.0769,1577,2.27051,1283,1.79847
ENSG00000061938,TNK2,61,-0.2670,79,0.31984,75,0.09903,54,-0.4414
ENSG00000072274,TFRC,38,-0.2126,55,0.77309,22,-1.0329,28,-0.7063
ENSG00000161217,PCYT1A,19,-0.7575,26,-0.2801,62,1.31131,29,-0.0404
ENSG00000213123,TCTEX1D2,48,-0.0636,60,0.54725,39,-0.4001,27,-0.9972
ENSG00000163960,UBXN7,15,-0.2697,13,-0.7582,21,0.27257,39,1.33322
ENSG00000163961,RNF168,19,0.20345,18,0.06189,14,-0.2967,15,-0.2426
ENSG00000174013,FBXO45,23,-0.5369,37,0.54278,38,0.33475,17,-0.9795
ENSG00000163964,PIGX,43,-0.3197,62,0.58104,49,-0.0945,29,-0.8835
ENSG00000180370,PAK2,28,-0.2556,35,0.31519,19,-0.8473,39,0.34709
ENSG00000119231,SENP5,25,-0.3519,35,0.43227,19,-0.7762,34,0.20719
ENSG00000114503,NCBP2,54,0.23813,51,0.23255,15,-1.7365,52,0.14578
ENSG00000270170,NCBP2AS2,36,-0.5082,61,0.80956,34,-0.5272,31,-0.6538
ENSG00000119227,PIGZ,10,-1.1886,28,1.16779,13,-0.6648,16,-0.3987
ENSG00000228109,MELTF-AS1,16,-0.5519,18,-0.3975,64,2.01763,2,-3.0681
ENSG00000075711,DLG1,42,-0.7651,84,0.90059,17,-2.0618,78,0.32473
ENSG00000161267,BDH1,39,0.56921,33,0.28449,12,-1.4024,16,-0.9540
ENSG00000145016,RUBCN,23,-0.6737,41,0.67510,27,-0.3147,29,-0.2202
ENSG00000122068,FYTTD1,29,-0.5717,35,-0.3161,76,1.15478,41,0.06570
ENSG00000186001,LRCH3,10,-0.7634,16,0.16748,10,-0.7462,29,1.05099
ENSG00000182899,RPL35A,937,-0.1741,811,-0.6153,1962,1.13346,1137,0.16884
ENSG00000182903,ZNF721,12,-1.0294,29,0.95880,11,-1.0426,24,0.12118
ENSG00000174227,PIGG,14,-0.1307,13,-0.4118,5,-1.5970,36,1.53238
ENSG00000273238,TMEM271,42,-0.5690,88,1.62669,9,-2.8546,19,-1.7120
ENSG00000169020,ATP5ME,1065,0.15465,980,-0.0103,855,-0.2284,964,-0.0336
ENSG00000215375,MYL5,17,0.13887,15,-0.1088,20,0.38857,12,-0.4815
ENSG00000185619,PCGF3,22,-0.2260,31,0.83986,12,-1.0877,14,-0.8450
ENSG00000168993,CPLX1,283,0.45350,245,0.24276,174,-0.4248,87,-1.4884
ENSG00000178950,GAK,29,-0.7013,57,0.96543,37,-0.2204,20,-1.1795
ENSG00000127419,TMEM175,20,-0.8705,33,0.10709,19,-0.8440,65,1.24947
ENSG00000145214,DGKQ,15,-0.4685,26,0.99506,13,-0.6224,8,-1.2942
ENSG00000127418,FGFRL1,30,1.08869,7,-2.0747,0,-5.1269,57,2.15747
ENSG00000159692,CTBP1,144,0.00056,180,0.72581,72,-1.1009,74,-1.0558
ENSG00000090316,MAEA,38,-0.4071,66,1.18737,18,-1.5109,21,-1.2540
ENSG00000163950,SLBP,45,-0.5422,90,1.45068,29,-1.1738,10,-2.6642
ENSG00000168936,TMEM129,26,-0.2611,34,0.36884,5,-2.6263,47,0.77284
ENSG00000068078,FGFR3,310,0.96460,149,-0.7013,102,-1.0419,252,0.41700
ENSG00000168924,LETM1,39,-0.2658,51,0.40437,49,0.15098,27,-0.7879
ENSG00000109685,NSD2,30,-0.3836,52,1.14627,12,-1.7236,20,-1.0100
ENSG00000185049,NELFA,14,-0.1935,18,0.38449,0,-4.9787,26,0.83922
ENSG00000243449,C4orf48,492,-0.0850,505,-0.0537,330,-0.7133,783,0.71592
ENSG00000185818,NAT8L,294,0.55459,238,0.19451,129,-0.8741,117,-1.0304
ENSG00000123933,MXD4,38,-0.1817,32,-0.6595,50,0.29220,79,1.11514
ENSG00000159733,ZFYVE28,14,-0.3802,23,1.03576,14,-0.2587,2,-3.0215
ENSG00000063978,RNF4,34,-0.0714,44,0.72425,25,-0.5585,13,-1.5081
ENSG00000087266,SH3BP2,28,0.71806,14,-0.8099,28,0.58623,16,-0.2682
ENSG00000087274,ADD1,158,-0.2751,194,0.18319,181,-0.0196,188,0.04977
ENSG00000109736,MFSD10,27,-0.6638,41,0.10994,80,1.25663,16,-1.3617
ENSG00000197386,HTT,55,-0.1453,67,0.35455,77,0.42566,22,-1.5576
ENSG00000159788,RGS12,47,-0.1604,61,0.58028,38,-0.4636,31,-0.7724
ENSG00000163956,LRPAP1,115,-0.6166,184,0.40161,187,0.23817,140,-0.2375
ENSG00000132406,TMEM128,15,-0.2905,19,0.31778,16,-0.0751,15,-0.1858
ENSG00000168824,NSG1,87,-0.3735,119,0.35251,85,-0.3654,115,0.12449
ENSG00000168818,STX18,12,-0.5749,21,0.66803,9,-0.9212,18,0.10603
ENSG00000072832,CRMP1,192,-0.3225,318,1.17971,118,-1.0545,57,-2.1376
ENSG00000181215,C4orf50,11,-0.8484,29,1.93499,1,-4.3222,6,-1.6336
ENSG00000152969,JAKMIP1,55,-0.5316,110,1.60953,28,-1.5163,6,-3.5707
ENSG00000109501,WFS1,119,0.19447,111,0.10672,86,-0.3507,90,-0.2893
ENSG00000074211,PPP2R2C,183,0.24685,202,0.73108,64,-1.4382,54,-1.6882
ENSG00000013288,MAN2B2,26,-0.5111,43,0.63454,42,0.31876,14,-1.4105
ENSG00000179010,MRFAP1,259,-0.2047,330,0.40611,131,-1.2445,344,0.29213
ENSG00000170846,AC093323.1,36,-0.6039,73,1.34167,17,-1.6575,24,-1.1689
ENSG00000178988,MRFAP1L1,66,-0.5896,108,0.51911,94,0.04775,74,-0.3466
ENSG00000186222,BLOC1S4,14,0.13784,15,0.62820,1,-3.7117,11,-0.1551
ENSG00000170871,KIAA0232,45,-0.3154,72,1.07558,16,-1.8344,30,-0.8805
ENSG00000132405,TBC1D14,34,-0.4978,51,0.37929,46,0.03903,41,-0.1269
ENSG00000173011,TADA2B,17,-0.0042,20,0.61176,11,-0.6556,8,-1.0884
ENSG00000109519,GRPEL1,30,-0.3987,43,0.42951,44,0.26069,23,-0.7526
ENSG00000184985,SORCS2,28,0.06494,24,-0.2942,33,0.34582,30,0.17178
ENSG00000196526,AFAP1,12,-0.4259,22,1.24435,0,-4.9389,12,-0.4718
ENSG00000163995,ABLIM2,24,-0.6228,54,1.86698,8,-2.1807,1,-4.4099
ENSG00000071127,WDR1,43,-1.0199,72,-0.1360,127,0.88592,105,0.55562
ENSG00000178163,ZNF518B,17,0.03114,19,0.30859,20,0.30562,5,-1.6832
ENSG00000157869,RAB28,15,-0.6979,26,0.39191,24,0.05410,24,0.10126
ENSG00000038219,BOD1L1,50,-0.3212,76,0.79056,54,-0.1784,21,-1.6463
ENSG00000137449,CPEB2,18,-1.3455,45,0.43520,17,-1.3304,81,1.26397
ENSG00000118564,FBXL5,32,-1.2149,69,0.17970,98,0.69944,81,0.36100
ENSG00000237765,FAM200B,81,-0.1424,71,-0.5460,91,0.07369,161,1.07124
ENSG00000169762,TAPT1,18,-0.6583,31,0.67119,4,-2.6721,39,0.71023
ENSG00000169744,LDB2,13,-2.4085,96,2.44703,40,-0.5383,2,-4.4846
ENSG00000151552,QDPR,149,-0.8705,198,-0.5204,91,-1.5239,750,2.14804
ENSG00000002549,LAP3,33,-0.1387,27,-0.7166,41,0.22724,70,1.19162
ENSG00000118579,MED28,31,-0.4469,34,-0.4224,74,1.08189,46,0.23595
ENSG00000163257,DCAF16,12,-0.5107,17,0.08037,7,-1.2769,32,1.15082
ENSG00000145147,SLIT2,24,0.22366,28,0.91999,6,-1.8654,4,-2.3173
ENSG00000163138,PACRGL,13,-0.5867,25,1.22301,9,-1.0316,7,-1.3530
ENSG00000185774,KCNIP4,39,-0.8701,95,1.59139,41,-0.7098,7,-3.2688
ENSG00000152990,ADGRA3,24,0.53831,13,-0.7908,0,-5.1448,44,1.60896
ENSG00000109606,DHX15,27,-0.4318,43,0.74350,18,-1.0000,30,-0.2217
ENSG00000109610,SOD3,15,-1.1143,12,-1.8272,119,2.92360,29,0.02093
ENSG00000053900,ANAPC4,6,-1.4645,19,0.78375,14,-0.0603,16,0.17838
ENSG00000091490,SEL1L3,14,-0.1799,23,1.52483,1,-4.0710,2,-2.6589
ENSG00000250317,SMIM20,45,0.59771,30,-0.3199,2,-3.9991,57,0.90512
ENSG00000168214,RBPJ,44,-0.3456,52,-0.0490,27,-1.0417,101,1.11098
ENSG00000109689,STIM2,8,-1.2902,18,0.10556,22,0.41473,28,0.82349
ENSG00000169851,PCDH7,56,-1.0207,163,2.12684,32,-1.7883,4,-4.6954
ENSG00000047365,ARAP2,10,-1.4294,27,0.27896,17,-0.5977,50,1.26385
ENSG00000065882,TBC1D1,12,-0.7860,19,-0.0048,42,1.39378,10,-1.0173
ENSG00000109787,KLF3,18,-0.1499,17,-0.3802,28,0.53968,26,0.44211
ENSG00000109790,KLHL5,18,-0.3719,27,0.62923,9,-1.4022,24,0.14675
ENSG00000035928,RFC1,28,-0.1727,21,-0.8881,55,0.99518,49,0.80145
ENSG00000163682,RPL9,1064,-0.0655,913,-0.4976,1833,0.87861,1196,0.13726
ENSG00000163683,SMIM14,42,-0.5364,63,0.30422,69,0.31690,50,-0.2158
ENSG00000078140,UBE2K,75,-0.3812,128,1.16064,49,-1.0143,29,-1.8066
ENSG00000121892,PDS5A,19,-0.8214,39,0.90285,25,-0.2954,20,-0.6115
ENSG00000163697,APBB2,28,-0.1963,34,0.29450,15,-1.1061,40,0.43168
ENSG00000154277,UCHL1,810,-0.5852,1647,1.50040,503,-1.2548,204,-2.6087
ENSG00000064042,LIMCH1,89,-0.1491,106,0.28929,50,-1.0338,119,0.34619
ENSG00000109133,TMEM33,52,-0.3459,72,0.43989,41,-0.6642,67,0.11380
ENSG00000014824,SLC30A9,66,-0.2017,92,0.71912,57,-0.4125,33,-1.2603
ENSG00000124406,ATP8A1,45,-1.3820,145,1.36245,30,-1.8411,103,0.04283
ENSG00000151806,GUF1,15,0.08782,16,0.54197,5,-1.6263,11,-0.3408
ENSG00000163281,GNPDA2,8,-0.6690,20,1.94885,0,-4.6054,2,-2.3868
ENSG00000163285,GABRG1,71,0.23381,65,0.09083,30,-1.1514,72,0.21513
ENSG00000260878,AC104072.1,31,0.22743,39,1.30446,0,-5.6107,1,-4.9595
ENSG00000151834,GABRA2,70,0.74567,57,0.53449,0,-6.5575,18,-1.4905
ENSG00000109158,GABRA4,31,-0.1215,48,1.44633,3,-3.2972,5,-2.8378
ENSG00000163288,GABRB1,21,-0.7887,52,1.95118,0,-6.0025,11,-1.7219
ENSG00000260918,AC107398.3,68,-0.3014,100,0.72238,54,-0.6293,51,-0.7176
ENSG00000169019,COMMD8,17,-0.3277,20,0.01577,37,1.06833,9,-1.2437
ENSG00000109171,SLAIN2,13,-0.3306,16,-0.0188,28,0.94628,10,-0.7581
ENSG00000075539,FRYL,12,-0.9850,18,-0.3405,20,-0.0211,48,1.52406
ENSG00000109180,OCIAD1,135,-1.1049,324,0.83684,303,0.30079,152,-0.8150
ENSG00000145247,OCIAD2,48,-0.1231,56,0.25540,57,0.16962,34,-0.6569
ENSG00000109184,DCUN1D4,35,-0.3937,48,0.30486,48,0.18656,36,-0.2817
ENSG00000163069,SGCB,51,-0.2699,67,0.40998,5,-3.5060,95,0.81127
ENSG00000109189,USP46,63,-0.0253,80,0.74504,24,-1.5374,41,-0.7149
ENSG00000226950,DANCR,53,-0.0587,58,0.16152,25,-1.2455,76,0.54794
ENSG00000145216,FIP1L1,22,-0.0577,25,0.32673,29,0.45309,6,-1.8755
ENSG00000072201,LNX1,22,-0.4400,43,1.70601,8,-1.9149,0,-7.3818
ENSG00000134853,PDGFRA,34,-0.3347,35,-0.3513,62,0.72960,52,0.41518
ENSG00000157404,KIT,23,-0.6069,46,1.29390,8,-2.1211,20,-0.7491
ENSG00000128039,SRD5A3,9,-1.0662,26,1.59806,0,-5.0740,14,-0.2574
ENSG00000134851,TMEM165,15,-1.4188,33,-0.0919,16,-1.1492,95,1.87970
ENSG00000134852,CLOCK,23,-0.3854,33,0.50914,33,0.28551,13,-1.1349
ENSG00000090989,EXOC1,20,-0.8076,37,0.45907,28,-0.2024,38,0.31276
ENSG00000128050,PAICS,38,-0.1283,37,-0.2682,47,0.24761,55,0.49568
ENSG00000174780,SRP72,38,-0.6395,58,0.20910,90,0.85954,35,-0.6829
ENSG00000171476,HOPX,405,0.34630,404,0.54916,248,-0.5101,46,-3.0316
ENSG00000047315,POLR2B,29,-0.9664,63,0.75048,45,-0.1908,46,-0.1247
ENSG00000163453,IGFBP7,146,-1.3156,117,-2.0863,1346,3.06245,364,0.27311
ENSG00000150471,ADGRL3,47,-0.5762,91,1.25312,21,-1.7418,37,-0.8836
ENSG00000145242,EPHA5,33,-0.6553,73,1.71384,11,-2.2034,11,-2.2646
ENSG00000033178,UBA6,19,0.23704,19,0.29515,0,-5.0571,22,0.44388
ENSG00000083896,YTHDC1,32,-0.7171,47,-0.0111,29,-0.7786,98,1.27179
ENSG00000132467,UTP3,14,-0.6761,25,0.61501,17,-0.2987,20,-0.0897
ENSG00000018189,RUFY3,102,-0.6185,188,0.90818,114,-0.3826,81,-0.9135
ENSG00000132463,GRSF1,59,-0.9050,124,0.76460,77,-0.3879,95,-0.0537
ENSG00000173542,MOB1B,29,-0.9721,74,1.50581,25,-1.0509,20,-1.4198
ENSG00000156136,DCK,19,-0.9384,44,1.08677,10,-1.7144,34,0.06777
ENSG00000080493,SLC4A4,95,0.95280,55,-0.2311,11,-2.5497,60,-0.0135
ENSG00000132466,ANKRD17,50,0.05740,59,0.59179,30,-0.7538,24,-1.0816
ENSG00000169116,PARM1,61,0.33695,58,0.37047,49,-0.0995,9,-2.6521
ENSG00000163743,RCHY1,30,-0.4014,41,0.33026,47,0.38927,25,-0.6416
ENSG00000138769,CDKL2,12,-0.7424,27,1.25450,2,-3.4181,18,-0.1223
ENSG00000138757,G3BP2,128,-0.7579,287,1.48850,107,-0.9532,45,-2.2385
ENSG00000138768,USO1,35,-0.1100,42,0.35351,24,-0.7094,36,-0.0302
ENSG00000198301,SDAD1,14,-0.5688,27,1.15595,6,-1.7369,13,-0.6175
ENSG00000138760,SCARB2,42,-1.3241,85,-0.2010,42,-1.1969,262,1.96869
ENSG00000138758,SEPTIN11,71,-0.4545,112,0.66058,53,-0.8532,86,-0.0870
ENSG00000118816,CCNI,317,0.30772,229,-0.4498,391,0.62176,228,-0.2834
ENSG00000138764,CCNG2,30,-0.2042,42,0.80912,8,-2.2069,29,-0.2247
ENSG00000169288,MRPL1,23,-0.7055,50,1.48088,13,-1.4718,12,-1.5976
ENSG00000138756,BMP2K,21,-0.3311,12,-1.5534,74,2.04868,33,0.46736
ENSG00000163291,PAQR3,11,-0.4322,18,0.69088,0,-4.8277,21,0.61397
ENSG00000152784,PRDM8,52,0.55542,45,0.41213,16,-1.4283,15,-1.4447
ENSG00000138670,RASGEF1B,25,0.88436,15,-0.2674,13,-0.3112,8,-1.1108
ENSG00000273156,AC124016.2,19,0.00761,24,0.87911,2,-3.2235,13,-0.5996
ENSG00000138668,HNRNPD,74,-0.5769,113,0.33467,129,0.40122,82,-0.3481
ENSG00000152795,HNRNPDL,179,-0.4234,270,0.57614,193,-0.2511,172,-0.4407
ENSG00000145293,ENOPH1,66,-0.6396,116,0.68073,66,-0.5639,90,-0.0696
ENSG00000249242,TMEM150C,34,0.03162,36,0.18195,42,0.33502,16,-1.1195
ENSG00000145284,SCD5,346,-0.5112,506,0.31661,201,-1.2934,733,0.81404
ENSG00000138674,SEC31A,31,-0.6364,49,0.29865,68,0.72227,29,-0.6940
ENSG00000251022,THAP9-AS1,17,-0.5415,25,0.28375,29,0.38761,20,-0.2509
ENSG00000138663,COPS4,51,-0.4020,80,0.78482,51,-0.3276,32,-1.0722
ENSG00000163319,MRPS18C,66,-0.3966,85,0.08088,131,0.79290,56,-0.6109
ENSG00000163624,CDS1,39,-0.0017,49,0.74467,25,-0.7002,13,-1.6629
ENSG00000163625,WDFY3,33,-0.5901,52,0.38122,34,-0.4733,58,0.41222
ENSG00000180769,WDFY3-AS2,20,-0.0110,12,-1.1237,29,0.61459,42,1.27884
ENSG00000109339,MAPK10,152,0.03585,191,0.84402,64,-1.3169,58,-1.4756
ENSG00000145332,KLHL8,16,0.55614,15,0.79150,0,-4.5446,3,-2.1497
ENSG00000198189,HSD17B11,16,-1.1077,32,0.11800,50,0.83732,35,0.21540
ENSG00000170502,NUDT9,28,-0.1170,33,0.37329,1,-4.2212,46,0.74310
ENSG00000152583,SPARCL1,2388,0.62232,1422,-0.5624,1269,-0.5286,2353,0.48923
ENSG00000118785,SPP1,15,-3.3692,61,-1.5900,1,-6.8658,713,4.15693
ENSG00000163644,PPM1K,102,0.18595,97,0.14056,39,-1.3501,110,0.27824
ENSG00000138642,HERC6,16,0.41827,10,-0.7078,21,0.77901,12,-0.1336
ENSG00000145337,PYURF,63,-0.4870,81,-0.0111,29,-1.6188,174,1.33812
ENSG00000138641,HERC3,14,-0.5649,27,1.17165,1,-3.8719,17,-0.1526
ENSG00000177432,NAP1L5,112,-0.1594,172,1.23926,34,-1.9652,31,-2.0928
ENSG00000138640,FAM13A,11,-0.7476,25,1.48124,9,-0.9557,4,-2.2337
ENSG00000145335,SNCA,125,-1.3326,425,1.91163,142,-1.0163,58,-2.3564
ENSG00000163110,PDLIM5,44,-0.3137,32,-1.1470,115,1.38570,87,0.85764
ENSG00000138696,BMPR1B,36,1.31308,16,-0.5525,0,-5.2675,22,0.16285
ENSG00000138698,RAP1GDS1,90,-0.4804,142,0.65168,120,0.04972,62,-0.9854
ENSG00000168785,TSPAN5,74,-0.5450,119,0.56338,114,0.21043,60,-0.8010
ENSG00000151247,EIF4E,71,0.00738,89,0.78181,32,-1.2166,33,-1.1913
ENSG00000164024,METAP1,22,-0.1231,27,0.42236,24,0.05088,12,-1.0611
ENSG00000197894,ADH5,68,-0.3637,82,-0.0257,91,0.15485,107,0.43093
ENSG00000109270,LAMTOR3,39,-0.5011,68,0.93431,37,-0.5250,26,-1.0971
ENSG00000164031,DNAJB14,47,-0.7494,96,1.02968,57,-0.3553,36,-1.0907
ENSG00000164032,H2AFZ,103,-0.6535,163,0.28162,242,0.84031,86,-0.8631
ENSG00000138814,PPP3CA,188,-1.0330,509,1.65013,213,-0.7286,59,-2.6546
ENSG00000109332,UBE2D3,120,-0.5298,169,0.14681,238,0.67063,131,-0.3348
ENSG00000145354,CISD2,50,-0.1162,64,0.62957,33,-0.7640,33,-0.7198
ENSG00000164039,BDH2,51,0.38204,20,-1.6126,64,0.74216,86,1.28232
ENSG00000168772,CXXC4,14,-1.0628,40,1.89999,5,-2.3718,9,-1.5389
ENSG00000138777,PPA2,33,-0.4117,53,0.80256,22,-1.0006,32,-0.4046
ENSG00000145348,TBCK,10,-0.8907,18,0.11961,31,1.00571,14,-0.2996
ENSG00000164022,AIMP1,19,-0.6414,30,0.31211,26,-0.0705,33,0.30836
ENSG00000138801,PAPSS1,38,-0.9862,90,1.04914,29,-1.2754,67,0.01385
ENSG00000138796,HADH,31,-0.1661,28,-0.5179,30,-0.2071,68,1.21968
ENSG00000109475,RPL34,1908,-0.1392,1627,-0.6073,3516,0.93070,2585,0.38630
ENSG00000198856,OSTC,14,-1.1915,25,-0.4005,65,1.43372,38,0.44862
ENSG00000164089,ETNPPL,255,1.00328,148,-0.1933,22,-2.9593,146,-0.1384
ENSG00000138802,SEC24B,16,-0.4086,20,-0.0480,35,0.94439,15,-0.4959
ENSG00000123739,PLA2G12A,28,-0.4022,35,-0.0112,52,0.68660,32,-0.1569
ENSG00000170522,ELOVL6,12,-0.8238,25,0.97839,22,0.30950,4,-2.3212
ENSG00000138660,AP1AR,33,-0.0957,38,0.32989,46,0.47481,11,-1.7898
ENSG00000174720,LARP7,34,-0.5727,39,-0.5009,104,1.40732,48,0.04012
ENSG00000145362,ANK2,306,-0.1996,446,0.92685,186,-0.9585,139,-1.4027
ENSG00000145349,CAMK2D,105,-0.4934,198,1.36427,74,-0.9676,22,-2.7900
ENSG00000269893,SNHG8,132,0.18511,116,-0.1032,100,-0.3049,134,0.18146
ENSG00000172403,SYNPO2,1,-4.7629,32,0.51162,70,1.74109,16,-0.7775
ENSG00000164096,C4orf3,154,-0.3406,180,-0.0787,266,0.61134,187,0.01482
ENSG00000164111,ANXA5,45,-0.9020,31,-1.9139,194,1.73915,190,1.69329
ENSG00000164112,TMEM155,5,-3.0684,67,3.81091,7,-2.4781,0,-5.4322
ENSG00000138686,BBS7,15,-0.9066,37,1.54322,15,-0.7672,5,-2.3606
ENSG00000138688,KIAA1109,51,0.00823,63,0.73038,17,-1.6757,33,-0.6736
ENSG00000138685,FGF2,34,0.42064,16,-1.2682,22,-0.3881,67,1.58290
ENSG00000151458,ANKRD50,18,-0.5652,31,0.81733,31,0.40824,3,-2.8978
ENSG00000164066,INTU,14,-0.3053,16,-0.1106,11,-0.6815,30,1.02259
ENSG00000164070,HSPA4L,33,-0.4877,59,1.16734,33,-0.4222,6,-2.8313
ENSG00000138709,LARP1B,23,-0.1877,20,-0.5829,68,1.77384,9,-1.5977
ENSG00000164040,PGRMC2,44,-0.5919,66,0.23970,50,-0.3220,86,0.56937
ENSG00000077684,JADE1,20,0.10660,25,0.85948,1,-4.4072,13,-0.6298
ENSG00000138650,PCDH10,70,-0.2321,108,1.11937,19,-2.1426,39,-1.0919
ENSG00000151012,SLC7A11,54,-0.6037,33,-1.7803,85,0.21423,272,2.53229
ENSG00000109390,NDUFC1,255,-0.1843,305,0.24665,272,-0.0536,246,-0.2154
ENSG00000164134,NAA15,13,-0.7482,27,1.05680,4,-2.2004,20,0.05094
ENSG00000145391,SETD7,23,-0.6929,36,0.20750,26,-0.4268,54,0.78106
ENSG00000153130,SCOC,201,-0.1801,291,0.94510,69,-1.8029,133,-0.8131
ENSG00000109436,TBC1D9,32,-0.7493,66,1.06398,54,0.17021,7,-2.8377
ENSG00000170153,RNF150,28,-0.5194,52,1.12959,33,-0.1912,4,-3.3516
ENSG00000109445,ZNF330,12,-0.5973,16,-0.1844,28,0.78322,21,0.35002
ENSG00000153147,SMARCA5,74,-0.3111,60,-0.9336,203,1.51139,109,0.36281
ENSG00000164163,ABCE1,20,-0.4511,34,0.91723,11,-1.2543,19,-0.4669
ENSG00000164164,OTUD4,10,-1.0641,21,0.41743,24,0.37929,20,0.11484
ENSG00000151612,ZNF827,9,-1.2471,27,1.51300,6,-1.7333,14,-0.4422
ENSG00000164167,LSM6,21,-0.2174,22,-0.2002,30,0.39990,29,0.34120
ENSG00000151623,NR3C2,12,-0.6604,17,-0.0679,26,0.63196,22,0.37550
ENSG00000170390,DCLK2,46,-0.6078,58,-0.2878,84,0.44864,107,0.87037
ENSG00000145425,RPS3A,900,-0.1876,815,-0.5249,1673,0.89871,1219,0.34118
ENSG00000059691,GATB,15,-0.9949,35,0.93284,16,-0.7990,27,-0.0053
ENSG00000109670,FBXW7,157,-0.4549,283,1.24193,144,-0.5404,19,-3.5418
ENSG00000109654,TRIM2,141,-0.6603,237,0.48997,112,-0.9473,280,0.54781
ENSG00000145428,RNF175,18,-0.4262,35,1.72583,1,-4.5201,4,-2.3531
ENSG00000171566,PLRG1,22,-0.5724,40,0.92475,3,-3.1445,36,0.25922
ENSG00000164114,MAP9,75,0.05733,92,0.73465,47,-0.7078,22,-1.8775
ENSG00000164116,GUCY1A1,13,-0.7321,19,-0.0388,44,1.44829,9,-1.1852
ENSG00000260244,AC104083.1,13,-0.3509,17,0.17166,24,0.66111,10,-0.7396
ENSG00000061918,GUCY1B1,86,-0.4626,144,0.88358,113,0.02559,26,-2.2190
ENSG00000109738,GLRB,45,-0.5912,98,1.90145,2,-5.0455,12,-2.4385
ENSG00000120251,GRIA2,110,-1.0834,326,2.01429,66,-1.7368,34,-2.7077
ENSG00000164125,GASK1B,31,-0.7397,36,-0.6615,71,0.68503,98,1.29452
ENSG00000164124,TMEM144,4,-4.0603,26,-1.7470,1,-5.9905,348,4.38188
ENSG00000171497,PPID,31,-0.4114,48,0.74252,32,-0.3195,22,-0.9028
ENSG00000052795,FNIP2,18,-1.3422,55,1.33767,34,-0.1822,17,-1.2822
ENSG00000109756,RAPGEF2,31,-0.8822,63,0.71496,70,0.51964,22,-1.2829
ENSG00000168843,FSTL5,32,0.27839,22,-0.6047,35,0.39561,35,0.38479
ENSG00000145416,MARCH1,7,-1.7498,26,0.98728,0,-5.2309,37,1.15491
ENSG00000170088,TMEM192,14,-0.5465,19,-0.0538,22,0.21637,28,0.63122
ENSG00000109466,KLHL2,36,-1.0057,93,1.48900,15,-2.1575,45,-0.5432
ENSG00000052802,MSMO1,69,-0.6251,85,-0.3685,176,1.02236,126,0.42456
ENSG00000109472,CPE,2112,0.44793,1643,-0.0794,970,-0.8854,1749,0.05742
ENSG00000196104,SPOCK3,39,-1.0053,64,-0.1980,13,-2.5546,203,2.02790
ENSG00000129116,PALLD,24,0.20951,16,-0.8477,23,0.04809,42,1.11190
ENSG00000145439,CBR4,18,0.02863,20,0.36351,2,-3.0569,24,0.48600
ENSG00000154447,SH3RF1,32,0.69570,23,0.03771,9,-1.3583,16,-0.5290
ENSG00000109572,CLCN3,66,-0.3653,88,0.30510,74,-0.1292,81,0.01618
ENSG00000056050,HPF1,41,0.13944,42,0.30739,35,-0.1130,18,-1.1194
ENSG00000198948,MFAP3L,41,0.48729,24,-0.6815,12,-1.5593,65,1.23202
ENSG00000164104,HMGB2,19,-0.1066,13,-0.9798,30,0.68262,38,1.14939
ENSG00000164105,SAP30,15,-0.0578,9,-1.2602,11,-0.5768,49,2.07357
ENSG00000164106,SCRG1,211,0.19553,154,-0.5641,154,-0.3486,336,0.97632
ENSG00000150625,GPM6A,1405,-0.4823,2618,1.34638,707,-1.4878,600,-1.7344
ENSG00000150627,WDR17,23,-0.6160,41,0.83666,30,-0.0854,15,-1.1207
ENSG00000129128,SPCS3,23,-1.7021,81,0.83871,73,0.24769,60,-0.0578
ENSG00000218336,TENM3,15,-1.9711,84,2.72855,8,-2.7145,12,-2.1378
ENSG00000129187,DCTD,35,-0.1670,40,0.08000,51,0.46061,28,-0.4796
ENSG00000168538,TRAPPC11,11,-0.6565,22,1.14970,0,-4.9515,16,0.08432
ENSG00000173320,STOX2,33,-0.8888,81,1.46402,22,-1.4387,28,-1.0767
ENSG00000151726,ACSL1,6,-2.3749,29,0.25288,26,0.00797,57,1.37463
ENSG00000151729,SLC25A4,180,-0.4082,297,0.98184,139,-0.7550,102,-1.2318
ENSG00000164323,CFAP97,22,-0.1313,21,-0.3088,25,0.07294,37,0.70933
ENSG00000109762,SNX25,11,-0.4214,21,1.45199,0,-4.8084,7,-1.0795
ENSG00000109775,UFSP2,17,-0.4031,24,0.41223,5,-2.2136,33,0.78789
ENSG00000154553,PDLIM3,19,-0.0545,9,-1.6549,31,0.82318,49,1.68149
ENSG00000154556,SORBS2,47,-0.9365,109,1.07909,105,0.44505,6,-3.8041
ENSG00000109794,FAM149A,21,0.86307,14,-0.0689,0,-4.7872,14,0.05652
ENSG00000145476,CYP4V2,19,0.02461,15,-0.5865,11,-0.8717,41,1.40620
ENSG00000083857,FAT1,17,-0.4496,14,-1.1095,62,1.87598,26,0.22583
ENSG00000109536,FRG1,34,-0.3932,47,0.35691,10,-2.1933,69,0.85861
ENSG00000164366,CCDC127,22,-0.2113,32,0.84878,2,-3.2517,23,-0.0849
ENSG00000073578,SDHA,63,-0.1413,75,0.28043,85,0.36837,34,-1.0685
ENSG00000249915,PDCD6,90,-0.5066,137,0.46981,100,-0.2685,116,-0.0232
ENSG00000180104,EXOC3,34,-0.3821,47,0.39190,26,-0.7165,50,0.29177
ENSG00000171368,TPPP,107,-1.2855,290,0.91723,118,-1.0067,283,0.41006
ENSG00000028310,BRD9,23,-0.5061,37,0.63741,24,-0.3852,25,-0.3209
ENSG00000049656,CLPTM1L,42,-1.0120,85,0.46232,95,0.43246,69,-0.1071
ENSG00000153395,LPCAT1,27,-0.5498,48,0.80638,39,0.07216,14,-1.5105
ENSG00000171421,MRPL36,41,-0.1694,45,-0.0179,39,-0.2470,60,0.48929
ENSG00000145494,NDUFS6,190,-0.2704,230,0.14324,243,0.17194,210,-0.0663
ENSG00000164151,ICE1,26,0.05923,29,0.39361,28,0.12796,8,-1.8000
ENSG00000133398,MED10,42,-0.4057,69,0.87263,22,-1.3875,42,-0.3557
ENSG00000215218,UBE2QL1,66,-0.8880,150,1.11695,137,0.37315,5,-4.3825
ENSG00000145545,SRD5A1,35,0.15899,38,0.51965,24,-0.4177,11,-1.6662
ENSG00000112941,TENT4A,17,-0.1677,24,0.84328,16,-0.2317,3,-2.7643
ENSG00000078295,ADCY2,115,0.31495,104,0.15237,40,-1.4160,102,0.06090
ENSG00000215217,C5orf49,15,-0.0261,16,0.23765,15,0.02535,10,-0.6143
ENSG00000247516,MIR4458HG,34,-0.2583,36,-0.2389,51,0.43967,51,0.42630
ENSG00000112902,SEMA5A,25,-0.9214,45,0.24043,53,0.41462,49,0.29145
ENSG00000150753,CCT5,55,-0.6772,96,0.55724,74,-0.1318,75,-0.1116
ENSG00000164237,CMBL,24,-0.5783,30,-0.2050,60,1.03845,33,0.01472
ENSG00000145495,MARCH6,114,-0.6530,210,0.84435,81,-1.1012,157,-0.0617
ENSG00000164236,ANKRD33B,11,-1.2645,36,1.67371,13,-0.8989,8,-1.5788
ENSG00000112977,DAP,39,-0.6606,43,-0.6539,135,1.59525,61,0.13725
ENSG00000169862,CTNND2,233,-0.0774,283,0.48402,129,-0.9985,213,-0.2072
ENSG00000038382,TRIO,39,-0.7684,82,1.08466,54,-0.1885,22,-1.5876
ENSG00000154122,ANKH,70,-0.4917,103,0.35328,78,-0.2705,104,0.20718
ENSG00000173545,ZNF622,17,-0.2682,21,0.22794,32,0.83469,6,-1.7496
ENSG00000154153,RETREG1,19,-1.6640,69,1.12966,20,-1.4662,68,0.51295
ENSG00000145555,MYO10,93,0.38090,47,-1.1508,58,-0.4388,180,1.52582
ENSG00000176788,BASP1,510,-1.0383,1484,2.10974,237,-2.0865,116,-3.1413
ENSG00000248455,LINC02217,36,-0.6649,76,1.51724,26,-1.0630,8,-2.7221
ENSG00000145526,CDH18,10,-1.0866,31,2.28954,0,-5.2000,4,-2.1939
ENSG00000040731,CDH10,22,-0.9790,59,1.85262,16,-1.3329,5,-2.9192
ENSG00000113360,DROSHA,11,-1.0775,25,0.66470,13,-0.7352,28,0.53378
ENSG00000082213,C5orf22,13,-0.6139,26,1.07022,16,-0.2346,5,-1.9570
ENSG00000133401,PDZD2,26,-0.6020,46,0.83315,21,-0.8582,30,-0.2629
ENSG00000113384,GOLPH3,40,0.10977,42,0.31172,4,-3.4098,51,0.50328
ENSG00000150712,MTMR12,18,-0.5748,31,0.71337,27,0.14926,11,-1.1823
ENSG00000056097,ZFR,77,-0.4066,116,0.58166,70,-0.5223,84,-0.2214
ENSG00000113387,SUB1,303,-0.2470,459,0.98364,153,-1.2869,169,-1.1300
ENSG00000113407,TARS,14,-0.6689,18,-0.3672,57,1.83351,8,-1.3633
ENSG00000113456,RAD1,14,0.02174,14,-0.0279,10,-0.5322,18,0.43757
ENSG00000168724,DNAJC21,18,-0.4057,25,0.33313,29,0.40051,15,-0.6613
ENSG00000164187,LMBRD2,55,-0.7945,129,1.56755,54,-0.7436,8,-3.5007
ENSG00000152620,NADK2,46,-0.0570,40,-0.4641,67,0.56605,62,0.44181
ENSG00000079215,SLC1A3,1071,1.17691,444,-0.8532,297,-1.1711,769,0.35277
ENSG00000164190,NIPBL,14,-0.8673,21,-0.2148,24,0.06869,47,1.24059
ENSG00000197603,CPLANE1,11,-1.1621,21,-0.1425,61,1.82681,10,-1.1956
ENSG00000113594,LIFR,53,0.19260,31,-1.0376,42,-0.2206,111,1.49717
ENSG00000164327,RICTOR,13,-0.3281,21,0.81207,10,-0.6622,9,-0.9183
ENSG00000113638,TTC33,26,-0.6484,49,0.82572,23,-0.8039,33,-0.2135
ENSG00000132356,PRKAA1,10,-0.6980,18,0.56213,0,-4.9250,28,1.05333
ENSG00000145592,RPL37,1838,-0.0610,1426,-0.7314,3161,0.88036,2637,0.55755
ENSG00000182836,PLCXD3,31,-0.0003,37,0.64404,26,-0.2889,8,-1.9534
ENSG00000083720,OXCT1,90,-0.1044,131,1.12912,24,-2.0951,34,-1.6094
ENSG00000250722,SELENOP,43,-2.0989,58,-2.0665,193,0.40941,697,3.24705
ENSG00000172262,ZNF131,8,-0.9162,19,1.16423,9,-0.7094,8,-0.7542
ENSG00000112972,HMGCS1,99,-0.3732,128,0.18975,126,0.07250,127,0.08885
ENSG00000172239,PAIP1,39,-0.4821,67,0.91212,13,-2.1068,50,-0.0367
ENSG00000248092,NNT-AS1,28,0.57059,18,-0.3063,5,-2.0970,32,0.71021
ENSG00000112992,NNT,49,-0.1014,71,1.06228,11,-2.3822,25,-1.1600
ENSG00000112996,MRPS30,21,-0.0873,30,0.98535,0,-5.4392,16,-0.4701
ENSG00000272335,AC093297.2,15,0.06526,17,0.55849,0,-4.8423,16,0.19895
ENSG00000164588,HCN1,41,0.31893,48,1.16506,2,-4.1095,1,-4.4451
ENSG00000151883,PARP8,14,-0.0346,17,0.55005,1,-3.9817,17,0.31987
ENSG00000164172,MOCS2,78,-0.0318,101,0.78256,40,-1.0802,37,-1.2024
ENSG00000164258,NDUFS4,89,0.21123,86,0.22910,61,-0.4419,55,-0.5881
ENSG00000185305,ARL15,17,0.15398,15,-0.0978,16,0.09281,14,-0.1480
ENSG00000067248,DHX29,17,0.08377,21,0.79735,4,-1.9901,9,-0.9358
ENSG00000039123,MTREX,15,-0.9964,24,-0.2790,58,1.36645,29,0.13819
ENSG00000067113,PLPP1,27,-0.7419,35,-0.4864,76,1.03314,64,0.72567
ENSG00000134352,IL6ST,107,-0.0878,76,-0.9516,216,1.15397,161,0.61196
ENSG00000062194,GPBP1,43,-0.5070,70,0.70282,6,-3.3356,80,0.58639
ENSG00000145632,PLK2,25,-1.5762,98,1.78869,56,-0.1905,6,-3.4769
ENSG00000152932,RAB3C,108,-0.2245,161,0.96086,63,-1.0276,50,-1.3827
ENSG00000113448,PDE4D,14,-0.8262,28,0.80890,24,0.15495,12,-0.9714
ENSG00000164182,NDUFAF2,50,-0.1337,56,0.10480,77,0.59581,31,-0.8969
ENSG00000188725,SMIM15,19,-0.2589,19,-0.3684,39,1.03528,20,-0.0787
ENSG00000130449,ZSWIM6,17,-0.4446,25,0.43503,3,-2.8457,36,0.88686
ENSG00000068796,KIF2A,21,-0.4281,32,0.53842,10,-1.4672,35,0.41600
ENSG00000086189,DIMT1,15,-0.0256,17,0.40931,0,-4.8768,21,0.60034
ENSG00000086200,IPO11,7,-1.5364,20,0.32841,43,1.55457,6,-1.6111
ENSG00000153006,SREK1IP1,24,-0.5809,39,0.42864,43,0.39791,23,-0.6094
ENSG00000153015,CWC27,26,-0.0494,27,-0.0427,25,-0.1520,33,0.30336
ENSG00000113595,TRIM23,39,-0.5808,81,1.58721,5,-3.4694,23,-1.3029
ENSG00000113597,TRAPPC13,14,-0.7108,28,1.10508,19,-0.1192,5,-2.1156
ENSG00000197860,SGTB,83,0.52009,74,0.44905,32,-1.0746,18,-1.9409
ENSG00000112851,ERBIN,36,-0.5342,35,-0.7521,52,0.14916,116,1.60968
ENSG00000153914,SREK1,24,-0.2782,35,0.65714,1,-4.3976,38,0.47552
ENSG00000069020,MAST4,35,0.04822,40,0.46075,17,-1.1293,28,-0.3118
ENSG00000145675,PIK3R1,96,-0.4060,160,1.04524,48,-1.4022,70,-0.8352
ENSG00000145740,SLC30A5,16,-0.1618,19,0.25359,7,-1.3291,24,0.54835
ENSG00000134056,MRPS36,57,0.00875,61,0.21706,41,-0.5160,55,-0.0604
ENSG00000085231,AK6,37,-0.3825,52,0.34505,39,-0.2672,48,0.07453
ENSG00000273841,TAF9,51,-0.3107,77,0.85605,53,-0.2109,16,-2.0131
ENSG00000145734,BDP1,34,-0.0930,37,0.09787,64,1.01419,6,-2.7343
ENSG00000131844,MCCC2,14,-0.6879,19,-0.2345,41,1.22068,19,-0.0760
ENSG00000164326,CARTPT,28,0.42368,31,1.12508,0,-5.4839,0,-6.0179
ENSG00000131711,MAP1B,990,-0.1603,1472,1.10983,460,-1.3386,288,-2.0465
ENSG00000113048,MRPS27,16,-0.9653,36,0.91654,16,-0.8046,27,-0.0015
ENSG00000083312,TNPO1,33,-0.2885,42,0.21927,22,-0.8828,55,0.57802
ENSG00000145741,BTF3,155,-0.4473,149,-0.7218,370,1.09267,305,0.73948
ENSG00000171617,ENC1,684,-0.6207,1490,1.79487,298,-1.8209,51,-4.4040
ENSG00000049860,HEXB,17,-0.5865,24,0.09236,40,0.88783,17,-0.4738
ENSG00000164347,GFM2,16,0.08797,22,1.35935,0,-4.9245,1,-3.3141
ENSG00000164346,NSA2,101,-0.5366,104,-0.6734,308,1.48360,153,0.21587
ENSG00000198780,FAM169A,27,-0.7811,56,1.01075,23,-0.9481,33,-0.3579
ENSG00000113161,HMGCR,39,-0.9498,92,1.15962,66,-0.0172,20,-1.8406
ENSG00000113163,CERT1,37,-0.3526,57,0.78182,32,-0.5304,25,-0.9084
ENSG00000145708,CRHBP,15,-2.5757,26,-2.1432,431,4.43028,4,-4.2288
ENSG00000164252,AGGF1,33,-0.0045,43,0.92315,19,-0.8781,6,-2.5537
ENSG00000113231,PDE8B,35,-0.5900,61,0.81214,58,0.30814,12,-2.1452
ENSG00000164253,WDR41,21,-0.2944,27,0.26489,13,-0.9515,34,0.53740
ENSG00000171530,TBCA,231,-0.0829,257,0.17887,238,-0.0233,206,-0.2624
ENSG00000085365,SCAMP1,77,-0.4459,130,1.00308,62,-0.7237,44,-1.2502
ENSG00000152409,JMY,12,-0.3693,20,0.84927,3,-2.3416,15,-0.0077
ENSG00000152413,HOMER1,62,-0.3302,112,1.65828,15,-2.4548,3,-4.6563
ENSG00000177034,MTX3,16,-0.3887,26,0.87214,11,-0.9935,13,-0.6502
ENSG00000113296,THBS4,19,0.33928,12,-0.6487,15,-0.0648,25,0.75047
ENSG00000164300,SERINC5,13,-0.7696,15,-0.7799,0,-5.2778,75,2.60355
ENSG00000039319,ZFYVE16,14,-0.6723,19,-0.2146,6,-1.9872,56,1.78153
ENSG00000249042,AC008771.1,15,-0.4683,25,0.90023,14,-0.5239,10,-1.0545
ENSG00000113319,RASGRF2,21,-0.7634,52,1.87547,2,-3.9195,10,-1.7523
ENSG00000145687,SSBP2,50,-0.1153,73,1.05627,22,-1.3542,15,-1.9153
ENSG00000186468,RPS23,1107,-0.2414,907,-0.8281,2069,0.85612,2158,0.93282
ENSG00000174695,TMEM167A,64,-0.5024,93,0.31691,70,-0.3007,102,0.31501
ENSG00000038427,VCAN,20,-0.7997,16,-1.5190,11,-1.5871,133,3.01103
ENSG00000164176,EDIL3,34,-1.9210,109,0.08121,2,-5.3694,341,2.23191
ENSG00000127184,COX7C,1198,0.00383,1281,0.20702,1061,-0.1953,983,-0.3188
ENSG00000145715,RASA1,14,-1.5032,50,1.48488,22,-0.6881,21,-0.7847
ENSG00000134480,CCNH,26,-0.7847,45,0.41873,65,0.84180,19,-1.1124
ENSG00000247828,TMEM161B-AS1,55,0.08244,67,0.82655,3,-4.2371,39,-0.4925
ENSG00000245526,LINC00461,45,0.20063,45,0.27700,16,-1.4500,41,0.00641
ENSG00000081189,MEF2C,281,0.34091,295,0.72509,95,-1.4235,55,-2.2321
ENSG00000153140,CETN3,16,-0.7004,20,-0.4282,39,0.87964,37,0.76476
ENSG00000176055,MBLAC2,18,0.31310,21,1.18892,0,-4.9145,0,-4.2738
ENSG00000164199,ADGRV1,40,0.49104,17,-1.4091,22,-0.5835,81,1.72256
ENSG00000113369,ARRDC3,18,-0.2576,24,0.45809,17,-0.3147,16,-0.3588
ENSG00000237187,NR2F1-AS1,38,-0.3339,45,-0.0247,82,1.02453,25,-0.9249
ENSG00000175745,NR2F1,70,-0.5923,116,0.60327,82,-0.2629,84,-0.2161
ENSG00000113391,FAM172A,25,-0.2512,33,0.45176,22,-0.4372,25,-0.2366
ENSG00000175471,MCTP1,10,-1.9258,57,2.80806,7,-2.2598,4,-3.1978
ENSG00000198677,TTC37,24,-0.8200,37,-0.1254,74,1.11380,39,0.02288
ENSG00000164292,RHOBTB3,81,0.45134,42,-1.0329,31,-1.1519,155,1.57288
ENSG00000173221,GLRX,31,-0.3161,36,-0.0281,73,1.20330,13,-1.5615
ENSG00000118985,ELL2,28,-0.6556,53,1.00976,16,-1.3978,34,-0.2724
ENSG00000175426,PCSK1,18,-0.4510,37,1.86336,0,-5.5187,3,-3.0953
ENSG00000153113,CAST,14,-1.5140,26,-0.6573,85,1.70175,51,0.71732
ENSG00000113441,LNPEP,24,-1.2042,68,1.22883,8,-2.5977,58,0.30063
ENSG00000145721,LIX1,20,-0.7396,20,-0.9700,1,-4.1228,119,2.73522
ENSG00000174136,RGMB,42,-0.0768,62,1.23692,5,-3.0689,14,-1.7401
ENSG00000174132,FAM174A,30,-0.8214,67,1.19816,39,-0.3238,16,-1.6896
ENSG00000145730,PAM,77,-0.3989,110,0.44159,123,0.42188,47,-1.1207
ENSG00000145725,PPIP5K2,13,-0.3531,23,1.33205,0,-4.9793,9,-0.8629
ENSG00000181751,C5orf30,19,-0.4908,29,0.43996,0,-5.5976,47,1.06154
ENSG00000145743,FBXL17,59,-0.3747,105,1.41587,24,-1.6984,15,-2.4232
ENSG00000198961,PJA2,216,-0.5191,401,1.22264,143,-1.1014,111,-1.4763
ENSG00000112893,MAN2A1,15,-0.3968,16,-0.3391,0,-5.1619,52,1.93011
ENSG00000164209,SLC25A46,62,-0.5802,121,1.28654,29,-1.6462,44,-1.0440
ENSG00000152495,CAMK4,46,-0.6165,91,1.25096,49,-0.4372,11,-2.6777
ENSG00000134986,NREP,74,0.30652,66,0.11137,59,-0.1192,37,-0.8685
ENSG00000224032,EPB41L4A-AS1,76,0.20867,73,0.21199,54,-0.3698,47,-0.6079
ENSG00000134982,APC,154,0.46363,132,0.21486,65,-0.9916,79,-0.6987
ENSG00000153037,SRP19,36,-0.3251,53,0.69661,34,-0.3680,24,-0.8858
ENSG00000129625,REEP5,256,-0.2727,367,0.70733,185,-0.7528,202,-0.6130
ENSG00000172795,DCP2,26,-0.0282,31,0.58380,26,0.01915,5,-2.3426
ENSG00000152503,TRIM36,47,-0.4786,83,1.09811,49,-0.3417,11,-2.5351
ENSG00000164221,CCDC112,9,-1.0049,22,1.04755,17,0.07388,7,-1.3547
ENSG00000145780,FEM1C,17,0.25840,17,0.36483,5,-1.6000,13,-0.2529
ENSG00000134970,TMED7,40,-0.6572,68,0.50377,35,-0.8004,76,0.45005
ENSG00000129596,CDO1,48,-0.2704,72,0.88634,36,-0.7055,24,-1.3233
ENSG00000145782,ATG12,35,-0.3316,50,0.53159,43,0.03124,24,-0.8783
ENSG00000177879,AP3S1,74,-0.9691,169,0.98688,133,0.07050,60,-1.1771
ENSG00000145781,COMMD10,20,0.17433,16,-0.3009,20,0.12409,21,0.23471
ENSG00000092421,SEMA6A,14,-0.9323,8,-2.2108,25,0.05485,106,3.06452
ENSG00000172869,DMXL1,20,-0.0459,23,0.28392,9,-1.2091,25,0.29001
ENSG00000133835,HSD17B4,46,-0.6005,52,-0.5225,99,0.76091,109,0.93430
ENSG00000205302,SNX2,23,-1.0248,48,0.52939,52,0.41320,35,-0.2284
ENSG00000064652,SNX24,14,-0.5049,21,0.40848,13,-0.4852,21,0.26912
ENSG00000151292,CSNK1G3,28,0.06191,33,0.69680,17,-0.7050,9,-1.6742
ENSG00000155324,GRAMD2B,41,-0.0349,19,-1.7248,49,0.25958,128,2.07780
ENSG00000164904,ALDH7A1,114,0.15023,83,-0.6102,94,-0.1953,189,1.00852
ENSG00000164902,PHAX,45,-0.2996,73,1.09363,16,-1.8418,29,-0.9776
ENSG00000164241,C5orf63,32,0.48628,31,0.65803,0,-5.6281,13,-0.9988
ENSG00000145794,MEGF10,22,0.40915,10,-1.2260,0,-5.1127,56,2.15953
ENSG00000205279,CTXN3,33,0.89929,23,0.25964,9,-1.2466,2,-3.2323
ENSG00000245937,LINC01184,27,0.01235,29,0.30545,7,-2.0814,35,0.44705
ENSG00000064651,SLC12A2,28,-0.9414,38,-0.5855,17,-1.6024,156,2.26596
ENSG00000066583,ISOC1,14,-0.0441,15,0.13133,13,-0.1914,14,-0.0432
ENSG00000169567,HINT1,572,-0.1994,790,0.71542,410,-0.7026,370,-0.8629
ENSG00000186687,LYRM7,32,-0.5584,62,1.20639,16,-1.5679,25,-0.8850
ENSG00000158985,CDC42SE2,95,-0.2654,140,0.79197,70,-0.7221,61,-0.9398
ENSG00000217128,FNIP1,17,-0.1989,17,-0.1811,24,0.44563,22,0.22924
ENSG00000164398,ACSL6,122,0.34618,125,0.66824,25,-2.1412,46,-1.2344
ENSG00000113522,RAD50,27,-0.3415,41,0.71401,12,-1.5476,32,-0.0149
ENSG00000131437,KIF3A,121,-0.5478,233,1.32251,102,-0.7514,28,-2.6846
ENSG00000164402,SEPTIN8,96,-0.8181,147,-0.0861,72,-1.1813,361,1.56201
ENSG00000198944,SOWAHA,92,-0.0384,115,0.68069,62,-0.6644,42,-1.2552
ENSG00000164405,UQCRQ,849,0.36856,687,-0.0728,663,-0.1018,532,-0.4567
ENSG00000072364,AFF4,33,-0.7127,52,0.21369,59,0.31853,55,0.22189
ENSG00000155329,ZCCHC10,8,-1.4867,20,0.17633,40,1.31744,15,-0.3525
ENSG00000170606,HSPA4,48,-0.2288,62,0.40889,25,-1.1767,65,0.29039
ENSG00000113583,C5orf15,8,-1.9026,38,1.37018,11,-1.3718,30,0.24481
ENSG00000213585,VDAC1,144,-0.6659,289,1.21235,138,-0.6495,73,-1.6209
ENSG00000113558,SKP1,498,-0.4275,736,0.50819,394,-0.7453,681,0.13613
ENSG00000113575,PPP2CA,167,-0.3506,253,0.74015,134,-0.6594,136,-0.6338
ENSG00000119048,UBE2B,97,-0.4771,160,0.82545,82,-0.6701,85,-0.6178
ENSG00000237190,CDKN2AIPNL,40,-0.2654,51,0.30666,68,0.67339,16,-1.6204
ENSG00000043143,JADE2,31,-0.2145,40,0.46433,23,-0.6692,32,-0.1419
ENSG00000152700,SAR1B,39,-0.2531,40,-0.3091,50,0.20306,69,0.74869
ENSG00000164615,CAMLG,87,-0.2457,128,0.85874,64,-0.6915,43,-1.3027
ENSG00000145833,DDX46,25,0.08870,25,0.11518,16,-0.6462,26,0.12394
ENSG00000181904,C5orf24,26,-0.9791,54,0.50802,40,-0.2099,58,0.39670
ENSG00000113621,TXNDC15,40,-0.2469,57,0.73662,24,-0.9909,32,-0.5535
ENSG00000113648,H2AFY,65,-0.5526,107,0.63210,104,0.27223,42,-1.1655
ENSG00000145824,CXCL14,341,1.47232,136,-0.6846,48,-2.0272,145,-0.3290
ENSG00000120708,TGFBI,18,0.25272,16,0.04466,22,0.52854,4,-1.8888
ENSG00000113658,SMAD5,16,-0.5301,17,-0.5493,41,1.10292,30,0.53736
ENSG00000152377,SPOCK1,143,-0.5487,232,0.60112,153,-0.3765,174,-0.1709
ENSG00000146021,KLHL3,13,-0.6109,22,0.67299,8,-1.2220,21,0.28887
ENSG00000177733,HNRNPA0,83,-0.5638,137,0.60575,126,0.17981,66,-0.8536
ENSG00000031003,FAM13B,21,-0.8444,37,0.27967,52,0.71075,29,-0.2747
ENSG00000112981,NME5,14,-0.6515,32,2.05411,0,-5.2953,2,-3.1923
ENSG00000112983,BRD8,23,-0.7607,44,0.74787,20,-0.8573,38,0.13690
ENSG00000094880,CDC23,14,-0.4032,25,1.13709,1,-3.7079,14,-0.3555
ENSG00000120709,FAM53C,36,0.02888,42,0.59428,25,-0.5484,15,-1.2764
ENSG00000120733,KDM3B,29,-0.2395,37,0.28881,2,-3.9940,59,0.99023
ENSG00000132563,REEP2,149,-0.2811,219,0.77314,141,-0.3391,72,-1.3691
ENSG00000120738,EGR1,27,-1.4352,88,1.34150,79,0.43140,5,-3.5948
ENSG00000120705,ETF1,35,-0.3645,56,0.90624,26,-0.7611,22,-1.0502
ENSG00000113013,HSPA9,129,-0.2071,171,0.53799,37,-2.0810,174,0.31753
ENSG00000044115,CTNNA1,54,-0.6556,68,-0.3494,37,-1.1682,203,1.75849
ENSG00000146006,LRRTM2,14,-1.2797,48,1.92549,3,-3.4550,18,-0.8209
ENSG00000120725,SIL1,13,-0.8430,24,0.35181,3,-2.7029,45,1.30704
ENSG00000120727,PAIP2,113,-0.3425,135,-0.0200,163,0.30021,159,0.25585
ENSG00000170464,DNAJC18,30,-0.2120,38,0.44626,11,-1.6248,41,0.36672
ENSG00000131508,UBE2D2,106,-0.0321,116,0.21672,104,-0.0631,83,-0.4216
ENSG00000171604,CXXC5,86,-0.8759,168,0.58146,113,-0.3462,164,0.25730
ENSG00000146005,PSD2,92,0.44585,59,-0.5790,48,-0.6689,121,0.84595
ENSG00000185129,PURA,39,-0.0804,42,0.10171,40,-0.0318,39,-0.0658
ENSG00000182700,IGIP,51,-0.5012,78,0.47096,70,0.06270,53,-0.3840
ENSG00000120306,CYSTM1,125,0.11380,85,-0.8295,256,1.37559,99,-0.2933
ENSG00000113068,PFDN1,90,0.02576,106,0.57028,44,-1.1138,62,-0.5812
ENSG00000131503,ANKHD1,21,-0.5808,25,-0.3332,27,-0.0619,58,1.25961
ENSG00000213523,SRA1,32,-0.1268,38,0.34348,25,-0.5026,31,-0.1326
ENSG00000113108,APBB3,24,-0.1461,33,0.83617,0,-5.6529,26,-0.0039
ENSG00000176087,SLC35A4,23,0.09756,16,-0.8026,44,1.15422,23,0.08360
ENSG00000131495,NDUFA2,287,0.22002,234,-0.2458,308,0.30775,231,-0.1714
ENSG00000113141,IK,47,-0.1892,51,-0.0605,47,-0.1483,71,0.52064
ENSG00000170445,HARS,46,-0.2239,74,1.26907,8,-2.8708,21,-1.3794
ENSG00000146007,ZMAT2,95,-0.5729,171,0.95748,102,-0.3865,60,-1.2052
ENSG00000178913,TAF7,49,-0.6245,89,0.86376,38,-0.9428,59,-0.2432
ENSG00000131504,DIAPH1,13,-0.6750,26,0.93289,5,-2.0707,22,0.16615
ENSG00000171720,HDAC3,20,-0.6408,29,0.04140,44,0.70604,29,0.03531
ENSG00000164620,RELL2,39,0.58139,33,0.37169,11,-1.4497,12,-1.3387
ENSG00000081791,DELE1,25,-0.5069,27,-0.5537,16,-1.1626,92,1.88127
ENSG00000013561,RNF14,34,-0.0714,37,0.18877,27,-0.3998,36,0.04960
ENSG00000113552,GNPDA1,20,-0.6679,42,1.41290,5,-2.7197,18,-0.7482
ENSG00000131507,NDFIP1,379,-0.4820,658,1.01327,327,-0.6561,218,-1.2815
ENSG00000113578,FGF1,50,-0.7529,37,-1.6026,44,-0.8837,315,2.89569
ENSG00000145819,ARHGAP26,42,-0.3862,69,0.96937,41,-0.3864,15,-1.9218
ENSG00000113580,NR3C1,16,-1.0798,27,-0.3503,64,1.30816,40,0.44591
ENSG00000145817,YIPF5,16,-0.8943,37,1.24975,9,-1.6551,21,-0.3533
ENSG00000183775,KCTD16,38,-0.3075,68,1.66963,0,-6.4308,9,-2.4594
ENSG00000133706,LARS,47,-0.0809,55,0.36652,43,-0.2093,34,-0.5800
ENSG00000091009,RBM27,13,-0.8212,29,1.02697,11,-1.0792,18,-0.2513
ENSG00000113649,TCERG1,19,-0.5675,36,1.08917,16,-0.7992,12,-1.1558
ENSG00000156475,PPP2R2B,111,-0.3051,162,0.70582,102,-0.4013,73,-0.9246
ENSG00000113657,DPYSL3,62,-0.4743,68,-0.4222,85,0.10398,157,1.19187
ENSG00000176049,JAKMIP2,17,-0.8038,35,0.93896,13,-1.1413,26,-0.0447
ENSG00000173210,ABLIM3,12,-1.0591,24,0.19106,19,-0.3271,42,1.03789
ENSG00000145882,PCYOX1L,13,-0.2465,23,1.60364,2,-2.8118,1,-4.0938
ENSG00000113712,CSNK1A1,78,-0.5992,125,0.45020,111,0.04035,98,-0.1485
ENSG00000113716,HMGXB3,9,-0.9240,20,0.89412,10,-0.6827,15,-0.0850
ENSG00000182578,CSF1R,28,-0.5539,34,-0.2892,47,0.36344,63,0.89300
ENSG00000011083,SLC6A7,10,-1.4312,34,1.35097,30,0.42994,1,-3.7901
ENSG00000070808,CAMK2A,227,-0.1439,351,1.33776,56,-2.2655,44,-2.6099
ENSG00000070814,TCOF1,16,-0.5378,31,1.20202,11,-1.0117,8,-1.4380
ENSG00000019582,CD74,118,-1.4325,92,-2.2619,1074,2.79727,472,0.97556
ENSG00000164587,RPS14,1041,-0.2414,943,-0.5930,2003,0.90983,1607,0.51768
ENSG00000070614,NDST1,28,-0.0395,29,0.00619,6,-2.3385,53,1.03600
ENSG00000171992,SYNPO,120,-0.6123,234,1.19686,104,-0.7628,63,-1.5323
ENSG00000086589,RBM22,26,-0.6642,44,0.53853,17,-1.2506,53,0.59342
ENSG00000132912,DCTN4,40,-0.7045,65,0.26531,69,0.24626,66,0.18179
ENSG00000211445,GPX3,26,-0.5791,20,-1.3748,136,2.64772,19,-0.9939
ENSG00000145901,TNIP1,26,-0.5990,29,-0.5351,79,1.40991,39,0.14181
ENSG00000197043,ANXA6,128,-0.5259,235,1.14052,68,-1.4430,101,-0.8348
ENSG00000196743,GM2A,10,-1.5754,21,-0.5676,33,0.35854,73,1.86142
ENSG00000123643,SLC36A1,24,0.20966,26,0.68298,14,-0.6813,4,-2.5514
ENSG00000113140,SPARC,140,-1.7063,94,-2.8065,709,1.10021,1657,3.08404
ENSG00000177556,ATOX1,204,-0.1869,232,0.08996,195,-0.2295,269,0.29697
ENSG00000145907,G3BP1,40,-0.2748,46,-0.0061,36,-0.4033,70,0.69260
ENSG00000155511,GRIA1,48,-0.9625,116,1.25935,64,-0.3891,33,-1.4335
ENSG00000164576,SAP30L,20,-0.1155,22,0.09762,20,-0.0655,21,0.03522
ENSG00000155506,LARP1,119,-0.3533,184,0.84206,110,-0.4317,63,-1.2847
ENSG00000170271,FAXDC2,23,-0.9235,24,-1.1681,69,0.97629,102,1.74095
ENSG00000155508,CNOT8,16,-1.1007,33,0.28390,47,0.72610,31,0.00395
ENSG00000082515,MRPL22,28,0.00413,36,0.78355,1,-4.9529,25,-0.1748
ENSG00000055163,CYFIP2,195,-0.5165,363,1.23521,154,-0.8264,71,-1.9945
ENSG00000155858,LSM11,14,-0.7365,31,1.36175,11,-1.0028,8,-1.5386
ENSG00000113282,CLINT1,12,-1.1558,33,1.27018,19,-0.3566,11,-1.0973
ENSG00000145860,RNF145,55,-0.4754,101,1.29420,40,-0.8913,14,-2.4923
ENSG00000164332,UBLCP1,31,-0.4865,63,1.75288,1,-4.6710,10,-2.1561
ENSG00000170214,ADRA1B,12,-0.8641,22,0.37630,38,1.19761,5,-2.0396
ENSG00000113312,TTC1,55,-0.5362,80,0.26465,99,0.50187,58,-0.3768
ENSG00000170231,FABP6,22,-0.0997,32,1.18210,0,-5.4095,12,-1.0324
ENSG00000164609,SLU7,66,-0.2517,88,0.47453,80,0.09249,41,-0.9785
ENSG00000164611,PTTG1,17,0.64745,16,0.72881,0,-4.6301,2,-2.3335
ENSG00000145864,GABRB2,117,-0.3962,227,1.83392,6,-4.5719,12,-3.6839
ENSG00000022355,GABRA1,175,-0.1921,279,1.35631,55,-1.9383,29,-2.8774
ENSG00000113327,GABRG2,78,-0.4019,131,1.07616,75,-0.3999,17,-2.6294
ENSG00000113328,CCNG1,16,-0.2234,20,0.37774,2,-3.2627,29,0.79065
ENSG00000170584,NUDCD2,28,-0.6241,36,-0.2608,49,0.34931,68,0.92443
ENSG00000038274,MAT2B,44,-0.4216,71,0.80932,37,-0.6390,35,-0.7156
ENSG00000145934,TENM2,25,-0.3477,39,0.81148,35,0.22646,2,-3.5316
ENSG00000113645,WWC1,31,-0.0288,35,0.30556,8,-2.0324,42,0.49129
ENSG00000113643,RARS,24,-0.2960,33,0.53007,27,-0.0760,17,-0.7905
ENSG00000188573,FBLL1,68,0.19145,84,1.13171,4,-3.8810,13,-2.3067
ENSG00000120137,PANK3,31,-0.5017,51,0.73093,20,-1.0888,40,-0.0334
ENSG00000184347,SLIT3,7,-2.1433,36,1.35925,39,0.74407,3,-3.0262
ENSG00000182132,KCNIP1,22,-0.4492,27,-0.0993,49,0.98609,22,-0.3559
ENSG00000181163,NPM1,126,-0.5840,159,-0.2510,310,1.00336,193,0.17483
ENSG00000072803,FBXW11,58,-0.5562,107,1.08361,24,-1.8211,61,-0.4124
ENSG00000168246,UBTD2,13,-0.1618,18,0.77867,4,-1.7454,11,-0.3977
ENSG00000214357,NEURL1B,22,-0.5630,42,1.20716,23,-0.4047,5,-2.7544
ENSG00000120129,DUSP1,23,-2.7686,19,-3.6264,829,4.92889,66,-1.0314
ENSG00000113719,ERGIC1,38,-0.2342,49,0.41612,39,-0.1407,32,-0.4806
ENSG00000037241,RPL26L1,36,-0.5566,59,0.60229,54,0.18137,28,-0.8603
ENSG00000113732,ATP6V0E1,57,-0.6298,39,-1.6408,192,1.54731,186,1.48330
ENSG00000164463,CREBRF,21,-0.6400,29,-0.0873,47,0.74261,35,0.25930
ENSG00000145919,BOD1,25,-0.6121,41,0.48509,23,-0.6380,43,0.34528
ENSG00000113742,CPEB4,46,-0.2738,71,0.94162,20,-1.5286,34,-0.7341
ENSG00000170091,NSG2,239,-0.5491,481,1.55109,140,-1.3169,37,-3.2635
ENSG00000164466,SFXN1,36,-0.4426,65,1.26005,24,-1.0054,11,-2.1512
ENSG00000113749,HRH2,14,-0.4231,22,0.78789,15,-0.2105,8,-1.2201
ENSG00000145920,CPLX2,551,-0.0265,694,0.71190,377,-0.6343,215,-1.4949
ENSG00000051596,THOC3,9,-2.1355,53,1.79121,36,0.12084,5,-2.8674
ENSG00000122203,KIAA1191,83,-0.4427,126,0.53639,120,0.20437,59,-0.9282
ENSG00000175414,ARL10,14,-0.7523,26,0.69670,30,0.56897,7,-1.7219
ENSG00000048162,NOP16,11,-0.6005,21,0.94424,6,-1.5272,14,-0.1433
ENSG00000146066,HIGD2A,156,-0.0246,152,-0.1059,184,0.25888,159,0.00730
ENSG00000175416,CLTB,187,-0.0833,215,0.28766,214,0.15242,116,-0.8386
ENSG00000113194,FAF2,12,-1.2238,28,0.28219,31,0.36055,35,0.53376
ENSG00000146083,RNF44,48,-0.0987,62,0.62615,33,-0.6855,30,-0.8338
ENSG00000169258,GPRIN1,45,-0.1896,66,1.00212,36,-0.5221,6,-3.1023
ENSG00000074317,SNCB,475,-0.1672,708,1.10551,283,-0.9638,83,-2.7965
ENSG00000048140,TSPAN17,14,-1.1905,39,1.28275,18,-0.6422,17,-0.7162
ENSG00000113763,UNC5A,25,-0.6277,55,1.73988,14,-1.4446,0,-5.5214
ENSG00000165671,NSD1,9,-1.3822,24,0.57478,27,0.50415,19,-0.0693
ENSG00000169228,RAB24,11,-0.8587,17,-0.0640,33,1.05052,18,0.03269
ENSG00000169230,PRELID1,89,-0.0489,105,0.41030,56,-0.7910,80,-0.2175
ENSG00000169223,LMAN2,41,-0.4124,53,0.06904,43,-0.3139,77,0.66501
ENSG00000169220,RGS14,19,-0.5480,38,1.35976,11,-1.2868,8,-1.7991
ENSG00000131187,F12,20,-0.1430,30,1.20941,9,-1.3180,2,-3.1507
ENSG00000198055,GRK6,22,-0.3086,27,0.09493,42,0.82032,14,-0.9232
ENSG00000131188,PRR7,40,0.16799,41,0.32176,29,-0.4042,22,-0.8258
ENSG00000113758,DBN1,45,-0.1645,66,1.07103,15,-1.7578,20,-1.3598
ENSG00000196923,PDLIM7,15,-1.2012,17,-1.3918,110,2.48373,37,0.34190
ENSG00000183258,DDX41,45,-0.1075,57,0.56044,31,-0.6809,33,-0.6027
ENSG00000146067,FAM193B,21,-0.3651,30,0.48221,16,-0.7555,27,0.11033
ENSG00000184840,TMED9,56,-0.3738,76,0.30854,33,-1.1426,100,0.63301
ENSG00000027847,B4GALT7,20,-0.4252,30,0.46693,4,-2.5510,41,0.78121
ENSG00000204677,FAM153CP,21,-0.3584,36,1.30602,10,-1.4402,6,-2.1296
ENSG00000145916,RMND5B,26,-0.1845,31,0.16193,25,-0.2645,32,0.17513
ENSG00000145912,NHP2,174,0.08540,186,0.34483,103,-0.7625,135,-0.3371
ENSG00000197451,HNRNPAB,26,-1.4153,61,0.05085,102,0.91956,80,0.49262
ENSG00000113240,CLK4,8,-1.3234,23,0.83672,12,-0.6370,22,0.38554
ENSG00000169045,HNRNPH1,76,-0.4211,104,0.26070,82,-0.2570,114,0.29173
ENSG00000127022,CANX,217,-0.5074,290,0.04769,297,0.06210,393,0.54015
ENSG00000161013,MGAT4B,46,-0.0791,56,0.47896,42,-0.1964,25,-0.9911
ENSG00000161011,SQSTM1,158,-0.4544,208,0.09315,208,0.04651,258,0.41101
ENSG00000161010,MRNIP,10,-0.5774,17,0.49369,3,-2.0405,23,0.79941
ENSG00000197226,TBC1D9B,55,-0.3551,65,-0.0746,35,-1.0051,129,1.14244
ENSG00000113269,RNF130,43,-1.2873,86,-0.1254,65,-0.5217,223,1.66027
ENSG00000050748,MAPK9,65,-0.8747,160,1.57866,42,-1.4442,40,-1.5304
ENSG00000131446,MGAT1,21,-1.1529,37,-0.2968,81,1.14734,60,0.62483
ENSG00000278970,HEIH,10,-0.8387,18,0.41254,14,-0.2188,21,0.44243
ENSG00000250222,AC008443.5,46,-0.1455,43,-0.3908,79,0.80288,54,0.14298
ENSG00000146063,TRIM41,18,-0.9275,31,0.09738,43,0.58830,38,0.38481
ENSG00000204628,RACK1,245,-0.5632,269,-0.5616,699,1.31251,400,0.30658
ENSG00000248275,TRIM52-AS1,18,0.25555,13,-0.5765,31,1.12927,9,-0.7994
ENSG00000112679,DUSP22,28,0.05283,30,0.22765,25,-0.1655,20,-0.5178
ENSG00000112699,GMDS,13,-0.7490,17,-0.4008,48,1.57426,17,-0.2832
ENSG00000124535,WRNIP1,34,-0.6526,62,0.82189,42,-0.2341,30,-0.7547
ENSG00000124570,SERPINB6,26,-1.0518,23,-1.6151,82,0.93624,154,2.22664
ENSG00000124588,NQO2,57,0.12831,60,0.39164,33,-0.7579,37,-0.5731
ENSG00000137274,BPHL,10,-1.1344,21,0.23691,44,1.46527,6,-1.6222
ENSG00000137267,TUBB2A,712,-0.5127,1353,1.36082,418,-1.2800,265,-1.9646
ENSG00000137285,TUBB2B,628,1.19423,304,-0.4705,212,-0.8528,217,-0.8206
ENSG00000180822,PSMG4,14,-1.2032,32,0.47951,39,0.58652,25,-0.1427
ENSG00000137266,SLC22A23,12,-1.2736,29,0.32435,17,-0.6434,50,1.13705
ENSG00000145945,FAM50B,15,-0.5929,26,0.57819,20,-0.1208,18,-0.2993
ENSG00000112739,PRPF4B,35,-0.3044,46,0.31076,32,-0.3866,44,0.13136
ENSG00000198721,ECI2,34,-0.2161,32,-0.4244,36,-0.0811,70,1.07289
ENSG00000214113,LYRM4,32,-0.0056,38,0.44686,18,-0.9224,27,-0.3023
ENSG00000124785,NRN1,123,-0.4399,222,1.29683,86,-0.9482,28,-2.5952
ENSG00000124783,SSR1,49,-0.6307,71,0.02733,76,0.14310,102,0.63784
ENSG00000239264,TXNDC5,20,-0.8259,29,-0.2690,74,1.49272,26,-0.3392
ENSG00000124802,EEF1E1,43,0.27987,38,0.01602,29,-0.4008,33,-0.1872
ENSG00000111843,TMEM14C,79,-0.2203,90,0.03901,58,-0.6621,133,0.69637
ENSG00000137210,TMEM14B,80,-0.1607,89,0.06186,95,0.13504,87,-0.0134
ENSG00000197977,ELOVL2,28,1.28324,11,-0.7981,0,-4.9078,22,0.64158
ENSG00000224531,SMIM13,63,-0.2838,104,1.26151,12,-2.6958,34,-1.2190
ENSG00000205269,TMEM170B,39,-0.0674,52,0.82165,18,-1.2406,20,-1.0873
ENSG00000112137,PHACTR1,108,-0.2995,178,1.21029,66,-1.0356,23,-2.5694
ENSG00000145990,GFOD1,55,-0.4572,108,1.74648,9,-3.0010,9,-3.0711
ENSG00000124523,SIRT5,23,-0.0786,30,0.80400,22,-0.0815,1,-4.7405
ENSG00000225921,NOL7,61,-0.1777,77,0.42634,35,-1.0269,71,0.10930
ENSG00000010017,RANBP9,34,-0.5647,63,1.01173,25,-0.9626,30,-0.7295
ENSG00000050393,MCUR1,42,-0.0160,51,0.56432,7,-2.7523,46,0.12453
ENSG00000180537,RNF182,19,0.68681,12,-0.2615,0,-4.7171,20,0.72096
ENSG00000112149,CD83,17,-0.4483,31,1.19851,4,-2.4012,14,-0.7000
ENSG00000047579,DTNBP1,40,-0.4919,75,1.34950,24,-1.2003,13,-2.1260
ENSG00000007944,MYLIP,12,-0.2236,14,0.01179,5,-1.4779,25,1.04038
ENSG00000124788,ATXN1,47,0.02118,54,0.47468,19,-1.4122,42,-0.1399
ENSG00000112183,RBM24,9,-0.4476,18,1.49863,3,-2.0078,3,-2.1744
ENSG00000112186,CAP2,99,-0.8764,253,1.81743,81,-1.0852,5,-5.0575
ENSG00000137414,FAM8A1,25,-0.2926,34,0.40777,3,-3.3354,48,0.82466
ENSG00000137364,TPMT,23,0.31340,23,0.47411,1,-3.7101,18,-0.1383
ENSG00000124795,DEK,41,-0.4848,38,-0.8408,113,1.30460,81,0.70142
ENSG00000172201,ID4,102,0.26971,41,-1.7327,119,0.48189,226,1.69145
ENSG00000272168,CASC15,14,-0.5374,24,0.93434,12,-0.6091,10,-0.8999
ENSG00000152954,NRSN1,121,0.39737,122,0.69776,28,-1.9326,31,-1.7691
ENSG00000124532,MRS2,17,0.27713,16,0.21257,10,-0.5977,10,-0.5435
ENSG00000112294,ALDH5A1,75,0.34993,72,0.43827,29,-1.1842,34,-0.9848
ENSG00000137261,KIAA0319,24,0.15052,28,0.71768,7,-1.7098,12,-1.0102
ENSG00000111802,TDP2,36,0.25739,39,0.70995,8,-2.1322,16,-1.0891
ENSG00000112304,ACOT13,46,0.19392,50,0.59499,5,-3.2413,36,-0.2475
ENSG00000112308,C6orf62,109,-0.1620,134,0.35271,57,-1.1644,143,0.30182
ENSG00000111913,RIPOR2,24,-1.0022,64,1.61379,32,-0.4595,3,-3.8971
ENSG00000079691,CARMIL1,24,1.48095,10,-0.6537,0,-4.6264,12,-0.0179
ENSG00000197061,HIST1H4C,20,0.89211,11,-0.2997,1,-3.6707,16,0.39847
ENSG00000112763,BTN2A1,8,-1.1712,17,0.18206,21,0.43818,23,0.59415
ENSG00000228223,HCG11,12,-0.4637,18,0.44519,19,0.29734,10,-0.7267
ENSG00000182952,HMGN4,28,0.61704,22,0.21936,1,-4.1530,19,-0.1253
ENSG00000269293,ZSCAN16-AS1,114,0.12159,89,-0.5026,108,0.01496,167,0.75228
ENSG00000204713,TRIM27,28,-0.2825,40,0.60525,22,-0.6513,26,-0.3923
ENSG00000204681,GABBR1,244,-0.3971,396,0.91596,196,-0.6961,153,-1.0780
ENSG00000206503,HLA-A,144,-1.2434,145,-1.5925,1007,2.40828,458,0.77372
ENSG00000204619,PPP1R11,51,-0.3813,75,0.55640,57,-0.1615,44,-0.5708
ENSG00000231074,HCG18,20,-0.7421,43,1.21276,13,-1.2802,19,-0.7224
ENSG00000241370,RPP21,49,-0.1685,54,-0.0258,47,-0.2243,72,0.48667
ENSG00000204592,HLA-E,58,-1.8623,41,-2.8733,872,3.57522,229,0.47781
ENSG00000204590,GNL1,64,-0.0725,76,0.40835,43,-0.6910,57,-0.2427
ENSG00000204576,PRR3,7,-1.5454,27,1.64806,0,-5.0096,19,0.12738
ENSG00000204574,ABCF1,31,0.22268,29,0.12474,6,-2.3155,38,0.52446
ENSG00000204569,PPP1R10,19,-0.2981,26,0.41076,0,-4.8983,38,0.90672
ENSG00000204568,MRPS18B,30,-0.6113,43,0.02027,57,0.47262,52,0.32666
ENSG00000137343,ATAT1,41,-0.3343,58,0.55098,49,-0.0092,28,-0.8749
ENSG00000204564,C6orf136,39,-0.3645,56,0.56462,53,0.19178,21,-1.2289
ENSG00000196230,TUBB,311,-0.2613,442,0.69222,317,-0.1949,153,-1.3304
ENSG00000137312,FLOT1,104,-0.6626,197,0.95253,103,-0.5893,95,-0.7157
ENSG00000204580,DDR1,75,-0.7417,59,-1.4978,102,-0.1590,415,2.56948
ENSG00000137411,VARS2,16,-0.0095,19,0.44168,0,-4.9028,23,0.52524
ENSG00000204525,HLA-C,130,-1.1214,113,-1.7337,801,2.27790,443,1.03715
ENSG00000234745,HLA-B,112,-1.7116,125,-1.9369,1400,3.24754,303,-0.0019
ENSG00000198563,DDX39B,62,-0.6758,92,0.06836,101,0.19177,126,0.57276
ENSG00000213760,ATP6V1G2,176,-0.2361,273,1.10488,86,-1.3281,68,-1.6698
ENSG00000204472,AIF1,26,-0.9066,22,-1.5167,166,2.69418,38,-0.2138
ENSG00000204469,PRRC2A,95,0.00105,100,0.14656,74,-0.4043,96,0.02705
ENSG00000204463,BAG6,87,0.25468,83,0.23565,54,-0.5618,53,-0.5935
ENSG00000204435,CSNK2B,108,-0.4415,138,0.03518,152,0.17934,173,0.38894
ENSG00000204427,ABHD16A,27,-0.4070,38,0.33419,23,-0.6279,43,0.38083
ENSG00000213722,DDAH2,41,-0.2251,20,-1.7928,106,1.47791,100,1.36869
ENSG00000204394,VARS,19,-0.5927,31,0.51063,20,-0.4203,28,0.12706
ENSG00000204392,LSM2,26,-0.7334,35,-0.2908,23,-0.8325,97,1.64600
ENSG00000204389,HSPA1A,49,-2.0170,82,-1.5686,431,1.79271,444,1.85496
ENSG00000204388,HSPA1B,30,-1.8832,42,-1.7792,317,2.38205,197,1.33332
ENSG00000204387,SNHG32,62,-0.3205,61,-0.4893,62,-0.2933,159,1.36446
ENSG00000204386,NEU1,19,-0.7330,35,0.56166,22,-0.4239,33,0.19567
ENSG00000204371,EHMT2,45,0.01188,47,0.11707,46,0.04600,36,-0.3682
ENSG00000204356,NELFE,48,-0.2810,60,0.21513,44,-0.3777,67,0.28742
ENSG00000204351,SKIV2L,17,-0.4768,32,1.27873,7,-1.6496,9,-1.2931
ENSG00000204344,STK19,14,-0.2635,18,0.40343,5,-1.6041,22,0.50264
ENSG00000204314,PRRT1,147,0.08173,178,0.77305,95,-0.6300,26,-2.5459
ENSG00000204310,AGPAT1,91,-0.0477,109,0.47678,74,-0.3834,56,-0.8054
ENSG00000204308,RNF5,56,-0.2446,65,0.09165,38,-0.7969,96,0.70210
ENSG00000204287,HLA-DRA,29,-1.2422,17,-2.5937,277,3.25683,75,0.38394
ENSG00000196126,HLA-DRB1,30,-1.4645,31,-1.8321,270,2.63812,116,0.82758
ENSG00000204256,BRD2,53,0.00475,59,0.34755,22,-1.3869,58,0.16006
ENSG00000231389,HLA-DPA1,15,-1.7190,12,-2.5870,190,3.17500,68,0.82543
ENSG00000223865,HLA-DPB1,11,-1.8455,15,-1.6865,146,3.06876,35,0.10175
ENSG00000204231,RXRB,40,-0.5000,68,0.80429,17,-1.7745,57,0.10654
ENSG00000112473,SLC39A7,15,-1.2907,22,-0.8306,85,1.83608,46,0.64323
ENSG00000204227,RING1,37,-0.5535,51,0.01097,74,0.65596,52,0.05563
ENSG00000223501,VPS52,18,-0.7742,33,0.57602,27,-0.0682,26,-0.0882
ENSG00000231500,RPS18,1062,-0.2493,872,-0.8325,2365,1.17372,1724,0.59669
ENSG00000227057,WDR46,21,-0.5661,37,0.87190,17,-0.8061,21,-0.4604
ENSG00000204220,PFDN6,57,0.20042,56,0.26615,39,-0.4628,34,-0.6554
ENSG00000237441,RGL2,16,-0.5036,20,-0.0112,0,-5.3303,51,1.63981
ENSG00000231925,TAPBP,89,-0.3836,102,-0.1791,154,0.58197,132,0.31982
ENSG00000236104,ZBTB22,8,-1.0816,18,0.56318,8,-0.9525,25,0.79671
ENSG00000204209,DAXX,14,-0.0223,18,0.93062,0,-4.7835,10,-0.4983
ENSG00000112511,PHF1,29,-0.4865,36,-0.1508,56,0.68298,44,0.27476
ENSG00000112514,CUTA,178,-0.3200,198,-0.1705,222,0.08471,316,0.68916
ENSG00000197283,SYNGAP1,77,-0.0198,111,1.31411,16,-2.4053,8,-3.4236
ENSG00000137288,UQCC2,88,-0.0213,84,-0.1423,112,0.39060,85,-0.0717
ENSG00000161904,LEMD2,12,-0.6989,16,-0.1421,12,-0.6138,38,1.36426
ENSG00000137309,HMGA1,60,0.29031,47,-0.2632,87,0.87605,20,-1.4967
ENSG00000186577,SMIM29,125,-0.0522,138,0.20837,118,-0.1443,109,-0.2654
ENSG00000272325,NUDT3,150,-0.0906,169,0.21828,176,0.18525,106,-0.6375
ENSG00000124614,RPS10,610,-0.1262,529,-0.5499,1028,0.77901,853,0.45045
ENSG00000124507,PACSIN1,212,0.27379,232,0.76310,73,-1.4384,49,-2.0451
ENSG00000196821,ILRUN,45,0.10706,49,0.45277,36,-0.2467,17,-1.4240
ENSG00000272288,AL451165.2,26,0.54965,15,-0.5954,10,-1.0771,33,0.89944
ENSG00000124562,SNRPC,61,-0.2280,72,0.15273,73,0.11489,65,-0.0940
ENSG00000064995,TAF11,18,-0.5592,34,1.03714,9,-1.4679,19,-0.4607
ENSG00000064999,ANKS1A,9,-1.4014,29,1.09304,18,-0.2970,18,-0.3159
ENSG00000112033,PPARD,13,-0.4093,19,0.33802,17,0.01921,15,-0.1424
ENSG00000198755,RPL10A,486,-0.3173,498,-0.3892,1058,1.06298,581,0.01498
ENSG00000112062,MAPK14,18,-0.7714,36,0.72142,37,0.45245,11,-1.4212
ENSG00000096070,BRPF3,16,-0.6666,30,0.84488,22,-0.0982,12,-1.0071
ENSG00000112078,KCTD20,25,0.26629,17,-0.6857,36,0.82635,23,0.04369
ENSG00000112081,SRSF3,84,-0.6203,128,0.24166,150,0.40442,114,-0.0534
ENSG00000124772,CPNE5,33,-1.3941,115,1.74216,67,-0.1809,3,-4.6486
ENSG00000137168,PPIL1,18,-0.3151,27,0.70495,6,-1.9694,23,0.11168
ENSG00000198663,C6orf89,49,-0.5778,76,0.38093,64,-0.0843,72,0.10371
ENSG00000137409,MTCH1,366,-0.5686,680,1.09690,300,-0.8098,238,-1.1695
ENSG00000065491,TBC1D22B,14,-0.5809,28,1.43875,2,-3.0207,10,-0.9256
ENSG00000112130,RNF8,20,-0.8100,33,0.05229,76,1.52413,10,-1.7787
ENSG00000137200,CMTR1,18,-0.7589,25,-0.2384,64,1.47258,20,-0.4825
ENSG00000198937,CCDC167,34,-0.2957,37,-0.2589,59,0.65524,48,0.27675
ENSG00000156639,ZFAND3,51,-0.2647,62,0.12595,55,-0.1266,69,0.25087
ENSG00000183826,BTBD9,34,0.05954,44,1.03802,6,-2.4149,11,-1.6480
ENSG00000124767,GLO1,92,-0.1856,111,0.28297,71,-0.5649,111,0.14481
ENSG00000146122,DAAM2,23,-1.5159,24,-1.8047,3,-4.2896,298,3.80191
ENSG00000156564,LRFN2,9,-1.2467,23,0.91747,29,0.83026,2,-2.7750
ENSG00000124596,OARD1,28,0.11122,28,0.12893,12,-1.2752,33,0.38485
ENSG00000137166,FOXP4,9,-1.1151,24,1.03056,14,-0.4414,14,-0.3609
ENSG00000137218,FRS3,16,0.12240,21,1.18872,1,-3.9151,3,-2.2426
ENSG00000214736,TOMM6,132,-0.1683,151,0.15134,153,0.10291,129,-0.1794
ENSG00000112576,CCND3,47,-0.8619,91,0.59428,92,0.32300,55,-0.4979
ENSG00000048544,MRPS10,27,-0.3483,42,0.84522,22,-0.5747,16,-1.0980
ENSG00000024048,UBR2,16,-0.1064,23,0.93357,0,-5.0861,14,-0.3146
ENSG00000124659,TBCC,20,-0.3517,36,1.51009,0,-5.5453,9,-1.4497
ENSG00000146223,RPL7L1,62,-0.3516,88,0.51193,87,0.24701,36,-1.1590
ENSG00000221821,C6orf226,12,-0.6253,14,-0.3717,8,-1.1463,44,1.75785
ENSG00000137161,CNPY3,29,-0.3967,27,-0.7058,66,1.02276,56,0.74277
ENSG00000124587,PEX6,14,-0.2335,19,0.45416,5,-1.8488,21,0.44603
ENSG00000112640,PPP2R5D,37,-0.1873,59,1.39565,1,-5.0085,14,-1.6158
ENSG00000124733,MEA1,83,-0.3941,109,0.19153,124,0.32164,93,-0.1647
ENSG00000124702,KLHDC3,160,-0.2630,235,0.81647,145,-0.3936,69,-1.5438
ENSG00000124541,RRP36,20,-0.3439,22,-0.1987,27,0.19620,35,0.67509
ENSG00000137171,KLC4,13,-0.6601,16,-0.3195,25,0.52238,31,0.90188
ENSG00000112651,MRPL2,49,0.23891,51,0.45374,1,-4.8251,47,0.12371
ENSG00000112658,SRF,21,-0.2608,33,1.04572,18,-0.4874,3,-3.1169
ENSG00000112659,CUL9,18,-0.3362,23,0.19225,19,-0.2529,27,0.31390
ENSG00000112667,DNPH1,75,-0.0747,76,-0.0565,53,-0.6018,114,0.65231
ENSG00000146216,TTBK1,16,-0.3174,26,1.17211,6,-1.6188,8,-1.3843
ENSG00000204052,LRRC73,33,-0.0998,49,1.18098,8,-2.1599,10,-1.8608
ENSG00000137207,YIPF3,62,-0.5932,82,-0.1608,124,0.60498,117,0.50314
ENSG00000124571,XPO5,13,-0.4247,21,0.67873,12,-0.4820,12,-0.4821
ENSG00000096080,MRPS18A,43,0.04573,45,0.17407,36,-0.2708,36,-0.2384
ENSG00000112715,VEGFA,41,0.86561,24,-0.3890,18,-0.6231,23,-0.2954
ENSG00000180992,MRPL14,46,-0.1095,55,0.39688,32,-0.6767,44,-0.1567
ENSG00000137216,TMEM63B,50,-0.3502,85,1.19527,28,-1.2095,18,-1.8348
ENSG00000112759,SLC29A1,17,-0.7091,25,0.03064,53,1.28884,13,-1.0016
ENSG00000096384,HSP90AB1,739,-0.7308,1511,1.10989,861,-0.4039,459,-1.3831
ENSG00000157593,SLC35B2,16,-1.0341,23,-0.6109,56,1.11553,54,1.04743
ENSG00000146232,NFKBIE,15,0.27111,15,0.39094,11,-0.3425,4,-1.6152
ENSG00000178233,TMEM151B,155,0.56501,132,0.36159,59,-1.0806,41,-1.6297
ENSG00000096401,CDC5L,36,-0.1046,44,0.43847,50,0.43749,7,-2.4285
ENSG00000001561,ENPP4,16,-1.3598,45,0.78468,19,-0.9662,53,0.66037
ENSG00000112796,ENPP5,23,-0.4361,40,1.08532,22,-0.4918,7,-2.1860
ENSG00000172348,RCAN2,80,-0.6415,153,1.03296,77,-0.6159,61,-0.9933
ENSG00000153291,SLC25A27,18,-0.5887,39,1.71250,1,-4.0184,8,-1.6470
ENSG00000146072,TNFRSF21,21,-0.9669,53,1.47461,7,-2.4669,27,-0.4658
ENSG00000146085,MMUT,19,-0.9208,41,0.74472,30,-0.1112,28,-0.2503
ENSG00000170915,PAQR8,117,-0.0200,89,-0.7271,75,-0.7274,281,1.56139
ENSG00000096092,TMEM14A,68,-0.7113,113,0.34895,136,0.50029,83,-0.3217
ENSG00000170899,GSTA4,43,-0.3735,66,0.72189,56,0.11004,16,-1.8071
ENSG00000112146,FBXO9,71,-0.1308,95,0.73710,51,-0.6413,35,-1.2223
ENSG00000012660,ELOVL5,45,-0.5826,48,-0.6455,90,0.62506,124,1.20254
ENSG00000001084,GCLC,18,-0.9649,26,-0.4422,33,0.14027,72,1.54457
ENSG00000146151,HMGCLL1,15,-0.0860,17,0.08626,20,0.35455,12,-0.5021
ENSG00000151914,DST,90,-0.3692,114,0.10817,95,-0.2388,148,0.50075
ENSG00000151917,BEND6,50,0.76809,37,0.23872,15,-1.3223,11,-1.6836
ENSG00000112200,ZNF451,18,-1.0889,30,-0.2929,68,1.23865,44,0.44704
ENSG00000112210,RAB23,12,-1.0074,25,0.47136,35,0.84724,12,-0.8731
ENSG00000118482,PHF3,28,-0.5148,31,-0.4593,61,0.81975,57,0.70022
ENSG00000230910,AL391807.1,35,0.40160,36,0.73780,1,-4.1745,14,-1.1293
ENSG00000135298,ADGRB3,54,-0.1769,84,1.22119,22,-1.5401,12,-2.4407
ENSG00000168216,LMBRD1,62,-0.5274,90,0.22812,73,-0.2088,109,0.44399
ENSG00000082269,FAM135A,13,-0.1362,16,0.51740,11,-0.3493,8,-0.7609
ENSG00000154079,SDHAF4,23,1.15636,12,-0.2125,7,-1.0479,5,-1.5714
ENSG00000112305,SMAP1,68,0.33186,68,0.56987,38,-0.6569,11,-2.5451
ENSG00000112309,B3GAT2,8,-2.5012,43,0.54256,29,-0.3620,74,1.23346
ENSG00000119900,OGFRL1,52,-1.0990,97,-0.0272,109,0.18573,180,1.06655
ENSG00000079841,RIMS1,85,0.51572,77,0.50302,32,-1.1032,15,-2.2785
ENSG00000185760,KCNQ5,19,-0.5714,40,1.78894,7,-1.8802,0,-5.2018
ENSG00000156508,EEF1A1,1887,-0.5715,1832,-0.8561,5234,1.25391,4260,0.86819
ENSG00000119899,SLC17A5,15,-0.4828,20,0.15743,18,-0.1228,25,0.45946
ENSG00000112695,COX7A2,766,0.42384,611,-0.0393,486,-0.3934,494,-0.3668
ENSG00000112697,TMEM30A,105,-0.9617,250,1.17163,117,-0.6923,115,-0.7146
ENSG00000118407,FILIP1,2,-3.2710,36,2.75665,6,-1.8969,9,-1.1991
ENSG00000112701,SENP6,33,-0.5154,44,-0.0487,72,0.82115,42,-0.0972
ENSG00000196586,MYO6,39,-0.2097,34,-0.5808,7,-2.6811,123,1.93824
ENSG00000146247,PHIP,29,-0.0465,33,0.33022,19,-0.7320,28,-0.0694
ENSG00000118418,HMGN3,113,0.17183,78,-0.7134,125,0.31898,163,0.77944
ENSG00000198478,SH3BGRL2,34,-0.4010,61,1.34437,4,-3.3964,23,-0.9782
ENSG00000118402,ELOVL4,29,-0.6978,63,1.48762,20,-1.1868,11,-2.0498
ENSG00000083123,BCKDHB,12,-0.6612,17,0.05640,26,0.72604,17,7.12583
ENSG00000005700,IBTK,17,0.00401,21,0.70342,0,-5.0592,17,0.00890
ENSG00000083097,DOP1A,9,-1.1073,25,1.59040,1,-3.3609,13,-0.3372
ENSG00000013375,PGM3,17,0.03880,15,-0.2920,10,-0.7727,29,0.96611
ENSG00000065833,ME1,29,-0.0618,37,0.63800,11,-1.5052,24,-0.3426
ENSG00000065609,SNAP91,185,-0.2309,274,0.91236,152,-0.5131,58,-1.9872
ENSG00000203877,RIPPLY2,30,0.74161,24,0.50601,0,-5.0418,8,-1.4104
ENSG00000135324,MRAP2,8,-2.1128,49,2.37332,9,-1.7267,11,-1.4758
ENSG00000135318,NT5E,26,0.92240,14,-0.5008,5,-1.7796,21,0.40239
ENSG00000135317,SNX14,31,-0.1965,44,0.84447,14,-1.3143,21,-0.7548
ENSG00000135316,SYNCRIP,37,-0.4843,50,0.14292,63,0.45427,46,-0.0788
ENSG00000203875,SNHG5,76,-0.6578,66,-1.1925,229,1.30854,228,1.29718
ENSG00000188994,ZNF292,20,-0.6239,29,0.10745,49,0.94771,20,-0.5745
ENSG00000111850,SMIM8,13,-0.7183,27,1.19190,0,-5.2318,21,0.09268
ENSG00000164414,SLC35A1,17,-0.5197,23,0.07097,46,1.20674,9,-1.4078
ENSG00000135336,ORC3,18,-0.6812,29,0.26931,31,0.26398,28,0.12693
ENSG00000135334,AKIRIN2,47,-0.8778,98,0.84258,93,0.33077,32,-1.3763
ENSG00000118432,CNR1,80,0.19143,90,0.67971,32,-1.2737,30,-1.3558
ENSG00000111880,RNGTT,14,0.05733,17,0.77087,4,-1.6124,7,-0.9842
ENSG00000146278,PNRC1,50,-0.4009,45,-0.7852,136,1.39452,78,0.39574
ENSG00000198833,UBE2J1,17,-0.9929,33,0.22349,47,0.74837,30,-0.0085
ENSG00000025039,RRAGD,20,-0.7167,37,0.70876,16,-0.9161,33,0.19561
ENSG00000135299,ANKRD6,19,-0.8311,46,1.58879,9,-1.7803,12,-1.3873
ENSG00000083099,LYRM2,31,-0.0166,36,0.49626,15,-1.1573,26,-0.2565
ENSG00000112159,MDN1,12,-1.3684,28,0.15151,46,0.95127,30,0.22393
ENSG00000135341,MAP3K7,15,-0.9778,34,0.98819,18,-0.5655,21,-0.3249
ENSG00000135333,EPHA7,13,0.00953,17,0.96660,1,-3.8653,8,-0.7649
ENSG00000172461,FUT9,40,-0.8810,86,0.96695,53,-0.3405,44,-0.6432
ENSG00000014123,UFL1,17,-0.6248,27,0.30155,25,0.05438,28,0.20055
ENSG00000123545,NDUFAF4,47,-0.1745,57,0.31993,71,0.54824,18,-1.6347
ENSG00000186231,KLHL32,18,0.06780,15,-0.4074,5,-2.0020,40,1.42174
ENSG00000184486,POU3F2,47,0.99245,18,-1.1594,9,-1.7512,59,1.23243
ENSG00000146267,FAXC,33,-0.5477,66,1.53694,20,-1.1966,4,-3.5635
ENSG00000132423,COQ3,13,-0.1340,19,0.94225,1,-3.0229,10,-0.4950
ENSG00000132424,PNISR,41,-0.7510,70,0.33460,84,0.49912,55,-0.2241
ENSG00000112237,CCNC,20,-0.3814,35,1.18606,10,-1.4618,10,-1.3735
ENSG00000164418,GRIK2,20,-0.3132,34,1.24378,15,-0.7109,0,-4.8008
ENSG00000085382,HACE1,12,-0.9752,29,1.16513,25,0.30458,2,-3.3892
ENSG00000085377,PREP,10,-0.8246,22,1.17245,16,0.01950,2,-2.6377
ENSG00000057663,ATG5,10,-0.5186,20,1.34491,0,-4.3575,9,-0.5878
ENSG00000272398,CD24,9,-2.3456,48,0.69659,64,0.85372,36,-0.1388
ENSG00000130349,MTRES1,18,0.01772,19,0.16604,4,-2.3122,28,0.72467
ENSG00000112320,SOBP,95,-0.4882,177,1.31533,46,-1.5419,47,-1.5064
ENSG00000025796,SEC63,44,-0.2700,60,0.55594,35,-0.5835,41,-0.3427
ENSG00000081087,OSTM1,17,-1.0881,42,1.03425,27,-0.2227,21,-0.6494
ENSG00000112335,SNX3,270,-0.3706,388,0.51010,237,-0.5351,311,-0.0972
ENSG00000118689,FOXO3,43,-0.5333,74,0.80764,51,-0.2081,30,-1.0075
ENSG00000080546,SESN1,23,-0.8289,48,0.85103,28,-0.4692,31,-0.2823
ENSG00000135535,CD164,36,-0.8164,53,-0.1943,63,0.18941,107,1.09968
ENSG00000135596,MICAL1,21,0.04596,23,0.26833,24,0.23653,9,-1.3361
ENSG00000112367,FIG4,18,-0.1028,27,1.14164,0,-5.2369,11,-0.8971
ENSG00000112290,WASF1,87,-1.0174,242,1.88081,53,-1.6662,35,-2.2531
ENSG00000168438,CDC40,19,-1.1532,46,0.65607,44,0.26860,33,-0.1932
ENSG00000155111,CDK19,12,-0.9217,21,0.06440,0,-5.3241,56,1.82242
ENSG00000123505,AMD1,50,-0.8496,97,0.58199,45,-0.9242,113,0.56421
ENSG00000155115,GTF3C6,72,-0.1033,70,-0.2225,77,0.01178,107,0.57801
ENSG00000197498,RPF2,17,-0.7367,31,0.67663,26,0.04726,18,-0.5387
ENSG00000010810,FYN,97,0.01854,101,0.14650,78,-0.3419,93,-0.0545
ENSG00000203778,FAM229B,50,-0.1814,59,0.19945,31,-0.9314,75,0.50586
ENSG00000277443,MARCKS,263,-0.1249,303,0.22758,199,-0.5562,310,0.16412
ENSG00000196591,HDAC2,34,-0.5968,52,0.30495,72,0.73728,28,-0.8292
ENSG00000187189,TSPYL4,78,-1.2136,231,1.55408,108,-0.5842,51,-1.7267
ENSG00000189241,TSPYL1,314,-0.7268,692,1.49443,238,-1.0740,115,-2.1700
ENSG00000111832,RWDD1,77,-0.0658,67,-0.4505,146,1.06388,67,-0.2699
ENSG00000196911,KPNA5,32,0.20403,23,-0.5606,61,1.31110,13,-1.2462
ENSG00000047932,GOPC,21,-1.3604,64,1.27491,28,-0.7664,36,-0.3620
ENSG00000153989,NUS1,27,-0.1138,39,1.10876,0,-5.7944,18,-0.7413
ENSG00000196376,SLC35F1,28,-1.1469,84,1.74683,19,-1.6314,23,-1.3052
ENSG00000111875,ASF1A,20,0.06424,19,-0.0352,2,-3.4299,37,1.10116
ENSG00000111879,FAM184A,26,0.65541,23,0.74153,0,-5.1652,3,-2.4188
ENSG00000111885,MAN1A1,16,-0.9826,41,1.23399,32,0.17938,3,-3.2563
ENSG00000152661,GJA1,509,0.73487,238,-0.9945,130,-1.5801,751,1.32383
ENSG00000025156,HSF2,11,-0.6845,25,1.67927,0,-4.9914,8,-1.1194
ENSG00000111897,SERINC1,334,-0.8669,721,1.00138,391,-0.5237,381,-0.5623
ENSG00000164434,FABP7,316,0.89332,129,-1.1391,293,0.59109,212,0.04263
ENSG00000146352,CLVS2,30,-0.3097,51,1.39878,17,-1.1120,0,-7.1049
ENSG00000188580,NKAIN2,33,-0.8772,71,0.95776,4,-3.9098,76,0.58883
ENSG00000111907,TPD52L1,69,0.49827,52,-0.0640,51,-0.0925,31,-0.8627
ENSG00000111906,HDDC2,219,0.65037,139,-0.3674,101,-0.7272,179,0.19324
ENSG00000111912,NCOA7,90,-0.4512,169,1.43302,24,-2.3835,44,-1.5153
ENSG00000111911,HINT3,73,-0.1180,93,0.58527,22,-1.9109,80,0.04400
ENSG00000118518,RNF146,46,-0.2865,64,0.58486,36,-0.6018,42,-0.3730
ENSG00000093144,ECHDC1,35,-0.1614,41,0.20885,12,-1.7343,59,0.74423
ENSG00000189367,KIAA0408,50,-0.7733,114,1.51511,34,-1.2671,24,-1.7788
ENSG00000152894,PTPRK,42,0.35401,43,0.63488,5,-2.7358,20,-0.8812
ENSG00000079819,EPB41L2,53,-0.7047,65,-0.4933,128,0.83652,133,0.90994
ENSG00000118507,AKAP7,27,-0.4674,39,0.27751,60,0.91633,13,-1.5850
ENSG00000118523,CCN2,8,-4.6017,274,3.23262,40,-2.0427,59,-1.4680
ENSG00000079931,MOXD1,39,0.64020,29,0.09418,0,-5.7638,31,0.17844
ENSG00000079950,STX7,69,-0.4106,114,0.94114,25,-1.9146,73,-0.2769
ENSG00000146409,SLC18B1,38,-0.6478,43,-0.6175,101,1.05679,89,0.81531
ENSG00000112306,RPS12,1335,-0.3710,1241,-0.7005,2802,0.93905,2595,0.79959
ENSG00000028839,TBPL1,25,-0.4780,46,1.19316,21,-0.6980,8,-2.1961
ENSG00000118515,SGK1,14,-1.4442,15,-1.7384,47,0.58413,129,2.71444
ENSG00000112339,HBS1L,31,-0.6327,53,0.57505,0,-6.4282,80,1.00693
ENSG00000135541,AHI1,26,-0.3291,42,0.95408,11,-1.5738,21,-0.6217
ENSG00000029363,BCLAF1,65,-0.2394,85,0.41393,63,-0.2680,61,-0.3226
ENSG00000135525,MAP7,27,-0.6135,34,-0.2372,13,-1.6141,96,1.70361
ENSG00000197442,MAP3K5,26,-0.4715,38,0.36226,52,0.74371,13,-1.4192
ENSG00000027697,IFNGR1,27,-0.6222,33,-0.4455,78,1.23168,46,0.27513
ENSG00000112379,ARFGEF3,54,-0.7697,122,1.45501,17,-2.4546,52,-0.7491
ENSG00000051620,HEBP2,24,-0.6752,27,-0.6982,102,1.97804,24,-0.6047
ENSG00000225177,AL590617.2,43,1.10006,21,-0.4351,0,-5.4893,32,0.35977
ENSG00000024862,CCDC28A,20,-0.8597,45,1.10815,25,-0.4126,17,-1.0440
ENSG00000135597,REPS1,28,0.02481,22,-0.5191,35,0.42565,38,0.56803
ENSG00000146386,ABRACL,19,-0.7319,34,0.48166,52,1.00550,6,-2.3494
ENSG00000112406,HECA,31,0.36901,33,0.86005,1,-4.8267,10,-1.4626
ENSG00000164442,CITED2,26,-0.1000,39,1.26638,1,-4.9763,11,-1.3840
ENSG00000009844,VTA1,38,-0.1794,57,1.11824,3,-3.5853,25,-0.7922
ENSG00000010818,HIVEP2,50,-0.5961,95,1.16579,49,-0.5556,21,-1.8134
ENSG00000146416,AIG1,49,-0.3656,54,-0.2495,77,0.44517,83,0.56809
ENSG00000001036,FUCA2,12,-0.3870,13,-0.2691,3,-2.4010,38,1.70031
ENSG00000112419,PHACTR2,19,-0.3465,16,-0.9438,57,1.63870,26,0.21661
ENSG00000169976,SF3B5,88,-0.3777,115,0.18827,122,0.21177,104,-0.0494
ENSG00000152818,UTRN,16,-1.1640,22,-0.9088,96,2.06095,38,0.29952
ENSG00000112425,EPM2A,26,1.15544,15,-0.0429,0,-4.9124,9,-0.7841
ENSG00000164506,STXBP5,25,-0.9178,63,1.48127,28,-0.6715,10,-2.1380
ENSG00000111961,SASH1,55,0.38979,41,-0.2786,8,-2.5843,80,0.98888
ENSG00000111962,UST,10,-1.3782,30,1.13339,24,0.15582,11,-1.1079
ENSG00000228408,AL031056.1,11,-2.3541,6,-3.7341,126,1.89920,190,2.93019
ENSG00000055208,TAB2,32,-0.2980,25,-1.0097,87,1.48104,52,0.51754
ENSG00000055211,GINM1,33,-0.4982,33,-0.6499,129,2.05753,16,-1.5368
ENSG00000120265,PCMT1,146,-0.8296,333,1.36435,152,-0.6658,72,-1.8073
ENSG00000120256,LRP11,33,-0.8816,73,1.07934,52,-0.0629,20,-1.5112
ENSG00000198729,PPP1R14C,10,-1.6819,45,2.09066,20,-0.5086,1,-4.8944
ENSG00000131016,AKAP12,88,0.60974,66,0.05029,67,0.03263,14,-2.3845
ENSG00000146476,ARMT1,7,-1.4668,24,1.19314,0,-5.0975,27,0.73882
ENSG00000131018,SYNE1,74,-0.3121,107,0.62686,107,0.33569,20,-2.2763
ENSG00000146469,VIP,36,0.25978,45,1.27896,0,-5.9540,1,-5.0557
ENSG00000112031,MTRF1L,22,0.05502,23,0.19767,15,-0.5136,20,-0.0999
ENSG00000091844,RGS17,13,0.10133,18,1.23456,0,-4.6548,3,-2.2481
ENSG00000074706,IPCEF1,24,-1.6243,107,2.63261,5,-3.6959,15,-2.1883
ENSG00000213079,SCAF8,16,-0.6593,21,-0.3121,54,1.43947,19,-0.3571
ENSG00000146426,TIAM2,16,-0.1572,21,0.50571,17,-0.0688,9,-1.0810
ENSG00000049618,ARID1B,45,0.26403,48,0.61506,6,-2.7889,28,-0.5500
ENSG00000215712,TMEM242,22,-1.0702,45,0.35765,69,0.93054,28,-0.5782
ENSG00000175048,ZDHHC14,18,-1.3959,65,1.94863,11,-2.0175,19,-1.1814
ENSG00000130340,SNX9,9,-1.2282,25,1.16447,2,-2.8494,24,0.46281
ENSG00000078269,SYNJ2,11,-1.8683,48,1.18491,11,-1.8044,51,0.64434
ENSG00000272047,GTF2H5,79,-0.4385,118,0.49717,75,-0.4770,100,-0.0105
ENSG00000130338,TULP4,43,-0.1386,57,0.71885,6,-3.0455,47,0.04592
ENSG00000146433,TMEM181,33,-0.8135,79,1.67572,9,-2.6786,23,-1.2369
ENSG00000146425,DYNLT1,35,-0.2754,26,-1.1033,71,0.95519,81,1.21893
ENSG00000092820,EZR,172,0.90664,60,-1.4475,81,-0.5168,229,1.27100
ENSG00000112096,SOD2,156,-0.0807,189,0.45646,151,-0.1231,86,-1.0167
ENSG00000146457,WTAP,28,-0.7830,55,0.74652,33,-0.4808,42,-0.0903
ENSG00000120437,ACAT2,32,0.30919,30,0.30781,13,-1.1868,21,-0.4357
ENSG00000120438,TCP1,78,-0.6732,137,0.62918,96,-0.2613,102,-0.1612
ENSG00000112110,MRPL18,49,-0.0756,48,-0.1461,58,0.20824,58,0.22815
ENSG00000085511,MAP3K4,11,-0.7221,23,1.28233,11,-0.6134,5,-1.8607
ENSG00000026652,AGPAT4,19,-0.8302,33,0.28214,9,-1.8799,63,1.26832
ENSG00000185345,PRKN,18,-0.3796,31,1.31151,8,-1.4875,6,-1.9879
ENSG00000112530,PACRG,11,-0.1834,17,0.99035,4,-1.5830,6,-1.1023
ENSG00000112531,QKI,244,-0.4896,229,-0.8231,164,-1.0454,973,2.11519
ENSG00000176381,PRR18,17,-0.4026,16,-0.7289,0,-5.2881,71,2.33383
ENSG00000198818,SFT2D1,34,-0.6198,48,-0.0233,25,-1.0520,102,1.30835
ENSG00000060762,MPC1,84,-0.1983,87,-0.1930,45,-1.1259,184,1.19810
ENSG00000071242,RPS6KA2,45,-0.7264,75,0.29972,89,0.45448,63,-0.1104
ENSG00000026297,RNASET2,42,-0.0063,34,-0.5478,75,1.00617,41,-0.0444
ENSG00000130396,AFDN,27,-0.7195,38,-0.1281,92,1.48657,22,-0.9702
ENSG00000186340,THBS2,9,-1.4784,14,-0.9539,0,-5.3160,93,3.09174
ENSG00000185127,C6orf120,18,0.40831,16,0.43958,1,-3.5938,12,-0.2686
ENSG00000130024,PHF10,29,-0.5446,38,-0.1148,54,0.51025,52,0.46604
ENSG00000112584,FAM120B,13,-1.0433,27,0.28605,42,0.94520,18,-0.4337
ENSG00000008018,PSMB1,102,-0.2196,114,0.00345,157,0.53967,96,-0.2856
ENSG00000071994,PDCD2,26,-0.5336,35,-0.0041,60,0.91921,28,-0.3488
ENSG00000177706,FAM20C,38,-0.0037,34,-0.3138,51,0.49278,42,0.15566
ENSG00000197461,PDGFA,20,-0.3736,26,0.10626,36,0.63629,19,-0.4400
ENSG00000188191,PRKAR1B,358,-0.5376,674,1.24667,292,-0.7905,128,-2.0456
ENSG00000164828,SUN1,26,-0.9028,48,0.35431,45,0.07694,54,0.37881
ENSG00000105963,ADAP1,114,-0.0076,123,0.21538,101,-0.2003,94,-0.3127
ENSG00000240230,COX19,19,-0.1218,19,-0.0911,24,0.34884,20,0.03094
ENSG00000146540,C7orf50,139,0.01568,161,0.48699,92,-0.6470,89,-0.7014
ENSG00000178381,ZFAND2A,35,-0.1529,49,0.84994,23,-0.7946,15,-1.4378
ENSG00000164877,MICALL2,16,-0.2998,20,0.25939,0,-5.1995,36,1.13024
ENSG00000164880,INTS1,57,-0.6995,97,0.45640,102,0.33758,66,-0.3892
ENSG00000198517,MAFK,11,-1.4504,35,1.22577,17,-0.5860,21,-0.3010
ENSG00000157778,PSMG3,46,-0.3054,64,0.56946,62,0.23468,20,-1.5588
ENSG00000002822,MAD1L1,9,-1.0065,21,0.90215,2,-2.7432,24,0.67171
ENSG00000106263,EIF3B,33,-0.9476,62,0.30016,59,0.09285,75,0.50541
ENSG00000136213,CHST12,13,-0.6348,19,-0.0886,39,1.23636,13,-0.5877
ENSG00000106009,BRAT1,17,-0.6936,21,-0.4371,37,0.64317,45,0.99718
ENSG00000106012,IQCE,24,1.02819,16,0.21574,5,-1.5612,1,-3.5790
ENSG00000136295,TTYH3,72,0.00954,97,1.07364,17,-2.2096,23,-1.7446
ENSG00000146535,GNA12,51,-0.2290,37,-1.0906,99,0.92211,114,1.19159
ENSG00000164916,FOXK1,20,-0.2626,26,0.33400,36,0.70603,6,-1.9380
ENSG00000242802,AP5Z1,11,-0.6641,23,1.22163,0,-4.9651,16,-0.0432
ENSG00000157954,WIPI2,94,-0.2379,134,0.74549,65,-0.7830,65,-0.7843
ENSG00000164638,SLC29A4,36,0.30837,30,-0.0793,23,-0.4670,31,0.03799
ENSG00000182095,TNRC18,38,-0.0368,42,0.21877,34,-0.2155,33,-0.2482
ENSG00000155034,FBXL18,43,0.38242,39,0.34423,26,-0.4653,12,-1.6354
ENSG00000075624,ACTB,1374,-0.6579,2303,0.49369,2087,0.09612,1708,-0.2328
ENSG00000075618,FSCN1,84,-1.0088,166,0.35889,145,-0.0275,205,0.55119
ENSG00000011275,RNF216,23,-0.0384,21,-0.2361,34,0.67094,20,-0.2016
ENSG00000122674,CCZ1,35,0.17621,39,0.62979,4,-2.9981,26,-0.3401
ENSG00000122512,PMS2,15,-1.3125,48,1.47872,6,-2.4032,31,-0.0747
ENSG00000086232,EIF2AK1,34,-0.5434,57,0.77507,22,-1.1180,44,-0.0543
ENSG00000008256,CYTH3,20,-0.9222,36,0.22999,80,1.55632,4,-3.2498
ENSG00000136238,RAC1,298,-0.6714,500,0.46658,424,-0.0241,426,-0.0186
ENSG00000164535,DAGLB,18,-0.7312,35,0.90472,29,0.11951,10,-1.5471
ENSG00000136240,KDELR2,35,-0.8863,48,-0.4472,114,1.22464,79,0.55839
ENSG00000136247,ZDHHC4,34,0.02668,36,0.19317,32,-0.0780,25,-0.4632
ENSG00000146576,C7orf26,14,-0.1359,19,0.74578,0,-4.8749,16,0.13964
ENSG00000236609,ZNF853,30,0.64152,18,-0.4632,20,-0.1550,22,-0.0161
ENSG00000205903,ZNF316,13,-0.8855,30,1.03377,3,-2.8399,28,0.36877
ENSG00000164631,ZNF12,10,-0.6976,22,1.30950,2,-2.9479,12,-0.3817
ENSG00000146574,CCZ1B,13,-0.2861,13,-0.4515,36,1.44662,10,-0.6646
ENSG00000106399,RPA3,27,-0.8979,42,-0.2075,106,1.50900,35,-0.4429
ENSG00000219545,UMAD1,14,-0.2471,20,0.72372,1,-3.5796,19,0.25993
ENSG00000106415,GLCCI1,13,-0.4620,20,0.51937,24,0.63738,4,-2.0077
ENSG00000003147,ICA1,23,-0.5839,40,0.70946,40,0.34710,11,-1.6415
ENSG00000122584,NXPH1,21,-0.4308,37,1.09007,12,-1.2251,14,-1.0687
ENSG00000189043,NDUFA4,2470,0.57885,1924,0.10330,1282,-0.5969,942,-1.0772
ENSG00000106443,PHF14,39,-0.5249,73,1.20410,13,-2.1400,34,-0.6549
ENSG00000106460,TMEM106B,51,-0.4609,84,0.78953,32,-1.1151,58,-0.2138
ENSG00000122644,ARL4A,13,-1.3013,34,0.66923,43,0.76464,15,-0.8888
ENSG00000006468,ETV1,46,-0.7573,107,1.67142,14,-2.4756,27,-1.4656
ENSG00000136267,DGKB,19,-0.9906,54,2.03027,3,-3.5737,11,-1.7348
ENSG00000106524,ANKMY2,13,-0.4781,25,1.28901,7,-1.4433,6,-1.5216
ENSG00000136261,BZW2,11,-1.0411,28,1.04905,28,0.54294,2,-3.3161
ENSG00000106537,TSPAN13,32,-1.3122,103,1.56674,63,-0.1457,10,-2.8324
ENSG00000071189,SNX13,27,0.01297,35,0.87576,10,-1.4842,11,-1.3674
ENSG00000048052,HDAC9,24,0.13650,30,1.07580,7,-1.6759,1,-3.7084
ENSG00000105855,ITGB8,52,-0.0055,42,-0.5443,11,-2.3966,133,1.70353
ENSG00000136237,RAPGEF5,43,-1.1147,99,0.65279,7,-3.6786,159,1.17856
ENSG00000196683,TOMM7,886,0.00435,840,-0.1435,978,0.16699,963,0.14078
ENSG00000122591,FAM126A,16,0.40428,15,0.53133,1,-3.0675,9,-0.6007
ENSG00000122550,KLHL7,15,-1.0147,35,1.01662,23,-0.2210,17,-0.7164
ENSG00000136243,NUP42,17,-0.3669,25,0.65554,17,-0.2576,12,-0.7924
ENSG00000156928,MALSU1,31,-0.0694,37,0.44737,18,-0.9236,29,-0.1801
ENSG00000164548,TRA2A,37,-0.3674,49,0.17812,51,0.19294,45,-0.0203
ENSG00000122585,NPY,47,-5.1215,45,-5.7610,9775,7.68194,54,-4.7245
ENSG00000105926,MPP6,26,-1.1773,40,-0.6248,159,2.16859,35,-0.5826
ENSG00000172115,CYCS,299,0.20060,322,0.56326,169,-0.7447,103,-1.4996
ENSG00000122566,HNRNPA2B1,202,-0.6313,321,0.35672,256,-0.1820,342,0.30007
ENSG00000122565,CBX3,88,-0.0402,88,-0.0474,92,0.04835,97,0.12392
ENSG00000086300,SNX10,122,-0.2085,191,1.20292,65,-1.1726,21,-2.8548
ENSG00000005020,SKAP2,21,-0.4475,34,0.71712,36,0.43319,4,-2.7993
ENSG00000106049,HIBADH,11,-0.8310,19,0.25497,4,-2.0620,37,1.33597
ENSG00000106052,TAX1BP1,82,-0.8049,163,0.81961,94,-0.4875,111,-0.2241
ENSG00000153814,JAZF1,34,-0.3207,60,1.54071,4,-3.2965,10,-2.1681
ENSG00000255690,TRIL,79,0.46408,53,-0.4363,42,-0.6370,88,0.57950
ENSG00000122574,WIPF3,48,0.19205,51,0.49435,46,0.10070,2,-4.4383
ENSG00000136193,SCRN1,118,-0.3034,156,0.36222,143,0.04539,107,-0.4209
ENSG00000180354,MTURN,273,-0.6900,441,0.29932,165,-1.3884,720,1.02587
ENSG00000006625,GGCT,39,-0.1474,49,0.43886,42,-0.0132,23,-0.9422
ENSG00000106105,GARS,32,-1.2297,91,1.29096,52,-0.3545,33,-1.0350
ENSG00000078549,ADCYAP1R1,97,0.21038,82,-0.1791,19,-2.2871,157,1.01682
ENSG00000164600,NEUROD6,35,-1.1540,115,2.38464,2,-4.7065,13,-2.4781
ENSG00000154678,PDE1C,11,-1.1168,15,-0.8128,27,0.40229,59,1.88371
ENSG00000106355,LSM5,41,-0.2859,47,-0.0544,80,0.89249,32,-0.6185
ENSG00000105778,AVL9,34,-0.4695,60,1.08973,19,-1.3274,25,-0.8855
ENSG00000170852,KBTBD2,22,-0.3641,31,0.43204,12,-1.1893,35,0.42604
ENSG00000122642,FKBP9,41,0.32308,33,-0.1888,42,0.29341,25,-0.5411
ENSG00000122643,NT5C3A,15,-0.3196,26,1.15347,10,-0.9825,4,-2.1156
ENSG00000164610,RP9,19,0.05812,19,0.02021,11,-0.8494,25,0.47229
ENSG00000173852,DPY19L1,25,-0.5307,33,-0.1215,60,0.98576,31,-0.1644
ENSG00000122557,HERPUD2,15,-0.3476,17,-0.1079,36,1.23057,8,-1.1609
ENSG00000122545,SEPTIN7,374,-0.3821,529,0.43781,330,-0.5356,483,0.08169
ENSG00000011426,ANLN,3,-3.9700,22,-1.2920,9,-2.1553,202,3.75239
ENSG00000155849,ELMO1,128,-0.1145,176,0.85485,57,-1.3667,74,-0.9660
ENSG00000086289,EPDR1,72,-0.4769,128,1.12037,62,-0.6398,28,-1.8603
ENSG00000010270,STARD3NL,38,-0.4974,54,0.21646,69,0.52141,41,-0.3406
ENSG00000078053,AMPH,44,-0.8417,107,1.59520,36,-1.0587,15,-2.3273
ENSG00000006715,VPS41,43,-0.8743,105,1.52769,15,-2.3226,43,-0.7985
ENSG00000006451,RALA,33,-0.1639,47,0.92373,7,-2.4498,26,-0.5234
ENSG00000065883,CDK13,25,-0.1445,27,0.10404,24,-0.1747,29,0.16367
ENSG00000168303,MPLKIP,20,-0.7343,32,0.10680,43,0.57155,34,0.18189
ENSG00000106588,PSMA2,73,-0.0799,75,-0.0591,70,-0.1499,96,0.37632
ENSG00000106591,MRPL32,23,-0.5356,36,0.42621,32,0.03320,28,-0.1771
ENSG00000002746,HECW1,18,-0.0747,26,1.13948,10,-0.9115,0,-6.8824
ENSG00000106603,COA1,41,-0.0411,46,0.30801,40,-0.0414,26,-0.7115
ENSG00000106605,BLVRA,38,0.18184,30,-0.4066,49,0.54886,34,-0.0295
ENSG00000062582,MRPS24,112,-0.0742,122,0.14853,113,-0.0393,104,-0.1831
ENSG00000106608,URGCP,19,-1.0780,41,0.48238,51,0.65450,27,-0.4074
ENSG00000078967,UBE2D4,24,-0.5010,37,0.54824,24,-0.4073,30,-0.0911
ENSG00000136279,DBNL,60,-0.4311,96,0.77912,45,-0.8358,58,-0.4302
ENSG00000106624,AEBP1,8,-3.1609,3,-5.2687,53,-0.2206,407,5.09067
ENSG00000106628,POLD2,44,-0.6496,47,-0.7715,138,1.38060,93,0.66078
ENSG00000106636,YKT6,49,-0.2348,59,0.19712,68,0.33567,41,-0.4885
ENSG00000058404,CAMK2B,251,-0.8998,664,1.99727,119,-1.9422,42,-3.4510
ENSG00000015676,NUDCD3,101,-0.3212,165,1.12579,45,-1.5303,54,-1.2540
ENSG00000136271,DDX56,15,-0.9090,33,1.05686,5,-2.2323,28,0.24021
ENSG00000158604,TMED4,48,-0.3340,54,-0.1715,31,-0.9991,118,1.25190
ENSG00000105953,OGDH,58,-0.3366,71,0.06934,94,0.49239,62,-0.1824
ENSG00000122515,ZMIZ2,77,-0.1362,89,0.23853,92,0.18528,57,-0.5968
ENSG00000196262,PPIA,1026,-0.4696,1660,0.75155,1067,-0.3485,822,-0.7610
ENSG00000105968,H2AFV,98,-0.4460,150,0.58097,93,-0.4803,111,-0.1914
ENSG00000146676,PURB,41,-0.3233,58,0.55456,53,0.13931,22,-1.1944
ENSG00000232956,SNHG15,18,-0.3734,29,0.88446,10,-1.1508,15,-0.5976
ENSG00000136280,CCM2,92,-0.0495,106,0.35819,80,-0.2619,66,-0.5627
ENSG00000136274,NACAD,29,-0.8896,59,0.62325,26,-0.9906,67,0.56119
ENSG00000136270,TBRG4,16,-0.9377,35,0.92903,12,-1.1910,29,0.15517
ENSG00000164742,ADCY1,176,-0.4134,316,1.33646,123,-0.9297,24,-3.3602
ENSG00000146674,IGFBP3,2,-5.1731,39,-0.9020,272,3.40326,18,-1.7611
ENSG00000136205,TNS3,61,0.48594,39,-0.5572,17,-1.5671,89,1.07334
ENSG00000183696,UPP1,19,0.56352,16,0.37144,0,-4.8508,12,-0.3462
ENSG00000188730,VWC2,19,0.75610,15,0.59729,3,-1.9421,0,-6.2187
ENSG00000106070,GRB10,25,-0.0651,28,0.20766,25,-0.0807,21,-0.3083
ENSG00000106078,COBL,49,-0.5471,72,0.26833,31,-1.1951,110,0.88853
ENSG00000170419,VSTM2A,59,-0.1801,89,1.14025,33,-1.0678,10,-2.7377
ENSG00000132432,SEC61G,207,-0.2493,263,0.33118,270,0.22243,153,-0.6969
ENSG00000146648,EGFR,23,0.57003,16,-0.2178,15,-0.1815,13,-0.4483
ENSG00000132434,LANCL2,56,-0.5255,102,1.08897,44,-0.8374,34,-1.2216
ENSG00000154978,VOPP1,59,-1.0768,133,0.67354,147,0.51649,68,-0.7316
ENSG00000146729,NIPSNAP2,77,0.00478,77,0.02787,79,0.04827,71,-0.1247
ENSG00000239789,MRPS17,32,-0.0173,40,0.71774,7,-2.2755,26,-0.3352
ENSG00000146733,PSPH,18,0.13079,19,0.41976,1,-3.6366,20,0.29388
ENSG00000146731,CCT6A,57,-0.6628,103,0.75176,58,-0.5617,73,-0.2026
ENSG00000129103,SUMF2,23,-0.3276,35,0.74634,3,-3.3371,33,0.30116
ENSG00000106153,CHCHD2,562,-0.1344,629,0.12427,632,0.07775,553,-0.1434
ENSG00000185290,NUPR2,19,0.61026,16,0.40730,3,-2.1713,7,-1.1143
ENSG00000196715,VKORC1L1,36,-0.4708,65,1.12676,34,-0.5203,11,-2.2254
ENSG00000126522,ASL,10,-1.0938,16,-0.4950,40,1.20298,32,0.82875
ENSG00000241258,CRCP,18,-0.1469,25,0.78602,0,-5.1787,21,0.08703
ENSG00000169902,TPST1,14,-1.1311,26,-0.0909,56,1.27610,27,0.02133
ENSG00000154710,RABGEF1,20,-0.3919,32,0.79462,26,0.05213,6,-2.0168
ENSG00000272831,AC027644.3,20,-0.5510,23,-0.4610,13,-1.1927,74,1.81855
ENSG00000106609,TMEM248,64,-0.5794,95,0.23586,103,0.27230,91,0.06081
ENSG00000126524,SBDS,72,-0.6696,119,0.44108,71,-0.6070,137,0.46967
ENSG00000158321,AUTS2,33,-0.6616,64,1.02950,33,-0.5767,26,-0.9842
ENSG00000185274,GALNT17,79,-0.0576,104,0.80695,55,-0.6238,23,-1.9243
ENSG00000183166,CALN1,41,-0.0659,57,1.01633,18,-1.3213,12,-1.9682
ENSG00000196313,POM121,36,-0.0222,43,0.48894,22,-0.8100,27,-0.4679
ENSG00000130305,NSUN5,24,-0.2746,27,-0.1734,10,-1.5161,61,1.34611
ENSG00000009954,BAZ1B,36,-0.2565,41,-0.0711,71,0.91926,27,-0.6876
ENSG00000106635,BCL7B,36,-0.4460,55,0.59519,37,-0.3505,37,-0.3472
ENSG00000009950,MLXIPL,19,0.74446,15,0.31979,1,-3.4095,7,-0.8548
ENSG00000176428,VPS37D,15,-0.1127,20,0.79117,1,-3.2492,15,-0.1254
ENSG00000176410,DNAJC30,37,0.08699,44,0.75350,11,-1.7024,19,-0.9514
ENSG00000071462,BUD23,33,-0.5747,51,0.34120,46,0.00211,49,0.10419
ENSG00000106089,STX1A,123,-0.5273,238,1.40298,71,-1.3141,42,-2.1011
ENSG00000106683,LIMK1,76,0.13966,83,0.54110,56,-0.3805,22,-1.7834
ENSG00000106682,EIF4H,156,-0.4575,238,0.54555,157,-0.3877,181,-0.1680
ENSG00000106665,CLIP2,83,-0.3021,100,0.07273,109,0.17417,106,0.13706
ENSG00000263001,GTF2I,345,-0.1696,396,0.14597,365,-0.0529,377,0.00104
ENSG00000274070,CASTOR2,67,0.24816,61,0.10327,17,-1.9008,77,0.43266
ENSG00000274523,RCC1L,17,0.05625,15,-0.1562,18,0.15434,17,0.09635
ENSG00000272391,POM121C,30,-0.4177,49,0.83453,30,-0.3997,19,-1.1146
ENSG00000005486,RHBDD2,250,-1.1055,698,1.57326,278,-0.8233,159,-1.6797
ENSG00000127948,POR,30,-0.5859,45,0.18104,47,0.19071,49,0.26784
ENSG00000189077,TMEM120A,52,0.66599,28,-0.7524,47,0.36551,38,0.01500
ENSG00000127952,STYXL1,19,-0.1447,21,0.06284,14,-0.6331,29,0.55126
ENSG00000146701,MDH2,144,-0.2979,194,0.43633,172,0.03477,113,-0.6394
ENSG00000177679,SRRM3,27,0.09666,35,1.00845,9,-1.5864,5,-2.5476
ENSG00000106211,HSPB1,110,-1.3056,81,-2.2201,1053,3.20539,251,0.13920
ENSG00000170027,YWHAG,517,-0.4844,981,1.43950,254,-1.5227,159,-2.2277
ENSG00000127947,PTPN12,13,-1.1185,19,-0.7043,70,1.92858,26,0.11938
ENSG00000187257,RSBN1L,20,-0.0641,30,1.34201,6,-1.9824,1,-4.5084
ENSG00000135211,TMEM60,10,-0.8717,22,0.97997,2,-2.8196,21,0.44170
ENSG00000187391,MAGI2,36,-0.2318,48,0.44903,12,-1.8183,54,0.44483
ENSG00000234456,MAGI2-AS3,22,-0.3504,19,-0.7549,41,0.74242,48,1.04580
ENSG00000127955,GNAI1,28,-1.5055,92,1.02101,18,-2.0230,105,0.72562
ENSG00000075223,SEMA3C,1,-4.5699,57,2.89217,6,-2.4059,20,-0.7434
ENSG00000153956,CACNA2D1,42,-0.4366,74,1.15425,28,-1.0015,19,-1.5735
ENSG00000186472,PCLO,86,-0.8857,227,2.01466,37,-2.0822,14,-3.4486
ENSG00000198822,GRM3,115,0.26900,112,0.34428,16,-2.8041,107,0.11546
ENSG00000164659,KIAA1324L,7,-1.5277,19,0.45098,18,0.17085,24,0.62280
ENSG00000135164,DMTF1,17,-0.6645,29,0.56404,32,0.46199,12,-1.0318
ENSG00000182165,TP53TG1,31,-0.3437,35,-0.2215,35,-0.1283,65,0.93655
ENSG00000105784,RUNDC3B,15,-0.4480,29,1.49071,1,-3.5347,8,-1.3261
ENSG00000075303,SLC25A40,15,-0.4952,22,0.29256,30,0.69177,11,-0.9082
ENSG00000008277,ADAM22,25,-0.8069,62,1.71072,0,-6.2834,23,-0.8776
ENSG00000075142,SRI,224,0.27399,184,-0.1637,166,-0.2599,210,0.12130
ENSG00000157214,STEAP2,12,-0.5167,24,1.77241,1,-4.0893,3,-2.2500
ENSG00000157224,CLDN12,22,0.16903,27,0.86776,5,-2.0968,8,-1.4686
ENSG00000058091,CDK14,113,-0.0027,150,0.95639,63,-0.9303,18,-2.7561
ENSG00000127914,AKAP9,45,-0.5261,73,0.69180,53,-0.1947,39,-0.6500
ENSG00000001630,CYP51A1,79,-0.4319,110,0.30392,72,-0.5088,126,0.39524
ENSG00000001629,ANKIB1,31,-0.0641,25,-0.6242,31,-0.0394,62,1.16584
ENSG00000157259,GATAD1,14,-0.4622,20,0.32637,16,-0.2044,20,0.17110
ENSG00000127993,RBM48,10,-0.5032,16,0.61175,1,-3.7774,20,0.76041
ENSG00000234545,FAM133B,27,-0.1680,35,0.55766,29,-0.0487,13,-1.3123
ENSG00000004766,VPS50,18,-0.6373,30,0.48366,27,0.09621,22,-0.2385
ENSG00000127920,GNG11,18,-1.7409,16,-2.3403,225,3.14766,74,0.67493
ENSG00000127995,CASD1,59,-0.5007,105,1.02472,56,-0.5201,30,-1.4934
ENSG00000127990,SGCE,34,-0.2153,35,-0.2683,42,0.15020,58,0.68191
ENSG00000242265,PEG10,83,-0.5611,160,1.26560,74,-0.6838,25,-2.3210
ENSG00000158528,PPP1R9A,34,-1.0944,94,1.44044,50,-0.3970,18,-1.9212
ENSG00000105854,PON2,276,0.56487,140,-0.9828,144,-0.5998,414,1.20407
ENSG00000004799,PDK4,24,0.21204,12,-1.3501,1,-4.5402,75,2.42187
ENSG00000158560,DYNC1I1,76,-0.6187,166,1.80109,16,-2.8832,21,-2.4418
ENSG00000127922,SEM1,136,-0.2002,141,-0.1923,224,0.66830,149,-0.0215
ENSG00000231764,DLX6-AS1,35,0.90098,20,-0.3131,23,0.01484,8,-1.6246
ENSG00000006128,TAC1,19,-2.0819,72,0.26408,187,1.94560,13,-2.3962
ENSG00000164715,LMTK2,21,-0.5991,41,1.24060,17,-0.8199,10,-1.6994
ENSG00000205356,TECPR1,36,-0.3127,49,0.38942,53,0.36652,22,-1.0201
ENSG00000164713,BRI3,119,-0.2967,118,-0.4575,250,1.00363,160,0.21848
ENSG00000106236,NPTX2,26,-2.2768,180,2.94499,40,-1.4542,0,-7.1219
ENSG00000166448,TMEM130,126,-0.9003,314,1.62402,96,-1.2255,59,-1.9413
ENSG00000198742,SMURF1,14,-0.2015,23,1.57065,2,-3.0904,1,-3.7324
ENSG00000241685,ARPC1A,108,-0.0750,129,0.41906,84,-0.4727,85,-0.4584
ENSG00000130429,ARPC1B,21,-1.1604,17,-1.9054,178,3.05670,38,-0.1164
ENSG00000106244,PDAP1,73,-0.3047,97,0.34931,108,0.36640,49,-0.8866
ENSG00000106245,BUD31,80,0.03193,97,0.66118,17,-2.3676,67,-0.2645
ENSG00000160917,CPSF4,26,-0.1526,37,1.02129,1,-4.2103,20,-0.5005
ENSG00000241468,ATP5MF,456,-0.0922,530,0.31406,451,-0.0963,343,-0.5356
ENSG00000197343,ZNF655,27,-0.4436,38,0.28649,33,-0.0639,37,0.10822
ENSG00000106261,ZKSCAN1,34,-0.3473,40,-0.0362,31,-0.4444,67,0.84009
ENSG00000168090,COPS6,85,-0.1707,105,0.38168,51,-0.9371,101,0.14410
ENSG00000106290,TAF6,41,0.13266,50,0.85213,11,-1.9094,16,-1.3746
ENSG00000188186,LAMTOR4,203,-0.3108,230,-0.1162,245,0.03226,348,0.62812
ENSG00000146826,MAP11,29,0.66787,23,0.37806,6,-1.9094,8,-1.3809
ENSG00000239521,CASTOR3,50,0.07840,51,0.17357,34,-0.5530,47,-0.0548
ENSG00000146834,MEPCE,26,0.09179,26,0.17460,1,-4.6322,40,0.82472
ENSG00000160813,PPP1R35,15,-0.3328,17,-0.2161,19,0.07131,29,0.78561
ENSG00000166925,TSC22D4,335,-0.2600,274,-0.8503,195,-1.0747,1113,1.98961
ENSG00000166924,NYAP1,12,-0.3873,22,1.47124,0,-4.8886,7,-1.2359
ENSG00000106351,AGFG2,10,-1.2158,20,-0.1083,43,1.25490,23,0.17671
ENSG00000106330,MOSPD3,16,-0.2398,14,-0.7021,41,1.37132,19,0.05631
ENSG00000077080,ACTL6B,22,-0.7181,52,1.96413,3,-3.4101,5,-2.6494
ENSG00000172354,GNB2,140,-0.6608,230,0.40606,258,0.41001,156,-0.4205
ENSG00000146830,GIGYF1,16,0.27931,18,0.77022,0,-4.8151,8,-0.7853
ENSG00000172336,POP7,46,-0.1077,56,0.47927,34,-0.5489,36,-0.4872
ENSG00000087077,TRIP6,17,-0.7650,14,-1.3629,23,-0.2017,94,2.49208
ENSG00000087087,SRRT,17,-0.5981,27,0.36171,15,-0.6815,34,0.57433
ENSG00000087085,ACHE,16,-0.6319,27,0.39800,41,0.97099,6,-1.9492
ENSG00000106367,AP1S1,88,-0.8696,223,1.78533,28,-2.4883,52,-1.5745
ENSG00000128564,VGF,95,-0.7665,211,1.40752,111,-0.4271,16,-3.3432
ENSG00000106400,ZNHIT1,111,-0.4293,130,-0.2113,221,0.77682,159,0.20638
ENSG00000214253,FIS1,257,-0.2688,264,-0.3193,282,-0.0866,523,0.97992
ENSG00000128581,IFT22,47,-0.3203,66,0.53383,50,-0.1793,38,-0.6060
ENSG00000160963,COL26A1,23,0.48277,23,0.83969,0,-4.5454,5,-1.9948
ENSG00000233123,LINC01007,25,1.51225,13,0.03128,0,-4.6754,0,-6.4649
ENSG00000257923,CUX1,36,0.02191,31,-0.3298,38,0.13185,48,0.50659
ENSG00000128563,PRKRIP1,17,-0.4724,19,-0.3748,36,0.85736,29,0.47094
ENSG00000160991,ORAI2,39,-0.1656,57,1.00785,15,-1.5693,19,-1.2381
ENSG00000160993,ALKBH4,14,-0.4741,27,1.44645,0,-5.1821,10,-0.9026
ENSG00000005075,POLR2J,136,0.39593,96,-0.4105,127,0.21036,111,-0.0138
ENSG00000267368,UPK3BL1,86,-0.2581,109,0.30259,72,-0.5069,110,0.16967
ENSG00000170632,ARMC10,34,-0.5800,55,0.48515,28,-0.8143,61,0.40701
ENSG00000161048,NAPEPLD,21,-0.3786,34,0.86870,0,-5.2771,31,0.26049
ENSG00000105819,PMPCB,28,-0.7779,53,0.63021,50,0.22179,30,-0.5853
ENSG00000105821,DNAJC2,16,-0.2751,23,0.71901,18,0.01195,5,-1.9339
ENSG00000161057,PSMC2,34,-0.8224,62,0.39293,57,0.09673,61,0.20287
ENSG00000189056,RELN,99,1.13484,22,-2.1112,56,-0.0762,126,1.37307
ENSG00000164815,ORC5,14,0.25958,15,0.68566,0,-4.5920,9,-0.4912
ENSG00000005483,KMT2E,36,-0.4412,54,0.48622,54,0.24956,27,-0.8328
ENSG00000135250,SRPK2,109,-0.2417,166,1.02315,51,-1.3923,57,-1.2076
ENSG00000008282,SYPL1,24,-1.0109,20,-1.7170,88,1.27341,127,2.02807
ENSG00000105835,NAMPT,20,-0.7644,35,0.31336,39,0.35560,32,0.03056
ENSG00000005249,PRKAR2B,31,-1.2013,96,1.86105,21,-1.6479,22,-1.5783
ENSG00000172209,GPR22,14,-0.8839,33,1.33051,20,-0.2158,4,-2.6687
ENSG00000075790,BCAP29,54,-0.5824,80,0.25388,129,0.96855,32,-1.2799
ENSG00000233705,SLC26A4-AS1,126,0.93340,85,0.15342,39,-1.1601,15,-2.5151
ENSG00000091140,DLD,59,-0.1499,73,0.40200,50,-0.3979,52,-0.3314
ENSG00000091129,NRCAM,159,-0.3925,257,0.92667,95,-1.1361,127,-0.6930
ENSG00000135241,PNPLA8,59,0.37346,52,0.17557,20,-1.3604,45,-0.1322
ENSG00000177683,THAP5,24,-0.5478,38,0.47955,25,-0.4113,35,0.12737
ENSG00000128590,DNAJB9,25,-0.4727,37,0.45448,23,-0.5299,36,0.16657
ENSG00000173114,LRRN3,39,-0.1667,59,1.11839,22,-1.0520,7,-2.6713
ENSG00000128512,DOCK4,47,-0.4574,85,1.20966,7,-3.1458,44,-0.5194
ENSG00000006652,IFRD1,20,-0.9113,41,0.76318,24,-0.5010,34,0.04590
ENSG00000164603,BMT2,7,-1.5135,26,1.90725,10,-0.7237,3,-2.4016
ENSG00000164604,GPR85,6,-1.0768,19,2.24122,0,-4.5346,3,-2.1117
ENSG00000214194,SMIM30,34,0.03103,33,-0.0098,20,-0.8316,47,0.55366
ENSG00000198898,CAPZA2,126,-0.2377,168,0.51929,127,-0.1834,90,-0.7390
ENSG00000077063,CTTNBP2,8,-0.9245,15,0.49547,0,-4.2622,28,1.28487
ENSG00000128534,LSM8,27,-0.0807,24,-0.3663,55,1.16926,18,-0.7096
ENSG00000184408,KCND2,23,-0.0902,33,1.17485,0,-5.1547,12,-1.0507
ENSG00000196937,FAM3C,83,-0.7801,192,1.61836,50,-1.4679,34,-2.0198
ENSG00000106278,PTPRZ1,190,0.52008,122,-0.4891,42,-1.9337,264,1.01894
ENSG00000081803,CADPS2,11,-1.1553,23,0.25860,48,1.45686,7,-1.6533
ENSG00000128609,NDUFA5,261,-0.1424,357,0.79424,189,-0.6379,111,-1.4494
ENSG00000106299,WASL,82,-0.6931,172,1.30616,69,-0.8859,43,-1.5911
ENSG00000170775,GPR37,2,-4.0572,25,-0.7570,16,-1.2087,152,3.09934
ENSG00000004059,ARF5,74,-0.4411,102,0.24568,132,0.58430,63,-0.6395
ENSG00000197157,SND1,31,-0.8225,49,-0.0037,82,0.89818,52,0.08764
ENSG00000128594,LRRC4,34,0.20221,42,1.15593,0,-5.8799,7,-2.2000
ENSG00000106348,IMPDH1,19,-0.3465,28,0.68713,17,-0.4371,14,-0.7164
ENSG00000128595,CALU,35,-0.4464,48,0.24552,28,-0.7397,65,0.64124
ENSG00000128596,CCDC136,66,0.27930,65,0.37283,49,-0.2680,19,-1.7158
ENSG00000128524,ATP6V1F,218,-0.2779,296,0.48533,261,0.05014,146,-0.8766
ENSG00000064419,TNPO3,15,0.10057,17,0.53995,6,-1.1679,9,-0.6313
ENSG00000158467,AHCYL2,31,0.08683,29,-0.0027,6,-2.4516,50,0.92681
ENSG00000240204,SMKR1,14,0.16192,18,1.19892,0,-4.6399,2,-2.4141
ENSG00000186591,UBE2H,54,0.02592,55,0.11950,19,-1.6094,77,0.63136
ENSG00000128607,KLHDC10,32,-0.2936,54,1.34382,15,-1.4193,5,-2.9527
ENSG00000106477,CEP41,8,-1.2299,19,0.39490,27,0.77643,15,-0.1946
ENSG00000106484,MEST,21,-0.2994,34,1.04736,17,-0.5824,5,-2.4283
ENSG00000286214,AUXG01000058.1,132,-0.3466,226,1.30517,82,-1.0388,19,-3.1922
ENSG00000231721,LINC-PINT,14,-0.2301,17,0.19503,16,0.06618,14,-0.1387
ENSG00000128585,MKLN1,29,-0.6685,43,0.09190,53,0.38931,52,0.33969
ENSG00000128567,PODXL,21,-0.7829,18,-1.4393,130,2.69154,23,-0.5593
ENSG00000221866,PLXNA4,7,-1.0916,24,2.59539,0,-4.7649,0,-6.5747
ENSG00000106554,CHCHD3,14,-0.4404,22,0.74107,1,-3.5399,24,0.46806
ENSG00000131558,EXOC4,26,-0.8687,56,0.99602,31,-0.4894,29,-0.5800
ENSG00000205060,SLC35B4,26,-0.4395,43,0.81971,22,-0.6199,21,-0.7296
ENSG00000085662,AKR1B1,81,-0.4496,117,0.39152,100,-0.0590,96,-0.1255
ENSG00000172331,BPGM,20,0.04617,20,0.16329,22,0.21734,11,-0.8538
ENSG00000122786,CALD1,24,-1.6391,17,-2.6362,347,3.87107,45,-0.5596
ENSG00000122783,CYREN,19,0.02186,9,-1.6080,33,0.97067,43,1.45481
ENSG00000080802,CNOT4,21,-0.2495,26,0.14705,40,0.80818,11,-1.2826
ENSG00000243317,STMP1,47,-0.2729,35,-1.0468,139,1.69597,62,0.20293
ENSG00000105887,MTPN,171,-0.7144,363,1.33767,149,-0.8455,83,-1.7404
ENSG00000105894,PTN,433,0.22077,198,-1.5340,402,0.06338,1032,1.80954
ENSG00000157680,DGKI,14,-1.0822,39,1.45731,25,-0.0858,2,-3.5201
ENSG00000122779,TRIM24,18,-0.3286,23,0.32034,11,-0.9545,28,0.48166
ENSG00000122778,KIAA1549,12,-0.0624,18,1.38647,0,-4.6171,2,-2.2627
ENSG00000164898,FMC1,46,-0.0147,43,-0.2457,50,0.10494,60,0.42813
ENSG00000146963,LUC7L2,40,-0.2690,49,0.19780,45,-0.0378,47,0.02537
ENSG00000236279,CLEC2L,23,-0.0498,28,0.51786,23,-0.0536,8,-1.5458
ENSG00000064393,HIPK2,76,-0.6535,83,-0.7173,58,-1.0126,335,2.10610
ENSG00000157800,SLC37A3,12,-0.1720,17,0.77463,15,0.16103,0,-5.6348
ENSG00000133606,MKRN1,46,-0.6613,79,0.57248,85,0.41057,36,-0.9598
ENSG00000146966,DENND2A,12,-0.5004,23,1.33682,1,-3.8362,11,-0.6581
ENSG00000133597,ADCK2,19,-0.6122,34,0.77425,18,-0.6333,22,-0.2748
ENSG00000090266,NDUFB2,548,0.12846,500,-0.0719,526,0.04131,481,-0.1052
ENSG00000157764,BRAF,16,-0.9468,40,1.56442,0,-5.3730,22,-0.3337
ENSG00000090263,MRPS33,70,0.09874,69,0.09963,54,-0.3204,62,-0.1081
ENSG00000261115,TMEM178B,43,0.39294,45,0.76413,14,-1.3821,4,-3.3102
ENSG00000006530,AGK,25,0.04255,32,0.98334,13,-0.9513,2,-3.6135
ENSG00000257093,DENND11,23,-0.5907,45,1.17898,1,-4.8994,31,-0.0620
ENSG00000106028,SSBP1,82,-0.0639,94,0.34330,92,0.14863,42,-1.1045
ENSG00000270672,MTRNR2L6,25,1.31522,10,-0.7964,11,-0.3277,8,-0.7354
ENSG00000106123,EPHB6,27,-0.7397,67,2.14481,3,-3.5551,2,-4.5604
ENSG00000197448,GSTK1,25,-0.5662,23,-0.9468,55,0.83290,73,1.38575
ENSG00000159784,FAM131B,32,-0.8673,73,1.20641,25,-1.1423,36,-0.5831
ENSG00000159840,ZYX,24,-0.9776,35,-0.4146,91,1.40262,50,0.33233
ENSG00000198420,TCAF1,78,-0.3875,133,1.18542,56,-0.8402,21,-2.2865
ENSG00000174469,CNTNAP2,61,-0.1224,84,0.81812,61,-0.1094,5,-3.7443
ENSG00000055130,CUL1,26,-1.0923,64,0.99107,35,-0.5085,42,-0.2348
ENSG00000155660,PDIA4,23,-0.5079,34,0.34397,31,0.07356,29,-0.0658
ENSG00000181220,ZNF746,11,-0.8492,20,0.18806,14,-0.4794,33,0.96771
ENSG00000171130,ATP6V0E2,317,-0.3361,465,0.66101,258,-0.6198,283,-0.4704
ENSG00000106538,RARRES2,23,-2.2196,90,0.04255,31,-1.6152,270,2.10896
ENSG00000214022,REPIN1,33,-0.4675,36,-0.4031,30,-0.5338,97,1.48296
ENSG00000284691,AC073111.4,9,-0.8764,22,1.62557,0,-4.7649,10,-0.6050
ENSG00000106565,TMEM176B,29,0.10988,18,-0.9579,24,-0.2103,63,1.48533
ENSG00000002933,TMEM176A,26,0.21672,14,-1.1986,23,-0.0663,57,1.56614
ENSG00000055118,KCNH2,25,0.33270,27,0.84294,0,-5.2018,10,-1.2034
ENSG00000197150,ABCB8,32,-0.1405,37,0.22373,23,-0.6410,40,0.24985
ENSG00000164885,CDK5,81,-0.3039,128,1.04299,52,-0.9365,34,-1.6106
ENSG00000164896,FASTK,58,0.04580,66,0.44033,19,-1.6944,58,0.01326
ENSG00000164897,TMUB1,36,0.04520,36,0.11965,31,-0.1857,31,-0.1830
ENSG00000133612,AGAP3,199,-0.2569,288,0.77080,196,-0.2458,80,-1.6379
ENSG00000033050,ABCF2,37,-0.1451,54,1.00218,19,-1.1763,13,-1.7065
ENSG00000033100,CHPF2,8,-1.5992,24,0.23796,55,1.65690,8,-1.4659
ENSG00000082014,SMARCD3,118,-0.1363,143,0.38125,135,0.10039,70,-0.9513
ENSG00000013374,NUB1,25,-0.2018,29,0.11783,41,0.63598,16,-0.8544
ENSG00000106615,RHEB,193,-0.0116,221,0.41388,141,-0.5096,138,-0.5466
ENSG00000106617,PRKAG2,28,-0.9588,73,1.59943,3,-4.0587,36,-0.4743
ENSG00000239911,PRKAG2-AS1,43,-0.5608,93,1.85429,4,-3.8692,10,-2.6239
ENSG00000178234,GALNT11,36,-0.6761,78,1.42880,33,-0.7595,8,-2.7766
ENSG00000055609,KMT2C,25,-0.5841,32,-0.2611,50,0.60508,52,0.66549
ENSG00000261455,LINC01003,12,-0.3887,18,0.56439,3,-2.1522,21,0.51316
ENSG00000133627,ACTR3B,38,-1.3910,140,2.34327,30,-1.5962,4,-4.3948
ENSG00000130226,DPP6,120,-0.2433,186,1.07003,49,-1.5896,63,-1.2249
ENSG00000186480,INSIG1,27,-1.1582,52,0.00790,56,0.11581,99,1.10167
ENSG00000184863,RBM33,15,-0.6474,31,1.19579,1,-4.1576,21,-0.0604
ENSG00000105983,LMBR1,27,-0.8167,50,0.52707,61,0.60567,24,-0.8811
ENSG00000009335,UBE3C,37,0.05714,45,0.69987,6,-2.6131,29,-0.3509
ENSG00000105993,DNAJB6,168,-0.4560,295,1.12605,82,-1.5072,122,-0.9053
ENSG00000155093,PTPRN2,171,-0.1001,238,0.94520,80,-1.2752,70,-1.4749
ENSG00000117868,ESYT2,41,-0.2955,65,0.97224,13,-2.0527,35,-0.5173
ENSG00000126870,WDR60,27,-0.1465,27,-0.2209,39,0.46213,34,0.21626
ENSG00000147364,FBXO25,23,-0.2149,25,-0.1054,17,-0.6989,46,0.93275
ENSG00000180190,TDRP,16,0.15120,12,-0.6147,26,0.94048,14,-0.0725
ENSG00000104714,ERICH1,11,-0.4327,17,0.60591,10,-0.4646,12,-0.2892
ENSG00000198010,DLGAP2,19,-0.3012,34,1.66070,0,-5.4572,4,-2.5306
ENSG00000253982,AC100810.1,55,-0.2688,42,-0.9904,119,1.08784,110,0.94383
ENSG00000176595,KBTBD11,73,-0.1013,98,0.80187,8,-3.3242,70,-0.1595
ENSG00000183117,CSMD1,7,-1.4086,28,1.84804,12,-0.5175,2,-3.2200
ENSG00000155189,AGPAT5,58,0.32542,50,0.06001,36,-0.5001,41,-0.3113
ENSG00000275342,PRAG1,12,-0.3687,22,1.52204,3,-2.1502,2,-2.6734
ENSG00000173273,TNKS,30,-0.4066,42,0.34900,12,-1.7574,60,0.79241
ENSG00000253230,LINC00599,36,-0.4845,65,1.09436,44,-0.1158,3,-3.8108
ENSG00000175806,MSRA,40,0.40788,36,0.27333,12,-1.5279,26,-0.3796
ENSG00000104643,MTMR9,23,-0.9112,57,1.46028,19,-1.1160,16,-1.3188
ENSG00000154319,FAM167A,21,-0.1993,14,-1.1826,15,-0.6724,72,2.14339
ENSG00000154328,NEIL2,50,0.36599,46,0.32467,28,-0.6598,20,-1.1481
ENSG00000079459,FDFT1,71,-0.5832,90,-0.2280,145,0.66439,136,0.54837
ENSG00000164733,CTSB,246,-0.3075,316,0.25372,344,0.28512,222,-0.4330
ENSG00000283674,AC068587.4,31,0.90760,21,0.15951,0,-5.2052,13,-0.6433
ENSG00000154359,LONRF1,21,-0.5341,34,0.62401,31,0.18094,15,-0.9916
ENSG00000250305,TRMT9B,16,-0.3509,28,1.30575,9,-1.2597,3,-2.5078
ENSG00000164741,DLC1,21,-0.9576,43,0.49375,69,1.11220,9,-2.0738
ENSG00000104723,TUSC3,48,-1.1474,130,1.24132,82,-0.1995,41,-1.2727
ENSG00000155970,MICU3,41,-0.2227,72,1.74788,0,-6.4279,2,-4.6664
ENSG00000104219,ZDHHC2,28,-0.2489,19,-1.2336,90,1.85378,37,0.21284
ENSG00000198791,CNOT7,52,-0.2877,81,0.98682,36,-0.8239,22,-1.5604
ENSG00000155975,VPS37A,15,-0.4520,16,-0.5025,42,1.31734,20,0.03590
ENSG00000003987,MTMR7,20,-0.1646,31,1.27612,2,-3.2210,8,-1.5047
ENSG00000129422,MTUS1,23,-1.0176,17,-1.8837,87,1.31725,128,2.11880
ENSG00000078674,PCM1,44,-0.6801,66,0.09166,81,0.38419,80,0.35809
ENSG00000104763,ASAH1,100,-0.4486,127,-0.0204,146,0.22138,169,0.46257
ENSG00000156011,PSD3,96,-1.2247,306,1.89657,107,-0.9476,27,-2.9674
ENSG00000147408,CSGALNACT1,23,-0.5902,39,0.60221,32,-0.0023,24,-0.5123
ENSG00000104613,INTS10,22,-0.8364,37,0.11946,65,1.05405,26,-0.4743
ENSG00000147416,ATP6V1B2,149,-0.6702,327,1.64235,67,-1.8251,53,-2.1746
ENSG00000061337,LZTS1,31,-1.2184,101,2.10702,26,-1.3320,4,-3.9119
ENSG00000168546,GFRA2,18,-0.1134,22,0.39875,29,0.65678,1,-3.5598
ENSG00000130227,XPO7,29,-0.1578,44,1.26826,2,-3.9638,13,-1.3165
ENSG00000158806,NPM2,46,0.18590,49,0.49336,19,-1.2097,27,-0.6730
ENSG00000158856,DMTN,237,-0.3218,383,1.09290,183,-0.6923,61,-2.3410
ENSG00000158863,FAM160B2,15,-0.5428,24,0.68188,4,-2.3496,27,0.52511
ENSG00000168481,LGI3,46,-0.5697,64,0.04024,46,-0.5238,112,0.97508
ENSG00000168490,PHYHIP,279,-0.7934,666,1.74497,156,-1.5900,80,-2.5895
ENSG00000120896,SORBS3,23,-0.6241,12,-2.1502,89,1.78647,83,1.64088
ENSG00000120913,PDLIM2,30,-0.3124,19,-1.4387,58,0.84716,90,1.68297
ENSG00000158941,CCAR2,37,-0.2244,54,0.89960,7,-2.5613,34,-0.3093
ENSG00000179388,EGR3,35,-0.8173,85,1.77780,26,-1.1867,3,-4.2100
ENSG00000008853,RHOBTB2,47,0.23889,45,0.19992,49,0.26944,12,-1.9271
ENSG00000147457,CHMP7,22,-0.7035,42,0.78620,31,-0.1077,21,-0.7147
ENSG00000104679,R3HCC1,34,0.26775,31,0.09848,1,-4.2606,45,0.70754
ENSG00000197217,ENTPD4,23,-0.4144,33,0.42543,32,0.21886,19,-0.6361
ENSG00000147454,SLC25A37,23,-0.9946,15,-2.0248,167,2.91534,45,0.19707
ENSG00000272163,AF106564.1,9,-0.7348,23,2.22600,0,-4.8044,0,-5.0999
ENSG00000104722,NEFM,239,0.56629,212,0.49626,83,-1.2157,38,-2.3954
ENSG00000277586,NEFL,602,0.21370,685,0.79365,308,-0.8948,67,-3.1629
ENSG00000221914,PPP2R2A,38,-0.1740,46,0.33630,38,-0.1485,33,-0.3665
ENSG00000104765,BNIP3L,134,-0.2594,164,0.17112,185,0.30032,127,-0.3156
ENSG00000240694,PNMA2,181,-0.6820,393,1.54414,129,-1.1274,46,-2.6705
ENSG00000092964,DPYSL2,620,-0.3516,848,0.38769,388,-1.0439,966,0.42897
ENSG00000015592,STMN4,117,-0.7490,233,0.92763,54,-1.8575,200,0.20208
ENSG00000120899,PTK2B,96,-0.5421,196,1.66559,36,-1.9728,18,-2.9394
ENSG00000120885,CLU,2896,-0.2844,2049,-1.1938,2282,-0.6271,10682,2.20006
ENSG00000168077,SCARA3,52,0.05975,25,-1.6005,69,0.55168,129,1.72675
ENSG00000147419,CCDC25,49,0.04284,51,0.21992,50,0.09039,28,-0.8309
ENSG00000134014,ELP3,20,-0.3266,31,1.00724,3,-3.1372,20,-0.2650
ENSG00000168081,PNOC,14,-0.1138,17,0.57074,17,0.29724,2,-3.0003
ENSG00000104290,FZD3,39,-0.7223,92,1.91604,12,-2.3524,6,-3.3117
ENSG00000012232,EXTL3,45,-0.3354,70,0.85806,23,-1.3070,40,-0.4959
ENSG00000133872,SARAF,459,-0.4889,745,0.72754,441,-0.4905,441,-0.4902
ENSG00000104660,LEPROTL1,16,-1.0773,30,-0.0369,43,0.58841,47,0.74503
ENSG00000104671,DCTN6,74,0.03240,67,-0.2153,99,0.52771,65,-0.1763
ENSG00000104687,GSR,35,-0.3468,58,1.11121,11,-2.0236,25,-0.8209
ENSG00000104695,PPP2CB,272,-0.0572,317,0.38474,171,-0.7909,257,-0.1391
ENSG00000133878,DUSP26,43,-0.5816,76,0.82121,59,0.00623,25,-1.3294
ENSG00000156687,UNC5D,23,0.54540,22,0.72818,5,-1.7231,1,-4.2052
ENSG00000183779,ZNF703,37,0.80031,25,0.02648,15,-0.8222,10,-1.3413
ENSG00000147475,ERLIN2,22,-0.2501,20,-0.5927,19,-0.4456,57,1.49760
ENSG00000147471,PLPBP,29,-0.1806,41,0.75813,2,-4.1403,35,0.14328
ENSG00000129691,ASH2L,17,-1.1220,38,0.41497,48,0.62971,30,-0.1402
ENSG00000175324,LSM1,34,0.01322,37,0.24570,34,0.03459,21,-0.7527
ENSG00000156735,BAG4,58,-0.7360,122,1.16766,86,-0.0391,13,-2.8666
ENSG00000085788,DDHD2,40,-0.7593,83,1.10538,35,-0.8493,38,-0.7297
ENSG00000147548,NSD3,43,-0.8389,91,0.98815,66,-0.0652,31,-1.2158
ENSG00000077782,FGFR1,31,-0.0721,26,-0.4997,44,0.54249,44,0.54796
ENSG00000147526,TACC1,98,-0.6782,174,0.65018,119,-0.2827,127,-0.1838
ENSG00000169499,PLEKHA2,23,-1.1394,59,0.99761,55,0.34749,17,-1.4878
ENSG00000169490,TM2D2,26,-0.2213,39,0.99956,9,-1.7508,16,-0.9171
ENSG00000168615,ADAM9,11,-1.1344,19,-0.2338,42,1.23065,26,0.38838
ENSG00000147533,GOLGA7,56,-0.5686,70,-0.2590,21,-1.9879,202,1.76274
ENSG00000158669,GPAT4,32,-0.1814,38,0.24105,39,0.14852,27,-0.4536
ENSG00000083168,KAT6A,20,-0.2901,17,-0.8010,40,0.86724,41,0.93398
ENSG00000070718,AP3M2,59,-0.4471,101,1.00345,58,-0.4302,24,-1.7596
ENSG00000070501,POLB,14,-0.4931,20,0.18249,34,1.01311,8,-1.3479
ENSG00000078668,VDAC3,89,-0.6520,169,0.97312,107,-0.2822,58,-1.2311
ENSG00000168575,SLC20A2,30,-0.7582,36,-0.6269,39,-0.2434,122,1.81596
ENSG00000176209,SMIM19,36,-0.2654,38,-0.1883,82,1.20984,22,-0.9896
ENSG00000120925,RNF170,23,-0.1645,29,0.41908,8,-1.7090,32,0.38029
ENSG00000168172,HOOK3,41,0.20029,32,-0.4001,58,0.74523,29,-0.3823
ENSG00000168522,FNTA,28,-0.8760,44,-0.1513,29,-0.7510,110,1.54529
ENSG00000165102,HGSNAT,17,-0.3225,25,0.49597,27,0.40023,7,-1.5730
ENSG00000164808,SPIDR,17,-0.3683,30,1.27704,2,-3.3545,12,-0.8569
ENSG00000221869,CEBPD,21,-1.8265,38,-1.1355,237,2.72408,56,-0.1264
ENSG00000253729,PRKDC,34,-0.4671,55,0.71200,34,-0.3865,30,-0.5974
ENSG00000104738,MCM4,10,-0.6754,17,0.49902,12,-0.3541,16,0.20255
ENSG00000169139,UBE2V2,130,-0.4181,215,0.96511,108,-0.6517,72,-1.2756
ENSG00000168300,PCMTD1,22,0.04177,24,0.34075,6,-1.8435,26,0.27607
ENSG00000023287,RB1CC1,68,-0.3134,103,0.85706,49,-0.7645,42,-1.0008
ENSG00000047249,ATP6V1H,130,-0.4405,234,1.28515,82,-1.1078,41,-2.1306
ENSG00000147509,RGS20,36,0.36652,31,0.12351,10,-1.6044,32,0.10478
ENSG00000187735,TCEA1,50,-0.2917,44,-0.7627,131,1.41203,66,0.18493
ENSG00000120992,LYPLA1,20,-0.1593,23,0.14222,16,-0.4569,26,0.31885
ENSG00000137547,MRPL15,40,-0.0885,50,0.56299,28,-0.6074,26,-0.7306
ENSG00000206579,XKR4,11,-1.6114,44,1.74373,22,-0.4065,7,-2.0082
ENSG00000167904,TMEM68,12,-0.7875,26,0.92380,18,-0.1198,10,-0.9894
ENSG00000008988,RPS20,410,-0.2297,358,-0.6704,860,1.07862,597,0.42587
ENSG00000170791,CHCHD7,33,0.26104,32,0.24950,13,-1.1987,26,-0.1674
ENSG00000104331,IMPAD1,48,-0.6565,97,1.24332,22,-1.7398,45,-0.6891
ENSG00000169122,FAM110B,21,-1.6022,86,1.97020,31,-0.8837,14,-2.0867
ENSG00000215114,UBXN2B,31,-0.1866,47,1.13735,16,-1.1580,7,-2.4301
ENSG00000137575,SDCBP,123,-0.2227,148,0.18976,209,0.69749,63,-1.2439
ENSG00000178538,CA8,25,0.74363,13,-0.7575,18,0.10863,19,0.14805
ENSG00000104388,RAB2A,155,-0.5258,275,0.99767,125,-0.7995,115,-0.9277
ENSG00000177182,CLVS1,11,-0.9069,29,1.97326,0,-5.1670,7,-1.4999
ENSG00000198363,ASPH,132,0.36450,117,0.17764,74,-0.6253,74,-0.6355
ENSG00000274956,NKAIN3-IT1,50,0.30897,47,0.29914,8,-2.5043,45,0.08428
ENSG00000137563,GGH,18,-0.1121,24,0.69735,0,-5.2257,22,0.21162
ENSG00000185728,YTHDF3,30,-1.0429,59,0.31611,82,0.72274,49,-0.1309
ENSG00000254377,MIR124-2HG,11,-0.5879,24,2.10211,0,-4.8753,0,-5.7993
ENSG00000180828,BHLHE22,8,-1.0968,27,2.57163,0,-4.9223,0,-4.9918
ENSG00000172817,CYP7B1,14,-0.4747,16,-0.3690,0,-5.1793,55,2.01606
ENSG00000104442,ARMC1,20,-1.0601,48,0.97434,8,-2.2110,50,0.51504
ENSG00000147571,CRH,32,0.89375,22,0.17266,7,-1.5813,7,-1.7009
ENSG00000169085,VXN,69,-0.9681,167,1.24966,47,-1.4467,95,-0.3519
ENSG00000175073,VCPIP1,19,-0.7377,39,1.06955,9,-1.7039,26,-0.1493
ENSG00000104205,SGK3,13,-0.4799,16,-0.0123,29,0.94564,12,-0.4705
ENSG00000245910,SNHG6,444,0.17173,323,-0.5996,490,0.31234,582,0.60805
ENSG00000121022,COPS5,44,0.02811,52,0.61092,20,-1.2008,29,-0.6487
ENSG00000066777,ARFGEF1,15,-0.5805,25,0.44344,22,0.05469,19,-0.1756
ENSG00000046889,PREX2,63,0.63037,40,-0.3969,32,-0.5919,53,0.20538
ENSG00000140396,NCOA2,16,-0.7506,32,0.86031,22,-0.2084,16,-0.7202
ENSG00000067167,TRAM1,20,-1.1076,29,-0.6764,88,1.47429,61,0.78026
ENSG00000147601,TERF1,29,-0.3580,29,-0.4725,73,1.26761,33,-0.0829
ENSG00000147604,RPL7,503,-0.1503,453,-0.4867,829,0.71902,706,0.43850
ENSG00000040341,STAU2,74,-0.1127,97,0.65633,73,-0.1358,23,-1.8745
ENSG00000104343,UBE2W,35,-0.6185,71,1.41411,10,-2.4526,27,-0.9458
ENSG00000154582,ELOC,135,-0.0389,157,0.42075,80,-0.8635,121,-0.2114
ENSG00000175606,TMEM70,32,-0.9077,79,1.55740,15,-1.8746,27,-1.0334
ENSG00000104381,GDAP1,40,-0.5357,78,1.34940,28,-1.0026,12,-2.2921
ENSG00000164751,PEX2,25,0.28420,20,-0.2209,8,-1.4520,35,0.80626
ENSG00000171033,PKIA,105,-0.3792,178,1.14951,65,-1.0768,44,-1.6587
ENSG00000104427,ZC2HC1A,21,-0.0791,29,0.95982,2,-3.4360,15,-0.5902
ENSG00000104435,STMN2,518,-0.1631,736,0.90499,442,-0.3984,94,-2.7395
ENSG00000164683,HEY1,29,-0.1755,31,-0.0785,49,0.72942,24,-0.4575
ENSG00000147586,MRPS28,53,-0.0877,50,-0.2921,70,0.39062,68,0.34889
ENSG00000076554,TPD52,62,-0.6136,112,0.84049,77,-0.1892,47,-0.9669
ENSG00000164684,ZNF704,16,-0.9173,29,0.28471,8,-1.7750,56,1.30387
ENSG00000164687,FABP5,107,-0.7692,92,-1.3406,402,1.63369,322,1.19304
ENSG00000147588,PMP2,219,0.20956,134,-0.9598,179,-0.1602,425,1.36437
ENSG00000133731,IMPA1,11,-2.1490,59,1.39123,47,0.23138,20,-1.0998
ENSG00000104231,ZFAND1,20,-0.8067,35,0.27620,48,0.69859,26,-0.2992
ENSG00000184672,RALYL,29,-0.7065,69,1.95139,2,-4.5504,10,-2.2190
ENSG00000176731,RBIS,83,-0.3504,89,-0.3052,174,0.95932,102,0.03997
ENSG00000104267,CA2,40,-0.7206,35,-1.2614,11,-2.5470,247,2.88558
ENSG00000123124,WWP1,26,-0.0031,32,0.60499,11,-1.3755,20,-0.4463
ENSG00000176623,RMDN1,23,0.75138,13,-0.3928,14,-0.2107,12,-0.3894
ENSG00000085719,CPNE3,32,-0.2888,36,-0.0700,45,0.30848,44,0.27591
ENSG00000156103,MMP16,5,-2.2568,32,1.69710,20,-0.0812,8,-1.3943
ENSG00000164823,OSGIN2,17,-0.9852,22,-0.7134,49,0.84921,65,1.38980
ENSG00000104320,NBN,16,-0.5154,25,0.47518,19,-0.1535,20,-0.1298
ENSG00000104325,DECR1,50,0.46191,37,-0.1903,32,-0.3772,38,-0.0781
ENSG00000104327,CALB1,20,-0.6453,44,1.70987,13,-1.2368,0,-6.7839
ENSG00000123119,NECAB1,186,-0.0245,238,0.77860,46,-2.1689,136,-0.5190
ENSG00000155099,PIP4P2,29,-0.6553,48,0.41965,52,0.36943,32,-0.4061
ENSG00000253738,OTUD6B-AS1,66,0.06986,71,0.30756,53,-0.2975,43,-0.6473
ENSG00000155100,OTUD6B,19,0.37728,15,-0.1134,5,-1.6981,22,0.57358
ENSG00000079102,RUNX1T1,12,-1.3981,31,0.46821,62,1.47383,5,-2.5873
ENSG00000205133,TRIQK,23,-0.2520,31,0.50653,21,-0.3177,19,-0.5025
ENSG00000188343,FAM92A,30,-0.0599,42,1.09698,12,-1.4663,6,-2.3576
ENSG00000164951,PDP1,46,-1.1286,138,1.84941,44,-1.0903,15,-2.6624
ENSG00000164944,VIRMA,9,-0.5990,17,0.81505,0,-4.1117,18,0.55863
ENSG00000156162,DPY19L4,12,-0.6643,14,-0.7131,28,0.73751,37,1.26048
ENSG00000156170,NDUFAF6,12,-0.6541,22,0.75397,0,-5.1269,28,0.74686
ENSG00000156467,UQCRB,1039,0.10203,897,-0.2584,1279,0.43928,937,-0.0821
ENSG00000156471,PTDSS1,24,-1.3160,57,0.26938,107,1.28349,32,-0.7687
ENSG00000169439,SDC2,60,0.57864,35,-0.6128,38,-0.2500,59,0.46831
ENSG00000104324,CPQ,13,-1.1295,15,-1.2940,30,0.28432,89,2.40030
ENSG00000180543,TSPYL5,28,-0.3787,50,1.37856,5,-2.9239,15,-1.2887
ENSG00000147649,MTDH,73,-0.2547,96,0.42860,62,-0.4721,77,-0.1432
ENSG00000104341,LAPTM4B,51,-0.4038,52,-0.5087,71,0.19889,124,1.18476
ENSG00000156482,RPL30,955,-0.3329,766,-0.9835,2202,1.15335,1952,0.92810
ENSG00000132541,RIDA,146,0.67114,93,-0.3278,67,-0.7130,109,0.06056
ENSG00000104361,NIPAL2,4,-1.6981,21,2.06967,6,-1.2160,4,-1.7296
ENSG00000253948,VPS13B-DT,73,0.97992,35,-0.6820,27,-0.8340,53,0.24965
ENSG00000164919,COX6C,1254,0.32087,1155,0.24147,852,-0.3645,549,-1.0531
ENSG00000147669,POLR2K,102,-0.1193,118,0.25659,114,0.07545,78,-0.5304
ENSG00000034677,RNF19A,16,-1.0642,28,-0.0653,37,0.42463,50,0.92131
ENSG00000186106,ANKRD46,35,-0.7489,75,1.22945,17,-1.7845,40,-0.4676
ENSG00000070756,PABPC1,159,-0.8824,187,-0.8350,712,1.86282,303,0.25600
ENSG00000164924,YWHAZ,684,-0.5873,1354,1.35235,484,-1.0569,268,-1.9522
ENSG00000261087,AP003469.4,18,0.24526,15,-0.1343,13,-0.2707,17,0.11747
ENSG00000120963,ZNF706,64,-0.8574,117,0.39724,120,0.25930,107,0.06726
ENSG00000104490,NCALD,91,-1.7007,392,1.97918,192,-0.4001,22,-3.6014
ENSG00000048392,RRM2B,33,0.30005,32,0.34904,11,-1.4392,22,-0.3821
ENSG00000104517,UBR5,23,-0.5273,32,0.04585,43,0.55071,33,0.07970
ENSG00000155090,KLF10,6,-2.0420,35,2.62400,3,-2.8327,7,-1.5989
ENSG00000155096,AZIN1,125,-0.3957,197,0.80445,93,-0.8171,108,-0.5850
ENSG00000155097,ATP6V1C1,96,-0.7454,193,0.97408,145,0.00071,54,-1.5526
ENSG00000164929,BAALC,390,0.53971,276,-0.2234,232,-0.4112,276,-0.1332
ENSG00000164933,SLC25A32,12,-0.5128,24,1.33786,3,-2.2928,9,-1.0209
ENSG00000176406,RIMS2,53,0.62798,44,0.36834,13,-1.6996,17,-1.3123
ENSG00000147650,LRP12,12,-1.1528,36,1.74731,8,-1.6063,10,-1.3147
ENSG00000254615,AC027031.2,17,0.75769,12,0.14775,9,-0.4488,1,-2.8657
ENSG00000164830,OXR1,95,-0.3512,155,1.03558,90,-0.4053,21,-2.5791
ENSG00000147655,RSPO2,10,-0.5872,17,0.54695,18,0.36836,8,-0.9455
ENSG00000104408,EIF3E,71,-0.5154,81,-0.4128,192,1.25387,97,0.03713
ENSG00000104412,EMC2,45,-0.2711,41,-0.5926,35,-0.6112,125,1.58031
ENSG00000120533,ENY2,61,-0.4749,87,0.33097,106,0.50240,51,-0.6937
ENSG00000147654,EBAG9,20,-0.2452,24,0.10855,23,-0.0246,26,0.17101
ENSG00000147642,SYBU,54,-0.9182,131,1.36648,67,-0.4980,27,-1.8683
ENSG00000164794,KCNV1,34,-0.0428,50,1.27122,10,-1.9251,3,-3.5299
ENSG00000104447,TRPS1,26,1.29563,7,-1.5095,11,-0.4378,22,0.75859
ENSG00000147677,EIF3H,222,0.86181,120,-0.5308,184,0.37719,67,-1.2352
ENSG00000164754,RAD21,89,-0.2469,109,0.21273,51,-1.0783,146,0.62506
ENSG00000177570,SAMD12,35,-0.5717,67,1.13068,37,-0.4111,13,-2.0510
ENSG00000147676,MAL2,50,-0.8164,123,1.82889,16,-2.3966,21,-2.0173
ENSG00000136999,CCN3,9,-1.7765,29,0.45665,53,1.32622,14,-0.9440
ENSG00000136960,ENPP2,6,-3.7861,27,-1.9938,10,-2.8521,418,4.44142
ENSG00000172172,MRPL13,37,0.12354,35,0.03634,28,-0.3336,35,0.00638
ENSG00000136986,DERL1,25,-0.8461,49,0.68357,27,-0.5900,45,0.19577
ENSG00000165156,ZHX1,32,-0.1722,37,0.17346,34,-0.0539,34,-0.0573
ENSG00000156804,FBXO32,11,-0.8005,15,-0.2108,15,-0.1687,36,1.32133
ENSG00000176853,FAM91A1,18,-0.2730,23,0.18204,23,0.09983,20,-0.0738
ENSG00000164983,TMEM65,33,-0.6595,68,1.34604,10,-2.2894,30,-0.7226
ENSG00000170881,RNF139,16,-0.5962,29,1.02279,0,-5.2476,25,0.25248
ENSG00000147687,TATDN1,22,-0.0471,27,0.54679,1,-4.2786,28,0.36221
ENSG00000147684,NDUFB9,510,0.44425,408,-0.0055,311,-0.4416,306,-0.4653
ENSG00000170873,MTSS1,28,-0.0928,23,-0.6859,32,0.10316,59,1.18766
ENSG00000104549,SQLE,14,-1.6103,45,0.66769,4,-3.3189,81,1.39994
ENSG00000164961,WASHC5,17,-0.1749,22,0.51651,1,-3.9182,26,0.56148
ENSG00000173334,TRIB1,26,1.23321,12,-0.4452,8,-0.8746,7,-1.0410
ENSG00000153310,FAM49B,49,-0.5467,83,0.73716,62,-0.1168,39,-0.8642
ENSG00000153317,ASAP1,48,-0.4819,78,0.74524,77,0.36147,12,-2.4256
ENSG00000155897,ADCY8,22,1.07473,10,-0.7955,0,-4.7177,23,0.95242
ENSG00000132294,EFR3A,79,-0.6747,152,0.98113,109,-0.0757,40,-1.6295
ENSG00000184156,KCNQ3,70,0.23064,84,1.05562,4,-3.8714,16,-2.0210
ENSG00000129292,PHF20L1,25,-0.8397,44,0.31147,49,0.33247,44,0.14935
ENSG00000104419,NDRG1,39,-1.5666,81,-0.4812,68,-0.5860,309,2.18977
ENSG00000131773,KHDRBS3,68,-0.3103,119,1.50119,6,-3.8683,25,-1.7969
ENSG00000167632,TRAPPC9,34,0.04038,38,0.39827,29,-0.2215,18,-0.9926
ENSG00000282164,PEG13,14,0.17326,18,1.20781,0,-4.6862,2,-2.5745
ENSG00000123908,AGO2,14,-0.7209,29,1.13862,13,-0.7073,10,-1.0711
ENSG00000169398,PTK2,44,-0.7427,74,0.34687,47,-0.5523,98,0.67094
ENSG00000022567,SLC45A4,15,-0.3353,19,0.07899,22,0.26857,19,0.07136
ENSG00000184489,PTP4A3,14,-0.8418,17,-0.7806,69,2.05944,19,-0.3302
ENSG00000181790,ADGRB1,76,-0.1736,100,0.60241,74,-0.1951,38,-1.2130
ENSG00000198576,ARC,20,-0.2527,30,0.96342,16,-0.4856,5,-2.3204
ENSG00000130193,THEM6,14,-0.2676,17,0.24092,9,-0.8415,21,0.49577
ENSG00000180155,LYNX1,117,-0.1665,158,0.68982,107,-0.2819,49,-1.4849
ENSG00000160932,LY6E,145,-0.9457,315,0.83546,291,0.28616,124,-1.0809
ENSG00000176956,LY6H,346,-1.0350,967,1.82779,251,-1.4165,144,-2.2538
ENSG00000250571,GLI4,21,0.14842,20,0.09222,15,-0.4014,18,-0.1135
ENSG00000158106,RHPN1,41,-0.2940,57,0.52091,29,-0.8237,47,-0.0364
ENSG00000104529,EEF1D,104,-0.8974,98,-1.3180,440,1.71717,333,1.16298
ENSG00000104524,PYCR3,19,0.20972,18,0.18218,19,0.22401,6,-1.5265
ENSG00000104522,TSTA3,22,-0.1404,25,0.06974,40,0.86050,9,-1.4476
ENSG00000183309,ZNF623,9,-1.0101,21,0.91861,17,0.12642,8,-0.9449
ENSG00000180900,SCRIB,19,-0.7039,28,-0.0307,19,-0.6664,58,1.24444
ENSG00000179950,PUF60,77,-0.3190,95,0.09950,55,-0.8250,145,0.78269
ENSG00000185189,NRBP2,39,-0.5337,48,-0.1869,4,-3.6493,139,1.81120
ENSG00000178209,PLEC,105,-0.5350,98,-0.9033,257,1.04819,266,1.11691
ENSG00000178719,GRINA,216,-0.4806,289,0.08767,403,0.61640,252,-0.1749
ENSG00000178896,EXOSC4,16,-0.5252,26,0.57935,13,-0.8391,24,0.17557
ENSG00000197858,GPAA1,71,-0.5779,94,-0.1160,114,0.24993,151,0.73733
ENSG00000179091,CYC1,119,-0.1020,131,0.13648,66,-1.0116,174,0.55250
ENSG00000179526,SHARPIN,35,0.17777,25,-0.6780,50,0.73083,39,0.30403
ENSG00000179632,MAF1,37,-0.6918,43,-0.6250,107,1.16264,85,0.74602
ENSG00000179832,MROH1,52,0.11956,56,0.41561,51,0.04797,13,-2.0240
ENSG00000261236,BOP1,23,-0.6882,42,0.71273,35,0.06479,21,-0.7650
ENSG00000185122,HSF1,31,-0.1951,35,0.11457,33,-0.0333,36,0.09213
ENSG00000185000,DGAT1,26,-0.1848,33,0.49440,17,-0.8471,26,-0.1389
ENSG00000261678,SCRT1,36,0.38142,29,0.02119,24,-0.3261,21,-0.5081
ENSG00000185803,SLC52A2,16,0.21748,18,0.75447,0,-4.8202,10,-0.5694
ENSG00000071894,CPSF1,13,-0.7271,25,0.70455,21,0.08264,13,-0.6915
ENSG00000160948,VPS28,93,-0.4585,125,0.16166,120,0.02168,143,0.30644
ENSG00000187954,CYHR1,69,-0.5311,94,0.05828,80,-0.2278,144,0.75029
ENSG00000167702,KIFC2,108,-0.0601,130,0.48222,121,0.13503,35,-1.8024
ENSG00000160972,PPP1R16A,62,0.65050,32,-0.8277,34,-0.4404,72,0.81525
ENSG00000167700,MFSD3,33,0.11805,31,0.00240,24,-0.4210,34,0.15850
ENSG00000160959,LRRC14,17,-0.8532,35,0.87441,4,-2.6458,38,0.56897
ENSG00000254402,LRRC24,30,0.06192,30,0.08177,28,-0.0425,24,-0.2705
ENSG00000213563,C8orf82,22,0.03092,21,-0.1339,0,-5.4208,47,1.34180
ENSG00000147799,ARHGAP39,21,0.18779,21,0.29416,15,-0.3444,11,-0.8619
ENSG00000161016,RPL8,729,-0.1418,589,-0.7353,1401,1.00547,1067,0.51806
ENSG00000170619,COMMD5,21,-0.2408,28,0.42977,22,-0.1604,18,-0.4832
ENSG00000182307,C8orf33,47,-0.0479,45,-0.1468,62,0.44792,45,-0.0874
ENSG00000181404,WASHC1,65,-0.1670,69,-0.0662,53,-0.4589,107,0.70040
ENSG00000107104,KANK1,21,0.30440,10,-1.3968,0,-5.1246,62,2.39535
ENSG00000080503,SMARCA2,118,0.02253,136,0.47726,106,-0.1534,48,-1.4020
ENSG00000147852,VLDLR,12,-0.9457,28,1.06144,12,-0.8964,17,-0.2820
ENSG00000080298,RFX3,20,-0.1688,28,0.75453,4,-2.4806,21,-0.0878
ENSG00000106688,SLC1A1,22,-0.5122,39,0.93042,20,-0.5713,16,-0.9925
ENSG00000106993,CDC37L1,29,-0.4718,42,0.36643,53,0.56234,20,-0.9497
ENSG00000147853,AK3,40,0.21455,33,-0.1596,17,-1.1716,54,0.70701
ENSG00000183354,KIAA2026,26,-0.7785,39,-0.1208,80,1.18777,36,-0.1696
ENSG00000137040,RANBP6,20,-0.5162,41,1.66526,0,-5.6005,10,-1.5101
ENSG00000137033,IL33,20,0.26774,12,-0.9976,14,-0.3201,39,1.42507
ENSG00000137038,DMAC1,104,-0.2485,125,0.14232,90,-0.4552,154,0.43516
ENSG00000153707,PTPRD,49,-0.9086,90,0.29334,57,-0.5718,138,0.90347
ENSG00000107186,MPDZ,26,-0.7634,41,0.08797,47,0.29952,54,0.53097
ENSG00000147862,NFIB,70,-0.5717,116,0.61025,80,-0.2829,82,-0.2455
ENSG00000175893,ZDHHC21,26,-0.7266,59,1.62763,4,-3.2718,19,-1.1054
ENSG00000155158,TTC39B,10,-0.6779,21,1.31271,12,-0.3068,1,-3.6748
ENSG00000164975,SNAPC3,19,-0.3503,29,0.80196,4,-2.3974,24,0.07537
ENSG00000164985,PSIP1,108,-0.4241,169,0.71924,95,-0.5742,99,-0.5070
ENSG00000107295,SH3GL2,74,-1.3298,252,1.97896,61,-1.4884,46,-1.9018
ENSG00000155876,RRAGA,63,-1.0206,136,0.62854,106,-0.0876,119,0.10472
ENSG00000137154,RPS6,621,-0.5571,604,-0.8339,1666,1.20542,1399,0.87952
ENSG00000155886,SLC24A2,67,-0.6136,125,0.95769,13,-2.9916,108,0.22833
ENSG00000171843,MLLT3,20,0.14516,25,0.95172,3,-2.8212,7,-1.3908
ENSG00000188352,FOCAD,19,-0.7727,44,1.46051,15,-1.0473,9,-1.8305
ENSG00000198642,KLHL9,22,-0.3867,29,0.15580,28,0.05729,31,0.19400
ENSG00000107105,ELAVL2,90,0.25770,105,0.96882,20,-2.0863,13,-2.7605
ENSG00000198680,TUSC1,11,-1.1923,30,0.96507,7,-1.6605,30,0.50131
ENSG00000137055,PLAA,19,-0.0453,23,0.45978,20,0.02531,8,-1.4433
ENSG00000147894,C9orf72,13,-0.5785,24,1.12825,0,-5.1154,18,0.03006
ENSG00000122729,ACO1,16,-0.2144,17,-0.0820,20,0.24832,20,0.25869
ENSG00000235453,SMIM27,47,0.22706,44,0.12295,17,-1.3530,49,0.24856
ENSG00000165264,NDUFB6,148,-0.3263,206,0.48817,155,-0.2157,136,-0.4170
ENSG00000137074,APTX,17,-0.2497,20,0.17762,14,-0.4979,24,0.39818
ENSG00000086061,DNAJA1,145,-0.8351,299,0.87098,227,-0.0273,135,-0.8567
ENSG00000122692,SMU1,29,-0.5715,45,0.33547,42,0.08866,41,0.02682
ENSG00000107262,BAG1,102,0.04177,97,-0.0630,81,-0.3393,123,0.34962
ENSG00000086065,CHMP5,77,-0.5612,120,0.43271,110,0.08987,91,-0.2189
ENSG00000086102,NFX1,22,0.33556,22,0.62775,7,-1.3654,6,-1.6242
ENSG00000165271,NOL6,12,-0.6400,18,0.14075,31,1.03484,10,-0.8594
ENSG00000010438,PRSS3,32,0.70856,28,0.67046,5,-2.1024,0,-7.1084
ENSG00000107341,UBE2R2,35,-0.9586,75,0.66848,72,0.28329,45,-0.5010
ENSG00000137073,UBAP2,35,0.27768,24,-0.5983,39,0.44412,36,0.32411
ENSG00000165006,UBAP1,37,-0.0927,41,0.14481,45,0.23364,29,-0.4788
ENSG00000164978,NUDT2,27,0.17472,27,0.35784,14,-0.8208,17,-0.5287
ENSG00000164976,MYORG,61,1.19055,27,-0.6246,8,-2.2682,41,0.25576
ENSG00000164972,C9orf24,47,0.47058,27,-0.7757,78,1.29374,16,-1.2694
ENSG00000164970,FAM219A,42,-0.4329,65,0.63945,39,-0.4976,43,-0.3455
ENSG00000168913,ENHO,761,0.71470,475,-0.3376,264,-1.1273,617,0.22700
ENSG00000122756,CNTFR,70,0.83598,39,-0.4592,32,-0.5875,45,-0.0801
ENSG00000164967,RPP25L,25,-0.0354,21,-0.5686,53,1.25721,20,-0.4062
ENSG00000137100,DCTN3,124,-0.1532,168,0.72806,58,-1.3141,98,-0.5042
ENSG00000147955,SIGMAR1,19,-1.0680,35,0.04926,66,1.10710,33,-0.0812
ENSG00000213930,GALT,14,-0.6502,17,-0.4048,35,0.96258,28,0.58776
ENSG00000187186,AL162231.1,103,0.31521,99,0.37169,41,-1.1804,58,-0.6489
ENSG00000122733,PHF24,93,-0.3816,149,0.87998,98,-0.2459,37,-1.7468
ENSG00000137094,DNAJB5,17,-0.4359,31,1.28134,4,-2.3085,11,-1.0209
ENSG00000165280,VCP,88,-0.4524,136,0.62524,68,-0.7929,109,-0.0498
ENSG00000165283,STOML2,61,-0.2891,79,0.33785,87,0.34209,42,-0.8365
ENSG00000005238,FAM214B,27,0.17405,32,0.77410,2,-3.5637,17,-0.6441
ENSG00000198722,UNC13B,20,-0.2088,30,1.13764,0,-5.4274,15,-0.6149
ENSG00000198853,RUSC2,61,-0.3198,86,0.52777,67,-0.1187,48,-0.6677
ENSG00000107140,TESK1,43,0.13889,43,0.24302,23,-0.8570,37,-0.1169
ENSG00000159884,CCDC107,27,-0.4614,28,-0.5133,62,1.02200,46,0.50191
ENSG00000198467,TPM2,10,-3.3329,5,-4.7365,561,5.44142,45,-0.9119
ENSG00000137076,TLN1,21,-0.8176,16,-1.6527,103,2.06767,62,1.02391
ENSG00000107175,CREB3,51,-0.1842,67,0.57730,17,-1.8085,61,0.13089
ENSG00000070610,GBA2,51,-0.0938,62,0.49025,39,-0.5023,37,-0.5979
ENSG00000107185,RGP1,15,0.20685,15,0.52496,0,-4.6928,13,0.02220
ENSG00000137133,HINT2,58,0.02383,51,-0.2755,60,0.07283,75,0.45614
ENSG00000137103,TMEM8B,67,0.26986,59,0.04899,44,-0.4325,51,-0.2220
ENSG00000122705,CLTA,138,-0.4880,213,0.52573,132,-0.4941,181,0.01034
ENSG00000137075,RNF38,23,-0.9527,50,0.81229,37,-0.1059,31,-0.3827
ENSG00000281649,EBLN3P,33,0.00899,43,0.84116,19,-0.8802,9,-1.9761
ENSG00000137106,GRHPR,65,-0.3132,73,-0.1357,57,-0.4830,135,0.97509
ENSG00000175768,TOMM5,110,0.19385,113,0.38011,52,-1.0260,74,-0.4796
ENSG00000122741,DCAF10,11,-0.5566,20,0.99445,8,-0.8955,9,-0.7535
ENSG00000154529,CNTNAP3B,20,0.55220,20,0.88898,0,-4.8951,2,-2.9985
ENSG00000234665,LERFS,21,-0.6943,33,0.23491,50,0.85169,20,-0.6468
ENSG00000107242,PIP5K1B,21,-0.1496,27,0.53769,25,0.15879,7,-1.8047
ENSG00000187866,FAM122A,10,-1.1020,24,0.75535,21,0.16580,15,-0.3708
ENSG00000119139,TJP2,9,-2.9254,8,-3.4675,104,1.16313,273,3.59182
ENSG00000107282,APBA1,51,-0.1450,63,0.44079,75,0.52311,9,-2.6504
ENSG00000188647,PTAR1,39,0.83112,22,-0.4816,9,-1.5942,35,0.47068
ENSG00000119138,KLF9,31,-0.8822,68,0.99203,53,0.07444,20,-1.4205
ENSG00000083067,TRPM3,6,-2.3074,25,0.11487,50,1.27093,31,0.42205
ENSG00000107362,ABHD17B,10,-1.2987,25,0.50871,3,-2.9749,48,1.41299
ENSG00000119125,GDA,66,-1.2490,222,2.21177,28,-2.4248,30,-2.2767
ENSG00000107372,ZFAND5,157,-0.5653,295,1.14830,109,-1.0704,108,-1.0785
ENSG00000165092,ALDH1A1,34,-0.3689,38,-0.2841,7,-2.6652,109,1.73236
ENSG00000198963,RORB,32,0.88572,22,0.21457,0,-5.2476,13,-0.7560
ENSG00000156017,CARNMT1,12,-0.3980,14,-0.0198,23,0.77434,12,-0.2813
ENSG00000106733,NMRK1,20,-0.6250,27,-0.1020,42,0.68993,34,0.33478
ENSG00000134996,OSTF1,9,-1.7955,27,0.20510,57,1.42614,20,-0.3705
ENSG00000135002,RFK,64,-0.6633,114,0.68702,131,0.57815,24,-2.0439
ENSG00000106772,PRUNE2,34,-0.8863,72,0.89918,36,-0.6758,50,-0.1484
ENSG00000197969,VPS13A,18,-0.5951,41,1.96117,0,-5.6397,4,-2.7554
ENSG00000156052,GNAQ,116,-0.6065,216,1.00667,92,-0.9027,106,-0.6827
ENSG00000135069,PSAT1,132,0.47755,70,-0.9645,2,-5.4496,284,1.85636
ENSG00000106829,TLE4,7,-3.2453,89,2.07076,8,-2.9546,62,0.19104
ENSG00000196781,TLE1,63,0.72987,43,-0.0374,22,-1.0963,31,-0.5690
ENSG00000148057,IDNK,22,5.44041,18,-0.4259,42,1.14738,14,-0.6605
ENSG00000135018,UBQLN1,72,-0.6212,134,0.93146,69,-0.6111,65,-0.7095
ENSG00000165119,HNRNPK,246,-0.4568,371,0.51070,204,-0.7018,344,0.14334
ENSG00000148053,NTRK2,712,0.46825,469,-0.4896,476,-0.2777,736,0.44729
ENSG00000135049,AGTPBP1,25,-0.6385,39,0.18404,52,0.61237,33,-0.1718
ENSG00000135052,GOLM1,70,-0.4712,101,0.31893,41,-1.2289,141,0.74965
ENSG00000135070,ISCA1,66,-0.6570,114,0.59524,95,0.01606,74,-0.4020
ENSG00000196730,DAPK1,24,-0.3142,34,0.50381,3,-3.1217,43,0.67778
ENSG00000135047,CTSL,29,-0.9338,53,0.18473,48,-0.0687,80,0.80365
ENSG00000156345,CDK20,12,-0.7056,21,0.38224,32,0.91416,7,-1.3710
ENSG00000106723,SPIN1,99,-0.2772,151,0.95996,61,-1.0062,52,-1.2299
ENSG00000148082,SHC3,129,0.56859,110,0.38443,39,-1.4393,41,-1.3543
ENSG00000187742,SECISBP2,17,-0.4180,23,0.20636,20,-0.1040,25,0.27420
ENSG00000187764,SEMA4D,13,-2.0668,39,-0.3877,17,-1.5168,164,2.49185
ENSG00000165023,DIRAS2,52,-2.1860,345,3.12166,31,-2.7949,22,-3.2663
ENSG00000148090,AUH,18,-0.3343,24,0.26364,27,0.34904,16,-0.5061
ENSG00000090054,SPTLC1,31,-0.5582,42,0.00954,38,-0.1374,66,0.79659
ENSG00000196305,IARS,28,-0.4689,53,1.44014,10,-1.8743,10,-1.8666
ENSG00000185963,BICD2,19,-0.6248,29,0.18523,28,0.02846,36,0.44727
ENSG00000165233,CARD19,23,-0.2149,21,-0.4381,32,0.36988,40,0.77459
ENSG00000131669,NINJ1,44,-0.1786,30,-1.1108,54,0.20988,121,1.68139
ENSG00000165238,WNK2,54,-0.3966,88,0.92022,23,-1.6605,54,-0.3553
ENSG00000188938,FAM120AOS,24,-0.7877,40,0.17936,68,1.01269,25,-0.6511
ENSG00000048828,FAM120A,37,-0.7126,65,0.51129,66,0.28147,42,-0.4386
ENSG00000197724,PHF2,15,-0.0547,15,-0.1261,8,-1.0379,27,0.92898
ENSG00000148110,MFSD14B,24,-0.3728,29,-0.0131,21,-0.5218,49,0.87025
ENSG00000185920,PTCH1,17,-0.0422,21,0.65661,4,-2.0559,15,-0.2033
ENSG00000182150,ERCC6L2,15,-0.4319,26,1.05211,9,-1.0759,9,-1.0686
ENSG00000130956,HABP4,136,-0.0581,167,0.55365,101,-0.5202,81,-0.8781
ENSG00000081377,CDC14B,16,-0.2779,15,-0.6414,25,0.46898,35,1.05296
ENSG00000196312,MFSD14C,22,0.13048,29,1.19741,5,-2.0291,0,-5.8368
ENSG00000136842,TMOD1,20,-0.4085,36,1.24428,5,-2.4565,14,-0.9081
ENSG00000136937,NCBP1,16,-0.3315,21,0.39249,1,-3.8414,33,0.92284
ENSG00000136936,XPA,27,0.10200,28,0.33877,10,-1.4295,26,0.03542
ENSG00000136938,ANP32B,38,-1.2100,40,-1.4684,217,1.93876,156,1.25870
ENSG00000095380,NANS,21,0.18706,20,0.15780,23,0.31766,7,-1.5520
ENSG00000136928,GABBR2,135,-0.3874,246,1.50128,56,-1.6962,21,-3.1596
ENSG00000119523,ALG2,10,-0.6135,16,0.33358,13,-0.2092,18,0.34499
ENSG00000106803,SEC61B,99,-0.4169,108,-0.3704,216,0.96523,145,0.25886
ENSG00000023318,ERP44,10,-1.5300,19,-0.6228,75,2.15534,22,-0.1522
ENSG00000241697,TMEFF1,58,-0.4067,103,1.26330,36,-1.1202,18,-2.1352
ENSG00000148123,PLPPR1,14,-1.3346,40,0.94489,3,-3.2222,51,0.89643
ENSG00000136897,MRPL50,17,-0.5389,28,0.60450,1,-4.1668,38,0.82754
ENSG00000136870,ZNF189,7,-1.2826,21,1.02911,4,-1.8281,21,0.51655
ENSG00000165152,TMEM246,47,-0.8978,104,0.98800,96,0.34995,18,-2.2374
ENSG00000155827,RNF20,23,-0.2650,33,0.69302,15,-0.9004,20,-0.4627
ENSG00000198785,GRIN3A,11,-0.4509,22,1.88246,0,-4.7812,1,-3.5397
ENSG00000136783,NIPSNAP3A,19,-0.4118,28,0.44062,3,-3.0816,40,0.87214
ENSG00000070214,SLC44A1,29,-1.8126,60,-0.8268,3,-4.9171,369,3.08587
ENSG00000106701,FSD1L,14,-1.0967,37,1.26445,19,-0.5169,14,-0.9625
ENSG00000148143,ZNF462,9,-0.7754,19,0.89482,0,-4.8657,22,0.63780
ENSG00000119318,RAD23B,65,-0.5177,114,0.95914,45,-1.0402,59,-0.6051
ENSG00000070061,ELP1,18,-0.8472,36,0.68986,18,-0.7679,35,0.29309
ENSG00000106771,TMEM245,51,-0.4783,75,0.37469,82,0.34412,47,-0.5507
ENSG00000260230,FRRS1L,89,-0.4942,174,1.54370,35,-1.8682,24,-2.3985
ENSG00000095203,EPB41L4B,32,-0.3022,57,1.53749,11,-1.9088,2,-4.3887
ENSG00000070159,PTPN3,23,0.36014,25,0.84431,6,-1.7804,2,-2.9495
ENSG00000157654,PALM2-AKAP2,45,-0.4585,71,0.70583,47,-0.3424,38,-0.6472
ENSG00000136810,TXN,241,-0.0768,286,0.40701,214,-0.2534,166,-0.6626
ENSG00000198121,LPAR1,17,-1.6689,27,-1.2639,5,-3.3946,224,3.37869
ENSG00000136813,ECPAS,42,-0.9431,88,0.64417,89,0.35554,51,-0.5678
ENSG00000173258,ZNF483,141,-0.3062,232,1.20204,77,-1.2032,42,-2.1013
ENSG00000106853,PTGR1,10,-0.8573,17,0.05759,32,1.07425,14,-0.3091
ENSG00000242616,GNG10,87,-0.1170,109,0.49831,70,-0.4530,63,-0.6225
ENSG00000148154,UGCG,25,-0.1925,39,1.18756,10,-1.6113,7,-1.9946
ENSG00000119314,PTBP3,11,-0.9014,17,-0.0714,49,1.84864,3,-2.7190
ENSG00000119471,HSDL2,44,0.45747,26,-0.6999,54,0.75126,31,-0.1925
ENSG00000148153,INIP,16,-0.6713,27,0.41404,15,-0.7568,34,0.59723
ENSG00000148158,SNX30,13,-0.9451,25,0.44169,15,-0.5805,34,0.70869
ENSG00000176386,CDC26,25,-0.3470,28,-0.1636,38,0.41293,39,0.42454
ENSG00000148218,ALAD,22,-0.9373,39,0.09204,26,-0.5947,75,1.21759
ENSG00000148229,POLE3,30,0.17732,31,0.36856,4,-2.7814,31,0.21671
ENSG00000136888,ATP6V1G1,136,-0.0645,152,0.23382,107,-0.4396,138,-0.0322
ENSG00000157693,TMEM268,26,-0.5927,57,1.82648,6,-2.5895,4,-3.1588
ENSG00000148219,ASTN2,18,-1.1920,40,0.26486,33,-0.1716,62,0.93345
ENSG00000136869,TLR4,18,-0.3625,12,-1.3651,40,1.08246,49,1.46053
ENSG00000078725,BRINP1,67,0.07471,80,0.66045,37,-0.8667,28,-1.2947
ENSG00000136861,CDK5RAP2,23,0.67281,15,-0.2601,16,-0.0596,10,-0.7675
ENSG00000106780,MEGF9,41,-0.3801,49,-0.0674,48,-0.0920,77,0.71161
ENSG00000119402,FBXW2,30,-0.0778,36,0.43048,33,0.08153,14,-1.3060
ENSG00000095261,PSMD5,9,-1.1810,24,1.09369,21,0.31323,5,-1.7720
ENSG00000119396,RAB14,77,-0.4614,113,0.38937,64,-0.6897,125,0.37900
ENSG00000148180,GSN,124,-1.1433,94,-2.0021,481,1.24676,790,2.31763
ENSG00000148175,STOM,71,-0.5369,57,-1.2359,222,1.51705,172,1.02254
ENSG00000136848,DAB2IP,50,0.37317,46,0.32147,34,-0.3170,13,-1.7738
ENSG00000119421,NDUFA8,151,-0.0109,189,0.71628,79,-1.0302,78,-1.0530
ENSG00000106852,LHX6,12,-0.9759,23,0.14454,55,1.66950,3,-2.9943
ENSG00000119446,RBM18,26,-0.4504,43,0.85751,16,-1.0992,26,-0.4109
ENSG00000056586,RC3H2,36,-0.3383,63,1.43378,11,-2.0691,9,-2.2786
ENSG00000011454,RABGAP1,45,-0.4407,76,0.95974,28,-1.1194,37,-0.7023
ENSG00000165209,STRBP,40,-0.2373,55,0.58280,63,0.52472,3,-3.9068
ENSG00000119522,DENND1A,32,0.12899,32,0.12417,41,0.51913,10,-1.7251
ENSG00000106689,LHX2,121,1.05118,62,-0.4484,61,-0.3089,38,-1.0354
ENSG00000236668,AC006450.3,23,1.20533,12,-0.1790,0,-4.6650,9,-0.5164
ENSG00000119408,NEK6,33,1.00724,18,-0.3940,6,-1.9242,21,0.06969
ENSG00000136930,PSMB7,132,-0.2865,187,0.64017,85,-0.9288,130,-0.2624
ENSG00000136942,RPL35,952,-0.1188,862,-0.4349,1306,0.42708,1449,0.60796
ENSG00000136950,ARPC5L,84,-0.4684,143,0.97111,71,-0.6602,52,-1.1431
ENSG00000173611,SCAI,29,-0.1486,43,1.04036,19,-0.7725,4,-2.8994
ENSG00000119414,PPP6C,40,-0.5749,62,0.35622,57,0.06586,55,0.00860
ENSG00000136933,RABEPK,17,-0.8810,32,0.35082,48,0.89657,17,-0.7928
ENSG00000044574,HSPA5,82,-0.9033,136,-0.0086,189,0.55914,192,0.58387
ENSG00000165219,GAPVD1,18,0.00794,25,1.10517,3,-2.5838,6,-1.6678
ENSG00000119487,MAPKAP1,38,-0.0809,42,0.16180,44,0.19432,29,-0.4977
ENSG00000196814,MVB12B,20,-0.7313,31,0.09445,1,-4.5148,76,1.65450
ENSG00000169155,ZBTB43,15,-0.2729,22,0.71954,18,0.02655,5,-1.9957
ENSG00000136828,RALGPS1,20,-0.4186,35,1.07137,17,-0.6229,7,-1.8566
ENSG00000136895,GARNL3,17,-0.8377,43,1.95854,1,-4.6396,9,-1.7133
ENSG00000136856,SLC2A8,13,-1.0652,30,0.64263,16,-0.6863,34,0.53509
ENSG00000197958,RPL12,704,-0.2598,532,-1.0241,1969,1.61605,957,0.28285
ENSG00000148356,LRSAM1,17,-0.6703,34,1.00339,18,-0.5209,14,-0.9448
ENSG00000136854,STXBP1,256,-0.9254,644,1.57872,235,-0.9606,113,-2.0600
ENSG00000187024,PTRH1,15,-0.3384,19,0.19810,25,0.54779,12,-0.6331
ENSG00000095370,SH2D3C,14,0.18478,15,0.49363,10,-0.3966,4,-1.6823
ENSG00000136807,CDK9,30,-0.0680,40,0.94772,9,-1.8117,15,-1.1351
ENSG00000136877,FPGS,8,-1.2690,15,-0.1958,14,-0.2401,41,1.61556
ENSG00000106991,ENG,23,-1.1995,12,-2.7227,252,3.91726,21,-1.2057
ENSG00000106992,AK1,115,-0.5346,156,0.03474,128,-0.2939,250,0.83025
ENSG00000160408,ST6GALNAC6,149,-0.3006,191,0.26531,230,0.46126,107,-0.7799
ENSG00000136908,DPM2,45,-0.0090,41,-0.2544,61,0.51020,46,0.01448
ENSG00000167106,FAM102A,51,0.11463,47,-0.0753,5,-3.4130,91,1.10159
ENSG00000148339,SLC25A25,23,-0.4445,35,0.48600,36,0.30751,16,-0.9335
ENSG00000148334,PTGES2,88,-0.1956,117,0.57974,82,-0.2759,54,-0.9269
ENSG00000171159,C9orf16,646,0.13115,728,0.59949,422,-0.5785,207,-1.6742
ENSG00000148337,CIZ1,30,-0.2463,44,0.78597,9,-2.1067,32,-0.1280
ENSG00000106976,DNM1,427,-0.6839,914,1.47184,339,-0.9661,124,-2.4772
ENSG00000167110,GOLGA2,36,-0.2824,45,0.25199,48,0.24431,32,-0.4177
ENSG00000175854,SWI5,24,-0.1281,22,-0.3922,25,-0.0060,43,0.88989
ENSG00000167112,TRUB2,42,-0.2487,57,0.53649,44,-0.1270,28,-0.8521
ENSG00000167113,COQ4,45,-0.5724,76,0.73990,30,-1.1179,63,0.06037
ENSG00000167114,SLC27A4,29,-0.3820,49,1.18944,0,-6.0197,28,-0.3796
ENSG00000167118,URM1,29,-0.4678,35,-0.1876,47,0.36990,55,0.64331
ENSG00000167123,CERCAM,2,-4.1673,17,-1.5015,2,-4.2095,188,4.12108
ENSG00000197694,SPTAN1,319,-0.3135,443,0.50143,410,0.13618,201,-0.9972
ENSG00000119333,WDR34,17,0.18734,17,0.15284,0,-4.9537,25,0.75097
ENSG00000119335,SET,137,-0.3951,184,0.23208,192,0.20333,158,-0.1167
ENSG00000160445,ZER1,82,-0.6153,153,0.98142,104,-0.1609,40,-1.6276
ENSG00000107021,TBC1D13,38,-0.3259,52,0.42575,40,-0.2157,39,-0.2514
ENSG00000167136,ENDOG,41,-0.0042,47,0.43376,31,-0.4200,26,-0.7263
ENSG00000136802,LRRC8A,90,0.20118,69,-0.4526,69,-0.2613,127,0.75498
ENSG00000175287,PHYHD1,20,0.15883,9,-1.5682,7,-1.4267,63,2.37806
ENSG00000148341,SH3GLB2,122,-0.2634,164,0.48332,93,-0.6645,132,-0.1085
ENSG00000148343,MIGA2,20,-0.3861,30,0.68141,8,-1.7176,27,0.17903
ENSG00000167130,DOLPP1,10,-0.5330,15,0.35192,0,-4.7116,27,1.19657
ENSG00000095321,CRAT,48,0.43985,40,0.11589,24,-0.7749,28,-0.5041
ENSG00000119383,PTPA,124,-0.4150,197,0.80420,101,-0.6909,102,-0.6612
ENSG00000188483,IER5L,10,-1.3163,24,0.26817,40,1.02820,19,-0.2090
ENSG00000148335,NTMT1,23,-0.3066,29,0.27708,23,-0.2484,28,0.09641
ENSG00000148331,ASB6,13,-0.6187,25,1.02507,0,-5.2023,22,0.27354
ENSG00000136827,TOR1A,30,-0.1767,39,0.56932,26,-0.3657,19,-0.8157
ENSG00000136819,C9orf78,49,-0.6999,84,0.48697,69,-0.0706,73,0.01836
ENSG00000136878,USP20,19,-0.9846,40,0.46656,55,0.81181,20,-0.8132
ENSG00000187239,FNBP1,22,-0.7624,22,-0.9798,34,0.05635,99,2.03943
ENSG00000148358,GPR107,26,0.01460,26,0.02161,22,-0.2646,29,0.16526
ENSG00000107130,NCS1,389,0.58397,308,0.15680,208,-0.5498,118,-1.4175
ENSG00000130707,ASS1,64,0.07272,46,-0.7510,119,1.15576,62,0.01662
ENSG00000107164,FUBP3,26,-0.2515,27,-0.2402,18,-0.7635,58,1.18487
ENSG00000130713,EXOSC2,10,-0.7360,21,1.08542,10,-0.6376,8,-0.9366
ENSG00000097007,ABL1,13,-1.2129,27,0.06131,1,-4.5659,76,1.96261
ENSG00000126878,AIF1L,19,-1.5012,22,-1.6657,68,0.67434,172,2.63023
ENSG00000126883,NUP214,13,-0.2625,19,0.84172,0,-4.8307,16,0.13619
ENSG00000130723,PRRC2B,112,-0.2684,173,0.98972,47,-1.5838,75,-0.8662
ENSG00000130714,POMT1,25,-0.4161,35,0.37332,18,-0.8862,41,0.45802
ENSG00000130717,UCK1,35,0.25888,30,-0.0512,1,-4.3603,53,0.95465
ENSG00000107263,RAPGEF1,54,-0.1564,62,0.16096,52,-0.2198,63,0.09843
ENSG00000160563,MED27,15,0.04579,19,0.85167,3,-2.2409,8,-0.8975
ENSG00000196358,NTNG2,34,0.36555,22,-0.6596,27,-0.0973,44,0.75378
ENSG00000107290,SETX,18,-0.8815,31,0.22013,46,0.78833,26,-0.1969
ENSG00000125484,GTF3C4,16,-0.4039,24,0.65955,20,0.06433,9,-1.2552
ENSG00000165698,SPACA9,29,0.11724,28,0.11172,21,-0.4212,26,-0.0848
ENSG00000165699,TSC1,22,-0.0115,27,0.67875,9,-1.3543,14,-0.6567
ENSG00000148308,GTF3C5,17,-0.5670,27,0.44152,8,-1.5357,36,0.74757
ENSG00000160271,RALGDS,34,-0.4079,42,0.03903,10,-2.1536,88,1.30837
ENSG00000148296,SURF6,24,-0.5682,39,0.53982,33,0.02137,25,-0.4054
ENSG00000148297,MED22,18,-0.4605,25,0.32111,17,-0.4366,28,0.35080
ENSG00000148303,RPL7A,714,-0.3152,697,-0.5088,1548,1.05620,993,0.27004
ENSG00000148290,SURF1,79,0.20470,64,-0.2832,36,-1.0669,118,0.87453
ENSG00000148291,SURF2,34,0.02423,40,0.49273,1,-4.5749,42,0.37510
ENSG00000148248,SURF4,44,-0.6295,65,0.10425,98,0.75641,55,-0.2051
ENSG00000148300,REXO4,15,0.02149,16,0.19144,10,-0.6861,16,0.09679
ENSG00000160326,SLC2A6,21,-0.2177,31,0.86422,17,-0.5616,8,-1.6500
ENSG00000197859,ADAMTSL2,12,-0.3879,21,1.27652,6,-1.3283,4,-1.9636
ENSG00000160293,VAV2,11,-0.4381,21,1.27388,0,-4.8579,10,-0.5269
ENSG00000235106,BRD3OS,43,-0.1324,51,0.25440,53,0.22720,29,-0.7244
ENSG00000169925,BRD3,17,-0.7962,30,0.38635,6,-2.0853,51,1.14312
ENSG00000196363,WDR5,18,-0.7033,34,0.78173,30,0.15594,13,-1.1492
ENSG00000186350,RXRA,43,-0.0493,39,-0.3470,67,0.72455,44,0.00301
ENSG00000130558,OLFM1,872,-0.0390,1194,1.02268,449,-1.0848,155,-2.6814
ENSG00000196422,PPP1R26,32,0.49698,19,-0.6500,40,0.83099,17,-0.5621
ENSG00000160345,C9orf116,13,-0.4312,14,-0.4365,34,1.21882,17,0.03053
ENSG00000122140,MRPS2,28,-0.6093,44,0.29860,60,0.69011,26,-0.6811
ENSG00000107147,KCNT1,23,-0.6079,40,0.76750,5,-2.7026,43,0.51073
ENSG00000130559,CAMSAP1,34,-0.4262,56,0.92559,18,-1.3792,32,-0.4602
ENSG00000130560,UBAC1,49,0.08702,48,0.02262,57,0.30117,32,-0.6222
ENSG00000148411,NACC2,88,0.05874,59,-0.9266,100,0.26303,172,1.23182
ENSG00000238227,TMEM250,40,0.20779,43,0.55479,8,-2.2707,28,-0.3898
ENSG00000160360,GPSM1,42,0.11588,38,-0.1205,25,-0.7607,57,0.59777
ENSG00000165684,SNAPC4,15,-0.0114,20,0.92723,2,-2.6860,9,-0.8296
ENSG00000165688,PMPCA,22,-0.6247,42,1.04998,11,-1.5793,25,-0.3259
ENSG00000148384,INPP5E,11,-0.4901,20,1.20929,12,-0.3311,0,-4.1231
ENSG00000148396,SEC16A,31,0.08522,36,0.64908,0,-5.7819,29,0.00726
ENSG00000148400,NOTCH1,18,-0.5916,17,-1.0295,38,0.65741,63,1.62723
ENSG00000172889,EGFL7,75,-0.8861,147,0.55926,186,0.70955,61,-1.1091
ENSG00000165716,DIPK1B,48,-0.4363,73,0.57358,70,0.23553,29,-1.1554
ENSG00000233016,SNHG7,50,-0.5052,54,-0.5295,120,1.01632,94,0.58405
ENSG00000244187,TMEM141,98,0.48114,61,-0.6124,132,0.92937,45,-0.8562
ENSG00000196642,RABL6,126,0.54734,97,0.02605,61,-0.7349,68,-0.5505
ENSG00000232434,AJM1,49,0.17028,56,0.72010,22,-1.1115,15,-1.6704
ENSG00000054148,PHPT1,276,0.16778,242,-0.1271,172,-0.6182,333,0.46229
ENSG00000107223,EDF1,295,-0.3292,360,0.06109,404,0.22697,385,0.14579
ENSG00000159069,FBXW5,92,-0.0423,98,0.12261,104,0.15922,73,-0.4171
ENSG00000107317,PTGDS,593,-4.1571,783,-4.2966,656,-3.8012,59746,6.39274
ENSG00000148362,PAXX,74,-0.1432,71,-0.3200,90,0.17903,119,0.66003
ENSG00000107331,ABCA2,60,-1.3502,110,-0.4404,26,-2.4402,451,2.42700
ENSG00000107281,NPDC1,171,-0.6960,289,0.43945,331,0.46096,180,-0.5399
ENSG00000177239,MAN1B1,37,-0.6447,57,0.18966,101,1.11875,23,-1.3045
ENSG00000176978,DPP7,71,-0.4350,87,-0.0821,75,-0.2779,151,0.90501
ENSG00000176884,GRIN1,343,-0.5541,668,1.37199,258,-0.9304,88,-2.5421
ENSG00000176101,SSNA1,63,-0.3295,60,-0.6037,127,0.89696,111,0.65222
ENSG00000176058,TPRN,19,-0.5109,23,-0.1914,13,-1.0744,57,1.44488
ENSG00000187713,TMEM203,38,-0.3396,57,0.71119,20,-1.2940,42,-0.1274
ENSG00000212864,RNF208,97,-0.1670,141,0.99539,67,-0.7276,21,-2.4367
ENSG00000188229,TUBB4B,191,-0.4303,302,0.74970,188,-0.3973,147,-0.7806
ENSG00000188986,NELFB,64,-0.1614,83,0.55947,47,-0.6289,50,-0.5293
ENSG00000188747,NOXA1,8,-0.9896,21,1.23602,8,-0.8692,9,-0.6823
ENSG00000165802,NSMF,358,0.18580,325,6.20727,281,-0.2389,305,-0.1072
ENSG00000182154,MRPL41,218,0.09946,200,-0.1001,212,0.04261,209,0.01223
ENSG00000165724,ZMYND19,15,-0.4854,29,1.31076,6,-1.8407,9,-1.2505
ENSG00000197070,ARRDC1,12,-0.9484,21,0.07047,27,0.45100,29,0.59141
ENSG00000181090,EHMT1,17,0.23487,15,0.04772,7,-1.2026,18,0.32224
ENSG00000148408,CACNA1B,30,-0.3441,53,1.54745,6,-2.7498,7,-2.4126
ENSG00000015171,ZMYND11,77,0.01113,90,0.52304,24,-1.7793,73,-0.0816
ENSG00000151240,DIP2C,17,-1.2703,50,1.27482,10,-1.9078,38,0.11943
ENSG00000107929,LARP4B,27,-0.8306,56,0.84052,45,0.08050,24,-0.9410
ENSG00000107937,GTPBP4,18,-0.4419,27,0.57602,3,-2.8121,34,0.66347
ENSG00000067064,IDI1,76,-0.4037,116,0.62645,54,-0.8899,91,-0.0631
ENSG00000047056,WDR37,23,-0.0751,24,-0.0527,34,0.55525,18,-0.4397
ENSG00000185736,ADARB2,15,-0.1591,15,-0.2511,0,-5.0251,41,1.64731
ENSG00000067057,PFKP,100,-0.7635,210,1.13251,97,-0.7167,84,-0.9435
ENSG00000107959,PITRM1,39,-0.3031,57,0.72579,48,0.06778,12,-2.0260
ENSG00000067082,KLF6,21,-0.5491,29,0.05341,59,1.26520,11,-1.4528
ENSG00000196139,AKR1C3,24,0.60426,14,-0.5881,21,0.24069,17,-0.0698
ENSG00000173848,NET1,16,-1.7264,20,-1.7842,211,3.23992,40,-0.2225
ENSG00000196372,ASB13,11,-0.8974,21,0.47990,22,0.33930,16,-0.1689
ENSG00000108021,TASOR2,15,-0.0218,13,-0.3694,30,1.20645,8,-0.9567
ENSG00000057608,GDI2,69,-0.5652,107,0.41061,79,-0.2772,105,0.18857
ENSG00000134452,FBH1,11,-1.4815,29,0.32166,23,-0.1786,47,1.02946
ENSG00000134453,RBM17,42,-0.1093,47,0.19287,30,-0.6423,52,0.26738
ENSG00000170525,PFKFB3,35,-0.1401,43,0.40239,5,-3.0822,55,0.63827
ENSG00000165629,ATP5F1C,124,-0.4278,197,0.77885,121,-0.4072,90,-0.8723
ENSG00000270111,CELF2-DT,26,1.11012,17,0.43848,0,-4.9002,0,-6.6888
ENSG00000048740,CELF2,132,-0.2765,206,1.01794,96,-0.7432,44,-1.9294
ENSG00000151461,UPF2,24,-0.0394,31,0.74260,14,-0.8669,11,-1.2533
ENSG00000065665,SEC61A2,31,-0.5208,59,1.31957,6,-2.8121,25,-0.7640
ENSG00000165609,NUDT5,17,0.11259,16,-0.0139,4,-1.9395,26,0.82168
ENSG00000151465,CDC123,26,-0.7965,46,0.43661,48,0.30642,36,-0.1543
ENSG00000183049,CAMK1D,78,-0.1255,112,1.04768,18,-2.3079,42,-1.0642
ENSG00000151468,CCDC3,17,-1.1720,20,-1.1460,139,2.97039,8,-2.1267
ENSG00000123240,OPTN,127,-0.1466,147,0.20397,184,0.49187,72,-1.0156
ENSG00000107537,PHYH,34,0.50507,23,-0.3483,30,0.21657,20,-0.4184
ENSG00000086475,SEPHS1,30,-0.0408,31,0.07454,28,-0.1461,31,0.03939
ENSG00000151474,FRMD4A,20,-0.4657,34,1.04410,23,-0.1406,3,-3.0110
ENSG00000065809,FAM107B,3,-3.8122,19,-1.4503,22,-0.8266,188,3.60230
ENSG00000176244,ACBD7,112,1.39577,44,-0.7839,30,-1.0717,48,-0.3354
ENSG00000152465,NMT2,21,-0.1407,27,0.49618,8,-1.5095,24,0.12656
ENSG00000148468,FAM171A1,82,-0.5535,135,0.66780,59,-0.9931,119,0.11849
ENSG00000148481,MINDY3,20,-0.0784,27,0.94538,5,-2.0620,11,-0.9517
ENSG00000148484,RSU1,17,-0.6897,23,-0.1874,52,1.28802,20,-0.3220
ENSG00000026025,VIM,362,-1.2181,142,-3.1877,1874,1.74723,2611,2.52742
ENSG00000136738,STAM,27,-0.2779,39,0.74665,18,-0.8368,21,-0.6446
ENSG00000148482,SLC39A12,59,1.23042,19,-1.2718,26,-0.3822,46,0.51471
ENSG00000165995,CACNB2,40,0.21626,50,1.27439,1,-5.3515,2,-3.8433
ENSG00000078114,NEBL,129,0.54506,81,-0.5084,39,-1.4409,165,0.89585
ENSG00000148444,COMMD3,22,-0.5532,35,0.55238,24,-0.2968,27,-0.1205
ENSG00000168283,BMI1,25,-0.8009,51,0.86973,11,-1.9324,50,0.38274
ENSG00000150867,PIP4K2A,25,-2.0467,61,-0.8777,42,-1.1178,355,2.87181
ENSG00000148450,MSRB2,117,0.25881,105,0.06525,52,-1.0873,116,0.19537
ENSG00000165312,OTUD1,13,-0.5926,22,0.75002,21,0.27265,6,-1.6108
ENSG00000120549,KIAA1217,10,-1.9577,58,2.50181,9,-1.9920,9,-1.9205
ENSG00000107863,ARHGAP21,74,-0.7666,130,0.42551,42,-1.5355,195,0.94756
ENSG00000099256,PRTFDC1,16,-0.1442,18,0.01918,1,-3.8229,37,1.26024
ENSG00000151025,GPR158,14,-1.7595,65,1.83715,28,-0.6096,14,-1.6534
ENSG00000136750,GAD2,113,0.36665,103,0.25737,71,-0.4541,45,-1.1497
ENSG00000136754,ABI1,67,0.04885,81,0.66159,27,-1.3736,41,-0.7424
ENSG00000107890,ANKRD26,14,-0.1327,21,1.13538,0,-4.8820,9,-0.8204
ENSG00000136758,YME1L1,38,-0.4824,52,0.09302,74,0.67157,42,-0.2705
ENSG00000107897,ACBD5,39,-0.2473,42,-0.1768,58,0.43501,53,0.29899
ENSG00000099246,RAB18,83,-0.5604,143,0.78725,78,-0.5866,86,-0.4337
ENSG00000254635,WAC-AS1,7,-1.1605,21,1.84153,0,-4.6388,9,-0.6642
ENSG00000095787,WAC,81,-0.2533,109,0.51043,72,-0.4093,72,-0.4145
ENSG00000165757,JCAD,22,-0.7939,30,-0.3229,91,1.81898,16,-1.1787
ENSG00000148516,ZEB1,33,-0.3858,41,0.02636,75,1.08032,19,-1.1577
ENSG00000165322,ARHGAP12,32,0.48126,21,-0.4468,26,0.07396,26,0.04630
ENSG00000170759,KIF5B,78,-0.2761,77,-0.4427,99,0.14355,163,1.01465
ENSG00000216937,CCDC7,25,0.87532,12,-0.7956,27,0.82323,7,-1.3442
ENSG00000150093,ITGB1,23,-1.0345,22,-1.4184,130,2.15379,66,0.79960
ENSG00000108094,CUL2,20,-0.7272,37,0.71027,36,0.29610,15,-1.0991
ENSG00000095794,CREM,30,-0.7991,50,0.22684,78,0.89967,33,-0.5381
ENSG00000108100,CCNY,98,0.18075,99,0.29605,63,-0.5630,62,-0.5935
ENSG00000177283,FZD8,25,1.01746,11,-0.9005,1,-3.3031,29,1.09657
ENSG00000198105,ZNF248,13,-0.5877,26,1.42708,0,-5.1029,12,-0.6134
ENSG00000175395,ZNF25,39,-0.4481,66,1.00020,33,-0.6451,21,-1.3448
ENSG00000189180,ZNF33A,30,-0.5969,52,0.70653,36,-0.2588,31,-0.4834
ENSG00000165733,BMS1,13,-0.8507,22,0.09749,34,0.76449,23,0.08794
ENSG00000198915,RASGEF1A,37,0.04627,45,0.67144,24,-0.6550,13,-1.5516
ENSG00000169813,HNRNPF,24,-0.3763,25,-0.4178,11,-1.5138,76,1.71954
ENSG00000169740,ZNF32,43,-0.2819,55,0.29988,50,-0.0039,43,-0.2333
ENSG00000107551,RASSF4,27,-0.7201,30,-0.7645,41,0.00189,111,1.82485
ENSG00000265354,TIMM23,35,-0.4848,59,0.87931,32,-0.5559,26,-0.8971
ENSG00000266412,NCOA4,48,-0.3436,57,-0.0469,80,0.54332,59,0.03627
ENSG00000265763,ZNF488,9,-0.7358,23,1.85139,0,-4.8157,5,-1.5945
ENSG00000170324,FRMPD2,39,0.77425,33,0.75799,0,-5.6937,1,-4.6294
ENSG00000107643,MAPK8,34,-0.5860,65,1.18684,37,-0.3552,8,-2.5992
ENSG00000197444,OGDHL,58,-0.1127,86,1.15315,31,-1.0750,5,-3.6779
ENSG00000227345,PARG,11,-0.4077,20,1.07536,5,-1.6675,9,-0.7561
ENSG00000099290,WASHC2A,11,-1.0681,22,0.40821,25,0.42453,21,0.08604
ENSG00000198964,SGMS1,14,-0.4609,15,-0.4300,17,-0.0352,37,1.27319
ENSG00000177613,CSTF2T,12,-0.8072,25,0.86277,0,-5.2205,30,0.72450
ENSG00000122873,CISD1,81,-0.6668,153,0.94635,89,-0.4360,67,-0.8675
ENSG00000072401,UBE2D1,19,-0.4334,33,1.01662,15,-0.8080,11,-1.2309
ENSG00000108064,TFAM,12,-0.7078,22,0.53576,21,0.18188,15,-0.3743
ENSG00000237949,LINC00844,76,-1.6618,82,-1.9586,115,-0.8951,1015,3.56735
ENSG00000165443,PHYHIPL,69,-1.1109,175,1.04614,57,-1.2918,143,0.15754
ENSG00000148541,FAM13C,18,-0.4359,27,0.61511,0,-5.4381,35,0.75284
ENSG00000108091,CCDC6,45,-0.5704,77,0.75649,60,-0.0297,32,-1.0213
ENSG00000151150,ANK3,77,-0.2984,124,1.13327,19,-2.3447,52,-0.8691
ENSG00000150347,ARID5B,11,-0.9295,16,-0.3214,20,0.13058,40,1.38184
ENSG00000138311,ZNF365,30,-0.8991,72,1.44669,14,-1.8822,31,-0.7268
ENSG00000181915,ADO,17,-1.1727,40,0.50585,35,0.04625,43,0.37021
ENSG00000148572,NRBF2,20,-0.1296,26,0.72613,6,-1.9236,18,-0.2545
ENSG00000171988,JMJD1C,18,-1.0827,38,0.36497,55,0.83235,26,-0.3896
ENSG00000165476,REEP3,8,-1.8350,15,-1.1603,30,0.30228,94,2.55086
ENSG00000198739,LRRTM3,10,-1.5998,46,2.41269,0,-5.7287,12,-1.2584
ENSG00000108176,DNAJC12,30,-0.7614,66,1.31451,15,-1.7725,30,-0.6715
ENSG00000148634,HERC4,12,-0.9409,24,0.33085,15,-0.5117,35,0.84231
ENSG00000096746,HNRNPH3,69,-0.2262,87,0.36694,66,-0.2657,67,-0.2268
ENSG00000204130,RUFY2,22,-0.4346,33,0.48109,6,-2.3712,44,0.74052
ENSG00000122912,SLC25A16,13,-0.1439,20,1.23081,0,-4.4709,7,-1.1466
ENSG00000060339,CCAR1,37,-0.2290,48,0.41498,38,-0.1483,31,-0.4789
ENSG00000165730,STOX1,27,0.15776,21,-0.4221,36,0.62796,24,-0.0570
ENSG00000107625,DDX50,16,-0.6393,25,0.23340,34,0.64269,18,-0.3466
ENSG00000165732,DDX21,14,-0.7721,19,-0.3572,34,0.78591,35,0.81328
ENSG00000198954,KIF1BP,27,-0.7065,58,1.31707,15,-1.5139,22,-0.9435
ENSG00000122862,SRGN,19,-1.7043,6,-3.8789,328,4.53601,32,-0.8098
ENSG00000122958,VPS26A,36,-0.5662,56,0.46781,34,-0.5844,58,0.29230
ENSG00000156502,SUPV3L1,9,-1.2936,26,0.82673,23,0.25951,15,-0.4479
ENSG00000156515,HK1,143,-0.6140,287,1.33093,94,-1.1915,75,-1.5427
ENSG00000171224,FAM241B,31,-0.1693,47,1.22843,15,-1.2588,3,-3.3152
ENSG00000079332,SAR1A,55,-0.4930,80,0.35875,64,-0.1752,77,0.11962
ENSG00000180817,PPA1,138,-0.6012,218,0.40017,213,0.17714,171,-0.1813
ENSG00000172731,LRRC20,22,-0.3773,34,0.78959,18,-0.5887,16,-0.8062
ENSG00000148730,EIF4EBP2,75,0.49987,42,-0.7970,45,-0.4153,102,0.96112
ENSG00000166228,PCBD1,49,-0.4839,62,-0.0929,62,-0.0547,104,0.83186
ENSG00000107738,VSIR,62,0.37638,32,-1.1166,77,0.68719,81,0.76515
ENSG00000197746,PSAP,737,-0.7263,1133,0.08977,1080,-0.0290,1705,0.75207
ENSG00000107742,SPOCK2,192,-0.2717,268,0.60247,198,-0.1899,123,-0.9372
ENSG00000138303,ASCC1,14,-0.2069,16,0.17676,0,-4.8557,30,1.14765
ENSG00000166295,ANAPC16,59,-0.6758,78,-0.2860,157,1.03624,104,0.30689
ENSG00000168209,DDIT4,26,-1.1587,34,-0.9884,96,1.11230,121,1.57818
ENSG00000148719,DNAJB12,21,-0.5206,31,0.29556,36,0.41243,22,-0.3520
ENSG00000107745,MICU1,41,-0.4848,68,0.76733,53,-0.0407,24,-1.2743
ENSG00000122884,P4HA1,14,-0.3140,13,-0.6560,13,-0.4716,43,1.63228
ENSG00000213551,DNAJC9,17,-0.1440,21,0.46793,19,0.03256,9,-1.1526
ENSG00000182180,MRPS16,43,-0.2189,53,0.30910,38,-0.3652,48,-0.0109
ENSG00000138279,ANXA7,84,-0.4090,116,0.32925,102,-0.0458,101,-0.0540
ENSG00000107758,PPP3CB,174,-0.8765,439,1.78264,74,-2.0755,87,-1.8249
ENSG00000166348,USP54,8,-1.3489,14,-0.6290,0,-5.1101,70,2.73508
ENSG00000176986,SEC24C,19,-0.6157,34,0.77196,21,-0.4186,20,-0.4596
ENSG00000172586,CHCHD1,67,0.00568,84,0.73154,23,-1.6634,44,-0.6776
ENSG00000214655,ZSWIM8,14,-0.4339,21,0.47849,0,-5.1301,31,0.94632
ENSG00000166507,NDST2,22,-0.2895,24,-0.1700,50,1.15536,15,-0.8429
ENSG00000148660,CAMK2G,106,-0.4406,190,1.23093,33,-2.1650,76,-0.9088
ENSG00000035403,VCL,7,-2.0277,14,-1.1879,95,2.72513,26,0.11074
ENSG00000185009,AP3M1,12,-0.4869,15,-0.0121,0,-4.9414,39,1.62145
ENSG00000156110,ADK,23,0.09649,21,-0.0681,20,-0.1735,24,0.14770
ENSG00000156650,KAT6B,16,-0.8914,28,0.10465,49,0.99100,24,-0.2326
ENSG00000156671,SAMD8,27,-0.5120,45,0.72609,9,-2.0803,45,0.35663
ENSG00000165637,VDAC2,97,-0.5489,147,0.35945,150,0.23195,113,-0.2267
ENSG00000165655,ZNF503,4,-2.5203,32,1.73772,21,-5.0768,8,-1.4174
ENSG00000156113,KCNMA1,73,-0.7744,142,0.77736,118,0.07906,67,-0.8327
ENSG00000148606,POLR3A,18,-0.4372,36,1.82713,0,-5.3347,3,-2.8996
ENSG00000138326,RPS24,1366,-0.1743,1121,-0.7417,2986,1.21590,1781,0.28886
ENSG00000108175,ZMIZ1,45,-0.6959,88,1.01007,32,-1.1374,53,-0.3601
ENSG00000108179,PPIF,34,-0.4080,39,-0.1912,25,-0.8144,87,1.27710
ENSG00000165424,ZCCHC24,59,-0.2330,53,-0.6339,30,-1.2746,179,1.79491
ENSG00000133678,TMEM254,12,-0.5472,21,0.89751,0,-5.0147,21,0.40599
ENSG00000189129,PLAC9,22,-0.8242,13,-2.0907,162,3.22491,22,-0.7242
ENSG00000122359,ANXA11,61,-0.6534,112,0.83258,58,-0.6499,70,-0.3419
ENSG00000122378,PRXL2A,207,-0.1526,222,-0.0320,269,0.30054,225,0.00333
ENSG00000108219,TSPAN14,19,-1.3983,46,0.24953,87,1.25560,30,-0.5258
ENSG00000185737,NRG3,19,-0.5007,35,1.32256,12,-1.0643,6,-2.1579
ENSG00000165678,GHITM,225,-0.6276,432,1.09508,188,-0.8340,170,-0.9876
ENSG00000107771,CCSER2,50,-0.1569,61,0.33032,43,-0.3943,50,-0.1393
ENSG00000182771,GRID1,12,-0.3624,19,0.98357,1,-3.5141,13,-0.0999
ENSG00000062650,WAPL,11,-0.8942,17,-0.2066,36,1.19585,20,0.15345
ENSG00000107779,BMPR1A,19,0.29088,12,-0.7942,16,-0.0560,30,1.01299
ENSG00000173267,SNCG,395,0.33685,375,0.36292,269,-0.3492,107,-1.7649
ENSG00000148671,ADIRF,300,-0.7521,144,-2.4103,1608,2.46885,855,1.10336
ENSG00000148672,GLUD1,413,0.64767,288,-0.1200,143,-1.1792,285,-0.0893
ENSG00000223482,NUTM2A-AS1,19,-0.8386,31,0.00703,54,0.96759,30,-0.0224
ENSG00000138138,ATAD1,43,-0.6286,73,0.55705,73,0.29290,38,-0.7489
ENSG00000171862,PTEN,84,-0.1262,111,0.68601,77,-0.2519,30,-1.6954
ENSG00000107798,LIPA,19,-1.4441,24,-1.3879,47,0.09882,171,2.70175
ENSG00000119917,IFIT3,21,-0.0686,18,-0.4879,21,0.00649,37,0.95665
ENSG00000185745,IFIT1,29,-0.5667,49,0.70170,22,-0.9195,40,0.02382
ENSG00000152778,IFIT5,20,-0.1380,18,-0.4084,25,0.26511,33,0.72758
ENSG00000148688,RPP30,19,-0.4945,26,0.14856,44,0.95956,13,-1.0263
ENSG00000180628,PCGF5,64,0.02097,50,-0.6039,61,-0.0500,116,1.05730
ENSG00000165338,HECTD2,15,-0.2001,25,1.65302,0,-4.3297,1,-3.9261
ENSG00000119938,PPP1R3C,44,1.19079,13,-1.4794,36,0.59275,26,0.02184
ENSG00000107854,TNKS2,33,-0.7216,54,0.28300,61,0.35987,51,0.03974
ENSG00000107864,CPEB3,30,-0.2396,45,0.93350,21,-0.7335,12,-1.6214
ENSG00000198060,MARCH5,16,-0.6261,29,0.77077,16,-0.5236,18,-0.3383
ENSG00000138190,EXOC6,13,-1.2159,33,0.70829,50,1.10488,4,-2.8722
ENSG00000138207,RBP4,44,-0.3099,58,0.37493,83,0.82351,9,-2.6882
ENSG00000148690,FRA10AC1,69,-0.0693,84,0.51289,69,-0.0627,29,-1.4213
ENSG00000108231,LGI1,40,-0.2013,60,1.08173,7,-2.8315,27,-0.7876
ENSG00000095637,SORBS1,42,-1.1211,78,-0.0760,108,0.50177,137,0.91367
ENSG00000059573,ALDH18A1,22,0.52236,19,0.38304,0,-4.9839,14,-0.2725
ENSG00000119977,TCTN3,14,-0.3465,14,-0.5660,25,0.58592,30,0.91816
ENSG00000197430,OPALIN,7,-3.2981,22,-1.9075,2,-4.8699,325,4.40708
ENSG00000077147,TM9SF3,69,-0.5298,95,0.08855,113,0.33551,107,0.24001
ENSG00000196233,LCOR,14,-0.2202,21,0.95076,0,-4.9661,14,-0.1519
ENSG00000187122,SLIT1,73,-1.3301,257,2.22852,48,-1.8251,25,-2.8041
ENSG00000052749,RRP12,10,-0.6167,19,1.09335,0,-4.7931,15,0.13279
ENSG00000171314,PGAM1,467,-0.1317,644,0.85221,242,-1.1494,251,-1.0947
ENSG00000171311,EXOSC1,17,0.02238,20,0.52239,4,-2.1616,17,0.02087
ENSG00000171307,ZDHHC16,14,-0.4652,18,-0.0513,24,0.44281,22,0.32515
ENSG00000155229,MMS19,32,0.03673,37,0.55235,20,-0.6882,17,-0.9423
ENSG00000171160,MORN4,63,0.22464,62,0.31267,57,0.01889,17,-1.8051
ENSG00000155252,PI4K2A,18,-0.8782,39,0.82204,31,0.02157,19,-0.6940
ENSG00000155256,ZFYVE27,19,-0.6541,39,1.22855,1,-4.3030,26,-0.1068
ENSG00000155265,GOLGA7B,69,-0.1485,95,0.78177,41,-0.9383,40,-0.9881
ENSG00000095713,CRTAC1,12,-0.4140,23,1.64277,2,-2.5690,2,-2.8867
ENSG00000107521,HPS1,25,-0.2597,26,-0.3198,41,0.58745,37,0.42238
ENSG00000119946,CNNM1,14,-1.0405,42,2.24920,6,-2.1846,0,-5.2005
ENSG00000120053,GOT1,107,-0.7786,243,1.50046,75,-1.2416,54,-1.7229
ENSG00000155287,SLC25A28,26,0.02445,26,-0.0233,22,-0.2355,30,0.21992
ENSG00000014919,COX15,13,-0.0817,15,0.41962,10,-0.5019,10,-0.4173
ENSG00000196072,BLOC1S2,46,-0.2413,66,0.76574,31,-0.8157,32,-0.8106
ENSG00000099194,SCD,205,-1.2545,296,-0.8675,187,-1.2695,1563,2.61922
ENSG00000235823,OLMALINC,19,-0.3325,9,-1.9623,11,-1.1544,98,2.95859
ENSG00000166136,NDUFB8,439,0.13507,435,0.17626,317,-0.4134,343,-0.2893
ENSG00000166135,HIF1AN,17,-0.1594,23,0.76618,6,-1.7138,14,-0.3838
ENSG00000119906,SLF2,21,-0.7865,36,0.23270,34,0.05371,45,0.50629
ENSG00000055950,MRPL43,53,-0.4736,68,-0.0303,86,0.37454,85,0.36515
ENSG00000107816,LZTS2,13,-1.4849,30,-0.0974,34,0.11493,70,1.41953
ENSG00000107819,SFXN3,28,-0.8618,59,0.90689,23,-1.0377,46,0.03631
ENSG00000166167,BTRC,37,-0.6664,74,1.20374,34,-0.7206,21,-1.4593
ENSG00000166171,DPCD,49,0.35362,39,-0.1632,40,-0.0412,35,-0.2438
ENSG00000107829,FBXW4,36,-0.2760,39,-0.2161,44,0.05542,65,0.73660
ENSG00000107833,NPM3,12,-0.3915,21,1.13902,6,-1.2999,6,-1.3007
ENSG00000198408,OGA,101,-0.3876,159,0.83688,87,-0.5740,68,-0.9625
ENSG00000120049,KCNIP2,41,-0.5647,78,1.23854,44,-0.3691,6,-3.3144
ENSG00000120029,ARMH3,10,-0.7431,24,1.58588,0,-4.9541,10,-0.7315
ENSG00000166197,NOLC1,43,-0.0258,50,0.36984,49,0.19112,17,-1.4593
ENSG00000107862,GBF1,33,-0.0812,41,0.50703,24,-0.5797,24,-0.5988
ENSG00000059915,PSD,347,0.22686,373,0.60588,171,-0.9389,115,-1.5488
ENSG00000107872,FBXL15,82,0.07813,102,0.84433,22,-1.9696,39,-1.1058
ENSG00000107874,CUEDC2,78,-0.6671,105,-0.1883,171,0.72111,151,0.50423
ENSG00000269609,RPARP-AS1,20,-0.1478,27,0.61042,27,0.31052,2,-3.3323
ENSG00000138111,MFSD13A,11,-0.3647,19,1.05838,7,-1.0627,6,-1.3022
ENSG00000138107,ACTR1A,77,-0.7134,150,0.91988,77,-0.6345,85,-0.4857
ENSG00000171206,TRIM8,73,0.26131,59,-0.2096,57,-0.1858,71,0.17899
ENSG00000138175,ARL3,123,0.22562,115,0.14952,99,-0.1588,70,-0.7119
ENSG00000166272,WBP1L,23,-0.3445,28,0.08622,17,-0.7572,44,0.80015
ENSG00000166275,BORCS7,61,-0.3420,72,-0.0233,107,0.65352,65,-0.1747
ENSG00000148842,CNNM2,24,-0.2186,26,-0.1832,48,0.96642,20,-0.5162
ENSG00000076685,NT5C2,25,-0.0037,26,0.20495,8,-1.6899,34,0.54650
ENSG00000148798,INA,157,-0.1392,206,0.63932,182,0.12763,32,-2.5599
ENSG00000173915,ATP5MD,1104,0.23523,1092,0.33443,828,-0.2726,429,-1.3021
ENSG00000107954,NEURL1,94,0.30335,98,0.61547,34,-1.3528,32,-1.4249
ENSG00000107957,SH3PXD2A,31,-0.6556,59,0.93670,3,-3.8072,57,0.39791
ENSG00000065613,SLK,26,-0.4910,45,0.90476,21,-0.7875,22,-0.7158
ENSG00000148834,GSTO1,105,-0.2350,124,0.11557,117,-0.0269,130,0.14367
ENSG00000156395,SORCS3,12,-1.1842,41,2.35910,0,-5.5734,6,-2.1017
ENSG00000108018,SORCS1,10,-0.6966,21,1.06798,18,0.28900,0,-5.2420
ENSG00000108039,XPNPEP1,12,-0.8192,23,0.58889,21,0.18560,15,-0.3516
ENSG00000148700,ADD3,101,-0.4593,97,-0.7482,146,0.19357,303,1.52449
ENSG00000119950,MXI1,62,-0.1490,51,-0.6942,81,0.31056,127,1.11571
ENSG00000119953,SMNDC1,10,-0.8631,20,0.53670,14,-0.2990,20,0.29521
ENSG00000108055,SMC3,17,-0.8267,22,-0.4698,53,1.19167,38,0.58512
ENSG00000150593,PDCD4,18,-1.0659,34,0.15606,47,0.62700,40,0.35939
ENSG00000214413,BBIP1,32,-0.2356,35,-0.1389,42,0.21609,47,0.42680
ENSG00000108061,SHOC2,43,-0.9803,95,0.79322,122,0.84699,10,-3.0510
ENSG00000150594,ADRA2A,22,0.85253,18,0.58903,0,-4.5017,2,-3.0189
ENSG00000119927,GPAM,32,0.64767,18,-0.6272,20,-0.2179,29,0.35577
ENSG00000023041,ZDHHC6,12,-1.2075,23,-0.1091,67,1.84048,10,-1.3144
ENSG00000043591,ADRB1,16,0.07319,17,0.31742,21,0.52056,1,-3.1810
ENSG00000165813,CCDC186,21,0.21169,22,0.57978,0,-4.7609,17,-0.1069
ENSG00000169129,AFAP1L2,11,-0.5794,20,0.74951,11,-0.4985,12,-0.3828
ENSG00000099204,ABLIM1,83,0.11416,67,-0.4409,93,0.27218,103,0.45291
ENSG00000151553,FAM160B1,8,-1.2876,26,1.50028,4,-1.9874,15,-0.2649
ENSG00000165832,TRUB1,26,-0.6753,58,1.75967,5,-2.9196,11,-1.9036
ENSG00000107518,ATRNL1,44,-0.3944,85,1.83862,1,-5.6945,5,-3.3886
ENSG00000165868,HSPA12A,90,-0.3990,162,1.37621,34,-1.8495,34,-1.8473
ENSG00000187164,SHTN1,47,-1.4804,122,0.28254,33,-1.8632,274,1.63071
ENSG00000165650,PDZD8,31,0.06950,33,0.30099,3,-3.1723,42,0.55315
ENSG00000229847,EMX2OS,30,0.95084,13,-0.9514,13,-0.5805,28,0.62063
ENSG00000170370,EMX2,48,0.90413,12,-2.0041,56,0.99641,49,0.75729
ENSG00000107560,RAB11FIP2,38,0.01579,50,1.01423,9,-2.2074,14,-1.4686
ENSG00000165669,FAM204A,34,-0.7188,61,0.62881,72,0.61244,18,-1.5984
ENSG00000151893,CACUL1,33,0.10480,39,0.72404,19,-0.7905,9,-1.8967
ENSG00000107581,EIF3A,62,-0.4211,72,-0.2067,125,0.80541,85,0.14793
ENSG00000119979,DENND10,41,-0.0869,48,0.34464,21,-1.0798,48,0.16896
ENSG00000165672,PRDX3,95,-0.3869,140,0.56530,115,-0.0342,73,-0.7616
ENSG00000151923,TIAL1,34,-0.1753,43,0.40657,25,-0.6536,35,-0.0828
ENSG00000151929,BAG3,27,-0.3278,19,-1.2297,38,0.29276,88,1.86509
ENSG00000198825,INPP5F,147,-0.5401,286,1.40538,100,-1.0742,37,-2.5362
ENSG00000107651,SEC23IP,11,-0.6598,21,1.00688,5,-1.6509,15,-0.1432
ENSG00000120008,WDR11,10,-0.8874,21,0.61193,4,-2.1791,30,0.91551
ENSG00000066468,FGFR2,30,-1.1823,31,-1.4540,29,-1.0988,256,3.05032
ENSG00000107669,ATE1,24,-0.7357,48,0.91836,30,-0.3173,22,-0.7886
ENSG00000138162,TACC2,21,-0.4835,40,1.36470,4,-2.9134,15,-0.9562
ENSG00000107679,PLEKHA1,42,-0.4976,70,0.75183,53,-0.0790,27,-1.1003
ENSG00000166033,HTRA1,601,0.62987,367,-0.4935,154,-1.6408,709,0.81291
ENSG00000095574,IKZF5,11,-0.7781,21,0.68892,0,-5.0698,30,0.94637
ENSG00000196177,ACADSB,27,-0.0288,34,0.63297,24,-0.2344,8,-1.8749
ENSG00000154473,BUB3,18,-0.9986,42,0.90275,17,-0.9799,36,0.16397
ENSG00000182022,CHST15,16,-1.1178,44,1.22316,21,-0.5984,20,-0.7060
ENSG00000065154,OAT,113,-0.3939,173,0.69965,91,-0.6875,108,-0.4071
ENSG00000107902,LHPP,68,-0.9021,80,-0.8383,11,-3.5174,429,2.67818
ENSG00000203791,EEF1AKMT2,16,-0.1837,21,0.55093,15,-0.2135,10,-0.9446
ENSG00000019995,ZRANB1,33,-0.5647,48,0.22033,56,0.37747,43,-0.0474
ENSG00000175029,CTBP2,17,-0.3959,27,0.79648,0,-5.3872,27,0.41350
ENSG00000188690,UROS,219,0.16441,231,0.41766,108,-0.9879,143,-0.5488
ENSG00000107949,BCCIP,22,-0.6934,33,0.08510,52,0.83160,28,-0.1847
ENSG00000150760,DOCK1,32,0.84243,13,-1.2346,8,-1.5435,49,1.45167
ENSG00000132334,PTPRE,16,-0.8126,34,0.84404,15,-0.8823,26,0.01768
ENSG00000170430,MGMT,24,-0.4905,21,-1.0263,76,1.53346,48,0.68146
ENSG00000108010,GLRX3,23,-0.5598,37,0.54331,19,-0.7428,36,0.23437
ENSG00000175470,PPP2R2D,23,-0.3890,41,1.30423,2,-3.5982,17,-0.8450
ENSG00000176171,BNIP3,225,-0.0251,265,0.47051,160,-0.5700,154,-0.6273
ENSG00000151640,DPYSL4,36,-0.1633,48,0.62222,14,-1.6344,38,-0.0609
ENSG00000165752,STK32C,52,-0.1584,76,1.02959,20,-1.6115,24,-1.3191
ENSG00000148814,LRRC27,17,0.21764,19,0.89332,1,-3.8433,7,-1.1426
ENSG00000171813,PWWP2B,20,-0.1104,25,0.40833,23,0.11902,10,-1.1754
ENSG00000068383,INPP5A,44,-0.1265,53,0.31402,59,0.37339,21,-1.2753
ENSG00000148826,NKX6-2,0,-6.8695,16,-1.8078,2,-4.0319,232,4.52093
ENSG00000197177,ADGRA1,58,-0.1435,82,0.89517,43,-0.6183,16,-2.0783
ENSG00000171798,KNDC1,72,-0.1072,104,1.07303,34,-1.2715,18,-2.2079
ENSG00000130640,TUBGCP2,40,-0.4064,56,0.37685,40,-0.3387,53,0.09788
ENSG00000198546,ZNF511,16,-0.3314,20,0.03216,32,0.83240,13,-0.6735
ENSG00000130643,CALY,224,-0.4882,376,0.84307,300,0.04332,88,-1.8706
ENSG00000127884,ECHS1,126,-0.2482,171,0.55882,65,-1.2572,148,0.04972
ENSG00000148824,MTG1,14,-0.5111,22,0.42581,18,-0.1205,19,-0.0528
ENSG00000203772,SPRN,40,-0.5058,74,1.23864,24,-1.2055,20,-1.4651
ENSG00000177951,BET1L,13,-0.2370,17,0.50225,13,-0.2066,9,-0.6545
ENSG00000177963,RIC8A,45,-0.4596,70,0.57239,45,-0.4092,51,-0.2109
ENSG00000142082,SIRT3,33,0.11400,38,0.64190,17,-0.9753,14,-1.2216
ENSG00000185627,PSMD13,41,-1.0294,89,0.66795,75,0.05983,68,-0.1184
ENSG00000185201,IFITM2,23,-2.1790,22,-2.7233,384,3.14602,166,1.15634
ENSG00000142089,IFITM3,144,-1.7370,98,-2.8304,1750,3.09388,752,1.11535
ENSG00000182272,B4GALNT4,107,0.51971,87,0.12852,30,-1.5977,72,-0.2191
ENSG00000185187,SIGIRR,69,0.14475,38,-1.2585,61,-0.0916,164,1.70486
ENSG00000174915,PTDSS2,18,-1.1641,39,0.37397,17,-1.1518,69,1.18881
ENSG00000023191,RNH1,44,-0.8863,54,-0.7482,92,0.37923,186,1.70232
ENSG00000174775,HRAS,112,-0.0318,138,0.61248,45,-1.4584,91,-0.3603
ENSG00000099849,RASSF7,16,0.35947,16,0.43668,0,-4.7562,13,-0.0658
ENSG00000177030,DEAF1,115,-0.4649,160,0.22538,219,0.66354,97,-0.6778
ENSG00000177106,EPS8L2,14,-0.3468,12,-0.7025,43,1.70359,12,-0.4585
ENSG00000177042,TMEM80,16,0.10703,13,-0.4791,0,-4.9026,39,1.67562
ENSG00000177156,TALDO1,70,-0.4989,80,-0.3760,90,-0.0368,186,1.23558
ENSG00000177225,GATD1,28,-0.5238,34,-0.2277,54,0.61854,51,0.53308
ENSG00000184524,CEND1,231,-0.0599,303,0.80466,135,-0.9071,97,-1.4107
ENSG00000177542,SLC25A22,91,-0.6960,211,1.87867,14,-3.3856,31,-2.2240
ENSG00000177600,RPLP2,1019,-0.1308,854,-0.6369,1801,0.86255,1476,0.50994
ENSG00000177666,PNPLA2,25,-0.9269,36,-0.4408,81,1.14302,63,0.68534
ENSG00000177697,CD151,23,-1.7685,29,-1.8236,275,2.89181,94,0.58000
ENSG00000177700,POLR2L,339,-0.1242,368,0.05255,414,0.22637,328,-0.1580
ENSG00000214063,TSPAN4,15,-0.3957,11,-1.2630,7,-1.5293,71,2.55615
ENSG00000177830,CHID1,49,-0.4322,72,0.50728,37,-0.8018,68,0.17832
ENSG00000183020,AP2A2,82,-0.4857,146,1.06540,43,-1.4148,69,-0.7121
ENSG00000078902,TOLLIP,200,-0.5251,363,1.11442,162,-0.7911,109,-1.3920
ENSG00000174672,BRSK2,63,-0.1293,87,0.80830,45,-0.6629,25,-1.5294
ENSG00000182208,MOB2,30,-0.1059,31,-0.0099,42,0.45612,25,-0.3406
ENSG00000184545,DUSP8,78,0.14682,85,0.51775,49,-0.6181,32,-1.2538
ENSG00000244242,IFITM10,55,0.63007,48,0.60511,10,-2.0618,7,-2.5852
ENSG00000117984,CTSD,290,-0.4141,368,0.04266,380,0.07756,469,0.43121
ENSG00000214026,MRPL23,57,-0.2796,74,0.36785,24,-1.5511,92,0.56712
ENSG00000110651,CD81,511,-0.4012,437,-0.9269,722,0.21640,1580,1.66266
ENSG00000184281,TSSC4,26,0.15918,25,0.13723,5,-2.2709,33,0.58261
ENSG00000129757,CDKN1C,3,-4.0638,48,0.12297,3,-4.0844,169,2.52257
ENSG00000205531,NAP1L4,76,-0.4616,104,0.19834,108,0.16543,103,0.09920
ENSG00000110619,CARS,20,-0.6649,34,0.44025,37,0.38633,22,-0.4743
ENSG00000177105,RHOG,9,-1.8616,18,-1.0928,9,-1.7443,126,3.13129
ENSG00000167323,STIM1,22,-1.5785,88,1.92204,25,-1.2656,23,-1.3721
ENSG00000244734,HBB,193,-5.1334,22,-8.8211,40014,8.08476,555,-3.3815
ENSG00000051009,FAM160A2,12,-0.6430,25,1.16709,11,-0.8048,8,-1.2514
ENSG00000110148,CCKBR,10,-0.9159,29,2.03986,5,-1.9230,1,-3.9476
ENSG00000166311,SMPD1,32,-0.7858,52,0.15735,40,-0.3276,83,0.88322
ENSG00000166313,APBB1,303,-0.4543,508,0.92457,168,-1.3113,294,-0.4454
ENSG00000110171,TRIM3,13,-0.9614,30,0.95144,25,0.16200,10,-1.2438
ENSG00000132254,ARFIP2,36,-0.0203,42,0.38948,36,-0.0462,19,-1.0626
ENSG00000132286,TIMM10B,26,-0.0388,28,0.23774,0,-5.6505,45,0.90523
ENSG00000166333,ILK,51,-0.2611,37,-1.1242,151,1.69861,72,0.31736
ENSG00000166337,TAF10,116,-0.0168,118,0.01470,87,-0.4826,147,0.38129
ENSG00000166340,TPP1,114,0.48521,69,-0.6807,58,-0.6937,155,0.95194
ENSG00000166341,DCHS1,18,0.13335,15,-0.3837,12,-0.5670,29,0.89968
ENSG00000158042,MRPL17,28,-0.2885,40,0.67329,12,-1.5004,32,-0.0273
ENSG00000175390,EIF3F,100,-0.3179,93,-0.6218,238,1.23182,136,0.23470
ENSG00000166402,TUB,42,0.03075,51,0.65998,21,-1.0290,22,-0.9661
ENSG00000166405,RIC3,15,-0.7105,30,1.07680,14,-0.6783,12,-0.9149
ENSG00000166441,RPL27A,429,-0.1654,384,-0.5225,732,0.76640,617,0.46755
ENSG00000166444,ST5,13,-0.6577,22,0.47494,17,-0.1416,19,0.05651
ENSG00000166452,AKIP1,20,-0.4541,31,0.60193,23,-0.1717,18,-0.5494
ENSG00000175348,TMEM9B,55,-0.3151,69,0.15269,67,0.02865,71,0.12849
ENSG00000175352,NRIP3,59,-0.1330,82,0.89210,25,-1.4557,34,-0.9797
ENSG00000184014,DENND5A,63,-0.1057,64,-0.1068,44,-0.6671,106,0.80234
ENSG00000166471,TMEM41B,18,-0.9643,37,0.47983,2,-3.9773,67,1.31860
ENSG00000205339,IPO7,69,-0.0138,85,0.64960,47,-0.6235,31,-1.2614
ENSG00000133812,SBF2,8,-1.2946,22,0.79047,17,-0.0972,18,0.05092
ENSG00000255823,MTRNR2L8,1775,1.20296,746,-0.7978,700,-0.6097,941,-0.1359
ENSG00000110315,RNF141,58,-0.5053,66,-0.4026,64,-0.2973,169,1.40890
ENSG00000072952,MRVI1,26,-0.4324,16,-1.6036,80,1.56660,69,1.27585
ENSG00000198730,CTR9,16,-0.8803,28,0.21401,37,0.61349,27,0.06869
ENSG00000110321,EIF4G2,236,-0.2551,274,0.03220,380,0.57588,217,-0.3540
ENSG00000236287,ZBED5,18,-0.3610,27,0.65037,15,-0.5394,16,-0.4679
ENSG00000110328,GALNT18,15,-0.9422,29,0.40170,38,0.66227,20,-0.3849
ENSG00000170242,USP47,30,-0.3461,38,0.10253,43,0.26207,37,0.04213
ENSG00000050165,DKK3,489,-0.7498,990,1.01619,597,-0.3476,381,-1.0515
ENSG00000133816,MICAL2,62,-0.2430,107,1.62391,3,-4.5980,10,-2.8560
ENSG00000197702,PARVA,37,-0.2677,48,0.32761,58,0.49812,20,-1.1948
ENSG00000133794,ARNTL,23,0.13976,28,0.83179,6,-1.9048,9,-1.3128
ENSG00000148925,BTBD10,36,-0.7705,78,1.30408,51,-0.1299,4,-3.9264
ENSG00000197601,FAR1,28,-0.7071,43,0.06317,14,-1.6476,93,1.41521
ENSG00000262655,SPON1,33,0.34719,24,-0.3948,9,-1.6643,51,1.04041
ENSG00000129083,COPB1,20,-0.6163,34,0.62166,16,-0.8027,31,0.18375
ENSG00000129084,PSMA1,79,-0.3714,131,1.06829,43,-1.2754,48,-1.1044
ENSG00000110696,C11orf58,107,-0.3522,143,0.32031,146,0.19789,100,-0.4134
ENSG00000110700,RPS13,676,-0.4681,548,-1.1207,1990,1.48652,1427,0.85165
ENSG00000011405,PIK3C2A,48,0.69961,28,-0.5437,31,-0.1458,35,0.03340
ENSG00000070081,NUCB2,27,-0.6395,35,-0.3196,86,1.40585,33,-0.2945
ENSG00000187486,KCNJ11,12,0.06848,14,0.36268,0,-4.5818,17,0.54564
ENSG00000006071,ABCC8,9,-1.0141,23,1.19472,14,-0.2587,7,-1.2758
ENSG00000129159,KCNC1,37,0.01460,54,1.48819,0,-5.8046,2,-4.0872
ENSG00000129158,SERGEF,58,0.35050,59,0.63752,22,-1.2032,13,-1.9939
ENSG00000110768,GTF2H1,17,-0.7367,35,0.98071,22,-0.3234,14,-0.9887
ENSG00000134333,LDHA,204,-0.4108,322,0.78401,235,-0.1293,104,-1.3983
ENSG00000074319,TSG101,32,-0.5520,50,0.41007,50,0.23015,35,-0.3519
ENSG00000110786,PTPN5,31,-1.1843,96,1.85442,33,-0.9833,10,-2.7121
ENSG00000165973,NELL1,18,-0.5816,39,1.71977,5,-2.2778,4,-2.6593
ENSG00000171714,ANO5,16,0.09136,16,0.18916,6,-1.3195,18,0.31690
ENSG00000091664,SLC17A6,28,0.40525,25,0.30490,20,-0.2384,6,-2.0613
ENSG00000198168,SVIP,81,-0.4598,107,0.07398,114,0.14792,130,0.36571
ENSG00000187398,LUZP2,42,0.24856,44,0.53393,24,-0.6635,12,-1.6999
ENSG00000134343,ANO3,21,-1.0668,65,2.50191,0,-6.2137,3,-3.7026
ENSG00000176971,FIBIN,33,0.58429,9,-2.2159,37,0.67947,61,1.60860
ENSG00000129151,BBOX1,26,0.21312,12,-1.4300,13,-0.9095,71,2.10077
ENSG00000109881,CCDC34,18,-1.0048,40,0.72769,53,0.84423,7,-2.2105
ENSG00000148943,LIN7C,50,-0.2340,65,0.44445,46,-0.3474,46,-0.3337
ENSG00000176697,BDNF,11,-0.3022,17,1.14349,7,-0.7888,2,-2.6377
ENSG00000152219,ARL14EP,10,-0.7255,23,1.37621,3,-2.3431,10,-0.6594
ENSG00000066382,MPPED2,8,-0.9873,19,0.97594,15,0.10965,6,-1.1736
ENSG00000170946,DNAJC24,12,-0.7929,25,1.12264,11,-0.8343,11,-0.7320
ENSG00000148950,IMMP1L,42,0.08664,53,0.91173,5,-3.0804,22,-0.9461
ENSG00000109911,ELP4,11,-0.7353,18,0.15155,0,-5.0730,42,1.60357
ENSG00000007372,PAX6,32,0.90146,9,-1.7120,28,0.48204,36,0.94819
ENSG00000049449,RCN1,33,-0.9199,51,-0.2337,131,1.55270,42,-0.4394
ENSG00000149100,EIF3M,78,-0.2057,99,0.36866,63,-0.5246,85,-0.0413
ENSG00000060749,QSER1,16,-0.0591,13,-0.6133,13,-0.4453,36,1.35314
ENSG00000280798,LINC00294,27,-0.1633,38,0.91581,8,-1.8674,18,-0.7285
ENSG00000176102,CSTF3,28,0.01501,36,0.86228,2,-3.8471,21,-0.4769
ENSG00000110422,HIPK3,25,-0.5840,38,0.34590,48,0.58122,22,-0.6710
ENSG00000110427,KIAA1549L,83,-0.5461,161,1.37823,59,-1.0048,22,-2.4482
ENSG00000085063,CD59,196,-0.1878,170,-0.6279,437,1.23562,224,0.05225
ENSG00000110429,FBXO3,44,-0.6583,84,0.95775,53,-0.3057,31,-1.1144
ENSG00000135363,LMO2,26,-1.0841,22,-1.7564,209,3.05252,36,-0.4719
ENSG00000135387,CAPRIN1,75,-0.4665,110,0.41301,61,-0.7179,119,0.35690
ENSG00000121691,CAT,30,-0.0854,22,-0.8100,10,-1.6931,89,1.94856
ENSG00000110435,PDHX,41,0.14716,50,0.88728,0,-6.1940,24,-0.7288
ENSG00000110436,SLC1A2,3174,1.27235,1552,-0.3686,549,-1.8306,1122,-0.7380
ENSG00000149090,PAMR1,44,0.87863,22,-0.6121,21,-0.4612,30,0.07126
ENSG00000179431,FJX1,22,0.14933,25,0.67221,9,-1.2676,9,-1.1709
ENSG00000166326,TRIM44,72,-0.2104,108,1.03541,18,-2.3122,49,-0.7906
ENSG00000110442,COMMD9,49,-0.1135,66,0.78066,16,-1.8218,39,-0.4690
ENSG00000166352,C11orf74,20,-0.6158,24,-0.3512,57,1.27126,28,0.00656
ENSG00000148948,LRRC4C,19,-0.6658,41,1.56192,1,-4.4973,16,-0.8573
ENSG00000166181,API5,42,-0.7283,82,0.87991,36,-0.8988,57,-0.1592
ENSG00000052841,TTC17,14,-0.0222,16,0.28070,0,-4.8485,23,0.80241
ENSG00000149084,HSD17B12,88,-0.2283,87,-0.3642,144,0.61494,129,0.43384
ENSG00000187479,C11orf96,31,-2.2561,15,-3.8452,743,4.55872,95,-0.3831
ENSG00000151348,EXT2,15,-0.8243,31,0.75909,4,-2.6608,38,0.72382
ENSG00000085117,CD82,11,-0.9223,10,-1.3291,1,-4.2301,86,3.14460
ENSG00000175274,TP53I11,20,-2.0356,57,-0.4014,47,-0.5519,217,2.25328
ENSG00000019505,SYT13,99,-0.4807,172,1.02541,108,-0.2743,31,-2.1594
ENSG00000175264,CHST1,78,-1.0642,226,1.95587,57,-1.4304,19,-3.0361
ENSG00000121671,CRY2,63,-0.1987,94,0.97886,23,-1.7484,40,-0.9081
ENSG00000121653,MAPK8IP1,190,-0.0268,208,0.21669,62,-1.7608,271,0.57583
ENSG00000121680,PEX16,35,0.11743,38,0.50059,23,-0.5772,16,-1.1328
ENSG00000149091,DGKZ,265,-0.3125,420,1.02070,183,-0.8595,114,-1.5816
ENSG00000110497,AMBRA1,12,-0.2884,18,0.84323,4,-1.7368,12,-0.3246
ENSG00000175224,ATG13,45,-0.3039,56,0.15526,27,-1.0414,84,0.76750
ENSG00000175220,ARHGAP1,28,-1.0723,54,0.19035,53,0.05509,82,0.81636
ENSG00000175216,CKAP5,44,-0.4002,71,0.88635,28,-1.0524,37,-0.6212
ENSG00000134569,LRP4,54,0.50134,36,-0.4566,8,-2.5048,79,1.09119
ENSG00000149179,C11orf49,66,0.04171,72,0.35190,28,-1.3064,67,0.05532
ENSG00000149182,ARFGAP2,64,-0.6911,104,0.28732,129,0.52988,82,-0.2348
ENSG00000134575,ACP2,21,-0.7030,43,1.16782,7,-2.2513,27,-0.2249
ENSG00000110514,MADD,76,-0.7828,155,0.94770,120,0.03226,48,-1.3905
ENSG00000165915,SLC39A13,18,-0.5772,20,-0.4950,52,1.32702,27,0.17032
ENSG00000165916,PSMC3,115,-0.3504,151,0.24042,175,0.38382,104,-0.4603
ENSG00000149187,CELF1,67,-0.5063,127,1.37544,36,-1.4158,26,-1.8816
ENSG00000213619,NDUFS3,130,-0.2131,154,0.17053,210,0.62232,78,-0.9948
ENSG00000110536,PTPMT1,50,0.08286,46,-0.1492,26,-0.9724,76,0.78059
ENSG00000123444,KBTBD4,7,-1.5156,21,0.55325,16,-0.1687,27,0.69778
ENSG00000172247,C1QTNF4,222,-0.4369,391,1.19656,172,-0.7804,66,-2.2372
ENSG00000109919,MTCH2,42,-0.3306,56,0.29557,53,0.06795,44,-0.2209
ENSG00000149177,PTPRJ,19,-0.6509,39,1.38712,0,-5.4816,21,-0.3903
ENSG00000134817,APLNR,3,-4.7323,2,-5.8593,111,0.89139,405,4.47981
ENSG00000149136,SSRP1,33,0.03020,37,0.40146,2,-4.1900,44,0.51122
ENSG00000186907,RTN4RL2,28,-0.1722,40,0.90753,8,-2.0899,21,-0.5846
ENSG00000134809,TIMM10,37,-0.4619,55,0.45126,25,-1.0071,61,0.42818
ENSG00000156587,UBE2L6,44,-0.0419,27,-1.1950,91,1.21941,74,0.82353
ENSG00000149131,SERPING1,27,-1.4791,13,-3.1690,191,2.02330,221,2.37578
ENSG00000166793,YPEL4,17,-0.7568,41,1.81047,0,-5.6891,11,-1.3143
ENSG00000156599,ZDHHC5,15,-0.4465,24,0.83094,12,-0.6478,12,-0.7205
ENSG00000156603,MED19,21,-0.4373,30,0.36351,22,-0.3058,29,0.14250
ENSG00000213593,TMX2,62,-0.6560,99,0.33874,87,-0.0216,102,0.23108
ENSG00000211450,SELENOH,206,-0.0382,255,0.62605,186,-0.1973,62,-1.8809
ENSG00000198561,CTNND1,42,0.46588,28,-0.4835,45,0.48939,27,-0.3510
ENSG00000186660,ZFP91,36,-0.2644,40,-0.1192,42,0.01296,59,0.59460
ENSG00000110042,DTX4,15,-0.6320,27,0.78632,17,-0.3734,15,-0.5184
ENSG00000110048,OSBP,19,-0.8250,37,0.64431,38,0.38660,18,-0.8288
ENSG00000166902,MRPL16,31,0.01465,34,0.31046,11,-1.5723,36,0.28965
ENSG00000110107,PRPF19,72,-0.4804,126,1.00668,42,-1.2589,62,-0.6559
ENSG00000110108,TMEM109,9,-2.1925,22,-1.0593,115,2.29822,54,0.76278
ENSG00000006118,TMEM132A,116,-0.1129,146,0.54725,47,-1.4831,120,-0.0392
ENSG00000167987,VPS37C,10,-0.8441,21,0.80449,12,-0.4662,15,-0.1540
ENSG00000167986,DDB1,84,-0.5245,115,0.08876,101,-0.1534,163,0.64561
ENSG00000149476,TKFC,10,-1.7253,44,2.04763,3,-3.3158,19,-0.5473
ENSG00000149532,CPSF7,22,-0.8179,38,0.23037,42,0.26002,44,0.36141
ENSG00000167985,SDHAF2,24,-0.7648,33,-0.3203,72,1.16693,44,0.28700
ENSG00000011347,SYT7,93,-0.5586,192,1.62584,43,-1.6729,17,-3.0212
ENSG00000134780,DAGLA,23,-0.3409,40,1.35760,6,-2.2475,9,-1.6634
ENSG00000124920,MYRF,3,-4.2139,43,-0.5918,1,-5.4049,254,3.27387
ENSG00000134825,TMEM258,148,-0.2098,142,-0.3973,134,-0.3356,321,1.16810
ENSG00000134824,FADS2,102,-0.0732,67,-1.1030,116,0.14793,260,1.61979
ENSG00000149485,FADS1,41,-0.8269,46,-0.8401,59,-0.1597,193,2.03980
ENSG00000221968,FADS3,31,-0.2893,38,0.13381,27,-0.5075,51,0.53215
ENSG00000167996,FTH1,3716,-0.1228,3482,-0.3525,4049,0.03499,6302,0.79593
ENSG00000162174,ASRGL1,100,0.50426,73,-0.1685,45,-0.8816,85,0.14237
ENSG00000124942,AHNAK,60,-1.1590,26,-2.9295,277,1.58354,420,2.54285
ENSG00000254772,EEF1G,297,-0.3539,273,-0.7038,710,1.20139,475,0.47284
ENSG00000149489,ROM1,22,-0.3014,10,-2.0732,57,1.37887,68,1.74779
ENSG00000149541,B3GAT3,64,-0.2998,78,0.08672,57,-0.4563,107,0.59605
ENSG00000089597,GANAB,37,-0.6904,61,0.36889,40,-0.4645,74,0.53415
ENSG00000204922,UQCC3,40,-0.2221,38,-0.4373,67,0.68197,60,0.48376
ENSG00000162191,UBXN1,49,-0.6613,68,-0.0699,106,0.70046,84,0.30069
ENSG00000168000,BSCL2,250,-0.4911,427,0.91628,241,-0.4895,163,-1.1044
ENSG00000162188,GNG3,427,-0.0600,597,1.07180,200,-1.2439,81,-2.5885
ENSG00000214753,HNRNPUL2,68,-0.4123,101,0.56944,76,-0.1697,61,-0.5377
ENSG00000162222,TTC9C,15,-0.2467,25,1.52292,0,-5.0702,4,-1.9948
ENSG00000168002,POLR2G,79,-0.0386,69,-0.4100,81,0.01142,129,0.80467
ENSG00000168569,TMEM223,9,-0.8648,20,1.09888,0,-4.3578,19,0.37869
ENSG00000185475,TMEM179B,19,-0.3914,15,-1.0170,47,1.24726,40,0.92532
ENSG00000162231,NXF1,13,-0.7043,23,0.53199,20,0.08214,16,-0.2439
ENSG00000162236,STX5,21,-0.7657,39,0.55148,31,-0.1022,32,-0.0103
ENSG00000133316,WDR74,20,-0.0301,27,0.91632,3,-2.6030,12,-0.7705
ENSG00000168003,SLC3A2,111,-0.3205,97,-0.7795,159,0.30932,286,1.37835
ENSG00000168539,CHRM1,44,-0.8426,111,1.90672,29,-1.3692,0,-6.6617
ENSG00000133321,PLAAT4,14,-1.5325,6,-3.3691,90,1.69664,140,2.76082
ENSG00000176485,PLAAT3,45,-1.2862,54,-1.2860,84,-0.1667,356,2.66903
ENSG00000184743,ATL3,11,-1.4250,16,-1.1830,61,1.49210,63,1.56539
ENSG00000133318,RTN3,758,-0.4598,1355,1.20210,323,-1.7189,515,-1.0085
ENSG00000188070,C11orf95,16,-0.7904,35,1.22285,7,-1.9805,21,-0.3085
ENSG00000072518,MARK2,30,-0.3473,47,0.94891,32,-0.1869,6,-2.6581
ENSG00000176340,COX8A,682,0.17256,636,0.05715,592,-0.0854,491,-0.3893
ENSG00000167770,OTUB1,139,-0.4387,219,0.72165,159,-0.1623,94,-0.9945
ENSG00000168439,STIP1,53,-0.3341,83,0.95331,14,-2.3372,52,-0.3003
ENSG00000149743,TRPT1,33,0.65929,20,-0.5055,28,0.27211,18,-0.4494
ENSG00000149761,NUDT22,37,0.43766,27,-0.2973,22,-0.4549,35,0.25809
ENSG00000110011,DNAJC4,50,0.33028,35,-0.4957,39,-0.1407,59,0.57067
ENSG00000173511,VEGFB,160,0.14886,104,-0.8821,189,0.40335,261,0.97736
ENSG00000173486,FKBP2,50,0.00014,36,-0.8605,60,0.28735,100,1.19436
ENSG00000173457,PPP1R14B,76,0.20989,52,-0.6870,127,1.06736,59,-0.2355
ENSG00000002330,BAD,134,0.01013,142,0.18863,126,-0.0803,103,-0.4111
ENSG00000173264,GPR137,33,-0.5199,47,0.25583,41,-0.0931,52,0.29416
ENSG00000182450,KCNK4,14,-0.1889,23,1.70284,0,-4.7750,0,-5.3254
ENSG00000173153,ESRRA,33,0.23953,27,-0.1987,39,0.46846,20,-0.5852
ENSG00000173113,TRMT112,104,-0.3444,128,0.06900,148,0.27292,133,0.10148
ENSG00000126432,PRDX5,395,-0.0314,390,-0.0831,429,0.11077,433,0.12554
ENSG00000162302,RPS6KA4,35,-0.1830,41,0.18452,47,0.34077,27,-0.5680
ENSG00000110076,NRXN2,173,-0.6050,336,1.21131,185,-0.4223,49,-2.4472
ENSG00000068831,RASGRP2,25,-0.4415,20,-1.0748,104,2.25757,19,-0.8138
ENSG00000068976,PYGM,42,0.80181,12,-1.9040,24,-0.2768,72,1.69424
ENSG00000168066,SF1,65,-0.6255,106,0.47579,68,-0.4731,107,0.27420
ENSG00000168067,MAP4K2,17,-0.8281,33,0.63690,37,0.53607,13,-1.1189
ENSG00000133895,MEN1,14,-0.5631,26,1.08678,8,-1.3470,13,-0.6611
ENSG00000110047,EHD1,16,-1.2622,23,-0.9165,14,-1.3322,130,2.68025
ENSG00000110046,ATG2A,20,0.12352,24,0.73046,2,-3.3783,15,-0.4260
ENSG00000068971,PPP2R5B,47,-0.5342,78,0.71441,55,-0.2223,41,-0.6683
ENSG00000213465,ARL2,112,-0.8552,201,0.33745,159,-0.1974,252,0.57450
ENSG00000110025,SNX15,24,-0.6272,31,-0.2119,60,1.01041,36,0.13603
ENSG00000168061,SAC3D1,15,-0.2181,23,1.05313,3,-2.5550,11,-0.7412
ENSG00000162300,ZFPL1,25,-0.0087,23,-0.2185,26,0.10048,31,0.37284
ENSG00000149823,VPS51,79,-0.2804,111,0.59197,38,-1.4009,98,0.09233
ENSG00000149809,TM7SF2,68,-0.2766,80,0.04076,20,-2.0776,155,1.17908
ENSG00000149806,FAU,920,-0.2032,822,-0.5777,1560,0.71831,1508,0.65824
ENSG00000162298,SYVN1,16,-1.1115,40,0.81572,6,-2.3936,51,0.82693
ENSG00000149792,MRPL49,18,-0.5777,22,-0.3698,53,1.28084,25,-0.0198
ENSG00000014216,CAPN1,24,-0.7112,41,0.48003,24,-0.6121,46,0.44646
ENSG00000133884,DPF2,18,-0.2764,21,0.06242,25,0.30877,21,-0.0263
ENSG00000245532,NEAT1,17,-2.2133,16,-2.7651,226,2.42110,194,2.04723
ENSG00000251562,MALAT1,652,-0.5005,472,-1.3931,2692,2.18122,961,0.19323
ENSG00000142186,SCYL1,60,0.26789,51,-0.1038,69,0.44960,28,-0.9616
ENSG00000168056,LTBP3,68,-0.5951,68,-0.8138,136,0.62118,209,1.41958
ENSG00000173465,ZNRD2,19,-0.1866,22,0.17703,14,-0.6459,27,0.40605
ENSG00000176973,FAM89B,48,-0.3823,65,0.27689,46,-0.4016,71,0.31528
ENSG00000173442,EHBP1L1,52,0.19830,45,-0.1195,68,0.62127,24,-1.0655
ENSG00000173327,MAP3K11,5,-2.4674,17,-0.8496,44,1.05688,69,1.95953
ENSG00000197136,PCNX3,23,0.56676,19,0.40174,6,-1.5536,7,-1.3266
ENSG00000173039,RELA,19,-0.0464,17,-0.3596,22,0.14853,29,0.63229
ENSG00000172977,KAT5,24,-0.4537,28,-0.2029,50,0.85055,33,0.12173
ENSG00000172922,RNASEH2C,39,-0.7956,61,0.01702,73,0.30405,91,0.67787
ENSG00000172757,CFL1,708,-0.5026,1126,0.61952,815,-0.2145,700,-0.4583
ENSG00000172803,SNX32,14,-0.1879,23,1.35585,3,-2.3159,3,-2.3823
ENSG00000172732,MUS81,15,-0.2012,17,0.05322,7,-1.4186,29,0.94146
ENSG00000172638,EFEMP2,22,-0.3844,15,-1.3126,32,0.27952,79,1.98837
ENSG00000172500,FIBP,70,-0.0801,89,0.59544,32,-1.3213,61,-0.2925
ENSG00000175602,CCDC85B,566,0.17826,594,0.43862,324,-0.7461,298,-0.8761
ENSG00000175573,C11orf68,58,-0.3058,83,0.62071,55,-0.3428,44,-0.7074
ENSG00000175550,DRAP1,121,0.05651,119,0.04662,80,-0.6265,141,0.30267
ENSG00000175467,SART1,17,-0.4217,24,0.39966,24,0.20081,15,-0.5149
ENSG00000175376,EIF1AD,9,-1.1662,26,1.18713,11,-0.8698,15,-0.3098
ENSG00000175334,BANF1,96,-0.4207,119,-0.0190,152,0.39385,140,0.25784
ENSG00000175229,GAL3ST3,13,-0.5434,26,1.52012,0,-4.5596,9,-1.0071
ENSG00000087365,SF3B2,70,-0.5368,98,0.13215,121,0.42135,98,0.06096
ENSG00000175115,PACS1,36,-0.6017,68,1.00273,38,-0.4752,24,-1.1717
ENSG00000174996,KLC2,77,-0.1149,112,1.10782,32,-1.4585,21,-2.1037
ENSG00000174903,RAB1B,90,-0.3950,124,0.31974,116,0.07565,99,-0.1834
ENSG00000174871,CNIH2,206,0.03984,257,0.82320,118,-0.8557,52,-2.0784
ENSG00000174851,YIF1A,30,-0.4394,30,-0.6291,26,-0.5751,99,1.73653
ENSG00000179292,TMEM151A,58,-0.4831,80,0.19546,38,-1.0772,127,0.89778
ENSG00000174791,RIN1,6,-1.3446,22,2.17999,0,-4.7097,6,-1.1794
ENSG00000174744,BRMS1,10,-0.7714,16,-0.0775,14,-0.2545,32,1.16899
ENSG00000174684,B4GAT1,243,-0.7356,502,1.14200,234,-0.7133,189,-1.0417
ENSG00000174547,MRPL11,20,-0.4425,22,-0.4316,63,1.61061,15,-0.8477
ENSG00000174516,PELI3,26,-0.4994,41,0.59342,39,0.24158,17,-1.0801
ENSG00000174483,BBS1,20,-0.1425,21,-0.0160,27,0.40841,19,-0.1875
ENSG00000174165,ZDHHC24,25,-0.3419,37,0.63528,14,-1.2005,30,-0.0012
ENSG00000174080,CTSF,146,-0.0040,149,0.06282,52,-1.5998,228,0.75848
ENSG00000173992,CCS,31,-0.5170,39,-0.1026,20,-1.0912,87,1.34306
ENSG00000239306,RBM14,30,-0.1615,39,0.55222,4,-2.8973,41,0.38315
ENSG00000173933,RBM4,66,-0.1941,86,0.51931,54,-0.4845,54,-0.4835
ENSG00000173914,RBM4B,12,-0.5841,15,-0.2413,34,1.24109,14,-0.2477
ENSG00000173898,SPTBN2,155,0.36123,146,0.38266,92,-0.5407,46,-1.6051
ENSG00000173599,PC,57,0.24841,39,-0.6225,40,-0.3658,89,1.00478
ENSG00000173621,LRFN4,35,-0.4939,48,0.11220,91,1.18781,16,-1.6466
ENSG00000173227,SYT12,38,-0.1733,52,0.67697,32,-0.4283,20,-1.1450
ENSG00000173120,KDM2A,20,-0.5441,37,1.03782,18,-0.6361,12,-1.2329
ENSG00000173020,GRK2,123,-0.1739,172,0.82362,82,-0.7898,61,-1.2508
ENSG00000172932,ANKRD13D,45,-0.2121,57,0.39795,54,0.13355,29,-0.8690
ENSG00000175482,POLD4,26,-0.3183,34,0.29247,16,-0.9702,42,0.52584
ENSG00000172531,PPP1CA,58,-0.7249,104,0.56084,119,0.52809,45,-1.0300
ENSG00000172508,CARNS1,4,-4.0278,28,-1.4476,1,-5.2676,304,4.08525
ENSG00000175634,RPS6KB2,16,-0.3614,16,-0.4817,5,-1.9527,55,1.85752
ENSG00000172725,CORO1B,20,0.00881,15,-0.6970,24,0.31626,35,0.95038
ENSG00000172663,TMEM134,23,-0.6337,29,-0.3052,61,1.07542,38,0.24134
ENSG00000110711,AIP,42,-0.2718,51,0.10796,13,-2.0058,90,1.06900
ENSG00000110697,PITPNM1,64,0.61661,51,0.22750,31,-0.6724,15,-1.7712
ENSG00000167797,CDK2AP2,52,-0.0820,35,-1.0742,45,-0.3024,147,1.81625
ENSG00000084207,GSTP1,220,-0.4111,192,-0.8968,393,0.61040,596,1.38054
ENSG00000167792,NDUFV1,154,-0.3524,212,0.40538,167,-0.1711,164,-0.2002
ENSG00000110717,NDUFS8,191,-0.1131,212,0.12715,182,-0.1760,212,0.06667
ENSG00000110721,CHKA,24,-0.0596,23,-0.2165,16,-0.7380,44,0.94949
ENSG00000110066,KMT5B,16,-0.8671,29,0.36988,17,-0.6070,40,0.77097
ENSG00000171067,C11orf24,15,0.05326,15,0.18674,5,-1.4773,19,0.43528
ENSG00000110075,PPP6R3,23,-0.3994,29,-0.0506,35,0.27508,37,0.41130
ENSG00000110090,CPT1A,23,0.87530,10,-1.0359,14,-0.0730,21,0.55184
ENSG00000197345,MRPL21,42,-0.0472,54,0.75221,7,-2.7670,37,-0.2377
ENSG00000110092,CCND1,12,-1.4242,11,-1.9180,12,-1.2786,141,3.54231
ENSG00000131626,PPFIA1,21,-0.0204,21,-0.0365,25,0.27330,19,-0.1834
ENSG00000085733,CTTN,43,-0.5443,66,0.37946,43,-0.4677,72,0.36008
ENSG00000162105,SHANK2,55,0.19814,65,0.88503,16,-1.7236,13,-2.0573
ENSG00000172893,DHCR7,34,-0.1490,35,-0.1068,16,-1.2361,68,1.06575
ENSG00000137522,RNF121,20,-0.1546,29,1.02095,8,-1.4438,8,-1.4472
ENSG00000137497,NUMA1,47,-0.4337,51,-0.4354,65,0.14586,115,1.14814
ENSG00000149357,LAMTOR1,149,-0.1712,157,-0.0981,161,-0.0224,215,0.47095
ENSG00000110200,ANAPC15,66,0.05439,62,-0.0789,86,0.50224,45,-0.5616
ENSG00000165458,INPPL1,19,-0.2223,14,-1.0505,29,0.48350,50,1.48530
ENSG00000162129,CLPB,26,-0.0792,35,0.83735,12,-1.3241,14,-1.0385
ENSG00000186642,PDE2A,121,-0.6814,253,1.36963,124,-0.5540,25,-2.9415
ENSG00000186635,ARAP1,16,-0.9365,26,-0.1650,23,-0.2932,62,1.41487
ENSG00000214530,STARD10,24,-0.9806,52,0.64661,48,0.18814,36,-0.2794
ENSG00000137478,FCHSD2,16,-0.3729,18,-0.2405,10,-1.0671,44,1.39475
ENSG00000110237,ARHGEF17,25,-0.9589,46,0.19611,64,0.69946,45,0.08245
ENSG00000054965,FAM168A,101,-0.0961,116,0.27477,84,-0.3654,97,-0.1367
ENSG00000021300,PLEKHB1,236,-0.4554,194,-1.0737,155,-1.0514,1010,2.32920
ENSG00000175582,RAB6A,143,-0.3064,224,0.97861,89,-1.0148,79,-1.2064
ENSG00000175581,MRPL48,18,-0.7602,29,0.11314,23,-0.3205,48,0.92451
ENSG00000181924,COA4,26,-0.0764,26,-0.1456,0,-5.7517,63,1.46172
ENSG00000175575,PAAF1,27,-0.3587,36,0.26912,1,-4.9004,64,1.16346
ENSG00000214517,PPME1,49,-0.7213,101,1.12935,49,-0.6507,36,-1.1085
ENSG00000165434,PGM2L1,156,-0.5785,315,1.46869,129,-0.8084,12,-4.2376
ENSG00000118363,SPCS2,150,0.30700,107,-0.4822,171,0.47942,128,-0.0035
ENSG00000137491,SLCO2B1,36,0.44413,21,-0.7881,48,0.87731,26,-0.1595
ENSG00000137486,ARRB1,102,0.28458,95,0.23799,39,-1.2929,81,-0.1368
ENSG00000149273,RPS3,354,-0.7008,389,-0.7397,1047,1.23520,847,0.83963
ENSG00000158555,GDPD5,17,-0.1697,26,1.08866,7,-1.5725,7,-1.5868
ENSG00000171533,MAP6,61,-0.3885,99,0.95079,36,-1.1594,47,-0.7579
ENSG00000137492,THAP12,20,-0.2659,32,1.06888,0,-5.5355,19,-0.3198
ENSG00000255135,AP002360.1,18,-0.5652,22,-0.2477,58,1.56665,12,-1.1210
ENSG00000078124,ACER3,17,-0.8458,32,0.44892,0,-5.7095,58,1.32564
ENSG00000149260,CAPN5,23,0.32820,25,0.74965,5,-1.8894,6,-1.7481
ENSG00000149269,PAK1,132,-0.3744,241,1.53077,43,-2.0360,24,-2.8894
ENSG00000074201,CLNS1A,69,0.03364,60,-0.3305,78,0.23454,86,0.40150
ENSG00000048649,RSF1,58,0.20120,60,0.41070,34,-0.7176,30,-0.8735
ENSG00000087884,AAMDC,6,-2.0811,17,-0.6668,33,0.69981,62,1.92805
ENSG00000151366,NDUFC2,186,-0.6723,313,0.46389,253,-0.1018,280,0.06284
ENSG00000149256,TENM4,17,-0.3679,25,0.57116,15,-0.5186,18,-0.2636
ENSG00000182103,FAM181B,39,-0.0986,30,-0.8072,26,-0.7216,107,1.71478
ENSG00000137509,PRCP,45,-0.4957,36,-1.2037,121,1.25344,120,1.23795
ENSG00000137502,RAB30,27,-0.4836,37,0.20086,10,-1.9577,67,1.12279
ENSG00000165494,PCF11,13,-0.7633,25,0.84842,12,-0.8102,18,-0.1002
ENSG00000137494,ANKRD42,9,-1.1979,22,0.57435,32,0.95584,8,-1.2163
ENSG00000137500,CCDC90B,26,-0.6365,35,-0.1225,47,0.40618,55,0.67267
ENSG00000150672,DLG2,103,0.26200,108,0.57839,26,-1.9333,57,-0.7266
ENSG00000171204,TMEM126B,49,0.11159,60,0.83679,11,-2.2395,24,-1.0442
ENSG00000171202,TMEM126A,41,0.09112,48,0.64143,12,-1.8232,28,-0.5338
ENSG00000137504,CREBZF,13,-0.7195,27,0.97551,2,-2.9711,24,0.31467
ENSG00000137501,SYTL2,18,-0.6411,36,1.29756,1,-4.4631,22,-0.2591
ENSG00000073921,PICALM,39,-1.1643,81,0.23797,75,-0.0146,124,0.85639
ENSG00000149196,HIKESHI,45,-0.1463,65,1.03222,15,-1.7679,22,-1.2498
ENSG00000151376,ME3,24,-0.4749,35,0.35407,46,0.65177,15,-1.1067
ENSG00000166575,TMEM135,13,-0.0855,16,0.54707,12,-0.2548,6,-1.1532
ENSG00000168959,GRM5,34,-1.1011,101,1.83475,42,-0.6837,1,-5.6671
ENSG00000110172,CHORDC1,16,-0.5788,27,0.74261,13,-0.7925,20,-0.1304
ENSG00000165323,FAT3,30,0.36809,28,0.40213,13,-0.9574,12,-1.1260
ENSG00000180773,SLC36A4,18,-0.0277,22,0.59860,16,-0.2720,6,-1.5825
ENSG00000166012,TAF1D,66,-0.0147,71,0.20675,87,0.44983,28,-1.3553
ENSG00000166025,AMOTL1,9,-2.4577,47,0.40156,110,1.81168,13,-1.7906
ENSG00000150316,CWC15,71,-0.4902,87,-0.1790,142,0.71997,110,0.29026
ENSG00000263465,SRSF8,51,-0.2959,82,1.10543,16,-1.9938,33,-0.9438
ENSG00000149218,ENDOD1,32,-0.7232,39,-0.5108,40,-0.2603,120,1.67354
ENSG00000149212,SESN3,68,-0.6921,143,1.34159,26,-2.0579,63,-0.7410
ENSG00000166037,CEP57,13,-0.3920,15,-0.1777,25,0.69734,18,0.18986
ENSG00000087053,MTMR2,7,-1.8313,26,0.68919,7,-1.5526,42,1.22785
ENSG00000149231,CCDC82,19,-1.0898,37,0.16205,52,0.62986,44,0.36623
ENSG00000149972,CNTN5,27,0.62072,23,0.45887,13,-0.6923,0,-7.0734
ENSG00000110318,CEP126,29,0.17809,32,0.63146,16,-0.8195,9,-1.6494
ENSG00000110330,BIRC2,37,-0.5919,49,-0.1576,98,1.13073,44,-0.2397
ENSG00000152558,TMEM123,29,-0.6949,18,-1.8643,73,0.88256,142,2.25422
ENSG00000137692,DCUN1D5,27,0.21712,25,0.20044,23,-0.0725,12,-1.0048
ENSG00000152578,GRIA4,52,-0.5896,104,1.44371,14,-2.5112,36,-1.0866
ENSG00000170903,MSANTD4,16,-0.1689,17,-0.1812,6,-1.5547,37,1.27058
ENSG00000149313,AASDHPPT,55,-0.6830,114,1.29825,43,-0.9804,31,-1.4516
ENSG00000152402,GUCY1A2,31,-0.0702,44,1.11320,8,-2.1077,11,-1.6666
ENSG00000110675,ELMOD1,47,-0.9993,133,1.97213,28,-1.6827,11,-2.9956
ENSG00000166266,CUL5,32,-0.1169,44,0.80783,9,-2.0502,26,-0.4428
ENSG00000075239,ACAT1,46,-0.5697,66,0.17856,70,0.20553,72,0.23898
ENSG00000149311,ATM,13,-0.6387,16,-0.4438,42,1.40221,19,0.01170
ENSG00000178105,DDX10,13,-0.3135,20,0.81515,14,-0.2371,5,-1.6760
ENSG00000185742,C11orf87,41,-0.6117,95,2.16414,1,-5.8059,0,-7.4832
ENSG00000137710,RDX,42,-0.7831,50,-0.6925,44,-0.6372,196,2.04802
ENSG00000137714,FDX1,23,0.02571,28,0.63817,2,-3.5905,23,0.01451
ENSG00000137727,ARHGAP20,14,-0.7952,36,1.92885,5,-2.1293,2,-3.2049
ENSG00000170145,SIK2,27,-0.4322,44,0.85151,10,-1.7848,32,-0.0853
ENSG00000086848,ALG9,17,-0.2618,18,-0.2338,49,1.66654,1,-3.6955
ENSG00000137720,C11orf1,25,-0.1375,27,0.02898,40,0.67676,16,-0.7858
ENSG00000109846,CRYAB,153,-2.1676,184,-2.3251,505,-0.1525,2889,3.70480
ENSG00000170276,HSPB2,17,-0.6944,13,-1.3863,69,1.90434,40,0.84376
ENSG00000150764,DIXDC1,26,-0.8464,47,0.41000,40,-0.0300,50,0.30819
ENSG00000150768,DLAT,29,-0.4967,50,0.82011,35,-0.1488,17,-1.2582
ENSG00000150776,NKAPD1,14,-0.7978,26,0.53921,32,0.65681,11,-1.0891
ENSG00000150779,TIMM8B,134,0.27551,112,-0.1072,89,-0.4360,127,0.13492
ENSG00000204370,SDHD,52,-0.1951,61,0.14021,61,0.09174,55,-0.0933
ENSG00000150787,PTS,62,0.06052,68,0.39790,56,-0.1138,27,-1.2431
ENSG00000250303,LINC02762,19,-0.4159,28,0.61256,16,-0.5858,20,-0.2295
ENSG00000149294,NCAM1,191,-0.7706,371,0.80044,136,-1.2052,334,0.22351
ENSG00000109906,ZBTB16,44,0.12804,42,0.04595,17,-1.4094,58,0.56026
ENSG00000076043,REXO2,17,-0.6900,22,-0.2887,40,0.79948,36,0.61487
ENSG00000182985,CADM1,73,-0.4143,109,0.56992,60,-0.6517,87,-0.0797
ENSG00000109917,ZPR1,27,0.07960,34,0.96944,4,-2.5655,11,-1.3233
ENSG00000160584,SIK3,49,-0.4912,79,0.66337,30,-1.2144,71,0.15647
ENSG00000168092,PAFAH1B2,102,-0.5355,171,0.74390,90,-0.6569,113,-0.3021
ENSG00000149577,SIDT2,17,-0.5863,25,0.25362,31,0.45147,21,-0.1932
ENSG00000149591,TAGLN,19,-3.8795,6,-6.0996,1620,6.28025,81,-1.5634
ENSG00000160613,PCSK7,13,-0.6189,20,0.38659,27,0.72169,9,-1.0534
ENSG00000186318,BACE1,32,-1.0516,69,0.50367,25,-1.3307,104,0.99247
ENSG00000177103,DSCAML1,8,-1.0986,20,1.05200,0,-4.8546,22,0.67541
ENSG00000137726,FXYD6,356,-0.5202,600,0.79717,365,-0.4191,303,-0.7130
ENSG00000177098,SCN4B,21,0.28407,23,0.84598,0,-5.1389,9,-1.0456
ENSG00000149575,SCN2B,89,-0.1505,122,0.78250,69,-0.5467,36,-1.5153
ENSG00000110344,UBE4A,29,-0.6489,49,0.45527,20,-1.1579,63,0.68019
ENSG00000167283,ATP5MG,472,-0.1321,561,0.31139,467,-0.1335,396,-0.3980
ENSG00000118058,KMT2A,29,-0.8649,55,0.51846,64,0.53186,32,-0.6168
ENSG00000149582,TMEM25,26,-0.8612,56,0.87340,44,0.02382,24,-0.8969
ENSG00000118096,IFT46,21,-0.0287,29,0.94006,9,-1.3808,7,-1.6223
ENSG00000095139,ARCN1,25,-0.8360,51,0.88641,13,-1.6508,48,0.30704
ENSG00000019144,PHLDB1,18,-1.4789,29,-0.9871,14,-1.7458,180,2.90563
ENSG00000110367,DDX6,96,-0.2911,138,0.65353,78,-0.5933,79,-0.5650
ENSG00000278376,AP004609.3,25,-0.2598,26,-0.2211,28,-0.0162,45,0.77744
ENSG00000118181,RPS25,904,-0.1398,711,-0.7945,1786,1.05925,1344,0.54660
ENSG00000196655,TRAPPC4,41,-0.2688,53,0.29716,19,-1.4520,70,0.64264
ENSG00000149428,HYOU1,36,-0.6998,68,0.83857,35,-0.6409,44,-0.2926
ENSG00000160695,VPS11,21,-0.4834,24,-0.3757,52,1.10378,30,0.15610
ENSG00000188486,H2AFX,29,-0.2974,36,0.17147,8,-2.1607,61,1.03137
ENSG00000172375,C2CD2L,41,-0.4995,80,1.49974,18,-1.6800,12,-2.3224
ENSG00000110395,CBL,12,-1.0072,28,0.98041,16,-0.3726,16,-0.4489
ENSG00000173456,RNF26,16,-0.5602,29,1.03510,0,-4.6582,23,0.16357
ENSG00000036672,USP2,16,-0.4864,21,-0.0626,33,0.72600,22,0.03295
ENSG00000154096,THY1,513,-1.0855,1457,1.74498,546,-0.8772,165,-2.6752
ENSG00000110400,NECTIN1,31,-0.6974,52,0.43421,37,-0.3020,55,0.31579
ENSG00000184232,OAF,79,0.78770,41,-0.6892,48,-0.1898,61,0.19625
ENSG00000181264,TLCD5,19,0.36261,17,0.22213,0,-4.9520,20,0.38239
ENSG00000196914,ARHGEF12,85,0.02142,94,0.34513,68,-0.3485,58,-0.5878
ENSG00000109929,SC5D,67,-0.3141,86,0.26223,54,-0.6194,100,0.39547
ENSG00000137642,SORL1,210,0.39762,185,0.21775,99,-0.8727,117,-0.6238
ENSG00000255248,MIR100HG,45,-0.3089,69,0.88869,27,-1.0416,31,-0.8428
ENSG00000109971,HSPA8,423,-0.5658,693,0.59043,422,-0.5024,570,-0.0174
ENSG00000023171,GRAMD1B,49,-0.3820,81,1.01103,49,-0.3470,13,-2.3648
ENSG00000166257,SCN3B,243,-0.9039,627,1.82159,155,-1.4951,67,-2.7295
ENSG00000110002,VWA5A,17,-0.8293,36,1.08028,20,-0.4810,15,-0.9182
ENSG00000154144,TBRG1,30,-0.6332,53,0.71608,54,0.39883,14,-1.6683
ENSG00000110013,SIAE,17,-0.6387,30,0.57121,2,-3.4998,43,0.92596
ENSG00000064199,SPA17,11,-0.3157,18,0.97941,0,-4.1031,13,-0.1081
ENSG00000154146,NRGN,874,-0.9646,2370,1.91472,591,-1.4616,173,-3.2860
ENSG00000154134,ROBO3,23,0.09646,12,-1.3119,62,1.91830,17,-0.3707
ENSG00000165478,HEPACAM,152,0.12349,99,-0.8950,40,-1.9430,397,1.90214
ENSG00000165495,PKNOX2,16,0.34710,16,0.66922,3,-2.1451,6,-1.2401
ENSG00000149557,FEZ1,155,-0.7026,190,-0.4827,137,-0.8076,615,1.83385
ENSG00000149547,EI24,73,-0.1993,95,0.52972,31,-1.5085,88,0.14504
ENSG00000134910,STT3A,15,-0.9514,21,-0.4361,18,-0.5581,69,1.84742
ENSG00000109832,DDX25,19,-0.1792,30,1.37370,5,-2.2203,3,-2.7170
ENSG00000182934,SRPRA,11,-0.9487,23,0.69104,15,-0.3190,20,0.09621
ENSG00000110074,FOXRED1,21,-0.1746,32,1.14734,0,-5.4984,15,-0.7183
ENSG00000149571,KIRREL3,16,-0.8534,31,0.63979,31,0.30887,17,-0.6244
ENSG00000134909,ARHGAP32,40,-0.1907,49,0.33890,63,0.59640,13,-1.8594
ENSG00000084234,APLP2,208,-0.6389,351,0.54860,360,0.33407,182,-0.7731
ENSG00000196323,ZBTB44,37,-0.4205,63,1.09385,3,-3.7990,40,-0.2164
ENSG00000134917,ADAMTS8,18,0.03564,24,0.88315,9,-1.1363,5,-1.9403
ENSG00000120451,SNX19,18,-0.7174,21,-0.7141,59,1.33769,41,0.69140
ENSG00000182667,NTM,125,0.05129,150,0.68206,12,-3.5114,112,-0.1386
ENSG00000183715,OPCML,54,-1.2299,173,1.89348,54,-1.1150,22,-2.4332
ENSG00000080854,IGSF9B,8,-1.2053,22,1.12212,14,-0.2238,10,-0.7258
ENSG00000166086,JAM3,6,-3.1703,36,-0.6449,4,-3.5032,211,3.16579
ENSG00000151502,VPS26B,72,-0.1812,107,1.02344,34,-1.3085,30,-1.5021
ENSG00000151500,THYN1,35,-0.5320,63,0.95098,0,-6.5270,58,0.32783
ENSG00000151498,ACAD8,14,-0.5524,26,0.99802,12,-0.7483,10,-0.9230
ENSG00000109956,B3GAT1,165,-0.0933,208,0.56649,81,-1.1950,148,-0.2646
ENSG00000120645,IQSEC3,59,0.78493,46,0.39052,7,-2.5100,14,-1.6526
ENSG00000060237,WNK1,80,-0.3821,91,-0.2077,73,-0.4868,189,1.14251
ENSG00000082805,ERC1,33,0.10734,31,-0.0167,42,0.50085,17,-0.9124
ENSG00000006831,ADIPOR2,17,-1.0192,21,-0.9728,30,-0.0522,99,2.22324
ENSG00000166159,LRTM2,7,-1.3860,29,2.89048,0,-5.0035,0,-6.7923
ENSG00000151067,CACNA1C,17,-0.6454,36,1.29309,17,-0.6486,6,-2.1764
ENSG00000004478,FKBP4,61,-0.3864,89,0.54434,49,-0.6725,73,-0.0490
ENSG00000171792,RHNO1,17,0.43112,15,0.21848,0,-4.7214,16,0.26777
ENSG00000111218,PRMT8,17,-0.6035,33,1.07216,27,0.19887,0,-6.5457
ENSG00000118971,CCND2,147,0.02427,187,0.85128,48,-1.7026,71,-1.1266
ENSG00000078237,TIGAR,14,-0.1848,23,1.58211,0,-4.8610,2,-2.9038
ENSG00000047621,C12orf4,15,0.32137,17,1.08818,0,-4.6354,2,-2.7971
ENSG00000139180,NDUFA9,59,-0.0405,70,0.50075,42,-0.5801,39,-0.6755
ENSG00000130035,GALNT8,60,0.13598,66,0.55739,45,-0.3427,15,-1.9664
ENSG00000111262,KCNA1,11,-0.5561,25,2.07284,0,-4.9417,0,-5.7699
ENSG00000110799,VWF,33,-1.2691,28,-1.9192,305,3.14524,60,-0.1926
ENSG00000010278,CD9,20,-2.1708,45,-1.1973,69,-0.1035,303,2.86537
ENSG00000215039,CD27-AS1,35,0.03026,39,0.32497,29,-0.2745,23,-0.6331
ENSG00000139190,VAMP1,21,0.04181,22,0.26154,18,-0.2422,15,-0.5031
ENSG00000111639,MRPL51,142,0.21952,124,-0.0802,105,-0.3058,133,0.07382
ENSG00000111640,GAPDH,1964,-0.1319,2175,0.09630,1930,-0.1423,2281,0.13333
ENSG00000010295,IFFO1,14,-0.2807,21,0.78816,0,-5.0127,19,0.27066
ENSG00000111642,CHD4,58,-0.2524,70,0.15410,47,-0.5467,88,0.47430
ENSG00000111653,ING4,18,-0.6238,33,0.78696,12,-1.2480,28,0.09441
ENSG00000126746,ZNF384,11,-0.7947,19,0.17597,33,1.07918,10,-0.7859
ENSG00000139200,PIANP,69,-0.6092,145,1.55922,44,-1.2468,13,-3.0247
ENSG00000111652,COPS7A,58,-0.6829,101,0.55588,65,-0.4159,92,0.14240
ENSG00000089693,MLF2,243,-0.3010,342,0.58515,267,-0.1031,158,-0.9325
ENSG00000159335,PTMS,289,-0.4936,457,0.61265,502,0.47895,114,-1.8572
ENSG00000250510,GPR162,74,-0.1191,106,1.05108,26,-1.7157,31,-1.4715
ENSG00000111667,USP5,71,-0.6146,131,0.93933,67,-0.6412,63,-0.7151
ENSG00000111669,TPI1,583,-0.1570,778,0.66690,397,-0.7499,395,-0.7557
ENSG00000010626,LRRC23,21,-0.6537,25,-0.5024,81,1.78642,20,-0.6919
ENSG00000111674,ENO2,350,-0.5892,706,1.44823,205,-1.3474,130,-2.0363
ENSG00000111676,ATN1,87,-0.1909,97,0.03261,127,0.46065,80,-0.2989
ENSG00000111678,C12orf57,297,-0.0049,252,-0.4474,391,0.45549,391,0.45510
ENSG00000215021,PHB2,64,-0.3297,80,0.13447,43,-0.9068,120,0.77365
ENSG00000126749,EMG1,17,-0.1732,19,0.05262,13,-0.5396,26,0.55264
ENSG00000139182,CLSTN3,87,-0.9042,212,1.47769,93,-0.7056,37,-2.0893
ENSG00000139197,PEX5,38,0.02350,38,0.04635,58,0.73864,14,-1.5534
ENSG00000059804,SLC2A3,37,-1.0354,92,1.16186,80,0.30884,9,-2.9094
ENSG00000065970,FOXJ2,14,-0.6478,23,0.54683,22,0.19356,14,-0.5215
ENSG00000089818,NECAP1,78,-0.5368,157,1.57940,26,-2.1546,27,-2.0744
ENSG00000166532,RIMKLB,32,-0.1726,37,0.12530,43,0.33036,27,-0.3982
ENSG00000111752,PHC1,19,0.06842,15,-0.5610,27,0.61497,23,0.38811
ENSG00000003056,M6PR,33,-0.5895,56,0.65886,19,-1.3261,56,0.33323
ENSG00000175899,A2M,123,-1.0758,82,-2.1692,1053,3.29794,175,-0.4052
ENSG00000139112,GABARAPL1,201,-0.4781,348,1.00569,182,-0.5757,108,-1.3839
ENSG00000256537,SMIM10L1,49,-0.1565,66,0.69682,30,-0.9071,34,-0.7054
ENSG00000070018,LRP6,15,-0.3398,15,-0.4067,23,0.40497,30,0.82968
ENSG00000111261,MANSC1,20,-0.2672,25,0.26217,26,0.19096,18,-0.4015
ENSG00000165714,BORCS5,11,-0.8563,19,0.23149,23,0.43562,20,0.21878
ENSG00000111269,CREBL2,58,-0.1462,64,0.06765,100,0.78714,29,-1.1871
ENSG00000111276,CDKN1B,49,-0.3892,56,-0.1771,48,-0.3585,110,1.04401
ENSG00000178878,APOLD1,18,-0.6524,13,-1.5682,97,2.61977,21,-0.2793
ENSG00000013583,HEBP1,26,-0.4444,24,-0.7398,35,0.12972,78,1.54028
ENSG00000084444,FAM234B,37,-0.8430,78,0.93505,68,0.20968,21,-1.6027
ENSG00000273079,GRIN2B,67,-0.5259,135,1.64090,34,-1.4907,4,-4.4603
ENSG00000171681,ATF7IP,18,-0.2267,21,0.08874,15,-0.5175,29,0.54200
ENSG00000084463,WBP11,32,-0.7029,64,1.00162,32,-0.6255,30,-0.7484
ENSG00000111348,ARHGDIB,18,-0.5923,10,-1.8978,97,2.65935,27,0.10276
ENSG00000151490,PTPRO,14,-1.1016,42,1.96974,9,-1.6115,5,-2.5217
ENSG00000023734,STRAP,96,-0.3427,147,0.80080,60,-1.0266,84,-0.5126
ENSG00000008394,MGST1,158,-0.3555,202,0.17667,129,-0.6331,272,0.60413
ENSG00000048540,LMO3,65,-2.1951,426,2.90953,33,-3.0214,62,-2.0967
ENSG00000052126,PLEKHA5,21,-0.3598,30,0.47150,25,-0.0499,19,-0.5032
ENSG00000139154,AEBP2,13,-0.8150,28,1.13404,8,-1.4669,17,-0.2904
ENSG00000139155,SLCO1C1,54,1.38560,21,-0.8157,6,-2.3367,33,0.24391
ENSG00000111711,GOLT1B,15,-1.0635,26,-0.1634,44,0.77504,44,0.75538
ENSG00000134548,SPX,11,-1.5296,15,-1.3891,0,-5.7089,136,3.49817
ENSG00000111716,LDHB,493,-0.1228,569,0.23761,447,-0.2623,497,-0.0931
ENSG00000111726,CMAS,80,-0.5480,159,1.47880,24,-2.3064,43,-1.4306
ENSG00000111728,ST8SIA1,16,-0.2401,24,0.91306,11,-0.8041,7,-1.4066
ENSG00000111731,C2CD5,15,-0.7600,33,1.32880,0,-5.4628,21,-0.1076
ENSG00000139163,ETNK1,37,-0.7969,78,1.05328,40,-0.5744,35,-0.7827
ENSG00000060982,BCAT1,26,-0.0119,27,-0.0029,35,0.47834,18,-0.6011
ENSG00000205707,ETFRF1,45,-0.0455,48,0.08324,11,-2.1792,78,0.90343
ENSG00000133703,KRAS,36,-0.1185,47,0.61519,32,-0.3231,18,-1.2250
ENSG00000123094,RASSF8,27,0.62091,14,-0.8657,26,0.43713,23,0.24420
ENSG00000123095,BHLHE41,36,-0.3699,37,-0.4777,10,-2.2663,124,1.90258
ENSG00000123096,SSPN,20,-0.6761,8,-2.5936,46,0.76498,117,2.74923
ENSG00000123104,ITPR2,25,0.14477,12,-1.4812,51,1.36946,37,0.78382
ENSG00000111790,FGFR1OP2,36,-1.0497,86,0.90813,82,0.35657,28,-1.3144
ENSG00000064115,TM7SF3,24,-0.5647,42,0.75392,4,-3.2382,47,0.55448
ENSG00000152944,MED21,12,-0.7535,19,0.02135,34,0.96665,17,-0.1656
ENSG00000211455,STK38L,16,-0.5899,14,-1.0819,87,2.67148,3,-2.7081
ENSG00000110841,PPFIBP1,37,-0.1045,34,-0.4328,39,-0.0131,68,0.92860
ENSG00000061794,MRPS35,31,-0.3739,48,0.68262,36,-0.1176,19,-1.0890
ENSG00000087448,KLHL42,52,-0.3701,74,0.51671,64,0.03308,40,-0.7388
ENSG00000087494,PTHLH,23,0.08786,26,0.52734,23,0.06267,3,-2.9461
ENSG00000123106,CCDC91,68,0.42512,48,-0.3785,71,0.43317,41,-0.4556
ENSG00000064763,FAR2,8,-0.9677,21,1.87950,7,-1.0031,0,-6.5203
ENSG00000087502,ERGIC2,34,-0.0852,40,0.31545,1,-4.7040,58,0.81645
ENSG00000133687,TMTC1,24,-0.3980,36,0.63248,41,0.56982,3,-3.2028
ENSG00000133704,IPO8,16,-0.1187,20,0.54944,2,-2.9756,20,0.34074
ENSG00000110888,CAPRIN2,13,-1.0058,28,0.55713,44,1.05705,6,-2.0593
ENSG00000170456,DENND5B,25,-0.3787,43,1.10184,11,-1.5619,17,-0.9779
ENSG00000151743,AMN1,31,-0.7283,61,0.86839,56,0.29887,14,-1.8974
ENSG00000151746,BICD1,21,-0.3823,33,0.86616,11,-1.3403,20,-0.4080
ENSG00000139132,FGD4,19,0.38557,13,-0.3433,12,-0.4247,20,0.41141
ENSG00000087470,DNM1L,74,-0.5189,136,1.14761,41,-1.3660,55,-0.9297
ENSG00000139116,KIF21A,89,-0.8288,200,1.25378,98,-0.5976,58,-1.4051
ENSG00000151229,SLC2A13,66,-0.0326,87,0.86235,42,-0.7386,16,-2.1966
ENSG00000018236,CNTN1,184,-0.8868,431,1.34069,174,-0.8738,139,-1.2137
ENSG00000015153,YAF2,35,-0.6712,67,0.93078,40,-0.3964,30,-0.8574
ENSG00000134283,PPHLN1,27,-0.6285,49,0.77522,41,0.07894,18,-1.1537
ENSG00000139168,ZCRB1,90,-0.2410,104,0.02678,108,0.08250,119,0.23550
ENSG00000139174,PRICKLE1,14,-0.7668,34,2.02094,0,-5.3886,5,-2.1837
ENSG00000151239,TWF1,18,-0.7130,27,0.11635,15,-0.8950,51,1.14068
ENSG00000184613,NELL2,72,-1.5588,289,2.11438,98,-0.9397,23,-3.0754
ENSG00000139218,SCAF11,25,-0.7914,36,-0.1890,79,1.23491,37,-0.0726
ENSG00000111371,SLC38A1,77,-0.3613,84,-0.3170,98,0.06505,165,0.97019
ENSG00000134294,SLC38A2,43,-1.1035,75,-0.1713,52,-0.6831,202,1.67768
ENSG00000005175,RPAP3,6,-1.6709,20,0.51866,22,0.43622,21,0.35327
ENSG00000079337,RAPGEF3,27,0.24873,19,-0.6523,16,-0.6720,48,1.18501
ENSG00000211584,SLC48A1,81,-0.3700,77,-0.6473,83,-0.2806,238,1.58536
ENSG00000134291,TMEM106C,32,-0.4480,48,0.47959,48,0.28595,24,-0.8602
ENSG00000152556,PFKM,116,-0.0274,137,0.46069,79,-0.6493,86,-0.5145
ENSG00000177981,ASB8,35,-0.1997,44,0.41676,37,-0.0590,25,-0.6633
ENSG00000177875,CCDC184,40,-0.1748,60,1.13526,25,-0.9126,5,-3.2971
ENSG00000167535,CACNB3,58,-0.5640,103,0.89511,89,0.18907,16,-2.4406
ENSG00000174243,DDX23,16,-0.6294,28,0.64245,16,-0.5694,23,0.00504
ENSG00000172602,RND1,20,-0.5951,39,1.20021,21,-0.4814,6,-2.2255
ENSG00000134287,ARF3,314,-0.4950,564,1.12432,251,-0.7908,154,-1.5368
ENSG00000169884,WNT10B,18,-0.2617,31,1.60619,3,-2.9470,1,-3.6151
ENSG00000181418,DDN,312,0.78407,217,0.03732,154,-0.5281,66,-1.8261
ENSG00000181929,PRKAG1,19,-0.7999,36,0.56036,23,-0.4171,35,0.26788
ENSG00000167548,KMT2D,16,-0.5765,31,1.21972,0,-5.4035,20,-0.1460
ENSG00000123416,TUBA1B,1531,-0.2812,2366,0.98978,1114,-0.7498,588,-1.7273
ENSG00000167552,TUBA1A,752,-0.5963,1142,0.28154,670,-0.7064,1584,0.71751
ENSG00000123352,SPATS2,24,-0.1132,35,1.07913,13,-1.0439,4,-2.7430
ENSG00000135519,KCNH3,80,-0.1783,122,1.15737,21,-2.1724,36,-1.4018
ENSG00000187778,MCRS1,32,-0.1238,41,0.60304,10,-1.9069,35,0.01385
ENSG00000110844,PRPF40B,17,-0.2357,20,0.14724,34,1.01272,4,-2.2011
ENSG00000139644,TMBIM6,324,-0.0434,290,-0.3625,289,-0.2213,554,0.88661
ENSG00000135472,FAIM2,296,-0.4539,502,0.97538,266,-0.5664,161,-1.3393
ENSG00000110881,ASIC1,26,-0.2498,35,0.43251,10,-1.6537,40,0.44936
ENSG00000066117,SMARCD1,20,-0.2421,32,1.09823,12,-1.0027,6,-2.1128
ENSG00000178449,COX14,162,-0.1854,193,0.22357,154,-0.2456,182,0.02782
ENSG00000139624,CERS5,13,-0.5171,21,0.59092,0,-5.0782,29,0.85984
ENSG00000161813,LARP4,15,-0.3706,15,-0.4601,36,1.20749,18,0.01362
ENSG00000066084,DIP2B,21,-1.0126,35,-0.2149,24,-0.7143,97,1.68855
ENSG00000185432,METTL7A,191,0.40996,108,-0.9038,106,-0.6073,322,1.29104
ENSG00000110911,SLC11A2,22,-0.6409,31,0.01854,19,-0.7788,61,1.17436
ENSG00000050426,LETMD1,39,0.08582,44,0.56763,10,-1.9582,31,-0.2672
ENSG00000110925,CSRNP2,28,-0.0160,39,1.13289,9,-1.7143,5,-2.5667
ENSG00000135457,TFCP2,22,0.28222,21,0.25109,10,-1.0159,15,-0.3279
ENSG00000184271,POU6F1,25,0.37916,21,0.10207,25,0.27413,5,-2.0841
ENSG00000183283,DAZAP2,125,-0.3107,138,-0.1956,80,-0.9851,302,1.25853
ENSG00000050438,SLC4A8,32,-0.7728,72,1.46750,24,-1.0989,15,-1.7846
ENSG00000196876,SCN8A,77,-0.6077,168,1.86979,24,-2.2991,6,-4.3107
ENSG00000135503,ACVR1B,27,-0.7169,61,1.61658,13,-1.7029,11,-1.9658
ENSG00000161835,GRASP,36,-0.7756,68,0.64414,84,0.70357,17,-1.8359
ENSG00000123358,NR4A1,14,-2.2415,26,-1.7013,302,3.89556,8,-2.8940
ENSG00000123395,ATG101,18,-0.4507,32,1.13362,8,-1.6813,14,-0.8302
ENSG00000063046,EIF4B,96,-0.7259,145,0.03641,235,0.85303,138,-0.0555
ENSG00000167778,SPRYD3,148,-0.7097,290,0.97993,191,-0.2234,101,-1.2113
ENSG00000167779,IGFBP6,29,-1.0172,28,-1.4199,151,1.96781,96,1.04824
ENSG00000182544,MFSD5,20,-0.3434,29,0.60506,3,-3.1110,33,0.54357
ENSG00000123349,PFDN5,547,-0.1289,495,-0.4497,817,0.56556,792,0.51129
ENSG00000139637,C12orf10,76,0.22431,72,0.16017,58,-0.2489,46,-0.6266
ENSG00000205352,PRR13,68,0.13742,64,0.00629,62,-0.0425,55,-0.2264
ENSG00000197111,PCBP2,263,-0.4819,344,0.02630,450,0.46735,376,0.16221
ENSG00000139625,MAP3K12,16,-1.0419,41,1.22534,14,-1.1175,23,-0.3873
ENSG00000135390,ATP5MC2,229,-0.3865,264,-0.1824,305,0.13272,435,0.74319
ENSG00000012822,CALCOCO1,28,-0.3934,42,0.63184,11,-1.7335,41,0.28939
ENSG00000123415,SMUG1,18,-0.5591,25,0.13059,45,1.08302,11,-1.1479
ENSG00000094916,CBX5,82,-0.3629,107,0.19435,116,0.24988,92,-0.1321
ENSG00000135486,HNRNPA1,267,-0.2748,300,-0.0770,369,0.29756,366,0.28195
ENSG00000111481,COPZ1,49,-0.6933,83,0.45176,64,-0.1905,81,0.19068
ENSG00000161642,ZNF385A,78,0.01615,46,-1.2229,143,1.08122,133,0.94644
ENSG00000123360,PDE1B,23,-1.2131,66,1.42522,28,-0.7671,25,-0.9650
ENSG00000135447,PPP1R1A,117,-0.0591,160,0.95106,55,-1.2453,40,-1.7155
ENSG00000135426,TESPA1,11,-1.6522,51,2.43846,14,-1.1841,0,-7.6309
ENSG00000135424,ITGA7,27,-0.2342,20,-0.9917,82,1.78436,28,-0.1396
ENSG00000135441,BLOC1S1,202,-0.4426,235,-0.2327,361,0.58099,343,0.49115
ENSG00000135404,CD63,291,-0.4702,279,-0.7546,531,0.58979,771,1.27550
ENSG00000135414,GDF11,31,0.81025,16,-0.7020,4,-2.3157,37,1.00249
ENSG00000205323,SARNP,53,-0.2408,72,0.51297,57,-0.0942,36,-0.8385
ENSG00000135392,DNAJC14,14,-0.2179,16,0.11135,21,0.47802,11,-0.4955
ENSG00000170473,PYM1,16,-0.6935,29,0.72743,25,0.07841,14,-0.8255
ENSG00000111540,RAB5B,90,-0.4730,142,0.61843,65,-0.9223,122,0.07382
ENSG00000197728,RPS26,1333,-0.2664,1154,-0.7325,2568,0.88733,2436,0.79180
ENSG00000065361,ERBB3,10,-1.2370,17,-0.5954,0,-5.4096,84,2.66011
ENSG00000170515,PA2G4,59,-0.4978,92,0.54069,56,-0.5154,77,0.00728
ENSG00000229117,RPL41,4028,0.12515,2870,-0.7065,6047,0.80829,4633,0.34213
ENSG00000139641,ESYT1,6,-1.6111,22,1.09108,23,0.62482,5,-1.7569
ENSG00000196465,MYL6B,211,-0.0321,231,0.23247,178,-0.2997,188,-0.2093
ENSG00000092841,MYL6,419,-0.5212,372,-0.9897,1435,1.73563,686,0.35210
ENSG00000139613,SMARCC2,68,0.34136,50,-0.3518,77,0.51538,43,-0.4585
ENSG00000181852,RNF41,39,-0.4290,63,0.81897,40,-0.3182,24,-1.1488
ENSG00000139579,NABP2,54,0.22003,57,0.50563,25,-1.0091,26,-0.9848
ENSG00000139645,ANKRD52,14,-0.2253,21,0.87819,2,-3.1595,15,-0.1402
ENSG00000062485,CS,47,-0.2837,80,1.45192,0,-6.5900,22,-1.4030
ENSG00000257727,CNPY2,69,-0.6566,85,-0.4263,188,1.11260,129,0.44498
ENSG00000170581,STAT2,26,-0.4040,30,-0.2024,22,-0.5929,64,1.20137
ENSG00000135423,GLS2,19,-0.3697,31,1.00725,16,-0.5932,7,-1.7537
ENSG00000076108,BAZ2A,20,-0.7548,36,0.48040,40,0.43063,22,-0.5112
ENSG00000110955,ATP5F1B,460,-0.2146,624,0.61411,449,-0.2274,261,-1.0808
ENSG00000110958,PTGES3,175,-0.3781,248,0.46058,174,-0.3342,197,-0.1372
ENSG00000196531,NACA,495,-0.3228,520,-0.3369,969,0.85823,669,0.21234
ENSG00000025423,HSD17B6,63,1.76018,22,-0.7054,12,-1.4426,9,-1.7926
ENSG00000166886,NAB2,21,-0.7718,50,1.71554,1,-4.9492,17,-1.0277
ENSG00000123384,LRP1,195,-0.0883,167,-0.5300,267,0.45356,308,0.70147
ENSG00000182199,SHMT2,16,-0.1951,17,-0.2397,26,0.59030,20,0.17559
ENSG00000185633,NDUFA4L2,25,-1.4133,15,-2.6752,278,3.47757,63,0.18025
ENSG00000179912,R3HDM2,53,-0.2719,79,0.84493,47,-0.4332,22,-1.5799
ENSG00000166986,MARS,27,-0.5999,39,0.11181,46,0.31626,45,0.29742
ENSG00000175197,DDIT3,22,-0.4877,30,0.05982,19,-0.6463,50,0.92991
ENSG00000175203,DCTN2,115,-0.1159,145,0.53578,71,-0.8696,98,-0.3551
ENSG00000155980,KIF5A,241,-0.0187,310,0.81900,91,-1.5301,130,-0.9908
ENSG00000166908,PIP4K2C,22,-0.7370,37,0.40892,50,0.71383,19,-0.8567
ENSG00000178498,DTX3,68,-0.0140,88,0.86464,25,-1.5665,33,-1.1544
ENSG00000240771,ARHGEF25,24,-0.3010,35,0.57700,36,0.35420,7,-2.0222
ENSG00000135454,B4GALNT1,34,-1.1815,103,1.75634,42,-0.7546,11,-2.6535
ENSG00000135506,OS9,58,-0.6281,84,0.04065,120,0.63061,89,0.12059
ENSG00000135439,AGAP2,130,0.05608,171,1.05414,30,-2.1911,37,-1.8803
ENSG00000135452,TSPAN31,26,-0.3555,30,-0.1045,19,-0.7622,60,1.09456
ENSG00000135446,CDK4,19,-0.6007,21,-0.7042,60,1.38684,37,0.49409
ENSG00000139266,MARCH9,17,-0.1490,24,0.81574,1,-4.0311,18,-0.0332
ENSG00000123297,TSFM,23,-0.4948,30,-0.0750,56,1.03842,23,-0.4473
ENSG00000175215,CTDSP2,36,-0.2778,36,-0.4383,51,0.31103,71,0.88868
ENSG00000257698,GIHCG,43,-0.2198,53,0.26855,34,-0.5636,56,0.22333
ENSG00000198673,TAFA2,51,0.36991,48,0.41590,30,-0.5520,13,-1.8322
ENSG00000135655,USP15,14,-0.6020,25,0.76109,24,0.29464,6,-1.7069
ENSG00000061987,MON2,14,-1.2131,32,0.35265,34,0.26306,38,0.49037
ENSG00000111110,PPM1H,19,-0.2038,26,0.69157,3,-2.5997,23,0.12671
ENSG00000184575,XPOT,28,-0.6098,48,0.73114,27,-0.5546,33,-0.2380
ENSG00000183735,TBK1,11,-0.6292,21,0.83607,7,-1.3124,17,0.03087
ENSG00000135677,GNS,22,-0.2731,20,-0.6317,49,1.08648,33,0.40211
ENSG00000111490,TBC1D30,15,-0.0616,16,0.02019,32,1.24583,0,-6.7016
ENSG00000156076,WIF1,113,1.98120,36,-0.8063,11,-2.2193,15,-1.8464
ENSG00000174106,LEMD3,14,-0.8620,32,1.27099,2,-3.5627,23,0.01397
ENSG00000139233,LLPH,28,0.15100,33,0.78287,3,-3.3066,17,-0.6545
ENSG00000155957,TMBIM4,42,-0.4135,32,-1.2217,115,1.37488,97,1.05922
ENSG00000111530,CAND1,52,-0.6450,110,1.47477,16,-2.3657,37,-1.1139
ENSG00000127314,RAP1B,32,-0.8203,43,-0.4752,81,0.79037,92,1.02069
ENSG00000175782,SLC35E3,17,-0.1535,21,0.42005,7,-1.4146,22,0.26237
ENSG00000135679,MDM2,21,-0.5181,32,0.50125,32,0.25370,17,-0.7229
ENSG00000111605,CPSF6,31,-0.7574,66,1.14748,25,-1.0036,30,-0.7201
ENSG00000166225,FRS2,17,0.06949,17,0.15476,0,-4.2759,27,0.86743
ENSG00000166226,CCT2,60,-0.5825,108,0.90806,60,-0.5221,50,-0.8151
ENSG00000127328,RAB3IP,29,0.14308,28,0.10753,14,-1.0705,32,0.28937
ENSG00000111596,CNOT2,19,-0.4709,24,-0.1162,49,1.15469,17,-0.6215
ENSG00000135643,KCNMB4,71,-0.7733,146,1.00376,15,-2.9601,132,0.32219
ENSG00000153233,PTPRR,20,-1.1762,63,2.05062,14,-1.6045,6,-2.7332
ENSG00000139291,TMEM19,17,-0.7870,37,1.09400,5,-2.3858,28,0.07130
ENSG00000080371,RAB21,50,-0.5504,76,0.40521,70,0.06444,62,-0.1385
ENSG00000121749,TBC1D15,19,-0.4359,26,0.24981,0,-5.3101,49,1.26474
ENSG00000072657,TRHDE,27,0.37488,28,0.69313,14,-0.7280,0,-7.2235
ENSG00000253719,ATXN7L3B,92,-0.7150,180,0.96974,105,-0.4214,79,-0.8628
ENSG00000166006,KCNC2,52,-0.6561,106,1.32342,52,-0.5763,14,-2.5709
ENSG00000111615,KRR1,21,-0.2203,28,0.51817,16,-0.6180,20,-0.3067
ENSG00000139289,PHLDA1,23,-0.5801,32,0.06462,0,-5.8260,78,1.61218
ENSG00000187109,NAP1L1,194,-0.4372,236,-0.1069,380,0.74906,250,0.03085
ENSG00000091039,OSBPL8,30,-0.4983,56,1.24078,13,-1.7293,21,-1.0365
ENSG00000186908,ZDHHC17,25,-0.5669,40,0.53365,32,-0.0926,29,-0.2576
ENSG00000067798,NAV3,27,-0.5375,53,1.31819,6,-2.6071,22,-0.7847
ENSG00000067715,SYT1,670,-0.6507,1450,1.64411,397,-1.3834,117,-3.1963
ENSG00000058272,PPP1R12A,50,-0.2638,70,0.63096,51,-0.1877,29,-1.0720
ENSG00000111052,LIN7A,20,0.22522,24,1.03662,6,-1.6939,0,-4.8198
ENSG00000139220,PPFIA2,50,-0.9684,127,1.43250,51,-0.8561,36,-1.3919
ENSG00000133773,CCDC59,17,-0.6681,17,-0.9548,87,2.39559,11,-1.2367
ENSG00000072041,SLC6A15,25,-0.3164,43,1.47646,3,-3.4362,9,-1.7708
ENSG00000133641,C12orf29,25,-0.0723,35,0.98852,6,-2.0971,13,-1.1098
ENSG00000198707,CEP290,18,-0.2065,17,-0.4688,54,1.74634,5,-2.0924
ENSG00000139324,TMTC3,15,-0.2284,21,0.68888,20,0.27273,2,-3.3144
ENSG00000049130,KITLG,12,-0.8432,29,1.29412,15,-0.4702,6,-1.7965
ENSG00000139318,DUSP6,16,-1.0390,39,1.01642,38,0.47456,6,-2.4422
ENSG00000070961,ATP2B1,138,-1.5859,586,2.47993,119,-1.6630,24,-3.9909
ENSG00000271614,ATP2B1-AS1,10,-1.6089,43,1.89410,19,-0.5332,5,-2.5601
ENSG00000011465,DCN,24,-2.6318,33,-2.6246,577,3.45496,188,0.79892
ENSG00000133639,BTG1,17,-1.4437,37,-0.1362,103,1.75285,28,-0.5404
ENSG00000102189,EEA1,19,-0.8342,35,0.36738,46,0.64613,24,-0.4203
ENSG00000173598,NUDT4,100,-1.0167,261,1.46683,88,-1.1044,88,-1.1137
ENSG00000177889,UBE2N,109,-0.4786,195,1.14928,40,-1.9469,93,-0.6777
ENSG00000198015,MRPL42,32,-0.3630,40,0.05420,58,0.65409,32,-0.3428
ENSG00000136040,PLXNC1,10,-1.6118,34,0.89777,9,-1.6725,44,0.87874
ENSG00000184752,NDUFA12,154,-0.1226,189,0.43224,132,-0.3582,120,-0.5132
ENSG00000028203,VEZT,30,-0.4249,46,0.64441,24,-0.7280,34,-0.1818
ENSG00000111142,METAP2,50,0.06511,47,-0.0960,45,-0.1154,55,0.20713
ENSG00000074527,NTN4,15,0.04759,15,0.10603,26,0.99107,0,-5.0673
ENSG00000139343,SNRPF,52,-0.2906,65,0.18757,63,0.04392,61,0.00034
ENSG00000111144,LTA4H,17,-0.8808,32,0.49841,46,0.85655,12,-1.2761
ENSG00000059758,CDK17,38,-1.4686,136,1.69455,48,-0.9640,43,-1.1546
ENSG00000120802,TMPO,14,-0.3187,19,0.38326,3,-2.2863,27,0.75844
ENSG00000075415,SLC25A3,242,-0.1344,266,0.07322,272,0.07727,256,-0.0212
ENSG00000185046,ANKS1B,85,-1.0331,220,1.39416,49,-1.7656,116,-0.4409
ENSG00000111647,UHRF1BP1L,19,-0.0066,22,0.30582,20,0.00729,11,-0.8696
ENSG00000075089,ACTR6,18,-1.1318,45,0.87961,25,-0.5232,36,0.06084
ENSG00000136021,SCYL2,19,-0.2892,28,0.75282,18,-0.3057,9,-1.3090
ENSG00000120805,ARL1,45,-0.6153,80,0.77299,41,-0.6815,55,-0.2286
ENSG00000196091,MYBPC1,70,-0.0514,30,-1.9260,114,0.79691,202,1.91084
ENSG00000111666,CHPT1,48,0.03742,47,0.00249,35,-0.5011,58,0.33840
ENSG00000111670,GNPTAB,70,-0.6619,140,1.19725,78,-0.4115,26,-2.0804
ENSG00000120860,WASHC3,51,0.05577,49,-0.0187,53,0.10615,45,-0.1702
ENSG00000139352,ASCL1,31,0.63825,17,-0.6689,13,-0.8588,36,0.80077
ENSG00000111696,NT5DC3,65,0.11931,84,1.17169,2,-4.7664,17,-1.9197
ENSG00000166598,HSP90B1,122,-1.1451,244,0.13556,366,0.77195,279,0.29862
ENSG00000204954,C12orf73,20,-0.0773,30,1.30897,1,-4.4346,7,-1.7440
ENSG00000120837,NFYB,27,-0.6476,47,0.62392,22,-0.8961,45,0.26837
ENSG00000198431,TXNRD1,21,-1.1697,57,1.18681,52,0.41830,5,-3.1484
ENSG00000151131,C12orf45,19,-0.8166,36,0.66520,42,0.60729,11,-1.4756
ENSG00000136044,APPL2,32,1.02794,14,-0.7714,0,-5.1976,35,0.99860
ENSG00000074590,NUAK1,42,-1.3217,140,1.74835,43,-1.1649,37,-1.3863
ENSG00000136026,CKAP4,23,-0.8448,51,1.15878,24,-0.6777,21,-0.9063
ENSG00000111783,RFX4,26,0.13010,9,-2.0531,51,1.29077,55,1.44156
ENSG00000151135,TMEM263,20,-0.9957,42,0.54061,50,0.57773,25,-0.5582
ENSG00000151136,BTBD11,17,0.48894,18,0.99320,1,-3.4758,0,-5.5726
ENSG00000136045,PWP1,17,-0.7123,31,0.67385,4,-2.7500,40,0.76611
ENSG00000110851,PRDM4,17,0.53482,13,0.02929,8,-0.7701,10,-0.4960
ENSG00000075035,WSCD2,30,0.15580,38,1.06456,6,-2.3173,5,-2.4893
ENSG00000075856,SART3,18,-0.6422,30,0.46791,22,-0.2132,27,0.11425
ENSG00000136003,ISCU,168,-0.0434,205,0.56409,135,-0.3868,83,-1.1471
ENSG00000110880,CORO1C,21,-0.4972,34,0.66909,26,-0.0624,16,-0.8232
ENSG00000084112,SSH1,10,-0.9805,23,0.92151,23,0.48308,4,-1.9960
ENSG00000166111,SVOP,60,-0.6633,134,1.70836,19,-2.3505,23,-2.0571
ENSG00000076248,UNG,17,0.30823,12,-0.5066,0,-4.7999,33,1.51319
ENSG00000110906,KCTD10,22,-1.0303,41,0.03418,61,0.71469,53,0.45604
ENSG00000151148,UBE3B,12,-0.6619,21,0.53582,19,0.05549,15,-0.2854
ENSG00000139428,MMAB,33,-0.2302,44,0.51848,6,-2.8033,51,0.51739
ENSG00000139433,GLTP,14,-1.3969,16,-1.5522,23,-0.5610,142,3.06825
ENSG00000139436,GIT2,19,-0.4369,28,0.43415,25,0.05613,19,-0.3878
ENSG00000174456,C12orf76,64,-0.6179,128,1.28997,2,-5.4544,78,-0.2301
ENSG00000174437,ATP2A2,158,-0.7491,334,1.21762,151,-0.7297,106,-1.2710
ENSG00000196510,ANAPC7,21,-0.3342,31,0.62105,11,-1.3018,27,0.06654
ENSG00000111229,ARPC3,129,-0.5747,181,0.06981,279,0.78353,152,-0.2438
ENSG00000204856,FAM216A,18,-0.7882,42,1.49921,12,-1.2922,10,-1.6203
ENSG00000111237,VPS29,81,-0.1733,107,0.59474,68,-0.4243,52,-0.8378
ENSG00000196850,PPTC7,12,0.03730,17,1.22257,0,-4.5528,3,-1.8139
ENSG00000186298,PPP1CC,67,-0.2728,79,0.07352,72,-0.1269,96,0.36439
ENSG00000111249,CUX2,33,1.05907,23,0.46376,0,-5.2758,1,-4.3871
ENSG00000204842,ATXN2,38,-0.2783,54,0.60490,44,0.00669,19,-1.2792
ENSG00000089234,BRAP,15,-0.1081,21,0.86240,2,-3.0369,13,-0.3380
ENSG00000111275,ALDH2,328,0.48417,208,-0.5619,211,-0.3278,364,0.58010
ENSG00000234608,MAPKAPK5-AS1,32,-0.3479,44,0.43022,44,0.21576,23,-0.7932
ENSG00000089022,MAPKAPK5,20,0.13641,21,0.25399,11,-0.9073,18,-0.1060
ENSG00000089248,ERP29,72,-0.5511,97,0.00172,120,0.35477,124,0.41402
ENSG00000173064,HECTD4,52,-0.3870,84,0.92835,30,-1.1711,42,-0.6834
ENSG00000089009,RPL6,721,-0.2337,731,-0.3041,1244,0.71937,922,0.20314
ENSG00000179295,PTPN11,99,-0.1257,119,0.37144,70,-0.6647,101,-0.0767
ENSG00000089169,RPH3A,98,-0.8171,242,1.85933,44,-1.9383,26,-2.7333
ENSG00000135144,DTX1,44,0.63454,29,-0.3327,31,-0.0854,25,-0.3994
ENSG00000111344,RASAL1,7,-1.8044,33,2.09191,1,-4.5244,16,-0.4160
ENSG00000123064,DDX54,32,-0.8035,75,1.48571,34,-0.6087,6,-3.0365
ENSG00000139405,RITA1,28,-0.1481,36,0.55002,24,-0.3972,18,-0.7814
ENSG00000186815,TPCN1,38,0.28811,25,-0.6292,29,-0.1611,53,0.85010
ENSG00000151176,PLBD2,38,-0.3566,56,0.63067,36,-0.3842,32,-0.5803
ENSG00000123066,MED13L,19,-0.3651,29,0.68518,14,-0.7718,19,-0.3522
ENSG00000111412,C12orf49,46,0.39509,40,0.15852,22,-0.8546,28,-0.4515
ENSG00000135119,RNFT2,23,-0.4588,42,1.24960,8,-1.9496,15,-1.0342
ENSG00000135116,HRK,26,0.76307,18,0.00543,12,-0.5730,7,-1.4364
ENSG00000088992,TESC,41,-0.2224,54,0.46931,46,0.00101,26,-0.8787
ENSG00000135108,FBXO21,56,-0.4243,87,0.68794,54,-0.4296,50,-0.5635
ENSG00000171435,KSR2,17,-0.3950,32,1.58575,5,-2.1163,2,-3.1557
ENSG00000176871,WSB2,221,0.26208,239,0.68637,67,-1.6597,84,-1.3117
ENSG00000089220,PEBP1,990,-0.3329,1363,0.44258,946,-0.3636,1086,-0.1407
ENSG00000135090,TAOK3,34,-0.6034,58,0.63922,46,-0.0389,33,-0.5479
ENSG00000111707,SUDS3,29,-0.6375,53,0.82155,54,0.45107,7,-2.6996
ENSG00000139767,SRRM4,17,-1.0490,52,2.20891,9,-1.8691,0,-6.6134
ENSG00000152137,HSPB8,39,-1.0799,37,-1.5160,90,0.34921,264,2.52232
ENSG00000111725,PRKAB1,7,-1.4482,20,0.36270,18,0.06097,28,0.79759
ENSG00000122966,CIT,52,0.06924,64,0.80012,33,-0.6856,9,-2.5313
ENSG00000135127,BICDL1,12,-0.3298,22,1.67325,0,-4.8180,2,-2.5355
ENSG00000111737,RAB35,22,-0.6788,41,0.82434,38,0.28353,10,-1.7608
ENSG00000089154,GCN1,17,-0.5173,20,-0.3834,28,0.30799,42,1.03861
ENSG00000089157,RPLP0,410,-0.0858,326,-0.7052,577,0.50138,730,0.91859
ENSG00000111775,COX6A1,1962,0.64559,1323,-0.2178,1316,-0.1366,915,-0.7174
ENSG00000257218,GATC,13,-0.5768,21,0.45359,2,-3.1768,33,1.01336
ENSG00000111786,SRSF9,80,-0.2620,102,0.31910,98,0.11053,69,-0.4648
ENSG00000088986,DYNLL1,789,-0.5693,1382,0.84505,883,-0.3198,615,-0.8919
ENSG00000110871,COQ5,12,-0.1706,15,0.34245,8,-0.7201,14,0.09836
ENSG00000022840,RNF10,51,-0.3547,77,0.68814,31,-1.0720,56,-0.1714
ENSG00000167272,POP5,18,-0.3339,21,-0.1981,40,1.00992,18,-0.3350
ENSG00000157782,CABP1,97,-0.8172,226,1.48176,95,-0.7681,33,-2.3543
ENSG00000110917,MLEC,51,-0.3972,64,0.04570,79,0.37850,67,0.10867
ENSG00000175970,UNC119B,14,-0.4275,16,-0.3098,31,0.98348,19,0.12304
ENSG00000157837,SPPL3,38,-1.1520,103,1.25174,19,-2.0835,78,0.09909
ENSG00000157895,C12orf43,17,-0.2061,27,1.36387,2,-3.1160,6,-1.7989
ENSG00000110931,CAMKK2,51,-0.6694,102,1.21699,51,-0.5609,23,-1.8067
ENSG00000089053,ANAPC5,34,-0.7573,65,0.75759,21,-1.3569,63,0.35096
ENSG00000170633,RNF34,26,-0.5392,44,0.75928,24,-0.5865,27,-0.3959
ENSG00000089094,KDM2B,13,-0.7217,27,1.02782,9,-1.2158,16,-0.3152
ENSG00000188735,TMEM120B,15,-0.0254,14,-0.0991,10,-0.6391,23,0.68192
ENSG00000139725,RHOF,15,-0.2001,16,-0.2461,36,1.31090,7,-1.2686
ENSG00000110801,PSMD9,23,-0.0139,25,0.27073,0,-5.4931,37,0.82412
ENSG00000110987,BCL7A,21,-0.6890,41,0.97714,3,-3.3509,38,0.32421
ENSG00000175727,MLXIP,11,-0.6133,19,0.74758,0,-4.3416,23,0.69068
ENSG00000139719,VPS33A,12,-0.9592,25,0.61432,32,0.69345,10,-1.1340
ENSG00000130779,CLIP1,47,-0.3976,70,0.59819,58,-0.0221,34,-0.8690
ENSG00000111011,RSRC2,39,-0.6856,69,0.63789,65,0.21758,35,-0.7738
ENSG00000139726,DENR,56,-0.0870,77,0.92237,33,-0.9101,16,-1.9403
ENSG00000130787,HIP1R,51,-0.3286,54,-0.3009,35,-0.8495,131,1.36328
ENSG00000139722,VPS37B,13,-0.9514,30,0.86989,26,0.19803,12,-1.0193
ENSG00000150967,ABCB9,20,-0.4384,26,0.13714,46,1.02814,10,-1.3454
ENSG00000182196,ARL6IP4,220,0.09596,211,0.02609,149,-0.5486,241,0.23375
ENSG00000090975,PITPNM2,28,-0.2373,42,0.97121,9,-1.8797,20,-0.7167
ENSG00000130921,C12orf65,16,-0.4796,22,0.19660,23,0.15105,22,0.14174
ENSG00000111328,CDK2AP1,198,0.02646,94,-1.6428,289,0.67094,498,1.71125
ENSG00000139697,SBNO1,44,0.03833,53,0.60362,41,-0.0907,8,-2.5633
ENSG00000183955,KMT5A,21,0.06208,23,0.35677,13,-0.6976,16,-0.3725
ENSG00000150977,RILPL2,14,-0.0113,14,-0.1395,22,0.67357,10,-0.5292
ENSG00000188026,RILPL1,25,0.05813,27,0.28595,16,-0.6579,21,-0.2096
ENSG00000086598,TMED2,48,-0.8430,76,-0.0449,127,0.85760,90,0.25271
ENSG00000111361,EIF2B1,20,-0.2803,29,0.63229,15,-0.7708,19,-0.3699
ENSG00000111358,GTF2H3,17,0.11913,14,-0.2558,15,-0.0728,20,0.40255
ENSG00000119242,CCDC92,104,-0.3786,174,1.10167,39,-1.8507,77,-0.8027
ENSG00000179195,ZNF664,29,-0.8559,48,0.10932,61,0.43795,61,0.45113
ENSG00000196498,NCOR2,46,-0.6523,78,0.52374,28,-1.3517,97,0.64155
ENSG00000073060,SCARB1,25,-1.0600,48,0.15526,53,0.25849,69,0.70922
ENSG00000150991,UBC,765,-0.3032,943,0.14023,993,0.16378,900,0.00101
ENSG00000184992,BRI3BP,50,-0.0237,58,0.40532,53,0.05481,22,-1.3211
ENSG00000081760,AACS,27,-0.2895,47,1.42085,3,-3.5371,11,-1.5836
ENSG00000139364,TMEM132B,69,-0.1439,97,0.90707,31,-1.3673,38,-1.0734
ENSG00000151948,GLT1D1,19,-0.1588,30,1.41339,5,-2.2155,2,-3.4178
ENSG00000060709,RIMBP2,34,-0.4206,69,1.89241,4,-3.5402,0,-7.6815
ENSG00000132341,RAN,163,-0.4449,250,0.59977,213,0.04409,120,-0.8709
ENSG00000061936,SFSWAP,14,-0.8924,24,0.09073,40,0.89053,23,-0.0310
ENSG00000198598,MMP17,32,-0.7303,70,1.46506,20,-1.3349,17,-1.6001
ENSG00000177169,ULK1,45,-0.3133,70,0.94530,29,-0.9540,26,-1.1212
ENSG00000183495,EP400,19,-0.1180,25,0.70497,6,-1.9266,18,-0.2234
ENSG00000185163,DDX51,11,-0.9326,25,1.09790,0,-4.8752,24,0.46717
ENSG00000184967,NOC4L,17,-0.2619,21,0.29725,16,-0.2842,19,0.01522
ENSG00000182870,GALNT9,39,-0.6141,86,1.86189,12,-2.2960,3,-4.0313
ENSG00000112787,FBRSL1,43,0.38382,38,0.21281,12,-1.6932,33,-0.0976
ENSG00000176894,PXMP2,35,0.19405,24,-0.6894,64,1.20451,24,-0.4698
ENSG00000247077,PGAM5,23,-0.1433,29,0.41409,23,-0.1583,17,-0.6504
ENSG00000176915,ANKLE2,21,-1.0059,45,0.67625,63,0.93480,8,-2.3076
ENSG00000090615,GOLGA3,39,-0.2007,58,1.03076,2,-4.2975,33,-0.4183
ENSG00000198040,ZNF84,22,-0.1920,32,0.96441,0,-4.8594,21,-0.2377
ENSG00000196199,MPHOSPH8,50,-0.8262,86,0.21946,156,1.17517,38,-1.1652
ENSG00000121390,PSPC1,23,-0.9425,53,1.13084,27,-0.5858,24,-0.7402
ENSG00000121741,ZMYM2,23,-0.9007,59,1.62646,6,-2.7616,22,-0.8693
ENSG00000121742,GJB6,107,0.75403,48,-1.0552,19,-2.0915,169,1.46499
ENSG00000165475,CRYL1,63,-0.3010,59,-0.5737,70,-0.0820,157,1.34510
ENSG00000278291,AL161772.1,50,0.04110,56,0.39430,17,-1.6214,52,0.09451
ENSG00000172458,IL17D,70,0.31475,40,-0.9582,20,-1.6487,154,1.74333
ENSG00000150459,SAP18,156,-0.4443,230,0.46530,150,-0.4487,203,0.04611
ENSG00000173141,MRPL57,99,-0.2709,119,0.09556,154,0.49925,91,-0.3789
ENSG00000180776,ZDHHC20,14,-1.1654,29,0.15089,0,-5.3166,75,1.85633
ENSG00000165487,MICU2,21,-0.4231,30,0.29510,18,-0.6684,36,0.49375
ENSG00000151835,SACS,17,-1.0311,41,1.12566,42,0.53661,0,-5.9036
ENSG00000165566,AMER2,52,-0.9915,74,-0.5355,19,-2.3441,305,2.34648
ENSG00000139505,MTMR6,44,-0.6732,94,1.49551,14,-2.2506,30,-1.1682
ENSG00000139496,NUP58,16,-1.0743,40,1.12050,14,-1.1244,27,-0.1102
ENSG00000132932,ATP8A2,43,-0.5186,76,0.94330,60,0.06304,10,-2.5693
ENSG00000127870,RNF6,29,-0.4428,53,1.25626,18,-1.1751,11,-1.8288
ENSG00000132970,WASF3,129,-0.0183,130,-0.0098,165,0.39923,99,-0.4353
ENSG00000132975,GPR12,11,-1.0000,35,2.43882,0,-4.8094,1,-4.1853
ENSG00000152484,USP12,49,0.21305,47,0.21457,40,-0.1357,24,-0.9440
ENSG00000122026,RPL21,1339,-0.1745,1155,-0.6251,2240,0.72177,2209,0.69640
ENSG00000122034,GTF3A,78,-0.3665,105,0.32042,136,0.60203,46,-1.1351
ENSG00000122033,MTIF3,26,-0.8316,46,0.26360,51,0.32789,48,0.24344
ENSG00000186184,POLR1D,49,-0.5939,73,0.26464,108,0.80497,39,-0.8456
ENSG00000132963,POMP,178,-0.1441,191,-0.0121,209,0.14447,205,0.11523
ENSG00000139514,SLC7A1,61,0.52966,48,0.09818,43,-0.1440,16,-1.6465
ENSG00000122042,UBL3,176,0.29053,173,0.39499,41,-2.0320,132,-0.2295
ENSG00000102781,KATNAL1,29,0.01380,41,1.21021,8,-1.9004,3,-3.4255
ENSG00000189403,HMGB1,283,-0.4807,373,0.04185,479,0.44531,403,0.15330
ENSG00000120694,HSPH1,97,-1.3180,311,1.63640,129,-0.7399,76,-1.5458
ENSG00000187676,B3GLCT,12,-0.8008,26,1.02258,7,-1.5924,19,-0.0128
ENSG00000073910,FRY,33,-1.1749,88,1.11196,72,0.18679,24,-1.5084
ENSG00000139597,N4BP2L1,22,-0.5305,43,1.34994,17,-0.8913,5,-2.6164
ENSG00000244754,N4BP2L2,37,-0.6265,44,-0.4435,115,1.39788,52,0.00270
ENSG00000083642,PDS5B,40,-0.9809,103,1.47394,50,-0.5414,17,-2.1665
ENSG00000172915,NBEA,45,-0.2985,76,1.37635,23,-1.2831,3,-3.9121
ENSG00000133083,DCLK1,184,-0.7763,403,1.30614,156,-0.9458,126,-1.2679
ENSG00000133104,SPART,34,-0.7546,50,-0.1031,68,0.43902,80,0.72157
ENSG00000180440,SERTM1,23,-0.3737,40,1.29890,13,-1.1755,5,-2.4847
ENSG00000120697,ALG5,11,-1.2251,26,0.58284,0,-5.4343,49,1.38898
ENSG00000120686,UFM1,64,-0.1476,73,0.13553,76,0.14547,60,-0.2271
ENSG00000183722,LHFPL6,51,-0.8873,92,0.28889,127,0.70743,72,-0.2346
ENSG00000133103,COG6,13,-0.6910,28,1.61909,5,-1.8528,5,-1.9186
ENSG00000120688,WBP4,21,-0.5542,35,0.67248,17,-0.8082,29,0.00124
ENSG00000165572,KBTBD6,43,-0.7088,91,1.35531,18,-1.9534,38,-0.7954
ENSG00000120696,KBTBD7,14,-0.8856,27,0.48010,34,0.67676,14,-0.7395
ENSG00000102760,RGCC,132,0.12252,107,-0.3780,65,-1.0074,230,1.08462
ENSG00000102780,DGKH,17,-0.8316,39,1.34406,25,-0.1626,2,-3.5974
ENSG00000023516,AKAP11,126,-0.3401,217,1.31549,31,-2.4338,63,-1.3684
ENSG00000120675,DNAJC15,45,-0.4717,57,-0.0615,34,-0.8559,114,1.17371
ENSG00000151778,SERP2,93,0.06440,128,1.27072,2,-5.2592,22,-2.1669
ENSG00000102804,TSC22D1,322,-0.6297,507,0.33199,663,0.63873,304,-0.6484
ENSG00000133114,GPALPP1,18,-0.3378,26,0.67625,23,0.12475,7,-1.7240
ENSG00000188342,GTF2F2,24,-0.2752,28,0.01299,28,0.01968,35,0.36384
ENSG00000180332,KCTD4,5,-2.5676,41,2.57705,7,-1.8241,9,-1.3951
ENSG00000133112,TPT1,1233,-0.3863,981,-1.0658,3773,1.65825,1976,0.44445
ENSG00000123200,ZC3H13,59,0.01865,59,0.04326,41,-0.5476,70,0.31656
ENSG00000139684,ESD,48,-1.0218,93,0.25210,119,0.55683,97,0.20942
ENSG00000102468,HTR2A,17,-1.3190,60,2.35266,12,-1.6579,0,-5.7960
ENSG00000136143,SUCLA2,54,-0.4930,89,0.77041,49,-0.5921,52,-0.5036
ENSG00000136146,MED4,39,-0.2691,51,0.35177,28,-0.7530,53,0.24197
ENSG00000136156,ITM2B,751,-0.6657,958,-0.3303,1438,0.48057,1878,0.95737
ENSG00000139687,RB1,20,-0.6075,28,0.04259,34,0.33162,36,0.42290
ENSG00000102531,FNDC3A,20,-1.2604,49,0.44540,68,0.80798,34,-0.3432
ENSG00000102543,CDADC1,14,-0.3185,17,-0.0330,27,0.77518,13,-0.3890
ENSG00000102547,CAB39L,31,-0.2986,39,0.17724,52,0.58325,23,-0.7199
ENSG00000136144,RCBTB1,20,-0.2867,17,-0.7462,42,1.02693,35,0.68174
ENSG00000123179,EBPL,22,-0.4425,23,-0.4481,61,1.39271,24,-0.2492
ENSG00000102753,KPNA3,30,-0.0730,39,0.63512,13,-1.3684,25,-0.3846
ENSG00000123178,SPRYD7,36,-0.2731,58,1.20988,2,-4.5766,26,-0.7225
ENSG00000136104,RNASEH2B,22,-0.2638,29,0.35137,22,-0.2614,24,-0.1278
ENSG00000136100,VPS36,28,-0.2005,35,0.27684,40,0.37863,18,-0.9094
ENSG00000165416,SUGT1,50,-0.4889,75,0.43016,87,0.48890,35,-0.9905
ENSG00000136099,PCDH8,38,-0.6999,85,1.58630,30,-0.9660,5,-3.6283
ENSG00000118946,PCDH17,57,-0.5614,116,1.57368,18,-2.2393,23,-1.8605
ENSG00000184226,PCDH9,112,-0.5899,182,0.52982,54,-1.6406,227,0.65934
ENSG00000204899,MZT1,42,-0.4965,81,1.43022,22,-1.4485,13,-2.2179
ENSG00000083520,DIS3,12,-0.4632,18,0.36388,13,-0.3324,18,0.19651
ENSG00000118922,KLF12,23,0.78845,14,-0.3242,12,-0.4331,12,-0.4465
ENSG00000136111,TBC1D4,14,-0.4065,25,1.37076,10,-0.7853,0,-6.7025
ENSG00000188243,COMMD6,197,-0.0608,156,-0.6855,358,0.97750,252,0.35955
ENSG00000118939,UCHL3,13,-0.6832,30,1.78155,0,-4.5042,7,-1.5289
ENSG00000136153,LMO7,19,-1.1322,51,1.29402,41,0.24706,3,-3.4708
ENSG00000178695,KCTD12,45,-0.9488,57,-0.7572,273,2.46107,25,-1.7494
ENSG00000005812,FBXL3,34,-0.7343,60,0.51495,33,-0.7127,67,0.46392
ENSG00000005810,MYCBP2,74,-0.7091,158,1.40144,73,-0.6382,18,-2.7237
ENSG00000139737,SLAIN1,15,-2.2226,47,-0.5197,31,-0.9583,209,2.54089
ENSG00000136160,EDNRB,103,0.63698,72,-0.0943,23,-1.8309,82,0.14426
ENSG00000152193,OBI1,12,-0.5475,26,1.85982,0,-5.0221,3,-2.4246
ENSG00000139746,RBM26,42,-0.3725,64,0.77974,35,-0.5736,31,-0.8016
ENSG00000102471,NDFIP2,61,-1.4774,239,2.27013,29,-2.4542,45,-1.8003
ENSG00000136158,SPRY2,38,0.31967,40,0.65298,1,-4.3501,23,-0.5662
ENSG00000178235,SLITRK1,25,-1.0027,72,1.99915,5,-3.2844,15,-1.6680
ENSG00000165300,SLITRK5,19,-0.6288,40,1.51908,11,-1.4225,6,-2.1719
ENSG00000152749,GPR180,11,-0.6956,22,1.03706,3,-2.3260,17,0.05541
ENSG00000125285,SOX21,22,0.58954,15,-0.2759,4,-2.0523,24,0.62310
ENSG00000134873,CLDN10,127,1.12577,66,-0.3617,2,-5.0440,83,0.15152
ENSG00000134874,DZIP1,32,0.08609,33,0.20662,24,-0.3999,26,-0.2809
ENSG00000185352,HS6ST3,95,0.65799,77,0.34343,48,-0.5804,4,-3.9940
ENSG00000139793,MBNL2,51,-0.9275,103,0.57315,50,-0.8570,124,0.61725
ENSG00000125249,RAP2A,64,-0.4722,108,0.91675,40,-1.1521,61,-0.4930
ENSG00000065150,IPO5,51,-0.6324,91,0.76599,50,-0.5874,61,-0.2612
ENSG00000152767,FARP1,65,-0.2979,90,0.53212,63,-0.2958,55,-0.5081
ENSG00000102572,STK24,32,-0.9594,76,1.14414,62,0.19158,11,-2.4832
ENSG00000088387,DOCK9,47,-0.2949,63,0.41133,36,-0.6684,59,0.10378
ENSG00000134882,UBAC2,17,-0.6732,30,0.62916,11,-1.2872,33,0.46262
ENSG00000125304,TM9SF2,46,-0.7209,83,0.63940,54,-0.3565,67,-0.0348
ENSG00000175198,PCCA,15,0.29349,14,0.23754,0,-4.6519,17,0.44949
ENSG00000102452,NALCN,37,-0.3333,57,0.82538,22,-1.0946,32,-0.5511
ENSG00000102466,FGF14,31,-0.1681,42,0.64444,35,0.03410,9,-2.0320
ENSG00000134900,TPP2,12,-0.8067,27,1.19031,15,-0.3746,7,-1.5873
ENSG00000134897,BIVM,13,-0.2023,17,0.48962,3,-2.3557,19,0.45938
ENSG00000134899,ERCC5,15,-0.5925,22,0.23971,36,0.96765,9,-1.1843
ENSG00000125266,EFNB2,16,-1.1760,37,0.52467,44,0.56197,27,-0.2484
ENSG00000134884,ARGLU1,42,-1.3586,99,0.17374,160,0.93255,105,0.19627
ENSG00000204442,FAM155A,50,-0.2641,73,0.79654,39,-0.6168,29,-1.0897
ENSG00000174405,LIG4,20,-0.2432,27,0.55326,30,0.42186,4,-2.4831
ENSG00000139826,ABHD13,10,-0.9295,27,1.52886,1,-4.3140,14,-0.3420
ENSG00000041515,MYO16,23,0.40198,26,1.10134,0,-5.1967,1,-4.1000
ENSG00000185950,IRS2,82,0.10264,99,0.81486,31,-1.4050,29,-1.5128
ENSG00000213995,NAXD,38,0.27887,41,0.63358,3,-3.5155,24,-0.5018
ENSG00000134905,CARS2,17,-0.2185,21,0.28076,7,-1.5073,27,0.62922
ENSG00000153487,ING1,18,0.39709,16,0.24140,12,-0.2532,5,-1.5608
ENSG00000088448,ANKRD10,17,-0.9692,32,0.21436,49,0.84256,27,-0.1580
ENSG00000102606,ARHGEF7,66,-0.7717,153,1.57483,11,-3.2945,60,-0.8461
ENSG00000126217,MCF2L,51,-0.1444,68,0.70328,41,-0.4701,24,-1.2871
ENSG00000126226,PCID2,8,-1.6051,22,0.26131,39,1.17640,18,-0.1793
ENSG00000139842,CUL4A,21,-0.4621,33,0.59362,23,-0.2489,21,-0.4209
ENSG00000185896,LAMP1,83,-0.7627,112,-0.3392,131,0.04871,271,1.33991
ENSG00000150403,TMCO3,26,-0.0098,24,-0.2472,29,0.13339,34,0.39938
ENSG00000198176,TFDP1,26,-0.1068,29,0.12408,23,-0.3375,31,0.19519
ENSG00000183087,GAS6,49,-0.4188,65,0.17963,88,0.62443,43,-0.5508
ENSG00000185989,RASA3,14,-0.5553,19,0.00112,13,-0.5954,36,1.05210
ENSG00000130177,CDC16,38,-0.3640,50,0.20611,65,0.55623,32,-0.6202
ENSG00000169062,UPF3A,28,-0.7983,38,-0.4164,49,0.16254,97,1.39411
ENSG00000198824,CHAMP1,13,-0.5950,28,1.64396,3,-2.5436,5,-1.8660
ENSG00000100814,CCNB1IP1,17,-0.8318,20,-0.7859,89,2.19611,17,-0.7249
ENSG00000129484,PARP2,17,-0.4949,33,1.43423,4,-2.5408,9,-1.2995
ENSG00000092094,OSGEP,17,-0.3859,19,-0.3280,34,0.75549,28,0.40471
ENSG00000100823,APEX1,56,-0.4083,71,0.07068,86,0.34992,74,0.10249
ENSG00000165782,PIP4P1,35,-0.3712,44,0.12567,69,0.83121,24,-0.9095
ENSG00000129538,RNASE1,16,-3.6284,55,-2.1913,370,1.57721,613,2.78000
ENSG00000165795,NDRG2,1311,0.75016,720,-0.6179,581,-0.7230,1216,0.48445
ENSG00000258441,LINC00641,42,-0.5240,85,1.60966,10,-2.6574,16,-1.9157
ENSG00000092199,HNRNPC,150,-0.6112,227,0.24552,241,0.23762,225,0.11862
ENSG00000092201,SUPT16H,50,-0.3087,73,0.68066,40,-0.6195,41,-0.5828
ENSG00000100888,CHD8,28,-0.0678,37,0.74478,19,-0.6773,12,-1.4275
ENSG00000129472,RAB2B,19,-0.5308,24,-0.0686,44,0.96892,21,-0.2701
ENSG00000092203,TOX4,30,-0.4684,44,0.41150,17,-1.2336,55,0.59774
ENSG00000165819,METTL3,15,-0.0975,16,0.04985,25,0.69748,8,-1.0217
ENSG00000165821,SALL2,50,0.63488,22,-1.1816,24,-0.6609,80,1.37314
ENSG00000129562,DAD1,92,-0.4008,100,-0.3431,102,-0.1860,225,1.19175
ENSG00000155463,OXA1L,31,-0.4208,43,0.35247,36,-0.0923,38,-0.0440
ENSG00000172590,MRPL52,101,-0.1278,113,0.10937,70,-0.6927,144,0.47946
ENSG00000197324,LRP10,30,-0.5099,15,-2.0808,94,1.56168,102,1.73646
ENSG00000100461,RBM23,16,-0.9925,27,-0.0700,64,1.48019,18,-0.6456
ENSG00000100462,PRMT5,29,0.28566,26,0.14205,7,-1.9199,30,0.30598
ENSG00000100804,PSMB5,118,-0.3278,158,0.35447,127,-0.1649,130,-0.1222
ENSG00000100813,ACIN1,17,-1.2175,38,0.24048,68,1.15153,26,-0.4930
ENSG00000179933,C14orf119,21,-0.8372,33,-0.0724,72,1.29492,26,-0.4315
ENSG00000092068,SLC7A8,14,-1.2183,42,1.51343,20,-0.5691,10,-1.5579
ENSG00000235194,PPP1R3E,10,-0.9854,23,0.76648,5,-1.8321,27,0.69230
ENSG00000129473,BCL2L2,64,-0.4819,105,0.77830,84,0.01729,32,-1.4615
ENSG00000100836,PABPN1,61,-0.5080,98,0.63645,61,-0.4495,69,-0.2555
ENSG00000092096,SLC22A17,315,-0.5292,537,0.81812,356,-0.2717,230,-0.9587
ENSG00000166091,CMTM5,20,-0.6825,12,-1.9661,15,-1.0299,135,3.14860
ENSG00000129460,NGDN,9,-1.3173,17,-0.4491,51,1.64431,24,0.31067
ENSG00000213983,AP1G2,11,-0.8064,22,0.66735,15,-0.2803,17,-0.0529
ENSG00000092051,JPH4,104,-0.2329,162,1.15487,49,-1.3580,34,-1.9284
ENSG00000100884,CPNE6,89,-0.2409,133,0.93178,40,-1.4329,59,-0.8451
ENSG00000100897,DCAF11,63,-0.0049,60,-0.1213,77,0.34153,60,-0.0891
ENSG00000092010,PSME1,64,-0.2897,52,-0.9208,153,1.25958,111,0.67030
ENSG00000100908,EMC9,25,-0.2837,34,0.42799,26,-0.2008,24,-0.3487
ENSG00000100911,PSME2,39,-0.3219,37,-0.5848,99,1.33567,46,-0.0071
ENSG00000092098,RNF31,16,0.28269,13,-0.0876,15,0.15613,10,-0.5418
ENSG00000213928,IRF9,27,0.01677,16,-1.1310,32,0.33703,60,1.45536
ENSG00000100926,TM9SF1,14,-0.7097,17,-0.4704,23,0.17187,46,1.39341
ENSG00000254505,CHMP4A,61,0.14924,59,0.10714,28,-1.1130,68,0.30026
ENSG00000213920,MDP1,36,-0.1447,46,0.56916,36,-0.1246,17,-1.2920
ENSG00000129559,NEDD8,303,-0.1295,361,0.32403,301,-0.1254,246,-0.4489
ENSG00000100938,GMPR2,22,-0.4237,34,0.62866,27,-0.0651,16,-0.8471
ENSG00000092330,TINF2,10,-1.0649,19,-0.0689,23,0.31545,35,1.01125
ENSG00000100949,RABGGTA,10,-0.7701,17,0.20973,23,0.56553,16,0.00917
ENSG00000288044,AL096870.8,21,0.63157,11,-0.6930,10,-0.6798,24,0.76557
ENSG00000196943,NOP9,10,-0.3944,18,1.04481,3,-2.0902,9,-0.5005
ENSG00000100445,SDR39U1,38,-0.4309,45,-0.1675,94,1.17231,33,-0.5801
ENSG00000168952,STXBP6,23,-0.7721,41,0.43514,25,-0.5344,49,0.54087
ENSG00000139910,NOVA1,63,-0.4847,100,0.61497,84,0.04409,49,-0.8327
ENSG00000176165,FOXG1,88,-0.2335,130,0.92794,60,-0.8126,38,-1.4893
ENSG00000186960,LINC01551,19,-0.0504,27,1.09098,10,-1.0423,1,-3.6688
ENSG00000092108,SCFD1,24,-0.3392,38,1.02986,8,-1.9846,19,-0.6139
ENSG00000100473,COCH,9,-0.8567,23,1.94112,0,-4.8511,5,-1.5593
ENSG00000196792,STRN3,17,-0.8172,31,0.39967,39,0.59755,20,-0.4553
ENSG00000100478,AP4S1,19,-0.5401,29,0.43160,36,0.61093,12,-1.1578
ENSG00000092148,HECTD1,43,-0.5876,76,0.81285,56,-0.1101,30,-1.0552
ENSG00000100852,ARHGAP5,119,0.15866,95,-0.3722,96,-0.2155,161,0.65287
ENSG00000151320,AKAP6,59,-0.6964,114,0.91163,78,-0.1881,45,-1.0378
ENSG00000151322,NPAS3,29,0.01441,23,-0.5517,21,-0.5257,59,1.24013
ENSG00000129521,EGLN3,32,0.56485,19,-0.5940,2,-3.3216,50,1.27716
ENSG00000165389,SPTSSA,21,-0.6145,27,-0.2148,42,0.58815,43,0.63513
ENSG00000129518,EAPP,29,-0.3528,36,0.08273,43,0.33364,36,0.01462
ENSG00000129515,SNX6,32,-0.2605,29,-0.6158,26,-0.5992,91,1.59358
ENSG00000165410,CFL2,21,-1.8485,45,-0.8308,57,-0.1537,223,2.46881
ENSG00000100883,SRP54,24,-0.6822,37,0.13693,53,0.68688,33,-0.1041
ENSG00000151327,FAM177A1,47,-0.5940,74,0.40362,37,-0.8787,92,0.59547
ENSG00000092020,PPP2R3C,20,-0.6488,38,0.86364,28,-0.0944,14,-1.1288
ENSG00000100902,PSMA6,79,-0.4804,121,0.50490,105,0.03528,76,-0.4811
ENSG00000100906,NFKBIA,27,-0.9251,29,-1.1024,93,1.23777,104,1.45140
ENSG00000174373,RALGAPA1,24,-0.7055,37,0.09346,46,0.43951,43,0.32510
ENSG00000100916,BRMS1L,24,-0.3950,42,1.23589,14,-1.1873,8,-1.9033
ENSG00000151332,MBIP,11,-0.9888,25,0.83025,19,-0.0600,15,-0.4337
ENSG00000139874,SSTR1,16,-0.6189,33,1.26246,19,-0.3014,2,-3.5580
ENSG00000100934,SEC23A,29,-0.8808,70,1.44624,21,-1.2527,22,-1.1978
ENSG00000182400,TRAPPC6B,36,-0.6029,64,0.84798,57,0.23185,13,-2.0427
ENSG00000100941,PNN,27,-0.7507,36,-0.3136,83,1.23994,44,0.14616
ENSG00000165355,FBXO33,21,-0.4037,38,1.39747,6,-2.1345,8,-1.6905
ENSG00000165379,LRFN5,15,0.02264,22,1.35052,0,-4.8567,3,-2.5492
ENSG00000179454,KLHL28,12,-0.5073,21,0.93870,0,-4.9350,18,0.28475
ENSG00000198718,TOGARAM1,12,-1.0877,32,1.33337,10,-1.1992,16,-0.5312
ENSG00000100442,FKBP3,123,-0.1902,152,0.33940,128,-0.1002,106,-0.3987
ENSG00000213741,RPS29,1525,-0.0002,1149,-0.7273,2241,0.65477,2317,0.71394
ENSG00000165502,RPL36AL,262,-0.2543,253,-0.4577,461,0.73286,405,0.50321
ENSG00000165516,KLHDC2,45,-0.7800,90,0.89637,67,-0.0563,36,-1.0123
ENSG00000165525,NEMF,57,-0.3602,70,0.04214,101,0.63838,58,-0.2897
ENSG00000282885,AL627171.2,118,0.22502,69,-1.0257,138,0.44713,192,1.04161
ENSG00000165527,ARF6,19,-0.4998,30,0.52458,37,0.66714,7,-2.0024
ENSG00000100485,SOS2,18,-0.2197,17,-0.3295,9,-1.1867,44,1.41071
ENSG00000125375,DMAC2L,23,0.63669,16,-0.0976,11,-0.6169,12,-0.5243
ENSG00000012983,MAP4K5,12,-0.9161,19,-0.1976,31,0.71676,31,0.75196
ENSG00000198513,ATL1,61,-1.0727,174,1.79575,29,-2.0902,48,-1.3133
ENSG00000151748,SAV1,8,-1.4681,19,-0.0072,19,-0.0174,42,1.37278
ENSG00000100503,NIN,15,-1.1286,34,0.60089,37,0.42330,24,-0.2949
ENSG00000100505,TRIM9,64,-0.5372,112,0.92800,66,-0.4088,41,-1.1476
ENSG00000139921,TMX1,18,0.09578,13,-0.7849,2,-2.8602,50,1.91945
ENSG00000186469,GNG2,119,-0.7482,280,1.79569,51,-1.9544,32,-2.6342
ENSG00000087302,RTRAF,57,-0.4309,92,0.84137,62,-0.2262,29,-1.4067
ENSG00000087301,TXNDC16,17,-0.6274,24,-0.0390,54,1.38040,11,-1.2090
ENSG00000180998,GPR137C,14,-0.1681,21,1.00637,0,-4.9264,12,-0.3805
ENSG00000197930,ERO1A,34,-0.2550,54,1.17399,7,-2.4941,20,-1.0622
ENSG00000100519,PSMC6,69,-0.4796,108,0.61516,63,-0.5479,80,-0.1646
ENSG00000100522,GNPNAT1,9,-0.9080,20,0.99970,16,0.15377,5,-1.5866
ENSG00000073712,FERMT2,56,0.87312,22,-1.2103,0,-5.8014,95,1.69728
ENSG00000100523,DDHD1,21,0.12434,26,0.93802,0,-5.2937,11,-0.8632
ENSG00000100528,CNIH1,35,-0.6613,64,0.79670,14,-1.9083,63,0.35642
ENSG00000197045,GMFB,90,-0.8397,202,1.23640,75,-1.0224,86,-0.8119
ENSG00000020577,SAMD4A,26,0.37688,15,-0.8082,21,0.01027,36,0.88404
ENSG00000168175,MAPK1IP1L,45,-0.1572,56,0.41905,24,-1.1195,54,0.14077
ENSG00000131981,LGALS3,75,0.24146,29,-1.8516,156,1.52826,111,0.88330
ENSG00000178974,FBXO34,29,-0.7611,65,1.36566,39,-0.2173,2,-4.6164
ENSG00000126777,KTN1,67,-0.5104,76,-0.4225,162,1.05095,110,0.35728
ENSG00000070367,EXOC5,40,-0.4831,60,0.46593,48,-0.1199,46,-0.1910
ENSG00000053770,AP5M1,29,-0.4161,45,0.61204,28,-0.4373,30,-0.3595
ENSG00000139977,NAA30,27,-0.1443,38,0.83781,4,-2.7745,25,-0.2597
ENSG00000259969,AL049838.1,20,-0.2651,32,1.18203,4,-2.3880,11,-1.1070
ENSG00000131966,ACTR10,60,-0.4634,100,0.85947,72,-0.1120,27,-1.6379
ENSG00000100567,PSMA3,39,-0.3911,59,0.66139,12,-2.0348,58,0.31624
ENSG00000257621,PSMA3-AS1,17,-0.3731,20,-0.1421,28,0.46184,26,0.36631
ENSG00000032219,ARID4A,23,-1.0060,46,0.37837,80,1.17104,16,-1.4688
ENSG00000100575,TIMM9,22,-0.3682,26,-0.1572,57,1.27550,14,-1.0383
ENSG00000100592,DAAM1,34,-0.3149,52,0.79736,23,-0.8773,26,-0.6822
ENSG00000050130,JKAMP,26,-0.6402,41,0.32081,45,0.36377,33,-0.1628
ENSG00000139970,RTN1,501,-0.8752,1214,1.53948,443,-0.9702,223,-2.0114
ENSG00000126773,PCNX4,21,-0.6525,37,0.60500,23,-0.4211,30,0.00418
ENSG00000100612,DHRS7,61,0.04318,56,-0.1410,75,0.40101,52,-0.2078
ENSG00000100614,PPM1A,63,-0.4747,104,0.78124,64,-0.3915,50,-0.7931
ENSG00000020426,MNAT1,15,-0.3947,20,0.16605,9,-1.0702,31,0.85465
ENSG00000100644,HIF1A,46,-0.3962,56,-0.0770,92,0.80297,51,-0.1833
ENSG00000139973,SYT16,41,-0.6049,88,1.71925,9,-2.7178,14,-2.1143
ENSG00000140015,KCNH5,3,-2.7166,33,4.14021,0,-5.0866,0,-6.8712
ENSG00000154001,PPP2R5E,40,-0.2023,57,0.74243,36,-0.3734,18,-1.4358
ENSG00000274015,AL136038.5,18,0.07378,14,-0.5657,12,-0.5575,35,1.21172
ENSG00000126821,SGPP1,16,-1.2180,42,0.76990,10,-1.7626,54,0.84261
ENSG00000100714,MTHFD1,32,-0.4181,44,0.30970,31,-0.3865,48,0.28630
ENSG00000179841,AKAP5,35,-0.4725,73,1.96289,3,-4.0601,0,-6.1890
ENSG00000126803,HSPA2,14,-2.8763,36,-1.9060,52,-0.7801,459,3.82348
ENSG00000070182,SPTB,37,0.08694,47,0.97184,20,-0.8704,1,-5.2502
ENSG00000258289,CHURC1,80,-0.0159,78,-0.1000,102,0.39473,72,-0.1900
ENSG00000139998,RAB15,43,-0.6790,97,1.70003,25,-1.4466,6,-3.4135
ENSG00000125952,MAX,35,-0.4101,44,0.04664,54,0.34932,48,0.15708
ENSG00000033170,FUT8,16,-1.0372,31,0.14805,2,-3.7579,78,1.74761
ENSG00000171723,GPHN,24,-0.1940,34,0.81650,9,-1.6159,20,-0.4956
ENSG00000072415,MPP5,17,-0.6601,27,0.32471,22,-0.1993,31,0.40562
ENSG00000100554,ATP6V1D,135,-0.4041,228,1.07737,110,-0.6783,51,-1.8405
ENSG00000134001,EIF2S1,30,-0.1983,36,0.19054,45,0.50637,19,-0.8546
ENSG00000198133,TMEM229B,32,0.50883,24,-0.0043,29,0.27182,6,-2.1142
ENSG00000054690,PLEKHH1,8,-2.0757,16,-1.3346,4,-2.7547,146,3.52633
ENSG00000100564,PIGH,16,-0.5190,24,0.38584,21,0.02642,20,-0.0973
ENSG00000100568,VTI1B,142,-0.0144,163,0.40736,95,-0.6548,113,-0.3858
ENSG00000072042,RDH11,70,-0.2394,90,0.37644,66,-0.3000,70,-0.1946
ENSG00000259038,AL121820.2,34,0.22363,16,-1.4819,19,-0.7308,94,2.08236
ENSG00000185650,ZFP36L1,72,-0.2941,40,-1.6412,158,1.10722,207,1.64059
ENSG00000072110,ACTN1,23,-1.9510,91,0.75017,151,1.29693,19,-2.0353
ENSG00000139990,DCAF5,17,-0.4043,25,0.45073,24,0.19640,14,-0.7032
ENSG00000081177,EXD2,14,-0.5476,24,0.63194,9,-1.1684,23,0.26776
ENSG00000100626,GALNT16,19,-1.0727,50,1.17727,36,0.03930,12,-1.7112
ENSG00000100632,ERH,74,-0.5543,106,0.15787,110,0.15838,121,0.30675
ENSG00000029364,SLC39A9,28,-0.2309,39,0.66801,10,-1.7094,31,-0.0237
ENSG00000100650,SRSF5,60,-0.9169,115,0.43703,84,-0.2884,136,0.52052
ENSG00000198732,SMOC1,21,-0.5845,24,-0.5051,23,-0.3773,73,1.62393
ENSG00000133983,COX16,123,0.26782,116,0.23731,52,-1.1346,96,-0.1871
ENSG00000213463,SYNJ2BP,16,0.06962,19,0.63556,0,-4.9523,16,0.03738
ENSG00000133997,MED6,10,-0.3102,18,1.38336,0,-4.6151,6,-1.1767
ENSG00000133985,TTC9,32,-0.3546,52,0.97315,40,0.01999,1,-5.0894
ENSG00000006432,MAP3K9,39,0.78995,32,0.54981,7,-1.9633,1,-4.8575
ENSG00000100731,PCNX1,29,-0.4804,44,0.50954,59,0.76670,7,-2.5242
ENSG00000197555,SIPA1L1,46,-0.4301,83,1.34045,25,-1.3159,14,-2.1828
ENSG00000182732,RGS6,11,-0.4525,14,0.00524,32,1.44409,2,-2.5812
ENSG00000165861,ZFYVE1,12,-0.4464,15,-0.0263,16,0.16207,20,0.52190
ENSG00000119707,RBM25,53,-0.2330,66,0.30207,63,0.07086,46,-0.4208
ENSG00000080815,PSEN1,28,-0.9201,42,-0.3424,25,-0.9855,130,1.86331
ENSG00000133961,NUMB,22,-0.5846,29,-0.2107,70,1.43624,19,-0.8006
ENSG00000119661,DNAL1,49,0.14457,49,0.23116,42,-0.1316,27,-0.8085
ENSG00000176903,PNMA1,122,-0.5449,223,1.07331,78,-1.1645,100,-0.7913
ENSG00000156050,FAM161B,18,0.45017,17,0.62285,0,-4.7871,8,-0.8034
ENSG00000119636,BBOF1,13,-0.0655,16,0.63281,5,-1.5437,11,-0.3030
ENSG00000119711,ALDH6A1,148,0.60287,81,-0.7792,93,-0.2616,166,0.70865
ENSG00000205659,LIN52,14,0.02759,18,0.78815,1,-3.8176,12,-0.3137
ENSG00000119688,ABCD4,11,-0.8878,17,-0.2138,20,0.14807,36,1.20457
ENSG00000119655,NPC2,68,-0.2151,38,-1.5729,92,0.30776,231,2.07095
ENSG00000165898,ISCA2,30,0.01056,29,-0.0555,28,-0.1107,34,0.20526
ENSG00000119682,AREL1,26,-0.4766,52,1.62218,9,-2.0702,5,-2.8793
ENSG00000119596,YLPM1,28,-0.6278,41,0.12893,61,0.73358,34,-0.2343
ENSG00000119689,DLST,9,-0.9461,17,0.29834,15,-0.0726,22,0.63339
ENSG00000198208,RPS6KL1,16,-0.4656,24,0.53236,24,0.26734,11,-0.9780
ENSG00000119718,EIF2B2,13,0.06594,17,1.24584,0,-4.5899,3,-2.1100
ENSG00000119640,ACYP1,26,-0.5775,46,0.88158,28,-0.3930,20,-0.8999
ENSG00000170348,TMED10,80,-0.8790,108,-0.4974,221,0.91810,228,0.97597
ENSG00000170345,FOS,10,-3.2878,11,-3.7013,493,4.74311,63,-0.3177
ENSG00000140044,JDP2,13,-0.6956,17,-0.2297,42,1.41145,14,-0.4667
ENSG00000133935,ERG28,40,-0.5187,53,-0.0145,94,0.96200,41,-0.4265
ENSG00000119650,IFT43,21,-0.0662,19,-0.4088,32,0.58838,27,0.32827
ENSG00000089916,GPATCH2L,19,-0.0701,22,0.32104,26,0.44983,6,-1.7650
ENSG00000071246,VASH1,11,-0.7549,17,-0.0461,34,1.19461,13,-0.4171
ENSG00000013523,ANGEL1,10,-0.6205,18,1.01063,0,-4.7555,16,0.28505
ENSG00000119669,IRF2BPL,34,-0.4537,50,0.40643,52,0.28639,30,-0.6039
ENSG00000198894,CIPC,53,-0.5098,76,0.22023,65,-0.1241,88,0.37532
ENSG00000165548,TMEM63C,18,0.35894,19,0.90147,0,-4.6986,5,-1.6432
ENSG00000177108,ZDHHC22,16,-0.8108,41,2.06313,4,-2.6450,2,-3.6713
ENSG00000100580,TMED8,33,0.29151,37,0.83482,0,-5.8135,15,-0.9934
ENSG00000100591,AHSA1,54,-0.5269,87,0.62168,47,-0.6654,71,-0.0211
ENSG00000100596,SPTLC2,17,-1.0422,24,-0.7273,50,0.78324,73,1.49295
ENSG00000119705,SLIRP,304,-0.0073,343,0.35756,255,-0.2916,207,-0.6245
ENSG00000100603,SNW1,20,-0.4597,28,0.27540,22,-0.2802,31,0.32831
ENSG00000021645,NRXN3,80,-0.7931,186,1.58497,59,-1.1574,28,-2.2848
ENSG00000211448,DIO2,73,1.16508,41,-0.0855,24,-0.9142,5,-3.0808
ENSG00000165417,GTF2A1,32,-0.3398,46,0.52894,47,0.30744,15,-1.4206
ENSG00000140022,STON2,45,0.01942,31,-0.8656,23,-0.9984,116,1.76204
ENSG00000071537,SEL1L,29,-1.3394,88,1.14166,11,-2.6352,88,0.55032
ENSG00000185070,FLRT2,35,-0.1595,51,0.96994,22,-0.8923,11,-1.9077
ENSG00000054983,GALC,17,-0.6533,28,0.40551,0,-5.5741,50,1.24027
ENSG00000042317,SPATA7,13,-0.4249,17,-0.0255,35,1.28878,6,-1.5410
ENSG00000100722,ZC3H14,24,-0.5625,39,0.53624,34,0.04848,25,-0.4401
ENSG00000165533,TTC8,13,-0.3392,18,0.34294,16,0.05832,13,-0.3178
ENSG00000053254,FOXN3,20,-0.8249,27,-0.4777,77,1.54122,34,0.06480
ENSG00000100764,PSMC1,66,-0.4836,110,0.83970,27,-1.7825,86,0.01438
ENSG00000198668,CALM1,1935,-0.2651,2960,0.98367,1207,-0.9752,908,-1.4115
ENSG00000165914,TTC7B,63,-0.0385,79,0.66559,33,-1.0352,39,-0.7865
ENSG00000133943,DGLUCY,36,0.21673,37,0.42202,21,-0.6641,17,-1.0276
ENSG00000100796,PPP4R3A,18,-0.2907,30,1.20126,0,-5.4121,15,-0.6098
ENSG00000100815,TRIP11,12,-1.0095,18,-0.3591,39,1.05363,32,0.72620
ENSG00000066427,ATXN3,17,0.15941,17,0.23164,14,-0.1642,10,-0.8049
ENSG00000183648,NDUFB1,665,0.23900,600,0.05387,587,-0.0038,394,-0.6465
ENSG00000165934,CPSF2,16,-0.5032,21,-0.0116,26,0.32886,28,0.40949
ENSG00000100600,LGMN,30,-1.0395,72,0.97612,56,0.06314,29,-0.9779
ENSG00000066455,GOLGA5,9,-0.8961,17,0.28732,14,-0.0776,22,0.61230
ENSG00000100604,CHGA,87,-0.9395,193,0.95174,207,0.58638,18,-3.1231
ENSG00000100605,ITPK1,102,-0.5796,151,0.21066,147,0.07191,169,0.31209
ENSG00000165943,MOAP1,162,-0.7311,361,1.54589,110,-1.2431,60,-2.1602
ENSG00000012963,UBR7,20,-0.5898,38,1.08478,8,-1.9790,23,-0.2976
ENSG00000133958,UNC79,16,-0.4526,26,0.84990,23,0.19647,3,-2.7849
ENSG00000089737,DDX24,141,-0.6010,263,1.03763,153,-0.3986,77,-1.4520
ENSG00000165948,IFI27L1,29,-0.0970,27,-0.3071,13,-1.3273,65,1.30993
ENSG00000165949,IFI27,39,-2.2828,27,-3.3571,916,4.30390,134,-0.2290
ENSG00000119632,IFI27L2,180,0.02170,125,-0.8793,233,0.45145,331,1.07695
ENSG00000119698,PPP4R4,35,0.23674,40,0.88567,8,-1.9448,8,-2.0484
ENSG00000100697,DICER1,27,-0.0956,32,0.34140,0,-5.7887,46,0.81416
ENSG00000247092,SNHG10,27,0.33749,22,-0.0802,0,-5.2970,39,0.92975
ENSG00000182512,GLRX5,81,-0.2143,92,0.03278,133,0.63595,65,-0.5399
ENSG00000250366,TUNAR,32,1.13895,20,0.24224,1,-3.4303,3,-2.6858
ENSG00000227051,C14orf132,140,1.06905,78,-0.2300,48,-0.9083,39,-1.2272
ENSG00000066739,ATG2B,17,-0.7698,32,0.68327,32,0.32212,14,-0.9534
ENSG00000100744,GSKIP,41,-1.0356,109,1.49444,51,-0.5952,21,-1.9481
ENSG00000090060,PAPOLA,53,-0.5472,85,0.58016,58,-0.3439,65,-0.1525
ENSG00000100749,VRK1,10,-0.8822,22,1.00575,8,-0.9960,14,-0.1729
ENSG00000127152,BCL11B,20,-0.3141,34,1.44852,0,-5.5099,10,-1.3346
ENSG00000183576,SETD3,38,-0.4135,52,0.20878,53,0.16738,48,0.00611
ENSG00000090061,CCNK,16,-0.7142,23,-0.0785,30,0.40888,35,0.67110
ENSG00000205476,CCDC85C,38,1.12289,17,-0.7122,16,-0.5551,20,-0.1832
ENSG00000182218,HHIPL1,34,2.20521,8,-1.2763,0,-4.7702,11,-0.4158
ENSG00000036530,CYP46A1,140,-0.2726,212,0.92971,134,-0.3059,31,-2.5141
ENSG00000196405,EVL,184,-0.1649,249,0.69746,151,-0.4647,94,-1.2022
ENSG00000100811,YY1,46,-0.5724,79,0.72759,26,-1.4061,72,0.21537
ENSG00000197119,SLC25A29,19,-0.8989,36,0.29083,40,0.35268,37,0.23396
ENSG00000140105,WARS,39,-0.8288,81,0.91972,57,-0.1438,36,-0.8526
ENSG00000183092,BEGAIN,48,0.03676,59,0.79492,30,-0.7216,11,-2.1540
ENSG00000214548,MEG3,329,-0.7011,739,1.70107,182,-1.5273,69,-2.9746
ENSG00000225746,MEG8,16,0.54022,17,0.98537,0,-4.6370,0,-5.3870
ENSG00000078304,PPP2R5C,154,-0.0338,169,0.23885,153,-0.0381,114,-0.5141
ENSG00000197102,DYNC1H1,203,-0.5853,361,0.86429,226,-0.3448,160,-0.8880
ENSG00000080824,HSP90AA1,1469,-0.3606,2358,0.96534,1074,-0.8106,816,-1.2335
ENSG00000100865,CINP,24,-0.4134,41,1.10113,4,-3.0754,24,-0.3449
ENSG00000196663,TECPR2,29,-0.6800,58,1.19629,3,-3.8617,41,-0.0418
ENSG00000156381,ANKRD9,83,0.46871,48,-0.7924,63,-0.0823,105,0.80198
ENSG00000131323,TRAF3,27,0.13445,28,0.38182,11,-1.1923,21,-0.2460
ENSG00000198752,CDC42BPB,72,-0.0378,85,0.47318,64,-0.2199,37,-1.0544
ENSG00000100664,EIF5,159,-0.2264,222,0.70854,115,-0.7004,110,-0.7743
ENSG00000075413,MARK3,33,-0.7156,53,0.24811,78,0.79349,35,-0.5320
ENSG00000166165,CKB,1795,0.35136,1630,0.24320,816,-0.9733,1104,-0.4997
ENSG00000166166,TRMT61A,19,0.26544,20,0.52823,0,-4.5588,16,-0.1030
ENSG00000166170,BAG5,25,-0.6107,42,0.55594,41,0.28180,22,-0.7622
ENSG00000126214,KLC1,314,-0.5923,607,1.21074,228,-1.0247,191,-1.2944
ENSG00000256053,COA8,68,0.48919,46,-0.3690,74,0.54902,30,-0.8812
ENSG00000100711,ZFYVE21,75,0.08618,72,0.02841,53,-0.4762,80,0.19540
ENSG00000088808,PPP1R13B,28,0.25321,26,0.14449,20,-0.3159,17,-0.5713
ENSG00000156411,ATP5MPL,600,0.01753,717,0.60637,386,-0.6925,299,-1.0887
ENSG00000258986,TMEM179,18,-0.7151,42,1.98061,6,-2.1760,0,-5.7011
ENSG00000203485,INF2,39,-1.5861,135,1.07289,41,-1.4013,136,0.52965
ENSG00000184990,SIVA1,81,-0.0148,62,-0.6907,124,0.70395,118,0.62579
ENSG00000142208,AKT1,44,-0.3943,62,0.40076,42,-0.4187,58,0.09194
ENSG00000099814,CEP170B,101,0.08158,119,0.66130,72,-0.4891,26,-2.0104
ENSG00000185567,AHNAK2,14,-0.5240,22,0.63989,16,-0.2521,14,-0.4343
ENSG00000184916,JAG2,12,-1.8119,28,-0.6550,149,2.88735,3,-3.6775
ENSG00000183828,NUDT14,72,0.18154,71,0.22143,51,-0.3966,47,-0.5396
ENSG00000185024,BRF1,32,-0.2579,42,0.45423,16,-1.3067,44,0.29739
ENSG00000184887,BTBD6,69,0.16555,64,0.01422,73,0.23767,41,-0.6919
ENSG00000179364,PACS2,57,-0.5367,71,-0.2248,36,-1.1985,180,1.53961
ENSG00000182979,MTA1,21,-0.4309,37,1.20440,6,-2.1636,15,-0.8489
ENSG00000182809,CRIP2,141,-0.8779,258,0.34972,378,0.85344,149,-0.6966
ENSG00000213145,CRIP1,12,-3.8376,6,-5.4176,1022,6.00814,59,-1.3679
ENSG00000184986,TMEM121,19,-0.7107,39,1.22744,0,-5.7647,28,0.03186
ENSG00000274253,AC138649.1,37,-0.0184,46,0.61074,24,-0.7052,20,-0.9795
ENSG00000170113,NIPA1,42,-0.6303,66,0.33775,42,-0.5402,83,0.57128
ENSG00000140157,NIPA2,30,-0.4732,36,-0.1989,77,1.17658,30,-0.4160
ENSG00000273749,CYFIP1,56,0.15676,39,-0.7502,93,0.99412,56,0.12409
ENSG00000182636,NDN,86,-0.8278,174,0.83369,94,-0.5892,124,-0.1424
ENSG00000128739,SNRPN,519,-0.3767,848,1.00740,345,-0.9697,304,-1.1641
ENSG00000224078,SNHG14,220,-0.2474,330,0.94666,182,-0.5198,63,-2.1226
ENSG00000114062,UBE3A,39,-0.6334,80,1.37271,9,-2.6472,35,-0.7276
ENSG00000166206,GABRB3,93,-0.7338,218,1.83390,34,-2.1546,23,-2.7349
ENSG00000186297,GABRA5,125,-0.2730,216,1.53697,40,-2.0003,6,-4.6635
ENSG00000182256,GABRG3,9,-1.1155,24,1.42398,7,-1.2481,11,-0.6882
ENSG00000128731,HERC2,39,-0.2022,50,0.40933,47,0.10598,25,-0.8886
ENSG00000034053,APBA2,120,-0.5209,218,1.13051,71,-1.2690,88,-0.9451
ENSG00000104059,FAM189A1,19,0.11298,23,0.81656,9,-1.1228,5,-1.9510
ENSG00000185115,NSMCE3,16,-1.0045,33,0.54281,26,-0.1294,34,0.29399
ENSG00000104067,TJP1,38,-0.8092,38,-1.1248,121,1.21973,134,1.41693
ENSG00000198690,FAN1,25,0.61565,19,0.12467,5,-1.8863,15,-0.3131
ENSG00000166912,MTMR10,34,0.24435,18,-1.1732,11,-1.5447,89,1.99623
ENSG00000259448,LINC02352,7,-1.2865,22,1.31914,3,-2.2846,17,0.15715
ENSG00000169926,KLF13,41,-0.6230,67,0.44677,43,-0.4960,71,0.34178
ENSG00000169918,OTUD7A,22,-0.3090,30,0.40440,20,-0.4658,26,-0.0049
ENSG00000166922,SCG5,165,-0.7448,360,1.38629,115,-1.2150,105,-1.3573
ENSG00000134153,EMC7,65,-0.1653,66,-0.1974,84,0.29758,88,0.36804
ENSG00000134152,KATNBL1,14,-0.7108,21,0.05275,27,0.45179,26,0.39577
ENSG00000128463,EMC4,93,-0.5523,142,0.39681,141,0.19504,106,-0.2701
ENSG00000140199,SLC12A6,16,-0.7824,27,0.13398,25,-0.0187,39,0.72366
ENSG00000182117,NOP10,112,0.06061,118,0.25408,93,-0.2525,79,-0.5121
ENSG00000176454,LPCAT4,28,-1.1740,72,0.93526,74,0.52091,19,-1.6152
ENSG00000175265,GOLGA8A,17,-0.8757,42,1.40443,20,-0.5620,7,-2.1008
ENSG00000215252,GOLGA8B,17,-0.7659,37,1.34232,17,-0.6753,7,-1.9015
ENSG00000021776,AQR,19,0.01875,21,0.32198,5,-2.0895,24,0.40981
ENSG00000198146,ZNF770,42,-0.0261,52,0.60770,28,-0.6601,23,-0.9992
ENSG00000134138,MEIS2,21,-1.0428,65,2.45047,0,-6.2225,4,-3.3847
ENSG00000166068,SPRED1,61,-0.0583,77,0.67833,45,-0.5412,26,-1.3610
ENSG00000171262,FAM98B,24,-0.6191,45,0.92912,24,-0.5516,21,-0.7716
ENSG00000172575,RASGRP1,12,-2.5397,99,2.32342,47,-0.3544,5,-3.5805
ENSG00000166073,GPR176,23,-0.5761,38,0.60515,49,0.77112,4,-2.9702
ENSG00000128829,EIF2AK4,19,-0.7241,44,1.83484,7,-2.0164,3,-3.0519
ENSG00000140319,SRP14,434,-0.2733,514,0.07205,620,0.35323,470,-0.1084
ENSG00000137843,PAK6,48,0.40955,48,0.62108,24,-0.7440,2,-4.0528
ENSG00000259330,INAFM2,22,-0.3241,29,0.34594,31,0.30392,16,-0.7133
ENSG00000140323,DISP2,31,0.04976,40,0.90807,19,-0.7356,3,-3.5439
ENSG00000128928,IVD,28,-0.3760,37,0.17708,16,-1.1886,58,0.86100
ENSG00000140320,BAHD1,8,-1.2467,20,0.51848,33,1.15259,6,-1.5374
ENSG00000128891,CCDC32,16,-0.2485,26,1.26623,0,-4.7090,10,-0.9441
ENSG00000137824,RMDN3,45,-0.4211,56,-0.0200,92,0.83950,45,-0.3536
ENSG00000166140,ZFYVE19,12,-0.8862,17,-0.4481,41,1.24643,28,0.53106
ENSG00000104142,VPS18,16,-0.7413,33,1.01811,25,0.01803,7,-1.8574
ENSG00000187446,CHP1,120,0.10817,128,0.37385,94,-0.3156,62,-0.9626
ENSG00000247556,OIP5-AS1,175,0.26061,169,0.30050,135,-0.2007,64,-1.3755
ENSG00000137806,NDUFAF1,18,-0.8904,41,1.05007,14,-1.1759,27,-0.1539
ENSG00000137815,RTF1,55,-0.7533,116,1.15839,57,-0.5991,39,-1.2111
ENSG00000137825,ITPKA,48,-0.4482,91,1.52657,12,-2.4741,17,-1.9251
ENSG00000103932,RPAP1,13,-0.1043,17,0.74727,12,-0.1318,2,-2.7146
ENSG00000092445,TYRO3,51,-1.1759,148,1.58012,31,-1.7680,64,-0.6811
ENSG00000137802,MAPKBP1,13,-1.0214,30,0.97222,11,-1.1109,24,0.12188
ENSG00000166887,VPS39,32,-0.6065,61,0.99469,17,-1.4885,38,-0.2673
ENSG00000103978,TMEM87A,30,0.19750,26,-0.1257,2,-3.7807,51,1.10413
ENSG00000092529,CAPN3,1,-4.6555,15,-1.5750,5,-2.5361,175,4.11049
ENSG00000103994,ZNF106,57,-0.1400,63,0.04031,82,0.46501,47,-0.4269
ENSG00000180979,LRRC57,8,-1.3958,22,0.58845,26,0.62342,15,-0.2596
ENSG00000128881,TTBK2,36,-0.3427,60,1.15036,23,-0.9526,11,-2.0335
ENSG00000159459,UBR1,8,-1.7285,29,0.88559,39,0.93292,8,-1.5835
ENSG00000166946,CCNDBP1,32,-0.9737,73,0.93865,53,-0.0635,34,-0.7662
ENSG00000137822,TUBGCP4,12,-0.4252,19,0.67723,14,-0.1426,8,-0.8958
ENSG00000067369,TP53BP1,37,-0.3801,57,0.70649,41,-0.1861,24,-1.0509
ENSG00000166963,MAP1A,553,0.14756,630,0.67069,336,-0.6801,140,-2.0077
ENSG00000237289,CKMT1B,24,-0.6150,49,1.33395,18,-0.9517,10,-1.9147
ENSG00000223572,CKMT1A,19,-1.1454,59,1.88684,21,-0.9010,3,-3.7056
ENSG00000167004,PDIA3,53,-1.1554,114,0.29835,109,0.09811,153,0.67465
ENSG00000140264,SERF2,692,-0.2484,564,-0.8490,1329,0.89862,1350,0.92702
ENSG00000140259,MFAP1,17,-0.9004,30,0.14764,55,1.09942,20,-0.5560
ENSG00000166734,CASC4,82,-0.1641,85,-0.1218,89,0.00751,119,0.48102
ENSG00000137770,CTDSPL2,9,-1.1638,21,0.77517,26,0.69818,7,-1.4063
ENSG00000104131,EIF3J,74,0.11385,77,0.26701,54,-0.4317,52,-0.4782
ENSG00000104133,SPG11,17,-0.1188,15,-0.4739,7,-1.4800,43,1.56985
ENSG00000166710,B2M,354,-1.6315,329,-2.1797,3973,3.06656,1292,0.59289
ENSG00000185880,TRIM69,36,-0.5165,44,-0.2288,82,0.94203,51,0.13059
ENSG00000138606,SHF,17,-0.0117,19,0.44347,18,0.09027,5,-1.6592
ENSG00000171766,GATM,149,0.10333,104,-0.7817,99,-0.5735,318,1.45181
ENSG00000104164,BLOC1S6,42,-0.2074,50,0.23567,53,0.22526,34,-0.4932
ENSG00000137872,SEMA6D,30,0.59726,16,-0.7589,10,-1.2056,42,1.10454
ENSG00000104177,MYEF2,35,-0.2331,51,0.83210,17,-1.2809,26,-0.6542
ENSG00000233932,CTXN2,15,0.25747,16,0.67569,10,-0.4621,0,-4.5357
ENSG00000128951,DUT,63,-0.3275,72,-0.1390,125,0.86865,65,-0.2487
ENSG00000255302,EID1,231,-0.1022,287,0.51340,160,-0.6742,181,-0.4810
ENSG00000138593,SECISBP2L,40,-1.1905,89,0.36632,62,-0.4006,134,0.91131
ENSG00000166200,COPS2,35,-0.6124,60,0.67730,25,-1.0405,55,0.19801
ENSG00000104047,DTWD1,8,-1.2834,22,0.62078,31,0.89838,9,-1.0792
ENSG00000285410,GABPB1-IT1,19,-0.4412,34,1.26011,7,-1.9017,12,-1.1469
ENSG00000138592,USP8,34,-0.5155,49,0.29014,30,-0.6091,63,0.57198
ENSG00000138600,SPPL2A,15,-0.3361,16,-0.3126,14,-0.3641,36,1.18491
ENSG00000183578,TNFAIP8L3,20,0.49376,21,1.00890,1,-4.0964,0,-5.0665
ENSG00000104093,DMXL2,69,-0.6114,137,1.29255,68,-0.5481,16,-2.6819
ENSG00000104112,SCG3,326,0.00443,306,-0.1669,474,0.64239,249,-0.4279
ENSG00000140280,LYSMD2,58,-0.3794,82,0.43393,104,0.63572,22,-1.7871
ENSG00000128872,TMOD2,199,0.13800,220,0.53160,156,-0.2796,52,-1.9668
ENSG00000138594,TMOD3,13,-0.9987,15,-1.0557,79,2.35182,20,-0.2013
ENSG00000166477,LEO1,13,-0.5555,18,0.12505,9,-0.9838,31,1.03219
ENSG00000069956,MAPK6,50,-0.0730,55,0.17748,58,0.20206,36,-0.5748
ENSG00000069966,GNB5,85,0.10910,91,0.37483,73,-0.1580,37,-1.2285
ENSG00000197535,MYO5A,143,-0.1875,220,1.19099,47,-1.8825,51,-1.7453
ENSG00000128989,ARPP19,574,-0.4454,1040,1.30453,323,-1.2874,211,-1.9253
ENSG00000137766,UNC13C,20,0.47597,19,0.61754,9,-0.8957,0,-4.4433
ENSG00000137876,RSL24D1,59,-0.2898,93,1.01919,24,-1.6293,40,-0.8806
ENSG00000260916,CCPG1,29,-1.1743,57,0.06345,106,1.10129,57,0.00948
ENSG00000137871,ZNF280D,18,-0.1893,21,0.14497,28,0.57928,11,-0.8635
ENSG00000140262,TCF12,15,-0.9054,21,-0.6008,23,-0.2064,72,1.85940
ENSG00000255529,POLR2M,36,-0.3845,46,0.16438,33,-0.4629,61,0.56265
ENSG00000137845,ADAM10,22,-1.1601,56,0.79582,7,-2.7958,76,0.94356
ENSG00000128923,MINDY2,44,-0.1350,42,-0.3174,97,1.23725,26,-0.9249
ENSG00000157450,RNF111,18,-0.5525,30,0.54737,30,0.27194,15,-0.8386
ENSG00000137776,SLTM,53,-0.2313,64,0.19103,49,-0.3035,68,0.21279
ENSG00000157470,FAM81A,51,-0.1251,75,1.15117,26,-1.1376,6,-3.1909
ENSG00000140307,GTF2A2,57,0.17987,48,-0.2558,49,-0.1050,64,0.33707
ENSG00000140299,BNIP2,21,-0.0789,12,-1.3208,44,1.26118,38,0.97446
ENSG00000069667,RORA,29,0.56355,17,-0.5979,26,0.27784,22,-0.0068
ENSG00000129003,VPS13C,31,-0.4571,41,0.16172,46,0.27998,40,0.04970
ENSG00000171914,TLN2,53,-0.9368,126,1.27745,74,-0.3043,28,-1.7754
ENSG00000140416,TPM1,63,-1.1919,112,-0.2792,356,1.95859,63,-1.0657
ENSG00000185088,RPS27L,88,-0.3880,74,-0.9490,255,1.54947,139,0.42472
ENSG00000166128,RAB8B,24,-0.3664,38,0.83510,21,-0.5369,15,-1.0600
ENSG00000103657,HERC1,43,-1.0127,103,1.03678,71,-0.1246,43,-0.9231
ENSG00000166797,CIAO2A,21,0.08974,18,-0.2542,20,-0.0222,26,0.40196
ENSG00000028528,SNX1,24,-0.9299,34,-0.5411,55,0.46246,93,1.43989
ENSG00000166794,PPIB,85,-0.6482,101,-0.4878,195,0.80156,204,0.88719
ENSG00000180304,OAZ2,90,-0.3974,129,0.46896,69,-0.7495,124,0.17847
ENSG00000241839,PLEKHO2,28,0.83313,8,-1.7739,26,0.56561,34,1.03652
ENSG00000090487,SPG21,19,-1.2872,41,0.06773,42,0.07612,77,1.12227
ENSG00000090470,PDCD7,21,0.02909,23,0.37479,25,0.35296,4,-2.3468
ENSG00000166855,CLPX,25,-0.3298,31,0.07464,43,0.61827,23,-0.4014
ENSG00000074603,DPP8,35,-0.2350,50,0.75029,18,-1.2632,31,-0.4286
ENSG00000074696,HACD3,98,-0.3740,136,0.37779,99,-0.3164,123,0.03155
ENSG00000174485,DENND4A,24,0.00609,23,-0.1761,36,0.64909,19,-0.4167
ENSG00000103769,RAB11A,113,-0.3370,166,0.64136,120,-0.2050,78,-0.8894
ENSG00000166938,DIS3L,23,-0.3038,34,0.81738,13,-1.0799,18,-0.6003
ENSG00000169032,MAP2K1,62,-1.8717,302,2.10760,139,-0.4651,16,-3.6734
ENSG00000174446,SNAPC5,26,-0.6722,52,1.19039,9,-2.2173,30,-0.3326
ENSG00000174444,RPL4,562,-0.6053,717,-0.2411,1116,0.60268,1150,0.65555
ENSG00000166949,SMAD3,17,-0.4216,31,1.17657,8,-1.5830,11,-1.1135
ENSG00000103591,AAGAB,26,-0.0148,35,0.90583,20,-0.4630,1,-4.5619
ENSG00000189227,C15orf61,62,0.08702,75,0.75881,30,-1.0958,22,-1.5238
ENSG00000137764,MAP2K5,21,-0.0515,25,0.41928,12,-0.8959,20,-0.1624
ENSG00000033800,PIAS1,19,-1.2275,48,0.60466,55,0.56815,31,-0.4058
ENSG00000169018,FEM1B,60,-0.8868,139,1.26579,61,-0.7553,49,-1.0882
ENSG00000103647,CORO2B,54,-0.6257,97,0.83683,62,-0.3097,47,-0.7571
ENSG00000140350,ANP32A,59,-0.8852,105,0.25000,107,0.16437,128,0.47751
ENSG00000138604,GLCE,5,-2.3370,31,1.74127,8,-1.3147,18,-0.1503
ENSG00000137818,RPLP1,2108,-0.2016,1549,-1.0206,4840,1.28263,3513,0.68911
ENSG00000140332,TLE3,14,0.10513,16,0.42721,0,-4.7653,17,0.38660
ENSG00000166173,LARP6,37,-1.1401,70,-0.0136,42,-0.8138,168,1.55622
ENSG00000137821,LRRC49,15,-0.7071,30,1.01893,21,-0.1154,8,-1.6219
ENSG00000066933,MYO9A,23,-0.6718,45,1.07829,26,-0.3669,13,-1.4828
ENSG00000067225,PKM,454,-0.5547,767,0.73329,418,-0.6201,519,-0.2749
ENSG00000137817,PARP6,53,0.06001,58,0.41618,43,-0.2659,26,-1.0556
ENSG00000140488,CELF6,18,0.29295,17,0.28631,16,0.03468,4,-2.0688
ENSG00000213614,HEXA,27,-0.1369,35,0.59658,5,-2.4963,32,0.19736
ENSG00000166233,ARIH1,32,-0.3398,49,0.78453,27,-0.5787,22,-0.8907
ENSG00000140463,BBS4,14,0.13109,15,0.26402,2,-2.4852,17,0.43719
ENSG00000159322,ADPGK,8,-0.9283,16,0.28023,15,0.05869,20,0.55048
ENSG00000067141,NEO1,18,-1.1819,38,0.12234,1,-5.3324,101,1.89636
ENSG00000156642,NPTN,148,-1.3758,507,1.80321,213,-0.6799,70,-2.3624
ENSG00000205363,INSYN1,18,0.52820,16,0.54003,1,-3.6295,8,-0.8928
ENSG00000067221,STOML1,45,-0.6965,102,1.75099,12,-2.5505,18,-1.9929
ENSG00000138623,SEMA7A,11,-1.1037,24,0.38767,16,-0.4310,35,0.83547
ENSG00000138629,UBL7,49,-0.6158,95,1.14013,19,-1.9924,54,-0.3819
ENSG00000103653,CSK,25,-0.6526,50,1.16134,28,-0.4388,11,-1.8280
ENSG00000213578,CPLX3,10,-2.9761,111,2.82387,9,-2.9167,32,-1.0498
ENSG00000140474,ULK3,21,-1.1128,49,0.69567,49,0.34268,30,-0.4476
ENSG00000140497,SCAMP2,18,-0.9499,23,-0.7685,49,0.74549,74,1.51371
ENSG00000178802,MPI,41,-0.3764,62,0.63236,27,-0.9583,48,-0.0761
ENSG00000178761,FAM219B,29,-0.6526,50,0.56349,48,0.20494,29,-0.5796
ENSG00000178741,COX5A,292,0.08941,325,0.48544,173,-0.7641,172,-0.7705
ENSG00000178718,RPP25,10,-1.0313,19,0.11716,40,1.33692,11,-0.8315
ENSG00000198794,SCAMP5,199,-0.4293,333,0.98146,183,-0.5023,92,-1.5615
ENSG00000140365,COMMD4,38,-0.3308,41,-0.2773,77,0.90152,46,0.03607
ENSG00000140400,MAN2C1,27,-0.4034,41,0.62055,2,-3.6922,49,0.63799
ENSG00000169375,SIN3A,12,-0.8170,26,1.10803,12,-0.6547,11,-0.8251
ENSG00000169410,PTPN9,12,-0.8199,27,1.14560,9,-1.1231,14,-0.5143
ENSG00000169371,SNUPN,16,-0.5213,27,0.68267,12,-0.9046,21,-0.0066
ENSG00000177971,IMP3,53,-0.2124,74,0.71786,3,-4.2755,70,0.27482
ENSG00000140367,UBE2Q2,23,-0.2564,18,-0.8780,69,1.74000,22,-0.2627
ENSG00000140374,ETFA,46,0.26126,43,0.19564,13,-1.7553,45,0.18949
ENSG00000140386,SCAPER,21,-0.4232,21,-0.5923,65,1.56986,22,-0.2944
ENSG00000117906,RCN2,112,-0.4562,199,1.16669,61,-1.3484,68,-1.1730
ENSG00000140391,TSPAN3,269,-0.6605,409,0.17009,351,-0.1580,566,0.64791
ENSG00000173517,PEAK1,13,-0.8814,29,1.02831,12,-0.8717,18,-0.3095
ENSG00000140382,HMG20A,24,-0.4817,45,1.19876,12,-1.4339,15,-1.1487
ENSG00000169783,LINGO1,156,-0.4524,298,1.55864,58,-1.9052,33,-2.7488
ENSG00000136425,CIB2,22,0.47144,18,0.14417,1,-3.4861,20,0.26331
ENSG00000166411,IDH3A,68,-0.2237,105,1.11684,20,-2.0848,37,-1.1382
ENSG00000103740,ACSBG1,82,0.80751,49,-0.3213,54,-0.0595,29,-1.0051
ENSG00000140403,DNAJA4,115,0.05129,129,0.44614,112,0.01244,36,-1.7541
ENSG00000140395,WDR61,34,-0.2509,40,0.02922,31,-0.3699,56,0.58596
ENSG00000166426,CRABP1,6,-3.7902,10,-3.6892,121,0.92503,394,3.96950
ENSG00000136381,IREB2,14,-0.1923,18,0.37002,13,-0.2328,13,-0.3308
ENSG00000041357,PSMA4,68,-0.3033,93,0.45022,83,0.05458,52,-0.7018
ENSG00000185787,MORF4L1,451,-0.1782,585,0.52416,372,-0.4634,352,-0.5532
ENSG00000103811,CTSH,31,-0.2677,16,-1.7220,55,0.73191,103,1.96968
ENSG00000058335,RASGRF1,67,-0.4184,118,1.24020,55,-0.6685,10,-3.1982
ENSG00000166557,TMED3,31,-0.4537,44,0.30434,55,0.55845,25,-0.7578
ENSG00000086666,ZFAND6,48,0.27127,48,0.39147,13,-1.8030,36,-0.2632
ENSG00000259417,CTXND1,32,0.74048,16,-0.7724,24,0.11373,25,0.17838
ENSG00000172379,ARNT2,126,-0.4101,196,0.71649,71,-1.2565,153,-0.0485
ENSG00000136379,ABHD17C,25,-0.2555,35,0.64528,18,-0.6833,20,-0.5297
ENSG00000117899,MESD,25,-0.5297,32,-0.1858,34,0.00558,60,0.97425
ENSG00000140406,TLNRD1,32,0.14042,36,0.64208,28,-0.1041,1,-4.9728
ENSG00000182774,RPS17,401,-0.3710,424,-0.3864,828,0.90786,588,0.30777
ENSG00000214575,CPEB1,10,-1.5887,40,1.94375,4,-2.7197,17,-0.6148
ENSG00000103723,AP3B2,35,-0.6087,63,0.83672,59,0.30831,11,-2.2451
ENSG00000103942,HOMER2,22,-0.1037,24,0.12890,30,0.40747,15,-0.6846
ENSG00000169612,RAMAC,13,-0.7620,22,0.20582,45,1.36202,5,-2.1329
ENSG00000169609,C15orf40,15,0.02567,17,0.29533,11,-0.4464,12,-0.3503
ENSG00000064726,BTBD1,20,-0.5915,37,1.11385,6,-2.2714,23,-0.2665
ENSG00000136404,TM6SF1,6,-1.3597,19,1.15283,14,-0.0040,8,-0.9118
ENSG00000166503,HDGFL3,119,-0.4858,206,0.99540,111,-0.5314,64,-1.3860
ENSG00000140600,SH3GL3,42,-0.9748,92,0.79621,28,-1.4687,100,0.53339
ENSG00000197696,NMB,11,-1.4587,8,-2.4230,11,-1.3017,147,3.89424
ENSG00000140612,SEC11A,28,-0.8918,27,-1.2493,98,1.33722,106,1.49028
ENSG00000166716,ZNF592,16,0.09731,14,-0.0962,5,-1.4936,25,0.85671
ENSG00000170776,AKAP13,21,-0.0254,18,-0.4526,42,1.14785,16,-0.5190
ENSG00000140538,NTRK3,47,-0.8695,91,0.54480,102,0.48543,52,-0.6071
ENSG00000259494,MRPL46,24,-0.1175,26,0.06202,44,0.89679,9,-1.6302
ENSG00000181991,MRPS11,45,-0.2388,65,0.76245,14,-1.9950,48,-0.1224
ENSG00000140545,MFGE8,66,-0.0925,36,-1.5268,214,2.11575,68,-0.0427
ENSG00000140526,ABHD2,87,0.28897,91,0.60178,23,-1.8263,41,-0.9448
ENSG00000140521,POLG,20,-0.2967,29,0.70401,17,-0.4764,13,-0.8422
ENSG00000166823,MESP1,46,-0.2505,72,1.06233,23,-1.2959,21,-1.4418
ENSG00000157823,AP3S2,45,0.04179,55,0.71942,5,-3.0618,37,-0.2755
ENSG00000259291,ZNF710-AS1,40,0.74335,23,-0.4803,20,-0.5389,30,0.12508
ENSG00000182054,IDH2,75,0.20608,71,0.18198,12,-2.5497,90,0.48850
ENSG00000185033,SEMA4B,21,0.26404,14,-0.7103,14,-0.3951,36,1.11920
ENSG00000185043,CIB1,42,-0.5934,54,-0.2279,66,0.19047,103,0.96707
ENSG00000182768,NGRN,367,-0.1356,487,0.68550,286,-0.5205,189,-1.1613
ENSG00000140564,FURIN,24,-0.4543,34,0.22875,54,0.95650,12,-1.5116
ENSG00000196547,MAN2A2,35,-0.5999,50,0.07936,33,-0.6075,86,0.98344
ENSG00000184508,HDDC3,17,-0.6395,20,-0.4185,49,1.25099,27,0.21270
ENSG00000140553,UNC45A,19,-0.4899,28,0.34258,15,-0.8149,35,0.56021
ENSG00000184056,VPS33B,9,-0.7131,19,1.04157,1,-3.4775,16,0.25129
ENSG00000185518,SV2B,102,-1.3201,367,2.45989,35,-2.7658,26,-3.1855
ENSG00000176463,SLCO3A1,17,-0.7964,28,0.04022,7,-2.0118,65,1.56985
ENSG00000185442,FAM174B,11,-1.2081,28,0.83287,16,-0.5381,25,0.23469
ENSG00000272888,LINC01578,96,-0.2232,99,-0.2391,53,-1.1173,224,1.27915
ENSG00000173575,CHD2,41,-0.2885,48,0.04422,60,0.38130,46,-0.0527
ENSG00000182175,RGMA,61,-0.6339,101,0.47106,61,-0.5672,108,0.35327
ENSG00000185551,NR2F2,44,-0.0361,39,-0.3330,49,0.15833,62,0.56660
ENSG00000140443,IGF1R,17,-1.1976,40,0.45855,60,0.94474,21,-0.7430
ENSG00000182253,SYNM,25,-0.7899,31,-0.5705,72,1.06025,65,0.86477
ENSG00000068305,MEF2A,45,-0.3241,70,0.89759,48,-0.1582,11,-2.4465
ENSG00000131871,SELENOS,26,-0.5119,23,-1.0007,46,0.49255,86,1.65276
ENSG00000131876,SNRPA1,34,0.49780,29,0.23152,4,-2.7842,26,-0.0725
ENSG00000184277,TM2D3,64,-0.5123,121,1.31626,16,-2.5478,49,-0.8541
ENSG00000185418,TARSL2,18,-0.2750,20,-0.1202,12,-0.9179,40,1.10098
ENSG00000161980,POLR3K,25,-0.2436,37,0.87714,14,-1.1242,16,-0.8952
ENSG00000161981,SNRNP25,120,0.21236,110,0.08137,112,0.06525,66,-0.7705
ENSG00000103152,MPG,46,0.06121,42,-0.1551,41,-0.1341,55,0.34565
ENSG00000103148,NPRL3,19,-0.6626,33,0.58672,24,-0.2136,25,-0.1214
ENSG00000188536,HBA2,144,-5.4507,21,-8.7810,37427,8.23467,493,-3.4527
ENSG00000206172,HBA1,54,-5.6084,13,-8.2244,15734,8.26918,194,-3.5478
ENSG00000086506,HBQ1,19,-0.3019,30,0.98093,19,-0.2482,2,-3.1275
ENSG00000007392,LUC7L,27,-0.6377,44,0.46895,22,-0.8496,51,0.51523
ENSG00000167930,FAM234A,18,-0.7782,21,-0.6665,27,-0.0284,74,1.77192
ENSG00000076344,RGS11,13,-0.6689,21,0.21349,13,-0.5534,31,0.81682
ENSG00000242173,ARHGDIG,296,-0.1324,423,1.00052,187,-0.8461,67,-2.3944
ENSG00000103126,AXIN1,8,-1.5092,17,-0.2682,43,1.42737,25,0.45709
ENSG00000086504,MRPL28,112,-0.1452,153,0.78936,44,-1.5769,86,-0.5442
ENSG00000129925,TMEM8A,19,0.71947,15,0.46558,0,-3.9794,6,-1.2496
ENSG00000103202,NME4,54,-0.1879,56,-0.1467,51,-0.2408,91,0.72650
ENSG00000090565,RAB11FIP3,57,0.14316,53,0.03324,49,-0.1123,46,-0.2319
ENSG00000007541,PIGQ,42,-0.2769,63,0.79647,34,-0.5808,24,-1.1007
ENSG00000197562,RAB40C,28,-0.7171,61,1.37310,30,-0.5667,7,-2.6678
ENSG00000130731,METTL26,162,-0.0233,189,0.44766,112,-0.6149,119,-0.5173
ENSG00000172366,MCRIP2,59,0.39345,50,0.08917,26,-0.9860,44,-0.1686
ENSG00000140983,RHOT2,30,-0.5408,46,0.34314,34,-0.3018,49,0.31115
ENSG00000103269,RHBDL1,28,0.16705,32,0.68047,15,-0.8331,7,-1.8682
ENSG00000103266,STUB1,183,-0.1527,232,0.50533,151,-0.4361,138,-0.5816
ENSG00000161999,JMJD8,24,-0.7694,35,-0.1746,66,1.00303,43,0.23669
ENSG00000127580,WDR24,19,0.71415,14,0.17335,2,-2.3492,9,-0.5445
ENSG00000127585,FBXL16,574,0.46726,527,0.45701,245,-0.9857,141,-1.8264
ENSG00000103260,METRN,540,0.30468,301,-1.0533,553,0.29610,867,1.09619
ENSG00000103254,ANTKMT,91,0.25764,97,0.60295,4,-4.2812,67,-0.2877
ENSG00000103253,HAGHL,42,0.01868,43,0.08086,25,-0.7779,52,0.37876
ENSG00000103245,CIAO3,17,-0.8044,29,0.32007,35,0.49176,25,-0.1055
ENSG00000007376,RPUSD1,10,-0.6939,18,0.62819,11,-0.4865,15,0.05783
ENSG00000103227,LMF1,13,-0.4608,19,0.27812,0,-5.0863,35,1.24384
ENSG00000260807,AC009041.2,61,-0.0357,63,0.07170,20,-1.7348,100,0.81668
ENSG00000005513,SOX8,25,-1.4707,43,-0.7289,27,-1.2140,213,2.56638
ENSG00000196557,CACNA1H,12,-0.5704,19,0.45600,20,0.32738,11,-0.5968
ENSG00000103275,UBE2I,48,-0.8399,97,0.78295,63,-0.3051,66,-0.2547
ENSG00000007516,BAIAP3,83,-0.6929,178,1.40262,52,-1.3419,49,-1.4363
ENSG00000007520,TSR3,57,-0.2257,68,0.17152,70,0.15036,57,-0.1849
ENSG00000090581,GNPTG,72,-0.2564,83,-0.0065,46,-0.9386,142,0.92706
ENSG00000059145,UNKL,15,-0.4247,23,0.64028,9,-1.1827,20,0.09905
ENSG00000174109,C16orf91,8,-1.1876,24,1.51592,1,-3.4566,15,-0.0866
ENSG00000103249,CLCN7,47,-0.4142,72,0.67227,11,-2.4831,75,0.42112
ENSG00000100726,TELO2,17,0.03071,18,0.24381,1,-3.8691,26,0.75406
ENSG00000138834,MAPK8IP3,144,-0.2715,230,1.14882,41,-2.1614,84,-1.0754
ENSG00000261399,AL031710.1,27,1.20537,13,-0.4345,4,-1.8113,12,-0.3462
ENSG00000103024,NME3,83,-0.4790,101,-0.1566,126,0.26999,161,0.68883
ENSG00000074071,MRPS34,67,-0.3128,84,0.17720,59,-0.4871,105,0.47081
ENSG00000197774,EME2,14,-0.7438,28,0.85229,26,0.31275,7,-1.7868
ENSG00000162032,SPSB3,39,-0.4513,38,-0.6651,110,1.39411,58,0.23917
ENSG00000095906,NUBP2,36,-0.5608,47,-0.1284,74,0.68954,60,0.31249
ENSG00000063854,HAGH,83,-0.8244,163,0.71859,111,-0.2705,119,-0.1554
ENSG00000180185,FAHD1,20,-0.2486,36,1.67059,0,-5.4377,3,-3.0753
ENSG00000140990,NDUFB10,248,0.01889,261,0.17379,186,-0.4483,241,-0.0308
ENSG00000140988,RPS2,563,-0.3517,590,-0.3812,1142,0.89591,808,0.28866
ENSG00000255198,SNHG9,107,0.19802,84,-0.3883,86,-0.1985,139,0.61556
ENSG00000183751,TBL3,13,-0.4567,21,0.69893,4,-2.1320,21,0.35210
ENSG00000127554,GFER,15,-0.2083,16,-0.1737,31,1.06635,10,-0.7984
ENSG00000127561,SYNGR3,122,-0.6991,262,1.41829,111,-0.7651,35,-2.5138
ENSG00000065054,SLC9A3R2,37,-1.1112,47,-1.0068,249,2.46009,53,-0.4624
ENSG00000065057,NTHL1,25,-0.7907,48,0.67070,25,-0.6976,45,0.22781
ENSG00000103197,TSC2,36,-0.6959,63,0.58553,35,-0.6545,61,0.25963
ENSG00000008710,PKD1,70,-0.2053,97,0.69506,35,-1.2798,64,-0.3307
ENSG00000167964,RAB26,26,-1.2526,95,2.74136,1,-5.8827,2,-4.8446
ENSG00000260260,SNHG19,34,-0.4985,28,-1.0578,93,1.31315,79,1.00341
ENSG00000131653,TRAF7,30,0.29925,22,-0.3771,24,-0.0669,32,0.35090
ENSG00000167971,CASKIN1,130,0.42303,118,0.36002,77,-0.4935,31,-1.8971
ENSG00000167965,MLST8,60,-0.1150,77,0.57680,37,-0.8490,47,-0.4864
ENSG00000184207,PGP,93,-0.0375,116,0.62921,71,-0.4742,41,-1.3160
ENSG00000167967,E4F1,14,-0.3168,18,0.11036,22,0.46622,14,-0.2849
ENSG00000167969,ECI1,59,0.28087,36,-0.8798,41,-0.3467,106,1.28833
ENSG00000205937,RNPS1,145,-0.0429,179,0.60554,111,-0.4636,69,-1.2077
ENSG00000167972,ABCA3,73,-0.4528,121,0.84872,34,-1.5954,87,-0.1219
ENSG00000162065,TBC1D24,37,-0.4212,67,1.35345,18,-1.4665,12,-2.0742
ENSG00000185883,ATP6V0C,833,-0.5027,1457,0.99591,792,-0.5219,464,-1.3513
ENSG00000162066,AMDHD2,12,-0.4897,14,-0.4649,40,1.57867,12,-0.5489
ENSG00000140992,PDPK1,59,-0.5088,115,1.47578,11,-2.9992,35,-1.2381
ENSG00000167978,SRRM2,81,-0.3935,123,0.66434,40,-1.4487,108,0.12449
ENSG00000103363,ELOB,745,-0.0511,719,-0.1743,759,-0.0126,996,0.44401
ENSG00000162076,FLYWCH2,44,0.21951,35,-0.2688,55,0.55980,29,-0.4799
ENSG00000059122,FLYWCH1,27,-0.0461,35,0.83497,1,-4.0212,23,-0.2621
ENSG00000162073,PAQR4,17,-1.2927,33,-0.2843,38,0.06018,89,1.58307
ENSG00000103145,HCFC1R1,209,-0.2070,255,0.27201,271,0.25662,155,-0.6555
ENSG00000006194,ZNF263,16,-0.3236,20,0.03000,32,0.81027,13,-0.6366
ENSG00000122390,NAA60,48,0.10934,35,-0.6561,37,-0.3238,90,1.18256
ENSG00000103351,CLUAP1,25,0.16203,18,-0.5570,36,0.78870,23,0.00994
ENSG00000126602,TRAP1,49,-0.1257,62,0.51601,46,-0.2228,29,-0.9591
ENSG00000005339,CREBBP,38,-0.0755,48,0.64266,13,-1.6752,34,-0.2489
ENSG00000217930,PAM16,62,0.05514,70,0.46000,35,-0.8437,43,-0.5306
ENSG00000262246,CORO7,10,-0.7298,21,1.17144,0,-4.8692,16,0.13070
ENSG00000103423,DNAJA3,16,-1.1155,32,0.21643,38,0.42878,40,0.49869
ENSG00000153406,NMRAL1,36,0.00435,35,-0.0857,6,-2.7407,71,1.17086
ENSG00000103415,HMOX2,85,-0.0557,105,0.55666,26,-1.8506,87,-0.0160
ENSG00000089486,CDIP1,145,-0.4353,226,0.69048,134,-0.5003,136,-0.4768
ENSG00000153443,UBALD1,31,-0.5449,59,1.20797,15,-1.6185,24,-0.8877
ENSG00000102858,MGRN1,39,0.04716,47,0.75261,3,-3.6320,31,-0.2858
ENSG00000168101,NUDT16L1,49,-0.2648,65,0.44209,29,-1.0465,64,0.21376
ENSG00000067836,ROGDI,72,-0.6214,116,0.43401,16,-2.7571,183,1.03605
ENSG00000140632,GLYR1,62,-0.1564,85,0.77138,11,-2.7306,64,-0.0928
ENSG00000118898,PPL,16,0.39442,16,0.60254,3,-2.0924,6,-1.1620
ENSG00000103174,NAGPA,14,-0.9413,35,1.45630,13,-0.9517,9,-1.4282
ENSG00000153446,C16orf89,17,-1.6085,15,-2.1543,19,-1.2589,228,3.77522
ENSG00000078328,RBFOX1,81,-1.0609,245,2.22203,34,-2.2460,11,-3.8949
ENSG00000183044,ABAT,147,0.24454,133,0.07436,98,-0.4557,114,-0.2137
ENSG00000153048,CARHSP1,36,-0.1573,33,-0.4730,23,-0.8657,89,1.43367
ENSG00000187555,USP7,58,-0.4471,91,0.69191,74,0.01585,35,-1.1706
ENSG00000182831,C16orf72,27,0.10900,28,0.28612,24,-0.0674,13,-1.0115
ENSG00000183454,GRIN2A,106,-0.6348,220,1.45301,81,-0.9855,28,-2.5689
ENSG00000182108,DEXI,45,-0.1481,55,0.39343,23,-1.1368,54,0.18839
ENSG00000038532,CLEC16A,14,0.24149,18,1.18658,0,-4.6331,1,-3.0604
ENSG00000189067,LITAF,22,-0.4130,13,-1.6702,0,-5.2248,125,3.13711
ENSG00000184602,SNN,193,0.28558,198,0.54788,71,-1.3441,85,-1.0631
ENSG00000122299,ZC3H7A,13,-0.4151,15,-0.1866,21,0.48978,21,0.47037
ENSG00000171490,RSL1D1,51,-0.4325,58,-0.3145,123,1.09948,63,-0.0417
ENSG00000103342,GSPT1,52,-0.2145,56,-0.1148,72,0.33863,67,0.23256
ENSG00000237515,SHISA9,42,0.28649,46,0.79353,10,-1.9420,12,-1.7417
ENSG00000186260,MRTFB,66,-1.0250,189,2.03197,47,-1.4233,4,-4.7828
ENSG00000140694,PARN,13,-0.4972,18,0.19599,17,0.01025,21,0.29662
ENSG00000103429,BFAR,12,-0.8571,15,-0.6684,40,1.27541,31,0.82025
ENSG00000103512,NOMO1,32,-0.6720,65,1.19428,22,-1.2058,27,-0.8639
ENSG00000179889,PDXDC1,27,-0.6511,50,0.94017,32,-0.2552,18,-1.1464
ENSG00000157045,NTAN1,38,0.36716,30,-0.1621,30,-0.1022,28,-0.2096
ENSG00000085721,RRN3,12,-0.1825,16,0.65063,1,-3.4989,16,0.30055
ENSG00000166780,BMERB1,200,-0.2159,304,1.06369,96,-1.3406,85,-1.5278
ENSG00000166783,MARF1,42,-0.2957,61,0.63957,56,0.20849,14,-1.9478
ENSG00000133393,FOPNL,17,-0.5229,31,0.93535,15,-0.6360,13,-0.9049
ENSG00000103489,XYLT1,15,-0.8440,37,1.54669,16,-0.7048,3,-2.9772
ENSG00000134419,RPS15A,626,-0.3859,521,-0.9675,1644,1.34910,1180,0.73015
ENSG00000170540,ARL6IP1,386,-0.2267,563,0.86393,252,-0.8714,211,-1.1501
ENSG00000157106,SMG1,19,-0.3034,22,-0.0137,13,-0.8154,38,0.93592
ENSG00000167186,COQ7,17,0.32782,18,0.66214,5,-1.4733,5,-1.6571
ENSG00000103528,SYT17,29,0.04815,41,1.43358,0,-5.5673,2,-3.7002
ENSG00000006007,GDE1,71,-0.3842,98,0.36469,66,-0.4417,96,0.17084
ENSG00000103540,CCP110,16,-1.4955,47,0.55876,21,-0.9977,74,1.07944
ENSG00000103544,VPS35L,24,-0.6334,41,0.52276,19,-0.9159,45,0.44839
ENSG00000174628,IQCK,15,-0.6874,16,-0.8055,35,0.70356,51,1.41491
ENSG00000167191,GPRC5B,164,-0.6225,134,-1.2722,102,-1.2802,873,2.65534
ENSG00000066654,THUMPD1,16,-0.8483,36,1.01614,29,0.10814,8,-1.7330
ENSG00000102897,LYRM1,47,0.17583,45,0.14193,33,-0.4151,36,-0.2823
ENSG00000103316,CRYM,54,-1.4090,200,2.18147,46,-1.5004,20,-2.7321
ENSG00000197006,METTL9,107,0.27487,101,0.23647,75,-0.3451,52,-0.9105
ENSG00000140740,UQCRC2,94,-0.3843,132,0.41480,84,-0.5083,124,0.11421
ENSG00000185716,MOSMO,32,-0.2411,48,0.99875,7,-2.5145,26,-0.5456
ENSG00000140743,CDR2,11,-0.4759,20,1.06917,15,0.02738,0,-5.9247
ENSG00000122254,HS3ST2,8,-1.6269,36,2.66448,0,-5.3132,5,-1.9670
ENSG00000168434,COG7,13,0.09452,14,0.46477,0,-4.5696,15,0.32383
ENSG00000103365,GGA2,12,-0.8083,21,0.28810,20,0.04658,25,0.43384
ENSG00000103353,UBFD1,35,-0.5583,64,1.01141,36,-0.4365,19,-1.3951
ENSG00000004779,NDUFAB1,204,-0.1744,275,0.66704,135,-0.8026,148,-0.6638
ENSG00000166847,DCTN5,77,0.43994,74,0.58127,13,-2.3802,30,-1.0989
ENSG00000166501,PRKCB,155,-1.0275,451,2.14719,55,-2.4648,40,-2.9286
ENSG00000006116,CACNG3,102,-0.7485,238,1.73011,55,-1.6020,26,-2.7277
ENSG00000122257,RBBP6,20,-0.7601,34,0.35318,42,0.56405,24,-0.3580
ENSG00000090905,TNRC6A,27,-0.5906,47,0.80466,11,-1.8986,43,0.25830
ENSG00000205629,LCMT1,40,-0.5794,65,0.51432,71,0.42399,30,-0.9561
ENSG00000182601,HS3ST4,1,-5.1954,85,2.80625,22,-1.2361,23,-1.1908
ENSG00000169189,NSMCE1,28,-0.5234,43,0.36573,32,-0.2853,43,0.23343
ENSG00000077235,GTF3C1,54,-0.2965,84,0.99936,17,-2.0029,43,-0.6105
ENSG00000169181,GSG1L,9,-1.6283,36,1.76365,8,-1.5773,15,-0.6303
ENSG00000169180,XPO6,32,-1.0923,68,0.38876,81,0.51498,61,0.04310
ENSG00000188322,SBK1,25,0.57470,21,0.38476,0,-4.5655,14,-0.4284
ENSG00000176046,NUPR1,21,-2.2103,21,-2.6873,277,2.47017,223,1.95589
ENSG00000196502,SULT1A1,33,-0.2143,47,0.73112,22,-0.8517,24,-0.7279
ENSG00000168488,ATXN2L,26,-0.1675,33,0.51354,36,0.38766,5,-2.4420
ENSG00000178952,TUFM,132,-0.3391,172,0.24731,128,-0.3407,187,0.27437
ENSG00000178188,SH2B1,31,-0.3279,42,0.35191,29,-0.4218,40,0.10429
ENSG00000176953,NFATC2IP,13,-0.9344,25,0.36987,38,0.95003,12,-0.8927
ENSG00000169682,SPNS1,22,0.19941,20,-0.0319,8,-1.4365,29,0.60595
ENSG00000079616,KIF22,42,-0.3526,39,-0.6660,55,0.15047,109,1.36900
ENSG00000103495,MAZ,105,-0.0804,118,0.22177,110,0.00687,84,-0.4207
ENSG00000167371,PRRT2,84,-0.9760,232,2.01847,59,-1.4077,2,-6.1791
ENSG00000280789,PAGR1,12,-1.2331,25,0.05431,30,0.38320,41,0.89017
ENSG00000103502,CDIPT,69,-0.6369,118,0.61278,94,-0.0676,77,-0.3802
ENSG00000174938,SEZ6L2,218,-0.5280,395,1.08936,189,-0.6887,117,-1.4241
ENSG00000174939,ASPHD1,102,-0.1537,128,0.43164,121,0.14692,52,-1.1975
ENSG00000174943,KCTD13,37,0.05074,45,0.73215,16,-1.2686,18,-1.0834
ENSG00000149932,TMEM219,153,-0.2603,154,-0.3547,184,0.07921,299,0.91602
ENSG00000149930,TAOK2,30,-0.4800,52,1.04050,11,-1.9277,30,-0.3941
ENSG00000149929,HIRIP3,18,-0.2962,24,0.28971,10,-1.1280,30,0.57142
ENSG00000169592,INO80E,36,-0.1070,37,-0.0478,30,-0.3599,52,0.53786
ENSG00000149927,DOC2A,72,-1.0869,208,1.82318,82,-0.7810,8,-4.1570
ENSG00000149926,TLCD3B,50,0.67393,36,-0.0417,43,0.29139,3,-3.6511
ENSG00000149925,ALDOA,62,-0.5397,90,0.20472,109,0.43725,78,-0.1228
ENSG00000149923,PPP4C,43,-0.1957,42,-0.3458,74,0.74402,54,0.20217
ENSG00000090238,YPEL3,248,-0.2203,331,0.55065,212,-0.4450,197,-0.5609
ENSG00000102882,MAPK3,219,0.41243,171,-0.1248,144,-0.3522,162,-0.1556
ENSG00000102879,CORO1A,39,-0.6719,70,0.72274,71,0.37626,21,-1.5065
ENSG00000169627,BOLA2B,43,0.28030,39,0.13125,14,-1.5050,42,0.20263
ENSG00000169217,CD2BP2,38,-0.7473,59,0.08288,60,0.06597,87,0.71430
ENSG00000169221,TBC1D10B,29,-0.9054,62,0.90237,34,-0.5393,41,-0.2392
ENSG00000179965,ZNF771,51,0.30773,48,0.28567,19,-1.3226,36,-0.2910
ENSG00000179958,DCTPP1,25,-0.6624,39,0.20009,68,1.05551,18,-1.1001
ENSG00000179918,SEPHS2,30,-0.1537,38,0.50587,27,-0.2758,20,-0.7734
ENSG00000169957,ZNF768,13,-0.4124,12,-0.8553,7,-1.3161,53,2.15886
ENSG00000229809,ZNF688,13,-0.5918,19,0.13287,16,-0.2165,28,0.68132
ENSG00000156858,PRR14,13,-0.4494,18,0.35607,3,-2.3516,28,0.94042
ENSG00000156860,FBRS,18,-0.0251,17,-0.0499,23,0.41547,14,-0.3328
ENSG00000080603,SRCAP,14,-0.7270,25,0.46660,14,-0.6293,29,0.49584
ENSG00000156873,PHKG2,23,-0.4998,33,0.24955,43,0.61667,21,-0.5947
ENSG00000103549,RNF40,30,-0.7192,49,0.30188,51,0.21145,49,0.15901
ENSG00000099385,BCL7C,37,-0.4856,34,-0.8221,100,1.30348,71,0.67537
ENSG00000099364,FBXL19,32,0.31228,34,0.64426,2,-3.9452,19,-0.5615
ENSG00000099381,SETD1A,13,-0.0222,14,0.07657,14,0.00410,12,-0.1465
ENSG00000099365,STX1B,190,-0.1724,296,1.29386,67,-1.7644,35,-2.7295
ENSG00000103496,STX4,31,-0.1515,36,0.16108,23,-0.5972,42,0.36071
ENSG00000167397,VKORC1,27,-1.0913,43,-0.4398,23,-1.2331,157,2.11984
ENSG00000103507,BCKDK,24,-0.6999,44,0.67698,23,-0.6677,38,0.09052
ENSG00000103510,KAT8,26,-0.9840,50,0.25068,72,0.77235,43,-0.1182
ENSG00000089280,FUS,93,-0.4152,138,0.53916,50,-1.3198,144,0.34445
ENSG00000169900,PYDC1,49,0.74995,35,0.10911,23,-0.6395,10,-1.8590
ENSG00000140691,ARMC5,21,0.19259,18,-0.1655,21,0.18469,17,-0.1636
ENSG00000140688,C16orf58,28,-0.6115,50,0.79155,9,-2.2601,50,0.39479
ENSG00000069329,VPS35,120,-0.4166,212,1.24777,61,-1.4136,54,-1.5799
ENSG00000166123,GPT2,75,0.33533,55,-0.3676,57,-0.1655,78,0.35328
ENSG00000069345,DNAJA2,57,-0.6481,105,0.84408,75,-0.1490,44,-0.9639
ENSG00000171208,NETO2,18,-0.9216,43,1.17560,36,0.24363,3,-3.4912
ENSG00000129636,ITFG1,99,-0.7964,231,1.56260,52,-1.6876,61,-1.4577
ENSG00000102893,PHKB,23,-0.3746,31,0.32975,19,-0.5630,34,0.30964
ENSG00000102910,LONP2,41,-0.3860,60,0.53434,45,-0.2066,39,-0.4435
ENSG00000196470,SIAH1,16,-0.1294,20,0.38925,16,-0.1014,11,-0.6795
ENSG00000102921,N4BP1,12,-0.7761,23,0.61510,7,-1.4991,28,0.65818
ENSG00000121274,TENT4B,11,-1.0336,30,1.59075,7,-1.4869,9,-1.1437
ENSG00000166164,BRD7,32,-0.6986,49,0.11119,65,0.54484,52,0.16300
ENSG00000083799,CYLD,31,-0.6417,62,1.29923,6,-2.9075,33,-0.4577
ENSG00000103449,SALL1,15,-0.6471,19,-0.3401,0,-5.3779,66,2.09957
ENSG00000177200,CHD9,29,-0.1861,31,-0.1646,45,0.54437,34,0.05826
ENSG00000103479,RBL2,13,-0.5337,22,0.75965,1,-3.9674,24,0.57147
ENSG00000166971,AKTIP,41,-0.8396,90,1.08840,31,-1.1586,54,-0.3196
ENSG00000103494,RPGRIP1L,10,-0.7207,18,0.47056,23,0.63295,8,-0.9338
ENSG00000140718,FTO,44,-0.8804,87,0.63386,75,0.07201,62,-0.2382
ENSG00000087258,GNAO1,292,-0.4227,493,1.03784,220,-0.8119,155,-1.3480
ENSG00000159461,AMFR,55,-0.5598,82,0.24918,71,-0.0797,92,0.34324
ENSG00000167005,NUDT21,70,-0.5753,121,0.74933,76,-0.3792,70,-0.5092
ENSG00000087263,OGFOD1,17,-0.3075,23,0.36792,30,0.60738,7,-1.5783
ENSG00000125124,BBS2,55,0.41184,45,0.00339,12,-1.9536,56,0.37847
ENSG00000087250,MT3,8863,0.63681,5489,-0.4491,4404,-0.6243,7842,0.31636
ENSG00000125148,MT2A,1121,0.47112,578,-1.0464,1236,0.56213,1302,0.65431
ENSG00000169715,MT1E,842,0.61150,463,-0.7595,595,-0.0788,859,0.54098
ENSG00000205364,MT1M,458,0.97179,203,-0.8915,210,-0.5154,379,0.45321
ENSG00000198417,MT1F,182,0.90968,73,-1.1628,127,0.11691,163,0.54072
ENSG00000125144,MT1G,282,0.82394,128,-0.9715,119,-0.7477,323,0.91974
ENSG00000187193,MT1X,243,0.66588,129,-0.7841,207,0.27736,195,0.17806
ENSG00000102900,NUP93,22,-0.2124,29,0.47052,9,-1.5979,30,0.31278
ENSG00000051108,HERPUD1,23,-1.5231,49,-0.4128,86,0.69867,128,1.43696
ENSG00000140848,CPNE2,21,-1.2231,46,0.29459,31,-0.4873,77,1.07797
ENSG00000172775,FAM192A,69,-0.1749,92,0.60843,52,-0.6016,50,-0.6754
ENSG00000102931,ARL2BP,50,-0.5370,87,0.84580,47,-0.5874,45,-0.6421
ENSG00000102934,PLLP,18,-2.1789,31,-1.6730,27,-1.3537,336,3.63601
ENSG00000006210,CX3CL1,61,-1.6124,248,1.90182,129,-0.3154,12,-3.8462
ENSG00000005194,CIAPIN1,22,-0.6988,42,0.86204,28,-0.2556,20,-0.7623
ENSG00000088682,COQ9,28,-0.2242,35,0.34339,32,0.01423,23,-0.4837
ENSG00000102978,POLR2C,28,-0.6281,46,0.40336,44,0.15076,37,-0.1188
ENSG00000205336,ADGRG1,213,0.78274,120,-0.5143,78,-0.9993,184,0.38301
ENSG00000140854,KATNB1,25,0.01305,25,0.08150,22,-0.1402,23,-0.0748
ENSG00000140859,KIFC3,28,0.02582,33,0.56921,16,-0.8642,16,-0.7865
ENSG00000103005,USB1,21,-0.2012,32,1.04495,2,-3.5502,17,-0.5369
ENSG00000070761,CFAP20,19,-1.3766,59,1.12285,7,-2.7302,62,0.61822
ENSG00000070770,CSNK2A2,12,-1.5818,34,0.31340,57,1.06667,28,-0.1310
ENSG00000103034,NDRG4,456,-0.3039,740,1.14691,276,-1.0523,146,-2.0188
ENSG00000125107,CNOT1,28,-0.8138,44,-0.0391,59,0.45772,66,0.65238
ENSG00000103042,SLC38A7,9,-1.0043,20,0.87253,14,-0.1445,12,-0.4227
ENSG00000125166,GOT2,65,-0.5765,119,0.98224,35,-1.4605,74,-0.2989
ENSG00000150394,CDH8,62,0.20633,70,0.71876,36,-0.6790,8,-2.9392
ENSG00000140937,CDH11,12,-1.3327,35,0.88863,9,-1.7444,42,0.74282
ENSG00000166548,TK2,34,-0.2513,44,0.39193,17,-1.2602,49,0.38746
ENSG00000217555,CKLF,14,-0.9761,16,-1.0895,63,1.66807,45,1.00797
ENSG00000183723,CMTM4,90,0.24471,97,0.61249,25,-1.7936,46,-0.8651
ENSG00000135720,DYNC1LI2,74,-0.6654,115,0.20032,61,-0.8837,189,0.97987
ENSG00000159593,NAE1,22,-0.6075,38,0.69325,19,-0.7769,31,0.00879
ENSG00000166595,CIAO2B,116,-0.3171,138,0.00581,129,-0.1110,189,0.53090
ENSG00000172831,CES2,28,0.25241,26,0.16798,17,-0.5667,19,-0.3827
ENSG00000172824,CES4A,4,-2.2083,26,1.85467,0,-4.9963,19,0.24602
ENSG00000067955,CBFB,9,-1.5943,26,0.36290,35,0.74179,27,0.24977
ENSG00000125149,C16orf70,13,-1.3184,43,1.78230,7,-1.9902,16,-0.8670
ENSG00000140939,NOL3,23,-0.1078,21,-0.3250,21,-0.2429,41,0.91436
ENSG00000196123,KIAA0895L,20,-0.1307,28,0.84480,5,-2.3155,17,-0.4219
ENSG00000205250,E2F4,18,-0.5694,33,0.97922,9,-1.6135,22,-0.2310
ENSG00000168701,TMEM208,45,-0.5656,68,0.29721,53,-0.2502,78,0.38942
ENSG00000159713,TPPP3,18,-2.2635,17,-2.8222,111,0.80425,341,3.46212
ENSG00000159720,ATP6V0D1,161,-0.6301,302,0.99626,151,-0.6527,133,-0.8505
ENSG00000039523,RIPOR1,48,-0.5467,79,0.65548,76,0.26323,29,-1.2629
ENSG00000102974,CTCF,22,-0.0445,26,0.38396,10,-1.2142,24,0.08510
ENSG00000159753,CARMIL2,30,-0.5518,64,1.80495,1,-4.6199,10,-2.1359
ENSG00000102977,ACD,15,-0.2550,22,0.71823,0,-5.1047,22,0.36700
ENSG00000102981,PARD6A,36,0.14363,45,1.02136,9,-1.9994,7,-2.3958
ENSG00000141098,GFOD2,18,-0.2512,23,0.28303,35,0.88091,4,-2.5356
ENSG00000102901,CENPT,15,-0.7950,29,0.75659,23,0.03285,15,-0.6553
ENSG00000168286,THAP11,18,-0.9759,39,0.72766,33,0.09645,24,-0.3769
ENSG00000102898,NUTF2,74,-0.5335,112,0.36901,113,0.21860,85,-0.2584
ENSG00000038358,EDC4,33,-0.4100,55,0.96322,24,-0.8708,22,-1.0153
ENSG00000205220,PSMB10,138,0.07134,130,-0.0508,147,0.17069,118,-0.1957
ENSG00000103066,PLA2G15,15,-0.4371,22,0.48024,20,0.08149,13,-0.5540
ENSG00000132600,PRMT7,11,-1.5256,42,1.93135,1,-4.8117,21,-0.3802
ENSG00000103056,SMPD3,12,-1.1083,37,1.74859,13,-0.9591,5,-2.3649
ENSG00000184939,ZFP90,12,-0.9970,25,0.55309,9,-1.2745,35,0.86478
ENSG00000141076,UTP4,13,-0.4909,26,1.62524,7,-1.4554,0,-5.3142
ENSG00000132612,VPS4A,75,-0.5757,136,0.98154,55,-0.9809,70,-0.6038
ENSG00000132604,TERF2,35,-0.1678,47,0.69918,33,-0.2132,13,-1.6816
ENSG00000103018,CYB5B,68,0.19126,55,-0.2976,53,-0.2351,82,0.49400
ENSG00000181019,NQO1,21,-0.4818,18,-1.0383,62,1.46777,43,0.77676
ENSG00000198373,WWP2,26,0.50159,20,-0.0998,10,-1.0907,22,0.11305
ENSG00000090857,PDPR,13,-0.7369,19,-0.1531,26,0.38335,33,0.83231
ENSG00000223496,EXOSC6,50,-0.2951,81,1.11776,17,-1.9117,30,-1.0333
ENSG00000090861,AARS,75,-0.4662,115,0.54315,85,-0.2090,79,-0.3214
ENSG00000168872,DDX19A,13,-1.2184,22,-0.5897,80,2.00535,24,-0.1941
ENSG00000157350,ST3GAL2,21,-0.2907,29,0.64582,24,0.02375,9,-1.4721
ENSG00000103051,COG4,15,-0.9143,28,0.30212,16,-0.7089,44,0.95756
ENSG00000189091,SF3B3,27,-0.8468,46,0.17678,69,0.80766,39,-0.1650
ENSG00000157368,IL34,16,-0.8263,34,0.95201,25,-0.0080,12,-1.2105
ENSG00000132613,MTSS2,71,0.54341,36,-0.9794,69,0.40147,77,0.59797
ENSG00000103043,VAC14,33,-0.2020,42,0.47117,26,-0.5054,30,-0.3156
ENSG00000172137,CALB2,67,0.07844,88,1.10085,5,-3.6980,24,-1.5420
ENSG00000040199,PHLPP2,14,-0.6083,29,1.44464,0,-5.2561,13,-0.6110
ENSG00000166747,AP1G1,19,-0.9184,44,1.05853,17,-0.9987,28,-0.2425
ENSG00000182149,IST1,30,-1.3516,66,0.02332,110,0.90259,89,0.51629
ENSG00000140829,DHX38,13,-1.0038,22,-0.1832,29,0.32653,45,1.12256
ENSG00000103035,PSMD7,96,-0.0228,112,0.45356,76,-0.3816,59,-0.7928
ENSG00000090863,GLG1,74,-0.6882,120,0.32455,100,-0.1217,135,0.37747
ENSG00000103091,WDR59,12,-0.6822,19,0.17812,9,-1.1441,35,1.11626
ENSG00000186187,ZNRF1,38,-0.3113,63,1.18068,13,-1.9163,21,-1.2171
ENSG00000166816,LDHD,19,0.05544,17,-0.1420,15,-0.2749,23,0.43348
ENSG00000184517,ZFP1,13,-0.2668,20,0.90661,2,-3.0922,14,-0.1445
ENSG00000050820,BCAR1,33,-0.7890,64,0.67985,51,-0.0378,42,-0.3553
ENSG00000153774,CFDP1,68,-0.1191,73,-0.0121,93,0.40262,63,-0.2322
ENSG00000166822,TMEM170A,19,0.04860,19,0.04632,0,-5.1378,35,1.07682
ENSG00000034713,GABARAPL2,283,-0.2613,344,0.16712,236,-0.5183,424,0.44479
ENSG00000065427,KARS,37,-0.2645,51,0.54650,22,-1.0547,43,-0.0018
ENSG00000166848,TERF2IP,189,-0.5491,338,0.98483,169,-0.6538,136,-0.9947
ENSG00000152910,CNTNAP4,24,-0.8594,41,0.11919,2,-4.1103,100,1.69292
ENSG00000103111,MON1B,25,-0.5725,37,0.19491,34,-0.0504,45,0.43586
ENSG00000205078,SYCE1L,19,0.15543,12,-0.9159,24,0.51196,31,0.92723
ENSG00000171724,VAT1L,16,-1.3848,57,1.81466,30,-0.3193,1,-4.7118
ENSG00000186153,WWOX,13,-1.0031,18,-0.6767,64,1.82131,26,0.15329
ENSG00000178573,MAF,45,-0.2425,34,-1.0122,86,0.87634,99,1.15209
ENSG00000166446,CDYL2,17,0.03465,24,1.41597,2,-3.0829,0,-6.5840
ENSG00000103121,CMC2,35,-0.8699,63,0.32341,73,0.41357,59,0.06579
ENSG00000166454,ATMIN,53,-0.1431,67,0.45712,60,0.06579,27,-1.1748
ENSG00000140905,GCSH,117,0.04702,108,-0.1467,96,-0.2841,150,0.46004
ENSG00000153815,CMIP,85,-0.3806,147,1.22647,68,-0.6825,11,-3.3479
ENSG00000197943,PLCG2,57,-0.1537,29,-1.7085,219,2.46289,47,-0.4516
ENSG00000135698,MPHOSPH6,38,-0.2379,51,0.52938,49,0.24081,15,-1.6176
ENSG00000140945,CDH13,24,-1.4393,88,1.84722,35,-0.7552,13,-2.2077
ENSG00000230989,HSBP1,203,-0.1783,238,0.19477,169,-0.4519,257,0.23812
ENSG00000103154,NECAB2,111,-0.2139,142,0.41839,146,0.26956,57,-1.2179
ENSG00000140943,MBTPS1,27,-0.8611,57,0.93957,41,-0.0847,24,-0.9482
ENSG00000103160,HSDL1,35,-0.4867,57,0.73264,45,-0.0223,22,-1.1567
ENSG00000103175,WFDC1,16,-0.6060,23,0.00943,41,1.02156,17,-0.4631
ENSG00000103187,COTL1,56,-0.0414,39,-0.9586,64,0.17477,128,1.42140
ENSG00000135686,KLHL36,19,-0.8561,34,0.19374,67,1.32790,12,-1.5341
ENSG00000103194,USP10,28,-0.5461,46,0.64058,16,-1.2811,45,0.29815
ENSG00000153786,ZDHHC7,9,-1.1730,22,0.60930,26,0.63795,12,-0.6153
ENSG00000135709,KIAA0513,107,-0.3026,186,1.46022,33,-2.0459,20,-2.7805
ENSG00000131149,GSE1,10,-1.5885,33,0.75511,52,1.17984,5,-2.3225
ENSG00000131148,EMC8,20,-0.2794,22,-0.0995,31,0.51598,24,0.09228
ENSG00000131143,COX4I1,1125,0.12096,1079,0.06194,922,-0.2235,965,-0.1480
ENSG00000103264,FBXO31,20,-1.0093,50,1.18786,23,-0.7287,24,-0.6466
ENSG00000140941,MAP1LC3B,174,-0.2458,228,0.42624,154,-0.4065,175,-0.2095
ENSG00000140948,ZCCHC14,22,-0.0236,24,0.19614,15,-0.6421,24,0.13092
ENSG00000154118,JPH3,132,0.35417,135,0.65366,35,-1.7759,44,-1.4465
ENSG00000103257,SLC7A5,48,-0.4616,72,0.50144,73,0.28361,35,-0.9034
ENSG00000179588,ZFPM1,32,-0.2406,39,0.15469,21,-0.8838,54,0.63259
ENSG00000158545,ZC3H18,6,-1.5164,24,1.58945,13,-0.2934,5,-1.7527
ENSG00000051523,CYBA,32,-0.8225,13,-2.6845,210,2.86457,81,0.77914
ENSG00000167508,MVD,53,-0.0960,60,0.19554,45,-0.3612,58,0.04383
ENSG00000260630,SNAI3-AS1,23,0.64480,18,0.13078,9,-0.8817,8,-1.0924
ENSG00000198931,APRT,57,-0.2326,60,-0.2248,87,0.50189,78,0.30070
ENSG00000141012,GALNS,9,-0.7486,16,0.62435,1,-3.8754,23,0.96691
ENSG00000167515,TRAPPC2L,98,-0.3131,135,0.47433,77,-0.6525,115,-0.0173
ENSG00000176715,ACSF3,10,-1.1601,22,0.41225,25,0.39927,22,0.19693
ENSG00000167522,ANKRD11,65,-0.3820,100,0.74380,73,-0.1484,36,-1.2671
ENSG00000197912,SPG7,56,-0.4106,80,0.43637,49,-0.5554,76,0.13842
ENSG00000167526,RPL13,1433,-0.3346,1398,-0.5364,2893,0.90477,2356,0.53838
ENSG00000178773,CPNE7,47,0.29782,51,0.71791,22,-0.9638,6,-2.8675
ENSG00000131165,CHMP1A,57,-0.4104,86,0.61232,42,-0.8352,68,-0.0560
ENSG00000167523,SPATA33,16,0.16742,18,0.61142,1,-3.3014,13,-0.2246
ENSG00000185324,CDK10,24,-0.6221,39,0.44410,26,-0.3996,40,0.28110
ENSG00000158792,SPATA2L,11,-0.2701,19,1.44328,0,-4.6489,4,-1.5457
ENSG00000075399,VPS9D1,24,-0.0345,33,1.04430,3,-3.1028,12,-1.0474
ENSG00000141002,TCF25,132,-0.1184,156,0.32331,134,-0.0759,101,-0.5316
ENSG00000258947,TUBB3,299,-0.2380,441,0.88845,237,-0.5798,117,-1.6637
ENSG00000140995,DEF8,66,-0.0067,80,0.60109,30,-1.2590,48,-0.4978
ENSG00000003249,DBNDD1,68,0.54124,59,0.35261,37,-0.5714,10,-2.4861
ENSG00000272636,DOC2B,5,-2.8705,49,2.57409,18,-0.7240,4,-2.7644
ENSG00000141252,VPS53,51,0.00778,57,0.34938,51,0.02690,25,-1.1197
ENSG00000167699,GLOD4,42,-0.5958,71,0.65210,70,0.30754,27,-1.2156
ENSG00000177370,TIMM22,15,-0.6760,31,1.18476,2,-3.2537,21,-0.0926
ENSG00000159842,ABR,245,-0.1142,316,0.63261,188,-0.5216,137,-1.0120
ENSG00000108953,YWHAE,528,-0.3384,751,0.54890,419,-0.6630,580,-0.1419
ENSG00000167193,CRK,66,-0.0979,86,0.69962,33,-1.1576,46,-0.6504
ENSG00000132376,INPP5K,20,-0.2087,23,0.16240,20,-0.1700,24,0.13203
ENSG00000174238,PITPNA,81,-0.0590,97,0.45923,57,-0.6118,62,-0.4750
ENSG00000167703,SLC43A2,29,-0.3412,41,0.46423,37,0.06925,23,-0.6853
ENSG00000174231,PRPF8,74,-0.4269,105,0.34135,103,0.16024,78,-0.2875
ENSG00000132386,SERPINF1,17,-1.7758,50,0.02526,3,-3.9401,158,2.20853
ENSG00000132383,RPA1,36,-0.2085,39,-0.0549,22,-0.9491,70,0.95390
ENSG00000185924,RTN4RL1,16,-0.8374,39,1.62322,17,-0.6037,0,-6.2182
ENSG00000070366,SMG6,17,0.09185,17,0.11732,11,-0.5227,16,0.02765
ENSG00000167721,TSR1,11,-0.3851,19,0.90737,0,-4.7746,16,0.17907
ENSG00000141258,SGSM2,80,-0.0109,86,0.18030,114,0.58418,28,-1.6400
ENSG00000070444,MNT,22,-0.4887,33,0.44419,47,0.83376,6,-2.2717
ENSG00000007168,PAFAH1B1,130,-0.4815,234,1.17099,66,-1.4597,88,-1.0286
ENSG00000132361,CLUH,47,-0.0153,60,0.79429,19,-1.4385,25,-0.9773
ENSG00000132359,RAP1GAP2,44,-0.9924,119,1.74059,43,-0.9387,10,-3.0066
ENSG00000213977,TAX1BP3,30,-0.1807,24,-0.8491,23,-0.5700,88,1.77262
ENSG00000127774,EMC6,60,-0.0066,63,0.13635,70,0.24398,40,-0.6669
ENSG00000083457,ITGAE,45,-0.0716,48,0.07795,52,0.16575,40,-0.2451
ENSG00000004660,CAMKK1,42,-1.2271,139,2.19540,25,-1.8951,11,-2.9973
ENSG00000167740,CYB5D2,17,-0.9205,35,0.57359,20,-0.5388,38,0.44309
ENSG00000185722,ANKFY1,15,-1.0016,26,-0.0347,22,-0.3180,56,1.30203
ENSG00000132388,UBE2G1,33,-0.5306,52,0.55450,18,-1.4016,59,0.48151
ENSG00000183018,SPNS2,23,-0.3721,30,0.13817,21,-0.5023,41,0.61648
ENSG00000132382,MYBBP1A,12,-1.3013,36,1.36377,6,-2.1771,26,0.06580
ENSG00000141456,PELP1,33,-0.0012,39,0.48389,18,-0.9357,26,-0.4015
ENSG00000141480,ARRB2,37,-0.3530,54,0.61376,51,0.22416,16,-1.5919
ENSG00000161920,MED11,14,-0.0963,13,-0.2618,6,-1.2361,29,1.22543
ENSG00000142507,PSMB6,129,-0.1870,154,0.24301,116,-0.3312,147,0.05891
ENSG00000141503,MINK1,85,-0.2754,120,0.64678,63,-0.7135,73,-0.4666
ENSG00000108528,SLC25A11,88,-0.4863,138,0.60513,135,0.26559,53,-1.2173
ENSG00000108523,RNF167,50,-0.5266,75,0.36558,61,-0.1417,72,0.12054
ENSG00000108518,PFN1,146,-0.8126,185,-0.5697,440,1.13796,366,0.79631
ENSG00000091640,SPAG7,52,-0.2242,66,0.35051,34,-0.8746,69,0.25066
ENSG00000108509,CAMTA2,65,-0.2366,97,0.93420,43,-0.8405,29,-1.4669
ENSG00000129250,KIF1C,25,-0.7210,27,-0.7896,37,0.01177,102,1.84666
ENSG00000234327,AC012146.1,33,-0.3885,50,0.68060,30,-0.4727,29,-0.5677
ENSG00000029725,RABEP1,76,-0.3687,98,0.17675,120,0.43447,76,-0.3243
ENSG00000129197,RPAIN,48,-0.2626,70,0.76490,23,-1.3726,44,-0.3505
ENSG00000108561,C1QBP,86,-0.1757,109,0.46273,89,-0.0929,56,-0.8273
ENSG00000005100,DHX33,13,-0.2666,20,0.88435,0,-4.9319,16,0.06169
ENSG00000072849,DERL2,16,-0.4059,20,0.11816,20,0.04508,23,0.30567
ENSG00000091592,NLRP1,54,0.07627,62,0.54020,29,-0.9282,32,-0.7640
ENSG00000179314,WSCD1,26,0.03890,23,-0.2484,40,0.78313,18,-0.5210
ENSG00000091622,PITPNM3,92,0.65859,69,0.10931,44,-0.6692,29,-1.3271
ENSG00000129235,TXNDC17,60,-0.1750,80,0.63291,16,-2.1809,70,0.10979
ENSG00000108590,MED31,26,-0.2014,35,0.53258,33,0.20014,10,-1.6681
ENSG00000219200,RNASEK,389,-0.2195,463,0.17444,464,0.10058,400,-0.1449
ENSG00000258315,C17orf49,52,-0.5246,64,-0.1984,109,0.77657,83,0.30036
ENSG00000267532,MIR497HG,18,0.24080,14,-0.3384,5,-1.5651,29,1.06210
ENSG00000132535,DLG4,84,-0.2740,146,1.58433,3,-4.8275,22,-2.2590
ENSG00000072778,ACADVL,79,-0.2481,84,-0.2075,57,-0.7353,173,1.12627
ENSG00000040633,PHF23,17,-0.6709,27,0.28102,33,0.51772,21,-0.2305
ENSG00000170296,GABARAP,394,-0.4248,456,-0.2257,651,0.46086,696,0.57833
ENSG00000175826,CTDNEP1,52,-0.6979,80,0.16184,98,0.42628,86,0.19416
ENSG00000170291,ELP5,25,0.05780,26,0.20796,30,0.35553,10,-1.3837
ENSG00000132507,EIF5A,115,-0.2650,144,0.22661,168,0.39039,91,-0.6035
ENSG00000132522,GPS2,38,-0.5038,44,-0.3652,116,1.49330,34,-0.6059
ENSG00000215041,NEURL4,22,-0.1669,31,0.82710,9,-1.5000,16,-0.6497
ENSG00000205544,TMEM256,78,-0.4863,88,-0.4074,120,0.27283,189,1.07009
ENSG00000169992,NLGN2,57,-0.2479,84,0.84285,20,-1.8364,52,-0.3574
ENSG00000174282,ZBTB4,68,0.00576,78,0.47725,63,-0.1160,27,-1.4156
ENSG00000181222,POLR2A,46,-1.2022,125,1.08846,59,-0.6973,82,-0.1746
ENSG00000239697,TNFSF12,38,-0.3902,43,-0.2409,74,0.76695,54,0.22805
ENSG00000161955,TNFSF13,48,1.23798,16,-1.2636,35,0.44125,22,-0.3097
ENSG00000161960,EIF4A1,141,-0.4373,187,0.12315,207,0.24169,196,0.14766
ENSG00000129255,MPDU1,22,-0.7225,30,-0.1717,51,0.75453,44,0.49373
ENSG00000129194,SOX15,19,-0.2245,23,0.22480,8,-1.4528,33,0.71128
ENSG00000129245,FXR2,51,-0.1977,72,0.81624,19,-1.6549,42,-0.4676
ENSG00000141504,SAT2,78,-0.2721,91,0.00799,106,0.27415,98,0.12750
ENSG00000129244,ATP1B2,462,1.13085,191,-0.9005,195,-0.5479,307,0.19100
ENSG00000108947,EFNB3,33,-0.9704,88,1.69873,24,-1.3792,17,-1.8521
ENSG00000183011,NAA38,447,0.25119,376,-0.1269,336,-0.2552,412,0.07824
ENSG00000170004,CHD3,64,-0.4553,98,0.56869,101,0.35870,34,-1.3714
ENSG00000170043,TRAPPC1,136,0.13377,147,0.44968,91,-0.5305,66,-1.0410
ENSG00000179094,PER1,26,-0.3195,29,-0.2057,20,-0.7035,61,1.17706
ENSG00000220205,VAMP2,678,-0.0670,914,0.89993,359,-1.0618,244,-1.6517
ENSG00000108961,RANGRF,35,-0.0293,29,-0.5480,74,1.25136,27,-0.4637
ENSG00000161970,RPL26,1117,-0.1063,997,-0.4527,1747,0.66642,1479,0.37784
ENSG00000166579,NDEL1,36,-0.4788,60,0.75476,47,0.00402,20,-1.3294
ENSG00000133026,MYH10,49,-0.8196,116,1.53454,40,-1.0503,20,-2.0555
ENSG00000170310,STX8,47,-0.0105,46,-0.0491,55,0.26616,42,-0.1614
ENSG00000007237,GAS7,148,-0.5382,271,1.11760,102,-1.0441,101,-1.0629
ENSG00000133028,SCO1,15,-0.2439,20,0.49531,7,-1.2677,19,0.18052
ENSG00000188803,SHISA6,16,0.04777,14,-0.2890,17,0.12198,20,0.40557
ENSG00000065559,MAP2K4,61,-1.0070,158,1.49333,55,-1.0518,47,-1.2850
ENSG00000006740,ARHGAP44,28,-0.9324,69,1.39403,39,-0.2974,8,-2.6138
ENSG00000006744,ELAC2,20,-0.5526,34,0.69538,2,-3.5971,41,0.66751
ENSG00000109099,PMP22,43,-1.4017,62,-1.0833,7,-3.9445,432,3.14452
ENSG00000214941,ZSWIM7,30,0.18056,27,-0.0089,16,-0.8678,34,0.35794
ENSG00000011295,TTC19,36,-0.7306,70,0.92803,45,-0.2943,31,-0.8615
ENSG00000141027,NCOR1,93,-0.3927,139,0.59669,137,0.29053,43,-1.5397
ENSG00000166582,CENPV,37,0.35406,36,0.48659,4,-3.1258,25,-0.3370
ENSG00000170315,UBB,1013,-0.3608,1256,0.06131,1334,0.13513,1453,0.27857
ENSG00000175061,SNHG29,241,0.04202,195,-0.5042,350,0.66708,276,0.26020
ENSG00000181350,LRRC75A,21,0.02359,22,0.19064,15,-0.4961,20,-0.0404
ENSG00000133030,MPRIP,110,-0.3241,150,0.43433,142,0.14097,82,-0.7370
ENSG00000154803,FLCN,12,-0.0232,17,1.09395,0,-4.6241,6,-1.0090
ENSG00000141030,COPS3,31,-0.2931,48,0.91847,11,-1.8339,27,-0.4679
ENSG00000141026,MED9,12,-0.7687,23,0.66847,23,0.30791,11,-0.8744
ENSG00000108551,RASD1,40,-0.7943,86,1.12440,37,-0.8411,40,-0.7283
ENSG00000133027,PEMT,37,0.32495,33,0.13639,2,-4.0945,44,0.55563
ENSG00000108557,RAI1,37,-0.1922,52,0.78321,37,-0.1960,10,-2.1695
ENSG00000072310,SREBF1,73,0.25748,38,-1.2228,80,0.36032,134,1.29961
ENSG00000175662,TOM1L2,102,0.05440,114,0.41640,56,-0.8976,79,-0.3628
ENSG00000108591,DRG2,17,-0.8684,31,0.38307,25,-0.1504,37,0.47416
ENSG00000091542,ALKBH5,71,-0.1534,91,0.52070,49,-0.7172,61,-0.3593
ENSG00000177731,FLII,19,-0.6245,25,-0.1395,38,0.62810,35,0.47359
ENSG00000273018,FAM106A,5,-1.8867,25,1.72487,0,-4.9894,19,0.24863
ENSG00000141127,PRPSAP2,28,0.02717,29,0.07062,27,-0.0828,26,-0.1315
ENSG00000072134,EPN2,50,-0.6116,84,0.61737,21,-1.8366,99,0.59097
ENSG00000108641,B9D1,29,-0.4412,47,0.80341,17,-1.2051,32,-0.2265
ENSG00000128482,RNF112,11,-1.3481,39,2.21833,1,-4.1396,10,-1.3500
ENSG00000072210,ALDH3A2,27,-0.5128,32,-0.2966,48,0.49754,56,0.75280
ENSG00000083290,ULK2,33,-0.6341,61,0.91558,13,-1.9810,50,0.12432
ENSG00000108599,AKAP10,13,-0.4815,25,1.35691,0,-5.0934,11,-0.6414
ENSG00000128487,SPECC1,36,0.18202,24,-0.8052,35,0.10025,61,1.05458
ENSG00000124422,USP22,225,-0.3061,347,0.91496,166,-0.7473,118,-1.2736
ENSG00000109016,DHRS7B,12,-0.5989,14,-0.4884,24,0.56786,32,1.05359
ENSG00000178307,TMEM11,13,-0.4263,16,-0.0842,11,-0.7264,33,1.11547
ENSG00000212719,LINC02693,33,-0.3790,51,0.78019,36,-0.1852,17,-1.3703
ENSG00000256618,MTRNR2L1,159,1.39566,59,-0.9178,79,-0.1155,47,-0.9211
ENSG00000109046,WSB1,25,-1.6506,55,-0.4650,108,0.84247,148,1.44474
ENSG00000232859,LYRM9,50,-0.4886,90,1.18402,28,-1.3224,31,-1.1720
ENSG00000087095,NLK,72,-0.1616,114,1.36653,13,-2.6708,17,-2.3140
ENSG00000109083,IFT20,9,-2.0020,35,0.25842,72,1.44487,25,-0.3867
ENSG00000109079,TNFAIP1,29,0.21060,30,0.45774,25,-0.0361,4,-2.7570
ENSG00000004142,POLDIP2,54,-0.1047,63,0.33082,71,0.38287,22,-1.4631
ENSG00000244045,TMEM199,17,-0.4160,24,0.38149,10,-1.1070,29,0.54209
ENSG00000109103,UNC119,41,-0.0610,45,0.18601,58,0.53175,18,-1.3098
ENSG00000087111,PIGS,31,-0.2830,40,0.32105,51,0.58999,15,-1.3642
ENSG00000109107,ALDOC,1142,0.64184,727,-0.3719,514,-0.7755,967,0.24647
ENSG00000007202,KIAA0100,37,0.20816,38,0.40368,15,-1.1771,24,-0.4773
ENSG00000132581,SDF2,23,-0.5044,23,-0.6379,61,1.25539,39,0.45969
ENSG00000109111,SUPT6H,32,-0.2556,37,0.02675,37,0.02094,44,0.31058
ENSG00000109113,RAB34,33,0.69899,12,-1.5228,14,-0.7536,58,1.67051
ENSG00000198242,RPL23A,830,-0.0991,634,-0.8126,1486,0.91701,1311,0.69125
ENSG00000173065,FAM222B,20,0.72622,13,-0.0996,4,-1.8903,14,-0.0036
ENSG00000132591,ERAL1,28,-0.2111,35,0.39525,19,-0.7692,32,0.07787
ENSG00000132589,FLOT2,78,-0.4331,130,0.92707,65,-0.6712,51,-1.0550
ENSG00000063015,SEZ6,46,-1.2187,153,2.18402,35,-1.5227,5,-4.1970
ENSG00000108256,NUFIP2,33,-0.5758,61,1.04048,22,-1.0849,29,-0.6913
ENSG00000160551,TAOK1,55,-0.6601,96,0.58527,49,-0.7614,95,0.28242
ENSG00000167543,TP53I13,14,-0.8150,17,-0.7378,46,1.22479,39,0.94367
ENSG00000108262,GIT1,122,-0.1131,160,0.67819,91,-0.5647,63,-1.1383
ENSG00000198720,ANKRD13B,16,-1.0420,33,0.39293,46,0.78377,22,-0.4345
ENSG00000167549,CORO6,22,-0.3354,30,0.33127,35,0.45364,15,-0.9191
ENSG00000141298,SSH2,13,-0.6384,27,1.24361,12,-0.6539,5,-1.8817
ENSG00000126653,NSRP1,22,-0.3078,18,-0.9001,61,1.47757,33,0.35369
ENSG00000108578,BLMH,11,-0.4276,15,0.25404,3,-2.3519,25,1.06624
ENSG00000108582,CPD,24,-1.2025,62,0.87293,34,-0.5184,52,0.13976
ENSG00000108587,GOSR1,10,-1.1113,18,0.00647,36,1.17092,18,-0.0421
ENSG00000196712,NF1,64,-0.1265,86,0.76345,6,-3.5111,68,-0.0076
ENSG00000126861,OMG,64,-0.6190,102,0.37028,21,-2.2199,166,1.04860
ENSG00000126860,EVI2A,5,-3.3615,21,-1.5357,13,-1.8101,227,3.84865
ENSG00000131242,RAB11FIP4,140,0.33977,149,0.78287,40,-1.6867,26,-2.2895
ENSG00000172301,COPRS,200,-0.1648,245,0.34476,242,0.16810,127,-0.8585
ENSG00000108651,UTP6,9,-1.1176,22,0.88577,11,-0.7365,19,0.17667
ENSG00000178691,SUZ12,12,-1.3145,31,0.52825,30,0.21354,32,0.29561
ENSG00000126858,RHOT1,20,-1.4548,66,1.22071,37,-0.3720,35,-0.4884
ENSG00000108666,C17orf75,15,-0.3369,15,-0.3732,19,0.13707,31,0.97936
ENSG00000010244,ZNF207,48,-0.3740,62,0.15282,70,0.27856,57,-0.0499
ENSG00000108671,PSMD11,34,-0.5751,51,0.24745,69,0.67152,33,-0.5475
ENSG00000176749,CDK5R1,163,-0.4274,305,1.53012,70,-1.6819,26,-3.1408
ENSG00000006042,TMEM98,21,-0.4549,14,-1.4803,18,-0.5826,97,2.53807
ENSG00000108684,ASIC2,9,-2.1081,58,3.29108,2,-4.0424,3,-3.5164
ENSG00000005156,LIG3,12,-0.4324,19,0.84354,0,-4.8956,19,0.36068
ENSG00000073536,NLE1,12,-0.7773,17,-0.1717,48,1.71552,7,-1.5162
ENSG00000006125,AP2B1,123,-0.5388,230,1.18782,62,-1.5341,94,-0.8931
ENSG00000270647,TAF15,21,-1.0651,45,0.46941,58,0.67820,30,-0.4296
ENSG00000270885,RASL10B,39,1.09846,19,-0.5454,20,-0.1990,12,-1.0096
ENSG00000271447,MMP28,46,0.93583,26,-0.3111,0,-5.8326,38,0.43465
ENSG00000273611,ZNHIT3,80,0.44879,67,0.16439,42,-0.6692,39,-0.7880
ENSG00000278311,GGNBP2,43,-0.2691,60,0.54464,41,-0.3391,35,-0.5556
ENSG00000278535,DHRS11,24,0.09834,29,0.81750,3,-2.8133,14,-0.7340
ENSG00000278540,ACACA,29,-0.3189,47,1.01093,7,-2.4675,26,-0.4344
ENSG00000276023,DUSP14,12,-0.7715,22,0.63641,22,0.32035,11,-0.7814
ENSG00000275066,SYNRG,15,-0.3052,16,-0.2365,20,0.20162,27,0.69039
ENSG00000278845,MRPL45,11,-0.5630,24,1.70747,0,-4.9626,5,-1.5747
ENSG00000274211,SOCS7,21,-0.2211,36,1.72705,0,-5.5061,1,-4.4517
ENSG00000275832,ARHGAP23,45,-0.5731,57,-0.2067,34,-0.9583,141,1.47501
ENSG00000277363,SRCIN1,54,-0.7653,109,0.92999,11,-3.0338,108,0.44809
ENSG00000273604,EPOP,13,-0.3513,23,1.32269,4,-1.9307,5,-1.6924
ENSG00000275023,MLLT6,54,0.57091,38,-0.1627,11,-1.9278,52,0.42381
ENSG00000277972,CISD3,73,0.08371,71,0.03726,74,0.10094,56,-0.3681
ENSG00000277791,PSMB3,119,-0.2721,149,0.22482,109,-0.3848,162,0.26112
ENSG00000276293,PIP4K2B,136,-0.4549,238,1.11336,92,-1.0056,75,-1.3215
ENSG00000125691,RPL23,372,-0.3229,382,-0.3937,718,0.83391,546,0.35450
ENSG00000002834,LASP1,55,-0.1827,75,0.71328,31,-1.0483,42,-0.5800
ENSG00000263874,LINC00672,27,-1.1873,86,2.12424,6,-3.1360,18,-1.6720
ENSG00000067191,CACNB1,64,-0.5807,131,1.52872,45,-1.0704,8,-3.6267
ENSG00000108298,RPL19,765,-0.5138,729,-0.8269,1878,1.08096,1765,0.96592
ENSG00000108306,FBXL20,15,-0.4565,23,0.55284,31,0.76163,2,-3.2353
ENSG00000171532,NEUROD2,67,-0.9432,187,2.19759,17,-2.8675,11,-3.5510
ENSG00000131771,PPP1R1B,115,-0.4372,118,-0.5492,98,-0.6316,364,1.66706
ENSG00000131748,STARD3,19,-1.0173,39,0.37849,35,0.00958,47,0.49575
ENSG00000141741,MIEN1,92,0.12815,94,0.24143,35,-1.4151,97,0.19314
ENSG00000172057,ORMDL3,22,-0.6381,34,0.17945,24,-0.4272,50,0.77569
ENSG00000108344,PSMD3,46,-0.6826,85,0.76236,59,-0.2131,48,-0.5445
ENSG00000008838,MED24,29,-0.5969,56,1.23044,12,-1.8422,25,-0.7176
ENSG00000126351,THRA,144,-0.6499,241,0.48927,156,-0.4536,242,0.26307
ENSG00000126368,NR1D1,35,0.37206,33,0.38296,16,-0.9152,14,-1.1063
ENSG00000188895,MSL1,56,-0.2610,75,0.47493,62,-0.0588,41,-0.7121
ENSG00000108349,CASC3,36,-0.7015,61,0.42553,55,0.05600,54,0.03114
ENSG00000108352,RAPGEFL1,36,-0.4420,63,1.13250,34,-0.4452,7,-2.7174
ENSG00000171475,WIPF2,49,-0.3340,68,0.48559,58,-0.0049,38,-0.6606
ENSG00000141753,IGFBP4,7,-2.9519,25,-1.3257,199,3.19007,37,-0.2447
ENSG00000073584,SMARCE1,28,-0.9835,49,0.02634,88,1.04772,47,-0.0240
ENSG00000213424,KRT222,24,-0.4565,42,1.05186,32,0.04913,0,-6.9182
ENSG00000186395,KRT10,83,-0.2846,81,-0.4572,134,0.55473,147,0.71812
ENSG00000128422,KRT17,1,-6.8396,321,5.46261,17,-3.3722,7,-4.6483
ENSG00000173812,EIF1,594,-0.3723,720,-0.0226,842,0.24822,895,0.35050
ENSG00000141698,NT5C3B,79,-0.0731,103,0.74266,64,-0.4184,24,-1.8988
ENSG00000131473,ACLY,24,-1.0403,51,0.50609,39,-0.1570,56,0.41671
ENSG00000173786,CNP,63,-2.7312,189,-1.3208,31,-3.5644,1735,3.72841
ENSG00000168259,DNAJC7,74,-0.3939,118,0.89018,58,-0.7100,49,-0.9741
ENSG00000108773,KAT2A,22,-0.9885,48,0.61115,41,0.05493,39,-0.0319
ENSG00000108774,RAB5C,101,-0.1213,106,-0.0441,133,0.35550,102,-0.0869
ENSG00000173757,STAT5B,23,0.16265,22,0.18375,8,-1.5180,25,0.29304
ENSG00000168610,STAT3,32,-0.2895,27,-0.8693,77,1.23268,55,0.62592
ENSG00000033627,ATP6V0A1,252,-0.3930,432,1.17236,162,-1.0385,99,-1.7828
ENSG00000068120,COASY,31,-0.0693,33,0.00073,26,-0.3472,41,0.39148
ENSG00000108788,MLX,15,-0.6153,28,0.78768,20,-0.1288,12,-0.8691
ENSG00000141699,RETREG3,19,-0.4532,29,0.63140,20,-0.2943,18,-0.4926
ENSG00000131462,TUBG1,16,-0.3777,26,0.94202,9,-1.1461,12,-0.7655
ENSG00000037042,TUBG2,91,0.05781,112,0.79802,29,-1.7061,46,-1.0249
ENSG00000108797,CNTNAP1,106,-0.3443,178,1.21146,88,-0.5997,7,-4.2415
ENSG00000108799,EZH1,19,-0.4239,27,0.42014,16,-0.6665,28,0.26042
ENSG00000131477,RAMP2,17,-2.0029,11,-3.1420,298,3.64399,84,0.62386
ENSG00000131475,VPS25,23,-0.6368,35,0.18011,45,0.50719,33,-0.0195
ENSG00000183978,COA3,118,-0.1776,145,0.33711,109,-0.2816,113,-0.2228
ENSG00000126581,BECN1,41,-0.4465,64,0.69692,56,0.14003,20,-1.4714
ENSG00000131467,PSME3,42,-0.4689,64,0.52324,55,0.03996,38,-0.5632
ENSG00000266967,AARSD1,30,-0.3641,43,0.46647,31,-0.2464,31,-0.2584
ENSG00000198863,RUNDC1,19,-0.3213,30,1.08072,12,-1.0071,8,-1.6318
ENSG00000131469,RPL27,609,-0.1771,596,-0.3164,965,0.62081,786,0.26851
ENSG00000108828,VAT1,17,-1.3185,26,-0.8907,70,1.10277,88,1.56402
ENSG00000108830,RND2,29,0.03513,18,-1.1664,29,-0.0151,73,1.67551
ENSG00000188554,NBR1,46,-0.4885,60,-0.0107,76,0.38303,74,0.33694
ENSG00000175906,ARL4D,6,-1.7097,30,2.15819,12,-0.5857,0,-5.2890
ENSG00000067596,DHX8,14,0.24231,14,0.26855,0,-4.6537,17,0.46972
ENSG00000108861,DUSP3,91,-0.3855,141,0.76183,109,-0.0522,42,-1.5478
ENSG00000108852,MPP2,42,-0.4735,77,1.24006,0,-6.7308,45,-0.3228
ENSG00000091947,TMEM101,18,-0.3574,24,0.29428,0,-5.0950,41,1.13295
ENSG00000161654,LSM12,23,-0.2400,34,0.81263,14,-0.9377,15,-0.8534
ENSG00000141349,G6PC3,38,-0.4325,37,-0.6441,80,0.86933,79,0.85012
ENSG00000108840,HDAC5,147,0.53474,106,-0.1827,79,-0.5791,107,-0.0849
ENSG00000168591,TMUB2,24,-0.9081,43,0.24031,55,0.54264,43,0.13224
ENSG00000087152,ATXN7L3,71,-0.4394,128,1.24398,48,-0.9920,23,-2.0863
ENSG00000108312,UBTF,36,-1.0794,82,0.67435,64,-0.0734,69,0.05771
ENSG00000108309,RUNDC3A,331,0.12624,402,0.87855,128,-1.3934,84,-2.0229
ENSG00000013306,SLC25A39,44,-0.4248,40,-0.8013,105,1.13277,87,0.78877
ENSG00000030582,GRN,54,-0.5183,54,-0.7040,159,1.42719,88,0.34178
ENSG00000161682,FAM171A2,37,-0.3832,70,1.69451,2,-4.4524,9,-2.4198
ENSG00000186566,GPATCH8,13,-0.4098,19,0.43993,0,-5.0058,29,0.97586
ENSG00000180329,CCDC43,17,-0.2133,24,0.69449,16,-0.2893,8,-1.3247
ENSG00000073670,ADAM11,49,-0.4283,87,1.25784,23,-1.5010,23,-1.4933
ENSG00000131097,HIGD1B,18,-0.9164,19,-1.1632,100,2.20349,36,0.24007
ENSG00000108883,EFTUD2,27,-0.3947,49,1.39606,0,-5.8092,19,-0.9125
ENSG00000131095,GFAP,643,-2.3988,363,-3.7936,4421,0.84535,14482,3.82282
ENSG00000131094,C1QL1,35,-0.8605,46,-0.5701,94,0.85247,109,1.12364
ENSG00000172992,DCAKD,24,-0.2620,26,-0.1500,3,-3.2357,65,1.54031
ENSG00000136448,NMT1,54,-0.5698,91,0.69910,88,0.29866,28,-1.4918
ENSG00000161714,PLCD3,64,0.73272,28,-1.1210,13,-1.8373,104,1.51656
ENSG00000186834,HEXIM1,36,-0.2957,50,0.55472,43,0.04434,21,-1.0852
ENSG00000184922,FMNL1,44,0.45460,41,0.47062,23,-0.7011,7,-2.4884
ENSG00000264589,MAPT-AS1,11,-0.2534,15,0.55334,0,-4.6306,19,0.62964
ENSG00000186868,MAPT,165,-0.6005,330,1.34648,87,-1.5200,100,-1.3067
ENSG00000120071,KANSL1,14,-0.9412,28,0.45096,32,0.48031,21,-0.2327
ENSG00000073969,NSF,299,-0.5487,601,1.55184,162,-1.4252,58,-2.9429
ENSG00000108433,GOSR2,34,-0.2517,40,0.06964,38,-0.0673,47,0.29610
ENSG00000179673,RPRML,14,-1.7555,71,3.07997,0,-6.2158,4,-3.3323
ENSG00000004897,CDC27,33,-0.5702,59,0.93548,36,-0.3713,21,-1.1483
ENSG00000141279,NPEPPS,73,-0.1582,95,0.56552,44,-0.9392,66,-0.3010
ENSG00000108424,KPNB1,68,-0.7670,110,0.16449,132,0.40209,124,0.29283
ENSG00000198933,TBKBP1,16,-0.3517,25,0.67511,0,-4.7069,28,0.54571
ENSG00000159111,MRPL10,31,-0.3579,41,0.26591,48,0.41057,26,-0.5651
ENSG00000264920,AC018521.5,39,0.07318,33,-0.3977,58,0.72491,36,-0.0968
ENSG00000108439,PNPO,42,-0.1183,45,0.06673,53,0.29192,37,-0.2897
ENSG00000108465,CDK5RAP3,23,-0.6556,34,0.02423,21,-0.7682,66,1.17406
ENSG00000082641,NFE2L1,91,-0.5075,129,0.19662,96,-0.3654,170,0.58256
ENSG00000108468,CBX1,56,-0.2009,63,0.01313,58,-0.1343,79,0.39082
ENSG00000002919,SNX11,12,-0.3280,19,0.89525,0,-4.8731,16,0.12738
ENSG00000136436,CALCOCO2,17,-1.1374,22,-1.0390,83,1.64143,62,1.08672
ENSG00000159199,ATP5MC1,213,-0.0955,255,0.40091,190,-0.2661,156,-0.5839
ENSG00000159202,UBE2Z,65,-0.7602,132,0.98875,69,-0.5844,66,-0.6461
ENSG00000159210,SNF8,45,-0.3091,50,-0.1854,70,0.46387,66,0.36612
ENSG00000198740,ZNF652,15,-0.0304,12,-0.7015,7,-1.1095,39,1.66023
ENSG00000167085,PHB,59,-0.6045,73,-0.3182,156,1.11277,92,0.17761
ENSG00000182575,NXPH3,1,-4.9723,45,1.88662,34,0.31579,11,-1.3987
ENSG00000121067,SPOP,40,-0.4840,62,0.51279,27,-1.0498,65,0.36130
ENSG00000121073,SLC35B1,30,-0.3280,37,0.13920,50,0.58850,25,-0.5438
ENSG00000136504,KAT7,21,-0.4030,39,1.51343,9,-1.6434,3,-3.2943
ENSG00000005882,PDK2,66,-0.4516,103,0.65973,50,-0.8095,78,-0.1184
ENSG00000167100,SAMD14,17,-0.6502,32,0.98608,12,-1.0494,18,-0.4322
ENSG00000108819,PPP1R9B,107,0.01574,128,0.60140,88,-0.2973,34,-1.7378
ENSG00000108826,MRPL27,84,-0.2084,95,0.05134,62,-0.6681,139,0.66536
ENSG00000108829,LRRC59,33,-0.0132,32,-0.0510,49,0.66093,20,-0.7898
ENSG00000136444,RSAD1,14,-0.3565,18,0.25206,19,0.21843,14,-0.2485
ENSG00000006282,SPATA20,36,0.76727,26,0.14675,14,-0.9030,8,-1.7171
ENSG00000154945,ANKRD40,36,-0.9305,55,-0.2843,39,-0.7027,157,1.71705
ENSG00000108848,LUC7L3,73,-0.2312,91,0.26640,69,-0.2883,85,0.04014
ENSG00000141232,TOB1,23,-0.8022,24,-0.9925,75,1.29932,71,1.18298
ENSG00000008294,SPAG9,75,-0.3778,88,-0.1436,127,0.53227,110,0.29911
ENSG00000239672,NME1,104,-0.3136,159,0.86383,63,-1.0536,77,-0.7407
ENSG00000243678,NME2,327,-0.0244,331,-0.0014,455,0.53555,217,-0.6800
ENSG00000011260,UTP18,17,0.09237,18,0.41712,4,-2.0488,17,0.09833
ENSG00000154975,CA10,35,-0.8456,90,1.92306,22,-1.4994,1,-5.1140
ENSG00000166260,COX11,33,-0.2056,46,0.71455,27,-0.5036,18,-1.0903
ENSG00000108924,HLF,59,-0.7353,122,1.11426,38,-1.3326,68,-0.4366
ENSG00000108960,MMD,107,-0.7852,254,1.73388,44,-2.0532,47,-1.9436
ENSG00000153933,DGKE,33,0.29810,33,0.47865,25,-0.1968,3,-3.1094
ENSG00000121064,SCPEP1,19,-0.4438,25,0.10420,41,0.89307,14,-0.8079
ENSG00000121057,AKAP1,26,-0.4279,31,-0.1532,63,1.12911,24,-0.5325
ENSG00000153944,MSI2,69,0.39393,41,-0.8283,50,-0.2118,103,1.02587
ENSG00000181610,MRPS23,51,0.00796,67,0.89435,1,-5.3982,39,-0.4380
ENSG00000180891,CUEDC1,16,-0.3624,21,0.19991,6,-1.7054,35,0.96070
ENSG00000136450,SRSF1,31,-0.9087,66,0.83494,30,-0.8625,56,0.13501
ENSG00000264364,DYNLL2,310,-0.0861,391,0.59631,241,-0.4833,172,-1.0054
ENSG00000005379,TSPOAP1,49,-0.1164,61,0.50736,54,0.08223,19,-1.5526
ENSG00000213246,SUPT4H1,70,0.10312,71,0.19784,28,-1.3303,79,0.28633
ENSG00000108389,MTMR4,18,-0.8970,40,0.97726,15,-1.0177,28,-0.0791
ENSG00000108387,SEPTIN4,79,-1.5605,148,-0.7151,82,-1.3670,732,2.61917
ENSG00000108384,RAD51C,17,-0.6533,35,1.18970,0,-5.5583,25,0.02471
ENSG00000175175,PPM1E,25,0.06011,35,1.46157,0,-5.5515,1,-4.7052
ENSG00000108395,TRIM37,87,-0.1932,139,1.34471,12,-3.1007,31,-1.7632
ENSG00000182628,SKA2,49,0.02799,32,-0.9775,99,1.25206,60,0.36795
ENSG00000153982,GDPD1,13,-0.6661,29,1.47124,4,-2.4295,10,-1.0240
ENSG00000175155,YPEL2,15,-1.0036,39,1.41054,0,-5.7045,27,0.04005
ENSG00000108406,DHX40,12,-0.9623,21,0.00485,29,0.56019,30,0.61075
ENSG00000141367,CLTC,242,-0.3286,373,0.85582,114,-1.4533,223,-0.4184
ENSG00000141378,PTRH2,13,-0.4763,18,0.14923,12,-0.5448,26,0.73111
ENSG00000062716,VMP1,32,-0.9967,54,-0.1060,101,1.01109,68,0.32382
ENSG00000108443,RPS6KB1,15,-0.5695,30,1.28560,1,-4.3372,17,-0.3554
ENSG00000170832,USP32,16,-0.3697,26,0.89001,4,-2.2970,18,-0.1062
ENSG00000062725,APPBP2,34,-0.3799,53,0.72182,16,-1.4736,42,-0.0049
ENSG00000141376,BCAS3,22,-0.4191,37,0.97579,9,-1.6642,21,-0.4546
ENSG00000108510,MED13,25,-0.0056,25,0.01163,14,-0.8621,36,0.57882
ENSG00000146872,TLK2,25,0.25431,20,-0.2195,35,0.82178,9,-1.3844
ENSG00000170921,TANC2,30,-1.1049,82,1.47320,51,-0.1385,7,-3.1580
ENSG00000008283,CYB561,24,-0.1819,31,0.58434,25,-0.0711,11,-1.3434
ENSG00000136485,DCAF7,50,-0.2321,65,0.41787,40,-0.5582,54,-0.0864
ENSG00000136463,TACO1,18,-0.1450,24,0.75213,13,-0.5975,8,-1.3053
ENSG00000266173,STRADA,12,-0.9196,27,0.83489,19,-0.1794,16,-0.4048
ENSG00000136490,LIMD2,23,-0.2346,32,0.66814,21,-0.2921,12,-1.1368
ENSG00000108588,CCDC47,34,-0.6261,63,0.96532,16,-1.6478,45,-0.1018
ENSG00000198231,DDX42,40,-0.4940,61,0.51029,50,-0.0482,41,-0.3671
ENSG00000087191,PSMC5,142,-0.3179,193,0.41186,124,-0.4915,170,0.01170
ENSG00000266402,SNHG25,92,-0.3049,58,-1.4447,145,0.49870,304,1.92002
ENSG00000136478,TEX2,26,-0.9687,59,0.88919,27,-0.7994,47,0.05506
ENSG00000108654,DDX5,171,-0.6489,280,0.41997,207,-0.2674,286,0.26288
ENSG00000120063,GNA13,19,-0.4169,17,-0.8530,21,-0.1981,63,1.80609
ENSG00000154229,PRKCA,187,0.55033,145,0.04545,66,-1.2195,121,-0.2642
ENSG00000075461,CACNG4,18,0.16096,17,-0.0174,21,0.37866,10,-0.8194
ENSG00000198265,HELZ,16,-0.7512,36,1.35864,2,-3.4859,20,-0.3203
ENSG00000197170,PSMD12,42,-0.3044,62,0.76089,33,-0.6540,30,-0.8100
ENSG00000154217,PITPNC1,65,0.29037,60,0.18393,18,-1.7848,63,0.17358
ENSG00000130935,NOL11,11,-0.7501,20,0.54042,11,-0.6810,21,0.41738
ENSG00000171634,BPTF,59,0.07547,37,-1.0235,139,1.61158,48,-0.2618
ENSG00000186665,C17orf58,18,0.31779,17,0.32353,14,-0.0996,4,-2.0654
ENSG00000182481,KPNA2,27,-0.5979,51,1.15014,30,-0.3553,8,-2.2234
ENSG00000196704,AMZ2,72,-0.2577,89,0.22778,62,-0.4567,98,0.28567
ENSG00000108946,PRKAR1A,229,-0.5900,413,0.90730,165,-1.0297,256,-0.3455
ENSG00000154265,ABCA5,10,-0.9393,26,1.45338,16,-0.1921,1,-4.1006
ENSG00000125398,SOX9,86,0.50257,42,-1.1305,56,-0.3021,141,1.31231
ENSG00000180616,SSTR2,6,-3.5055,92,2.39630,4,-3.6867,53,-0.0651
ENSG00000166685,COG1,19,-0.6466,39,1.14189,15,-0.9262,15,-1.0064
ENSG00000133193,FAM104A,12,-1.0620,21,-0.0652,27,0.37758,38,0.95676
ENSG00000179604,CDC42EP4,100,0.69621,49,-0.9106,61,-0.2623,112,0.76778
ENSG00000069188,SDK2,3,-3.0269,39,2.80677,0,-5.2596,14,-0.6766
ENSG00000172809,RPL38,1360,0.07157,1152,-0.3510,1692,0.42967,1465,0.18547
ENSG00000141540,TTYH2,19,-1.9395,28,-1.7435,15,-2.1451,322,3.75659
ENSG00000170412,GPRC5C,15,-1.0062,9,-2.2960,86,2.19719,63,1.53435
ENSG00000109062,SLC9A3R1,110,0.52484,54,-1.1063,77,-0.1497,166,1.18072
ENSG00000109065,NAT9,8,-1.1631,19,0.59318,11,-0.5678,24,0.63112
ENSG00000161509,GRIN2C,66,1.29726,27,-0.7580,7,-2.4023,44,0.32501
ENSG00000167861,HID1,39,-0.3609,57,0.59565,27,-0.8614,45,-0.0772
ENSG00000167862,MRPL58,15,-0.5961,23,0.25078,23,0.12903,24,0.19880
ENSG00000180901,KCTD2,54,-0.3904,76,0.39989,75,0.20581,46,-0.5851
ENSG00000167863,ATP5PD,274,0.01416,280,0.08795,315,0.24327,192,-0.5611
ENSG00000125458,NT5C,19,-0.4787,15,-1.1955,7,-1.9796,95,2.62304
ENSG00000189159,JPT1,109,-0.2420,172,1.14878,55,-1.2699,34,-1.9770
ENSG00000188612,SUMO2,234,-0.3825,325,0.38329,229,-0.3678,300,0.07333
ENSG00000125447,GGA3,26,-0.5221,48,1.09787,30,-0.2512,6,-2.6087
ENSG00000125445,MRPS7,62,-0.5257,102,0.71111,61,-0.4910,65,-0.3796
ENSG00000177885,GRB2,72,-0.8433,158,1.09882,97,-0.2798,52,-1.2589
ENSG00000177728,TMEM94,65,-0.0251,70,0.21062,50,-0.4338,64,-0.0510
ENSG00000177303,CASKIN2,24,-0.1326,17,-1.0033,43,0.86673,48,1.04250
ENSG00000108469,RECQL5,10,-0.5421,17,0.84490,1,-3.4986,17,0.40294
ENSG00000161526,SAP30BP,38,-0.5035,39,-0.6509,87,0.93684,84,0.85922
ENSG00000132470,ITGB4,18,-0.6554,4,-3.3799,32,0.30638,126,3.31793
ENSG00000132475,H3F3B,182,-0.7172,199,-0.7761,377,0.56432,623,1.50420
ENSG00000132471,WBP2,289,-0.2299,392,0.59350,165,-1.0797,297,-0.1515
ENSG00000132481,TRIM47,20,-0.6690,17,-1.2505,59,1.24373,65,1.43037
ENSG00000204316,MRPL38,48,-0.0685,52,0.14596,39,-0.3989,54,0.13724
ENSG00000161533,ACOX1,38,-0.0507,37,-0.1786,47,0.28516,44,0.17875
ENSG00000257949,TEN1,17,0.03413,20,0.64974,1,-4.0373,17,0.01557
ENSG00000167881,SRP68,34,-0.4460,52,0.53548,37,-0.2421,36,-0.3010
ENSG00000182473,EXOC7,55,-0.3131,71,0.26194,69,0.10034,58,-0.2032
ENSG00000141576,RNF157,78,0.53097,61,0.05749,59,-0.0237,20,-1.7128
ENSG00000185262,UBALD2,32,-0.5742,46,0.16234,57,0.43061,45,0.03283
ENSG00000161542,PRPSAP1,21,-0.5263,30,0.12196,24,-0.3004,43,0.68705
ENSG00000175931,UBE2O,28,-0.8137,56,0.77891,55,0.36829,18,-1.3486
ENSG00000161544,CYGB,21,-0.6842,31,0.08434,65,1.33736,11,-1.4914
ENSG00000163597,SNHG16,34,0.32880,30,0.12071,19,-0.6793,24,-0.3294
ENSG00000182534,MXRA7,136,-0.5195,189,0.14582,226,0.37660,187,0.06026
ENSG00000181038,METTL23,15,-0.0123,16,0.23769,14,-0.1238,11,-0.4512
ENSG00000161547,SRSF2,94,-0.4483,130,0.26929,156,0.44789,90,-0.4604
ENSG00000167889,MGAT5B,47,0.34371,40,0.05753,52,0.46052,9,-2.2846
ENSG00000129657,SEC14L1,48,-0.1974,53,-0.0165,89,0.87255,30,-0.9176
ENSG00000184640,SEPTIN9,55,-0.1794,61,0.02660,46,-0.4403,84,0.54757
ENSG00000078687,TNRC6C,34,-0.4465,58,0.98039,14,-1.7643,35,-0.3709
ENSG00000108639,SYNGR2,7,-2.6780,17,-1.6433,77,1.34399,129,2.47036
ENSG00000183077,AFMID,12,-0.6806,20,0.23360,0,-5.1425,42,1.46915
ENSG00000087157,PGS1,13,-0.3443,17,0.32257,3,-2.4609,27,0.90533
ENSG00000108669,CYTH1,25,-0.3957,32,0.11583,10,-1.7423,59,1.11926
ENSG00000035862,TIMP2,179,-0.3629,218,0.00664,256,0.27118,254,0.25865
ENSG00000108679,LGALS3BP,24,-1.4217,24,-1.8147,105,1.10457,193,2.41842
ENSG00000171302,CANT1,19,-0.4957,31,0.58759,24,-0.1319,19,-0.4779
ENSG00000167281,RBFOX3,59,-0.8739,151,1.88425,29,-1.8498,16,-2.7261
ENSG00000141582,CBX4,27,-0.6243,49,0.87794,23,-0.7470,29,-0.4252
ENSG00000167291,TBC1D16,19,0.19236,14,-0.3883,22,0.42037,18,0.07209
ENSG00000171298,GAA,28,-0.2781,36,0.31150,15,-1.1871,45,0.53581
ENSG00000141543,EIF4A3,19,-0.7169,25,-0.2827,48,0.92595,37,0.48636
ENSG00000181045,SLC26A11,16,-0.2807,24,0.79234,11,-0.8997,12,-0.7236
ENSG00000173821,RNF213,15,-0.3797,19,0.01169,13,-0.5694,31,0.86275
ENSG00000173818,ENDOV,12,-0.7131,24,0.81404,22,0.28817,6,-1.5982
ENSG00000171246,NPTX1,129,-2.7249,1247,3.61811,118,-2.6733,29,-4.7162
ENSG00000141564,RPTOR,16,-0.8361,39,1.74476,0,-5.5550,14,-0.9367
ENSG00000176108,CHMP6,16,-0.4552,19,-0.1748,28,0.53196,27,0.45214
ENSG00000226137,BAIAP2-DT,47,0.13633,45,0.06678,46,0.08066,31,-0.5473
ENSG00000175866,BAIAP2,92,-1.3607,337,2.39900,46,-2.2528,24,-3.1918
ENSG00000181409,AATK,56,-0.9059,106,0.42624,40,-1.3253,165,0.99570
ENSG00000224877,NDUFAF8,258,0.03753,272,0.21656,192,-0.4465,228,-0.1688
ENSG00000157637,SLC38A10,20,-0.9372,30,-0.3252,48,0.58818,62,1.07277
ENSG00000266074,BAHCC1,10,-0.5586,15,0.22691,10,-0.5066,21,0.66664
ENSG00000184009,ACTG1,1012,-0.3208,1376,0.42316,1051,-0.2174,1029,-0.2520
ENSG00000182446,NPLOC4,23,-0.9361,40,0.02402,68,0.93087,42,0.10803
ENSG00000204237,OXLD1,25,-0.2529,31,0.33142,33,0.27231,17,-0.7743
ENSG00000214087,ARL16,59,0.03398,64,0.33444,45,-0.4038,42,-0.5233
ENSG00000185359,HGS,45,-0.3824,65,0.50393,34,-0.7443,58,0.08177
ENSG00000262814,MRPL12,77,-0.1185,89,0.24096,85,0.04968,62,-0.4510
ENSG00000225663,MCRIP1,161,-0.0002,167,0.11868,165,0.04537,130,-0.3467
ENSG00000185624,P4HB,97,-0.4762,121,-0.1149,100,-0.3731,229,1.04177
ENSG00000141522,ARHGDIA,176,-0.4083,258,0.51297,195,-0.1896,175,-0.3629
ENSG00000183684,ALYREF,15,-0.6630,24,0.26017,39,1.01466,10,-1.2368
ENSG00000141552,ANAPC11,248,0.12138,232,-0.0056,177,-0.4463,261,0.18813
ENSG00000183979,NPB,18,-0.1797,11,-1.3513,43,1.37365,35,0.98890
ENSG00000185813,PCYT2,55,0.15306,50,-0.0446,38,-0.4841,59,0.24341
ENSG00000197063,MAFG,48,0.15536,55,0.68564,9,-2.3277,30,-0.6213
ENSG00000169696,ASPSCR1,35,0.15398,29,-0.2899,52,0.77971,21,-0.6662
ENSG00000169689,CENPX,73,-0.1231,79,0.05105,45,-0.8859,116,0.66869
ENSG00000169750,RAC3,29,0.24387,35,1.09437,0,-5.6339,6,-2.0620
ENSG00000169738,DCXR,206,0.48141,144,-0.3228,55,-1.6901,254,0.76871
ENSG00000169733,RFNG,25,-0.3885,34,0.27405,11,-1.5829,52,0.84478
ENSG00000169727,GPS1,54,-0.7649,101,0.63247,64,-0.4034,86,0.07314
ENSG00000169718,DUS1L,25,-0.4940,40,0.59240,6,-2.5213,48,0.64991
ENSG00000169710,FASN,141,0.10265,149,0.32957,105,-0.3950,87,-0.6857
ENSG00000141551,CSNK1D,47,-0.8681,89,0.42669,105,0.51386,63,-0.3189
ENSG00000178927,CYBC1,18,-0.3169,15,-0.7959,2,-3.0599,69,2.26190
ENSG00000141562,NARF,31,-0.5358,58,1.23477,11,-2.0330,25,-0.7652
ENSG00000141568,FOXK2,23,-0.9066,47,0.69921,33,-0.2493,38,-0.0279
ENSG00000141580,WDR45B,62,0.07603,64,0.17470,27,-1.2214,73,0.32763
ENSG00000141542,RAB40B,58,-1.2821,174,1.31869,32,-2.0355,129,0.08966
ENSG00000141560,FN3KRP,28,-0.2531,37,0.40521,27,-0.2860,27,-0.2566
ENSG00000141556,TBCD,37,-0.2104,56,1.03843,15,-1.5808,19,-1.2087
ENSG00000176845,METRNL,12,-1.0133,12,-1.3720,29,0.51562,70,2.28223
ENSG00000101557,USP14,40,-0.9688,90,0.88850,76,0.14043,38,-0.9432
ENSG00000141433,ADCYAP1,15,-0.6224,35,2.08334,0,-5.4001,1,-3.8877
ENSG00000101596,SMCHD1,12,-0.8222,17,-0.3170,36,1.03149,27,0.52052
ENSG00000101577,LPIN2,42,0.28880,37,0.05624,33,-0.1408,25,-0.5992
ENSG00000101608,MYL12A,22,-1.1435,10,-2.8402,192,3.09789,68,0.77275
ENSG00000118680,MYL12B,166,-0.6432,258,0.26754,397,0.89390,128,-0.9667
ENSG00000170579,DLGAP1,117,-0.3371,214,1.69365,17,-3.1889,13,-3.5635
ENSG00000263753,LINC00667,26,-0.2922,40,0.84837,1,-4.6752,34,0.15893
ENSG00000082397,EPB41L3,70,-0.6865,130,0.82551,73,-0.5333,81,-0.3734
ENSG00000173482,PTPRM,34,-0.4170,48,0.40522,48,0.22609,29,-0.5789
ENSG00000206418,RAB12,28,-0.3761,44,0.79978,23,-0.6326,21,-0.7937
ENSG00000178127,NDUFV2,120,-0.3572,184,0.77439,111,-0.4299,77,-1.0019
ENSG00000101745,ANKRD12,115,-0.1555,143,0.41405,112,-0.1757,86,-0.5999
ENSG00000017797,RALBP1,69,0.10632,63,-0.1202,92,0.57032,43,-0.6820
ENSG00000168461,RAB31,109,0.61099,57,-0.8772,63,-0.4111,138,0.92294
ENSG00000101558,VAPA,153,-0.5574,245,0.52867,192,-0.1252,180,-0.2249
ENSG00000154856,APCDD1,58,0.14923,32,-1.2052,72,0.47783,113,1.31085
ENSG00000134265,NAPG,42,-0.5426,73,0.92711,35,-0.7545,36,-0.7090
ENSG00000141404,GNAL,37,-1.2521,117,1.66424,62,-0.3374,9,-3.1819
ENSG00000255112,CHMP1B,44,-0.6691,86,1.10880,9,-2.8819,63,-0.0069
ENSG00000154889,MPPE1,15,-0.4496,21,0.24790,27,0.53435,14,-0.5389
ENSG00000141385,AFG3L2,22,-1.0186,48,0.56817,57,0.58795,27,-0.6256
ENSG00000134278,SPIRE1,64,0.18054,68,0.44188,13,-2.2562,57,-0.0562
ENSG00000128789,PSMG2,44,-0.2636,53,0.12326,47,-0.1265,59,0.25463
ENSG00000085415,SEH1L,21,-1.1337,60,1.65101,15,-1.4478,19,-1.1654
ENSG00000168675,LDLRAD4,27,-0.6829,43,0.17865,29,-0.5315,67,0.87146
ENSG00000101654,RNMT,37,-0.4996,66,1.09167,23,-1.1394,26,-0.9765
ENSG00000067900,ROCK1,24,-0.5184,20,-1.1076,86,1.82996,40,0.38730
ENSG00000167088,SNRPD1,55,-0.5943,76,-0.0332,122,0.78822,78,0.02640
ENSG00000101752,MIB1,44,0.35377,40,0.26425,25,-0.5990,20,-0.9370
ENSG00000134508,CABLES1,44,0.17327,31,-0.6373,33,-0.2928,74,1.07276
ENSG00000101782,RIOK3,13,-1.2690,33,0.66725,26,-0.0675,31,0.24653
ENSG00000141458,NPC1,15,-1.4785,18,-1.4883,15,-1.2813,164,3.24275
ENSG00000141447,OSBPL1A,74,0.24443,65,-0.0127,30,-1.2457,85,0.43967
ENSG00000154059,IMPACT,19,-0.0887,10,-1.5516,52,1.74387,29,0.65241
ENSG00000141380,SS18,10,-1.5260,19,-0.7710,35,0.55984,72,1.93212
ENSG00000134504,KCTD1,16,-1.8318,76,2.20164,28,-0.8118,6,-2.9872
ENSG00000171885,AQP4,541,-0.2695,300,-1.6563,404,-0.6969,2306,2.58505
ENSG00000170558,CDH2,45,-0.1993,66,0.95650,9,-2.5074,36,-0.5205
ENSG00000118271,TTR,7,-6.2522,70,-3.4508,2432,4.20503,627,0.68692
ENSG00000118276,B4GALT6,55,-0.1421,85,1.33020,21,-1.6211,3,-4.1130
ENSG00000153339,TRAPPC8,13,-0.5512,17,0.00516,32,1.05684,12,-0.6269
ENSG00000101746,NOL4,15,-1.2941,57,2.79553,0,-5.4815,0,-5.5434
ENSG00000134769,DTNA,144,-0.2147,108,-0.9893,254,0.77938,316,1.18347
ENSG00000166974,MAPRE2,127,-0.7336,266,1.20842,84,-1.2839,121,-0.7233
ENSG00000172466,ZNF24,26,-0.3541,32,0.00529,0,-5.5078,74,1.50935
ENSG00000141429,GALNT1,36,0.63660,22,-0.4707,4,-2.5853,45,0.94980
ENSG00000141425,RPRD1A,97,-0.1864,142,0.96862,56,-1.0356,40,-1.5512
ENSG00000141424,SLC39A6,38,0.10663,32,-0.2587,37,0.04749,43,0.32697
ENSG00000134759,ELP2,17,-0.5932,33,1.11928,3,-2.9476,22,-0.1215
ENSG00000134775,FHOD3,17,-0.9043,40,1.15843,29,0.04415,6,-2.2155
ENSG00000134779,TPGS2,75,-0.3393,106,0.50194,87,-0.0660,61,-0.6156
ENSG00000101489,CELF4,138,-0.8530,343,1.78345,77,-1.6492,45,-2.4342
ENSG00000078142,PIK3C3,26,-0.5613,40,0.45490,35,0.00868,31,-0.1812
ENSG00000152214,RIT2,23,0.48010,13,-0.7195,36,1.22060,8,-1.2952
ENSG00000132872,SYT4,179,-0.3237,307,1.36329,91,-1.3408,27,-3.1170
ENSG00000141469,SLC14A1,37,-0.1272,19,-1.5971,20,-1.1024,146,2.54909
ENSG00000152234,ATP5F1A,325,-0.1854,431,0.58683,270,-0.4580,226,-0.7397
ENSG00000152242,C18orf25,10,-0.9365,19,0.20964,0,-4.9581,45,1.65866
ENSG00000141622,RNF165,17,-0.2169,29,1.52603,0,-5.2653,4,-2.1512
ENSG00000101638,ST8SIA5,15,-1.1034,42,1.58528,9,-1.7586,16,-0.8139
ENSG00000078043,PIAS2,33,0.40462,31,0.38374,12,-1.3096,16,-0.8540
ENSG00000167220,HDHD2,53,0.12060,56,0.35593,27,-0.9903,42,-0.2757
ENSG00000134049,IER3IP1,26,-0.7165,40,0.15312,63,0.83822,31,-0.3401
ENSG00000175387,SMAD2,51,0.19725,42,-0.2492,53,0.24404,44,-0.0416
ENSG00000134030,CTIF,59,-0.2073,86,0.89055,34,-1.0550,33,-1.1109
ENSG00000101665,SMAD7,15,-0.4904,11,-1.2779,68,2.34841,15,-0.4424
ENSG00000141627,DYM,15,-0.9750,30,0.32117,38,0.58337,27,-0.0228
ENSG00000177576,C18orf32,190,-0.1007,202,0.02814,146,-0.5044,266,0.48368
ENSG00000265681,RPL17,1221,-0.1656,1075,-0.5660,2334,0.97168,1588,0.29243
ENSG00000167315,ACAA2,57,0.92034,33,-0.2847,11,-1.8638,37,-0.0053
ENSG00000141644,MBD1,24,-0.8383,50,0.88923,35,-0.1540,24,-0.7221
ENSG00000154832,CXXC1,12,-0.8359,24,0.59453,17,-0.2192,21,0.08703
ENSG00000141639,MAPK4,46,0.40712,33,-0.2947,22,-0.8150,50,0.51227
ENSG00000134042,MRO,53,0.68377,26,-0.8788,47,0.37473,43,0.22115
ENSG00000082212,ME2,34,0.16052,34,0.28198,26,-0.2622,18,-0.8503
ENSG00000141646,SMAD4,24,-0.1405,25,-0.0507,13,-1.0377,44,0.90928
ENSG00000176624,MEX3C,8,-1.4274,22,0.61868,6,-1.5615,35,1.12830
ENSG00000187323,DCC,10,-0.1439,16,1.26242,1,-2.9314,4,-1.6317
ENSG00000134046,MBD2,11,-0.9681,22,0.24673,32,0.79636,18,-0.1655
ENSG00000041353,RAB27B,37,0.22697,47,1.32281,0,-5.5764,0,-6.1827
ENSG00000196628,TCF4,215,0.48661,188,0.33422,97,-0.8716,69,-1.3939
ENSG00000091164,TXNL1,90,-0.2437,117,0.42965,96,-0.0973,72,-0.5551
ENSG00000091157,WDR7,57,-0.4308,93,0.86190,66,-0.1359,24,-1.7176
ENSG00000177511,ST8SIA3,67,-0.7260,150,1.55981,62,-0.7709,6,-4.0907
ENSG00000066926,FECH,20,-0.0362,24,0.54577,0,-5.3103,26,0.38950
ENSG00000134440,NARS,92,-0.0719,118,0.68906,67,-0.5745,41,-1.3089
ENSG00000049759,NEDD4L,69,-0.2779,110,1.16136,37,-1.2031,22,-1.9823
ENSG00000074657,ZNF532,27,-0.4635,30,-0.3933,66,1.10623,38,0.16262
ENSG00000166562,SEC11C,109,-0.5844,128,-0.4144,136,-0.1618,332,1.41760
ENSG00000074695,LMAN1,21,-0.5889,23,-0.5781,51,0.94843,47,0.81948
ENSG00000101542,CDH20,25,0.21497,21,-0.2086,4,-2.6344,43,1.10173
ENSG00000176641,RNF152,13,-0.1771,11,-0.6000,27,1.06409,17,0.24533
ENSG00000134444,RELCH,22,-0.3456,37,1.11169,2,-3.7855,21,-0.3901
ENSG00000081913,PHLPP1,52,0.07069,42,-0.4973,10,-2.4754,122,1.59182
ENSG00000171791,BCL2,19,0.36913,12,-0.6504,21,0.46723,18,0.24714
ENSG00000119537,KDSR,23,-1.0610,42,0.03965,40,-0.0410,78,1.09209
ENSG00000267390,AC036176.1,22,0.59606,14,-0.4347,1,-3.3645,30,1.03171
ENSG00000119541,VPS4B,39,-0.3591,48,-0.0052,44,-0.1333,69,0.61390
ENSG00000171451,DSEL,10,-0.9726,22,0.72856,1,-3.6721,31,0.98215
ENSG00000166479,TMX3,14,-0.8972,36,1.53885,0,-5.5571,19,-0.3432
ENSG00000206052,DOK6,57,-0.0762,84,1.27550,21,-1.6159,3,-4.2265
ENSG00000141668,CBLN2,6,-1.9375,26,0.88538,40,1.21963,3,-2.6992
ENSG00000166342,NETO1,15,-0.6081,27,0.97739,21,0.00749,5,-2.1200
ENSG00000263958,AC091138.1,23,0.16542,28,0.96414,0,-5.3658,10,-1.0795
ENSG00000075336,TIMM21,25,0.18492,27,0.52035,10,-1.2986,14,-0.6944
ENSG00000166347,CYB5A,30,-0.4313,31,-0.4762,39,0.07635,76,1.24300
ENSG00000187773,DIPK1C,25,0.61858,10,-1.3164,1,-4.0486,55,2.01733
ENSG00000133313,CNDP2,83,-0.4871,101,-0.1768,144,0.48709,148,0.53669
ENSG00000150656,CNDP1,9,-2.6738,25,-1.5511,10,-2.3339,266,3.81853
ENSG00000180011,ZADH2,16,-0.4425,32,1.54900,0,-5.3670,9,-1.3153
ENSG00000179981,TSHZ1,17,0.04710,12,-0.9164,20,0.28254,34,1.21826
ENSG00000197971,MBP,677,-2.1288,1611,-0.9758,523,-2.3430,10803,3.18307
ENSG00000263146,LINC01896,59,1.13219,27,-0.5915,13,-1.4682,36,0.06250
ENSG00000166377,ATP9B,17,0.30098,14,-0.0418,11,-0.4676,14,-0.0333
ENSG00000122490,SLC66A2,71,-0.2080,97,0.68208,34,-1.3128,67,-0.2743
ENSG00000226742,HSBP1L1,32,-0.1628,27,-0.6180,55,0.78576,50,0.60447
ENSG00000141759,TXNL4A,230,-0.0769,252,0.14929,289,0.31638,159,-0.6585
ENSG00000101546,RBFA,17,-0.1833,15,-0.4739,41,1.39714,12,-0.6953
ENSG00000101544,ADNP2,23,-0.0640,28,0.56211,20,-0.2470,10,-1.3064
ENSG00000105556,MIER2,14,-0.7714,20,-0.2237,42,1.16209,23,0.10358
ENSG00000183186,C2CD4C,17,-0.2678,29,1.33879,6,-1.7175,4,-2.4849
ENSG00000129946,SHC2,50,-0.1876,52,-0.1623,96,0.95234,38,-0.6186
ENSG00000141933,TPGS1,57,0.00038,61,0.22156,51,-0.1731,45,-0.3758
ENSG00000099804,CDC34,47,-0.6840,73,0.20711,88,0.41173,73,0.09847
ENSG00000172270,BSG,362,-0.4710,537,0.43347,446,-0.0769,420,-0.1753
ENSG00000099822,HCN2,87,0.30724,78,0.14430,54,-0.5244,55,-0.4842
ENSG00000099821,POLRMT,35,0.03457,43,0.76200,15,-1.2943,17,-1.1273
ENSG00000070423,RNF126,26,-0.7037,49,0.83508,22,-0.8505,35,-0.1238
ENSG00000099864,PALM,242,0.60764,166,-0.2266,106,-0.8463,185,0.04886
ENSG00000011304,PTBP1,17,-0.9597,19,-0.9929,77,1.81064,43,0.67216
ENSG00000129951,PLPPR3,70,-0.1122,100,1.01974,34,-1.2384,22,-1.8737
ENSG00000175221,MED16,42,-0.3867,69,0.95803,7,-2.9672,50,-0.0844
ENSG00000198858,R3HDM4,35,-0.8132,59,0.22394,94,0.93949,38,-0.5885
ENSG00000065268,WDR18,34,-0.1820,47,0.75224,17,-1.1646,25,-0.6113
ENSG00000182087,TMEM259,67,-0.2816,68,-0.3426,92,0.27570,122,0.77503
ENSG00000099817,POLR2E,125,-0.2779,157,0.24720,165,0.22256,114,-0.3825
ENSG00000167468,GPX4,718,0.07966,702,0.05101,620,-0.1742,652,-0.0906
ENSG00000118046,STK11,64,0.30771,65,0.56923,21,-1.5031,27,-1.0979
ENSG00000099625,CBARP,48,0.15842,57,0.85602,18,-1.3607,11,-2.1105
ENSG00000099624,ATP5F1D,384,-0.0116,418,0.23206,379,-0.0315,275,-0.5525
ENSG00000167470,MIDN,29,-0.3671,39,0.33297,19,-0.9480,47,0.50176
ENSG00000099622,CIRBP,245,-0.4057,315,0.08672,285,-0.1108,408,0.49003
ENSG00000228300,FAM174C,21,-1.1099,45,0.39423,24,-0.8074,71,1.00530
ENSG00000160953,PWWP3A,57,-0.1407,66,0.22363,59,-0.0772,54,-0.2102
ENSG00000115286,NDUFS7,149,-0.3750,173,-0.1508,114,-0.7504,355,1.17091
ENSG00000130005,GAMT,81,-0.3183,97,0.02474,81,-0.2784,138,0.61384
ENSG00000071626,DAZAP1,37,-0.1554,43,0.19328,40,-0.0193,36,-0.1700
ENSG00000115268,RPS15,1244,-0.2181,1141,-0.5342,1899,0.51876,2223,0.79748
ENSG00000115266,APC2,86,-0.0925,101,0.34015,50,-0.9400,97,0.11358
ENSG00000119559,C19orf25,41,-0.1018,47,0.30188,19,-1.2810,53,0.36459
ENSG00000115255,REEP6,15,-0.5190,15,-0.8186,34,0.86235,40,1.17024
ENSG00000071655,MBD3,78,0.78080,51,-0.1166,28,-1.0183,38,-0.5274
ENSG00000127540,UQCR11,1295,0.32502,1038,-0.1612,1063,-0.0548,989,-0.1730
ENSG00000079313,REXO1,48,0.65349,39,0.34790,3,-3.3538,23,-0.6726
ENSG00000129911,KLF16,40,-0.2875,62,0.97393,28,-0.8065,17,-1.5235
ENSG00000129968,ABHD17A,181,0.19670,154,-0.1709,168,0.04894,162,-0.0078
ENSG00000227500,SCAMP4,21,-0.5187,31,0.23237,1,-4.2741,61,1.32630
ENSG00000133275,CSNK1G2,44,0.25090,49,0.73431,1,-5.4685,27,-0.5622
ENSG00000133243,BTBD2,186,0.33064,171,0.26031,93,-0.8298,107,-0.6162
ENSG00000099875,MKNK2,23,0.33125,14,-0.7858,25,0.46348,27,0.54909
ENSG00000065000,AP3D1,88,-0.1537,110,0.44064,88,-0.1413,60,-0.7358
ENSG00000104886,PLEKHJ1,45,-0.6402,70,0.29586,64,0.01683,74,0.26418
ENSG00000104897,SF3A2,13,0.04654,16,0.68133,0,-4.6420,12,-0.0360
ENSG00000104904,OAZ1,697,-0.0356,827,0.48096,586,-0.3109,390,-0.9520
ENSG00000130332,LSM7,121,-0.0582,118,-0.1563,196,0.76535,89,-0.5450
ENSG00000005206,SPPL2B,21,-0.1909,19,-0.4475,21,-0.1544,44,1.12196
ENSG00000099800,TIMM13,153,0.04849,146,-0.0583,173,0.24733,130,-0.2270
ENSG00000176533,GNG7,95,0.06710,94,0.08216,33,-1.5927,133,0.63651
ENSG00000176490,DIRAS1,103,0.29182,110,0.71949,45,-1.0535,16,-2.5605
ENSG00000141873,SLC39A3,27,-0.6549,56,1.27788,8,-2.4275,29,-0.5059
ENSG00000104969,SGTA,63,-0.3052,88,0.53672,16,-2.3500,100,0.50272
ENSG00000172009,THOP1,51,0.15738,53,0.37302,35,-0.4813,27,-0.8832
ENSG00000104964,TLE5,551,0.06414,584,0.27488,490,-0.1387,338,-0.7314
ENSG00000088256,GNA11,65,0.06068,67,0.18233,47,-0.4563,59,-0.1201
ENSG00000125912,NCLN,32,-0.3354,35,-0.2676,66,0.93568,38,-0.0312
ENSG00000161082,CELF5,90,-0.6034,189,1.61262,56,-1.2601,10,-3.7911
ENSG00000141905,NFIC,72,-0.3270,70,-0.5233,128,0.67947,133,0.74870
ENSG00000129932,DOHH,22,-0.8230,37,0.20045,0,-6.0826,86,1.61694
ENSG00000105325,FZR1,35,-0.5816,53,0.28693,42,-0.2096,61,0.39704
ENSG00000161091,MFSD12,41,-0.4773,66,0.70537,27,-1.0497,52,-0.0343
ENSG00000186111,PIP5K1C,97,-0.3506,150,0.83443,98,-0.2811,44,-1.5382
ENSG00000183617,MRPL54,65,-0.3059,77,0.00904,90,0.27090,85,0.17679
ENSG00000007264,MATK,61,0.11351,70,0.66973,36,-0.7398,19,-1.6991
ENSG00000105278,ZFR2,13,-0.3885,24,1.37181,6,-1.5540,3,-2.2394
ENSG00000167654,ATCAY,114,-0.2441,171,0.94795,86,-0.6588,40,-1.8232
ENSG00000167657,DAPK3,18,-0.9486,43,1.02349,11,-1.6063,35,0.15992
ENSG00000167658,EEF2,583,0.30293,422,-0.4546,595,0.28978,553,0.16518
ENSG00000105229,PIAS4,12,-0.6071,14,-0.3696,14,-0.2854,38,1.43944
ENSG00000178951,ZBTB7A,124,0.14138,128,0.31997,112,-0.0549,51,-1.2936
ENSG00000126934,MAP2K2,143,-0.1632,175,0.35383,141,-0.1698,121,-0.4126
ENSG00000089847,ANKRD24,9,-1.3582,33,2.60304,0,-5.2006,3,-2.6402
ENSG00000105248,YJU2,12,-0.4102,19,0.70611,3,-2.3395,18,0.32787
ENSG00000105255,FSD1,64,0.31415,69,0.78138,10,-2.5261,22,-1.4221
ENSG00000008382,MPND,36,-0.0226,42,0.45339,23,-0.6980,27,-0.4602
ENSG00000141985,SH3GL1,36,-0.6423,60,0.46632,70,0.52838,30,-0.8577
ENSG00000167671,UBXN6,141,0.12819,145,0.26747,102,-0.4270,96,-0.5181
ENSG00000167674,HDGFL2,26,-0.6273,50,1.01074,17,-1.1693,28,-0.4536
ENSG00000167680,SEMA6B,107,0.04096,141,1.04049,37,-1.6056,22,-2.3681
ENSG00000185361,TNFAIP8L1,19,-0.8700,45,1.34379,21,-0.6092,10,-1.6773
ENSG00000074842,MYDGF,42,-0.3246,51,0.00928,33,-0.6638,83,0.85612
ENSG00000142002,DPP9,11,-0.9941,22,0.43341,21,0.15656,22,0.24443
ENSG00000176840,MIR7-3HG,11,-1.3630,40,1.90563,18,-0.5673,1,-4.1437
ENSG00000141965,FEM1A,16,-0.7123,25,0.14549,15,-0.7270,44,1.03393
ENSG00000127663,KDM4B,13,-0.4442,18,0.26924,20,0.35086,13,-0.3214
ENSG00000130254,SAFB2,51,0.36897,49,0.46304,3,-3.7765,37,-0.2208
ENSG00000160633,SAFB,49,-0.4416,67,0.19638,68,0.12880,67,0.11342
ENSG00000130255,RPL36,1515,-0.0869,1264,-0.5935,2772,0.96908,1827,0.23612
ENSG00000174917,MICOS13,228,-0.2849,283,0.18914,292,0.15614,245,-0.1349
ENSG00000167733,HSD11B1L,125,0.44544,110,0.30365,57,-0.8917,51,-1.0658
ENSG00000196365,LONP1,47,-0.2026,45,-0.4037,72,0.55307,72,0.53639
ENSG00000174886,NDUFA11,303,-0.3326,407,0.35647,269,-0.4815,395,0.14511
ENSG00000031823,RANBP3,23,-0.6510,40,0.55732,9,-1.9441,52,0.74997
ENSG00000130382,MLLT1,80,0.31675,71,0.12612,57,-0.2849,43,-0.7193
ENSG00000125656,CLPP,47,-0.2970,50,-0.2841,61,0.15736,89,0.79152
ENSG00000125652,ALKBH7,88,-0.3443,94,-0.3260,80,-0.4576,216,1.25365
ENSG00000125651,GTF2F1,34,-0.4604,55,0.75630,24,-0.9193,37,-0.2593
ENSG00000088247,KHSRP,32,-0.9489,68,0.70737,88,0.80854,14,-2.0911
ENSG00000125648,SLC25A23,201,0.05646,202,0.10483,215,0.15978,135,-0.5876
ENSG00000104833,TUBB4A,313,-0.8816,704,1.14816,190,-1.5455,453,-0.1934
ENSG00000125730,C3,85,-0.2930,62,-1.1372,184,1.06628,194,1.17061
ENSG00000125734,GPR108,23,0.09443,19,-0.3790,14,-0.6644,38,0.98264
ENSG00000171105,INSR,24,-0.5757,37,0.34575,14,-1.3673,55,0.85321
ENSG00000104880,ARHGEF18,16,-0.2009,17,-0.1815,42,1.50593,2,-2.9623
ENSG00000198816,ZNF358,119,0.26272,97,-0.1746,115,0.16974,88,-0.2672
ENSG00000090674,MCOLN1,23,-0.3608,37,0.94409,1,-4.1368,29,0.03750
ENSG00000032444,PNPLA6,52,-0.4095,81,0.70196,42,-0.6841,51,-0.3878
ENSG00000076826,CAMSAP3,29,-0.0574,41,1.17907,3,-3.2247,11,-1.4811
ENSG00000076924,XAB2,12,-1.2428,31,0.58602,18,-0.5995,39,0.71740
ENSG00000229833,PET100,266,0.06215,252,-0.0571,287,0.18001,231,-0.1733
ENSG00000181029,TRAPPC5,218,-0.2195,270,0.28885,276,0.19183,171,-0.5793
ENSG00000142459,EVI5L,40,-0.6046,67,0.59382,48,-0.2198,49,-0.2167
ENSG00000183248,PRR36,71,-0.4797,112,0.62567,123,0.48579,24,-2.0377
ENSG00000076984,MAP2K7,15,-0.7886,21,-0.3066,40,0.94399,33,0.57642
ENSG00000260001,TGFBR3L,87,-0.1157,127,1.16386,38,-1.3700,15,-2.7388
ENSG00000104976,SNAPC2,10,-0.9557,25,1.38464,7,-1.2345,10,-0.8584
ENSG00000178531,CTXN1,396,-0.4354,720,1.35441,190,-1.5176,143,-1.9411
ENSG00000104980,TIMM44,17,-1.0893,36,0.33145,42,0.43519,37,0.25312
ENSG00000066044,ELAVL1,35,-0.6271,62,0.75823,35,-0.5354,41,-0.2945
ENSG00000090661,CERS4,24,-0.2889,31,0.22068,16,-0.9537,41,0.60788
ENSG00000167775,CD320,23,-0.3224,25,-0.3053,29,0.09737,47,0.89313
ENSG00000267855,NDUFA7,205,0.31103,156,-0.3171,215,0.34699,152,-0.2322
ENSG00000233927,RPS28,1676,-0.1693,1441,-0.6261,2802,0.72546,2744,0.68825
ENSG00000269386,RAB11B-AS1,22,0.77942,7,-1.7088,25,0.82773,24,0.80334
ENSG00000185236,RAB11B,99,-0.3771,130,0.18236,116,-0.0864,142,0.25463
ENSG00000099785,MARCH2,51,-0.1641,45,-0.5512,113,1.23972,50,-0.1674
ENSG00000099783,HNRNPM,59,-0.9473,99,-0.0451,178,0.98839,113,0.18362
ENSG00000133250,ZNF414,29,0.56386,19,-0.3337,16,-0.5053,24,0.14054
ENSG00000130803,ZNF317,18,0.05419,19,0.32660,11,-0.7339,15,-0.2471
ENSG00000198258,UBL5,589,0.05896,563,-0.0430,583,0.03328,559,-0.0375
ENSG00000127445,PIN1,374,0.00769,461,0.70636,253,-0.6201,130,-1.6359
ENSG00000105088,OLFM2,156,1.04870,89,-0.1836,33,-1.6488,61,-0.7146
ENSG00000080573,COL5A3,40,1.02807,27,0.25486,4,-2.5891,5,-2.3057
ENSG00000130813,SHFL,36,-0.2508,45,0.26083,57,0.52428,22,-1.0238
ENSG00000130811,EIF3G,67,-0.4370,80,-0.1503,79,-0.1108,144,0.90999
ENSG00000130816,DNMT1,15,-0.8411,30,0.63725,29,0.26138,17,-0.5614
ENSG00000105364,MRPL4,56,-0.2100,79,0.78328,35,-0.9105,36,-0.8557
ENSG00000105376,ICAM5,48,-0.6518,106,1.73015,14,-2.4107,16,-2.1867
ENSG00000267673,FDX2,102,0.22806,112,0.69531,52,-0.8723,20,-2.2781
ENSG00000105401,CDC37,67,-0.6065,114,0.61992,92,-0.0246,69,-0.5050
ENSG00000065989,PDE4A,51,0.08031,52,0.18517,61,0.36073,20,-1.3702
ENSG00000079999,KEAP1,31,-0.5331,45,0.19763,5,-3.0216,89,1.30806
ENSG00000130734,ATG4D,19,0.04623,18,-0.0419,19,0.09088,18,-0.0786
ENSG00000129355,CDKN2D,190,0.03955,249,1.03018,53,-1.9357,55,-1.8733
ENSG00000129353,SLC44A2,92,0.05357,66,-0.7806,65,-0.4998,203,1.46820
ENSG00000267100,ILF3-DT,14,-1.2772,39,0.90817,7,-2.1053,46,0.75809
ENSG00000129351,ILF3,52,-0.6229,92,0.72223,24,-1.7405,94,0.39854
ENSG00000213339,QTRT1,22,-0.6026,44,1.25716,0,-5.2544,28,-0.1908
ENSG00000079805,DNM2,16,-1.3716,26,-0.8139,0,-6.1344,152,2.93026
ENSG00000099203,TMED1,11,-0.8624,15,-0.4312,7,-1.3813,52,2.02250
ENSG00000142453,CARM1,36,-0.6032,71,1.21041,26,-1.0604,23,-1.2222
ENSG00000130733,YIPF2,19,-0.4408,26,0.22285,13,-0.9790,38,0.77771
ENSG00000142444,TIMM29,10,-0.8182,16,0.20815,0,-4.9165,37,1.58702
ENSG00000127616,SMARCA4,58,-0.1383,71,0.37712,55,-0.2244,47,-0.4680
ENSG00000105514,RAB3D,20,-0.0717,25,0.51468,23,0.18048,5,-2.1291
ENSG00000105518,TMEM205,100,-0.3308,118,-0.0454,114,-0.0828,172,0.61519
ENSG00000105520,PLPPR2,113,-0.3753,196,1.27167,74,-0.9984,24,-2.6871
ENSG00000130175,PRKCSH,71,-0.5938,99,0.03534,70,-0.5494,176,1.01518
ENSG00000196361,ELAVL3,157,-0.2784,242,0.99013,61,-1.6884,112,-0.7795
ENSG00000161914,ZNF653,13,0.04632,15,0.53726,0,-4.6739,15,0.26286
ENSG00000130159,ECSIT,37,-0.3225,55,0.66702,24,-0.9931,39,-0.2235
ENSG00000130165,ELOF1,40,-0.1967,47,0.14334,36,-0.3416,53,0.28843
ENSG00000173875,ZNF791,15,-0.2777,25,1.20000,0,-5.1363,12,-0.6477
ENSG00000123154,WDR83,17,0.40434,15,0.25219,6,-1.3016,10,-0.4358
ENSG00000105583,WDR83OS,112,-0.5626,143,-0.1716,155,0.03901,265,0.96114
ENSG00000095059,DHPS,36,-0.2536,50,0.59981,3,-3.6957,56,0.50057
ENSG00000105576,TNPO2,100,0.02423,122,0.66958,40,-1.4062,65,-0.6831
ENSG00000123144,TRIR,189,-0.1328,196,-0.0941,234,0.23284,227,0.18150
ENSG00000198356,GET3,68,-0.4220,93,0.21521,87,0.01691,95,0.15538
ENSG00000171223,JUNB,23,-1.7677,28,-1.8007,308,3.37238,47,-0.5105
ENSG00000167815,PRDX2,418,-0.1404,495,0.28932,435,-0.0533,348,-0.4141
ENSG00000132026,RTBDN,9,-1.1968,25,1.08862,27,0.65952,1,-4.0131
ENSG00000105613,MAST1,52,-0.5481,94,1.00787,66,-0.1096,16,-2.2297
ENSG00000105612,DNASE2,23,-0.3106,29,0.19622,5,-2.4205,49,1.04969
ENSG00000105607,GCDH,24,0.24707,17,-0.6029,34,0.81161,20,-0.0801
ENSG00000179115,FARSA,56,-0.2373,79,0.71808,69,0.13824,11,-2.6823
ENSG00000179218,CALR,134,-0.6448,179,-0.1920,218,0.21334,330,0.94261
ENSG00000179262,RAD23A,107,-0.3787,147,0.33261,168,0.40593,83,-0.7278
ENSG00000179271,GADD45GIP1,179,0.05132,198,0.39620,83,-1.1709,161,-0.1313
ENSG00000008441,NFIX,75,-0.4490,114,0.58147,39,-1.3903,117,0.33454
ENSG00000104907,TRMT1,17,-0.3007,23,0.46908,0,-5.0735,33,0.82725
ENSG00000160877,NACC1,60,0.47680,50,0.16243,8,-2.6495,50,0.09941
ENSG00000104915,STX10,30,0.17839,28,0.11411,11,-1.3970,34,0.35943
ENSG00000160888,IER2,12,-1.1768,16,-1.0725,84,2.36164,25,0.01151
ENSG00000141837,CACNA1A,49,-0.6135,101,1.41772,33,-1.1516,18,-2.0633
ENSG00000104979,C19orf53,199,0.07614,203,0.17203,158,-0.3087,164,-0.2568
ENSG00000187556,NANOS3,48,0.29151,47,0.36166,30,-0.5303,19,-1.2171
ENSG00000132024,CC2D1A,23,-0.1882,29,0.28428,34,0.46364,12,-1.1628
ENSG00000141854,MISP3,24,-0.2173,28,0.15374,31,0.24573,23,-0.2733
ENSG00000141858,SAMD1,37,-0.4301,50,0.19282,25,-0.9678,75,0.80954
ENSG00000072062,PRKACA,65,-0.4421,101,0.65327,89,0.13334,37,-1.2620
ENSG00000072071,ADGRL1,123,-0.3679,205,1.11036,84,-0.9178,49,-1.7410
ENSG00000123143,PKN1,39,0.17168,25,-0.9075,33,-0.1331,76,1.32859
ENSG00000123159,GIPC1,61,0.01291,52,-0.4172,72,0.27204,85,0.55025
ENSG00000132002,DNAJB1,53,-0.8359,80,-0.1501,168,1.20016,82,-0.0463
ENSG00000099797,TECR,211,0.14858,160,-0.5357,114,-0.8582,390,1.21425
ENSG00000099795,NDUFB7,300,-0.0763,304,-0.0782,322,0.04818,361,0.24335
ENSG00000105143,SLC1A6,9,-1.4969,39,2.50189,6,-2.0333,1,-3.7220
ENSG00000105135,ILVBL,29,-0.4831,30,-0.6204,65,0.95052,60,0.77996
ENSG00000141867,BRD4,64,-0.2083,89,0.68914,67,-0.1075,24,-1.7107
ENSG00000105127,AKAP8,11,-0.7240,18,0.18676,11,-0.6182,29,0.93577
ENSG00000011243,AKAP8L,37,-0.5091,55,0.39921,25,-1.0275,69,0.58036
ENSG00000011451,WIZ,36,-0.0588,36,-0.1028,54,0.62008,28,-0.4387
ENSG00000167460,TPM4,49,-0.7556,50,-0.9613,227,2.12060,66,-0.1707
ENSG00000167461,RAB8A,18,-0.3309,23,0.26391,7,-1.7765,35,0.85097
ENSG00000105058,FAM32A,81,0.07973,89,0.41945,63,-0.3310,40,-1.0311
ENSG00000072958,AP1M1,47,-0.7450,87,0.65333,45,-0.7123,81,0.21933
ENSG00000127528,KLF2,27,-1.9026,21,-2.7524,467,4.04242,57,-0.5827
ENSG00000127527,EPS15L1,9,-0.9923,22,1.05760,5,-1.8754,19,0.23033
ENSG00000085872,CHERP,28,-0.4309,43,0.61377,31,-0.1866,24,-0.6124
ENSG00000127526,SLC35E1,25,0.01353,31,0.76816,0,-5.4966,23,-0.1362
ENSG00000214046,SMIM7,45,-0.5686,63,0.09296,59,-0.0499,87,0.61120
ENSG00000072954,TMEM38A,37,-0.2991,58,0.95497,29,-0.6617,15,-1.6230
ENSG00000127511,SIN3B,39,-1.0464,96,1.07601,69,-0.0262,33,-1.1686
ENSG00000099331,MYO9B,7,-2.1267,17,-0.8704,46,1.10802,67,1.85090
ENSG00000053501,USE1,49,-0.1005,56,0.25458,49,-0.0753,41,-0.3716
ENSG00000099330,OCEL1,17,-0.0632,23,0.96104,4,-2.1566,9,-1.0050
ENSG00000160113,NR2F6,35,-0.2599,45,0.28695,42,0.06755,33,-0.3234
ENSG00000105393,BABAM1,90,-0.4554,145,0.78455,95,-0.3033,62,-0.9695
ENSG00000127220,ABHD8,92,0.26507,100,0.73022,21,-2.0576,36,-1.2431
ENSG00000130312,MRPL34,72,-0.2915,94,0.34107,69,-0.3044,83,-0.0207
ENSG00000130311,DDA1,95,0.00929,111,0.49952,81,-0.2561,42,-1.2612
ENSG00000074855,ANO8,23,0.42352,19,0.12135,1,-3.9067,24,0.42147
ENSG00000130299,GTPBP3,12,-0.2944,17,0.51643,10,-0.5547,12,-0.2221
ENSG00000130304,SLC27A1,39,0.17410,35,-0.0516,13,-1.5284,54,0.70098
ENSG00000130313,PGLS,43,0.26947,33,-0.3317,28,-0.4739,53,0.59355
ENSG00000130309,COLGALT1,15,-0.2758,18,0.14798,23,0.49102,12,-0.5079
ENSG00000130477,UNC13A,104,-0.2674,170,1.28781,46,-1.4894,24,-2.4618
ENSG00000130479,MAP1S,48,-0.1045,63,0.69387,35,-0.5894,24,-1.1969
ENSG00000105640,RPL18A,709,-0.2055,580,-0.7877,1327,0.89398,1260,0.79998
ENSG00000007080,CCDC124,107,0.04561,114,0.27472,106,0.01969,58,-0.9231
ENSG00000105642,KCNN1,53,-0.2331,75,0.78470,53,-0.1793,16,-2.0071
ENSG00000105643,ARRDC2,6,-1.6644,18,0.03710,3,-2.5524,54,2.06821
ENSG00000099308,MAST3,170,-0.9186,429,1.63203,140,-1.1146,72,-2.1047
ENSG00000105647,PIK3R2,93,0.16426,103,0.57966,33,-1.4946,55,-0.7028
ENSG00000105649,RAB3A,349,-0.2595,526,0.93750,312,-0.4014,88,-2.3301
ENSG00000130522,JUND,331,-0.5016,517,0.55106,387,-0.1924,362,-0.3001
ENSG00000130520,LSM4,146,-0.3870,211,0.50481,203,0.20600,99,-0.9510
ENSG00000130511,SSBP4,136,-0.0904,171,0.56774,130,-0.1542,58,-1.4203
ENSG00000105655,ISYNA1,11,-1.5574,16,-1.2686,77,1.82515,61,1.36418
ENSG00000105701,FKBP8,294,-0.2856,401,0.49836,261,-0.4361,285,-0.2957
ENSG00000105700,KXD1,48,-0.3160,57,0.00711,30,-1.0018,101,0.98956
ENSG00000221983,UBA52,665,-0.1706,638,-0.3587,1014,0.56199,927,0.40632
ENSG00000006016,CRLF1,93,0.72588,43,-0.9980,79,0.32705,83,0.40449
ENSG00000006015,REX1BD,149,-0.0829,169,0.23160,129,-0.3127,147,-0.1025
ENSG00000105696,TMEM59L,423,-0.7399,938,1.48693,309,-1.1452,182,-1.9392
ENSG00000167487,KLHL26,15,-0.5626,30,1.27599,7,-1.5713,10,-1.1055
ENSG00000105662,CRTC1,60,-0.1864,83,0.69914,54,-0.3394,28,-1.3474
ENSG00000005007,UPF1,24,-1.0735,50,0.41395,37,-0.2752,65,0.68185
ENSG00000223802,CERS1,81,-0.0991,76,-0.3031,79,-0.1213,135,0.79760
ENSG00000105669,COPE,159,-0.0200,155,-0.1087,133,-0.3053,216,0.49721
ENSG00000105671,DDX49,35,0.36640,26,-0.2554,32,0.15011,25,-0.2572
ENSG00000051128,HOMER3,17,-0.7506,12,-1.6914,46,1.01318,78,2.06680
ENSG00000064607,SUGP2,63,-0.4804,115,1.23625,32,-1.4531,36,-1.2800
ENSG00000105676,ARMC6,20,-0.2380,28,0.62602,15,-0.6574,16,-0.5342
ENSG00000181035,SLC25A42,10,-0.3847,19,1.51881,0,-4.6467,5,-1.4514
ENSG00000254901,BORCS8,44,-0.1752,58,0.61265,44,-0.1525,20,-1.3349
ENSG00000064490,RFXANK,31,0.21969,24,-0.3548,7,-2.0633,55,1.21088
ENSG00000130287,NCAN,132,0.45204,96,-0.2393,89,-0.2732,103,-0.0333
ENSG00000187664,HAPLN4,23,-0.7793,46,0.93438,50,0.59218,1,-5.2689
ENSG00000105705,SUGP1,19,-0.1888,24,0.29034,10,-1.1136,28,0.43276
ENSG00000129933,MAU2,23,0.34543,14,-0.7216,3,-2.8445,47,1.62246
ENSG00000186010,NDUFA13,602,-0.0525,651,0.14618,460,-0.4806,687,0.17136
ENSG00000250067,YJEFN3,113,-0.5010,220,1.50932,58,-1.4546,23,-2.8228
ENSG00000105726,ATP13A1,25,-0.0801,30,0.39930,21,-0.3512,19,-0.5162
ENSG00000081665,ZNF506,14,-0.1545,19,0.74172,1,-3.8317,16,0.11314
ENSG00000167232,ZNF91,50,0.18973,37,-0.5477,102,1.43852,14,-1.8078
ENSG00000261824,LINC00662,15,-0.6518,27,0.57763,20,-0.1741,20,-0.1535
ENSG00000169021,UQCRFS1,178,-0.1355,244,0.81197,91,-1.1724,108,-0.9134
ENSG00000187135,VSTM2B,24,-0.7807,55,1.38478,21,-0.8990,13,-1.6597
ENSG00000105171,POP4,20,-0.1951,32,1.16288,0,-5.4749,14,-0.7155
ENSG00000131943,C19orf12,47,-0.0355,68,1.24522,4,-3.6120,15,-1.7877
ENSG00000105176,URI1,37,-0.0706,43,0.31658,28,-0.5301,36,-0.1452
ENSG00000198597,ZNF536,18,-0.4985,14,-1.1130,2,-3.5696,90,2.69799
ENSG00000121297,TSHZ3,8,-1.4851,33,2.77337,0,-5.1918,2,-3.0203
ENSG00000168813,ZNF507,9,-0.8834,18,0.52477,15,-0.0350,17,0.12329
ENSG00000178904,DPY19L3,28,0.70672,19,-0.0629,0,-4.9910,24,0.35062
ENSG00000105185,PDCD5,120,-0.1217,155,0.62716,67,-1.0107,94,-0.4908
ENSG00000105186,ANKRD27,13,-0.2624,17,0.47854,18,0.31427,5,-1.4549
ENSG00000130881,LRP3,36,0.58271,28,0.13696,17,-0.7481,14,-1.0411
ENSG00000130876,SLC7A10,30,1.65812,9,-1.1225,10,-0.6369,10,-0.5580
ENSG00000245848,CEBPA,14,0.06783,15,0.29182,0,-4.7505,21,0.67195
ENSG00000153879,CEBPG,17,-0.6003,27,0.45065,34,0.61647,11,-1.0963
ENSG00000124299,PEPD,31,-0.7951,53,0.21842,51,0.08157,67,0.51739
ENSG00000153885,KCTD15,21,0.34872,11,-1.0355,21,0.28278,32,1.03197
ENSG00000257103,LSM14A,37,-0.4549,49,0.05596,51,0.08600,63,0.44730
ENSG00000105220,GPI,286,-0.5020,529,1.24973,154,-1.3987,162,-1.3203
ENSG00000126261,UBA2,46,-0.5861,78,0.67389,72,0.21004,31,-1.1170
ENSG00000089335,ZNF302,24,-0.3042,30,0.09294,0,-5.2988,62,1.35559
ENSG00000089351,GRAMD1A,25,-0.2715,29,0.00614,30,0.04715,36,0.34877
ENSG00000105711,SCN1B,72,0.31662,63,0.08093,53,-0.2491,42,-0.6148
ENSG00000153902,LGI4,69,0.14635,57,-0.3383,57,-0.1964,92,0.60013
ENSG00000266964,FXYD1,344,0.30798,219,-0.7538,373,0.39829,417,0.59196
ENSG00000221946,FXYD7,177,-0.7400,397,1.53103,120,-1.2580,73,-2.0060
ENSG00000105698,USF2,100,-0.1031,111,0.15557,63,-0.8323,137,0.43601
ENSG00000105695,MAG,2,-5.2173,31,-1.9822,7,-3.5640,483,4.61001
ENSG00000105677,TMEM147,69,-0.2403,70,-0.2929,54,-0.5819,152,1.17105
ENSG00000126254,RBM42,40,-0.3147,50,0.16449,50,0.08764,49,0.04400
ENSG00000126267,COX6B1,496,-0.1254,557,0.14292,573,0.12875,450,-0.2672
ENSG00000272333,KMT2B,14,-0.2421,21,1.00857,0,-4.9192,13,-0.2468
ENSG00000161265,U2AF1L4,20,-0.0013,20,0.10171,14,-0.5824,23,0.25289
ENSG00000205155,PSENEN,45,-0.3119,45,-0.4571,70,0.46766,86,0.82466
ENSG00000267796,LIN37,16,-0.3478,19,-0.0258,27,0.50940,20,0.03831
ENSG00000004777,ARHGAP33,39,-0.2359,52,0.51489,54,0.31925,14,-1.7839
ENSG00000105290,APLP1,221,-1.5581,697,0.82772,187,-1.6686,940,0.94488
ENSG00000011600,TYROBP,34,-0.3343,19,-1.6794,130,2.16165,54,0.44748
ENSG00000126243,LRFN3,22,-0.0714,25,0.22969,1,-4.5564,40,0.92544
ENSG00000205138,SDHAF1,23,-0.0069,27,0.40642,7,-1.8792,27,0.23054
ENSG00000239382,ALKBH6,27,-0.2841,38,0.63996,31,-0.0153,13,-1.3769
ENSG00000105270,CLIP3,231,-0.4330,369,0.77460,262,-0.1757,137,-1.1977
ENSG00000105258,POLR2I,221,0.01180,223,0.05196,176,-0.3611,245,0.18090
ENSG00000105254,TBCB,188,-0.3391,244,0.24060,167,-0.4842,284,0.38463
ENSG00000126247,CAPNS1,192,-0.6169,299,0.31984,350,0.43974,224,-0.3004
ENSG00000161281,COX7A1,207,-0.2920,270,0.33722,293,0.31724,148,-0.7812
ENSG00000167635,ZNF146,15,-0.7144,24,0.27702,16,-0.5510,35,0.75680
ENSG00000232677,LINC00665,14,-0.4548,20,0.32979,0,-5.1545,36,1.17183
ENSG00000186020,ZNF529,14,-1.2232,36,0.84679,17,-0.7669,35,0.36013
ENSG00000181666,ZNF875,12,-0.2598,15,0.27418,17,0.30538,9,-0.6242
ENSG00000171817,ZNF540,11,-0.5459,22,1.57114,2,-2.6850,5,-1.6274
ENSG00000105738,SIPA1L3,14,-0.0422,19,0.85474,0,-4.8766,13,-0.2585
ENSG00000011332,DPF1,28,-0.8416,73,2.16584,6,-2.8860,2,-4.4590
ENSG00000167642,SPINT2,111,-0.6970,184,0.38254,209,0.42306,133,-0.3181
ENSG00000167641,PPP1R14A,11,-4.1446,55,-2.2545,89,-0.9150,937,4.30006
ENSG00000167645,YIF1B,34,-0.3168,46,0.43492,19,-1.1444,49,0.34278
ENSG00000099341,PSMD8,115,-0.5218,180,0.52444,162,0.10486,108,-0.5567
ENSG00000130244,FAM98C,34,-0.1120,32,-0.3044,56,0.73977,36,-0.0100
ENSG00000196218,RYR1,22,0.32993,14,-0.8075,0,-5.2159,52,1.83300
ENSG00000178982,EIF3K,181,-0.3486,231,0.16672,252,0.24311,208,-0.0801
ENSG00000130402,ACTN4,55,-1.5490,133,-0.0476,283,1.30317,158,0.25149
ENSG00000104823,ECH1,65,-0.5144,82,-0.1284,116,0.49506,114,0.47269
ENSG00000104824,HNRNPL,56,-0.5046,85,0.43229,39,-1.0291,101,0.51959
ENSG00000068903,SIRT2,82,-1.1664,132,-0.4931,86,-0.9653,492,2.14473
ENSG00000128626,MRPS12,38,0.14205,40,0.31569,21,-0.8247,29,-0.3313
ENSG00000161243,FBXO27,17,0.43195,15,0.30511,11,-0.2743,3,-2.1353
ENSG00000128011,LRFN1,16,0.00266,21,0.91187,3,-2.3790,9,-0.9251
ENSG00000179134,SAMD4B,55,0.16122,54,0.19092,20,-1.4467,59,0.25483
ENSG00000006712,PAF1,22,-0.3585,25,-0.1771,16,-0.8387,54,1.22509
ENSG00000063322,MED29,69,-0.1088,76,0.09890,44,-0.8111,101,0.53463
ENSG00000105193,RPS16,550,-0.3674,448,-0.9930,1323,1.19849,1143,0.92491
ENSG00000196235,SUPT5H,48,-0.5447,80,0.65975,61,-0.1210,44,-0.6112
ENSG00000105197,TIMM50,31,-0.6280,53,0.54410,35,-0.3645,46,0.05870
ENSG00000090932,DLL3,43,0.45767,29,-0.4437,49,0.60891,22,-0.6513
ENSG00000176401,EID2B,12,-0.7449,30,2.09136,1,-3.5760,1,-3.5175
ENSG00000176396,EID2,44,-0.3539,71,0.98153,37,-0.5899,18,-1.6814
ENSG00000105204,DYRK1B,23,-0.5688,38,0.60211,42,0.47088,12,-1.4901
ENSG00000105202,FBL,26,-0.9862,51,0.34521,32,-0.5899,77,0.89372
ENSG00000013275,PSMC4,39,-0.4203,53,0.18535,51,0.05318,55,0.18158
ENSG00000130758,MAP3K10,65,0.67238,54,0.43774,6,-3.0126,22,-1.1521
ENSG00000174521,TTC9B,397,0.04610,499,0.84777,230,-0.8340,83,-2.3670
ENSG00000105221,AKT2,28,0.29189,23,-0.1225,9,-1.5771,36,0.67491
ENSG00000105223,PLD3,340,-0.5362,615,1.05410,293,-0.7074,210,-1.2218
ENSG00000090013,BLVRB,66,0.15875,45,-0.7433,71,0.25315,102,0.89021
ENSG00000160460,SPTBN4,59,-0.2132,90,1.09513,35,-0.9969,15,-2.2721
ENSG00000090006,LTBP4,11,-1.7918,20,-1.1587,139,3.02317,17,-1.0270
ENSG00000105245,NUMBL,35,-1.1807,88,0.85347,104,0.72465,20,-1.8907
ENSG00000123815,COQ8B,18,0.00475,18,0.00393,15,-0.2042,19,0.16896
ENSG00000077312,SNRPA,16,-0.9358,31,0.34001,15,-0.9624,50,1.02020
ENSG00000167578,RAB4B,34,-0.6773,57,0.38506,13,-2.0263,91,1.04206
ENSG00000269858,EGLN2,63,-0.0046,83,0.90422,11,-2.7024,39,-0.7684
ENSG00000167601,AXL,61,0.85481,23,-1.3000,77,1.12325,32,-0.3991
ENSG00000105323,HNRNPUL1,60,0.27357,47,-0.3009,22,-1.3195,88,0.90124
ENSG00000142046,TMEM91,14,-1.1573,31,0.50387,44,0.83241,17,-0.7015
ENSG00000077348,EXOSC5,18,-0.3709,25,0.36348,15,-0.5543,25,0.23290
ENSG00000248098,BCKDHA,32,-0.3279,39,0.05440,24,-0.7292,62,0.81997
ENSG00000105341,DMAC2,24,-0.4426,41,0.98794,16,-1.0438,18,-0.8499
ENSG00000105372,RPS19,910,-0.1976,753,-0.7505,1660,0.85491,1590,0.77714
ENSG00000105404,RABAC1,173,-0.7674,279,0.16362,320,0.32147,330,0.37656
ENSG00000105409,ATP1A3,358,-0.0985,464,0.68001,310,-0.3164,132,-1.6352
ENSG00000105737,GRIK5,58,-0.6893,116,1.06521,82,-0.0633,21,-2.1215
ENSG00000160570,DEDD2,19,-0.2577,27,0.83086,7,-1.6672,17,-0.3816
ENSG00000105723,GSK3A,96,-0.2104,139,0.87250,61,-0.8976,50,-1.2042
ENSG00000105722,ERF,11,-0.4904,19,0.97449,5,-1.5587,11,-0.3746
ENSG00000079432,CIC,43,-0.2228,43,-0.3569,71,0.64579,61,0.37917
ENSG00000079462,PAFAH1B3,44,0.11770,39,-0.1479,43,0.06074,43,0.06899
ENSG00000167619,TMEM145,33,0.69969,24,0.07364,11,-1.0753,13,-0.8695
ENSG00000105429,MEGF8,31,-0.7693,63,0.91908,37,-0.4390,33,-0.5840
ENSG00000213904,LIPE-AS1,29,0.63087,21,-0.0831,0,-5.0796,29,0.51723
ENSG00000105755,ETHE1,20,0.16229,18,-0.0432,17,-0.1357,18,-0.0568
ENSG00000167378,IRGQ,38,-0.5143,65,0.84925,35,-0.5824,32,-0.7037
ENSG00000131116,ZNF428,98,-0.2622,131,0.47669,61,-0.9705,119,0.09903
ENSG00000105767,CADM4,69,-0.4195,95,0.27842,33,-1.5086,143,0.84844
ENSG00000105771,SMG9,13,-0.8386,24,0.52503,14,-0.5474,27,0.45608
ENSG00000167380,ZNF226,16,-0.3076,22,0.47200,0,-4.4842,31,0.81103
ENSG00000073008,PVR,9,-1.0607,20,0.35631,38,1.33902,5,-1.9638
ENSG00000130202,NECTIN2,29,0.38009,17,-0.9069,32,0.47298,36,0.65997
ENSG00000130204,TOMM40,33,-0.8441,70,0.94272,23,-1.3186,55,0.08309
ENSG00000130203,APOE,2115,0.56361,1288,-0.5734,1045,-0.6854,2390,0.68183
ENSG00000130208,APOC1,248,0.76930,155,-0.2647,160,-0.1120,91,-0.9991
ENSG00000234906,APOC2,42,0.74873,24,-0.4928,33,0.18108,20,-0.5990
ENSG00000104853,CLPTM1,137,0.17643,121,-0.0920,140,0.18519,103,-0.3213
ENSG00000142252,GEMIN7,10,-0.6579,19,0.76892,3,-2.2026,20,0.47129
ENSG00000007047,MARK4,42,-0.3689,62,0.63132,51,-0.0147,26,-1.0806
ENSG00000104866,PPP1R37,23,-0.3673,37,0.89793,11,-1.4918,22,-0.4353
ENSG00000007255,TRAPPC6A,15,-0.6358,21,0.02930,3,-2.9353,51,1.58467
ENSG00000104884,ERCC2,18,0.15730,17,0.09319,12,-0.4672,15,-0.0780
ENSG00000012061,ERCC1,42,-0.1473,48,0.20457,37,-0.2994,47,0.05541
ENSG00000125744,RTN2,52,0.26962,53,0.49797,38,-0.2738,8,-2.6513
ENSG00000125746,EML2,25,-0.6502,33,-0.2276,22,-0.7514,83,1.48722
ENSG00000125743,SNRPD2,212,-0.0850,220,-0.0115,214,-0.0571,252,0.21420
ENSG00000185800,DMWD,70,0.12170,77,0.51121,40,-0.7865,36,-0.9312
ENSG00000125755,SYMPK,44,0.26244,40,0.12708,3,-3.8060,56,0.64162
ENSG00000176182,MYPOP,33,0.00186,39,0.54038,36,0.12706,5,-2.6508
ENSG00000104967,NOVA2,47,-0.1489,67,0.93542,32,-0.7489,13,-2.0274
ENSG00000124440,HIF3A,27,0.83999,10,-1.3416,3,-2.3292,45,1.69141
ENSG00000011485,PPP5C,53,-0.6532,105,1.12064,35,-1.2401,51,-0.6562
ENSG00000277531,PNMA8C,31,-0.5775,65,1.64298,12,-1.9079,8,-2.5836
ENSG00000182013,PNMA8A,115,-0.7686,269,1.68012,48,-1.9974,56,-1.7905
ENSG00000204851,PNMA8B,91,-1.3075,311,2.03335,81,-1.3562,38,-2.4906
ENSG00000160014,CALM3,1224,-0.0669,1695,1.01202,585,-1.2229,328,-2.0927
ENSG00000197380,DACT3,97,0.16314,80,-0.2919,118,0.48411,80,-0.1783
ENSG00000090372,STRN4,60,-0.5027,92,0.49175,105,0.49073,36,-1.2149
ENSG00000181027,FKRP,16,0.22398,16,0.32148,1,-3.3877,18,0.31425
ENSG00000042753,AP2S1,181,-0.4580,309,0.99605,149,-0.7081,108,-1.2076
ENSG00000160007,ARHGAP35,96,-0.3940,162,1.07867,62,-1.0211,50,-1.3453
ENSG00000130748,TMEM160,388,0.41574,334,0.17512,214,-0.6233,194,-0.7755
ENSG00000130749,ZC3H4,19,0.53295,16,0.32419,2,-2.4973,11,-0.4612
ENSG00000142230,SAE1,40,-0.7688,82,1.03451,39,-0.6985,41,-0.6487
ENSG00000257704,INAFM1,45,-0.2049,57,0.39641,63,0.38204,20,-1.4265
ENSG00000105419,MEIS3,71,-0.5287,126,1.01505,89,-0.0885,18,-2.4844
ENSG00000118160,SLC8A2,67,-0.8846,178,2.06183,25,-2.2968,10,-3.5497
ENSG00000105402,NAPA,186,-0.4534,298,0.74536,206,-0.2330,132,-0.9356
ENSG00000105373,NOP53,79,-0.5884,77,-0.8807,250,1.47239,161,0.64604
ENSG00000178980,SELENOW,1592,0.13744,1571,0.17065,1052,-0.5536,1347,-0.1583
ENSG00000105499,PLA2G4C,16,-0.5305,20,-0.2474,16,-0.4637,47,1.30898
ENSG00000142227,EMP3,15,-1.8133,6,-3.7199,200,3.26710,91,1.32696
ENSG00000105438,KDELR1,36,-0.4639,44,-0.0912,60,0.45970,58,0.38223
ENSG00000105447,GRWD1,11,-0.8882,17,-0.2422,37,1.25906,20,0.12115
ENSG00000105443,CYTH2,22,-0.5342,38,0.84150,5,-2.5307,35,0.26998
ENSG00000142235,LMTK3,61,-0.2941,103,1.32926,10,-2.9938,30,-1.3429
ENSG00000063177,RPL18,694,-0.2173,644,-0.5013,1042,0.49191,1220,0.76995
ENSG00000063176,SPHK2,34,0.50837,22,-0.4213,21,-0.3239,31,0.28701
ENSG00000105516,DBP,51,0.39431,45,0.21152,25,-0.8030,28,-0.6567
ENSG00000063180,CA11,321,0.23443,320,0.35906,158,-0.9324,197,-0.5883
ENSG00000087076,HSD17B14,16,-0.5393,15,-0.9099,24,0.15725,58,1.77703
ENSG00000087074,PPP1R15A,10,-1.4257,27,0.54647,44,1.12940,10,-1.2161
ENSG00000104805,NUCB1,52,-0.9672,98,0.28566,115,0.42496,103,0.23664
ENSG00000087088,BAX,10,-1.0193,15,-0.6396,52,1.84694,19,0.04403
ENSG00000087086,FTL,2186,0.00085,1632,-0.7472,2802,0.41773,3782,0.95012
ENSG00000183207,RUVBL2,45,-0.3518,69,0.80524,26,-1.1287,41,-0.4354
ENSG00000104852,SNRNP70,44,-0.8614,92,0.86203,10,-2.9764,104,0.63974
ENSG00000104863,LIN7B,59,0.25614,62,0.56905,16,-1.8095,32,-0.7408
ENSG00000177380,PPFIA3,93,-0.4752,172,1.32489,51,-1.3302,36,-1.8495
ENSG00000104888,SLC17A7,730,-0.7947,1747,1.75228,433,-1.5090,180,-2.8134
ENSG00000104872,PIH1D1,53,0.17472,49,0.05242,32,-0.6299,51,0.10294
ENSG00000142541,RPL13A,958,-0.2120,761,-0.8630,1807,0.90125,1811,0.90599
ENSG00000142534,RPS11,634,-0.2245,556,-0.6500,1156,0.82814,1065,0.68234
ENSG00000104870,FCGRT,20,-1.3069,12,-2.5831,76,1.03230,172,2.87743
ENSG00000142546,NOSIP,47,-0.3333,53,-0.1916,105,1.06429,42,-0.4624
ENSG00000126464,PRR12,21,-0.0095,22,0.14545,33,0.73024,6,-2.0005
ENSG00000126461,SCAF1,62,-0.3438,85,0.40786,108,0.62662,24,-1.7377
ENSG00000126456,IRF3,15,-0.2776,17,-0.0968,9,-0.9729,33,1.09054
ENSG00000126457,PRMT1,52,-0.5581,76,0.19598,73,0.04049,87,0.34282
ENSG00000169169,CPT1C,44,-0.4125,71,0.83010,51,-0.1514,20,-1.5749
ENSG00000196961,AP2A1,71,-0.4759,105,0.40909,111,0.30002,64,-0.5899
ENSG00000104973,MED25,17,-0.9100,37,0.79867,8,-1.9696,42,0.61168
ENSG00000104960,PTOV1,135,-0.7317,224,0.32183,175,-0.2293,273,0.50611
ENSG00000204673,AKT1S1,44,0.25004,36,-0.2047,23,-0.8065,54,0.58058
ENSG00000104946,TBC1D17,37,-0.1289,36,-0.2597,35,-0.2005,64,0.81365
ENSG00000213024,NUP62,13,-0.7862,29,1.13007,8,-1.5406,17,-0.2868
ENSG00000105053,VRK3,15,-0.9749,26,0.05508,37,0.60032,35,0.49343
ENSG00000267890,AC010624.2,13,0.10771,15,0.67846,8,-0.6025,3,-2.0079
ENSG00000131398,KCNC3,6,-1.5687,26,1.82187,2,-2.9396,13,-0.3435
ENSG00000131408,NR1H2,43,-0.4710,46,-0.4630,81,0.65738,89,0.82365
ENSG00000142530,FAM71E1,22,0.54700,17,-0.0030,15,-0.1685,8,-1.1561
ENSG00000161671,EMC10,79,-0.4479,92,-0.2267,68,-0.6126,207,1.27880
ENSG00000161677,JOSD2,35,-0.7756,51,-0.1148,39,-0.5128,114,1.34238
ENSG00000204653,ASPDH,61,0.60590,48,0.18149,10,-2.3162,38,-0.2974
ENSG00000131409,LRRC4B,91,-0.4963,158,0.93949,83,-0.5795,61,-1.0551
ENSG00000105472,CLEC11A,24,0.05617,24,0.11897,13,-0.9005,28,0.31541
ENSG00000169035,KLK7,8,-2.3214,63,3.06995,7,-2.3356,4,-3.1018
ENSG00000142549,IGLON5,18,0.10255,16,-0.2350,35,1.19016,4,-2.1470
ENSG00000105379,ETFB,161,0.11609,114,-0.7271,49,-1.7617,386,1.70386
ENSG00000160318,CLDND2,25,0.10420,20,-0.5055,20,-0.2492,41,0.94452
ENSG00000105568,PPP2R1A,373,-0.6295,706,1.02809,374,-0.5473,263,-1.0943
ENSG00000130844,ZNF331,9,-1.2070,22,0.49057,24,0.40142,20,0.07626
ENSG00000179820,MYADM,11,-0.8329,24,1.02852,9,-1.0914,15,-0.2313
ENSG00000126583,PRKCG,187,-0.4042,340,1.43872,80,-1.6671,47,-2.4643
ENSG00000105605,CACNG7,18,0.55616,18,0.96930,0,-4.7333,0,-5.2180
ENSG00000142408,CACNG8,36,-1.1411,111,1.97554,25,-1.6019,14,-2.3925
ENSG00000170906,NDUFA3,667,0.05929,675,0.12492,632,-0.0405,511,-0.3847
ENSG00000105619,TFPT,79,-0.2272,103,0.43700,90,0.00801,55,-0.7640
ENSG00000105618,PRPF31,34,-0.4741,49,0.32360,17,-1.4720,71,0.82226
ENSG00000088038,CNOT3,14,-1.1901,30,0.24209,60,1.39517,12,-1.2259
ENSG00000125505,MBOAT7,115,-0.5517,198,0.81084,152,-0.0315,68,-1.2903
ENSG00000170892,TSEN34,21,-0.4521,21,-0.6390,45,0.83024,47,0.90019
ENSG00000170889,RPS9,510,-0.3870,452,-0.8305,1002,0.80215,1193,1.12473
ENSG00000167614,TTYH1,718,0.69908,446,-0.3700,273,-0.9937,595,0.25571
ENSG00000167615,LENG8,27,-0.3491,37,0.45099,27,-0.3037,29,-0.1892
ENSG00000125503,PPP1R12C,85,0.01370,93,0.29287,71,-0.2799,63,-0.4893
ENSG00000105048,TNNT1,44,0.79837,30,0.02417,25,-0.2986,6,-2.4911
ENSG00000129990,SYT5,87,-0.5821,178,1.50533,42,-1.6199,32,-2.0225
ENSG00000105063,PPP6R1,78,0.22283,75,0.23241,52,-0.4817,48,-0.5851
ENSG00000133265,HSPBP1,81,0.16692,80,0.22082,42,-0.9034,70,-0.0871
ENSG00000160469,BRSK1,130,-0.0552,159,0.55123,105,-0.3875,68,-1.0563
ENSG00000108107,RPL28,1361,-0.1404,1155,-0.6195,2054,0.57230,2326,0.79233
ENSG00000108106,UBE2S,48,-0.7275,93,0.93025,56,-0.3769,44,-0.7663
ENSG00000187902,SHISA7,21,-0.3414,37,1.43707,2,-3.5512,10,-1.4593
ENSG00000063241,ISOC2,41,-0.4630,54,0.06378,69,0.45554,55,0.07010
ENSG00000090971,NAT14,95,0.03742,117,0.76972,36,-1.4937,49,-1.0033
ENSG00000218891,ZNF579,20,-0.0188,23,0.38255,15,-0.5238,16,-0.4252
ENSG00000213015,ZNF580,65,-0.0415,69,0.11759,67,0.01097,58,-0.2212
ENSG00000173581,CCDC106,71,0.03844,86,0.69706,33,-1.1859,37,-0.9831
ENSG00000063244,U2AF2,12,-1.7185,37,0.45382,51,0.78511,34,0.09632
ENSG00000063245,EPN1,169,-0.2083,230,0.64061,173,-0.1367,78,-1.3844
ENSG00000142409,ZNF787,17,-0.3175,17,-0.5016,28,0.55635,33,0.82025
ENSG00000167685,ZNF444,27,0.13499,30,0.62572,4,-2.7446,21,-0.2931
ENSG00000198046,ZNF667,8,-1.3668,31,2.81246,0,-5.1030,0,-4.5591
ENSG00000166770,ZNF667-AS1,52,0.10406,59,0.53494,31,-0.7532,26,-1.0049
ENSG00000268182,SMIM17,15,-0.4445,27,1.17973,11,-0.8307,5,-1.9715
ENSG00000198300,PEG3,106,-0.8948,269,1.77019,38,-2.3269,65,-1.5340
ENSG00000268205,AC005261.1,35,-0.5338,49,0.17111,68,0.64790,37,-0.3572
ENSG00000121413,ZSCAN18,67,-0.7240,132,0.93758,65,-0.6969,75,-0.4595
ENSG00000198131,ZNF544,15,-0.5460,27,0.86069,16,-0.4053,12,-0.8828
ENSG00000142396,ERVK3-1,34,-0.2303,50,0.90766,16,-1.3604,23,-0.8436
ENSG00000283103,AC010642.2,90,0.28407,80,0.07296,71,-0.1618,53,-0.6130
ENSG00000121410,A1BG,21,-0.9905,39,0.06936,46,0.34341,58,0.72371
ENSG00000083845,RPS5,500,-0.1976,450,-0.5536,716,0.42708,926,0.88241
ENSG00000083807,SLC27A5,56,0.44762,44,-0.0741,46,0.02940,26,-0.8576
ENSG00000119574,ZBTB45,11,-0.5371,19,0.75492,7,-1.0934,15,-0.0327
ENSG00000130726,TRIM28,59,-0.3161,72,0.09124,67,-0.0789,86,0.34808
ENSG00000130724,CHMP2A,95,-0.3782,115,-0.0434,107,-0.1428,176,0.70455
ENSG00000130725,UBE2M,167,-0.1839,213,0.45735,168,-0.1499,118,-0.7069
ENSG00000099326,MZF1,17,-0.3061,24,0.43427,8,-1.4608,27,0.45357
ENSG00000247315,ZCCHC3,18,-0.4227,28,0.64585,18,-0.3430,16,-0.5385
ENSG00000177732,SOX12,16,-0.3396,22,0.49324,13,-0.5885,18,-0.0656
ENSG00000125841,NRSN2,124,-0.0491,162,0.80653,42,-1.7385,80,-0.7349
ENSG00000125826,RBCK1,17,-1.0116,25,-0.4922,58,1.15147,48,0.82272
ENSG00000125875,TBC1D20,21,-0.2846,29,0.47338,1,-4.7497,39,0.79434
ENSG00000101266,CSNK2A1,42,-0.4861,71,0.87257,23,-1.3701,47,-0.2290
ENSG00000271303,SRXN1,18,0.21295,17,0.16329,24,0.62384,1,-3.4815
ENSG00000125818,PSMF1,54,-0.7713,95,0.39093,84,0.01688,96,0.22402
ENSG00000101298,SNPH,89,0.23931,99,0.75371,33,-1.3555,23,-1.8930
ENSG00000125775,SDCBP2,24,0.39341,23,0.49041,6,-1.7823,11,-0.8927
ENSG00000088832,FKBP1A,192,-0.8519,463,1.59899,154,-1.0941,72,-2.2289
ENSG00000088833,NSFL1C,61,-0.1939,77,0.38948,58,-0.2487,54,-0.3634
ENSG00000198053,SIRPA,155,-0.6042,291,1.04257,92,-1.3446,162,-0.4662
ENSG00000125835,SNRPB,24,-0.8508,36,-0.1503,66,0.94073,47,0.35888
ENSG00000101361,NOP56,28,-0.6574,52,0.80403,32,-0.4070,30,-0.4879
ENSG00000101365,IDH3B,45,-0.7598,80,0.45762,70,0.02283,72,0.06670
ENSG00000132635,PCED1A,21,0.00088,17,-0.5149,11,-1.0459,47,1.39773
ENSG00000215305,VPS16,15,-0.5738,22,0.25257,18,-0.2533,28,0.48220
ENSG00000132670,PTPRA,169,-0.4434,263,0.65455,181,-0.2853,149,-0.5899
ENSG00000125901,MRPS26,84,-0.3423,106,0.14926,125,0.36001,89,-0.1937
ENSG00000101200,AVP,52,1.44856,18,-0.9669,38,0.58290,1,-3.9891
ENSG00000185019,UBOX5,11,-0.1179,15,0.77008,0,-4.5990,13,0.04936
ENSG00000088899,LZTS3,90,-0.0235,126,1.12694,26,-1.9163,22,-2.1755
ENSG00000198171,DDRGK1,62,-0.6845,112,0.72903,55,-0.7752,92,0.03235
ENSG00000125877,ITPA,29,-0.6411,56,1.11767,2,-4.0915,43,0.07826
ENSG00000088854,C20orf194,33,0.02863,26,-0.5793,34,0.10784,55,0.91253
ENSG00000088812,ATRN,36,-0.6749,68,0.87477,37,-0.5516,38,-0.5066
ENSG00000101220,C20orf27,61,-0.2216,80,0.44072,44,-0.7214,67,-0.0376
ENSG00000101222,SPEF1,31,0.46503,28,0.36442,4,-2.7623,20,-0.3396
ENSG00000125817,CENPB,46,-0.6171,51,-0.5847,78,0.30796,140,1.38092
ENSG00000101224,CDC25B,15,-0.4972,19,-0.0641,5,-2.0893,45,1.49876
ENSG00000125843,AP5S1,9,-0.7152,16,0.42277,14,-0.0490,16,0.15415
ENSG00000125779,PANK2,27,-0.5309,44,0.64242,38,0.08261,20,-0.8886
ENSG00000101236,RNF24,26,-0.3784,40,0.81535,23,-0.4747,16,-1.0379
ENSG00000088826,SMOX,29,-0.1802,19,-1.2359,22,-0.5723,99,2.14382
ENSG00000171867,PRNP,487,-0.7885,1009,1.02083,495,-0.6736,519,-0.5993
ENSG00000101265,RASSF2,20,-1.4912,37,-0.6731,24,-1.0525,171,2.48360
ENSG00000089057,SLC23A2,62,-0.0828,88,1.04999,5,-3.7865,39,-0.7956
ENSG00000089063,TMEM230,70,-0.8472,128,0.41308,109,-0.0339,134,0.30633
ENSG00000132646,PCNA,17,-0.2528,16,-0.4557,8,-1.3483,47,1.63007
ENSG00000101290,CDS2,52,-0.6849,102,1.03185,40,-1.0079,55,-0.5237
ENSG00000125772,GPCPD1,18,-0.0713,20,0.16403,14,-0.4429,21,0.13575
ENSG00000089199,CHGB,84,-0.8062,192,1.45747,75,-0.8897,37,-1.9671
ENSG00000088766,CRLS1,18,-0.3926,29,0.87870,4,-2.4924,22,0.00024
ENSG00000125827,TMX4,127,-0.3535,200,0.88484,132,-0.2511,45,-1.8857
ENSG00000182621,PLCB1,103,-0.0824,140,0.90045,78,-0.5062,15,-2.9610
ENSG00000125869,LAMP5,27,-1.9808,151,2.79945,25,-1.9194,7,-3.6390
ENSG00000101349,PAK5,19,-0.6506,45,2.01670,1,-4.5717,3,-3.0426
ENSG00000132639,SNAP25,1201,-0.7994,2887,1.76295,780,-1.3747,218,-3.2653
ENSG00000125863,MKKS,39,-0.3487,54,0.39124,57,0.30354,28,-0.8113
ENSG00000132640,BTBD3,55,-0.7097,112,1.14367,44,-0.9655,48,-0.8357
ENSG00000089048,ESF1,19,-0.5791,26,-0.0180,43,0.87111,23,-0.1574
ENSG00000101247,NDUFAF5,18,-0.3318,27,0.68212,18,-0.3460,13,-0.8481
ENSG00000172264,MACROD2,13,-0.9003,33,1.42426,21,-0.0809,0,-7.2320
ENSG00000125870,SNRPB2,43,-0.4755,67,0.58282,63,0.18794,30,-0.9917
ENSG00000125851,PCSK2,38,-1.2689,123,1.75828,54,-0.6054,13,-2.7490
ENSG00000125868,DSTN,306,-0.5327,389,-0.1420,904,1.41674,200,-1.1310
ENSG00000125844,RRBP1,17,-0.3859,14,-0.9968,29,0.50604,50,1.54541
ENSG00000089006,SNX5,58,0.30442,37,-0.7721,26,-1.0171,109,1.39549
ENSG00000232838,PET117,29,0.67918,23,0.25308,10,-1.1325,8,-1.5317
ENSG00000149474,KAT14,22,-0.2500,33,1.05172,7,-1.9839,14,-0.8887
ENSG00000132664,POLR3F,12,-0.3663,21,1.22554,4,-1.7902,6,-1.3116
ENSG00000101310,SEC23B,23,-0.6561,31,-0.1797,50,0.67715,46,0.52553
ENSG00000232388,SMIM26,99,-0.2344,92,-0.5429,217,1.14942,119,0.08478
ENSG00000125821,DTD1,32,-0.4133,39,-0.0547,71,0.97509,29,-0.5297
ENSG00000185052,SLC24A3,23,-0.7643,41,0.49802,62,0.97628,8,-2.1535
ENSG00000132669,RIN2,20,-0.4966,18,-0.8796,46,0.99485,49,1.10584
ENSG00000173418,NAA20,41,-0.7287,83,1.03694,32,-1.0139,46,-0.4591
ENSG00000101343,CRNKL1,6,-1.5280,20,0.62476,22,0.46314,16,0.00336
ENSG00000088930,XRN2,11,-1.0750,22,0.09004,25,0.24133,35,0.83712
ENSG00000125812,GZF1,18,0.09179,20,0.51618,0,-5.0682,20,0.24906
ENSG00000125814,NAPB,268,-0.4948,517,1.49841,123,-1.6279,72,-2.4233
ENSG00000101439,CST3,6206,0.86643,2669,-1.0537,3519,-0.2513,6231,0.71298
ENSG00000101463,SYNDIG1,18,-0.7424,35,0.81097,3,-2.9726,39,0.61031
ENSG00000101474,APMAP,57,-0.8317,114,0.78749,76,-0.2652,74,-0.3174
ENSG00000154930,ACSS1,77,0.82816,32,-1.1699,5,-3.5114,129,1.64056
ENSG00000197586,ENTPD6,98,-0.7974,209,1.09749,123,-0.3515,69,-1.2441
ENSG00000100994,PYGB,111,0.25208,100,0.06178,63,-0.6927,97,-0.0142
ENSG00000100997,ABHD12,79,-0.3348,111,0.48184,29,-1.8438,129,0.51926
ENSG00000101294,HM13,45,-0.6857,65,-0.0288,106,0.80531,71,0.10984
ENSG00000125968,ID1,26,-1.9618,6,-4.6212,434,3.65098,162,1.14415
ENSG00000171552,BCL2L1,44,-0.9376,78,0.16571,111,0.69839,80,0.12629
ENSG00000088356,PDRG1,15,-0.7354,26,0.32318,34,0.64754,17,-0.4519
ENSG00000101337,TM9SF4,31,-0.3026,45,0.68162,22,-0.8134,28,-0.4262
ENSG00000101350,KIF3B,91,-0.0738,122,0.87461,62,-0.6696,22,-2.2084
ENSG00000171456,ASXL1,13,-0.8830,27,0.82889,9,-1.2758,26,0.32069
ENSG00000197183,NOL4L,17,-0.4984,29,0.98175,8,-1.5648,17,-0.3758
ENSG00000149600,COMMD7,45,-0.6309,81,0.79664,59,-0.1316,37,-0.8619
ENSG00000101367,MAPRE1,30,-0.0844,21,-0.9757,45,0.61955,61,1.17391
ENSG00000101391,CDK5RAP1,8,-1.3892,19,0.23664,29,0.84765,20,0.20857
ENSG00000101400,SNTA1,183,0.47184,111,-0.6701,63,-1.3088,281,1.17133
ENSG00000078699,CBFA2T2,16,-0.4036,26,0.79985,4,-2.3278,22,0.13877
ENSG00000125967,NECAB3,23,-0.9520,47,0.56227,41,0.08159,39,0.00640
ENSG00000101421,CHMP4B,104,-0.2683,150,0.74279,56,-1.2098,95,-0.3767
ENSG00000125970,RALY,38,-0.8504,45,-0.7836,142,1.50480,92,0.69719
ENSG00000125977,EIF2S2,80,-0.3342,102,0.17483,102,0.09779,99,0.03954
ENSG00000101444,AHCY,26,-0.3814,30,-0.1030,38,0.30741,41,0.45613
ENSG00000078747,ITCH,14,-0.4247,22,0.62269,11,-0.8203,18,-0.0675
ENSG00000125971,DYNLRB1,340,-0.1477,418,0.39799,385,0.07431,204,-0.9370
ENSG00000101460,MAP1LC3A,331,-0.1829,456,0.73072,260,-0.5468,175,-1.1635
ENSG00000101464,PIGU,9,-1.2363,27,1.11015,8,-1.2588,21,0.14366
ENSG00000198646,NCOA6,19,-0.6724,36,0.81769,11,-1.4368,31,0.17501
ENSG00000078804,TP53INP2,37,-0.9142,47,-0.7173,37,-0.7989,197,2.19613
ENSG00000131067,GGT7,36,-0.5434,63,0.92395,39,-0.3323,22,-1.2379
ENSG00000131069,ACSS2,7,-1.5083,16,-0.1000,3,-2.5110,54,2.14988
ENSG00000100983,GSS,22,-0.7420,40,0.61106,31,-0.1185,30,-0.1623
ENSG00000100991,TRPC4AP,33,-0.4266,47,0.39232,19,-1.2396,59,0.58692
ENSG00000126005,MMP24OS,130,0.05478,153,0.61360,85,-0.6388,54,-1.3228
ENSG00000125966,MMP24,16,0.84744,11,0.22166,6,-0.8817,1,-3.2493
ENSG00000242372,EIF6,41,-0.6548,60,0.08821,82,0.57681,63,0.11944
ENSG00000101019,UQCC1,31,-0.1007,40,0.62538,23,-0.5874,18,-0.9391
ENSG00000125991,ERGIC3,66,-0.3680,83,0.07364,88,0.13698,95,0.26163
ENSG00000214078,CPNE1,29,-0.2050,30,-0.2005,39,0.33279,41,0.39245
ENSG00000244462,RBM12,18,-0.2745,23,0.22076,29,0.51915,13,-0.7997
ENSG00000244005,NFS1,25,-0.1472,27,0.02490,34,0.36676,24,-0.2270
ENSG00000125995,ROMO1,199,0.02383,153,-0.6502,250,0.40429,313,0.79562
ENSG00000131051,RBM39,66,-0.8433,99,-0.1903,183,0.94780,135,0.41749
ENSG00000025293,PHF20,30,-0.7555,50,0.31333,50,0.15089,52,0.23734
ENSG00000171222,SCAND1,129,-0.2854,181,0.59306,58,-1.4806,162,0.13009
ENSG00000260032,NORAD,685,-0.1137,956,0.93725,251,-1.6633,375,-1.0533
ENSG00000088367,EPB41L1,132,0.04887,150,0.47367,88,-0.6092,79,-0.7839
ENSG00000131043,AAR2,13,-0.3132,14,-0.3405,13,-0.3026,31,1.17123
ENSG00000080845,DLGAP4,117,0.00090,127,0.23199,155,0.46949,42,-1.6126
ENSG00000101335,MYL9,10,-4.6748,7,-5.7538,1422,5.83255,125,-0.7494
ENSG00000101084,RAB5IF,47,-0.5570,68,0.14631,88,0.52645,61,-0.0766
ENSG00000101079,NDRG3,115,-0.4335,193,0.97896,111,-0.4315,49,-1.6740
ENSG00000149639,SOGA1,19,-0.6781,25,-0.2696,40,0.61844,43,0.75561
ENSG00000101347,SAMHD1,14,-1.0657,29,0.28761,51,1.16080,14,-0.9051
ENSG00000118705,RPN2,64,-0.5500,82,-0.1590,153,0.97288,86,-0.0251
ENSG00000101363,MANBAL,55,-0.6913,102,0.82160,48,-0.8143,74,-0.1350
ENSG00000166619,BLCAP,147,-0.7055,294,1.08446,181,-0.2924,80,-1.5576
ENSG00000053438,NNAT,108,-2.6291,782,1.47686,462,-0.2285,444,-0.2916
ENSG00000132792,CTNNBL1,13,-0.3574,17,0.05922,27,0.85030,10,-0.7464
ENSG00000132821,VSTM2L,64,-0.8249,153,1.62312,45,-1.2826,25,-2.1470
ENSG00000101413,RPRD1B,13,-0.4222,20,0.68942,11,-0.5786,12,-0.4237
ENSG00000196756,SNHG17,34,-0.2671,43,0.30354,39,-0.0144,33,-0.2570
ENSG00000174365,SNHG11,14,-0.0774,17,0.52935,0,-4.8092,19,0.45909
ENSG00000170471,RALGAPB,13,-1.4466,40,0.79305,48,0.70964,17,-0.9788
ENSG00000101438,SLC32A1,37,0.23275,35,0.17732,48,0.63603,1,-4.5203
ENSG00000101445,PPP1R16B,53,0.17533,54,0.33939,3,-3.9323,61,0.40118
ENSG00000198900,TOP1,37,-0.2280,41,-0.0267,62,0.66990,33,-0.3964
ENSG00000124181,PLCG1,24,0.28236,23,0.39688,0,-5.3104,23,0.18378
ENSG00000174306,ZHX3,33,0.08801,25,-0.6373,51,0.82494,37,0.24874
ENSG00000124177,CHD6,33,-0.3968,35,-0.4686,77,1.07314,49,0.27490
ENSG00000196090,PTPRT,50,0.16781,55,0.52785,42,-0.1637,8,-2.5386
ENSG00000124193,SRSF6,22,-0.8746,39,0.28917,33,-0.1353,51,0.63077
ENSG00000101052,IFT52,12,-0.5225,19,0.40788,21,0.38156,11,-0.6295
ENSG00000132823,OSER1,12,-0.6079,21,0.53426,18,0.06399,14,-0.3775
ENSG00000223891,OSER1-DT,17,-0.6235,28,0.44455,19,-0.3545,28,0.24976
ENSG00000124194,GDAP1L1,36,-0.4984,67,1.23771,32,-0.6496,9,-2.5760
ENSG00000197296,FITM2,17,0.21600,17,0.31872,11,-0.4693,8,-0.8731
ENSG00000124120,TTPAL,14,-0.7224,33,1.82092,7,-1.6824,1,-3.8329
ENSG00000132824,SERINC3,135,-0.7450,270,0.98512,107,-1.0212,169,-0.2998
ENSG00000168734,PKIG,127,0.01453,138,0.27083,148,0.26647,55,-1.3046
ENSG00000101098,RIMS4,36,0.40613,34,0.45689,20,-0.6409,7,-2.1503
ENSG00000166913,YWHAB,487,-0.7991,1124,1.52112,341,-1.2597,250,-1.7286
ENSG00000025772,TOMM34,37,-0.6510,72,1.01859,50,-0.1034,16,-1.8542
ENSG00000101109,STK4,14,-0.9730,28,0.42436,39,0.76438,17,-0.5922
ENSG00000124145,SDC4,67,0.64361,39,-0.5872,2,-4.7122,99,1.24175
ENSG00000204070,SYS1,12,-0.5067,16,-0.0137,1,-3.7392,40,1.59718
ENSG00000244274,DBNDD2,76,-2.1098,162,-1.1817,73,-2.0021,1250,3.32015
ENSG00000124155,PIGT,29,-1.0177,55,0.15694,61,0.25715,78,0.67422
ENSG00000101443,WFDC2,19,0.69641,9,-0.9624,4,-1.8032,30,1.37845
ENSG00000101457,DNTTIP1,14,-0.5160,19,0.03502,12,-0.7505,35,1.03660
ENSG00000124104,SNX21,13,-0.6945,22,0.22331,23,0.19650,24,0.30389
ENSG00000101473,ACOT8,55,-0.3686,91,1.07480,34,-1.0768,28,-1.3435
ENSG00000064601,CTSA,45,-0.5270,77,0.80846,10,-2.7662,75,0.36100
ENSG00000100979,PLTP,58,-0.6165,41,-1.5441,34,-1.3386,333,2.88013
ENSG00000100982,PCIF1,21,-0.4090,22,-0.5023,65,1.65108,16,-0.8003
ENSG00000198026,ZNF335,12,-0.5609,19,0.46497,16,0.00869,14,-0.2068
ENSG00000124140,SLC12A5,192,-0.4103,335,1.22848,152,-0.7265,36,-2.8732
ENSG00000124160,NCOA5,15,-0.4251,26,1.10258,9,-1.1762,9,-1.1780
ENSG00000149654,CDH22,26,-0.0495,38,1.34740,4,-2.6018,3,-3.1804
ENSG00000080189,SLC35C2,32,0.31372,28,0.10620,1,-4.3820,40,0.63785
ENSG00000062598,ELMO2,42,-0.0974,53,0.57366,16,-1.5953,42,-0.0782
ENSG00000101040,ZMYND8,33,-0.9226,62,0.33993,108,1.16679,21,-1.4721
ENSG00000196562,SULF2,13,-2.5199,85,1.25892,37,-0.7761,79,0.44478
ENSG00000124126,PREX1,62,-0.2954,44,-1.1938,3,-4.7360,280,2.67400
ENSG00000124198,ARFGEF2,17,-0.6686,30,0.49944,27,0.11923,22,-0.2592
ENSG00000124207,CSE1L,26,-0.8568,49,0.45706,40,-0.1094,51,0.29434
ENSG00000124214,STAU1,45,-0.4386,64,0.31026,61,0.10528,53,-0.1248
ENSG00000124228,DDX27,17,-0.2017,16,-0.5329,38,1.15485,19,0.00372
ENSG00000177410,ZFAS1,186,0.33112,128,-0.5449,155,-0.0254,221,0.56835
ENSG00000158445,KCNB1,46,-0.5720,90,1.37107,34,-0.9499,13,-2.3748
ENSG00000158470,B4GALT5,32,-0.6419,70,1.61203,11,-2.1370,14,-1.8147
ENSG00000158480,SPATA2,23,-0.5146,38,0.68091,19,-0.7566,29,-0.1084
ENSG00000124226,RNF114,28,-0.5523,32,-0.4282,77,1.26940,40,0.09400
ENSG00000244687,UBE2V1,86,-0.3099,119,0.52760,119,0.27277,41,-1.4258
ENSG00000240849,TMEM189,22,-0.5909,32,0.09817,2,-4.0980,73,1.54019
ENSG00000172216,CEBPB,34,-0.4317,48,0.32244,41,-0.0869,44,0.03459
ENSG00000124243,BCAS4,35,0.46551,32,0.45418,15,-0.9636,8,-1.8353
ENSG00000101126,ADNP,53,-0.3974,80,0.63949,34,-1.0358,65,-0.0149
ENSG00000000419,DPM1,20,-0.6850,33,0.43496,43,0.65215,16,-0.9217
ENSG00000026559,KCNG1,28,-0.5491,57,1.60319,7,-2.4473,11,-1.9118
ENSG00000054793,ATP9A,225,-0.3038,372,1.24685,118,-1.2709,59,-2.3126
ENSG00000064787,BCAS1,41,-1.2801,74,-0.3755,6,-3.8787,298,2.42665
ENSG00000101132,PFDN4,74,0.03380,83,0.42935,49,-0.6100,50,-0.5999
ENSG00000101134,DOK5,27,0.60971,23,0.36651,7,-1.6709,9,-1.2480
ENSG00000054803,CBLN4,62,0.47055,54,0.30756,47,-0.0638,4,-3.7210
ENSG00000124098,FAM210B,31,-0.2246,25,-0.7921,98,1.93280,16,-1.1869
ENSG00000022277,RTF2,69,-0.3730,81,-0.1037,75,-0.1918,136,0.82638
ENSG00000101144,BMP7,44,0.58847,19,-1.3263,20,-0.7464,80,1.60253
ENSG00000101146,RAE1,18,-0.6542,35,0.99496,26,-0.0040,7,-1.9934
ENSG00000124225,PMEPA1,45,0.05926,56,0.82129,9,-2.4456,27,-0.7545
ENSG00000124209,RAB22A,50,0.08693,53,0.28037,39,-0.3485,34,-0.5442
ENSG00000124164,VAPB,36,-0.9154,80,0.94486,59,-0.0491,34,-0.9160
ENSG00000124222,STX16,37,0.21031,35,0.22027,16,-1.1073,32,-0.0480
ENSG00000215440,NPEPL1,12,-0.3561,18,0.74140,0,-4.8088,19,0.44272
ENSG00000087460,GNAS,1657,-0.0362,1951,0.45171,1678,-0.0097,713,-1.3583
ENSG00000101158,NELFCD,19,-0.6965,30,0.25851,20,-0.5180,44,0.75282
ENSG00000124172,ATP5F1E,1650,0.17864,1521,0.02956,1539,0.03595,1122,-0.4750
ENSG00000101166,PRELID3B,18,-0.0387,19,0.04271,5,-1.9455,32,0.91182
ENSG00000087495,PHACTR3,75,0.44482,52,-0.3725,20,-1.6852,100,0.89209
ENSG00000196227,FAM217B,67,-0.1965,105,1.23422,29,-1.4421,13,-2.6009
ENSG00000179242,CDH4,24,-0.0674,36,1.37451,0,-5.6076,6,-2.0180
ENSG00000149657,LSM14B,28,-0.4794,50,1.07481,0,-6.1567,37,0.02572
ENSG00000101182,PSMA7,168,-0.3372,214,0.18506,246,0.33978,170,-0.2674
ENSG00000184402,SS18L1,25,-0.5342,40,0.56940,37,0.13763,21,-0.7227
ENSG00000101180,HRH3,32,-0.0824,48,1.37710,8,-2.1510,1,-4.2662
ENSG00000130703,OSBPL2,28,-0.2264,35,0.27599,8,-2.0996,51,0.79223
ENSG00000130706,ADRM1,48,-0.7858,79,0.17340,109,0.65031,74,-0.0022
ENSG00000171858,RPS21,1934,0.22586,1428,-0.4997,2337,0.51447,1872,0.13719
ENSG00000060491,OGFR,27,-0.4918,40,0.35166,38,0.11710,32,-0.1567
ENSG00000092758,COL9A3,5,-2.6078,20,-0.3943,6,-1.9535,93,2.69471
ENSG00000101190,TCFL5,15,-0.0166,16,0.02740,2,-3.1591,29,1.07771
ENSG00000101191,DIDO1,15,-0.6647,24,0.22854,19,-0.2197,32,0.59496
ENSG00000101193,GID8,33,-0.2801,49,0.83312,3,-3.5033,41,0.08639
ENSG00000149658,YTHDF1,25,0.29872,26,0.60844,5,-2.2540,13,-0.7917
ENSG00000101198,NKAIN4,74,0.44526,53,-0.2827,30,-1.0869,82,0.55684
ENSG00000101199,ARFGAP1,26,-1.0075,59,0.83207,34,-0.4671,45,-0.0158
ENSG00000101204,CHRNA4,30,-0.2595,49,1.15629,4,-3.0177,21,-0.8260
ENSG00000075043,KCNQ2,177,0.01087,224,0.80538,104,-0.8378,54,-1.8340
ENSG00000101210,EEF1A2,576,-0.0028,730,0.78796,415,-0.5294,124,-2.3603
ENSG00000125534,PPDPF,205,-0.4599,242,-0.2231,386,0.65404,336,0.41492
ENSG00000197457,STMN3,357,-0.2126,526,0.93618,271,-0.6279,112,-1.9686
ENSG00000101246,ARFRP1,40,-0.6429,61,0.18190,61,0.11595,73,0.39938
ENSG00000125520,SLC2A4RG,20,-0.5002,21,-0.5990,32,0.31225,56,1.30554
ENSG00000101150,TPD52L2,43,-0.1764,53,0.34013,25,-0.9703,55,0.25438
ENSG00000101152,DNAJC5,122,-0.3346,192,0.94633,116,-0.3755,39,-2.0480
ENSG00000196700,ZNF512B,23,-0.3523,31,0.36844,25,-0.1581,25,-0.1231
ENSG00000101161,PRPF6,38,-0.4720,49,-0.0295,79,0.78477,45,-0.1528
ENSG00000171703,TCEA2,141,-0.1261,172,0.40897,84,-0.9221,151,0.00706
ENSG00000203880,PCMTD2,23,-0.9181,48,0.67901,34,-0.2062,39,-0.0088
ENSG00000280071,GATD3B,52,-0.1364,61,0.23038,44,-0.3910,58,0.05506
ENSG00000155304,HSPA13,62,-0.3425,105,1.23721,32,-1.3307,21,-1.9378
ENSG00000180530,NRIP1,19,-0.5666,40,1.80985,0,-5.6196,7,-1.9646
ENSG00000155313,USP25,17,-0.7263,31,0.68897,28,0.14201,16,-0.7365
ENSG00000215386,MIR99AHG,21,0.10420,18,-0.1847,17,-0.2787,26,0.44516
ENSG00000154639,CXADR,36,-0.4642,60,0.80279,29,-0.7794,35,-0.4794
ENSG00000154640,BTG3,16,-0.3713,17,-0.2794,24,0.34386,29,0.71461
ENSG00000224924,LINC00320,13,-0.9307,20,-0.3689,0,-5.4365,75,2.29102
ENSG00000154654,NCAM2,60,-1.0086,156,1.50350,54,-1.0423,45,-1.3305
ENSG00000154721,JAM2,20,-1.3750,23,-1.5068,141,2.17815,84,1.08978
ENSG00000154723,ATP5PF,362,-0.3015,447,0.14795,498,0.26469,391,-0.1364
ENSG00000142192,APP,303,-0.9600,678,0.91886,247,-1.1707,581,0.18842
ENSG00000156253,RWDD2B,9,-1.0335,20,0.58646,22,0.45108,13,-0.4224
ENSG00000156256,USP16,20,-0.2241,24,0.23038,0,-4.9808,42,1.09370
ENSG00000156261,CCT8,59,-0.2907,100,1.42562,11,-2.6967,19,-1.9535
ENSG00000171189,GRIK1,18,-0.1618,19,-0.0156,35,1.03531,7,-1.5452
ENSG00000156299,TIAM1,44,-0.2222,70,1.22028,7,-2.8818,23,-1.1866
ENSG00000142168,SOD1,486,-0.4683,747,0.56461,658,0.08318,389,-0.7601
ENSG00000159079,CFAP298,28,-0.4789,37,0.03639,58,0.81586,29,-0.3667
ENSG00000159082,SYNJ1,60,-1.1100,168,1.55481,78,-0.5876,30,-2.0492
ENSG00000205927,OLIG2,17,-1.2468,27,-0.7103,9,-2.0555,134,2.60087
ENSG00000184221,OLIG1,173,0.00288,121,-0.8832,74,-1.3245,477,1.87675
ENSG00000142166,IFNAR1,32,-0.6713,44,-0.0931,79,0.94619,47,0.02888
ENSG00000159128,IFNGR2,39,-0.9089,75,0.42812,123,1.11905,20,-1.8242
ENSG00000142188,TMEM50B,35,-1.0466,76,0.56935,64,-0.0044,71,0.17631
ENSG00000159140,SON,93,-0.2455,132,0.73019,15,-2.9474,117,0.16989
ENSG00000205758,CRYZL1,42,-0.1406,50,0.31398,52,0.23122,25,-0.9239
ENSG00000205726,ITSN1,53,-0.1740,75,0.79407,34,-0.8516,30,-1.0547
ENSG00000241837,ATP5PO,368,0.11564,368,0.18126,312,-0.1731,252,-0.5156
ENSG00000243927,MRPS6,58,-0.4256,89,0.63902,61,-0.3044,52,-0.5566
ENSG00000198743,SLC5A3,21,-0.5496,39,1.01615,12,-1.3526,21,-0.4889
ENSG00000159200,RCAN1,30,-0.8132,55,0.47562,27,-0.8903,70,0.69010
ENSG00000159228,CBR1,66,-0.8721,75,-0.9007,41,-1.5203,389,2.51616
ENSG00000142197,DOP1B,13,-0.3924,24,1.66403,3,-2.1840,0,-4.3679
ENSG00000159256,MORC3,8,-1.0309,20,1.17308,4,-1.9733,15,0.08864
ENSG00000185808,PIGP,16,-0.1915,18,0.14548,14,-0.3210,21,0.26197
ENSG00000182670,TTC3,259,-0.0332,331,0.75508,177,-0.6414,89,-1.6878
ENSG00000157538,VPS26C,11,-1.0736,19,-0.2276,46,1.41044,21,0.03159
ENSG00000157540,DYRK1A,39,-0.6107,65,0.54504,78,0.60211,21,-1.4627
ENSG00000157542,KCNJ6,13,-1.9935,81,3.10919,5,-3.3220,4,-3.4928
ENSG00000157557,ETS2,39,-0.7840,77,0.81810,69,0.21785,27,-1.2339
ENSG00000183527,PSMG1,17,-0.3552,27,0.76205,18,-0.2672,10,-1.2113
ENSG00000185658,BRWD1,70,-0.9298,169,1.36770,64,-0.9498,57,-1.1241
ENSG00000205581,HMGN1,58,-0.7689,68,-0.6761,197,1.42748,123,0.55901
ENSG00000182093,GET1,79,-0.3139,112,0.57128,56,-0.8023,86,-0.1350
ENSG00000185437,SH3BGR,16,-0.4161,20,-0.1026,32,0.74762,20,-0.0073
ENSG00000183036,PCP4,133,0.06956,151,0.51675,110,-0.2514,46,-1.5968
ENSG00000160188,RSPH1,26,0.43957,20,-0.0398,5,-1.9584,26,0.41642
ENSG00000160194,NDUFV3,221,0.39606,161,-0.3315,223,0.34538,143,-0.3838
ENSG00000160209,PDXK,171,0.04308,178,0.19133,124,-0.4823,158,-0.0880
ENSG00000160213,CSTB,140,-0.1950,142,-0.2546,208,0.48452,189,0.32643
ENSG00000160214,RRP1,16,-0.4694,26,0.65934,17,-0.3429,16,-0.4881
ENSG00000160216,AGPAT3,91,0.02668,86,-0.1087,65,-0.5211,125,0.56849
ENSG00000141959,PFKL,102,-0.4601,142,0.21932,117,-0.1951,164,0.37259
ENSG00000160226,CFAP410,41,0.03388,46,0.44153,32,-0.3858,23,-0.9004
ENSG00000142185,TRPM2,22,-0.0339,32,1.33698,0,-5.0969,6,-2.0289
ENSG00000184787,UBE2G2,31,-0.1723,39,0.44021,22,-0.6752,30,-0.1520
ENSG00000184900,SUMO3,144,-0.3607,238,1.09109,89,-1.0637,69,-1.4592
ENSG00000183255,PTTG1IP,50,-0.8161,40,-1.5626,171,1.36793,202,1.71003
ENSG00000160256,FAM207A,22,-0.5605,32,0.08525,59,1.13980,15,-1.1253
ENSG00000197381,ADARB1,30,0.08383,41,1.34725,4,-3.0116,0,-5.2705
ENSG00000223768,LINC00205,19,-0.1388,26,0.69460,21,0.04066,3,-2.7080
ENSG00000182871,COL18A1,7,-3.2560,11,-3.0269,140,1.78985,223,2.95962
ENSG00000173638,SLC19A1,8,-1.0719,17,0.26047,9,-0.8347,31,1.17563
ENSG00000142156,COL6A1,16,-1.4274,22,-1.2308,92,1.62677,85,1.47932
ENSG00000160285,LSS,19,-0.8994,20,-1.1088,46,0.63404,89,1.91513
ENSG00000160294,MCM3AP,22,-0.6241,30,-0.1273,45,0.62392,41,0.45561
ENSG00000182362,YBEY,16,-0.4536,21,0.17705,9,-1.2319,35,0.94985
ENSG00000160299,PCNT,23,-0.0397,27,0.42101,18,-0.3916,15,-0.6304
ENSG00000160305,DIP2A,8,-1.8154,35,1.63081,5,-2.2531,23,0.04538
ENSG00000160307,S100B,620,-0.5873,401,-1.7009,902,0.09050,3083,2.52469
ENSG00000160310,PRMT2,90,-0.4521,117,0.05701,153,0.48294,117,0.03624
ENSG00000183307,TMEM121B,6,-1.7879,32,3.26134,0,-5.1196,0,-5.9434
ENSG00000069998,HDHD5,15,0.01887,18,0.43513,8,-0.8935,12,-0.3419
ENSG00000182902,SLC25A18,131,1.01143,53,-1.0615,52,-0.7195,127,0.75583
ENSG00000131100,ATP6V1E1,231,-0.5362,393,0.80796,257,-0.2987,179,-0.8679
ENSG00000099968,BCL2L13,17,-0.3672,26,0.65480,0,-5.3576,30,0.61599
ENSG00000015475,BID,36,-0.3111,49,0.37103,45,0.06855,32,-0.4614
ENSG00000243156,MICAL3,31,-0.7882,47,-0.1119,82,0.88740,58,0.28874
ENSG00000215193,PEX26,26,0.12660,30,0.60692,11,-1.1655,13,-0.9318
ENSG00000278558,TMEM191B,21,-0.0223,25,0.47200,7,-1.6227,21,0.03253
ENSG00000183628,DGCR6,27,0.03522,23,-0.3253,28,0.12635,35,0.48512
ENSG00000273032,DGCR9,50,0.12288,62,0.92466,2,-4.4370,27,-0.8768
ENSG00000070413,DGCR2,59,-0.7578,114,0.77197,79,-0.2170,69,-0.4410
ENSG00000100056,ESS2,11,-0.9687,19,-0.0587,44,1.49480,12,-0.7639
ENSG00000100075,SLC25A1,32,-0.5038,31,-0.7430,54,0.43424,92,1.40057
ENSG00000100084,HIRA,20,0.08465,24,0.77975,2,-3.2052,14,-0.5015
ENSG00000242259,C22orf39,59,-0.2093,78,0.54636,62,-0.1057,34,-1.0285
ENSG00000185608,MRPL40,47,-0.0764,46,-0.1718,30,-0.7963,84,0.92648
ENSG00000070010,UFD1,24,-0.4063,29,-0.0947,22,-0.4580,53,0.99176
ENSG00000184113,CLDN5,65,-1.8898,47,-2.8770,1174,4.29829,95,-1.1601
ENSG00000184702,SEPTIN5,81,0.03336,85,0.21563,95,0.30992,36,-1.2171
ENSG00000203618,GP1BB,103,0.27450,89,0.00224,95,0.11088,56,-0.7434
ENSG00000215012,RTL10,18,-0.2710,24,0.36563,33,0.79676,3,-2.6873
ENSG00000184470,TXNRD2,26,0.47191,21,0.13304,1,-4.0111,25,0.32765
ENSG00000093010,COMT,79,-0.7447,86,-0.8388,131,0.14808,326,1.84277
ENSG00000099889,ARVCF,27,0.37969,22,-0.0759,23,0.01401,15,-0.6282
ENSG00000183597,TANGO2,16,-0.3647,23,0.51474,20,0.07351,11,-0.8085
ENSG00000099899,TRMT2A,9,-1.3360,22,0.22762,34,0.89569,22,0.11551
ENSG00000099901,RANBP1,78,0.00437,88,0.36862,47,-0.7926,68,-0.2132
ENSG00000099904,ZDHHC8,36,-0.1525,49,0.68753,20,-1.0229,27,-0.5900
ENSG00000040608,RTN4R,46,-0.4352,82,1.21907,26,-1.2905,22,-1.5170
ENSG00000128185,DGCR6L,66,-0.0947,71,0.09765,29,-1.3503,106,0.73536
ENSG00000099910,KLHL22,22,-0.6856,40,0.67203,19,-0.8422,37,0.19018
ENSG00000099917,MED15,34,-0.4101,54,0.74292,23,-1.0094,37,-0.2501
ENSG00000241973,PI4KA,170,-0.4262,283,0.97802,168,-0.3893,67,-1.7917
ENSG00000099940,SNAP29,25,0.02672,30,0.52540,8,-1.6524,23,-0.1653
ENSG00000099942,CRKL,35,-0.2578,38,-0.0992,35,-0.2203,61,0.71504
ENSG00000183773,AIFM3,57,0.06364,34,-1.1849,34,-0.7593,160,1.96678
ENSG00000099949,LZTR1,25,-0.1371,26,-0.1445,10,-1.5304,54,1.18608
ENSG00000184436,THAP7,17,-0.7755,25,-0.1847,30,0.20301,49,1.04580
ENSG00000185651,UBE2L3,97,-0.5244,139,0.22033,174,0.49769,110,-0.2703
ENSG00000161179,YDJC,21,0.18511,25,0.84751,0,-5.2363,12,-0.7433
ENSG00000128228,SDF2L1,24,-0.0621,22,-0.4071,28,0.15408,39,0.72413
ENSG00000100023,PPIL2,21,-0.1541,28,0.69223,2,-3.2600,25,0.15333
ENSG00000100027,YPEL1,47,0.58006,33,-0.2157,50,0.59391,7,-2.3442
ENSG00000100030,MAPK1,251,-0.5679,508,1.53170,127,-1.5513,73,-2.3677
ENSG00000100034,PPM1F,18,-0.5985,34,1.07066,0,-5.6247,28,0.17919
ENSG00000128266,GNAZ,90,-0.2870,130,0.71395,63,-0.7949,74,-0.5643
ENSG00000100228,RAB36,11,-0.4517,21,1.53692,3,-2.0135,2,-2.4109
ENSG00000186716,BCR,87,-0.1294,107,0.43833,51,-0.9380,90,-0.0443
ENSG00000250479,CHCHD10,416,0.04934,473,0.48203,280,-0.5984,242,-0.8264
ENSG00000099956,SMARCB1,23,-0.8272,40,0.25476,43,0.27371,44,0.31099
ENSG00000133460,SLC2A11,15,-0.1368,22,0.85980,0,-4.7831,16,-0.1021
ENSG00000240972,MIF,920,-0.2885,1183,0.29695,974,-0.1585,1037,-0.0553
ENSG00000099977,DDT,178,-0.1616,214,0.29995,123,-0.7253,215,0.17744
ENSG00000099991,CABIN1,38,-0.8571,84,1.12674,41,-0.6406,36,-0.8222
ENSG00000100014,SPECC1L,18,-0.1496,19,-0.0997,26,0.45198,19,-0.0298
ENSG00000100028,SNRPD3,40,-0.4868,41,-0.6253,119,1.44909,56,0.11441
ENSG00000167037,SGSM1,17,-1.2053,59,2.65733,0,-5.7488,2,-4.1699
ENSG00000197077,KIAA1671,23,-0.5443,38,0.68086,30,-0.0522,19,-0.7754
ENSG00000244752,CRYBB2,55,-0.1850,67,0.28194,55,-0.1696,55,-0.1816
ENSG00000100077,GRK3,58,-0.3567,98,1.22493,47,-0.6466,5,-3.9022
ENSG00000100095,SEZ6L,49,-1.3465,177,2.31787,3,-5.0076,39,-1.5424
ENSG00000128203,ASPHD2,21,-0.9734,56,1.76281,15,-1.3715,8,-2.2000
ENSG00000100099,HPS4,18,-0.0433,24,0.85034,3,-2.4315,13,-0.5921
ENSG00000100104,SRRD,25,0.00221,28,0.41848,23,-0.1232,12,-1.1181
ENSG00000100109,TFIP11,14,-0.0784,12,-0.5736,11,-0.4562,32,1.32716
ENSG00000128294,TPST2,32,-0.1868,38,0.25201,47,0.50207,17,-1.1205
ENSG00000225783,MIAT,52,-0.9865,150,2.23342,15,-2.7552,7,-3.7320
ENSG00000180957,PITPNB,60,-0.3118,85,0.58152,92,0.44032,15,-2.3912
ENSG00000100209,HSCB,18,0.10188,11,-1.0536,26,0.70803,31,0.99980
ENSG00000159873,CCDC117,15,-0.2097,19,0.48057,14,-0.2176,11,-0.6331
ENSG00000183579,ZNRF3,25,-0.0143,22,-0.3621,0,-5.6085,63,1.66226
ENSG00000186998,EMID1,54,0.85227,22,-1.1494,33,-0.1432,57,0.79874
ENSG00000100263,RHBDD3,14,-0.6242,24,0.56625,13,-0.6101,22,0.18523
ENSG00000182944,EWSR1,61,-0.7240,105,0.41037,82,-0.1782,110,0.29746
ENSG00000185340,GAS2L1,65,-0.0836,64,-0.1721,90,0.46845,69,0.00623
ENSG00000100276,RASL10A,32,-0.8197,74,1.35754,23,-1.2678,27,-1.0189
ENSG00000100280,AP1B1,64,-0.3314,94,0.68071,57,-0.4671,49,-0.6950
ENSG00000225465,RFPL1S,75,-0.2328,121,1.33227,38,-1.2446,4,-4.4647
ENSG00000100285,NEFH,50,-0.1492,59,0.22445,71,0.44798,29,-0.9925
ENSG00000184117,NIPSNAP1,45,0.00665,60,1.04095,8,-2.5386,18,-1.3753
ENSG00000186575,NF2,45,0.61626,29,-0.3261,20,-0.7916,37,0.21076
ENSG00000100314,CABP7,0,-5.0672,41,3.34520,7,-1.7418,6,-1.8242
ENSG00000100319,ZMAT5,17,-0.6346,23,-0.2480,19,-0.4415,54,1.37931
ENSG00000184076,UQCR10,654,0.18637,632,0.18376,475,-0.3656,444,-0.4716
ENSG00000100330,MTMR3,23,0.11666,25,0.45984,16,-0.4837,11,-1.0915
ENSG00000099992,TBC1D10A,21,0.20530,21,0.35399,7,-1.4111,17,-0.2035
ENSG00000099995,SF3A1,41,-0.1290,50,0.38876,32,-0.4917,38,-0.2506
ENSG00000100003,SEC14L2,34,0.12320,34,0.13322,13,-1.3700,41,0.39568
ENSG00000100029,PES1,19,-0.3543,30,0.81218,1,-4.2515,28,0.28902
ENSG00000184792,OSBP2,17,-0.6034,27,0.50055,38,0.82882,6,-2.1205
ENSG00000253352,TUG1,17,-0.4546,26,0.46580,28,0.39885,11,-1.0193
ENSG00000198832,SELENOM,268,-0.2721,261,-0.4560,516,0.88059,381,0.34755
ENSG00000185133,INPP5J,14,-0.3075,25,1.72231,0,-4.2840,1,-3.4262
ENSG00000138942,RNF185,17,-0.4712,23,0.13435,27,0.36739,22,0.02994
ENSG00000100100,PIK3IP1,21,-0.4899,23,-0.5147,20,-0.4956,69,1.61541
ENSG00000100105,PATZ1,16,0.21784,13,-0.3045,9,-0.6966,23,0.73607
ENSG00000185721,DRG1,34,-0.2647,47,0.63552,25,-0.7160,29,-0.4542
ENSG00000184708,EIF4ENIF1,23,-0.2522,38,1.37693,5,-2.4516,7,-2.0262
ENSG00000241878,PISD,28,-0.0892,43,1.33765,1,-4.3677,9,-1.8531
ENSG00000183530,PRR14L,13,-0.0360,16,0.59376,0,-4.7283,16,0.28023
ENSG00000128245,YWHAH,709,-0.6657,1526,1.56647,509,-1.1030,134,-3.0968
ENSG00000100220,RTCB,24,-0.4029,35,0.49683,15,-1.0329,35,0.28375
ENSG00000100225,FBXO7,25,-1.5270,50,-0.5189,102,0.87394,137,1.42900
ENSG00000100234,TIMP3,94,-0.5859,49,-2.0810,401,2.14756,248,1.14042
ENSG00000133424,LARGE1,33,-1.0230,84,1.33297,42,-0.5123,24,-1.3749
ENSG00000100284,TOM1,37,-0.3555,47,0.13555,66,0.63547,32,-0.5619
ENSG00000100302,RASD2,25,-0.3632,40,0.84042,34,0.15055,3,-3.1652
ENSG00000100320,RBFOX2,102,-0.1473,142,0.83104,82,-0.4886,32,-1.9316
ENSG00000128335,APOL2,36,-0.3111,51,0.58272,29,-0.5917,35,-0.3304
ENSG00000100345,MYH9,46,-0.9871,54,-0.9608,287,2.49131,45,-0.8979
ENSG00000100348,TXN2,73,0.01006,73,0.02080,41,-0.8907,101,0.55575
ENSG00000100350,FOXRED2,36,-0.7611,72,0.93944,20,-1.5411,57,0.08495
ENSG00000100353,EIF3D,34,0.09848,31,-0.1228,23,-0.5015,43,0.48484
ENSG00000261675,AL022313.4,17,0.39063,17,0.75685,7,-1.0718,0,-5.1384
ENSG00000166862,CACNG2,13,-0.1551,18,0.81034,14,0.08074,0,-6.5545
ENSG00000100360,IFT27,27,-0.2145,34,0.28386,15,-1.1536,41,0.49372
ENSG00000100362,PVALB,49,1.04824,21,-0.8409,42,0.58266,13,-1.2291
ENSG00000128311,TST,22,-0.5795,17,-1.2856,13,-1.2937,115,2.64381
ENSG00000128309,MPST,22,-0.5266,18,-1.1718,26,-0.1866,95,2.18115
ENSG00000100379,KCTD17,68,-0.5447,117,0.83013,74,-0.3434,53,-0.8637
ENSG00000166897,ELFN2,24,-0.4585,45,1.40052,0,-5.3843,19,-0.7943
ENSG00000100083,GGA1,28,-0.1713,35,0.37445,16,-1.0446,35,0.21589
ENSG00000241360,PDXP,284,0.07722,321,0.52373,251,-0.1325,75,-1.9879
ENSG00000100097,LGALS1,266,-0.5554,210,-1.2814,891,1.64783,618,0.93402
ENSG00000273899,NOL12,18,0.19297,18,0.32938,0,-5.0250,22,0.44585
ENSG00000189060,H1F0,40,-0.4791,61,0.49193,79,0.68949,14,-1.9632
ENSG00000100116,GCAT,39,0.21864,40,0.40480,21,-0.7899,21,-0.8272
ENSG00000100124,ANKRD54,20,-0.4915,29,0.29526,9,-1.5470,45,0.90247
ENSG00000100129,EIF3L,62,-0.3298,61,-0.5299,127,0.92478,100,0.49778
ENSG00000100142,POLR2F,79,-0.5335,98,-0.1958,108,0.04252,184,0.96828
ENSG00000100146,SOX10,13,-1.5180,18,-1.3478,0,-5.9733,159,3.46127
ENSG00000100151,PICK1,22,-0.0879,19,-0.4348,26,0.21303,36,0.75249
ENSG00000184381,PLA2G6,12,-0.6991,24,1.04325,1,-3.8979,21,0.26911
ENSG00000198792,TMEM184B,67,-0.1027,85,0.58991,30,-1.3269,61,-0.2324
ENSG00000213923,CSNK1E,69,-0.8356,129,0.54172,115,0.08226,103,-0.0882
ENSG00000168135,KCNJ4,52,-0.2781,87,1.38779,23,-1.5111,6,-3.4217
ENSG00000100201,DDX17,122,-0.7036,209,0.47907,172,-0.0681,184,0.03807
ENSG00000100216,TOMM22,64,-0.1138,79,0.48989,63,-0.1164,34,-1.0635
ENSG00000100221,JOSD1,38,-0.2093,51,0.57031,30,-0.5764,31,-0.5090
ENSG00000100226,GTPBP1,21,-0.3412,29,0.40062,17,-0.6865,29,0.20255
ENSG00000100242,SUN2,30,-1.9132,65,-0.8880,85,-0.1387,338,2.53554
ENSG00000100246,DNAL4,20,-1.1462,59,1.49099,26,-0.6910,16,-1.4335
ENSG00000221890,NPTXR,415,-0.4100,762,1.48792,204,-1.4590,53,-3.4531
ENSG00000183741,CBX6,219,0.39287,194,0.22822,101,-0.9237,124,-0.6010
ENSG00000100307,CBX7,54,0.07123,60,0.39793,34,-0.6888,38,-0.5182
ENSG00000100311,PDGFB,11,-0.5557,19,0.70322,11,-0.5374,13,-0.2682
ENSG00000100316,RPL3,708,-0.3351,704,-0.4903,1424,0.89740,1118,0.46779
ENSG00000100321,SYNGR1,170,-0.4217,293,1.11356,98,-1.2336,102,-1.1739
ENSG00000128268,MGAT3,43,-0.0324,52,0.56217,28,-0.7344,27,-0.7377
ENSG00000100335,MIEF1,21,-0.0096,21,0.00918,19,-0.1559,23,0.14007
ENSG00000128272,ATF4,101,-0.4314,135,0.16993,129,0.02598,148,0.25231
ENSG00000187051,RPS19BP1,141,-0.1229,151,0.01674,170,0.21193,145,-0.0568
ENSG00000100346,CACNA1I,24,-0.4233,40,0.94738,27,-0.2058,8,-2.1022
ENSG00000100354,TNRC6B,47,-0.0182,53,0.29375,41,-0.2557,36,-0.4484
ENSG00000239900,ADSL,22,-0.0977,26,0.35652,27,0.26111,10,-1.2996
ENSG00000100359,SGSM3,38,-0.1365,46,0.37823,40,-0.0150,25,-0.7501
ENSG00000196588,MRTFA,29,-0.5554,58,1.42959,15,-1.5272,12,-1.8298
ENSG00000100372,SLC25A17,9,-1.3666,31,1.65245,1,-4.3042,20,-0.0713
ENSG00000100380,ST13,142,-0.3810,157,-0.2790,213,0.33079,268,0.73499
ENSG00000100387,RBX1,215,-0.1843,250,0.15788,229,-0.0526,236,-0.0027
ENSG00000100393,EP300,15,-0.9548,25,-0.0778,47,1.07182,28,0.13753
ENSG00000100395,L3MBTL2,21,-0.8554,47,1.09315,21,-0.7701,24,-0.5972
ENSG00000100399,CHADL,16,-0.9557,20,-0.7887,16,-0.9105,95,2.31853
ENSG00000100401,RANGAP1,102,-0.6564,218,1.51230,38,-2.0761,61,-1.3742
ENSG00000100403,ZC3H7B,41,0.11921,37,-0.1200,29,-0.4616,50,0.42577
ENSG00000167074,TEF,51,0.13307,58,0.68863,6,-3.0709,37,-0.3871
ENSG00000183864,TOB2,23,-0.8359,26,-0.7804,36,-0.0029,102,1.91374
ENSG00000100410,PHF5A,12,-0.7611,20,0.25497,2,-2.7997,40,1.38317
ENSG00000100412,ACO2,252,0.13374,261,0.32094,109,-1.2106,223,-0.0850
ENSG00000100413,POLR3H,78,0.53633,66,0.31726,20,-1.7013,37,-0.7704
ENSG00000100417,PMM1,59,-0.1915,77,0.52832,29,-1.2799,66,0.03867
ENSG00000100418,DESI1,53,0.28976,51,0.33167,18,-1.4905,39,-0.2858
ENSG00000196419,XRCC6,81,-0.7404,137,0.33424,171,0.56670,99,-0.3407
ENSG00000100138,SNU13,210,-0.1926,287,0.67969,156,-0.6443,139,-0.8212
ENSG00000198911,SREBF2,148,-0.1300,179,0.37945,123,-0.4011,131,-0.3070
ENSG00000205704,LINC00634,46,0.19677,53,0.74976,2,-4.3008,30,-0.5430
ENSG00000100167,SEPTIN3,293,0.21265,317,0.60557,111,-1.3523,136,-1.0403
ENSG00000183172,SMDT1,162,-0.1129,174,0.03084,205,0.28560,153,-0.1981
ENSG00000184983,NDUFA6,167,0.11607,147,-0.1851,181,0.23738,154,-0.0329
ENSG00000100207,TCF20,14,-0.3294,24,1.25948,0,-5.0301,10,-0.7042
ENSG00000189306,RRP7A,47,-0.5718,78,0.59469,77,0.28147,35,-0.9862
ENSG00000100227,POLDIP3,14,-1.3979,34,0.19864,60,1.11483,30,-0.1076
ENSG00000100243,CYB5R3,139,-0.1843,116,-0.7178,218,0.58948,268,0.96572
ENSG00000242247,ARFGAP3,18,-0.4434,22,-0.1221,17,-0.4439,42,1.05797
ENSG00000100266,PACSIN2,31,-0.4723,41,0.03312,72,1.00697,25,-0.7662
ENSG00000100271,TTLL1,13,-0.2711,20,0.94866,0,-4.4083,14,-0.0923
ENSG00000100294,MCAT,22,-0.2053,28,0.44748,30,0.36388,8,-1.6510
ENSG00000100300,TSPO,39,-0.5365,20,-2.0513,158,2.08171,101,1.15962
ENSG00000100304,TTLL12,21,-0.1925,26,0.23477,22,-0.0989,22,-0.1239
ENSG00000186732,MPPED1,71,-0.7736,159,1.41553,67,-0.7776,28,-2.0853
ENSG00000130540,SULT4A1,131,-0.5801,256,1.29232,117,-0.6916,38,-2.4004
ENSG00000100347,SAMM50,22,-0.7176,33,-0.0514,66,1.18940,25,-0.4504
ENSG00000188677,PARVB,13,-2.2986,94,3.13054,3,-3.9534,12,-2.2128
ENSG00000138944,SHISAL1,30,-0.7610,74,2.09979,0,-6.3241,8,-2.5997
ENSG00000188636,RTL6,32,-0.3701,48,0.65656,26,-0.6647,31,-0.3552
ENSG00000186654,PRR5,27,0.23963,24,-0.0060,32,0.50368,9,-1.4342
ENSG00000093000,NUP50,22,-0.5863,45,1.31420,17,-0.9308,8,-1.9599
ENSG00000100364,KIAA0930,105,-0.4105,156,0.55177,33,-2.1264,182,0.55386
ENSG00000077942,FBLN1,18,-2.3665,15,-3.1040,247,2.27342,258,2.38060
ENSG00000130638,ATXN10,128,-0.4380,213,0.94336,103,-0.7153,83,-1.0483
ENSG00000188064,WNT7B,23,0.91602,17,0.41218,0,-4.8584,4,-1.8530
ENSG00000241990,PRR34-AS1,19,-0.4232,17,-0.9109,60,1.62858,29,0.27437
ENSG00000100416,TRMU,13,-0.3854,18,0.19402,2,-2.7606,32,1.16396
ENSG00000075240,GRAMD4,24,-0.2204,34,0.73272,24,-0.2127,9,-1.6515
ENSG00000100422,CERK,67,0.70169,48,0.04594,4,-3.7301,49,0.06278
ENSG00000054611,TBC1D22A,14,-0.3033,19,0.52262,10,-0.8109,16,-0.0340
ENSG00000219438,TAFA5,92,0.46269,75,0.08087,44,-0.8068,56,-0.4325
ENSG00000184164,CRELD2,14,-0.8447,20,-0.3198,34,0.63156,40,0.95973
ENSG00000198355,PIM3,23,-0.8465,49,0.95198,30,-0.3388,25,-0.6602
ENSG00000100427,MLC1,206,0.53471,93,-1.2698,93,-0.8379,390,1.63423
ENSG00000073150,PANX2,54,0.66556,39,-0.0134,29,-0.4660,19,-1.0936
ENSG00000073169,SELENOO,15,-0.8476,30,0.61647,2,-3.2721,44,1.01411
ENSG00000128159,TUBGCP6,20,-0.4123,33,0.97817,7,-1.8107,19,-0.4066
ENSG00000188130,MAPK12,24,-0.2467,36,0.79052,23,-0.3273,10,-1.6069
ENSG00000185386,MAPK11,23,-0.5390,44,1.38775,6,-2.3609,15,-1.0913
ENSG00000196576,PLXNB2,43,0.15921,31,-0.5808,37,-0.1130,67,0.90782
ENSG00000205593,DENND6B,29,-0.3161,47,1.03452,1,-4.5194,31,-0.1993
ENSG00000100239,PPP6R2,47,-0.0524,59,0.59725,38,-0.3801,21,-1.2731
ENSG00000100241,SBF1,73,-0.0831,86,0.36572,67,-0.2111,53,-0.5703
ENSG00000100258,LMF2,28,-0.2695,34,0.15639,20,-0.7229,46,0.58673
ENSG00000025770,NCAPH2,21,-0.6598,37,0.60759,29,-0.0888,25,-0.3057
ENSG00000284194,SCO2,15,-0.5210,24,0.59770,26,0.46007,7,-1.5955
ENSG00000100288,CHKB,23,-0.3405,24,-0.4171,49,0.93407,34,0.29328
ENSG00000008735,MAPK8IP2,230,-0.1801,337,0.98942,140,-0.9463,78,-1.8302
ENSG00000100299,ARSA,14,-1.0298,28,0.37129,7,-1.8253,51,1.27518
ENSG00000251322,SHANK3,47,0.50563,27,-0.8039,80,1.38816,12,-1.6886
ENSG00000079974,RABL2B,17,-0.5244,25,0.37875,33,0.66304,11,-1.1087
ENSG00000178605,GTPBP6,26,-0.2404,25,-0.4160,45,0.72278,38,0.42302
ENSG00000169100,SLC25A6,289,-0.1912,301,-0.1685,395,0.35233,381,0.29303
ENSG00000169093,ASMTL,29,-0.4242,43,0.53536,24,-0.6625,37,0.01990
ENSG00000002586,CD99,41,-1.5197,32,-2.3365,250,1.70664,325,2.29767
ENSG00000146938,NLGN4X,36,-0.3147,60,1.16372,20,-1.2079,13,-1.8150
ENSG00000130021,PUDP,12,-0.6316,20,0.40695,23,0.47305,12,-0.5767
ENSG00000101846,STS,34,0.01107,42,0.70169,33,-0.0688,2,-3.9068
ENSG00000006757,PNPLA4,28,0.45429,22,-0.0799,16,-0.5108,20,-0.2205
ENSG00000011201,ANOS1,46,0.74186,27,-0.4603,12,-1.4601,44,0.53835
ENSG00000146950,SHROOM2,16,-0.1101,21,0.58459,23,0.44210,0,-6.5095
ENSG00000073464,CLCN4,45,-0.9010,109,1.45777,0,-7.1736,68,-0.1445
ENSG00000004961,HCCS,11,-0.6695,24,1.74332,0,-4.7078,6,-1.4017
ENSG00000005302,MSL3,17,-0.8658,40,1.36066,24,-0.2117,3,-3.1510
ENSG00000169933,FRMPD4,15,-1.3943,55,2.11539,12,-1.5278,7,-2.3222
ENSG00000101911,PRPS2,8,-1.4944,28,1.38940,23,0.32618,2,-2.9157
ENSG00000205542,TMSB4X,1979,-0.3611,2494,0.11145,3191,0.47936,2085,-0.2301
ENSG00000123595,RAB9A,17,-0.0321,18,0.10440,1,-3.9540,32,1.03901
ENSG00000196459,TRAPPC2,18,-0.3734,33,1.33701,0,-4.7841,13,-0.8427
ENSG00000046653,GPM6B,830,-0.2010,742,-0.5706,548,-0.8324,2205,1.57506
ENSG00000101958,GLRA2,7,-1.1072,25,2.53874,0,-4.8240,0,-4.1811
ENSG00000182287,AP1S2,102,0.37848,70,-0.5074,117,0.54235,76,-0.1724
ENSG00000169895,SYAP1,36,-0.2628,37,-0.3068,65,0.75463,47,0.20438
ENSG00000102054,RBBP7,27,-0.8404,55,0.73229,30,-0.6174,47,0.11063
ENSG00000169891,REPS2,51,-0.4647,85,0.84121,52,-0.3715,34,-1.0574
ENSG00000008086,CDKL5,55,-0.4809,101,1.24679,47,-0.6867,12,-2.6564
ENSG00000131828,PDHA1,50,-0.1750,69,0.75938,29,-1.0006,33,-0.7804
ENSG00000147010,SH3KBP1,46,-0.1899,54,0.18934,37,-0.5266,62,0.31475
ENSG00000184368,MAP7D2,67,-0.2052,112,1.51247,16,-2.3155,4,-4.2676
ENSG00000173674,EIF1AX,88,-0.4481,130,0.46763,112,0.00956,87,-0.4015
ENSG00000177189,RPS6KA3,9,-1.1919,26,1.45756,9,-0.9370,10,-0.9209
ENSG00000149970,CNKSR2,73,-0.3833,134,1.51922,24,-2.0146,15,-2.7385
ENSG00000012174,MBTPS2,8,-0.9892,22,1.29716,0,-4.8997,17,0.19672
ENSG00000102172,SMS,81,0.33726,81,0.54869,37,-0.9455,22,-1.7528
ENSG00000123131,PRDX4,20,-0.7230,23,-0.6435,45,0.68859,62,1.25716
ENSG00000123130,ACOT9,16,0.26754,15,0.25651,8,-0.7950,10,-0.4742
ENSG00000130066,SAT1,133,-0.2044,106,-0.8392,382,1.73182,113,-0.4399
ENSG00000184831,APOO,38,-0.0533,53,1.07809,11,-1.9398,13,-1.6904
ENSG00000130741,EIF2S3,55,-0.3940,76,0.31590,85,0.37209,47,-0.5823
ENSG00000005889,ZFX,16,0.10503,17,0.32509,1,-4.1111,21,0.53815
ENSG00000067992,PDK3,46,0.03669,59,0.90176,20,-1.2507,13,-1.8864
ENSG00000102230,PCYT1B,18,0.12195,17,-0.0679,13,-0.4470,21,0.31328
ENSG00000004848,ARX,19,-0.2627,27,0.76033,19,-0.1641,7,-1.7514
ENSG00000198947,DMD,23,-0.3151,36,0.94170,6,-2.1527,22,-0.3635
ENSG00000147027,TMEM47,89,0.06831,73,-0.4240,93,0.12657,123,0.61048
ENSG00000165169,DYNLT3,66,-0.1887,82,0.36856,104,0.61628,17,-2.1807
ENSG00000156298,TSPAN7,618,-0.2547,968,1.11461,302,-1.3394,249,-1.6302
ENSG00000165175,MID1IP1,46,-0.8092,50,-0.9035,28,-1.5021,259,2.48173
ENSG00000182220,ATP6AP2,125,-0.8607,277,1.11123,135,-0.6534,126,-0.7542
ENSG00000180182,MED14,13,0.00517,14,0.13029,0,-4.0111,23,0.96435
ENSG00000124486,USP9X,56,-0.5468,80,0.17209,123,0.83155,49,-0.6826
ENSG00000215301,DDX3X,92,-0.4911,134,0.33864,125,0.07015,115,-0.0742
ENSG00000147044,CASK,27,-0.2981,30,-0.1380,44,0.55887,35,0.14936
ENSG00000189221,MAOA,31,-0.1682,36,0.16563,50,0.66049,15,-1.2050
ENSG00000069535,MAOB,45,-0.7232,57,-0.4300,57,-0.2493,160,1.57593
ENSG00000124479,NDP,21,0.10753,21,0.15898,8,-1.4644,26,0.40454
ENSG00000069509,FUNDC1,47,0.46037,45,0.62205,7,-2.5308,16,-1.2872
ENSG00000065923,SLC9A7,37,-0.1548,48,0.52632,48,0.26552,10,-2.0737
ENSG00000130988,RGN,20,0.12671,12,-0.9434,24,0.46629,34,1.03336
ENSG00000147123,NDUFB11,215,-0.2100,266,0.29886,191,-0.3732,241,0.00462
ENSG00000182872,RBM10,41,-0.1546,54,0.61178,32,-0.5592,27,-0.7817
ENSG00000130985,UBA1,104,-0.7616,185,0.47821,206,0.43871,116,-0.5067
ENSG00000102225,CDK16,110,0.20838,101,0.05383,98,-0.0252,71,-0.5389
ENSG00000102226,USP11,151,-0.7741,321,1.15705,181,-0.4048,91,-1.4684
ENSG00000008056,SYN1,295,-0.4617,539,1.30100,210,-0.9400,74,-2.5068
ENSG00000102265,TIMP1,16,-2.7862,13,-3.5691,437,3.45451,190,1.34227
ENSG00000126767,ELK1,34,-0.9581,75,0.79228,85,0.61332,19,-1.7675
ENSG00000126756,UXT,57,-0.0215,42,-0.7786,52,-0.1703,126,1.38630
ENSG00000068438,FTSJ1,11,-0.6336,18,0.38829,22,0.53035,11,-0.6166
ENSG00000102312,PORCN,12,-1.0785,32,1.25804,18,-0.3513,10,-1.2190
ENSG00000147155,EBP,18,-0.5053,26,0.18550,22,-0.1160,31,0.42852
ENSG00000068354,TBC1D25,14,-0.8968,35,1.42483,2,-3.7672,21,-0.2213
ENSG00000102317,RBM3,67,-0.2090,81,0.24834,81,0.14716,57,-0.4169
ENSG00000101940,WDR13,90,-0.2772,106,0.04266,151,0.63380,79,-0.4370
ENSG00000094631,HDAC6,25,-0.0037,21,-0.4207,41,0.81538,24,-0.0400
ENSG00000102109,PCSK1N,1175,0.45875,865,-0.2175,1055,0.20023,617,-0.6686
ENSG00000102103,PQBP1,43,-0.1306,49,0.14325,34,-0.4912,55,0.29957
ENSG00000126768,TIMM17B,50,-0.4785,67,0.07748,110,0.88987,44,-0.6353
ENSG00000102100,SLC35A2,8,-1.4754,20,-0.0614,50,1.64657,15,-0.4518
ENSG00000102096,PIM2,14,0.18402,18,1.20742,2,-2.6128,0,-4.9214
ENSG00000068308,OTUD5,44,-0.5904,71,0.44047,86,0.55746,34,-0.9403
ENSG00000068400,GRIPAP1,46,-0.5029,89,1.46106,16,-2.0048,20,-1.7170
ENSG00000068323,TFE3,53,0.56985,33,-0.4846,52,0.43779,29,-0.5294
ENSG00000243279,PRAF2,78,-0.2709,85,-0.1564,110,0.32131,115,0.40611
ENSG00000196998,WDR45,36,-0.4406,44,-0.0966,69,0.68747,49,0.09697
ENSG00000068394,GPKOW,25,0.15660,23,-0.0580,9,-1.4414,36,0.70783
ENSG00000102003,SYP,362,-0.5456,701,1.36314,264,-0.9727,101,-2.4111
ENSG00000049769,PPP1R3F,33,-0.0019,37,0.33996,42,0.39283,9,-2.0355
ENSG00000273820,USP27X,22,-0.4583,40,1.24816,18,-0.6989,4,-2.7969
ENSG00000122824,NUDT10,10,-0.7311,25,2.07902,0,-4.9409,2,-2.8425
ENSG00000196368,NUDT11,16,-1.3363,58,2.09983,13,-1.5370,7,-2.4412
ENSG00000189369,GSPT2,9,-1.1739,27,1.72967,1,-4.1900,13,-0.4415
ENSG00000179222,MAGED1,178,-0.5734,325,1.01291,161,-0.6593,127,-1.0299
ENSG00000184205,TSPYL2,64,-0.6764,123,0.95900,99,0.11050,25,-2.0438
ENSG00000126012,KDM5C,34,-0.1727,49,0.91958,6,-2.7393,28,-0.4168
ENSG00000124313,IQSEC2,50,-0.5382,99,1.46713,25,-1.5522,17,-2.0887
ENSG00000072501,SMC1A,20,-0.0147,11,-1.3948,40,1.19480,37,1.06393
ENSG00000072506,HSD17B10,33,0.14098,24,-0.6606,14,-1.2202,72,1.48729
ENSG00000086758,HUWE1,61,-0.1418,72,0.31029,64,-0.0261,48,-0.5062
ENSG00000158526,TSR2,63,-0.4969,96,0.46800,63,-0.4267,87,0.09608
ENSG00000102316,MAGED2,85,-0.6005,108,-0.2498,201,0.90469,144,0.32696
ENSG00000067445,TRO,26,-0.8802,64,1.59105,3,-3.6569,29,-0.6267
ENSG00000182518,FAM104B,20,0.84015,11,-0.4967,0,-4.6976,22,0.86121
ENSG00000256045,MTRNR2L10,168,1.19199,70,-0.8077,68,-0.5679,90,-0.1195
ENSG00000187601,MAGEH1,55,-0.5920,107,1.25602,2,-5.1152,66,-0.2099
ENSG00000083750,RRAGB,19,0.32820,19,0.49004,0,-4.9851,15,-0.1172
ENSG00000188021,UBQLN2,76,-0.7568,167,1.36478,57,-1.1061,49,-1.3607
ENSG00000204272,NBDY,50,-0.5012,82,0.74123,73,0.19883,22,-1.6746
ENSG00000204271,SPIN3,19,0.94578,13,0.13819,0,-4.5997,8,-0.7320
ENSG00000131089,ARHGEF9,84,-0.6472,171,1.30354,79,-0.6637,29,-2.2015
ENSG00000147065,MSN,21,-0.7234,7,-2.8893,107,2.34856,74,1.52928
ENSG00000089472,HEPH,23,0.40145,19,0.01699,3,-2.7097,26,0.51971
ENSG00000181704,YIPF6,20,-0.6970,31,0.16628,26,-0.2128,45,0.72415
ENSG00000181191,PJA1,46,-0.5251,89,1.36553,13,-2.3475,31,-1.0577
ENSG00000089289,IGBP1,28,-0.7353,50,0.52054,67,0.78336,15,-1.5478
ENSG00000120509,PDZD11,48,0.02838,44,-0.1921,47,0.00418,58,0.35212
ENSG00000082458,DLG3,31,-0.7576,74,1.71137,19,-1.4676,7,-2.7977
ENSG00000147164,SNX12,32,-0.2153,47,0.92431,7,-2.4489,27,-0.4190
ENSG00000196338,NLGN3,71,-0.0663,80,0.23211,3,-4.4967,125,0.91406
ENSG00000147130,ZMYM3,35,-0.0160,46,0.92528,13,-1.4748,13,-1.4980
ENSG00000147140,NONO,55,-0.6750,91,0.43919,70,-0.1955,90,0.19860
ENSG00000147162,OGT,37,-0.9078,77,0.75925,39,-0.7019,69,0.18602
ENSG00000242732,RTL5,10,-0.3741,16,0.80638,0,-4.6153,15,0.34319
ENSG00000102309,PIN4,72,0.08380,71,0.07435,65,-0.0915,60,-0.2409
ENSG00000198034,RPS4X,577,-0.5272,586,-0.6950,1459,1.12401,1185,0.74237
ENSG00000125931,CITED1,13,0.18431,14,0.66437,7,-0.8407,3,-1.8435
ENSG00000186462,NAP1L2,81,-0.8406,195,1.57125,64,-1.1044,33,-2.0855
ENSG00000204116,CHIC1,33,-0.0749,45,0.87749,28,-0.3437,3,-3.6958
ENSG00000229807,XIST,45,-0.9635,97,0.69366,25,-1.7277,122,0.75937
ENSG00000230590,FTX,15,-0.7613,21,-0.3089,51,1.37543,22,-0.0864
ENSG00000225470,JPX,48,0.17137,39,-0.3405,50,0.21605,50,0.22994
ENSG00000147100,SLC16A2,15,-0.4917,28,1.21520,8,-1.3371,9,-1.2706
ENSG00000131263,RLIM,39,-0.9849,95,1.19380,50,-0.4799,36,-0.9893
ENSG00000050030,NEXMIF,17,-0.4851,35,1.90553,0,-5.4361,2,-3.2246
ENSG00000198934,MAGEE1,26,-1.0637,66,1.15820,56,0.26508,9,-2.4559
ENSG00000085224,ATRX,80,-0.6471,126,0.31375,159,0.55723,88,-0.4169
ENSG00000131174,COX7B,469,0.10363,429,-0.1049,567,0.40660,339,-0.4402
ENSG00000102144,PGK1,204,-0.5937,339,0.59186,317,0.19887,173,-0.7747
ENSG00000187325,TAF9B,25,-0.4170,35,0.30173,30,-0.0589,32,0.03302
ENSG00000078596,ITM2A,25,-1.5465,35,-1.3322,244,2.72112,64,0.04261
ENSG00000131171,SH3BGRL,106,-0.2461,99,-0.5218,222,1.06054,136,0.19448
ENSG00000155008,APOOL,14,-0.4324,16,-0.1295,26,0.70983,19,0.12706
ENSG00000147180,ZNF711,11,-1.0075,30,1.34473,6,-1.7684,16,-0.3620
ENSG00000188419,CHM,21,-0.4670,37,1.10597,5,-2.4750,21,-0.3969
ENSG00000126733,DACH2,12,-0.2020,21,1.72047,0,-4.6804,0,-5.7758
ENSG00000186310,NAP1L3,90,-1.0761,235,1.31436,122,-0.4917,76,-1.2129
ENSG00000165194,PCDH19,23,-0.2363,40,1.74544,0,-5.6522,1,-4.4850
ENSG00000126950,TMEM35A,34,-0.1630,49,0.93967,24,-0.7010,9,-2.0882
ENSG00000102385,DRP2,14,-0.2238,24,1.33375,8,-1.1446,0,-6.7760
ENSG00000241343,RPL36A,805,-0.0911,639,-0.7149,1528,1.03255,1060,0.38175
ENSG00000126945,HNRNPH2,88,-0.4747,134,0.52569,101,-0.1871,95,-0.2848
ENSG00000196440,ARMCX4,10,-0.8904,19,0.35383,23,0.49079,16,-0.0754
ENSG00000126947,ARMCX1,22,-0.7841,46,1.12713,24,-0.5250,16,-1.1228
ENSG00000198960,ARMCX6,17,-0.1712,18,-0.0126,0,-5.1705,40,1.37117
ENSG00000102401,ARMCX3,57,-0.4163,83,0.46386,86,0.30982,40,-0.9241
ENSG00000184867,ARMCX2,39,-0.4307,65,0.94137,29,-0.8331,27,-0.9261
ENSG00000184905,TCEAL2,189,-0.1349,265,0.91851,65,-1.7703,118,-0.8607
ENSG00000204071,TCEAL6,52,-0.1840,83,1.43022,5,-3.6930,15,-2.0715
ENSG00000184515,BEX5,183,-0.3021,303,1.25321,96,-1.2669,45,-2.3813
ENSG00000198932,GPRASP1,70,-0.4960,129,1.23587,62,-0.6297,16,-2.6434
ENSG00000158301,GPRASP2,43,-0.6451,83,1.10333,56,-0.1478,13,-2.3257
ENSG00000133169,BEX1,462,-0.5391,930,1.59061,197,-1.7846,113,-2.6098
ENSG00000102409,BEX4,230,-0.4495,378,0.87100,164,-0.9170,203,-0.5849
ENSG00000180964,TCEAL8,63,-0.2431,65,-0.2493,127,0.99569,58,-0.3364
ENSG00000204065,TCEAL5,40,-0.7070,81,1.04264,59,-0.0238,16,-2.0198
ENSG00000133134,BEX2,242,-0.4112,412,1.10090,178,-0.8376,105,-1.6501
ENSG00000182916,TCEAL7,70,-0.5133,117,0.76450,66,-0.5421,68,-0.4978
ENSG00000185222,TCEAL9,33,-0.0826,28,-0.5230,48,0.53702,50,0.60553
ENSG00000166681,BEX3,573,-0.3677,845,0.61960,634,-0.1563,420,-0.8101
ENSG00000133142,TCEAL4,141,-0.4604,199,0.27641,169,-0.1139,204,0.19584
ENSG00000196507,TCEAL3,81,-0.4091,96,-0.1231,121,0.30715,137,0.52461
ENSG00000172465,TCEAL1,32,-0.7391,69,1.33088,18,-1.5368,27,-0.9009
ENSG00000123562,MORF4L2,206,-0.5628,383,1.10585,133,-1.1776,165,-0.8439
ENSG00000123560,PLP1,72,-4.5856,669,-1.5540,183,-3.0095,7537,4.13320
ENSG00000123570,RAB9B,15,-0.6141,33,1.81882,3,-2.6412,3,-2.8346
ENSG00000123575,FAM199X,54,-0.1187,77,0.97804,21,-1.5842,26,-1.2580
ENSG00000147224,PRPS1,44,-0.7106,85,0.85708,64,-0.0442,34,-1.0440
ENSG00000157514,TSC22D3,64,-0.5364,82,-0.1334,142,0.86957,89,0.05523
ENSG00000101843,PSMD10,29,-0.9725,64,0.76969,37,-0.5079,54,0.10533
ENSG00000068366,ACSL4,43,-0.7764,101,1.73090,16,-2.1077,19,-1.9135
ENSG00000101938,CHRDL1,38,0.97360,27,0.40479,0,-5.2898,6,-2.1561
ENSG00000077264,PAK3,93,-0.5983,186,1.34593,95,-0.4945,10,-3.8477
ENSG00000101901,ALG13,13,-0.5715,20,0.23653,27,0.64926,13,-0.4808
ENSG00000126016,AMOT,39,0.40829,25,-0.6037,6,-2.5482,70,1.39123
ENSG00000102024,PLS3,31,-0.8656,41,-0.5515,86,0.91011,92,1.04893
ENSG00000174460,ZCCHC12,29,-0.7355,65,1.52051,20,-1.2465,12,-1.9828
ENSG00000101856,PGRMC1,118,-1.1508,304,1.00991,146,-0.7037,219,-0.0583
ENSG00000005022,SLC25A5,136,0.26642,120,0.02864,53,-1.2583,145,0.33282
ENSG00000018610,CXorf56,16,-0.0204,20,0.76061,0,-4.9503,15,-0.0779
ENSG00000077721,UBE2A,24,-0.8696,47,0.58310,37,-0.0864,40,0.03190
ENSG00000186416,NKRF,14,-0.8981,34,1.29064,11,-1.1399,15,-0.7647
ENSG00000125354,SEPTIN6,24,-0.0193,33,0.99200,11,-1.2986,6,-2.1027
ENSG00000198918,RPL39,1009,-0.2103,818,-0.8116,2381,1.32709,1349,0.29956
ENSG00000125351,UPF3B,12,-0.9357,18,-0.3500,52,1.62606,18,-0.2696
ENSG00000125356,NDUFA1,520,0.09960,465,-0.1658,582,0.27568,466,-0.0933
ENSG00000101882,NKAP,18,-0.1545,19,-0.1374,7,-1.5910,39,1.20752
ENSG00000177485,ZBTB33,15,-0.3096,19,0.23141,11,-0.6412,23,0.45885
ENSG00000005893,LAMP2,39,-1.5330,54,-1.3322,71,-0.4883,402,2.92307
ENSG00000158290,CUL4B,27,-0.7094,54,1.10451,35,-0.1765,11,-1.9405
ENSG00000232119,MCTS1,56,-0.5565,104,1.11172,36,-1.1579,43,-0.8932
ENSG00000125675,GRIA3,54,-1.4759,205,2.12552,57,-1.2323,22,-2.6591
ENSG00000125676,THOC2,14,-1.4736,31,-0.0893,87,1.81368,19,-0.8378
ENSG00000101966,XIAP,40,-0.5928,78,1.18507,7,-3.0561,48,-0.2451
ENSG00000101972,STAG2,29,-0.4144,31,-0.3914,49,0.51621,57,0.78645
ENSG00000009694,TENM1,16,-0.9730,46,2.19458,5,-2.5192,2,-3.8488
ENSG00000102038,SMARCA1,21,-0.5524,40,1.07778,5,-2.5991,26,-0.1618
ENSG00000122126,OCRL,25,-1.0134,67,1.55369,25,-0.9500,15,-1.6508
ENSG00000188706,ZDHHC9,7,-2.2770,26,-0.4228,32,0.12337,91,2.06271
ENSG00000156709,AIFM1,13,-0.2296,15,0.06631,20,0.52175,11,-0.4119
ENSG00000102078,SLC25A14,17,-0.2622,27,1.02173,15,-0.4364,2,-3.0436
ENSG00000171004,HS6ST2,9,-1.6662,42,2.61755,0,-5.5465,8,-1.7034
ENSG00000156531,PHF6,13,-0.2724,19,0.72993,0,-4.8579,19,0.36016
ENSG00000165704,HPRT1,70,-1.0207,193,1.80010,73,-0.8385,7,-4.1444
ENSG00000156504,FAM122B,14,-1.0735,38,1.31158,26,-0.0698,6,-2.1756
ENSG00000134590,RTL8C,307,-0.2466,431,0.67923,260,-0.4811,202,-0.8752
ENSG00000203950,RTL8A,40,-0.5168,48,-0.2829,78,0.66432,74,0.57349
ENSG00000196972,SMIM10L2B,50,-0.0177,73,1.32152,4,-3.6569,11,-2.3709
ENSG00000178947,SMIM10L2A,66,-0.1063,95,1.07354,20,-1.9068,27,-1.4719
ENSG00000169446,MMGT1,22,0.12204,20,-0.0363,12,-0.8448,27,0.48291
ENSG00000198689,SLC9A6,78,-0.6873,164,1.34348,65,-0.8939,36,-1.7853
ENSG00000022267,FHL1,131,-0.2067,154,0.14775,199,0.52098,94,-0.7122
ENSG00000102241,HTATSF1,66,-0.2628,85,0.30140,67,-0.2235,74,-0.0462
ENSG00000129675,ARHGEF6,17,-0.2953,14,-0.8772,38,1.13606,31,0.76133
ENSG00000147274,RBMX,43,-0.6239,57,-0.1627,84,0.56413,85,0.57981
ENSG00000129682,FGF13,70,-0.6458,139,1.19095,78,-0.4025,25,-2.1380
ENSG00000203930,LINC00632,344,0.90248,64,-2.5700,649,1.99162,196,-0.2135
ENSG00000182195,LDOC1,50,-0.8637,107,0.93846,60,-0.4938,62,-0.4285
ENSG00000179542,SLITRK4,52,-0.0757,77,1.31940,10,-2.4609,8,-2.7712
ENSG00000185985,SLITRK2,34,0.23267,33,0.30946,0,-5.8601,39,0.44367
ENSG00000102081,FMR1,42,-0.4708,64,0.50788,69,0.38636,27,-1.1203
ENSG00000010404,IDS,1116,0.26500,1136,0.47783,714,-0.5041,315,-1.7610
ENSG00000269556,TMEM185A,14,-0.1744,16,0.14944,13,-0.2718,18,0.19204
ENSG00000013619,MAMLD1,11,-0.8730,21,0.55037,20,0.23154,15,-0.2362
ENSG00000063601,MTMR1,19,-0.0558,23,0.46792,16,-0.3428,12,-0.8054
ENSG00000102181,CD99L2,66,-0.3671,97,0.62878,34,-1.3471,86,0.11770
ENSG00000029993,HMGB3,31,0.64326,20,-0.3020,30,0.45053,8,-1.5524
ENSG00000160131,VMA21,64,-0.3838,88,0.35975,71,-0.1667,76,-0.0452
ENSG00000130032,PRRG3,12,-0.2459,20,1.46746,0,-4.7540,4,-1.7441
ENSG00000011677,GABRA3,12,-1.5694,50,1.99540,20,-0.6804,4,-2.9872
ENSG00000147400,CETN2,53,-0.4687,66,-0.0662,126,1.07511,47,-0.6022
ENSG00000147383,NSDHL,8,-1.2170,21,0.65403,24,0.49883,13,-0.4411
ENSG00000183837,PNMA3,35,-0.1373,54,1.25106,0,-5.6678,18,-1.1505
ENSG00000235961,PNMA6A,26,-0.5894,42,0.46566,55,0.71688,14,-1.4871
ENSG00000225110,PNMA6F,8,-1.3655,30,2.71444,1,-3.4200,0,-4.9816
ENSG00000182492,BGN,12,-2.0945,5,-3.8982,197,3.14444,108,1.63002
ENSG00000067842,ATP2B3,17,-1.3277,52,1.28736,47,0.42482,3,-3.4983
ENSG00000262919,CCNQ,35,-0.3684,46,0.21288,64,0.69134,24,-0.9130
ENSG00000130822,PNCK,90,-0.5099,168,1.27828,65,-0.9662,32,-2.0161
ENSG00000130821,SLC6A8,84,0.00940,78,-0.1950,19,-2.2953,171,1.25487
ENSG00000185825,BCAP31,143,-0.3484,209,0.60506,124,-0.5394,138,-0.3676
ENSG00000067829,IDH3G,69,-0.3164,107,0.88997,41,-1.0744,50,-0.8004
ENSG00000180879,SSR4,124,-0.7411,128,-0.9401,358,1.13733,377,1.23780
ENSG00000067840,PDZD4,164,-0.1217,233,0.99991,64,-1.5699,74,-1.3539
ENSG00000198910,L1CAM,39,-0.9569,97,1.48010,56,-0.2778,6,-3.5665
ENSG00000089820,ARHGAP4,12,-0.0754,15,0.49274,3,-2.0389,15,0.20649
ENSG00000102030,NAA10,65,-0.1433,64,-0.2228,118,0.90164,53,-0.4270
ENSG00000172534,HCFC1,35,-0.2950,44,0.19725,52,0.38549,31,-0.4451
ENSG00000184216,IRAK1,25,0.65927,19,0.18191,0,-5.1659,17,-0.0715
ENSG00000169057,MECP2,30,-0.6076,43,0.09824,52,0.34678,50,0.30195
ENSG00000196924,FLNA,17,-3.1549,22,-3.2623,701,4.26258,130,0.14951
ENSG00000102119,EMD,23,-0.7999,43,0.60649,23,-0.6750,44,0.34525
ENSG00000147403,RPL10,689,-0.5532,579,-1.1483,2182,1.53563,1573,0.90578
ENSG00000197180,AC244090.1,22,0.27506,15,-0.5203,24,0.41306,21,0.21187
ENSG00000071553,ATP6AP1,168,-0.4671,260,0.59969,189,-0.2127,161,-0.4693
ENSG00000203879,GDI1,349,-0.8036,749,1.13376,303,-0.9321,362,-0.6573
ENSG00000071859,FAM50A,42,-0.4872,54,0.00154,44,-0.3472,90,0.86670
ENSG00000196976,LAGE3,113,0.09317,117,0.24934,70,-0.6925,98,-0.1597
ENSG00000102178,UBL4A,39,-0.1249,50,0.56617,39,-0.0942,17,-1.4108
ENSG00000071889,FAM3A,24,-1.0388,43,-0.0698,49,0.18051,83,1.08982
ENSG00000160211,G6PD,20,-0.3232,24,0.02446,28,0.25517,27,0.18512
ENSG00000269335,IKBKG,16,-0.1892,20,0.36892,0,-5.1101,29,0.86158
ENSG00000130826,DKC1,15,-0.3825,21,0.40945,10,-0.9480,23,0.38202
ENSG00000130830,MPP1,27,-0.3245,42,0.89379,12,-1.4776,23,-0.5151
ENSG00000277203,F8A1,11,-0.6338,23,1.20082,6,-1.3887,9,-0.8258
ENSG00000165775,FUNDC2,86,0.28129,66,-0.3310,64,-0.2476,96,0.43007
ENSG00000182712,CMC4,16,-0.6500,18,-0.6599,51,1.40587,30,0.44280
ENSG00000155959,VBP1,76,-0.1008,94,0.50188,57,-0.5529,56,-0.5654
ENSG00000155961,RAB39B,17,-0.9377,43,1.60941,15,-1.0363,7,-2.0433
ENSG00000124333,VAMP7,18,-0.7821,31,0.25067,47,0.85621,20,-0.5511
ENSG00000198888,MT-ND1,27579,1.01253,14223,-0.4969,11380,-0.6590,13747,-0.3591
ENSG00000198763,MT-ND2,26036,1.15657,11087,-0.8108,11492,-0.4599,14234,-0.1150
ENSG00000198804,MT-CO1,59135,1.29238,25888,-0.6238,20123,-0.7867,21182,-0.7063
ENSG00000198712,MT-CO2,56171,1.16209,27008,-0.5200,20545,-0.7531,22027,-0.6438
ENSG00000228253,MT-ATP8,1989,1.26213,745,-1.0031,1146,0.03943,849,-0.4473
ENSG00000198899,MT-ATP6,46158,1.09219,23109,-0.4894,18736,-0.6336,18727,-0.6344
ENSG00000198840,MT-ND3,28768,1.10602,14380,-0.4794,11546,-0.6426,11119,-0.7018
ENSG00000212907,MT-ND4L,2916,1.27467,1077,-1.0218,1363,-0.2935,1557,-0.0780
ENSG00000198886,MT-ND4,37280,1.12779,17908,-0.5556,15516,-0.5714,15210,-0.6028
ENSG00000198786,MT-ND5,7298,1.38739,2442,-1.1421,3406,-0.2283,3562,-0.1553
ENSG00000198695,MT-ND6,274,1.01140,139,-0.5436,111,-0.6848,149,-0.2150
ENSG00000198727,MT-CYB,27336,1.09618,13145,-0.5838,11926,-0.5170,12212,-0.4793
ENSG00000278817,AC007325.4,38,-0.5293,52,0.05632,48,-0.1095,76,0.67462
