Barcode,Topic 1to4,Topic 5to6,Topic 7,Topic 8to11
AAACAACGAATAGTTC-1,0.656278,0.103019,0.022447,0.218256
AAACAAGTATCTCCCA-1,0.479299,0.049658,0.084162,0.386881
AAACAATCTACTAGCA-1,0.710173,0.019936,0.10353,0.166362
AAACAGAGCGACTCCT-1,0.687876,0.144179,0.025251,0.142695
AAACAGTGTTCCTGGG-1,0.386679,0.090062,0.181848,0.341411
AAACATTTCCCGGATT-1,0.569186,0.00316,0.222265,0.205389
AAACCACTACACAGAT-1,0.468736,0.007272,0.300415,0.223576
AAACCCGAACGAAATC-1,0.050059,0.177255,0.411331,0.361355
AAACCGGAAATGTTAA-1,0.698509,0.003306,0.12936,0.168824
AAACCGTTCGTCCAGG-1,0.833259,0.009243,0.055782,0.101715
AAACCTAAGCAGCCGG-1,0.259121,0.086195,0.496842,0.157842
AAACGAAGAACATACC-1,0.950467,0.000038,0.00743,0.042065
AAACGACAGTCTTGCC-1,0.589947,0.012068,0.272529,0.125456
AAACGAGACGGTTGAT-1,0.884349,0.052363,0.000097,0.063191
AAACGCCCGAGATCGG-1,0.80794,0.000044,0.12285,0.069165
AAACGCTGGGCACGAC-1,0.996865,0.000896,0.000448,0.001792
AAACGGGCGTACGGGT-1,0.165765,0.036188,0.612108,0.185938
AAACGGGTTGGTATCC-1,0.801386,0.033268,0.067757,0.097589
AAACGGTTGCGAACTG-1,0.557943,0.000153,0.098752,0.343152
AAACGTGTTCGCCCTA-1,0.122696,0.451593,0.146118,0.279592
AAACTAACGTGGCGAC-1,0.35462,0.104511,0.149739,0.391131
AAACTCGGTTCGCAAT-1,0.601529,0.002718,0.218239,0.177514
AAACTCGTGATATAAG-1,0.537217,0.272647,0.016642,0.173495
AAACTGCTGGCTCCAA-1,0.996682,0.000084,0.000042,0.003193
AAAGAATGTGGACTAA-1,0.467735,0.000719,0.356856,0.174689
AAAGACATGAAGTTTA-1,0.717098,0.000035,0.13434,0.148527
AAAGACCCAAGTCGCG-1,0.485245,0.291545,0.04052,0.18269
AAAGCTTGCCTACATA-1,0.011787,0.701115,0.209731,0.077366
AAAGGCCCTATAATAC-1,0.876863,0.002357,0.014509,0.106271
AAAGGCTACGGACCAT-1,0.922135,0.006321,0.010185,0.061359
AAAGGCTCTCGCGCCG-1,0.707496,0.110189,0.014609,0.167706
AAAGGGATGTAGCAAG-1,0.999735,0.000076,0.000038,0.000151
AAAGGGCAGCTTGAAT-1,0.770505,0.054579,0.047652,0.127264
AAAGGTAAGCTGTACC-1,0.544616,0.03244,0.028877,0.394067
AAAGGTCAACGACATG-1,0.481643,0.045015,0.346215,0.127128
AAAGTCACTGATGTAA-1,0.514823,0.155121,0.014068,0.315988
AAAGTGCCATCAATTA-1,0.998891,0.000317,0.000158,0.000634
AAAGTGTGATTTATCT-1,0.202324,0.090703,0.031927,0.675045
AAAGTTGACTCCCGTA-1,0.488801,0.380313,0.005545,0.125341
AAATAACCATACGGGA-1,0.668336,0.061508,0.015032,0.255124
AAATAAGGTAGTGCCC-1,0.153802,0.505303,0.025667,0.315228
AAATACCTATAAGCAT-1,0.71979,0.179292,0.003833,0.097085
AAATAGCTTAGACTTT-1,0.515314,0.160744,0.02137,0.302572
AAATAGGGTGCTATTG-1,0.787136,0.04137,0.04235,0.129145
AAATCACTCCTAAACG-1,0.196847,0.000143,0.070592,0.732418
AAATCCGATACACGCC-1,0.489492,0.003304,0.367751,0.139453
AAATCTAGCCCTGCTA-1,0.244331,0.054942,0.365054,0.335673
AAATGACTGATCAAAC-1,0.436439,0.035351,0.213806,0.314404
AAATGATTCGATCAGC-1,0.143221,0.524605,0.064135,0.268038
AAATGCTCGTTACGTT-1,0.814734,0.092848,0.053575,0.038843
AAATGGCATGTCTTGT-1,0.999829,0.000049,0.000024,0.000098
AAATGGTCAATGTGCC-1,0.874424,0.059797,0.015358,0.05042
AAATGTGGGTGCTCCT-1,0.317276,0.025505,0.526311,0.130908
AAATTACACGACTCTG-1,0.555358,0.194216,0.007078,0.243348
AAATTACCTATCGATG-1,0.999619,0.000109,0.000054,0.000218
AAATTCCAGGTCCAAA-1,0.349687,0.228103,0.02327,0.39894
AAATTGCGGCGGTTCT-1,0.717006,0.10522,0.016631,0.161144
AAATTGGTGAGAAGCA-1,0.185352,0.384611,0.079108,0.35093
AAATTTACCGAAATCC-1,0.662419,0.002056,0.123277,0.212248
AACAACTGGTAGTTGC-1,0.714424,0.106132,0.018398,0.161045
AACAATACATTGTCGA-1,0.54371,0.285868,0.01082,0.159602
AACAATTACTCTACGC-1,0.832751,0.045702,0.017925,0.103622
AACACACGCTCGCCGC-1,0.036884,0.298799,0.260394,0.403923
AACACGACTGTACTGA-1,0.977126,0.000074,0.000037,0.022763
AACACGCGGCCGCGAA-1,0.864282,0.005321,0.000513,0.129884
AACAGCTGTGTGGCAA-1,0.991183,0.000089,0.000044,0.008683
AACAGGAAATCGAATA-1,0.572449,0.160758,0.01158,0.255213
AACAGGATGGGCCGCG-1,0.614282,0.021288,0.001541,0.362888
AACAGGTAGTATGGAT-1,0.459944,0.010331,0.12039,0.409334
AACATAGCGTGTATCG-1,0.270044,0.182877,0.416947,0.130132
AACATATCAACTGGTG-1,0.749138,0.080342,0.01825,0.15227
AACATCGATACGTCTA-1,0.52824,0.2366,0.035006,0.200155
AACATTGAAGTTGATC-1,0.902008,0.009487,0.003425,0.08508
AACATTGGTCAGCCGT-1,0.733543,0.088163,0.006327,0.171967
AACATTGTGACTCGAG-1,0.767226,0.040473,0.014252,0.178049
AACCAAGACTTCTCTG-1,0.467726,0.000367,0.000183,0.531724
AACCAGTATCACTCTT-1,0.538453,0.031882,0.151197,0.278468
AACCATGGGATCGCTA-1,0.78653,0.047609,0.021876,0.143985
AACCCAGAGACGGAGA-1,0.959921,0.005867,0.000031,0.034181
AACCCGACAACCCGTG-1,0.391065,0.237353,0.050916,0.320666
AACCCGAGCAGAATCG-1,0.560444,0.004387,0.387727,0.047441
AACCCGATAGGGCTTC-1,0.051568,0.096976,0.652018,0.199438
AACCCGCTGTATTCCA-1,0.371656,0.011775,0.351748,0.264821
AACCCTACTGTCAATA-1,0.349522,0.539937,0.006239,0.104301
AACCCTGGTGGAACCA-1,0.142937,0.307519,0.259207,0.290337
AACCGAGCTTGGTCAT-1,0.912089,0.064502,0.000046,0.023362
AACCGCTAAGGGATGC-1,0.47168,0.175069,0.052275,0.300975
AACCGTTGTGTTTGCT-1,0.423882,0.155772,0.036751,0.383595
AACCTAAAGCCGTCCG-1,0.711473,0.000047,0.201528,0.086952
AACCTCGCTTTAGCCC-1,0.358174,0.00906,0.38331,0.249456
AACCTGTCACGGAATT-1,0.047392,0.406408,0.148554,0.397646
AACCTTTAAATACGGT-1,0.121014,0.533349,0.072672,0.272965
AACCTTTACGACGTCT-1,0.920165,0.001344,0.004097,0.074394
AACGACCTCCTAGCCG-1,0.984477,0.004435,0.002218,0.00887
AACGATAATGCCGTAG-1,0.757381,0.028698,0.003418,0.210503
AACGATAGAAGGGCCG-1,0.976603,0.000042,0.000021,0.023335
AACGATATGTCAACTG-1,0.999669,0.000094,0.000047,0.000189
AACGCATGATCTGGGT-1,0.295361,0.421391,0.008868,0.27438
AACGCGAACGGCAACA-1,0.766075,0.05776,0.068363,0.107802
AACGCGACCTTGGGCG-1,0.849014,0.00163,0.001195,0.148161
AACGCGGTCTCCAGCC-1,0.713636,0.233617,0.003081,0.049667
AACGCTGTTGCTGAAA-1,0.664549,0.060888,0.077736,0.196827
AACGGACGTACGTATA-1,0.368949,0.120284,0.050464,0.460303
AACGTACTGTGGGTAC-1,0.837553,0.000104,0.026014,0.136329
AACGTAGTCTACCCAT-1,0.508259,0.005341,0.205986,0.280414
AACGTCAGACTAGTGG-1,0.63326,0.163853,0.01306,0.189828
AACGTCATCCGGCTTG-1,0.534698,0.001076,0.338729,0.125497
AACGTCGCTGCACTTC-1,0.990908,0.002598,0.001299,0.005195
AACGTGATGAAGGACA-1,0.359364,0.013735,0.185899,0.441002
AACGTTCTACCATTGT-1,0.982322,0.005051,0.002525,0.010102
AACTACCCGTTTGTCA-1,0.541586,0.007056,0.060407,0.390951
AACTAGCGTATCGCAC-1,0.981389,0.00006,0.00003,0.018521
AACTAGGCTTGGGTGT-1,0.775195,0.133515,0.008,0.08329
AACTCAAGTTAATTGC-1,0.782235,0.027185,0.011511,0.179068
AACTCCAGAGCGTGTT-1,0.266458,0.059974,0.532078,0.141489
AACTCCTAATCCCATG-1,0.968323,0.00007,0.000035,0.031572
AACTCGATGGCGCAGT-1,0.810134,0.049241,0.08099,0.059635
AACTCTCAATAGAGCG-1,0.496452,0.369845,0.007311,0.126392
AACTCTCAGTGTGCTC-1,0.881697,0.000307,0.000154,0.117842
AACTGAGGTCAGCGTC-1,0.281589,0.137277,0.109875,0.471259
AACTGAGTTATACTGA-1,0.180902,0.082902,0.529247,0.20695
AACTGATATTAGGCCT-1,0.916838,0.060572,0.000025,0.022564
AACTGGGTCCCGACGT-1,0.472695,0.226213,0.009866,0.291226
AACTGGGTTCGAGCCG-1,0.734037,0.000053,0.215816,0.050095
AACTGGTGTGGGCCTT-1,0.998024,0.000073,0.000037,0.001866
AACTTCTGCGTCTATC-1,0.849122,0.00032,0.005894,0.144664
AACTTGCCCGTATGCA-1,0.769728,0.065534,0.05842,0.106317
AACTTGCGTTCTCGCG-1,0.815131,0.073314,0.015241,0.096314
AACTTTAGCTGCTGAG-1,0.928426,0.000628,0.007768,0.063179
AACTTTCTCGATCATG-1,0.111943,0.620074,0.078926,0.189057
AAGAAATCACCAGATT-1,0.370835,0.19906,0.062385,0.367721
AAGAAGGATCAGTTAG-1,0.792405,0.019366,0.06049,0.127739
AAGACATACGTGGTTT-1,0.995066,0.00141,0.000705,0.002819
AAGACCCAACTGAACA-1,0.402373,0.347927,0.044454,0.205246
AAGACTAACCCGTTGT-1,0.802705,0.060165,0.006035,0.131094
AAGACTCACGCCCACT-1,0.77798,0.002909,0.148812,0.070299
AAGAGATGAATCGGTA-1,0.817541,0.054367,0.01343,0.114662
AAGAGCTCTTTATCGG-1,0.835585,0.16327,0.000229,0.000916
AAGAGGATGTACGCGA-1,0.820973,0.000061,0.033516,0.145449
AAGAGGCATGGATCGC-1,0.881383,0.000236,0.000118,0.118264
AAGAGGCCCTTTGGAA-1,0.314181,0.061093,0.367701,0.257025
AAGATGGCACCGGACC-1,0.927099,0.00006,0.00003,0.072811
AAGATTGGCGGAACGT-1,0.999599,0.000114,0.000057,0.000229
AAGCACCCTGCGTATC-1,0.046079,0.268915,0.490908,0.194098
AAGCATACTCTCCTGA-1,0.63906,0.162431,0.010346,0.188162
AAGCCACTTGCAGGTA-1,0.974897,0.004306,0.000043,0.020754
AAGCCGAAGCGGTTTA-1,0.368196,0.013233,0.217702,0.400869
AAGCCGCCGTGAAATC-1,0.849058,0.010461,0.019373,0.121108
AAGCCGCTTTACCTTG-1,0.278913,0.256873,0.203317,0.260897
AAGCCGGAGAGCAGGA-1,0.399975,0.024174,0.419281,0.156569
AAGCGCAGGGCTTTGA-1,0.470366,0.003104,0.300347,0.226184
AAGCGGAGTGCGCGCA-1,0.221694,0.268533,0.177535,0.332238
AAGCGGCGTCATGGGT-1,0.241642,0.101194,0.098409,0.558755
AAGCGTCCCTCATCGA-1,0.69974,0.190565,0.000034,0.109661
AAGCTAGATCGAGTAA-1,0.674436,0.096477,0.041655,0.187432
AAGCTCTTTCATGGTG-1,0.541076,0.004821,0.174533,0.279571
AAGGAGAACTTATAAG-1,0.97028,0.000036,0.009476,0.020208
AAGGAGCGGTTGGTGC-1,0.991981,0.000129,0.000065,0.007825
AAGGATCGATCGCTTG-1,0.470557,0.200252,0.037863,0.291327
AAGGATGAGGGACCTC-1,0.875045,0.011728,0.000925,0.112302
AAGGCAGGCTGTCTCC-1,0.176754,0.306618,0.255133,0.261495
AAGGCGCGTAAAGCTT-1,0.935621,0.029406,0.000028,0.034945
AAGGCTGTGCTCATCG-1,0.786831,0.037709,0.007576,0.167884
AAGGGAACGACTGGCT-1,0.863699,0.023384,0.047307,0.065611
AAGGGACAGATTCTGT-1,0.99959,0.000117,0.000059,0.000234
AAGGGACTATGCATTC-1,0.853681,0.008555,0.064803,0.072961
AAGGGTTAGCCATGCG-1,0.998242,0.000502,0.000251,0.001005
AAGGTATCCTAATATA-1,0.999672,0.000094,0.000047,0.000187
AAGGTGATAAACCAGC-1,0.218059,0.445992,0.175637,0.160313
AAGTAAGCTTCCAAAC-1,0.385613,0.017381,0.271828,0.325178
AAGTAGAAGACCGGGT-1,0.698954,0.203542,0.002852,0.094651
AAGTAGTGACGCGAGG-1,0.912617,0.036695,0.000053,0.050634
AAGTCAATTGTCGTCA-1,0.337759,0.167942,0.085374,0.408925
AAGTCTAGTAGCTGCC-1,0.243803,0.26834,0.019603,0.468254
AAGTGAGTCGGGTTTA-1,0.804504,0.065741,0.00003,0.129725
AAGTGCCTTGACTGTA-1,0.43305,0.135729,0.023564,0.407657
AAGTGCTTCTCTATTG-1,0.78566,0.09102,0.035544,0.087776
AAGTGTTTGGAGACGG-1,0.337254,0.20724,0.133255,0.322252
AAGTTCACTCCAAGCT-1,0.256824,0.150927,0.285402,0.306847
AAGTTCAGTCTGCGTA-1,0.301657,0.40304,0.007546,0.287757
AAGTTGTGATGTTATA-1,0.009842,0.259298,0.580223,0.150637
AAGTTTACTAATGGCA-1,0.464966,0.008255,0.06051,0.466269
AAGTTTATGGGCCCAA-1,0.195731,0.012319,0.597909,0.194041
AATAACAACGCTCGGC-1,0.766583,0.066221,0.023483,0.143713
AATAACACTAGAACAA-1,0.82122,0.02065,0.000074,0.158056
AATAACGTCGCGCCCA-1,0.996719,0.000937,0.000469,0.001875
AATAAGTCCTCGAGAC-1,0.998071,0.000041,0.000417,0.001471
AATAATCTTCGTATCG-1,0.483048,0.051878,0.198446,0.266627
AATACAATGTTTCAGG-1,0.840167,0.007716,0.05786,0.094257
AATACCGGAGGGCTGT-1,0.77478,0.136488,0.005331,0.083402
AATACCTGATGTGAAC-1,0.992512,0.002139,0.00107,0.004279
AATAGAACAGAGTGGC-1,0.868704,0.005793,0.033567,0.091936
AATAGAATCTGTTTCA-1,0.457989,0.343443,0.051411,0.147157
AATAGCAAGCCTCCTG-1,0.707066,0.007124,0.17057,0.11524
AATAGCTACCGCGTGC-1,0.536379,0.184948,0.030391,0.248282
AATAGGCACGACCCTT-1,0.565294,0.091969,0.009382,0.333356
AATAGTCCGTCCCGAC-1,0.191503,0.607206,0.029324,0.171968
AATATCAAGGTCGGAT-1,0.874161,0.029752,0.005908,0.090179
AATATCGAATCAATGC-1,0.514543,0.008766,0.172219,0.304472
AATATCGAGGGTTCTC-1,0.728406,0.109986,0.000045,0.161563
AATCAGACTGCAGGAC-1,0.828931,0.017026,0.060249,0.093794
AATCAGGTTTCATTTA-1,0.945994,0.010563,0.000036,0.043407
AATCATGTAAAGACTC-1,0.09476,0.060161,0.406447,0.438632
AATCCAAGGGCCTGAG-1,0.809171,0.08884,0.005852,0.096137
AATCCATGCAAGGGTG-1,0.808099,0.037024,0.047754,0.107123
AATCCCGCTCAGAGCC-1,0.243379,0.016488,0.613872,0.126261
AATCGAGGTCTCAAGG-1,0.376974,0.027683,0.363197,0.232145
AATCGCCTCAGCGCCA-1,0.973872,0.000246,0.000123,0.025759
AATCGCGCAGAGGACT-1,0.303221,0.132336,0.092974,0.471469
AATCGGGACACTACGA-1,0.778553,0.036813,0.007578,0.177056
AATCGGTATAGCCCTC-1,0.980112,0.005682,0.002841,0.011365
AATCGTGAGCCGAGCA-1,0.661128,0.016848,0.230202,0.091821
AATCTATGCCGGAGCC-1,0.963149,0.02225,0.000043,0.014558
AATCTGCGTTGGGACG-1,0.999726,0.000078,0.000039,0.000157
AATCTGGGTAGACCCT-1,0.817275,0.001532,0.098231,0.082962
AATGACGTAGGATGTC-1,0.754686,0.179387,0.00087,0.065056
AATGACTGTCAGCCGG-1,0.333196,0.518439,0.007364,0.141001
AATGAGTTCGCATATG-1,0.821885,0.051718,0.025765,0.100632
AATGATGATACGCTAT-1,0.256282,0.515128,0.049333,0.179257
AATGATGCGACTCCTG-1,0.517596,0.302055,0.005252,0.175097
AATGCAACCGGGTACC-1,0.960884,0.003667,0.000055,0.035394
AATGCACCAAGCAATG-1,0.790164,0.148566,0.000063,0.061207
AATGGCCGCCAATGCG-1,0.492371,0.02338,0.290918,0.193331
AATGGTTCTCACAAGC-1,0.701809,0.083657,0.024549,0.189985
AATGTGCTAATCTGAG-1,0.539396,0.296924,0.000046,0.163634
AATGTTAAGACCCTGA-1,0.325451,0.127317,0.364667,0.182564
AATGTTGTCGTGAGAC-1,0.997423,0.000736,0.000368,0.001472
AATTAAAGGTCGGCGT-1,0.929351,0.054745,0.000064,0.01584
AATTAACGGATTTCCA-1,0.247139,0.22423,0.167733,0.360897
AATTAGCGCTGCAGCG-1,0.456085,0.345583,0.014104,0.184228
AATTATACCCAGCAAG-1,0.041385,0.00738,0.434848,0.516387
AATTCATAAGGGATCT-1,0.723337,0.162878,0.000032,0.113753
AATTCCAACTTGGTGA-1,0.786779,0.101127,0.000072,0.112022
AATTCCAAGCATGTAC-1,0.088842,0.109445,0.189343,0.612369
AATTCGATTCGAGGAT-1,0.357231,0.10546,0.399903,0.137406
AATTCTAGAGTTAGGC-1,0.999569,0.000123,0.000062,0.000246
AATTGAACGCTCTGGT-1,0.728765,0.125178,0.009838,0.13622
AATTGCAGCAATCGAC-1,0.153406,0.12873,0.500456,0.217409
AATTGTGGTTGCCAAA-1,0.738721,0.01536,0.160743,0.085176
AATTTGGGACATAGTA-1,0.941037,0.00007,0.000035,0.058857
AATTTGGTTCCAAAGA-1,0.963994,0.00009,0.000045,0.035872
ACAAACCATGCGTCCT-1,0.935222,0.034874,0.000535,0.029368
ACAAACCGACAAGGCG-1,0.189272,0.045448,0.50057,0.26471
ACAAACTCCATCAGAG-1,0.503464,0.139518,0.055766,0.301252
ACAAAGCATGACCTAG-1,0.105227,0.175735,0.603686,0.115352
ACAAATCGCACCGAAT-1,0.43587,0.239771,0.015827,0.308532
ACAAATGGTAGTGTTT-1,0.397441,0.524458,0.007635,0.070465
ACAAATTCAGATCTGA-1,0.497853,0.011001,0.140501,0.350645
ACAACAGCATGAGCTA-1,0.777007,0.175738,0.046653,0.000602
ACAACGGTCCCTGCGA-1,0.831739,0.02924,0.020526,0.118495
ACAAGCAGTGCCTAGC-1,0.803773,0.054205,0.022536,0.119486
ACAAGGAAATCCGCCC-1,0.871979,0.095796,0.000018,0.032208
ACAAGGACAAGAGGTT-1,0.816039,0.045826,0.041682,0.096453
ACAAGGATGCTTTAGG-1,0.489664,0.277366,0.167101,0.065869
ACAAGGCCTACCAGCC-1,0.552933,0.004446,0.331813,0.110808
ACAAGGGCAGGCTCTG-1,0.893945,0.016811,0.006537,0.082707
ACAAGTAATTGTAAGG-1,0.950273,0.000122,0.029748,0.019857
ACAATCCATTTAAACC-1,0.910465,0.014688,0.043601,0.031246
ACAATCGATCTTTATA-1,0.205218,0.032861,0.47861,0.283311
ACAATGAATACGGAGA-1,0.898127,0.027458,0.001955,0.07246
ACAATGATTCTTCTAC-1,0.548078,0.024996,0.194836,0.23209
ACAATTGTGTCTCTTT-1,0.263906,0.084775,0.276099,0.375219
ACAATTTGAGCAGTGG-1,0.999708,0.000083,0.000042,0.000167
ACAATTTGGCCATATT-1,0.042785,0.199236,0.40246,0.35552
ACACAAAGACGGGTGG-1,0.676154,0.201987,0.005833,0.116026
ACACAAATATTCCTAG-1,0.305607,0.143995,0.051614,0.498785
ACACACCAGGACCAGT-1,0.039575,0.738126,0.153423,0.068877
ACACACTTTCTACACG-1,0.999048,0.000085,0.000043,0.000824
ACACATTTCCGTAGAC-1,0.465961,0.007999,0.29469,0.231351
ACACCACATAATTAGC-1,0.483592,0.34237,0.016658,0.15738
ACACCCAGCATGCAGC-1,0.885924,0.088293,0.000032,0.025751
ACACCCGAGAAATCCG-1,0.843809,0.088704,0.000018,0.067468
ACACCCGTAAATCTGT-1,0.795611,0.000947,0.201548,0.001894
ACACCGGTCTGACCGC-1,0.939245,0.000682,0.019871,0.040202
ACACCTTAAGTAGGGC-1,0.987494,0.01233,0.000035,0.000141
ACACCTTACTACTTGC-1,0.004801,0.662014,0.269562,0.063623
ACACGAGACTCCTTCT-1,0.89781,0.101386,0.000161,0.000644
ACACGGCACTATGCAT-1,0.755643,0.000088,0.036884,0.207386
ACACGGGAACTTAGGG-1,0.993014,0.00018,0.00009,0.006717
ACACGTAGGCCACAAG-1,0.045437,0.154781,0.607847,0.191936
ACACTCCAATGTCACT-1,0.823707,0.030462,0.014307,0.131524
ACACTGATCAAGGTGT-1,0.878478,0.000205,0.000103,0.121214
ACACTGGGACAGTCGT-1,0.076208,0.105726,0.620426,0.197641
ACAGATTAGGTTAGTG-1,0.902893,0.000098,0.000049,0.09696
ACAGCATAGAGCCAGT-1,0.999679,0.000092,0.000046,0.000183
ACAGCGACATTCTCAT-1,0.087387,0.044837,0.618551,0.249225
ACAGCGCACCCGCAGC-1,0.397189,0.165057,0.171583,0.266171
ACAGGCACGGATCCTT-1,0.761458,0.000292,0.195722,0.042528
ACAGGCTTGCCCGACT-1,0.922628,0.000046,0.033819,0.043507
ACAGGTGGAGGTGAGG-1,0.885967,0.016729,0.000039,0.097266
ACAGTATACCGTGGGA-1,0.553486,0.24202,0.019251,0.185243
ACAGTGCAGCGCATTT-1,0.52796,0.034995,0.236153,0.200892
ACATAATAAGGCGGTG-1,0.703152,0.129139,0.002487,0.165222
ACATACAATCAAGCGG-1,0.995028,0.001421,0.00071,0.002841
ACATCCCGGCCATACG-1,0.776682,0.163575,0.001461,0.058281
ACATCCTGGTAACTGT-1,0.06234,0.689763,0.081627,0.16627
ACATCGCAATATTCGG-1,0.869202,0.02401,0.019371,0.087416
ACATCGGTCAGCCGCG-1,0.878211,0.060922,0.031484,0.029383
ACATCGTATGCAATGG-1,0.61994,0.236441,0.003268,0.140351
ACATCGTTAACCTAGT-1,0.62555,0.025429,0.036965,0.312056
ACATCTCAACGCGTAA-1,0.795302,0.008174,0.109311,0.087213
ACATGGCGCCAAAGTA-1,0.645622,0.220655,0.03407,0.099653
ACATTAGTTTATATCC-1,0.898093,0.052744,0.000052,0.049111
ACATTCGCGCGGAATA-1,0.614093,0.204145,0.002279,0.179483
ACATTTGAAACCTAAC-1,0.713819,0.000758,0.283908,0.001515
ACCAAACACCCAGCGA-1,0.22385,0.257816,0.125785,0.392549
ACCAAACTAGAAATCC-1,0.737314,0.013595,0.129421,0.11967
ACCAACACCACACACT-1,0.351592,0.361915,0.020624,0.265869
ACCAACCGCACTCCAC-1,0.542206,0.058815,0.228667,0.170313
ACCAACGCTTATTTAT-1,0.999512,0.000139,0.00007,0.000279
ACCAAGAACGCGTGTC-1,0.998901,0.000042,0.000021,0.001035
ACCAAGTCATCGGCAG-1,0.99525,0.001357,0.000679,0.002714
ACCAATATGCAAGTTA-1,0.417512,0.083339,0.11927,0.37988
ACCACAACTCAGAACA-1,0.950992,0.005106,0.019914,0.023989
ACCACAAGTTTCTATC-1,0.779013,0.000206,0.016159,0.204622
ACCACACGGTTGATGG-1,0.576723,0.00432,0.227582,0.191376
ACCACCAATGTAACAA-1,0.135516,0.537328,0.049443,0.277713
ACCACCCTCTCTTCTA-1,0.082749,0.562534,0.098033,0.256685
ACCACGTGCAGCTATA-1,0.654719,0.048447,0.090661,0.206173
ACCAGCCCGGTCTTTG-1,0.226742,0.126662,0.309303,0.337293
ACCAGGAGTGTGATCT-1,0.861032,0.00005,0.065935,0.072983
ACCAGTGCCCGGTCAA-1,0.670082,0.003315,0.056485,0.270118
ACCAGTGCGGGAGACG-1,0.168765,0.168286,0.07646,0.586489
ACCATCGTATATGGTA-1,0.756842,0.000172,0.004711,0.238275
ACCCAACGCCCGTGGC-1,0.999643,0.000102,0.000051,0.000204
ACCCACCTACATGCTC-1,0.780843,0.037112,0.060144,0.121901
ACCCATCTTGAGGGTA-1,0.998567,0.00041,0.000205,0.000819
ACCCATTTGTCCCTCT-1,0.496296,0.021031,0.371129,0.111544
ACCCGAGCGAAATTAC-1,0.984447,0.000105,0.000053,0.015395
ACCCGATTGGTTCCGA-1,0.289694,0.441359,0.038827,0.23012
ACCCGGAAACTCCCAG-1,0.791013,0.031207,0.010427,0.167352
ACCCGGAGCACCACAA-1,0.511806,0.125504,0.165255,0.197435
ACCCGGATGACGCATC-1,0.093873,0.574878,0.048831,0.282418
ACCCGGTTACACTTCC-1,0.854647,0.095269,0.010706,0.039379
ACCCGTAGTCTAGTTG-1,0.995729,0.00122,0.00061,0.002441
ACCCGTGTCATCAGTA-1,0.59917,0.23701,0.014106,0.149714
ACCCTATAGGACTGAG-1,0.82577,0.04656,0.027255,0.100414
ACCCTATGCCATATCG-1,0.990897,0.001512,0.000027,0.007564
ACCCTCCCGTCAGGGC-1,0.540399,0.0081,0.224698,0.226803
ACCCTCCCTTGCTATT-1,0.609431,0.188225,0.051743,0.150601
ACCCTGGTAACGCCCT-1,0.154456,0.370462,0.074307,0.400775
ACCCTTCATCTGCGAA-1,0.949812,0.000091,0.000046,0.05005
ACCCTTGCCTGGGTCG-1,0.356531,0.121435,0.074036,0.447998
ACCCTTTAGTTCTCCA-1,0.659308,0.000119,0.111606,0.228967
ACCGAAAGGGCCCTGC-1,0.999167,0.000038,0.000019,0.000775
ACCGACACATCTCCCA-1,0.023194,0.408614,0.327024,0.241168
ACCGACTGAGTCCCAC-1,0.999153,0.000242,0.000121,0.000484
ACCGAGTCTCCTTATT-1,0.300512,0.025335,0.474311,0.199842
ACCGATAGGCATAACC-1,0.303235,0.088303,0.216619,0.391844
ACCGATATTTAATCAT-1,0.376657,0.011867,0.382708,0.228767
ACCGATGGTAGCATCG-1,0.367745,0.309785,0.006829,0.315641
ACCGCAATAACTGCCT-1,0.615023,0.139515,0.020134,0.225328
ACCGCGGTGGAAGTCG-1,0.25273,0.311886,0.117995,0.317389
ACCGCTAGTCATTGGT-1,0.376831,0.20885,0.019626,0.394693
ACCGGGCCTTTGTTGA-1,0.287026,0.36087,0.039437,0.312667
ACCGGTCTGAGTACGG-1,0.530295,0.000612,0.217689,0.251403
ACCGTGACCACGTGGG-1,0.314566,0.333263,0.006964,0.345206
ACCGTTCCCGCTCTGA-1,0.99869,0.00005,0.000025,0.001235
ACCTAATCGACTTCCT-1,0.893916,0.027478,0.016115,0.062491
ACCTACAGTATGTGGT-1,0.182185,0.350115,0.139144,0.328556
ACCTACTATAAATCTA-1,0.444349,0.030793,0.152114,0.372743
ACCTCAGCGAGGCGCA-1,0.984847,0.004329,0.002165,0.008659
ACCTCCGCCCTCGCTG-1,0.19978,0.100717,0.589281,0.110221
ACCTCCGTTATTCACC-1,0.06533,0.530839,0.052289,0.351541
ACCTTTCCTTTAGAAG-1,0.921049,0.000515,0.016954,0.061482
ACGAAATGGGCGGCAC-1,0.729811,0.041302,0.018731,0.210156
ACGACCCATGAGTTGC-1,0.244815,0.125294,0.175194,0.454698
ACGACTCTAGGGCCGA-1,0.699514,0.000149,0.105356,0.194981
ACGACTGGTCATACTC-1,0.834684,0.108566,0.000066,0.056684
ACGAGAACCCATCACG-1,0.965604,0.00178,0.000026,0.03259
ACGAGATATTTGCTTA-1,0.102708,0.310991,0.25307,0.33323
ACGAGTACGGATGCCC-1,0.316703,0.478715,0.031658,0.172924
ACGATACATAGAACTA-1,0.598717,0.36276,0.002289,0.036233
ACGATCATACATAGAG-1,0.969164,0.00013,0.000065,0.03064
ACGATCATCTTGTAAA-1,0.356928,0.347963,0.00899,0.286119
ACGATGCATATGTTAT-1,0.775,0.184146,0.001118,0.039737
ACGATGGATCCGATGC-1,0.354987,0.203249,0.135256,0.306508
ACGCAAACTAATAGAT-1,0.498383,0.249985,0.021119,0.230514
ACGCAATCACTACAGC-1,0.656448,0.316622,0.000027,0.026903
ACGCATAAATGACATG-1,0.194325,0.038686,0.53996,0.227029
ACGCATACGTTTACTA-1,0.056975,0.11579,0.702124,0.12511
ACGCCACTCGAAACAG-1,0.183373,0.04095,0.51262,0.263057
ACGCCAGATGATTTCT-1,0.553299,0.23429,0.021848,0.190563
ACGCCAGTGCGTTTGC-1,0.993157,0.001955,0.000978,0.003911
ACGCCCAGCTGTCGAT-1,0.525798,0.054314,0.139663,0.280225
ACGCCGCTAGACGACC-1,0.562849,0.05093,0.000095,0.386126
ACGCGAAGTCAGACGA-1,0.999332,0.000191,0.000095,0.000382
ACGCTACTGAATGGGC-1,0.997026,0.00085,0.000425,0.001699
ACGCTAGTATCAGTGC-1,0.99864,0.000389,0.000194,0.000777
ACGCTAGTGATACACT-1,0.999671,0.000094,0.000047,0.000188
ACGCTTAGTGTCTCTC-1,0.726462,0.000109,0.220454,0.052976
ACGGAACACGAGTGCC-1,0.682093,0.001914,0.312165,0.003828
ACGGAATTTAGCAAAT-1,0.862733,0.011073,0.041625,0.084569
ACGGACTCTCAAAGCG-1,0.440641,0.005455,0.197769,0.356135
ACGGAGCGCAAATTAC-1,0.741485,0.148675,0.011658,0.098182
ACGGATGGTGCGGATA-1,0.589032,0.013105,0.148369,0.249494
ACGGCACTTGCTTGGG-1,0.556833,0.206683,0.00003,0.236453
ACGGCCAACATGGACT-1,0.914293,0.048226,0.000042,0.03744
ACGGCGACGATGGGAA-1,0.801415,0.129812,0.000933,0.06784
ACGGCGGGTTGCCCTG-1,0.557782,0.09512,0.052591,0.294507
ACGGGCGTATGCGACA-1,0.665568,0.158839,0.024749,0.150844
ACGGTACAGTTCAATG-1,0.001837,0.000918,0.000459,0.996786
ACGTACAGATTTCTCT-1,0.901345,0.024879,0.000026,0.07375
ACGTACTTTGGCACGG-1,0.901472,0.012424,0.012516,0.073588
ACGTAGGAGAGTCGCT-1,0.468854,0.000763,0.175501,0.354882
ACGTATTACTCCGATC-1,0.679539,0.291171,0.000032,0.029258
ACGTCCTAAACGAGAT-1,0.729991,0.010692,0.165832,0.093485
ACGTGCGCCTCGTGCA-1,0.999728,0.000078,0.000039,0.000156
ACGTGGTCGAATGTGC-1,0.548002,0.024735,0.326238,0.101025
ACGTTAGATTTGCCCG-1,0.762489,0.106229,0.000126,0.131156
ACGTTATTGGTCACTC-1,0.772606,0.000455,0.053834,0.173106
ACGTTCACTATGCCGC-1,0.32574,0.143502,0.082995,0.447763
ACGTTCCGCGCTCCGT-1,0.9928,0.000089,0.000044,0.007066
ACGTTCGCAATCAATT-1,0.423159,0.387802,0.047113,0.141926
ACGTTCGTTCAGGAAA-1,0.609822,0.199452,0.004137,0.186588
ACGTTCTGTACAAGTC-1,0.523375,0.001676,0.326225,0.148724
ACGTTGTCGTTGAAAG-1,0.868197,0.025423,0.000515,0.105865
ACGTTTAGTTGTGATC-1,0.993703,0.00009,0.000045,0.006162
ACGTTTCGGTGCACTT-1,0.997107,0.000827,0.000413,0.001653
ACTAAGGACGCACACC-1,0.043454,0.325459,0.175929,0.455158
ACTAATACGTCAGGCG-1,0.289341,0.166376,0.161118,0.383165
ACTACAAAGAGAGGTG-1,0.418431,0.146966,0.197201,0.237402
ACTACATCCCGACAAG-1,0.914195,0.009143,0.004655,0.072008
ACTACCAGCTCTCTGG-1,0.996182,0.000207,0.00004,0.003571
ACTACCATCCGAGGGC-1,0.627833,0.063298,0.012673,0.296197
ACTACGCGTTAGAATT-1,0.841752,0.059583,0.016793,0.081871
ACTAGTTGCGATCGTC-1,0.425286,0.000066,0.101703,0.472945
ACTATATGCTGTGTTC-1,0.691647,0.097269,0.047234,0.163849
ACTATCCAGGGCATGG-1,0.366775,0.211765,0.024559,0.396902
ACTATCTGCCCGCGTA-1,0.217327,0.021732,0.568433,0.192507
ACTATGTCCAGCTGCC-1,0.880047,0.027276,0.040124,0.052553
ACTATTCGTCCGTGGT-1,0.999169,0.000092,0.000046,0.000694
ACTATTTCCGGGCCCA-1,0.832931,0.068782,0.000028,0.09826
ACTCAACGAATGTATT-1,0.884653,0.007555,0.000033,0.10776
ACTCAAGTGCAAGGCT-1,0.14525,0.102056,0.64219,0.110503
ACTCAATAAAGGCACG-1,0.999697,0.000087,0.000043,0.000173
ACTCAGACCTGCTTCT-1,0.666388,0.102099,0.056721,0.174792
ACTCATGGCAGCCTTC-1,0.798151,0.000301,0.012359,0.189189
ACTCCAATATCATCAT-1,0.877091,0.102631,0.000025,0.020253
ACTCCCGAATTCGTTT-1,0.839406,0.064103,0.000032,0.096459
ACTCCCGTAGACTAGG-1,0.567593,0.369757,0.000033,0.062617
ACTCCCTAATGCTAAA-1,0.103883,0.159604,0.269331,0.467182
ACTCCCTAGAATAGTA-1,0.641389,0.161061,0.003871,0.193679
ACTCCGGCCGACCACT-1,0.112274,0.22459,0.383347,0.279789
ACTCGCCGTTCGATAA-1,0.519064,0.000359,0.027801,0.452776
ACTCGCGATCTGACGC-1,0.053878,0.38217,0.396551,0.167401
ACTCGTCAGTAATCCC-1,0.81747,0.18147,0.000212,0.000848
ACTCTCTGACTTAGGT-1,0.999674,0.000093,0.000047,0.000186
ACTCTCTTATACACGA-1,0.31254,0.135083,0.236108,0.31627
ACTCTGACCTAATAGA-1,0.16699,0.13357,0.477248,0.222191
ACTCTTCAGCTCCCGC-1,0.308526,0.233138,0.042133,0.416203
ACTGAAACGCCGTTAG-1,0.19795,0.03808,0.428835,0.335135
ACTGAATGGCGAAAGT-1,0.782985,0.081146,0.042144,0.093726
ACTGATTTAGTGATTC-1,0.71029,0.01126,0.257612,0.020838
ACTGCCCGCCATTCTC-1,0.701394,0.117482,0.04473,0.136394
ACTGCCGTCGTAACTC-1,0.999427,0.000063,0.000032,0.000478
ACTGCGGACACACCGT-1,0.512987,0.255756,0.042105,0.189152
ACTGGCGAACCTGCGT-1,0.184112,0.078737,0.223837,0.513314
ACTGGGATGCCAGTGC-1,0.635628,0.005602,0.088124,0.270647
ACTGTACGATACACAT-1,0.999147,0.000244,0.000122,0.000488
ACTGTAGCACTTTGGA-1,0.790802,0.143662,0.008923,0.056614
ACTGTATACGCGAGCA-1,0.407959,0.056502,0.07252,0.463018
ACTGTCCAGGATTATA-1,0.936224,0.026427,0.008937,0.028412
ACTGTCTTCTTTAGAA-1,0.701,0.171499,0.000188,0.127313
ACTGTGCTAGTAGATC-1,0.644507,0.042449,0.000132,0.312911
ACTGTTTAGTGTAGGC-1,0.850425,0.000066,0.069966,0.079543
ACTTACCGGGCGCGCA-1,0.949767,0.012386,0.010755,0.027092
ACTTACGCATCCACGC-1,0.125793,0.087509,0.187983,0.598714
ACTTAGTACGACAAGA-1,0.726873,0.102178,0.030972,0.139977
ACTTATACTTACCCGG-1,0.923641,0.045676,0.000056,0.030626
ACTTATCTGATCTATA-1,0.708085,0.004105,0.093214,0.194595
ACTTATTAGGATCGGT-1,0.972824,0.006854,0.006579,0.013744
ACTTATTTATGTGCCA-1,0.027952,0.69014,0.203989,0.077919
ACTTCAGGCTGATCCC-1,0.463515,0.234159,0.064338,0.237989
ACTTCCATGCGGGACA-1,0.153352,0.099574,0.513051,0.234023
ACTTCCTGTCGTGCGA-1,0.289979,0.181674,0.389765,0.138581
ACTTCGCCATACGCAC-1,0.999351,0.000185,0.000093,0.000371
ACTTCGCTAGCGAGTG-1,0.077398,0.405455,0.150438,0.366709
ACTTGACTCCCTCTTT-1,0.644829,0.139986,0.029903,0.185283
ACTTGCCATATTGTAC-1,0.471346,0.021389,0.185904,0.321361
ACTTGGGACCCGGTGG-1,0.89949,0.052315,0.000097,0.048098
ACTTGGGCTTTCGCCA-1,0.146575,0.085868,0.551272,0.216286
ACTTGTGGATGGAACG-1,0.18218,0.067607,0.491608,0.258605
ACTTGTTACCGGATCA-1,0.331888,0.015066,0.534447,0.118599
ACTTTACCCTCATGAA-1,0.069629,0.814611,0.016957,0.098804
ACTTTCCTATAGCTTC-1,0.999278,0.000206,0.000103,0.000413
ACTTTGTCGACGCACT-1,0.202951,0.099382,0.487805,0.209862
AGAAATTATGACTCGC-1,0.503475,0.005198,0.368868,0.122458
AGAACCCAGCGTGACA-1,0.466851,0.063758,0.146945,0.322446
AGAACGTGGTACATTC-1,0.999312,0.000197,0.000098,0.000393
AGAACTGTACTTTGTA-1,0.987761,0.003497,0.001748,0.006994
AGAAGAGCGCCGTTCC-1,0.997326,0.000764,0.000382,0.001528
AGAAGGTTGCCGAATT-1,0.784059,0.000198,0.021106,0.194637
AGAAGGTTGTAGGTCG-1,0.457149,0.007296,0.393126,0.142429
AGAATACAGGCTATCC-1,0.997209,0.000798,0.000399,0.001595
AGAATGCGGGTTCGGA-1,0.607971,0.13082,0.030427,0.230782
AGAATTATGGATTCGA-1,0.636814,0.338779,0.012516,0.011891
AGAATTGTTTGACATA-1,0.526145,0.023097,0.000675,0.450083
AGACAGCTCAGAATCC-1,0.51878,0.000414,0.000207,0.480598
AGACAGGCATCTCAGC-1,0.175942,0.064505,0.514925,0.244627
AGACATAGATCCTTCC-1,0.999704,0.000084,0.000042,0.000169
AGACCATGGGATACAA-1,0.826159,0.030781,0.033675,0.109385
AGACCCACCGCTGATC-1,0.774319,0.1825,0.000027,0.043153
AGACCCGCCCTCCTCG-1,0.999654,0.000099,0.000049,0.000198
AGACCGCTCCGCGGTT-1,0.191191,0.018954,0.394098,0.395756
AGACGAAGTGCCGGTC-1,0.286004,0.089092,0.257793,0.367111
AGACGCCCACTTCGCC-1,0.123605,0.240347,0.454167,0.181881
AGACGGGATTGGTATA-1,0.988689,0.000052,0.00269,0.008569
AGACGGGCCGATTTAA-1,0.988333,0.000065,0.000032,0.01157
AGACTAGCCTTCCAGA-1,0.946931,0.047088,0.000046,0.005934
AGACTGTTACCGGGTC-1,0.387527,0.400313,0.010681,0.201478
AGAGAAACACCAGAAA-1,0.644966,0.194704,0.003771,0.156559
AGAGAACCGTCTAGGA-1,0.999777,0.000064,0.000032,0.000127
AGAGAAGGAGTACAAT-1,0.831787,0.082573,0.004023,0.081617
AGAGCAGTTATGAGAC-1,0.86062,0.035298,0.033353,0.070729
AGAGCCGCCGAGATTT-1,0.412712,0.012056,0.344542,0.230689
AGAGCGCTTGTAACGG-1,0.002445,0.543667,0.350158,0.10373
AGAGCGGGCTAATCAT-1,0.952913,0.041964,0.000025,0.005098
AGAGCGTACAAGCTCG-1,0.83348,0.01398,0.021188,0.131352
AGAGCTACGAAAGCAT-1,0.725468,0.224145,0.04961,0.000777
AGAGGCTTCGGAAACC-1,0.123545,0.141652,0.335961,0.398842
AGAGGGACAATTGTCC-1,0.121855,0.09439,0.662024,0.12173
AGAGGTATCTCGGTCC-1,0.988085,0.000088,0.000044,0.011783
AGAGTAAACTTCACTA-1,0.104333,0.183081,0.290423,0.422164
AGAGTATAGTGTTACG-1,0.350236,0.344509,0.036594,0.268661
AGAGTCTTAATGAAAG-1,0.99737,0.000751,0.000376,0.001503
AGAGTGAACAGACACC-1,0.703325,0.018089,0.168478,0.110108
AGAGTTAGAGACCGAT-1,0.726292,0.001104,0.123325,0.149279
AGAGTTGCAGGCCTCC-1,0.222716,0.082098,0.162613,0.532573
AGATAACTTCAGGGCC-1,0.819692,0.069613,0.025245,0.08545
AGATACCAATAGAACC-1,0.264018,0.000288,0.000144,0.73555
AGATACCAGCACTTCA-1,0.395485,0.351985,0.050993,0.201538
AGATACCGGTGTTCAC-1,0.612512,0.028641,0.000086,0.358761
AGATACGACTTCATAT-1,0.997244,0.000144,0.000072,0.00254
AGATACTCAAGATCGA-1,0.766066,0.079492,0.011477,0.142964
AGATATAATACGACTA-1,0.456532,0.024051,0.327161,0.192256
AGATCGTGCATAAGAT-1,0.91225,0.04471,0.000035,0.043005
AGATCTCAGGTGTGAT-1,0.998945,0.000302,0.000151,0.000603
AGATGACTCGCCCACG-1,0.645871,0.225163,0.003123,0.125843
AGATGAGGGTTGCGAT-1,0.782023,0.064022,0.008073,0.145882
AGATGATGGAGTCTGG-1,0.124058,0.448988,0.026752,0.400202
AGATGCAAGACGTGCA-1,0.816684,0.000477,0.000239,0.1826
AGATTATAGGACGTTT-1,0.644007,0.000208,0.007097,0.348688
AGATTCAAGCGGGTCG-1,0.796337,0.000055,0.114409,0.089199
AGCAAAGGCCGCTAGT-1,0.012777,0.261598,0.45008,0.275545
AGCAACATATCTTATT-1,0.67971,0.093559,0.037155,0.189576
AGCACACGTTTAGACT-1,0.959167,0.000101,0.000051,0.040681
AGCACCAGTACTCACG-1,0.999383,0.000176,0.000088,0.000353
AGCACTACCTCACCAG-1,0.19466,0.284533,0.114309,0.406498
AGCACTTAAGGACGCC-1,0.875756,0.046778,0.007962,0.069504
AGCAGAAGGAGAAAGA-1,0.463513,0.014238,0.145075,0.377174
AGCAGCCAGATGAATA-1,0.350371,0.40254,0.014252,0.232837
AGCAGTCGAAGCATGC-1,0.408367,0.009045,0.404489,0.178098
AGCATATCAATATGCT-1,0.179436,0.210037,0.258542,0.351984
AGCATCGTCGATAATT-1,0.542244,0.365347,0.004559,0.08785
AGCATTACGAGGCAAG-1,0.153422,0.336146,0.29073,0.219702
AGCCAAGCTTTGTGTC-1,0.66518,0.027357,0.089488,0.217975
AGCCACAGGTTACCCG-1,0.241803,0.070808,0.584582,0.102807
AGCCACTCCCGTGCTT-1,0.971058,0.004573,0.000091,0.024278
AGCCATATAGTATGTG-1,0.162241,0.053388,0.473762,0.310609
AGCCCGCAACAAGCAG-1,0.400033,0.068593,0.110165,0.421209
AGCCCGCACTACAATG-1,0.991944,0.002302,0.001151,0.004604
AGCCCGGCATTAGAGG-1,0.915287,0.044342,0.000024,0.040348
AGCCCGGTAGCCTGTA-1,0.747999,0.100028,0.005823,0.14615
AGCCCTAAGCGAAGTT-1,0.444904,0.062856,0.020504,0.471736
AGCCCTCCCTGGTGGC-1,0.424394,0.360293,0.005286,0.210026
AGCCCTGTCGCACCGT-1,0.039855,0.350986,0.320652,0.288507
AGCCCTTCTAATCCGA-1,0.714252,0.106879,0.02233,0.156539
AGCCCTTGGACATCCC-1,0.379145,0.106069,0.279098,0.235688
AGCCTTAAAGCGGAAG-1,0.872652,0.016975,0.015329,0.095043
AGCGACATCCCATTCA-1,0.950221,0.01347,0.002125,0.034183
AGCGACCAACGATATT-1,0.999658,0.000091,0.000045,0.000206
AGCGACTTTGAAGACA-1,0.393308,0.116172,0.147029,0.343491
AGCGAGACGTGAAGGC-1,0.881241,0.022558,0.008326,0.087875
AGCGATGCGCCTAATA-1,0.217331,0.209513,0.415653,0.157503
AGCGCATAATGAATCG-1,0.429688,0.23657,0.00563,0.328112
AGCGCGGGTGCCAATG-1,0.977361,0.022242,0.000079,0.000317
AGCGCTAGAGCGATGT-1,0.236345,0.273109,0.084364,0.406181
AGCGCTTATGGGCAAG-1,0.23109,0.186711,0.12005,0.462149
AGCGGACACTTCGTAG-1,0.527611,0.09818,0.076724,0.297485
AGCGGGAAGGGTCCAT-1,0.999682,0.000091,0.000045,0.000182
AGCGGGTCTGACACTC-1,0.938628,0.000058,0.0201,0.041213
AGCGGTTGAGATGTAC-1,0.824723,0.007326,0.128512,0.039439
AGCGGTTGCCGCTCTG-1,0.521388,0.197066,0.026398,0.255147
AGCGTACGAGAGCTAG-1,0.781881,0.03931,0.079397,0.099412
AGCGTAGCGCTAGACC-1,0.74378,0.023473,0.0552,0.177547
AGCGTCTGAACCCGCA-1,0.873638,0.040979,0.00191,0.083473
AGCGTGGTATTCTACT-1,0.895323,0.066236,0.000028,0.038413
AGCGTTCCGATTTAAA-1,0.65689,0.003469,0.202184,0.137457
AGCTAACAAGCAATGT-1,0.99963,0.000106,0.000053,0.000211
AGCTAAGCTCCGTCCG-1,0.494474,0.073903,0.051145,0.380478
AGCTAAGTACGCAGGC-1,0.578929,0.004799,0.204469,0.211803
AGCTACGAATGGTGGT-1,0.998774,0.00035,0.000175,0.000701
AGCTAGAAGCAGAAGT-1,0.848263,0.137569,0.00004,0.014129
AGCTATTTAATCCAAC-1,0.835142,0.133294,0.000058,0.031505
AGCTCCATATATGTTC-1,0.393207,0.030863,0.324708,0.251222
AGCTCCTTCGCACATC-1,0.759815,0.006273,0.018202,0.21571
AGCTCGTTGATGGAAA-1,0.104236,0.378653,0.113248,0.403863
AGCTCTAGACGTTCCA-1,0.374846,0.337336,0.04395,0.243868
AGCTCTTCCCAGTGCA-1,0.95537,0.031726,0.000028,0.012876
AGCTCTTCGTAACCTT-1,0.473398,0.359955,0.038507,0.12814
AGCTCTTTACTCAGTT-1,0.948353,0.00026,0.027485,0.023902
AGCTGAAGTAAACCAA-1,0.850025,0.060812,0.001879,0.087284
AGCTGCATTTGAGGTG-1,0.755674,0.002793,0.145242,0.096291
AGCTGCTGTGCCGAAT-1,0.08702,0.048714,0.384149,0.480117
AGCTTATAGAGACCTG-1,0.986833,0.000088,0.000044,0.013036
AGCTTCAATACTTTGA-1,0.558595,0.006258,0.289966,0.145181
AGCTTCTTCTCGAGCA-1,0.223968,0.259725,0.414842,0.101465
AGGAACGAACGACTTC-1,0.828837,0.00029,0.16477,0.006103
AGGAAGCTGTCCGCCG-1,0.240192,0.176303,0.141676,0.44183
AGGACAGTCGAATCCC-1,0.490259,0.200841,0.015033,0.293867
AGGACATCGCACGTCG-1,0.860232,0.035396,0.000031,0.104341
AGGACATCGGCACACT-1,0.381736,0.002526,0.001263,0.614476
AGGACGACCCATTAGA-1,0.82296,0.085851,0.040821,0.050368
AGGACGCTCGATGTTG-1,0.865905,0.066266,0.000028,0.067801
AGGAGACATCCACAGT-1,0.555607,0.151084,0.01777,0.275539
AGGAGAGTCTGGCTAC-1,0.241391,0.612763,0.039578,0.106268
AGGAGCGTTTATTATC-1,0.998054,0.000556,0.000278,0.001112
AGGAGGCCTTCGCGCG-1,0.409299,0.110115,0.195781,0.284805
AGGATAAAGTCGGGAT-1,0.796256,0.059808,0.00442,0.139516
AGGATATAGGGATTTA-1,0.639091,0.190832,0.037997,0.13208
AGGATATCCGACTGCA-1,0.781799,0.000634,0.147589,0.069978
AGGATTGCTTACGACA-1,0.294376,0.444233,0.065724,0.195667
AGGCAAAGAGGAATCA-1,0.629629,0.02232,0.102071,0.24598
AGGCACGTGACTGTCC-1,0.730711,0.000085,0.223954,0.04525
AGGCAGATGCGTAAAC-1,0.999753,0.000071,0.000035,0.000141
AGGCAGGGAGCGTACT-1,0.887861,0.086226,0.000031,0.025882
AGGCATTGTCGTAGGG-1,0.673327,0.04015,0.033673,0.25285
AGGCCACATTGGTTAC-1,0.400815,0.041827,0.358166,0.199192
AGGCCACCCGTTATGA-1,0.81934,0.065203,0.044668,0.07079
AGGCCCATTGTACAGG-1,0.751271,0.018972,0.04439,0.185366
AGGCCTATCATACCAA-1,0.711911,0.002284,0.121973,0.163833
AGGCCTGAGAATCTCG-1,0.267831,0.732054,0.000023,0.000092
AGGCGATAACTGGCGT-1,0.181253,0.010714,0.046246,0.761787
AGGCGTCTATGGACGG-1,0.609025,0.197079,0.021204,0.172692
AGGCTATGGTTAGCTT-1,0.690581,0.05594,0.074345,0.179134
AGGCTTAAGTTGCACA-1,0.407692,0.014758,0.403922,0.173629
AGGCTTCCCGAAGAAG-1,0.873699,0.01725,0.056995,0.052056
AGGCTTGCTAGACACC-1,0.816932,0.026221,0.04634,0.110507
AGGGAAACGAGGTACT-1,0.834477,0.027496,0.002929,0.135098
AGGGACAGCACGGCGG-1,0.70179,0.018995,0.081993,0.197222
AGGGACCGGCTGCGTT-1,0.531645,0.283248,0.021864,0.163243
AGGGACTCTACGCGAC-1,0.867614,0.10828,0.000034,0.024072
AGGGAGACATACTTCG-1,0.264256,0.642651,0.000514,0.09258
AGGGCAGCGGCGTGGT-1,0.902049,0.000064,0.005287,0.0926
AGGGCCCTAATGTTCT-1,0.996753,0.000928,0.000464,0.001855
AGGGCGTGATCGGCTA-1,0.664016,0.249632,0.000106,0.086245
AGGGTCAGAGCACTCG-1,0.724431,0.143377,0.016105,0.116086
AGGGTCAGTAACCCTA-1,0.28059,0.138456,0.042492,0.538462
AGGGTCGATGCGAACT-1,0.394849,0.398267,0.015396,0.191489
AGGGTCTGGACGCAGT-1,0.973482,0.007576,0.003788,0.015153
AGGGTGCCGTTCTTTA-1,0.835852,0.065912,0.000092,0.098144
AGGGTGCTCTCGAGGG-1,0.258299,0.470552,0.047383,0.223765
AGGGTGTGCTACACGC-1,0.279866,0.075035,0.460528,0.184571
AGGGTTCAGACGGTCC-1,0.46841,0.222276,0.02878,0.280533
AGGGTTCCCTTTGGTT-1,0.975092,0.007077,0.001396,0.016435
AGGTAACCTCCTATTC-1,0.337419,0.391479,0.025379,0.245723
AGGTACGATATTGCCA-1,0.990663,0.000151,0.000076,0.00911
AGGTAGATCGAGATAT-1,0.926544,0.064816,0.000078,0.008563
AGGTAGGTACAAAGCT-1,0.842592,0.01067,0.016962,0.129777
AGGTATAATTGATAGT-1,0.59936,0.140802,0.041918,0.21792
AGGTATGCGGACATTA-1,0.274709,0.35594,0.083669,0.285681
AGGTCGCCACTTCGGT-1,0.407842,0.020562,0.109527,0.46207
AGGTCGCCTCCCAACA-1,0.259889,0.125353,0.351227,0.263531
AGGTCGCGGAGTTACT-1,0.427994,0.473146,0.003835,0.095025
AGGTGCACGTCCACAT-1,0.667706,0.001229,0.000614,0.330451
AGGTGGTGACCTTCGC-1,0.12589,0.208188,0.211315,0.454606
AGGTGTTGCCGACCAC-1,0.994266,0.001638,0.000819,0.003276
AGGTTACACCATGCCG-1,0.294331,0.054378,0.095002,0.556288
AGGTTGAGGCACGCTT-1,0.674631,0.266742,0.000032,0.058595
AGTAACGTTCATCCTG-1,0.293429,0.02802,0.363084,0.315466
AGTAACTATAGCAGCC-1,0.992685,0.00209,0.001045,0.00418
AGTAAGGGACAGAATC-1,0.997245,0.000787,0.000394,0.001574
AGTAATCTAAGGGTGG-1,0.18478,0.068479,0.236451,0.510289
AGTAATGTCTTGCCGC-1,0.999681,0.000091,0.000046,0.000182
AGTACAGAAGCTTATA-1,0.320482,0.031512,0.461413,0.186594
AGTACATCATTTATCA-1,0.416483,0.171798,0.015133,0.396586
AGTACCTTCGAGTGCT-1,0.226509,0.278722,0.07668,0.418089
AGTACGGGCACCTGGC-1,0.99962,0.000108,0.000054,0.000217
AGTACGTGGCCTGTCT-1,0.949776,0.000056,0.018722,0.031447
AGTACTCTTATGCCCA-1,0.26669,0.12331,0.380216,0.229784
AGTAGAAGGCGCCTCA-1,0.200371,0.03513,0.124828,0.63967
AGTAGCGTGAACGAAC-1,0.696638,0.004019,0.155355,0.143988
AGTAGCTAGACGCCGA-1,0.865774,0.00006,0.058562,0.075604
AGTAGGAAGGAAGTTG-1,0.349965,0.487959,0.027872,0.134203
AGTAGGTAACATACAT-1,0.673413,0.039138,0.017082,0.270368
AGTATAATACTAGGCA-1,0.822225,0.059236,0.012205,0.106334
AGTATACACAGCGACA-1,0.999752,0.000071,0.000035,0.000142
AGTATCCATAATAACG-1,0.814503,0.025581,0.065467,0.094449
AGTATGCTGGAGACCA-1,0.775837,0.003395,0.080542,0.140226
AGTATTTGGCACGACC-1,0.069107,0.780444,0.034945,0.115504
AGTCAAATGATGTGAT-1,0.572278,0.314105,0.02487,0.088747
AGTCAACACCACCATC-1,0.752834,0.022497,0.000103,0.224566
AGTCAAGATGACACTT-1,0.060641,0.60829,0.10669,0.224379
AGTCACTAGCTCTCGA-1,0.140919,0.102589,0.522808,0.233684
AGTCACTCCGCCTCAT-1,0.608681,0.060338,0.021039,0.309942
AGTCAGCCACCGCCTG-1,0.838438,0.034068,0.034469,0.093025
AGTCCAGCGGGTACGT-1,0.772402,0.103672,0.017943,0.105984
AGTCCATTGGCTGATG-1,0.076228,0.649541,0.051528,0.222703
AGTCCCGCCTTTAATT-1,0.833305,0.03425,0.000051,0.132393
AGTCCCTCGCAGAAAG-1,0.207938,0.330607,0.023621,0.437834
AGTCGAATTAGCGTAA-1,0.998192,0.000517,0.000258,0.001033
AGTCGACGGTCTCAAG-1,0.680272,0.290522,0.002678,0.026528
AGTCGGCCCAAACGAC-1,0.869793,0.03943,0.004579,0.086198
AGTCGGTTGCGTGAGA-1,0.344472,0.169799,0.080556,0.405173
AGTCGTATAAAGCAGA-1,0.119682,0.030717,0.643319,0.206282
AGTCGTCGACCACCAA-1,0.041196,0.078492,0.607382,0.27293
AGTCTAAAGTATACTC-1,0.686105,0.201987,0.02247,0.089438
AGTCTGGACATCCTTG-1,0.824678,0.031707,0.032428,0.111187
AGTCTTCTCCTCAAAT-1,0.937887,0.000102,0.000051,0.06196
AGTCTTTAAAGTGTCC-1,0.517453,0.009742,0.29448,0.178325
AGTGAACAAACTTCTC-1,0.39584,0.221682,0.06363,0.318848
AGTGAAGATGGTGTCC-1,0.51149,0.194801,0.063245,0.230463
AGTGACCTACTTTACG-1,0.857149,0.011895,0.081667,0.049289
AGTGACTGTGACACAA-1,0.93473,0.03795,0.000032,0.027287
AGTGAGACTTCCAGTA-1,0.999608,0.000112,0.000056,0.000224
AGTGAGCCTCGCCGCC-1,0.23377,0.693433,0.015062,0.057735
AGTGAGGGTTTCTGAC-1,0.726457,0.015328,0.03767,0.220545
AGTGAGTCGAATTAAC-1,0.407964,0.118008,0.372616,0.101412
AGTGATAACCTGCGCG-1,0.125246,0.083715,0.591181,0.199859
AGTGATATGAGTAGTT-1,0.75334,0.129542,0.000099,0.117018
AGTGATTCAAGCAGGA-1,0.999737,0.000075,0.000038,0.00015
AGTGCACGCTTAAGAA-1,0.595865,0.00903,0.15317,0.241935
AGTGCGTAGCTCGTAA-1,0.878485,0.027834,0.000105,0.093577
AGTGCTAAACACAGCA-1,0.978671,0.00008,0.008908,0.012341
AGTGCTTGCACGAATA-1,0.514784,0.260854,0.014597,0.209764
AGTGGCCCGCAAATGG-1,0.995785,0.001204,0.000602,0.002408
AGTGGCGGCAATTTGA-1,0.956236,0.043522,0.000048,0.000193
AGTGGCGTCTGAAGGT-1,0.102403,0.264647,0.468851,0.164099
AGTGTATTGCGCATTG-1,0.888031,0.063279,0.000047,0.048643
AGTGTGGTCTATTGTG-1,0.808159,0.070969,0.015143,0.105728
AGTTAAACACTTGCGA-1,0.980525,0.018251,0.000064,0.001159
AGTTAAGCGGTCCCGG-1,0.936965,0.054166,0.00004,0.008829
AGTTACCGCACATGGT-1,0.816398,0.023592,0.065201,0.094809
AGTTACTCTATCGTGG-1,0.840135,0.04184,0.000067,0.117958
AGTTATTCAGACTGTG-1,0.997326,0.000764,0.000382,0.001528
AGTTATTGAAAGGTAA-1,0.876607,0.001359,0.082158,0.039875
AGTTCCTACAGAATTA-1,0.58386,0.035012,0.000071,0.381057
AGTTCTGCGTTGTATC-1,0.867158,0.036082,0.008401,0.088359
AGTTGACATCGGCTGG-1,0.802616,0.012409,0.081418,0.103557
AGTTGACGGTCCTTGC-1,0.078731,0.267563,0.328592,0.325114
AGTTGCTGACTGATAT-1,0.848228,0.033039,0.034382,0.084351
AGTTGGCAAGGCTAGA-1,0.923508,0.00141,0.000705,0.074377
AGTTTATGTAAAGACA-1,0.437342,0.160009,0.023605,0.379045
AGTTTCGCAGGTCGGA-1,0.883399,0.103683,0.00004,0.012878
AGTTTGCACCTGCCTC-1,0.488039,0.044626,0.215321,0.252015
AGTTTGGCACGGGTTG-1,0.002569,0.415656,0.478414,0.103361
ATAAACCATTGGACGG-1,0.964389,0.000038,0.008721,0.026852
ATAAACGGACCCGTAA-1,0.720005,0.211747,0.000078,0.068171
ATAAACGTTGCACCAC-1,0.165672,0.059714,0.609921,0.164693
ATAAAGGCTCGGTCGT-1,0.888816,0.020838,0.026301,0.064046
ATAAAGGTCAAGTACG-1,0.431415,0.035815,0.201069,0.331702
ATAAATATTAGCAGCT-1,0.855892,0.01603,0.016793,0.111285
ATAACGCCGGAGGGTC-1,0.999372,0.00018,0.00009,0.000359
ATAACGGAGTCCAACG-1,0.999682,0.000091,0.000045,0.000182
ATAACGTTACCTCCAC-1,0.261273,0.123775,0.202109,0.412843
ATAAGCAAACACCGAG-1,0.169749,0.122549,0.514515,0.193187
ATAAGGTGGAGAACAT-1,0.529577,0.216497,0.02296,0.230967
ATAAGTACCCGATTGT-1,0.543386,0.059711,0.072851,0.324053
ATAAGTAGGATTCAGA-1,0.525781,0.176342,0.004539,0.293338
ATAAGTAGGGCGACTC-1,0.582077,0.214199,0.002004,0.201721
ATAAGTTACCGCGACG-1,0.879251,0.005765,0.024838,0.090146
ATAATACCGTTAGCCG-1,0.754155,0.128806,0.024627,0.092412
ATAATAGCTGTTGAAT-1,0.749773,0.051975,0.005328,0.192924
ATAATAGTGTAGGGAC-1,0.820604,0.032386,0.013652,0.133358
ATAATCTTGGAGAACC-1,0.361187,0.027481,0.160615,0.450717
ATAATTAGCTAAGTAG-1,0.753123,0.008765,0.035559,0.202553
ATACAGGCCCTCCAAT-1,0.698715,0.072318,0.083226,0.145741
ATACCACGGGCAACTT-1,0.701315,0.00178,0.001472,0.295434
ATACCAGCAAATTGCT-1,0.360461,0.038728,0.24542,0.355391
ATACCAGGCTAATAGA-1,0.999285,0.000066,0.000033,0.000616
ATACCAGGTGAGCGAT-1,0.669729,0.022797,0.168661,0.138814
ATACCCTGGCTCAAAT-1,0.74211,0.012274,0.021228,0.224388
ATACCGTCATCCATAA-1,0.321381,0.119952,0.03278,0.525887
ATACCTAACCAAGAAA-1,0.758561,0.049133,0.021313,0.170993
ATACGAAGGCTTTCCA-1,0.15881,0.304012,0.152543,0.384635
ATACGACAGATGGGTA-1,0.112455,0.030437,0.738109,0.118999
ATACGAGGTTTGTAAG-1,0.530835,0.002683,0.262848,0.203634
ATACGCCGATCTACCG-1,0.794423,0.011233,0.056823,0.137521
ATACGCCGGCGAAACC-1,0.999459,0.000154,0.000077,0.000309
ATACGGGTTTCGATTG-1,0.596319,0.276845,0.000095,0.126741
ATACGTACTTAGCCAC-1,0.539123,0.049377,0.06089,0.35061
ATACGTCCACTCCTGT-1,0.559845,0.102095,0.038264,0.299796
ATACGTTATGCACGGA-1,0.657453,0.034391,0.085991,0.222165
ATACTACCCGTACCAC-1,0.078847,0.106385,0.681413,0.133355
ATACTAGCATGACCCT-1,0.624683,0.207088,0.001663,0.166566
ATACTCTCGCCACTCT-1,0.834397,0.019943,0.067878,0.077782
ATACTGCCTTACACCG-1,0.545116,0.023415,0.188178,0.243291
ATAGACAACGGGACCT-1,0.999586,0.000118,0.000059,0.000236
ATAGACGAAGAGAAAG-1,0.86553,0.027581,0.00821,0.098679
ATAGAGTACTGGGACA-1,0.997861,0.000655,0.000047,0.001438
ATAGAGTTATCAACTT-1,0.819137,0.054609,0.000044,0.126211
ATAGATTTGCAGTCGG-1,0.816315,0.000041,0.14074,0.042904
ATAGCAACTAGGGAAG-1,0.240771,0.07345,0.479978,0.205801
ATAGCCATAACAGTCA-1,0.996022,0.001136,0.000568,0.002273
ATAGCCTCAGTACCCA-1,0.744328,0.005928,0.000196,0.249549
ATAGGAATCTAAGCTT-1,0.15611,0.048673,0.408233,0.386984
ATAGGCTAGCTTCGCA-1,0.699171,0.247554,0.000038,0.053237
ATAGGGATATCCTTGA-1,0.402832,0.169715,0.002412,0.425041
ATAGGTTGGGCAGATG-1,0.999146,0.000244,0.000122,0.000488
ATAGTCTTTGACGTGC-1,0.865184,0.000075,0.003128,0.131613
ATAGTTCCACCCACTC-1,0.244371,0.461029,0.02871,0.26589
ATATAAAGCGCTCGTG-1,0.698007,0.077548,0.053154,0.17129
ATATAAATGTAGCTGC-1,0.561119,0.120877,0.035019,0.282985
ATATAACACGGGCGCA-1,0.225228,0.046047,0.55862,0.170105
ATATACGCTCGTGACG-1,0.44947,0.042318,0.367808,0.140404
ATATCAACCTACAGAG-1,0.042731,0.623693,0.135117,0.198459
ATATCGGTAGGGAGAT-1,0.607526,0.259579,0.026765,0.10613
ATATCGTGCCAGACCC-1,0.321104,0.021301,0.370366,0.287229
ATATCGTTCCTCGAAC-1,0.708867,0.002783,0.164427,0.123923
ATATCTCCCTCGTTAA-1,0.99974,0.000074,0.000037,0.000149
ATATGGGATAGCAACT-1,0.860208,0.000065,0.037437,0.102291
ATATGTCTAGAGCGTG-1,0.824002,0.000109,0.131327,0.044561
ATATGTCTCCCTAGCC-1,0.322581,0.487138,0.014072,0.176208
ATATGTGCACAAACCA-1,0.408601,0.056605,0.210363,0.324431
ATATTCAGTTAAACCT-1,0.886913,0.042529,0.028183,0.042376
ATATTCCACATAGTGA-1,0.316312,0.386647,0.047474,0.249566
ATATTCCCACAGGTCA-1,0.999652,0.000099,0.00005,0.000199
ATATTGCTGTCAAAGT-1,0.803128,0.0683,0.02967,0.098903
ATATTGGAGAGGCCTT-1,0.175387,0.255143,0.431706,0.137763
ATATTTAACCCTCAAG-1,0.407788,0.0015,0.000105,0.590607
ATCAAACACTGTTCCA-1,0.047124,0.285147,0.16827,0.499459
ATCAAAGAGCCGTGGT-1,0.537003,0.018283,0.300962,0.143752
ATCAAGATCCCAGGAC-1,0.361106,0.05425,0.116588,0.468057
ATCAATGCCGTGGCTG-1,0.919306,0.000122,0.000061,0.08051
ATCACATTAGAATATC-1,0.553839,0.182064,0.007344,0.256753
ATCACTTCATCCTCGC-1,0.674443,0.146617,0.000079,0.178862
ATCAGACGGCACGCCG-1,0.895006,0.016709,0.003161,0.085125
ATCAGCCTCATGCTGC-1,0.200321,0.093073,0.189049,0.517557
ATCAGGTAGCTGACAG-1,0.381115,0.210244,0.084955,0.323685
ATCAGGTCGCCATTGC-1,0.875279,0.000065,0.000454,0.124202
ATCAGTAGGCAGGGAT-1,0.938012,0.043982,0.000496,0.017511
ATCATAGATCGACGAG-1,0.630016,0.003975,0.021043,0.344966
ATCATAGCCCTATGTA-1,0.135162,0.154033,0.58345,0.127355
ATCATCTGCCCAGTGT-1,0.747564,0.000079,0.097983,0.154374
ATCATGGACTACCGAC-1,0.178952,0.060329,0.400739,0.35998
ATCCAACGCAGTCATA-1,0.912192,0.023736,0.000017,0.064055
ATCCACATCGACAGAA-1,0.515955,0.025404,0.214739,0.243903
ATCCACGCTAAATGTT-1,0.415429,0.024306,0.331587,0.228678
ATCCACTTTCAGACTA-1,0.290256,0.022153,0.467557,0.220034
ATCCAGAGCAACAACC-1,0.923842,0.000125,0.000063,0.07597
ATCCAGGATTCGTGAA-1,0.979571,0.010974,0.000079,0.009376
ATCCCATTTCCGTGGG-1,0.231724,0.01514,0.360925,0.39221
ATCCGGACCAGCCTGA-1,0.994826,0.001478,0.000739,0.002957
ATCCTACCTAAGCTCT-1,0.951604,0.000137,0.000069,0.04819
ATCCTGCGTGGAATGG-1,0.933153,0.000124,0.000062,0.066661
ATCCTGCTGCAGATAG-1,0.205582,0.22796,0.131052,0.435406
ATCCTTCTGAAAGAAC-1,0.288375,0.029495,0.369158,0.312971
ATCGACTCTTTCCGTT-1,0.650153,0.288892,0.000805,0.06015
ATCGCACGATTGTTCA-1,0.795933,0.068555,0.016787,0.118725
ATCGCACGCCGGGAGA-1,0.872401,0.032924,0.000029,0.094647
ATCGCCAGTCAACATT-1,0.526745,0.092027,0.016245,0.364983
ATCGCCGTGGTTCATG-1,0.993939,0.001732,0.000866,0.003464
ATCGCTGCGTGCAGCA-1,0.475018,0.16579,0.002021,0.35717
ATCGCTTTACGTCTCA-1,0.021076,0.511432,0.180715,0.286777
ATCGGAGACAGACGGC-1,0.182636,0.41067,0.11513,0.291564
ATCGGCAAGCAGTCCA-1,0.94104,0.032603,0.000036,0.026321
ATCGTGGAAAGTCTGG-1,0.952301,0.017111,0.00003,0.030557
ATCGTTAGCTAGCGGA-1,0.314438,0.029705,0.332104,0.323753
ATCGTTCACTTTCGCC-1,0.999752,0.000071,0.000035,0.000142
ATCTAATATCCTACGG-1,0.433935,0.414443,0.036667,0.114956
ATCTACCATCTGCTCC-1,0.165086,0.146884,0.461216,0.226815
ATCTAGCTTGTGAGGG-1,0.283219,0.064522,0.253295,0.398965
ATCTCATAAACCTACC-1,0.314103,0.036058,0.464649,0.18519
ATCTCCCACGGAATAT-1,0.522734,0.004977,0.376381,0.095908
ATCTCCCTGCAATCTA-1,0.968888,0.000097,0.000048,0.030967
ATCTCGTGAGCGAAAC-1,0.457193,0.028162,0.260535,0.25411
ATCTGACATGGAAGGA-1,0.502438,0.266145,0.009428,0.221989
ATCTGCACCTCTGCGA-1,0.620544,0.211976,0.006851,0.160629
ATCTGCTGTTATCGCC-1,0.788771,0.005924,0.043737,0.161568
ATCTGGGCTGTTCTTG-1,0.368837,0.057887,0.152051,0.421226
ATCTGGTTAAGACTGT-1,0.999376,0.000178,0.000089,0.000357
ATCTGTAATTGTACCC-1,0.999724,0.000079,0.000039,0.000158
ATCTTATCGCACACCC-1,0.732666,0.011685,0.197954,0.057696
ATCTTGACCTGCAACG-1,0.99958,0.00012,0.00006,0.00024
ATCTTGACTTGTCCAA-1,0.478196,0.346143,0.006302,0.16936
ATCTTTCGTATAACCA-1,0.332328,0.38362,0.015484,0.268567
ATGAAGCCAAGGAGCC-1,0.335786,0.49973,0.020963,0.143521
ATGACGCCGGCTCTAA-1,0.596071,0.060113,0.007953,0.335862
ATGACTATCAGCTGTG-1,0.727186,0.128975,0.014126,0.129713
ATGACTATGCGACATT-1,0.052262,0.587589,0.1233,0.23685
ATGAGGAGTGTTAATC-1,0.939863,0.002316,0.000041,0.05778
ATGAGGGCAGCGGCTA-1,0.03116,0.281469,0.300493,0.386878
ATGATCGGGAATAGAC-1,0.269289,0.366418,0.031796,0.332497
ATGATGCAATGGTACA-1,0.794825,0.024373,0.006949,0.173853
ATGCACTACCGCATTG-1,0.999545,0.00013,0.000065,0.00026
ATGCATGATCCAGGAT-1,0.889807,0.080796,0.000057,0.02934
ATGCATTCCGTGATGG-1,0.693315,0.025848,0.104879,0.175958
ATGCCAATCGCTCTGC-1,0.938907,0.013335,0.007468,0.040289
ATGCCATTTGCGACCA-1,0.512796,0.43418,0.002186,0.050838
ATGCCGGTCTTGCATA-1,0.813417,0.134932,0.042104,0.009546
ATGCCGGTTGATGGGA-1,0.758659,0.067661,0.000041,0.173639
ATGCGACAATTGGTCC-1,0.318816,0.45941,0.099528,0.122247
ATGCGAGTCCCACCAC-1,0.38237,0.024096,0.090662,0.502873
ATGCTCAGTGTTGCAT-1,0.802336,0.033638,0.022193,0.141834
ATGCTCTGGCGCGGTA-1,0.569118,0.008289,0.202398,0.220195
ATGCTTAGGAGTTGAT-1,0.16082,0.060902,0.613002,0.165275
ATGGAACAGAATAAAC-1,0.466212,0.010634,0.286927,0.236227
ATGGAACCTTTGCACA-1,0.021642,0.480973,0.211027,0.286358
ATGGACTGCTTAGTTG-1,0.414855,0.211146,0.150476,0.223523
ATGGATCCGGCGTCCG-1,0.951353,0.030987,0.000038,0.017621
ATGGATTGACCAAACG-1,0.999704,0.000084,0.000042,0.000169
ATGGCAGCATTACGAT-1,0.729568,0.023108,0.0513,0.196023
ATGGCCCGAAAGGTTA-1,0.998513,0.000425,0.000212,0.00085
ATGGCGGAATAGTCGC-1,0.027403,0.491516,0.153117,0.327964
ATGGCTGGAAATGGCC-1,0.21844,0.212128,0.19247,0.376962
ATGGGAACGGAAGCGG-1,0.296795,0.064521,0.29208,0.346605
ATGGGACCTGCTGAAC-1,0.999525,0.000136,0.000068,0.000272
ATGGGCCTCGGCCTCT-1,0.149584,0.456984,0.054848,0.338584
ATGGGTGTATACCTCC-1,0.900622,0.001766,0.00004,0.097572
ATGGTATTGGGAACCG-1,0.543547,0.005687,0.211109,0.239656
ATGGTCGCGTGGTTTC-1,0.358146,0.385646,0.01682,0.239388
ATGGTGCTCAAAGCCA-1,0.388851,0.042825,0.449492,0.118832
ATGGTTACGAAACATG-1,0.097861,0.192643,0.553395,0.156101
ATGTAAGGCTGCTCTT-1,0.7427,0.075064,0.017456,0.164779
ATGTACATGCGGTGAG-1,0.015969,0.336115,0.408777,0.239139
ATGTACGATGACGTCG-1,0.738331,0.000045,0.099079,0.162545
ATGTAGCGCGCGTAGG-1,0.53038,0.048785,0.340821,0.080013
ATGTCATAATAAACGA-1,0.254576,0.014629,0.437873,0.292922
ATGTCTTGTTTGACTC-1,0.722125,0.16042,0.026779,0.090675
ATGTGCATCCGACGCA-1,0.415858,0.381256,0.006915,0.19597
ATGTGGACATCTTGAT-1,0.40098,0.483875,0.016006,0.09914
ATGTGTAGTTTAGTCA-1,0.883095,0.000083,0.024606,0.092216
ATGTTACGAGCAATAC-1,0.873945,0.021897,0.005884,0.098274
ATGTTGATTAGAGACT-1,0.204594,0.187015,0.304208,0.304183
ATGTTGTAGTCTGTTT-1,0.80758,0.069936,0.000031,0.122453
ATGTTTCGGCCCGGAG-1,0.167508,0.302115,0.067916,0.462461
ATGTTTGTAAGATCAT-1,0.46414,0.004151,0.162172,0.369537
ATTAATACTACGCGGG-1,0.881393,0.083364,0.002717,0.032527
ATTAATGAACCAGTCG-1,0.844359,0.143944,0.000022,0.011674
ATTAATTCGGTCACTC-1,0.996176,0.000097,0.000048,0.003679
ATTACAACTACCGGCC-1,0.028899,0.727717,0.08705,0.156334
ATTACATGTCAGTCTT-1,0.251307,0.012101,0.264037,0.472555
ATTACCACACTGCCTG-1,0.503069,0.017537,0.09408,0.385314
ATTACGACTCCACAGT-1,0.738024,0.043226,0.001923,0.216827
ATTACGCGCTGGCAGG-1,0.700767,0.000125,0.022634,0.276475
ATTACTAGCCTCTTGC-1,0.418266,0.359636,0.006042,0.216055
ATTACTTACTGGGCAT-1,0.918185,0.042691,0.000041,0.039082
ATTAGATTCCTCAGCA-1,0.245224,0.569311,0.01248,0.172985
ATTAGATTGATAGCGG-1,0.677496,0.158127,0.001655,0.162722
ATTATACTTTGCTCGT-1,0.999717,0.000081,0.00004,0.000162
ATTATAGCTACTTTAC-1,0.576493,0.292732,0.008347,0.122428
ATTATCGGAATGTACG-1,0.633194,0.051287,0.105607,0.209913
ATTATCTCGACAGATC-1,0.222257,0.417793,0.110687,0.249264
ATTATGCCATAGGGAG-1,0.475966,0.281319,0.033758,0.208958
ATTATGCTCAGTATTG-1,0.795282,0.000069,0.081921,0.122729
ATTATTATGTCCGTCA-1,0.999384,0.000176,0.000088,0.000352
ATTATTCAGAGTCACT-1,0.323011,0.133516,0.340612,0.202861
ATTCAACCATTTAAGG-1,0.198918,0.041167,0.383446,0.37647
ATTCACTGATGTTGGA-1,0.970601,0.002063,0.014102,0.013234
ATTCAGATGAATCCCT-1,0.407163,0.060329,0.381256,0.151252
ATTCAGGACCTATTTC-1,0.34762,0.411775,0.030435,0.21017
ATTCAGGATCGCCTCT-1,0.618381,0.00263,0.362955,0.016035
ATTCAGTAGCAGGGTC-1,0.634766,0.060025,0.056916,0.248292
ATTCATCGTTGAGGCA-1,0.033064,0.124951,0.762994,0.078991
ATTCCCACATAAACAA-1,0.729757,0.016145,0.075701,0.178397
ATTCCTAAGACGTGGA-1,0.566196,0.25471,0.021807,0.157287
ATTCCTCCGCCAGTGC-1,0.738875,0.118465,0.000035,0.142625
ATTCCTTCCAGGCGGT-1,0.842079,0.024267,0.021363,0.112291
ATTCGACGCCGGGCCT-1,0.811038,0.000209,0.000105,0.188648
ATTCGCAGAGGACACT-1,0.57568,0.111775,0.101218,0.211327
ATTCGCGCCTTGAGAG-1,0.000114,0.56319,0.397305,0.039391
ATTCGTCCCGAGGTTA-1,0.714634,0.000467,0.283964,0.000935
ATTCGTGCTATCTCTT-1,0.523574,0.090909,0.146969,0.238548
ATTCGTGTACCCATTC-1,0.983681,0.004663,0.002331,0.009325
ATTCGTTTATCGTATT-1,0.997269,0.00078,0.00039,0.001561
ATTCTCGTCTCTTTAG-1,0.997424,0.000078,0.000039,0.002459
ATTCTGAGTATGAACT-1,0.690603,0.004675,0.132133,0.172588
ATTCTTCGTACTTATG-1,0.578523,0.173668,0.13836,0.109449
ATTGAAGATCTTAGTG-1,0.705541,0.107265,0.013299,0.173895
ATTGAATTCCCTGTAG-1,0.997094,0.00083,0.000415,0.001661
ATTGACCGGCGATGAC-1,0.025407,0.475193,0.167658,0.331742
ATTGACGTAACTCGGT-1,0.888102,0.03572,0.007543,0.068635
ATTGATAGCAACGAGA-1,0.737902,0.099981,0.009546,0.152571
ATTGATGAGTCCTAAC-1,0.208444,0.468691,0.052456,0.270409
ATTGCCTATTAGACCG-1,0.919152,0.019657,0.000039,0.061152
ATTGCCTTTATGTTTG-1,0.230146,0.022363,0.402653,0.344838
ATTGCGATCAGTAACT-1,0.267089,0.285388,0.271813,0.17571
ATTGCTGCTCCTCCAT-1,0.687282,0.014317,0.052621,0.245781
ATTGGATTACAGCGTA-1,0.191094,0.055062,0.421056,0.332788
ATTGGGAATATCTTGG-1,0.999708,0.000083,0.000042,0.000167
ATTGGGAGTTCTGTAA-1,0.42439,0.051567,0.12094,0.403103
ATTGGTTGTGCATTAC-1,0.941414,0.000957,0.000479,0.05715
ATTGTACAACTCGGCT-1,0.371029,0.382547,0.004746,0.241678
ATTGTCGCAATACCTT-1,0.999728,0.000078,0.000039,0.000155
ATTGTCTGTTTCATGT-1,0.367141,0.039112,0.240011,0.353736
ATTGTGACTTCGCTGC-1,0.633414,0.10086,0.017781,0.247945
ATTGTTCAACGATCCG-1,0.233463,0.15612,0.434419,0.175998
ATTTAACTCGTATTAC-1,0.999752,0.000071,0.000035,0.000142
ATTTACAGTTTACTGG-1,0.774819,0.067832,0.02847,0.128879
ATTTACTAAGTCCATT-1,0.809599,0.132835,0.002166,0.0554
ATTTATACTGGTAAAG-1,0.412041,0.003495,0.270601,0.313864
ATTTCATTATTTCGCG-1,0.991808,0.000153,0.000077,0.007963
ATTTGCCTAGTTACGA-1,0.725842,0.000059,0.164438,0.109661
ATTTGTCTTGGGAGCT-1,0.999447,0.000158,0.000079,0.000316
ATTTGTTCCAGGGCTC-1,0.574272,0.087555,0.015282,0.322891
CAAACCATAAGCGTAT-1,0.998962,0.000297,0.000148,0.000593
CAAACCCTCCGGCGGG-1,0.841328,0.000031,0.084494,0.074147
CAAACGAGTATCGCAG-1,0.640603,0.148234,0.038732,0.17243
CAAACGGTCGCACTTT-1,0.712605,0.04697,0.049795,0.19063
CAAACGTGGTCTTGCG-1,0.682326,0.010915,0.123137,0.183621
CAAACTACGATAGAGA-1,0.518471,0.15444,0.018044,0.309045
CAAACTATTGAGCTTC-1,0.999628,0.000106,0.000053,0.000213
CAAACTCGCGACGCCG-1,0.035998,0.550951,0.241086,0.171965
CAAAGGTCATCTGAAA-1,0.098999,0.085142,0.503876,0.311984
CAAAGGTTAAATTCAG-1,0.148831,0.067146,0.470268,0.313754
CAAATGCGGAGTGTTC-1,0.965455,0.000047,0.027293,0.007206
CAAATGTCCTTCCGTG-1,0.793612,0.012467,0.04115,0.152771
CAAATTGGATTATGCC-1,0.119114,0.553121,0.099878,0.227887
CAAATTGTCAGCAAGC-1,0.962334,0.000059,0.000026,0.037581
CAACACATCTCCTGCC-1,0.484792,0.40216,0.033027,0.080021
CAACAGAATAACGCTA-1,0.505212,0.012473,0.315776,0.166539
CAACAGTGCCAAACGG-1,0.827902,0.000041,0.118722,0.053335
CAACCAGTGGCCTACC-1,0.402991,0.008938,0.236966,0.351105
CAACCTACCGAGCAGT-1,0.394847,0.004673,0.499139,0.101342
CAACCTGAACCTGCCA-1,0.093981,0.686864,0.060849,0.158306
CAACGACCCGTTTACA-1,0.569324,0.394839,0.000246,0.035591
CAACGATCGATCCAAT-1,0.998182,0.00052,0.00026,0.001039
CAACGCGATGAGCCAA-1,0.126742,0.294996,0.211704,0.366558
CAACGGTTCTTGATAC-1,0.892738,0.009195,0.000028,0.09804
CAACGTGGTGGAGTCT-1,0.267952,0.025504,0.329375,0.37717
CAACTATATCGAATGC-1,0.584249,0.136043,0.017864,0.261845
CAACTCCAACGTTTAG-1,0.62126,0.016203,0.253271,0.109265
CAACTCCGTAACTTGC-1,0.619502,0.063655,0.072879,0.243965
CAACTCCTTGATCCCG-1,0.995681,0.000071,0.000036,0.004212
CAACTGAGGGTATGAC-1,0.296672,0.237162,0.297052,0.169114
CAACTGCTCATCCGAT-1,0.532665,0.139225,0.006939,0.32117
CAACTTGTAGTGGGCA-1,0.796104,0.053995,0.008537,0.141363
CAAGAAACCCTAAACT-1,0.203894,0.077108,0.594382,0.124616
CAAGACTCAGAAGCGC-1,0.750338,0.144095,0.025393,0.080173
CAAGAGGGCGGAGTAC-1,0.629525,0.299887,0.004396,0.066193
CAAGATATTATAACGT-1,0.663445,0.32928,0.000281,0.006994
CAAGCAACGTCGGAGT-1,0.801899,0.067358,0.022455,0.108287
CAAGCACCAAATGCCT-1,0.155536,0.556905,0.051639,0.235921
CAAGCGGCACATAATT-1,0.702763,0.137593,0.011077,0.148567
CAAGGCCAGTGGTGCA-1,0.081603,0.158722,0.613432,0.146243
CAAGGGAGTGTATTTG-1,0.691682,0.071595,0.018473,0.21825
CAAGGTCCTATAGGCT-1,0.393938,0.377534,0.013791,0.214738
CAAGTAAGTGATAGAC-1,0.793708,0.007307,0.062771,0.136215
CAAGTCGTTGAAATCT-1,0.744419,0.00847,0.043093,0.204018
CAAGTGAACTTTGGTT-1,0.201264,0.23971,0.15733,0.401695
CAAGTGTGGTTGCAAA-1,0.356058,0.479098,0.030969,0.133875
CAATAAACCTTGGCCC-1,0.999707,0.000084,0.000042,0.000168
CAATACGAGAGTCTGA-1,0.454129,0.079477,0.14032,0.326073
CAATATGTAGATTTAC-1,0.2484,0.080927,0.527195,0.143478
CAATATTCTTGACCTA-1,0.867592,0.002364,0.028413,0.101631
CAATATTGGACTAGTG-1,0.855211,0.012881,0.052339,0.079569
CAATCCATTATCCGTT-1,0.135008,0.190993,0.481098,0.192901
CAATCCCTATACCAGC-1,0.75435,0.016619,0.031506,0.197525
CAATCCTGCCGTGGAG-1,0.749565,0.026767,0.032864,0.190804
CAATGACCCTTAATTT-1,0.501639,0.062644,0.284231,0.151485
CAATGAGGTTCGACTA-1,0.071643,0.487408,0.053448,0.387501
CAATGCGAGAAGTATC-1,0.298863,0.292406,0.12726,0.281471
CAATGGAATCTACATA-1,0.567207,0.00461,0.111607,0.316576
CAATGGATCTCTACCA-1,0.999659,0.000097,0.000049,0.000195
CAATGGTCGGCCTGGG-1,0.999759,0.000069,0.000034,0.000138
CAATGTGCCAACCCTT-1,0.001185,0.654915,0.2711,0.0728
CAATTAAGGGTGATGA-1,0.9994,0.000172,0.000086,0.000343
CACAAACCGCAGAACT-1,0.997886,0.000604,0.000302,0.001208
CACAAGAAAGATATTA-1,0.103285,0.472948,0.160263,0.263504
CACAATGAGCTGCTAT-1,0.805573,0.113252,0.072379,0.008795
CACACACGCTAACGAG-1,0.081951,0.104449,0.747862,0.065738
CACACAGCTTGCGCTC-1,0.51727,0.026001,0.18054,0.276188
CACACAGGGATAGATT-1,0.816745,0.038612,0.027798,0.116845
CACACGCGCTGTCTTA-1,0.999654,0.000099,0.000049,0.000198
CACACGTTTCAATGGG-1,0.659779,0.010279,0.166814,0.163128
CACACTTGTATTGCGA-1,0.014773,0.384863,0.382445,0.21792
CACAGAGACGAGGACG-1,0.917545,0.000111,0.000056,0.082288
CACAGCACCCACGGCA-1,0.592599,0.187696,0.000145,0.219559
CACAGCTAGGGAGTGA-1,0.823351,0.082585,0.000037,0.094028
CACAGGGCCATATAGT-1,0.187348,0.037109,0.607132,0.168411
CACAGGGCCGTTGTCA-1,0.49723,0.216555,0.043067,0.243147
CACAGTCCCGCTTCGC-1,0.280232,0.04082,0.242088,0.43686
CACAGTTCGCTTCCCA-1,0.295041,0.005209,0.590529,0.109221
CACATAAGGCGACCGT-1,0.732984,0.026649,0.080762,0.159605
CACATATTAGCAGGAT-1,0.761811,0.160583,0.026259,0.051347
CACATCGTGCACGCGC-1,0.995669,0.000064,0.000032,0.004235
CACATCTCACCGACGA-1,0.777024,0.051145,0.045166,0.126665
CACATGTTTGGACATG-1,0.656159,0.038702,0.012188,0.29295
CACATTCTTTCGATGG-1,0.466495,0.22306,0.004286,0.306159
CACATTTCTTGTCAGA-1,0.094422,0.442805,0.181066,0.281706
CACCAGTCAGCATGCA-1,0.91099,0.012344,0.011091,0.065574
CACCATCGGAGGAGAC-1,0.999643,0.000102,0.000051,0.000204
CACCATGATCGCAAAG-1,0.635726,0.0775,0.027664,0.259111
CACCCAAATCTTATGT-1,0.095541,0.681179,0.079141,0.144139
CACCCACACGTCACCC-1,0.656704,0.194067,0.002159,0.14707
CACCCACGAGGCAATT-1,0.999755,0.00007,0.000035,0.00014
CACCCGCGTTTGACAC-1,0.994052,0.001699,0.00085,0.003399
CACCCGGTTTGTGACT-1,0.935694,0.013505,0.011146,0.039655
CACCCTAACAAGATCT-1,0.240596,0.124455,0.104197,0.530752
CACCCTTTCCTCGCTC-1,0.999758,0.000069,0.000035,0.000138
CACCGATACACCGAGC-1,0.906629,0.000061,0.000031,0.09328
CACCGATGATGGGTAC-1,0.989213,0.003082,0.001541,0.006164
CACCGCCAGAAGGTTT-1,0.90582,0.093643,0.000107,0.00043
CACCGCCGACCAGCGA-1,0.702162,0.078265,0.030604,0.188969
CACCGCGTCCACTCTA-1,0.793403,0.039229,0.021374,0.145994
CACCGGAGATATCTCC-1,0.539284,0.058082,0.178692,0.223943
CACCGGGCATCACAAG-1,0.927714,0.000416,0.000208,0.071661
CACCGGTAGAGACATT-1,0.649631,0.000477,0.000239,0.349653
CACCGTATCCCATCCG-1,0.056927,0.157911,0.550119,0.235044
CACCTAATAGAGTCGT-1,0.848168,0.042755,0.029193,0.079884
CACCTAATCAGTTTAC-1,0.971255,0.001539,0.00004,0.027167
CACCTCGATGGTGGAC-1,0.876786,0.05937,0.000028,0.063816
CACCTCTACGAGTGTG-1,0.097967,0.089825,0.526594,0.285614
CACCTTGCGAAACTCG-1,0.934658,0.049742,0.000104,0.015497
CACCTTGGCGCCTTTG-1,0.363045,0.314391,0.021809,0.300756
CACGAAAGTTAGTCCC-1,0.650699,0.071656,0.002995,0.274649
CACGACCACAGACTTT-1,0.318604,0.051653,0.405421,0.224321
CACGACGTAATAGTAA-1,0.615027,0.02478,0.238487,0.121706
CACGACTAAAGTTCTG-1,0.773694,0.021887,0.126101,0.078319
CACGAGCAAACCAGAC-1,0.953903,0.000119,0.024036,0.021941
CACGATTGGTCGTTAA-1,0.341675,0.053805,0.485456,0.119064
CACGCACAGCGCAGCT-1,0.999705,0.000084,0.000042,0.000169
CACGCAGCGAGGCTTT-1,0.776043,0.042406,0.031212,0.15034
CACGCGGAACTGTTGC-1,0.206484,0.519077,0.071447,0.202992
CACGGACGTGGATGGC-1,0.172813,0.394382,0.040358,0.392448
CACGGCGCGCCAAAGG-1,0.582187,0.187297,0.012958,0.217558
CACGTCAATCAATGGA-1,0.219352,0.155437,0.435837,0.189374
CACGTCTATGATGTGG-1,0.657251,0.010846,0.02592,0.305984
CACGTTCGTGCTCTAG-1,0.99899,0.000289,0.000144,0.000577
CACGTTTCGTACACAC-1,0.64715,0.010799,0.207829,0.134222
CACTAAAGTTGCCTAT-1,0.710513,0.001619,0.020698,0.267169
CACTACGGGAGCTGCC-1,0.11227,0.083557,0.581861,0.222312
CACTACTCAGTTCTGT-1,0.923434,0.000054,0.020312,0.0562
CACTCAGCTCTTGAGG-1,0.663328,0.059181,0.007524,0.269968
CACTCCTATGTAAGAT-1,0.946506,0.000254,0.000125,0.053114
CACTCCTCTCGGTCGG-1,0.679003,0.042775,0.028347,0.249876
CACTCGAGCTGAACAA-1,0.647176,0.182771,0.008357,0.161696
CACTCTCAAGCATCGA-1,0.565864,0.088284,0.006126,0.339726
CACTCTTCTGCTAGCC-1,0.406875,0.013515,0.331568,0.248041
CACTGACGATTGTGGA-1,0.648871,0.029144,0.027273,0.294713
CACTGTCCAAGTGAGA-1,0.872792,0.036622,0.000047,0.090538
CACTTAATCAGACGGA-1,0.800362,0.00618,0.012319,0.181139
CACTTCGCCACAGGCT-1,0.859275,0.01423,0.013886,0.112608
CAGAACTTAGCCCTCT-1,0.167118,0.18753,0.094427,0.550926
CAGAATAACACACGGA-1,0.040735,0.108302,0.752502,0.098461
CAGAATATTCGTTATC-1,0.272189,0.011445,0.287469,0.428898
CAGACACCGATCGCTG-1,0.999682,0.000091,0.000045,0.000181
CAGACCTGTAAGTGTT-1,0.614737,0.228548,0.001369,0.155346
CAGACGAACCTGATAC-1,0.914043,0.003567,0.000084,0.082306
CAGAGACGGTCACCCA-1,0.999566,0.000124,0.000062,0.000248
CAGAGCATGAGCTTGC-1,0.999471,0.000151,0.000076,0.000302
CAGAGCGATGGATGCT-1,0.702977,0.001136,0.16623,0.129657
CAGAGGCGATGCATGA-1,0.99942,0.000166,0.000083,0.000331
CAGAGTGATTTAACGT-1,0.183723,0.31392,0.077685,0.424673
CAGATAATGGGCGGGT-1,0.569458,0.00012,0.051897,0.378525
CAGATACTAACATAGT-1,0.999638,0.000104,0.000052,0.000207
CAGATATGAAGATGAC-1,0.963803,0.000451,0.000226,0.03552
CAGATCATTTAAAGTC-1,0.515518,0.387988,0.002256,0.094238
CAGCAGCCCGTTCCTT-1,0.999378,0.000178,0.000089,0.000355
CAGCAGTCCAGACTAT-1,0.236859,0.182551,0.230573,0.350016
CAGCAGTCTGTGCTGC-1,0.576212,0.000061,0.194537,0.229191
CAGCCCTCACAGGCAG-1,0.512628,0.00704,0.348273,0.132058
CAGCCGGGCCCTCTAT-1,0.686467,0.059593,0.020031,0.233909
CAGCCTCCTGCAGAGG-1,0.966895,0.015122,0.00003,0.017953
CAGCCTCGATAGCGGT-1,0.142925,0.144018,0.41214,0.300917
CAGCCTCTCCTCAAGA-1,0.739314,0.15105,0.01251,0.097127
CAGCGATTCCCTTCAA-1,0.970609,0.000212,0.000101,0.029078
CAGCTCGACAAGTTAA-1,0.978068,0.021738,0.000039,0.000155
CAGCTCGTGCTTGTGT-1,0.95502,0.001864,0.000032,0.043084
CAGCTCTGGGCTCACT-1,0.467462,0.076664,0.014834,0.44104
CAGCTTAGTAGGTAGC-1,0.830658,0.031824,0.027753,0.109765
CAGGAAGACTTTATAT-1,0.993207,0.000101,0.00005,0.006641
CAGGACAGCTGCCCTT-1,0.054328,0.364679,0.240995,0.339998
CAGGATCCGCCCGACC-1,0.396399,0.048943,0.426291,0.128367
CAGGCAGTCTTACCAG-1,0.464598,0.041412,0.429295,0.064696
CAGGCCGTTTGGGTGT-1,0.900568,0.000167,0.014666,0.084599
CAGGCGCCATGCTAGG-1,0.494264,0.268443,0.011412,0.225882
CAGGTTTAGTACTACA-1,0.191089,0.090237,0.09253,0.626145
CAGTAACTATTTATTG-1,0.401471,0.315342,0.021635,0.261552
CAGTAATCCCTCCCAG-1,0.856525,0.022279,0.026741,0.094456
CAGTACATTCTCTAAA-1,0.386959,0.281642,0.031245,0.300154
CAGTAGCCCACGCGGT-1,0.99962,0.000109,0.000054,0.000217
CAGTAGCGAGGTAGTA-1,0.397695,0.117604,0.11314,0.371561
CAGTCCAACGCCTTCT-1,0.534159,0.008924,0.227359,0.229558
CAGTCGAGGATGCAAT-1,0.261001,0.457084,0.017217,0.264697
CAGTCTCTCGGCTAAT-1,0.807403,0.015372,0.047804,0.129421
CAGTGAATAAATGACT-1,0.99952,0.000137,0.000069,0.000274
CAGTGGTTGCACATGA-1,0.729985,0.060223,0.033966,0.175825
CAGTGTCCGCAGAATG-1,0.957197,0.004318,0.000036,0.038449
CAGTGTCGGCTGGCCC-1,0.668625,0.02604,0.056022,0.249312
CAGTTCAAATTGACAC-1,0.444503,0.01888,0.263165,0.273452
CAGTTCCGCGGGTCGA-1,0.771884,0.015598,0.022257,0.190261
CAGTTCGAGGACCCGA-1,0.154651,0.24806,0.141503,0.455786
CATAACGGACAGTCGT-1,0.481299,0.301644,0.022074,0.194984
CATAAGAAGCTTGGCT-1,0.160847,0.202054,0.232565,0.404535
CATAATGAGCGGGCGA-1,0.752969,0.083539,0.042719,0.120773
CATACAAAGCCGAACC-1,0.732421,0.081711,0.010264,0.175604
CATACACGGTTCCCAC-1,0.537813,0.374991,0.028995,0.058201
CATACCCGTACCCAGT-1,0.778831,0.112999,0.096714,0.011456
CATACGAACTAGCTGG-1,0.584906,0.117511,0.032808,0.264775
CATACGGGTGCATGAT-1,0.746338,0.105978,0.023108,0.124577
CATACTATGTAATTGT-1,0.881625,0.018901,0.028926,0.070549
CATACTTAGGCAATAC-1,0.337863,0.394007,0.026085,0.242045
CATACTTCTTTCTCCG-1,0.874238,0.000069,0.016585,0.109108
CATAGAGGAGATACTA-1,0.450342,0.104257,0.334914,0.110486
CATAGCCGCCCGGGAT-1,0.734468,0.049775,0.016694,0.199063
CATAGCGTTGCCCACC-1,0.807203,0.138955,0.000153,0.053689
CATAGGGACACTTGTG-1,0.967453,0.000297,0.000148,0.032102
CATAGTACATTGAGAG-1,0.978505,0.000073,0.000037,0.021385
CATAGTAGCATAGTAG-1,0.63505,0.108178,0.024907,0.231865
CATAGTCAAATACATA-1,0.1228,0.078259,0.663906,0.135036
CATAGTGGGCACGCCT-1,0.997589,0.000689,0.000344,0.001378
CATATACTACTGATAA-1,0.385899,0.268691,0.018209,0.327201
CATATTATTTGCCCTA-1,0.569603,0.108574,0.071168,0.250654
CATCAAACTGGCGCCC-1,0.561744,0.066552,0.028213,0.343491
CATCATCTACCCGGAC-1,0.999784,0.000062,0.000031,0.000123
CATCATTACCCTGAGG-1,0.081096,0.1457,0.348736,0.424468
CATCCAATATAGTTTG-1,0.919193,0.003095,0.042867,0.034845
CATCCCGAGATTCATA-1,0.00149,0.439003,0.558016,0.00149
CATCCGCAGGCCCGAA-1,0.662642,0.000352,0.244073,0.092933
CATCCTCTCAAAGATC-1,0.409353,0.093624,0.243777,0.253245
CATCGAATGGATCTCT-1,0.781447,0.066749,0.035826,0.115978
CATCGCCCGCGGCCAA-1,0.999717,0.000081,0.00004,0.000162
CATCTACCCGAGAACG-1,0.230746,0.052112,0.363465,0.353678
CATCTAGTGAAGGGAA-1,0.207064,0.132191,0.324796,0.335948
CATCTATCCCGTGTCT-1,0.005791,0.906992,0.058823,0.028395
CATCTTACACCACCTC-1,0.766601,0.158657,0.000039,0.074704
CATGAACCGACATTTG-1,0.325708,0.250231,0.041693,0.382368
CATGAACCTCTTATCA-1,0.884639,0.000046,0.029186,0.086129
CATGACTTCGCTGAAT-1,0.46957,0.301681,0.03183,0.196919
CATGAGATGCACTCTC-1,0.740616,0.000052,0.056167,0.203166
CATGAGTCCATCACGG-1,0.80374,0.017386,0.015458,0.163416
CATGATACGGTGAAAC-1,0.412391,0.044323,0.309993,0.233292
CATGATCGCTTTGAGA-1,0.832851,0.000777,0.000389,0.165984
CATGATGCACAATTCT-1,0.562799,0.394889,0.003142,0.03917
CATGATGGAAGTTAGC-1,0.434913,0.123411,0.015404,0.426272
CATGCACATGAGAGGC-1,0.998042,0.00056,0.00028,0.001119
CATGCACGTGTTACTG-1,0.456797,0.010346,0.422974,0.109882
CATGCATGGAGACCCT-1,0.7803,0.017769,0.052135,0.149796
CATGCGACCAGTTTAA-1,0.922772,0.073064,0.000036,0.004128
CATGCGTTAGACAGAA-1,0.999749,0.000072,0.000036,0.000143
CATGCGTTGAGAGGAG-1,0.172207,0.185437,0.184538,0.457818
CATGCTGGCTCCAATT-1,0.640194,0.148192,0.02767,0.183944
CATGGAAATGGGACCA-1,0.655392,0.00885,0.12423,0.211528
CATGGATTGTCTTCCG-1,0.383724,0.100627,0.25954,0.256109
CATGGCAGGAAGATCG-1,0.625412,0.344791,0.000022,0.029776
CATGGGTATGCCTTAT-1,0.304545,0.034541,0.158865,0.50205
CATGGGTCGGGTGTGG-1,0.99977,0.000066,0.000033,0.000132
CATGGTAAGTAGCGTT-1,0.990483,0.000073,0.000036,0.009408
CATGGTCTAGATACCG-1,0.999527,0.000135,0.000068,0.00027
CATGGTTTATTAATCA-1,0.684113,0.000242,0.197804,0.117841
CATGTAAGAGACATTT-1,0.585329,0.013706,0.098016,0.302948
CATGTAGGAGCGCCAA-1,0.470572,0.196103,0.067305,0.266019
CATGTCTCATTTATGG-1,0.233684,0.390516,0.054723,0.321077
CATGTGGGCTCATCAC-1,0.573147,0.056497,0.119946,0.250409
CATTACATAGATTGTG-1,0.103144,0.631366,0.044082,0.221407
CATTACGCAGGAAGGG-1,0.070899,0.001554,0.000777,0.92677
CATTACGTCGGCCCGT-1,0.632952,0.272883,0.002954,0.091211
CATTATAACAGGGTCC-1,0.884285,0.00004,0.089948,0.025726
CATTATCCCATTAACG-1,0.67175,0.162564,0.006095,0.159591
CATTATGCTTGTTGTG-1,0.903957,0.077379,0.00003,0.018634
CATTCACTGACAGCTA-1,0.388716,0.086493,0.128632,0.396159
CATTCAGGTCAGTGCG-1,0.837889,0.028217,0.017619,0.116275
CATTCCCATTCCGTCG-1,0.489326,0.294067,0.073647,0.14296
CATTCCCTAAGTACAA-1,0.766406,0.041528,0.03585,0.156215
CATTCGTCGTAGCGGT-1,0.147048,0.149863,0.372031,0.331058
CATTGATGAACACGCC-1,0.152017,0.353039,0.094751,0.400193
CATTGCAAAGCATAAT-1,0.614216,0.012384,0.254241,0.119159
CATTGCGGGTCAATTC-1,0.375077,0.35896,0.018801,0.247162
CATTTAGCGGACCATG-1,0.999155,0.000241,0.000121,0.000483
CATTTATCGTTCAAGA-1,0.693629,0.119425,0.08067,0.106276
CATTTCTAGCAGACTA-1,0.834079,0.049939,0.018693,0.097288
CATTTGAGTGGTACGT-1,0.833309,0.00263,0.084292,0.079769
CCAAACAGAACCCTCG-1,0.572725,0.335055,0.011402,0.080818
CCAAAGTCCCGCTAAC-1,0.346201,0.034496,0.193459,0.425843
CCAAATAACAAGATTC-1,0.194064,0.109729,0.490928,0.20528
CCAAATCAAAGGGCAA-1,0.873208,0.02068,0.000106,0.106006
CCAACCTTATGTAACT-1,0.264784,0.427816,0.075868,0.231533
CCAACGATGCACTGAT-1,0.834374,0.057242,0.024093,0.084292
CCAACGCTTGCCAGGG-1,0.358794,0.179373,0.057525,0.404308
CCAACTTGATAGATCC-1,0.168227,0.083346,0.383927,0.3645
CCAAGAAAGTGGGCGA-1,0.994621,0.005171,0.000041,0.000166
CCAAGACTTCTGCGAA-1,0.444414,0.318217,0.013505,0.223864
CCAAGCTTGATCTCCT-1,0.832039,0.108618,0.016813,0.04253
CCAAGGAACAGAGAGG-1,0.999789,0.00006,0.00003,0.00012
CCAAGGTTGCCCTTTC-1,0.994826,0.001478,0.000739,0.002957
CCAATAGTGCCGTCGA-1,0.851673,0.055743,0.007513,0.085071
CCAATCGGTAGATCGA-1,0.731728,0.111837,0.010898,0.145537
CCAATGTCACAGCAAG-1,0.428927,0.220265,0.019716,0.331092
CCAATTACGGGTCGAG-1,0.808377,0.115251,0.000029,0.076343
CCAATTGAATGTTAAT-1,0.380158,0.39556,0.009656,0.214625
CCACAATGTACGTCTT-1,0.999647,0.000101,0.00005,0.000202
CCACACTGAGATATTA-1,0.912742,0.04331,0.00224,0.041708
CCACAGCTGAAATCAT-1,0.871886,0.063918,0.010129,0.054067
CCACAGTACCCATCCT-1,0.312047,0.327153,0.1022,0.2586
CCACATACTGCACCCA-1,0.369535,0.060377,0.341825,0.228262
CCACCAACTTTACTGT-1,0.929232,0.000082,0.021944,0.048743
CCACCTGTATGGAATA-1,0.628683,0.000566,0.082441,0.288309
CCACGAATTTAACCTC-1,0.469854,0.127891,0.133597,0.268659
CCACGAGAAGAGAATC-1,0.892093,0.09159,0.000027,0.01629
CCACGGCAGGTGTAGG-1,0.758545,0.130834,0.000055,0.110566
CCACGGTGCCCGGTAG-1,0.02597,0.751242,0.137681,0.085106
CCACGTAAATTAGACT-1,0.440612,0.264327,0.080686,0.214375
CCACTAAACTGAATCG-1,0.824716,0.101863,0.010442,0.062979
CCACTATCCGGGTCAC-1,0.026929,0.761373,0.077317,0.134381
CCACTCAGATCCGCAA-1,0.316591,0.073589,0.403524,0.206296
CCACTGTTTGGATTAA-1,0.209798,0.05452,0.288229,0.447454
CCACTTTCCTTCTAGG-1,0.997454,0.000727,0.000364,0.001455
CCAGAAACTGATGCGA-1,0.992685,0.00209,0.001045,0.00418
CCAGAGACAAAGCCGG-1,0.78189,0.035487,0.06348,0.119142
CCAGATAGTTGAGTGA-1,0.999603,0.000113,0.000057,0.000227
CCAGATGTAAATGGGT-1,0.373155,0.242447,0.092024,0.292374
CCAGCGGGATCACCAG-1,0.520186,0.111851,0.092289,0.275673
CCAGCTACGCCTCATA-1,0.957819,0.00007,0.000035,0.042076
CCAGCTCGAACGCATT-1,0.298995,0.068401,0.182557,0.450047
CCAGCTTCCGCCCGCA-1,0.795248,0.055715,0.052138,0.096899
CCAGGCTGGCGTCTGA-1,0.123294,0.090228,0.616656,0.169822
CCAGGGACGTGGCCTC-1,0.999618,0.000109,0.000055,0.000218
CCAGTAGTCTGATCCA-1,0.999364,0.000182,0.000091,0.000364
CCAGTCCATTATTCGA-1,0.879292,0.017448,0.039838,0.063422
CCAGTCTAGACGGCGC-1,0.999547,0.00013,0.000065,0.000259
CCAGTCTTGTCATAGA-1,0.426046,0.314494,0.027814,0.231646
CCAGTGAGCTCCTTGT-1,0.429041,0.000404,0.000202,0.570353
CCAGTTCGGTAACTCA-1,0.219775,0.15627,0.000193,0.623762
CCATAAACAACCCGAC-1,0.999829,0.000049,0.000024,0.000098
CCATACCTTTACTTGT-1,0.596123,0.152581,0.003349,0.247947
CCATAGGTTGGCGTGG-1,0.834883,0.099221,0.000034,0.065862
CCATAGTCAGTAACCC-1,0.844667,0.060111,0.025321,0.0699
CCATATGGAAACTATA-1,0.181822,0.036687,0.482189,0.299302
CCATCATAAGAACAGG-1,0.638744,0.007881,0.221481,0.131894
CCATCCATACCAAGTC-1,0.999766,0.000067,0.000033,0.000134
CCATCGCAGTTAAACT-1,0.999616,0.00011,0.000055,0.000219
CCATCTCACCAGTGAA-1,0.302299,0.534967,0.02179,0.140944
CCATCTTGTTCACAAT-1,0.699392,0.022392,0.010537,0.267678
CCATGCCCTAGATTTC-1,0.001927,0.104998,0.872967,0.020108
CCATGCCTGTTTAGTA-1,0.937759,0.024523,0.000079,0.037638
CCATGCTCTGCAGGAA-1,0.714621,0.166328,0.025005,0.094046
CCATGGCAAACGCTCA-1,0.405491,0.152746,0.130661,0.311102
CCATGGCCCTTGTACC-1,0.900981,0.016688,0.008671,0.07366
CCATGTTCATCTATAT-1,0.711265,0.157295,0.000762,0.130678
CCATTAGCGATAATCC-1,0.791917,0.04134,0.004684,0.16206
CCATTCCCTGCCCACA-1,0.936913,0.00319,0.000129,0.059767
CCATTGTTTCCTCCAT-1,0.555191,0.386888,0.007441,0.05048
CCATTTCTACCTATTA-1,0.624205,0.112643,0.024715,0.238437
CCCAAACATGCTGCTC-1,0.988582,0.00008,0.00004,0.011297
CCCAACATACGTCGCG-1,0.773218,0.00732,0.031881,0.187581
CCCAACCACACTAACA-1,0.843157,0.000044,0.003471,0.153328
CCCAAGAATGCACGGT-1,0.733629,0.003411,0.178139,0.084821
CCCAAGACAGAGTATG-1,0.749219,0.00005,0.032375,0.218356
CCCAAGTCATTACACT-1,0.703943,0.000139,0.165949,0.129969
CCCAATGAGATTTGCA-1,0.649422,0.281565,0.00002,0.068993
CCCAATTTCACAACTT-1,0.861829,0.039398,0.019147,0.079627
CCCAGAGGAGGGCGTA-1,0.481013,0.293226,0.016774,0.208987
CCCAGATTCCCGTGAC-1,0.136187,0.151905,0.238117,0.473791
CCCAGGAAGAATTCGA-1,0.38808,0.02285,0.433532,0.155538
CCCAGGTCTGAAGGCT-1,0.482552,0.000815,0.320195,0.196438
CCCAGTTAAGGCGCCG-1,0.999723,0.000079,0.00004,0.000158
CCCATATAGGTCGATT-1,0.741007,0.000791,0.256596,0.001607
CCCATTATTGTATCCT-1,0.9957,0.001229,0.000614,0.002457
CCCGACCATAGTCCGC-1,0.064096,0.544789,0.150793,0.240323
CCCGAGTTTCTCCGTA-1,0.238755,0.030065,0.172576,0.558603
CCCGATAGCCTCGCCT-1,0.106536,0.448697,0.16315,0.281616
CCCGCAAATAATCATC-1,0.217544,0.053792,0.517912,0.210752
CCCGCAGCGCGAACTA-1,0.692306,0.236488,0.011079,0.060127
CCCGCAGGGCCCAAAG-1,0.996199,0.000038,0.000019,0.003744
CCCGCCATGCTCCCGT-1,0.380518,0.353298,0.019005,0.247179
CCCGCGCAATGCACCC-1,0.856955,0.022631,0.02532,0.095094
CCCGCTAGAGGGTTAA-1,0.241345,0.033422,0.443749,0.281484
CCCGCTTGCCCTCGTC-1,0.764725,0.002305,0.040279,0.19269
CCCGGCACGTGTCAGG-1,0.997562,0.000697,0.000348,0.001393
CCCGGGTCGTTCAGGG-1,0.345535,0.036636,0.081545,0.536285
CCCGGTGGAAGAACCT-1,0.780049,0.03511,0.068411,0.116431
CCCGTAGCTGGGAAGA-1,0.98426,0.012985,0.000074,0.002681
CCCGTCAGCGTCTGAC-1,0.367469,0.366513,0.00823,0.257789
CCCGTGACAGTGCCTT-1,0.713446,0.001039,0.283436,0.002078
CCCGTTTCGCAGATGT-1,0.147253,0.074755,0.590382,0.187609
CCCTACCCACACCCAG-1,0.405479,0.008457,0.143434,0.44263
CCCTACTTGAACAATG-1,0.401991,0.114025,0.170224,0.31376
CCCTAGCTCTAAGGTC-1,0.26369,0.044497,0.243607,0.448207
CCCTAGTGTCAGGTGT-1,0.845578,0.006256,0.035225,0.112941
CCCTATGTAGAGCAGA-1,0.780543,0.048508,0.050492,0.120457
CCCTCAGATCGAGAAC-1,0.688,0.088175,0.000583,0.223242
CCCTCATCACAGAGTA-1,0.638284,0.017503,0.028713,0.3155
CCCTCATTCTGGAATT-1,0.999714,0.000082,0.000041,0.000163
CCCTCCTCGCTCGTAT-1,0.235181,0.118379,0.221149,0.425292
CCCTCGATAATACACA-1,0.780965,0.043974,0.000032,0.175029
CCCTCGGGAGCCTTGT-1,0.628457,0.010956,0.221948,0.138639
CCCTGAAATGAGTTGA-1,0.658636,0.045861,0.035174,0.260328
CCCTGATGTAACTCGT-1,0.711433,0.000177,0.047292,0.241098
CCCTGCGCTACGCATA-1,0.771371,0.023152,0.047636,0.157841
CCCTGGGAGGGATCCT-1,0.250704,0.10873,0.529794,0.110772
CCCTGGTATGGGCGGC-1,0.868804,0.000062,0.029895,0.101239
CCCTTCTCGTACGCGA-1,0.511083,0.023446,0.102831,0.36264
CCCTTTAATGGAGTTC-1,0.542499,0.048594,0.275428,0.133479
CCCTTTGACAGGTCTT-1,0.99924,0.000217,0.000109,0.000434
CCGAAAGTGGTGAGCA-1,0.814785,0.038445,0.016528,0.130242
CCGAACCTTCCCGGCC-1,0.574511,0.116964,0.042068,0.266457
CCGAAGGGCGTACCGC-1,0.553348,0.260832,0.003789,0.18203
CCGAAGTATATTGTTC-1,0.859451,0.025007,0.027488,0.088054
CCGACAAAGGGAGTGC-1,0.889392,0.009826,0.010493,0.090289
CCGACAATAGGCCGCC-1,0.002772,0.443166,0.544694,0.009367
CCGACGTAAACACAAC-1,0.215954,0.369406,0.051308,0.363333
CCGACTCGCATAGTCT-1,0.836192,0.000071,0.07249,0.091246
CCGAGAAGTCGCATAA-1,0.556872,0.093157,0.1581,0.191872
CCGAGCTGTGCTTGTC-1,0.808374,0.152202,0.000044,0.03938
CCGAGGGATGTTAGGC-1,0.812974,0.004073,0.061614,0.121338
CCGATATGACGTAAGG-1,0.029894,0.189939,0.712612,0.067555
CCGATCTCAACCTTAT-1,0.125492,0.448741,0.082186,0.343581
CCGATCTTAAGAGGCT-1,0.693945,0.026115,0.146062,0.133878
CCGATTGGTCAATGAA-1,0.695931,0.02462,0.146211,0.133238
CCGCACAAAGACCAAC-1,0.702998,0.061619,0.006697,0.228687
CCGCACACGAACGTGT-1,0.372864,0.153977,0.236323,0.236836
CCGCACGTGACCTCGG-1,0.716573,0.060215,0.085456,0.137756
CCGCACTTGCAATGAC-1,0.887511,0.111465,0.000205,0.000819
CCGCATGTGGTACGAT-1,0.697294,0.061582,0.032234,0.20889
CCGCCACCACAATCCA-1,0.686429,0.017168,0.088123,0.208279
CCGCCGGTCAACACAC-1,0.459854,0.218058,0.062542,0.259545
CCGCCGTTGAGGATAA-1,0.333624,0.036415,0.1044,0.52556
CCGCCTGCGAATTGGT-1,0.790303,0.129337,0.006904,0.073457
CCGCGGAATGCGTCAC-1,0.88093,0.009173,0.021113,0.088784
CCGCGGGTACGAAGAA-1,0.81969,0.032053,0.015651,0.132606
CCGCGTAGGTAAGGGC-1,0.777222,0.000243,0.000121,0.222414
CCGCTCCAGGGCGATC-1,0.839885,0.000065,0.137874,0.022176
CCGCTCTTCCGAACTA-1,0.460641,0.001031,0.361881,0.176447
CCGCTGGTGCCATTCA-1,0.327879,0.215525,0.133384,0.323212
CCGCTTCGCGGTTAAC-1,0.814439,0.000073,0.062097,0.123391
CCGCTTGCTGACATGG-1,0.088505,0.837901,0.023579,0.050015
CCGGAAGTGCAATATG-1,0.563546,0.001732,0.000866,0.433856
CCGGAAGTTATCAGTC-1,0.283891,0.017126,0.344292,0.35469
CCGGAATGGTTTCAGT-1,0.884763,0.017341,0.029726,0.06817
CCGGAGCGTACTTTCT-1,0.958303,0.020033,0.000055,0.02161
CCGGAGGTCTTATGGT-1,0.65705,0.172159,0.012332,0.158458
CCGGCACGACCGTTTC-1,0.010941,0.702767,0.149937,0.136355
CCGGCGCATATTGGAT-1,0.903305,0.044408,0.000027,0.05226
CCGGGACCCGCAGAGA-1,0.9998,0.000057,0.000029,0.000114
CCGGGCGGTCTCGTCA-1,0.730598,0.093144,0.000172,0.176086
CCGGGCTGCTCCATAC-1,0.999546,0.00013,0.000065,0.00026
CCGGGTTCGAGGTTAC-1,0.724522,0.080335,0.009928,0.185215
CCGGTAATGGCTAGTC-1,0.595845,0.100637,0.011218,0.292299
CCGGTATCTGGCGACT-1,0.565528,0.077793,0.153295,0.203384
CCGGTTTGTAATTGTG-1,0.88379,0.106989,0.000107,0.009114
CCGTAAGTTGGTCCCA-1,0.998421,0.000451,0.000226,0.000902
CCGTACCCAAGCGCCA-1,0.815318,0.025735,0.02071,0.138238
CCGTAGGAAATCCCTG-1,0.079199,0.162373,0.644194,0.114234
CCGTAGGGTTGTTTAC-1,0.27546,0.138466,0.463609,0.122465
CCGTATTAGCGCAGTT-1,0.311274,0.322089,0.071777,0.29486
CCGTGAGGCATTCATG-1,0.130716,0.389289,0.042683,0.437311
CCGTGCCCATGACGGC-1,0.705764,0.111248,0.074035,0.108952
CCGTGGAACGATCCAA-1,0.548501,0.280394,0.016327,0.154778
CCGTTACGTTAGAACA-1,0.651825,0.121319,0.008604,0.218253
CCGTTTCCTTTCCGTG-1,0.214067,0.079845,0.138201,0.567888
CCTAAACAGGGTCCGT-1,0.139543,0.135511,0.541985,0.182961
CCTAAAGGCTGACGCT-1,0.995994,0.000036,0.000018,0.003952
CCTAAATTAACGGTTC-1,0.643802,0.08043,0.17757,0.098199
CCTAAATTGTATCCTA-1,0.398024,0.007951,0.319994,0.274031
CCTAACCCAAACAAGT-1,0.613753,0.10202,0.080991,0.203236
CCTAACTAAGGCTCTA-1,0.874896,0.089849,0.000035,0.03522
CCTAAGTGTCTAACCG-1,0.818176,0.028023,0.065606,0.088195
CCTACAAGTCCGGAAT-1,0.332316,0.086673,0.135119,0.445892
CCTACAGTTGAGGGAG-1,0.506127,0.000169,0.237358,0.256346
CCTACGCGACCTTACA-1,0.510949,0.013539,0.354504,0.121008
CCTACGGCTCAGTCGA-1,0.721119,0.033001,0.045957,0.199923
CCTACTCAACACGATT-1,0.351377,0.10411,0.275257,0.269256
CCTACTGCGGCGGCCA-1,0.060793,0.497244,0.128685,0.313278
CCTACTGCTTACACTT-1,0.882496,0.087033,0.008562,0.02191
CCTAGGCGTAGCGATC-1,0.99955,0.000129,0.000064,0.000257
CCTAGTTAGTCGCATG-1,0.705813,0.031834,0.039132,0.22322
CCTATAATGAGTGCCC-1,0.413477,0.326533,0.105492,0.154498
CCTATACCGTCCTGTC-1,0.999181,0.000234,0.000117,0.000468
CCTATATTTGTCCTGG-1,0.832443,0.158306,0.000034,0.009216
CCTATCTATATCGGAA-1,0.973942,0.025858,0.00004,0.00016
CCTATGAAGTGGTGCC-1,0.366229,0.362962,0.017938,0.25287
CCTATGGCTCCTAGTG-1,0.855853,0.012558,0.003701,0.127887
CCTATGGGTTACCGTC-1,0.901837,0.00036,0.00018,0.097623
CCTATGGTCAAAGCTG-1,0.77053,0.00005,0.15613,0.07329
CCTATGTCCACTCCAC-1,0.35826,0.176114,0.421986,0.04364
CCTCACCAATCTTGAC-1,0.690574,0.203216,0.041675,0.064535
CCTCACCTGAGGGAGC-1,0.45624,0.411196,0.018024,0.11454
CCTCACCTTAGCATCG-1,0.99962,0.000109,0.000054,0.000217
CCTCACGTCAGCTAAT-1,0.199196,0.142811,0.310672,0.347321
CCTCATGCAGCTACGA-1,0.660421,0.000266,0.032258,0.307055
CCTCCCGACAATCCCT-1,0.999731,0.000077,0.000038,0.000154
CCTCCGACAATTCAAG-1,0.667309,0.059656,0.134078,0.138957
CCTCCTGTTGTGTCGT-1,0.01546,0.179442,0.766292,0.038806
CCTCGAAGTGGACGGG-1,0.999678,0.000092,0.000046,0.000184
CCTCGACCCACTGCCT-1,0.483383,0.018871,0.322723,0.175023
CCTCGCCAGCAAATTA-1,0.927619,0.062631,0.000036,0.009714
CCTCGCGCGATATAGG-1,0.62185,0.193121,0.017953,0.167077
CCTCGCGCTGTGCGAT-1,0.392173,0.443918,0.017586,0.146322
CCTCGGACCGGGATAG-1,0.822758,0.056543,0.029418,0.091282
CCTCGGTTTCCTTGCC-1,0.465333,0.258435,0.027196,0.249036
CCTCGTTACGCCTGTT-1,0.762852,0.003245,0.114371,0.119532
CCTCTAATCTGCCAAG-1,0.830198,0.077723,0.000026,0.092053
CCTCTACAAGGATTGG-1,0.970483,0.001712,0.000507,0.027298
CCTCTCTCCCATCTAG-1,0.84823,0.151049,0.000144,0.000577
CCTCTGGCCTAGACGG-1,0.484191,0.217708,0.012896,0.285206
CCTCTGTACTATTCTA-1,0.398672,0.432134,0.025417,0.143777
CCTGAACGATATATTC-1,0.999404,0.00017,0.000085,0.000341
CCTGAATATTTACATA-1,0.877114,0.117837,0.000065,0.004983
CCTGACGCAACCTTTA-1,0.602793,0.011409,0.224472,0.161326
CCTGAGAATAAATGCA-1,0.736166,0.185604,0.004221,0.074009
CCTGATTCGCGAAGAA-1,0.89455,0.10187,0.000716,0.002864
CCTGCGATAGAACTGT-1,0.791466,0.032105,0.03668,0.13975
CCTGCTACAACCATAC-1,0.998455,0.000441,0.000221,0.000883
CCTGCTATTTGAGAAG-1,0.996347,0.000088,0.000044,0.003521
CCTGGAAACGTTCTGC-1,0.201251,0.488381,0.142201,0.168168
CCTGGCTAGACCCGCC-1,0.881685,0.000108,0.009209,0.108998
CCTGGTCGAATGTGGG-1,0.733753,0.001164,0.064562,0.20052
CCTGTAAGACATGATA-1,0.912195,0.01581,0.024005,0.04799
CCTGTCACCCGGGCTC-1,0.999064,0.000267,0.000134,0.000535
CCTGTCCCTCACGTTA-1,0.582315,0.236941,0.04764,0.133103
CCTGTGCATAGGAGAC-1,0.811658,0.040524,0.040294,0.107523
CCTGTGCGGATTGTAA-1,0.509695,0.092899,0.160509,0.236897
CCTGTTCAACCTCGGG-1,0.659328,0.025658,0.069336,0.245678
CCTGTTTGAAGACACG-1,0.112865,0.213957,0.503467,0.169711
CCTTAAGTACGCAATT-1,0.972329,0.007906,0.003953,0.015812
CCTTCAGTTAAAGTGA-1,0.385531,0.257115,0.019408,0.337946
CCTTCGTATAGAATCC-1,0.51848,0.021029,0.070705,0.389785
CCTTCTTGATCCAGTG-1,0.89145,0.038263,0.001572,0.068714
CCTTGACCACTTTATT-1,0.116404,0.15241,0.615022,0.116164
CCTTGTGAACGTGGTT-1,0.532826,0.017988,0.086782,0.362404
CCTTTAAGGGAGCACT-1,0.386401,0.353989,0.001351,0.25826
CCTTTCAATGAAGAAA-1,0.855629,0.059467,0.000029,0.084876
CGAAACATAGATGGCA-1,0.99601,0.000042,0.000021,0.003927
CGAAACGCAATTCATG-1,0.805946,0.04375,0.020419,0.129885
CGAACAGTATGGGCGT-1,0.77563,0.03981,0.062477,0.122083
CGAACATAGTCAGAAA-1,0.418889,0.030213,0.182108,0.368789
CGAACCCGCATGCGTC-1,0.885657,0.031783,0.000067,0.082493
CGAACGCCCAGTGCCG-1,0.991436,0.000057,0.000029,0.008477
CGAAGACTGCCCGGGA-1,0.49202,0.01366,0.305561,0.188759
CGAAGATCAGTTTCAT-1,0.377724,0.016509,0.348027,0.25774
CGAAGCTATAAATTCA-1,0.582423,0.386946,0.00223,0.0284
CGAAGTTGCTCTGTGT-1,0.671844,0.000321,0.00016,0.327675
CGAATCTGCTCGACGC-1,0.87097,0.000162,0.023777,0.105091
CGAATGAAGTCATTGC-1,0.920825,0.00019,0.006691,0.072294
CGAATGACGCATAATG-1,0.386349,0.149345,0.106924,0.357381
CGAATGGTAGGTCGTC-1,0.802647,0.034756,0.000082,0.162515
CGAATTACATGGTGTT-1,0.770758,0.007498,0.184555,0.03719
CGAATTCCCGGTTCAA-1,0.993301,0.001914,0.000957,0.003828
CGACAATTTGATCTAA-1,0.344593,0.446613,0.041325,0.167469
CGACACCGCTTAAGGA-1,0.021548,0.433117,0.338293,0.207042
CGACACGCTCCGACAG-1,0.427629,0.160617,0.024112,0.387642
CGACACGGATGCCCAC-1,0.242531,0.142998,0.306289,0.308182
CGACAGTTCGCGTTAT-1,0.796267,0.050756,0.000078,0.152899
CGACATGCGATCTTCT-1,0.99971,0.000083,0.000041,0.000166
CGACCGTTGGTATTCG-1,0.863672,0.02922,0.000882,0.106227
CGACTCAGGATGTTAT-1,0.843825,0.13372,0.000029,0.022426
CGACTCGGTACACGGT-1,0.355081,0.083161,0.198159,0.363599
CGACTTTGTATAGCCT-1,0.645689,0.17116,0.000911,0.18224
CGAGACTACTGCTGCT-1,0.650504,0.000434,0.042447,0.306615
CGAGAGATGTGAACCT-1,0.999092,0.000259,0.00013,0.000519
CGAGAGCTTTCACTAC-1,0.084717,0.070153,0.657681,0.18745
CGAGAGGGTAGCCGCG-1,0.330867,0.003908,0.478984,0.186241
CGAGATGTTGCCTATA-1,0.377719,0.145306,0.123153,0.353821
CGAGATTTCGCTCGGG-1,0.138249,0.270242,0.150334,0.441175
CGAGCACTTCAAGTTT-1,0.79242,0.069851,0.027852,0.109878
CGAGCGTTGATCAGCC-1,0.999703,0.000085,0.000042,0.00017
CGAGCTGGGCTTTAGG-1,0.263541,0.596219,0.025037,0.115202
CGAGGAGCTTCCATAT-1,0.134578,0.62175,0.065341,0.178331
CGAGGATCGGGAACGA-1,0.268434,0.453702,0.032405,0.245459
CGAGGCCAGGCATTGG-1,0.665679,0.184969,0.039138,0.110214
CGAGGCTAAATATGGC-1,0.779598,0.155955,0.06402,0.000427
CGAGGGACTGCGGTCG-1,0.985962,0.000292,0.000146,0.0136
CGAGGGTATCCAGGTG-1,0.648496,0.013172,0.072212,0.26612
CGAGTGCTATAGTTCG-1,0.189529,0.266395,0.130543,0.413534
CGAGTTCTGTCCCACC-1,0.999652,0.000099,0.00005,0.000199
CGAGTTTATCGGACTG-1,0.537789,0.431539,0.000062,0.030609
CGATAACCAATTTGAG-1,0.230657,0.056734,0.364061,0.348548
CGATAATACTCAGGTT-1,0.010699,0.337606,0.409692,0.242003
CGATACCTCGCGGACA-1,0.924848,0.059682,0.000093,0.015377
CGATAGTCGTACTGCA-1,0.171138,0.046519,0.299845,0.482498
CGATATTAGCCGCAGG-1,0.571729,0.166323,0.023927,0.238021
CGATCATTAGAGGCAC-1,0.210988,0.255184,0.060235,0.473592
CGATCCACCATTGTTG-1,0.701102,0.000063,0.106103,0.192731
CGATCCGACCCAGTGC-1,0.892887,0.00016,0.051471,0.055482
CGATCCTCGCAACATA-1,0.673951,0.080435,0.007454,0.238161
CGATCGAGAAGCACCA-1,0.220228,0.046686,0.554449,0.178637
CGATGGACCCTACGCC-1,0.626351,0.308237,0.002403,0.063009
CGATTAAATATCTCCT-1,0.217032,0.477446,0.0613,0.244222
CGATTCGCCTGGCTGC-1,0.021763,0.378454,0.387933,0.21185
CGATTTGTCATTAATG-1,0.999756,0.00007,0.000035,0.00014
CGCAAACACGAGTTAC-1,0.886844,0.014027,0.016836,0.082293
CGCAATTACTTTCGGT-1,0.90583,0.042018,0.010749,0.041402
CGCAATTAGGGTAATA-1,0.961806,0.005637,0.000039,0.032519
CGCAATTCTACAATAA-1,0.821831,0.0343,0.043238,0.100631
CGCACATGTCCACTAC-1,0.942839,0.029002,0.000043,0.028116
CGCACGTCTGTTTATG-1,0.756261,0.063485,0.001089,0.179164
CGCACGTGCGCTATCA-1,0.413803,0.216839,0.031502,0.337855
CGCAGAAACATTTGCG-1,0.992414,0.000052,0.000026,0.007508
CGCAGATCTTCACCCG-1,0.320913,0.094471,0.000075,0.584541
CGCAGGCGATCCAAAC-1,0.313258,0.056489,0.18814,0.442113
CGCAGTTCTATCTTTC-1,0.997571,0.000694,0.000347,0.001388
CGCATCATGGCTTCAG-1,0.996319,0.00008,0.00004,0.003561
CGCATCCATCAGCCAG-1,0.07842,0.80001,0.033858,0.087712
CGCATGCCGAATGCGT-1,0.268702,0.015386,0.470553,0.245359
CGCATTAGCTAATAGG-1,0.999528,0.000135,0.000067,0.00027
CGCCACCCGCATTAAC-1,0.819991,0.016223,0.078709,0.085077
CGCCATCCGATTATGA-1,0.999554,0.000127,0.000064,0.000255
CGCCCAGCACGCCTAG-1,0.436195,0.364425,0.005073,0.194308
CGCCCAGCGTTTCACG-1,0.490977,0.010025,0.435832,0.063167
CGCCCGCTTCCGTACA-1,0.729245,0.023364,0.019758,0.227634
CGCCCTTACATCCACC-1,0.147393,0.110845,0.441885,0.299877
CGCCCTTGAAGGCTGA-1,0.770108,0.026536,0.050895,0.152461
CGCCGCCCATGCCTGT-1,0.999646,0.000101,0.000051,0.000202
CGCCGCGTTCTGAACG-1,0.342571,0.032899,0.046845,0.577685
CGCCGGTGTCGCAGTA-1,0.224082,0.127846,0.42623,0.221842
CGCCGTCTACCCATCG-1,0.002582,0.401004,0.427008,0.169406
CGCCGTTCAGCATAGT-1,0.606923,0.119856,0.160855,0.112367
CGCCTCCCTCCTCTAT-1,0.787384,0.004074,0.031015,0.177528
CGCCTTTAGCATGCTC-1,0.000533,0.271454,0.624788,0.103226
CGCGAAGTGGCATACT-1,0.563181,0.041801,0.174122,0.220896
CGCGACACTGCGCAGC-1,0.665386,0.073029,0.000235,0.26135
CGCGACCGCGACAGAT-1,0.28058,0.112053,0.348891,0.258476
CGCGAGAGGGACTTGT-1,0.714555,0.056749,0.00027,0.228425
CGCGCAAGGAACTACA-1,0.744848,0.061606,0.015157,0.17839
CGCGCATGTTTGATTG-1,0.999291,0.000202,0.000101,0.000405
CGCGCCCGACTTAATA-1,0.684109,0.223064,0.004837,0.08799
CGCGGCAGTATTACGG-1,0.390015,0.076548,0.000182,0.533255
CGCGGCTCAACTTGAA-1,0.303091,0.371841,0.039979,0.285088
CGCGGGAATTAGGCAG-1,0.999738,0.000075,0.000037,0.00015
CGCGGGAATTCCTTTC-1,0.319732,0.038014,0.460701,0.181554
CGCGGTAAGTCTAGCT-1,0.422583,0.30428,0.024176,0.248961
CGCGGTACGGTATACA-1,0.590884,0.021504,0.22337,0.164242
CGCGGTCACAAACCAA-1,0.590526,0.084998,0.042352,0.282124
CGCGTACATTCTGGAA-1,0.574307,0.004984,0.263655,0.157053
CGCGTCATATTAAACC-1,0.677185,0.002697,0.144197,0.175921
CGCGTGCTATCAACGA-1,0.600617,0.019888,0.129851,0.249643
CGCGTTCATGAAATAC-1,0.962939,0.010477,0.000027,0.026557
CGCTACCGCCCTATGA-1,0.271165,0.069357,0.247698,0.41178
CGCTACGGGACATTTA-1,0.905363,0.074208,0.000046,0.020383
CGCTAGAGACCGCTGC-1,0.486926,0.181755,0.001782,0.329536
CGCTATACCGCCCACT-1,0.999247,0.000081,0.000041,0.000631
CGCTATCGTGGCTTTA-1,0.358122,0.165369,0.262659,0.21385
CGCTATTCAATGTATG-1,0.849516,0.048014,0.010992,0.091478
CGCTCGACATAATGAT-1,0.295056,0.639832,0.022263,0.042849
CGCTCTCCGTAGATTA-1,0.919581,0.009536,0.012498,0.058385
CGCTGAGGACGTCCAA-1,0.395182,0.058109,0.130046,0.416663
CGCTGGTGACTACCCT-1,0.318004,0.258535,0.224404,0.199057
CGCTGTGACGCCGCAC-1,0.976122,0.000089,0.000044,0.023745
CGCTGTGTGGATGTTG-1,0.412438,0.339356,0.020264,0.227942
CGCTTAGTATTGATAC-1,0.110497,0.233806,0.289882,0.365816
CGCTTCCACTGAAATC-1,0.503352,0.228334,0.01256,0.255753
CGCTTCGGTCTAAGAC-1,0.300533,0.039445,0.509622,0.150401
CGCTTGGACGGATAGA-1,0.723117,0.03303,0.152568,0.091285
CGCTTTCATACCGGTG-1,0.859923,0.061099,0.000613,0.078365
CGCTTTCCGCCAAGGT-1,0.626484,0.001276,0.248427,0.123813
CGCTTTCTTGCATTCG-1,0.994129,0.005687,0.000037,0.000147
CGGAAAGAATCAAACG-1,0.728183,0.167968,0.000034,0.103815
CGGAAATTTCACATCC-1,0.549088,0.036289,0.393648,0.020974
CGGAACGTAAACATAG-1,0.858595,0.076297,0.005536,0.059572
CGGACCTCTGTAGTTA-1,0.132618,0.062469,0.497046,0.307866
CGGACCTTTACGTCCC-1,0.669508,0.000431,0.250705,0.079356
CGGAGCAATTTAATCG-1,0.716853,0.21823,0.000775,0.064142
CGGAGCTTATAACACC-1,0.356953,0.11157,0.098004,0.433473
CGGAGTCCTAACCTGG-1,0.859466,0.000053,0.101596,0.038885
CGGAGTTTGAGAGACA-1,0.84633,0.043678,0.015107,0.094885
CGGATAAGCGGACATG-1,0.865316,0.020132,0.023427,0.091125
CGGATCCTCAAGGACT-1,0.154157,0.113869,0.360443,0.371531
CGGATGAATGCTGTGA-1,0.895218,0.004727,0.003442,0.096614
CGGATTCTGCCTTATG-1,0.648759,0.047984,0.004361,0.298895
CGGCAAACATCGTGCG-1,0.806453,0.05552,0.019719,0.118307
CGGCAATAAGATCGCC-1,0.167895,0.065161,0.532404,0.23454
CGGCACCGTTAGCGCC-1,0.413939,0.298604,0.028569,0.258888
CGGCACTCAAGAAAGT-1,0.709493,0.066303,0.072255,0.15195
CGGCAGGGTCGGGTTG-1,0.882895,0.1115,0.000032,0.005573
CGGCCAGAGCGACCAT-1,0.04062,0.236901,0.370915,0.351564
CGGCCCAACCTGTAGT-1,0.175472,0.655804,0.053622,0.115102
CGGCCCAGGTATATCC-1,0.558564,0.198833,0.014484,0.228119
CGGCGCCATCAATCCC-1,0.298969,0.073651,0.427272,0.200108
CGGCTCTAAAGCTGCA-1,0.477839,0.035418,0.149737,0.337006
CGGCTCTTCGTCGAAC-1,0.701278,0.003804,0.164926,0.129992
CGGCTGAAGGTTACGC-1,0.25787,0.128066,0.336021,0.278043
CGGCTGCAAGATTAAG-1,0.974525,0.000052,0.006887,0.018536
CGGCTTTGTATGATAA-1,0.999736,0.000075,0.000038,0.000151
CGGGAATATAGTATAC-1,0.672726,0.106946,0.021375,0.198953
CGGGAATTTATGTAAA-1,0.526429,0.017407,0.097322,0.358843
CGGGAGCTTCAGTGTA-1,0.347534,0.282747,0.064287,0.305432
CGGGAGTATACCGCCG-1,0.694382,0.000161,0.067927,0.23753
CGGGATCAATGTAAGA-1,0.309793,0.555584,0.021402,0.113221
CGGGCAGCTAAACCGC-1,0.576448,0.08257,0.057057,0.283924
CGGGCCATAGCCGCAC-1,0.849883,0.031015,0.030566,0.088537
CGGGCGATGGATCACG-1,0.484929,0.00109,0.406301,0.10768
CGGGCTACTTAAATTG-1,0.303645,0.098071,0.293814,0.30447
CGGGTGTACCCATTTA-1,0.999579,0.00012,0.00006,0.000241
CGGGTTCGGCACGTAT-1,0.827122,0.006178,0.041809,0.124892
CGGGTTGTAGCTTTGG-1,0.825342,0.059364,0.02632,0.088975
CGGGTTTGTTAGGGCT-1,0.683882,0.000072,0.22463,0.091416
CGGTACTAGAATCAAA-1,0.718957,0.160156,0.003499,0.117387
CGGTAGAGGTGCAGGT-1,0.570546,0.063758,0.011834,0.353862
CGGTATAGGTATTAGC-1,0.070331,0.243991,0.351082,0.334596
CGGTATGGGCACTCTG-1,0.133975,0.191078,0.477627,0.19732
CGGTCAAGTGGGAACC-1,0.999645,0.000101,0.000051,0.000203
CGGTCAGTCCATATTT-1,0.596158,0.013528,0.180595,0.209718
CGGTCCATGAGACTCC-1,0.555594,0.172541,0.035084,0.236781
CGGTCCGTCGCAAGCC-1,0.663121,0.16286,0.006639,0.16738
CGGTCTATCAACCCGT-1,0.993364,0.001574,0.000026,0.005036
CGGTGAAGACTAAAGT-1,0.746466,0.000133,0.031212,0.222189
CGGTGCAGATAGAACG-1,0.879066,0.078553,0.02686,0.015521
CGGTGGGCTCCAGCCT-1,0.898782,0.076243,0.000051,0.024924
CGGTGTACTTGATCCC-1,0.809759,0.077783,0.011112,0.101345
CGGTTATCCAACAGTG-1,0.834744,0.117381,0.000039,0.047836
CGGTTCAAGTAGGTGT-1,0.32785,0.513591,0.008465,0.150094
CGGTTCCGGCTTCTTG-1,0.713011,0.14484,0.007023,0.135126
CGGTTGAGTATCCTTC-1,0.052739,0.779317,0.057862,0.110083
CGGTTGGGCAGGGTCC-1,0.612756,0.00006,0.222426,0.164758
CGGTTGGGTTCAAGTT-1,0.846785,0.002968,0.037352,0.112895
CGGTTTATGAAGGAAC-1,0.521887,0.080648,0.059566,0.337899
CGTAAACGCTTGAGTG-1,0.663214,0.041842,0.083335,0.21161
CGTAAAGCAAGAAATC-1,0.464985,0.184197,0.009026,0.341792
CGTAAATAACAAAGGG-1,0.167105,0.034325,0.666365,0.132205
CGTAACGGAACGATCA-1,0.320146,0.03388,0.255899,0.390075
CGTAACTTCGACACTT-1,0.686499,0.188025,0.0471,0.078376
CGTAATATGGCCCTTG-1,0.997669,0.000666,0.000333,0.001332
CGTACCTGATAGGCCT-1,0.734944,0.221587,0.000017,0.043452
CGTAGAGAGTAATTAT-1,0.468779,0.023244,0.333671,0.174306
CGTAGCGAATTGTCAG-1,0.809968,0.162255,0.001371,0.026406
CGTAGCGCCGACGTTG-1,0.45334,0.063448,0.125283,0.357929
CGTATCTAGAACTAAG-1,0.616649,0.000719,0.381195,0.001437
CGTATTAAGAGATCTA-1,0.745539,0.106368,0.025169,0.122924
CGTATTGTTTCCTAAT-1,0.575296,0.287514,0.013602,0.123588
CGTCAAATGGTCGCAG-1,0.68899,0.255387,0.005558,0.050065
CGTCACGTCCATTGGT-1,0.92243,0.027751,0.000042,0.049777
CGTCAGTGCGCACAAG-1,0.837498,0.101834,0.001435,0.059233
CGTCAGTTTATCGTCT-1,0.863918,0.000059,0.091256,0.044767
CGTCATACCATATCCA-1,0.746738,0.025691,0.067274,0.160297
CGTCCTCATCGCGTGC-1,0.987992,0.003431,0.001715,0.006862
CGTCGCATGTGAGCCA-1,0.549569,0.001694,0.319474,0.129264
CGTCGCTTGGTTATAC-1,0.999368,0.000121,0.00006,0.000451
CGTCGGATAGTGTTGA-1,0.794832,0.15255,0.000045,0.052573
CGTCGTCCTTCGCGAA-1,0.164048,0.193189,0.22098,0.421782
CGTCTCTCGCCGAGGC-1,0.176655,0.157848,0.577733,0.087764
CGTCTGGAAGGGCCCG-1,0.999713,0.000082,0.000041,0.000164
CGTCTTGAGTGTGACG-1,0.204705,0.166749,0.171656,0.45689
CGTGACATTGGGTCGT-1,0.999058,0.000086,0.000043,0.000813
CGTGACCAGTCCTCTG-1,0.996722,0.000087,0.000044,0.003147
CGTGCACACCACTGTA-1,0.277705,0.086611,0.223022,0.412662
CGTGCATTGTCGACGC-1,0.785516,0.059125,0.085836,0.069523
CGTGCCCGACATTTGT-1,0.324187,0.046383,0.328536,0.300894
CGTGCCCTCCCGAAGA-1,0.999757,0.000069,0.000035,0.000139
CGTGCTGGCCTAGTCG-1,0.844689,0.035353,0.021495,0.098463
CGTGCTTCTACCTAAA-1,0.941264,0.021641,0.000051,0.037043
CGTGGAAGCCTCGTAC-1,0.370689,0.039899,0.287854,0.301558
CGTGGCCGAATATCTA-1,0.150331,0.163732,0.126698,0.559239
CGTGGTACCCAAAGGC-1,0.496757,0.129186,0.051155,0.322902
CGTGTATGGGAGCTGA-1,0.234258,0.000758,0.348551,0.416434
CGTGTCCCATTCGCGA-1,0.928899,0.030677,0.000104,0.040319
CGTGTCTCGTTACGAC-1,0.864683,0.053564,0.000081,0.081672
CGTGTGTTAAACCCTG-1,0.156278,0.487935,0.059516,0.296272
CGTTAAACTAGTTAGG-1,0.465464,0.044819,0.196682,0.293035
CGTTAAATACGACCAG-1,0.997562,0.000697,0.000348,0.001393
CGTTAATGTCCCGACG-1,0.173885,0.084401,0.426949,0.314765
CGTTAGCTCACAACTG-1,0.242485,0.425964,0.07063,0.260921
CGTTCAAGGAAACGGA-1,0.536455,0.06898,0.093675,0.30089
CGTTCAGACCCGCGAA-1,0.152093,0.127454,0.323223,0.397231
CGTTCTTCGCACACCT-1,0.337416,0.468248,0.0261,0.168237
CGTTGAATACCGCGCT-1,0.592089,0.037679,0.12125,0.248982
CGTTGAGCGACCGTCG-1,0.92896,0.001246,0.000032,0.069762
CGTTGAGTAATTGCGT-1,0.245852,0.220942,0.080049,0.453158
CGTTGCCCGCGTGGGA-1,0.375692,0.170553,0.016417,0.437338
CGTTGTAAACGTCAGG-1,0.562928,0.014649,0.050704,0.371719
CGTTGTAAGATTGATT-1,0.626605,0.324047,0.000036,0.049312
CGTTGTCGGCAATTGA-1,0.502887,0.010991,0.173145,0.312977
CGTTGTTTCAATTCCC-1,0.771212,0.112546,0.002703,0.113539
CGTTTAAGCGGAGCAC-1,0.890082,0.01023,0.004432,0.095256
CGTTTACAAGGCAGCT-1,0.732323,0.090537,0.00003,0.17711
CGTTTCACTTCGGGCG-1,0.958568,0.000116,0.000058,0.041259
CGTTTCGCTCATTACA-1,0.821255,0.046472,0.000083,0.132191
CGTTTCGGTTATATGC-1,0.99376,0.001783,0.000891,0.003565
CGTTTGGTGTTGTGGG-1,0.529471,0.089909,0.143769,0.236851
CGTTTGTGTAGAGGGT-1,0.890596,0.03675,0.00005,0.072604
CTAAACGGGTGTAATC-1,0.136849,0.23277,0.323489,0.306893
CTAAAGAATGCCTACT-1,0.699952,0.09548,0.000119,0.204449
CTAAAGGATGAGATAC-1,0.361805,0.028422,0.436975,0.172797
CTAAAGTCCGAAGCTA-1,0.816181,0.063888,0.030635,0.089297
CTAAATCCGGTGTACA-1,0.903704,0.004122,0.000041,0.092133
CTAAATCCTATTCCGG-1,0.999364,0.000182,0.000091,0.000364
CTAACCGCGCGCCCGT-1,0.950301,0.000197,0.015812,0.033689
CTAACGAAACTTGCTG-1,0.999722,0.000079,0.00004,0.000159
CTAACTGATAATCGCC-1,0.521488,0.000758,0.216536,0.261218
CTAAGGGAATGATTGG-1,0.998242,0.000164,0.000082,0.001511
CTAAGTACAGGGCTAC-1,0.456617,0.092647,0.170785,0.279951
CTAATTATGAAGCGTA-1,0.555826,0.029992,0.146679,0.267503
CTAATTCGCACGCGCT-1,0.724663,0.14068,0.000058,0.134599
CTAATTCTCAGATATT-1,0.453686,0.451735,0.003593,0.090986
CTAATTTCAACAACAC-1,0.843697,0.051763,0.014588,0.089952
CTACAAGAAATAACCC-1,0.999758,0.000069,0.000035,0.000138
CTACACTAGCTTGTTC-1,0.832228,0.035845,0.012828,0.119099
CTACACTCGCAGATGG-1,0.036777,0.07454,0.814968,0.073715
CTACCCTAAGGTCATA-1,0.999538,0.000132,0.000066,0.000264
CTACGAACTAGGTCGA-1,0.999462,0.000047,0.000023,0.000468
CTACGCCATTTCCGAT-1,0.282943,0.359286,0.056273,0.301499
CTACGTGTTGCCACCA-1,0.885165,0.011217,0.035068,0.06855
CTACTATCTTTCAGAG-1,0.999638,0.000103,0.000052,0.000207
CTACTCAAGGTATAGT-1,0.460294,0.404325,0.002981,0.1324
CTACTCTAGGCCCGGC-1,0.847058,0.033151,0.019663,0.100129
CTACTGCCACCTGACC-1,0.999316,0.000195,0.000098,0.000391
CTAGACATATATGTAG-1,0.134474,0.205467,0.26022,0.399839
CTAGACTGCATTTCGT-1,0.387782,0.096171,0.074476,0.441571
CTAGATAAACTCCTCG-1,0.792965,0.032587,0.053697,0.12075
CTAGATGTGAGTGTAA-1,0.317455,0.533913,0.007532,0.141101
CTAGATTTACGACGGC-1,0.857722,0.045986,0.082702,0.013591
CTAGCAACTAATTTAC-1,0.355456,0.093919,0.104506,0.446119
CTAGCCACAGGCGAGC-1,0.302762,0.064335,0.395661,0.237242
CTAGCCCGGGAGACGA-1,0.714319,0.018822,0.008971,0.257888
CTAGCCGATGTTATGA-1,0.469256,0.429168,0.010577,0.090998
CTAGCGCCAATCCTAC-1,0.392944,0.011485,0.457652,0.137919
CTAGCTTAATGGTCCC-1,0.319406,0.0128,0.287978,0.379816
CTAGGCGCCCTATCAG-1,0.211992,0.12764,0.108808,0.551561
CTAGGCGGCAGAGAAT-1,0.828106,0.011242,0.031557,0.129096
CTAGGGATAGGGACAA-1,0.065377,0.472804,0.219369,0.24245
CTAGGTCTGAAGGAAT-1,0.638359,0.112027,0.007942,0.241673
CTAGGTTCGGACGTGA-1,0.12765,0.103781,0.216839,0.551731
CTAGTAGAAAGGGATT-1,0.071819,0.052082,0.766545,0.109554
CTAGTATTCGGAATTA-1,0.774348,0.14563,0.000033,0.079989
CTAGTGAAGGACAGGA-1,0.504113,0.079022,0.00015,0.416715
CTAGTTACAACCCGGT-1,0.774572,0.07547,0.004405,0.145552
CTAGTTGGGCCCGGTA-1,0.999484,0.000147,0.000074,0.000295
CTATAAGAGCCAATCG-1,0.355368,0.407703,0.030082,0.206847
CTATAGGCGTTGATGT-1,0.831985,0.074237,0.000032,0.093747
CTATATCCAGCCTGGC-1,0.624772,0.00018,0.006309,0.368739
CTATCACAACGCTGGA-1,0.321421,0.075345,0.388031,0.215204
CTATCGACGAAATACA-1,0.391557,0.025602,0.230354,0.352488
CTATCGCGTAGAGAAC-1,0.544007,0.061622,0.217349,0.177022
CTATGAACACCTTGCC-1,0.734532,0.013945,0.000332,0.251191
CTATGCCCGAATGCAA-1,0.150574,0.354944,0.102913,0.391569
CTATGGGAAGCGGAAT-1,0.456149,0.020257,0.352396,0.171197
CTATGTCACTAGCCCA-1,0.9992,0.000228,0.000114,0.000457
CTATGTCTATTGAAAC-1,0.861928,0.000095,0.011045,0.126932
CTATTCATGTGTCCCA-1,0.616622,0.268168,0.000052,0.115158
CTATTGTGTTTGGTCA-1,0.645453,0.126237,0.035883,0.192427
CTATTTGCTTGGAGGA-1,0.225724,0.025735,0.519845,0.228697
CTATTTGGTTACGGAT-1,0.939955,0.059399,0.000129,0.000517
CTCAAACCACTGCCCG-1,0.712719,0.193745,0.000022,0.093515
CTCAACTAACCCGGAT-1,0.276852,0.050001,0.509214,0.163933
CTCAAGACATTAGCGC-1,0.272186,0.343473,0.054651,0.32969
CTCACACGCAAGCCTA-1,0.179979,0.399831,0.079585,0.340605
CTCACATTTACTAAAT-1,0.674056,0.001536,0.081236,0.243171
CTCACCGATCCAAACT-1,0.25752,0.079652,0.401486,0.261342
CTCACTGTGATACTTA-1,0.287689,0.024799,0.408906,0.278607
CTCAGAGCTAATGTCG-1,0.464107,0.002372,0.350825,0.182696
CTCAGCAGACTGCCGA-1,0.865542,0.000069,0.042344,0.092045
CTCAGGACTCACCTGT-1,0.791202,0.026174,0.009723,0.1729
CTCAGTCACGACAAAT-1,0.672617,0.181066,0.00351,0.142808
CTCATAAATGTGTATA-1,0.99806,0.000554,0.000277,0.001109
CTCATCACTTAGTGAT-1,0.672841,0.150107,0.000983,0.17607
CTCATGGCTCACAATC-1,0.999749,0.000072,0.000036,0.000144
CTCATTAACGTTGCCC-1,0.284103,0.326831,0.084802,0.304264
CTCATTGCTCTAACAA-1,0.546766,0.015621,0.148493,0.28912
CTCATTTGATGGGCGG-1,0.657064,0.277598,0.000027,0.065312
CTCCCAATGAGTCGCG-1,0.159695,0.121927,0.490054,0.228324
CTCCGAGTAAATCCGC-1,0.6519,0.002767,0.166918,0.178415
CTCCGCCCACATGAGG-1,0.873057,0.026799,0.006022,0.094122
CTCCGGCCTAATATGC-1,0.725231,0.151036,0.007138,0.116595
CTCCGGCTTGTAGACA-1,0.842954,0.071405,0.009852,0.075789
CTCCTAAGTTATGTCT-1,0.885238,0.057549,0.000081,0.057132
CTCCTAGTAATCGTGA-1,0.809996,0.080296,0.000028,0.10968
CTCCTCCAGCTCACAC-1,0.834575,0.022551,0.007942,0.134932
CTCCTGTTCAAGGCAG-1,0.271437,0.036737,0.421354,0.270472
CTCCTTTACGCAAGTC-1,0.696537,0.220592,0.010754,0.072117
CTCGAATGGAACGTAT-1,0.89707,0.000061,0.044858,0.058012
CTCGAGGCAAGTTTCA-1,0.824675,0.118204,0.000037,0.057084
CTCGAGGTCGAACAGT-1,0.999096,0.000258,0.000129,0.000517
CTCGATATTTGCGAGC-1,0.712119,0.205345,0.00397,0.078566
CTCGCACCTATATAGT-1,0.999711,0.000083,0.000041,0.000165
CTCGCCGAATGTAGGG-1,0.608865,0.022579,0.017675,0.35088
CTCGCTAGGTAAGCGA-1,0.321082,0.000436,0.000218,0.678264
CTCGGGATAACACCTA-1,0.013925,0.514043,0.117208,0.354825
CTCGGGCATCGTCGGG-1,0.871738,0.000066,0.094182,0.034013
CTCGGGTTCTCTGGCC-1,0.856741,0.005576,0.010853,0.126831
CTCGGTACCACTGCTC-1,0.994605,0.0052,0.000039,0.000156
CTCGGTCCGTAGCCTG-1,0.602609,0.230237,0.002401,0.164753
CTCGTCTGTGCCTTCG-1,0.04007,0.219605,0.634811,0.105514
CTCGTGGCACTGAAAG-1,0.211627,0.025807,0.66443,0.098137
CTCGTTACGGCTACCA-1,0.651133,0.095011,0.034936,0.21892
CTCGTTTCTAATGTTT-1,0.464989,0.471238,0.002224,0.061549
CTCTAACACCGGCAGC-1,0.705329,0.000226,0.285694,0.008751
CTCTAATGCATTGATC-1,0.176796,0.133756,0.087711,0.601737
CTCTACATCCTGCGTG-1,0.615431,0.002158,0.247996,0.134415
CTCTAGCCCTCGGAAA-1,0.384889,0.122174,0.246652,0.246285
CTCTATTTGGCTGCAG-1,0.707677,0.192021,0.004179,0.096123
CTCTCACAATCGATGA-1,0.688299,0.2819,0.000167,0.029634
CTCTCGATGTGCGCCT-1,0.902421,0.000074,0.022392,0.075112
CTCTGCAGGCATTCTT-1,0.934881,0.008674,0.012524,0.043922
CTCTGCGAAGCAAGCA-1,0.995335,0.000053,0.000027,0.004585
CTCTGTCCATGCACCA-1,0.49933,0.00035,0.082017,0.418303
CTCTGTGCCTGCTATG-1,0.618884,0.094166,0.097968,0.188982
CTCTGTTTGAGGATTC-1,0.985463,0.003615,0.000056,0.010866
CTCTTCTATTGACTGG-1,0.1955,0.280262,0.160067,0.36417
CTCTTCTGGAAGTTAG-1,0.484769,0.367062,0.000987,0.147181
CTCTTGTCCCGCTTGG-1,0.572324,0.221688,0.000032,0.205956
CTGAAACGGCCCTCAG-1,0.129127,0.104646,0.613984,0.152243
CTGAAAGAGATCCGAC-1,0.704546,0.124828,0.000033,0.170593
CTGAATCCGAGACCTC-1,0.896413,0.044535,0.013904,0.045149
CTGAATTTATTGCCAG-1,0.147426,0.617856,0.022386,0.212331
CTGACATAGAAATAGA-1,0.0601,0.058338,0.744422,0.13714
CTGACTGCGCAGCTCG-1,0.42404,0.444504,0.000034,0.131422
CTGAGAAAGTTCGGCG-1,0.04351,0.13677,0.633073,0.186646
CTGAGAGTAGAAATAC-1,0.668521,0.000371,0.208839,0.122268
CTGAGCAAGTAACAAG-1,0.826439,0.034847,0.036695,0.10202
CTGAGCGAGACTTATT-1,0.200809,0.080186,0.062632,0.656373
CTGATCCCTTTATGCA-1,0.633433,0.221723,0.00679,0.138053
CTGCAAATGGGCTCCA-1,0.779668,0.001006,0.148882,0.070444
CTGCAAGCACGTTCCG-1,0.284736,0.047465,0.307066,0.360733
CTGCACAACTACATAT-1,0.834769,0.063917,0.006578,0.094736
CTGCACCTAGTCCACA-1,0.07412,0.742227,0.052961,0.130693
CTGCACCTGGAACCGC-1,0.956629,0.000072,0.000036,0.043262
CTGCACTCCAGTACAG-1,0.787082,0.056513,0.000348,0.156057
CTGCAGAGAATCAGAG-1,0.386625,0.004052,0.313635,0.295687
CTGCAGGGTGACGCTC-1,0.997348,0.000758,0.000379,0.001515
CTGCCAAGGTTGGAAG-1,0.909332,0.016348,0.004182,0.070137
CTGCCTAGCCACCAAG-1,0.16118,0.415293,0.185303,0.238224
CTGCCTCATATGCAAC-1,0.201094,0.443605,0.082692,0.27261
CTGCCTTTAATACCTT-1,0.863189,0.026915,0.000055,0.109842
CTGCCTTTCTAGTAAA-1,0.522521,0.051021,0.289156,0.137302
CTGCGACCTCGCCGAA-1,0.324313,0.023023,0.434299,0.218364
CTGCGATTTCGAGATT-1,0.159804,0.060043,0.473548,0.306605
CTGCGGGTGAAATGTT-1,0.858708,0.013392,0.035758,0.092141
CTGCGGTAGTCACGTG-1,0.805484,0.028488,0.036958,0.129071
CTGCGTTACGATATAA-1,0.491629,0.274668,0.011037,0.222666
CTGCTCTCAACACACC-1,0.997303,0.00077,0.000385,0.001541
CTGCTCTGACGGCAAA-1,0.28238,0.025844,0.423477,0.268299
CTGCTGTCTAACGAGC-1,0.339866,0.000637,0.346399,0.313098
CTGCTTGGCGATAGCT-1,0.278511,0.452669,0.04609,0.22273
CTGCTTTATGTCCGCG-1,0.030435,0.655932,0.077161,0.236471
CTGGAAATGGATGCTT-1,0.999599,0.000114,0.000057,0.000229
CTGGAAGACACGGTGG-1,0.528296,0.137179,0.076622,0.257903
CTGGATTTACACTTGA-1,0.667399,0.000269,0.187589,0.144743
CTGGCGACATAAGTCC-1,0.698031,0.156591,0.012606,0.132771
CTGGCGATTTACATGT-1,0.985536,0.004133,0.002066,0.008265
CTGGCGCACAGGTCTG-1,0.977199,0.014163,0.000062,0.008575
CTGGCGGGAATAAGTA-1,0.796276,0.032745,0.018464,0.152516
CTGGCTCCTGCGGGAT-1,0.567358,0.165219,0.025432,0.241991
CTGGCTGATTCATCCT-1,0.347612,0.462619,0.016418,0.173352
CTGGCTGCTAACGTAA-1,0.657937,0.039404,0.038584,0.264075
CTGGCTGGTTGTCAGT-1,0.254004,0.553602,0.043238,0.149157
CTGGGATAAATAATGG-1,0.999731,0.000077,0.000038,0.000154
CTGGGATACGCTACCC-1,0.062363,0.571455,0.176663,0.189519
CTGGGATCGCCCAGAT-1,0.736023,0.001419,0.160022,0.102536
CTGGGCACTAGTCGGA-1,0.573633,0.01911,0.288061,0.119196
CTGGGCGGCCAAATGT-1,0.442621,0.044187,0.158654,0.354539
CTGGGCTACTGGAGAG-1,0.996849,0.0009,0.00045,0.0018
CTGGGCTATCCTTTGG-1,0.29872,0.060865,0.361083,0.279331
CTGGGTAGGCAGTTAA-1,0.985552,0.014282,0.000033,0.000133
CTGGTAAAGACTTACA-1,0.697677,0.0005,0.171152,0.130671
CTGGTAAAGTGTGGGC-1,0.061421,0.210352,0.537788,0.190439
CTGGTAACACATAGAA-1,0.560327,0.357529,0.008128,0.074017
CTGGTAACGAGCTCTT-1,0.849711,0.00008,0.002535,0.147675
CTGGTCATTCCAATCC-1,0.882697,0.02191,0.014878,0.080515
CTGGTCCTAACTTGGC-1,0.995267,0.00006,0.00003,0.004643
CTGGTGAATGGGCCTA-1,0.90796,0.029718,0.000902,0.061421
CTGGTTCAACGCATCA-1,0.962009,0.000062,0.000031,0.037899
CTGGTTCGCGAGCTAC-1,0.377349,0.104266,0.113526,0.404859
CTGGTTTCGAGCAAGA-1,0.26517,0.499901,0.065483,0.169445
CTGTACTTCTTAGCAT-1,0.812386,0.153214,0.008742,0.025658
CTGTAGCCATCTCACT-1,0.999551,0.000128,0.000064,0.000256
CTGTAGTGAGGATCGA-1,0.362237,0.102643,0.000374,0.534746
CTGTATGGTGTAGAAA-1,0.755293,0.069828,0.01227,0.162609
CTGTCAAATGGCTCGG-1,0.540627,0.195481,0.016878,0.247014
CTGTCACGCCAGGCGC-1,0.002724,0.565846,0.352144,0.079285
CTGTGCAGGGTAGGTC-1,0.495453,0.158658,0.135353,0.210535
CTGTGGTCGGGAGATA-1,0.476791,0.007734,0.196246,0.319229
CTGTTACCCAATCTAG-1,0.759814,0.114431,0.000122,0.125632
CTGTTCACTGCCTGTG-1,0.473338,0.359334,0.002978,0.16435
CTGTTCATCTCACGGG-1,0.60272,0.22052,0.017563,0.159196
CTGTTGTTCAGTCGTA-1,0.927695,0.001981,0.011496,0.058828
CTTAACTTACAGTATA-1,0.99376,0.001783,0.000891,0.003566
CTTAACTTCGAAGTAC-1,0.8439,0.000051,0.02462,0.131429
CTTAATCGACTTAGTA-1,0.097599,0.036499,0.680167,0.185734
CTTACACGGTATTCCA-1,0.871011,0.050673,0.015546,0.062769
CTTACACTGGGAAATA-1,0.991659,0.000061,0.00003,0.00825
CTTACATAGATTTCTT-1,0.178806,0.821022,0.000034,0.000137
CTTACTGACTCCTCTG-1,0.989393,0.003031,0.001515,0.006061
CTTAGATGTTTCATCC-1,0.634249,0.000053,0.250252,0.115446
CTTAGCCTTCCACATG-1,0.734786,0.223298,0.000024,0.041892
CTTAGGTATAGACCAG-1,0.894434,0.000491,0.000246,0.104829
CTTAGGTCCCAATCGT-1,0.512903,0.329041,0.052486,0.10557
CTTAGTAGGCCTACAG-1,0.62536,0.058345,0.000091,0.316204
CTTAGTGTAGTAGCAT-1,0.49576,0.003771,0.376014,0.124455
CTTAGTTGAGGAATCG-1,0.696376,0.157165,0.000064,0.146395
CTTATAGATGGCTGTT-1,0.654911,0.000257,0.001635,0.343197
CTTATGTTGACTACCA-1,0.888135,0.031593,0.019237,0.061035
CTTCAACTCCACTTGG-1,0.401237,0.033441,0.161801,0.403521
CTTCAGTTGGACAACG-1,0.19209,0.141717,0.301708,0.364484
CTTCATAGCTCAAGAA-1,0.959859,0.000092,0.000046,0.040003
CTTCATCACCAGGGCT-1,0.001699,0.00085,0.000425,0.997026
CTTCCGCTCCGTGAAG-1,0.438896,0.417531,0.000588,0.142985
CTTCCTGCATATTTAC-1,0.79848,0.011145,0.074342,0.116033
CTTCGATTGCGCAAGC-1,0.194595,0.065282,0.270598,0.469526
CTTCGGCCAATTGTTT-1,0.365385,0.000132,0.198801,0.435682
CTTCGTAGATAGGTGA-1,0.75865,0.000197,0.000099,0.241054
CTTCGTGCCCGCATCG-1,0.809334,0.035659,0.043712,0.111295
CTTCTATTAATGCTAG-1,0.831765,0.018983,0.024531,0.124721
CTTCTGGGCGTACCTA-1,0.758973,0.201343,0.000104,0.039581
CTTCTTACGTCGTATA-1,0.636911,0.230838,0.006817,0.125434
CTTGACCCGAAAGATA-1,0.727559,0.04829,0.060806,0.163344
CTTGAGGTTATCCCGA-1,0.43198,0.009875,0.000118,0.558027
CTTGAGTTAGGGTAAT-1,0.192032,0.491556,0.065614,0.250798
CTTGATGACCATCCAG-1,0.235102,0.012283,0.433538,0.319077
CTTGCCCACCCACGCA-1,0.397891,0.20869,0.067709,0.325709
CTTGGCCAAGCTGGGA-1,0.53371,0.152216,0.057663,0.256412
CTTGTACTTGTTGACT-1,0.779942,0.094379,0.000038,0.125641
CTTGTCAACATTCGAG-1,0.586937,0.232948,0.000512,0.179603
CTTGTCGTACGTGTCA-1,0.204569,0.22045,0.213378,0.361603
CTTGTGAGTCTTTGAC-1,0.245589,0.24927,0.0854,0.41974
CTTGTGCTCACCGATT-1,0.772599,0.155724,0.003113,0.068565
CTTGTTGCTGAGTCAA-1,0.991532,0.000217,0.000108,0.008143
CTTGTTTATGTAGCCA-1,0.824904,0.024177,0.011437,0.139482
CTTTAACTTTCAAAGG-1,0.912873,0.065174,0.00002,0.021932
CTTTAATATTGGTCGA-1,0.313109,0.085132,0.000076,0.601682
CTTTACCGAATAGTAG-1,0.725799,0.061778,0.024063,0.188359
CTTTAGGAACACTGTT-1,0.308231,0.478092,0.052943,0.160734
CTTTATCCGACGCATG-1,0.340782,0.01615,0.535307,0.107761
CTTTCTGTGCGGGCTT-1,0.561323,0.060719,0.01008,0.367877
CTTTGAAACATATTCC-1,0.904189,0.000059,0.068981,0.026772
CTTTGCATCGCTCTTG-1,0.717261,0.002933,0.164261,0.115545
CTTTGCTGTCATGGAT-1,0.125134,0.032322,0.73379,0.108754
CTTTGGCAGACAGAGT-1,0.509509,0.010335,0.261882,0.218274
CTTTGGCTTTAGTAAA-1,0.343311,0.142824,0.000098,0.513768
CTTTGGGATTGTTGCA-1,0.615763,0.258487,0.008736,0.117013
GAAACAGATGACCACC-1,0.761646,0.19644,0.01312,0.028794
GAAACAGCCATGCAGT-1,0.996896,0.000083,0.000041,0.00298
GAAACATAGGAAACAG-1,0.722025,0.120102,0.027291,0.130582
GAAACCATGGTGCGCT-1,0.627259,0.180111,0.005611,0.187019
GAAACCGAATTACCTT-1,0.775223,0.065115,0.060506,0.099156
GAAACCTATACAAATG-1,0.625803,0.166532,0.007036,0.20063
GAAACTCGTGCGATGC-1,0.805217,0.059764,0.020041,0.114978
GAAACTCTAATGAAGG-1,0.999828,0.000049,0.000025,0.000098
GAAAGAACAGCGTTAT-1,0.084895,0.62579,0.056321,0.232994
GAAAGCAGTGCACTTT-1,0.897688,0.076368,0.000031,0.025914
GAAAGTGACTAACTGC-1,0.85663,0.017843,0.014679,0.110848
GAAATACCTGCTGGCT-1,0.999532,0.000062,0.000031,0.000376
GAAATACTAAACGTTT-1,0.735665,0.071202,0.067729,0.125405
GAAATATCACCATCAG-1,0.71246,0.055636,0.065538,0.166366
GAAATATGCTTGAATG-1,0.45284,0.291833,0.041814,0.213513
GAAATCGCGCGCAACT-1,0.635093,0.243896,0.008671,0.11234
GAAATGGCGGTGTTAG-1,0.751415,0.129599,0.001648,0.117337
GAAATGGGATGTAAAC-1,0.777656,0.092438,0.011973,0.117933
GAAATTAGCACGGATA-1,0.86471,0.05213,0.000034,0.083126
GAAATTCACATCGCTG-1,0.999728,0.000078,0.000039,0.000155
GAAATTGTCTCTATAA-1,0.875658,0.04534,0.013259,0.065743
GAACAACTGGGATGAA-1,0.287989,0.043851,0.466498,0.201662
GAACACACATCAACCA-1,0.960297,0.016941,0.000016,0.022746
GAACAGATTACTAAAT-1,0.564045,0.140489,0.118333,0.177134
GAACATTAGTATGTTA-1,0.063858,0.365672,0.206096,0.364374
GAACCATCTGGGAGAC-1,0.718793,0.044836,0.06894,0.167431
GAACCCTCTGTGTTCT-1,0.768212,0.040207,0.046431,0.14515
GAACCTTTAACGATCC-1,0.432218,0.03698,0.277912,0.25289
GAACGACCGAATGATA-1,0.887883,0.098283,0.000025,0.013809
GAACGATAAGTTAAAG-1,0.278309,0.401572,0.031631,0.288489
GAACGCGGGTCACACG-1,0.343703,0.025238,0.310611,0.320447
GAACGGTGTAAAGCAG-1,0.592095,0.002125,0.262448,0.143332
GAACGTCTCATGGTCG-1,0.997367,0.002504,0.000026,0.000104
GAACGTTTGTATCCAC-1,0.996095,0.001116,0.000558,0.002231
GAACTGTGGAGAGACA-1,0.714049,0.001719,0.157278,0.126954
GAACTTAGCGCCCGGT-1,0.553662,0.002853,0.339369,0.104116
GAACTTGTGCACGGGA-1,0.465395,0.20308,0.082689,0.248836
GAAGAAACGATATTGT-1,0.872088,0.021487,0.003238,0.103187
GAAGAACGGTGCAGGT-1,0.975323,0.000033,0.000016,0.024628
GAAGACTTCAATGCCG-1,0.978159,0.000041,0.012054,0.009746
GAAGCAAGGCAATGTT-1,0.557104,0.023564,0.228277,0.191056
GAAGCCACTGATTATG-1,0.458671,0.014331,0.357986,0.169012
GAAGCCTGCACATTCC-1,0.545715,0.280756,0.030915,0.142614
GAAGCTTGCTGACCGC-1,0.900457,0.023964,0.022772,0.052807
GAAGGACTAAATTGAA-1,0.790079,0.09025,0.020704,0.098968
GAAGGAGTCGAGTGCG-1,0.798148,0.009184,0.040805,0.151864
GAAGGCTACCATTGTT-1,0.253901,0.326792,0.011518,0.407788
GAAGGGTCATTAAGAC-1,0.39267,0.084791,0.286221,0.236318
GAAGTCAGTTGCACTA-1,0.575104,0.267071,0.008321,0.149504
GAAGTCTCCCTAGCGA-1,0.999512,0.000139,0.00007,0.000279
GAAGTGATTTATCGTG-1,0.913597,0.031965,0.002333,0.052104
GAAGTGCTGGATAGCT-1,0.901544,0.007335,0.000035,0.091086
GAAGTTTCCACTCAAT-1,0.879527,0.017367,0.004428,0.098678
GAATAGACGCGACCCA-1,0.458518,0.519155,0.001923,0.020404
GAATAGCATTTAGGGT-1,0.306923,0.031416,0.101933,0.559728
GAATAGCCCTGCGGTC-1,0.77665,0.202768,0.000024,0.020558
GAATAGTGCTCGATTA-1,0.856618,0.077948,0.000075,0.065358
GAATATTCGGAGTCCC-1,0.791187,0.053993,0.046472,0.108348
GAATCGACATGGTCAC-1,0.932834,0.000153,0.000076,0.066937
GAATCGCCGGACACGG-1,0.99924,0.000072,0.000036,0.000652
GAATCTATACTCGGAC-1,0.701171,0.000051,0.226252,0.072526
GAATGAAGGTCTTCAG-1,0.382325,0.299399,0.049036,0.26924
GAATGCCGAAATGACC-1,0.867665,0.017108,0.028243,0.086983
GAATGCGAATCGGTTC-1,0.448946,0.014767,0.15314,0.383147
GAATGTATGGCAGGTC-1,0.999638,0.000103,0.000052,0.000207
GAATGTGGTCCGGATT-1,0.736778,0.217272,0.005002,0.040948
GAATGTTGGGTAATCT-1,0.959467,0.038279,0.000028,0.002227
GAATTATGCAACCTAC-1,0.468784,0.242144,0.089676,0.199396
GAATTCACCCGGGTGT-1,0.901064,0.039054,0.000068,0.059814
GAATTTCTCGCTGCAG-1,0.84454,0.062323,0.024693,0.068444
GACAAACATATGCAGG-1,0.215696,0.441023,0.033431,0.309849
GACAACGACCATTGAA-1,0.9998,0.000057,0.000029,0.000114
GACAACGCAGCTTACG-1,0.672473,0.100083,0.003929,0.223516
GACAAGACGCCCGTGC-1,0.989566,0.002981,0.00149,0.005962
GACAAGAGATGAGATT-1,0.411322,0.058704,0.320033,0.209941
GACACAAGGGAAGAAA-1,0.960518,0.039157,0.000065,0.00026
GACACAGCCGGGACTG-1,0.382484,0.000745,0.04221,0.57456
GACACCCAAAGACGCG-1,0.416584,0.271978,0.115003,0.196435
GACACGAGTTAGAGGA-1,0.802305,0.052212,0.027234,0.118249
GACACTGAGTTCAGTG-1,0.635209,0.007801,0.000058,0.356933
GACACTGGAACCCGAT-1,0.03334,0.078333,0.764005,0.124323
GACACTTCCAATTACC-1,0.427667,0.012627,0.134442,0.425264
GACAGAGGTCTTCAGT-1,0.333214,0.07542,0.399363,0.192003
GACAGCCAGACCTGAC-1,0.457728,0.406338,0.010519,0.125415
GACAGGTAATCCGTGT-1,0.997454,0.000727,0.000364,0.001455
GACATCCGTCGAACTG-1,0.386043,0.034854,0.211461,0.367642
GACATCGATTTATAAC-1,0.975475,0.020133,0.000035,0.004357
GACCAAACGTTGACTG-1,0.189428,0.05766,0.54864,0.204272
GACCACACTTCCCTTT-1,0.704486,0.019035,0.169776,0.106703
GACCAGAGCCCTGTAG-1,0.778338,0.057036,0.025302,0.139324
GACCAGGTCATTCATA-1,0.607888,0.000072,0.290232,0.101808
GACCCGTCGCCGGCTA-1,0.996093,0.000063,0.000031,0.003812
GACCGACGTGAAAGCA-1,0.210158,0.477261,0.089719,0.222862
GACCGACTGAAGCGTC-1,0.794126,0.034275,0.029164,0.142434
GACCGCGTCTGACGTG-1,0.106345,0.047628,0.437483,0.408544
GACCGTCAGGTCGTGA-1,0.638113,0.240579,0.019415,0.101893
GACCGTGCTGACGGTG-1,0.856787,0.058445,0.008513,0.076256
GACCTTCCACGTCTAC-1,0.397611,0.033955,0.348919,0.219515
GACGACGATCCGCGTT-1,0.716096,0.199236,0.001092,0.083576
GACGAGGCTAATAAAC-1,0.334729,0.024471,0.360777,0.280023
GACGATATCACTGGGT-1,0.482588,0.285078,0.023795,0.208539
GACGCCGTAAAGGCTA-1,0.671094,0.068495,0.022322,0.238089
GACGCCTGTTGCAGGG-1,0.555706,0.398365,0.000169,0.04576
GACGCTTGCTTCTAAA-1,0.803681,0.038987,0.000052,0.15728
GACGGACCGCGTTCCT-1,0.722473,0.012019,0.121968,0.14354
GACGGGATGTCTTATG-1,0.707778,0.025534,0.170462,0.096226
GACGGGCATCGAATTT-1,0.996895,0.000887,0.000444,0.001774
GACGGGTTGGCCCGTA-1,0.885584,0.036039,0.000032,0.078345
GACGGTCAATAGAAGC-1,0.391195,0.558888,0.000022,0.049896
GACGGTCCTAGGGTGT-1,0.161162,0.138044,0.249436,0.451358
GACGTGAGACTCCATG-1,0.688775,0.021904,0.018531,0.270789
GACGTGTAGGGATTAT-1,0.966589,0.032927,0.000097,0.000387
GACGTTCGTAAATACA-1,0.268775,0.362379,0.040486,0.32836
GACGTTGCTCGGCGGC-1,0.990621,0.006663,0.000035,0.002681
GACTAACACAGCACCT-1,0.733981,0.015285,0.058086,0.192648
GACTAAGATCATGCAC-1,0.702199,0.171341,0.004723,0.121737
GACTAAGTAGGCTCAC-1,0.999549,0.000129,0.000064,0.000258
GACTACAATTGCTCGT-1,0.754843,0.027691,0.026058,0.191408
GACTAGGCCGTTAGGT-1,0.826763,0.000069,0.130146,0.043022
GACTCACCCACGTGAG-1,0.406409,0.379928,0.047185,0.166478
GACTCCCAGAATAAGG-1,0.553174,0.331611,0.010092,0.105123
GACTCGCGGGAATGAC-1,0.999592,0.000117,0.000058,0.000233
GACTCGGTCGGCGGAT-1,0.448084,0.023418,0.083048,0.44545
GACTCTAGAGTTCCAA-1,0.333252,0.017327,0.362366,0.287055
GACTGATTGGTCACAA-1,0.197405,0.207217,0.124586,0.470792
GACTGCAAATCGAGCT-1,0.03751,0.224135,0.540979,0.197376
GACTGCACCAGCCCAG-1,0.625165,0.262952,0.004928,0.106955
GACTGCGGCACGTGTA-1,0.808599,0.037113,0.028507,0.125781
GACTGCTGGTGAGAAA-1,0.289599,0.270519,0.035168,0.404713
GACTGGGCGCCGCAAC-1,0.591929,0.013629,0.103714,0.290729
GACTTCAACGCATCAA-1,0.483276,0.029481,0.003992,0.483251
GACTTTCGAGCGGTTC-1,0.613848,0.005203,0.128072,0.252877
GAGAAACTGGATCCCA-1,0.909547,0.00036,0.060752,0.029342
GAGAACGGTTCTGACT-1,0.562937,0.110886,0.180297,0.145881
GAGACCCTGCAACGCC-1,0.641182,0.059525,0.078857,0.220437
GAGACTGATGGGTAGA-1,0.990808,0.003199,0.000053,0.005939
GAGACTTCGCGACCGA-1,0.706923,0.245487,0.000025,0.047566
GAGAGGCCTATGTGTA-1,0.833035,0.001934,0.000967,0.164063
GAGAGGGCGCGAGGTT-1,0.825354,0.007379,0.035459,0.131807
GAGAGTCTCGGGAGAG-1,0.770804,0.097275,0.041411,0.090509
GAGATCTGCTTGGCAT-1,0.794985,0.052181,0.031903,0.120931
GAGATCTGTCACTCCG-1,0.998534,0.000419,0.000209,0.000838
GAGATCTTCCATGACA-1,0.554172,0.207648,0.011115,0.227064
GAGATGACAATCCTTA-1,0.210813,0.262403,0.062983,0.463801
GAGATGGCTTTAATCA-1,0.294039,0.016846,0.309239,0.379876
GAGATGGGAGTCGACA-1,0.94713,0.052646,0.000029,0.000194
GAGCACCTGTGTCCAG-1,0.722721,0.000448,0.153296,0.123535
GAGCACGGCGCCTCTT-1,0.033934,0.190833,0.455449,0.319784
GAGCATCAACAACTTG-1,0.984769,0.000146,0.000073,0.015012
GAGCATCATCCCTGGG-1,0.951044,0.008877,0.000035,0.040043
GAGCCACGGTAGTAGG-1,0.677081,0.080841,0.021686,0.220393
GAGCCAGCTACCTGTG-1,0.754128,0.000056,0.086498,0.159319
GAGCCGAGCGTTTATT-1,0.35931,0.297581,0.096676,0.246433
GAGCGAGGGAGTACCG-1,0.999664,0.000096,0.000048,0.000192
GAGCGCAAATACTCCG-1,0.669887,0.012335,0.193956,0.123822
GAGCGCGCACGAGTAG-1,0.226354,0.278614,0.068823,0.426209
GAGCGCTATGTCAGGC-1,0.748582,0.050347,0.022044,0.179027
GAGCGCTGTTAGGTAA-1,0.826908,0.018776,0.023423,0.130894
GAGCGGAATGCGGTGT-1,0.917826,0.000048,0.011982,0.070144
GAGCTAAGGGCATATC-1,0.999588,0.000118,0.000059,0.000236
GAGCTCAACATGAGCG-1,0.41288,0.013421,0.449154,0.124545
GAGCTCTCGGACCTAA-1,0.592631,0.030126,0.056017,0.321225
GAGCTGTCGTCTCGGA-1,0.602436,0.26693,0.00208,0.128553
GAGGAATATCTCTTTG-1,0.217779,0.242445,0.221524,0.318251
GAGGAATGGAGAGGTT-1,0.750646,0.056515,0.026885,0.165954
GAGGAGTAATTCCTAC-1,0.646225,0.009775,0.077773,0.266228
GAGGATAAACAGTGCT-1,0.023506,0.500525,0.270998,0.204971
GAGGCATTTGCAGCAG-1,0.580764,0.16415,0.028792,0.226294
GAGGCCTGTTGATACA-1,0.294031,0.057423,0.353953,0.294592
GAGGCTATCAAAGTCG-1,0.878779,0.035843,0.017217,0.068161
GAGGGAGTCAGATCGC-1,0.311579,0.242458,0.031373,0.414589
GAGGGCATCGCGTATC-1,0.797432,0.10784,0.026482,0.068246
GAGGGCCATAATATTA-1,0.669315,0.150556,0.012976,0.167153
GAGGGCCGGCAGAGTC-1,0.124474,0.111815,0.476794,0.286917
GAGGGCGCAGCTCTGC-1,0.785871,0.208345,0.000024,0.00576
GAGGGTAGTAACAAAG-1,0.900877,0.073626,0.000038,0.025459
GAGGTACATCCATCTT-1,0.999714,0.000082,0.000041,0.000164
GAGGTACGCGTGTCCC-1,0.582915,0.001119,0.25412,0.161846
GAGGTCCCAAAGATCT-1,0.823266,0.036834,0.030691,0.109209
GAGGTCCGTTCGCTGT-1,0.572767,0.082232,0.05135,0.29365
GAGGTCTTAGTGGGTC-1,0.376262,0.011864,0.413125,0.198749
GAGTAAACCGGAAAGT-1,0.077375,0.116029,0.669815,0.136781
GAGTAAATTAAGAACC-1,0.992143,0.002245,0.001122,0.00449
GAGTACGGGTATACAA-1,0.679444,0.130642,0.002752,0.187162
GAGTAGATACTAGTTG-1,0.437254,0.093418,0.211742,0.257587
GAGTATACCCTAATCA-1,0.659872,0.186931,0.013561,0.139636
GAGTATCAAAGTTACA-1,0.38502,0.031821,0.40443,0.178729
GAGTATGCCCGCCTTG-1,0.816038,0.007448,0.097512,0.079003
GAGTATGCGCGTGCAT-1,0.34083,0.02562,0.313375,0.320175
GAGTCAGACCAGAATC-1,0.999529,0.000135,0.000067,0.000269
GAGTCCACCAGGTTTA-1,0.953651,0.00149,0.041877,0.002981
GAGTGCACGGACAACA-1,0.292598,0.227553,0.089074,0.390775
GAGTGTCAACCAGAAA-1,0.055841,0.052078,0.770973,0.121108
GAGTGTGCGGTACCCA-1,0.255746,0.207903,0.021598,0.514754
GATAAATCGGTGGATG-1,0.275426,0.442191,0.057628,0.224754
GATAACTCGCACTGTG-1,0.961973,0.037873,0.000031,0.000123
GATAAGGCAGATGCAA-1,0.645865,0.190565,0.018277,0.145293
GATACCGTGTCGGAGT-1,0.07093,0.457086,0.282486,0.189498
GATACGATGGGAGTCA-1,0.953568,0.012578,0.000056,0.033798
GATAGAACCCGCTAGG-1,0.636618,0.002527,0.101317,0.259538
GATAGATAGTACAGTC-1,0.876115,0.000439,0.085868,0.037578
GATAGGATTAATTACA-1,0.180264,0.079107,0.113547,0.627083
GATAGGTAACGTTGAC-1,0.999056,0.00027,0.000135,0.00054
GATAGGTGTCCCGGGC-1,0.272723,0.095612,0.109091,0.522574
GATAGTGCGAGTAAGT-1,0.336554,0.216712,0.055775,0.390959
GATATCTCATGCAATA-1,0.999742,0.000074,0.000037,0.000147
GATATGAGACACTAAC-1,0.999562,0.000125,0.000063,0.00025
GATATGCGGTAGCCAA-1,0.995867,0.001181,0.00059,0.002362
GATATGGATTACGCGG-1,0.890993,0.028493,0.024132,0.056382
GATATTGAGATTGGCG-1,0.523002,0.360222,0.101123,0.015653
GATATTTCCTACATGG-1,0.222106,0.477938,0.047529,0.252427
GATCAACATAAAGGGA-1,0.685518,0.276394,0.000022,0.038066
GATCATTCCAAACATT-1,0.860112,0.084577,0.000089,0.055222
GATCCCTTTATACTGC-1,0.999455,0.000156,0.000078,0.000312
GATCCGAATATAAGTG-1,0.014181,0.374201,0.35086,0.260758
GATCCTAAATCGGGAC-1,0.999593,0.000116,0.000058,0.000233
GATCCTCTTGCGCTTA-1,0.986902,0.00007,0.000035,0.012993
GATCGACACTATCTGA-1,0.999661,0.000093,0.000046,0.000201
GATCGCGGGCTCTCCA-1,0.903349,0.096247,0.000081,0.000323
GATCGCTACCCGATTT-1,0.095944,0.412816,0.146775,0.344465
GATCGCTATATCTCAG-1,0.935231,0.000777,0.028426,0.035566
GATCGGCGATAAGTCG-1,0.592602,0.004565,0.048463,0.35437
GATCGGTGGCCATAAC-1,0.999439,0.00016,0.00008,0.00032
GATCTCGACGCTGTGG-1,0.704116,0.000073,0.18421,0.111601
GATCTGCTATCTAAGG-1,0.90803,0.00708,0.004035,0.080854
GATCTTAGTGAACGTG-1,0.475321,0.018935,0.360171,0.145573
GATCTTGGAGGGCATA-1,0.999702,0.000085,0.000043,0.00017
GATCTTTGCAGGGTAT-1,0.842587,0.088767,0.026422,0.042224
GATCTTTGCTCAAAGA-1,0.230791,0.22541,0.195303,0.348496
GATGACAAGTAGGGCA-1,0.682619,0.005368,0.048482,0.263532
GATGACGATGATCGCG-1,0.711411,0.172389,0.004093,0.112106
GATGAGGAACCTTCGG-1,0.630518,0.01047,0.247209,0.111804
GATGATTTGAAACTGG-1,0.459181,0.024419,0.289167,0.227233
GATGCCACACTACAGC-1,0.404625,0.019282,0.47414,0.101953
GATGCCAGCAGAAGGC-1,0.852171,0.006117,0.052768,0.088943
GATGCTACAAGCGCCT-1,0.758102,0.122579,0.000315,0.119004
GATGCTACCTTCGATG-1,0.912113,0.000062,0.023274,0.064551
GATGCTGTATTTCATC-1,0.783965,0.052751,0.013316,0.149968
GATGGCGCACACATTA-1,0.882921,0.0331,0.00666,0.07732
GATGGTGAAATAACCC-1,0.518851,0.015029,0.20328,0.26284
GATGGTGCCCTAGGCA-1,0.871268,0.001595,0.004584,0.122553
GATGTCCGGATCACAT-1,0.138124,0.29737,0.032412,0.532095
GATGTCGGTCAACTGC-1,0.907775,0.000062,0.000031,0.092132
GATGTGTTGTCACAAG-1,0.772729,0.000633,0.15383,0.072809
GATGTTCAATCCACGA-1,0.813381,0.059639,0.000108,0.126872
GATGTTTGTGCGAGAT-1,0.814024,0.052137,0.022144,0.111695
GATTAACCGAAAGCCC-1,0.397108,0.015394,0.169182,0.418316
GATTAATCCTGGCTCA-1,0.74647,0.022401,0.046128,0.185001
GATTACTGAATTTGGG-1,0.934031,0.00204,0.000056,0.063874
GATTAGAAACAAGCGT-1,0.497856,0.053512,0.138561,0.310071
GATTATCTTGCATTAT-1,0.760693,0.000371,0.223238,0.015698
GATTCCCTTGTCGCAG-1,0.999628,0.000106,0.000053,0.000213
GATTCCGCGTTTCCGT-1,0.984375,0.000083,0.000041,0.015501
GATTCCTATACGGCGC-1,0.713661,0.039175,0.054483,0.192681
GATTCTGTTAATGAGT-1,0.313513,0.029499,0.489531,0.167458
GATTGACACTCTGCTC-1,0.715142,0.000065,0.122278,0.162515
GATTGCTCCAGTTGCA-1,0.977656,0.007221,0.000032,0.015091
GATTGGGAAAGGTTGT-1,0.530821,0.017888,0.277753,0.173539
GATTTAGTGCGTACTG-1,0.010612,0.380877,0.394676,0.213835
GATTTGCGCTAACACC-1,0.223929,0.038669,0.371668,0.365734
GCAAACCCTACATTAT-1,0.572652,0.094225,0.040288,0.292835
GCAAACCTTGGCCATA-1,0.166621,0.296127,0.181909,0.355343
GCAAACGTCGCCAGGT-1,0.405345,0.003486,0.021469,0.5697
GCAAAGGGCGTTAGCC-1,0.917214,0.053429,0.000071,0.029286
GCAAATATTACGCTTT-1,0.916765,0.001928,0.041658,0.039649
GCAACAGCAGTATGCG-1,0.073705,0.413783,0.169622,0.34289
GCAACCACCAGACCGG-1,0.484723,0.240633,0.016791,0.257853
GCAACGGCTAGTTATG-1,0.420277,0.173965,0.04002,0.365738
GCAAGAATTCCTTGGC-1,0.813289,0.003745,0.049455,0.133512
GCAAGATGTGTTCGCG-1,0.499064,0.275846,0.040209,0.184881
GCAAGTGCACAGAGAA-1,0.658595,0.142579,0.012164,0.186661
GCAAGTGTAAAGCATG-1,0.558637,0.038195,0.025629,0.377538
GCAATTAGTCGCACCG-1,0.311858,0.36741,0.028805,0.291927
GCACAAACCCTAGATG-1,0.930635,0.015459,0.005576,0.048329
GCACAAACGAGGCGTG-1,0.173041,0.118286,0.265186,0.443486
GCACAAGTGTCGGAAG-1,0.999809,0.00005,0.000025,0.000116
GCACACACTGGTAGCC-1,0.283296,0.008881,0.44513,0.262693
GCACACAGCTATTACC-1,0.265676,0.026052,0.580431,0.127842
GCACAGCACGGGCCGA-1,0.383426,0.23957,0.063123,0.31388
GCACCTAGGCGAGTCC-1,0.775587,0.001022,0.082995,0.140396
GCACCTTCCCGAAGGT-1,0.996522,0.000994,0.000497,0.001987
GCACGCCGATTCCCGC-1,0.627316,0.000681,0.169999,0.202004
GCACGCCTACTTAGAT-1,0.798068,0.028516,0.038821,0.134595
GCACGTGGTTTACTTA-1,0.326026,0.082945,0.303467,0.287562
GCACTAGTCGCGCTAT-1,0.885087,0.046073,0.000042,0.068798
GCACTCCCACAGTCCC-1,0.617777,0.00085,0.251463,0.12991
GCACTGCCTACCTTTA-1,0.462147,0.00962,0.288528,0.239704
GCACTGTGCAAATGTA-1,0.763918,0.107817,0.019509,0.108757
GCAGAAACGTAATCCA-1,0.044734,0.083237,0.763562,0.108467
GCAGAAGGTAATCTCC-1,0.098737,0.030261,0.728268,0.142734
GCAGACCCAGCACGTA-1,0.35556,0.482614,0.005861,0.155966
GCAGATCCATAAGACT-1,0.574529,0.055683,0.072519,0.297268
GCAGATCCTCGCAAAT-1,0.773951,0.094437,0.037928,0.093684
GCAGCACACAGCCCAG-1,0.873057,0.022905,0.023256,0.080782
GCAGCCTATATCACAT-1,0.001754,0.701819,0.259396,0.037031
GCAGCGGTGGGCATTA-1,0.887833,0.014352,0.023827,0.073988
GCAGCTATGGACAGGT-1,0.169001,0.128858,0.153262,0.548879
GCAGCTGTCAACGCAT-1,0.800445,0.002294,0.123628,0.073634
GCAGGACTATAGAATA-1,0.623731,0.043436,0.000101,0.332731
GCAGGTAGAGTATGGT-1,0.736351,0.179124,0.000029,0.084496
GCAGTGCGGGCGGATG-1,0.428061,0.019651,0.246749,0.30554
GCAGTGTGGCTATAGG-1,0.427919,0.020419,0.295879,0.255783
GCAGTTCGATCCGAGC-1,0.515681,0.020872,0.206635,0.256813
GCATAAATTGAACGCC-1,0.062101,0.181234,0.686774,0.069892
GCATCCCTAACTTTGA-1,0.94355,0.001844,0.000036,0.05457
GCATCGGCCGTGTAGG-1,0.582598,0.414331,0.000614,0.002457
GCATGACACAAAGGAA-1,0.998616,0.000395,0.000198,0.000791
GCATGAGGGACGCGGC-1,0.99955,0.000129,0.000064,0.000257
GCATGCTAATAACGAT-1,0.053682,0.276653,0.558324,0.11134
GCATTCAAGGCAACGC-1,0.423078,0.485719,0.000609,0.090593
GCATTTCCAAGGCTCC-1,0.196627,0.601429,0.027632,0.174312
GCCAACCATTTCCGGA-1,0.601182,0.268498,0.005954,0.124366
GCCAATAGGGCATCTC-1,0.069478,0.810521,0.029012,0.090989
GCCACAATTTAAGGAC-1,0.840092,0.012523,0.044363,0.103022
GCCACTCAGAGCGCGA-1,0.516319,0.000056,0.296502,0.187124
GCCACTCCTTACGGTA-1,0.577379,0.011727,0.181296,0.229598
GCCAGGAAAGAACACT-1,0.553129,0.140746,0.019173,0.286953
GCCAGGAGTAACCGAT-1,0.827955,0.064014,0.012516,0.095514
GCCAGGCGTTCGCATG-1,0.67708,0.117429,0.08833,0.117161
GCCATATTGCACACAG-1,0.824058,0.144681,0.000028,0.031233
GCCATCGAGCTGCGTG-1,0.999389,0.000175,0.000087,0.000349
GCCATCGATGCTGCAT-1,0.491274,0.304755,0.018358,0.185613
GCCCACCAAGGCTGTC-1,0.969197,0.026151,0.000028,0.004625
GCCCACTGGTCCACAA-1,0.106985,0.069098,0.465513,0.358404
GCCCAGATGCTGGAGA-1,0.02931,0.298034,0.132906,0.539749
GCCCAGTTGGTATGCC-1,0.579464,0.123877,0.009761,0.286897
GCCCATGGGTGCAATG-1,0.717369,0.019012,0.231913,0.031706
GCCCGATCTGTGGTCG-1,0.192168,0.617902,0.050615,0.139315
GCCCGCGCGTAAACGG-1,0.537813,0.00024,0.00012,0.461827
GCCCGCGCGTTTGACA-1,0.389882,0.365026,0.023902,0.22119
GCCCGTAATACCTTCT-1,0.999631,0.000105,0.000053,0.000211
GCCCGTCAAGCCCAAT-1,0.995355,0.001327,0.000664,0.002655
GCCCGTTCACACAATT-1,0.509314,0.040422,0.137802,0.312463
GCCCTAAGTGCAGGAT-1,0.565157,0.005604,0.303377,0.125861
GCCCTGAGGATGGGCT-1,0.572931,0.000869,0.276482,0.149718
GCCGAAATTCCTACGT-1,0.926046,0.016349,0.002704,0.0549
GCCGACCCACGACTGC-1,0.9615,0.037973,0.000105,0.000422
GCCGCACTCCGTTTCA-1,0.148698,0.170477,0.404783,0.276041
GCCGCTAGATACGCAG-1,0.860843,0.000064,0.081718,0.057375
GCCGCTTGTGAGAAAC-1,0.993829,0.001761,0.000075,0.004335
GCCGGAAACACATCTT-1,0.442914,0.055544,0.202426,0.299116
GCCGGTCGTATCTCTC-1,0.958569,0.000077,0.000357,0.040996
GCCGGTTTGGGCGGAT-1,0.672053,0.046327,0.065776,0.215844
GCCGTCGGTTTCGGGC-1,0.269471,0.25166,0.095244,0.383626
GCCGTGGAAGAAATGT-1,0.012085,0.452549,0.27696,0.258405
GCCTACGTTCTGTGCA-1,0.441374,0.014569,0.394459,0.149598
GCCTAGCGATCTGACC-1,0.494736,0.308748,0.006776,0.18974
GCCTATAGTGTCAGGG-1,0.999652,0.000099,0.00005,0.000199
GCCTATCAGGTAAGAT-1,0.180776,0.383053,0.131393,0.304778
GCCTATGCTGGGCCTT-1,0.161342,0.514331,0.088116,0.236211
GCCTATTCCGATATAG-1,0.834689,0.023228,0.046694,0.095389
GCCTATTTGCTACACA-1,0.502875,0.15815,0.040207,0.298768
GCCTCAGGTACCGGTC-1,0.997221,0.000794,0.000397,0.001588
GCCTCATCTGGAAATA-1,0.580764,0.143252,0.065301,0.210682
GCCTCCGACAATTCAC-1,0.196859,0.029649,0.443934,0.329558
GCCTCTATACATAGCA-1,0.326835,0.137139,0.05965,0.476376
GCCTGCTACACTGAGA-1,0.69411,0.01936,0.078452,0.208077
GCCTGTCCCGGTGCAT-1,0.521294,0.01581,0.251398,0.211499
GCCTTCAGCCCTACCG-1,0.841831,0.038747,0.000021,0.119401
GCCTTGTATATGCAGT-1,0.627406,0.052807,0.134353,0.185435
GCGAAACGATCGGGAG-1,0.322022,0.013261,0.355185,0.309532
GCGAAACTTAACTGGA-1,0.563324,0.242815,0.021303,0.172558
GCGAAGAATCTGACGG-1,0.622486,0.000039,0.287917,0.089557
GCGAATGGACTAGCGA-1,0.61295,0.004484,0.227318,0.155247
GCGACATGTAAACATC-1,0.217297,0.389378,0.017142,0.376183
GCGACCCAACCATCTG-1,0.811636,0.142554,0.000024,0.045786
GCGACGATAGTTGTAC-1,0.881848,0.038306,0.000103,0.079743
GCGACGGTAGTCTCCT-1,0.573706,0.005226,0.337663,0.083404
GCGAGAGGCCATGTAA-1,0.203752,0.49744,0.049629,0.24918
GCGAGAGTTGCGTCCA-1,0.22881,0.49365,0.030546,0.246994
GCGAGCGCATGCTCCC-1,0.138374,0.37013,0.035016,0.45648
GCGAGGCCCGAGCAGA-1,0.779671,0.122633,0.000073,0.097623
GCGATTCTGGAAGCAG-1,0.858684,0.00007,0.008227,0.133019
GCGATTGTTAACGTTA-1,0.901138,0.079619,0.000201,0.019043
GCGCAAATATATTCAA-1,0.857266,0.001367,0.006053,0.135314
GCGCAAGAGCGCGCTG-1,0.494968,0.244137,0.037507,0.223388
GCGCATCCAGTCAGCA-1,0.999568,0.000124,0.000062,0.000247
GCGCCTCCCACTCCGA-1,0.418042,0.02926,0.135783,0.416914
GCGCGATGGGTCAAGT-1,0.72354,0.00796,0.080887,0.187613
GCGCGGTCTAGTAACT-1,0.590089,0.012309,0.128769,0.268833
GCGCGTCATTGGTACA-1,0.013597,0.233178,0.405216,0.348009
GCGCTAAGTATGCATG-1,0.481316,0.059795,0.168828,0.290062
GCGCTATGCCGAGGCA-1,0.748769,0.137106,0.000108,0.114017
GCGCTCGATCACCTGT-1,0.125372,0.068643,0.414517,0.391467
GCGCTGATCCAGACTC-1,0.973919,0.021244,0.000033,0.004805
GCGCTGCTTTGCATTT-1,0.999507,0.000141,0.00007,0.000282
GCGCTTAAATAATTGG-1,0.270043,0.076418,0.375859,0.277681
GCGGACCGCGTTGTGG-1,0.72011,0.020037,0.04293,0.216922
GCGGAGAGGGAGAACG-1,0.78996,0.084313,0.003294,0.122433
GCGGATTACTTGTTCT-1,0.993761,0.001783,0.000891,0.003565
GCGGCAAAGTATTGCC-1,0.805717,0.024321,0.024117,0.145845
GCGGCTCTGACGTACC-1,0.910087,0.006844,0.026838,0.056231
GCGGCTTTAGCAAGTT-1,0.647205,0.016128,0.170787,0.16588
GCGGGAACCAGGCCCT-1,0.671267,0.308292,0.001905,0.018536
GCGGGCAGACGGGTGA-1,0.491676,0.005955,0.349094,0.153275
GCGGGCATTACGATGC-1,0.928724,0.039209,0.000036,0.032031
GCGGGCGAGCCTTACC-1,0.96459,0.001755,0.00004,0.033615
GCGGTAACCCAAATGA-1,0.818504,0.0238,0.073694,0.084002
GCGGTCCCGGTGAAGG-1,0.442634,0.208397,0.079759,0.269209
GCGGTCCCTAGACGCA-1,0.999659,0.000097,0.000049,0.000195
GCGGTCTTGCTTTCAC-1,0.366295,0.05591,0.379773,0.198023
GCGGTGAACTGCGCTC-1,0.948701,0.005317,0.00003,0.045952
GCGGTTCCCTATCATG-1,0.851861,0.146464,0.001376,0.0003
GCGTAAATGGCCATAA-1,0.463474,0.350809,0.012378,0.173339
GCGTCCAGCTCGTGGC-1,0.711493,0.021668,0.041448,0.225391
GCGTCCCTAAGACATA-1,0.323468,0.524874,0.005596,0.146063
GCGTCGAAATGTCGGT-1,0.999872,0.000036,0.000018,0.000073
GCGTCGCCAGGGTGAT-1,0.750862,0.175347,0.000038,0.073754
GCGTCGTAACATGGTC-1,0.905577,0.000098,0.040327,0.053998
GCGTCTAACCTCCTAA-1,0.45586,0.269419,0.015688,0.259033
GCGTCTCTGCATTGGG-1,0.842624,0.156893,0.000097,0.000387
GCGTGGTACTGGGTTA-1,0.475417,0.506462,0.00011,0.01801
GCGTGTATGTCGTATT-1,0.625971,0.001449,0.186472,0.186108
GCGTTCGGAGACCGGG-1,0.417612,0.264325,0.051383,0.266679
GCGTTCTGACTAAGCG-1,0.527175,0.030893,0.335527,0.106405
GCTAAACCTGAGGTGA-1,0.703684,0.065227,0.057424,0.173664
GCTAACTGAAGTCTGA-1,0.029609,0.102135,0.764006,0.10425
GCTAAGCCCAGTATGC-1,0.101542,0.00724,0.000332,0.890886
GCTAAGTAGTTTCTCT-1,0.870314,0.120577,0.000105,0.009004
GCTAATACCGAATGCC-1,0.550994,0.322921,0.010602,0.115483
GCTACAATCGAGGATA-1,0.42959,0.011134,0.351974,0.207302
GCTACACTGTCCGAAC-1,0.867363,0.042741,0.011262,0.078634
GCTACGACTTATTGGG-1,0.979057,0.000137,0.000068,0.020738
GCTACTATAGTAGAGT-1,0.79373,0.01426,0.048068,0.143942
GCTAGACCGTCTACTG-1,0.213621,0.30845,0.029912,0.448017
GCTAGAGTAGAGATGT-1,0.06527,0.097919,0.605927,0.230884
GCTAGCAACGCACCTA-1,0.996522,0.000994,0.000497,0.001987
GCTAGCACCTGGGCCA-1,0.377817,0.149639,0.083474,0.38907
GCTAGCAGGGAGTGGG-1,0.952318,0.002352,0.000044,0.045286
GCTAGCGATAGGTCTT-1,0.887523,0.016485,0.000425,0.095567
GCTAGCTTGAATAGCT-1,0.781675,0.034534,0.040856,0.142936
GCTAGGCACCACGGAG-1,0.584044,0.1829,0.096272,0.136785
GCTAGTTTCATTGAGG-1,0.688561,0.108755,0.012216,0.190469
GCTATAAGGGCCAGGA-1,0.362917,0.070243,0.446673,0.120166
GCTATACGTCTCGGAC-1,0.68064,0.21465,0.020228,0.084482
GCTATCATACTCATGG-1,0.682634,0.009493,0.034623,0.273249
GCTATCGCGGCGCAAC-1,0.779076,0.052201,0.063801,0.104922
GCTCAATGTAATACCG-1,0.631783,0.193764,0.029774,0.144678
GCTCATTACTGCATGT-1,0.930888,0.055883,0.000072,0.013157
GCTCATTGATCATATC-1,0.537124,0.022603,0.177621,0.262651
GCTCCATGAGTGCAGA-1,0.256121,0.0233,0.253801,0.466779
GCTCCATGCAAAGCAA-1,0.978097,0.000042,0.000021,0.021839
GCTCCCAGTCGGTCCA-1,0.033077,0.344298,0.168536,0.454088
GCTCCGCTCGCTTCAG-1,0.420748,0.084565,0.027975,0.466712
GCTCCGGACGTTGATA-1,0.99721,0.000073,0.000037,0.00268
GCTCCTGACATACTGG-1,0.996569,0.00241,0.000204,0.000817
GCTCGACCGAACTGAA-1,0.864702,0.000067,0.091009,0.044222
GCTCGCGGTTCCGCTC-1,0.951934,0.026863,0.020105,0.001098
GCTCGCTCATGTCCAA-1,0.589578,0.228819,0.016057,0.165547
GCTCGGAATTTAAAGC-1,0.926419,0.018704,0.000025,0.054853
GCTCTAAACCCTGACG-1,0.960618,0.030344,0.00003,0.009008
GCTCTATGTTACGTGC-1,0.791993,0.136782,0.016983,0.054242
GCTCTCGGGTACCGAA-1,0.999538,0.000132,0.000066,0.000264
GCTCTTTCCGCTAGTG-1,0.798793,0.021079,0.002603,0.177525
GCTGAACTCTCCAGGG-1,0.015624,0.524304,0.300924,0.159148
GCTGAATCTTCCAATC-1,0.93192,0.000215,0.022012,0.045852
GCTGCGAAGAATTATT-1,0.086511,0.214565,0.266742,0.432181
GCTGCTAAGTAGTCGA-1,0.968404,0.004815,0.000046,0.026734
GCTGCTACTGCGTAGC-1,0.852101,0.088409,0.002603,0.056887
GCTGGACCCAAAGTGG-1,0.581447,0.078132,0.074898,0.265523
GCTGGCATATTCACCT-1,0.830195,0.026809,0.000068,0.142928
GCTGGCGGCGCATGCT-1,0.253249,0.532266,0.034266,0.180219
GCTGGGAGCGCGTCAA-1,0.99276,0.000053,0.000027,0.00716
GCTGGGTCCGCTGTTA-1,0.755524,0.06892,0.050809,0.124747
GCTGGTGACTCGTAGT-1,0.534611,0.004209,0.060552,0.400628
GCTGTCTGTGATCGAC-1,0.837528,0.000067,0.124896,0.037509
GCTGTTGCTACCGAAC-1,0.631973,0.225165,0.000028,0.142834
GCTTAATGTAACTAAC-1,0.718233,0.076133,0.008154,0.197481
GCTTACGTAGTTAGTA-1,0.281667,0.255139,0.061213,0.40198
GCTTAGGGAAGCGGTA-1,0.284908,0.107563,0.150114,0.457414
GCTTATGAAGCAGGAA-1,0.999702,0.000085,0.000043,0.00017
GCTTCAGTGGGATTAC-1,0.358173,0.058113,0.242855,0.340859
GCTTCCAGCTTAGATT-1,0.724333,0.121259,0.002907,0.151501
GCTTCCATGTAACCGC-1,0.002694,0.001347,0.000673,0.995286
GCTTCCCGTAAGCTCC-1,0.558555,0.001541,0.000771,0.439134
GCTTCCGTCCCTAGAC-1,0.999125,0.00025,0.000125,0.0005
GCTTGAGTGACCTCTG-1,0.976428,0.006735,0.003367,0.01347
GCTTGATGATAATCAG-1,0.834416,0.052352,0.008408,0.104825
GCTTGCAGCACAATTG-1,0.396857,0.278126,0.040271,0.284746
GCTTGGATCGATTAGG-1,0.377738,0.568654,0.000029,0.053578
GCTTTACACAACTGGG-1,0.984089,0.004546,0.002273,0.009092
GCTTTATTAAGTTACC-1,0.301735,0.090476,0.420114,0.187675
GCTTTCAGAGGAGGTG-1,0.678615,0.25084,0.007639,0.062906
GCTTTCTATCTCAACT-1,0.628713,0.027767,0.112697,0.230823
GCTTTGCTGCCGGGTA-1,0.724182,0.000883,0.27317,0.001765
GGAAACAGAGCTTGGG-1,0.39413,0.187549,0.013485,0.404835
GGAAACCTTGTTGAAT-1,0.596243,0.266792,0.001477,0.135487
GGAAACTAAATGGGCC-1,0.177286,0.143222,0.483138,0.196354
GGAAAGGGAATTGAGC-1,0.583071,0.006847,0.273087,0.136996
GGAAAGTCTTGATTGT-1,0.509257,0.022958,0.0696,0.398184
GGAAAGTGCCCATGCC-1,0.710054,0.198719,0.000036,0.091191
GGAACCGTGTAAATTG-1,0.756316,0.030514,0.065617,0.147553
GGAACGGCCTGCAGCC-1,0.830614,0.036305,0.023868,0.109213
GGAACTCGTGAATACG-1,0.239205,0.125928,0.190162,0.444705
GGAACTTTGGCGATTA-1,0.538108,0.042555,0.24297,0.176367
GGAAGATAAGACTGTA-1,0.580602,0.036463,0.199494,0.183441
GGAAGCTCGCTTACAG-1,0.713289,0.023638,0.025275,0.237797
GGAAGGACACCGTATA-1,0.100223,0.127537,0.666987,0.105253
GGAATAACCTCAAGAA-1,0.57351,0.037921,0.132093,0.256476
GGAATGCGCTAGCGTG-1,0.999179,0.000235,0.000117,0.000469
GGACAACCATGAAGCC-1,0.312396,0.045031,0.471231,0.171342
GGACACAAGTTTACAC-1,0.442502,0.029081,0.141247,0.38717
GGACACCTCGGTGTTG-1,0.74354,0.000054,0.185549,0.070856
GGACCAACAGGATAAC-1,0.828644,0.030683,0.000023,0.14065
GGACCTACGGTAACGT-1,0.989872,0.000065,0.000032,0.010031
GGACCTCTAGGCCGCC-1,0.962567,0.000075,0.000037,0.037321
GGACGGCTTGCGCAAC-1,0.07722,0.265317,0.319584,0.337879
GGACGGGCGACCAACC-1,0.886909,0.000255,0.100343,0.012493
GGACGTCCATAGTTGG-1,0.246951,0.271963,0.04446,0.436625
GGACTCACAAATTAGG-1,0.274137,0.016061,0.442724,0.267078
GGACTCGAAGCTTTCA-1,0.491995,0.010504,0.211216,0.286286
GGACTCGACAGCGCAT-1,0.331813,0.176697,0.072862,0.418628
GGACTCGTGAGTGGTC-1,0.437988,0.408788,0.003969,0.149255
GGACTCTTCCGGTTGA-1,0.013943,0.193105,0.699747,0.093205
GGACTCTTTGACTAAG-1,0.288116,0.094586,0.544651,0.072647
GGAGAAGTCATTGGCA-1,0.715776,0.204862,0.000023,0.079339
GGAGACCAATGTGCTT-1,0.34642,0.168364,0.014693,0.470524
GGAGACGACACCTTTG-1,0.567108,0.112181,0.096016,0.224695
GGAGCAACATTTCAAG-1,0.32396,0.024823,0.234183,0.417034
GGAGCACCAAGAACTA-1,0.999732,0.000076,0.000038,0.000153
GGAGCGAGGCCTACTT-1,0.339376,0.008192,0.434881,0.217551
GGAGGATTGAAAGGAG-1,0.797554,0.000092,0.063574,0.13878
GGAGGCCGAAGTCGTC-1,0.471654,0.018102,0.088491,0.421754
GGAGGCGAAGAACCGC-1,0.758442,0.017182,0.111063,0.113314
GGAGGGCTTGGTTGGC-1,0.999028,0.000278,0.000139,0.000555
GGAGGGTCAAGTAAGA-1,0.353383,0.073878,0.281954,0.290786
GGAGTGCCGCCCTGGA-1,0.929644,0.039728,0.000028,0.0306
GGAGTTGATTCTGTGT-1,0.85553,0.000774,0.142148,0.001548
GGATACTCATGAATTG-1,0.368908,0.202805,0.121211,0.307076
GGATCAAAGGACGAGG-1,0.99987,0.000037,0.000019,0.000074
GGATCATCCCGTACGC-1,0.625835,0.195092,0.005208,0.173865
GGATCCGGAATATACT-1,0.999501,0.000143,0.000071,0.000285
GGATCTACCGTTCGTC-1,0.504369,0.081758,0.010199,0.403674
GGATCTTACTGCCCTT-1,0.789246,0.071573,0.000071,0.13911
GGATGAAGATCGCTGA-1,0.426758,0.396566,0.040125,0.136551
GGATGACGCGAGTTTA-1,0.992448,0.000104,0.000052,0.007395
GGATGGCTTGAAGTAT-1,0.187071,0.013933,0.194121,0.604876
GGATGTCCTTACCGCA-1,0.805413,0.139129,0.000046,0.055412
GGATTAAGCTAAGGTC-1,0.527892,0.03764,0.215926,0.218542
GGATTAATCATGGACC-1,0.759794,0.000047,0.130482,0.109677
GGATTCAGTACGGTGG-1,0.743138,0.151347,0.000429,0.105085
GGATTCCGCTATACCC-1,0.577394,0.308761,0.001668,0.112176
GGATTGAAGTAGCCTC-1,0.992685,0.00209,0.001045,0.00418
GGATTGCTGTGACTCC-1,0.24581,0.024898,0.418217,0.311076
GGATTTCACTTCTATA-1,0.838522,0.14006,0.000058,0.02136
GGCAAATTACTTTACT-1,0.572002,0.152315,0.017934,0.257749
GGCAAGCCAGGGATAG-1,0.290988,0.383271,0.069395,0.256346
GGCAAGCCCATAGTGG-1,0.721294,0.00063,0.085683,0.192394
GGCAAGGCGAAATAGC-1,0.940284,0.005684,0.000025,0.054008
GGCAATAGTCAATGAG-1,0.642177,0.134741,0.000109,0.222973
GGCACGCTGCTACAGT-1,0.997133,0.000819,0.00041,0.001638
GGCACTCAGCCGACCC-1,0.262877,0.047109,0.387222,0.302792
GGCACTCCACTGGGCA-1,0.794362,0.041747,0.000073,0.163818
GGCACTGCGGTGGTTT-1,0.976428,0.006735,0.003367,0.01347
GGCAGCAAACCTATGC-1,0.133959,0.058542,0.401715,0.405783
GGCAGCGGTAATCCTA-1,0.114653,0.507189,0.106872,0.271286
GGCATACAGGTAGCGG-1,0.685007,0.116428,0.186249,0.012316
GGCATATCGGTTCTGC-1,0.992579,0.000105,0.000052,0.007263
GGCATCAACGAGCACG-1,0.78581,0.025199,0.023352,0.165638
GGCATTCCCTCCCTCG-1,0.998242,0.000502,0.000251,0.001005
GGCATTGAACATCTCA-1,0.589003,0.001756,0.083863,0.325378
GGCCAATTGTATAGAC-1,0.992685,0.00209,0.001045,0.00418
GGCCACAAGCGATGGC-1,0.059788,0.299111,0.469009,0.172093
GGCCCAATCTAGAGGG-1,0.389342,0.020205,0.281897,0.308555
GGCCCAGCTGGTTTGC-1,0.976579,0.000089,0.000044,0.023288
GGCCCAGTTATCAGCA-1,0.283093,0.139275,0.193223,0.384408
GGCCCGGAGCATGTCT-1,0.304628,0.441534,0.063686,0.190152
GGCCCGTATACCATGC-1,0.139999,0.500866,0.023787,0.335348
GGCCGAGACTCTGGTG-1,0.999411,0.000168,0.000084,0.000337
GGCCGCAGGAACCGCA-1,0.144803,0.001022,0.000511,0.853665
GGCCGGCGTCTGCTAT-1,0.257551,0.045977,0.443432,0.25304
GGCCGTTTGGGTTTCA-1,0.678016,0.105833,0.000032,0.216119
GGCCTGCTCTGATGTT-1,0.17436,0.078589,0.563875,0.183176
GGCCTGCTTCTCCCGA-1,0.567505,0.028282,0.230514,0.173698
GGCGAAATCTAACTTG-1,0.520382,0.372331,0.013087,0.0942
GGCGAACCGTTCTGAT-1,0.35025,0.253299,0.11111,0.28534
GGCGAGCATCGAGGAC-1,0.268115,0.079482,0.301609,0.350794
GGCGCACAGTTTACCT-1,0.991841,0.002331,0.001166,0.004662
GGCGCAGGACATCTTC-1,0.784741,0.053473,0.058262,0.103525
GGCGCATGAATTGATG-1,0.913069,0.016849,0.000097,0.069986
GGCGCGGAGATCTTTC-1,0.434404,0.007122,0.351684,0.206791
GGCGCTCCTCATCAAT-1,0.823716,0.008178,0.018349,0.149758
GGCGCTTCATTCCCTG-1,0.008354,0.148205,0.796297,0.047144
GGCGGAGTAATATTAG-1,0.845207,0.030088,0.015329,0.109377
GGCGGGCTCTAAGAGT-1,0.62326,0.072147,0.248541,0.056053
GGCGGTAGGATCATTG-1,0.817791,0.181433,0.000155,0.000621
GGCGTACCCTATATAA-1,0.834997,0.015754,0.078983,0.070265
GGCGTAGGGAAAGCTG-1,0.324904,0.045156,0.338436,0.291505
GGCGTCCTATCCGCTG-1,0.925924,0.024457,0.012559,0.03706
GGCTAAAGGGCGGGTC-1,0.502548,0.287545,0.042915,0.166993
GGCTAATGATTGAAAT-1,0.057235,0.33198,0.261668,0.349117
GGCTACTATACACTCC-1,0.373318,0.408992,0.032386,0.185304
GGCTATTAAGTTGTAT-1,0.782895,0.187675,0.000093,0.029338
GGCTCCTCCACCTGTT-1,0.999397,0.000172,0.000086,0.000344
GGCTCGCGTTGAGGTA-1,0.999644,0.000102,0.000051,0.000204
GGCTCGTGCCACCAGC-1,0.627771,0.182829,0.007318,0.182081
GGCTCTGCTCCAACGC-1,0.999612,0.000111,0.000055,0.000222
GGCTGAAATAGCAAAG-1,0.538395,0.326401,0.01868,0.116525
GGCTGAGCATCGTAAG-1,0.733258,0.014331,0.043641,0.208771
GGCTGGCAATCCCACG-1,0.545943,0.000302,0.139,0.314755
GGCTGGCTAGCTTAAA-1,0.67341,0.127024,0.00347,0.196096
GGCTGTCCTACTGCGG-1,0.291026,0.007959,0.075809,0.625206
GGCTTCTCGTGGGTGG-1,0.146203,0.110982,0.435806,0.307008
GGCTTTCAATAAGGGT-1,0.212273,0.190255,0.191868,0.405603
GGGAAAGAATGCCAAC-1,0.99883,0.000334,0.000167,0.000669
GGGAACCACCTGTTTC-1,0.590176,0.028711,0.137511,0.243601
GGGAACGGGAGGTTAG-1,0.874607,0.012897,0.014429,0.098066
GGGAACGGTTTCAGAT-1,0.999331,0.000191,0.000096,0.000382
GGGAAGACGGTCTGTC-1,0.158142,0.087614,0.555256,0.198987
GGGAAGGGCTTTCTCA-1,0.930543,0.000082,0.036385,0.03299
GGGAATGAGCCCTCAC-1,0.113665,0.694295,0.050113,0.141927
GGGACCCGTATATCTT-1,0.803257,0.135228,0.000033,0.061482
GGGAGCGACCGTAGTG-1,0.213417,0.1233,0.425648,0.237636
GGGAGGATGCCCGAAA-1,0.774223,0.209403,0.016148,0.000225
GGGAGTAATGGCTGGC-1,0.241614,0.190564,0.073702,0.49412
GGGAGTTAATGAGGCG-1,0.972689,0.000448,0.025967,0.000896
GGGATATTGATCGCCA-1,0.685956,0.049665,0.041381,0.222998
GGGATCCCAATACAAA-1,0.680822,0.083301,0.023499,0.212378
GGGATGGTCGTAACCG-1,0.831092,0.004693,0.038528,0.125687
GGGATTTACCGCACCT-1,0.025354,0.877825,0.053051,0.04377
GGGCACGTAGTACTGT-1,0.609689,0.033681,0.051185,0.305445
GGGCAGAGCAATCGTT-1,0.867539,0.024285,0.000046,0.108129
GGGCAGTCAACGCCAA-1,0.259839,0.021837,0.448921,0.269403
GGGCATGCATGTCGAG-1,0.154674,0.04414,0.506533,0.294654
GGGCCCGTCTTAAACA-1,0.823175,0.105798,0.014484,0.056544
GGGCCGGCCGAAGTAC-1,0.999504,0.000142,0.000071,0.000284
GGGCCTATACAACCGG-1,0.851231,0.00005,0.070711,0.078008
GGGCCTATTTAAGTAT-1,0.669463,0.000075,0.058655,0.271806
GGGCGATATGTGTGAA-1,0.741714,0.23231,0.000055,0.02592
GGGCGCAGCGTTACTC-1,0.245145,0.278962,0.074957,0.400937
GGGCGGCAAATGAATT-1,0.699156,0.022082,0.118128,0.160634
GGGCGGGTTCCCTACG-1,0.797036,0.059331,0.032525,0.111107
GGGCGGTCCTATTGTC-1,0.839199,0.029704,0.02678,0.104318
GGGCGTACATTTATAT-1,0.862893,0.126558,0.000034,0.010515
GGGCGTCACCACGTAA-1,0.979542,0.00012,0.00006,0.020279
GGGCGTCCACTGGCTC-1,0.99967,0.000094,0.000047,0.000188
GGGCGTGGTTTCCCAG-1,0.385258,0.032628,0.332595,0.249519
GGGCGTTTACATTCAT-1,0.923533,0.006376,0.000055,0.070036
GGGCTATGATCGATGG-1,0.463036,0.390607,0.004852,0.141504
GGGCTCATCGAACCCA-1,0.99949,0.000146,0.000073,0.000292
GGGCTGGTTAGTCGCG-1,0.834561,0.018738,0.122852,0.023849
GGGTAATGCTGTGTTT-1,0.804513,0.043866,0.028667,0.122954
GGGTACCCACGGTCCT-1,0.716908,0.000311,0.074736,0.208045
GGGTACTTCATGAACT-1,0.851884,0.049411,0.066249,0.032457
GGGTATGTATGCACTT-1,0.874903,0.057168,0.010358,0.057571
GGGTCACCGTGACGGT-1,0.829135,0.061594,0.007085,0.102186
GGGTCACGTGCTTATG-1,0.873505,0.002848,0.086833,0.036814
GGGTCACTGAGTAGTG-1,0.767348,0.007043,0.060044,0.165566
GGGTCAGGAGCTAGAT-1,0.349764,0.118708,0.100713,0.430816
GGGTCATGCGTACCAT-1,0.856855,0.023724,0.022372,0.097049
GGGTCGTGGCAAGTGT-1,0.475699,0.449965,0.002708,0.071627
GGGTCTATCGCTTTCC-1,0.025525,0.250123,0.491547,0.232805
GGGTGCATATGAAAGC-1,0.12663,0.569607,0.080851,0.222912
GGGTGGTCCAGCCTGT-1,0.994371,0.000053,0.000026,0.00555
GGGTGTTTCAGCTATG-1,0.723251,0.098392,0.005804,0.172552
GGGTTAACATTTGAGT-1,0.999515,0.000139,0.000069,0.000277
GGGTTCAGACGAACAA-1,0.794154,0.060898,0.012864,0.132084
GGGTTTAGGATAGGAT-1,0.631914,0.099255,0.047211,0.22162
GGGTTTCCGGCTTCCA-1,0.829886,0.024431,0.070589,0.075093
GGTAAACTCTGCGCTG-1,0.342485,0.065262,0.294153,0.2981
GGTAAATGTGCGTTAC-1,0.484049,0.064367,0.065668,0.385916
GGTAACCGGGAGGATA-1,0.998674,0.000379,0.000189,0.000758
GGTAACTATGTATCTG-1,0.944709,0.000107,0.000054,0.055131
GGTACAAACATGCTAT-1,0.706828,0.114277,0.06136,0.117535
GGTACACCAGATTTAT-1,0.060662,0.549603,0.120443,0.269292
GGTACCATTAAGACGG-1,0.569407,0.362061,0.000028,0.068504
GGTACGTTGCGGCCGG-1,0.118956,0.197227,0.469074,0.214743
GGTACTAAGTGCTTTG-1,0.332967,0.013626,0.443798,0.209609
GGTAGAAGACCGCCTG-1,0.582854,0.112768,0.023976,0.280401
GGTAGACCGTTGGGCG-1,0.979769,0.019408,0.000051,0.000772
GGTAGGCCAATATCAC-1,0.324863,0.059891,0.344194,0.271052
GGTATAGTGACACATA-1,0.495382,0.374142,0.022066,0.10841
GGTATTGCCGAGTTTA-1,0.891872,0.051627,0.005371,0.05113
GGTCAAGACTACTTCG-1,0.228006,0.028561,0.540484,0.20295
GGTCACGTTAGATTCA-1,0.568411,0.133547,0.036601,0.261441
GGTCAGTGGGTCCCAC-1,0.999479,0.000151,0.000074,0.000296
GGTCATTGTAGTCATA-1,0.129401,0.352878,0.193999,0.323722
GGTCCACGTCTATTTG-1,0.990625,0.002307,0.000031,0.007037
GGTCCCATAACATAGA-1,0.345544,0.003948,0.272907,0.3776
GGTCGGATAAACGGCG-1,0.978518,0.019813,0.00003,0.00164
GGTCGGCCAGGAGCTT-1,0.999594,0.000116,0.000058,0.000232
GGTCGGTAATTAGACA-1,0.840205,0.070043,0.029983,0.05977
GGTCGGTCGTCCACAG-1,0.534308,0.309103,0.02707,0.129519
GGTCTCCAAGTAGTGC-1,0.268631,0.035255,0.434789,0.261325
GGTCTCCGTCCAGGTT-1,0.081204,0.1121,0.274118,0.532578
GGTCTGAGAATCTGGA-1,0.99955,0.000129,0.000064,0.000257
GGTCTTGAGCGCTCTT-1,0.501638,0.011008,0.165402,0.321952
GGTGAAACCGGGAATG-1,0.206907,0.209608,0.200506,0.38298
GGTGAACGGGCTAGCC-1,0.781188,0.079215,0.039595,0.100002
GGTGACTGATAGAGAG-1,0.999097,0.000258,0.000129,0.000516
GGTGAGATGCAGATAA-1,0.500569,0.256216,0.034504,0.208712
GGTGATAAGGAGCAGT-1,0.822946,0.02575,0.000166,0.151138
GGTGATTTCATCTTGT-1,0.778336,0.0001,0.00007,0.221495
GGTGCAGAGCCTATCG-1,0.909269,0.001566,0.003579,0.085586
GGTGCATAAATGATTA-1,0.732164,0.028308,0.008214,0.231313
GGTGCGGATAAGTGGC-1,0.483918,0.057325,0.000037,0.458721
GGTGCTGATCACAAAG-1,0.823994,0.023595,0.04302,0.109392
GGTGCTGGTACACATT-1,0.746864,0.024462,0.000126,0.228547
GGTGGACCACGTGTTA-1,0.302305,0.106595,0.149737,0.441364
GGTGGACTGCTCTGGC-1,0.393077,0.108755,0.148879,0.349289
GGTGGAGGTTGATACG-1,0.492895,0.026995,0.089176,0.390934
GGTGGGATTAGGTCCC-1,0.648818,0.120167,0.047138,0.183878
GGTGTAAATCGATTGT-1,0.215707,0.024094,0.630409,0.12979
GGTGTAGGTAAGTAAA-1,0.58309,0.052984,0.110848,0.253078
GGTGTTCTGTTTCTAC-1,0.787801,0.00006,0.080811,0.131327
GGTGTTGGGCGTCTTA-1,0.471757,0.010742,0.358238,0.159263
GGTTACCCGACACTTT-1,0.584343,0.206992,0.038242,0.170423
GGTTACCGCTCCCTAC-1,0.37768,0.023744,0.227784,0.370792
GGTTAGCTATATGTCT-1,0.553899,0.119658,0.017226,0.309217
GGTTAGGCTTGGAGAA-1,0.864722,0.034068,0.024489,0.076722
GGTTAGTTACGGCGCC-1,0.763225,0.07758,0.054152,0.105043
GGTTCCACCCGCTTCT-1,0.133298,0.152631,0.602805,0.111266
GGTTCCCTAGTGTCTC-1,0.648404,0.027695,0.20324,0.120661
GGTTCCGTACGACTAA-1,0.448514,0.128413,0.165383,0.25769
GGTTCGATGCTGAGTT-1,0.401446,0.051052,0.425794,0.121708
GGTTCGCATTTGCCGT-1,0.71195,0.001934,0.000967,0.285148
GGTTCTACTCGTCTGA-1,0.671841,0.083209,0.010135,0.234815
GGTTGTATCGTGAAAT-1,0.298729,0.044262,0.270082,0.386927
GGTTTAATTACCATCG-1,0.738676,0.160883,0.001772,0.098669
GGTTTAATTGAGCAGG-1,0.585784,0.337248,0.000069,0.076899
GGTTTACAATCTCAAT-1,0.999666,0.000095,0.000048,0.000191
GGTTTAGCCTTTCTTG-1,0.050613,0.432928,0.269256,0.247203
GGTTTCAATCGGTCAG-1,0.949342,0.050219,0.000088,0.000351
GGTTTGACAAGAAGCT-1,0.065971,0.331804,0.289476,0.312749
GGTTTGAGTGCTGGAA-1,0.447741,0.193116,0.037253,0.32189
GGTTTGCGAACACGTA-1,0.046075,0.316405,0.335047,0.302473
GGTTTGTGACCTGAGG-1,0.311293,0.053894,0.276988,0.357825
GTAACAACTGACCTTG-1,0.108757,0.182483,0.314251,0.394509
GTAACAGGTTAACGGC-1,0.197676,0.051859,0.513774,0.23669
GTAACATCAGCTCATC-1,0.650142,0.003964,0.279351,0.066543
GTAACATCTAAGATAA-1,0.305667,0.031789,0.431571,0.230973
GTAACTGCCCAAGGAG-1,0.68965,0.060679,0.014788,0.234883
GTAACTTGCGGCAGTC-1,0.904082,0.019889,0.000031,0.075999
GTAAGCGGGCAGTCAG-1,0.68017,0.203854,0.000023,0.115953
GTAAGGATTTGTCGGA-1,0.561567,0.036774,0.024275,0.377385
GTAAGTAACAGTCTGG-1,0.999641,0.000103,0.000051,0.000205
GTAAGTAGGGTATACC-1,0.844559,0.044859,0.046418,0.064164
GTAAGTCCACACTCTA-1,0.110798,0.129164,0.2724,0.487638
GTAATAAAGGGCTCCC-1,0.651827,0.318045,0.002721,0.027407
GTAATCTGATTCTTCG-1,0.799773,0.006382,0.057801,0.136043
GTACAGAGGCAAGGGT-1,0.961398,0.000203,0.000102,0.038297
GTACGACGGCGCTGCG-1,0.566559,0.091984,0.057664,0.283793
GTACGAGATTGCGACA-1,0.787821,0.129614,0.000023,0.082542
GTACGCTTCATTGCAC-1,0.603932,0.22466,0.023284,0.148124
GTACGTCACGTATTAA-1,0.006061,0.522907,0.308455,0.162577
GTACGTTTGCCCGTCA-1,0.96944,0.000181,0.00009,0.030289
GTACTAAGATTTGGAG-1,0.999631,0.000106,0.000053,0.000211
GTACTACGGCCTCGTT-1,0.761266,0.020229,0.072004,0.146501
GTACTCCCTTATCGCT-1,0.824888,0.013894,0.025161,0.136058
GTACTCCTGGGTATGC-1,0.225429,0.563372,0.012696,0.198503
GTACTGAGGTCGTAAC-1,0.45154,0.275309,0.049561,0.22359
GTACTGCATGAAGCGT-1,0.994898,0.000056,0.000028,0.005018
GTACTGGAGTTAGACC-1,0.853103,0.032349,0.000065,0.114484
GTACTTGGGCACTTCT-1,0.872739,0.008822,0.009546,0.108893
GTAGAAACGGGTGGAG-1,0.837767,0.028136,0.014485,0.119612
GTAGACAACCGATGAA-1,0.906575,0.011737,0.006223,0.075465
GTAGACACGCCTGACT-1,0.374487,0.040986,0.152226,0.432301
GTAGACGTCGTTACAT-1,0.39426,0.367054,0.01012,0.228566
GTAGCCAAACATGGGA-1,0.666551,0.133975,0.025867,0.173607
GTAGCGCTGTTGTAGT-1,0.923513,0.001172,0.022177,0.053138
GTAGCTAGTAAGCGCG-1,0.96071,0.000068,0.011031,0.028191
GTAGCTCCGGGAGGCT-1,0.688109,0.190344,0.007429,0.114117
GTAGCTTCCTCTTGTT-1,0.999411,0.000168,0.000084,0.000337
GTAGGTGATCCGTGTA-1,0.8394,0.038365,0.000027,0.122207
GTAGTCGCGGGAATCA-1,0.41068,0.389083,0.024177,0.17606
GTAGTCTACGATATTG-1,0.300495,0.01618,0.430281,0.253044
GTAGTGAGCAACCTCA-1,0.469842,0.001347,0.102985,0.425826
GTAGTTAGACAATATA-1,0.122824,0.266574,0.433587,0.177015
GTAGTTCGAAGGCGAA-1,0.665913,0.087296,0.007578,0.239214
GTAGTTTAAGCACACG-1,0.80099,0.003408,0.071425,0.124177
GTATAGGACTCAGTAG-1,0.816768,0.147966,0.000027,0.035239
GTATAGTGGCCCATGT-1,0.558845,0.028331,0.208947,0.203877
GTATATGTTACGGCGG-1,0.861915,0.009831,0.062349,0.065905
GTATCAAACGTTAGCT-1,0.012041,0.093155,0.819607,0.075197
GTATCAAGGTACTTCC-1,0.397934,0.016923,0.441927,0.143216
GTATCAGCTTGGGTTC-1,0.880516,0.074677,0.006249,0.038557
GTATCCTTTGGTAACC-1,0.316563,0.007677,0.489252,0.186508
GTATCGGGACGAGCTG-1,0.734247,0.096764,0.033488,0.135501
GTATCTCCCTAACTGT-1,0.713474,0.000687,0.076324,0.209516
GTATCTTGTTGCTCAC-1,0.4739,0.056819,0.354159,0.115123
GTATCTTTCATAACCA-1,0.999698,0.000086,0.000043,0.000172
GTATGACGTGGGAAAC-1,0.644098,0.266729,0.034879,0.054295
GTATGTGGGTCTAGTT-1,0.152903,0.740477,0.019751,0.08687
GTATTAAGGCGTCTAA-1,0.776054,0.084505,0.013113,0.126328
GTATTAGGGTTCGCGT-1,0.683847,0.029191,0.105783,0.18118
GTATTCTTACCGTGCT-1,0.782395,0.005318,0.102537,0.109751
GTATTTAATGGCATAA-1,0.095958,0.058279,0.523713,0.32205
GTCAAAGTTTACATAG-1,0.798785,0.016818,0.061347,0.12305
GTCAACCAGGCCTATA-1,0.214019,0.250829,0.350738,0.184413
GTCAAGCGGACTCGGG-1,0.998586,0.000404,0.000202,0.000808
GTCAATGCTATAATTT-1,0.474353,0.3132,0.011259,0.201188
GTCAATTGTACTGAAG-1,0.066883,0.264944,0.34822,0.319953
GTCACAAAGTTTCCAA-1,0.980066,0.000062,0.000031,0.019842
GTCACCTGTCTATGTC-1,0.659377,0.000739,0.154519,0.185364
GTCACTCTCCAAATCT-1,0.853172,0.043189,0.028175,0.075463
GTCAGAATAGTCTATG-1,0.819222,0.057035,0.033949,0.089794
GTCAGTTGTGCTCGTT-1,0.300419,0.268271,0.056105,0.375206
GTCATCCCAAACTCAC-1,0.88253,0.058348,0.005234,0.053888
GTCATGCACCTCCGTT-1,0.878696,0.120555,0.000148,0.000601
GTCATGCGCGAGGGCT-1,0.092496,0.168213,0.376742,0.362549
GTCATGGACATGACTA-1,0.999675,0.000093,0.000046,0.000186
GTCCAATATTTAGCCT-1,0.497315,0.169717,0.050663,0.282305
GTCCACGTCGCATTCG-1,0.743414,0.008153,0.148139,0.100294
GTCCAGGCACGTGTGC-1,0.175933,0.230617,0.222067,0.371383
GTCCATTACTGCTACG-1,0.230978,0.113611,0.070612,0.584799
GTCCCGCGACGTTATG-1,0.180221,0.02258,0.428198,0.369001
GTCCGGACCTGAAATT-1,0.521997,0.012121,0.119775,0.346107
GTCCGGCTGAATTGCG-1,0.990066,0.000129,0.000064,0.00974
GTCCGGGTTCACATTA-1,0.128024,0.160223,0.479499,0.232254
GTCCGTTAGAGGGCCT-1,0.095856,0.299212,0.429783,0.175149
GTCCTACAGGCGGCTC-1,0.843525,0.025269,0.012823,0.118383
GTCCTACGAATAGTCT-1,0.29193,0.19067,0.203435,0.313965
GTCCTTCTAGTGGGTT-1,0.341306,0.15244,0.105687,0.400568
GTCCTTTAATGACTTC-1,0.824062,0.004846,0.080209,0.090883
GTCGATAGGTGACTTT-1,0.620892,0.010331,0.209055,0.159722
GTCGCCGTTGTGTGTT-1,0.714236,0.034374,0.000112,0.251278
GTCGCGTAACCCGTTG-1,0.704518,0.109666,0.171442,0.014374
GTCGGAAGGATACCAG-1,0.129343,0.223128,0.232254,0.415275
GTCGGATATCTCAGAC-1,0.877625,0.016884,0.009937,0.095553
GTCGGATGTAGCGCGC-1,0.942501,0.012245,0.000024,0.045229
GTCGGGAAGCAGAAAC-1,0.150501,0.254594,0.278539,0.316367
GTCGGGTGAAGTACCG-1,0.666541,0.000684,0.000342,0.332434
GTCGTACCATCTCGGG-1,0.668156,0.024483,0.081344,0.226016
GTCGTATTGGCGTACA-1,0.403575,0.397061,0.004524,0.19484
GTCGTCAATTATAAGG-1,0.192261,0.330784,0.139393,0.337562
GTCGTCTGGTTGGCTA-1,0.262393,0.405319,0.040328,0.291959
GTCGTGTCTGGTCATC-1,0.587383,0.29962,0.016838,0.096159
GTCGTTATTCGCTTAT-1,0.665924,0.258186,0.015672,0.060218
GTCTAAGATGCCCAGC-1,0.174937,0.175117,0.412446,0.237499
GTCTAGTGAGCCGCTT-1,0.184421,0.111332,0.593369,0.110877
GTCTATACACGCATGG-1,0.610585,0.025061,0.19184,0.172514
GTCTATCTGAGTTTCT-1,0.999442,0.00016,0.00008,0.000319
GTCTATTGCATGCTCG-1,0.193781,0.096589,0.382513,0.327117
GTCTATTGGTTCCGGT-1,0.507473,0.171816,0.049957,0.270755
GTCTCAAGGCCCGGCT-1,0.370139,0.114712,0.078244,0.436905
GTCTCCCGAGTCCCGT-1,0.993939,0.001732,0.000866,0.003464
GTCTCCGCCTCAATAC-1,0.218862,0.023486,0.558501,0.199151
GTCTCGACTAAGTTTG-1,0.087281,0.705784,0.065715,0.14122
GTCTCGATCTGCTTTC-1,0.835152,0.133675,0.000034,0.031139
GTCTCGCCAACACGCC-1,0.724734,0.004806,0.156836,0.113624
GTCTGCCGACTCGACG-1,0.068667,0.248861,0.424712,0.257761
GTCTGGGCGGTCGAGA-1,0.836065,0.015267,0.000854,0.147814
GTCTGTAGGTTGAACA-1,0.449084,0.16043,0.035371,0.355115
GTCTTACCACGCCAAG-1,0.993439,0.001875,0.000937,0.003749
GTCTTAGTACAGCCGG-1,0.29878,0.257756,0.018215,0.425249
GTCTTGAGGAGCAGTG-1,0.226239,0.493152,0.08186,0.19875
GTCTTGTAGCTATTCA-1,0.518137,0.000134,0.021738,0.459991
GTGAAACGGCGCCACC-1,0.962721,0.037133,0.000029,0.000117
GTGAAACGTGCTCCAC-1,0.247751,0.280194,0.143018,0.329037
GTGAACTCCCATTCGA-1,0.440684,0.482387,0.003388,0.073541
GTGAAGATTTCAAGTG-1,0.811476,0.09875,0.025236,0.064538
GTGAAGCCGTATAGTC-1,0.690498,0.055413,0.020948,0.233141
GTGACAGCTTCCCACT-1,0.003705,0.100712,0.868483,0.027099
GTGACCGCACACTACG-1,0.530571,0.415659,0.000065,0.053705
GTGACCTAAAGAATAA-1,0.416665,0.309676,0.011631,0.262028
GTGACGAGGGTGACCC-1,0.33001,0.429512,0.013302,0.227175
GTGACGCAGGTTTCAT-1,0.652393,0.000058,0.237444,0.110104
GTGACTTCAGTAGTGC-1,0.963177,0.003833,0.000047,0.032943
GTGAGATAACCTTATA-1,0.815308,0.045501,0.010793,0.128398
GTGAGCGTGCTGCACT-1,0.914407,0.007969,0.046031,0.031593
GTGAGGACACTTAAGG-1,0.999404,0.00017,0.000085,0.000341
GTGAGGAGCGGTTGAG-1,0.94317,0.000108,0.000054,0.056668
GTGAGTCGACTAATAG-1,0.987761,0.003497,0.001748,0.006994
GTGAGTGGTACAACGC-1,0.905973,0.009127,0.000048,0.084852
GTGATCAAGCGTGCAC-1,0.97398,0.003736,0.000049,0.022235
GTGATCACTAACGCCT-1,0.199261,0.38665,0.064182,0.349907
GTGATCCTTGTCATGA-1,0.093257,0.034491,0.711638,0.160613
GTGATGCACAACATCT-1,0.873181,0.010943,0.000037,0.11584
GTGCAACAAATGTGGC-1,0.375153,0.333595,0.028936,0.262316
GTGCACCAGCTTCAAC-1,0.604394,0.020801,0.058292,0.316513
GTGCACGAAAGTGACT-1,0.855321,0.03528,0.009067,0.100332
GTGCAGCGTAGAGTAG-1,0.504118,0.01082,0.341898,0.143165
GTGCCATCACACGGTG-1,0.924397,0.014158,0.002669,0.058777
GTGCCCGTTCGGATTC-1,0.999548,0.000129,0.000065,0.000258
GTGCCGCTTCAAAGGT-1,0.828275,0.010958,0.004586,0.156182
GTGCCTCAGTGTACGG-1,0.999776,0.000064,0.000032,0.000128
GTGCCTGAGACCAAAC-1,0.197041,0.172553,0.447633,0.182772
GTGCGAAATCGAACAC-1,0.883396,0.004882,0.006522,0.1052
GTGCGACAGGGAGTGT-1,0.587175,0.013409,0.037794,0.361621
GTGCGCAGCTTGCTCC-1,0.782195,0.053213,0.003875,0.160718
GTGCGCTTACAAATGA-1,0.557147,0.00885,0.267531,0.166473
GTGCGGGACCATCGGC-1,0.895352,0.000053,0.008329,0.096266
GTGCGGGTCTCCAAAT-1,0.514523,0.225429,0.012045,0.248003
GTGCGTGTATATGAGC-1,0.999688,0.000089,0.000045,0.000178
GTGCTATCCAGCTGGA-1,0.253341,0.027326,0.549093,0.17024
GTGCTCAAGTACTGTC-1,0.802702,0.00237,0.00007,0.194858
GTGCTGTTAGAACATA-1,0.275432,0.103994,0.277536,0.343037
GTGCTTACATCAGCGC-1,0.257727,0.026349,0.239822,0.476103
GTGGAACCTACATGCG-1,0.999738,0.000075,0.000037,0.00015
GTGGACGCATTTGTCC-1,0.85739,0.058438,0.013014,0.071159
GTGGACGTGCTGAGAC-1,0.581984,0.135386,0.007727,0.274903
GTGGAGCATGTCGGCC-1,0.188866,0.252111,0.078211,0.480812
GTGGAGTCGGCGGTTG-1,0.693086,0.042725,0.000222,0.263968
GTGGCGGGCCGTAGCT-1,0.802738,0.000555,0.125499,0.071207
GTGGCGTGCACCAGAG-1,0.821987,0.000065,0.115756,0.062193
GTGGCTGTTTCTGTTC-1,0.51965,0.058598,0.251814,0.169939
GTGGGAACAAACCGGG-1,0.172416,0.207296,0.270257,0.350031
GTGGGCTTAGACACAC-1,0.808117,0.048627,0.034071,0.109185
GTGGGTCTTCTTTGCG-1,0.825621,0.070732,0.009137,0.094511
GTGGTATAGTCTGCCG-1,0.999765,0.000067,0.000034,0.000134
GTGGTCAGCGAAGTAT-1,0.527075,0.06869,0.08192,0.322316
GTGGTGATGGTTTGTG-1,0.292809,0.005191,0.417086,0.284914
GTGGTGGCCAAGTGAA-1,0.435938,0.335689,0.01322,0.215152
GTGGTTACTTCTTTCG-1,0.955253,0.012204,0.000043,0.0325
GTGTACCTTGGCTACG-1,0.999598,0.000115,0.000057,0.00023
GTGTACGAACCGTTCC-1,0.473888,0.115563,0.174066,0.236484
GTGTATATCAGCGGGC-1,0.602808,0.002004,0.202864,0.192324
GTGTATGACTTTAAAG-1,0.625126,0.035132,0.042806,0.296936
GTGTCAGTGTACGTGG-1,0.742377,0.04754,0.013857,0.196226
GTGTCCGATAAGGCAT-1,0.779552,0.02478,0.0955,0.100168
GTGTCGTATAGCGTTC-1,0.862696,0.009916,0.020933,0.106455
GTGTCGTATTCACCTT-1,0.687638,0.034242,0.062193,0.215927
GTGTGAATAACTTAGG-1,0.946767,0.053103,0.000026,0.000104
GTGTGAGCCGAGGTGC-1,0.681719,0.07327,0.041761,0.20325
GTGTTACTATGCGTCC-1,0.721229,0.020704,0.103286,0.15478
GTTAAAGTAGGACTGG-1,0.573663,0.12933,0.023711,0.273296
GTTAACATCACTTAAA-1,0.600009,0.084407,0.085026,0.230557
GTTAACTATGTTGTCA-1,0.539192,0.195075,0.103614,0.162119
GTTAAGGGTGCGATGT-1,0.222351,0.070362,0.161193,0.546093
GTTAAGTTAGAGTGGG-1,0.047296,0.557721,0.104745,0.290238
GTTAATAGCGTCATTA-1,0.995894,0.001173,0.000587,0.002346
GTTACAATTGGTGACG-1,0.887856,0.000184,0.045348,0.066612
GTTACCAAGGCGTACG-1,0.988635,0.003247,0.001624,0.006494
GTTACCTACAACTTGC-1,0.988792,0.003902,0.000026,0.00728
GTTACGAAATCCACGC-1,0.2655,0.135657,0.202216,0.396627
GTTACGGCCCGACTGC-1,0.523902,0.112995,0.113241,0.249862
GTTACTTTGGGCCTAG-1,0.664629,0.033646,0.000082,0.301643
GTTAGAGTGTGCCGCT-1,0.385191,0.140527,0.168343,0.305939
GTTAGCCCATGACATC-1,0.37376,0.016129,0.468413,0.141698
GTTAGCCGTAAATCAA-1,0.164325,0.641856,0.110365,0.083454
GTTATAATACGGTGAA-1,0.046329,0.069001,0.692897,0.191773
GTTATATCAGGAGCCA-1,0.326834,0.401691,0.014352,0.257123
GTTATATTATCTCCCT-1,0.654016,0.101458,0.031691,0.212835
GTTATCAAGCTATCGA-1,0.992045,0.002273,0.001136,0.004546
GTTATCACCTTCTGAA-1,0.365558,0.003052,0.161642,0.469749
GTTATTAAATACGACC-1,0.631964,0.010692,0.192576,0.164767
GTTATTAACGTGGGAG-1,0.871309,0.011339,0.026764,0.090587
GTTCAATCTATGTCAA-1,0.740662,0.002041,0.12062,0.136678
GTTCACAGGAGTCTAG-1,0.877078,0.014254,0.027044,0.081624
GTTCAGTCGCCAAATG-1,0.696276,0.000037,0.17076,0.132927
GTTCATCGTTTGGCTG-1,0.058163,0.757315,0.048347,0.136174
GTTCCAAGACAGCGAC-1,0.746395,0.010884,0.119824,0.122896
GTTCCAGTCTGACCAT-1,0.379959,0.386569,0.015942,0.21753
GTTCCCGTAAACATAT-1,0.458008,0.040609,0.262502,0.238881
GTTCCGTCCGCCTGCA-1,0.399558,0.457175,0.046895,0.096372
GTTCGACAATTGTATA-1,0.860628,0.049304,0.000494,0.089574
GTTCGCCATAAGTGCC-1,0.730335,0.093876,0.000095,0.175694
GTTCGCTGAGACGTCT-1,0.082581,0.182548,0.509596,0.225275
GTTCGGAGCACTCAAC-1,0.299768,0.16447,0.142133,0.393628
GTTCGGATCGGGAACA-1,0.319919,0.222162,0.053939,0.403981
GTTCGGGCGTACCATT-1,0.049517,0.708311,0.083626,0.158546
GTTCGTCTAAAGAACT-1,0.641621,0.024473,0.093156,0.24075
GTTCGTCTGGGTCCCT-1,0.727926,0.147725,0.000031,0.124318
GTTCGTTGCGGACCAG-1,0.447617,0.045568,0.173811,0.333004
GTTCTTCCCTCGATGT-1,0.911099,0.001515,0.000021,0.087364
GTTCTTGTAACTCAAT-1,0.417479,0.044221,0.241939,0.296361
GTTGAACCGGTTCCAT-1,0.743622,0.063245,0.085983,0.107149
GTTGAGTCCCGCCGGT-1,0.73736,0.105063,0.042071,0.115506
GTTGCACGGAGTTTCG-1,0.625581,0.284553,0.012366,0.077499
GTTGCAGTCGACAACA-1,0.2078,0.125525,0.588869,0.077806
GTTGCGCTAACATTAC-1,0.198599,0.250079,0.191444,0.359878
GTTGCGGACGGTCAGG-1,0.769813,0.000063,0.188856,0.041267
GTTGGACCGCATCAGG-1,0.486126,0.285079,0.019978,0.208817
GTTGGATTCAGTGGCT-1,0.995726,0.004002,0.000047,0.000225
GTTGGATTGAGAACAC-1,0.994153,0.005598,0.00005,0.000199
GTTGGATTTGCGTTGG-1,0.873565,0.001431,0.105332,0.019672
GTTGGTCATGCTATCC-1,0.494665,0.114011,0.036469,0.354855
GTTGTAGATTTATGAG-1,0.561686,0.000064,0.112394,0.325856
GTTGTCGTGTTAGTTG-1,0.999629,0.000106,0.000053,0.000212
GTTGTTACATTGCGCT-1,0.091858,0.257577,0.240474,0.410091
GTTGTTGCAAGATGGC-1,0.566192,0.000137,0.117694,0.315977
GTTTACGTTCCATCTG-1,0.99946,0.000154,0.000077,0.000308
GTTTCAAACGAGTTGT-1,0.391769,0.03935,0.277627,0.291254
GTTTCCTGGAGGGTGA-1,0.81127,0.086262,0.000031,0.102437
GTTTCTAGAGGCGCGG-1,0.2266,0.03974,0.356946,0.376714
GTTTGACCAAATCCTA-1,0.722551,0.180428,0.074045,0.022977
GTTTGAGCGGTTATGT-1,0.223643,0.103406,0.514866,0.158085
GTTTGGCCCAAGTTAT-1,0.913194,0.004252,0.000054,0.082501
GTTTGGCCGCTCAGCG-1,0.409276,0.000331,0.011145,0.579247
GTTTGGCGTCAGGCAC-1,0.631354,0.013539,0.165287,0.18982
GTTTGGGCTTGTGAGC-1,0.841675,0.116072,0.000416,0.041838
GTTTGGGTTTCGCCCG-1,0.175501,0.028416,0.689487,0.106597
GTTTGGTAGGGTCAAC-1,0.381056,0.56365,0.001439,0.053855
GTTTGGTGATCGGTGC-1,0.526548,0.253789,0.015599,0.204064
TAAAGACAACCCTTTA-1,0.350569,0.098278,0.125184,0.425968
TAAAGAGCCCGAAACC-1,0.706289,0.115784,0.009376,0.168551
TAAAGCGGTATTTCCA-1,0.545931,0.2865,0.015496,0.152072
TAAAGCGTTAGGAGAA-1,0.999774,0.000065,0.000032,0.000129
TAAAGCTGCAATAGGG-1,0.999828,0.000049,0.000025,0.000098
TAAAGGAGAAACTAGT-1,0.783607,0.015094,0.110411,0.090887
TAAAGTGCACGTCTCG-1,0.90865,0.000047,0.008188,0.083115
TAAATCTTTACACCTC-1,0.340338,0.502561,0.043797,0.113304
TAAATGAATCCGTTTC-1,0.868269,0.024879,0.020957,0.085895
TAAATGCCGTCTCATG-1,0.468123,0.07571,0.044285,0.411882
TAAATGGGCTACTGAG-1,0.710122,0.008998,0.160443,0.120437
TAAATTGTGGGTAAAG-1,0.322097,0.039526,0.386083,0.252294
TAAATTTAGTAACACC-1,0.433496,0.153356,0.10035,0.312798
TAACAAAGGGAGAAGC-1,0.532577,0.249824,0.037376,0.180223
TAACAATATTTGTTGC-1,0.916891,0.012654,0.00775,0.062705
TAACAGCGTTTGTGCT-1,0.927695,0.00905,0.001783,0.061472
TAACAGGTTCCCTTAG-1,0.554019,0.00241,0.349197,0.094375
TAACCGCCCGCAGTGC-1,0.798274,0.107762,0.040276,0.053688
TAACCGTCCAGTTCAT-1,0.614942,0.059201,0.11741,0.208447
TAACCTACCGTCCGAG-1,0.450955,0.268475,0.000076,0.280493
TAACCTAGGGAGTCCA-1,0.021396,0.110726,0.711451,0.156427
TAACGCTTTGAGAGCG-1,0.804657,0.033201,0.031163,0.130979
TAACTATCGAAGGTCC-1,0.810919,0.062869,0.011708,0.114504
TAACTATTACGCCAAA-1,0.212495,0.583677,0.079541,0.124287
TAACTCATCCGCGCGG-1,0.966713,0.000867,0.000096,0.032324
TAACTCCATGGAGGCT-1,0.803058,0.030298,0.040266,0.126377
TAAGAGGGACAGGGAC-1,0.905581,0.003548,0.048726,0.042145
TAAGATTTAGCGGGAG-1,0.237162,0.27408,0.125245,0.363513
TAAGCCCTTACGACCA-1,0.067568,0.322478,0.235549,0.374405
TAAGCGCGAATCAAAT-1,0.913044,0.005977,0.004096,0.076883
TAAGGAACTTGTGGGA-1,0.715296,0.075652,0.010611,0.19844
TAAGGCAACATAAGAT-1,0.999654,0.000099,0.000049,0.000198
TAAGGCATAACATCAA-1,0.898799,0.091168,0.000041,0.009992
TAAGGCCCGTCACCCT-1,0.465845,0.025879,0.312871,0.195405
TAAGGCTGAATCCCTC-1,0.536275,0.279965,0.060819,0.122941
TAAGGGCCTGTCCGAT-1,0.211193,0.022798,0.364343,0.401666
TAAGTAAATGTGCCGC-1,0.842424,0.000047,0.087043,0.070486
TAAGTAACATCTTGAC-1,0.574279,0.208817,0.099567,0.117337
TAAGTCGGTGAGCTAG-1,0.995486,0.00129,0.000645,0.002579
TAAGTGAATAGTCTAC-1,0.816909,0.010828,0.012892,0.159372
TAAGTTGCGACGTAGG-1,0.14599,0.271745,0.263704,0.318561
TAATAAACAAGGAGAT-1,0.775877,0.067481,0.000026,0.156615
TAATACACAGTAGTAT-1,0.361213,0.14148,0.063985,0.433322
TAATACTAGAACAGAC-1,0.619652,0.000038,0.192352,0.187957
TAATAGCTAAATGATG-1,0.299485,0.287668,0.037141,0.375706
TAATAGGTCACCAGAA-1,0.95333,0.013854,0.005332,0.027484
TAATAGTGACGACCAG-1,0.999689,0.000089,0.000044,0.000177
TAATATTGAAATTCGC-1,0.873363,0.007777,0.004419,0.114441
TAATCAACCAAATGGG-1,0.408159,0.012823,0.291443,0.287575
TAATCAGGAATGCTGC-1,0.432996,0.039834,0.330711,0.196459
TAATCGATCCGTACGT-1,0.99962,0.000109,0.000054,0.000217
TAATGAAAGACCCTTG-1,0.829643,0.024521,0.020288,0.125548
TAATGTCGGTTCATGG-1,0.931925,0.012645,0.000037,0.055393
TAATTACGTCAGTAGA-1,0.25335,0.02455,0.642715,0.079385
TAATTAGATGGATATG-1,0.7786,0.000334,0.219873,0.001193
TAATTAGGACATCCGT-1,0.433767,0.217276,0.025266,0.32369
TAATTCCAATGCTTCA-1,0.029201,0.000627,0.000314,0.969859
TAATTGGAATCGGGAA-1,0.326564,0.205851,0.003613,0.463972
TACAAATTGCGGAGGT-1,0.980844,0.000064,0.000032,0.01906
TACAACAGCGCATACA-1,0.997209,0.000798,0.000399,0.001595
TACAACGCACAACTCA-1,0.710026,0.260086,0.000065,0.029822
TACAAGCTGTTCACTG-1,0.223699,0.055984,0.620095,0.100222
TACAAGGGCTTCTTTA-1,0.025922,0.321491,0.560688,0.091899
TACAAGTCTCGTGCAT-1,0.819337,0.034043,0.01272,0.133899
TACAATGAAACCAGCA-1,0.641015,0.002928,0.244442,0.111615
TACACAGCCGTGGTGC-1,0.257476,0.023118,0.50659,0.212816
TACACCGTCGTTAGTC-1,0.557306,0.349869,0.005095,0.08773
TACACCTCTTCGAATC-1,0.140285,0.23784,0.385578,0.236296
TACAGAAACGGTGGGC-1,0.164508,0.052014,0.550071,0.233406
TACATGCCGGAATTGT-1,0.196068,0.155281,0.5435,0.105151
TACCAAATAGCCCAGA-1,0.987987,0.000325,0.000025,0.011663
TACCAATAAAGTACCA-1,0.512103,0.158866,0.061321,0.267711
TACCAGAAGTAGGTTC-1,0.999581,0.00012,0.00006,0.00024
TACCAGCTAGGTTTAA-1,0.999128,0.000697,0.000024,0.000151
TACCAGGAATCCCGTC-1,0.585744,0.173998,0.033219,0.207039
TACCATGTATTGATTT-1,0.266726,0.016642,0.503661,0.212971
TACCCTCGGTAACCCT-1,0.801498,0.000213,0.124887,0.073402
TACCGAATAATTGTAA-1,0.267754,0.040927,0.562712,0.128607
TACCGCGGACTTGCAG-1,0.959728,0.036349,0.00003,0.003893
TACCGGCTCACTGCCC-1,0.999631,0.000105,0.000053,0.000211
TACCGTAGGTTAACTA-1,0.645945,0.214471,0.007041,0.132542
TACCGTGCCTCGGACC-1,0.136094,0.711467,0.059735,0.092703
TACCTACTCCCAGTAT-1,0.801773,0.02323,0.013703,0.161294
TACCTCACCAATTGTA-1,0.995813,0.001196,0.000598,0.002393
TACCTCACGCTTGTAC-1,0.533947,0.104789,0.01865,0.342615
TACCTCAGTTGTCTGT-1,0.426615,0.186974,0.01093,0.375481
TACCTCCACACCAATG-1,0.967229,0.016378,0.000035,0.016357
TACCTCTTTACCATCC-1,0.349396,0.000983,0.000491,0.64913
TACCTGCTGCACTGTG-1,0.840243,0.034511,0.016122,0.109124
TACGAACACGACTTCA-1,0.683724,0.153307,0.026338,0.136631
TACGACGCTTGCTGCG-1,0.849103,0.044788,0.004114,0.101995
TACGACTGCCTCTTAG-1,0.544753,0.15273,0.001848,0.300669
TACGAGAACTTCACGT-1,0.850008,0.000244,0.001185,0.148563
TACGATCCAAGCCACT-1,0.464515,0.048902,0.298857,0.187725
TACGATGTTGATCATC-1,0.60557,0.000303,0.323512,0.070614
TACGCAGTTCTTTCCT-1,0.998422,0.00022,0.000919,0.000439
TACGCCGAGGGTACCC-1,0.845367,0.00047,0.033749,0.120415
TACGCCGCCTCAGAAG-1,0.144788,0.082048,0.379279,0.393885
TACGCCTCCATTCCGA-1,0.772462,0.202089,0.000032,0.025417
TACGCTATAGAAACCT-1,0.28529,0.432284,0.052202,0.230225
TACGCTCCTAGAACTG-1,0.52833,0.082911,0.090971,0.297788
TACGCTCGGTATTGGA-1,0.360593,0.017885,0.192854,0.428668
TACGCTGCACGGTCGT-1,0.615683,0.000414,0.383075,0.000828
TACGCTGCTGTGTTAA-1,0.91376,0.021304,0.003277,0.06166
TACGGAAGCCAAACCA-1,0.722497,0.000066,0.17917,0.098267
TACGGCATGGACGCTA-1,0.311488,0.149466,0.192423,0.346623
TACGGGATGCTAGCAG-1,0.38214,0.510636,0.00999,0.097234
TACGGGTAATAACATA-1,0.161643,0.249612,0.37357,0.215175
TACGTAAAGCGGAGTG-1,0.492473,0.099425,0.199002,0.209099
TACGTACTAGTGCTGA-1,0.70689,0.032754,0.000031,0.260325
TACGTGCAAGGTTCCT-1,0.457264,0.21749,0.134524,0.190722
TACGTGCACTATGCTG-1,0.653932,0.124094,0.006603,0.215371
TACGTGGGCCCAGGGC-1,0.535178,0.026603,0.303197,0.135022
TACGTTTACCGGCAAT-1,0.929639,0.009393,0.003469,0.057499
TACTACGTGCAATGCG-1,0.219859,0.185894,0.469588,0.12466
TACTATGGTTCCTCAG-1,0.503204,0.261834,0.000452,0.23451
TACTCATTGACGCATC-1,0.993761,0.001783,0.000891,0.003565
TACTCCTCTAGTTGAC-1,0.571009,0.313658,0.002708,0.112624
TACTCGTTTGAATCAA-1,0.039593,0.253676,0.427696,0.279035
TACTCTCCGAACAAAT-1,0.238133,0.66066,0.013544,0.087662
TACTCTTACTTTACTG-1,0.069692,0.121914,0.633389,0.175005
TACTCTTTCGTCTTCA-1,0.629201,0.28797,0.006455,0.076374
TACTGAACAGATTTAG-1,0.695005,0.055405,0.000139,0.24945
TACTGCAATCAATTAC-1,0.403534,0.156038,0.057177,0.38325
TACTGCATGATTAAAT-1,0.454595,0.018199,0.191578,0.335627
TACTGGACAGCTCGGC-1,0.79607,0.03146,0.04824,0.124229
TACTGTTTCTCTGGTA-1,0.489416,0.000078,0.161964,0.348542
TACTTAAACATGTACA-1,0.492567,0.294615,0.110696,0.102122
TACTTGTTAGTAGTCC-1,0.999464,0.000153,0.000077,0.000306
TACTTTACTGAGCCGG-1,0.999302,0.000105,0.000053,0.000541
TAGAAACCACTAAGTA-1,0.617524,0.000287,0.092184,0.290005
TAGAAAGGTGGCGCTA-1,0.999485,0.000147,0.000074,0.000294
TAGAAGAAGGGTTACA-1,0.882935,0.000336,0.061582,0.055147
TAGAATAGCCGATGAA-1,0.010818,0.098466,0.792487,0.09823
TAGAATTAAGGGCAAC-1,0.96469,0.000047,0.000024,0.035239
TAGACGAAACGCCAAT-1,0.346695,0.019114,0.352643,0.281548
TAGACGCCCGTACCGG-1,0.802863,0.006181,0.000038,0.190918
TAGACTACCTAGCGTT-1,0.197462,0.569817,0.043424,0.189297
TAGAGCTACGAAGAAC-1,0.94934,0.0481,0.000042,0.002518
TAGAGGGAGTTTATCT-1,0.234123,0.02453,0.431124,0.310223
TAGAGGTTCTACTTGT-1,0.489644,0.030291,0.255494,0.224572
TAGAGTCTAAGCGAAC-1,0.998532,0.001177,0.000058,0.000233
TAGAGTGTTCCGGGTA-1,0.987521,0.003565,0.001783,0.007131
TAGATATGGACTGGAA-1,0.944863,0.000191,0.000095,0.05485
TAGATCCGAAGTCGCA-1,0.908308,0.00856,0.000036,0.083095
TAGATGGTTCCTTACT-1,0.366465,0.02465,0.339472,0.269414
TAGATTCAAAGTGCGG-1,0.42391,0.064702,0.007517,0.503871
TAGATTCCTGGTTATT-1,0.873103,0.025733,0.014463,0.086701
TAGATTCTCTAGCAAA-1,0.996404,0.001027,0.000514,0.002055
TAGCAACCTGTCACAA-1,0.879447,0.029913,0.012517,0.078123
TAGCAGATACTTAGGG-1,0.534477,0.000185,0.130938,0.3344
TAGCAGTAAATACGCG-1,0.350054,0.014369,0.324712,0.310865
TAGCAGTATGACTAAA-1,0.279269,0.137262,0.285611,0.297858
TAGCCATTTCAAAGTC-1,0.329128,0.303622,0.022729,0.344521
TAGCCGGCGGTCAGCG-1,0.968674,0.02889,0.000046,0.00239
TAGCGTCCCTCGATTG-1,0.510775,0.10192,0.067903,0.319402
TAGCGTCCGGTGTGGT-1,0.110349,0.49319,0.163288,0.233173
TAGCTAAGTCCGGGAG-1,0.999307,0.000198,0.000099,0.000396
TAGCTAGAAGGCATGA-1,0.9991,0.000257,0.000129,0.000514
TAGCTAGTGATGATGG-1,0.866058,0.01666,0.000028,0.117253
TAGCTCACTGTGTTTG-1,0.752121,0.002841,0.001421,0.243618
TAGCTCAGATCCTAGT-1,0.399101,0.206132,0.106508,0.288259
TAGCTCGCCTGATAAC-1,0.999526,0.000135,0.000068,0.000271
TAGGAACAGCCTCCAG-1,0.49131,0.041181,0.155147,0.312362
TAGGAGGCTCGAGAAC-1,0.992513,0.002139,0.00107,0.004279
TAGGATCTTAACCGCA-1,0.716134,0.000353,0.154254,0.129259
TAGGCATGTTACGCCA-1,0.735256,0.012032,0.009387,0.243325
TAGGCCTATATAGTCT-1,0.316933,0.038849,0.366786,0.277432
TAGGCTAAAGTGGCAC-1,0.132468,0.158929,0.48244,0.226163
TAGGGAGCTTGGGATG-1,0.677899,0.080594,0.000044,0.241463
TAGGGTGTTTCAAGAG-1,0.791095,0.100652,0.003982,0.104271
TAGGTCCAAGTAAGGA-1,0.811365,0.075888,0.008051,0.104696
TAGGTCGCCGGAACTG-1,0.521042,0.32751,0.000077,0.15137
TAGGTGACGATAACCT-1,0.30646,0.036954,0.244609,0.411977
TAGGTGAGCCCTACTC-1,0.803558,0.000137,0.007271,0.189034
TAGGTGCTCGCCTAGC-1,0.993019,0.006765,0.000043,0.000173
TAGGTGTTCCACAGAT-1,0.401614,0.24889,0.035229,0.314266
TAGGTTCTGCTGAGAA-1,0.512402,0.004295,0.361424,0.121879
TAGTACCTTAGTGGTC-1,0.70378,0.060978,0.072057,0.163185
TAGTAGCTTATACCAG-1,0.850259,0.088306,0.00003,0.061406
TAGTAGTTGCCGGACA-1,0.266952,0.015014,0.343997,0.374038
TAGTCCCGGAGACCAC-1,0.476392,0.117312,0.085377,0.320918
TAGTCCGCAGAGAATG-1,0.857791,0.057868,0.051224,0.033117
TAGTCCTGCACTAAGC-1,0.910843,0.039194,0.005991,0.043972
TAGTCGATCACGGGTT-1,0.317078,0.336554,0.100494,0.245875
TAGTCTAACAACGAGA-1,0.812154,0.057095,0.020071,0.110681
TAGTCTGCGGCACATT-1,0.290652,0.323192,0.022291,0.363864
TAGTCTGTGACGTTGC-1,0.549683,0.272611,0.018968,0.158738
TAGTCTTTCCGAATTG-1,0.13854,0.041087,0.542061,0.278312
TAGTGACAAGCTCTAC-1,0.99704,0.000846,0.000423,0.001691
TAGTGAGAAGTGGTTG-1,0.428091,0.089818,0.167416,0.314676
TAGTGCCCTCCAGAGT-1,0.789856,0.11594,0.018637,0.075566
TAGTGGAACTCATACA-1,0.610656,0.010841,0.177674,0.20083
TAGTGTCAGAAACGGC-1,0.792501,0.032342,0.070096,0.10506
TAGTTAAGATAGGATA-1,0.384258,0.337248,0.036565,0.241929
TAGTTTATTCTTGCTT-1,0.746449,0.17108,0.0001,0.082371
TATAAATCCACAAGCT-1,0.550008,0.172619,0.002876,0.274497
TATAAGTGAGGATAGC-1,0.726226,0.171164,0.00647,0.09614
TATACACAGACGCCTT-1,0.999687,0.00009,0.000045,0.000179
TATACACGCAAAGTAT-1,0.510304,0.284386,0.016914,0.188397
TATACCGAGTGCCACA-1,0.259771,0.019996,0.599035,0.121198
TATACGCGTCATCACT-1,0.548462,0.052321,0.105203,0.294014
TATACTCATGCGGCAA-1,0.853876,0.031988,0.031723,0.082413
TATAGAGTCGCTTGAA-1,0.955531,0.004439,0.000042,0.039988
TATAGATGGTCGCAGT-1,0.6292,0.119093,0.0043,0.247406
TATATAGGGCTTTACG-1,0.989744,0.000117,0.000058,0.010081
TATATATCGAGAAATG-1,0.821791,0.000145,0.000073,0.177992
TATATCAAAGTGATCT-1,0.720064,0.14384,0.02661,0.109487
TATATCCCTGGGAGGA-1,0.696085,0.112734,0.000059,0.191122
TATATTACAAATGTCG-1,0.525476,0.089858,0.007019,0.377647
TATATTCGCGTCGATA-1,0.999731,0.000077,0.000038,0.000154
TATCACAGCACGGGCA-1,0.704644,0.017232,0.03194,0.246184
TATCACCATGTAAAGT-1,0.881804,0.000048,0.007025,0.111124
TATCACCCAACCGACC-1,0.653062,0.203187,0.002847,0.140904
TATCACTTCGAGTAAC-1,0.86721,0.121151,0.000028,0.011611
TATCCAATTGGTTATC-1,0.026304,0.278148,0.340868,0.354681
TATCCATATCATGCGA-1,0.555778,0.240071,0.005286,0.198866
TATCCATCTCGGTTAG-1,0.858576,0.000307,0.100167,0.040951
TATCCCTCGATCTGCA-1,0.447297,0.041756,0.297052,0.213895
TATCCGCACCGTCGGG-1,0.388326,0.371934,0.019094,0.220646
TATCCTATCAACTGGT-1,0.905909,0.000058,0.014934,0.079099
TATCCTGCATGGGAAT-1,0.420438,0.222036,0.004595,0.352932
TATCGATCTATGCATA-1,0.642501,0.00527,0.004045,0.348184
TATCGATGATTAAACG-1,0.553112,0.295216,0.000015,0.151656
TATCTACAGAGGTAAT-1,0.87085,0.05401,0.028989,0.046151
TATGAAGAATTAAGGT-1,0.071011,0.208631,0.492989,0.227369
TATGAAGACAGGTGCG-1,0.835239,0.030363,0.006614,0.127784
TATGATAAATCTAACG-1,0.708632,0.002178,0.090223,0.198968
TATGATCCGGCACGCC-1,0.378381,0.518385,0.020519,0.082714
TATGATCTTCTCTTTA-1,0.422505,0.004237,0.418476,0.154781
TATGATTCTGCTTGGT-1,0.901499,0.002253,0.005689,0.090559
TATGCTCCCTACTTAC-1,0.999577,0.000121,0.00006,0.000241
TATGGAGTTTCTCGTT-1,0.424709,0.072514,0.044274,0.458502
TATGGATGTGCTACGC-1,0.999662,0.000097,0.000048,0.000193
TATGGCAGACTTTCGA-1,0.73873,0.022322,0.027571,0.211378
TATGGCCCGGCCTCGC-1,0.723027,0.011816,0.018362,0.246795
TATGGCTAGGCTAATT-1,0.232806,0.429907,0.038119,0.299167
TATGGGTACGTATCGT-1,0.726496,0.153845,0.01352,0.10614
TATGGTTAGTGGGAGA-1,0.400595,0.370993,0.123983,0.104428
TATGTAAAGTGCTTAA-1,0.651189,0.101923,0.017557,0.229331
TATGTCAAGACCGACT-1,0.649301,0.145775,0.008082,0.196843
TATGTCTCATTGTGCC-1,0.999603,0.000114,0.000057,0.000227
TATTAACCTGACCGCG-1,0.908011,0.087982,0.00009,0.003918
TATTACCATCCTGCTT-1,0.689711,0.208666,0.017431,0.084191
TATTCCACTCAGCTCG-1,0.993558,0.005914,0.000106,0.000422
TATTCCGAGCTGTTAT-1,0.527496,0.036554,0.086189,0.349761
TATTCCGGCAGTCCTA-1,0.870848,0.000066,0.01326,0.115826
TATTGACATTTCTGCC-1,0.100874,0.417331,0.102516,0.379279
TATTGCCGGGCTTGTA-1,0.997798,0.000629,0.000315,0.001258
TATTTAGTCTAGATCG-1,0.998279,0.000083,0.000041,0.001596
TATTTATACCGAGTAG-1,0.5486,0.122248,0.008084,0.321068
TATTTGATTTGCACAG-1,0.633699,0.006397,0.174186,0.185719
TATTTGTTACCCTTTA-1,0.352375,0.425577,0.005532,0.216516
TCAAACAACCGCGTCG-1,0.934907,0.060162,0.00005,0.004881
TCAAACAATTAGGACA-1,0.342683,0.034804,0.400624,0.221889
TCAAAGTCACGGCGTC-1,0.872091,0.011757,0.012954,0.103197
TCAAATTATGTTCGAC-1,0.997054,0.000842,0.000421,0.001684
TCAAATTGTTGTGCCG-1,0.343803,0.048825,0.458872,0.1485
TCAAATTTGAGACTCA-1,0.88154,0.002328,0.025395,0.090737
TCAACACATTGGGTAA-1,0.550994,0.115477,0.007846,0.325683
TCAACATAGCGCCCTA-1,0.576349,0.109773,0.003726,0.310152
TCAACCATGTTCGGGC-1,0.991109,0.000095,0.000047,0.008749
TCAACTAACGTATAAC-1,0.852253,0.029959,0.031347,0.086442
TCAACTGCAGAGTCAG-1,0.151707,0.120564,0.543018,0.184711
TCAAGAAATACTAGCT-1,0.456365,0.3127,0.046183,0.184752
TCAAGCGCGGACGGTA-1,0.17454,0.178756,0.344636,0.302068
TCAAGCTGCCTTGAAA-1,0.488678,0.290676,0.046754,0.173892
TCAAGGTTACTACACC-1,0.176104,0.120375,0.057958,0.645562
TCAATACGCCGTCATG-1,0.535483,0.095765,0.058226,0.310526
TCAATATACAGGAGGC-1,0.987761,0.003497,0.001748,0.006994
TCAATCCCGCGCCAAA-1,0.749144,0.243524,0.001466,0.005866
TCAATCCGGGAAGTTT-1,0.994466,0.001581,0.000791,0.003162
TCACAAACCGAGGTAC-1,0.347741,0.030376,0.390531,0.231352
TCACAGCAAACTCGAA-1,0.782981,0.055458,0.056798,0.104764
TCACAGGAGAATAAGA-1,0.952873,0.034024,0.000067,0.013037
TCACAGGGAATCGCAA-1,0.868677,0.059435,0.003055,0.068834
TCACAGGTTATTGGGC-1,0.860168,0.032213,0.007221,0.100398
TCACATCTTATCTGAT-1,0.866228,0.033466,0.022824,0.077482
TCACCGCTCGGCACTC-1,0.991908,0.007243,0.000047,0.000803
TCACGCATTGTAGATC-1,0.863822,0.017754,0.019143,0.099281
TCACGGCCCAAGAGAG-1,0.650514,0.000453,0.000227,0.348806
TCACGGTCATCGCACA-1,0.579291,0.328137,0.00497,0.087602
TCACTACGACCAATGC-1,0.99976,0.000069,0.000034,0.000137
TCACTATCCCTTCGGT-1,0.879534,0.000777,0.118134,0.001554
TCACTATCGTGCAATC-1,0.433025,0.031506,0.0856,0.449868
TCACTCAGCGCATTAG-1,0.775277,0.000046,0.169786,0.05489
TCACTCGTGCAACGGC-1,0.523879,0.005085,0.018773,0.452263
TCAGAACCTCCACAGG-1,0.387174,0.094561,0.030967,0.487297
TCAGAACGGCGGTAAT-1,0.409719,0.04274,0.38359,0.163951
TCAGACGCTATAGAAG-1,0.663609,0.11027,0.007124,0.218997
TCAGAGGACGCGTTAG-1,0.30611,0.211523,0.175843,0.306524
TCAGAGTGTGAGCATG-1,0.308646,0.420973,0.260346,0.010035
TCAGATGGAGACGTAG-1,0.409637,0.070121,0.154742,0.3655
TCAGCAAATGCATCTC-1,0.998701,0.000371,0.000186,0.000742
TCAGCAGTAGGCCCTG-1,0.341432,0.49815,0.008955,0.151464
TCAGCCAATCCGTAAA-1,0.093676,0.104726,0.616935,0.184663
TCAGCGCACGCCGTTT-1,0.177189,0.150606,0.479924,0.192281
TCAGGGCGCAAACTCG-1,0.861167,0.030571,0.006688,0.101574
TCAGGGTGCACGAAAC-1,0.399911,0.069054,0.162746,0.368289
TCAGGGTGTAACGTAA-1,0.999102,0.000256,0.000128,0.000513
TCAGGTTCTTTGAGAA-1,0.756965,0.090223,0.000076,0.152736
TCAGTACTGACCCGCG-1,0.894663,0.033891,0.010386,0.061061
TCAGTAGGGACTATAA-1,0.876526,0.102479,0.000072,0.020923
TCAGTGTATACGTCAT-1,0.908932,0.069543,0.000028,0.021497
TCAGTTACGGAATGAT-1,0.709746,0.001024,0.139824,0.149406
TCATAAGTCCAAGAAG-1,0.155358,0.031127,0.197304,0.616211
TCATACTTACAGATCC-1,0.788764,0.047719,0.026081,0.137436
TCATATGAGCTTTGTT-1,0.596257,0.00304,0.011953,0.388749
TCATCACTCGAGCTCG-1,0.830775,0.041619,0.012742,0.114865
TCATCCCAGAGGGTGG-1,0.587098,0.066127,0.065489,0.281286
TCATCCTCAGCTGCTT-1,0.463284,0.167134,0.251879,0.117703
TCATCGACGACCGTCG-1,0.488139,0.033321,0.279405,0.199134
TCATCGATGGTCCCAA-1,0.921506,0.017536,0.000044,0.060914
TCATGCAGGTTCTCAT-1,0.729806,0.045865,0.000084,0.224245
TCATGGAGGCCTTTGT-1,0.998583,0.000405,0.000202,0.00081
TCATTCGTATAATTTG-1,0.378535,0.004868,0.324199,0.292399
TCATTTAAGTCTCCGA-1,0.443212,0.227673,0.086973,0.242142
TCATTTAGAAGTGTGA-1,0.31153,0.003759,0.389718,0.294993
TCCAACTCAGCTATCT-1,0.024303,0.136023,0.762115,0.077559
TCCAACTTTAAATTCT-1,0.820917,0.022869,0.018933,0.13728
TCCAAGCCTAGACACA-1,0.391172,0.066307,0.327646,0.214876
TCCAATAAAGGCTACC-1,0.674338,0.136759,0.010885,0.178018
TCCACAATGGTTTACG-1,0.886424,0.027771,0.006979,0.078827
TCCACATCGTATATTG-1,0.44378,0.042848,0.196589,0.316783
TCCACCAAGACATAGG-1,0.284439,0.001378,0.000689,0.713495
TCCACCTCTAGCCTTT-1,0.762672,0.063788,0.00054,0.173
TCCACTTTATCTAGGT-1,0.999406,0.00017,0.000085,0.000339
TCCAGATGTACGCCAA-1,0.461581,0.484135,0.018843,0.035442
TCCAGCGCTATAAGCG-1,0.355082,0.027837,0.351042,0.266039
TCCAGGCAGGACGATC-1,0.119225,0.130375,0.546521,0.20388
TCCAGGCGAGTACGGT-1,0.774205,0.145819,0.000114,0.079862
TCCAGGGTATATACGA-1,0.044645,0.449844,0.301249,0.204261
TCCATTAGTTGGATAG-1,0.66658,0.043211,0.145048,0.145162
TCCATTCCCACTAGAG-1,0.118229,0.397727,0.080542,0.403502
TCCATTGTGACCTCGT-1,0.161357,0.281293,0.284318,0.273033
TCCCAAACAGACAACG-1,0.58767,0.1455,0.004837,0.261993
TCCCAAACATCCTCTA-1,0.322017,0.206801,0.05408,0.417102
TCCCAAAGACGAAGGA-1,0.999716,0.000081,0.000041,0.000162
TCCCAAAGCCCTAAAT-1,0.088852,0.219567,0.155637,0.535945
TCCCAATATCGACGAC-1,0.983252,0.004785,0.002393,0.00957
TCCCACGGAGGGAGCT-1,0.338193,0.058762,0.399212,0.203832
TCCCACTCTCTTCCGG-1,0.245334,0.495834,0.033071,0.225761
TCCCAGCACACGACAT-1,0.536639,0.002626,0.166381,0.294354
TCCCAGCTTTAGTCTG-1,0.516141,0.104943,0.000141,0.378775
TCCCAGGCTTAGCTAA-1,0.854285,0.067339,0.016053,0.062322
TCCCGCCTATGTGCGT-1,0.151815,0.408074,0.042905,0.397205
TCCCGCGTACTCCTGG-1,0.999522,0.000137,0.000068,0.000273
TCCCGGGTGTGCTGCT-1,0.75209,0.042325,0.09678,0.108804
TCCCGGTCAGGAATTT-1,0.702991,0.032944,0.000998,0.263067
TCCCGTCAGTCCCGCA-1,0.667066,0.198168,0.002047,0.132718
TCCCGTCGCGTCATAG-1,0.470586,0.471091,0.006714,0.051609
TCCCGTGTGCAATTTG-1,0.378511,0.444928,0.023828,0.152732
TCCCTAGATCAATAGG-1,0.177983,0.467263,0.033401,0.321353
TCCCTCCGAAATCGTT-1,0.729117,0.085279,0.128595,0.057008
TCCCTCTTCTCAAGGG-1,0.998762,0.000354,0.000177,0.000708
TCCCTGGCTCGCTGGA-1,0.732097,0.016741,0.100728,0.150434
TCCCTTAGATTACTCG-1,0.999716,0.000081,0.000041,0.000162
TCCCTTGTCTGAAACT-1,0.996911,0.000883,0.000441,0.001765
TCCGAACGTTGCCGCT-1,0.120995,0.042187,0.637742,0.199076
TCCGAAGTAGTCACCA-1,0.609955,0.099893,0.031558,0.258594
TCCGAATGGTCCTGAG-1,0.179343,0.466497,0.131334,0.222826
TCCGACCGCTAATCAA-1,0.616407,0.136535,0.032787,0.21427
TCCGAGAAGGCTAAGC-1,0.903144,0.000054,0.002613,0.094189
TCCGATAATTGCCATA-1,0.999793,0.000059,0.00003,0.000118
TCCGATGACTGAGCTC-1,0.865558,0.057626,0.000029,0.076787
TCCGATGGTGCGACAT-1,0.999701,0.000085,0.000043,0.000171
TCCGATTACATTGCCG-1,0.934129,0.001906,0.015409,0.048556
TCCGCCTGTCTACAAG-1,0.505972,0.117415,0.078818,0.297795
TCCGCGGCAGCATCTG-1,0.999626,0.000107,0.000053,0.000214
TCCGCGGCCCAATGAA-1,0.51325,0.019421,0.208566,0.258763
TCCGCTGTCATCCCGG-1,0.258868,0.393669,0.098463,0.249
TCCGCTTATCCCATTA-1,0.34325,0.429199,0.009794,0.217757
TCCGGAGGAAGGGCTG-1,0.672975,0.076791,0.032096,0.218137
TCCGGCCTAGCGTACA-1,0.999641,0.000103,0.000051,0.000205
TCCGGCCTGCATCGAT-1,0.6596,0.021642,0.18322,0.135538
TCCGGCTGTCGGGTCG-1,0.283547,0.070687,0.435765,0.210001
TCCGGGCCACTAACGG-1,0.992143,0.002245,0.001122,0.00449
TCCGGGCTTGACGGGA-1,0.534906,0.005504,0.306762,0.152828
TCCGGTTCGTCCGGTC-1,0.999215,0.000224,0.000112,0.000448
TCCGTAACCACAATCC-1,0.890635,0.02873,0.013012,0.067622
TCCGTTAAGCTAATAT-1,0.194301,0.110092,0.252602,0.443005
TCCGTTTAGCCTTGAA-1,0.999621,0.000108,0.000054,0.000216
TCCTAAAGATTCAGAC-1,0.421986,0.011702,0.455547,0.110764
TCCTAAATTGGGAAGC-1,0.860595,0.038382,0.020405,0.080617
TCCTAACCGTCGGGCA-1,0.596095,0.220833,0.022586,0.160487
TCCTACATCCACGGCC-1,0.742374,0.162506,0.002049,0.093072
TCCTAGCAAAGAAGCT-1,0.731034,0.026143,0.000069,0.242754
TCCTATCATAGGTAAC-1,0.425262,0.067455,0.186572,0.320711
TCCTCGGGCTGGGCTT-1,0.751036,0.200823,0.00014,0.048001
TCCTCTACGAGATGGC-1,0.944233,0.001946,0.031686,0.022135
TCCTCTCCAGTTGTCC-1,0.901339,0.021014,0.010589,0.067058
TCCTCTGGCCCATTAG-1,0.809394,0.00136,0.102226,0.08702
TCCTGCAGCCGCCAAT-1,0.041423,0.190002,0.530205,0.23837
TCCTGCCAACTGGAGA-1,0.597192,0.210763,0.007496,0.18455
TCCTGCGTTGATACTC-1,0.773304,0.018756,0.011773,0.196167
TCCTGGCGCTGCCTGG-1,0.850187,0.028785,0.016212,0.104816
TCCTTACGACGGTCCG-1,0.386975,0.018765,0.02542,0.56884
TCCTTCAGTGGTCGAA-1,0.990294,0.009509,0.000039,0.000158
TCCTTGTCCTTTAATT-1,0.332917,0.042464,0.357902,0.266718
TCCTTTAAATCCGCTT-1,0.400703,0.02176,0.410313,0.167224
TCCTTTCTTACGCTTA-1,0.657508,0.097711,0.000191,0.24459
TCGAAATTTAGGACCA-1,0.817674,0.035353,0.026473,0.1205
TCGAAGAACCGAGCAC-1,0.352891,0.2777,0.090731,0.278679
TCGAATATCCCGCAGG-1,0.998975,0.000293,0.000146,0.000586
TCGAATCGCAGGGTAG-1,0.256458,0.035582,0.338967,0.368993
TCGACATAGCGTAGCG-1,0.762846,0.178575,0.000059,0.058521
TCGACTGACGATGGCT-1,0.995946,0.001158,0.000579,0.002316
TCGAGACCAACACCGT-1,0.907739,0.064272,0.022668,0.005321
TCGAGCCAGGCAGGCC-1,0.933747,0.044858,0.00003,0.021364
TCGAGGGCAACAGACG-1,0.488786,0.024823,0.271615,0.214776
TCGATAGGCTAGTCGC-1,0.868,0.000056,0.000028,0.131916
TCGATTTACGAAACGA-1,0.440978,0.008668,0.247229,0.303125
TCGCAAAGATGCATTT-1,0.640729,0.142865,0.000496,0.21591
TCGCACCAGGAGGCAG-1,0.161094,0.400041,0.143706,0.29516
TCGCATAAAGGGCGCA-1,0.024904,0.37813,0.393819,0.203147
TCGCATCCCTAAGTGT-1,0.868274,0.023925,0.029925,0.077876
TCGCATTCAATGACTT-1,0.378118,0.460411,0.042301,0.11917
TCGCCCAACTGACTCC-1,0.728752,0.01753,0.085443,0.168275
TCGCCGAAGTTGCGTC-1,0.99034,0.000249,0.000125,0.009286
TCGCCGACATATTCGC-1,0.328754,0.012474,0.296228,0.362543
TCGCCGGTCGATCCGT-1,0.981636,0.000084,0.000032,0.018248
TCGCCTCCTTCGGCTC-1,0.395673,0.000257,0.117222,0.486847
TCGCGTAGCAGTGTCC-1,0.450953,0.00202,0.542985,0.004041
TCGCGTCCAGAAGGTC-1,0.919079,0.027528,0.012675,0.040718
TCGCTAAACCGCTATC-1,0.485042,0.204012,0.003517,0.307429
TCGCTACTGGCTTTGA-1,0.130332,0.039292,0.687079,0.143297
TCGCTCGATATATTCC-1,0.999049,0.000272,0.000136,0.000544
TCGCTCGGCACCAGCG-1,0.534898,0.346943,0.001637,0.116522
TCGCTGCCAATGCTGT-1,0.724459,0.000052,0.204661,0.070828
TCGCTGGGCGGATTGT-1,0.998649,0.000386,0.000193,0.000772
TCGCTGTGCGTAAATC-1,0.999381,0.000078,0.000038,0.000503
TCGCTTAATTACGAAG-1,0.044984,0.444008,0.139994,0.371015
TCGCTTTAAACGTTTG-1,0.997858,0.000082,0.000041,0.002019
TCGGAATGACCATCAA-1,0.983082,0.000064,0.001259,0.015595
TCGGAATGCGCTCTGA-1,0.690523,0.084646,0.053749,0.171082
TCGGACGCCCAGCCCA-1,0.999057,0.000269,0.000135,0.000539
TCGGAGTACATGAGTA-1,0.667487,0.071424,0.260044,0.001045
TCGGCAGGGTTAAGGG-1,0.984089,0.004546,0.002273,0.009092
TCGGCGAACCCAAACC-1,0.244482,0.037537,0.260639,0.457342
TCGGCGGTATTAGATT-1,0.686834,0.000122,0.069924,0.24312
TCGGCTAACTTCCCTT-1,0.7094,0.01403,0.09604,0.180531
TCGGCTTGTATCGACG-1,0.203685,0.022176,0.656462,0.117676
TCGGGAACGTGCCTAG-1,0.140587,0.602788,0.052737,0.203889
TCGGGAGACAGCGTAC-1,0.579634,0.025732,0.081811,0.312822
TCGGGCACTTCTGGAT-1,0.787264,0.000059,0.100282,0.112395
TCGGGCCGTCGTGGTA-1,0.68845,0.182959,0.00064,0.12795
TCGGGTGAAACTGCTA-1,0.993363,0.000057,0.000029,0.006551
TCGGTCCCTGACTCCA-1,0.972324,0.000088,0.000044,0.027544
TCGGTGACCGCTCCGG-1,0.13739,0.378633,0.083857,0.400119
TCGGTTAGCCATGTAG-1,0.503729,0.020123,0.244976,0.231172
TCGTAACTCCCAAGAC-1,0.993506,0.001856,0.000928,0.003711
TCGTAAGACGACATTG-1,0.999203,0.000228,0.000114,0.000455
TCGTAAGCTCCGAGGA-1,0.725723,0.102453,0.000065,0.171759
TCGTACCGACGTCAAG-1,0.406072,0.095734,0.155466,0.342728
TCGTATAGTGCAATTA-1,0.204027,0.183478,0.01808,0.594416
TCGTATCACCAAGCTA-1,0.803198,0.003247,0.14929,0.044266
TCGTATTTCGTCCGGA-1,0.652505,0.000143,0.300078,0.047274
TCGTCAAGTACGCGCA-1,0.910919,0.038732,0.000073,0.050276
TCGTCACACTGTTAGC-1,0.875129,0.048897,0.000026,0.075948
TCGTCCGCTGGCGTCT-1,0.420928,0.279565,0.030068,0.269438
TCGTCCGGGTACACTC-1,0.11655,0.140168,0.562317,0.180965
TCGTCTTAGGCGTTAA-1,0.25898,0.20213,0.152416,0.386474
TCGTGTACTATGGATG-1,0.995894,0.001173,0.000587,0.002346
TCGTGTATTGGTCACG-1,0.175392,0.001166,0.000583,0.82286
TCGTGTTCGACCACAA-1,0.294163,0.006768,0.545251,0.153818
TCGTTAGGAGTCCCTA-1,0.999494,0.000145,0.000072,0.000289
TCGTTCGTTATTATGT-1,0.700716,0.082285,0.005277,0.211723
TCGTTGCTATCCGGTC-1,0.999349,0.000186,0.000093,0.000372
TCGTTGGCTCGTCAAT-1,0.805761,0.000296,0.032778,0.161165
TCGTTTACGCGACCCT-1,0.66701,0.000345,0.000173,0.332472
TCTAACCTAGCCTGCG-1,0.986741,0.003788,0.001894,0.007577
TCTACACGTTCATGCA-1,0.469814,0.023195,0.251642,0.255349
TCTACCCAATAGAGAG-1,0.194004,0.096684,0.482095,0.227217
TCTACCCGCATCATTT-1,0.990641,0.002674,0.001337,0.005348
TCTACCGTCCACAAGC-1,0.993319,0.000097,0.000048,0.006536
TCTACGCACGATCTCC-1,0.746923,0.000128,0.041519,0.21143
TCTACGGGCTCAGTTG-1,0.237471,0.297837,0.127624,0.337068
TCTAGCATCTTCGATG-1,0.322776,0.337806,0.036818,0.3026
TCTAGCATGCCCAGAA-1,0.933577,0.024359,0.000033,0.042032
TCTAGGTGGCGACGCT-1,0.999597,0.000115,0.000058,0.00023
TCTAGTGATATCGTGG-1,0.270155,0.430149,0.040867,0.258828
TCTAGTTATCAGAAGA-1,0.904697,0.013247,0.049972,0.032084
TCTATAGGTGGGTAAT-1,0.2381,0.000289,0.546078,0.215533
TCTATCATGCAGTTAC-1,0.564223,0.254286,0.014328,0.167163
TCTATCCGATTGCACA-1,0.294314,0.036931,0.369929,0.298825
TCTATCGGTCGCAACA-1,0.321866,0.49645,0.014652,0.167032
TCTATGCTATAACGAC-1,0.660596,0.000099,0.260762,0.078542
TCTATTACGCTGGCGA-1,0.958525,0.000106,0.004233,0.037136
TCTCAAATCAATCGGG-1,0.280763,0.192435,0.229751,0.297051
TCTCAGGCTACTCGCT-1,0.988635,0.003247,0.001624,0.006494
TCTCATGAGATAGGGT-1,0.328637,0.230206,0.026991,0.414166
TCTCCAACGTAGGTTA-1,0.928499,0.061713,0.000027,0.009761
TCTCCACAAGTTGAAT-1,0.584368,0.004706,0.329077,0.08185
TCTCCCTGGGCAGCGT-1,0.230954,0.158486,0.077884,0.532676
TCTCGAACGAGGTCAC-1,0.392168,0.273443,0.036036,0.298353
TCTCGACGTATCGCCG-1,0.409763,0.048695,0.175863,0.36568
TCTCGAGGAGGTTCGC-1,0.13276,0.127837,0.481206,0.258196
TCTCGGCTCCAGGACT-1,0.802457,0.031687,0.000077,0.165779
TCTCTAATAGCTGGTA-1,0.586454,0.157111,0.004164,0.252271
TCTCTCGCCGCACATA-1,0.284297,0.064389,0.449221,0.202092
TCTCTTACCGCGAACC-1,0.41471,0.32807,0.00623,0.250991
TCTGAACCGGTCGGCT-1,0.826953,0.109646,0.000773,0.062628
TCTGAACTCGTACCCG-1,0.457482,0.22023,0.098655,0.223634
TCTGAAGCACGTGGTC-1,0.294548,0.235558,0.167229,0.302665
TCTGAATTCCGTACAA-1,0.767474,0.10597,0.000044,0.126512
TCTGACGGGCTAACCC-1,0.015526,0.710525,0.183126,0.090824
TCTGAGCAATTGACTG-1,0.176488,0.026447,0.59513,0.201935
TCTGATCGGGTGCTAG-1,0.084428,0.470982,0.057564,0.387025
TCTGATGTATTCTGTC-1,0.698736,0.173325,0.009061,0.118878
TCTGATTGGAAATGGA-1,0.012473,0.506515,0.139399,0.341614
TCTGCACCATTAGTAA-1,0.526129,0.307034,0.029568,0.137268
TCTGCATACCTTGCTT-1,0.415941,0.02266,0.382579,0.17882
TCTGCCAGAAACTGCA-1,0.999566,0.000124,0.000062,0.000248
TCTGCGAATCGTTCGC-1,0.305859,0.150637,0.091362,0.452142
TCTGCGTCCGGTTTCT-1,0.784973,0.099848,0.023072,0.092107
TCTGCTTAGAACAAGC-1,0.306629,0.015532,0.458667,0.219171
TCTGGAGCGTAAGAGT-1,0.186625,0.249997,0.254706,0.308672
TCTGGCCGTTCAAGTT-1,0.148254,0.579327,0.075357,0.197063
TCTGGGAACCTTTGAA-1,0.110766,0.664254,0.045396,0.179584
TCTGGGTAGCGCTCAT-1,0.880512,0.080625,0.011542,0.027321
TCTGTCATACAAGAGC-1,0.757981,0.061157,0.000068,0.180794
TCTGTGACTGACCGTT-1,0.852525,0.037991,0.041359,0.068125
TCTGTGATGGAGGTTG-1,0.678806,0.000627,0.201025,0.119543
TCTGTGCCATCATAGT-1,0.624322,0.080996,0.000095,0.294587
TCTGTGGCTACATTTC-1,0.625945,0.007061,0.188399,0.178594
TCTTACAGAGGTACCG-1,0.975865,0.015935,0.00004,0.008159
TCTTACCGGAACTCGT-1,0.771088,0.084068,0.000245,0.144599
TCTTACGGCATCCGAC-1,0.907336,0.005054,0.029901,0.057709
TCTTACTTATGCCTCT-1,0.536681,0.146066,0.002043,0.31521
TCTTAGAGCTCCAATT-1,0.871428,0.078296,0.006792,0.043484
TCTTAGAGTGAACTCT-1,0.424232,0.337641,0.014068,0.224059
TCTTATGGGTAGTACC-1,0.850651,0.000074,0.073466,0.075808
TCTTCCCATGGGCACA-1,0.620365,0.371692,0.000038,0.007905
TCTTCGCGGTGAGAGG-1,0.597702,0.00646,0.254325,0.141513
TCTTCTATAACCCGCC-1,0.346721,0.184811,0.075942,0.392526
TCTTGATGCGTAGCGA-1,0.592313,0.406765,0.000184,0.000738
TCTTGCTCCCGATACT-1,0.684675,0.002905,0.08948,0.222939
TCTTGGTAACACCAAA-1,0.675094,0.262868,0.002305,0.059733
TCTTTAAGACTATGAA-1,0.453442,0.530292,0.001508,0.014757
TCTTTAGAGTCTAACA-1,0.239792,0.01506,0.415303,0.329844
TCTTTAGCAGGCGAAC-1,0.014084,0.525387,0.226358,0.234171
TCTTTCCTTCGAGATA-1,0.147336,0.097513,0.304293,0.450858
TCTTTCTCTTAAGGAG-1,0.904542,0.011745,0.005433,0.07828
TGAAACCTCAACTCAC-1,0.571097,0.059051,0.125056,0.244796
TGAAACTTATGCAAGC-1,0.433039,0.137588,0.068295,0.361077
TGAAAGGACCTGACTC-1,0.99944,0.00016,0.00008,0.00032
TGAACAAGCAGGGACT-1,0.494189,0.313316,0.006598,0.185896
TGAACACCCGAAGCAG-1,0.734419,0.081371,0.02301,0.161199
TGAATACCGACGCGTA-1,0.217439,0.06467,0.383363,0.334528
TGAATATGCTATAAAC-1,0.358652,0.399671,0.044537,0.19714
TGAATGAGATACAGCA-1,0.446986,0.24264,0.052684,0.25769
TGAATGAGTGTTTCCC-1,0.26013,0.271645,0.039905,0.428319
TGAATGTCAGCCGGCC-1,0.596583,0.186058,0.071101,0.146258
TGACAACGCATGTCGC-1,0.353118,0.103011,0.104485,0.439386
TGACAACTTAAAGGTG-1,0.442596,0.186482,0.05457,0.316352
TGACACTTCTCTTTGC-1,0.563536,0.047198,0.040531,0.348736
TGACATCGAGCGGACC-1,0.491736,0.401916,0.000079,0.106269
TGACATGTAACGTGAC-1,0.22906,0.024853,0.54694,0.199147
TGACCAAATCTTAAAC-1,0.01269,0.170257,0.597977,0.219076
TGACCAGCTTCAAAGT-1,0.76772,0.094989,0.094629,0.042663
TGACCCAACTCACATT-1,0.78394,0.016644,0.048625,0.150791
TGACCCACGTTAGACA-1,0.814539,0.042181,0.000927,0.142353
TGACCCAGCATTCCCG-1,0.642933,0.010071,0.14395,0.203047
TGACGATGCACTAGAA-1,0.680898,0.204183,0.014582,0.100337
TGACTATAATCCTTTC-1,0.99977,0.000066,0.000033,0.000131
TGACTCCGAATCATAC-1,0.849452,0.000089,0.001342,0.149117
TGACTCTAACTGGTAA-1,0.989735,0.002933,0.001466,0.005866
TGAGAATGCTTTACCG-1,0.450246,0.176967,0.037522,0.335264
TGAGAGATTTACCACG-1,0.844193,0.06894,0.000038,0.08683
TGAGATCAAATACTCA-1,0.999783,0.000062,0.000031,0.000124
TGAGATTAGGCCCTAA-1,0.999657,0.000098,0.000049,0.000196
TGAGCAGTCGTGAAGT-1,0.953086,0.000062,0.000033,0.046819
TGAGCCATACAGTCTC-1,0.757977,0.019815,0.000078,0.222129
TGAGCGGAAAGTGTTC-1,0.639939,0.046649,0.025605,0.287807
TGAGCTCAACTGTATA-1,0.409,0.109336,0.317975,0.16369
TGAGCTTTAATGACGC-1,0.642936,0.352226,0.000029,0.004809
TGAGGAGTGCCAGCTT-1,0.588842,0.115179,0.028504,0.267474
TGAGGTGTGTGGCGGA-1,0.766683,0.056406,0.078972,0.097938
TGAGGTTGATCCCAAG-1,0.809606,0.004384,0.049902,0.136109
TGAGTGCCTCTTAAAT-1,0.813233,0.016846,0.0076,0.16232
TGAGTGGTCCGTGACG-1,0.999582,0.000119,0.00006,0.000239
TGAGTGTAACAACGGG-1,0.852232,0.000339,0.14675,0.000679
TGAGTTAAAGACATTC-1,0.652248,0.01115,0.1717,0.164902
TGATACATTTAGCCGT-1,0.877918,0.097228,0.00016,0.024694
TGATCACCACACTGAC-1,0.397152,0.039931,0.075239,0.487678
TGATCCCAGCATTAGT-1,0.518341,0.315365,0.012168,0.154125
TGATCGGTTTGACCCT-1,0.999658,0.000098,0.000049,0.000196
TGATCTACGCTGATCT-1,0.410016,0.309974,0.019232,0.260778
TGATCTATCACACTCT-1,0.17613,0.020737,0.200829,0.602303
TGATCTCCGGCGCCAG-1,0.970733,0.01392,0.000056,0.015291
TGATGCTCACGTAGTC-1,0.110563,0.071271,0.613954,0.204211
TGATGGCTGTTTCTGA-1,0.012568,0.908186,0.029334,0.049911
TGATGTCAATTAAGTG-1,0.45934,0.011069,0.08919,0.4404
TGATTATGGCACGCAG-1,0.645895,0.128589,0.047182,0.178335
TGATTCCCGGTTACCT-1,0.216082,0.323559,0.054097,0.406262
TGATTCGTCTATCACT-1,0.884836,0.004376,0.042494,0.068294
TGATTCTGTCGCCGGT-1,0.670203,0.052659,0.10451,0.172627
TGATTTATTAGCTGTG-1,0.809963,0.007087,0.00005,0.1829
TGATTTCCTCCTGACG-1,0.67905,0.186534,0.093021,0.041396
TGCAAACCCACATCAA-1,0.601341,0.025926,0.114656,0.258077
TGCAAACGTACTAGTT-1,0.430623,0.012763,0.196386,0.360228
TGCAAAGTTCGTCTGT-1,0.139707,0.023956,0.510628,0.325709
TGCAACCCATCTGCGG-1,0.684135,0.002902,0.134847,0.178116
TGCAACTACTGGTTGA-1,0.044228,0.249768,0.585736,0.120268
TGCAAGAATGACGTAA-1,0.553676,0.363891,0.065182,0.017251
TGCAATCTAACACGGT-1,0.258604,0.338901,0.352762,0.049732
TGCAATTTGGGCACGG-1,0.783161,0.133383,0.001034,0.082421
TGCACAGTGAAGTTAT-1,0.084808,0.419326,0.16853,0.327336
TGCACGAGTCGGCAGC-1,0.689466,0.000981,0.138868,0.170685
TGCAGAGTACCGAGCA-1,0.889713,0.027168,0.015635,0.067485
TGCAGGATCGGCAAAG-1,0.999777,0.000064,0.000032,0.000127
TGCAGTGAGGCTCGGG-1,0.090674,0.571665,0.134166,0.203495
TGCAGTGGTAGGGAAC-1,0.834834,0.008831,0.000049,0.156287
TGCAGTTTCCTCCCAT-1,0.560385,0.424422,0.000047,0.015147
TGCATATGTCTGTCAC-1,0.999546,0.00013,0.000065,0.000259
TGCATCTCCGGATCTT-1,0.535594,0.01153,0.209966,0.24291
TGCATGAGTAGATTCG-1,0.505389,0.000317,0.000158,0.494136
TGCATGGATCGGATCT-1,0.991194,0.000063,0.000031,0.008712
TGCATGGCAGTCTTGC-1,0.653897,0.00006,0.187287,0.158756
TGCATGTGACCCATAG-1,0.42802,0.34941,0.022651,0.199919
TGCATGTGGTAATCTA-1,0.999509,0.00014,0.00007,0.00028
TGCCAATGGGTACTCT-1,0.74497,0.038081,0.000041,0.216908
TGCCACCTGGCGAAAC-1,0.99139,0.008505,0.000021,0.000084
TGCCAGTACGTGGAGA-1,0.30689,0.46068,0.031035,0.201394
TGCCATGGCTTATAAG-1,0.228026,0.029851,0.58406,0.158062
TGCCATTACTAAAGAA-1,0.795124,0.152627,0.000018,0.052231
TGCCCGATAGTTAGAA-1,0.724507,0.001622,0.158798,0.115073
TGCCCGTACCGTTAAA-1,0.464135,0.411794,0.011305,0.112767
TGCCGAAAGCGTATTC-1,0.300172,0.340544,0.102204,0.25708
TGCCGATGTCATCAAT-1,0.770926,0.050147,0.092396,0.086531
TGCCGGATGTACGAGC-1,0.879519,0.008274,0.000085,0.112122
TGCCGTGGATCGTCCT-1,0.798234,0.010234,0.000053,0.191479
TGCCGTGGGACCCAAT-1,0.277212,0.022747,0.323668,0.376373
TGCCTAAATTTAATAG-1,0.376312,0.168299,0.058782,0.396606
TGCCTAATTGAAGATT-1,0.31182,0.062912,0.441272,0.183997
TGCCTGACATCGGTCA-1,0.775107,0.059227,0.041669,0.123997
TGCCTGATCAAACGAT-1,0.519636,0.273393,0.010577,0.196394
TGCCTTGGCCAGGCAA-1,0.799403,0.060508,0.011453,0.128637
TGCGACACCCTAGTGC-1,0.97698,0.00548,0.000033,0.017506
TGCGACGGCCGAACGT-1,0.951394,0.022291,0.000035,0.026279
TGCGAGAATATTACCC-1,0.894025,0.000275,0.105151,0.000549
TGCGAGATGGCGGCCA-1,0.005923,0.460785,0.382847,0.150445
TGCGAGCCCTTCCGCG-1,0.661189,0.131413,0.044843,0.162555
TGCGCAAAGCATTTGG-1,0.550849,0.263344,0.185293,0.000514
TGCGCCGTTAATAACG-1,0.284204,0.187669,0.135968,0.392159
TGCGCGATTAACGGAG-1,0.637511,0.132703,0.041564,0.188221
TGCGGACTTGACTCCG-1,0.168576,0.103825,0.440342,0.287257
TGCGGAGTAAAGGTGC-1,0.673644,0.217338,0.002487,0.10653
TGCGGCATAGTTCAAC-1,0.999614,0.00011,0.000055,0.00022
TGCGGGTATTGGGATC-1,0.816646,0.000052,0.103842,0.079459
TGCGGTCTACGAGTAA-1,0.227432,0.093199,0.456183,0.223186
TGCGGTGAAATTTCAT-1,0.97074,0.005514,0.000038,0.023708
TGCGTAAGAACCTGAT-1,0.709789,0.099166,0.017292,0.173753
TGCGTACGGCTAATTG-1,0.14871,0.204812,0.367668,0.27881
TGCGTGATTGGGTGTC-1,0.890081,0.000388,0.000194,0.109338
TGCGTTTGTTGACACT-1,0.999623,0.000108,0.000054,0.000215
TGCTAAGTGTCTATTT-1,0.655104,0.038781,0.089001,0.217114
TGCTATACAAACGGAC-1,0.801294,0.004252,0.131408,0.063045
TGCTATGGCAAAGGGA-1,0.639931,0.077985,0.040007,0.242076
TGCTCAAAGGATGCAC-1,0.997562,0.000697,0.000348,0.001393
TGCTCACACAACAACC-1,0.026252,0.18548,0.722821,0.065448
TGCTCCACAGTTCTTA-1,0.725926,0.093868,0.00005,0.180156
TGCTCGGCGAAACCCA-1,0.835053,0.094087,0.003991,0.066869
TGCTCGGTGGGTCACC-1,0.364429,0.002741,0.410742,0.222087
TGCTCTGCCGGTTCAC-1,0.147745,0.298026,0.076271,0.477958
TGCTCTTGAGAGTTTG-1,0.27374,0.063471,0.367034,0.295755
TGCTGCGTCAGAGTTA-1,0.315738,0.123623,0.212531,0.348108
TGCTGGTTGGACAATT-1,0.623193,0.186061,0.013643,0.177102
TGCTTAGAGAGAATGC-1,0.87724,0.009503,0.007874,0.105383
TGCTTCCCAAGCAGTA-1,0.209692,0.194677,0.147363,0.448267
TGCTTGAAACCATGCA-1,0.843796,0.026984,0.01929,0.109929
TGGAAACGGAGTGAAC-1,0.763381,0.056309,0.060121,0.12019
TGGAACCACTGACACA-1,0.562811,0.318104,0.002448,0.116638
TGGAAGAAGGGAACGT-1,0.898028,0.048535,0.017593,0.035844
TGGAAGACGAACACCA-1,0.488314,0.227872,0.020326,0.263488
TGGAAGGATAAAGATG-1,0.320382,0.426405,0.026408,0.226805
TGGAATATCCTTGACC-1,0.065311,0.693282,0.030811,0.210596
TGGAATTAGACGCTTT-1,0.757106,0.079079,0.011021,0.152795
TGGACCAATCTAAGAT-1,0.288832,0.008857,0.465425,0.236886
TGGACCACGGCGTTGA-1,0.848306,0.012217,0.054175,0.085302
TGGAGAATAATCGTCC-1,0.070957,0.1983,0.277598,0.453145
TGGAGCTAAAGTTCCC-1,0.706791,0.000096,0.054561,0.238552
TGGAGGGAAACACCTC-1,0.330206,0.311912,0.093772,0.26411
TGGAGTGATGCGATGA-1,0.616188,0.082113,0.004135,0.297564
TGGATGGCATCTTGGA-1,0.406817,0.055494,0.271703,0.265986
TGGCAAACTAAATTAC-1,0.481914,0.227389,0.054046,0.236651
TGGCAACTCGCGCGCC-1,0.528222,0.313947,0.004478,0.153353
TGGCAAGCACAAGTCG-1,0.999794,0.000059,0.000029,0.000118
TGGCAATGGGACGGCG-1,0.172065,0.029829,0.641381,0.156725
TGGCACGAGCTCGAGT-1,0.017242,0.41956,0.484897,0.078301
TGGCCAAACTGAAGTA-1,0.999426,0.000303,0.000054,0.000217
TGGCCGTATATTGACC-1,0.838708,0.072803,0.012183,0.076306
TGGCGACTGCTCCAAA-1,0.999635,0.000104,0.000052,0.000208
TGGCGATCAAGTTATG-1,0.99945,0.000157,0.000079,0.000314
TGGCGGTGTGCGATTG-1,0.965259,0.000082,0.000041,0.034617
TGGCTACACTCTACCT-1,0.502638,0.045543,0.268279,0.18354
TGGCTATGTGACATAC-1,0.686646,0.000066,0.175033,0.138254
TGGCTTGTACAAGCTT-1,0.283278,0.224174,0.15717,0.335379
TGGCTTTGGGTAGACA-1,0.796102,0.048891,0.003544,0.151464
TGGGAAATGCCTTTCC-1,0.855761,0.026427,0.037524,0.080289
TGGGATGCACTCATTC-1,0.711053,0.000076,0.010338,0.278533
TGGGCAATAGTTGGGT-1,0.360226,0.110293,0.116707,0.412773
TGGGCACAAACAGAAC-1,0.25723,0.299023,0.091154,0.352593
TGGGCACGTTCTATGG-1,0.998328,0.000104,0.000052,0.001515
TGGGCAGGCCACCGCA-1,0.326693,0.101858,0.44816,0.12329
TGGGCCACAAGAGCGC-1,0.986986,0.009104,0.000021,0.003889
TGGGCCCATACTAATT-1,0.51963,0.213357,0.019815,0.247198
TGGGCGATACAATAAG-1,0.20839,0.052682,0.287349,0.451579
TGGGTAAGGTTCCCGC-1,0.783079,0.036958,0.001847,0.178117
TGGGTGCACAAGCCAT-1,0.636022,0.000071,0.300389,0.063517
TGGGTGGGATGTCATT-1,0.339678,0.093374,0.075474,0.491474
TGGGTGTAATAGATTT-1,0.383692,0.180508,0.094358,0.341442
TGGGTGTTAAGTAGAA-1,0.292337,0.038064,0.500894,0.168705
TGGGTTTCGGGCGTAC-1,0.919152,0.00993,0.000105,0.070813
TGGTAGAATATATGGG-1,0.251214,0.159128,0.22628,0.363378
TGGTATCGCATCCCAA-1,0.77147,0.019808,0.049397,0.159324
TGGTATCGGTCTGTAT-1,0.832431,0.000072,0.008694,0.158803
TGGTCCCACGCTACGG-1,0.620892,0.233311,0.002636,0.143161
TGGTCGATATACCTCT-1,0.62445,0.080376,0.038015,0.257159
TGGTCGTTTGATAGAT-1,0.178205,0.176568,0.481095,0.164132
TGGTCTGTTGGGCGTA-1,0.932822,0.034562,0.003276,0.029339
TGGTGATCGTATTTGT-1,0.814066,0.020943,0.049297,0.115694
TGGTGCCCTGCCTTAC-1,0.220166,0.031958,0.166621,0.581254
TGGTTAAGGGCGCTGG-1,0.766814,0.101267,0.041562,0.090357
TGGTTCAACGGGTAAT-1,0.421874,0.372218,0.027217,0.178691
TGGTTCGTAGCAAAGG-1,0.646373,0.277565,0.001585,0.074478
TGGTTGGAGGATCCTG-1,0.765365,0.151356,0.044229,0.039051
TGGTTTAAACGTGGGT-1,0.119052,0.627251,0.055185,0.198513
TGTAACTTGTCAACCT-1,0.059779,0.275604,0.335786,0.328831
TGTAATGCCTTCGGAC-1,0.786548,0.000073,0.156152,0.057227
TGTACCTACACGAGGG-1,0.556984,0.012753,0.279272,0.15099
TGTACGCTATCAGCTT-1,0.65792,0.039953,0.182035,0.120092
TGTACTACTCTCACGG-1,0.515853,0.253355,0.012458,0.218334
TGTACTATCGCTCGTT-1,0.990056,0.002841,0.001421,0.005683
TGTACTGTGCCAAAGT-1,0.477311,0.145579,0.117922,0.259188
TGTACTTCCGGGCATG-1,0.710552,0.004663,0.275461,0.009325
TGTAGCCAATTCCGTT-1,0.450995,0.015736,0.354199,0.17907
TGTAGCCATCCCATTC-1,0.005241,0.46408,0.495336,0.035343
TGTAGGAGAAATTTCC-1,0.999698,0.000086,0.000043,0.000173
TGTAGTGATCTATAAT-1,0.882828,0.047992,0.010122,0.059059
TGTATAACAGATCCTG-1,0.999582,0.00012,0.00006,0.000239
TGTATACGGATGATGA-1,0.016836,0.774945,0.050109,0.158111
TGTATCAGACTGAAGC-1,0.454986,0.182743,0.101708,0.260564
TGTATCCTTATTCCAT-1,0.362031,0.171737,0.037214,0.429018
TGTATGGCGCAGACAG-1,0.384987,0.199413,0.060333,0.355267
TGTATTTACCTAATGC-1,0.069627,0.434231,0.217649,0.278493
TGTCATTTGTTGGGAA-1,0.52164,0.144062,0.005139,0.329159
TGTCCACGGCTCAACT-1,0.404934,0.106129,0.267635,0.221302
TGTCCCGACATAGCAC-1,0.713292,0.080441,0.00489,0.201376
TGTCCGCAAACAATTC-1,0.677908,0.03073,0.089985,0.201376
TGTCCGTGGCGCCTTT-1,0.887246,0.024152,0.034574,0.054029
TGTCCTAAGTCACCGC-1,0.726066,0.020463,0.002508,0.250963
TGTCGGCATGGTGGAA-1,0.773587,0.015726,0.053073,0.157614
TGTCGTGGGTATAGGC-1,0.225743,0.050542,0.518041,0.205674
TGTCTACAGTTTCTGT-1,0.972328,0.000077,0.003075,0.024521
TGTGACTACGCCAGTC-1,0.516976,0.321127,0.012895,0.149002
TGTGACTAGAGTTTGC-1,0.80488,0.000967,0.000484,0.193669
TGTGAGACTAGCCCAA-1,0.521862,0.183486,0.046568,0.248084
TGTGATTCCAGCGCTT-1,0.610441,0.026014,0.26766,0.095885
TGTGCCGGTGCCGGAA-1,0.388536,0.037697,0.151079,0.422687
TGTGGACTATCTACGT-1,0.124995,0.064752,0.638718,0.171534
TGTGGAGGAAGCTTAA-1,0.638064,0.001438,0.280505,0.079992
TGTGGCAAAGCGTATG-1,0.999663,0.000096,0.000048,0.000193
TGTGGCGGGCTTCTGG-1,0.851332,0.00646,0.030979,0.111229
TGTGGCTCCCACCAAC-1,0.045977,0.293724,0.353478,0.306822
TGTGGTAGGGTGCCTT-1,0.066136,0.065169,0.771614,0.097081
TGTGGTTGCTAAAGCT-1,0.979891,0.000057,0.000028,0.020024
TGTGTAGTAGCACGTG-1,0.173603,0.122107,0.514982,0.189308
TGTGTCGCGAGTTGCA-1,0.958382,0.012917,0.000019,0.028682
TGTGTTCGTATCCAAG-1,0.81273,0.0293,0.052719,0.105251
TGTTAACAAAGTGACT-1,0.990908,0.002598,0.001299,0.005195
TGTTATTGTATGTGGC-1,0.316136,0.440666,0.029162,0.214036
TGTTCCGCTTCCATGA-1,0.892083,0.015405,0.011557,0.080955
TGTTCCGGCCTGAGCT-1,0.562828,0.000062,0.24797,0.18914
TGTTCGTATTGCGGTG-1,0.999571,0.000123,0.000061,0.000245
TGTTCTCATACTATAG-1,0.998923,0.000308,0.000154,0.000615
TGTTCTCTACTCCCTA-1,0.283633,0.052736,0.097505,0.566126
TGTTCTTCCATTGACT-1,0.93983,0.000143,0.059499,0.000529
TGTTGATCACTGTTTA-1,0.193914,0.103582,0.368026,0.334479
TGTTGCCGTCGTCCCA-1,0.377748,0.045374,0.21934,0.357538
TGTTGTCAAGAAGTCT-1,0.999741,0.000074,0.000037,0.000148
TGTTTAATACTTCATC-1,0.991914,0.000067,0.000034,0.007985
TGTTTCGGTACTTCTC-1,0.202262,0.558943,0.058417,0.180378
TGTTTGAGATCGTCAG-1,0.32682,0.088692,0.465164,0.119323
TTAAACAGAGTCCCGC-1,0.744399,0.029485,0.087599,0.138518
TTAAACCGGTAGCGAC-1,0.997589,0.00004,0.00002,0.002351
TTAAACTCGAATTCAT-1,0.900246,0.074315,0.002881,0.022558
TTAAAGGCGATGCTCG-1,0.801011,0.000031,0.023628,0.17533
TTAAAGTAAGTCGCCA-1,0.510515,0.001515,0.000758,0.487212
TTAACACCTCGAACAT-1,0.848282,0.009278,0.081142,0.061299
TTAACCAACCCTCCCT-1,0.925124,0.02295,0.000028,0.051898
TTAACCCGAGGCGTGT-1,0.996802,0.000914,0.000457,0.001827
TTAACGAACAAGCAGT-1,0.14826,0.634495,0.031666,0.185578
TTAACGTCGCAAGACC-1,0.940765,0.002267,0.000028,0.056939
TTAACTCACGCGTGGA-1,0.770475,0.034849,0.028639,0.166038
TTAACTGATCGTTTGG-1,0.994514,0.001568,0.000784,0.003135
TTAAGACGAACGAACC-1,0.581715,0.058694,0.087442,0.272149
TTAAGATACCCAGAGA-1,0.99987,0.000037,0.000019,0.000074
TTAAGATAGGATTGAC-1,0.340558,0.385242,0.068828,0.205372
TTAAGCCGACAACTTC-1,0.818395,0.03196,0.004146,0.145499
TTAAGCGCCTGACCCA-1,0.889655,0.013418,0.018769,0.078157
TTAAGGATACGGAGGT-1,0.894161,0.000095,0.000047,0.105696
TTAAGGCCCGTACTTT-1,0.861512,0.011346,0.040401,0.086742
TTAAGTATTGTTATCC-1,0.011009,0.143421,0.686165,0.159405
TTAATCAGTACGTCAG-1,0.082027,0.769926,0.062061,0.085986
TTAATGCGAGGTAACT-1,0.587635,0.011209,0.102653,0.298503
TTAATGTAGACCAGGT-1,0.708637,0.019101,0.009038,0.263224
TTAATTGCTTTGGGTG-1,0.401569,0.072464,0.175286,0.350681
TTAATTTCAGACGCGG-1,0.877477,0.117115,0.000034,0.005374
TTACAACTACGCATCC-1,0.850134,0.139112,0.000043,0.010712
TTACACGATCTGCGAC-1,0.383627,0.045048,0.304388,0.266937
TTACAGACCTAAATGA-1,0.999682,0.000091,0.000045,0.000182
TTACATCGTGGCCTGG-1,0.850822,0.052615,0.012603,0.08396
TTACATGCCACAACTA-1,0.473185,0.250751,0.060896,0.215168
TTACCATTGATTACCC-1,0.773902,0.000748,0.000057,0.225293
TTACCCATTGCCGGGT-1,0.321357,0.133147,0.000072,0.545424
TTACCCTAACAGTCCT-1,0.844211,0.011883,0.084235,0.059672
TTACCCTAGGGATTGG-1,0.39916,0.36446,0.029859,0.206521
TTACCGCCTTAGGGAA-1,0.83501,0.018086,0.012245,0.134659
TTACGGATGGTTCGAG-1,0.755597,0.222571,0.00005,0.021781
TTACGGTGTCACCGAG-1,0.347518,0.208652,0.063692,0.380138
TTACGTAGCGCGTGCT-1,0.894779,0.000054,0.071233,0.033934
TTACGTATCTATGACA-1,0.367564,0.158568,0.235243,0.238625
TTACTAAAGGACTTTA-1,0.875616,0.047568,0.012255,0.064561
TTACTCCGGCCGGGAA-1,0.998767,0.000352,0.000176,0.000705
TTACTGGGATATTTCA-1,0.749974,0.021985,0.008118,0.219923
TTACTGTCTAGAGCTC-1,0.410225,0.118389,0.027016,0.44437
TTACTGTTTCTCTACG-1,0.927771,0.000049,0.049174,0.023006
TTAGAAGAACATGACT-1,0.701925,0.216688,0.001756,0.079631
TTAGAATAAGGGTCGG-1,0.247871,0.442904,0.012012,0.297213
TTAGACACGATCGTTG-1,0.577065,0.157985,0.016959,0.24799
TTAGACGAGTCACCTC-1,0.081452,0.631583,0.075096,0.21187
TTAGAGTATTGTCGAG-1,0.812953,0.075356,0.000039,0.111651
TTAGAGTTTAGAAGGA-1,0.364288,0.268912,0.023095,0.343705
TTAGATAGGTCGATAC-1,0.804929,0.004735,0.051203,0.139133
TTAGCAACATGGATGT-1,0.806072,0.073501,0.029829,0.090597
TTAGCCATAGGGCTCG-1,0.873365,0.027408,0.016715,0.082512
TTAGCGAATAGATAGG-1,0.392821,0.000681,0.13946,0.467038
TTAGCTAATACGATCT-1,0.723149,0.231173,0.007658,0.038021
TTAGCTGATTTGCCGT-1,0.585379,0.329569,0.008527,0.076525
TTAGGATGGGAGGGTA-1,0.548657,0.005479,0.220296,0.225569
TTAGGTCATAACCGAC-1,0.999345,0.000187,0.000094,0.000375
TTAGTAAACCTGCTCT-1,0.999621,0.000108,0.000055,0.000216
TTAGTAGGGCGGCGGG-1,0.742273,0.062582,0.057371,0.137774
TTAGTTATTCGTGGCA-1,0.531186,0.121148,0.011637,0.33603
TTAGTTCAAGTGTTCG-1,0.133813,0.486662,0.080122,0.299403
TTATAGATGCACATTA-1,0.950248,0.000048,0.00318,0.046523
TTATAGGTAATTGTCT-1,0.565025,0.009639,0.175211,0.250125
TTATAGTCCAAGGTGC-1,0.368028,0.035497,0.416517,0.179958
TTATATTTGGCAATCC-1,0.999477,0.000149,0.000075,0.000299
TTATCATACTCGCAAA-1,0.712789,0.035952,0.026037,0.225222
TTATCCAATCGAACTC-1,0.856573,0.023834,0.051318,0.068275
TTATCCGGGATCTATA-1,0.479076,0.066642,0.02184,0.432442
TTATCGCCTGCGAAGC-1,0.838384,0.049869,0.027829,0.083918
TTATCTGTATCATAAC-1,0.965646,0.010969,0.000027,0.023358
TTATGACAAACTGGAT-1,0.783703,0.052994,0.046706,0.116596
TTATGATCTTAACGAA-1,0.999704,0.000085,0.000042,0.000169
TTATGCGTCCCGGTCC-1,0.489998,0.058376,0.094459,0.357167
TTATGTTTGCGATAGA-1,0.754536,0.036045,0.041846,0.167572
TTATTAGAGCGTGTTC-1,0.756365,0.148878,0.010099,0.084657
TTATTAGGGAAGCATC-1,0.999758,0.000069,0.000035,0.000138
TTATTATCTGGAAGGC-1,0.15358,0.179486,0.472577,0.194357
TTATTTAGGTTCCTTA-1,0.992849,0.002043,0.001022,0.004086
TTATTTCATCCCAAAC-1,0.776836,0.040731,0.026318,0.156115
TTCAACGACCCGACCG-1,0.57702,0.266089,0.004911,0.15198
TTCAAGCCGAGCTGAG-1,0.828837,0.038013,0.019229,0.113921
TTCAATACTCTGAATC-1,0.999701,0.000085,0.000043,0.000171
TTCAATTAGCCATAAT-1,0.526342,0.022946,0.048628,0.402084
TTCACGAAAGGATCAC-1,0.785317,0.03296,0.001903,0.17982
TTCACGGTCGTCACGT-1,0.530895,0.208798,0.002015,0.258292
TTCACTCGAGCACCTA-1,0.92431,0.008523,0.005504,0.061663
TTCACTTCCTAGAACG-1,0.756503,0.007548,0.019237,0.216712
TTCAGAGTAACCTGAC-1,0.807105,0.008073,0.068768,0.116053
TTCAGCCCTGGTCCAC-1,0.644808,0.24144,0.014614,0.099138
TTCAGCTGGCGTGCCC-1,0.096252,0.198735,0.431787,0.273225
TTCAGTTCAAGAGGAG-1,0.345162,0.305455,0.072804,0.276579
TTCATGGCGCAACAGG-1,0.755017,0.137591,0.00964,0.097753
TTCCAATCAGAGCTAG-1,0.643838,0.109333,0.007454,0.239375
TTCCAATCTGGCTATC-1,0.942903,0.021154,0.000048,0.035896
TTCCACACAGATTTGA-1,0.594507,0.024952,0.076026,0.304515
TTCCACATTTCTCGTC-1,0.885624,0.000061,0.091771,0.022544
TTCCAGACGAGATTTA-1,0.364909,0.405879,0.007504,0.221708
TTCCAGTGGGTTTCGT-1,0.286464,0.042646,0.312363,0.358526
TTCCATCATGCGGTGA-1,0.912814,0.004642,0.000042,0.082502
TTCCATCGACAGCGTG-1,0.115476,0.127116,0.634807,0.1226
TTCCCAAAGTACTGAT-1,0.998413,0.000453,0.000227,0.000907
TTCCCGACGCTTCACT-1,0.775099,0.000058,0.152271,0.072572
TTCCGCAGAGAAATAT-1,0.485371,0.439334,0.005897,0.069398
TTCCGCGTGAGGCGAT-1,0.95656,0.000198,0.000099,0.043143
TTCCGGCCTTGAGGCT-1,0.991974,0.000275,0.000138,0.007613
TTCCGGCTCGACTTCT-1,0.195997,0.125221,0.008786,0.669996
TTCCGGTATCTGTGTC-1,0.319038,0.32786,0.183788,0.169314
TTCCGGTTACCCACTT-1,0.360839,0.217692,0.032642,0.388828
TTCCTCGAGGGTGTCT-1,0.394916,0.401194,0.012617,0.191273
TTCCTCGGACTAACCA-1,0.077211,0.599966,0.13494,0.187882
TTCCTTTCTGTGTTGC-1,0.793428,0.058755,0.067764,0.080053
TTCGAACGAAACATGC-1,0.282591,0.118313,0.071154,0.527942
TTCGACAGAGCCCGTG-1,0.475627,0.388923,0.0247,0.11075
TTCGACGGGAAGGGCG-1,0.748268,0.162556,0.000352,0.088824
TTCGAGCCGGCGCTAC-1,0.723773,0.012782,0.083249,0.180196
TTCGCACTCGCGTGCT-1,0.999691,0.000088,0.000044,0.000177
TTCGCACTGTACGACA-1,0.271787,0.3138,0.115107,0.299307
TTCGCATCCGGAAGCA-1,0.788707,0.042752,0.026794,0.141747
TTCGCGCGCCATACGA-1,0.625566,0.251849,0.00002,0.122565
TTCGCTAGGAAGTTGT-1,0.014463,0.472447,0.293496,0.219595
TTCGCTATCTGACGTG-1,0.336414,0.28991,0.005889,0.367787
TTCGGACTGATGCCTT-1,0.32924,0.069095,0.148644,0.453022
TTCGGCAACCCGCTGA-1,0.758175,0.12849,0.000053,0.113283
TTCGGCTAGAGATGGT-1,0.862301,0.018091,0.000467,0.119142
TTCGGGCGCTAGTCTT-1,0.8032,0.000532,0.000266,0.196002
TTCGGGTTGCCACGGG-1,0.580287,0.001445,0.1377,0.280568
TTCGGTACTGTAGAGG-1,0.679046,0.000078,0.202293,0.118583
TTCGGTGGAGACGCCC-1,0.426542,0.022571,0.198194,0.352694
TTCGTAATCCCAGCGG-1,0.763804,0.113439,0.001094,0.121663
TTCGTACTCCAGAACG-1,0.842086,0.036374,0.016456,0.105085
TTCGTGCATGTTATAG-1,0.208878,0.006016,0.415717,0.369389
TTCGTGGGCTGGAAGC-1,0.450809,0.038597,0.260846,0.249748
TTCGTTCAACGAAGTT-1,0.730445,0.09998,0.001416,0.168159
TTCTAACCGAAGCTTA-1,0.872444,0.007741,0.000052,0.119763
TTCTACCTCAATCGGT-1,0.956705,0.001037,0.005706,0.036552
TTCTACCTTTATGTTG-1,0.658075,0.000073,0.050794,0.291058
TTCTACTTGCGAGGGC-1,0.854853,0.02475,0.005058,0.11534
TTCTAGAAAGTCTTAT-1,0.591021,0.323023,0.000795,0.08516
TTCTAGGCCAATTGTG-1,0.49725,0.302178,0.010559,0.190013
TTCTATGCCTTTCGCA-1,0.286034,0.307725,0.049098,0.357143
TTCTATTAAACGCAGC-1,0.536501,0.034391,0.037833,0.391275
TTCTGACCGGGCTCAA-1,0.650742,0.110333,0.046508,0.192417
TTCTGCCGCGCCTAGA-1,0.716851,0.089063,0.000558,0.193528
TTCTGCGGGTTAGCGG-1,0.999377,0.000178,0.000089,0.000356
TTCTGCTAGACTCCAA-1,0.488423,0.440035,0.004464,0.067079
TTCTTAGTGAACGGTG-1,0.846657,0.038714,0.026795,0.087835
TTCTTAGTGGCTCAGA-1,0.413729,0.254978,0.000998,0.330295
TTCTTATCCGCTGGGT-1,0.152992,0.051341,0.237888,0.557779
TTCTTCCCTTTGATAT-1,0.325626,0.060383,0.383906,0.230086
TTCTTCGCAATAGAGC-1,0.656816,0.000096,0.271209,0.071879
TTCTTGAGCCGCGCTA-1,0.686825,0.000441,0.000221,0.312513
TTCTTGCTAGCATCTC-1,0.02466,0.65059,0.174844,0.149906
TTCTTGGAGTAATGAG-1,0.705573,0.245172,0.000036,0.049219
TTCTTGTAACCTAATG-1,0.950093,0.008111,0.000025,0.041771
TTCTTTGGTCGCGACG-1,0.459233,0.517437,0.000531,0.0228
TTGAAACCCTCATTCC-1,0.99704,0.000846,0.000423,0.001692
TTGAAAGGTGTAAAGG-1,0.701003,0.189548,0.018404,0.091044
TTGAACGAATCCTTTG-1,0.821411,0.033053,0.034605,0.110931
TTGAACGACGTGCTGA-1,0.738812,0.000074,0.174212,0.086901
TTGAAGAATTCCCAGG-1,0.840228,0.028797,0.022594,0.108381
TTGAAGTGCATCTACA-1,0.996047,0.001129,0.000565,0.002259
TTGAATATGGACTTTC-1,0.82753,0.00052,0.00026,0.171691
TTGAATTCACGTGAGG-1,0.49585,0.434117,0.005336,0.064698
TTGACAGGAGCTCCCG-1,0.450025,0.146933,0.128636,0.274407
TTGACCAGGAACAACT-1,0.482898,0.017731,0.247552,0.251819
TTGACCATGTTCTCCG-1,0.999622,0.000108,0.000054,0.000216
TTGACGATTCAGCACG-1,0.276749,0.375782,0.140783,0.206686
TTGACGCTCCATGAGC-1,0.293313,0.667376,0.007973,0.031338
TTGACTACCATATGGT-1,0.950482,0.000182,0.027181,0.022155
TTGACTATTGTCCGGC-1,0.100514,0.424712,0.189788,0.284986
TTGAGAAGTTTAGCAT-1,0.415476,0.132802,0.166484,0.285237
TTGAGAGTACTGCTAA-1,0.805417,0.023493,0.044529,0.126561
TTGAGCAGCCCACGGT-1,0.019203,0.313439,0.366496,0.300862
TTGAGCGCCACGTGAT-1,0.156934,0.537106,0.093551,0.212409
TTGAGGCATTTAACTC-1,0.815052,0.001924,0.011549,0.171475
TTGAGGGTCGAACGCG-1,0.602646,0.000061,0.202951,0.194341
TTGAGTCCCGCTGCTG-1,0.427887,0.156367,0.078855,0.336891
TTGATAGTCAATACAT-1,0.56319,0.225652,0.034545,0.176614
TTGATCTAACTTTGTC-1,0.766195,0.139999,0.000074,0.093732
TTGATGCCGCTCGTCG-1,0.700744,0.07287,0.017863,0.208523
TTGATGTGTAGTCCCG-1,0.998256,0.000136,0.000068,0.001541
TTGATTATGCAGATGA-1,0.840001,0.023333,0.019025,0.117641
TTGCAAGAAGACTCCT-1,0.314968,0.021618,0.380407,0.283008
TTGCACGGAGCAGCAC-1,0.684085,0.173595,0.000033,0.142287
TTGCAGGTCATGAAGT-1,0.855355,0.000062,0.110741,0.033842
TTGCATGCTGATCACG-1,0.863002,0.045833,0.004994,0.086171
TTGCCAAGCAGAACCC-1,0.043658,0.317676,0.309873,0.328792
TTGCCCTGATCACGGG-1,0.759636,0.044886,0.118355,0.077123
TTGCCGCAGACCTACA-1,0.935995,0.001441,0.001288,0.061276
TTGCCGCTTTCTAGTA-1,0.22255,0.051635,0.459831,0.265983
TTGCCGGTGATCCCTC-1,0.643375,0.014845,0.014399,0.327381
TTGCCTAATCCAAAGT-1,0.929346,0.016739,0.008447,0.045467
TTGCCTTCTCGCCGGG-1,0.567902,0.021024,0.147565,0.263509
TTGCGCACAACCACGT-1,0.996849,0.0009,0.00045,0.0018
TTGCGCTTGATCAATA-1,0.362262,0.134371,0.176286,0.327081
TTGCGGAAAGCTGCCC-1,0.118162,0.135571,0.44916,0.297107
TTGCGGCATCAGAAAG-1,0.93342,0.039282,0.000063,0.027234
TTGCGGCGACTCATGC-1,0.71904,0.01542,0.077083,0.188457
TTGCGTAGTTTGAGGA-1,0.784536,0.038039,0.043622,0.133804
TTGCGTCGGCCAACCG-1,0.820639,0.037185,0.045379,0.096796
TTGCGTGAACGCTTAG-1,0.939882,0.000819,0.000034,0.059265
TTGCGTGTGTAGGCAT-1,0.080176,0.032196,0.808853,0.078775
TTGCTAGCTACCAATC-1,0.644322,0.117596,0.021195,0.216887
TTGCTCATAGTACGTG-1,0.440942,0.000321,0.131787,0.42695
TTGCTCCCATACCGGA-1,0.903171,0.057497,0.000032,0.0393
TTGCTGAAGGAACCAC-1,0.657234,0.216013,0.000523,0.12623
TTGCTGATCATGTTCG-1,0.701014,0.261369,0.000108,0.037508
TTGCTGCACCTATCCA-1,0.764918,0.048095,0.054989,0.131997
TTGCTGGCCGGGCTTC-1,0.986318,0.000067,0.000034,0.013581
TTGGACCATCTGGCAA-1,0.175368,0.027575,0.25489,0.542166
TTGGACCTATAACAGT-1,0.356115,0.028094,0.298249,0.317542
TTGGAGTCTCCCTTCT-1,0.999702,0.000085,0.000043,0.00017
TTGGATATCGTCTACG-1,0.995412,0.000126,0.000063,0.004399
TTGGATCGACTTCTGG-1,0.634995,0.030678,0.035659,0.298668
TTGGATTGGGTACCAC-1,0.377672,0.32154,0.010529,0.290259
TTGGCCAAATTGTATC-1,0.279901,0.106715,0.263349,0.350034
TTGGCCATCTTGCGCT-1,0.772456,0.141005,0.000463,0.086076
TTGGCCTAGAATTTCG-1,0.843424,0.039111,0.008598,0.108867
TTGGCGATCCGAATAT-1,0.309739,0.173031,0.086494,0.430737
TTGGCTCAATATGTGT-1,0.184075,0.000581,0.00029,0.815053
TTGGCTCGCATGAGAC-1,0.955023,0.016601,0.000074,0.028303
TTGGGAAGACGAGCCG-1,0.271412,0.00405,0.363044,0.361493
TTGGGACACTGCCCGC-1,0.999117,0.000252,0.000126,0.000504
TTGGGACGTAAGAGTT-1,0.188186,0.062979,0.499082,0.249754
TTGGGCGGCGGTTGCC-1,0.998853,0.000328,0.000164,0.000655
TTGGGTTTATTCAGCG-1,0.020391,0.445333,0.267668,0.266607
TTGGTATGGCTTGTGT-1,0.240824,0.617752,0.035175,0.106249
TTGGTCACACTCGTAA-1,0.839599,0.107605,0.007473,0.045322
TTGGTGCGGTGTTGAA-1,0.482655,0.031064,0.326852,0.159429
TTGGTTCGCTCAAAGG-1,0.004871,0.676742,0.217828,0.100559
TTGTAACTTCATAGCG-1,0.467409,0.071703,0.286167,0.174721
TTGTAAGGCCAGTTGG-1,0.999467,0.000152,0.000076,0.000305
TTGTAATCCGTACTCG-1,0.761939,0.069005,0.033585,0.135471
TTGTATCACACAGAAT-1,0.593379,0.117277,0.013627,0.275717
TTGTCGTTCAGTTACC-1,0.600307,0.199456,0.00005,0.200187
TTGTCTCGGCAAGATG-1,0.486023,0.08814,0.13647,0.289366
TTGTGAACCTAATCCG-1,0.484932,0.009514,0.245075,0.26048
TTGTGATCTGTTCAGT-1,0.667227,0.002245,0.326038,0.00449
TTGTGCAGCCACGTCA-1,0.130896,0.063375,0.283199,0.52253
TTGTGGCCCTGACAGT-1,0.74205,0.198621,0.000025,0.059304
TTGTGGTATAGGTATG-1,0.091066,0.556773,0.134541,0.21762
TTGTGGTGGTACTAAG-1,0.800422,0.040825,0.032381,0.126373
TTGTGTATGCCACCAA-1,0.604942,0.26062,0.009811,0.124626
TTGTGTTTCCCGAAAG-1,0.999597,0.000115,0.000058,0.00023
TTGTTAGCAAATTCGA-1,0.434007,0.360032,0.005983,0.199978
TTGTTCAGTGTGCTAC-1,0.895746,0.054894,0.000049,0.049311
TTGTTGGCAATGACTG-1,0.911284,0.001389,0.002213,0.085114
TTGTTGTGTGTCAAGA-1,0.965808,0.03355,0.000128,0.000514
TTGTTTCACATCCAGG-1,0.999632,0.000105,0.000053,0.00021
TTGTTTCATTAGTCTA-1,0.965488,0.000117,0.000059,0.034336
TTGTTTGTATTACACG-1,0.3639,0.088122,0.057716,0.490261
TTGTTTGTGTAAATTC-1,0.999764,0.000067,0.000034,0.000135
