Barcode,Topic 1,Topic 2,Topic 3to9
AAACAAGTATCTCCCA-1,0.390554,0.248435,0.361011
AAACAATCTACTAGCA-1,0.063091,0.01673,0.920179
AAACACCAATAACTGC-1,0.014091,0.898,0.087909
AAACAGAGCGACTCCT-1,0.795466,0.055058,0.149476
AAACAGCTTTCAGAAG-1,0.682631,0.159402,0.157967
AAACAGGGTCTATATT-1,0.08949,0.910156,0.000354
AAACAGTGTTCCTGGG-1,0.004949,0.310847,0.684204
AAACATTTCCCGGATT-1,0.1207,0.677608,0.201691
AAACCGGGTAGGTACC-1,0.034744,0.449104,0.516151
AAACCGTTCGTCCAGG-1,0.045532,0.355099,0.599369
AAACCTAAGCAGCCGG-1,0.038104,0.011504,0.950392
AAACCTCATGAAGTTG-1,0.038605,0.924813,0.036582
AAACGAAGAACATACC-1,0.060774,0.342054,0.597172
AAACGAGACGGTTGAT-1,0.789773,0.209837,0.00039
AAACGGGCGTACGGGT-1,0.106413,0.256377,0.63721
AAACGGGTTGGTATCC-1,0.174978,0.737732,0.087291
AAACGGTTGCGAACTG-1,0.03185,0.478745,0.489406
AAACTCGGTTCGCAAT-1,0.008908,0.361989,0.629104
AAACTGCTGGCTCCAA-1,0.171474,0.026042,0.802484
AAACTTAATTGCACGC-1,0.021704,0.483862,0.494433
AAACTTGCAAACGTAT-1,0.007719,0.29545,0.69683
AAAGACATGAAGTTTA-1,0.589967,0.000201,0.409832
AAAGACCCAAGTCGCG-1,0.000008,0.130839,0.869153
AAAGACTGGGCGCTTT-1,0.826523,0.172764,0.000713
AAAGGCCCTATAATAC-1,0.05218,0.470642,0.477178
AAAGGCTACGGACCAT-1,0.012631,0.042329,0.94504
AAAGGCTCTCGCGCCG-1,0.152025,0.440709,0.407267
AAAGGGATGTAGCAAG-1,0.022167,0.359599,0.618233
AAAGGGCAGCTTGAAT-1,0.012029,0.491795,0.496176
AAAGTAGCATTGCTCA-1,0.022238,0.380205,0.597557
AAAGTCACTGATGTAA-1,0.012474,0.465727,0.521799
AAAGTCGACCCTCAGT-1,0.336826,0.66257,0.000604
AAAGTGTGATTTATCT-1,0.829736,0.067799,0.102465
AAAGTTGACTCCCGTA-1,0.871559,0.113487,0.014954
AAATAACCATACGGGA-1,0.963836,0.000033,0.036131
AAATACCTATAAGCAT-1,0.193467,0.191975,0.614558
AAATAGGGTGCTATTG-1,0.109953,0.681935,0.208111
AAATCCGATACACGCC-1,0.036449,0.04434,0.919211
AAATCGCGGAAGGAGT-1,0.287312,0.271811,0.440878
AAATCGTGTACCACAA-1,0.01574,0.104464,0.879796
AAATCTAGCCCTGCTA-1,0.526937,0.250709,0.222354
AAATCTGCCCGCGTCC-1,0.65952,0.000058,0.340422
AAATGACTGATCAAAC-1,0.0402,0.634356,0.325444
AAATGCTCGTTACGTT-1,0.177528,0.821912,0.00056
AAATGGCATGTCTTGT-1,0.03329,0.178323,0.788387
AAATGGCCCGTGCCCT-1,0.020277,0.47699,0.502733
AAATGGTCAATGTGCC-1,0.072938,0.157465,0.769598
AAATGTGGGTGCTCCT-1,0.000007,0.000007,0.999985
AAATTAACGGGTAGCT-1,0.018282,0.717222,0.264496
AAATTACACGACTCTG-1,0.804507,0.049157,0.146337
AAATTACCTATCGATG-1,0.702563,0.296817,0.000621
AAATTGATAGTCCTTT-1,0.023609,0.526509,0.449882
AAATTTACCGAAATCC-1,0.416589,0.045675,0.537736
AAATTTGCGGGTGTGG-1,0.000006,0.002523,0.997472
AACAACTGGTAGTTGC-1,0.007945,0.662341,0.329714
AACAATACATTGTCGA-1,0.00001,0.051912,0.948077
AACAATTACTCTACGC-1,0.007429,0.106802,0.885768
AACACACGCTCGCCGC-1,0.810217,0.189319,0.000464
AACACGACTGTACTGA-1,0.010285,0.10563,0.884085
AACACGAGACGCGGCC-1,0.000012,0.547784,0.452203
AACACGCGGCCGCGAA-1,0.001662,0.296217,0.702121
AACAGCTGTGTGGCAA-1,0.055156,0.031036,0.913808
AACAGGAAATCGAATA-1,0.073972,0.416903,0.509125
AACAGGATGGGCCGCG-1,0.042772,0.841136,0.116092
AACATAGCGTGTATCG-1,0.00001,0.342016,0.657974
AACATATCAACTGGTG-1,0.824133,0.1754,0.000467
AACATTGAAGTTGATC-1,0.013615,0.365157,0.621228
AACATTGTGACTCGAG-1,0.030325,0.0017,0.967974
AACCAAGACTTCTCTG-1,0.094183,0.866612,0.039205
AACCAGTATCACTCTT-1,0.727555,0.093089,0.179356
AACCATAGGGTTGAAC-1,0.501062,0.427733,0.071204
AACCATGGGATCGCTA-1,0.006065,0.240572,0.753363
AACCCAGAGACGGAGA-1,0.017018,0.735703,0.247279
AACCCATCCCATGATC-1,0.136676,0.862995,0.000329
AACCCGACAACCCGTG-1,0.070201,0.088346,0.841453
AACCCGCTGTATTCCA-1,0.062642,0.754686,0.182672
AACCCTACTGTCAATA-1,0.962993,0.036732,0.000275
AACCCTGGTGGAACCA-1,0.088214,0.425462,0.486324
AACCGAGCTTGGTCAT-1,0.247514,0.504252,0.248235
AACCGCTAAGGGATGC-1,0.08786,0.000019,0.912121
AACCGTTGTGTTTGCT-1,0.123867,0.446739,0.429394
AACCTAAAGCCGTCCG-1,0.075494,0.497504,0.427002
AACCTCGCTTTAGCCC-1,0.121006,0.535141,0.343853
AACCTTTAAATACGGT-1,0.124487,0.30132,0.574193
AACCTTTACGACGTCT-1,0.763298,0.181233,0.055469
AACGAAAGTCGTCCCA-1,0.869784,0.028298,0.101918
AACGATAATGCCGTAG-1,0.053869,0.232736,0.713395
AACGATAGAAGGGCCG-1,0.031258,0.503209,0.465534
AACGATATGTCAACTG-1,0.872243,0.093552,0.034205
AACGCGAACGGCAACA-1,0.796381,0.000051,0.203568
AACGCGACCTTGGGCG-1,0.000794,0.015817,0.983389
AACGCGGTCTCCAGCC-1,0.02876,0.288997,0.682243
AACGCTGTTGCTGAAA-1,0.651807,0.347524,0.000669
AACGGACGTACGTATA-1,0.79644,0.000039,0.20352
AACGGCCATCTCCGGT-1,0.001831,0.090124,0.908045
AACGTACTGTGGGTAC-1,0.006578,0.143646,0.849776
AACGTAGTCTACCCAT-1,0.050988,0.468567,0.480444
AACGTCAGACTAGTGG-1,0.000033,0.460179,0.539789
AACGTCATCCGGCTTG-1,0.038988,0.742745,0.218267
AACGTGATGAAGGACA-1,0.818593,0.159982,0.021425
AACGTGCGAAAGTCTC-1,0.635647,0.363948,0.000405
AACTAGCGTATCGCAC-1,0.142018,0.341481,0.516501
AACTAGGCTTGGGTGT-1,0.118021,0.574134,0.307844
AACTCAAGTTAATTGC-1,0.025991,0.30723,0.666779
AACTCCAGAGCGTGTT-1,0.091868,0.597622,0.31051
AACTCCTAATCCCATG-1,0.787438,0.211254,0.001308
AACTCGATGGCGCAGT-1,0.234556,0.764905,0.000539
AACTCTCAATAGAGCG-1,0.991492,0.007988,0.00052
AACTCTCAGTGTGCTC-1,0.000144,0.027726,0.972129
AACTGATATTAGGCCT-1,0.000011,0.00724,0.992749
AACTGGGTCCCGACGT-1,0.091657,0.326656,0.581687
AACTGGGTTCGAGCCG-1,0.615686,0.026122,0.358192
AACTGGTGTGGGCCTT-1,0.000021,0.382975,0.617004
AACTTCTGCGTCTATC-1,0.688246,0.310194,0.00156
AACTTGCCCGTATGCA-1,0.000012,0.171091,0.828897
AACTTGCGTTCTCGCG-1,0.390742,0.608303,0.000954
AACTTTAGCTGCTGAG-1,0.014954,0.165581,0.819465
AAGAAAGTTTGATGGG-1,0.506624,0.055534,0.437842
AAGAAGGATCAGTTAG-1,0.19416,0.805162,0.000678
AAGACCAAATAACTCA-1,0.714376,0.0027,0.282924
AAGACCCAACTGAACA-1,0.009604,0.521669,0.468728
AAGACTAACCCGTTGT-1,0.219769,0.779835,0.000396
AAGACTCACGCCCACT-1,0.759178,0.172304,0.068518
AAGACTGCAAGCTACT-1,0.534751,0.377518,0.087732
AAGAGATGAATCGGTA-1,0.084058,0.839091,0.076851
AAGAGCTCTTTATCGG-1,0.799949,0.199605,0.000446
AAGAGGATGTACGCGA-1,0.052474,0.632772,0.314754
AAGAGGCATGGATCGC-1,0.633487,0.304304,0.062208
AAGATGGCACCGGACC-1,0.029175,0.021559,0.949265
AAGATTGGCGGAACGT-1,0.854738,0.144582,0.00068
AAGCACCCTGCGTATC-1,0.093347,0.38003,0.526623
AAGCATACTCTCCTGA-1,0.129001,0.196298,0.674701
AAGCCACTTGCAGGTA-1,0.000023,0.305556,0.694422
AAGCCGCCGTGAAATC-1,0.235201,0.223451,0.541348
AAGCGCAGGGCTTTGA-1,0.029163,0.002617,0.968221
AAGCGGCGTCATGGGT-1,0.762057,0.023437,0.214506
AAGCGTCCCTCATCGA-1,0.000018,0.28151,0.718472
AAGCTAGATCGAGTAA-1,0.129892,0.311987,0.558122
AAGCTCGTGCCAAGTC-1,0.76426,0.22531,0.01043
AAGCTCTTTCATGGTG-1,0.135513,0.373528,0.490958
AAGGAGAACTTATAAG-1,0.023172,0.118705,0.858123
AAGGAGCGGTTGGTGC-1,0.001096,0.592453,0.406451
AAGGATGAGGGACCTC-1,0.999478,0.000065,0.000457
AAGGCGCGTAAAGCTT-1,0.003327,0.291177,0.705496
AAGGCTGTGCTCATCG-1,0.044752,0.12291,0.832338
AAGGGAACGACTGGCT-1,0.003904,0.609115,0.386981
AAGGGACAGATTCTGT-1,0.732926,0.066286,0.200788
AAGGGACTATGCATTC-1,0.01115,0.441591,0.547258
AAGGTATCCTAATATA-1,0.809752,0.189839,0.000409
AAGGTGATAAACCAGC-1,0.999742,0.000032,0.000226
AAGTAAGCTTCCAAAC-1,0.000035,0.6314,0.368565
AAGTAGAAGACCGGGT-1,0.017838,0.482691,0.499471
AAGTAGTGACGCGAGG-1,0.000017,0.250273,0.74971
AAGTCAATTGTCGTCA-1,0.556081,0.389557,0.054362
AAGTGACGACCGAATT-1,0.009926,0.800669,0.189405
AAGTGAGTCGGGTTTA-1,0.000032,0.623452,0.376516
AAGTGCGTTAGAATCT-1,0.008809,0.596531,0.39466
AAGTGCTTCTCTATTG-1,0.033986,0.170858,0.795156
AAGTGTTTGGAGACGG-1,0.293059,0.572581,0.134359
AAGTTCACTCCAAGCT-1,0.000056,0.000056,0.999888
AAGTTCGGCCAACAGG-1,0.017404,0.323057,0.65954
AAGTTTACTAATGGCA-1,0.076161,0.248626,0.675213
AAGTTTATGGGCCCAA-1,0.013682,0.122288,0.86403
AATAACAACGCTCGGC-1,0.017184,0.043762,0.939054
AATAACACTAGAACAA-1,0.089205,0.317741,0.593054
AATAAGTCCTCGAGAC-1,0.05425,0.314804,0.630945
AATACAATGTTTCAGG-1,0.45041,0.548934,0.000656
AATACCGGAGGGCTGT-1,0.001458,0.282856,0.715685
AATACCTGATGTGAAC-1,0.028419,0.43244,0.539141
AATAGAACAGAGTGGC-1,0.034256,0.230375,0.735368
AATAGAATCTGTTTCA-1,0.580577,0.215622,0.203802
AATAGGCACGACCCTT-1,0.001725,0.705776,0.292499
AATAGTCCGTCCCGAC-1,0.080839,0.218863,0.700299
AATATCAAGGTCGGAT-1,0.013701,0.279859,0.70644
AATATCGAGGGTTCTC-1,0.666745,0.277285,0.055969
AATATTGGAGTATTGA-1,0.011551,0.096664,0.891785
AATCAGACTGCAGGAC-1,0.372408,0.626688,0.000904
AATCAGGTTTCATTTA-1,0.028151,0.163371,0.808478
AATCATGTAAAGACTC-1,0.570141,0.429527,0.000332
AATCCAAGGGCCTGAG-1,0.031483,0.259093,0.709424
AATCCATGCAAGGGTG-1,0.288604,0.710618,0.000778
AATCCCGCTCAGAGCC-1,0.055683,0.633308,0.311009
AATCGAGGTCTCAAGG-1,0.000004,0.022162,0.977834
AATCGCCTCAGCGCCA-1,0.572669,0.29281,0.134521
AATCGGGACACTACGA-1,0.000016,0.033405,0.966579
AATCGTGAGCCGAGCA-1,0.082791,0.218093,0.699116
AATCTAGGTTTACTTG-1,0.00787,0.543948,0.448182
AATCTCTACTGTGGTT-1,0.905538,0.020171,0.074291
AATCTGCGTTGGGACG-1,0.927799,0.071621,0.00058
AATCTGGCTTTCTAGT-1,0.093039,0.901902,0.00506
AATCTGGGTAGACCCT-1,0.714334,0.284748,0.000918
AATGACAGCAATGTCT-1,0.019357,0.032874,0.94777
AATGACGTAGGATGTC-1,0.312754,0.000034,0.687212
AATGACTGTCAGCCGG-1,0.066226,0.486362,0.447413
AATGAGTTCGCATATG-1,0.159263,0.727389,0.113348
AATGATGATACGCTAT-1,0.999435,0.000071,0.000495
AATGCAACCGGGTACC-1,0.010064,0.448401,0.541535
AATGCACCAAGCAATG-1,0.681267,0.318075,0.000658
AATGGTCCACCGTTCA-1,0.500104,0.464487,0.035409
AATGGTTCTCACAAGC-1,0.07746,0.775168,0.147372
AATGTATGGCACTGTA-1,0.321355,0.638393,0.040253
AATGTGCCCGAGGTGT-1,0.000033,0.658517,0.34145
AATGTGCTAATCTGAG-1,0.001244,0.141193,0.857563
AATGTTAAGACCCTGA-1,0.000012,0.406607,0.593381
AATTAAAGGTCGGCGT-1,0.001632,0.368995,0.629373
AATTAACGGATTTCCA-1,0.079904,0.477597,0.442499
AATTACGAGACCCATC-1,0.47027,0.311724,0.218006
AATTAGCGCTGCAGCG-1,0.128583,0.320369,0.551049
AATTATACCCAGCAAG-1,0.032272,0.284773,0.682955
AATTCATAAGGGATCT-1,0.980018,0.019207,0.000775
AATTCATTGTCATGCA-1,0.331703,0.608507,0.05979
AATTCCAAGCATGTAC-1,0.110204,0.507187,0.382609
AATTCGATTCGAGGAT-1,0.03465,0.2001,0.76525
AATTCTAGAGTTAGGC-1,0.00002,0.003294,0.996687
AATTGAACGCTCTGGT-1,0.82164,0.177716,0.000644
AATTGCAGCAATCGAC-1,0.000026,0.001027,0.998947
AATTGCGTGGATTACA-1,0.391773,0.607576,0.000651
AATTTGGGACATAGTA-1,0.999653,0.000043,0.000304
AATTTGGTTCCAAAGA-1,0.000504,0.002345,0.997152
ACAAACCATGCGTCCT-1,0.014247,0.15532,0.830433
ACAAACCGACAAGGCG-1,0.000015,0.000015,0.999969
ACAAACTCCATCAGAG-1,0.00311,0.71885,0.27804
ACAAAGCATGACCTAG-1,0.028886,0.104415,0.866699
ACAAATCGCACCGAAT-1,0.432505,0.507161,0.060335
ACAAATGGTAGTGTTT-1,0.937151,0.06244,0.00041
ACAACAGCATGAGCTA-1,0.557208,0.429189,0.013603
ACAACGGTCCCTGCGA-1,0.033724,0.962991,0.003285
ACAAGCAGTGCCTAGC-1,0.000006,0.008763,0.991231
ACAAGGAAATCCGCCC-1,0.345997,0.255984,0.398019
ACAAGGACAAGAGGTT-1,0.034919,0.373936,0.591144
ACAAGGATGCTTTAGG-1,0.090427,0.442685,0.466888
ACAAGGGCAGGCTCTG-1,0.663879,0.300788,0.035333
ACAAGTAATTGTAAGG-1,0.471021,0.000076,0.528903
ACAATAGTCGTACGTT-1,0.053488,0.317857,0.628655
ACAATCCATTTAAACC-1,0.007171,0.110491,0.882338
ACAATCGATCTTTATA-1,0.000027,0.320906,0.679067
ACAATGAATACGGAGA-1,0.008334,0.001454,0.990212
ACAATTGTGTCTCTTT-1,0.402068,0.000049,0.597882
ACAATTTGAGCAGTGG-1,0.99963,0.000046,0.000323
ACACAAAGACGGGTGG-1,0.004136,0.266211,0.729653
ACACACCAGGACCAGT-1,0.952098,0.047209,0.000693
ACACACTTTCTACACG-1,0.19236,0.103713,0.703927
ACACATGATCAAATCT-1,0.025725,0.152758,0.821517
ACACATTTCCGTAGAC-1,0.127026,0.3534,0.519574
ACACCCAGCATGCAGC-1,0.000018,0.298972,0.701011
ACACCCGAGAAATCCG-1,0.001571,0.186576,0.811853
ACACCGGTCTGACCGC-1,0.002317,0.223103,0.77458
ACACCTTAAGTAGGGC-1,0.000339,0.214819,0.784842
ACACGAGACTCCTTCT-1,0.653024,0.279224,0.067752
ACACGGCACTATGCAT-1,0.125586,0.492001,0.382413
ACACGGGAACTTAGGG-1,0.17725,0.177921,0.644829
ACACTCCAATGTCACT-1,0.641631,0.135733,0.222636
ACACTGATCAAGGTGT-1,0.030489,0.010368,0.959143
ACAGAACTGAGAACAA-1,0.02115,0.637832,0.341018
ACAGATTAGGTTAGTG-1,0.018268,0.392196,0.589537
ACAGCATAGAGCCAGT-1,0.040462,0.24948,0.710057
ACAGCGACATTCTCAT-1,0.561221,0.399171,0.039609
ACAGCGCACCCGCAGC-1,0.843656,0.087881,0.068463
ACAGGCACGGATCCTT-1,0.085476,0.544756,0.369767
ACAGGCTTGCCCGACT-1,0.734458,0.258712,0.00683
ACAGGTGGAGGTGAGG-1,0.002624,0.097466,0.89991
ACAGTAATACAACTTG-1,0.104414,0.89521,0.000376
ACATAAGTCGTGGTGA-1,0.539789,0.459795,0.000417
ACATAATAAGGCGGTG-1,0.060802,0.422285,0.516913
ACATACAATCAAGCGG-1,0.047231,0.318871,0.633898
ACATCAGCTGGGACGC-1,0.867417,0.000072,0.132511
ACATCCCGGCCATACG-1,0.033336,0.115633,0.851032
ACATCCTGGTAACTGT-1,0.949656,0.00008,0.050264
ACATCGATCGTTTACC-1,0.000019,0.000019,0.999962
ACATCGCAATATTCGG-1,0.043903,0.707879,0.248217
ACATCGGTCAGCCGCG-1,0.008158,0.077632,0.91421
ACATCGTATGCAATGG-1,0.613932,0.384131,0.001936
ACATCGTTAACCTAGT-1,0.221339,0.511825,0.266836
ACATCTCAACGCGTAA-1,0.129763,0.276892,0.593344
ACATGCTTACGGCAGC-1,0.776678,0.079775,0.143547
ACATTAGTTTATATCC-1,0.000013,0.000013,0.999974
ACATTCGCGCGGAATA-1,0.054649,0.673363,0.271988
ACATTTGAAACCTAAC-1,0.031957,0.401933,0.56611
ACCAAACTAGAAATCC-1,0.012359,0.004547,0.983094
ACCAACCGCACTCCAC-1,0.067449,0.101506,0.831045
ACCAACGCTTATTTAT-1,0.150999,0.315459,0.533541
ACCAAGAACGCGTGTC-1,0.000114,0.592391,0.407495
ACCAATATGCAAGTTA-1,0.047177,0.052804,0.900019
ACCACAACTCAGAACA-1,0.545129,0.437573,0.017297
ACCACAAGTTTCTATC-1,0.004534,0.117447,0.878019
ACCACACGGTTGATGG-1,0.000213,0.20097,0.798817
ACCACGTGCAGCTATA-1,0.470934,0.391105,0.13796
ACCAGCCCGGTCTTTG-1,0.069986,0.199018,0.730996
ACCAGGAGTGTGATCT-1,0.00061,0.072811,0.926579
ACCAGTGCGGGAGACG-1,0.99947,0.000066,0.000464
ACCATATCCGCAATAA-1,0.016844,0.101313,0.881842
ACCATCCGCCAACTAG-1,0.344734,0.629819,0.025448
ACCATCGTATATGGTA-1,0.029651,0.033093,0.937256
ACCCAACGCCCGTGGC-1,0.903288,0.000046,0.096666
ACCCACCTACATGCTC-1,0.00625,0.599206,0.394544
ACCCATCTTGAGGGTA-1,0.015778,0.472951,0.511271
ACCCATTTGTCCCTCT-1,0.317022,0.31371,0.369268
ACCCGAGCGAAATTAC-1,0.010925,0.407056,0.582019
ACCCGATTGGTTCCGA-1,0.0328,0.450697,0.516503
ACCCGGAAACTCCCAG-1,0.01207,0.149265,0.838665
ACCCGGATGACGCATC-1,0.850359,0.149201,0.00044
ACCCGGTTACACTTCC-1,0.053543,0.770356,0.176101
ACCCGTAGCAGAGAAT-1,0.666115,0.036097,0.297788
ACCCGTGTCATCAGTA-1,0.004743,0.556027,0.43923
ACCCTATAGGACTGAG-1,0.547568,0.279938,0.172493
ACCCTATGCCATATCG-1,0.043877,0.427213,0.52891
ACCCTCCCGTCAGGGC-1,0.057262,0.292537,0.650201
ACCCTCCCTTGCTATT-1,0.944877,0.000064,0.055059
ACCCTTCATCTGCGAA-1,0.052414,0.301114,0.646473
ACCCTTTAGTTCTCCA-1,0.737993,0.254733,0.007274
ACCGAAAGGGCCCTGC-1,0.023389,0.151648,0.824963
ACCGAAGAGTCTGGTT-1,0.218764,0.780691,0.000545
ACCGACACATCTCCCA-1,0.034043,0.257676,0.708281
ACCGACTGAGTCCCAC-1,0.080108,0.596507,0.323385
ACCGAGTCTCCTTATT-1,0.000007,0.000007,0.999987
ACCGATGGTAGCATCG-1,0.763386,0.189005,0.047609
ACCGCAATAACTGCCT-1,0.128133,0.000183,0.871685
ACCGCTAGTCATTGGT-1,0.072852,0.70357,0.223578
ACCGGGCCTTTGTTGA-1,0.552065,0.113229,0.334706
ACCGGTCAGGTACACC-1,0.074633,0.925005,0.000361
ACCGTCCACTGGGCCC-1,0.534496,0.022837,0.442668
ACCGTGACCACGTGGG-1,0.000029,0.566468,0.433503
ACCGTTCCCGCTCTGA-1,0.000354,0.092425,0.907221
ACCTAAGTACCTTTCA-1,0.059302,0.234511,0.706187
ACCTAATCGACTTCCT-1,0.068696,0.688094,0.24321
ACCTACTATAAATCTA-1,0.011931,0.148228,0.83984
ACCTCAGCGAGGCGCA-1,0.00046,0.328628,0.670912
ACCTCGAACTTATGCT-1,0.000022,0.44369,0.556289
ACCTGCGTGTCATGTT-1,0.000007,0.074749,0.925245
ACCTTTCCTTTAGAAG-1,0.006605,0.027973,0.965423
ACGAAATGGGCGGCAC-1,0.001242,0.561343,0.437414
ACGACTCTAGGGCCGA-1,0.047809,0.110468,0.841723
ACGACTGGTCATACTC-1,0.029732,0.201578,0.76869
ACGAGAACCCATCACG-1,0.000022,0.403342,0.596636
ACGAGATATTTGCTTA-1,0.574522,0.255311,0.170168
ACGAGGATACCACTCT-1,0.000018,0.326965,0.673017
ACGAGGTTTACAACGT-1,0.203082,0.796337,0.000581
ACGATACATAGAACTA-1,0.839239,0.160392,0.000369
ACGATCATACATAGAG-1,0.052199,0.637045,0.310755
ACGATCATCTTGTAAA-1,0.720917,0.000314,0.278769
ACGATGCATATGTTAT-1,0.010165,0.07466,0.915175
ACGATGGATCCGATGC-1,0.095497,0.431382,0.473121
ACGCAAACTAATAGAT-1,0.000019,0.39646,0.60352
ACGCATACGTTTACTA-1,0.538451,0.301438,0.160111
ACGCATTCGTGAGTAC-1,0.051913,0.457848,0.490239
ACGCCACTCGAAACAG-1,0.007338,0.299248,0.693413
ACGCCAGATGATTTCT-1,0.227725,0.438298,0.333978
ACGCCAGTGCGTTTGC-1,0.066156,0.528048,0.405795
ACGCCCAGCTGTCGAT-1,0.060106,0.489083,0.450811
ACGCCGCTAGACGACC-1,0.782542,0.086521,0.130937
ACGCGAAGTCAGACGA-1,0.067455,0.132384,0.800161
ACGCGCTACACAGGGT-1,0.035421,0.159469,0.80511
ACGCGGGCCAAGGACA-1,0.178925,0.49392,0.327155
ACGCTAGTGATACACT-1,0.888427,0.031415,0.080158
ACGCTGTGAGGCGTAG-1,0.461848,0.537211,0.000941
ACGCTTAGTGTCTCTC-1,0.299346,0.000238,0.700417
ACGGAACACGAGTGCC-1,0.027011,0.151496,0.821493
ACGGAATTTAGCAAAT-1,0.030438,0.952347,0.017215
ACGGACGCAGCGACAA-1,0.563194,0.01209,0.424716
ACGGACTCTCAAAGCG-1,0.177022,0.230148,0.59283
ACGGATGGTGCGGATA-1,0.091733,0.520583,0.387683
ACGGCACTTGCTTGGG-1,0.014611,0.441315,0.544074
ACGGCCAACATGGACT-1,0.070077,0.420012,0.509911
ACGGCGACGATGGGAA-1,0.025218,0.000206,0.974577
ACGGCGGGTTGCCCTG-1,0.003638,0.342479,0.653883
ACGGCTGGATGTAGAA-1,0.157002,0.842623,0.000375
ACGGGAGTGTCGGCCC-1,0.044316,0.65268,0.303004
ACGGGTTGTGACCTGT-1,0.603629,0.000212,0.396159
ACGGTACAGTTCAATG-1,0.018688,0.409567,0.571745
ACGGTCACCGAGAACA-1,0.479781,0.283694,0.236525
ACGTACAGATTTCTCT-1,0.004644,0.033473,0.961883
ACGTACTTTGGCACGG-1,0.051581,0.061509,0.886909
ACGTAGATTGCTGATG-1,0.243395,0.511549,0.245056
ACGTAGGAGAGTCGCT-1,0.03301,0.16372,0.80327
ACGTATTACTCCGATC-1,0.764249,0.153955,0.081796
ACGTCCTAAACGAGAT-1,0.039208,0.000216,0.960576
ACGTGCGCCTCGTGCA-1,0.043109,0.196754,0.760137
ACGTGGTCGAATGTGC-1,0.034548,0.006228,0.959224
ACGTTAATGTCGAAGA-1,0.458429,0.541125,0.000446
ACGTTAGATTTGCCCG-1,0.068206,0.117647,0.814147
ACGTTCACTATGCCGC-1,0.010061,0.218477,0.771462
ACGTTCCGCGCTCCGT-1,0.008729,0.274044,0.717226
ACGTTCGTTCAGGAAA-1,0.052707,0.307047,0.640246
ACGTTCTGTACAAGTC-1,0.034756,0.459066,0.506178
ACGTTGTCGTTGAAAG-1,0.004254,0.945559,0.050187
ACGTTTAGTTGTGATC-1,0.06138,0.45314,0.48548
ACTAATACGTCAGGCG-1,0.614215,0.00018,0.385605
ACTACAAAGAGAGGTG-1,0.025341,0.069711,0.904949
ACTACATCCCGACAAG-1,0.000008,0.097588,0.902404
ACTACCAGCTCTCTGG-1,0.013721,0.290917,0.695362
ACTACCATCCGAGGGC-1,0.065162,0.882822,0.052016
ACTACGCGTTAGAATT-1,0.000011,0.000011,0.999978
ACTAGTTGCGATCGTC-1,0.5864,0.081932,0.331668
ACTATGTCCAGCTGCC-1,0.036098,0.616347,0.347555
ACTATTCGTCCGTGGT-1,0.142661,0.000038,0.857301
ACTATTTCCGGGCCCA-1,0.080209,0.000968,0.918823
ACTCAACGAATGTATT-1,0.029216,0.506677,0.464107
ACTCAAGTGCAAGGCT-1,0.349918,0.207542,0.442539
ACTCAATAAAGGCACG-1,0.240396,0.399345,0.360259
ACTCAGACCTGCTTCT-1,0.00016,0.06348,0.93636
ACTCATGGCAGCCTTC-1,0.000017,0.382526,0.617456
ACTCCAATATCATCAT-1,0.033237,0.280257,0.686505
ACTCCCATTCCTAAAG-1,0.006603,0.841781,0.151615
ACTCCCTAATGCTAAA-1,0.026558,0.13072,0.842721
ACTCCCTAGAATAGTA-1,0.170168,0.273222,0.55661
ACTCCGGCCGACCACT-1,0.024386,0.093926,0.881689
ACTCGTAACCCGTCCT-1,0.036448,0.273988,0.689565
ACTCGTCAGTAATCCC-1,0.599069,0.336647,0.064284
ACTCTCTGACTTAGGT-1,0.204427,0.000028,0.795545
ACTCTCTTATACACGA-1,0.905557,0.093769,0.000674
ACTCTGACCTAATAGA-1,0.000111,0.166475,0.833414
ACTCTTGTATAGTAAC-1,0.493187,0.417747,0.089067
ACTGAAACGCCGTTAG-1,0.149069,0.210285,0.640646
ACTGAATGGCGAAAGT-1,0.810288,0.189319,0.000393
ACTGATTTAGTGATTC-1,0.280612,0.290806,0.428582
ACTGCCCGCCATTCTC-1,0.060426,0.266346,0.673228
ACTGCCGTCGTAACTC-1,0.187962,0.478056,0.333982
ACTGCTCGGAAGGATG-1,0.395978,0.603457,0.000565
ACTGGGATGCCAGTGC-1,0.266011,0.303388,0.430601
ACTGTACGATACACAT-1,0.635394,0.054408,0.310198
ACTGTAGCACTTTGGA-1,0.000027,0.510537,0.489436
ACTGTATACGCGAGCA-1,0.000012,0.057738,0.942249
ACTGTCCAGGATTATA-1,0.084103,0.613143,0.302755
ACTGTCTTCTTTAGAA-1,0.180943,0.490352,0.328705
ACTGTGCTAGTAGATC-1,0.019141,0.820009,0.16085
ACTGTTTAGTGTAGGC-1,0.002661,0.024006,0.973333
ACTTACCGGGCGCGCA-1,0.692621,0.104971,0.202408
ACTTACGCATCCACGC-1,0.124084,0.240623,0.635293
ACTTAGTACGACAAGA-1,0.000006,0.070145,0.929848
ACTTATACTTACCCGG-1,0.763496,0.235866,0.000637
ACTTATCTGATCTATA-1,0.000052,0.829035,0.170913
ACTTATTAGGATCGGT-1,0.049485,0.702706,0.247809
ACTTATTTATGTGCCA-1,0.902188,0.097134,0.000677
ACTTCAGGCTGATCCC-1,0.778627,0.000066,0.221308
ACTTCCATGCGGGACA-1,0.064784,0.019113,0.916103
ACTTCGCCATACGCAC-1,0.965147,0.034468,0.000385
ACTTGACTCCCTCTTT-1,0.278518,0.118101,0.603382
ACTTGCCATATTGTAC-1,0.034279,0.078304,0.887417
ACTTGCTCTATCTACC-1,0.624053,0.000126,0.375821
ACTTGGGACCCGGTGG-1,0.000012,0.168237,0.831751
ACTTGGGCTTTCGCCA-1,0.000017,0.37882,0.621162
ACTTGTAGTCCCTTCA-1,0.64291,0.237723,0.119366
ACTTGTTACCGGATCA-1,0.013043,0.589606,0.39735
ACTTTATACACCACTT-1,0.796069,0.058845,0.145087
ACTTTCCTATAGCTTC-1,0.051887,0.471018,0.477095
ACTTTGACTGCATCCT-1,0.9995,0.000063,0.000438
ACTTTGGTCGTGCTCC-1,0.050294,0.94927,0.000436
AGAACACGGCGATGGT-1,0.625547,0.196221,0.178232
AGAACCCTCAATTGGG-1,0.635008,0.364597,0.000395
AGAACGTGGTACATTC-1,0.369237,0.15991,0.470853
AGAACTGTACTTTGTA-1,0.007746,0.24406,0.748193
AGAAGAGCGCCGTTCC-1,0.806061,0.187398,0.006541
AGAAGGTACACTTCAC-1,0.235837,0.713306,0.050857
AGAAGGTTGCCGAATT-1,0.017479,0.437236,0.545286
AGAAGGTTGTAGGTCG-1,0.036574,0.379938,0.583488
AGAAGTGATTCGTGAT-1,0.013124,0.118929,0.867947
AGAATAAATCTTCAGG-1,0.818061,0.040379,0.14156
AGAATACAGGCTATCC-1,0.00251,0.513264,0.484226
AGAATTATGGATTCGA-1,0.785338,0.213185,0.001477
AGAATTGTTTGACATA-1,0.118321,0.880978,0.000701
AGACATAGATCCTTCC-1,0.023429,0.031161,0.945411
AGACCAAACCACACCT-1,0.547836,0.348378,0.103786
AGACCATGGGATACAA-1,0.0221,0.586818,0.391082
AGACCCACCGCTGATC-1,0.103759,0.331556,0.564686
AGACCCGCCCTCCTCG-1,0.004537,0.06287,0.932593
AGACCGGGAAACCCTG-1,0.132528,0.846446,0.021026
AGACGAAGTGCCGGTC-1,0.701901,0.271811,0.026289
AGACGACGATGCCGCT-1,0.02586,0.256031,0.718109
AGACGGGATTGGTATA-1,0.010829,0.000039,0.989132
AGACTAGCCTTCCAGA-1,0.020537,0.78645,0.193013
AGACTGTTACCGGGTC-1,0.001211,0.480613,0.518177
AGAGAAACACCAGAAA-1,0.042232,0.114415,0.843352
AGAGAACCGTCTAGGA-1,0.990842,0.00004,0.009118
AGAGAAGGAGTACAAT-1,0.000232,0.002801,0.996967
AGAGATCTCTAAAGCG-1,0.000554,0.985865,0.013581
AGAGCAGTTATGAGAC-1,0.535106,0.450306,0.014589
AGAGCGGGCTAATCAT-1,0.03445,0.305616,0.659934
AGAGCGTACAAGCTCG-1,0.026487,0.126356,0.847157
AGAGGCTTCGGAAACC-1,0.45363,0.534988,0.011382
AGAGGTATCTCGGTCC-1,0.028765,0.027001,0.944234
AGATAACTTCAGGGCC-1,0.00927,0.067446,0.923283
AGATAATCACACCTAT-1,0.697372,0.000075,0.302553
AGATACCGGTGTTCAC-1,0.001132,0.395325,0.603544
AGATACGACTTCATAT-1,0.000045,0.985374,0.014582
AGATACTCAAGATCGA-1,0.558162,0.441352,0.000486
AGATATAATACGACTA-1,0.042633,0.265525,0.691842
AGATCGTGCATAAGAT-1,0.70522,0.293853,0.000928
AGATCTCAGGTGTGAT-1,0.809934,0.030751,0.159315
AGATCTGGAGAGGATA-1,0.696393,0.05438,0.249227
AGATGACTCGCCCACG-1,0.000016,0.062076,0.937908
AGATGAGGGTTGCGAT-1,0.575606,0.096127,0.328267
AGATGCAAGACGTGCA-1,0.052227,0.589935,0.357837
AGATGCATCCTGTGTC-1,0.344898,0.397576,0.257527
AGATTATAGGACGTTT-1,0.020425,0.126224,0.853351
AGATTCACAACCGATA-1,0.179677,0.598041,0.222283
AGCAAAGGCCGCTAGT-1,0.03797,0.287909,0.67412
AGCAACATATCTTATT-1,0.880053,0.119086,0.000861
AGCAACCGAAAGTAAT-1,0.075336,0.79302,0.131644
AGCACACGTTTAGACT-1,0.02852,0.341818,0.629662
AGCACCAGTACTCACG-1,0.020955,0.000844,0.978202
AGCACTACCGGCCTGT-1,0.374751,0.455113,0.170136
AGCACTACCTCACCAG-1,0.177452,0.667812,0.154737
AGCACTTAAGGACGCC-1,0.021535,0.005123,0.973342
AGCAGAAGGAGAAAGA-1,0.009281,0.00206,0.988658
AGCAGCCAGATGAATA-1,0.100189,0.573682,0.326129
AGCAGTCGAAGCATGC-1,0.005988,0.543927,0.450086
AGCATATCAATATGCT-1,0.295496,0.004742,0.699762
AGCATCATTTCGAAAG-1,0.064209,0.313448,0.622343
AGCATCGTCGATAATT-1,0.000029,0.734704,0.265267
AGCCAAGCTTTGTGTC-1,0.003761,0.014658,0.981581
AGCCACAGGTTACCCG-1,0.018727,0.465048,0.516226
AGCCACTCCCGTGCTT-1,0.117478,0.000024,0.882499
AGCCATATAGTATGTG-1,0.085605,0.265565,0.64883
AGCCCATACATGTAAG-1,0.004415,0.248709,0.746876
AGCCCGCAACAAGCAG-1,0.016845,0.50484,0.478315
AGCCCGGCATTAGAGG-1,0.057746,0.022877,0.919377
AGCCCGGTAGCCTGTA-1,0.00835,0.400035,0.591615
AGCCCTAAGCGAAGTT-1,0.11267,0.254375,0.632955
AGCCCTCCCTGGTGGC-1,0.070328,0.025471,0.904202
AGCCGTGGCTAAATGT-1,0.033835,0.264533,0.701632
AGCCTAATACCCACGT-1,0.113898,0.885693,0.000409
AGCCTTAAAGCGGAAG-1,0.733969,0.012043,0.253989
AGCGACAGGAACGGTC-1,0.00001,0.013878,0.986113
AGCGACATCCCATTCA-1,0.029571,0.353569,0.61686
AGCGACCAACGATATT-1,0.102524,0.230264,0.667212
AGCGACTTTGAAGACA-1,0.006432,0.4744,0.519168
AGCGAGACGTGAAGGC-1,0.012047,0.173482,0.814471
AGCGCATAATGAATCG-1,0.020703,0.127454,0.851843
AGCGCGGGTGCCAATG-1,0.999535,0.000058,0.000406
AGCGCTTATGGGCAAG-1,0.692543,0.307094,0.000363
AGCGGACACTTCGTAG-1,0.003012,0.103067,0.893921
AGCGGCGGTTAGCGGT-1,0.214486,0.78502,0.000494
AGCGGGAAGGGTCCAT-1,0.003493,0.040766,0.955741
AGCGGGTCTGACACTC-1,0.008318,0.122724,0.868957
AGCGGTTGAGATGTAC-1,0.463969,0.000311,0.53572
AGCGTACGAGAGCTAG-1,0.663056,0.336213,0.000732
AGCGTAGCGCTAGACC-1,0.232335,0.767096,0.000569
AGCGTCTGAACCCGCA-1,0.000032,0.67898,0.320988
AGCGTGGTATTCTACT-1,0.080389,0.908801,0.01081
AGCGTTCCGATTTAAA-1,0.743895,0.075775,0.18033
AGCTAACAAGCAATGT-1,0.016751,0.149654,0.833595
AGCTAAGCTCCGTCCG-1,0.000009,0.063031,0.93696
AGCTAAGTACGCAGGC-1,0.017827,0.617434,0.36474
AGCTAGAAGCAGAAGT-1,0.83957,0.056672,0.103758
AGCTATTTAATCCAAC-1,0.23916,0.553607,0.207234
AGCTCCTTCGCACATC-1,0.617305,0.382018,0.000677
AGCTCTAGACGTTCCA-1,0.59819,0.188822,0.212988
AGCTCTTCCCAGTGCA-1,0.917541,0.081843,0.000616
AGCTCTTTACTCAGTT-1,0.017416,0.651016,0.331568
AGCTGAAGTAAACCAA-1,0.999625,0.000047,0.000328
AGCTGTAACCTCAATC-1,0.087879,0.078297,0.833824
AGCTTATAGAGACCTG-1,0.01138,0.290733,0.697886
AGCTTCAATACTTTGA-1,0.126654,0.269109,0.604237
AGCTTCTTCTCGAGCA-1,0.030064,0.396154,0.573782
AGCTTGATCAGGGTAG-1,0.618867,0.373587,0.007546
AGCTTGATCTTAACTT-1,0.079603,0.489332,0.431065
AGGAAGCTGTCCGCCG-1,0.02168,0.542296,0.436024
AGGACAGTCGAATCCC-1,0.938461,0.060851,0.000688
AGGACATCGCACGTCG-1,0.209193,0.408561,0.382247
AGGACGACCCATTAGA-1,0.000025,0.278311,0.721664
AGGACGCTCGATGTTG-1,0.874717,0.124436,0.000848
AGGAGGCCTTCGCGCG-1,0.737495,0.26015,0.002355
AGGATAAAGTCGGGAT-1,0.019579,0.074182,0.906239
AGGATATAGGGATTTA-1,0.629467,0.293139,0.077394
AGGATATCCGACTGCA-1,0.065854,0.337507,0.596639
AGGATCACGCGATCTG-1,0.054626,0.681343,0.264032
AGGCAAAGAGGAATCA-1,0.078816,0.526971,0.394213
AGGCAGATGCGTAAAC-1,0.921581,0.000036,0.078383
AGGCAGGGAGCGTACT-1,0.016233,0.000039,0.983728
AGGCATTGTCGTAGGG-1,0.413796,0.58522,0.000984
AGGCCACCCGTTATGA-1,0.046092,0.571292,0.382617
AGGCCCATTGTACAGG-1,0.000319,0.198851,0.80083
AGGCCCTAGAACGCCA-1,0.002699,0.27616,0.721142
AGGCCTATCATACCAA-1,0.140286,0.35007,0.509644
AGGCCTGAGAATCTCG-1,0.053762,0.226768,0.71947
AGGCGGTTTGTCCCGC-1,0.038592,0.912017,0.049391
AGGCTATGGTTAGCTT-1,0.008943,0.792074,0.198983
AGGCTTAAGTTGCACA-1,0.000454,0.192021,0.807525
AGGCTTCCCGAAGAAG-1,0.029933,0.255986,0.714081
AGGCTTGCTAGACACC-1,0.613147,0.386221,0.000632
AGGGAAACGAGGTACT-1,0.673755,0.000043,0.326201
AGGGACAGCACGGCGG-1,0.003271,0.241124,0.755605
AGGGACTCTACGCGAC-1,0.031798,0.424378,0.543824
AGGGCAGCGGCGTGGT-1,0.199694,0.333114,0.467192
AGGGCGAGCAGCTGAT-1,0.000013,0.406926,0.59306
AGGGCGTGATCGGCTA-1,0.004755,0.565367,0.429879
AGGGCTGCAGTTACAG-1,0.17925,0.568487,0.252263
AGGGTCAGAGCACTCG-1,0.126829,0.078456,0.794715
AGGGTCGATGCGAACT-1,0.568025,0.429273,0.002702
AGGGTGCCGTTCTTTA-1,0.012701,0.033341,0.953958
AGGGTGCTCTCGAGGG-1,0.761014,0.238426,0.000559
AGGGTTCAGACGGTCC-1,0.043591,0.03871,0.917699
AGGGTTCCCTTTGGTT-1,0.936888,0.03027,0.032842
AGGGTTTAGTTCGGGA-1,0.012873,0.003958,0.983169
AGGTAACCTCCTATTC-1,0.00998,0.732036,0.257984
AGGTACGATATTGCCA-1,0.279411,0.441564,0.279025
AGGTAGATCGAGATAT-1,0.047519,0.213095,0.739386
AGGTAGGTACAAAGCT-1,0.000378,0.032676,0.966946
AGGTCAGGTGAGAGTG-1,0.000012,0.240164,0.759824
AGGTCGCCACTTCGGT-1,0.190114,0.809309,0.000577
AGGTGGTGACCTTCGC-1,0.024766,0.225573,0.749661
AGGTGTATCGCCATGA-1,0.203277,0.796164,0.000559
AGGTTCTCCTTTCCGG-1,0.36518,0.634166,0.000655
AGGTTGAGGCACGCTT-1,0.368049,0.159519,0.472431
AGGTTTCACACACCTT-1,0.34146,0.099519,0.559021
AGTAACGTTCATCCTG-1,0.708646,0.28836,0.002993
AGTAATCTAAGGGTGG-1,0.005532,0.068397,0.926072
AGTAATGTCTTGCCGC-1,0.004,0.089734,0.906266
AGTAATTTGCAAGCGT-1,0.16887,0.816409,0.014721
AGTACAGAAGCTTATA-1,0.045877,0.398855,0.555268
AGTACGGCCCGTATCG-1,0.861175,0.008777,0.130048
AGTACGGGCACCTGGC-1,0.776519,0.222919,0.000562
AGTACGTGGCCTGTCT-1,0.245912,0.004596,0.749491
AGTACTCTTATGCCCA-1,0.22829,0.412889,0.358821
AGTAGAAGGCGCCTCA-1,0.025667,0.073643,0.90069
AGTAGCGTGAACGAAC-1,0.081745,0.381846,0.536409
AGTAGGAAGGAAGTTG-1,0.690108,0.000058,0.309833
AGTAGGTAACATACAT-1,0.012895,0.208181,0.778924
AGTATAATACTAGGCA-1,0.007174,0.672763,0.320062
AGTATACACAGCGACA-1,0.036672,0.100858,0.862471
AGTATCCATAATAACG-1,0.302174,0.697335,0.00049
AGTATGCTGGAGACCA-1,0.073343,0.567307,0.359349
AGTATTTGGCACGACC-1,0.031195,0.169009,0.799795
AGTCAAATGATGTGAT-1,0.027918,0.128976,0.843106
AGTCAACACCACCATC-1,0.026623,0.338344,0.635032
AGTCAAGATGACACTT-1,0.75803,0.18861,0.05336
AGTCACTAGCTCTCGA-1,0.45127,0.325699,0.223031
AGTCACTCCGCCTCAT-1,0.113543,0.885801,0.000656
AGTCAGCCACCGCCTG-1,0.008673,0.502486,0.488842
AGTCCATTGGCTGATG-1,0.813508,0.185794,0.000698
AGTCCCGCCTTTAATT-1,0.741631,0.240187,0.018183
AGTCGAAACGATTCAG-1,0.677296,0.000133,0.322572
AGTCGACGGTCTCAAG-1,0.907757,0.09184,0.000403
AGTCGGCCCAAACGAC-1,0.03838,0.042263,0.919358
AGTCGGCTCAACTTTA-1,0.000313,0.741857,0.25783
AGTCGTATAAAGCAGA-1,0.003057,0.000006,0.996937
AGTCGTCGACCACCAA-1,0.097125,0.000145,0.90273
AGTCGTGGGCATTACG-1,0.000015,0.01399,0.985995
AGTCTCACAAGACTAC-1,0.010338,0.168173,0.821489
AGTCTGGACATCCTTG-1,0.469382,0.529784,0.000834
AGTCTTCTCCTCAAAT-1,0.035542,0.126162,0.838296
AGTCTTTAAAGTGTCC-1,0.229335,0.238313,0.532352
AGTGAACAAACTTCTC-1,0.788049,0.003089,0.208862
AGTGACCTACTTTACG-1,0.054798,0.590865,0.354336
AGTGACTGTGACACAA-1,0.003915,0.185576,0.810509
AGTGAGACTTCCAGTA-1,0.909557,0.087594,0.002849
AGTGAGGGTTTCTGAC-1,0.416452,0.00005,0.583499
AGTGATAACCTGCGCG-1,0.098991,0.040225,0.860784
AGTGATATGAGTAGTT-1,0.007653,0.807239,0.185107
AGTGATTCAAGCAGGA-1,0.458342,0.000021,0.541636
AGTGCACGCTTAAGAA-1,0.714194,0.28529,0.000516
AGTGCGTAGCTCGTAA-1,0.037901,0.091396,0.870703
AGTGCTAAACACAGCA-1,0.265226,0.082668,0.652107
AGTGCTTGCACGAATA-1,0.999682,0.00004,0.000278
AGTGGCCCGCAAATGG-1,0.007203,0.213827,0.778971
AGTGGCGGCAATTTGA-1,0.69529,0.303779,0.000931
AGTGGCGTCTGAAGGT-1,0.030434,0.160348,0.809218
AGTGGCTCCGTCGGCC-1,0.37984,0.619327,0.000832
AGTGGTGTTACCCGTG-1,0.710235,0.156301,0.133465
AGTGTATTGCGCATTG-1,0.558969,0.304722,0.13631
AGTGTGGTCTATTGTG-1,0.156981,0.682772,0.160248
AGTTAAACACTTGCGA-1,0.028887,0.559505,0.411608
AGTTAAGCGGTCCCGG-1,0.671809,0.327552,0.000639
AGTTAAGTCAACCGCT-1,0.019447,0.131109,0.849444
AGTTACCGCACATGGT-1,0.692026,0.020504,0.28747
AGTTACTCTATCGTGG-1,0.996657,0.002775,0.000568
AGTTATTGAAAGGTAA-1,0.057135,0.147714,0.79515
AGTTCCTACAGAATTA-1,0.00002,0.60853,0.39145
AGTTCCTATTTATGTT-1,0.257523,0.242976,0.499502
AGTTCTGCGTTGTATC-1,0.455881,0.11449,0.429629
AGTTGACATCGGCTGG-1,0.136577,0.862752,0.00067
AGTTGACGGTCCTTGC-1,0.029994,0.247587,0.722419
AGTTGCGGTCCTCAAC-1,0.382628,0.473089,0.144283
AGTTGCTGACTGATAT-1,0.842756,0.000083,0.157161
AGTTTCGCAGGTCGGA-1,0.060698,0.565193,0.374109
AGTTTGCACCTGCCTC-1,0.029775,0.092829,0.877396
AGTTTGGCACGGGTTG-1,0.402554,0.278891,0.318555
AGTTTGGCCAGACCTA-1,0.006151,0.000477,0.993372
ATAAACCATTGGACGG-1,0.000889,0.352904,0.646207
ATAAACGGACCCGTAA-1,0.173729,0.336637,0.489635
ATAAAGGCTCGGTCGT-1,0.011069,0.481354,0.507577
ATAAAGGTCAAGTACG-1,0.401111,0.59477,0.004118
ATAAATATTAGCAGCT-1,0.0152,0.415288,0.569512
ATAACGCCGGAGGGTC-1,0.866248,0.133392,0.00036
ATAACGGAGTCCAACG-1,0.569751,0.317634,0.112614
ATAAGGTGGAGAACAT-1,0.016879,0.00003,0.983091
ATAAGTTACCGCGACG-1,0.081486,0.452314,0.466199
ATAATAGCTGTTGAAT-1,0.173612,0.359539,0.466849
ATAATAGTGTAGGGAC-1,0.00005,0.999602,0.000348
ATAATCTTGGAGAACC-1,0.157833,0.330766,0.511401
ATAATTAGCTAAGTAG-1,0.009872,0.014321,0.975808
ATACAGGCCCTCCAAT-1,0.000026,0.00415,0.995825
ATACCACGGGCAACTT-1,0.024935,0.438336,0.536729
ATACCAGCAAATTGCT-1,0.011777,0.437802,0.550421
ATACCAGGCTAATAGA-1,0.023727,0.217928,0.758345
ATACCAGGTGAGCGAT-1,0.055511,0.025719,0.91877
ATACCCTCCCGGCCAA-1,0.606199,0.000077,0.393724
ATACCTAACCAAGAAA-1,0.026828,0.643914,0.329258
ATACGAGGTTTGTAAG-1,0.097407,0.56129,0.341303
ATACGCCGATCTACCG-1,0.071212,0.431986,0.496802
ATACGCCGGCGAAACC-1,0.646972,0.162715,0.190314
ATACGGAACGTCGTTT-1,0.02626,0.548963,0.424777
ATACGGGTTTCGATTG-1,0.912201,0.08728,0.00052
ATACGGTGAAGATGCA-1,0.778849,0.003801,0.21735
ATACGTACTTAGCCAC-1,0.048211,0.433008,0.518782
ATACGTCCACTCCTGT-1,0.890047,0.109134,0.000818
ATACGTTATGCACGGA-1,0.055698,0.000667,0.943635
ATACTAGCATGACCCT-1,0.072795,0.335618,0.591587
ATACTCTCGCCACTCT-1,0.25083,0.748125,0.001045
ATACTGCCTTACACCG-1,0.062203,0.074739,0.863058
ATAGACAACGGGACCT-1,0.999374,0.000078,0.000548
ATAGACGAAGAGAAAG-1,0.023841,0.272567,0.703592
ATAGAGTACTGGGACA-1,0.012406,0.348856,0.638738
ATAGAGTTATCAACTT-1,0.817544,0.000049,0.182407
ATAGATTTGCAGTCGG-1,0.098473,0.193947,0.70758
ATAGCAACTAGGGAAG-1,0.18484,0.513214,0.301945
ATAGGCGGCTATAGAA-1,0.023451,0.372885,0.603664
ATAGGCTAGCTTCGCA-1,0.782513,0.215876,0.001611
ATAGGGATATCCTTGA-1,0.02182,0.004067,0.974113
ATAGGTTGGGCAGATG-1,0.104943,0.393879,0.501178
ATAGTCTTTGACGTGC-1,0.037799,0.318904,0.643297
ATAGTGAAGCGTTCTC-1,0.150237,0.538514,0.311248
ATAGTTCCACCCACTC-1,0.782763,0.000165,0.217072
ATATAAAGCGCTCGTG-1,0.097811,0.137878,0.764311
ATATAAATGTAGCTGC-1,0.0401,0.147312,0.812588
ATATAACACGGGCGCA-1,0.047567,0.123026,0.829407
ATATAGAGTATTGGTC-1,0.205321,0.794251,0.000428
ATATCAATTCCAGCCT-1,0.502569,0.111616,0.385815
ATATCGTGCCAGACCC-1,0.156696,0.152928,0.690376
ATATCGTTCCTCGAAC-1,0.330055,0.012685,0.65726
ATATCTCCCTCGTTAA-1,0.999346,0.000082,0.000572
ATATCTTAGGGCCTTC-1,0.070821,0.433821,0.495358
ATATGGGATAGCAACT-1,0.010762,0.25506,0.734178
ATATGTCTAGAGCGTG-1,0.007426,0.583724,0.40885
ATATGTCTCCCTAGCC-1,0.543375,0.453071,0.003554
ATATTCAGTTAAACCT-1,0.023347,0.035566,0.941087
ATATTCCACATAGTGA-1,0.134559,0.056022,0.809419
ATATTCCCACAGGTCA-1,0.026461,0.517263,0.456276
ATATTGCTGTCAAAGT-1,0.016982,0.194558,0.78846
ATATTTAACCCTCAAG-1,0.12543,0.643129,0.231441
ATCAAACGAAGGTTTG-1,0.024419,0.387276,0.588306
ATCAAAGAGCCGTGGT-1,0.003364,0.441683,0.554953
ATCAAGATCCCAGGAC-1,0.019814,0.054935,0.925251
ATCAATCTGGGCTGCA-1,0.231325,0.521699,0.246976
ATCAATGCCGTGGCTG-1,0.068734,0.15095,0.780316
ATCACATTAGAATATC-1,0.818074,0.181308,0.000618
ATCACGTGCTAATTAA-1,0.009544,0.033803,0.956653
ATCACTTCATCCTCGC-1,0.097337,0.55735,0.345313
ATCAGAAGCTGGTTGC-1,0.633361,0.000443,0.366196
ATCAGACGGCACGCCG-1,0.033783,0.273937,0.69228
ATCAGCCTCATGCTGC-1,0.218151,0.000106,0.781743
ATCAGCTCGTCCACTA-1,0.443944,0.121247,0.434809
ATCAGGTCGCCATTGC-1,0.880033,0.117897,0.00207
ATCAGTAGGCAGGGAT-1,0.999248,0.000094,0.000658
ATCATAGATCGACGAG-1,0.047958,0.604301,0.347741
ATCATCCAATATTTGT-1,0.10474,0.513105,0.382155
ATCATCTGCCCAGTGT-1,0.235708,0.640234,0.124058
ATCCAACGCAGTCATA-1,0.00829,0.047681,0.944029
ATCCAATGGAGGGTCC-1,0.133315,0.091886,0.774799
ATCCACATCGACAGAA-1,0.063567,0.490244,0.446188
ATCCACGCTAAATGTT-1,0.487072,0.49903,0.013898
ATCCAGAGCAACAACC-1,0.066367,0.526286,0.407347
ATCCAGGATTCGTGAA-1,0.044053,0.794031,0.161916
ATCCCATCCACAGCGC-1,0.007131,0.56336,0.429509
ATCCCATTTCCGTGGG-1,0.016792,0.176305,0.806904
ATCCTACCTAAGCTCT-1,0.108935,0.438627,0.452438
ATCCTGAATCGCTGCG-1,0.004703,0.198567,0.79673
ATCCTGCGTGGAATGG-1,0.000033,0.51784,0.482128
ATCCTGCTGCAGATAG-1,0.026804,0.643594,0.329602
ATCGACCCAATACAGA-1,0.101438,0.152167,0.746395
ATCGACTCTTTCCGTT-1,0.049455,0.526997,0.423547
ATCGCACGCCGGGAGA-1,0.005245,0.246689,0.748066
ATCGGAGACAGACGGC-1,0.163991,0.392498,0.443511
ATCGGCAAGCAGTCCA-1,0.711473,0.033331,0.255196
ATCGTGGAAAGTCTGG-1,0.046011,0.25228,0.701709
ATCGTTAGCTAGCGGA-1,0.283311,0.000017,0.716672
ATCGTTCACTTTCGCC-1,0.756242,0.00054,0.243219
ATCTAATATCCTACGG-1,0.066371,0.580387,0.353241
ATCTACCATCTGCTCC-1,0.066267,0.013827,0.919906
ATCTAGCTTGTGAGGG-1,0.000028,0.462882,0.53709
ATCTCCCTGCAATCTA-1,0.144068,0.218401,0.637531
ATCTGACATGGAAGGA-1,0.000901,0.413976,0.585123
ATCTGCACCTCTGCGA-1,0.895222,0.000276,0.104502
ATCTGCTGTTATCGCC-1,0.007676,0.088139,0.904185
ATCTGGGCTGTTCTTG-1,0.165868,0.300314,0.533818
ATCTGGTTAAGACTGT-1,0.712353,0.287245,0.000402
ATCTGTAATTGTACCC-1,0.052185,0.367586,0.580229
ATCTTAGGGCATTAAT-1,0.07339,0.794925,0.131685
ATCTTGACCTGCAACG-1,0.057075,0.248617,0.694307
ATGAAGCCAAGGAGCC-1,0.007191,0.019982,0.972827
ATGACGCCGGCTCTAA-1,0.008106,0.647552,0.344342
ATGACGCGTTCTATCC-1,0.099413,0.493925,0.406663
ATGACTATCAGCTGTG-1,0.005314,0.003883,0.990803
ATGACTATGCGACATT-1,0.178968,0.000025,0.821007
ATGAGGAGTGTTAATC-1,0.000032,0.618658,0.38131
ATGATCGGGAATAGAC-1,0.035604,0.177092,0.787304
ATGATGCAATGGTACA-1,0.006491,0.483909,0.5096
ATGCACGCGCTGTTCA-1,0.280767,0.71876,0.000473
ATGCACTACCGCATTG-1,0.008161,0.58188,0.409959
ATGCATGATCCAGGAT-1,0.113286,0.60837,0.278344
ATGCATTCCGTGATGG-1,0.000022,0.250516,0.749462
ATGCCATTTGCGACCA-1,0.951801,0.047225,0.000974
ATGCCGGTCTTGCATA-1,0.665934,0.333511,0.000555
ATGCCGGTTGATGGGA-1,0.969392,0.000055,0.030553
ATGCGACAGTCCCATT-1,0.434627,0.510156,0.055217
ATGCGAGTCCCACCAC-1,0.562694,0.047496,0.38981
ATGCTCAGTGTTGCAT-1,0.00768,0.650356,0.341964
ATGCTCTGGCGCGGTA-1,0.03682,0.1397,0.82348
ATGGAAATTTAAGGAG-1,0.455442,0.208085,0.336473
ATGGACTGCTTAGTTG-1,0.00074,0.75485,0.24441
ATGGAGCAGGCCGTGA-1,0.334303,0.509842,0.155855
ATGGATCCGGCGTCCG-1,0.761525,0.237851,0.000623
ATGGATTGACCAAACG-1,0.172333,0.299044,0.528623
ATGGCAGCATTACGAT-1,0.003349,0.683688,0.312963
ATGGCTGGAAATGGCC-1,0.717039,0.280458,0.002503
ATGGGAACGGAAGCGG-1,0.916532,0.000055,0.083414
ATGGGACCTGCTGAAC-1,0.020528,0.004298,0.975174
ATGGGCCTCGGCCTCT-1,0.798681,0.200686,0.000634
ATGGGTGTATACCTCC-1,0.059941,0.386268,0.553791
ATGGTATTGGGAACCG-1,0.010424,0.073715,0.91586
ATGGTATTTACTGATT-1,0.000013,0.049408,0.950579
ATGGTCGCGTGGTTTC-1,0.788549,0.210688,0.000763
ATGGTGCTCAAAGCCA-1,0.007612,0.001865,0.990523
ATGTACGATGACGTCG-1,0.01258,0.158335,0.829085
ATGTAGCGCGCGTAGG-1,0.035844,0.382538,0.581618
ATGTCATAATAAACGA-1,0.004805,0.243994,0.7512
ATGTCTTGTTTGACTC-1,0.027591,0.702828,0.26958
ATGTGAAAGCCTAATG-1,0.000015,0.534233,0.465752
ATGTGCATCCGACGCA-1,0.029222,0.543849,0.426928
ATGTGGACATCTTGAT-1,0.000643,0.691234,0.308123
ATGTGTAGTTTAGTCA-1,0.057708,0.348801,0.593491
ATGTTACGAGCAATAC-1,0.034983,0.07907,0.885947
ATGTTCGTCGACCCAC-1,0.790485,0.208869,0.000646
ATGTTGATTAGAGACT-1,0.045073,0.480208,0.474719
ATGTTGTAGTCTGTTT-1,0.014856,0.347671,0.637473
ATTAAACATGCGGACC-1,0.13817,0.559436,0.302395
ATTAATACTACGCGGG-1,0.105623,0.3815,0.512877
ATTAATGAACCAGTCG-1,0.766369,0.163833,0.069799
ATTAATTCGGTCACTC-1,0.03979,0.036592,0.923618
ATTACAACTACCGGCC-1,0.962356,0.037194,0.000451
ATTACGCGCTGGCAGG-1,0.062942,0.424638,0.51242
ATTACGGGCTACGGTT-1,0.496598,0.000155,0.503247
ATTACTAGCCTCTTGC-1,0.050289,0.107002,0.842709
ATTACTTACTGGGCAT-1,0.72894,0.021155,0.249905
ATTAGATTGATAGCGG-1,0.032097,0.185781,0.782122
ATTAGGCGATGCTTTC-1,0.386008,0.325007,0.288985
ATTATACTTTGCTCGT-1,0.787157,0.212245,0.000598
ATTATCGGAATGTACG-1,0.01947,0.081832,0.898697
ATTATCTCGACAGATC-1,0.00931,0.307016,0.683674
ATTATGAGACCCAATT-1,0.228206,0.684819,0.086975
ATTATGCCATAGGGAG-1,0.013174,0.51592,0.470907
ATTATTATGTCCGTCA-1,0.033058,0.282999,0.683943
ATTATTCAGAGTCACT-1,0.080788,0.526837,0.392375
ATTCAACCATTTAAGG-1,0.365778,0.44986,0.184362
ATTCACTGATGTTGGA-1,0.024889,0.483482,0.491629
ATTCAGGACCTATTTC-1,0.85737,0.141828,0.000802
ATTCAGGATCGCCTCT-1,0.702613,0.296528,0.000859
ATTCAGTAGCAGGGTC-1,0.128516,0.861335,0.01015
ATTCATATACTGTCCA-1,0.072493,0.282078,0.64543
ATTCATCGTTGAGGCA-1,0.25639,0.403479,0.340131
ATTCCCACATAAACAA-1,0.190044,0.809549,0.000407
ATTCCTCCGCCAGTGC-1,0.001425,0.497874,0.500701
ATTCCTTCCAGGCGGT-1,0.33789,0.660923,0.001186
ATTCGACGCCGGGCCT-1,0.003405,0.366737,0.629858
ATTCGTGTACCCATTC-1,0.006358,0.505395,0.488247
ATTCTCGTCTCTTTAG-1,0.002661,0.320729,0.67661
ATTCTGAGTATGAACT-1,0.603159,0.340222,0.056619
ATTCTTCGTACTTATG-1,0.776484,0.000047,0.223469
ATTGAAGATCTTAGTG-1,0.01653,0.145944,0.837526
ATTGACGTAACTCGGT-1,0.001212,0.015568,0.98322
ATTGATAGCAACGAGA-1,0.257133,0.742188,0.000679
ATTGATCACCACATTT-1,0.767011,0.001252,0.231737
ATTGATGAGTCCTAAC-1,0.639671,0.024563,0.335766
ATTGCCTATTAGACCG-1,0.025614,0.182283,0.792104
ATTGCCTTTATGTTTG-1,0.010497,0.135136,0.854367
ATTGCGATCAGTAACT-1,0.470785,0.528694,0.000521
ATTGCTGCTCCTCCAT-1,0.006086,0.022791,0.971123
ATTGGATTACAGCGTA-1,0.484625,0.432141,0.083234
ATTGGGAATATCTTGG-1,0.003611,0.373217,0.623172
ATTGTCGCAATACCTT-1,0.820463,0.178853,0.000685
ATTGTCTGTTTCATGT-1,0.033515,0.230994,0.735491
ATTTAACTCGTATTAC-1,0.000026,0.532732,0.467242
ATTTACAGTTTACTGG-1,0.017264,0.355246,0.62749
ATTTATACTGGTAAAG-1,0.010309,0.347063,0.642628
ATTTCATTATTTCGCG-1,0.724205,0.108143,0.167652
ATTTCCGGGTTCTGCG-1,0.013756,0.062078,0.924166
ATTTGCCTAGTTACGA-1,0.044699,0.134836,0.820466
ATTTGCGCGAGTAGCT-1,0.029727,0.58866,0.381613
ATTTGTCTTGGGAGCT-1,0.934503,0.000044,0.065453
ATTTGTTCCAGGGCTC-1,0.141017,0.410935,0.448049
CAAACCATAAGCGTAT-1,0.023153,0.3743,0.602546
CAAACCCTCCGGCGGG-1,0.018895,0.163411,0.817695
CAAACGAGTATCGCAG-1,0.012502,0.492697,0.494802
CAAACGGTCGCACTTT-1,0.00027,0.262107,0.737623
CAAACGTGGTCTTGCG-1,0.259784,0.118619,0.621597
CAAACTACGATAGAGA-1,0.79611,0.145169,0.058722
CAAACTATTGAGCTTC-1,0.167186,0.525201,0.307613
CAAAGATTATTGGGCC-1,0.000022,0.572572,0.427407
CAAATCTCTCACAAGG-1,0.00429,0.820212,0.175498
CAAATGCGGAGTGTTC-1,0.098875,0.272254,0.628871
CAAATGTCCTTCCGTG-1,0.021549,0.532027,0.446424
CAAATTGTCAGCAAGC-1,0.00001,0.018808,0.981183
CAACAGAATAACGCTA-1,0.764323,0.047364,0.188313
CAACAGTGCCAAACGG-1,0.053322,0.138598,0.808079
CAACCTACCGAGCAGT-1,0.224995,0.00006,0.774945
CAACGACCCGTTTACA-1,0.016513,0.343265,0.640223
CAACGAGCTTATTATG-1,0.659496,0.087194,0.25331
CAACGCGATGAGCCAA-1,0.02098,0.515059,0.463961
CAACGGTTCTTGATAC-1,0.007083,0.374941,0.617976
CAACTATATCGAATGC-1,0.836845,0.162625,0.000531
CAACTCCAACGTTTAG-1,0.236246,0.000163,0.763591
CAACTCCTTGATCCCG-1,0.011066,0.190801,0.798134
CAACTGCTCATCCGAT-1,0.040174,0.511317,0.448509
CAACTTGTAGTGGGCA-1,0.015609,0.363045,0.621346
CAAGAGGGCGGAGTAC-1,0.81446,0.115693,0.069846
CAAGATATTATAACGT-1,0.82333,0.176187,0.000483
CAAGCAACGTCGGAGT-1,0.000289,0.06749,0.932221
CAAGCACCAAATGCCT-1,0.068532,0.469103,0.462365
CAAGCGGCACATAATT-1,0.000016,0.000016,0.999968
CAAGGATCGCATGTTC-1,0.327954,0.405732,0.266314
CAAGGCCAGTGGTGCA-1,0.079828,0.314011,0.606161
CAAGTAAGTGATAGAC-1,0.000926,0.080096,0.918978
CAAGTCGTTGAAATCT-1,0.064997,0.79588,0.139123
CAAGTGAACTTTGGTT-1,0.001698,0.114064,0.884239
CAAGTGTGGTTGCAAA-1,0.969418,0.030049,0.000533
CAATAAACCTTGGCCC-1,0.79503,0.145503,0.059467
CAATACGCTCTGAGGC-1,0.617571,0.079292,0.303138
CAATATTCTTGACCTA-1,0.023507,0.431728,0.544765
CAATCCCTATACCAGC-1,0.763818,0.081679,0.154504
CAATCCTGCCGTGGAG-1,0.134507,0.86478,0.000713
CAATGACCCTTAATTT-1,0.01373,0.117667,0.868603
CAATGCGAGAAGTATC-1,0.262331,0.144932,0.592737
CAATGGAATCTACATA-1,0.626881,0.109116,0.264002
CAATGGATCTCTACCA-1,0.983537,0.015964,0.000499
CAATGGTCGGCCTGGG-1,0.036996,0.181114,0.78189
CAATTAAGGGTGATGA-1,0.145635,0.491437,0.362928
CAATTTCGTATAAGGG-1,0.206738,0.362696,0.430566
CACAAGCTAAGAAAGG-1,0.000015,0.455507,0.544478
CACAATGAGCTGCTAT-1,0.00001,0.00962,0.99037
CACACACGCTAACGAG-1,0.546698,0.06702,0.386282
CACACAGGGATAGATT-1,0.000011,0.044445,0.955545
CACACGCGCTGTCTTA-1,0.999579,0.000053,0.000369
CACACGTTTCAATGGG-1,0.50867,0.079911,0.411419
CACAGAGACGAGGACG-1,0.0675,0.407697,0.524803
CACAGCACCCACGGCA-1,0.094848,0.58959,0.315562
CACAGCTAGGGAGTGA-1,0.055506,0.517613,0.426882
CACAGGGCCATATAGT-1,0.340215,0.120235,0.53955
CACAGGGCCGTTGTCA-1,0.008787,0.133912,0.857301
CACATAAGGCGACCGT-1,0.238996,0.654333,0.106671
CACATATTAGCAGGAT-1,0.558352,0.137968,0.30368
CACATCGTGCACGCGC-1,0.048627,0.35057,0.600803
CACATCTCACCGACGA-1,0.100342,0.183622,0.716036
CACATGATTCAGCAAC-1,0.201248,0.391975,0.406777
CACATGTTTGGACATG-1,0.320554,0.605298,0.074148
CACATTCTTTCGATGG-1,0.999335,0.000083,0.000582
CACCAGTCAGCATGCA-1,0.028155,0.608118,0.363727
CACCATCGGAGGAGAC-1,0.00139,0.51429,0.48432
CACCCACACGTCACCC-1,0.011937,0.34915,0.638913
CACCCACGAGGCAATT-1,0.999405,0.000074,0.00052
CACCCGGTTTGTGACT-1,0.031269,0.309214,0.659517
CACCCTAACAAGATCT-1,0.108718,0.000036,0.891245
CACCCTTGGTGAGACC-1,0.116045,0.77201,0.111945
CACCCTTTCCTCGCTC-1,0.027832,0.34453,0.627638
CACCGATACACCGAGC-1,0.084109,0.000014,0.915878
CACCGCCAGAAGGTTT-1,0.030681,0.492647,0.476672
CACCGCCGACCAGCGA-1,0.027581,0.248852,0.723567
CACCGGAGATATCTCC-1,0.715468,0.281456,0.003076
CACCGGGCATCACAAG-1,0.007745,0.036711,0.955544
CACCGGTAGAGACATT-1,0.000017,0.388319,0.611665
CACCGTATCCCATCCG-1,0.710943,0.000153,0.288904
CACCGTTAGGGATCAC-1,0.031634,0.06531,0.903056
CACCGTTGCGCGATAT-1,0.016816,0.001718,0.981467
CACCTAATAGAGTCGT-1,0.184103,0.815203,0.000694
CACCTAATCAGTTTAC-1,0.285744,0.289639,0.424617
CACCTCGATGGTGGAC-1,0.122251,0.452934,0.424815
CACCTTGCGAAACTCG-1,0.840533,0.158747,0.000721
CACCTTGGCGCCTTTG-1,0.88824,0.000196,0.111564
CACGAAAGTTAGTCCC-1,0.002024,0.115354,0.882622
CACGACTAAAGTTCTG-1,0.00486,0.065349,0.929791
CACGAGCAAACCAGAC-1,0.547062,0.00003,0.452909
CACGATTGGTCGTTAA-1,0.129973,0.39422,0.475807
CACGCACAGCGCAGCT-1,0.300187,0.032151,0.667661
CACGCAGCGAGGCTTT-1,0.000308,0.247274,0.752418
CACGCGGAACTGTTGC-1,0.611207,0.388302,0.000491
CACGGGATTGAGGGTT-1,0.771472,0.0199,0.208629
CACGTCGGCAACCTCT-1,0.001206,0.434703,0.564091
CACGTCTATGATGTGG-1,0.697447,0.30168,0.000872
CACGTTCGTGCTCTAG-1,0.567634,0.000045,0.432321
CACGTTTCGTACACAC-1,0.464956,0.192857,0.342187
CACTAAAGTTGCCTAT-1,0.033964,0.568533,0.397503
CACTACTCAGTTCTGT-1,0.054658,0.364766,0.580576
CACTCAAGAGCTATGG-1,0.024015,0.26817,0.707815
CACTCAGCTCTTGAGG-1,0.104465,0.158413,0.737122
CACTCCTATGTAAGAT-1,0.000023,0.435031,0.564945
CACTCCTCTCGGTCGG-1,0.783904,0.215114,0.000983
CACTCGAGCTGAACAA-1,0.305569,0.000171,0.69426
CACTCGGTTAGGAGGA-1,0.586032,0.412765,0.001203
CACTCTCAAGCATCGA-1,0.10588,0.217498,0.676622
CACTCTTCTGCTAGCC-1,0.335075,0.383033,0.281892
CACTGACGATTGTGGA-1,0.003418,0.000169,0.996413
CACTGTCCAAGTGAGA-1,0.027367,0.000075,0.972558
CACTTAATCAGACGGA-1,0.023057,0.1288,0.848143
CACTTCGCCACAGGCT-1,0.018081,0.727749,0.25417
CAGAACTTAGCCCTCT-1,0.608102,0.289668,0.102229
CAGACACCGATCGCTG-1,0.062941,0.437816,0.499243
CAGACCTGTAAGTGTT-1,0.727381,0.271926,0.000693
CAGACGAACCTGATAC-1,0.045869,0.521448,0.432684
CAGAGACGGTCACCCA-1,0.067829,0.459848,0.472324
CAGAGCATGAGCTTGC-1,0.177735,0.175634,0.646631
CAGAGGCGATGCATGA-1,0.065966,0.021326,0.912709
CAGAGTGATTTAACGT-1,0.268188,0.30457,0.427241
CAGATAATGGGCGGGT-1,0.191815,0.257197,0.550989
CAGATACTAACATAGT-1,0.000023,0.48904,0.510936
CAGATATGAAGATGAC-1,0.000024,0.547665,0.452311
CAGATCCTGGTTTGAA-1,0.026899,0.886601,0.0865
CAGCAGCCCGTTCCTT-1,0.920147,0.079338,0.000515
CAGCAGTCCAGACTAT-1,0.492342,0.418966,0.088691
CAGCAGTCTGTGCTGC-1,0.069952,0.395241,0.534806
CAGCCCTCACAGGCAG-1,0.000307,0.163779,0.835914
CAGCCGGGCCCTCTAT-1,0.837036,0.162416,0.000548
CAGCCTCCTGCAGAGG-1,0.756983,0.223805,0.019212
CAGCCTCTCCTCAAGA-1,0.689672,0.045614,0.264714
CAGCGATTCCCTTCAA-1,0.083017,0.139942,0.777041
CAGCTCACTGAGACAT-1,0.097306,0.374292,0.528402
CAGCTCGACAAGTTAA-1,0.98442,0.014994,0.000586
CAGCTCGTGCTTGTGT-1,0.000039,0.491766,0.508195
CAGCTCTGGGCTCACT-1,0.028786,0.505273,0.46594
CAGCTGGCGTAACCGT-1,0.004939,0.571205,0.423856
CAGCTTAGTAGGTAGC-1,0.037494,0.265682,0.696824
CAGGAAGACTTTATAT-1,0.098352,0.000012,0.901636
CAGGATATATCGTTGT-1,0.129946,0.417345,0.45271
CAGGATCCGCCCGACC-1,0.037603,0.076655,0.885742
CAGGCAGTCTTACCAG-1,0.121201,0.518785,0.360015
CAGGCCAGTACCACCT-1,0.012776,0.934699,0.052525
CAGGCCGTTTGGGTGT-1,0.002736,0.541569,0.455695
CAGGCGCACGGTGGTC-1,0.050262,0.395333,0.554405
CAGGCGCCATGCTAGG-1,0.032943,0.795767,0.17129
CAGGGAGATAGGCCAG-1,0.650005,0.046001,0.303994
CAGTAATCCCTCCCAG-1,0.017762,0.432831,0.549406
CAGTACCAGTTTACGT-1,0.000027,0.687356,0.312617
CAGTAGCCCACGCGGT-1,0.999409,0.000074,0.000518
CAGTAGCGAGGTAGTA-1,0.047094,0.658767,0.294139
CAGTCGAGGATGCAAT-1,0.978933,0.020384,0.000683
CAGTCTCTCGGCTAAT-1,0.198868,0.80035,0.000781
CAGTCTGTATACTGGG-1,0.172179,0.563401,0.26442
CAGTGAATAAATGACT-1,0.839319,0.048718,0.111964
CAGTGGTTGCACATGA-1,0.43142,0.568019,0.000561
CAGTGTCCGCAGAATG-1,0.000038,0.824373,0.17559
CAGTGTCGGCTGGCCC-1,0.789336,0.199559,0.011105
CAGTGTTAATCTCTCA-1,0.062877,0.197866,0.739257
CAGTTCAAATTGACAC-1,0.000562,0.328646,0.670792
CAGTTCCGCGGGTCGA-1,0.058788,0.490019,0.451193
CAGTTCGAGGACCCGA-1,0.041138,0.056256,0.902605
CATAACGGACAGTCGT-1,0.836533,0.163013,0.000454
CATAAGAAGCTTGGCT-1,0.153602,0.059369,0.787029
CATAAGCTCTCCGTCT-1,0.161984,0.83746,0.000556
CATAATGAGCGGGCGA-1,0.011107,0.22938,0.759513
CATACAAAGCCGAACC-1,0.000008,0.042103,0.95789
CATACACGGTTCCCAC-1,0.015803,0.223517,0.76068
CATACCCGTACCCAGT-1,0.019077,0.297981,0.682942
CATACGAACTAGCTGG-1,0.022627,0.059175,0.918198
CATACGGCGTCTGGGC-1,0.260677,0.343158,0.396165
CATACTATGTAATTGT-1,0.016964,0.550207,0.432829
CATACTTCTTTCTCCG-1,0.020383,0.237707,0.74191
CATAGAGGAGATACTA-1,0.01299,0.001574,0.985436
CATAGCCGCCCGGGAT-1,0.287083,0.712357,0.00056
CATAGCGTTGCCCACC-1,0.024928,0.006393,0.968679
CATAGGGACACTTGTG-1,0.747104,0.000099,0.252797
CATAGTACATTGAGAG-1,0.613466,0.182704,0.20383
CATAGTAGCATAGTAG-1,0.000456,0.164996,0.834549
CATAGTCAAATACATA-1,0.056823,0.087855,0.855321
CATAGTCCACAAGAAC-1,0.032091,0.141966,0.825943
CATATAGGTACAGTCA-1,0.15021,0.432035,0.417755
CATATGTCAGGCTACG-1,0.000012,0.083136,0.916853
CATATTATTTGCCCTA-1,0.147934,0.736309,0.115757
CATCATCTACCCGGAC-1,0.052901,0.417719,0.52938
CATCATTACCCTGAGG-1,0.755,0.244252,0.000748
CATCCAATATAGTTTG-1,0.000047,0.181718,0.818234
CATCCTCTCAAAGATC-1,0.651213,0.328446,0.020341
CATCGCCCGCGGCCAA-1,0.005267,0.350343,0.644389
CATCGGACGGGTTAAT-1,0.156864,0.514013,0.329123
CATCTTACACCACCTC-1,0.919462,0.079601,0.000937
CATGAACCGACATTTG-1,0.024444,0.476561,0.498995
CATGAACCTCTTATCA-1,0.033103,0.446166,0.520731
CATGAGATGCACTCTC-1,0.041261,0.152533,0.806207
CATGAGTCCATCACGG-1,0.000037,0.870103,0.12986
CATGATACGGTGAAAC-1,0.025111,0.280939,0.693949
CATGATGCACAATTCT-1,0.085266,0.526368,0.388366
CATGATGGAAGTTAGC-1,0.854389,0.009881,0.13573
CATGCACATGAGAGGC-1,0.320912,0.613619,0.065469
CATGCACGTGTTACTG-1,0.657692,0.283291,0.059017
CATGCATGGAGACCCT-1,0.062895,0.024843,0.912262
CATGCCAACTCGCAAA-1,0.031489,0.571682,0.39683
CATGCGACCAGTTTAA-1,0.897107,0.102355,0.000538
CATGCGTTAGACAGAA-1,0.041771,0.450773,0.507455
CATGCGTTGAGAGGAG-1,0.004368,0.060766,0.934866
CATGCTGGCTCCAATT-1,0.023629,0.579134,0.397236
CATGGATTGTCTTCCG-1,0.441468,0.244632,0.313901
CATGGCAGGAAGATCG-1,0.041481,0.151499,0.80702
CATGGGTATGCCTTAT-1,0.212498,0.00695,0.780552
CATGGGTCGGGTGTGG-1,0.668293,0.307799,0.023908
CATGGTAAGTAGCGTT-1,0.497824,0.501582,0.000594
CATGGTATTAGTTTGT-1,0.77079,0.02976,0.199449
CATGGTCTAGATACCG-1,0.125758,0.24165,0.632591
CATGGTTTATTAATCA-1,0.053527,0.000036,0.946437
CATGTAAGAGACATTT-1,0.819316,0.000116,0.180568
CATGTCTCATTTATGG-1,0.640746,0.358718,0.000536
CATGTGGGCTCATCAC-1,0.010053,0.18972,0.800227
CATTACGCAGGAAGGG-1,0.005255,0.511126,0.483619
CATTACGTCGGCCCGT-1,0.05467,0.396274,0.549056
CATTATAACAGGGTCC-1,0.064706,0.149806,0.785487
CATTATCCCATTAACG-1,0.02136,0.07626,0.90238
CATTATGCTTGTTGTG-1,0.000033,0.650067,0.349899
CATTCACTGACAGCTA-1,0.013523,0.410274,0.576203
CATTCAGGTCAGTGCG-1,0.619649,0.154063,0.226289
CATTCCCTAAGTACAA-1,0.624954,0.345232,0.029815
CATTGCAAAGCATAAT-1,0.429261,0.313058,0.257681
CATTGCGAAATGGGCG-1,0.686471,0.312774,0.000755
CATTTAGCGGACCATG-1,0.282855,0.000035,0.71711
CATTTATCGTTCAAGA-1,0.346196,0.250945,0.402859
CATTTCTAGCAGACTA-1,0.130897,0.868459,0.000644
CATTTGAGTGGTACGT-1,0.113904,0.365893,0.520203
CCAAACAGAACCCTCG-1,0.006901,0.259133,0.733966
CCAAAGTCCCGCTAAC-1,0.000455,0.432582,0.566964
CCAAATCAAAGGGCAA-1,0.012147,0.607533,0.38032
CCAACCTTATGTAACT-1,0.075194,0.115951,0.808855
CCAACGATGCACTGAT-1,0.006697,0.26608,0.727224
CCAAGAAAGTGGGCGA-1,0.049025,0.376722,0.574253
CCAAGACTTCTGCGAA-1,0.012258,0.624152,0.36359
CCAAGCGTAACTCGTA-1,0.598419,0.372107,0.029474
CCAAGGAACAGAGAGG-1,0.009045,0.348302,0.642653
CCAATAGTGCCGTCGA-1,0.050703,0.162731,0.786566
CCAATCGGTAGATCGA-1,0.776424,0.223059,0.000517
CCAATGTCACAGCAAG-1,0.019565,0.723698,0.256738
CCAATTACGGGTCGAG-1,0.716223,0.282959,0.000818
CCAATTGAATGTTAAT-1,0.000283,0.387786,0.611932
CCACAATGTACGTCTT-1,0.972764,0.00005,0.027185
CCACACTGAGATATTA-1,0.021452,0.243371,0.735177
CCACAGCTGAAATCAT-1,0.169962,0.829615,0.000422
CCACAGTACCCATCCT-1,0.766577,0.141601,0.091822
CCACCAACTTTACTGT-1,0.057882,0.379907,0.562212
CCACCCAAGGAAAGTG-1,0.740551,0.232673,0.026776
CCACGAGAAGAGAATC-1,0.46539,0.279449,0.255161
CCACGGAGCCATAAGA-1,0.01699,0.219021,0.76399
CCACGGCAGGTGTAGG-1,0.00825,0.66692,0.32483
CCACTCAGATCCGCAA-1,0.046233,0.212409,0.741358
CCACTGGTGGCTGGTT-1,0.014669,0.392202,0.59313
CCAGAAAGCAACTCAT-1,0.047852,0.126216,0.825932
CCAGAGACAAAGCCGG-1,0.146436,0.853153,0.000411
CCAGATAGTTGAGTGA-1,0.640751,0.036327,0.322922
CCAGCCTGGACCAATA-1,0.161249,0.2913,0.547451
CCAGCTACGCCTCATA-1,0.011614,0.949247,0.039139
CCAGCTCGAACGCATT-1,0.082688,0.069507,0.847805
CCAGCTGATGGTACTT-1,0.012365,0.148971,0.838665
CCAGCTTCCGCCCGCA-1,0.704965,0.294567,0.000468
CCAGGCGAGATGGTCT-1,0.617501,0.000075,0.382425
CCAGGGACGTGGCCTC-1,0.005548,0.429332,0.56512
CCAGTAGTCTGATCCA-1,0.887531,0.111927,0.000542
CCAGTCAAATCTCTTA-1,0.388747,0.379003,0.232251
CCAGTCCATTATTCGA-1,0.720949,0.272163,0.006887
CCAGTCTAGACGGCGC-1,0.999537,0.000058,0.000405
CCAGTCTTGTCATAGA-1,0.01377,0.203534,0.782695
CCAGTGTACAGACCGA-1,0.023554,0.901144,0.075303
CCAGTTCGGTAACTCA-1,0.000013,0.269253,0.730734
CCATAAACAACCCGAC-1,0.375663,0.256884,0.367453
CCATAGGTTGGCGTGG-1,0.049516,0.065698,0.884786
CCATAGTCAGTAACCC-1,0.267761,0.730101,0.002138
CCATATGGAAACTATA-1,0.82058,0.021702,0.157718
CCATCCATACCAAGTC-1,0.000033,0.803415,0.196553
CCATCGCAGTTAAACT-1,0.099257,0.410104,0.49064
CCATCTCACCAGTGAA-1,0.910053,0.086055,0.003892
CCATCTTGTTCACAAT-1,0.004778,0.629351,0.365872
CCATGCCCTAGATTTC-1,0.193308,0.000021,0.806671
CCATGCCTGTTTAGTA-1,0.075686,0.673702,0.250612
CCATGCTCTGCAGGAA-1,0.013753,0.466623,0.519624
CCATGGCAAACGCTCA-1,0.010613,0.409372,0.580015
CCATGGCCCTTGTACC-1,0.061729,0.938009,0.000263
CCATGTTCATCTATAT-1,0.030027,0.215745,0.754227
CCATTAGCGATAATCC-1,0.013553,0.361505,0.624943
CCATTCCCTGCCCACA-1,0.001887,0.596475,0.401638
CCATTTCTACCTATTA-1,0.048643,0.176177,0.77518
CCCAAACATGCTGCTC-1,0.891117,0.000044,0.108839
CCCAACATACGTCGCG-1,0.022112,0.12754,0.850349
CCCAACCACACTAACA-1,0.078812,0.029242,0.891946
CCCAAGAATGCACGGT-1,0.353105,0.016949,0.629946
CCCAAGACAGAGTATG-1,0.026796,0.330648,0.642556
CCCAAGTCATTACACT-1,0.060218,0.007837,0.931944
CCCAATGAGATTTGCA-1,0.017631,0.166309,0.81606
CCCAATTTCACAACTT-1,0.050352,0.286498,0.66315
CCCAGATTCCCGTGAC-1,0.004673,0.739968,0.255359
CCCAGGAAGAATTCGA-1,0.00319,0.355132,0.641679
CCCAGTAAACTTGGGA-1,0.202987,0.796589,0.000424
CCCAGTTAAGGCGCCG-1,0.95328,0.046206,0.000513
CCCGAAGTTTCGCGAA-1,0.498963,0.304912,0.196125
CCCGACCATAGTCCGC-1,0.374199,0.515653,0.110148
CCCGCAAATAATCATC-1,0.026249,0.571344,0.402407
CCCGCAGCGCGAACTA-1,0.058843,0.004185,0.936972
CCCGCAGGGCCCAAAG-1,0.460974,0.488526,0.050501
CCCGCCATGCTCCCGT-1,0.000034,0.47064,0.529326
CCCGCGCAATGCACCC-1,0.100181,0.899191,0.000628
CCCGCTAGAGGGTTAA-1,0.254235,0.373821,0.371944
CCCGCTTGCCCTCGTC-1,0.004024,0.430147,0.565829
CCCGGGTCGTTCAGGG-1,0.021212,0.366323,0.612465
CCCGGTGGAAGAACCT-1,0.183428,0.81608,0.000493
CCCGGTGTATCGGAAT-1,0.000005,0.030139,0.969856
CCCGTAAGTCTAGGCC-1,0.005564,0.549519,0.444917
CCCGTAGCTGGGAAGA-1,0.015223,0.088439,0.896337
CCCGTCAGCGTCTGAC-1,0.003898,0.390322,0.605781
CCCGTGACAGTGCCTT-1,0.120628,0.038427,0.840945
CCCTACCCACACCCAG-1,0.011695,0.256637,0.731668
CCCTACTTGAACAATG-1,0.091549,0.186952,0.721499
CCCTAGCTCTAAGGTC-1,0.002308,0.689735,0.307957
CCCTAGTGTCAGGTGT-1,0.796224,0.087861,0.115915
CCCTATGTAGAGCAGA-1,0.016167,0.493144,0.490689
CCCTCAGATCGAGAAC-1,0.018356,0.181961,0.799684
CCCTCATCACAGAGTA-1,0.476311,0.361056,0.162633
CCCTCATTCTGGAATT-1,0.033563,0.169017,0.79742
CCCTCGATAATACACA-1,0.047008,0.32003,0.632963
CCCTCGGGAGCCTTGT-1,0.022342,0.31561,0.662047
CCCTGAAATGAGTTGA-1,0.073626,0.542283,0.384091
CCCTGACTAACAAATT-1,0.910012,0.000035,0.089953
CCCTGCCCAATCCGCT-1,0.00001,0.130793,0.869197
CCCTGCGCTACGCATA-1,0.110611,0.515373,0.374016
CCCTGGGAGGGATCCT-1,0.000004,0.000004,0.999992
CCCTGGTATGGGCGGC-1,0.073453,0.617386,0.309161
CCCTTCTCGTACGCGA-1,0.000025,0.47938,0.520595
CCCTTTGACAGGTCTT-1,0.021752,0.384243,0.594004
CCGAAAGTGGTGAGCA-1,0.014771,0.984894,0.000335
CCGAACACTGGGCCTC-1,0.004172,0.281712,0.714116
CCGAACCTTCCCGGCC-1,0.000082,0.000082,0.999836
CCGAAGCATTGACCAA-1,0.820697,0.000189,0.179114
CCGAAGTATATTGTTC-1,0.06592,0.780418,0.153662
CCGACAAAGGGAGTGC-1,0.012409,0.808761,0.17883
CCGACGGGCATGAGGT-1,0.000032,0.653246,0.346723
CCGACGTAAACACAAC-1,0.824602,0.175022,0.000376
CCGACTCGCATAGTCT-1,0.421335,0.219979,0.358687
CCGAGGGATGTTAGGC-1,0.032785,0.418305,0.54891
CCGATCTCAACCTTAT-1,0.80217,0.000134,0.197696
CCGATTCGAGGGACCC-1,0.000008,0.040121,0.959871
CCGCACAAAGACCAAC-1,0.72772,0.271944,0.000335
CCGCACGTGACCTCGG-1,0.033482,0.722459,0.244059
CCGCATGTGGTACGAT-1,0.071428,0.133751,0.79482
CCGCCACCACAATCCA-1,0.014071,0.083191,0.902738
CCGCCGGAACTTCTCG-1,0.084955,0.900036,0.015008
CCGCCGGTCAACACAC-1,0.03445,0.325785,0.639765
CCGCCTGCGAATTGGT-1,0.759185,0.134821,0.105994
CCGCGATTTGGTAGGT-1,0.546974,0.129067,0.323959
CCGCGGAATGCGTCAC-1,0.012996,0.016298,0.970705
CCGCGGGTACGAAGAA-1,0.000403,0.61148,0.388118
CCGCGTAGGTAAGGGC-1,0.009305,0.295124,0.695571
CCGCTATCAGCACCAG-1,0.093702,0.245811,0.660488
CCGCTCCAGGGCGATC-1,0.022461,0.313305,0.664234
CCGCTCCGGATAAGCT-1,0.773465,0.119839,0.106696
CCGCTCTTCCGAACTA-1,0.175715,0.496863,0.327422
CCGCTGGTGCCATTCA-1,0.218638,0.501672,0.27969
CCGCTTACCTCACTCT-1,0.017946,0.13233,0.849724
CCGCTTCGCGGTTAAC-1,0.024397,0.316004,0.659599
CCGGAATGGTTTCAGT-1,0.020044,0.555424,0.424533
CCGGAGCGTACTTTCT-1,0.024951,0.39228,0.582769
CCGGCGCATATTGGAT-1,0.014248,0.115691,0.870061
CCGGCGTGAGACTCTG-1,0.440682,0.547611,0.011707
CCGGGACCCGCAGAGA-1,0.00641,0.43497,0.558619
CCGGGCGGTCTCGTCA-1,0.485799,0.316222,0.197979
CCGGGCTAAGAATTTC-1,0.000547,0.775603,0.22385
CCGGGCTGCTCCATAC-1,0.809814,0.186926,0.00326
CCGGGTTCGAGGTTAC-1,0.000028,0.773723,0.226249
CCGGTATCTGGCGACT-1,0.002069,0.030278,0.967652
CCGGTTTGTAATTGTG-1,0.015175,0.018453,0.966372
CCGTAAGTTGGTCCCA-1,0.806703,0.172164,0.021134
CCGTACCCAAGCGCCA-1,0.000049,0.998145,0.001806
CCGTAGGAAATCCCTG-1,0.119628,0.092488,0.787885
CCGTAGGGTTGTTTAC-1,0.288771,0.238101,0.473128
CCGTATCTCGTCGTAG-1,0.000042,0.821465,0.178494
CCGTCAACCTCTGGCG-1,0.000008,0.050349,0.949643
CCGTGCCCATGACGGC-1,0.002482,0.314977,0.682541
CCGTGTTAAATTCCAT-1,0.008195,0.004046,0.987759
CCGTTACGTTAGAACA-1,0.837482,0.00005,0.162468
CCGTTCCGAATCTCGG-1,0.000023,0.605094,0.394884
CCGTTTCCTTTCCGTG-1,0.008268,0.679202,0.31253
CCTAAACAGGGTCCGT-1,0.040677,0.046852,0.912471
CCTAAAGGCTGACGCT-1,0.80442,0.000039,0.195541
CCTAAATTAACGGTTC-1,0.360082,0.573342,0.066576
CCTAACCCAAACAAGT-1,0.568737,0.430805,0.000458
CCTAACTAAGGCTCTA-1,0.804695,0.194726,0.000579
CCTAAGTGTCTAACCG-1,0.181293,0.716262,0.102445
CCTACAGTTGAGGGAG-1,0.001776,0.17136,0.826863
CCTACATTCACAGACG-1,0.009316,0.395036,0.595649
CCTACGCGACCTTACA-1,0.685263,0.244035,0.070702
CCTACGGCTCAGTCGA-1,0.003698,0.831067,0.165235
CCTACTGCTTACACTT-1,0.013507,0.078414,0.908079
CCTAGGCGTAGCGATC-1,0.925771,0.073644,0.000586
CCTAGGTAAAGGTAGC-1,0.325347,0.669545,0.005108
CCTAGTTAGTCGCATG-1,0.092727,0.297546,0.609727
CCTATAATGAGTGCCC-1,0.152155,0.320054,0.527791
CCTATACCGTCCTGTC-1,0.022292,0.029787,0.947921
CCTATATCGTGTCACG-1,0.313242,0.686164,0.000594
CCTATATTTGTCCTGG-1,0.297451,0.039397,0.663152
CCTATCTATATCGGAA-1,0.602747,0.24688,0.150373
CCTATGGCTCCTAGTG-1,0.016508,0.392162,0.59133
CCTATGGGTTACCGTC-1,0.356476,0.463874,0.179651
CCTATGGTCAAAGCTG-1,0.01398,0.033445,0.952575
CCTATGTCCACTCCAC-1,0.118149,0.267247,0.614605
CCTCACCAATCTTGAC-1,0.039884,0.638289,0.321827
CCTCACCTTAGCATCG-1,0.74949,0.247983,0.002527
CCTCATGCAGCTACGA-1,0.108784,0.890731,0.000485
CCTCCCGACAATCCCT-1,0.041,0.412424,0.546576
CCTCCGACAATTCAAG-1,0.039762,0.04812,0.912118
CCTCCTAGCTAGAGTC-1,0.086519,0.714902,0.198579
CCTCCTGTTGTGTCGT-1,0.010066,0.000078,0.989856
CCTCGAAGTGGACGGG-1,0.152745,0.436536,0.41072
CCTCGACCCACTGCCT-1,0.017769,0.004247,0.977984
CCTCGCCAGCAAATTA-1,0.349078,0.543211,0.107711
CCTCGCGCGATATAGG-1,0.646469,0.349927,0.003603
CCTCGCGCTGTGCGAT-1,0.041174,0.649584,0.309242
CCTCGGACCGGGATAG-1,0.816202,0.183244,0.000554
CCTCGGTTTCCTTGCC-1,0.00909,0.041303,0.949607
CCTCTAATCTGCCAAG-1,0.429773,0.298343,0.271884
CCTCTACAAGGATTGG-1,0.017107,0.232963,0.749929
CCTCTATCGATTAGCA-1,0.064489,0.517943,0.417568
CCTCTCTCCCATCTAG-1,0.030782,0.194949,0.774269
CCTCTGGCCTAGACGG-1,0.215987,0.000041,0.783972
CCTCTGTACTATTCTA-1,0.014575,0.157098,0.828327
CCTGAACGATATATTC-1,0.999432,0.000063,0.000505
CCTGAATATTTACATA-1,0.21259,0.34491,0.442499
CCTGACCACCGATGGT-1,0.021928,0.170119,0.807953
CCTGACGCAACCTTTA-1,0.889751,0.109604,0.000645
CCTGAGAATAAATGCA-1,0.037686,0.342539,0.619774
CCTGATTCGCGAAGAA-1,0.000923,0.097938,0.901139
CCTGCGATAGAACTGT-1,0.82105,0.000073,0.178877
CCTGCGTTCTACGCTT-1,0.7875,0.162037,0.050463
CCTGCTATTTGAGAAG-1,0.066127,0.242745,0.691128
CCTGGCTAGACCCGCC-1,0.000024,0.556158,0.443818
CCTGGTCGAATGTGGG-1,0.020757,0.106728,0.872515
CCTGTAAGACATGATA-1,0.046626,0.108922,0.844453
CCTGTACTCACGCCCA-1,0.000053,0.757578,0.242369
CCTGTCACCCGGGCTC-1,0.178439,0.316212,0.505349
CCTGTCGCCCGTAAAT-1,0.136043,0.654886,0.209071
CCTGTCGTGTATGAAG-1,0.662007,0.123779,0.214214
CCTGTTCAACCTCGGG-1,0.001975,0.017315,0.98071
CCTGTTTGAAGACACG-1,0.010437,0.15827,0.831293
CCTTAAGTACGCAATT-1,0.055522,0.427653,0.516825
CCTTCAGTTAAAGTGA-1,0.058777,0.201705,0.739519
CCTTCCGCAACGCTGC-1,0.555548,0.24432,0.200133
CCTTCGTATAGAATCC-1,0.000012,0.014215,0.985773
CCTTCTCAGCGTTCCT-1,0.167913,0.831558,0.000529
CCTTCTTGATCCAGTG-1,0.289821,0.456439,0.25374
CCTTGTGAACGTGGTT-1,0.012368,0.086836,0.900796
CCTTTAAGGGAGCACT-1,0.033845,0.104662,0.861493
CCTTTCAATGAAGAAA-1,0.68687,0.31222,0.000909
CCTTTGAATTATGGCT-1,0.794471,0.000155,0.205374
CGAAACATAGATGGCA-1,0.272162,0.544473,0.183365
CGAAACGCAATTCATG-1,0.011737,0.236714,0.751548
CGAACAGTATGGGCGT-1,0.566069,0.246767,0.187164
CGAACCCGCATGCGTC-1,0.032845,0.267922,0.699233
CGAACCTCTTTCCTAG-1,0.015656,0.593302,0.391042
CGAACGCCCAGTGCCG-1,0.093766,0.472118,0.434117
CGAACGGCCGGACAAC-1,0.061193,0.938582,0.000225
CGAAGACTGCCCGGGA-1,0.017753,0.119908,0.862339
CGAAGATCAGTTTCAT-1,0.002268,0.21803,0.779701
CGAAGCCACAGCATGG-1,0.758025,0.00623,0.235745
CGAAGGGTTTCAGATT-1,0.07945,0.626648,0.293902
CGAAGTTGCTCTGTGT-1,0.007044,0.493032,0.499924
CGAATCTGCTCGACGC-1,0.000021,0.385732,0.614247
CGAATGAAGTCATTGC-1,0.178355,0.458891,0.362754
CGAATGACGCATAATG-1,0.006129,0.151115,0.842756
CGAATGGTAGGTCGTC-1,0.00904,0.399288,0.591672
CGAATTACATGGTGTT-1,0.649523,0.349691,0.000786
CGACAATTTGATCTAA-1,0.790568,0.000054,0.209378
CGACACGCTCCGACAG-1,0.981137,0.018387,0.000476
CGACAGTTCGCGTTAT-1,0.005803,0.476778,0.517419
CGACATGCGATCTTCT-1,0.079518,0.280318,0.640164
CGACCCTTAACGCCGG-1,0.288969,0.690004,0.021027
CGACCGTTGGTATTCG-1,0.13471,0.798502,0.066788
CGACGCATCCGTACCT-1,0.553345,0.219235,0.22742
CGACTCAGGATGTTAT-1,0.877156,0.122032,0.000812
CGACTTGCCGGGAAAT-1,0.520251,0.263231,0.216519
CGAGACCCTAGAGTGT-1,0.0713,0.129863,0.798837
CGAGACTACTGCTGCT-1,0.034834,0.059511,0.905655
CGAGAGATGTGAACCT-1,0.814822,0.002628,0.18255
CGAGAGCGCGTAGATA-1,0.42825,0.318152,0.253599
CGAGAGCTTTCACTAC-1,0.042119,0.221751,0.736131
CGAGAGGGTAGCCGCG-1,0.565712,0.084475,0.349813
CGAGATGTTGCCTATA-1,0.002925,0.35287,0.644205
CGAGCACTTCAAGTTT-1,0.003147,0.313885,0.682968
CGAGCGTTGATCAGCC-1,0.000026,0.559201,0.440773
CGAGCTGGGCTTTAGG-1,0.004653,0.512121,0.483226
CGAGGCCAGGCATTGG-1,0.209942,0.789224,0.000834
CGAGGCTAAATATGGC-1,0.458305,0.46435,0.077345
CGAGGGACTGCGGTCG-1,0.885646,0.113905,0.000449
CGAGGGTATCCAGGTG-1,0.018567,0.130829,0.850604
CGAGTACTAAAGAGGA-1,0.054667,0.042455,0.902877
CGAGTGAAGGTACCAG-1,0.009505,0.594244,0.396251
CGAGTGCTATAGTTCG-1,0.004886,0.153319,0.841795
CGAGTTCTGTCCCACC-1,0.999453,0.000068,0.000478
CGAGTTTATCGGACTG-1,0.810701,0.188455,0.000844
CGATACCTCGCGGACA-1,0.010791,0.679633,0.309576
CGATAGCGATACAGTG-1,0.269436,0.496152,0.234413
CGATAGTCGTACTGCA-1,0.06573,0.19844,0.735829
CGATATTAGCCGCAGG-1,0.011394,0.351916,0.636689
CGATCCACCATTGTTG-1,0.01115,0.481524,0.507326
CGATCCGACCCAGTGC-1,0.057144,0.540078,0.402777
CGATCCTCGCAACATA-1,0.15248,0.163981,0.683539
CGATCGAGAAGCACCA-1,0.001372,0.00457,0.994058
CGATCTGTTGGAGGAC-1,0.038836,0.34064,0.620524
CGATGGACCCTACGCC-1,0.940631,0.000567,0.058802
CGATGTTGTTATCTAC-1,0.139981,0.859458,0.000561
CGATTAAATATCTCCT-1,0.013041,0.272,0.714959
CGATTCGCCTGGCTGC-1,0.065606,0.612889,0.321505
CGATTTGTCATTAATG-1,0.170037,0.746919,0.083045
CGCAAACACGAGTTAC-1,0.030418,0.504774,0.464808
CGCAATTACTTTCGGT-1,0.000017,0.209048,0.790935
CGCAATTAGGGTAATA-1,0.013294,0.628524,0.358181
CGCAATTCTACAATAA-1,0.036887,0.574803,0.38831
CGCACATGTCCACTAC-1,0.999553,0.000056,0.000391
CGCACGTCTGTTTATG-1,0.008727,0.015763,0.975509
CGCACGTGCGCTATCA-1,0.72498,0.274133,0.000886
CGCAGAAACATTTGCG-1,0.04034,0.284584,0.675076
CGCAGGCGATCCAAAC-1,0.567629,0.235553,0.196819
CGCATCATGGCTTCAG-1,0.898331,0.019207,0.082462
CGCATGCCGAATGCGT-1,0.032807,0.181712,0.785481
CGCATGGTGCGATGCT-1,0.018964,0.000059,0.980977
CGCATTAGCTAATAGG-1,0.000023,0.403685,0.596292
CGCCAAGAAGCCGAGT-1,0.209492,0.790242,0.000266
CGCCACAGGTCGCGAT-1,0.699134,0.154449,0.146416
CGCCAGTAGTACCTTG-1,0.608272,0.000087,0.391641
CGCCATCCGATTATGA-1,0.897635,0.0471,0.055264
CGCCCAGCACGCCTAG-1,0.003964,0.180605,0.815431
CGCCCAGCGTTTCACG-1,0.071927,0.176041,0.752032
CGCCCGCTTCCGTACA-1,0.809143,0.190213,0.000644
CGCCCTAATTGTTCAA-1,0.221238,0.773749,0.005012
CGCCCTTGAAGGCTGA-1,0.463717,0.523113,0.01317
CGCCGCCCATGCCTGT-1,0.534831,0.208455,0.256714
CGCCGCGTTCTGAACG-1,0.025971,0.554802,0.419227
CGCCGTTCAGCATAGT-1,0.384021,0.018708,0.597271
CGCCTCCCTCCTCTAT-1,0.769223,0.230226,0.000552
CGCCTGGCCTACGTAA-1,0.001011,0.727949,0.271041
CGCGAAGTGGCATACT-1,0.002525,0.021592,0.975883
CGCGACCGCGACAGAT-1,0.054435,0.128118,0.817447
CGCGAGTCTGCCGGGT-1,0.06422,0.594965,0.340814
CGCGCAAATGTCCAGA-1,0.018884,0.139497,0.841619
CGCGCAAGGAACTACA-1,0.124371,0.875242,0.000387
CGCGCATGTTTGATTG-1,0.012628,0.208627,0.778744
CGCGCCCGACTTAATA-1,0.494572,0.321045,0.184382
CGCGGCTCAACTTGAA-1,0.602562,0.110366,0.287072
CGCGGGAATTAGGCAG-1,0.924108,0.017844,0.058048
CGCGGGAATTCCTTTC-1,0.042247,0.230017,0.727736
CGCGTCATATTAAACC-1,0.066038,0.021268,0.912694
CGCGTGCTATCAACGA-1,0.166183,0.833124,0.000694
CGCGTGGGCCTGTGTT-1,0.745348,0.00013,0.254523
CGCGTTCATGAAATAC-1,0.020164,0.104691,0.875145
CGCTACCGCCCTATGA-1,0.077816,0.270068,0.652116
CGCTACGGGACATTTA-1,0.01089,0.3786,0.61051
CGCTAGAGACCGCTGC-1,0.836017,0.002234,0.161749
CGCTATACCGCCCACT-1,0.000034,0.817074,0.182892
CGCTATTCAATGTATG-1,0.049906,0.711605,0.238489
CGCTATTCTTAGGCTC-1,0.048794,0.613305,0.337901
CGCTCGACATAATGAT-1,0.010299,0.30773,0.681971
CGCTCTCCGTAGATTA-1,0.000033,0.704153,0.295814
CGCTGAGGACGTCCAA-1,0.024109,0.289346,0.686545
CGCTGGTGACTACCCT-1,0.541416,0.458203,0.00038
CGCTGTGACGCCGCAC-1,0.00003,0.559837,0.440133
CGCTGTGTGGATGTTG-1,0.03078,0.381102,0.588118
CGCTTAGTATTGATAC-1,0.004624,0.000044,0.995331
CGCTTATTCCCGGTCG-1,0.062756,0.417194,0.52005
CGCTTCCACTGAAATC-1,0.016849,0.02582,0.95733
CGCTTTCATACCGGTG-1,0.000012,0.212453,0.787535
CGCTTTCCGCCAAGGT-1,0.028023,0.286401,0.685577
CGCTTTCTTGCATTCG-1,0.966216,0.000053,0.033731
CGGAAAGAATCAAACG-1,0.051773,0.037437,0.91079
CGGAAATTTCACATCC-1,0.01921,0.00035,0.98044
CGGAACGTAAACATAG-1,0.046038,0.55971,0.394252
CGGACCTCTGTAGTTA-1,0.010406,0.81658,0.173013
CGGACCTTTACGTCCC-1,0.01313,0.405602,0.581269
CGGAGCAATTTAATCG-1,0.084232,0.423718,0.49205
CGGAGCATGGCGATCC-1,0.363168,0.337131,0.299701
CGGAGCTTATAACACC-1,0.892623,0.106828,0.00055
CGGAGTTTGAGAGACA-1,0.010287,0.680077,0.309635
CGGATAAGCGGACATG-1,0.697596,0.000041,0.302363
CGGATCCTCAAGGACT-1,0.033069,0.000013,0.966918
CGGATGAATGCTGTGA-1,0.081897,0.716948,0.201155
CGGATTCTGCCTTATG-1,0.07526,0.430578,0.494163
CGGCAAACATCGTGCG-1,0.063696,0.250066,0.686238
CGGCACCGTTAGCGCC-1,0.988518,0.010764,0.000719
CGGCACTCAAGAAAGT-1,0.033118,0.966352,0.00053
CGGCAGGGTCGGGTTG-1,0.741155,0.258334,0.000511
CGGCCACGCACAAAGT-1,0.032781,0.210301,0.756918
CGGCCAGAGCGACCAT-1,0.074436,0.09909,0.826474
CGGCGCCATCAATCCC-1,0.240421,0.336166,0.423413
CGGCTCTTCGTCGAAC-1,0.956217,0.000059,0.043723
CGGCTGCAAGATTAAG-1,0.000007,0.000007,0.999985
CGGCTTTGTATGATAA-1,0.007709,0.523852,0.468439
CGGGAACGCCCTGCAT-1,0.520852,0.213801,0.265347
CGGGAAGTACCGTGGC-1,0.057857,0.629712,0.312431
CGGGAATTTATGTAAA-1,0.050422,0.00002,0.949558
CGGGAGCTTCAGTGTA-1,0.895028,0.10431,0.000662
CGGGAGTATACCGCCG-1,0.604612,0.010366,0.385022
CGGGATCAATGTAAGA-1,0.015641,0.562074,0.422285
CGGGCAGCTAAACCGC-1,0.021874,0.690187,0.28794
CGGGCCATAGCCGCAC-1,0.761584,0.237481,0.000936
CGGGCCTTCTTTGTAA-1,0.027575,0.439736,0.532689
CGGGCGATGGATCACG-1,0.003901,0.296561,0.699539
CGGGTGTACCCATTTA-1,0.700995,0.298336,0.000669
CGGGTTGTAGCTTTGG-1,0.226527,0.637418,0.136055
CGGTACTAGAATCAAA-1,0.868945,0.016674,0.114382
CGGTAGAGGTGCAGGT-1,0.999238,0.000095,0.000666
CGGTATGGGCACTCTG-1,0.00172,0.30984,0.688441
CGGTCAAGTGGGAACC-1,0.370573,0.117103,0.512325
CGGTCCGTCGCAAGCC-1,0.156148,0.20827,0.635582
CGGTCTATCAACCCGT-1,0.337192,0.004951,0.657857
CGGTGAAGACTAAAGT-1,0.02011,0.979548,0.000343
CGGTGCAGATAGAACG-1,0.00236,0.210589,0.787051
CGGTGCGCGTTGGTCC-1,0.013789,0.064104,0.922107
CGGTGGGCTCCAGCCT-1,0.422353,0.000227,0.577419
CGGTGTACTTGATCCC-1,0.000819,0.943737,0.055444
CGGTTATCCAACAGTG-1,0.677148,0.321937,0.000915
CGGTTCAAGTAGGTGT-1,0.999384,0.000077,0.000539
CGGTTCCGGCTTCTTG-1,0.058846,0.940257,0.000897
CGGTTGACCTGGCATA-1,0.000029,0.718729,0.281241
CGGTTGAGTATCCTTC-1,0.018273,0.040582,0.941144
CGGTTGGGCAGGGTCC-1,0.014746,0.432824,0.55243
CGTAAACGCTTGAGTG-1,0.195797,0.683577,0.120625
CGTAAAGCAAGAAATC-1,0.011434,0.361888,0.626678
CGTAAATAACAAAGGG-1,0.148441,0.545407,0.306152
CGTAACTTCGACACTT-1,0.021912,0.232864,0.745225
CGTACCTGATAGGCCT-1,0.128346,0.119341,0.752313
CGTAGAGAGTAATTAT-1,0.000923,0.512976,0.486101
CGTAGCGAATTGTCAG-1,0.127829,0.099785,0.772386
CGTAGCGCCGACGTTG-1,0.000009,0.000009,0.999982
CGTATTAAGAGATCTA-1,0.001134,0.785562,0.213304
CGTCAAGGCTATAAAT-1,0.595227,0.000529,0.404244
CGTCACGTCCATTGGT-1,0.002624,0.132938,0.864438
CGTCAGTGCGCACAAG-1,0.024192,0.227866,0.747942
CGTCAGTTTATCGTCT-1,0.018663,0.27273,0.708607
CGTCATACCATATCCA-1,0.423403,0.454895,0.121701
CGTCGCATGTGAGCCA-1,0.005678,0.420264,0.574058
CGTCGCTTGGTTATAC-1,0.025271,0.407354,0.567376
CGTCGGATAGTGTTGA-1,0.61772,0.381325,0.000955
CGTCGGGTCTAAGCGC-1,0.096211,0.777335,0.126453
CGTCGTCCTTCGCGAA-1,0.222507,0.319859,0.457634
CGTCTGGAAGGGCCCG-1,0.092642,0.397137,0.510222
CGTGAAGTTAATTCAC-1,0.066579,0.365534,0.567887
CGTGACATTGGGTCGT-1,0.842312,0.076187,0.081501
CGTGACCAGTCCTCTG-1,0.090108,0.354873,0.555019
CGTGCACACCACTGTA-1,0.116893,0.387406,0.4957
CGTGCAGACTGGGACA-1,0.598915,0.400044,0.001041
CGTGCATTGTCGACGC-1,0.041858,0.397393,0.560748
CGTGCCCGACATTTGT-1,0.0295,0.161641,0.808858
CGTGCCCTCCCGAAGA-1,0.85413,0.144624,0.001246
CGTGCTGGCCTAGTCG-1,0.774286,0.103989,0.121726
CGTGCTTCTACCTAAA-1,0.000023,0.376457,0.62352
CGTGGCCGAATATCTA-1,0.474289,0.49471,0.031001
CGTGGTACCCAAAGGC-1,0.000008,0.000008,0.999985
CGTGTCCCATTCGCGA-1,0.085671,0.351241,0.563088
CGTGTCTCGTTACGAC-1,0.000022,0.080189,0.919789
CGTTAATGTCCCGACG-1,0.186115,0.177411,0.636473
CGTTAGCTCACAACTG-1,0.715595,0.283807,0.000598
CGTTCAAGGAAACGGA-1,0.038975,0.30074,0.660284
CGTTCAGACCCGCGAA-1,0.028034,0.217849,0.754118
CGTTCATGGTGCGCGT-1,0.00058,0.775264,0.224157
CGTTGAATACCGCGCT-1,0.0202,0.291251,0.688549
CGTTGAGCGACCGTCG-1,0.108333,0.000958,0.890709
CGTTGCCCGCGTGGGA-1,0.007972,0.08285,0.909179
CGTTGTCGGCAATTGA-1,0.037569,0.318554,0.643877
CGTTGTTTCAATTCCC-1,0.000014,0.02394,0.976046
CGTTTAAGCGGAGCAC-1,0.002349,0.594009,0.403642
CGTTTCACTTCGGGCG-1,0.664873,0.178614,0.156513
CGTTTCGCTCATTACA-1,0.012062,0.140253,0.847685
CGTTTGTGTAGAGGGT-1,0.059071,0.146802,0.794127
CTAAACGGGTGTAATC-1,0.00287,0.441638,0.555491
CTAAAGAATGCCTACT-1,0.070814,0.071041,0.858146
CTAAAGGATGAGATAC-1,0.01704,0.441907,0.541054
CTAAAGGGAAATAGGA-1,0.018295,0.000016,0.981689
CTAAAGTCCGAAGCTA-1,0.470799,0.473042,0.056159
CTAAATCCGGTGTACA-1,0.001096,0.252147,0.746757
CTAAATCCTATTCCGG-1,0.996936,0.002415,0.00065
CTAACCGCGCGCCCGT-1,0.026963,0.332489,0.640549
CTAACGAAACTTGCTG-1,0.81325,0.186475,0.000275
CTAACTGATAATCGCC-1,0.454286,0.53386,0.011854
CTAACTGGTCCGGTTC-1,0.000012,0.061106,0.938882
CTAAGGGAATGATTGG-1,0.498538,0.500766,0.000697
CTAATTCGCACGCGCT-1,0.000031,0.571218,0.428751
CTAATTTCAACAACAC-1,0.005335,0.240594,0.754071
CTACAAGAAATAACCC-1,0.062545,0.18468,0.752775
CTACACTAGCTTGTTC-1,0.029567,0.515863,0.45457
CTACACTCGCAGATGG-1,0.358801,0.372806,0.268392
CTACATATCGCGGGAC-1,0.118009,0.738699,0.143292
CTACCCTAAGGTCATA-1,0.77835,0.128564,0.093086
CTACGAACTAGGTCGA-1,0.033488,0.351441,0.615071
CTACGACTAGCTATAA-1,0.013433,0.535291,0.451277
CTACGATCCTATCCTA-1,0.00003,0.667481,0.332489
CTACGCACGGAGTACC-1,0.07713,0.39832,0.52455
CTACGCCATTTCCGAT-1,0.639316,0.360164,0.00052
CTACGTGTTGCCACCA-1,0.546229,0.415356,0.038415
CTACTATCATAGGTTT-1,0.064337,0.688847,0.246816
CTACTATCTTTCAGAG-1,0.389788,0.017926,0.592286
CTACTCAAGGTATAGT-1,0.023514,0.085411,0.891075
CTACTCTAGGCCCGGC-1,0.000015,0.101437,0.898548
CTACTGCCACCTGACC-1,0.030882,0.516543,0.452575
CTAGACTGCATTTCGT-1,0.717856,0.28143,0.000715
CTAGATAAACTCCTCG-1,0.357945,0.641211,0.000843
CTAGATTTACGACGGC-1,0.558877,0.271776,0.169347
CTAGCAACTAATTTAC-1,0.100205,0.851518,0.048277
CTAGCATAGTATAATG-1,0.173105,0.132487,0.694408
CTAGCCCGGGAGACGA-1,0.000013,0.244762,0.755225
CTAGGCGCCCTATCAG-1,0.644829,0.354601,0.000571
CTAGGCGGCAGAGAAT-1,0.000028,0.617236,0.382737
CTAGGGATAGGGACAA-1,0.02485,0.072558,0.902592
CTAGGTTCGGACGTGA-1,0.090066,0.365913,0.544021
CTAGTAGAAAGGGATT-1,0.006555,0.195977,0.797468
CTAGTATTCGGAATTA-1,0.61313,0.386295,0.000575
CTAGTCACGTCTTAAG-1,0.420648,0.066515,0.512837
CTAGTGAAGGACAGGA-1,0.000024,0.433866,0.56611
CTAGTTACAACCCGGT-1,0.150205,0.435383,0.414412
CTAGTTGGGCCCGGTA-1,0.138832,0.365323,0.495846
CTATAAGAGCCAATCG-1,0.916227,0.014799,0.068974
CTATAAGTAGGGTTTG-1,0.560809,0.002139,0.437051
CTATAGGCGTTGATGT-1,0.008314,0.182523,0.809164
CTATATCCAGCCTGGC-1,0.063925,0.167665,0.76841
CTATCACAACGCTGGA-1,0.004039,0.387903,0.608058
CTATCGACGAAATACA-1,0.802261,0.19733,0.000409
CTATCGGGTCTCAACA-1,0.360019,0.603713,0.036268
CTATGAACACCTTGCC-1,0.117249,0.542713,0.340039
CTATGCCCGAATGCAA-1,0.037269,0.205277,0.757454
CTATGGGAAGCGGAAT-1,0.599992,0.069865,0.330143
CTATGTCACTAGCCCA-1,0.222222,0.542441,0.235337
CTATGTCTATTGAAAC-1,0.032316,0.567522,0.400162
CTATGTGAGTCACGGC-1,0.104975,0.775337,0.119688
CTATTCATGTGTCCCA-1,0.018719,0.452879,0.528402
CTATTTGCTTGGAGGA-1,0.009245,0.034796,0.955958
CTATTTGGTTACGGAT-1,0.369338,0.310217,0.320446
CTCAAACCACTGCCCG-1,0.018039,0.062467,0.919494
CTCAACTAACCCGGAT-1,0.017428,0.073515,0.909057
CTCACATTTACTAAAT-1,0.048693,0.24462,0.706687
CTCACTGTGATACTTA-1,0.064611,0.141534,0.793855
CTCACTTGGCTGGTAA-1,0.012377,0.811628,0.175994
CTCAGAGCTAATGTCG-1,0.034123,0.149172,0.816705
CTCAGGACTCACCTGT-1,0.00969,0.452983,0.537327
CTCAGTCACGACAAAT-1,0.769144,0.16785,0.063006
CTCATGGCTCACAATC-1,0.000022,0.178383,0.821595
CTCATGGTAATTTGCG-1,0.032941,0.251895,0.715164
CTCATTGCTCTAACAA-1,0.007773,0.24613,0.746097
CTCATTTGATGGGCGG-1,0.059278,0.287971,0.652751
CTCCCTCCTTTCGATC-1,0.052852,0.695489,0.251659
CTCCCTTGTATCAAGG-1,0.664186,0.037148,0.298666
CTCCGCCCACATGAGG-1,0.00403,0.163682,0.832288
CTCCGGCCTAATATGC-1,0.032497,0.526557,0.440946
CTCCGGCTTGTAGACA-1,0.596885,0.343902,0.059213
CTCCTAAGTTATGTCT-1,0.000032,0.445173,0.554795
CTCCTAGTAATCGTGA-1,0.603664,0.048624,0.347712
CTCCTCCAGCTCACAC-1,0.022218,0.012533,0.965249
CTCGAGACATACGATA-1,0.555899,0.188336,0.255765
CTCGAGGCAAGTTTCA-1,0.026461,0.189935,0.783605
CTCGAGGTCGAACAGT-1,0.026216,0.219126,0.754657
CTCGATATTTGCGAGC-1,0.903505,0.000097,0.096398
CTCGCACCTATATAGT-1,0.230035,0.343776,0.426189
CTCGCATTGCATAGCC-1,0.183314,0.62999,0.186697
CTCGCCGAATGTAGGG-1,0.012223,0.282422,0.705355
CTCGCTAGGTAAGCGA-1,0.016534,0.061753,0.921713
CTCGGGCATCGTCGGG-1,0.085468,0.392696,0.521836
CTCGGGTTCTCTGGCC-1,0.01842,0.038942,0.942638
CTCGGTACCACTGCTC-1,0.827916,0.171692,0.000392
CTCGGTCCGTAGCCTG-1,0.000012,0.019255,0.980733
CTCGGTTGTCGGCCCT-1,0.064916,0.390805,0.544279
CTCGTCGAGGGCTCAT-1,0.198556,0.588099,0.213345
CTCGTCTGTGCCTTCG-1,0.042471,0.157374,0.800155
CTCGTGGCACTGAAAG-1,0.009668,0.799721,0.190612
CTCGTTACGGCTACCA-1,0.007309,0.092883,0.899808
CTCTAACACCGGCAGC-1,0.000016,0.413212,0.586772
CTCTACACTGGCGATT-1,0.097658,0.574485,0.327857
CTCTACATCCTGCGTG-1,0.000022,0.401019,0.598959
CTCTAGCCCTCGGAAA-1,0.026195,0.106462,0.867343
CTCTATTTGGCTGCAG-1,0.136845,0.347021,0.516134
CTCTCACAATCGATGA-1,0.464201,0.455863,0.079936
CTCTCGATGTGCGCCT-1,0.003517,0.195003,0.80148
CTCTCTAACTGCCTAG-1,0.023563,0.03207,0.944367
CTCTGCAGGCATTCTT-1,0.000033,0.549722,0.450245
CTCTGCGAAGCAAGCA-1,0.00002,0.507408,0.492572
CTCTGGACGCCTGGTG-1,0.084786,0.706989,0.208225
CTCTGTCCATGCACCA-1,0.01091,0.355673,0.633418
CTCTGTGCCTGCTATG-1,0.015597,0.194854,0.78955
CTCTGTTTGAGGATTC-1,0.113765,0.147035,0.7392
CTCTTCTATTGACTGG-1,0.476634,0.256142,0.267224
CTCTTCTGGAAGTTAG-1,0.004489,0.227815,0.767697
CTCTTGTCCCGCTTGG-1,0.073753,0.483185,0.443062
CTGAAAGAGATCCGAC-1,0.126939,0.377254,0.495807
CTGAATCCGAGACCTC-1,0.14214,0.376381,0.481479
CTGACTGCGCAGCTCG-1,0.775897,0.009412,0.214691
CTGAGCAAGTAACAAG-1,0.115649,0.881023,0.003329
CTGATAGTGTATCTCA-1,0.424049,0.575393,0.000558
CTGATCCCTTTATGCA-1,0.01554,0.171167,0.813293
CTGCAAATGGGCTCCA-1,0.014506,0.051088,0.934406
CTGCACAACTACATAT-1,0.324462,0.089072,0.586465
CTGCACCTGGAACCGC-1,0.00001,0.123982,0.876007
CTGCACTCCAGTACAG-1,0.02149,0.082026,0.896484
CTGCAGAGAATCAGAG-1,0.129021,0.308088,0.562891
CTGCCAAGGTTGGAAG-1,0.78806,0.191799,0.020141
CTGCCATGCATCACAT-1,0.12395,0.415586,0.460464
CTGCCTAGCCACCAAG-1,0.179911,0.000396,0.819694
CTGCCTTTAATACCTT-1,0.007891,0.051842,0.940267
CTGCCTTTCTAGTAAA-1,0.024476,0.331109,0.644415
CTGCGACCTCGCCGAA-1,0.091399,0.353188,0.555413
CTGCGATTTCGAGATT-1,0.013025,0.131289,0.855686
CTGCGGGTGAAATGTT-1,0.010998,0.634985,0.354017
CTGCGGTAGTCACGTG-1,0.81042,0.142165,0.047414
CTGCGTTACGATATAA-1,0.999392,0.000076,0.000532
CTGCTCTGACGGCAAA-1,0.004273,0.457147,0.53858
CTGCTGAGGCCACGAA-1,0.030683,0.061539,0.907777
CTGCTTGGCGATAGCT-1,0.031267,0.000039,0.968694
CTGGAAATGGATGCTT-1,0.007968,0.489943,0.502089
CTGGAAGACACGGTGG-1,0.43808,0.084132,0.477787
CTGGACGCAGTCCGGC-1,0.129885,0.860508,0.009607
CTGGATTTACACTTGA-1,0.108828,0.35104,0.540132
CTGGCATCCGAATGAG-1,0.024978,0.094457,0.880564
CTGGCGACATAAGTCC-1,0.979641,0.01983,0.000529
CTGGCGCACAGGTCTG-1,0.177305,0.000029,0.822666
CTGGCGGGAATAAGTA-1,0.209595,0.789978,0.000427
CTGGCTCCTGCGGGAT-1,0.415407,0.583979,0.000614
CTGGCTGATTCATCCT-1,0.925036,0.074529,0.000435
CTGGCTGCTAACGTAA-1,0.534504,0.464957,0.000539
CTGGCTGGTTGTCAGT-1,0.167606,0.13844,0.693954
CTGGGATAAATAATGG-1,0.929754,0.069896,0.00035
CTGGGATCGCCCAGAT-1,0.040243,0.183756,0.776001
CTGGGCACTAGTCGGA-1,0.540489,0.062039,0.397472
CTGGGCCTGCTATATC-1,0.022388,0.466009,0.511602
CTGGGCGGCCAAATGT-1,0.052021,0.004207,0.943773
CTGGGTAGGCAGTTAA-1,0.80913,0.190443,0.000427
CTGGGTTGAGTTAAAG-1,0.342955,0.579728,0.077317
CTGGTAAAGACTTACA-1,0.049065,0.721368,0.229567
CTGGTAACACATAGAA-1,0.881116,0.118552,0.000331
CTGGTAACGAGCTCTT-1,0.769882,0.228536,0.001582
CTGGTCATTCCAATCC-1,0.851984,0.000099,0.147916
CTGGTCCTAACTTGGC-1,0.000155,0.214989,0.784856
CTGGTGAATGGGCCTA-1,0.000011,0.120299,0.87969
CTGGTTCAACGCATCA-1,0.185065,0.759045,0.05589
CTGGTTTCGAGCAAGA-1,0.57698,0.414298,0.008722
CTGTACTTCTTAGCAT-1,0.151986,0.519202,0.328813
CTGTAGCCATCTCACT-1,0.061595,0.000014,0.938391
CTGTAGTGAGGATCGA-1,0.023362,0.003665,0.972973
CTGTATGGTGTAGAAA-1,0.100546,0.470308,0.429146
CTGTCAAATGGCTCGG-1,0.482303,0.262326,0.255371
CTGTCACGCCAGGCGC-1,0.684115,0.000161,0.315724
CTGTGCAGGGTAGGTC-1,0.490149,0.478284,0.031568
CTGTGGTCGGGAGATA-1,0.256897,0.001356,0.741747
CTGTTACCCAATCTAG-1,0.044174,0.122644,0.833183
CTGTTCACTGCCTGTG-1,0.000032,0.433489,0.566479
CTGTTCATCTCACGGG-1,0.043501,0.239883,0.716616
CTGTTGTTCAGTCGTA-1,0.000033,0.637729,0.362238
CTTAACTTCGAAGTAC-1,0.158361,0.462762,0.378876
CTTAATCGACTTAGTA-1,0.003658,0.111674,0.884668
CTTACACGGTATTCCA-1,0.065508,0.097085,0.837407
CTTACACTGGGAAATA-1,0.015085,0.393176,0.591738
CTTACATAGATTTCTT-1,0.018777,0.496062,0.485161
CTTAGATGTTTCATCC-1,0.00066,0.230981,0.76836
CTTAGCCTTCCACATG-1,0.399155,0.293754,0.307091
CTTAGGTATAGACCAG-1,0.002114,0.326659,0.671227
CTTAGTGTAGTAGCAT-1,0.149081,0.026528,0.824391
CTTAGTTGAGGAATCG-1,0.032835,0.387657,0.579508
CTTATGCGCTCAGGGC-1,0.59067,0.246421,0.162909
CTTATGTTGACTACCA-1,0.284081,0.715353,0.000566
CTTCAACTCCACTTGG-1,0.024075,0.136845,0.83908
CTTCACGCCCTGGTAC-1,0.042417,0.778038,0.179545
CTTCAGTGGTCGCCTA-1,0.016013,0.089289,0.894698
CTTCAGTTGGACAACG-1,0.00702,0.258552,0.734428
CTTCATAGCTCAAGAA-1,0.00162,0.457158,0.541222
CTTCATCACCAGGGCT-1,0.020109,0.643488,0.336403
CTTCATTGTCAGTGGA-1,0.074827,0.460977,0.464195
CTTCCGCTCCGTGAAG-1,0.047413,0.361929,0.590658
CTTCGATTGCGCAAGC-1,0.053772,0.481471,0.464757
CTTCGTAGATAGGTGA-1,0.011279,0.707189,0.281532
CTTCGTGCCCGCATCG-1,0.167823,0.446024,0.386153
CTTCTATGTTGAAGTA-1,0.000011,0.012785,0.987205
CTTCTATTAATGCTAG-1,0.021128,0.119093,0.85978
CTTCTGGGCGTACCTA-1,0.000023,0.171593,0.828383
CTTCTTACGTCGTATA-1,0.00002,0.136171,0.86381
CTTGACCCGAAAGATA-1,0.013296,0.009221,0.977483
CTTGAGGTTATCCCGA-1,0.302107,0.69708,0.000813
CTTGAGTTAGGGTAAT-1,0.813415,0.169252,0.017334
CTTGATGACCATCCAG-1,0.018321,0.375749,0.60593
CTTGCAACCGCCTCCT-1,0.034498,0.601066,0.364436
CTTGCCCACCCACGCA-1,0.064916,0.084285,0.8508
CTTGCCCAGGCTCTAC-1,0.118161,0.529265,0.352574
CTTGGCCAAGCTGGGA-1,0.01741,0.049442,0.933147
CTTGTACTTGTTGACT-1,0.000029,0.652695,0.347276
CTTGTCAACATTCGAG-1,0.190038,0.396462,0.4135
CTTGTCGTACGTGTCA-1,0.000834,0.309212,0.689954
CTTGTGAGTCTTTGAC-1,0.000039,0.475183,0.524778
CTTGTGCTCACCGATT-1,0.684873,0.314052,0.001075
CTTGTTGCTGAGTCAA-1,0.782702,0.216718,0.00058
CTTGTTTATGTAGCCA-1,0.000013,0.103554,0.896433
CTTTAACTTTCAAAGG-1,0.096963,0.434596,0.46844
CTTTAATATTGGTCGA-1,0.136199,0.258247,0.605555
CTTTACCGAATAGTAG-1,0.625729,0.37378,0.000491
CTTTAGGAACACTGTT-1,0.471306,0.000043,0.52865
CTTTAGTGCTATTATT-1,0.187719,0.337494,0.474787
CTTTATCCGACGCATG-1,0.007757,0.06573,0.926513
CTTTCTGTGCGGGCTT-1,0.053392,0.413109,0.533499
CTTTGAAACATATTCC-1,0.48656,0.000184,0.513257
CTTTGCATCGCTCTTG-1,0.177687,0.018236,0.804078
CTTTGGCGCTTTATAC-1,0.253315,0.746097,0.000588
CTTTGGCTTTAGTAAA-1,0.000023,0.5975,0.402477
CTTTGGGATTGTTGCA-1,0.016973,0.392258,0.590769
CTTTGTCGAATGCTCC-1,0.752527,0.069542,0.177931
GAAACAGATGACCACC-1,0.99966,0.000042,0.000297
GAAACAGCCATGCAGT-1,0.004693,0.344504,0.650803
GAAACATAGGAAACAG-1,0.13441,0.567129,0.298461
GAAACCGAATTACCTT-1,0.039896,0.694927,0.265177
GAAACCTATACAAATG-1,0.010588,0.235542,0.75387
GAAACTCGTGCGATGC-1,0.220024,0.537566,0.24241
GAAACTCTAATGAAGG-1,0.132305,0.021471,0.846224
GAAAGCAGTGCACTTT-1,0.062118,0.21356,0.724322
GAAAGCCCTTTGGACC-1,0.214159,0.785363,0.000479
GAAAGTGACTAACTGC-1,0.021113,0.155361,0.823526
GAAATACCTGCTGGCT-1,0.939418,0.000057,0.060525
GAAATACTAAACGTTT-1,0.230568,0.768993,0.000439
GAAATATCACCATCAG-1,0.064407,0.326943,0.60865
GAAATCGCGCGCAACT-1,0.206523,0.158527,0.63495
GAAATGGCGGTGTTAG-1,0.022272,0.413895,0.563833
GAAATGGGATGTAAAC-1,0.404539,0.464386,0.131075
GAAATTAGCACGGATA-1,0.789877,0.20925,0.000873
GAAATTCACATCGCTG-1,0.02175,0.370596,0.607654
GAAATTGTCTCTATAA-1,0.043189,0.693995,0.262816
GAACAACTGGGATGAA-1,0.032224,0.198993,0.768783
GAACACACATCAACCA-1,0.001093,0.121784,0.877123
GAACAGATTACTAAAT-1,0.055723,0.239026,0.70525
GAACCATCTGGGAGAC-1,0.046906,0.107726,0.845368
GAACCCTCTGTGTTCT-1,0.055067,0.452052,0.492881
GAACCTCGACCTACAC-1,0.620122,0.153214,0.226664
GAACCTTTAACGATCC-1,0.044686,0.116301,0.839013
GAACGACCGAATGATA-1,0.006153,0.059975,0.933872
GAACGTCTCATGGTCG-1,0.996538,0.002965,0.000496
GAACGTTAGGAAGACG-1,0.469069,0.530346,0.000585
GAACTGTGGAGAGACA-1,0.120318,0.359486,0.520196
GAAGAAACGATATTGT-1,0.017972,0.295949,0.686079
GAAGAACGGTGCAGGT-1,0.005699,0.736,0.258302
GAAGACTTCAATGCCG-1,0.045907,0.17092,0.783173
GAAGCAAGGCAATGTT-1,0.121648,0.080133,0.798219
GAAGCCACTGATTATG-1,0.001817,0.544541,0.453642
GAAGCCTGCACATTCC-1,0.143104,0.315584,0.541312
GAAGCGTGAGGAATTT-1,0.066661,0.655022,0.278317
GAAGCTCGGACCCGTC-1,0.024824,0.781337,0.193839
GAAGCTTGCTGACCGC-1,0.008635,0.780695,0.21067
GAAGGAGTCGAGTGCG-1,0.008325,0.04043,0.951245
GAAGGGTCATTAAGAC-1,0.000453,0.095254,0.904292
GAAGTCAGTTGCACTA-1,0.007213,0.044587,0.9482
GAAGTCTCCCTAGCGA-1,0.589268,0.000035,0.410697
GAAGTGATTTATCGTG-1,0.000822,0.727316,0.271862
GAAGTGCTGGATAGCT-1,0.083187,0.514142,0.402671
GAAGTTTCCACTCAAT-1,0.024184,0.286927,0.688888
GAATAGACGCGACCCA-1,0.9758,0.02377,0.00043
GAATAGTGCTCGATTA-1,0.00427,0.258439,0.737292
GAATATTCGGAGTCCC-1,0.170061,0.000018,0.829921
GAATCGACATGGTCAC-1,0.011615,0.331226,0.657159
GAATCGCCGGACACGG-1,0.014049,0.059815,0.926137
GAATCTATACTCGGAC-1,0.032253,0.09864,0.869107
GAATCTGAACATTCTC-1,0.250549,0.272337,0.477114
GAATGCCGAAATGACC-1,0.732945,0.219034,0.048022
GAATGCGAATCGGTTC-1,0.041739,0.280926,0.677335
GAATGTATGGCAGGTC-1,0.653221,0.05307,0.293708
GAATGTGGTCCGGATT-1,0.967741,0.01765,0.014608
GAATGTTGGGTAATCT-1,0.082754,0.099888,0.817358
GAATTATAGTGAAAGG-1,0.391301,0.412328,0.196371
GAATTCACCCGGGTGT-1,0.10578,0.667695,0.226525
GAATTTCTCGCTGCAG-1,0.000177,0.890487,0.109336
GACAAACATATGCAGG-1,0.606171,0.205396,0.188433
GACAACGACCATTGAA-1,0.696324,0.105004,0.198671
GACAACGCAGCTTACG-1,0.088514,0.451135,0.460352
GACACAAGGGAAGAAA-1,0.544206,0.439175,0.016619
GACACAGCCGGGACTG-1,0.065447,0.351889,0.582664
GACACCCAAAGACGCG-1,0.047446,0.631302,0.321252
GACACGAGTTAGAGGA-1,0.013351,0.137593,0.849056
GACACTGAGTTCAGTG-1,0.016876,0.538996,0.444127
GACACTTCCAATTACC-1,0.049505,0.542188,0.408306
GACAGAGGTCTTCAGT-1,0.000014,0.417895,0.582091
GACAGATTTCTGGCTC-1,0.723504,0.000056,0.27644
GACAGCCAGACCTGAC-1,0.894863,0.000063,0.105074
GACAGGCACACACTAT-1,0.000011,0.26209,0.737899
GACATCCGTCGAACTG-1,0.127981,0.248831,0.623188
GACATCGATTTATAAC-1,0.037259,0.435771,0.526969
GACATTTCGCCCAGCC-1,0.438346,0.273591,0.288063
GACCACACTTCCCTTT-1,0.016842,0.206798,0.77636
GACCAGAGCCCTGTAG-1,0.020808,0.086461,0.892731
GACCAGGTCATTCATA-1,0.003332,0.146375,0.850293
GACCCAATTATGATAC-1,0.052252,0.643401,0.304347
GACCCGTCGCCGGCTA-1,0.000012,0.000012,0.999977
GACCGACTGAAGCGTC-1,0.03799,0.381508,0.580502
GACCGATTAAATATGT-1,0.000007,0.223343,0.77665
GACCGGTGATACTCTC-1,0.559184,0.000352,0.440464
GACCGTCAGGTCGTGA-1,0.719054,0.280337,0.000609
GACCGTGCTGACGGTG-1,0.046494,0.818553,0.134953
GACCTTCCACGTCTAC-1,0.098164,0.224364,0.677473
GACGACGATCCGCGTT-1,0.156068,0.291572,0.55236
GACGAGGCTAATAAAC-1,0.352591,0.49527,0.152139
GACGATATCACTGGGT-1,0.00309,0.627278,0.369632
GACGCATACCCGTCGG-1,0.689191,0.04837,0.262439
GACGCCGTAAAGGCTA-1,0.044953,0.305762,0.649285
GACGCCTGTTGCAGGG-1,0.013631,0.935055,0.051314
GACGCTTGCTTCTAAA-1,0.051608,0.556116,0.392276
GACGGACCGCGTTCCT-1,0.025486,0.335623,0.638891
GACGGGATGTCTTATG-1,0.134291,0.662141,0.203568
GACGGGTTGGCCCGTA-1,0.030829,0.467141,0.502031
GACGGTCAATAGAAGC-1,0.926702,0.072625,0.000673
GACGTGAGACTCCATG-1,0.081254,0.918215,0.000531
GACGTGTAGGGATTAT-1,0.000668,0.21385,0.785481
GACGTTGCTCGGCGGC-1,0.125999,0.291545,0.582455
GACTAACACAGCACCT-1,0.812828,0.159214,0.027958
GACTAAGATCATGCAC-1,0.002197,0.048062,0.949742
GACTAAGTAGGCTCAC-1,0.015029,0.098503,0.886468
GACTACAAAGCGGTGG-1,0.003854,0.16949,0.826656
GACTACAATTGCTCGT-1,0.798641,0.180327,0.021032
GACTAGGCCGTTAGGT-1,0.019682,0.00001,0.980309
GACTCCTTCCAATTGA-1,0.335797,0.663795,0.000408
GACTCGCGGGAATGAC-1,0.890146,0.004887,0.104968
GACTCTAGAGTTCCAA-1,0.012777,0.551473,0.43575
GACTGCAAATCGAGCT-1,0.018526,0.359564,0.62191
GACTGCACCAGCCCAG-1,0.123605,0.000016,0.876378
GACTGCGGCACGTGTA-1,0.906728,0.000103,0.093169
GACTGCTGGTGAGAAA-1,0.033699,0.104518,0.861783
GACTGGGCGCCGCAAC-1,0.856728,0.142173,0.001099
GACTTCAACGCATCAA-1,0.000014,0.506131,0.493855
GACTTTCGAGCGGTTC-1,0.000893,0.192217,0.80689
GAGAACGGTTCTGACT-1,0.029291,0.000042,0.970667
GAGACTGATGGGTAGA-1,0.019239,0.511718,0.469043
GAGACTTCGCGACCGA-1,0.03853,0.348129,0.613341
GAGAGGGCGCGAGGTT-1,0.020591,0.619316,0.360094
GAGAGGTGCATTCTGG-1,0.018535,0.237597,0.743869
GAGAGTCTCGGGAGAG-1,0.012419,0.143883,0.843698
GAGATCTGCTTGGCAT-1,0.00469,0.001664,0.993646
GAGATCTGTCACTCCG-1,0.262732,0.00093,0.736337
GAGATCTTCCATGACA-1,0.625401,0.334167,0.040432
GAGATGGCTTTAATCA-1,0.014303,0.357649,0.628047
GAGATGGGAGTCGACA-1,0.128052,0.352215,0.519733
GAGCACCTGTGTCCAG-1,0.039613,0.36642,0.593967
GAGCATCAACAACTTG-1,0.05936,0.293873,0.646766
GAGCATCATCCCTGGG-1,0.027648,0.00423,0.968122
GAGCCACGGTAGTAGG-1,0.000926,0.335509,0.663565
GAGCCAGCTACCTGTG-1,0.41745,0.581689,0.000861
GAGCGAGGGAGTACCG-1,0.003088,0.48513,0.511782
GAGCGCGCACGAGTAG-1,0.591874,0.407586,0.00054
GAGCGCTGTTAGGTAA-1,0.002901,0.369455,0.627645
GAGCGGAATGCGGTGT-1,0.022429,0.520067,0.457504
GAGCTAAGGGCATATC-1,0.912849,0.004583,0.082568
GAGCTCAACATGAGCG-1,0.015508,0.163506,0.820986
GAGCTCTCGGACCTAA-1,0.000036,0.750907,0.249057
GAGGAATATCTCTTTG-1,0.00655,0.084709,0.908741
GAGGAATGGAGAGGTT-1,0.000046,0.925974,0.07398
GAGGAGTAATTCCTAC-1,0.004621,0.332526,0.662853
GAGGCCCGACTCCGCA-1,0.040964,0.218439,0.740597
GAGGCTATCAAAGTCG-1,0.019302,0.79291,0.187788
GAGGGAGTCAGATCGC-1,0.028249,0.213397,0.758355
GAGGGCATCGCGTATC-1,0.05083,0.236267,0.712903
GAGGGCGCAGCTCTGC-1,0.715908,0.027606,0.256487
GAGGGTAGTAACAAAG-1,0.013959,0.00489,0.98115
GAGGTACATCCATCTT-1,0.033716,0.323569,0.642715
GAGGTACGCGTGTCCC-1,0.000451,0.318613,0.680936
GAGGTCCCAAAGATCT-1,0.034919,0.594822,0.37026
GAGGTCCGTTCGCTGT-1,0.000036,0.97253,0.027434
GAGGTCTTAGTGGGTC-1,0.67793,0.178144,0.143927
GAGTAAGGCCACGGGA-1,0.139222,0.75074,0.110038
GAGTACGGGTATACAA-1,0.003263,0.109059,0.887678
GAGTAGATACTAGTTG-1,0.009681,0.376442,0.613876
GAGTATACCCTAATCA-1,0.010344,0.357132,0.632524
GAGTATGCCCGCCTTG-1,0.024313,0.353894,0.621793
GAGTATGCGCGTGCAT-1,0.050111,0.412431,0.537457
GAGTCAGACCAGAATC-1,0.056277,0.08089,0.862833
GAGTCCACCAGGTTTA-1,0.029372,0.043052,0.927576
GAGTCCGCTTACCGGA-1,0.12187,0.592394,0.285735
GAGTGTCAACCAGAAA-1,0.034535,0.611941,0.353523
GAGTGTGCGGTACCCA-1,0.999472,0.000066,0.000462
GAGTTGATGGCAATTT-1,0.099957,0.545395,0.354648
GAGTTGTCACCAGTCT-1,0.552918,0.446285,0.000797
GATAAATCGGTGGATG-1,0.004715,0.011106,0.984179
GATAACTCGCACTGTG-1,0.827717,0.171585,0.000698
GATAAGGCAGATGCAA-1,0.068185,0.729456,0.202359
GATACGATGGGAGTCA-1,0.002243,0.250873,0.746884
GATAGAACCCGCTAGG-1,0.015192,0.299587,0.685222
GATAGATAGTACAGTC-1,0.000788,0.0365,0.962712
GATAGGTAACGTTGAC-1,0.100702,0.15921,0.740088
GATAGTGCGAGTAAGT-1,0.035575,0.253934,0.710491
GATATCTCATGCAATA-1,0.036602,0.376546,0.586852
GATATGAGACACTAAC-1,0.453973,0.032476,0.513551
GATATGCGGTAGCCAA-1,0.997969,0.000254,0.001777
GATATGGATTACGCGG-1,0.390092,0.609226,0.000682
GATATTGAGATTGGCG-1,0.871849,0.127442,0.000709
GATATTTCCTACATGG-1,0.87714,0.122223,0.000637
GATCAACATAAAGGGA-1,0.020773,0.233652,0.745575
GATCATTCCAAACATT-1,0.015466,0.310038,0.674496
GATCCAACCTTTAAAC-1,0.508519,0.000069,0.491411
GATCCCTTTATACTGC-1,0.000184,0.002663,0.997154
GATCCGGGAATTAACA-1,0.782022,0.217634,0.000344
GATCCTAAATCGGGAC-1,0.584353,0.413411,0.002236
GATCCTCGACACTGGC-1,0.0147,0.005665,0.979635
GATCCTCTTGCGCTTA-1,0.732201,0.266904,0.000895
GATCGACACTATCTGA-1,0.039107,0.023069,0.937823
GATCGCGGGCTCTCCA-1,0.185791,0.443846,0.370364
GATCGCTACCCGATTT-1,0.458365,0.541175,0.00046
GATCGCTATATCTCAG-1,0.071614,0.316152,0.612234
GATCGCTGTGGTGCGT-1,0.000024,0.755753,0.244223
GATCGGATAGAACCAT-1,0.258495,0.741104,0.000402
GATCGGTGGCCATAAC-1,0.210534,0.383555,0.405911
GATCGTGACTGATATC-1,0.499439,0.500009,0.000552
GATCTAACCGTATTCA-1,0.730743,0.000114,0.269143
GATCTGCTATCTAAGG-1,0.032558,0.25854,0.708902
GATCTTGGAGGGCATA-1,0.278186,0.514423,0.207391
GATCTTTGCAGGGTAT-1,0.000022,0.467291,0.532687
GATGACAAGTAGGGCA-1,0.024824,0.214835,0.760341
GATGAGGAACCTTCGG-1,0.095921,0.000012,0.904067
GATGATTTGAAACTGG-1,0.000023,0.531944,0.468034
GATGCCACACTACAGC-1,0.017555,0.521328,0.461118
GATGCCAGCAGAAGGC-1,0.899811,0.038414,0.061775
GATGCCTTCTGCGGCA-1,0.186429,0.813111,0.00046
GATGCGTCCTGCATTC-1,0.035756,0.404055,0.560189
GATGCTACAAGCGCCT-1,0.03725,0.139764,0.822985
GATGCTACCTTCGATG-1,0.024982,0.048423,0.926595
GATGCTGTATTTCATC-1,0.56274,0.436557,0.000702
GATGGCGCACACATTA-1,0.000023,0.475255,0.524722
GATGGTGCCCTAGGCA-1,0.3868,0.555132,0.058068
GATGTAACGAACCACC-1,0.048752,0.418298,0.532949
GATGTCCGGATCACAT-1,0.000052,0.878962,0.120985
GATGTCGGTCAACTGC-1,0.059997,0.166431,0.773572
GATGTGTTGTCACAAG-1,0.1178,0.688223,0.193977
GATGTTCAATCCACGA-1,0.028001,0.073708,0.898291
GATGTTTGTGCGAGAT-1,0.000023,0.339416,0.66056
GATTAACCGAAAGCCC-1,0.476126,0.516977,0.006896
GATTAATCCTGGCTCA-1,0.134464,0.864907,0.000629
GATTACTGAATTTGGG-1,0.005143,0.000936,0.993921
GATTAGAAACAAGCGT-1,0.000895,0.221854,0.777252
GATTATCTTGCATTAT-1,0.000018,0.354793,0.64519
GATTCCCTTGTCGCAG-1,0.155979,0.416678,0.427343
GATTCCGCGTTTCCGT-1,0.503163,0.279701,0.217136
GATTCCTATACGGCGC-1,0.080483,0.918909,0.000609
GATTCGACGGTTCACG-1,0.603781,0.395766,0.000453
GATTCTGTTAATGAGT-1,0.098901,0.395089,0.506009
GATTGACACTCTGCTC-1,0.005688,0.232554,0.761758
GATTGCTCCAGTTGCA-1,0.005559,0.581508,0.412933
GATTGGGAAAGGTTGT-1,0.026665,0.044266,0.929069
GATTTGCGCTAACACC-1,0.003299,0.513523,0.483178
GCAAACCCTACATTAT-1,0.763337,0.173411,0.063252
GCAAACCTTGGCCATA-1,0.054397,0.446656,0.498947
GCAAACGTAAGCGACC-1,0.517484,0.000042,0.482474
GCAAAGGGCGTTAGCC-1,0.000006,0.064025,0.935969
GCAAATATTACGCTTT-1,0.011831,0.438334,0.549835
GCAACACACTAGAACT-1,0.07214,0.852389,0.075472
GCAACCACCAGACCGG-1,0.751115,0.248433,0.000452
GCAACCACGGCCGCGT-1,0.020999,0.386575,0.592426
GCAAGAATTCCTTGGC-1,0.007243,0.300447,0.69231
GCAAGTGCACAGAGAA-1,0.000841,0.442231,0.556928
GCAAGTGTAAAGCATG-1,0.068224,0.000018,0.931758
GCACAAACCCTAGATG-1,0.002649,0.573967,0.423384
GCACAACCTCGGGCGT-1,0.547005,0.448799,0.004196
GCACAAGTGTCGGAAG-1,0.046126,0.191706,0.762168
GCACACACTGGTAGCC-1,0.203818,0.173334,0.622848
GCACACAGCTATTACC-1,0.063375,0.003424,0.933201
GCACACGCCCATGGTC-1,0.674028,0.084119,0.241854
GCACAGCACGGGCCGA-1,0.015672,0.20865,0.775678
GCACCTAGGCGAGTCC-1,0.08612,0.000041,0.913839
GCACGCCGATTCCCGC-1,0.011433,0.421635,0.566932
GCACGCCTACTTAGAT-1,0.077002,0.255371,0.667627
GCACTAGTCGCGCTAT-1,0.001932,0.242468,0.755599
GCACTCCCACAGTCCC-1,0.02957,0.248313,0.722117
GCACTGCCTACCTTTA-1,0.055061,0.162599,0.78234
GCACTGTGCAAATGTA-1,0.094284,0.227043,0.678673
GCAGATCCATAAGACT-1,0.627139,0.363484,0.009376
GCAGATTAGGGATATC-1,0.078209,0.633564,0.288227
GCAGCACACAGCCCAG-1,0.054272,0.012696,0.933032
GCAGCGGTGGGCATTA-1,0.11595,0.883632,0.000418
GCAGCTGTCAACGCAT-1,0.00738,0.202469,0.790151
GCAGGAACTTAGATCT-1,0.031114,0.799911,0.168975
GCAGGACTATAGAATA-1,0.006857,0.217538,0.775605
GCAGGTAGAGTATGGT-1,0.717112,0.000368,0.282519
GCAGTGTGGCTATAGG-1,0.056846,0.490975,0.452179
GCATACGAGGTCTTTA-1,0.493443,0.506044,0.000512
GCATAGAGCACTCAGG-1,0.065908,0.279625,0.654467
GCATCCCTAACTTTGA-1,0.060953,0.09175,0.847297
GCATCGGCCGTGTAGG-1,0.631114,0.205778,0.163107
GCATGAGGGACGCGGC-1,0.936705,0.051528,0.011767
GCATGCTAATAACGAT-1,0.101199,0.000106,0.898695
GCATTCGAAATGAACA-1,0.822746,0.000049,0.177205
GCATTGTAATTCATAT-1,0.000056,0.453048,0.546896
GCCAAGAATACTTCTG-1,0.47932,0.315333,0.205347
GCCACAATTTAAGGAC-1,0.023086,0.354534,0.622381
GCCACCTTATTCGCGA-1,0.709124,0.000073,0.290803
GCCACTCAGAGCGCGA-1,0.159377,0.386503,0.45412
GCCAGGAAAGAACACT-1,0.138769,0.309986,0.551245
GCCAGGAGTAACCGAT-1,0.999638,0.000045,0.000317
GCCAGGCGTTCGCATG-1,0.812929,0.05243,0.134641
GCCATATTGCACACAG-1,0.997486,0.001712,0.000802
GCCATCGAGCTGCGTG-1,0.028902,0.232137,0.73896
GCCATTAGCCTCAAAC-1,0.134051,0.607115,0.258833
GCCCACCAAGGCTGTC-1,0.041025,0.512406,0.44657
GCCCAGTTGGTATGCC-1,0.000008,0.000165,0.999827
GCCCATGGGTGCAATG-1,0.511604,0.250088,0.238308
GCCCGACTTCTTCCCG-1,0.161732,0.306756,0.531512
GCCCGAGAGTCTAAAT-1,0.38381,0.615861,0.000329
GCCCGATCTGTGGTCG-1,0.048589,0.33811,0.613301
GCCCGATGCCCAGTTC-1,0.414056,0.381463,0.204481
GCCCGCGCGTAAACGG-1,0.015311,0.415655,0.569034
GCCCGCGCGTTTGACA-1,0.000398,0.081021,0.918581
GCCCGTAATACCTTCT-1,0.766752,0.000045,0.233202
GCCCGTTCACACAATT-1,0.013978,0.4538,0.532221
GCCCTAAGTGCAGGAT-1,0.002877,0.15416,0.842963
GCCCTAGCCGTCGCGA-1,0.049521,0.270638,0.679841
GCCCTGAGGATGGGCT-1,0.017813,0.245394,0.736793
GCCGAAATTCCTACGT-1,0.004636,0.30147,0.693893
GCCGACCCACGACTGC-1,0.044929,0.016238,0.938833
GCCGATTGGCCAAGCT-1,0.220141,0.37612,0.403739
GCCGCATTAGTCCGGC-1,0.108012,0.891278,0.00071
GCCGCTAGATACGCAG-1,0.609207,0.000182,0.390612
GCCGCTTGTGAGAAAC-1,0.04396,0.322732,0.633308
GCCGGAAACACATCTT-1,0.006579,0.134572,0.85885
GCCGGGTTAGGGTCGC-1,0.066678,0.119095,0.814228
GCCGGTCGTATCTCTC-1,0.037099,0.148221,0.81468
GCCGGTTTGGGCGGAT-1,0.055,0.293451,0.651549
GCCGTCGGTTTCGGGC-1,0.001386,0.022672,0.975941
GCCTACGTTCTGTGCA-1,0.031201,0.25364,0.715159
GCCTAGCGATCTGACC-1,0.004254,0.273445,0.722301
GCCTATAGTGTCAGGG-1,0.945732,0.009093,0.045175
GCCTATTCCGATATAG-1,0.002876,0.497091,0.500033
GCCTATTTGCTACACA-1,0.001682,0.167527,0.830791
GCCTCAGGTACCGGTC-1,0.610381,0.000093,0.389527
GCCTCATCTGGAAATA-1,0.999719,0.000035,0.000246
GCCTCCGACAATTCAC-1,0.26708,0.110781,0.622139
GCCTCTATACATAGCA-1,0.11205,0.444245,0.443705
GCCTGTCCCGGTGCAT-1,0.034099,0.204649,0.761252
GCCTTCAGCCCTACCG-1,0.000023,0.495844,0.504132
GCCTTTGTCAGTGGAC-1,0.205268,0.524746,0.269986
GCGAAACGATCGGGAG-1,0.343363,0.465298,0.191339
GCGAAACTTAACTGGA-1,0.604147,0.269459,0.126394
GCGAAGAATCTGACGG-1,0.081434,0.046351,0.872215
GCGAAGCCATACCCGT-1,0.111658,0.73185,0.156492
GCGAATGGACTAGCGA-1,0.017859,0.340834,0.641306
GCGACCCAACCATCTG-1,0.00928,0.544531,0.446188
GCGACGATAGTTGTAC-1,0.008064,0.370125,0.621811
GCGACGGTAGTCTCCT-1,0.028414,0.25909,0.712496
GCGAGGCCCGAGCAGA-1,0.025011,0.536993,0.437996
GCGAGTTCTGCAAAGA-1,0.140577,0.616366,0.243057
GCGATTCTGGAAGCAG-1,0.093289,0.413188,0.493522
GCGATTGTTAACGTTA-1,0.833578,0.003411,0.163011
GCGCAAATATATTCAA-1,0.0676,0.223772,0.708628
GCGCAAGAGCGCGCTG-1,0.745257,0.245468,0.009275
GCGCATCCAGTCAGCA-1,0.46534,0.164961,0.369699
GCGCCGTTCCACGATA-1,0.128714,0.459241,0.412045
GCGCGATGGGTCAAGT-1,0.035932,0.09536,0.868708
GCGCGGTCTAGTAACT-1,0.03548,0.116955,0.847565
GCGCGTCATTGGTACA-1,0.034341,0.453633,0.512027
GCGCTAAGTATGCATG-1,0.974584,0.003177,0.022239
GCGCTAATTGAATAGA-1,0.501404,0.483746,0.01485
GCGCTATGCCGAGGCA-1,0.039921,0.653678,0.306401
GCGCTGATCCAGACTC-1,0.999321,0.000085,0.000594
GCGCTGCTTTGCATTT-1,0.763995,0.235492,0.000513
GCGCTTAAATAATTGG-1,0.073687,0.000108,0.926205
GCGGACCGCGTTGTGG-1,0.03803,0.100011,0.861959
GCGGAGAAACTTCGCA-1,0.015605,0.072781,0.911614
GCGGAGAGGGAGAACG-1,0.62192,0.377712,0.000368
GCGGCAAAGTATTGCC-1,0.000007,0.000569,0.999425
GCGGCTCTGACGTACC-1,0.000019,0.29577,0.704211
GCGGCTTTAGCAAGTT-1,0.024294,0.094008,0.881699
GCGGGAACCAGGCCCT-1,0.002173,0.024836,0.972991
GCGGGCAGACGGGTGA-1,0.006051,0.349678,0.644271
GCGGGCGAGCCTTACC-1,0.056447,0.25477,0.688783
GCGGTAACCCAAATGA-1,0.850504,0.060435,0.08906
GCGGTCCCTAGACGCA-1,0.000033,0.57336,0.426607
GCGGTCTTGCTTTCAC-1,0.008757,0.408026,0.583217
GCGGTGAACTGCGCTC-1,0.855772,0.000263,0.143964
GCGGTTCCCTATCATG-1,0.014468,0.733669,0.251864
GCGTCCAGCTCGTGGC-1,0.000007,0.000305,0.999688
GCGTCCCTAAGACATA-1,0.079328,0.064393,0.856278
GCGTCGAAATGTCGGT-1,0.043614,0.302874,0.653512
GCGTCGCCAGGGTGAT-1,0.03235,0.243817,0.723833
GCGTCGTAACATGGTC-1,0.014951,0.436192,0.548857
GCGTCTCTGCATTGGG-1,0.013167,0.028371,0.958462
GCGTGGTACTGGGTTA-1,0.682889,0.316552,0.000558
GCGTGTATGTCGTATT-1,0.005906,0.242182,0.751912
GCGTTATATTTGGAAC-1,0.956605,0.000077,0.043318
GCTAAACCTGAGGTGA-1,0.007113,0.992578,0.000309
GCTAACTGAAGTCTGA-1,0.156989,0.05689,0.786121
GCTAAGTAAAGGCGAT-1,0.740433,0.085292,0.174275
GCTAAGTAGTTTCTCT-1,0.784443,0.214946,0.000611
GCTAATACCGAATGCC-1,0.001158,0.18537,0.813472
GCTACAGTACGGACCG-1,0.157583,0.8419,0.000516
GCTACGACTTATTGGG-1,0.366817,0.502813,0.13037
GCTACTATAGTAGAGT-1,0.790678,0.208862,0.00046
GCTACTCGGACGCAGA-1,0.746942,0.042399,0.21066
GCTAGAGTAGAGATGT-1,0.476176,0.001249,0.522574
GCTAGCAACGCACCTA-1,0.056451,0.498161,0.445388
GCTAGCGATAGGTCTT-1,0.04983,0.531298,0.418872
GCTAGCTTGAATAGCT-1,0.078322,0.03045,0.891229
GCTAGGCACCACGGAG-1,0.176407,0.541431,0.282162
GCTAGTAGAGCTTGTA-1,0.247417,0.412011,0.340572
GCTAGTTTCATTGAGG-1,0.000041,0.66564,0.334318
GCTATACGTCTCGGAC-1,0.63792,0.361248,0.000832
GCTATCATACTCATGG-1,0.075088,0.291654,0.633258
GCTATCGCGGCGCAAC-1,0.135977,0.845961,0.018062
GCTCAATCCGTTTATT-1,0.0677,0.368135,0.564165
GCTCAATGTAATACCG-1,0.02269,0.215891,0.761419
GCTCATTACTGCATGT-1,0.993311,0.000836,0.005852
GCTCATTGATCATATC-1,0.191855,0.215924,0.592221
GCTCCATGCAAAGCAA-1,0.013431,0.308567,0.678002
GCTCCTGACATACTGG-1,0.01701,0.014679,0.968311
GCTCGCTCATGTCCAA-1,0.737673,0.261526,0.000802
GCTCGGAATTTAAAGC-1,0.802434,0.157123,0.040443
GCTCTAAACCCTGACG-1,0.150567,0.294783,0.55465
GCTCTATGTTACGTGC-1,0.000011,0.000144,0.999844
GCTCTCGGGTACCGAA-1,0.001148,0.349093,0.649759
GCTCTTTCCGCTAGTG-1,0.008729,0.429688,0.561583
GCTGAAGGGTTCTTGG-1,0.890162,0.000024,0.109814
GCTGAATCTTCCAATC-1,0.04361,0.146242,0.810148
GCTGAGGCGTGAGTAT-1,0.088259,0.586998,0.324743
GCTGCACGGTTTCTTA-1,0.709106,0.279067,0.011827
GCTGCGAAGAATTATT-1,0.001625,0.683374,0.315002
GCTGCTAAGTAGTCGA-1,0.058076,0.556362,0.385562
GCTGCTACTGCGTAGC-1,0.000077,0.000077,0.999845
GCTGCTCTCCGGACAC-1,0.019989,0.535828,0.444183
GCTGGCATATTCACCT-1,0.000036,0.489191,0.510773
GCTGGCGGCGCATGCT-1,0.057418,0.209047,0.733536
GCTGGGAGCGCGTCAA-1,0.042252,0.610896,0.346852
GCTGGTTTAGGCCATA-1,0.049493,0.950067,0.000439
GCTGTATTACTGGCCC-1,0.022058,0.117758,0.860184
GCTGTCTGTGATCGAC-1,0.568548,0.079107,0.352345
GCTGTTGCTACCGAAC-1,0.79905,0.20043,0.00052
GCTTAATGTAACTAAC-1,0.83648,0.163091,0.000429
GCTTATGAAGCAGGAA-1,0.802929,0.0157,0.181371
GCTTCCATGTAACCGC-1,0.000009,0.000009,0.999981
GCTTCCCGTAAGCTCC-1,0.000011,0.030145,0.969844
GCTTCCGTCCCTAGAC-1,0.840833,0.00005,0.159117
GCTTCGACGTTCAATC-1,0.000179,0.46297,0.536852
GCTTGATGATAATCAG-1,0.083239,0.233647,0.683114
GCTTGGATCGATTAGG-1,0.735279,0.180377,0.084344
GCTTTATTAAGTTACC-1,0.000009,0.110996,0.888995
GCTTTCAGAGGAGGTG-1,0.731486,0.267748,0.000766
GGAAACAGAGCTTGGG-1,0.033943,0.791142,0.174915
GGAAACTAAATGGGCC-1,0.299964,0.683618,0.016418
GGAAAGGGAATTGAGC-1,0.005066,0.20692,0.788014
GGAAAGTCTTGATTGT-1,0.00219,0.650492,0.347318
GGAAAGTGCCCATGCC-1,0.937936,0.000069,0.061994
GGAACCGTGTAAATTG-1,0.051807,0.566273,0.38192
GGAACCTTGACTCTGC-1,0.013896,0.795767,0.190338
GGAACGGCCTGCAGCC-1,0.742107,0.000039,0.257854
GGAACTCGTGAATACG-1,0.000021,0.695659,0.30432
GGAAGCTCGCTTACAG-1,0.377181,0.056199,0.56662
GGAAGGACACCGTATA-1,0.040503,0.233362,0.726135
GGAATAACCTCAAGAA-1,0.01057,0.568866,0.420564
GGAATGCGCTAGCGTG-1,0.819322,0.180192,0.000486
GGACAACCATGAAGCC-1,0.035411,0.134765,0.829823
GGACACCTCGGTGTTG-1,0.038343,0.2084,0.753257
GGACCAACAGGATAAC-1,0.001597,0.000008,0.998395
GGACCTCTAGGCCGCC-1,0.133573,0.35119,0.515236
GGACTCGACAGCGCAT-1,0.028667,0.147461,0.823872
GGACTCGTGAGTGGTC-1,0.01741,0.258949,0.723641
GGACTCTTTGACTAAG-1,0.007018,0.205846,0.787136
GGAGAAGTCATTGGCA-1,0.003218,0.444208,0.552573
GGAGACCATCTACATA-1,0.579763,0.186959,0.233278
GGAGACGACACCTTTG-1,0.28578,0.323378,0.390842
GGAGCAACATTTCAAG-1,0.55705,0.164724,0.278226
GGAGCACCAAGAACTA-1,0.963537,0.012184,0.024279
GGAGCGAGGCCTACTT-1,0.023436,0.411045,0.565519
GGAGGATTGAAAGGAG-1,0.163787,0.209608,0.626605
GGAGGGCTTGGTTGGC-1,0.732817,0.266762,0.000421
GGAGTGCCGCCCTGGA-1,0.02075,0.100443,0.878807
GGATACTCATGAATTG-1,0.019463,0.386751,0.593786
GGATCAAAGGACGAGG-1,0.008912,0.28196,0.709127
GGATCCGGAATATACT-1,0.956797,0.001767,0.041436
GGATCTACCGTTCGTC-1,0.008169,0.923606,0.068225
GGATCTTACTGCCCTT-1,0.061448,0.000014,0.938539
GGATCTTGACTCAACC-1,0.011887,0.514429,0.473683
GGATGAAGATCGCTGA-1,0.903632,0.095817,0.00055
GGATGACGCGAGTTTA-1,0.046716,0.487298,0.465986
GGATGCTGGCGTTCCT-1,0.003643,0.801179,0.195178
GGATGGCTTGAAGTAT-1,0.043501,0.4305,0.525999
GGATGTCCTTACCGCA-1,0.814081,0.147393,0.038526
GGATTAAGCTAAGGTC-1,0.818231,0.181017,0.000751
GGATTAATCATGGACC-1,0.000007,0.004547,0.995445
GGATTCAGTACGGTGG-1,0.03071,0.959043,0.010247
GGATTCCGCTATACCC-1,0.896907,0.043349,0.059744
GGATTGAAGTAGCCTC-1,0.000646,0.136276,0.863079
GGATTGCTGTGACTCC-1,0.040415,0.395494,0.564092
GGATTTCACTTCTATA-1,0.779164,0.219975,0.000861
GGCAAAGGCGCCAATA-1,0.033426,0.681203,0.285371
GGCAAATTACTTTACT-1,0.018189,0.511668,0.470143
GGCAAGCCCATAGTGG-1,0.005963,0.471677,0.52236
GGCAAGGCGAAATAGC-1,0.421217,0.147283,0.4315
GGCAATAGTCAATGAG-1,0.380159,0.549354,0.070487
GGCACTCCACTGGGCA-1,0.105172,0.379922,0.514906
GGCAGCAAACCTATGC-1,0.716213,0.125749,0.158038
GGCATACAGGTAGCGG-1,0.042186,0.358958,0.598856
GGCATATCGGTTCTGC-1,0.981085,0.018443,0.000472
GGCATCAACGAGCACG-1,0.018151,0.172565,0.809284
GGCATTGAACATCTCA-1,0.021891,0.564767,0.413343
GGCCAATTGTATAGAC-1,0.036284,0.275086,0.68863
GGCCACAAGCGATGGC-1,0.004234,0.446846,0.54892
GGCCCAGCTGGTTTGC-1,0.020021,0.308295,0.671684
GGCCCTCACCCACTTA-1,0.00274,0.327023,0.670238
GGCCGAGACTCTGGTG-1,0.006559,0.271693,0.721748
GGCCGGCGTCTGCTAT-1,0.012603,0.409406,0.577992
GGCCGTTTGGGTTTCA-1,0.014672,0.017246,0.968082
GGCCTGCTCTGATGTT-1,0.057551,0.108018,0.834431
GGCGAAATCTAACTTG-1,0.786413,0.001663,0.211924
GGCGAGCATCGAGGAC-1,0.193115,0.800912,0.005974
GGCGAGCGAAACGGCA-1,0.684303,0.024545,0.291152
GGCGCACAGTTTACCT-1,0.060877,0.000023,0.9391
GGCGCAGGACATCTTC-1,0.036915,0.663559,0.299526
GGCGCATGAATTGATG-1,0.109693,0.525943,0.364364
GGCGCGGAGATCTTTC-1,0.020251,0.614311,0.365438
GGCGCGTTCGAGTTTA-1,0.050123,0.512031,0.437846
GGCGCTCCTCATCAAT-1,0.702123,0.297125,0.000752
GGCGCTTCATTCCCTG-1,0.045526,0.182882,0.771592
GGCGGAGTAATATTAG-1,0.019637,0.069563,0.910801
GGCGGTAGGATCATTG-1,0.316666,0.151526,0.531808
GGCGTACCCTATATAA-1,0.012674,0.260035,0.727291
GGCGTAGGGAAAGCTG-1,0.009737,0.103125,0.887138
GGCGTCCTATCCGCTG-1,0.002173,0.023015,0.974812
GGCTAAAGGGCGGGTC-1,0.726277,0.164486,0.109237
GGCTACTATACACTCC-1,0.002543,0.006278,0.99118
GGCTATTAAGTTGTAT-1,0.002099,0.227152,0.770749
GGCTCCTCCACCTGTT-1,0.198389,0.002726,0.798885
GGCTCGCGTTGAGGTA-1,0.802229,0.196973,0.000798
GGCTCGTGCCACCAGC-1,0.00001,0.00396,0.99603
GGCTCTGCTCCAACGC-1,0.4844,0.358245,0.157356
GGCTGAAATAGCAAAG-1,0.579275,0.274226,0.146499
GGCTGGCAATCCCACG-1,0.033712,0.462095,0.504192
GGCTGGCTAGCTTAAA-1,0.046383,0.953258,0.000359
GGCTGTCCTACTGCGG-1,0.000028,0.671592,0.328379
GGCTTCTCGTGGGTGG-1,0.000011,0.198612,0.801377
GGCTTTCAATAAGGGT-1,0.112725,0.165768,0.721507
GGGAACCACCTGTTTC-1,0.00003,0.609859,0.39011
GGGAACGGGAGGTTAG-1,0.005454,0.032048,0.962498
GGGAACGGTTTCAGAT-1,0.010321,0.342892,0.646787
GGGAAGACGGTCTGTC-1,0.053342,0.158988,0.78767
GGGAAGGGCTTTCTCA-1,0.033247,0.436351,0.530402
GGGACAGAGTTACTCC-1,0.025342,0.710545,0.264113
GGGACCCGTATATCTT-1,0.080275,0.519022,0.400703
GGGACTGCATAGATAG-1,0.031212,0.022721,0.946067
GGGAGAACTCACAGTA-1,0.145783,0.538971,0.315246
GGGAGCGACCGTAGTG-1,0.002681,0.471074,0.526245
GGGAGGATGCCCGAAA-1,0.095798,0.593755,0.310447
GGGAGTAATGGCTGGC-1,0.044401,0.140551,0.815048
GGGAGTTAATGAGGCG-1,0.656836,0.342666,0.000498
GGGATATTGATCGCCA-1,0.605482,0.000084,0.394434
GGGATGGACCCGCGTC-1,0.40753,0.090766,0.501704
GGGATGGTCGTAACCG-1,0.000421,0.460739,0.53884
GGGATTTACCGCACCT-1,0.951805,0.047557,0.000638
GGGCAACCGCACGTGC-1,0.103866,0.786693,0.10944
GGGCACGTAGTACTGT-1,0.025547,0.072208,0.902245
GGGCAGAGCAATCGTT-1,0.087557,0.47915,0.433293
GGGCAGGATTTCTGTG-1,0.386254,0.089964,0.523781
GGGCAGTCAACGCCAA-1,0.026816,0.185399,0.787785
GGGCATGCATGTCGAG-1,0.050747,0.58143,0.367823
GGGCCATTCGTGCTGG-1,0.789678,0.018618,0.191703
GGGCCCGTCTTAAACA-1,0.139364,0.455454,0.405183
GGGCCCTACGAAAGGG-1,0.158524,0.841125,0.000351
GGGCCGGCCGAAGTAC-1,0.042111,0.000009,0.95788
GGGCCTAAATGGGCTA-1,0.700605,0.020071,0.279324
GGGCGATATGTGTGAA-1,0.050574,0.558006,0.39142
GGGCGATCCATAGGCC-1,0.459981,0.00034,0.539679
GGGCGGCAAATGAATT-1,0.106456,0.311084,0.58246
GGGCGGGTTCCCTACG-1,0.010203,0.434204,0.555594
GGGCGGTCCTATTGTC-1,0.224187,0.252413,0.5234
GGGCGTACATTTATAT-1,0.004033,0.364188,0.631779
GGGCGTCACCACGTAA-1,0.022588,0.12039,0.857022
GGGCGTCCACTGGCTC-1,0.893961,0.105294,0.000746
GGGCGTGGTTTCCCAG-1,0.065897,0.422261,0.511842
GGGCGTTTACATTCAT-1,0.02551,0.314055,0.660434
GGGCTACTATTTCGTG-1,0.49038,0.31287,0.19675
GGGCTATGATCGATGG-1,0.023004,0.057133,0.919863
GGGCTCATCGAACCCA-1,0.380359,0.000024,0.619617
GGGCTGCCTAGGGCGA-1,0.469844,0.409219,0.120937
GGGCTGGTTAGTCGCG-1,0.006135,0.533225,0.46064
GGGTAATGCTGTGTTT-1,0.763973,0.000098,0.235929
GGGTACCCACGGTCCT-1,0.152514,0.847063,0.000423
GGGTACTTCATGAACT-1,0.014778,0.180336,0.804885
GGGTATGTATGCACTT-1,0.083411,0.314111,0.602478
GGGTATTCTAGCAAAC-1,0.024322,0.975413,0.000264
GGGTCACCGTGACGGT-1,0.001993,0.558095,0.439912
GGGTCAGGAGCTAGAT-1,0.000011,0.010322,0.989667
GGGTCCTTGGAAGAAG-1,0.17444,0.825282,0.000278
GGGTGACACCTTAACT-1,0.03651,0.32007,0.64342
GGGTGGTCCAGCCTGT-1,0.044024,0.396245,0.559731
GGGTGTTTCAGCTATG-1,0.157606,0.353672,0.488722
GGGTTAACATTTGAGT-1,0.03027,0.202142,0.767587
GGGTTCAGACGAACAA-1,0.748914,0.190155,0.060931
GGTAAATGTGCGTTAC-1,0.855927,0.015871,0.128202
GGTAACCGGGAGGATA-1,0.08667,0.121213,0.792117
GGTAACTATGTATCTG-1,0.057328,0.38782,0.554852
GGTACAAACATGCTAT-1,0.039513,0.734213,0.226274
GGTACATCTGGGACGA-1,0.026467,0.970504,0.003029
GGTAGAAGACCGCCTG-1,0.042647,0.007724,0.949629
GGTAGACCGTTGGGCG-1,0.152664,0.293599,0.553737
GGTAGGCCAATATCAC-1,0.042164,0.505978,0.451858
GGTAGTGCTCGCACCA-1,0.560009,0.439466,0.000524
GGTATTGCCGAGTTTA-1,0.043705,0.652594,0.303701
GGTCACGTTAGATTCA-1,0.000017,0.111943,0.888041
GGTCAGTGGGTCCCAC-1,0.125399,0.396054,0.478546
GGTCCACGTCTATTTG-1,0.130651,0.566357,0.302992
GGTCGGATAAACGGCG-1,0.886209,0.00009,0.1137
GGTCGGCCAGGAGCTT-1,0.964666,0.034945,0.000389
GGTCGGTAATTAGACA-1,0.028933,0.431542,0.539525
GGTCGGTCGTCCACAG-1,0.05191,0.063318,0.884772
GGTCGTAAGCTCGCAC-1,0.00002,0.432282,0.567698
GGTCTCCGTCCAGGTT-1,0.061683,0.243262,0.695055
GGTCTCTGAATGGACT-1,0.028391,0.420609,0.551
GGTCTGAGAATCTGGA-1,0.515034,0.003771,0.481196
GGTCTTGAGCGCTCTT-1,0.000019,0.41914,0.58084
GGTGAAACCGGGAATG-1,0.025536,0.275759,0.698705
GGTGAACGGGCTAGCC-1,0.017111,0.904198,0.078691
GGTGAAGTACAGGGAT-1,0.036051,0.050866,0.913082
GGTGAGATGCAGATAA-1,0.02159,0.17776,0.800651
GGTGATAAGGAGCAGT-1,0.781991,0.152382,0.065626
GGTGATTTCATCTTGT-1,0.000013,0.022662,0.977325
GGTGCATAAATGATTA-1,0.054752,0.103912,0.841336
GGTGCGGATAAGTGGC-1,0.000027,0.602005,0.397968
GGTGCTGATCACAAAG-1,0.163624,0.835769,0.000607
GGTGCTGGTACACATT-1,0.10079,0.609626,0.289583
GGTGGACTGCTCTGGC-1,0.127072,0.000046,0.872883
GGTGGGATTAGGTCCC-1,0.121513,0.878222,0.000266
GGTGTAAATCGATTGT-1,0.012897,0.609013,0.37809
GGTGTAGGTAAGTAAA-1,0.049715,0.322594,0.627691
GGTGTTCTGTTTCTAC-1,0.657497,0.26108,0.081423
GGTTACCACCCTCGGG-1,0.007229,0.52297,0.469802
GGTTACCGCTCCCTAC-1,0.172969,0.441326,0.385705
GGTTAGCTATATGTCT-1,0.72984,0.100438,0.169721
GGTTAGGCTTGGAGAA-1,0.014436,0.801698,0.183866
GGTTAGGGATGCTAAT-1,0.693041,0.000083,0.306877
GGTTAGTTACGGCGCC-1,0.059916,0.939457,0.000628
GGTTCCACCCGCTTCT-1,0.664474,0.200669,0.134857
GGTTCCGTACGACTAA-1,0.023994,0.466829,0.509178
GGTTCGCATTTGCCGT-1,0.000041,0.000041,0.999917
GGTTGTATCGTGAAAT-1,0.043769,0.3095,0.646732
GGTTGTGTAGCCTGGC-1,0.792995,0.206133,0.000872
GGTTTAATTACCATCG-1,0.0042,0.004083,0.991717
GGTTTACAATCTCAAT-1,0.562722,0.430501,0.006777
GGTTTAGCCTTTCTTG-1,0.693848,0.176701,0.129451
GGTTTCAATCGGTCAG-1,0.898669,0.100815,0.000516
GGTTTGAGTGCTGGAA-1,0.015516,0.595941,0.388543
GTAACAGGTTAACGGC-1,0.023018,0.736726,0.240256
GTAACTACGTAGACCT-1,0.431028,0.006821,0.562152
GTAACTGCCCAAGGAG-1,0.008089,0.05591,0.936001
GTAACTTGCGGCAGTC-1,0.039587,0.174071,0.786342
GTAAGCGGGCAGTCAG-1,0.040012,0.177586,0.782403
GTAAGGATTTGTCGGA-1,0.038815,0.061817,0.899368
GTAAGTAACAGTCTGG-1,0.687209,0.105117,0.207674
GTAAGTAGGGTATACC-1,0.069804,0.266452,0.663743
GTAATCTGATTCTTCG-1,0.053395,0.07088,0.875726
GTACACTTACCTGAAG-1,0.145408,0.377444,0.477148
GTACAGAGGCAAGGGT-1,0.741736,0.20905,0.049213
GTACGACGGCGCTGCG-1,0.038124,0.961204,0.000671
GTACGAGATTGCGACA-1,0.001118,0.088813,0.910068
GTACGCTTCATTGCAC-1,0.517514,0.000794,0.481692
GTACGTTTGCCCGTCA-1,0.294952,0.476596,0.228452
GTACTAAGATTTGGAG-1,0.035072,0.346717,0.618211
GTACTACGGCCTCGTT-1,0.049092,0.689734,0.261175
GTACTCCCTTATCGCT-1,0.000031,0.757662,0.242307
GTACTGAGGTCGTAAC-1,0.012353,0.068165,0.919482
GTACTGCATGAAGCGT-1,0.060459,0.626182,0.313359
GTACTGGAGTTAGACC-1,0.713686,0.23879,0.047525
GTACTTGGGCACTTCT-1,0.009133,0.720454,0.270414
GTAGAAACGGGTGGAG-1,0.861105,0.000033,0.138863
GTAGACAACCGATGAA-1,0.024223,0.259421,0.716357
GTAGACACGCCTGACT-1,0.045823,0.49719,0.456987
GTAGACGTCGTTACAT-1,0.000034,0.592407,0.407558
GTAGAGGGAGACAAGT-1,0.000045,0.290601,0.709354
GTAGCCAAACATGGGA-1,0.03751,0.014916,0.947573
GTAGCGCTGTTGTAGT-1,0.026636,0.15058,0.822784
GTAGCGGCTATACACT-1,0.34357,0.517498,0.138932
GTAGCTAGTAAGCGCG-1,0.321071,0.320625,0.358304
GTAGCTCCGGGAGGCT-1,0.033535,0.050814,0.915651
GTAGCTTCCTCTTGTT-1,0.95581,0.040316,0.003873
GTAGGTGATCCGTGTA-1,0.883311,0.045183,0.071505
GTAGTCGCGGGAATCA-1,0.555313,0.429748,0.014939
GTAGTCTACGATATTG-1,0.010055,0.00001,0.989935
GTAGTTCGAAGGCGAA-1,0.087764,0.159936,0.7523
GTAGTTTAAGCACACG-1,0.628946,0.019221,0.351833
GTATAGGACTCAGTAG-1,0.011286,0.64729,0.341424
GTATAGTGGCCCATGT-1,0.335325,0.531485,0.133189
GTATATGTTACGGCGG-1,0.674147,0.030009,0.295844
GTATCAAACGTTAGCT-1,0.500274,0.279805,0.219921
GTATCAAGGTACTTCC-1,0.077529,0.230383,0.692089
GTATCAGCTTGGGTTC-1,0.00004,0.73607,0.263889
GTATCCTTTGGTAACC-1,0.120689,0.452375,0.426936
GTATCTCAGTCTTGAC-1,0.207511,0.627038,0.165451
GTATCTCCCTAACTGT-1,0.016711,0.400122,0.583167
GTATCTCGGGCGCTTT-1,0.009951,0.843663,0.146387
GTATCTTGTTGCTCAC-1,0.015653,0.512368,0.471979
GTATCTTTCATAACCA-1,0.002485,0.000024,0.997491
GTATGAAATTTCACTC-1,0.026818,0.543469,0.429713
GTATGACGTGGGAAAC-1,0.206167,0.79341,0.000423
GTATGTGGGTCTAGTT-1,0.999125,0.000109,0.000766
GTATTAAGGCGTCTAA-1,0.001735,0.577897,0.420368
GTATTCTGAGAAACGA-1,0.022316,0.067348,0.910336
GTATTCTTACCGTGCT-1,0.826615,0.002014,0.171371
GTCAAAGAAGTGGTGT-1,0.119193,0.551617,0.32919
GTCAAAGTTTACATAG-1,0.000011,0.021348,0.978641
GTCAACCAGGCCTATA-1,0.021864,0.00003,0.978107
GTCAAGCGGACTCGGG-1,0.74442,0.045393,0.210187
GTCAATTGTACTGAAG-1,0.00813,0.183026,0.808845
GTCACAAAGTTTCCAA-1,0.007344,0.153092,0.839564
GTCACCTGTCTATGTC-1,0.445899,0.000194,0.553906
GTCACTCTCCAAATCT-1,0.000043,0.900607,0.099351
GTCAGAATAGTCTATG-1,0.005628,0.360724,0.633648
GTCAGTTGTGCTCGTT-1,0.036623,0.074319,0.889058
GTCAGTTTGGTAGTCG-1,0.99905,0.000119,0.000832
GTCATCCCAAACTCAC-1,0.554832,0.000072,0.445095
GTCATGCACCTCCGTT-1,0.071325,0.331078,0.597598
GTCATGCGCGAGGGCT-1,0.081404,0.218482,0.700115
GTCATGGACATGACTA-1,0.058415,0.230906,0.710679
GTCATTAGAGCGAACG-1,0.240724,0.499235,0.260041
GTCATTGCATTGACCC-1,0.482585,0.516747,0.000668
GTCCAATATTTAGCCT-1,0.042863,0.278891,0.678245
GTCCAGGCACGTGTGC-1,0.000011,0.001373,0.998617
GTCCCAACGTAAAGTA-1,0.748791,0.178711,0.072498
GTCCCGCGACGTTATG-1,0.037733,0.081509,0.880758
GTCCGGACCTGAAATT-1,0.42222,0.409438,0.168343
GTCCGGCTGAATTGCG-1,0.022097,0.010327,0.967575
GTCCGGGTTCACATTA-1,0.100879,0.144764,0.754357
GTCCGTTAGAGGGCCT-1,0.006891,0.378545,0.614564
GTCCTACAGGCGGCTC-1,0.492825,0.226539,0.280637
GTCCTACGAATAGTCT-1,0.594983,0.404321,0.000696
GTCCTACTCTACGGGC-1,0.361604,0.194825,0.443571
GTCCTAGGATACCTTA-1,0.636111,0.008451,0.355439
GTCCTTCTAGTGGGTT-1,0.082149,0.000023,0.917829
GTCGAATTTGGGCGCT-1,0.000019,0.463171,0.536811
GTCGCCGTTGTGTGTT-1,0.001258,0.464755,0.533987
GTCGCGTAACCCGTTG-1,0.656559,0.342744,0.000697
GTCGGATATCTCAGAC-1,0.00003,0.671564,0.328406
GTCGGATGTAGCGCGC-1,0.801694,0.00004,0.198266
GTCGGGAAGCAGAAAC-1,0.077842,0.674671,0.247487
GTCGTACCATCTCGGG-1,0.102888,0.252827,0.644285
GTCGTATTGGCGTACA-1,0.652339,0.0359,0.311761
GTCGTCAATTATAAGG-1,0.062097,0.313062,0.624841
GTCGTTATTCGCTTAT-1,0.509521,0.489599,0.00088
GTCTACTCAATTACAA-1,0.615507,0.383793,0.000699
GTCTAGTGAGCCGCTT-1,0.144003,0.258987,0.597009
GTCTATACACGCATGG-1,0.038205,0.077641,0.884154
GTCTATCTGAGTTTCT-1,0.000029,0.074669,0.925302
GTCTATTGGTTCCGGT-1,0.568659,0.355443,0.075898
GTCTCAAGGCCCGGCT-1,0.056389,0.589624,0.353986
GTCTCCGCCTCAATAC-1,0.049026,0.057232,0.893741
GTCTCCTGCCAGTATG-1,0.097817,0.901734,0.000449
GTCTCGATCTGCTTTC-1,0.905106,0.094442,0.000452
GTCTCGCCAACACGCC-1,0.229825,0.193645,0.576529
GTCTGCCGACTCGACG-1,0.048731,0.534292,0.416977
GTCTGGGCGGTCGAGA-1,0.034658,0.217957,0.747385
GTCTGTAGGTTGAACA-1,0.005926,0.611579,0.382495
GTCTTAGTACAGCCGG-1,0.643492,0.333756,0.022752
GTGAAACGGCGCCACC-1,0.889468,0.000033,0.1105
GTGAAACGTGCTCCAC-1,0.005499,0.851771,0.142731
GTGAAGTCACGACTCG-1,0.747649,0.020066,0.232284
GTGACAGCTTCCCACT-1,0.052828,0.065276,0.881897
GTGACCGCACACTACG-1,0.812302,0.186884,0.000814
GTGACGCAGGTTTCAT-1,0.00516,0.158949,0.835891
GTGACTTCAGTAGTGC-1,0.090753,0.107771,0.801476
GTGAGATAACCTTATA-1,0.016497,0.034072,0.949431
GTGAGCGTGCTGCACT-1,0.000503,0.373331,0.626166
GTGAGGACACTTAAGG-1,0.53565,0.131559,0.332792
GTGAGGAGCGGTTGAG-1,0.858742,0.000063,0.141195
GTGAGTGGTACAACGC-1,0.053628,0.035803,0.910569
GTGATCAAGCGTGCAC-1,0.000037,0.594354,0.405609
GTGATCACTAACGCCT-1,0.425531,0.295155,0.279314
GTGATCATAGATCTGC-1,0.146974,0.463249,0.389777
GTGATCCTTGTCATGA-1,0.086025,0.256772,0.657203
GTGATGCACAACATCT-1,0.691622,0.307785,0.000593
GTGATTCGCCGCTCAA-1,0.012045,0.372344,0.615611
GTGCAACAAATGTGGC-1,0.153865,0.074175,0.771961
GTGCACCAGCTTCAAC-1,0.004306,0.157408,0.838287
GTGCACGAAAGTGACT-1,0.119651,0.56427,0.316079
GTGCCAAACGTTTCGA-1,0.565665,0.000059,0.434277
GTGCCATCACACGGTG-1,0.016674,0.192237,0.791089
GTGCCCGTTCGGATTC-1,0.717143,0.000028,0.282829
GTGCCGCTTCAAAGGT-1,0.000019,0.479428,0.520553
GTGCCTCAGTGTACGG-1,0.785702,0.03324,0.181058
GTGCCTGAGACCAAAC-1,0.022083,0.019275,0.958643
GTGCGAAATCGAACAC-1,0.000574,0.080475,0.918951
GTGCGACAGGGAGTGT-1,0.95244,0.038659,0.008901
GTGCGCAGCTTGCTCC-1,0.000018,0.207352,0.79263
GTGCGCTTACAAATGA-1,0.017028,0.447605,0.535367
GTGCGGGACCATCGGC-1,0.00004,0.835473,0.164486
GTGCGGGTCTCCAAAT-1,0.025326,0.577848,0.396826
GTGCGTGTATATGAGC-1,0.89478,0.027107,0.078113
GTGCTATCCAGCTGGA-1,0.000184,0.161802,0.838014
GTGCTCAAGTACTGTC-1,0.017746,0.578202,0.404051
GTGCTGTTAGAACATA-1,0.00037,0.085562,0.914068
GTGGAACCTACATGCG-1,0.65067,0.348691,0.000639
GTGGACCAACCCGATT-1,0.009115,0.20066,0.790225
GTGGACGCATTTGTCC-1,0.202378,0.34832,0.449302
GTGGACGTGCTGAGAC-1,0.027129,0.352825,0.620045
GTGGAGCGTTTACCGA-1,0.076158,0.882421,0.041421
GTGGAGTCGGCGGTTG-1,0.042208,0.469597,0.488195
GTGGCAAACAGCGGCA-1,0.026505,0.670702,0.302793
GTGGCCGGTTTCTCGG-1,0.327691,0.61638,0.055929
GTGGCGGGCCGTAGCT-1,0.02383,0.127154,0.849015
GTGGCGGTCCCAGCGT-1,0.033855,0.40219,0.563954
GTGGCTGTTTCTGTTC-1,0.013801,0.218205,0.767994
GTGGGAACAAACCGGG-1,0.053292,0.463818,0.48289
GTGGGAAGACTGAATC-1,0.082639,0.69204,0.225321
GTGGGCTTAGACACAC-1,0.000028,0.659912,0.34006
GTGGTATAGTCTGCCG-1,0.00575,0.001671,0.992579
GTGGTCAGCGAAGTAT-1,0.683464,0.315056,0.00148
GTGGTGGCCAAGTGAA-1,0.663184,0.302575,0.034241
GTGGTTTCCGCCTTTC-1,0.00125,0.249368,0.749382
GTGTACCTTGGCTACG-1,0.796685,0.202776,0.000539
GTGTATATCAGCGGGC-1,0.015567,0.273729,0.710704
GTGTATGACTTTAAAG-1,0.041234,0.048567,0.910199
GTGTCAGTGTACGTGG-1,0.002386,0.042269,0.955344
GTGTCGTATAGCGTTC-1,0.130358,0.407674,0.461967
GTGTGAATAACTTAGG-1,0.743374,0.256163,0.000463
GTGTGAGCCGAGGTGC-1,0.016896,0.485696,0.497408
GTGTTACTATGCGTCC-1,0.660265,0.339107,0.000629
GTTAAAGTAGGACTGG-1,0.643019,0.356621,0.00036
GTTAACATCACTTAAA-1,0.158136,0.147289,0.694575
GTTAAGGGTGCGATGT-1,0.036546,0.552401,0.411053
GTTAATGTCTATCTTA-1,0.93305,0.000144,0.066806
GTTACAATTGGTGACG-1,0.025042,0.707519,0.267439
GTTACCTACAACTTGC-1,0.064208,0.406678,0.529113
GTTACGAAATCCACGC-1,0.000012,0.046971,0.953017
GTTACGGCCCGACTGC-1,0.000636,0.470607,0.528757
GTTACTTTGGGCCTAG-1,0.032772,0.719971,0.247257
GTTAGAGTGTGCCGCT-1,0.283353,0.385759,0.330888
GTTAGCCCATGACATC-1,0.058839,0.277065,0.664096
GTTAGGCTACCCGTTT-1,0.063702,0.825426,0.110872
GTTATATTATCTCCCT-1,0.118307,0.191054,0.690638
GTTATCAAGCTATCGA-1,0.045563,0.000041,0.954395
GTTATCACCTTCTGAA-1,0.087826,0.386523,0.52565
GTTATTAAATACGACC-1,0.174875,0.287459,0.537666
GTTATTAACGTGGGAG-1,0.230784,0.768514,0.000702
GTTCAATCTATGTCAA-1,0.645802,0.001737,0.35246
GTTCACAGGAGTCTAG-1,0.000014,0.164429,0.835557
GTTCAGTCGCCAAATG-1,0.002,0.086913,0.911087
GTTCCAAGACAGCGAC-1,0.276117,0.723408,0.000475
GTTCCAGTCTGACCAT-1,0.004839,0.549035,0.446126
GTTCCGTCCGCCTGCA-1,0.003064,0.340861,0.656075
GTTCGACAATTGTATA-1,0.008266,0.563015,0.428718
GTTCGCCATAAGTGCC-1,0.058525,0.569393,0.372082
GTTCGTCTAAAGAACT-1,0.689963,0.309595,0.000441
GTTCGTTGCGGACCAG-1,0.000482,0.635865,0.363653
GTTCTTCCCTCGATGT-1,0.000027,0.729283,0.27069
GTTCTTGTAACTCAAT-1,0.115009,0.607901,0.27709
GTTGAACCGGTTCCAT-1,0.00619,0.336291,0.657519
GTTGAGTCCCGCCGGT-1,0.407362,0.066079,0.52656
GTTGCACGGAGTTTCG-1,0.000022,0.41734,0.582638
GTTGCCCTAACGGGTG-1,0.541361,0.021435,0.437204
GTTGGATTCAGTGGCT-1,0.407467,0.277565,0.314969
GTTGGATTGAGAACAC-1,0.857935,0.141583,0.000483
GTTGGATTTGCGTTGG-1,0.037462,0.640391,0.322146
GTTGGTCATGCTATCC-1,0.067757,0.205769,0.726475
GTTGTAGATTTATGAG-1,0.008935,0.043122,0.947943
GTTGTCGTGTTAGTTG-1,0.003892,0.461788,0.53432
GTTTACGTTCCATCTG-1,0.112439,0.290225,0.597337
GTTTCATATCGTCGCT-1,0.000027,0.589629,0.410344
GTTTCCTGGAGGGTGA-1,0.00922,0.196516,0.794264
GTTTCTAGAGGCGCGG-1,0.100466,0.039264,0.86027
GTTTCTGCAGTCTCCC-1,0.798008,0.201425,0.000568
GTTTGACCAAATCCTA-1,0.043104,0.162729,0.794167
GTTTGAGCGGTTATGT-1,0.003034,0.08153,0.915436
GTTTGGCCCAAGTTAT-1,0.868334,0.131097,0.000569
GTTTGGCCGCTCAGCG-1,0.000048,0.904086,0.095866
GTTTGGGCTTGTGAGC-1,0.061488,0.44897,0.489542
GTTTGGGTTTCGCCCG-1,0.058952,0.11637,0.824678
GTTTGGTAGGGTCAAC-1,0.063541,0.203189,0.733269
GTTTGGTGATCGGTGC-1,0.006979,0.00728,0.98574
TAAACCCAGGAGGGCA-1,0.019141,0.368904,0.611955
TAAAGAGCCCGAAACC-1,0.000006,0.044813,0.955181
TAAAGCGGTATTTCCA-1,0.018846,0.003901,0.977253
TAAAGCGTTAGGAGAA-1,0.965264,0.034258,0.000478
TAAAGCTGCAATAGGG-1,0.804011,0.195621,0.000369
TAAAGGAGAAACTAGT-1,0.051145,0.159541,0.789315
TAAAGTGCACGTCTCG-1,0.005162,0.052759,0.942078
TAAATGAATCCGTTTC-1,0.015255,0.652449,0.332296
TAAATTGTGGGTAAAG-1,0.014395,0.305313,0.680292
TAAATTTAGTAACACC-1,0.042277,0.087646,0.870077
TAACAAAGGGAGAAGC-1,0.063136,0.405535,0.531329
TAACAATATTTGTTGC-1,0.81127,0.185791,0.002939
TAACAGCGTTTGTGCT-1,0.027249,0.245772,0.726978
TAACAGGTTCCCTTAG-1,0.001593,0.120671,0.877737
TAACATACAATGTGGG-1,0.416373,0.473015,0.110612
TAACATACACGCGATC-1,0.051506,0.292875,0.655619
TAACCGCCCGCAGTGC-1,0.071423,0.412968,0.515609
TAACGCTTTGAGAGCG-1,0.010902,0.808191,0.180907
TAACTATCGAAGGTCC-1,0.030341,0.595026,0.374633
TAACTCATCCGCGCGG-1,0.033055,0.661122,0.305823
TAACTCCATGGAGGCT-1,0.001814,0.428433,0.569753
TAACTGAAATACGCCT-1,0.6854,0.044642,0.269959
TAAGAGGGACAGGGAC-1,0.015142,0.43321,0.551649
TAAGATTTAGCGGGAG-1,0.02263,0.627011,0.350359
TAAGCAGGCGACACGC-1,0.194459,0.634347,0.171194
TAAGCGCGAATCAAAT-1,0.011867,0.165653,0.822481
TAAGGAACTTGTGGGA-1,0.019517,0.367782,0.6127
TAAGGCAACATAAGAT-1,0.261099,0.336158,0.402743
TAAGGCATAACATCAA-1,0.057538,0.319505,0.622957
TAAGGCCCGTCACCCT-1,0.033759,0.294448,0.671793
TAAGGCTGAATCCCTC-1,0.815693,0.156706,0.027601
TAAGGGCCTGTCCGAT-1,0.243493,0.536039,0.220468
TAAGGGCTGGGAGAGG-1,0.254421,0.745049,0.00053
TAAGTAAATGTGCCGC-1,0.690226,0.068754,0.24102
TAAGTAACATCTTGAC-1,0.039235,0.351271,0.609494
TAAGTCGCCGAGTATC-1,0.022958,0.573378,0.403664
TAAGTGAATAGTCTAC-1,0.039141,0.702784,0.258075
TAAGTTGCGACGTAGG-1,0.894817,0.06931,0.035872
TAATAAACAAGGAGAT-1,0.999711,0.000036,0.000252
TAATACACAGTAGTAT-1,0.009594,0.037659,0.952747
TAATACTAGAACAGAC-1,0.054231,0.015644,0.930125
TAATAGAACAGAGTTA-1,0.068593,0.009098,0.922309
TAATAGGTCACCAGAA-1,0.03176,0.482144,0.486096
TAATAGTGACGACCAG-1,0.830297,0.16911,0.000593
TAATATTGAAATTCGC-1,0.000579,0.046817,0.952604
TAATCGATCCGTACGT-1,0.753553,0.186488,0.059959
TAATGAAAGACCCTTG-1,0.698199,0.269858,0.031943
TAATGTCGGTTCATGG-1,0.304286,0.399158,0.296556
TAATTACGTCAGTAGA-1,0.136999,0.398394,0.464607
TAATTAGATGGATATG-1,0.138488,0.672657,0.188855
TAATTGCGCTGATTAC-1,0.886083,0.000036,0.113881
TACAAATTGCGGAGGT-1,0.113404,0.380511,0.506085
TACAACGCACAACTCA-1,0.036828,0.726395,0.236778
TACAAGCTGTTCACTG-1,0.018681,0.362273,0.619045
TACAAGGGCTTCTTTA-1,0.035201,0.000015,0.964783
TACAAGTCTCGTGCAT-1,0.000024,0.468011,0.531966
TACAATGAAACCAGCA-1,0.017352,0.358926,0.623722
TACACAGCCGTGGTGC-1,0.078342,0.343975,0.577683
TACACCTCTTCGAATC-1,0.026914,0.099345,0.87374
TACAGAAACGGTGGGC-1,0.090788,0.288341,0.620871
TACATAGGCATACACC-1,0.034215,0.000025,0.965759
TACATCCCTATCCCTG-1,0.140207,0.859261,0.000533
TACATTTCTAACGTGC-1,0.063287,0.683555,0.253158
TACCAAATAGCCCAGA-1,0.008327,0.001347,0.990326
TACCAATAAAGTACCA-1,0.144983,0.203845,0.651172
TACCAGAAGTAGGTTC-1,0.004267,0.261414,0.734319
TACCAGCTAGGTTTAA-1,0.038729,0.290106,0.671166
TACCAGGAATCCCGTC-1,0.052144,0.281131,0.666725
TACCGAATAATTGTAA-1,0.026101,0.000156,0.973743
TACCGCGGACTTGCAG-1,0.275299,0.00018,0.724521
TACCGGCTCACTGCCC-1,0.100287,0.331226,0.568486
TACCGGTCGTTTCCAT-1,0.046626,0.455462,0.497912
TACCGTAGGTTAACTA-1,0.101645,0.60565,0.292705
TACCGTGCCTCGGACC-1,0.218503,0.190774,0.590724
TACCTACTCCCAGTAT-1,0.012883,0.247033,0.740084
TACCTCACGCTTGTAC-1,0.00317,0.002909,0.993921
TACCTCAGTTGTCTGT-1,0.015353,0.47409,0.510557
TACCTCCACACCAATG-1,0.031564,0.046494,0.921941
TACCTGCTGCACTGTG-1,0.142984,0.856456,0.00056
TACCTTAAGATTTCCC-1,0.011337,0.396639,0.592024
TACGAACACGACTTCA-1,0.00001,0.000069,0.99992
TACGACGCTTGCTGCG-1,0.037529,0.591395,0.371076
TACGACTGCCTCTTAG-1,0.191609,0.216193,0.592198
TACGAGAACTTCACGT-1,0.000016,0.218565,0.78142
TACGATGTTGATCATC-1,0.034782,0.727225,0.237994
TACGCAGTTCTTTCCT-1,0.008788,0.528642,0.46257
TACGCCATATTCTAAT-1,0.065774,0.317646,0.61658
TACGCCGAGGGTACCC-1,0.002729,0.088526,0.908745
TACGCCTCCATTCCGA-1,0.012032,0.412313,0.575655
TACGCTCCTAGAACTG-1,0.002384,0.445843,0.551773
TACGCTGATAGTTGTA-1,0.639703,0.117708,0.242589
TACGCTGCTGTGTTAA-1,0.000036,0.634895,0.365068
TACGGAAGCCAAACCA-1,0.0335,0.200271,0.766229
TACGGGATGCTAGCAG-1,0.850343,0.149147,0.000509
TACGGGTAATAACATA-1,0.005541,0.165109,0.829349
TACGTAAAGCGGAGTG-1,0.119035,0.000034,0.880931
TACGTACTAGTGCTGA-1,0.112318,0.203702,0.68398
TACGTGCACTATGCTG-1,0.000958,0.901264,0.097778
TACGTGGGCCCAGGGC-1,0.025072,0.119861,0.855067
TACGTTTACCGGCAAT-1,0.000017,0.174183,0.825799
TACTACGTGCAATGCG-1,0.04434,0.175964,0.779697
TACTATGGTTCCTCAG-1,0.014072,0.083217,0.902711
TACTCCTCTAGTTGAC-1,0.039762,0.02444,0.935798
TACTCGGCACGCCGGG-1,0.3746,0.624881,0.000519
TACTCGTTTGAATCAA-1,0.067749,0.314052,0.618199
TACTCTCCGAACAAAT-1,0.783095,0.216448,0.000458
TACTCTTTCGTCTTCA-1,0.037069,0.011761,0.95117
TACTGAACAGATTTAG-1,0.015504,0.155063,0.829433
TACTGAGGGAAGAAAG-1,0.814369,0.000129,0.185502
TACTGCATGATTAAAT-1,0.000596,0.499466,0.499938
TACTGGACAGCTCGGC-1,0.110537,0.675953,0.21351
TACTTGTTAGTAGTCC-1,0.839477,0.159917,0.000605
TACTTTACTGAGCCGG-1,0.62082,0.376732,0.002448
TACTTTCCGCACGCCA-1,0.000017,0.414745,0.585238
TAGAAACCACTAAGTA-1,0.379954,0.049966,0.570079
TAGAAAGGTGGCGCTA-1,0.691896,0.30746,0.000644
TAGAAATTCACGTATA-1,0.77383,0.104446,0.121724
TAGAATAGCCGATGAA-1,0.154991,0.547733,0.297276
TAGAATTAAGGGCAAC-1,0.131373,0.613188,0.255439
TAGACGAAACGCCAAT-1,0.063319,0.275411,0.661271
TAGACGCCCGTACCGG-1,0.793639,0.205657,0.000704
TAGACTCAGTTGGCCT-1,0.147631,0.566789,0.28558
TAGAGATCATGCAACT-1,0.15135,0.48907,0.35958
TAGAGCTACGAAGAAC-1,0.00328,0.424813,0.571907
TAGAGGGAGTTTATCT-1,0.031779,0.574709,0.393512
TAGAGGTTCTACTTGT-1,0.582935,0.416392,0.000674
TAGAGTCTAAGCGAAC-1,0.073677,0.567891,0.358432
TAGAGTGTTCCGGGTA-1,0.00154,0.326879,0.671582
TAGATATGGACTGGAA-1,0.061104,0.504871,0.434024
TAGATCCGAAGTCGCA-1,0.038667,0.039184,0.922149
TAGATGGTTCCTTACT-1,0.276413,0.431306,0.292282
TAGATTCAAAGTGCGG-1,0.057214,0.216504,0.726282
TAGATTCCTGGTTATT-1,0.175887,0.82364,0.000473
TAGCAACCTGTCACAA-1,0.002579,0.010476,0.986944
TAGCAGATACTTAGGG-1,0.026093,0.292255,0.681652
TAGCAGTATGACTAAA-1,0.106712,0.332222,0.561067
TAGCCATGATTGCCTA-1,0.667631,0.091511,0.240858
TAGCCATTTCAAAGTC-1,0.836024,0.163424,0.000552
TAGCCGGCGGTCAGCG-1,0.97399,0.025498,0.000512
TAGCGTCCGGTGTGGT-1,0.081377,0.280542,0.638081
TAGCGTTGGGTCTTAC-1,0.511771,0.352314,0.135915
TAGCTAAGTCCGGGAG-1,0.081585,0.522804,0.395611
TAGCTAGAAGGCATGA-1,0.015223,0.105412,0.879365
TAGCTAGTGATGATGG-1,0.044879,0.28234,0.672781
TAGCTCGCCTGATAAC-1,0.00533,0.028437,0.966233
TAGCTGATGTGAAGCG-1,0.951615,0.000152,0.048232
TAGGAACAGCCTCCAG-1,0.175368,0.000027,0.824605
TAGGATCTTAACCGCA-1,0.000295,0.160755,0.83895
TAGGCATGTTACGCCA-1,0.57857,0.000034,0.421396
TAGGCGATGAGGTCTC-1,0.176296,0.823239,0.000465
TAGGCGGCTGCAAAGA-1,0.01984,0.523464,0.456697
TAGGCTAAAGTGGCAC-1,0.095065,0.180886,0.724049
TAGGGAGCTTGGGATG-1,0.706448,0.292483,0.001069
TAGGGTGTTTCAAGAG-1,0.038507,0.001269,0.960225
TAGGTCCAAGTAAGGA-1,0.111657,0.888009,0.000334
TAGGTCGCCGGAACTG-1,0.887002,0.110291,0.002707
TAGGTGACGATAACCT-1,0.113239,0.587079,0.299682
TAGGTGAGCCCTACTC-1,0.000041,0.853097,0.146862
TAGGTGCTCGCCTAGC-1,0.581893,0.012126,0.405981
TAGGTGTTCCACAGAT-1,0.004661,0.033123,0.962216
TAGGTTCGAGTTCGTC-1,0.394021,0.558864,0.047115
TAGGTTCTGCTGAGAA-1,0.075628,0.007332,0.917039
TAGTACCACAACTTTC-1,0.000033,0.81429,0.185677
TAGTACCTTAGTGGTC-1,0.197958,0.17352,0.628522
TAGTAGCTTATACCAG-1,0.025975,0.08287,0.891156
TAGTAGTTGCCGGACA-1,0.002192,0.368328,0.62948
TAGTCCCGGAGACCAC-1,0.028747,0.02834,0.942914
TAGTCCGCAGAGAATG-1,0.015474,0.176491,0.808035
TAGTCCTGCACTAAGC-1,0.072442,0.337562,0.589996
TAGTCGATCACGGGTT-1,0.841228,0.15801,0.000762
TAGTCTAACAACGAGA-1,0.017756,0.00588,0.976364
TAGTCTGCGGCACATT-1,0.021695,0.549456,0.42885
TAGTGAGAAGTGGTTG-1,0.000012,0.000012,0.999976
TAGTGCCCTCCAGAGT-1,0.0302,0.535003,0.434797
TAGTGGAACTCATACA-1,0.002586,0.441081,0.556333
TAGTGTCAGAAACGGC-1,0.580859,0.382891,0.03625
TAGTTAAGATAGGATA-1,0.994446,0.005153,0.000401
TAGTTTATTCTTGCTT-1,0.020612,0.246169,0.733219
TATAAATCCACAAGCT-1,0.000009,0.02805,0.971941
TATAAGTGAGGATAGC-1,0.004183,0.367581,0.628236
TATACACAGACGCCTT-1,0.142209,0.436947,0.420843
TATACACGCAAAGTAT-1,0.012657,0.558842,0.428501
TATACGCGTCATCACT-1,0.013001,0.233459,0.75354
TATACTCATGCGGCAA-1,0.615556,0.383897,0.000547
TATAGAGTCGCTTGAA-1,0.000018,0.276562,0.72342
TATAGATGGTCGCAGT-1,0.836568,0.000177,0.163255
TATAGCGCACGTTATC-1,0.413129,0.070549,0.516322
TATAGGGTACTCATGA-1,0.075622,0.92377,0.000608
TATAGTTAGGTGTACT-1,0.739651,0.024087,0.236262
TATATAGGGCTTTACG-1,0.006138,0.001424,0.992437
TATATATCGAGAAATG-1,0.010628,0.458734,0.530638
TATATCAAAGTGATCT-1,0.042791,0.519141,0.438068
TATATCCCTGGGAGGA-1,0.704733,0.292902,0.002366
TATATTCGCGTCGATA-1,0.000025,0.276224,0.723751
TATCACAGCACGGGCA-1,0.002886,0.020091,0.977023
TATCACCATGTAAAGT-1,0.270506,0.032229,0.697265
TATCACCCAACCGACC-1,0.872566,0.000195,0.127239
TATCACTTCGAGTAAC-1,0.603559,0.059685,0.336756
TATCAGTGGCGTAGTC-1,0.718701,0.136559,0.14474
TATCCAATTGGTTATC-1,0.044245,0.334502,0.621253
TATCCATATCATGCGA-1,0.001284,0.686277,0.312438
TATCCATCTCGGTTAG-1,0.076247,0.26367,0.660084
TATCCCTCGATCTGCA-1,0.000016,0.414269,0.585716
TATCCGCACCGTCGGG-1,0.032824,0.214816,0.75236
TATCCTATCAACTGGT-1,0.005414,0.282757,0.711829
TATCCTGCATGGGAAT-1,0.013196,0.192877,0.793927
TATCGATCTATGCATA-1,0.776155,0.111454,0.11239
TATCGATGATTAAACG-1,0.003085,0.427348,0.569568
TATCTACAGAGGTAAT-1,0.00867,0.054494,0.936836
TATCTACCACAGCGGG-1,0.212255,0.400652,0.387093
TATCTAGCCTAAAGGA-1,0.887892,0.000071,0.112038
TATCTGAGCCGATATT-1,0.440995,0.438179,0.120826
TATCTTGCAATACAAC-1,0.101132,0.89861,0.000258
TATGAAGAATTAAGGT-1,0.04893,0.614066,0.337003
TATGAAGACAGGTGCG-1,0.335603,0.66405,0.000347
TATGATAAATCTAACG-1,0.290461,0.19756,0.511979
TATGATCTTCTCTTTA-1,0.041763,0.31282,0.645418
TATGATTCTGCTTGGT-1,0.000027,0.57908,0.420894
TATGCTCCCTACTTAC-1,0.003086,0.603333,0.393582
TATGGAGTTTCTCGTT-1,0.063436,0.591263,0.345301
TATGGATGTGCTACGC-1,0.001851,0.726978,0.271171
TATGGCCCGGCCTCGC-1,0.000037,0.805574,0.194389
TATGGGACCGAGCAGG-1,0.057852,0.45659,0.485558
TATGGGTACGTATCGT-1,0.087319,0.389023,0.523658
TATGGTCTGAGTAACA-1,0.08849,0.127359,0.78415
TATGTAAAGTGCTTAA-1,0.001779,0.001102,0.99712
TATGTAGAAACCCGGC-1,0.915985,0.000031,0.083983
TATGTCAAGACCGACT-1,0.709136,0.130048,0.160815
TATGTCTCATTGTGCC-1,0.901067,0.098363,0.000569
TATTAACACCAAAGCA-1,0.313761,0.674172,0.012067
TATTAACCTGACCGCG-1,0.039118,0.409511,0.551372
TATTACCATCCTGCTT-1,0.645894,0.353422,0.000684
TATTATGTTTGCCTGC-1,0.179058,0.529232,0.291709
TATTCAATTCTAATCC-1,0.753427,0.246068,0.000506
TATTCCACTCAGCTCG-1,0.031194,0.318597,0.650209
TATTCCGAGCTGTTAT-1,0.306224,0.564913,0.128863
TATTCCGGCAGTCCTA-1,0.001073,0.009318,0.989609
TATTCCTCCGCCCACT-1,0.177472,0.213145,0.609383
TATTCGTGCCAGAATA-1,0.092253,0.40161,0.506137
TATTTAGTCTAGATCG-1,0.018578,0.61204,0.369382
TATTTATACCGAGTAG-1,0.64086,0.000045,0.359095
TATTTGTTACCCTTTA-1,0.000035,0.557062,0.442903
TCAAACAACCGCGTCG-1,0.040268,0.404214,0.555518
TCAAACTTAGATTGTT-1,0.230886,0.451629,0.317485
TCAAAGTCACGGCGTC-1,0.000014,0.058661,0.941325
TCAAATTGTTGTGCCG-1,0.00668,0.206714,0.786606
TCAAATTTGAGACTCA-1,0.124589,0.599398,0.276013
TCAACAAAGATAATTC-1,0.04604,0.184138,0.769822
TCAACACATTGGGTAA-1,0.004286,0.965283,0.030431
TCAACATAGCGCCCTA-1,0.044065,0.247464,0.708471
TCAACATCGACCGAGA-1,0.109579,0.783772,0.106649
TCAACCATGTTCGGGC-1,0.012514,0.444912,0.542574
TCAACGAGGAGACAAA-1,0.070042,0.573679,0.356279
TCAACGCAGGAAATAA-1,0.010966,0.02178,0.967254
TCAACGCGACCGGCAG-1,0.003272,0.417242,0.579486
TCAACTAACGTATAAC-1,0.234822,0.764847,0.000332
TCAAGGTTACTACACC-1,0.793453,0.151442,0.055105
TCAATACGCCGTCATG-1,0.038856,0.020417,0.940727
TCACAAACCGAGGTAC-1,0.054403,0.202243,0.743354
TCACAGCAAACTCGAA-1,0.028573,0.488726,0.482701
TCACAGGAGAATAAGA-1,0.069989,0.40851,0.521502
TCACAGGGAATCGCAA-1,0.464008,0.19668,0.339312
TCACAGGTTATTGGGC-1,0.001126,0.595629,0.403246
TCACATCTTATCTGAT-1,0.159436,0.839694,0.00087
TCACCCTCTTAAGATT-1,0.082054,0.497783,0.420163
TCACCGCTCGGCACTC-1,0.999442,0.00007,0.000489
TCACGATGTCCGTGGA-1,0.056954,0.151311,0.791736
TCACGCATTGTAGATC-1,0.003417,0.081388,0.915196
TCACGGCCCAAGAGAG-1,0.000005,0.007696,0.992299
TCACGGTCATCGCACA-1,0.073523,0.310107,0.61637
TCACGTGCCCGATTCA-1,0.031952,0.299031,0.669017
TCACTACGACCAATGC-1,0.81393,0.093779,0.092291
TCACTATCGTGCAATC-1,0.028276,0.33715,0.634574
TCACTCAGCGCATTAG-1,0.055751,0.237035,0.707213
TCACTCGTGCAACGGC-1,0.601507,0.326453,0.07204
TCAGAACGGCGGTAAT-1,0.037137,0.04752,0.915342
TCAGACGCTATAGAAG-1,0.283957,0.399031,0.317012
TCAGAGCATGTCAACG-1,0.49234,0.000169,0.507492
TCAGAGGACGCGTTAG-1,0.020011,0.221252,0.758737
TCAGCAAATGCATCTC-1,0.571005,0.289554,0.13944
TCAGCAGTAGGCCCTG-1,0.000032,0.350954,0.649013
TCAGCGCACGCCGTTT-1,0.010614,0.167339,0.822047
TCAGGGCGCAAACTCG-1,0.681641,0.310558,0.0078
TCAGGGTGCACGAAAC-1,0.774896,0.176258,0.048846
TCAGGGTGTAACGTAA-1,0.822483,0.000038,0.177479
TCAGGTTCTTTGAGAA-1,0.000017,0.213067,0.786917
TCAGTACTGACCCGCG-1,0.000031,0.499012,0.500957
TCAGTAGGGACTATAA-1,0.027917,0.618664,0.35342
TCAGTGTATACGTCAT-1,0.043767,0.235631,0.720602
TCAGTTACGGAATGAT-1,0.096702,0.287302,0.615997
TCATACTTACAGATCC-1,0.038592,0.140369,0.821039
TCATATGAGCTTTGTT-1,0.000037,0.52938,0.470583
TCATCACTCGAGCTCG-1,0.000046,0.943163,0.056791
TCATCCATCTGATCAC-1,0.822396,0.111657,0.065948
TCATCCCAGAGGGTGG-1,0.082497,0.25072,0.666783
TCATCCTCAGCTGCTT-1,0.021052,0.080927,0.898021
TCATCGACGACCGTCG-1,0.002179,0.147641,0.85018
TCATCGATGGTCCCAA-1,0.076086,0.049179,0.874735
TCATGAAGCGCTGCAT-1,0.589548,0.000083,0.41037
TCATGCAGGTTCTCAT-1,0.965468,0.033859,0.000673
TCATTTAAGTCTCCGA-1,0.758377,0.240987,0.000636
TCCAACTCAGCTATCT-1,0.022909,0.289925,0.687166
TCCAACTTTAAATTCT-1,0.009059,0.062576,0.928365
TCCAAGCCTAGACACA-1,0.029709,0.167895,0.802395
TCCAATAAAGGCTACC-1,0.013882,0.15132,0.834798
TCCACAATGGTTTACG-1,0.016904,0.382553,0.600543
TCCACATCGTATATTG-1,0.065268,0.485765,0.448967
TCCACCTCTAGCCTTT-1,0.045384,0.236123,0.718494
TCCACTTTATCTAGGT-1,0.764147,0.235346,0.000507
TCCAGAGCACCGGTTC-1,0.494805,0.492626,0.01257
TCCAGGCAGGACGATC-1,0.008145,0.097734,0.894121
TCCAGGCGAGTACGGT-1,0.145882,0.605185,0.248933
TCCAGGGTATATACGA-1,0.00374,0.611947,0.384313
TCCATCAATACTAATC-1,0.009433,0.263802,0.726765
TCCATTAGTTGGATAG-1,0.620827,0.313637,0.065536
TCCATTGTGACCTCGT-1,0.373038,0.260817,0.366144
TCCCAAACATCCTCTA-1,0.011314,0.743567,0.245119
TCCCAAAGACGAAGGA-1,0.09176,0.556227,0.352013
TCCCAATATCGACGAC-1,0.012742,0.57355,0.413708
TCCCACGGAGGGAGCT-1,0.053212,0.321518,0.62527
TCCCAGCTTTAGTCTG-1,0.071796,0.700387,0.227816
TCCCAGGCTTAGCTAA-1,0.018579,0.460384,0.521037
TCCCGCGTACTCCTGG-1,0.200086,0.451977,0.347937
TCCCGGGTGTGCTGCT-1,0.000024,0.465421,0.534555
TCCCGGTCAGGAATTT-1,0.000045,0.899107,0.100848
TCCCGTCAGTCCCGCA-1,0.573707,0.246884,0.179409
TCCCGTGTGCAATTTG-1,0.779831,0.197778,0.022391
TCCCTCCGAAATCGTT-1,0.129753,0.86965,0.000597
TCCCTGGCGTATTAAC-1,0.015036,0.970926,0.014038
TCCCTGGCTCGCTGGA-1,0.010805,0.767691,0.221505
TCCCTTAGATTACTCG-1,0.999316,0.000085,0.000598
TCCGAACTTGGCTTAC-1,0.102474,0.796517,0.101008
TCCGACCGCTAATCAA-1,0.0455,0.148367,0.806133
TCCGAGAAGGCTAAGC-1,0.004915,0.490659,0.504427
TCCGATAATTGCCATA-1,0.023145,0.516614,0.460241
TCCGATGACTGAGCTC-1,0.706267,0.254703,0.03903
TCCGATGGTGCGACAT-1,0.002448,0.090939,0.906614
TCCGATTACATTGCCG-1,0.000033,0.729833,0.270134
TCCGCCTGTCTACAAG-1,0.054587,0.066029,0.879384
TCCGCGGCAGCATCTG-1,0.629422,0.007552,0.363026
TCCGCGGCCCAATGAA-1,0.512422,0.486799,0.000779
TCCGCTGTCATCCCGG-1,0.51414,0.485179,0.000681
TCCGCTTATCCCATTA-1,0.025106,0.100712,0.874182
TCCGGCCTAGCGTACA-1,0.704646,0.294076,0.001278
TCCGGCCTGCATCGAT-1,0.000717,0.444251,0.555032
TCCGGGCCACTAACGG-1,0.000015,0.749475,0.25051
TCCGGGCTTGACGGGA-1,0.090201,0.135213,0.774586
TCCGGTTCGTCCGGTC-1,0.003269,0.037869,0.958862
TCCGTAACCACAATCC-1,0.793819,0.000057,0.206124
TCCGTTAAGCTAATAT-1,0.374797,0.171047,0.454155
TCCGTTTAGCCTTGAA-1,0.904366,0.094938,0.000696
TCCTAAAGATTCAGAC-1,0.046202,0.010435,0.943364
TCCTAAATTGGGAAGC-1,0.144177,0.276432,0.579391
TCCTAACCGTCGGGCA-1,0.000017,0.181265,0.818718
TCCTACATCCACGGCC-1,0.778259,0.051286,0.170456
TCCTAGCAAAGAAGCT-1,0.020071,0.268965,0.710965
TCCTCCTAAGACATTC-1,0.002964,0.192784,0.804252
TCCTCGGGCTGGGCTT-1,0.726368,0.272907,0.000725
TCCTCTACGAGATGGC-1,0.000049,0.911273,0.088678
TCCTCTCCAGTTGTCC-1,0.219138,0.780415,0.000447
TCCTCTGGCCCATTAG-1,0.473868,0.066261,0.459871
TCCTGCAGCCGCCAAT-1,0.006325,0.244582,0.749094
TCCTGCCAACTGGAGA-1,0.900463,0.085913,0.013623
TCCTGCGTTGATACTC-1,0.004182,0.694076,0.301742
TCCTTACGACGGTCCG-1,0.779051,0.220315,0.000634
TCCTTCAGTGGTCGAA-1,0.188204,0.301476,0.51032
TCCTTGTCCTTTAATT-1,0.014339,0.001194,0.984467
TCCTTTAAATCCGCTT-1,0.000806,0.16573,0.833465
TCCTTTCTTACGCTTA-1,0.180209,0.26728,0.552511
TCGAAATTTAGGACCA-1,0.084703,0.078408,0.836889
TCGAAGAACCGAGCAC-1,0.539087,0.30125,0.159662
TCGAATATCCCGCAGG-1,0.042053,0.15477,0.803178
TCGAATCGCAGGGTAG-1,0.079438,0.44889,0.471672
TCGACAACTGAACCCG-1,0.062035,0.937612,0.000353
TCGACATAGCGTAGCG-1,0.031629,0.020195,0.948177
TCGAGACCAACACCGT-1,0.040027,0.212986,0.746987
TCGAGCCAGGCAGGCC-1,0.033058,0.381785,0.585157
TCGATAGGCTAGTCGC-1,0.000009,0.000009,0.999982
TCGATTTACGAAACGA-1,0.012699,0.299857,0.687444
TCGCAAAGATGCATTT-1,0.461555,0.496939,0.041506
TCGCACCAGGAGGCAG-1,0.4323,0.179053,0.388647
TCGCATCCCTAAGTGT-1,0.000026,0.346193,0.653782
TCGCATTCAATGACTT-1,0.000054,0.908289,0.091658
TCGCCACCCGGATTAC-1,0.71744,0.000056,0.282504
TCGCCGAAGTTGCGTC-1,0.014132,0.000996,0.984872
TCGCCGACATATTCGC-1,0.022456,0.083913,0.893631
TCGCCGGTCGATCCGT-1,0.034999,0.563798,0.401203
TCGCCTCCTTCGGCTC-1,0.073273,0.427424,0.499302
TCGCGCGTTTACATGA-1,0.730989,0.000124,0.268887
TCGCGTAGCAGTGTCC-1,0.069988,0.137154,0.792858
TCGCGTCCAGAAGGTC-1,0.000024,0.416185,0.583791
TCGCTAAACCGCTATC-1,0.611606,0.000035,0.38836
TCGCTACTGGCTTTGA-1,0.149225,0.394535,0.45624
TCGCTCGATATATTCC-1,0.125088,0.509908,0.365004
TCGCTGCCAATGCTGT-1,0.009053,0.294671,0.696276
TCGCTGGGCGGATTGT-1,0.664901,0.334646,0.000453
TCGCTGTGCGTAAATC-1,0.005556,0.435236,0.559208
TCGCTTTAAACGTTTG-1,0.842612,0.004826,0.152562
TCGGAATGACCATCAA-1,0.150358,0.319601,0.530041
TCGGAATGCGCTCTGA-1,0.000032,0.653545,0.346423
TCGGACGCCCAGCCCA-1,0.503506,0.040921,0.455573
TCGGAGAGTATCGGGA-1,0.006062,0.349,0.644938
TCGGAGTACATGAGTA-1,0.720634,0.278867,0.000499
TCGGAGTCCTGGTTGC-1,0.671658,0.000199,0.328143
TCGGATCTGGATGACC-1,0.495297,0.000149,0.504554
TCGGCGTACTGCACAA-1,0.270555,0.729094,0.000351
TCGGCTAACTTCCCTT-1,0.011442,0.000024,0.988534
TCGGCTTGTATCGACG-1,0.452805,0.132547,0.414649
TCGGGAGACAGCGTAC-1,0.05369,0.166653,0.779657
TCGGGATTCAAACATA-1,0.271179,0.728466,0.000355
TCGGGCACTTCTGGAT-1,0.015282,0.018452,0.966266
TCGGGCCGTCGTGGTA-1,0.714833,0.284101,0.001066
TCGGGTGAAACTGCTA-1,0.005612,0.330817,0.663571
TCGGTCCCGACAATAG-1,0.025884,0.044284,0.929831
TCGGTCCCTGACTCCA-1,0.868467,0.063712,0.06782
TCGGTTAGCCATGTAG-1,0.917193,0.082448,0.000359
TCGTAAGACGACATTG-1,0.772067,0.227298,0.000635
TCGTACCGACGTCAAG-1,0.043598,0.026765,0.929638
TCGTATAGTGCAATTA-1,0.000059,0.748325,0.251615
TCGTATTACCCATTGC-1,0.002268,0.602221,0.395512
TCGTATTTCGTCCGGA-1,0.000897,0.66817,0.330933
TCGTCAAGTACGCGCA-1,0.007126,0.000012,0.992862
TCGTCACACTGTTAGC-1,0.514815,0.484543,0.000643
TCGTCCGCTGGCGTCT-1,0.000023,0.299064,0.700913
TCGTCTTAGGCGTTAA-1,0.65128,0.000123,0.348597
TCGTGTACTATGGATG-1,0.989891,0.001264,0.008845
TCGTGTCACGCTGACA-1,0.000121,0.659944,0.339935
TCGTTAGGAGTCCCTA-1,0.030637,0.398158,0.571206
TCGTTCGTTATTATGT-1,0.121406,0.213057,0.665537
TCGTTGCTATCCGGTC-1,0.029311,0.087968,0.882722
TCGTTGGCTCGTCAAT-1,0.005914,0.993505,0.000581
TCGTTTACGCGACCCT-1,0.082233,0.45019,0.467577
TCTAAAGAACAGTCTC-1,0.488763,0.390932,0.120305
TCTAATACTGCCTCAG-1,0.010976,0.308829,0.680195
TCTACACGTTCATGCA-1,0.435328,0.561229,0.003444
TCTACCGTCCACAAGC-1,0.140183,0.285773,0.574044
TCTACGCACGATCTCC-1,0.023901,0.917887,0.058211
TCTAGCAATCTCCGCC-1,0.010788,0.210614,0.778598
TCTAGCATCTTCGATG-1,0.000032,0.575348,0.42462
TCTAGCATGCCCAGAA-1,0.100105,0.517579,0.382316
TCTAGGTGGCGACGCT-1,0.898991,0.100217,0.000792
TCTAGTGATATCGTGG-1,0.435147,0.407421,0.157431
TCTAGTTATCAGAAGA-1,0.041566,0.541365,0.417069
TCTATCATGCAGTTAC-1,0.016666,0.458964,0.52437
TCTATCCGATTGCACA-1,0.034632,0.342856,0.622512
TCTATCGGTCGCAACA-1,0.053099,0.516544,0.430358
TCTATGCTATAACGAC-1,0.101017,0.442,0.456983
TCTATTACGCTGGCGA-1,0.005761,0.427913,0.566326
TCTATTACTAGAGGAT-1,0.21941,0.779967,0.000623
TCTCAAATCAATCGGG-1,0.054805,0.23374,0.711455
TCTCATGAGATAGGGT-1,0.787968,0.144997,0.067035
TCTCCAACGTAGGTTA-1,0.330271,0.000029,0.6697
TCTCCACAAGTTGAAT-1,0.09645,0.046691,0.85686
TCTCCCTGGGCAGCGT-1,0.303052,0.411327,0.285621
TCTCGAACGAGGTCAC-1,0.77033,0.223773,0.005896
TCTCGGCTCCAGGACT-1,0.283343,0.715877,0.00078
TCTCTAATAGCTGGTA-1,0.00076,0.065395,0.933845
TCTCTTACCGCGAACC-1,0.032357,0.004605,0.963039
TCTGAACCGGTCGGCT-1,0.035578,0.241999,0.722423
TCTGAACTCGTACCCG-1,0.785595,0.213905,0.000501
TCTGAAGCACGTGGTC-1,0.256748,0.000045,0.743207
TCTGAATTCCGTACAA-1,0.90114,0.034479,0.064381
TCTGATGTATTCTGTC-1,0.462955,0.536429,0.000615
TCTGCATACCTTGCTT-1,0.266074,0.183819,0.550106
TCTGCCAGAAACTGCA-1,0.916008,0.083647,0.000345
TCTGCGTCCGGTTTCT-1,0.021251,0.977965,0.000785
TCTGGGAACCTTTGAA-1,0.912253,0.00016,0.087588
TCTGGGTAGCGCTCAT-1,0.006536,0.131994,0.86147
TCTGTCATACAAGAGC-1,0.067171,0.199525,0.733304
TCTGTGACTGACCGTT-1,0.289754,0.302902,0.407344
TCTGTGCCATCATAGT-1,0.130593,0.000023,0.869384
TCTGTGGCTACATTTC-1,0.014647,0.206409,0.778944
TCTGTTACCCAGCATA-1,0.038781,0.013522,0.947697
TCTGTTTAGATTGTTC-1,0.737866,0.000337,0.261797
TCTTACAGAGGTACCG-1,0.010526,0.522048,0.467426
TCTTACCGGAACTCGT-1,0.939301,0.059961,0.000738
TCTTACGGCATCCGAC-1,0.000034,0.628578,0.371388
TCTTACTTATGCCTCT-1,0.718455,0.280796,0.000749
TCTTAGAGTGAACTCT-1,0.828969,0.170388,0.000643
TCTTATGGGTAGTACC-1,0.020796,0.261542,0.717662
TCTTCCCATGGGCACA-1,0.73504,0.262285,0.002675
TCTTCGAATAGACGTT-1,0.484854,0.514643,0.000503
TCTTCGATACCAATAA-1,0.117256,0.673882,0.208862
TCTTGATGCGTAGCGA-1,0.274487,0.304229,0.421284
TCTTGCTCCCGATACT-1,0.071971,0.032731,0.895298
TCTTGGTAACACCAAA-1,0.089451,0.455307,0.455242
TCTTGGTCAATGATAC-1,0.915401,0.012545,0.072054
TCTTTAAGACTATGAA-1,0.773261,0.047536,0.179203
TCTTTCTCTTAAGGAG-1,0.481251,0.00039,0.518358
TGAAACCTCAACTCAC-1,0.054886,0.902001,0.043113
TGAAACTTATGCAAGC-1,0.091964,0.467104,0.440932
TGAAAGGACCTGACTC-1,0.543406,0.000031,0.456563
TGAACAAGCAGGGACT-1,0.033829,0.320324,0.645847
TGAACCTGAATGTGAG-1,0.740461,0.000148,0.259391
TGAATACCGACGCGTA-1,0.03475,0.228196,0.737053
TGAATGAGTGTTTCCC-1,0.030358,0.036175,0.933467
TGACAACTTAAAGGTG-1,0.002792,0.656584,0.340625
TGACAGAAATCTTGCT-1,0.642175,0.089364,0.268461
TGACAGGACAAGTCCA-1,0.397754,0.60175,0.000496
TGACATCGAGCGGACC-1,0.88105,0.000163,0.118787
TGACATGTAACGTGAC-1,0.035808,0.038561,0.925631
TGACCAAATCTTAAAC-1,0.050507,0.11286,0.836634
TGACCAGCTTCAAAGT-1,0.66909,0.000113,0.330797
TGACCCAACTCACATT-1,0.105619,0.827292,0.067089
TGACCCACGTTAGACA-1,0.006131,0.710756,0.283114
TGACGAATATTTCCCT-1,0.000024,0.68615,0.313827
TGACGATGCACTAGAA-1,0.842042,0.157603,0.000355
TGACTATAATCCTTTC-1,0.388204,0.297439,0.314357
TGACTCCGAATCATAC-1,0.000869,0.315629,0.683502
TGAGAATGCTTTACCG-1,0.011812,0.210419,0.777769
TGAGAGATTTACCACG-1,0.999566,0.000054,0.00038
TGAGATCAAATACTCA-1,0.028529,0.25098,0.720491
TGAGATTAGGCCCTAA-1,0.517096,0.481197,0.001707
TGAGCAGTCGTGAAGT-1,0.005676,0.60171,0.392615
TGAGCCATACAGTCTC-1,0.022375,0.292611,0.685014
TGAGCGGAAAGTGTTC-1,0.059603,0.32943,0.610967
TGAGCTTTAATGACGC-1,0.999494,0.000063,0.000443
TGAGGAGTGCCAGCTT-1,0.021819,0.00468,0.9735
TGAGGCATGTACTGTG-1,0.686345,0.229409,0.084247
TGAGGTGTGTGGCGGA-1,0.013203,0.273516,0.713281
TGAGGTTGATCCCAAG-1,0.006383,0.293131,0.700486
TGAGTAAATTAGCGTA-1,0.035409,0.527112,0.43748
TGAGTGCCTCTTAAAT-1,0.023646,0.297504,0.678849
TGAGTGGTCCGTGACG-1,0.999497,0.000063,0.00044
TGATACATTTAGCCGT-1,0.043361,0.012064,0.944575
TGATCACCACACTGAC-1,0.030143,0.315612,0.654245
TGATCAGGGAACTGCT-1,0.000037,0.779699,0.220264
TGATCGGTTTGACCCT-1,0.000079,0.385791,0.61413
TGATCTATCACACTCT-1,0.005396,0.146771,0.847833
TGATCTCCGGCGCCAG-1,0.027616,0.318941,0.653443
TGATGTCAATTAAGTG-1,0.539927,0.108706,0.351368
TGATTCAGGTCCCGCG-1,0.688463,0.207196,0.104342
TGATTCCCGGTTACCT-1,0.002397,0.162185,0.835417
TGATTCGTCTATCACT-1,0.048412,0.543099,0.408489
TGATTCTGTCGCCGGT-1,0.00002,0.209275,0.790705
TGATTTATTAGCTGTG-1,0.036909,0.820004,0.143087
TGATTTCCTCCTGACG-1,0.357054,0.500034,0.142912
TGCAAACCCACATCAA-1,0.239461,0.750265,0.010275
TGCAAACGTACTAGTT-1,0.006452,0.558004,0.435544
TGCAAAGTTCGTCTGT-1,0.018129,0.197629,0.784243
TGCAACCCATCTGCGG-1,0.000057,0.035064,0.964879
TGCAACTACTGGTTGA-1,0.020623,0.320946,0.658431
TGCAAGAATGACGTAA-1,0.075447,0.410729,0.513825
TGCAATCTAACACGGT-1,0.112035,0.556147,0.331818
TGCACGAGTCGGCAGC-1,0.007768,0.221857,0.770376
TGCAGAACTATATCGT-1,0.001204,0.399189,0.599607
TGCAGAGTACCGAGCA-1,0.019289,0.056745,0.923965
TGCAGATCGTCCTAGG-1,0.03273,0.687543,0.279727
TGCAGCTACGTACTTC-1,0.156292,0.842965,0.000743
TGCAGGATCGGCAAAG-1,0.566882,0.36445,0.068668
TGCAGTGGTAGGGAAC-1,0.000571,0.650384,0.349045
TGCAGTTTCCTCCCAT-1,0.754764,0.241108,0.004128
TGCATATGTCTGTCAC-1,0.702718,0.000046,0.297236
TGCATGGATCGGATCT-1,0.040593,0.003605,0.955803
TGCATGTGACCCATAG-1,0.121714,0.40451,0.473776
TGCATGTGGTAATCTA-1,0.959218,0.008736,0.032046
TGCCAAAGTCAGACTT-1,0.010108,0.076528,0.913365
TGCCAATGGGTACTCT-1,0.054174,0.379046,0.56678
TGCCACCTGGCGAAAC-1,0.903095,0.055683,0.041223
TGCCAGTACGTGGAGA-1,0.182045,0.400958,0.416997
TGCCATGGCTTATAAG-1,0.81753,0.000089,0.182381
TGCCATTACTAAAGAA-1,0.908737,0.080217,0.011046
TGCCCGATAGTTAGAA-1,0.066411,0.32921,0.604379
TGCCCGTACCGTTAAA-1,0.535598,0.463706,0.000697
TGCCGGATGTACGAGC-1,0.000408,0.685789,0.313803
TGCCGTGGATCGTCCT-1,0.00221,0.178861,0.818928
TGCCGTGGGACCCAAT-1,0.024287,0.143112,0.832601
TGCCTGACATCGGTCA-1,0.570554,0.391313,0.038134
TGCCTGATCAAACGAT-1,0.078733,0.48939,0.431878
TGCCTTGGCCAGGCAA-1,0.266259,0.613073,0.120668
TGCGAATATGGGATTT-1,0.304555,0.677543,0.017902
TGCGACACCCTAGTGC-1,0.113472,0.591131,0.295397
TGCGACGGCCGAACGT-1,0.018357,0.470265,0.511378
TGCGAGAATATTACCC-1,0.033146,0.05386,0.912993
TGCGCAAAGCATTTGG-1,0.407046,0.27572,0.317234
TGCGCGATTAACGGAG-1,0.018985,0.00886,0.972155
TGCGGACTTGACTCCG-1,0.056589,0.073972,0.86944
TGCGGAGTAAAGGTGC-1,0.007542,0.010896,0.981562
TGCGGCATAGTTCAAC-1,0.003045,0.318404,0.678551
TGCGGGTATTGGGATC-1,0.189674,0.128821,0.681505
TGCGGTCTACGAGTAA-1,0.721282,0.205802,0.072917
TGCGGTGAAATTTCAT-1,0.162803,0.320447,0.51675
TGCGTAAGAACCTGAT-1,0.001278,0.473031,0.525691
TGCGTACGGCTAATTG-1,0.030692,0.10069,0.868618
TGCGTCATGACTGAGC-1,0.064757,0.27528,0.659963
TGCGTTTGTTGACACT-1,0.593216,0.00004,0.406744
TGCTAAGTGTCTATTT-1,0.813118,0.000057,0.186825
TGCTATACAAACGGAC-1,0.015932,0.044928,0.939141
TGCTATGGCAAAGGGA-1,0.001088,0.658056,0.340857
TGCTCAAAGGATGCAC-1,0.419554,0.066802,0.513644
TGCTCCACAGTTCTTA-1,0.766465,0.000063,0.233472
TGCTCGGCGAAACCCA-1,0.104424,0.425334,0.470242
TGCTCGGTGGGTCACC-1,0.07063,0.169487,0.759883
TGCTCTTGAGAGTTTG-1,0.08607,0.174608,0.739322
TGCTGGTTGGACAATT-1,0.014693,0.028841,0.956466
TGCTGTTGAAGAACTC-1,0.250671,0.570328,0.179
TGCTTAGAGAGAATGC-1,0.013782,0.058524,0.927694
TGCTTCCCAAGCAGTA-1,0.023789,0.555789,0.420422
TGGAAGAAGGGAACGT-1,0.004108,0.228458,0.767434
TGGAAGACGAACACCA-1,0.000014,0.523217,0.47677
TGGAAGGATAAAGATG-1,0.013423,0.06647,0.920108
TGGAATTAGACGCTTT-1,0.539362,0.459945,0.000693
TGGACCAATCTAAGAT-1,0.062281,0.192896,0.744822
TGGACGCAATCCAGCC-1,0.15974,0.533455,0.306805
TGGACTGTTCGCTCAA-1,0.455842,0.501937,0.042221
TGGAGAATAATCGTCC-1,0.007121,0.5072,0.485679
TGGAGCTAAAGTTCCC-1,0.009381,0.233759,0.75686
TGGAGTGATGCGATGA-1,0.023879,0.028066,0.948055
TGGATGGCATCTTGGA-1,0.00134,0.395289,0.603372
TGGCAAACTAAATTAC-1,0.058363,0.131367,0.810269
TGGCAACTCGCGCGCC-1,0.878517,0.120857,0.000626
TGGCAAGCACAAGTCG-1,0.039148,0.404512,0.556339
TGGCAGATTACGATCA-1,0.017975,0.62843,0.353595
TGGCAGCAGTAATAGT-1,0.061201,0.585005,0.353794
TGGCATGAAGTTTGGG-1,0.222231,0.735403,0.042366
TGGCCAAACTGAAGTA-1,0.999703,0.000037,0.00026
TGGCCAATTTGGTACT-1,0.377437,0.487973,0.13459
TGGCCGTATATTGACC-1,0.000006,0.000006,0.999987
TGGCGACTGCTCCAAA-1,0.003161,0.284477,0.712363
TGGCGATCAAGTTATG-1,0.016443,0.202006,0.781551
TGGCGGTGTGCGATTG-1,0.000013,0.000013,0.999974
TGGCTACACTCTACCT-1,0.161818,0.249765,0.588417
TGGCTATGTGACATAC-1,0.01033,0.014978,0.974692
TGGCTCTTGTCGCGTA-1,0.526394,0.472877,0.000729
TGGCTTTGGGTAGACA-1,0.028367,0.421009,0.550624
TGGGAAATGCCTTTCC-1,0.007373,0.223491,0.769136
TGGGATGCACTCATTC-1,0.656366,0.012851,0.330782
TGGGCACAAACAGAAC-1,0.022137,0.387789,0.590074
TGGGCACGTTCTATGG-1,0.136171,0.298477,0.565352
TGGGCCACAAGAGCGC-1,0.06886,0.209693,0.721447
TGGGCCCATACTAATT-1,0.936626,0.00005,0.063325
TGGGCGATACAATAAG-1,0.014049,0.170587,0.815365
TGGGTAAGGTTCCCGC-1,0.471349,0.52805,0.000601
TGGGTGCACAAGCCAT-1,0.017854,0.140779,0.841367
TGGGTGTAATAGATTT-1,0.086482,0.019205,0.894313
TGGGTGTTAAGTAGAA-1,0.03387,0.259235,0.706896
TGGGTTTCGGGCGTAC-1,0.000033,0.612093,0.387875
TGGTAAGCAGGATTGA-1,0.962433,0.000062,0.037505
TGGTAGAATATATGGG-1,0.402056,0.596767,0.001178
TGGTATCGCATCCCAA-1,0.115186,0.010276,0.874538
TGGTATCGGTCTGTAT-1,0.00001,0.00001,0.99998
TGGTCCCACGCTACGG-1,0.102255,0.400413,0.497332
TGGTCGATATACCTCT-1,0.067205,0.693604,0.239191
TGGTCGGGTACAGGGC-1,0.762169,0.156626,0.081205
TGGTCTGTTGGGCGTA-1,0.000036,0.753766,0.246198
TGGTGATCGTATTTGT-1,0.829867,0.169436,0.000697
TGGTGCCCTGCCTTAC-1,0.088455,0.318292,0.593252
TGGTTAACTTACATTT-1,0.860701,0.018496,0.120803
TGGTTCAACGGGTAAT-1,0.067277,0.183374,0.749349
TGGTTCGTAGCAAAGG-1,0.010808,0.016518,0.972673
TGGTTGGAGGATCCTG-1,0.901151,0.098451,0.000399
TGTAACTTGTCAACCT-1,0.008701,0.149032,0.842267
TGTAATGACCACAATA-1,0.496116,0.502997,0.000886
TGTACCCGACCCTAAT-1,0.908026,0.017063,0.074911
TGTACCTACACGAGGG-1,0.102335,0.000111,0.897554
TGTACGAACAAATCCG-1,0.017707,0.334209,0.648084
TGTACGCTATCAGCTT-1,0.524614,0.353032,0.122354
TGTACTATCGCTCGTT-1,0.000016,0.186693,0.813291
TGTACTGTGCCAAAGT-1,0.037878,0.492717,0.469406
TGTAGCCAATTCCGTT-1,0.003289,0.161595,0.835116
TGTAGGAGAAATTTCC-1,0.938391,0.061252,0.000357
TGTAGTGATCTATAAT-1,0.061328,0.307437,0.631234
TGTATAACAGATCCTG-1,0.521663,0.00004,0.478297
TGTATCCTTATTCCAT-1,0.027017,0.267352,0.705631
TGTATGGCGCAGACAG-1,0.097405,0.000014,0.902582
TGTCCACGGCTCAACT-1,0.077846,0.307026,0.615128
TGTCCCGACATAGCAC-1,0.029643,0.145098,0.825259
TGTCCGCAAACAATTC-1,0.024949,0.409143,0.565908
TGTCCGTGGCGCCTTT-1,0.412546,0.586827,0.000628
TGTCCTAAGTCACCGC-1,0.012167,0.003602,0.984231
TGTCGGCATGGTGGAA-1,0.557751,0.279494,0.162756
TGTCGTGGGTATAGGC-1,0.042943,0.413573,0.543484
TGTCGTTATCACATAT-1,0.005809,0.454467,0.539724
TGTCTACAGTTTCTGT-1,0.017153,0.410688,0.572159
TGTGACTACGCCAGTC-1,0.251217,0.48933,0.259453
TGTGAGACTAGCCCAA-1,0.220191,0.286531,0.493279
TGTGATTCCAGCGCTT-1,0.568526,0.290855,0.140619
TGTGCCGGTGCCGGAA-1,0.814651,0.10691,0.078439
TGTGCTTTACGTAAGA-1,0.179905,0.819521,0.000574
TGTGGAGGAAGCTTAA-1,0.056608,0.113408,0.829984
TGTGGCAAAGCGTATG-1,0.925961,0.073529,0.00051
TGTGGCGGGCTTCTGG-1,0.003987,0.328005,0.668008
TGTGGTTGCTAAAGCT-1,0.02563,0.101669,0.872702
TGTGTCGCGAGTTGCA-1,0.003454,0.002956,0.99359
TGTGTTCGTATCCAAG-1,0.061555,0.93805,0.000395
TGTTATTGTATGTGGC-1,0.97896,0.020529,0.000511
TGTTCCGCTTCCATGA-1,0.062195,0.369974,0.56783
TGTTCCGGCCTGAGCT-1,0.016904,0.234487,0.748609
TGTTCGTATTGCGGTG-1,0.046705,0.071852,0.881443
TGTTCTTCCATTGACT-1,0.000015,0.138881,0.861103
TGTTGTCAAGAAGTCT-1,0.937782,0.06172,0.000498
TGTTTAATACTTCATC-1,0.490173,0.172524,0.337303
TGTTTCGGTACTTCTC-1,0.009596,0.339076,0.651328
TGTTTCTGAAGCGTGC-1,0.891024,0.000063,0.108913
TTAAACAGAGTCCCGC-1,0.395746,0.603688,0.000566
TTAAACCGGTAGCGAC-1,0.033775,0.119326,0.846899
TTAAACTCGAATTCAT-1,0.85507,0.144461,0.000469
TTAAAGGCGATGCTCG-1,0.008849,0.30279,0.688361
TTAACACCTCGAACAT-1,0.130513,0.869022,0.000465
TTAACCAACCCTCCCT-1,0.057645,0.424777,0.517578
TTAACGTCGCAAGACC-1,0.047646,0.205647,0.746707
TTAACTCACGCGTGGA-1,0.633282,0.000125,0.366593
TTAACTTCAGGTAGGA-1,0.064828,0.279209,0.655963
TTAAGACGAACGAACC-1,0.981793,0.00956,0.008647
TTAAGATACCCAGAGA-1,0.023244,0.753664,0.223091
TTAAGATAGGATTGAC-1,0.528817,0.298345,0.172838
TTAAGCCGACAACTTC-1,0.557584,0.251176,0.19124
TTAAGCGCCTGACCCA-1,0.000032,0.709673,0.290294
TTAAGGATACGGAGGT-1,0.005107,0.822904,0.171989
TTAAGGCCCGTACTTT-1,0.006785,0.621708,0.371508
TTAAGTATTGTTATCC-1,0.069517,0.023808,0.906675
TTAATCAGTACGTCAG-1,0.493165,0.331781,0.175054
TTAATGCGAGGTAACT-1,0.053175,0.325722,0.621104
TTAATGTAGACCAGGT-1,0.305559,0.461845,0.232596
TTAATTGCTTTGGGTG-1,0.051037,0.234523,0.71444
TTAATTTCAGACGCGG-1,0.092884,0.649999,0.257117
TTACAACTACGCATCC-1,0.006409,0.142566,0.851025
TTACAGACCTAAATGA-1,0.705804,0.147091,0.147106
TTACATCGTGGCCTGG-1,0.00241,0.022295,0.975294
TTACCATTGATTACCC-1,0.019598,0.695398,0.285004
TTACCCATTGCCGGGT-1,0.999561,0.000055,0.000384
TTACCCTAACAGTCCT-1,0.155424,0.844112,0.000464
TTACCCTAGGGATTGG-1,0.03111,0.398348,0.570542
TTACCGCCTTAGGGAA-1,0.509799,0.489104,0.001098
TTACGGATGGTTCGAG-1,0.967613,0.031675,0.000711
TTACGGTGTCACCGAG-1,0.00004,0.669195,0.330765
TTACTAAAGGACTTTA-1,0.53257,0.466403,0.001027
TTACTATCGGCTTCTC-1,0.354199,0.645,0.000801
TTACTCCGGCCGGGAA-1,0.373719,0.00937,0.616912
TTACTCTGGTACGTAC-1,0.01479,0.238539,0.746671
TTACTGGGATATTTCA-1,0.005689,0.3895,0.604811
TTACTGTTTCTCTACG-1,0.040315,0.271685,0.687999
TTAGAAGAACATGACT-1,0.030093,0.149879,0.820028
TTAGAATAAGGGTCGG-1,0.045058,0.34478,0.610162
TTAGACACGATCGTTG-1,0.999358,0.00008,0.000562
TTAGACGAGTCACCTC-1,0.438405,0.560908,0.000687
TTAGAGTATTGTCGAG-1,0.524141,0.000207,0.475651
TTAGAGTTTAGAAGGA-1,0.761344,0.238091,0.000565
TTAGATAGGTCGATAC-1,0.358044,0.641143,0.000813
TTAGCAACATGGATGT-1,0.003275,0.301195,0.69553
TTAGCCATAGGGCTCG-1,0.024887,0.891107,0.084006
TTAGCGAATAGATAGG-1,0.006012,0.048993,0.944995
TTAGCTAATACGATCT-1,0.856919,0.141807,0.001274
TTAGCTCTGTAATCCG-1,0.807795,0.148224,0.043981
TTAGCTGATTTGCCGT-1,0.791078,0.208292,0.00063
TTAGGTCATAACCGAC-1,0.026671,0.263963,0.709367
TTAGTAAACCTGCTCT-1,0.02632,0.01261,0.96107
TTAGTAGGGCGGCGGG-1,0.003631,0.762585,0.233785
TTAGTTATTCGTGGCA-1,0.328467,0.000036,0.671497
TTATAGATGCACATTA-1,0.075642,0.192876,0.731481
TTATAGGTAATTGTCT-1,0.139208,0.073881,0.786911
TTATATACGCTGTCAC-1,0.775458,0.224019,0.000523
TTATATTTGGCAATCC-1,0.105247,0.127994,0.766759
TTATCATACTCGCAAA-1,0.16702,0.832123,0.000857
TTATCCAATCGAACTC-1,0.001944,0.388751,0.609305
TTATCCGGGATCTATA-1,0.730671,0.267706,0.001623
TTATCCTCAAGGAATA-1,0.000005,0.03796,0.962036
TTATCGCCTGCGAAGC-1,0.673186,0.319937,0.006878
TTATCTGACATTAGGA-1,0.652049,0.151748,0.196202
TTATCTGTATCATAAC-1,0.012068,0.207472,0.780459
TTATGAATGAAAGGGA-1,0.168809,0.31939,0.511801
TTATGACAAACTGGAT-1,0.000014,0.258672,0.741314
TTATGATCTTAACGAA-1,0.969947,0.02968,0.000373
TTATGCGTCCCGGTCC-1,0.012388,0.003215,0.984397
TTATGTTTGCGATAGA-1,0.34123,0.658059,0.000711
TTATTAGAGCGTGTTC-1,0.522985,0.288289,0.188726
TTATTAGGGAAGCATC-1,0.029459,0.585246,0.385295
TTCAAAGTCTCTAGCC-1,0.48881,0.263507,0.247683
TTCAACGACCCGACCG-1,0.010699,0.001878,0.987422
TTCAAGCCGAGCTGAG-1,0.264303,0.178861,0.556836
TTCAATACTCTGAATC-1,0.507964,0.231465,0.260571
TTCAATTAGCCATAAT-1,0.257545,0.436932,0.305523
TTCACGAAAGGATCAC-1,0.186836,0.345123,0.468041
TTCACGGTCGTCACGT-1,0.027949,0.422985,0.549066
TTCACTCGAGCACCTA-1,0.087558,0.355225,0.557218
TTCACTTCCTAGAACG-1,0.023296,0.378212,0.598492
TTCAGAGTAACCTGAC-1,0.657559,0.018798,0.323644
TTCAGCCCTGGTCCAC-1,0.237331,0.000028,0.76264
TTCAGCTGGCGTGCCC-1,0.655071,0.087951,0.256977
TTCAGGCGTCAAAGCC-1,0.225756,0.773951,0.000293
TTCAGTTCAAGAGGAG-1,0.051547,0.333493,0.61496
TTCATGGCGCAACAGG-1,0.415031,0.566719,0.01825
TTCCAATCAGAGCTAG-1,0.619624,0.376542,0.003834
TTCCAATCTGGCTATC-1,0.000969,0.541492,0.457539
TTCCACACAGATTTGA-1,0.073217,0.245589,0.681194
TTCCACATTTCTCGTC-1,0.079432,0.03614,0.884427
TTCCAGTGGGTTTCGT-1,0.013196,0.605918,0.380885
TTCCCGACGCTTCACT-1,0.515183,0.11223,0.372587
TTCCCGGCGCCAATAG-1,0.393416,0.562996,0.043588
TTCCGCGTGAGGCGAT-1,0.019381,0.002183,0.978436
TTCCGGCCTTGAGGCT-1,0.06782,0.054463,0.877717
TTCCGGTTACCCACTT-1,0.991234,0.008053,0.000713
TTCCTCGAGGGTGTCT-1,0.000021,0.566717,0.433262
TTCCTCGGACTAACCA-1,0.663754,0.335834,0.000412
TTCCTCTGCCCGAATA-1,0.493336,0.506042,0.000623
TTCCTTTCTGTGTTGC-1,0.273568,0.72564,0.000792
TTCGAACGAAACATGC-1,0.015627,0.52833,0.456043
TTCGACAGAGCCCGTG-1,0.044211,0.463341,0.492448
TTCGACGGGAAGGGCG-1,0.000007,0.000007,0.999986
TTCGCACTCGCGTGCT-1,0.076785,0.496005,0.427209
TTCGCACTGTACGACA-1,0.050596,0.088072,0.861332
TTCGCATCCGGAAGCA-1,0.717952,0.142089,0.13996
TTCGCCGCTCGCGCTA-1,0.529439,0.470043,0.000518
TTCGCGCGCCATACGA-1,0.01679,0.028424,0.954786
TTCGCTATCTGACGTG-1,0.729674,0.102199,0.168127
TTCGGACTGGGCATGG-1,0.792734,0.000032,0.207234
TTCGGCAACCCGCTGA-1,0.959091,0.040329,0.00058
TTCGGCTAGAGATGGT-1,0.117073,0.882467,0.00046
TTCGGGACTAATCGCG-1,0.522488,0.476976,0.000535
TTCGGGCGCTAGTCTT-1,0.03662,0.122403,0.840977
TTCGGTACTGTAGAGG-1,0.011434,0.372259,0.616307
TTCGTAATCCCAGCGG-1,0.793259,0.146472,0.060269
TTCGTACTCCAGAACG-1,0.002417,0.67046,0.327123
TTCGTGCATGTTATAG-1,0.00252,0.579715,0.417765
TTCTAACCGAAGCTTA-1,0.823368,0.17606,0.000572
TTCTACCTCAATCGGT-1,0.00903,0.760925,0.230045
TTCTACCTTTATGTTG-1,0.944134,0.000207,0.055659
TTCTACTTGCGAGGGC-1,0.047285,0.756371,0.196345
TTCTAGAAAGTCTTAT-1,0.00004,0.697729,0.302231
TTCTAGGCCAATTGTG-1,0.000034,0.699623,0.300343
TTCTATTAAACGCAGC-1,0.010743,0.302848,0.686409
TTCTCAATTGCTACAA-1,0.69444,0.057299,0.248262
TTCTCTTACAGGTGAT-1,0.50987,0.489464,0.000666
TTCTGACCGGGCTCAA-1,0.471451,0.444886,0.083663
TTCTGCCGCGCCTAGA-1,0.039691,0.035256,0.925053
TTCTGCGAGCGCCCTT-1,0.284472,0.714867,0.000661
TTCTGCGGGTTAGCGG-1,0.875386,0.124083,0.000531
TTCTTAGTGAACGGTG-1,0.039705,0.241931,0.718365
TTCTTAGTGGCTCAGA-1,0.093871,0.577393,0.328736
TTCTTATCCGCTGGGT-1,0.442581,0.244972,0.312446
TTCTTCCCTTTGATAT-1,0.090375,0.293718,0.615907
TTCTTCGCAATAGAGC-1,0.701557,0.263067,0.035376
TTCTTGAGCCGCGCTA-1,0.005028,0.193752,0.801219
TTCTTGGACGATCTGC-1,0.033692,0.698893,0.267415
TTCTTGGAGTAATGAG-1,0.77176,0.217285,0.010955
TTCTTGTAACCTAATG-1,0.019714,0.00187,0.978416
TTGAACGAATCCTTTG-1,0.184237,0.814858,0.000905
TTGAACGACGTGCTGA-1,0.022662,0.189457,0.78788
TTGAAGAATTCCCAGG-1,0.009527,0.035169,0.955304
TTGAAGGATGGGCGCC-1,0.093386,0.906236,0.000378
TTGAATATGGACTTTC-1,0.871579,0.127937,0.000484
TTGAATCGTTGTATAA-1,0.430261,0.558823,0.010916
TTGAATTCACGTGAGG-1,0.516524,0.481037,0.00244
TTGACAGGAGCTCCCG-1,0.547164,0.34334,0.109497
TTGACATGAACGTGGA-1,0.019269,0.068385,0.912346
TTGACCAGGAACAACT-1,0.035352,0.218938,0.74571
TTGACCATGTTCTCCG-1,0.821569,0.177865,0.000565
TTGACCGTGTTAATGA-1,0.000024,0.480968,0.519008
TTGACGATTCAGCACG-1,0.003696,0.447659,0.548646
TTGACGCTCCATGAGC-1,0.999675,0.000041,0.000284
TTGACTACCATATGGT-1,0.00002,0.312166,0.687814
TTGAGAAGTTTAGCAT-1,0.210102,0.034009,0.755889
TTGAGAGTACTGCTAA-1,0.003761,0.02349,0.972749
TTGAGGCATTTAACTC-1,0.831812,0.167303,0.000884
TTGATCTAACTTTGTC-1,0.000023,0.45603,0.543947
TTGATGCCGCTCGTCG-1,0.125666,0.244053,0.630281
TTGATGTGTAGTCCCG-1,0.999236,0.000095,0.000668
TTGATTAGCTGTTTCT-1,0.122541,0.332164,0.545295
TTGATTATGCAGATGA-1,0.000049,0.999608,0.000343
TTGCAAGAAGACTCCT-1,0.015038,0.073186,0.911776
TTGCACAATTCAGAAA-1,0.027014,0.263415,0.709571
TTGCACGGAGCAGCAC-1,0.026919,0.168507,0.804574
TTGCATGCTGATCACG-1,0.020393,0.30505,0.674557
TTGCCATAGCCCGCTC-1,0.034582,0.158596,0.806822
TTGCCCTGATCACGGG-1,0.035824,0.002108,0.962068
TTGCCGCAGACCTACA-1,0.089112,0.481981,0.428907
TTGCCGCTTTCTAGTA-1,0.046985,0.311613,0.641402
TTGCCGGTGATCCCTC-1,0.339695,0.000029,0.660276
TTGCCTAATCCAAAGT-1,0.023091,0.503993,0.472916
TTGCGCTTGATCAATA-1,0.046174,0.425929,0.527896
TTGCGGAAAGCTGCCC-1,0.003107,0.371188,0.625705
TTGCGGCATCAGAAAG-1,0.003703,0.011302,0.984995
TTGCGGCGACTCATGC-1,0.00079,0.037081,0.962129
TTGCGTAGTTTGAGGA-1,0.528492,0.470894,0.000614
TTGCGTCGGCCAACCG-1,0.016243,0.150646,0.833111
TTGCGTGAACGCTTAG-1,0.64116,0.357822,0.001019
TTGCGTGTGTAGGCAT-1,0.000039,0.380929,0.619032
TTGCTAGCTACCAATC-1,0.062439,0.920263,0.017298
TTGCTCCCATACCGGA-1,0.129686,0.000017,0.870297
TTGCTGAAGGAACCAC-1,0.021321,0.26457,0.714108
TTGCTGATCATGTTCG-1,0.064001,0.731512,0.204488
TTGCTGCACCTATCCA-1,0.268035,0.731569,0.000396
TTGCTGGCCGGGCTTC-1,0.175858,0.215597,0.608545
TTGGAAGAATACAGTC-1,0.020056,0.511461,0.468483
TTGGACATGTGGCTTA-1,0.00232,0.434765,0.562915
TTGGACCTATAACAGT-1,0.098682,0.218761,0.682557
TTGGAGTCTCCCTTCT-1,0.028585,0.197492,0.773923
TTGGATATCGTCTACG-1,0.015969,0.613255,0.370775
TTGGATCGACTTCTGG-1,0.002552,0.498932,0.498516
TTGGATTGGGTACCAC-1,0.053219,0.133108,0.813673
TTGGCCAAATTGTATC-1,0.001017,0.562083,0.4369
TTGGCCATCTTGCGCT-1,0.341453,0.501507,0.157041
TTGGCCTAGAATTTCG-1,0.94681,0.052647,0.000543
TTGGCTCGCATGAGAC-1,0.093149,0.100713,0.806138
TTGGGAAGACGAGCCG-1,0.052694,0.506274,0.441032
TTGGGACACTGCCCGC-1,0.658872,0.164901,0.176228
TTGGGCGGCGGTTGCC-1,0.474319,0.244628,0.281054
TTGGTCACACTCGTAA-1,0.047926,0.606534,0.34554
TTGGTTGCGGTGCGCG-1,0.070541,0.78486,0.144599
TTGTAAGGACCTAAGT-1,0.024377,0.330172,0.645451
TTGTAAGGCCAGTTGG-1,0.866156,0.133416,0.000427
TTGTAATCCGTACTCG-1,0.121091,0.69915,0.179759
TTGTATCACACAGAAT-1,0.078678,0.009778,0.911544
TTGTCGTTCAGTTACC-1,0.002291,0.417426,0.580284
TTGTCTCGGCAAGATG-1,0.047455,0.731406,0.221139
TTGTGAACCTAATCCG-1,0.000234,0.01436,0.985406
TTGTGAGGCATGACGC-1,0.237997,0.695378,0.066625
TTGTGCAGCCACGTCA-1,0.079343,0.257001,0.663655
TTGTGGAGACAGCCGG-1,0.598585,0.163662,0.237753
TTGTGGCCCTGACAGT-1,0.003558,0.351695,0.644748
TTGTGGTAGGAGGGAT-1,0.0216,0.405862,0.572538
TTGTGGTGGTACTAAG-1,0.007946,0.067024,0.92503
TTGTGTATGCCACCAA-1,0.030661,0.527369,0.44197
TTGTGTTTCCCGAAAG-1,0.044111,0.281078,0.674811
TTGTTAGCAAATTCGA-1,0.022121,0.455935,0.521945
TTGTTCAGTGTGCTAC-1,0.018126,0.215364,0.76651
TTGTTGGCAATGACTG-1,0.005537,0.884724,0.109739
TTGTTGTGTGTCAAGA-1,0.657396,0.34195,0.000654
TTGTTTCACATCCAGG-1,0.013297,0.402666,0.584036
TTGTTTCATTAGTCTA-1,0.015701,0.123676,0.860622
TTGTTTCCATACAACT-1,0.101395,0.301629,0.596976
TTGTTTGTATTACACG-1,0.051615,0.421923,0.526462
TTGTTTGTGTAAATTC-1,0.001846,0.122567,0.875587
