cluster_sn,cluster_xenium,n_genes,cor,p_value,n_genes_p01,cor_p01,p_value_p01,cluster_match,FDR,FDR_p01
Astro.1,Astro.1,279,0.3466747339455624,3.413529027817559e-9,78,0.22717788540573344,0.045678505552412416,TRUE,7.358487853885113e-7,0.15749251916439796
Astro.1,Astro.2,279,0.23447656621246782,8.030994874076331e-5,78,0.11918461285549892,0.2979836607371601,FALSE,0.0010693444261677724,0.5229452410135063
Astro.1,Astro.3,222,0.3555159363653165,6.372544738753106e-8,59,0.23027469316189367,0.0794327726672848,FALSE,4.591980767630915e-6,0.22241176346839742
Astro.1,Astro.4,268,0.11146182125586093,0.0684985918888307,72,0.11685638947842307,0.32752205981286997,FALSE,0.1866458133013594,0.5544114525993105
Astro.1,Astro.5,280,0.3455833073672587,3.604157316188627e-9,78,0.25595923064277487,0.023959176354357653,FALSE,7.358487853885113e-7,0.10039232345663947
Astro.1,Macro,243,0.17769933144995237,0.005526490537435868,63,0.38604070660522277,0.0019108455595771246,FALSE,0.02956310440331414,0.016126994438984243
Astro.1,Micro.2,277,0.2513570371139911,2.453561607104087e-5,78,0.19558922090567654,0.0861686252774931,FALSE,4.174462456531259e-4,0.2351850093582954
Astro.1,Micro.3,243,0.1689824223356265,0.008365140185929995,66,0.167644296002505,0.17807143411602638,FALSE,0.03957637759747273,0.37668141965690694
Astro.1,Micro.4,192,0.22050565607791014,0.0021614787026193578,54,0.5020392605298265,1.3520066446453342e-4,FALSE,0.014159419308602745,0.0023423480761728
Astro.1,Micro.5,280,0.11828558308870557,0.04804350168310157,78,-0.03175305706951276,0.7821574568120183,FALSE,0.14676630813416314,0.8915396298910937
Astro.1,OPC.2,278,0.21546791913156324,3.049397325117712e-4,78,0.14204782559212936,0.21429055109153233,FALSE,0.0030220933143754705,0.42549283817196737
Astro.1,OPC.4,263,0.11393255106429576,0.06508159483637804,76,-0.040874914559125085,0.7253741208407413,FALSE,0.17998820823189182,0.860613363709354
Astro.1,OPC.5,277,0.16187558507581,0.006991604839543404,78,0.11308944220336622,0.32351020271276804,FALSE,0.03467496327303915,0.549182797757766
Astro.1,Oligo.1,279,0.25128192376973996,2.305379952564172e-5,78,0.30143274447071905,0.007525153110976765,FALSE,4.034414916987301e-4,0.04455190150279777
Astro.1,Oligo.2,269,0.24897569155461846,3.8417501725746054e-5,76,0.3346001367053999,0.003279190086281274,FALSE,5.957144254941635e-4,0.023794123187040953
Astro.1,Oligo.3,281,0.2587702408895715,1.1960615659375272e-5,78,0.21175027504141422,0.0628638203076095,FALSE,2.6278141761744466e-4,0.19333203665247958
Astro.1,Oligo.4,281,0.06780603359690207,0.2570944966897717,78,0.0043880170462448935,0.9696005734284555,FALSE,0.4512045249927941,0.978646889211079
Astro.1,Oligo.5,265,0.24630637485652385,5.3237041916240124e-5,73,0.3543132173269159,0.002225236411755684,FALSE,7.672397217340489e-4,0.018013818571355537
Astro.1,Vasc.Endo,280,0.268197298434929,5.7810701192168575e-6,78,0.27232261409476594,0.016114183443855828,FALSE,1.5067682757533297e-4,0.07701155943047563
Astro.1,Vasc.PC,279,0.16411221253412017,0.006054189896741611,78,0.2871432365103251,0.011035650917800715,FALSE,0.03142535009961218,0.05915506573055338
Astro.1,Vasc.VLMC,258,0.12278313708048573,0.04887900257816855,69,0.17409572524662043,0.1522427212709254,FALSE,0.14857761329592178,0.34118425294237514
Astro.1,Excit.L2,281,0.03743415288429296,0.5317879590321688,78,-0.008839262003818965,0.9387188419682526,FALSE,0.7135161553279372,0.9680029652878861
Astro.1,Excit.L2_5.1,277,0.09246992611529987,0.12465078203419844,78,0.0978388699907687,0.3933284189082037,FALSE,0.28116493877111703,0.6282695550345804
Astro.1,Excit.L2_5.2,279,0.04456453270563273,0.45821476071049994,77,-0.03625322046374678,0.7537959170440259,FALSE,0.6504207205913817,0.8779115347037858
Astro.1,Excit.L5.1,275,0.009225931161824531,0.8788744563846639,78,-0.21668205212509006,0.056874947912420384,FALSE,0.9427705190598398,0.18120287772678217
Astro.1,Excit.L5.2,267,0.1341675923836087,0.02844943421446817,77,0.21328671328671328,0.06267453819124227,FALSE,0.09600704383670387,0.19333203665247958
Astro.1,Excit.L5_6_NP,249,0.02286358336572095,0.7194023996564504,69,0.051918158567774944,0.6711291635966533,FALSE,0.8424200947338253,0.830909137369656
Astro.1,Excit.L6_CT,271,0.06814147553240238,0.2634414712271071,77,-0.07232241442767759,0.5311453159395088,FALSE,0.45915171117223935,0.7349568906604831
Astro.1,Excit.L6b,271,0.10832670091406796,0.07504340123108738,75,0.11186344238975816,0.338568342866249,FALSE,0.19684832228711358,0.5658656292287026
Astro.1,Inhib.Pax6,255,0.20827640111162576,8.382780861800968e-4,73,0.25706528446254473,0.02839799973378111,FALSE,0.006582632407503965,0.11416763406486324
Astro.1,Inhib.Lamp5_Lhx6,273,0.07529937859478435,0.21475515730135078,78,0.12570973330466997,0.2721664275046258,FALSE,0.4004186722894288,0.4916372301970328
Astro.1,Inhib.Pvalb,276,0.03731796064553873,0.5367576955301991,78,-0.08706483390027692,0.44767302477006676,FALSE,0.717503269867245,0.6659136243454743
Astro.1,Inhib.Vip,276,0.14280446911431058,0.01766980356552502,78,0.08322057689146295,0.46803532822815413,FALSE,0.06871590275481952,0.6833890068607404
Astro.1,Inhib.Chandelier,253,0.1008631332150675,0.10946147119337417,74,0.047286190299888925,0.6884961902427912,FALSE,0.2571306103550232,0.8403879141456224
Astro.1,Inhib.Sst,272,0.12152314800458927,0.045291169358340835,77,-0.02090015247909985,0.8565748777955242,FALSE,0.1397689611875174,0.9297387597389716
Astro.2,Astro.1,188,0.324252718495522,6.351722395587547e-6,75,0.4574395448079658,4.496913372808896e-5,FALSE,1.6210124863739051e-4,0.0010492797869887424
Astro.2,Astro.2,188,0.35988708829760147,4.737297372121873e-7,75,0.5101564722617353,4.082141148184366e-6,TRUE,2.1493293632775168e-5,1.7349099879783556e-4
Astro.2,Astro.3,169,0.21675451245586988,0.004721117430772777,64,0.25398351648351647,0.04312032712834467,FALSE,0.02616908983120657,0.15092114494920633
Astro.2,Astro.4,185,0.14639134225389488,0.04684460769364437,74,0.14896704924102183,0.2047910882579422,FALSE,0.14346161106178587,0.4144581548077402
Astro.2,Astro.5,188,0.3920755923259052,3.4527162007136174e-8,75,0.5329729729729729,1.2870882058310721e-6,FALSE,3.2535210352878316e-6,9.476163075133121e-5
Astro.2,Macro,172,0.22493355313273097,0.0030718487851282513,67,0.4136403543778434,5.599332388431632e-4,FALSE,0.019005125059505596,0.006350060046305013
Astro.2,Micro.2,186,0.40973196760673036,8.75435709023558e-9,74,0.6040577563865234,2.4502676818640145e-8,FALSE,1.1915652706153984e-6,7.289546353545443e-6
Astro.2,Micro.3,173,0.3694091252532089,6.893468794991179e-7,67,0.5095777795514407,1.4160264950238158e-5,FALSE,2.814833091288065e-5,4.10993055872766e-4
Astro.2,Micro.4,138,0.29025614798545163,5.820974487931658e-4,51,0.47927601809954745,4.364183629922849e-4,FALSE,0.005021615315293155,0.005466714231166517
Astro.2,Micro.5,188,0.28505870433279695,7.849039952397529e-5,75,0.2859743954480796,0.01312736718482474,FALSE,0.0010683415490763304,0.06704535171648686
Astro.2,OPC.2,187,0.35672156177626724,6.476037200965801e-7,75,0.5325462304409672,1.3160734917091077e-6,FALSE,2.7355674383390018e-5,9.476163075133121e-5
Astro.2,OPC.4,184,0.27216004315077724,1.9609908009402894e-4,72,0.38787060261110046,8.305308874661615e-4,FALSE,0.0021792544374755305,0.008520101345558037
Astro.2,OPC.5,187,0.3122433100026059,1.5015574941453005e-5,75,0.44725462304409663,6.867124996348622e-5,FALSE,3.065679883879989e-4,0.0014537573483455535
Astro.2,Oligo.1,188,0.3620777775971768,3.997809896386832e-7,75,0.5473968705547652,5.967107914308499e-7,FALSE,1.883583508874565e-5,5.917382015022595e-5
Astro.2,Oligo.2,183,0.2515547531584595,6.146648484591983e-4,71,0.4071428571428571,4.7372679452772773e-4,FALSE,0.005228919717795264,0.005811699850391712
Astro.2,Oligo.3,188,0.2961367654734363,3.992992764039732e-5,75,0.3819345661450924,7.854444483097079e-4,FALSE,5.965141629205698e-4,0.008198937662180284
Astro.2,Oligo.4,188,0.20340902318374157,0.005184902860676777,75,0.22899004267425319,0.04834038738959159,FALSE,0.028354937519326124,0.16342346873185792
Astro.2,Oligo.5,181,0.33934794487280673,3.408854808531408e-6,70,0.44519289650949173,1.3220441635791301e-4,FALSE,9.279660312113277e-5,0.0023423480761728
Astro.2,Vasc.Endo,188,0.41138544392611975,6.250980582619509e-9,75,0.5010526315789473,6.340636103594154e-6,FALSE,1.093921601958414e-6,2.2864718070536496e-4
Astro.2,Vasc.PC,187,0.2578002561853343,3.8378985376631746e-4,75,0.30512091038406824,0.007989294036128313,FALSE,0.0037125641133509656,0.04683379262557977
Astro.2,Vasc.VLMC,181,0.14516625179608603,0.05126501840187168,72,0.21679850794263297,0.0674939188612169,FALSE,0.15429888831030172,0.20385219148438607
Astro.2,Excit.L2,188,0.0438336520939775,0.5499780933716053,75,0.06785206258890468,0.5622095619273773,FALSE,0.7236553860152702,0.7551121655683735
Astro.2,Excit.L2_5.1,187,0.13674167489420427,0.06206632729369266,75,0.13857752489331435,0.23519633449502877,FALSE,0.17462456423006562,0.4492514254399426
Astro.2,Excit.L2_5.2,188,0.08719954777526742,0.23384870619064377,75,-0.008506401137980084,0.9422120246653696,FALSE,0.4237642974608559,0.9687917002104841
Astro.2,Excit.L5.1,187,-0.04382127219141228,0.5511659328194972,74,-0.06111810440577563,0.6042156499689211,FALSE,0.7239889026846931,0.7836453234128955
Astro.2,Excit.L5.2,182,0.19567326976076183,0.008202048891011155,71,0.2395036887994634,0.04448824840345735,FALSE,0.039307741135730025,0.15479829122840422
Astro.2,Excit.L5_6_NP,178,0.0951401648422381,0.20628944817065245,70,0.17501530924678504,0.14704804545135697,FALSE,0.3893753066395212,0.3339449887158679
Astro.2,Excit.L6_CT,186,0.07776902312006675,0.2911010922651405,74,-0.02563495001851166,0.8280418951878478,FALSE,0.48782330783145983,0.9123794956236471
Astro.2,Excit.L6b,183,0.040879825804986177,0.5823664559106111,72,0.03495401633545566,0.770216169160455,FALSE,0.7498131683821632,0.8855966330735539
Astro.2,Inhib.Pax6,180,0.2021235223309361,0.0065890945623047785,71,0.38340040241448686,0.0010467814119189582,FALSE,0.03335388776373287,0.010045724840190003
Astro.2,Inhib.Lamp5_Lhx6,186,0.20123269724787748,0.005959344091136509,74,0.1403184005923732,0.23254761662761975,FALSE,0.031064666006988182,0.4473101862419648
Astro.2,Inhib.Pvalb,186,0.08146338506869814,0.26873332934252936,74,0.03683080340614586,0.7549070554302949,FALSE,0.4644384406236352,0.8779115347037858
Astro.2,Inhib.Vip,187,0.24544426867895722,7.339999770699257e-4,75,0.3304978662873399,0.003941260775344392,FALSE,0.005954635575567278,0.027588825427410747
Astro.2,Inhib.Chandelier,177,0.2144353456484479,0.004224343922219804,69,0.26843259042747536,0.026030150823678832,FALSE,0.023957506040366946,0.10644632123772442
Astro.2,Inhib.Sst,185,0.19421363860354043,0.008159059392173734,73,0.20912007898309265,0.07588869238600754,FALSE,0.039307741135730025,0.2160467558357631
Astro.3,Astro.1,223,0.34813420884048685,1.1468560301904754e-7,63,0.59375,5.261843013617312e-7,FALSE,7.804992427685179e-6,5.692357442004183e-5
Astro.3,Astro.2,223,0.2748400626763855,3.388846497004172e-5,63,0.3827764976958526,0.0020993298807330347,FALSE,5.391346699779364e-4,0.017110976425152816
Astro.3,Astro.3,191,0.15008438963901902,0.03831671097821812,51,0.055113122171945694,0.7001201911595422,TRUE,0.12223429934457604,0.8475514013019889
Astro.3,Astro.4,217,0.2281505282393119,7.295282333352951e-4,60,0.2923034176160045,0.02377921516812304,FALSE,0.005954635575567278,0.10034491507115752
Astro.3,Astro.5,223,0.35943911560503483,4.169808991746888e-8,63,0.5144969278033794,2.1254464098327927e-5,FALSE,3.4053440099266254e-6,5.748366426593236e-4
Astro.3,Macro,193,0.3147334544094867,9.220813176551748e-6,51,0.48850678733031666,3.2736429590965693e-4,FALSE,2.214803164956057e-4,0.004280917715741668
Astro.3,Micro.2,221,0.3790320966791555,7.697911130532717e-9,63,0.5612999231950845,2.6299926911882074e-6,FALSE,1.1787426418628223e-6,1.360735348919116e-4
Astro.3,Micro.3,198,0.3880477607233213,2.1275903955283867e-8,55,0.6588023088023087,1.2269641830419943e-7,FALSE,2.3693620313838852e-6,2.0858391111713904e-5
Astro.3,Micro.4,158,0.3794349814941303,1.0713896180689303e-6,44,0.7224806201550388,1.6932810914275217e-7,FALSE,3.549769153177967e-5,2.2388938875541676e-5
Astro.3,Micro.5,223,0.2928281420433887,9.588888538439915e-6,63,0.2889784946236559,0.021944835336596503,FALSE,2.2162997093563952e-4,0.0956569745441386
Astro.3,OPC.2,222,0.36048777304382684,4.066444030352335e-8,63,0.7211981566820276,0,FALSE,3.4053440099266254e-6,0
Astro.3,OPC.4,215,0.29235552657634817,1.4374205696855346e-5,60,0.5874965268130037,1.3537375821618744e-6,FALSE,3.035931375628931e-4,9.476163075133121e-5
Astro.3,OPC.5,222,0.2862447497108536,1.6066977814496556e-5,63,0.5863095238095238,7.700966882396306e-7,FALSE,3.0753199723059817e-4,7.049346607732003e-5
Astro.3,Oligo.1,224,0.25007794149049756,1.6280222773870997e-4,64,0.39235347985347985,0.0014535319852497762,FALSE,0.0018814408394332049,0.013305408172671028
Astro.3,Oligo.2,218,0.20921033504394876,0.0019359770325409744,63,0.21351766513056833,0.09292573371095153,FALSE,0.012946874405260902,0.246833980169715
Astro.3,Oligo.3,224,0.3068001281229982,3.2237860826107388e-6,64,0.3626373626373626,0.003408559530022525,FALSE,8.975313525450353e-5,0.024434854462209665
Astro.3,Oligo.4,224,-0.015919282511210768,0.8125628811500253,64,-0.1293040293040293,0.3077053869465145,FALSE,0.905722956695888,0.5314505231732254
Astro.3,Oligo.5,216,0.2904749997023065,1.565263667203816e-5,63,0.4707661290322581,1.1868937532984446e-4,FALSE,3.0753199723059817e-4,0.00227807026842766
Astro.3,Vasc.Endo,223,0.4102965874266322,2.6124021278820263e-10,63,0.6126152073732719,1.9342653337549513e-7,FALSE,1.6000963033277412e-7,2.301775747168392e-5
Astro.3,Vasc.PC,222,0.2950927105503734,8.523768976826366e-6,63,0.47979070660522277,8.467823549509875e-5,FALSE,2.0883233993224598e-4,0.0017079169532062293
Astro.3,Vasc.VLMC,209,0.19751169882748829,0.004207235423133841,58,0.4750376818727122,1.959701395818916e-4,FALSE,0.023957506040366946,0.0029150558262806374
Astro.3,Excit.L2,224,2.4556907964979724e-4,0.9970878884892541,64,-0.04221611721611721,0.7399090270846939,FALSE,0.9979025027772356,0.8726380002287272
Astro.3,Excit.L2_5.1,222,0.0545371985625217,0.4184522938319449,63,-0.06797235023041474,0.5957253658478837,FALSE,0.6116993555419242,0.7764657013789503
Astro.3,Excit.L2_5.2,223,0.031213748982807273,0.6426784287885423,63,0.006000384024577573,0.9628120899412441,FALSE,0.7922947959335505,0.977469249619865
Astro.3,Excit.L5.1,221,-0.138289214759803,0.040041408671735425,63,-0.38431259600614437,0.0020086448927814204,FALSE,0.1257710913407074,0.016637008591161608
Astro.3,Excit.L5.2,213,0.2494579538596417,2.45735778837497e-4,62,0.4435295006421394,3.502571448197899e-4,FALSE,0.0025950545609994295,0.0044817849713499995
Astro.3,Excit.L5_6_NP,205,0.12772631666922038,0.06802307138470859,58,0.3433818327232459,0.008612365511530726,FALSE,0.18600058581756254,0.04951070028367905
Astro.3,Excit.L6_CT,218,0.0699306004798835,0.3037713656969393,62,0.05184961345722848,0.6882915410152908,FALSE,0.5021458145171311,0.8403879141456224
Astro.3,Excit.L6b,218,0.16450344565171435,0.015120328876871779,62,0.1564050263151268,0.22415760269478283,FALSE,0.060821843518642886,0.43800910871394344
Astro.3,Inhib.Pax6,206,0.24477756385837393,4.0624990720984936e-4,58,0.39401396536343786,0.002374239063942271,FALSE,0.0038879385650942614,0.01883562990727535
Astro.3,Inhib.Lamp5_Lhx6,218,0.1846844994611011,0.006308823475003987,61,0.2327868852459016,0.07115576266700582,FALSE,0.03234397523300046,0.2076377088102073
Astro.3,Inhib.Pvalb,220,0.003846435595025442,0.9547318691395057,63,-0.12936827956989247,0.31141011206145347,FALSE,0.9739757307189084,0.5340877705973234
Astro.3,Inhib.Vip,221,0.20760225466107818,0.001955242257121034,63,0.3857046850998464,0.0019295197219100797,FALSE,0.012946874405260902,0.016169918796288697
Astro.3,Inhib.Chandelier,205,0.1612736972601022,0.020972751683041774,57,0.25706507648431426,0.05381988864072407,FALSE,0.07715201444962815,0.17546758214373054
Astro.3,Inhib.Sst,218,0.19897559983992297,0.003221170658309345,63,0.34859831029185867,0.005335282961999076,FALSE,0.0194380988001426,0.0354691995797704
Astro.4,Astro.1,170,0.14244783556524448,0.0639228941975977,26,0.3449572649572649,0.08491206793894537,FALSE,0.17796714861831178,0.23298163748648687
Astro.4,Astro.2,170,0.0408168000928182,0.5968204793419286,26,0.08581196581196579,0.6758531374511181,FALSE,0.7591953138046341,0.833435475198788
Astro.4,Astro.3,145,0.11154936230514878,0.18141185795213907,21,0.18051948051948052,0.43185379961235226,FALSE,0.3555672415861926,0.6530744914596911
Astro.4,Astro.4,169,0.20269007011088455,0.008313689920887546,26,0.2321367521367521,0.252660387690155,TRUE,0.03957637759747273,0.4675985402041748
Astro.4,Astro.5,171,0.07059063527491782,0.35853941111894416,26,0.18427350427350425,0.3658531717627138,FALSE,0.554392431436712,0.5996766864981122
Astro.4,Macro,153,-0.009827375926447135,0.9039389833011798,25,0.08615384615384616,0.681281620543494,FALSE,0.947452287983719,0.8375259591392126
Astro.4,Micro.2,168,-0.047635920044948155,0.5393896269206715,26,0.052307692307692305,0.7994896377636771,FALSE,0.718270235955125,0.9000016380688661
Astro.4,Micro.3,154,-0.10317159121713201,0.20267919679886387,25,-0.18769230769230769,0.36727991129502435,FALSE,0.38365300898242105,0.6009639370513179
Astro.4,Micro.4,120,0.1557816515035766,0.08931168530710146,19,0.1368421052631579,0.5752304858625195,FALSE,0.2210238676791905,0.761940904482611
Astro.4,Micro.5,171,8.783929728562173e-4,0.9909052502860672,26,0.11179487179487178,0.5852352151868502,FALSE,0.995325417358797,0.7678389262098696
Astro.4,OPC.2,169,0.018211426582467303,0.8140190935492757,26,0.16239316239316237,0.42628537918672355,FALSE,0.9065212632707842,0.6495257378133176
Astro.4,OPC.4,163,-0.08785420165040096,0.2644741144662815,26,0.06735042735042734,0.7431812156585249,FALSE,0.46019998610965174,0.8749856049389773
Astro.4,OPC.5,169,-0.042775098204962454,0.5804541817413991,26,0.02427350427350427,0.90691413623961,FALSE,0.7492690965576542,0.9528388595651737
Astro.4,Oligo.1,170,-0.05110740652536319,0.5076730300286421,26,0.04957264957264956,0.8098444852659797,FALSE,0.6975469375799858,0.905424832869653
Astro.4,Oligo.2,166,-0.002178774980160162,0.9777631578909416,26,0.07829059829059828,0.7030198453349039,FALSE,0.9882507165151843,0.8493336202523205
Astro.4,Oligo.3,171,-0.03611731106151152,0.6387606682078135,26,-0.1268376068376068,0.535373594126568,FALSE,0.790101817836565,0.7382324183205283
Astro.4,Oligo.4,171,-0.13316293469652246,0.08251962899444201,26,-0.17948717948717946,0.37861636417104666,FALSE,0.21103662947430368,0.6121650453309042
Astro.4,Oligo.5,162,0.011512064592886145,0.8842845256056948,25,0.057692307692307696,0.7839160371890761,FALSE,0.9427750599364457,0.891835644603251
Astro.4,Vasc.Endo,171,0.07694098447212425,0.3168614057223678,26,0.14051282051282052,0.49189535071320073,FALSE,0.5147947241510618,0.7025817527005864
Astro.4,Vasc.PC,170,0.019241455535811337,0.803131583686727,26,0.16649572649572647,0.4145510745790414,FALSE,0.9001246020276674,0.6390100760998176
Astro.4,Vasc.VLMC,164,-0.005441214479071728,0.9448234491359689,26,0.0646153846153846,0.7533314425323339,FALSE,0.9683119797875016,0.8779115347037858
Astro.4,Excit.L2,171,0.016991864065087483,0.8252482192253795,26,-0.015384615384615384,0.941411974055408,FALSE,0.9148679353403529,0.9687917002104841
Astro.4,Excit.L2_5.1,169,-0.01037491919844861,0.8933990701711055,26,-0.031794871794871796,0.87785147544401,FALSE,0.9447721081032342,0.9414558120062364
Astro.4,Excit.L2_5.2,171,-0.16021791825665396,0.036419303163819555,26,-0.1972649572649572,0.33252258733609186,FALSE,0.11833858455087255,0.5600271812020443
Astro.4,Excit.L5.1,169,-0.10543483665655609,0.1723111825396875,26,-0.22598290598290596,0.26573449756361667,FALSE,0.34660295338442887,0.4850062148783801
Astro.4,Excit.L5.2,164,-0.031033966781385598,0.6929290690647699,25,0.14153846153846156,0.498088994928483,FALSE,0.8249155584104404,0.7073101479294688
Astro.4,Excit.L5_6_NP,158,-0.10258169432532299,0.19941607621194143,24,-0.33739130434782605,0.10726146373249439,FALSE,0.3799139865624079,0.27150490276178474
Astro.4,Excit.L6_CT,167,-0.12988652643078732,0.094312987873133,25,-0.17692307692307693,0.39581598129406964,FALSE,0.2287139151854662,0.630550224551463
Astro.4,Excit.L6b,166,-0.18046841694486168,0.020092244839660045,25,-0.2761538461538462,0.18093061825202902,FALSE,0.07435951640055455,0.37948112224022035
Astro.4,Inhib.Pax6,158,-0.009670514893688227,0.9039174834867676,24,-0.28782608695652173,0.17219345615097892,FALSE,0.947452287983719,0.3685435482368074
Astro.4,Inhib.Lamp5_Lhx6,167,-0.06417543570346398,0.4095830114195627,26,-0.12410256410256408,0.5442852810787558,FALSE,0.6029620232718629,0.7410749250385806
Astro.4,Inhib.Pvalb,169,-0.18300681219233253,0.017348824766360054,26,-0.32307692307692304,0.10768933958282555,FALSE,0.06811637929099701,0.27150490276178474
Astro.4,Inhib.Vip,169,-0.045957436228929435,0.5525956114368882,26,-0.037264957264957266,0.8568110556053897,FALSE,0.7239889026846931,0.9297387597389716
Astro.4,Inhib.Chandelier,153,-0.02682173347808023,0.741805184381793,24,-0.15999999999999998,0.45342890240078937,FALSE,0.8575839128512209,0.6689288853902629
Astro.4,Inhib.Sst,166,-0.04258252388978888,0.5855735620270442,24,0.026086956521739126,0.9045016753708361,FALSE,0.7501237215142704,0.9527829888730828
Astro.5,Astro.1,83,0.2613450316947231,0.017245756760780107,19,0.617543859649123,0.005802342125450169,FALSE,0.06792942775548434,0.03697428491949619
Astro.5,Astro.2,83,0.2448679736367071,0.025910591667817014,19,0.5649122807017545,0.01312427540549444,FALSE,0.08991635918718369,0.06704535171648686
Astro.5,Astro.3,75,0.1982645803698435,0.08818911233385913,15,0.5678571428571427,0.029804473389253135,FALSE,0.21943659574435817,0.11760196695093383
Astro.5,Astro.4,83,0.025922505352420126,0.8157308039064212,19,0.28596491228070176,0.23445599516690988,FALSE,0.9076023930838929,0.44855728978878256
Astro.5,Astro.5,83,0.2214432643465849,0.044422272072358715,19,0.6140350877192983,0.006151336660726935,TRUE,0.13787115465717975,0.03815642252192487
Astro.5,Macro,77,0.21565276828434723,0.059765422348264485,15,0.4749999999999999,0.07587008142786747,FALSE,0.17095159764238813,0.2160467558357631
Astro.5,Micro.2,82,0.2805476649144002,0.01089945466150343,18,0.5087719298245614,0.03293506039584812,FALSE,0.0475203113028287,0.12649800748960421
Astro.5,Micro.3,77,0.36736947263263053,0.0010904297074301652,15,0.7857142857142856,8.206742248417624e-4,FALSE,0.008046845732541882,0.00849219415271041
Astro.5,Micro.4,66,0.36023379605469164,0.003132216416568326,12,0.8181818181818183,0.002027198525813809,FALSE,0.01919374722817737,0.016637008591161608
Astro.5,Micro.5,83,0.1288568909785483,0.2451216312681549,19,0.12982456140350876,0.5952367309845076,FALSE,0.4383562019029047,0.7764657013789503
Astro.5,OPC.2,83,0.2796482095629906,0.010669858833765413,19,0.4631578947368421,0.04746181504323495,FALSE,0.04701646428547709,0.16183254986088708
Astro.5,OPC.4,81,0.18245257452574526,0.10299828979007083,18,0.40350877192982454,0.09796050097791292,FALSE,0.24499593202492576,0.25508314259018905
Astro.5,OPC.5,83,0.28812812224507783,0.008454846585458916,19,0.4947368421052632,0.03298141456355,FALSE,0.03983533487379682,0.12649800748960421
Astro.5,Oligo.1,83,0.2841400444985517,0.009440304510188213,19,0.44912280701754387,0.055303231352308795,FALSE,0.04331225852052645,0.17932110438487048
Astro.5,Oligo.2,81,0.1565040650406504,0.1626512024314204,17,0.014705882352941178,0.958534992249883,FALSE,0.33359050010786045,0.9756458955751403
Astro.5,Oligo.3,83,0.2666764619453423,0.015041047008754721,19,0.5035087719298246,0.029655607536784926,FALSE,0.06080951348423938,0.11760196695093383
Astro.5,Oligo.4,83,0.04985097183157717,0.6538698307276303,19,-0.015789473684210527,0.9511548374300294,FALSE,0.7972758520971132,0.9707326385435119
Astro.5,Oligo.5,79,0.3164070107108082,0.004664918293475771,17,0.5098039215686275,0.038641562578759135,FALSE,0.025975113225035543,0.139343816571889
Astro.5,Vasc.Endo,83,0.33902858822047766,0.0018131390144102695,19,0.31754385964912285,0.18497029419941452,FALSE,0.01221867230133648,0.3848158218484323
Astro.5,Vasc.PC,83,0.30905503547290203,0.004627265773254415,19,0.2578947368421053,0.28518519175507717,FALSE,0.025883107635783827,0.5079703653551377
Astro.5,Vasc.VLMC,80,0.19812470698546647,0.0781828194544002,17,0.24019607843137258,0.3516800201933825,FALSE,0.20248193199078274,0.5821451468928146
Astro.5,Excit.L2,83,-0.10173796230217033,0.35937424626973236,19,-0.1385964912280702,0.5702758257178757,FALSE,0.554392431436712,0.761940904482611
Astro.5,Excit.L2_5.1,83,0.04472944040972251,0.687478077121319,19,0.021052631578947368,0.933947474929581,FALSE,0.8230578881666161,0.9672737120680603
Astro.5,Excit.L2_5.2,83,-0.03629150749338818,0.7441728158047737,19,-0.4,0.09081258641701762,FALSE,0.8575839128512209,0.24176057681487909
Astro.5,Excit.L5.1,83,-0.16642878132740016,0.13247725072325517,19,-0.4421052631578948,0.05958143264981277,FALSE,0.29293254898192705,0.1875711768605217
Astro.5,Excit.L5.2,82,0.2789151184684538,0.011386117848061459,18,0.3353973168214654,0.17362623742345068,FALSE,0.049286199165637055,0.37069391503442534
Astro.5,Excit.L5_6_NP,80,0.15532114392873886,0.1685923912326102,18,0.45923632610939114,0.05694947585698869,FALSE,0.3402399987808031,0.18120287772678217
Astro.5,Excit.L6_CT,83,0.009151588934133746,0.9344866712581534,19,0.13508771929824562,0.5802040871202142,FALSE,0.963594632433912,0.7646100372902047
Astro.5,Excit.L6b,82,0.1253033815478717,0.26143000800581895,18,0.17440660474716202,0.48735209558571013,FALSE,0.45801688334231805,0.7004214900326027
Astro.5,Inhib.Pax6,81,0.2651761517615176,0.016976217619857122,18,0.5913312693498451,0.01116800708533609,FALSE,0.0673005391078478,0.059330037640847974
Astro.5,Inhib.Lamp5_Lhx6,83,0.18492086814155573,0.09419428576969334,19,0.32105263157894737,0.17995617283523271,FALSE,0.2287139151854662,0.378971621858564
Astro.5,Inhib.Pvalb,82,0.0023399832391898215,0.983393861837294,18,-0.23219814241486067,0.352330434879144,FALSE,0.9898582421944825,0.5821451468928146
Astro.5,Inhib.Vip,83,0.20076822971327815,0.06886849600997098,19,0.4754385964912281,0.04133655251507937,FALSE,0.1866458133013594,0.14640029015757275
Astro.5,Inhib.Chandelier,78,0.2161003553408616,0.05755604400251058,18,0.4406604747162023,0.06879070351458214,FALSE,0.16628809882800816,0.2044866649558895
Astro.5,Inhib.Sst,83,0.04422568322068762,0.6908182829021451,19,-0.12631578947368421,0.6053498466108097,FALSE,0.8240042809689657,0.7836453234128955
Macro,Astro.1,80,0.08349742147210502,0.460731081607529,28,0.0722495894909688,0.7140500614955922,FALSE,0.6532356191773415,0.8547158060860858
Macro,Astro.2,80,0.0996952648851383,0.378179576265033,28,0.008210180623973728,0.9678012949768721,FALSE,0.5691277406936922,0.9782945806318656
Macro,Astro.3,49,0.086734693877551,0.5523457981279596,14,0.002197802197802198,1,FALSE,0.7239889026846931,1
Macro,Astro.4,78,0.16086445200369248,0.15915695502315105,27,-0.06105006105006104,0.7617921816765715,FALSE,0.3315097593398298,0.8818411441586772
Macro,Astro.5,80,0.256516643225504,0.021877893086581723,28,0.16420361247947454,0.40207327764834566,FALSE,0.07952646596754484,0.6334627179684654
Macro,Macro,79,0.38303310613437197,5.412546867346916e-4,27,0.4041514041514041,0.03749217328262674,TRUE,0.004804615878623168,0.1360234335558714
Macro,Micro.2,80,0.3277543366150961,0.0031336730168452847,28,0.4050355774493705,0.03341748948726476,FALSE,0.01919374722817737,0.12649800748960421
Macro,Micro.3,75,0.12645803698435276,0.27899169068267077,25,0.2230769230769231,0.28243803306977183,FALSE,0.4766594436349675,0.5038999390600127
Macro,Micro.4,66,0.11094875273979754,0.3742555175022758,21,0.1285714285714286,0.5772794688685923,FALSE,0.5653058063382095,0.7624445815245557
Macro,Micro.5,80,0.17358180965775902,0.12346392474784712,28,0.19704433497536944,0.3134329463878641,FALSE,0.28059982897237984,0.5348144898450673
Macro,OPC.2,80,0.14563994374120956,0.1969812616561049,28,0.1718664477285167,0.38020576728123046,FALSE,0.3770344461386383,0.6130689201418215
Macro,OPC.4,72,0.009068107273779666,0.9396882879885656,23,0.06324110671936758,0.7742215346976516,FALSE,0.9657031483103968,0.8865099305452816
Macro,OPC.5,79,0.16711295034079846,0.1408050042740463,28,0.2983032293377121,0.1231220554266001,FALSE,0.305285186257888,0.2953936410436575
Macro,Oligo.1,80,0.07784810126582278,0.4916982769177812,28,-0.008210180623973728,0.9678012949768725,FALSE,0.6844663513912295,0.9782945806318656
Macro,Oligo.2,75,0.20625889046941676,0.07591374800676066,25,0.15076923076923077,0.4701923055930446,FALSE,0.19828217762959877,0.6850270042245692
Macro,Oligo.3,80,0.08045007032348804,0.4773002847327023,28,0.09852216748768472,0.6166626633707714,FALSE,0.6709243426432848,0.7916165797316266
Macro,Oligo.4,80,-0.021378340365682136,0.8504418308263203,28,0.024083196496989596,0.9036044432214481,FALSE,0.9310020042558019,0.9527829888730828
Macro,Oligo.5,74,0.01941503146982599,0.8693603635185472,26,-0.1781196581196581,0.3823103871643174,FALSE,0.9386215128218339,0.6156283636340159
Macro,Vasc.Endo,80,0.0753398968588842,0.5057919006672768,28,0.11056376573617953,0.57397973885182,FALSE,0.6961742453004651,0.761940904482611
Macro,Vasc.PC,80,0.09547585560243789,0.3987688999348328,28,0.15270935960591134,0.43619177434518863,FALSE,0.5941739460338612,0.657881129874239
Macro,Vasc.VLMC,80,0.2019690576652602,0.0724871147850309,28,0.16310892172961136,0.4052550093121136,FALSE,0.19345689675743544,0.6337101985301119
Macro,Excit.L2,80,0.15736052508204407,0.16301885436945424,28,0.40120415982484947,0.03524932621963143,FALSE,0.33359050010786045,0.1310087375757774
Macro,Excit.L2_5.1,80,0.02841068917018284,0.8021003522145027,28,0.025725232621784343,0.8969908178766061,FALSE,0.9000830909975136,0.952202563133953
Macro,Excit.L2_5.2,79,-0.07395326192794548,0.516391038431255,28,-0.08319649698960044,0.6728180263509995,FALSE,0.7014882889334663,0.8314158373392414
Macro,Excit.L5.1,77,0.05063357694936642,0.6612448486261173,27,0.18437118437118435,0.3556415552452675,FALSE,0.8027997418899839,0.5861682143239174
Macro,Excit.L5.2,76,0.14386876281613123,0.21453259879750358,26,0.22393162393162389,0.27018935361310864,FALSE,0.4004186722894288,0.4901300774384135
Macro,Excit.L5_6_NP,62,-0.11807811437636927,0.3597758586256305,21,-0.19350649350649352,0.3989272984973422,FALSE,0.554392431436712,0.6334627179684654
Macro,Excit.L6_CT,76,0.06802460697197539,0.558535810798652,27,0.3449328449328449,0.07862665842365722,FALSE,0.7293343109983366,0.2206738762362078
Macro,Excit.L6b,77,0.0157736999842263,0.891527407910446,27,0.23260073260073258,0.24191517374851762,FALSE,0.9439428448253152,0.454785239748398
Macro,Inhib.Pax6,67,0.23824726634208637,0.05241349455518926,21,0.3623376623376623,0.10709344961766853,FALSE,0.15660129470757767,0.27150490276178474
Macro,Inhib.Lamp5_Lhx6,77,0.14785214785214784,0.1989796650985437,27,0.2747252747252747,0.16507917326338942,FALSE,0.3799139865624079,0.35782188740151805
Macro,Inhib.Pvalb,80,-0.04226441631504922,0.7091768305656576,28,-0.023535851122058016,0.9058104310768957,FALSE,0.8361324518218773,0.9528388595651737
Macro,Inhib.Vip,79,-0.018281402142161635,0.8727402411620189,28,-0.05090311986863711,0.7966958958851299,FALSE,0.9386363436553758,0.9000016380688661
Macro,Inhib.Chandelier,61,0.1804865150713908,0.16358079711432616,20,0.17593984962406015,0.4564086261951307,FALSE,0.3338104775111658,0.6705262532990192
Macro,Inhib.Sst,78,0.07032208298031081,0.5399034853015446,28,0.15763546798029554,0.4213781722188994,FALSE,0.718270235955125,0.6445244536510157
Micro.1,Astro.1,185,0.17286115007012626,0.01872494436253562,51,0.2632579185520362,0.06222367354361514,FALSE,0.07123620137921159,0.192828571658599
Micro.1,Astro.2,185,0.09054243584397863,0.2200993539971825,51,0.11511312217194569,0.42003673110456763,FALSE,0.40423044774594985,0.6432994980880765
Micro.1,Astro.3,130,-0.019066216935913368,0.8293176287258156,40,-0.18330206378986863,0.2565763897822294,FALSE,0.9168899776075127,0.47337349432690384
Micro.1,Astro.4,181,0.10364883735049481,0.16483040618914588,50,0.16993997599039617,0.23728204589442028,FALSE,0.3354107102686108,0.45167213120316907
Micro.1,Astro.5,186,0.2277123768584869,0.0018153455990557055,51,0.2351131221719457,0.09677762540663917,FALSE,0.01221867230133648,0.25366822518480314
Micro.1,Macro,174,0.22306216008428487,0.0031514283324996836,47,0.5163043478260869,2.4875937505816593e-4,FALSE,0.019206466205532898,0.00356655007613515
Micro.1,Micro.2,185,0.35610098176718097,7.797625571379634e-7,51,0.3847058823529411,0.005601148590464544,FALSE,2.9850285390437662e-5,0.036622894629960476
Micro.1,Micro.3,174,0.32103305902787665,1.739401856358183e-5,47,0.42715078630897313,0.002979541049880849,FALSE,3.2333847898565127e-4,0.022299709744391258
Micro.1,Micro.4,154,0.2739068647987054,6.137845631117295e-4,44,0.4520084566596194,0.002281760021537342,FALSE,0.005228919717795264,0.018223452521002933
Micro.1,Micro.5,186,0.20634997598944463,0.0047858985146552865,51,0.11592760180995475,0.41673771426387085,FALSE,0.026290249688128816,0.6415496506778866
Micro.1,OPC.2,185,0.3676585421325955,3.2214296410752517e-7,51,0.4916742081447963,2.9609069959213254e-4,FALSE,1.6442713792988264e-5,0.004049976235800434
Micro.1,OPC.4,176,0.16735417125247634,0.026518501645890806,51,0.31999999999999995,0.02248917183088264,FALSE,0.0912504621242029,0.0967466162973311
Micro.1,OPC.5,183,0.2830179442795266,1.1033381405115327e-4,51,0.35701357466063344,0.010483954949994358,FALSE,0.0013971260892026106,0.05696760908901043
Micro.1,Oligo.1,185,0.18346158219931014,0.012525890788563362,51,0.2576470588235294,0.06816952635110254,FALSE,0.05354858718096882,0.2044866649558895
Micro.1,Oligo.2,177,0.24447075016014264,0.001073175426580239,50,0.3582713085234094,0.011006695739986545,FALSE,0.00796751453067147,0.05915506573055338
Micro.1,Oligo.3,186,0.133218020504548,0.06991112711837033,51,0.009683257918552035,0.9462842567911289,FALSE,0.18780949719299048,0.9687917002104841
Micro.1,Oligo.4,186,0.013029106387740162,0.8597741390130518,51,-0.16307692307692306,0.25205513247270867,FALSE,0.9366006628283589,0.4675985402041748
Micro.1,Oligo.5,177,0.32415903464275203,1.2012864805368899e-5,49,0.4395918367346938,0.0017382298691142285,FALSE,2.6278141761744466e-4,0.014921441510193166
Micro.1,Vasc.Endo,186,0.3289688515494967,5.158335279819011e-6,51,0.6045248868778279,4.30261026058956e-6,FALSE,1.3736871125604976e-4,1.7655538655522677e-4
Micro.1,Vasc.PC,186,0.21709738028523604,0.002971134857841536,51,0.4662443438914027,6.467456882911672e-4,FALSE,0.0185695928615096,0.006871672938093652
Micro.1,Vasc.VLMC,182,0.07200832859740568,0.3337159260531962,49,0.3285714285714285,0.02160411817563558,FALSE,0.5316020928675752,0.09486679198895329
Micro.1,Excit.L2,186,-0.08155849484122728,0.26817340642032544,51,-0.18941176470588234,0.18260997853995736,FALSE,0.4644384406236352,0.3819083909710883
Micro.1,Excit.L2_5.1,185,-0.07347333308062622,0.31995241153332155,51,-0.21194570135746604,0.1351822154569274,FALSE,0.5170734882959352,0.3141930398315305
Micro.1,Excit.L2_5.2,184,-0.003575350118472,0.9615545990102919,51,-0.01755656108597285,0.9025694643986878,FALSE,0.9758942699151679,0.9527829888730828
Micro.1,Excit.L5.1,181,-0.1975128002752312,0.007780735690590495,51,-0.4088687782805429,0.003108488039903415,FALSE,0.0384330694394087,0.022975781164503502
Micro.1,Excit.L5.2,180,0.23700319968723316,0.001395964953250059,51,0.34162895927601805,0.01454302997882927,FALSE,0.009942192254251874,0.07144882610355167
Micro.1,Excit.L5_6_NP,157,-0.0852027115028002,0.28835789832446956,45,-0.05428194993412384,0.7224748442543293,FALSE,0.4860229650584532,0.8606056703329849
Micro.1,Excit.L6_CT,180,-0.0972540304741916,0.19382658368941935,50,-0.22823529411764706,0.11082739009755639,FALSE,0.3727434301719603,0.27590919292069477
Micro.1,Excit.L6b,179,0.00579373548427594,0.9385941395127457,49,-0.04489795918367346,0.7587473801783573,FALSE,0.9653885985752422,0.8800286378286991
Micro.1,Inhib.Pax6,163,0.21307795900044893,0.00640505159823091,46,0.2994141227258711,0.04364299666437692,FALSE,0.03269245086597027,0.1523025396792039
Micro.1,Inhib.Lamp5_Lhx6,181,0.08992977556513468,0.22837897958677564,51,-0.06895927601809954,0.6296948435987179,FALSE,0.4163158482050598,0.8037964248184652
Micro.1,Inhib.Pvalb,185,-0.023334975929646343,0.7523292722520358,51,-0.269683257918552,0.05593666207652389,FALSE,0.8637332319669578,0.1803919454500364
Micro.1,Inhib.Vip,183,0.1354573793989332,0.06753949970783321,51,0.19466063348416288,0.1706128576426719,FALSE,0.18509147011654517,0.3658185596302334
Micro.1,Inhib.Chandelier,153,0.10000938174312787,0.2184410088672526,46,0.19666975023126732,0.1896154194371332,FALSE,0.4042148577981638,0.39174018946213285
Micro.1,Inhib.Sst,183,0.18600643832290306,0.011796044419272338,51,0.17656108597285067,0.21453420412031968,FALSE,0.05088082540003033,0.42549283817196737
Micro.2,Astro.1,207,0.0971157904990746,0.16377150774221277,49,0.2863265306122449,0.046459243797776606,FALSE,0.3338104775111658,0.15886925321653494
Micro.2,Astro.2,209,0.019317524580682477,0.7811293730497045,49,0.14081632653061224,0.3334236329582235,FALSE,0.8876470148292098,0.5604154282772401
Micro.2,Astro.3,141,-0.06594888479815061,0.4367150040584253,43,-0.03896103896103897,0.8036327543119721,FALSE,0.6311088449443957,0.9011091708473306
Micro.2,Astro.4,200,0.04646516162904073,0.5132085571927698,46,0.0975023126734505,0.517956594493947,FALSE,0.6989302889390262,0.7235215071994173
Micro.2,Astro.5,209,0.06246910983753089,0.3685848866505099,49,0.18051020408163262,0.21386244439010216,FALSE,0.5601941515469909,0.42549283817196737
Micro.2,Macro,193,0.12426052294215054,0.08511740871695567,46,0.2862164662349676,0.05416265338017693,FALSE,0.21410436484244497,0.17610261618144957
Micro.2,Micro.2,209,0.11920053630579946,0.08560386059412176,49,0.33418367346938777,0.019370788403691046,TRUE,0.2148867402208999,0.08764729353761348
Micro.2,Micro.3,186,0.297711304542424,3.986886129128362e-5,44,0.5968992248062016,2.7643064220239416e-5,FALSE,5.965141629205698e-4,6.998988600443596e-4
Micro.2,Micro.4,162,0.26030362946874014,8.528168886988953e-4,39,0.5718623481781376,1.8622716812351415e-4,FALSE,0.006606841478742156,0.0028411580777818186
Micro.2,Micro.5,209,-0.010255533939744467,0.882741049274805,49,0.14867346938775508,0.30693656219379256,FALSE,0.9427705190598398,0.5308931817014726
Micro.2,OPC.2,207,0.29632215259062034,1.5918482813332306e-5,49,0.566530612244898,3.0676782668256996e-5,FALSE,3.0753199723059817e-4,7.605285703172047e-4
Micro.2,OPC.4,193,0.178960124993323,0.012859875449476445,46,0.35948196114708597,0.01458997037240593,FALSE,0.05431497731412933,0.07144882610355167
Micro.2,OPC.5,206,0.22320625147999051,0.001291458078363453,49,0.426734693877551,0.002427161866442074,FALSE,0.009314979229610477,0.019002122507013604
Micro.2,Oligo.1,205,0.17965761725007312,0.010030840203206678,49,0.42438775510204074,0.002576358243320891,FALSE,0.045010180399004326,0.01977978264227007
Micro.2,Oligo.2,197,0.2417179146693287,6.429597099884506e-4,48,0.5333260963960053,1.2095988268204881e-4,FALSE,0.00535615324028789,0.0022847977839942552
Micro.2,Oligo.3,209,0.1521412797728587,0.027956256167838294,49,0.17785714285714285,0.22075748834906891,FALSE,0.0948654122038834,0.43493611115131126
Micro.2,Oligo.4,209,-0.011798727588201273,0.8652522748030402,49,0.042346938775510205,0.7720886730758231,FALSE,0.9377594804061868,0.8860033953329117
Micro.2,Oligo.5,200,0.2968124203105078,2.1523674703511347e-5,48,0.5289839339991316,1.3994063389348462e-4,FALSE,3.823736659268413e-4,0.0023454838638485454
Micro.2,Vasc.Endo,209,0.23945133813554867,4.965588790686488e-4,49,0.5248979591836734,1.3581682122346488e-4,FALSE,0.004472681079846286,0.0023423480761728
Micro.2,Vasc.PC,209,0.12003917135496082,0.0834127367582825,49,0.2951020408163265,0.03994062078712203,FALSE,0.2115540425028904,0.14187862309455287
Micro.2,Vasc.VLMC,202,0.04227339137119358,0.5499599852446764,47,0.23785846438482888,0.10736659184176132,FALSE,0.7236553860152702,0.27150490276178474
Micro.2,Excit.L2,209,-0.01572637888427362,0.821054965038455,49,0.038367346938775505,0.7930317042137472,FALSE,0.9118697481161444,0.897914108481788
Micro.2,Excit.L2_5.1,206,-0.053370260169465354,0.4458085757923425,49,-0.022142857142857138,0.879779308243709,FALSE,0.6389655381399434,0.9423378729163039
Micro.2,Excit.L2_5.2,204,0.013916079467952026,0.8432690139253872,49,0.06897959183673469,0.6367223548193991,FALSE,0.9264614726982955,0.8086441859499306
Micro.2,Excit.L5.1,203,-0.1433491798904608,0.04138976702188335,49,-0.32428571428571423,0.02345330819262944,FALSE,0.12934302194338548,0.09932183896522788
Micro.2,Excit.L5.2,198,0.24609665772331898,4.920668516327594e-4,48,0.4456144159791576,0.0016647378673243652,FALSE,0.004465051061112077,0.014566456339088195
Micro.2,Excit.L5_6_NP,172,-0.054461668352895946,0.47758859329383213,45,0.04598155467720684,0.7636179306504143,FALSE,0.6709243426432848,0.8830955660583022
Micro.2,Excit.L6_CT,200,-0.07440936023400586,0.2947520808773382,49,-0.026530612244897958,0.8561349326726104,FALSE,0.491253468128897,0.9297387597389716
Micro.2,Excit.L6b,200,0.028583214580364513,0.6876017084956243,48,-0.01812852800694746,0.9025725821076827,FALSE,0.8230578881666161,0.9527829888730828
Micro.2,Inhib.Pax6,179,0.1470884857615132,0.049506348982302384,46,0.3984582176996608,0.006436544426627231,FALSE,0.15011207302802082,0.03927942496249438
Micro.2,Inhib.Lamp5_Lhx6,201,0.09422491502881632,0.18319764710527364,49,0.31030612244897954,0.03044152414275939,FALSE,0.35799856738594305,0.11955582089070518
Micro.2,Inhib.Pvalb,204,-0.08213101893406648,0.24265199745930047,49,-0.02316326530612245,0.8742704878395433,FALSE,0.43521039075789614,0.9414558120062364
Micro.2,Inhib.Vip,206,0.04751962167152275,0.4972868094975183,49,0.30520408163265306,0.033392323377811874,FALSE,0.6883348493044745,0.12649800748960421
Micro.2,Inhib.Chandelier,171,0.07884416924664604,0.3050116831996738,45,0.3250329380764163,0.02984520505813615,FALSE,0.5022033762360221,0.11760196695093383
Micro.2,Inhib.Sst,202,0.04131393949629505,0.5590570759407657,49,0.23530612244897955,0.10359872867968645,FALSE,0.7293343109983366,0.26569501536385104
Micro.3,Astro.1,147,0.19002788083022917,0.02127591023852049,49,0.08224489795918367,0.5731697697950855,FALSE,0.07779997027518687,0.761940904482611
Micro.3,Astro.2,147,0.15562263409621532,0.05987503592022139,49,-0.03132653061224489,0.8304352281013505,FALSE,0.17095159764238813,0.9137528037489149
Micro.3,Astro.3,97,-0.005588575636440142,0.9566424287029802,40,-0.3682926829268292,0.019932732600702344,FALSE,0.9749475666898093,0.08950925205598412
Micro.3,Astro.4,143,0.09624823533274236,0.25249664621491147,48,-0.014220581849761181,0.9235662858449841,FALSE,0.44892364530227363,0.9623851840241078
Micro.3,Astro.5,147,0.1971718713401688,0.016805703083100317,49,0.06295918367346938,0.6664889492327317,FALSE,0.06684086453505807,0.8270300829895212
Micro.3,Macro,138,0.34856811472434235,3.13592869147859e-5,46,0.34653098982423675,0.018781863404621957,FALSE,5.122016862748363e-4,0.08563378333908096
Micro.3,Micro.2,147,0.3978911816485202,7.529895902770188e-7,49,0.33938775510204083,0.01747858661517275,FALSE,2.9755233809333808e-5,0.08188786642541564
Micro.3,Micro.3,139,0.16176772867420344,0.057177677460041446,46,0.3113783533765032,0.03561659215605688,TRUE,0.1655854725497654,0.13162653622890585
Micro.3,Micro.4,123,0.1636893629644916,0.0704893248077838,43,0.36257928118393234,0.01737579887254577,FALSE,0.1889484089486546,0.08172806584319947
Micro.3,Micro.5,147,0.2565527506819092,0.0017615963349548675,49,0.09122448979591836,0.5318912896235519,FALSE,0.012040266458292221,0.7351343027317384
Micro.3,OPC.2,147,0.35279828332665913,1.3364784253529776e-5,49,0.35265306122448975,0.013354363025505727,FALSE,2.8722562650129784e-4,0.06747989838836504
Micro.3,OPC.4,140,0.1184666856180709,0.16311894658335382,48,0.007924446374294397,0.9574928955257143,FALSE,0.33359050010786045,0.9755278644482875
Micro.3,OPC.5,146,0.3383706245842693,3.286236074403405e-5,49,0.25387755102040815,0.07852657919719645,FALSE,5.29689367255812e-4,0.2206738762362078
Micro.3,Oligo.1,147,0.23690394336186904,0.00394452979585061,49,0.2190816326530612,0.1302261438598894,FALSE,0.023231004807293253,0.30747839522473885
Micro.3,Oligo.2,140,0.2820450022960355,7.688273738850539e-4,48,0.34986973512809383,0.015213346122834818,FALSE,0.006115672292267474,0.07375458945130152
Micro.3,Oligo.3,147,0.03817180333814385,0.645851246527075,49,-0.12693877551020408,0.3836064761472742,FALSE,0.7939950209867266,0.6168806846152113
Micro.3,Oligo.4,147,0.15577752759748847,0.05961867145253254,49,-0.07489795918367347,0.6080074939634637,FALSE,0.17095159764238813,0.7855905730906859
Micro.3,Oligo.5,140,0.3291902648094291,7.825345495350384e-5,47,0.38448196114708605,0.007988035577693306,FALSE,0.0010683415490763304,0.04683379262557977
Micro.3,Vasc.Endo,147,0.3049173019818813,1.8540064909908422e-4,49,0.3310204081632653,0.020604075020497388,FALSE,0.00208363114813191,0.09165422969304049
Micro.3,Vasc.PC,147,0.17189778540072084,0.037465412470797155,49,0.2574489795918367,0.07430964512605136,FALSE,0.11983062735437733,0.2141125368038768
Micro.3,Vasc.VLMC,144,-0.004344506068644,0.9587504141126884,48,-0.04808944854537559,0.7448406872295663,FALSE,0.9754728050565143,0.8749856049389773
Micro.3,Excit.L2,147,0.052134885794376994,0.5301437152954573,49,-0.009795918367346938,0.9468107120544479,FALSE,0.7120899684615518,0.9687917002104841
Micro.3,Excit.L2_5.1,147,-0.0776658682725219,0.3493663730186778,49,-0.2925510204081632,0.04175242854550004,FALSE,0.5472810830535554,0.14743439159983696
Micro.3,Excit.L2_5.2,146,0.09601766072513088,0.24864409696758594,49,-0.046224489795918366,0.7518372423429417,FALSE,0.4435171902099812,0.8779115347037858
Micro.3,Excit.L5.1,144,-0.12488144039868178,0.13575099021125167,49,-0.2708163265306122,0.06010290470914068,FALSE,0.29963056397978977,0.1880666643214511
Micro.3,Excit.L5.2,142,0.28890108991996916,5.14195788211437e-4,48,0.2949413808076422,0.04224045479712677,FALSE,0.004597736062474528,0.1482777026801795
Micro.3,Excit.L5_6_NP,121,-0.07595854220295353,0.40710737822265264,44,-0.21620859760394645,0.1582578078067389,FALSE,0.6015760414025928,0.3487533172037394
Micro.3,Excit.L6_CT,143,-0.12401917331494795,0.13988768784281058,49,-0.25591836734693874,0.07609425488094686,FALSE,0.305285186257888,0.21611494822989682
Micro.3,Excit.L6b,142,0.0127894281325507,0.8797930897147029,47,-0.11540240518038852,0.4386256239359433,FALSE,0.9427705190598398,0.6590460763683996
Micro.3,Inhib.Pax6,125,0.06088479262672809,0.4994828885624568,46,0.1219241443108233,0.4183153360914694,FALSE,0.6898157141927954,0.6423164515469014
Micro.3,Inhib.Lamp5_Lhx6,144,0.08606623261795675,0.3046501977106056,49,-0.0870408163265306,0.5509392921123291,FALSE,0.5022033762360221,0.7458677561020155
Micro.3,Inhib.Pvalb,147,0.03162849738192204,0.7034076153798949,49,-0.17561224489795915,0.22671202537664956,FALSE,0.8317319776451461,0.44099104472976575
Micro.3,Inhib.Vip,146,0.12855889639748203,0.12191185927251795,49,0.10622448979591836,0.46638547910729194,FALSE,0.2781043344671033,0.6818166095057462
Micro.3,Inhib.Chandelier,120,0.006312938398499895,0.9453886757762057,44,-0.11825229034531361,0.44327646782368124,FALSE,0.9683119797875016,0.6618557047806533
Micro.3,Inhib.Sst,145,0.1492993229412691,0.07312033536057393,49,0.065,0.6563380824502217,FALSE,0.19472263221022404,0.8195617189042643
Micro.4,Astro.1,136,0.13220743285148606,0.12486018505427565,38,0.04978662873399715,0.7659758065855107,FALSE,0.28116493877111703,0.8838511203279334
Micro.4,Astro.2,136,0.0862458852154,0.3176828536025445,38,0.004048582995951416,0.9811789181428483,FALSE,0.5154456896200226,0.9853189135780501
Micro.4,Astro.3,88,-0.07379099010249726,0.49373428515258355,28,-0.24192665571975916,0.2139910478742701,FALSE,0.6849654578843883,0.42549283817196737
Micro.4,Astro.4,132,0.14684351405926335,0.09290956937775305,36,-0.11969111969111972,0.48540207011211,FALSE,0.22752042053989585,0.6984624708989249
Micro.4,Astro.5,136,0.16274032727446205,0.058436217920305907,38,0.11171900645584854,0.5028841103619747,FALSE,0.16803842007599704,0.7115720467666466
Micro.4,Macro,127,0.26710723659542557,0.0024732077480671736,33,0.2018716577540107,0.25880182362509296,FALSE,0.01586219628995962,0.4767402014146449
Micro.4,Micro.2,136,0.33621010447974803,6.92403583097844e-5,38,0.27585074953496,0.09380154558140441,FALSE,9.74936079649263e-4,0.2475029694941713
Micro.4,Micro.3,128,0.2195797472990295,0.012902578284417661,35,0.07899159663865547,0.6508589583108519,FALSE,0.05431497731412933,0.817275620072552
Micro.4,Micro.4,114,0.09979951803325168,0.29029435892882355,30,0.11635150166852058,0.5388387846870245,TRUE,0.4871377940928888,0.7389388529273644
Micro.4,Micro.5,136,0.15392872477458133,0.07361823981264057,38,0.015209541525330996,0.927941227461826,FALSE,0.1948003984019542,0.965188295709105
Micro.4,OPC.2,136,0.3762797576451504,7.442513426149354e-6,38,0.41634752161067945,0.009824680996994037,FALSE,1.8606283565373384e-4,0.054255052551562225
Micro.4,OPC.4,129,0.15084973166368518,0.08792949514153785,38,0.11894080315132946,0.4755169239214579,FALSE,0.21937603166676958,0.690079438373823
Micro.4,OPC.5,135,0.3628816700809678,1.7420685398410596e-5,38,0.37170368749316113,0.0221758780259422,FALSE,3.2333847898565127e-4,0.09596107218498624
Micro.4,Oligo.1,136,0.21188397500119263,0.013407048579757158,38,0.2563737826895721,0.12015810472704709,FALSE,0.05605336010308027,0.2918890700406183
Micro.4,Oligo.2,129,0.2269174865831843,0.009839899543129105,37,0.23328591749644378,0.16419993523274382,FALSE,0.04431572404534248,0.35656555278643276
Micro.4,Oligo.3,136,0.040446543580936016,0.6397291970462659,38,-0.03971988182514498,0.8124333809214006,FALSE,0.790101817836565,0.905424832869653
Micro.4,Oligo.4,136,0.11422164973045176,0.18524485479747793,38,-0.01345880293248714,0.9362775009394707,FALSE,0.35905846064384567,0.9673988163368599
Micro.4,Oligo.5,129,0.27666592128801437,0.001560071310912784,37,0.4497392128971076,0.00564131406661042,FALSE,0.010770136206822819,0.03662969361380461
Micro.4,Vasc.Endo,136,0.2219168932779924,0.00953945714538846,38,0.3487252434620855,0.03248605764752976,FALSE,0.0436038619518689,0.12551431363818316
Micro.4,Vasc.PC,136,0.15166738228137966,0.07799135636886467,38,0.2878870773607616,0.07991099524557517,FALSE,0.20241400752512545,0.2232255500991419
Micro.4,Vasc.VLMC,133,0.011931116801501718,0.89145752098801,35,0.15490196078431376,0.3728150259401844,FALSE,0.9439428448253152,0.607670309403265
Micro.4,Excit.L2,136,-0.013863842373932539,0.8725810996917607,38,-0.037531458584090155,0.8226241283551404,FALSE,0.9386363436553758,0.9106257792954577
Micro.4,Excit.L2_5.1,136,-0.13210247602690708,0.12516189706338557,38,-0.3758616916511653,0.020641456771205758,FALSE,0.2813271998213712,0.09165422969304049
Micro.4,Excit.L2_5.2,135,0.12173446493025072,0.1593953046948243,38,0.09618120144435933,0.5643839548194257,FALSE,0.3315097593398298,0.7571780228129837
Micro.4,Excit.L5.1,133,-0.22570163536385057,0.009121643530461087,38,-0.2835102308786519,0.08476170413463799,FALSE,0.04248674267990431,0.23298163748648687
Micro.4,Excit.L5.2,131,0.3034751508033951,4.510329371747398e-4,38,0.2988291935660356,0.0687366260288826,FALSE,0.004185722333629215,0.2044866649558895
Micro.4,Excit.L5_6_NP,114,-0.0877300986209271,0.35279399232798453,35,-0.13893557422969188,0.424544023160316,FALSE,0.5499681738668895,0.6485332317853351
Micro.4,Excit.L6_CT,132,-0.19814978111482728,0.022897399656031478,38,-0.4001531896268738,0.013352679023065831,FALSE,0.08201553970362152,0.06747989838836504
Micro.4,Excit.L6b,132,-0.06366193067679608,0.4678405527695534,37,-0.36036036036036034,0.029078438932068438,FALSE,0.661020388861249,0.11611859842000484
Micro.4,Inhib.Pax6,118,0.06066416136206764,0.5134998041184682,37,0.11901375059269796,0.4814987413125717,FALSE,0.6989302889390262,0.6945254571660124
Micro.4,Inhib.Lamp5_Lhx6,133,0.043755929851766455,0.6165847531498407,38,-0.17277601488127803,0.29840043572581776,FALSE,0.7738896748038473,0.5229452410135063
Micro.4,Inhib.Pvalb,136,0.06100376890415533,0.48001804207574156,38,-0.035124193018929856,0.833867471594873,FALSE,0.6735648356732914,0.9147714672867808
Micro.4,Inhib.Vip,135,0.11749585406301827,0.1745111795456842,38,0.10931174089068825,0.5121823218702156,FALSE,0.34816969860498886,0.7204455827725255
Micro.4,Inhib.Chandelier,110,-0.038649324887856995,0.6880780017192094,35,-0.12268907563025212,0.48110495029629097,FALSE,0.8230578881666161,0.6945254571660124
Micro.4,Inhib.Sst,134,0.15985984862654148,0.06508961326263517,38,0.14673377831272566,0.37797138715100875,FALSE,0.17998820823189182,0.6119536744349665
Micro.5,Astro.1,69,0.03595177201315309,0.7688353506939037,14,0.14725274725274726,0.6158119162444916,FALSE,0.8761147019535183,0.7913781645042602
Micro.5,Astro.2,69,0.02535622944830106,0.8358435782821411,14,0.11648351648351647,0.6929959056892325,FALSE,0.9199536238954382,0.8414950283369257
Micro.5,Astro.3,45,-0.017523056653491433,0.9089994425031064,11,-0.19090909090909092,0.5762578269196218,FALSE,0.9492960929806524,0.761940904482611
Micro.5,Astro.4,68,0.1630721074932244,0.1835290614843855,14,0.01098901098901099,0.975828301047903,FALSE,0.35799856738594305,0.9832647571947539
Micro.5,Astro.5,69,-3.653635367190355e-5,0.99988081319301,14,0.30549450549450546,0.2877382390697336,FALSE,0.99988081319301,0.5095364650193199
Micro.5,Macro,66,0.19874752113558086,0.10956912539209969,14,0.5032967032967033,0.06937541494630213,FALSE,0.2571306103550232,0.20485544363796412
Micro.5,Micro.2,69,0.21859700401899892,0.07126673418578493,14,0.34065934065934067,0.2334282568540001,FALSE,0.19061517331350772,0.4473101862419648
Micro.5,Micro.3,68,0.17211894491735694,0.16014642239875732,14,0.5384615384615384,0.0499891360155955,FALSE,0.3319447841598608,0.1680425758716346
Micro.5,Micro.4,59,0.2697837521917008,0.039106371628600006,12,0.5734265734265734,0.05548132408162134,FALSE,0.12346728155936858,0.17940971645959075
Micro.5,Micro.5,69,0.07990500548045307,0.513101472161859,14,0.22197802197802197,0.44483181548067274,TRUE,0.6989302889390262,0.6625154698648317
Micro.5,OPC.2,69,0.2315308732188528,0.05578616019228125,14,0.4197802197802198,0.1367243050314585,FALSE,0.1634881488888625,0.3153138042392163
Micro.5,OPC.4,68,0.08592586937435584,0.48508135617288056,14,0.3362637362637363,0.23982831139630706,FALSE,0.6791138986420328,0.45372923777679713
Micro.5,OPC.5,68,0.08890330953926022,0.4700353941090399,14,0.21758241758241756,0.45414934165695564,FALSE,0.6625930469316155,0.6689288853902629
Micro.5,Oligo.1,69,0.23423456339057366,0.05292627563313221,14,0.3230769230769231,0.2596940067670289,FALSE,0.15708174863468605,0.47690720378513024
Micro.5,Oligo.2,65,0.2778409090909091,0.02534717593943483,14,0.4153846153846154,0.14120685734223093,FALSE,0.08896931382752914,0.32376909486946975
Micro.5,Oligo.3,69,-0.07548410668615273,0.5367446883549406,14,0.1956043956043956,0.5021982661858478,FALSE,0.717503269867245,0.7115720467666466
Micro.5,Oligo.4,69,0.2029229082937523,0.094472849864364,14,0.18681318681318682,0.5220767640407868,FALSE,0.2287139151854662,0.7274840154666702
Micro.5,Oligo.5,66,0.2986953345162301,0.015143397774029455,14,0.5340659340659341,0.05215957598136957,FALSE,0.060821843518642886,0.17146379949676738
Micro.5,Vasc.Endo,69,0.030032882718304718,0.806092279254631,14,0.002197802197802198,1,FALSE,0.900969928911426,1
Micro.5,Vasc.PC,69,-0.0987943003288272,0.418414944763601,14,0.16043956043956042,0.5838261875852351,FALSE,0.6116993555419242,0.7672599972446797
Micro.5,Vasc.VLMC,69,-0.17040555352575817,0.16122544511128545,14,0.03296703296703296,0.9155316458468045,FALSE,0.3330542500190973,0.9568235675767203
Micro.5,Excit.L2,69,-0.11724515893313849,0.33652731533457597,14,-0.03736263736263736,0.9035151652973258,FALSE,0.5339973591772741,0.9527829888730828
Micro.5,Excit.L2_5.1,69,-0.09247351114358787,0.44891733893070174,14,0.03736263736263736,0.9035151652973255,FALSE,0.6424342759230253,0.9527829888730828
Micro.5,Excit.L2_5.2,69,0.016697113628059923,0.89151322540385,14,0.12967032967032965,0.6595063509027608,FALSE,0.9439428448253152,0.8217932540044873
Micro.5,Excit.L5.1,68,-0.12886971790663052,0.29418539855337267,14,-0.054945054945054944,0.8556751028705768,FALSE,0.4909769934984762,0.9297387597389716
Micro.5,Excit.L5.2,67,0.1758320695985314,0.15436088489272043,14,0.2,0.49239763172461265,FALSE,0.324900487961482,0.7025817527005864
Micro.5,Excit.L5_6_NP,59,-0.011747516072472241,0.9295846087249849,12,-0.14685314685314688,0.6510733511166211,FALSE,0.9623745965876548,0.817275620072552
Micro.5,Excit.L6_CT,67,-0.08109186686886424,0.5132789774393968,14,-0.06813186813186813,0.8201008378545843,FALSE,0.6989302889390262,0.9106257792954577
Micro.5,Excit.L6b,67,-0.07602362518956023,0.5400219488283021,14,-0.059340659340659345,0.843783845369856,FALSE,0.718270235955125,0.92288858087328
Micro.5,Inhib.Pax6,59,0.12770309760374052,0.33418299062312934,13,0.15934065934065933,0.6039312040343127,FALSE,0.5316547578095239,0.7836453234128955
Micro.5,Inhib.Lamp5_Lhx6,68,-0.02007863495820132,0.8706698899534739,14,-0.12527472527472527,0.6706043707948159,FALSE,0.9386363436553758,0.830909137369656
Micro.5,Inhib.Pvalb,69,-0.11545487760321521,0.34399686331782836,14,-0.17802197802197803,0.5423155834430201,FALSE,0.5408724339281075,0.7409363309956303
Micro.5,Inhib.Vip,68,0.061533763408023814,0.6173684643522315,14,-0.11648351648351647,0.692995905689233,FALSE,0.7740802137476802,0.8414950283369257
Micro.5,Inhib.Chandelier,57,0.013870884106818774,0.918355623994981,13,-0.049450549450549455,0.8775229913646049,FALSE,0.954996298296988,0.9414558120062364
Micro.5,Inhib.Sst,68,-0.1268465854868878,0.30187913950004763,14,-0.15164835164835164,0.6050722035830601,FALSE,0.501086647544117,0.7836453234128955
OPC.1,Astro.1,237,0.1609376211329844,0.013187451386644344,52,0.4524886877828054,8.550703107515513e-4,FALSE,0.055324068317257946,0.008696868972601248
OPC.1,Astro.2,238,0.07053153341205132,0.2782662260709602,52,0.2788354819431401,0.0456538832968768,FALSE,0.4760839761688914,0.15749251916439796
OPC.1,Astro.3,194,0.045964835869221315,0.5241768659888365,39,0.23502024291497978,0.14946624143434092,FALSE,0.7063989668166389,0.33750441614206017
OPC.1,Astro.4,229,0.16138119173003704,0.014571164515551186,50,0.2060504201680672,0.15078624549260977,FALSE,0.059498921771834,0.3387410359018293
OPC.1,Astro.5,238,0.15011444967796975,0.020592190931376004,52,0.4465977973192179,0.001013249808614615,FALSE,0.07598022256305906,0.009883338297142556
OPC.1,Macro,205,0.28394784861612177,3.973263717751811e-5,45,0.6158102766798418,1.0607910213479799e-5,FALSE,5.965141629205698e-4,3.411733284875935e-4
OPC.1,Micro.2,236,0.12571770280325195,0.053813303710797206,51,0.42805429864253386,0.0018910317702883546,FALSE,0.15923018610078882,0.016073770047451013
OPC.1,Micro.3,208,0.2504400633691251,2.752454685872925e-4,45,0.4828722002635045,8.972941574156878e-4,FALSE,0.002809797491828611,0.008898167061038903
OPC.1,Micro.4,162,0.23884605559718924,0.002261552857977116,37,0.6073968705547653,9.346841531747256e-5,FALSE,0.014658212968370197,0.0018537902371298723
OPC.1,Micro.5,238,-0.010177409240270439,0.8757977802755176,52,0.14240587381541875,0.31291050841020035,FALSE,0.9410984919627271,0.5348144898450673
OPC.1,OPC.2,237,0.27738664657023504,1.5897460630590105e-5,52,0.595406812942884,5.130016121699177e-6,FALSE,3.0753199723059817e-4,1.9743655858045896e-4
OPC.1,OPC.4,231,0.17457018244124692,0.00789740960920369,49,0.43948979591836734,0.001742924680602395,FALSE,0.03854313454691044,0.014921441510193166
OPC.1,OPC.5,237,0.22049042745182174,6.471107588266186e-4,52,0.5572440877657303,2.471643330704172e-5,FALSE,0.00535615324028789,6.394033833778184e-4
OPC.1,Oligo.1,239,0.07633697830596674,0.2395385223732153,52,0.24127038333475626,0.08496977367154228,FALSE,0.43165318527371094,0.23298163748648687
OPC.1,Oligo.2,232,0.11923757757707736,0.06988155912505631,51,0.1806334841628959,0.20401888887893155,FALSE,0.18780949719299048,0.4143045695664309
OPC.1,Oligo.3,239,0.11360623747406913,0.07964858679101487,52,0.3586613164859558,0.009373148591841445,FALSE,0.20497798071217063,0.05236641701545221
OPC.1,Oligo.4,239,-0.1411747125628494,0.029183073172635327,52,-0.27909160761546997,0.045449194346005674,FALSE,0.09740944042637133,0.15749251916439796
OPC.1,Oligo.5,230,0.18129692597131367,0.005886478397052158,51,0.368235294117647,0.008180834308444851,FALSE,0.030948223332141173,0.04748874549780182
OPC.1,Vasc.Endo,238,0.2694207284100017,2.7034754045338965e-5,52,0.462648339451891,6.338074871532055e-4,FALSE,4.536653932265785e-4,0.0067948730604713015
OPC.1,Vasc.PC,237,0.22117913889434768,6.218045403470273e-4,52,0.4334500128062836,0.0014651795131974555,FALSE,0.005253176289138679,0.013309645959579938
OPC.1,Vasc.VLMC,221,0.1636007871301989,0.014984818615035112,49,0.3525510204081633,0.013382568083742984,FALSE,0.06078279073979474,0.06747989838836504
OPC.1,Excit.L2,239,-0.13693083928131922,0.034433418477379366,52,-0.1002305131050969,0.47844697622156823,FALSE,0.11350428147196728,0.6926422161845087
OPC.1,Excit.L2_5.1,237,-0.07316026603733104,0.26172393333846744,52,0.19849739605566463,0.15797655268652183,FALSE,0.45801688334231805,0.3487533172037394
OPC.1,Excit.L2_5.2,237,-0.032170216295056966,0.6219392963203733,52,0.05190813625885768,0.7140448967905098,FALSE,0.7790139447775637,0.8547158060860858
OPC.1,Excit.L5.1,237,-0.1594889833212839,0.014044075359520413,52,-0.06001878254930419,0.6717097396215203,FALSE,0.05812159566017738,0.830909137369656
OPC.1,Excit.L5.2,231,0.11519889405946378,0.08061145404291081,50,0.311500600240096,0.02808752806994292,FALSE,0.20702102977477094,0.11330223187536297
OPC.1,Excit.L5_6_NP,219,-0.06750374170256036,0.319773110351311,47,0.3570767807585569,0.014178420402761942,FALSE,0.5170734882959352,0.07000962771488263
OPC.1,Excit.L6_CT,235,-0.12473115296771989,0.05625973410726005,51,0.11900452488687782,0.40441027522611556,FALSE,0.16382366800252407,0.6334627179684654
OPC.1,Excit.L6b,233,0.06621907765166608,0.3139494590920349,52,0.1853496115427303,0.1878106432175841,FALSE,0.5121013147639717,0.38936352862182066
OPC.1,Inhib.Pax6,222,0.2134780317317906,0.0014059234461981677,48,0.5289839339991316,1.3994063389348462e-4,FALSE,0.009955238275102633,0.0023454838638485454
OPC.1,Inhib.Lamp5_Lhx6,234,0.08770677774421727,0.18107420816695208,50,0.5210564225690276,1.3126882506734792e-4,FALSE,0.3555672415861926,0.0023423480761728
OPC.1,Inhib.Pvalb,236,-0.1437532809597064,0.027310953830312443,51,-0.14606334841628957,0.3054505029977676,FALSE,0.09293310678370206,0.530636640244297
OPC.1,Inhib.Vip,237,0.12487492315098106,0.05493091204535825,52,0.485955775633911,3.08410461599553e-4,FALSE,0.16175569051818234,0.00410851205746244
OPC.1,Inhib.Chandelier,223,0.03076899769724882,0.6474238475331451,48,0.41391663048198,0.0037023648096247237,FALSE,0.7946835803888804,0.026225084068175124
OPC.1,Inhib.Sst,236,0.08670863251881844,0.18421758519836934,52,0.4443780414923589,0.0010793867558811883,FALSE,0.35877033683307225,0.010275761915988911
OPC.2,Astro.1,196,0.16738200160970285,0.019125858785488302,29,0.23103448275862065,0.2269221416815232,FALSE,0.07175085560649593,0.44099104472976575
OPC.2,Astro.2,197,0.08710276911872272,0.22336403852756453,29,0.16551724137931031,0.38922420644314537,FALSE,0.40899992107065253,0.6239834327332686
OPC.2,Astro.3,167,0.015596174260772774,0.8412890863081702,20,0.11127819548872181,0.639580201009165,FALSE,0.9251159162724493,0.8105435987230101
OPC.2,Astro.4,192,0.07259650598160758,0.3166838034474311,28,0.11001642036124794,0.5758904806686879,FALSE,0.5147947241510618,0.761940904482611
OPC.2,Astro.5,197,0.18157332152981173,0.010749641938833477,29,0.4571428571428571,0.013440249962353773,FALSE,0.04719824865616849,0.06748479938903372
OPC.2,Macro,173,0.1522242978524181,0.04565159125237702,23,0.31324110671936756,0.14549230152567044,FALSE,0.14051055096523077,0.3310436688633802
OPC.2,Micro.2,196,0.15353377586880126,0.03176437315990553,29,0.41625615763546786,0.02557454864468032,FALSE,0.10545083230591945,0.10567261419156104
OPC.2,Micro.3,179,0.21051199966522294,0.004748066079000865,24,0.48782608695652163,0.016664440718967853,FALSE,0.026199914174666935,0.07900671097837349
OPC.2,Micro.4,144,0.17648099027409372,0.0344682389449566,18,0.6202270381836945,0.007189542337818367,FALSE,0.11350428147196728,0.04299274061308471
OPC.2,Micro.5,197,0.045807709332002296,0.5223774880885929,29,0.02364532019704433,0.9034543374550279,FALSE,0.7057420127573075,0.9527829888730828
OPC.2,OPC.2,196,0.2708683629640845,1.301821844766488e-4,29,0.6330049261083743,3.107278026652266e-4,TRUE,0.001594731759838948,0.00410851205746244
OPC.2,OPC.4,195,0.11357523183738205,0.11384731923218062,28,0.27093596059113295,0.1627460141559054,FALSE,0.2646769434502455,0.35458816586277114
OPC.2,OPC.5,196,0.2363505964666226,8.78665763482221e-4,29,0.364039408866995,0.0529512074519101,FALSE,0.0067272847516607545,0.17358660294152348
OPC.2,Oligo.1,197,0.18654429930717095,0.008754260471087698,29,0.23743842364532017,0.21402437748320172,FALSE,0.041088004126752606,0.42549283817196737
OPC.2,Oligo.2,193,0.12683116553602908,0.07882031856667444,28,0.20197044334975367,0.3012916825036149,FALSE,0.2037023000931987,0.526486199969606
OPC.2,Oligo.3,197,0.14873378977802473,0.03706907512855963,29,0.30985221674876845,0.10211209569854109,FALSE,0.11918534654195681,0.2638492794597921
OPC.2,Oligo.4,197,-0.06333719459172686,0.37626355838152664,29,-0.2679802955665024,0.15948337728765025,FALSE,0.5669407859992253,0.3503437083847395
OPC.2,Oligo.5,192,0.17793587065621358,0.013635538929381902,28,0.4050355774493705,0.03341748948726476,FALSE,0.056814745539091265,0.12649800748960421
OPC.2,Vasc.Endo,197,0.26095514347871124,2.2282944995648545e-4,29,0.6088669950738915,5.903050608290142e-4,FALSE,0.00241280462893447,0.006504287244319694
OPC.2,Vasc.PC,196,0.11027739483141949,0.12380893629770645,29,0.1798029556650246,0.34910789030278616,FALSE,0.2808628647494267,0.5802212143300497
OPC.2,Vasc.VLMC,185,0.04876994806868581,0.509394226820351,27,0.05616605616605616,0.7804543701643435,FALSE,0.6987770748655431,0.8904512948183784
OPC.2,Excit.L2,197,0.010464638093354553,0.8838655795144871,29,0.02216748768472906,0.9095259782306869,FALSE,0.9427750599364457,0.9535999243123501
OPC.2,Excit.L2_5.1,196,-0.02561340037772235,0.7213473138916223,29,0.046305418719211816,0.8112326307047648,FALSE,0.8424200947338253,0.905424832869653
OPC.2,Excit.L2_5.2,197,0.028135388904061854,0.6944693287058706,29,0.1650246305418719,0.3906537199223941,FALSE,0.8259465317132927,0.6248359229941518
OPC.2,Excit.L5.1,197,-0.1829891162741054,0.010143980554867574,29,-0.20935960591133002,0.27446584300952204,FALSE,0.04524264906192156,0.4926310002735011
OPC.2,Excit.L5.2,193,0.06712882591741895,0.35331321316458786,28,0.30158730158730157,0.11890034369496857,FALSE,0.5499681738668895,0.2905367741211758
OPC.2,Excit.L5_6_NP,185,-0.03341799022023426,0.6512825333340001,25,0.1753846153846154,0.3999938811348935,FALSE,0.7970240792548952,0.6334627179684654
OPC.2,Excit.L6_CT,195,-0.10888831345385099,0.12962493500248354,28,-0.017515051997810616,0.9301186744793848,FALSE,0.2887100825055315,0.965188295709105
OPC.2,Excit.L6b,194,0.07709729509847024,0.28502565726351337,29,0.0014778325123152706,0.9949067299752916,FALSE,0.4815950760659364,0.9965816571301322
OPC.2,Inhib.Pax6,185,0.1431143626094538,0.05203410361015513,25,0.48384615384615387,0.015246747063042163,FALSE,0.1558478653360392,0.07375458945130152
OPC.2,Inhib.Lamp5_Lhx6,194,0.02673673743595222,0.7110996139659823,27,0.27777777777777773,0.16028948720326913,FALSE,0.8367886907860983,0.3506332532571512
OPC.2,Inhib.Pvalb,196,-0.04015650774171442,0.5759743531494256,29,-0.15862068965517237,0.4095139988139348,FALSE,0.7447915806029816,0.6341137426810263
OPC.2,Inhib.Vip,196,0.0755078134338468,0.2925925113203246,29,0.28177339901477827,0.1384714920603691,FALSE,0.48965276826147214,0.3187254846263815
OPC.2,Inhib.Chandelier,187,0.04477921448731736,0.5424893319569232,25,0.2846153846153846,0.16751404934257436,FALSE,0.7187817193428453,0.3617817036618212
OPC.2,Inhib.Sst,196,0.13169600522754984,0.06580933673617816,29,0.4261083743842364,0.0220388747344233,FALSE,0.18156855293202306,0.09571628078088952
OPC.3,Astro.1,248,0.1264029606738302,0.04680762840218385,43,0.32271217154938087,0.035295779945767665,FALSE,0.14346161106178587,0.1310087375757774
OPC.3,Astro.2,249,0.04357248348231636,0.49344331330529573,43,0.11929930534581698,0.44476341981237677,FALSE,0.6849654578843883,0.6625154698648317
OPC.3,Astro.3,199,0.01371859296482412,0.8473679179841748,33,0.07185828877005347,0.6901301648719874,FALSE,0.9284666364316763,0.8405488776439078
OPC.3,Astro.4,239,0.11795735030413838,0.06872701816877715,43,0.2405617638175778,0.12008667730413719,FALSE,0.1866458133013594,0.2918890700406183
OPC.3,Astro.5,249,0.11717839098328799,0.06490647495986544,43,0.15795832074901844,0.31057517228017933,FALSE,0.17998820823189182,0.5340815823893257
OPC.3,Macro,213,0.17081345416885016,0.012620171329405247,35,0.3733893557422969,0.0278223705653016,FALSE,0.05367954818931051,0.11261435705003028
OPC.3,Micro.2,247,0.1587667270821853,0.012545668996684122,43,0.2864693446088795,0.06287352788614252,FALSE,0.05354858718096882,0.19333203665247958
OPC.3,Micro.3,217,0.24220911606232706,3.292196389893297e-4,37,0.3755334281650071,0.022621656695453744,FALSE,0.0032263524620954314,0.0967466162973311
OPC.3,Micro.4,169,0.2358162199791159,0.0020753498890130604,29,0.45960591133004913,0.012900297534850485,FALSE,0.013668299000220424,0.06674501768031338
OPC.3,Micro.5,249,0.030240186552662262,0.6346415342869662,43,0.17804288734521295,0.2524230844688659,FALSE,0.7883092404769593,0.4675985402041748
OPC.3,OPC.2,248,0.2486235919254922,7.954925354799816e-5,43,0.5135910601026881,5.109299780763029e-4,FALSE,0.0010693444261677724,0.0061414815546545504
OPC.3,OPC.4,242,0.1742454936218296,0.006639583625778201,41,0.42926829268292693,0.005462690357361356,FALSE,0.03347115202295595,0.03611445291811118
OPC.3,OPC.5,247,0.2076993154677531,0.0010480011380817372,43,0.4420114768951979,0.003268355240189966,FALSE,0.00792469996388968,0.023794123187040953
OPC.3,Oligo.1,250,0.036455623289972636,0.5659129834957921,43,-0.028088190878888558,0.8578597968011688,FALSE,0.7352398535516925,0.9297387597389716
OPC.3,Oligo.2,243,0.09807463607761668,0.12729198132705588,43,0.03125943823618243,0.8419642901718608,FALSE,0.2850688795715603,0.9223869774991567
OPC.3,Oligo.3,250,0.06805241683866942,0.2835739189626181,43,0.13772274237390517,0.3772098968892067,FALSE,0.4804675667070638,0.6115528301064795
OPC.3,Oligo.4,250,-0.12726232419718714,0.04445641313435592,43,-0.2216852914527333,0.15273023357895088,FALSE,0.13787115465717975,0.3416334172160744
OPC.3,Oligo.5,240,0.11213562735464155,0.08299300550274885,42,0.22259136212624583,0.15613421098482935,FALSE,0.2115540425028904,0.3453526228103103
OPC.3,Vasc.Endo,249,0.17480917217256123,0.005731836411061106,43,0.40697674418604657,0.007146842958761292,FALSE,0.0303961021798695,0.042953248085484536
OPC.3,Vasc.PC,248,0.1335072561369941,0.0356832749366577,43,0.2680459075807913,0.08241156217983298,FALSE,0.11656536479308181,0.22860083681585372
OPC.3,Vasc.VLMC,230,0.04476635951859039,0.4990406445522673,39,0.07388663967611335,0.6538241849938295,FALSE,0.6898157141927954,0.8181396216011116
OPC.3,Excit.L2,250,-0.07821475543608697,0.2176480075013449,43,-0.0493808517064331,0.7525107988280002,FALSE,0.4033567461257904,0.8779115347037858
OPC.3,Excit.L2_5.1,247,-0.024807525076687365,0.6978474200603404,43,0.04605859257022048,0.768707688409009,FALSE,0.8272415859188311,0.8855393506357413
OPC.3,Excit.L2_5.2,248,-0.09340378360772329,0.14237843180239984,43,-0.0572334642102084,0.7146573336602146,FALSE,0.307066160137218,0.8547158060860858
OPC.3,Excit.L5.1,247,-0.15116806875264782,0.017508707411085272,42,-0.39615914431569565,0.00984797592532558,FALSE,0.06830626298910655,0.054255052551562225
OPC.3,Excit.L5.2,241,0.09031669009979082,0.16210881857743056,41,0.2076655052264809,0.1919982865291292,FALSE,0.33359050010786045,0.3952387571586793
OPC.3,Excit.L5_6_NP,224,-0.04353726243860774,0.5165244380554992,40,0.2893058161350844,0.07050195694841045,FALSE,0.7014882889334663,0.20664366691775476
OPC.3,Excit.L6_CT,245,-0.06280508204881313,0.32734291203794,42,-0.07624989871161171,0.6302034154248976,FALSE,0.5243594325812252,0.8037964248184652
OPC.3,Excit.L6b,242,0.041487425493460954,0.5203947790286544,42,0.25192447937768414,0.107497409906461,FALSE,0.7051809782191389,0.27150490276178474
OPC.3,Inhib.Pax6,231,0.10262855585194415,0.11978273769301975,40,0.28499061913696055,0.07494573953764523,FALSE,0.27427176990158186,0.21490465072240442
OPC.3,Inhib.Lamp5_Lhx6,244,0.006467334960699519,0.9198889905849376,40,0.08667917448405252,0.5936563432813946,FALSE,0.9557794855526281,0.7754676712457295
OPC.3,Inhib.Pvalb,246,-0.12356742835378451,0.052958989539694155,43,-0.14285714285714288,0.35954249634347685,FALSE,0.15708174863468605,0.5909607329402451
OPC.3,Inhib.Vip,248,0.03741202238757825,0.5573595633436677,43,0.23588039867109636,0.12763779259920777,FALSE,0.7286717877225111,0.3037779463861145
OPC.3,Inhib.Chandelier,232,0.04837215470632668,0.46313406295348925,39,0.24554655870445344,0.1316819922670796,FALSE,0.6558834995584096,0.30968689880993033
OPC.3,Inhib.Sst,246,0.06118418533602837,0.33900806451518817,42,0.2678064986629933,0.08655543679388623,FALSE,0.5365437713580175,0.2355366240662423
OPC.4,Astro.1,207,0.10490740440086156,0.13240841372510617,37,0.34447605500237083,0.0374082535428448,FALSE,0.29293254898192705,0.1360234335558714
OPC.4,Astro.2,208,0.07501213508078496,0.28130033472463783,37,0.1299193930772878,0.4419824056375165,FALSE,0.47854304982377427,0.6615837266775404
OPC.4,Astro.3,173,0.12897080160014093,0.09080568088969206,28,0.31362889983579634,0.10434427139175942,FALSE,0.2233673877306682,0.2664585471162955
OPC.4,Astro.4,202,0.008860006653558525,0.900327671769255,34,0.13705118411000763,0.43804658733655244,FALSE,0.947452287983719,0.6590081402408311
OPC.4,Astro.5,208,0.12373915177118837,0.07498271984964507,37,0.31270744428639163,0.05995351094669519,FALSE,0.19684832228711358,0.1880666643214511
OPC.4,Macro,184,0.17315790487565255,0.01884432632583838,31,0.2745967741935484,0.13475290218730565,FALSE,0.07146842027601243,0.3138081283813967
OPC.4,Micro.2,206,0.16481243157724948,0.01800737786996939,37,0.32242769084874345,0.05212643602713987,FALSE,0.06980708193263449,0.17146379949676738
OPC.4,Micro.3,187,0.08664239390146775,0.23812435462451834,32,0.11107038123167155,0.5435950652991143,FALSE,0.4304217610139472,0.7410749250385806
OPC.4,Micro.4,150,0.15203697942130762,0.06332529548537112,25,0.35,0.08689124198746248,FALSE,0.17674728270133971,0.2355366240662423
OPC.4,Micro.5,208,0.035670469880996196,0.6087151076603361,37,-0.0433854907539118,0.7982841808722382,FALSE,0.7671563856830367,0.9000016380688661
OPC.4,OPC.2,207,0.23051081815328336,8.575410572408186e-4,37,0.3885727833096254,0.018077445684084103,FALSE,0.006606841478742156,0.0830585342241702
OPC.4,OPC.4,205,0.16279060049309801,0.01978448439580589,37,0.23565670934091987,0.15986271735538954,TRUE,0.07389022373433603,0.3503437083847395
OPC.4,OPC.5,207,0.16367530387158924,0.018536179496170875,37,0.2550972024656235,0.12741017313053427,FALSE,0.07073775664426579,0.3037779463861145
OPC.4,Oligo.1,208,0.16945506819648695,0.014495670109235,37,0.1116642958748222,0.5091423352474198,FALSE,0.05938861499602968,0.7178811405038669
OPC.4,Oligo.2,202,0.10028601566134115,0.1554715888498315,37,0.1341868183973447,0.42702350069760825,FALSE,0.32611763072096506,0.6498183706267951
OPC.4,Oligo.3,208,0.09940498098392833,0.15302729063585846,37,0.21313418681839733,0.20456983077711466,FALSE,0.3226479019430751,0.4144581548077402
OPC.4,Oligo.4,208,-0.03795613234972502,0.5859405848998656,37,-0.25154101469890944,0.13294223426949328,FALSE,0.7501237215142704,0.3114198007494035
OPC.4,Oligo.5,201,0.1665671641791045,0.018205250514204106,37,0.2377904220009483,0.15603138225351487,FALSE,0.07013028893050323,0.3453526228103103
OPC.4,Vasc.Endo,208,0.2524843577475156,2.444531200691268e-4,37,0.37743006164058795,0.02190650014592592,FALSE,0.0025950545609994295,0.0956569745441386
OPC.4,Vasc.PC,207,0.15419386087389467,0.026621245735034736,37,0.24110953058321477,0.15020608872253935,FALSE,0.0913474118359035,0.33853266208299587
OPC.4,Vasc.VLMC,197,0.04419885166803223,0.5371024477291949,32,0.12609970674486803,0.49008920747650503,FALSE,0.717503269867245,0.7018124631733346
OPC.4,Excit.L2,208,-0.07916206600417126,0.255476655946276,37,-0.2498814604077762,0.13558455557380794,FALSE,0.450949428723614,0.31442712530952294
OPC.4,Excit.L2_5.1,207,-0.0932693660637941,0.18117071305062982,37,-0.14841156946420103,0.37927315321728927,FALSE,0.3555672415861926,0.6123949149641441
OPC.4,Excit.L2_5.2,208,-0.0323099859713132,0.6428906344146524,37,-0.05784732100521574,0.7330407579239653,FALSE,0.7922947959335505,0.866254718897238
OPC.4,Excit.L5.1,208,-0.18905122337616614,0.00631037557607111,37,-0.31673779042200095,0.056601033319940326,FALSE,0.03234397523300046,0.18120287772678217
OPC.4,Excit.L5.2,203,-0.010493442853413132,0.8817811290260099,36,0.11866151866151867,0.4891879077212324,FALSE,0.9427705190598398,0.701793711240074
OPC.4,Excit.L5_6_NP,193,-0.12029772715132739,0.09561039892008379,36,0.02290862290862291,0.8945259778157336,FALSE,0.23034159753378497,0.950433851429217
OPC.4,Excit.L6_CT,206,-0.18822596752772086,0.006812531357900345,37,-0.2465623518255097,0.1409865547236562,FALSE,0.03392419070499155,0.32376909486946975
OPC.4,Excit.L6b,205,0.09693694195651265,0.16662713113531152,37,0.26126126126126126,0.11823400643394474,FALSE,0.3373855134557961,0.2900999333121531
OPC.4,Inhib.Pax6,194,0.1103828280047499,0.12540108281870824,35,0.4593837535014006,0.005954563789111353,FALSE,0.2813485832471018,0.0376911218566091
OPC.4,Inhib.Lamp5_Lhx6,205,-0.019205750024376314,0.7844264244372323,37,-0.008771929824561403,0.959248485565474,FALSE,0.8889198611800274,0.9756458955751403
OPC.4,Inhib.Pvalb,206,-0.009681282967325242,0.8900650499840294,37,-0.03058321479374111,0.8572179841388,FALSE,0.9439428448253152,0.9297387597389716
OPC.4,Inhib.Vip,207,0.024542433786840713,0.7253592986093229,37,0.09340919867235656,0.5811216372676775,FALSE,0.8454473271136256,0.7649720667572304
OPC.4,Inhib.Chandelier,196,0.024690610332379733,0.7309923897139406,36,-0.008236808236808238,0.9623655040154935,FALSE,0.8475618124385259,0.977469249619865
OPC.4,Inhib.Sst,207,0.10111239189964392,0.1470519212826582,37,0.3311996206733049,0.04579194254695941,FALSE,0.313284527950011,0.15749251916439796
OPC.5,Astro.1,69,0.1247351114358787,0.306399688031085,NA,NA,NA,FALSE,0.5038115675678915,NA
OPC.5,Astro.2,69,0.23138472780416516,0.05594428312676018,NA,NA,NA,FALSE,0.16356025496487167,NA
OPC.5,Astro.3,59,0.01092928112215079,0.9344901414950918,NA,NA,NA,FALSE,0.963594632433912,NA
OPC.5,Astro.4,68,-0.017253884032522804,0.888755915676668,NA,NA,NA,FALSE,0.9439428448253152,NA
OPC.5,Astro.5,69,0.18998903909389844,0.11779019276361564,NA,NA,NA,FALSE,0.27071854809649,NA
OPC.5,Macro,62,0.11878320868273275,0.3568984201871279,NA,NA,NA,FALSE,0.5534184363661161,NA
OPC.5,Micro.2,69,0.17522835221044944,0.1495621940959818,NA,NA,NA,FALSE,0.31786979394790577,NA
OPC.5,Micro.3,63,0.1546178955453149,0.2256916929139874,NA,NA,NA,FALSE,0.4126452594322904,NA
OPC.5,Micro.4,51,-0.0518552036199095,0.7170920152862091,NA,NA,NA,FALSE,0.842222165604608,NA
OPC.5,Micro.5,69,0.2530873218852759,0.036158125462995135,NA,NA,NA,FALSE,0.11780240343661978,NA
OPC.5,OPC.2,69,-0.16130800146145416,0.18504196595656108,NA,NA,NA,FALSE,0.35905846064384567,NA
OPC.5,OPC.4,69,-0.16854219948849108,0.16590807293696352,NA,NA,NA,FALSE,0.3364857439532787,NA
OPC.5,OPC.5,69,-0.06569236390208258,0.5909563334749395,NA,NA,NA,TRUE,0.7531928841023267,NA
OPC.5,Oligo.1,69,0.10997442455242969,0.36750323986088734,NA,NA,NA,FALSE,0.5601941515469909,NA
OPC.5,Oligo.2,67,0.015324447282305054,0.9018979174860965,NA,NA,NA,FALSE,0.947452287983719,NA
OPC.5,Oligo.3,69,0.1647058823529412,0.17586406664171766,NA,NA,NA,FALSE,0.34972967798068855,NA
OPC.5,Oligo.4,69,0.11340884179758862,0.35265984007802836,NA,NA,NA,FALSE,0.5499681738668895,NA
OPC.5,Oligo.5,67,0.00885944608508261,0.9432447775991495,NA,NA,NA,FALSE,0.9683119797875016,NA
OPC.5,Vasc.Endo,69,0.18045305078553162,0.13765369989314627,NA,NA,NA,FALSE,0.30165614019517745,NA
OPC.5,Vasc.PC,69,0.07588600657654367,0.5345732576670267,NA,NA,NA,FALSE,0.7164685346193738,NA
OPC.5,Vasc.VLMC,65,0.059003496503496504,0.6398212271786714,NA,NA,NA,FALSE,0.790101817836565,NA
OPC.5,Excit.L2,69,0.07420533430763611,0.5436826690796528,NA,NA,NA,FALSE,0.7188369670683582,NA
OPC.5,Excit.L2_5.1,69,0.24464742418706617,0.0430139457969595,NA,NA,NA,FALSE,0.13407654860375418,NA
OPC.5,Excit.L2_5.2,69,0.14307636097917428,0.2402660007885376,NA,NA,NA,FALSE,0.43219655061080553,NA
OPC.5,Excit.L5.1,69,0.26824990865911585,0.026134800949667927,NA,NA,NA,FALSE,0.0904382236252633,NA
OPC.5,Excit.L5.2,69,0.08304713189623678,0.4966275713599465,NA,NA,NA,FALSE,0.6881999716243602,NA
OPC.5,Excit.L5_6_NP,67,0.13117567243993936,0.2892657088223651,NA,NA,NA,FALSE,0.48642070702447965,NA
OPC.5,Excit.L6_CT,69,0.2901351845085861,0.015880383661846482,NA,NA,NA,FALSE,0.0635734313260194,NA
OPC.5,Excit.L6b,68,0.17952437301981142,0.14271500259861253,NA,NA,NA,FALSE,0.3072511040128302,NA
OPC.5,Inhib.Pax6,68,0.14803221742947664,0.22773698309637846,NA,NA,NA,FALSE,0.415764238886831,NA
OPC.5,Inhib.Lamp5_Lhx6,69,0.3169163317500914,0.008214515698568887,NA,NA,NA,FALSE,0.039307741135730025,NA
OPC.5,Inhib.Pvalb,69,0.20102301790281332,0.09764998362099928,NA,NA,NA,FALSE,0.2336324764433084,NA
OPC.5,Inhib.Vip,69,0.1255389112166606,0.3032743004049588,NA,NA,NA,FALSE,0.5020419162109115,NA
OPC.5,Inhib.Chandelier,67,0.09785298108388539,0.42991101228995743,NA,NA,NA,FALSE,0.6232437752132519,NA
OPC.5,Inhib.Sst,69,0.09645597369382536,0.42955671729055933,NA,NA,NA,FALSE,0.6232437752132519,NA
Oligo.1,Astro.1,243,0.1656413447272861,0.009758671715622702,67,0.06987788331071915,0.5733431520730896,FALSE,0.04431572404534248,0.761940904482611
Oligo.1,Astro.2,243,0.053057483261159354,0.4100141758248667,67,-0.06257482640274564,0.6141404807247501,FALSE,0.6029620232718629,0.7900834292567056
Oligo.1,Astro.3,194,0.015120000986140613,0.8341120237751332,50,-0.13392557022809123,0.35271147135270536,FALSE,0.9199536238954382,0.5821451468928146
Oligo.1,Astro.4,236,0.10475790511578649,0.10841618009360482,64,0.04679487179487179,0.7128528807660428,FALSE,0.2558956081207435,0.8547158060860858
Oligo.1,Astro.5,243,0.1437968022667476,0.025057380637459957,67,0.11736770691994575,0.34335985648877426,FALSE,0.08820486000255301,0.5730690451916428
Oligo.1,Macro,213,0.09271286331993016,0.17750428738372834,55,0.10541125541125541,0.4426330370789129,FALSE,0.35165957001193365,0.6617252689998824
Oligo.1,Micro.2,241,0.143601899797675,0.025870731384790697,66,0.2219183801273354,0.07343539993031285,FALSE,0.08991635918718369,0.21260077698076144
Oligo.1,Micro.3,215,0.18045231712912654,0.008066303923670842,58,0.15617213694669171,0.24102726306047106,FALSE,0.03906946473747605,0.454785239748398
Oligo.1,Micro.4,168,0.2860939152970476,1.8081709885527878e-4,42,0.34932339356616154,0.023891615121369697,FALSE,0.0020509346860899677,0.10039232345663947
Oligo.1,Micro.5,243,-0.021527579153013825,0.73828584317902,67,-0.11712826243115972,0.34435060492374636,FALSE,0.8548205651174854,0.5739176748729107
Oligo.1,OPC.2,242,0.2546488397110804,6.491300720381493e-5,67,0.2237209673557347,0.06890685096412746,FALSE,9.246329514496894e-4,0.2044866649558895
Oligo.1,OPC.4,232,0.18154525657855541,0.005606706969613935,61,0.02786885245901639,0.8308239778624588,FALSE,0.029861808859900304,0.9137528037489149
Oligo.1,OPC.5,241,0.1438119406056034,0.025652540596044323,66,-0.05483769961381903,0.6611599139409522,FALSE,0.08978389208615513,0.822991943085495
Oligo.1,Oligo.1,243,0.2195886669309421,5.817999527267671e-4,66,0.2915979542845215,0.017827648416714283,TRUE,0.005021615315293155,0.08254825531474708
Oligo.1,Oligo.2,237,0.24959299317238157,1.0799878403047573e-4,61,0.3304600740349022,0.009582859873047819,FALSE,0.001392615899340345,0.05328786564919114
Oligo.1,Oligo.3,244,0.18536857365897177,0.003708357553190356,67,0.1872455902306649,0.1290204031432712,FALSE,0.02205212622649605,0.3058451787659218
Oligo.1,Oligo.4,244,-0.05568814046565802,0.38618434887208886,67,-0.019873892569239368,0.8729514090843481,FALSE,0.5776261628428679,0.9414558120062364
Oligo.1,Oligo.5,235,0.35532469694027574,2.658235760307924e-8,60,0.4679633231453182,1.9308075000863927e-4,FALSE,2.7136156719810055e-6,0.0029084315507630475
Oligo.1,Vasc.Endo,243,0.24483701060948945,1.2080130933375894e-4,67,0.30928246468193793,0.011147936918638201,FALSE,0.0014947636760995423,0.059330037640847974
Oligo.1,Vasc.PC,242,0.17606764658191792,0.0060856975613022566,67,0.18648734934950914,0.13059861951110935,FALSE,0.03145560975778593,0.30774724201627746
Oligo.1,Vasc.VLMC,227,0.09056895288785297,0.1737588855424607,62,0.17478784215960314,0.17382118032706667,FALSE,0.3474534621032893,0.37069391503442534
Oligo.1,Excit.L2,244,0.009161162947267553,0.8867094878552144,67,-0.10236251895602205,0.4088783485185572,FALSE,0.9439428448253152,0.6341137426810263
Oligo.1,Excit.L2_5.1,241,-0.0722934741606941,0.2633934592938945,66,-0.1212608287235153,0.3312639488893233,FALSE,0.45915171117223935,0.5599490045146233
Oligo.1,Excit.L2_5.2,243,0.11784679047470899,0.06668573617241629,67,0.0174794476813792,0.8881680570332621,FALSE,0.18357309395777516,0.9462130598653374
Oligo.1,Excit.L5.1,240,-0.10831090817548913,0.09409553946590521,64,-0.164514652014652,0.19345161793546456,FALSE,0.2287139151854662,0.3962262054099877
Oligo.1,Excit.L5.2,234,0.20940881174649786,0.001300708278887506,63,0.16729070660522274,0.18956277480040135,FALSE,0.009317939424778918,0.39174018946213285
Oligo.1,Excit.L5_6_NP,218,-0.07470742800154516,0.2718679403083401,60,-0.14326201722700752,0.2740499135936092,FALSE,0.4684081953273089,0.4926310002735011
Oligo.1,Excit.L6_CT,238,-0.1079930515715634,0.09647058519640855,64,-0.14954212454212454,0.2376023143976335,FALSE,0.23126510149823967,0.45167213120316907
Oligo.1,Excit.L6b,238,0.07095078908635642,0.27541390852946745,63,0.019873271889400922,0.8769274559421508,FALSE,0.4733499701056558,0.9414558120062364
Oligo.1,Inhib.Pax6,221,0.10161428396722515,0.13201002114756624,63,0.06466013824884793,0.6138022854861196,FALSE,0.29293254898192705,0.7900834292567056
Oligo.1,Inhib.Lamp5_Lhx6,238,0.09585778064204865,0.14028570433708137,65,-0.07740384615384616,0.5390678277773403,FALSE,0.305285186257888,0.7389388529273644
Oligo.1,Inhib.Pvalb,240,-0.10135853053004391,0.11728375762708514,65,-0.1904283216783217,0.1284784684624976,FALSE,0.2702115536670161,0.30516841810453527
Oligo.1,Inhib.Vip,241,0.12134957648914649,0.06000749958059338,66,-0.017680826636050518,0.8877619369366695,FALSE,0.17095159764238813,0.9462130598653374
Oligo.1,Inhib.Chandelier,218,-0.006361960514725172,0.9255353950785397,60,-0.037732703528757995,0.7741963823232353,FALSE,0.9594011094061423,0.8865099305452816
Oligo.1,Inhib.Sst,240,0.09168995989513706,0.15666880312886766,65,0.05716783216783217,0.6502846235869697,FALSE,0.3280671518510477,0.817275620072552
Oligo.2,Astro.1,223,0.0925656197517184,0.1682381895310111,72,0.0617081484339829,0.60584344331081,FALSE,0.34008544913446964,0.7836453234128955
Oligo.2,Astro.2,223,-0.04860449815606766,0.46989764947421164,72,-0.03800887516882115,0.7507542273542305,FALSE,0.6625930469316155,0.8779115347037858
Oligo.2,Astro.3,179,0.09696399054254806,0.1964243846996688,52,0.1630666780500299,0.2472810421671336,FALSE,0.3765569190251867,0.4619535952572825
Oligo.2,Astro.4,217,0.02361457555301888,0.7292122981799672,70,0.026961770623742453,0.8243182685525606,FALSE,0.8475190372585009,0.9106473446216617
Oligo.2,Astro.5,224,0.049916720051249204,0.4569658043280857,73,0.07185610267802048,0.5449516975882673,FALSE,0.6501545996537805,0.7411343087200436
Oligo.2,Macro,194,0.02367641439272228,0.742930834473873,56,0.1814764183185236,0.18025036804365313,FALSE,0.8575839128512209,0.378971621858564
Oligo.2,Micro.2,222,0.10559367272635539,0.11664129635857189,72,0.20329281625828033,0.08679408284680645,FALSE,0.2701050813596419,0.2355366240662423
Oligo.2,Micro.3,197,0.11098292570373788,0.12045579277930908,60,0.28930258405112536,0.025307859211755716,FALSE,0.27529542193032397,0.10493502599996272
Oligo.2,Micro.4,153,0.17444681221771005,0.031148533370336566,43,0.5073995771670191,6.090503008911693e-4,FALSE,0.10368737331158231,0.006649264752848546
Oligo.2,Micro.5,224,-0.03492739696775572,0.6028157446489366,73,-0.034585955818832524,0.7709900099699174,FALSE,0.7636497282264191,0.8855966330735539
Oligo.2,OPC.2,222,0.19061942855137262,0.004423073366021088,72,0.24991960897806936,0.03449955164139676,FALSE,0.02496896255011905,0.12991919763690551
Oligo.2,OPC.4,214,0.11402358948299665,0.0961587849799115,69,0.18702959444647427,0.12370260675597847,FALSE,0.2309696305890031,0.2961893401199484
Oligo.2,OPC.5,222,0.018118741674531702,0.7881852229396648,72,0.02694707055116085,0.821877644907359,FALSE,0.8923538799455539,0.9106257792954577
Oligo.2,Oligo.1,224,0.1604890027759983,0.016292158673714495,72,0.2897613994469098,0.013819555490973497,FALSE,0.06500942793257412,0.06880866541530738
Oligo.2,Oligo.2,219,0.26198315948221695,9.220454949268307e-5,69,0.41143587869930587,4.95696835650133e-4,TRUE,0.0012145222917046964,0.0060191758614659
Oligo.2,Oligo.3,225,0.10317425200168565,0.12274509734167864,73,0.12041836356904849,0.3094718704239057,FALSE,0.2794846547277999,0.5337268489919534
Oligo.2,Oligo.4,225,-0.04406658238516647,0.5104846730692274,73,-0.016228557324447734,0.8914347532429365,FALSE,0.6989302889390262,0.9479958501868583
Oligo.2,Oligo.5,218,0.2849191130436696,2.103172249342031e-5,70,0.37321319219665816,0.0015672589524229317,FALSE,3.823736659268413e-4,0.013960084401763719
Oligo.2,Vasc.Endo,224,0.19919709587871026,0.002791210782471184,73,0.261446377884734,0.02573970305362788,FALSE,0.017624913446016497,0.10598701257376185
Oligo.2,Vasc.PC,223,0.1924485343767855,0.0039700123759393345,73,0.27705787979760577,0.017918135926185356,FALSE,0.023269211294381264,0.08264566570604874
Oligo.2,Vasc.VLMC,208,0.09102244056477465,0.19086527868586942,64,0.20906593406593407,0.09731964479840767,FALSE,0.36878543594667196,0.2539701256800551
Oligo.2,Excit.L2,225,-0.040636325326590825,0.5439688722223412,73,0.022892755769468094,0.8472719368492369,FALSE,0.7188369670683582,0.9250033072023778
Oligo.2,Excit.L2_5.1,222,-0.1469422875384363,0.028682396011433978,72,-0.14650459836645444,0.21892282462705306,FALSE,0.09639984336422619,0.4320367517515641
Oligo.2,Excit.L2_5.2,224,0.002039291052743968,0.9757741217874529,73,0.07089966679007774,0.5503286883405595,FALSE,0.9870547474728572,0.7458677561020155
Oligo.2,Excit.L5.1,222,-0.16493763816369988,0.01395452745712858,72,-0.2023602804038845,0.08827379757153318,FALSE,0.05794676655926274,0.23819913630413717
Oligo.2,Excit.L5.2,218,0.06426651546995978,0.3446854956600545,72,0.1309408965206766,0.27225960899146606,FALSE,0.5408724339281075,0.4916372301970328
Oligo.2,Excit.L5_6_NP,204,-0.11963446438289362,0.08831203404242333,65,-0.15852272727272726,0.20669986148152186,FALSE,0.21943659574435817,0.41619769063115236
Oligo.2,Excit.L6_CT,220,-0.15906301595262112,0.018314982952738548,71,-0.2912810194500335,0.013991324877645159,FALSE,0.07033183108810258,0.0693736525183239
Oligo.2,Excit.L6b,219,-0.059433089218184104,0.3811381930000432,70,-0.043968156766687076,0.7172084060727162,FALSE,0.5714740347919864,0.8569056257294501
Oligo.2,Inhib.Pax6,205,0.09534760624590825,0.17371398016767792,65,0.15782342657342657,0.20872909706841591,FALSE,0.3474534621032893,0.41816098570945276
Oligo.2,Inhib.Lamp5_Lhx6,219,-0.0527677173900625,0.43688187796967143,71,-0.1465459423205902,0.22212085422135872,FALSE,0.6311088449443957,0.4361779150551433
Oligo.2,Inhib.Pvalb,223,-0.07648748203680938,0.25513523814198313,73,-0.2772738491916574,0.017826201855988055,FALSE,0.450949428723614,0.08254825531474708
Oligo.2,Inhib.Vip,222,0.02801854265847935,0.6777727475250679,72,0.07498874525692971,0.5304534457081601,FALSE,0.8171964721635908,0.7348540167551927
Oligo.2,Inhib.Chandelier,201,-0.0633796364711098,0.3710878348785489,63,0.03221006144393241,0.8016996691182875,FALSE,0.5629507206291238,0.9000213266516625
Oligo.2,Inhib.Sst,222,-0.011397494119730997,0.8658007937464468,73,-0.053745526348266064,0.6508760554102603,FALSE,0.9377594804061868,0.817275620072552
Oligo.3,Astro.1,268,0.2350997196466188,1.0669883310755168e-4,177,0.2700697702602102,2.9152005028573757e-4,FALSE,0.0013904901123058596,0.004033823951628229
Oligo.3,Astro.2,269,0.0582847842571529,0.3407211234925455,178,0.0844499956911639,0.26211113396896457,FALSE,0.5371729424432025,0.48060439048238496
Oligo.3,Astro.3,207,-0.015186814733036768,0.8279214591660098,133,-0.032911314922312564,0.7065185888767878,FALSE,0.9161732497546179,0.8518309227592477
Oligo.3,Astro.4,258,0.18475485193429272,0.0029321927935896538,169,0.2522102332057083,9.716883129746819e-4,FALSE,0.018420185498191414,0.009556273491238608
Oligo.3,Astro.5,270,0.15706815060715662,0.009799403620680868,178,0.17869328427998285,0.017113510595371396,FALSE,0.04431572404534248,0.08081380003369826
Oligo.3,Macro,231,0.18864366518039682,0.004060119477266435,154,0.2666157372039725,8.635095761200577e-4,FALSE,0.023465477948974245,0.00870827453883787
Oligo.3,Micro.2,267,0.18079220355097034,0.003067686268249366,176,0.2142769095311468,0.004364161550968388,FALSE,0.019005125059505596,0.030019377142499318
Oligo.3,Micro.3,232,0.33070658806932307,2.9760035934716677e-7,155,0.46090683510038344,2.4016389717561906e-9,FALSE,1.6442713792988264e-5,1.4289751881949334e-6
Oligo.3,Micro.4,174,0.3046453486716592,4.743421726375707e-5,122,0.3375674523578998,1.5624495519417543e-4,FALSE,6.917490017631239e-4,0.0025823818983481774
Oligo.3,Micro.5,270,0.0640932431629149,0.2938138530109197,178,0.05115386374928319,0.4973363798716789,FALSE,0.4909769934984762,0.707085175683749
Oligo.3,OPC.2,268,0.22452895706921303,2.1814871025799544e-4,177,0.3015529509530652,4.906310036874288e-5,FALSE,0.002386001518446825,0.001122790181515462
Oligo.3,OPC.4,255,0.17207112667901805,0.005926704378418922,169,0.26989458505295605,4.0546414170712105e-4,FALSE,0.031026550698987944,0.0051330034960795105
Oligo.3,OPC.5,267,0.1402294096804984,0.02197725712987359,176,0.22462469733656173,0.0027813919195969934,FALSE,0.07965130172809215,0.020948458128610268
Oligo.3,Oligo.1,269,0.0780699969791686,0.20166811062343895,177,0.09317705718391302,0.21714888228576126,FALSE,0.3835486877527252,0.4292477905648769
Oligo.3,Oligo.2,260,0.06956907646562818,0.2634968595543545,169,0.09101983988861816,0.23896419003346225,FALSE,0.45915171117223935,0.4535365010204467
Oligo.3,Oligo.3,271,0.19898403395798664,0.001009809794952457,178,0.23580610875927865,0.0015719758906187719,TRUE,0.00768333539637739,0.013960084401763719
Oligo.3,Oligo.4,271,-0.21131249547789593,4.741109941549266e-4,178,-0.19507324489402925,0.009162344316004278,FALSE,0.004364161287992262,0.05191995112402424
Oligo.3,Oligo.5,259,0.26023856721531136,2.373232471428835e-5,169,0.2953508030431107,1.0380899390126735e-4,FALSE,4.0946616584511595e-4,0.0020251262744673468
Oligo.3,Vasc.Endo,270,0.29606045502834205,8.209424955311967e-7,178,0.3600644303984663,9.496750794360007e-7,FALSE,3.047438051593079e-5,8.072238175206006e-5
Oligo.3,Vasc.PC,269,0.26723137719087336,9.550627054700199e-6,177,0.35372915981371517,1.6095408132529763e-6,FALSE,2.2162997093563952e-4,1.0103308482013293e-4
Oligo.3,Vasc.VLMC,249,0.2173424018655266,5.684259025693173e-4,167,0.32527543879538684,1.9935991345807258e-5,FALSE,0.004973726647481526,5.517169698025729e-4
Oligo.3,Excit.L2,271,-0.027690953380122035,0.6497505084746107,178,-0.06349522144757742,0.3994209674354012,FALSE,0.7959443728813982,0.6334627179684654
Oligo.3,Excit.L2_5.1,267,-0.018581377138973544,0.762333395861757,176,0.03050187101034559,0.6875052389114333,FALSE,0.8695143481663429,0.8403879141456224
Oligo.3,Excit.L2_5.2,268,0.010638715698480154,0.8622856167835439,177,-0.01935778466439293,0.7979650398460236,FALSE,0.9372669747647215,0.9000016380688661
Oligo.3,Excit.L5.1,266,-0.0902717892887827,0.1419347802827215,175,-0.18238244514106586,0.01581037070557235,FALSE,0.30664921666020073,0.07586427878883507
Oligo.3,Excit.L5.2,257,0.16236370011763637,0.009182953524002743,167,0.1955563915198862,0.011423997165939915,FALSE,0.0425211854390848,0.06042025167763777
Oligo.3,Excit.L5_6_NP,241,0.007310277425328351,0.9100497800096693,159,0.07046214473369954,0.3770692850629489,FALSE,0.9495834586983347,0.6115528301064795
Oligo.3,Excit.L6_CT,263,-0.046522535311610276,0.452233315005801,172,-0.024338302403407362,0.7510742750601442,FALSE,0.645671108254203,0.8779115347037858
Oligo.3,Excit.L6b,263,0.08896177401097144,0.150151789766419,172,0.11939210844694743,0.11869895560148493,FALSE,0.31822827415893296,0.2905367741211758
Oligo.3,Inhib.Pax6,247,0.17667876038823077,0.005414002964834805,161,0.23012709914883828,0.003384577108388335,FALSE,0.02934581253063113,0.024409980357467383
Oligo.3,Inhib.Lamp5_Lhx6,264,0.1431914380189005,0.020005778123932023,173,0.20086125777009334,0.008144361670497327,FALSE,0.07426387333883856,0.04748874549780182
Oligo.3,Inhib.Pvalb,267,-0.08165138655795955,0.18334774641828497,175,-0.12502239140170177,0.09922178547583836,FALSE,0.35799856738594305,0.2572416660484698
Oligo.3,Inhib.Vip,267,0.15953265689798873,0.009080260224483041,176,0.25798371120405017,5.684930670719235e-4,FALSE,0.042455415171724145,0.0063821391492036705
Oligo.3,Inhib.Chandelier,243,0.05791229064949878,0.3684684048805641,157,0.10893146199120561,0.1742675571643467,FALSE,0.5601941515469909,0.3709810250904697
Oligo.3,Inhib.Sst,267,0.15623601179705932,0.010631375137539489,175,0.204948499776086,0.006597343771085857,FALSE,0.04701600918225947,0.039851975063919645
Oligo.4,Astro.1,243,0.2419232898616902,1.46069161958292e-4,69,0.22005845816587508,0.06936065994118781,FALSE,0.0017205261865279584,0.20485544363796412
Oligo.4,Astro.2,243,0.0700146020563308,0.276767531666306,69,0.14333211545487762,0.2394198657484052,FALSE,0.47484625530983876,0.45367777108376145
Oligo.4,Astro.3,192,0.0691750535767572,0.34007525240898484,54,0.2336954450161997,0.08905038052579854,FALSE,0.5368455981971733,0.2389395020832694
Oligo.4,Astro.4,235,0.16595652214115972,0.010900577531506013,69,0.2017172086225795,0.0964795180503399,FALSE,0.0475203113028287,0.2534450915671181
Oligo.4,Astro.5,244,0.12472564010425057,0.05171783052218407,69,0.15706978443551337,0.19697158007974694,FALSE,0.155280250955087,0.4026943744627499
Oligo.4,Macro,214,0.11345420928089729,0.09783955952278955,62,0.29238749968522576,0.02144025797319959,FALSE,0.2336324764433084,0.09449595180780561
Oligo.4,Micro.2,241,0.16039316210006518,0.012733217806744673,68,0.2903385883879833,0.01660804956851713,FALSE,0.05397298205281046,0.07900671097837349
Oligo.4,Micro.3,213,0.31942598990167415,2.20411726237503e-6,63,0.5573636712749617,3.168076074654574e-6,FALSE,6.279171270719562e-5,1.5080042115355773e-4
Oligo.4,Micro.4,165,0.22807148772473493,0.0032813151889923464,49,0.3391836734693877,0.017549699792058285,FALSE,0.01970397601233149,0.08189859902960533
Oligo.4,Micro.5,244,0.07881160964689457,0.21978201228646407,69,0.18556814029959812,0.1267050330039245,FALSE,0.40423044774594985,0.3027690547684139
Oligo.4,OPC.2,242,0.2319616805974155,2.8311487567165053e-4,69,0.37446108878333945,0.001634613112719056,FALSE,0.002855480387922791,0.014408811882486492
Oligo.4,OPC.4,231,0.17791526314764697,0.006770022216193083,66,0.34403506940820383,0.004881934306636768,FALSE,0.03385011108096542,0.03300853309600997
Oligo.4,OPC.5,242,0.12578570820743584,0.050703520815917835,69,0.2138107416879796,0.07780615486749502,FALSE,0.15298476108251072,0.21964471839186978
Oligo.4,Oligo.1,243,0.09875957789519636,0.12464699817541323,69,0.25195469492144684,0.03702127988183362,FALSE,0.28116493877111703,0.13513902778951534
Oligo.4,Oligo.2,236,0.13587258692546117,0.037054339023317034,66,0.3203632188706816,0.008991357931305243,FALSE,0.11918534654195681,0.05119481310169014
Oligo.4,Oligo.3,245,0.13364694938351193,0.03663014853965879,69,0.2525027402265254,0.03660149599164263,FALSE,0.1187088147118572,0.1341887875898553
Oligo.4,Oligo.4,245,-0.10410366465658638,0.10401489031890833,69,0.14687614176105226,0.22790713656202177,TRUE,0.24693457488500525,0.44099104472976575
Oligo.4,Oligo.5,234,0.2307533090292656,3.8489440195556946e-4,66,0.43667675607974127,2.8285778883465826e-4,FALSE,0.0037125641133509656,0.003960009043685216
Oligo.4,Vasc.Endo,244,0.3053145484058833,1.318580266394202e-6,69,0.5249543295579102,5.143305307558174e-6,FALSE,4.118778100078716e-5,1.9743655858045896e-4
Oligo.4,Vasc.PC,243,0.2791142088211139,1.0887776989511816e-5,69,0.4042747533796128,6.309558649932552e-4,FALSE,2.469912372620736e-4,0.0067948730604713015
Oligo.4,Vasc.VLMC,231,0.13620008177729317,0.038662584071111304,66,0.36925164387850956,0.002423556146084406,FALSE,0.1226986152515838,0.019002122507013604
Oligo.4,Excit.L2,245,-0.07560078009612484,0.23822526854486217,69,-0.0668980635732554,0.5841492079862856,FALSE,0.4304217610139472,0.7672599972446797
Oligo.4,Excit.L2_5.1,241,-0.07454905524501904,0.24875692555717205,69,-0.1388381439532335,0.25458979882746435,FALSE,0.4435171902099812,0.4704376717464015
Oligo.4,Excit.L2_5.2,243,-0.007799471783575111,0.9036591189660674,69,-0.02758494702228718,0.8216336737031452,FALSE,0.947452287983719,0.9106257792954577
Oligo.4,Excit.L5.1,242,-0.1839760613808143,0.0041315724737939225,69,-0.3080014614541469,0.010293799395558969,FALSE,0.023650356450455864,0.056190923306032904
Oligo.4,Excit.L5.2,236,0.1154514372315319,0.07672318300434544,67,0.06967834623673079,0.5744408644548692,FALSE,0.19996999825600673,0.761940904482611
Oligo.4,Excit.L5_6_NP,219,-0.06060872645012397,0.37177725141956014,60,-0.13964990275076414,0.2864269875237794,FALSE,0.5629507206291238,0.5079703653551377
Oligo.4,Excit.L6_CT,238,-0.14673459023988808,0.023647498138807857,68,-0.22605641867389392,0.06394986844908564,FALSE,0.08396575426098442,0.19613490581034
Oligo.4,Excit.L6b,239,0.033849899792553005,0.6023209195742133,67,-0.023305930241838933,0.8512225478910679,FALSE,0.7636497282264191,0.927614315009497
Oligo.4,Inhib.Pax6,222,0.14690499602132415,0.02872321863505515,64,0.13438644688644688,0.28895348065883497,FALSE,0.09639984336422619,0.510928145592888
Oligo.4,Inhib.Lamp5_Lhx6,240,0.14292348825500442,0.026905221547694883,68,0.20750467610795129,0.08954530986052196,FALSE,0.09192551705734889,0.23944862726545302
Oligo.4,Inhib.Pvalb,241,-0.05238846404444293,0.41789147753202427,68,-0.019582394930717256,0.8738426265070295,FALSE,0.6116993555419242,0.9414558120062364
Oligo.4,Inhib.Vip,242,0.19610286188935755,0.002215252722539275,69,0.19386189258312023,0.11038506092579554,FALSE,0.014434492473992616,0.27538411425932224
Oligo.4,Inhib.Chandelier,217,0.048820445609436436,0.4740338663429396,62,0.08146357432449448,0.5281158127113477,FALSE,0.6674614784713804,0.7338000331924183
Oligo.4,Inhib.Sst,242,0.12046911971468742,0.06135608954073952,69,0.257215929850201,0.03315316147673184,FALSE,0.17398428168381,0.12649800748960421
Oligo.5,Astro.1,239,0.2481101227101719,1.1124544655480981e-4,110,0.22302819917498815,0.019355880686864283,FALSE,0.0013971260892026106,0.08764729353761348
Oligo.5,Astro.2,239,0.060266868253577584,0.353326492108769,110,0.08351554223113856,0.38514216643531457,FALSE,0.5499681738668895,0.6185144103347158
Oligo.5,Astro.3,183,0.03267918823870357,0.6602555610699219,76,-0.0048393711551606286,0.9669180997652815,FALSE,0.8023939110224745,0.9782945806318656
Oligo.5,Astro.4,231,0.15117311474133063,0.021619521983040912,106,0.29461672166662467,0.0022564960791217692,FALSE,0.07882117389650332,0.01814344820374936
Oligo.5,Astro.5,240,0.14289136964183405,0.026939804590684287,110,0.14787548182043592,0.12303857259835047,FALSE,0.09192551705734889,0.2953936410436575
Oligo.5,Macro,209,0.21889952153110048,0.0014843936361863285,97,0.28729223648222174,0.00445828573164122,FALSE,0.01034568297957027,0.03049057483133938
Oligo.5,Micro.2,237,0.22085100935890337,6.337449246489378e-4,109,0.2504865165415624,0.008764353381722302,FALSE,0.005317380360924307,0.050142214058892014
Oligo.5,Micro.3,207,0.3329572144472947,1.1011528801694918e-6,90,0.451751245009672,9.875366259877015e-6,FALSE,3.549769153177967e-5,3.264357180348236e-4
Oligo.5,Micro.4,161,0.3243098688750863,2.9895126048932554e-5,75,0.4947368421052631,8.549846444583848e-6,FALSE,4.948855325667889e-4,2.9069477911585086e-4
Oligo.5,Micro.5,240,0.11441344467785897,0.07689933722094194,110,0.056096296463268934,0.5599634389452043,FALSE,0.2000035840672057,0.7537969370416212
Oligo.5,OPC.2,237,0.24326838652216948,1.6233427108972828e-4,109,0.37585951255676026,6.377541018450331e-5,FALSE,0.0018814408394332049,0.0014054210762881286
Oligo.5,OPC.4,225,0.18359460598398655,0.005804528117801675,100,0.34238223822382235,5.256251716609285e-4,FALSE,0.03064890924270281,0.006206193162418246
Oligo.5,OPC.5,237,0.1121319585547156,0.08496923849127137,109,0.1518394958761931,0.11491377241593542,FALSE,0.21410436484244497,0.28370827629660406
Oligo.5,Oligo.1,238,0.035268659659192306,0.5879780615606702,108,0.053740699457924875,0.580136138121343,FALSE,0.7502845056373136,0.7646100372902047
Oligo.5,Oligo.2,232,0.08271652869847336,0.20922417203397453,103,0.1537802574353117,0.12082215914410946,FALSE,0.3930975624871454,0.2918890700406183
Oligo.5,Oligo.3,241,0.1341757827235006,0.0374487470718517,110,0.1608412415751865,0.09321844159495077,FALSE,0.11983062735437733,0.2470022329220142
Oligo.5,Oligo.4,241,-0.22128099173553722,5.5529352082331e-4,110,-0.18590717489800057,0.05194970608636074,FALSE,0.004893773834593919,0.17146379949676738
Oligo.5,Oligo.5,230,0.23837567406961746,2.7441076392355354e-4,103,0.3640447216974916,1.7321447599574145e-4,TRUE,0.002809797491828611,0.002754475959622641
Oligo.5,Vasc.Endo,240,0.3264466396986058,2.701129980932438e-7,110,0.37200820503572796,7.085540017146396e-5,FALSE,1.6184119078365186e-5,0.0014537573483455535
Oligo.5,Vasc.PC,239,0.32348985619352344,3.6994434001807956e-7,110,0.40700132993710975,1.2226241750346536e-5,FALSE,1.81272726608859e-5,3.730571200746764e-4
Oligo.5,Vasc.VLMC,226,0.21139396774654656,0.0014210762220518854,103,0.3995848526116944,3.3757873472693326e-5,FALSE,0.01000470328743425,8.198340700511236e-4
Oligo.5,Excit.L2,241,-0.05887058056993931,0.36258871963069045,110,-0.23797759394089668,0.012462003850082866,FALSE,0.5580039969190902,0.06504291483157286
Oligo.5,Excit.L2_5.1,237,-0.08074420499802581,0.21536612284082993,109,-0.13893985728848113,0.14944058805937918,FALSE,0.40092567259423895,0.33750441614206017
Oligo.5,Excit.L2_5.2,236,0.008660364180821393,0.8946413431834707,107,-0.10610513528870082,0.27623900554032815,FALSE,0.9447721081032342,0.49432243096690304
Oligo.5,Excit.L5.1,237,-0.15232331937280383,0.019039012411726938,108,-0.36282831747120525,1.2628365285315986e-4,FALSE,0.07175085560649593,0.0023423480761728
Oligo.5,Excit.L5.2,230,0.09454949834672637,0.15281751855744663,104,0.07147124719940254,0.470308455841574,FALSE,0.3226479019430751,0.6850270042245692
Oligo.5,Excit.L5_6_NP,211,0.0068484051046869615,0.9211661021328975,93,-0.02084390200232759,0.8425501214635154,FALSE,0.9562953178922028,0.9223869774991567
Oligo.5,Excit.L6_CT,231,-0.1175918534239374,0.07448340808539003,104,-0.20214445748426332,0.03976287933512698,FALSE,0.1962197309776404,0.14167013894850633
Oligo.5,Excit.L6b,232,0.03777900359223432,0.5666980917102458,104,-0.015341939613784274,0.87698362970820265,FALSE,0.7353868245180625,0.9414558120062364
Oligo.5,Inhib.Pax6,217,0.116274891134317,0.0874957100549081,94,0.10870931618682944,0.2964003999230078,FALSE,0.21873927513727023,0.5209992258617124
Oligo.5,Inhib.Lamp5_Lhx6,233,0.15357483028046887,0.019078874597913558,106,0.049620878152001405,0.6129388356578899,FALSE,0.07175085560649593,0.7900834292567056
Oligo.5,Inhib.Pvalb,235,-0.10962578712308248,0.0936031772686647,106,-0.23897523742348287,0.013796718750563432,FALSE,0.22841412779704034,0.06880866541530738
Oligo.5,Inhib.Vip,238,0.20010468039766086,0.0019548518851258087,110,0.20612221896625563,0.03090931821677955,FALSE,0.012946874405260902,0.12081563368803641
Oligo.5,Inhib.Chandelier,211,0.09311327141962929,0.17769573374480566,93,0.01782996627972904,0.8650909575607925,FALSE,0.35165957001193365,0.9358711268157663
Oligo.5,Inhib.Sst,235,0.12385364365169634,0.05802507609003942,106,0.13167241857067283,0.17821146156877193,FALSE,0.16724874873011364,0.37668141965690694
Vasc.Endo,Astro.1,118,-0.03481496901237679,0.7078155884984663,44,0.039041578576462295,0.8008662540347117,FALSE,0.8353314989505021,0.9000016380688661
Vasc.Endo,Astro.2,118,-0.08803990957530339,0.3426182911528689,44,0.16279069767441862,0.29000610742429855,FALSE,0.5394696743730905,0.5120285872921592
Vasc.Endo,Astro.3,88,-0.04536648938043746,0.6741525909880314,32,0.08687683284457479,0.6351836064955024,FALSE,0.8151334841835487,0.8076051919314309
Vasc.Endo,Astro.4,116,0.01706070041902126,0.8555694681110817,44,0.17026074700493304,0.2682037057838805,FALSE,0.9347860137949471,0.48801591725201493
Vasc.Endo,Astro.5,118,-0.02392456330641774,0.7967849028457927,44,0.05285412262156448,0.7325741455778848,FALSE,0.8991786789437878,0.866254718897238
Vasc.Endo,Macro,111,0.05857318357318357,0.54087914412199,39,0.13785425101214577,0.4012638727152716,FALSE,0.718630099294401,0.6334627179684654
Vasc.Endo,Micro.2,118,0.05651543537884515,0.5427535431772506,44,0.1207892882311487,0.4334981499296811,FALSE,0.7187817193428453,0.6546482213405083
Vasc.Endo,Micro.3,107,0.024677207625541257,0.8005165997948637,37,0.13442389758179232,0.4262009138513031,FALSE,0.8996631511456037,0.6495257378133176
Vasc.Endo,Micro.4,78,0.19698023495491845,0.08392501148263258,26,0.09333333333333332,0.6490832418665845,FALSE,0.21241351046740684,0.817275620072552
Vasc.Endo,Micro.5,118,0.029789751624248132,0.7484616551310571,44,0.09471458773784355,0.539611649742756,FALSE,0.8600989939357834,0.7389388529273644
Vasc.Endo,OPC.2,118,0.1601240235337942,0.08327774610278209,44,0.04510218463706836,0.7706851452385255,FALSE,0.2115540425028904,0.8855966330735539
Vasc.Endo,OPC.4,115,0.16745048528367396,0.07370378429264852,42,0.12810955352078437,0.4174584232211655,FALSE,0.1948003984019542,0.6418288419033422
Vasc.Endo,OPC.5,118,0.10548208853293599,0.25522223614357403,44,0.10091613812544045,0.5132780790627378,FALSE,0.450949428723614,0.7211344912451688
Vasc.Endo,Oligo.1,117,-0.012213580302417239,0.8958854154137593,44,-0.11670190274841437,0.4493119670466448,FALSE,0.9452710024822181,0.6675171545387107
Vasc.Endo,Oligo.2,114,-0.004920921002004821,0.9585259958323151,43,-0.05768649954696466,0.712493175624388,FALSE,0.9754728050565143,0.8547158060860858
Vasc.Endo,Oligo.3,118,0.037064630284969265,0.6898753112914583,44,-0.034249471458773786,0.8249393592455053,FALSE,0.8236815363860004,0.9106473446216617
Vasc.Endo,Oligo.4,118,-0.0918453430916043,0.3220984848999985,44,-0.10909090909090909,0.47958924936698494,FALSE,0.5194014291416088,0.6934522560713391
Vasc.Endo,Oligo.5,111,0.16637416637416638,0.08097609652173311,41,0.057491289198606285,0.7202773365722769,FALSE,0.20752242309439972,0.859040850980684
Vasc.Endo,Vasc.Endo,118,0.1908669595608778,0.03856017950725371,44,0.29668780831571534,0.05090430718463446,TRUE,0.12269148025035272,0.1706369733794789
Vasc.Endo,Vasc.PC,118,0.13018453796120794,0.15979080335698445,44,0.3522198731501057,0.01953435278771517,FALSE,0.33176904086831516,0.08805257506583732
Vasc.Endo,Vasc.VLMC,117,0.09341515682836547,0.31596799811109455,43,0.18212020537601933,0.2415851485744429,FALSE,0.5147085075612909,0.454785239748398
Vasc.Endo,Excit.L2,118,0.015247298397846751,0.8696615649410462,44,-0.13093727977448907,0.395620656293689,FALSE,0.9386215128218339,0.630550224551463
Vasc.Endo,Excit.L2_5.1,117,-0.20638702812869966,0.025741048124952055,44,-0.329245947850599,0.0295797415455095,FALSE,0.08983699131927711,0.11760196695093383
Vasc.Endo,Excit.L2_5.2,117,-0.011149575147237334,0.904913613829348,43,0.0412262156448203,0.7924413979697438,FALSE,0.947452287983719,0.897914108481788
Vasc.Endo,Excit.L5.1,117,-0.10554631419622652,0.2569928717981848,44,-0.21804087385482734,0.15469649457696577,FALSE,0.4512045249927941,0.3453526228103103
Vasc.Endo,Excit.L5.2,115,0.15954391225439912,0.08854044250920325,43,0.2638175777710662,0.08750852036203872,FALSE,0.21955878962302425,0.23667077097915018
Vasc.Endo,Excit.L5_6_NP,105,-0.027099315778561058,0.7834475903321091,38,0.1548309443046285,0.35197903945439935,FALSE,0.8886326834785497,0.5821451468928146
Vasc.Endo,Excit.L6_CT,115,-0.04943580841158369,0.599313151069276,44,0.048484848484848485,0.7539825810470546,FALSE,0.7607861244143659,0.8779115347037858
Vasc.Endo,Excit.L6b,115,-0.09468160656513849,0.3136805039878681,43,-0.011929930534581698,0.9395923389098513,FALSE,0.5121013147639717,0.9680648340283315
Vasc.Endo,Inhib.Pax6,108,0.15154286585307764,0.11734901759253269,38,0.19072108545792754,0.25040171992474375,FALSE,0.2702115536670161,0.4663193219255791
Vasc.Endo,Inhib.Lamp5_Lhx6,118,0.02381500188080447,0.7976956002605644,44,0.14150810429880198,0.35831282707646656,FALSE,0.8991786789437878,0.5897541690470196
Vasc.Endo,Inhib.Pvalb,117,-0.1530144315065414,0.09951565460236533,44,-0.2295983086680761,0.13358577331017976,FALSE,0.2371725231282053,0.3117001377237528
Vasc.Endo,Inhib.Vip,118,0.0917942144263181,0.32236880788817956,44,0.30260747004933053,0.04629573086737937,FALSE,0.5194014291416088,0.1587663392858255
Vasc.Endo,Inhib.Chandelier,105,-0.008646070910221853,0.9301645080488028,36,0.05817245817245818,0.7353679823930643,FALSE,0.9623745965876548,0.8681427569918121
Vasc.Endo,Inhib.Sst,117,0.07727524764345338,0.4070584200648611,44,0.0052149400986610285,0.9734461617681032,FALSE,0.6015760414025928,0.9816957055119007
Vasc.VLMC,Astro.1,149,-0.07413749319789589,0.3684617294509549,40,0.19962476547842398,0.21605614723887664,FALSE,0.5601941515469909,0.427798361421403
Vasc.VLMC,Astro.2,150,-0.05441841859638207,0.5079280557725284,40,0.3020637898686679,0.05857809270109804,FALSE,0.6975469375799858,0.18490167192123785
Vasc.VLMC,Astro.3,116,-0.23825779417983314,0.010156513054717086,28,0.010946907498631635,0.9567073944325979,FALSE,0.04524264906192156,0.9755278644482875
Vasc.VLMC,Astro.4,148,-0.07510263310838576,0.36388660121808003,40,0.25797373358348963,0.10800874979100036,FALSE,0.5592987283464844,0.27173448678919754
Vasc.VLMC,Astro.5,151,0.020756361101429074,0.800078835959377,40,0.35272045028142585,0.026157965525576813,FALSE,0.8996631511456037,0.10660266772409728
Vasc.VLMC,Macro,135,0.19378597210028292,0.024459070656196822,36,0.4926640926640927,0.002551460081889699,FALSE,0.08634686326755363,0.019715827905511314
Vasc.VLMC,Micro.2,149,0.06892436060221295,0.40315581094783853,39,0.365587044534413,0.0226826100394583,FALSE,0.5979005670836589,0.0967466162973311
Vasc.VLMC,Micro.3,131,0.0020925639246249933,0.9810728268482899,35,0.31344537815126056,0.06714703991851656,FALSE,0.9897488004806196,0.20332055344283642
Vasc.VLMC,Micro.4,97,0.10424994740164105,0.3089680524491878,24,0.388695652173913,0.06144055513361218,FALSE,0.5059971447195923,0.19089885276500912
Vasc.VLMC,Micro.5,151,0.03327988846287906,0.6846636886365237,40,0.3356472795497185,0.03477427452975686,FALSE,0.82146231006830706,0.1305406520202229
Vasc.VLMC,OPC.2,150,0.021385839370638697,0.794826064881297,40,0.4378986866791744,0.005074951195756545,FALSE,0.8990414861307378,0.03407707113481818
Vasc.VLMC,OPC.4,144,-0.06394180532111567,0.44597186539563394,39,0.40910931174089066,0.010203184451575018,FALSE,0.6389655381399434,0.055952946992508155
Vasc.VLMC,OPC.5,150,-0.014075292235210455,0.8641153649957857,40,0.49793621013133205,0.0012398037926042668,FALSE,0.9377594804061868,0.011526300884367792
Vasc.VLMC,Oligo.1,149,-0.06796662434246327,0.4097344714774623,40,0.1947467166979362,0.22766609599740864,FALSE,0.6029620232718629,0.44099104472976575
Vasc.VLMC,Oligo.2,145,-0.014607935758148323,0.8614062703568783,37,0.44357515410146986,0.006400739672249038,FALSE,0.9371427008767105,0.03926226912358946
Vasc.VLMC,Oligo.3,151,8.992680376437784e-4,0.9912628646348836,40,0.2911819887429643,0.06863640853400942,FALSE,0.995325417358797,0.2044866649558895
Vasc.VLMC,Oligo.4,151,-0.12863367026838624,0.11540124452926645,40,0.24784240150093803,0.12295145776955746,FALSE,0.26773962982642313,0.2953936410436575
Vasc.VLMC,Oligo.5,141,-0.0706323044650884,0.40479510836426114,35,0.14733893557422972,0.39683072439685657,FALSE,0.5996058134778959,0.6313216069949991
Vasc.VLMC,Vasc.Endo,151,0.1522516556291391,0.06206594616197794,40,0.4656660412757973,0.0027222510099873753,FALSE,0.17462456423006562,0.02063362230499985
Vasc.VLMC,Vasc.PC,151,0.1204740327640293,0.14050053335114907,40,0.35572232645403373,0.024845382813922734,FALSE,0.305285186257888,0.10337764177820997
Vasc.VLMC,Vasc.VLMC,145,0.19741379310344825,0.017438752451880778,39,0.407085020242915,0.010612212335874949,TRUE,0.06825070847780816,0.057402421271323584
Vasc.VLMC,Excit.L2,151,0.009508539560822588,0.9076579260686977,40,0.13527204502814255,0.4039071790515134,FALSE,0.9487038903021798,0.6334627179684654
Vasc.VLMC,Excit.L2_5.1,149,0.036967168510792674,0.6540916174347745,40,0.33302063789868663,0.036287820724113504,FALSE,0.7972758520971132,0.13369197108883923
Vasc.VLMC,Excit.L2_5.2,150,-0.07411351615627361,0.3669914082458495,40,0.056472795497185736,0.728492168429897,FALSE,0.5601941515469909,0.8634518729398182
Vasc.VLMC,Excit.L5.1,149,-0.04230727371666969,0.6080507442515187,40,0.21632270168855533,0.1794624820213316,FALSE,0.7671083024800314,0.37865310922940537
Vasc.VLMC,Excit.L5.2,144,0.06308174584036653,0.45212298090089165,36,0.4512226512226513,0.0061883945770852935,FALSE,0.645671108254203,0.03815642252192487
Vasc.VLMC,Excit.L5_6_NP,136,-0.10877820714660558,0.20718303359882187,37,-0.2029397818871503,0.22745643714486408,FALSE,0.3898605470945573,0.44099104472976575
Vasc.VLMC,Excit.L6_CT,147,-0.10293617632169492,0.21446034667636166,39,0.17672064777327934,0.280726694501244,FALSE,0.4004186722894288,0.5015987484331537
Vasc.VLMC,Excit.L6b,147,-0.0896833372371533,0.2796803121265342,38,0.07451581135791661,0.6555519664188467,FALSE,0.4768115442043554,0.8194399580235584
Vasc.VLMC,Inhib.Pax6,136,-0.08605028386050283,0.31878478071897237,36,0.10193050193050195,0.552798568348142,FALSE,0.5165494132020386,0.7475344276526011
Vasc.VLMC,Inhib.Lamp5_Lhx6,149,-0.01961545438055505,0.8121077066687992,40,0.13508442776735458,0.4045644249210367,FALSE,0.905722956695888,0.6334627179684654
Vasc.VLMC,Inhib.Pvalb,149,-0.0346236169054961,0.6747309003772395,39,0.3145748987854251,0.051592346182688764,FALSE,0.8151334841835487,0.17146379949676738
Vasc.VLMC,Inhib.Vip,150,0.03901151162273879,0.6351520166128644,40,0.13095684803001875,0.4191802152096732,FALSE,0.7883092404769593,0.6428150207467926
Vasc.VLMC,Inhib.Chandelier,136,-0.03513191164543676,0.68434725976738,37,0.26884779516358465,0.10763876675006222,FALSE,0.82146231006830706,0.27150490276178474
Vasc.VLMC,Inhib.Sst,148,0.021204055719875475,0.7978834481729774,38,0.24630703578071997,0.1358113801757099,FALSE,0.8991786789437878,0.31442712530952294
Excit.L2,Astro.1,298,0.13483786258808142,0.019946033907998355,39,0.19554655870445345,0.23198170596860013,FALSE,0.07426387333883856,0.4473101862419648
Excit.L2,Astro.2,300,-0.010701007788975434,0.8534761047725052,39,-0.07165991902834008,0.6636378524709824,FALSE,0.9334894895949276,0.82435182091907
Excit.L2,Astro.3,217,-0.0236920851007859,0.7283584035144335,28,0.046524356869184456,0.8139556184064709,FALSE,0.8473305264056801,0.905424832869653
Excit.L2,Astro.4,281,0.04168081861350582,0.4862674023006249,37,-0.0770507349454718,0.6492799239516654,FALSE,0.6792218561211694,0.817275620072552
Excit.L2,Astro.5,301,0.06303051638027767,0.2755090030084348,39,0.13582995951417004,0.4082680889567197,FALSE,0.4733499701056558,0.6341137426810263
Excit.L2,Macro,253,0.06975387957928185,0.26880559543033256,35,0.06750700280112046,0.6991020595432639,FALSE,0.4644384406236352,0.8475514013019889
Excit.L2,Micro.2,298,0.11608645545033056,0.04529655313587298,39,0.10182186234817814,0.5360432211126135,FALSE,0.1397689611875174,0.7383002698194561
Excit.L2,Micro.3,250,0.16424902798444774,0.009341879871078663,35,-0.036974789915966394,0.8327131708580205,FALSE,0.043021815195757006,0.9147714672867808
Excit.L2,Micro.4,188,0.2710223999335389,1.7788234240379125e-4,26,0.347008547008547,0.08298331252858278,FALSE,0.002036503452753685,0.22911865872160908
Excit.L2,Micro.5,301,-5.095597456601615e-4,0.99297451374415735,39,-0.09595141700404858,0.5599143162832639,FALSE,0.9954122580495848,0.7537969370416212
Excit.L2,OPC.2,299,0.1733505420753743,0.00266392486256499,39,0.03724696356275303,0.8215160232412569,FALSE,0.016996395607511004,0.9106257792954577
Excit.L2,OPC.4,275,0.0650708288854909,0.2820474138553184,37,-0.16334755808440019,0.33272203118474397,FALSE,0.47854304982377427,0.5600271812020443
Excit.L2,OPC.5,299,0.11318668492289737,0.0505912733054905,39,0.09878542510121457,0.5483281202203187,FALSE,0.15298476108251072,0.7440256135258602
Excit.L2,Oligo.1,299,0.14921056766402552,0.009827899167440354,39,-0.12064777327935222,0.46300463964046723,FALSE,0.04431572404534248,0.6785412822317192
Excit.L2,Oligo.2,288,0.1710768238428801,0.003628456192106677,39,-0.1034412955465587,0.5295466901110456,FALSE,0.021682238221125263,0.7344528685689327
Excit.L2,Oligo.3,302,-0.0028817891359882507,0.9602030623868493,39,-0.2174089068825911,0.18309329439667774,FALSE,0.9755899312456129,0.38224740409130964
Excit.L2,Oligo.4,302,-0.019827467334531307,0.7313247638755281,39,-0.2951417004048583,0.068480633396485,FALSE,0.8475618124385259,0.2044866649558895
Excit.L2,Oligo.5,282,0.17080057930517095,0.004060964347087788,37,-0.0817923186344239,0.6291959910808395,FALSE,0.023465477948974245,0.8037964248184652
Excit.L2,Vasc.Endo,301,0.11882510835845198,0.039423862240528226,39,0.05121457489878543,0.7561843051020004,FALSE,0.12414969471631639,0.8779115347037858
Excit.L2,Vasc.PC,300,0.08883165368504094,0.12468271883552615,39,0.004453441295546559,0.9789179461041998,FALSE,0.28116493877111703,0.9847103599864732
Excit.L2,Vasc.VLMC,272,0.04528285909879137,0.45677628793462094,35,0.048179271708683476,0.7829152874407069,FALSE,0.6501545996537805,0.891549466080805
Excit.L2,Excit.L2,302,0.18702003310713686,0.0011124160157427961,39,0.25506072874493924,0.11701920309310493,TRUE,0.008159937840029493,0.28771250347271665
Excit.L2,Excit.L2_5.1,297,-0.031990501789159506,0.5827119479998525,39,0.07732793522267206,0.6387716159008506,FALSE,0.7498131683821632,0.8103819007697359
Excit.L2,Excit.L2_5.2,298,0.057462007564137704,0.3226648878177668,39,0.1180161943319838,0.47287925499430955,FALSE,0.5194014291416088,0.687929478536954
Excit.L2,Excit.L5.1,295,-0.10874755765796928,0.0621520897994356,39,-0.31943319838056683,0.04794654211914222,FALSE,0.17462456423006562,0.16255380376575282
Excit.L2,Excit.L5.2,284,0.04818645928013684,0.4183195191847595,39,-0.04412955465587044,0.789143541728815,FALSE,0.6116993555419242,0.8968509018698301
Excit.L2,Excit.L5_6_NP,258,-0.02869287323182898,0.6462147232030746,37,-0.07112375533428165,0.6747347791978118,FALSE,0.7939950209867266,0.8329194888437719
Excit.L2,Excit.L6_CT,293,-0.13229764298070437,0.02358386185420663,39,-0.06356275303643726,0.6997874599995154,FALSE,0.08396575426098442,0.8475514013019889
Excit.L2,Excit.L6b,293,0.03575650653921862,0.5418896561201123,39,-0.004251012145748989,0.9798983006032642,FALSE,0.7187817193428453,0.9848640014509159
Excit.L2,Inhib.Pax6,268,0.13568991432295935,0.026401923218860875,34,0.31886936592818943,0.0665039730404829,FALSE,0.09110522800874526,0.20240339621016537
Excit.L2,Inhib.Lamp5_Lhx6,291,0.048635250232530965,0.4082560009705885,39,0.2374493927125506,0.14521261949795236,FALSE,0.6025465074565914,0.33104026284015964
Excit.L2,Inhib.Pvalb,295,-0.02972552282479643,0.610907028420468,39,-0.03906882591093117,0.8129157302344083,FALSE,0.7691275537667762,0.905424832869653
Excit.L2,Inhib.Vip,296,0.08511038002563424,0.14401560790455895,39,0.2813765182186235,0.0829078059556927,FALSE,0.3084250344109873,0.22911865872160908
Excit.L2,Inhib.Chandelier,263,0.03559856246850122,0.5652293196732233,34,0.19602750190985482,0.26539892146793426,FALSE,0.7352398535516925,0.4850062148783801
Excit.L2,Inhib.Sst,292,0.13338632007106457,0.02268665212227338,39,0.1910931174089069,0.24294886178729874,FALSE,0.08149897023397329,0.4552899929557252
Excit.L2_5.1,Astro.1,334,0.25831177499780594,1.8640665103938448e-6,105,0.4481443085216669,2.129842778058231e-6,FALSE,5.436860655315381e-5,1.2672564529446473e-4
Excit.L2_5.1,Astro.2,336,0.17625100440991315,0.0011963903692840902,105,0.33152602114866264,5.886225278754719e-4,FALSE,0.008723679776029824,0.006504287244319694
Excit.L2_5.1,Astro.3,232,0.06479379729342731,0.32554626373081635,80,0.15527426160337554,0.16872215482776606,FALSE,0.5233519331630577,0.3627986195526917
Excit.L2_5.1,Astro.4,315,0.04198600185055075,0.4575497081352158,102,0.11252975668783327,0.2596731499232775,FALSE,0.6502301536724354,0.47690720378513024
Excit.L2_5.1,Astro.5,337,0.2606146421485385,1.3449071347195806e-6,105,0.4430541156956251,2.842234525634841e-6,FALSE,4.118778100078716e-5,1.4092746189606087e-4
Excit.L2_5.1,Macro,284,0.1644474247381256,0.005516373443175526,92,0.3329993989180524,0.0012504361122281646,FALSE,0.02956310440331414,0.01153503080272493
Excit.L2_5.1,Micro.2,334,0.30237499989935424,2.0303655987810955e-8,104,0.3822362103915502,7.063879104596025e-5,FALSE,2.3693620313838852e-6,0.0014537573483455535
Excit.L2_5.1,Micro.3,278,0.3025076387009642,3.1128788833585967e-7,90,0.4448861999423797,1.3835154682254441e-5,FALSE,1.6442713792988264e-5,4.10993055872766e-4
Excit.L2_5.1,Micro.4,210,0.45681048809010893,3.068024112670593e-12,71,0.6028504359490273,5.3942032656808384e-8,FALSE,3.7583295380214764e-9,1.2838203772320396e-5
Excit.L2_5.1,Micro.5,337,0.2146741925045965,7.38187985285936e-5,105,0.3327804271200497,5.597231904583415e-4,FALSE,0.001027591229517354,0.006350060046305013
Excit.L2_5.1,OPC.2,335,0.2635502981244334,1.091686097008302e-6,105,0.45297532656023215,1.6131332870441393e-6,FALSE,3.549769153177967e-5,1.0103308482013293e-4
Excit.L2_5.1,OPC.4,308,0.17768645446454495,0.0017691820101980408,100,0.35553555355535554,3.08989249635755e-4,FALSE,0.012040266458292221,0.00410851205746244
Excit.L2_5.1,OPC.5,334,0.25844124578595934,1.8414967144874537e-6,105,0.44492017416545715,2.5582203266599777e-06,FALSE,5.436860655315381e-5,1.360735348919116e-4
Excit.L2_5.1,Oligo.1,334,0.23513360531860847,1.4922312463512431e-5,105,0.42299398714493053,8.504124509251428e-6,FALSE,3.065679883879989e-4,2.9069477911585086e-4
Excit.L2_5.1,Oligo.2,321,0.19527377082486794,4.43565149782593e-4,102,0.3623332635947775,2.0085222482319167e-4,FALSE,0.0041478420494937135,0.0029507919449333095
Excit.L2_5.1,Oligo.3,338,0.19704821037809628,2.7434303221352186e-4,105,0.3606261662865436,1.7360142602663704e-4,FALSE,0.002809797491828611,0.002754475959622641
Excit.L2_5.1,Oligo.4,338,0.08687912047956325,0.11082980198751416,105,0.20602322206095788,0.035154115620374925,FALSE,0.25909638823416953,0.1310087375757774
Excit.L2_5.1,Oligo.5,314,0.33305270257306235,1.805047555010306e-9,99,0.5032282003710575,1.681125595978556e-7,FALSE,5.527958137219061e-7,2.2388938875541676e-5
Excit.L2_5.1,Vasc.Endo,337,0.3223945935370267,1.7033171705474687e-9,105,0.52277628032345,1.7541415678497844e-8,FALSE,5.527958137219061e-7,6.958094885804145e-6
Excit.L2_5.1,Vasc.PC,336,0.29218521635147704,5.641814536165955e-8,105,0.5025502799087704,7.286396918163388e-8,FALSE,4.319514254252059e-6,1.445135388769072e-5
Excit.L2_5.1,Vasc.VLMC,305,0.1558404811450033,0.006435427631665313,100,0.3245964596459646,0.0010418442692229977,FALSE,0.03271119854269713,0.010045724840190003
Excit.L2_5.1,Excit.L2,338,0.08277886019663162,0.1287570949852289,105,0.17477710968277002,0.07459731894693943,FALSE,0.2872995288832521,0.2144222452822655
Excit.L2_5.1,Excit.L2_5.1,333,0.19801101151653058,2.8438253659312694e-4,105,0.36678415923698937,1.3213115453655108e-4,TRUE,0.002855480387922791,0.0023423480761728
Excit.L2_5.1,Excit.L2_5.2,333,0.1842836632173621,7.407110916650852e-4,104,0.31530993278566094,0.0011720609680590998,FALSE,0.005969546626906114,0.01106940084413861
Excit.L2_5.1,Excit.L5.1,330,-0.0626239993855858,0.25647201420587346,105,-0.20439560439560436,0.03664819829134704,FALSE,0.4512045249927941,0.1341887875898553
Excit.L2_5.1,Excit.L5.2,314,0.19061398638126828,6.993414495965695e-4,99,0.4516759431045146,3.4842590118556755e-6,FALSE,0.0057496193003744814,1.5947185477339438e-4
Excit.L2_5.1,Excit.L5_6_NP,279,0.02558487771994386,0.670283950406889,93,0.1619319029572379,0.12084904879595113,FALSE,0.8129681576717218,0.2918890700406183
Excit.L2_5.1,Excit.L6_CT,325,0.07377169524408787,0.1845346464714008,104,0.14813826949749279,0.13327459702058825,FALSE,0.3588173681388349,0.31158501071611006
Excit.L2_5.1,Excit.L6b,324,0.15029680788194721,0.006767205300176075,104,0.36190120559052597,1.7663888564734698e-4,FALSE,0.03385011108096542,0.0027657930778992486
Excit.L2_5.1,Inhib.Pax6,295,0.2025077827741266,4.773858061967046e-4,95,0.3417553191489362,7.487870849597637e-4,FALSE,0.004364161287992262,0.00788545691240813
Excit.L2_5.1,Inhib.Lamp5_Lhx6,323,0.2137843187109576,1.1177008713620885e-4,104,0.36080230449162487,1.8530787927363004e-4,FALSE,0.0013971260892026106,0.0028411580777818186
Excit.L2_5.1,Inhib.Pvalb,330,0.0764873873956602,0.16559781277947744,104,0.09700202709911449,0.32674127888128596,FALSE,0.33641346708931985,0.5538776664796727
Excit.L2_5.1,Inhib.Vip,331,0.27151351905838134,5.862202523975442e-7,105,0.4079825834542815,1.8525432636625773e-5,FALSE,2.5647136042392558e-5,5.248872580377302e-4
Excit.L2_5.1,Inhib.Chandelier,286,0.21888432491770102,1.9746713678349707e-4,92,0.3191591017677974,0.0020210592190948785,FALSE,0.0021792544374755305,0.016637008591161608
Excit.L2_5.1,Inhib.Sst,326,0.2810979733386442,2.7744204134340316e-7,105,0.3384615384615384,4.4447690772238886e-4,FALSE,1.6184119078365186e-5,0.005509661668642112
Excit.L2_5.2,Astro.1,241,0.03340334693597614,0.6056062949204032,66,0.19916501409038725,0.10881409281778952,FALSE,0.765601353227548,0.27244031030844973
Excit.L2_5.2,Astro.2,242,-0.00701300273788643,0.9135134820357468,67,0.00271370420624152,0.982691366753986,FALSE,0.9523863961649276,0.9860056715322456
Excit.L2_5.2,Astro.3,186,-0.02816834429737655,0.7024655249643202,51,0.016380090497737556,0.9090864309969249,FALSE,0.8314205488708137,0.9535999243123501
Excit.L2_5.2,Astro.4,227,-0.026714871073047326,0.6886810900985971,60,-0.15954431786607393,0.22274195784811732,FALSE,0.8230578881666161,0.4366769849081707
Excit.L2_5.2,Astro.5,243,0.1029670776317572,0.10932434265674765,67,0.18540984914997208,0.13286659893136948,FALSE,0.2571306103550232,0.3114198007494035
Excit.L2_5.2,Macro,203,0.10445673660382557,0.13794642392524215,50,0.09224489795918368,0.5229078217984345,FALSE,0.3017578023364672,0.7277898338481136
Excit.L2_5.2,Micro.2,241,0.12489283632248553,0.05287033577339662,67,0.15045095378721368,0.22370387562130967,FALSE,0.15708174863468605,0.43784146708776067
Excit.L2_5.2,Micro.3,205,0.042510899694947826,0.5447293554325721,55,0.15988455988455988,0.24286953034280093,FALSE,0.7190662288845913,0.4552899929557252
Excit.L2_5.2,Micro.4,155,0.3035351745029164,1.3242438063758218e-4,39,0.49068825910931174,0.0017215291322575342,FALSE,0.001606137289911269,0.014921441510193166
Excit.L2_5.2,Micro.5,243,-0.04230916550837067,0.5112829225487897,67,0.00538750099768537,0.9655188407652087,FALSE,0.6989302889390262,0.9782945806318656
Excit.L2_5.2,OPC.2,241,0.1534103768732211,0.017233914754582254,67,0.3029770931439062,0.012980638170226686,FALSE,0.06792942775548434,0.06686995421025868
Excit.L2_5.2,OPC.4,228,-0.003955746666167178,0.952599924779781,64,0.08218864468864467,0.5175805580519771,FALSE,0.9732568038825953,0.7235215071994173
Excit.L2_5.2,OPC.5,241,0.1046663351736909,0.10501763772155313,67,0.22695346795434596,0.06491470010962372,FALSE,0.24883289402108816,0.19807305930885186
Excit.L2_5.2,Oligo.1,242,0.18558653300260242,0.0038112006148601544,67,0.15555910288131536,0.20823574329293235,FALSE,0.022554206537215887,0.4178761121730008
Excit.L2_5.2,Oligo.2,234,0.24668909758855886,1.4399319178507887e-4,65,0.2831730769230769,0.022585702830119934,FALSE,0.0017125403877351613,0.0967466162973311
Excit.L2_5.2,Oligo.3,244,0.034897504842860035,0.5872397134140288,67,0.11876446643786417,0.3376162025233222,FALSE,0.7501237215142704,0.5651702746373245
Excit.L2_5.2,Oligo.4,244,0.02883329409480853,0.6538097489376611,67,-0.061217974299624875,0.6218566573530423,FALSE,0.7972758520971132,0.7965655783101403
Excit.L2_5.2,Oligo.5,230,0.18874541065541636,0.004121161052989667,62,0.26383118027750496,0.03856390341451455,FALSE,0.023650356450455864,0.139343816571889
Excit.L2_5.2,Vasc.Endo,243,0.12256946012534685,0.056431209538963516,67,0.12710511613057707,0.30459076242684724,FALSE,0.16382366800252407,0.5299166773215617
Excit.L2_5.2,Vasc.PC,242,0.06591714538401323,0.3069120440630087,67,0.12770372735254212,0.3023044724735941,FALSE,0.5039775522482381,0.5274814109143358
Excit.L2_5.2,Vasc.VLMC,219,-0.06494224639254173,0.33851231346541427,55,0.15331890331890333,0.2629542289154803,FALSE,0.5364522432019825,0.4814085113991101
Excit.L2_5.2,Excit.L2,244,0.038846965622921906,0.5456379492042482,67,0.2218054114454466,0.07136455706165948,FALSE,0.7194902990045254,0.2076377088102073
Excit.L2_5.2,Excit.L2_5.1,240,-0.05787947707425475,0.371739204685918,67,-0.12283502274722644,0.32122592278079265,FALSE,0.5629507206291238,0.5460840687273475
Excit.L2_5.2,Excit.L2_5.2,242,0.2608824317613454,4.2282366366121915e-5,67,0.47677388458775644,5.584878975968303e-5,TRUE,6.240469734758958e-4,0.0012539633927174116
Excit.L2_5.2,Excit.L5.1,241,-0.15798240801069924,0.014153781589579625,67,-0.135685210312076,0.27289407834613244,FALSE,0.05828976088506145,0.4920362927756024
Excit.L2_5.2,Excit.L5.2,237,0.08227848101265822,0.20675215990302065,66,0.16438785095501518,0.18674177751505633,FALSE,0.38964830135569273,0.38782323777123395
Excit.L2_5.2,Excit.L5_6_NP,217,-0.102802322467904,0.13106559944124727,60,-0.07529869408168936,0.5665232329621399,FALSE,0.29138903687028656,0.7591921702983632
Excit.L2_5.2,Excit.L6_CT,237,-0.18423662105906513,0.004483725154605973,66,-0.09424903454754203,0.4506829487491173,FALSE,0.025195244561432645,0.6687190885429546
Excit.L2_5.2,Excit.L6b,237,-0.06384913974171517,0.3274571150405202,65,0.031818181818181815,0.8009258274915372,FALSE,0.5243594325812252,0.9000016380688661
Excit.L2_5.2,Inhib.Pax6,222,0.05764555619475165,0.39239523391190706,62,0.23185011709601874,0.0699429294979091,FALSE,0.5862001970025441,0.2060200151052273
Excit.L2_5.2,Inhib.Lamp5_Lhx6,238,-0.040112798469316216,0.5377468920824872,66,0.08068051351633443,0.5186843264446047,FALSE,0.7175816370381773,0.7236041599871976
Excit.L2_5.2,Inhib.Pvalb,240,-0.048654490529349455,0.45282398043891947,66,0.08113975576662144,0.5163006391286407,FALSE,0.6457617881695883,0.7235215071994173
Excit.L2_5.2,Inhib.Vip,240,-0.06933627319918748,0.2844734563072764,66,0.07792506001461226,0.5331028080184826,FALSE,0.48132594471880324,0.7359539925081141
Excit.L2_5.2,Inhib.Chandelier,219,0.021140905092143,0.7555398339938596,60,0.08669074742984165,0.509152674441398,FALSE,0.8641795486857871,0.7178811405038669
Excit.L2_5.2,Inhib.Sst,240,-0.04144776819041997,0.5225371474047983,66,0.031040601189854928,0.8041831423864413,FALSE,0.7057420127573075,0.9011091708473306
Excit.L5.1,Astro.1,282,0.1997064411446869,7.606367398123182e-4,50,0.3877551020408163,0.0056945322004654225,FALSE,0.006090065400458103,0.03662969361380461
Excit.L5.1,Astro.2,283,0.0804683752465927,0.17694644570233076,51,0.26751131221719454,0.058001352057040635,FALSE,0.35131182493574586,0.1835681089039318
Excit.L5.1,Astro.3,211,0.10071537154609676,0.14474660238730774,32,0.10337243401759531,0.57204201125322,FALSE,0.3094495426255706,0.761940904482611
Excit.L5.1,Astro.4,263,0.07402113023539314,0.23139711906385224,46,0.08874498920752388,0.5563875589843895,FALSE,0.41994291978254666,0.7506816272011605
Excit.L5.1,Astro.5,284,0.10567178409867799,0.07542610023224074,51,0.18868778280542986,0.18431151891062333,FALSE,0.19742942902669852,0.38411682575068606
Excit.L5.1,Macro,236,0.16938288286232064,0.00919846052355712,40,0.20225140712945588,0.20997887287853087,FALSE,0.0425211854390848,0.41995774575706174
Excit.L5.1,Micro.2,281,0.20920345271446955,4.263129617777587e-4,50,0.38689075630252096,0.005810244773063687,FALSE,0.004048320761067864,0.03697428491949619
Excit.L5.1,Micro.3,234,0.266903151333797,3.766750418738144e-5,41,0.4146341463414635,0.007446273485679182,FALSE,5.91572982430029e-4,0.04430532723979114
Excit.L5.1,Micro.4,176,0.38451463790446844,1.7353312600733187e-7,27,0.5293040293040292,0.005097242573107257,FALSE,1.1188319966262185e-5,0.03407707113481818
Excit.L5.1,Micro.5,284,0.10437413396129053,0.07909853561615728,51,0.129683257918552,0.3633116029446915,FALSE,0.2039909602732477,0.5963321482816315
Excit.L5.1,OPC.2,282,0.19098796788618097,0.0012926909951296171,51,0.20832579185520358,0.1420993158385534,FALSE,0.009314979229610477,0.32518881893822793
Excit.L5.1,OPC.4,263,0.056665470482844864,0.35978937387117227,47,0.09088806660499536,0.5423070537892879,FALSE,0.554392431436712,0.7409363309956303
Excit.L5.1,OPC.5,282,0.11767316882229444,0.048409189886007564,51,0.19004524886877824,0.18113048523734884,FALSE,0.14751556619492354,0.37948112224022035
Excit.L5.1,Oligo.1,283,0.15094703246923083,0.011061004630622553,51,0.3110407239819004,0.026724863647804346,FALSE,0.04804869032805897,0.1085412550883521
Excit.L5.1,Oligo.2,273,0.20166651725260568,8.222869898731913e-4,47,0.3961609620721554,0.00616950175760034,FALSE,0.006498719758675222,0.03815642252192487
Excit.L5.1,Oligo.3,285,0.03505005002410487,0.5554448823544542,51,0.06325791855203619,0.6583411795725947,FALSE,0.7269444240215881,0.8212012617310145
Excit.L5.1,Oligo.4,285,0.02049018438936897,0.730367703467279,51,-0.014841628959276015,0.9176175806783793,FALSE,0.8475618124385259,0.9570244706461625
Excit.L5.1,Oligo.5,265,0.23234630315067256,1.4077660170707632e-4,45,0.3085638998682476,0.03962613618382815,FALSE,0.0016906993832467498,0.14160691308935586
Excit.L5.1,Vasc.Endo,284,0.21775952347898062,2.2453855322328946e-4,51,0.36723981900452485,0.008365561075866045,FALSE,0.00241280462893447,0.04832532854505142
Excit.L5.1,Vasc.PC,283,0.20803794271530998,4.384138278122196e-4,51,0.37773755656108593,0.006589110541312356,FALSE,0.004131207223615147,0.039851975063919645
Excit.L5.1,Vasc.VLMC,256,0.14212205310139617,0.023014793651233205,46,0.27844588344125804,0.06126358793706838,FALSE,0.08219569161154716,0.19084730273589365
Excit.L5.1,Excit.L2,285,0.16435588133141876,0.00545972732076298,51,0.24678733031674205,0.0809685132508281,FALSE,0.029463286202355287,0.2256499549613242
Excit.L5.1,Excit.L2_5.1,281,-5.911367348484029e-4,0.9921274409503101,51,0.18542986425339364,0.1921103626387698,FALSE,0.9953776536970761,0.3952387571586793
Excit.L5.1,Excit.L2_5.2,283,0.001251626744150339,0.9832684257928841,51,0.25285067873303163,0.07360631942527203,FALSE,0.9898582421944825,0.21260077698076144
Excit.L5.1,Excit.L5.1,281,-0.0659466300338565,0.2703940447487384,51,-0.011674208144796378,0.9352098663252087,TRUE,0.4665249363622599,0.9673988163368599
Excit.L5.1,Excit.L5.2,271,0.1432252851940284,0.01838906886253245,49,0.40622448979591835,0.0040350027628368,FALSE,0.07039565423938203,0.028079843788162525
Excit.L5.1,Excit.L5_6_NP,251,-0.059016505406943656,0.35153634923655624,44,0.043410852713178294,0.7790759356481592,FALSE,0.5499681738668895,0.8904512948183784
Excit.L5.1,Excit.L6_CT,278,-0.0589690120501712,0.32705594503752067,51,-0.019638009049773753,0.8910554121211826,FALSE,0.5243594325812252,0.9479958501868583
Excit.L5.1,Excit.L6b,279,0.012566720816894871,0.8343694122446239,49,0.24551020408163263,0.08915053691174085,FALSE,0.9199536238954382,0.2389395020832694
Excit.L5.1,Inhib.Pax6,257,0.20728257058184776,8.476501550676045e-4,47,0.42009713228492135,0.003536075557226731,FALSE,0.006606841478742156,0.025197185108382095
Excit.L5.1,Inhib.Lamp5_Lhx6,276,0.12563062741684622,0.037042515124255146,49,0.3081632653061224,0.031653124823059764,FALSE,0.11918534654195681,0.12269452292977563
Excit.L5.1,Inhib.Pvalb,279,0.03418537059753119,0.5693994119436706,49,0.13959183673469386,0.337677365770704,FALSE,0.7381103488158693,0.5651702746373245
Excit.L5.1,Inhib.Vip,280,0.12351651715674217,0.038931194808047145,50,0.24331332533013206,0.08871274172257178,FALSE,0.12323181819084691,0.23884199694538558
Excit.L5.1,Inhib.Chandelier,251,0.05321494972490988,0.40094892781569097,46,0.15621338267036694,0.2988258520077179,FALSE,0.5953484079687532,0.5229452410135063
Excit.L5.1,Inhib.Sst,280,0.08769098731215595,0.14322997578236965,50,0.146218487394958,0.30994348486343354,FALSE,0.30781880760246105,0.5337666381873891
Excit.L5.2,Astro.1,217,-0.06182678260215993,0.36445255313445457,43,-0.4309876170341287,0.004215117815411223,FALSE,0.5594666385835926,0.029162733722903227
Excit.L5.2,Astro.2,218,-0.013312916372506832,0.8449278382454543,43,-0.34053156146179403,0.025968884832382935,FALSE,0.9274521521959512,0.10644632123772442
Excit.L5.2,Astro.3,167,-0.0017907386603728858,0.98166921843588,30,-0.2529477196885428,0.17689529185151553,FALSE,0.9897488004806196,0.37523243726079053
Excit.L5.2,Astro.4,203,0.004640640824441761,0.9475690751636394,39,-0.06234817813765182,0.705269685370146,FALSE,0.9697344336469994,0.8511875513087969
Excit.L5.2,Astro.5,219,-0.013147942920470257,0.8464756876962289,44,-0.28174770965468643,0.06421075071988358,FALSE,0.9283193531135905,0.19642877469578782
Excit.L5.2,Macro,181,-0.07784995851294192,0.29725381668436024,32,-0.31781524926686217,0.07670391741397747,FALSE,0.4940785962528376,0.21732776600626952
Excit.L5.2,Micro.2,217,0.03032972091865255,0.6565756560606758,43,-0.08003624282694051,0.6088164542657664,FALSE,0.7987141794183991,0.7857826253538632
Excit.L5.2,Micro.3,183,-0.09527464694962913,0.19931897677151866,34,-0.4044308632543927,0.018355580795917877,FALSE,0.3799139865624079,0.08401208133516258
Excit.L5.2,Micro.4,141,-0.1445567019136093,0.08722437423726498,27,-0.1575091575091575,0.4309658989200907,FALSE,0.21850686797678856,0.6530744914596911
Excit.L5.2,Micro.5,219,0.012240794269196935,0.8569507701973269,44,-0.16109936575052855,0.2950991938880763,FALSE,0.9347860137949471,0.51947935018759
Excit.L5.2,OPC.2,217,-0.1133812013510149,0.09570928419975228,43,-0.2514346118997282,0.10386388480414721,FALSE,0.23034159753378497,0.265802199821366
Excit.L5.2,OPC.4,204,-0.10237400258673696,0.1450065935984754,39,-0.2910931174089069,0.07249930182178976,FALSE,0.3094652912162585,0.21042480284860932
Excit.L5.2,OPC.5,216,-0.13050881768061062,0.0555228729791403,43,-0.38160676532769555,0.012033884719850167,FALSE,0.16310676114975267,0.06336426025053848
Excit.L5.2,Oligo.1,218,-0.10108075143527798,0.13675656499952574,43,-0.27197221383267894,0.07789081610199079,FALSE,0.3007662336165512,0.21964471839186978
Excit.L5.2,Oligo.2,208,-0.17754289951086288,0.010382415757778535,41,-0.3430313588850175,0.02866246435899493,FALSE,0.04608137428724168,0.11484287066398642
Excit.L5.2,Oligo.3,219,-0.0733076650633519,0.27985918390443393,44,-0.42212825933756165,0.004624597187968817,FALSE,0.4768115442043554,0.03144726087818796
Excit.L5.2,Oligo.4,219,0.036939458681321195,0.5863658586432323,44,-0.1942212825933756,0.20579676471498518,FALSE,0.7501237215142704,0.4157863327857935
Excit.L5.2,Oligo.5,203,-0.08122197325498995,0.24909373621589148,39,-0.27550607287449397,0.08974293089108576,FALSE,0.4435171902099812,0.23944862726545302
Excit.L5.2,Vasc.Endo,219,-0.07724930592845637,0.25475784872314605,44,-0.18491895701198027,0.22867813067861414,FALSE,0.450949428723614,0.441764570629141
Excit.L5.2,Vasc.PC,218,0.007038407477055532,0.9176437750848255,44,0.001127554615926709,0.9945427925068305,FALSE,0.954996298296988,0.9965816571301322
Excit.L5.2,Vasc.VLMC,197,-0.004567586148441841,0.9491697463208825,36,-0.33281853281853285,0.04788060311376262,FALSE,0.9705617189007353,0.16255380376575282
Excit.L5.2,Excit.L2,219,-0.09764301301312739,0.14972316008811562,44,-0.2177589852008457,0.1552405009578999,FALSE,0.31786979394790577,0.3453526228103103
Excit.L5.2,Excit.L2_5.1,217,0.043862183326521885,0.5201180648400772,43,-0.3157656297191181,0.03961464846454785,FALSE,0.7051809782191389,0.14160691308935586
Excit.L5.2,Excit.L2_5.2,217,-0.059873776875848495,0.3798212598590939,43,-0.15720326185442465,0.3129167083817935,FALSE,0.5701973570188603,0.5348144898450673
Excit.L5.2,Excit.L5.1,216,0.006375403374653186,0.9257241725045389,43,-0.25717305949864094,0.09601336908252601,FALSE,0.9594011094061423,0.25277856019514594
Excit.L5.2,Excit.L5.2,214,-0.07445962451518501,0.2779552206957047,43,-0.12851102385986107,0.4101831049963245,TRUE,0.4760839761688914,0.6341137426810263
Excit.L5.2,Excit.L5_6_NP,199,0.01290239074158672,0.856348113676594,40,-0.12138836772983114,0.4541970919288507,FALSE,0.9347860137949471,0.6689288853902629
Excit.L5.2,Excit.L6_CT,214,-0.010149049043226978,0.8825654275685498,42,-0.25565189206709343,0.10226344942707606,FALSE,0.9427705190598398,0.2638492794597921
Excit.L5.2,Excit.L6b,213,-0.08755318012820354,0.20294461209845618,41,-0.30104529616724746,0.05619501511818326,FALSE,0.38365300898242105,0.18073531889361644
Excit.L5.2,Inhib.Pax6,202,0.019521715424244433,0.7825539213758786,38,-0.2314257577415472,0.1616737467404824,FALSE,0.8884416623590836,0.3530124011397689
Excit.L5.2,Inhib.Lamp5_Lhx6,212,0.027006535322099814,0.6955923962264748,42,0.04173081597925614,0.7925069873752703,FALSE,0.8262435226359037,0.897914108481788
Excit.L5.2,Inhib.Pvalb,216,0.04325128901272937,0.5269155165430314,44,-0.12868217054263567,0.4038651688816395,FALSE,0.7093093491925423,0.6334627179684654
Excit.L5.2,Inhib.Vip,215,0.06303581347050159,0.3573841128357677,43,0.010872848082150407,0.9449702855452888,FALSE,0.5534709712058349,0.9687917002104841
Excit.L5.2,Inhib.Chandelier,199,-0.09939850768996496,0.162340721890307,38,-0.29729729729729726,0.07022170344004909,FALSE,0.33359050010786045,0.2063304372682924
Excit.L5.2,Inhib.Sst,215,0.03320292689994929,0.6280205633288459,43,-0.08230141951072184,0.5986816662757914,FALSE,0.7850257041610574,0.7794651891336891
Excit.L6_CT,Astro.1,243,-0.022501049575068446,0.7269119051967409,30,-0.027808676307007788,0.8842001559952611,FALSE,0.8464516006330871,0.9436755028110858
Excit.L6_CT,Astro.2,243,-0.03017841939848894,0.639474243807474,30,-0.0135706340378198,0.9438221579941507,FALSE,0.790101817836565,0.9687917002104841
Excit.L6_CT,Astro.3,185,0.12728857890148215,0.08424242895353723,19,0.6140350877192983,0.006151336660726935,FALSE,0.2127772690063569,0.03815642252192487
Excit.L6_CT,Astro.4,229,0.00560990476951825,0.9326678018062876,27,0.08058608058608058,0.6885531229344385,FALSE,0.9633373163682144,0.8403879141456224
Excit.L6_CT,Astro.5,244,0.03450181529806822,0.5914869832705618,30,0.1292547274749722,0.49444384141070835,FALSE,0.7531928841023267,0.7046564925493927
Excit.L6_CT,Macro,204,-0.02606667561894396,0.7110940745590902,21,-0.23376623376623376,0.3063359196685279,FALSE,0.8367886907860983,0.5308931817014726
Excit.L6_CT,Micro.2,241,0.08666112273241659,0.1798348339605311,29,-0.04926108374384236,0.7993598530319264,FALSE,0.35417632090297524,0.9000016380688661
Excit.L6_CT,Micro.3,204,-0.00842739114148603,0.9047001465972792,19,0.10175438596491229,0.6780490429695172,FALSE,0.947452287983719,0.8352778065566515
Excit.L6_CT,Micro.4,155,0.12748541780799844,0.1138651013863505,14,-0.02857142857142857,0.9275657504114859,FALSE,0.2646769434502455,0.965188295709105
Excit.L6_CT,Micro.5,244,-0.08735652123630265,0.17366471861151178,30,-0.3121245828698554,0.0934042057268121,FALSE,0.3474534621032893,0.2470022329220142
Excit.L6_CT,OPC.2,242,0.031342809036761,0.6273191401776939,30,0.08832035595105674,0.6414082414272958,FALSE,0.7849498945022216,0.811132632623254
Excit.L6_CT,OPC.4,229,-0.08235488093691602,0.2142322318618108,27,-0.15384615384615383,0.44187814566698036,FALSE,0.4004186722894288,0.6615837266775404
Excit.L6_CT,OPC.5,242,-3.5350783496137454e-4,0.9956368898878756,30,0.05806451612903226,0.7599596387943196,FALSE,0.9972650777699489,0.880576407171607
Excit.L6_CT,Oligo.1,243,0.17835416593489117,0.0053531113900696665,30,0.5715239154616241,0.001181356224542524,FALSE,0.029144717568157074,0.01106940084413861
Excit.L6_CT,Oligo.2,237,0.23502638558105068,2.7185279105588226e-4,28,0.6228790366721401,5.267441255497839e-4,FALSE,0.002809797491828611,0.006206193162418246
Excit.L6_CT,Oligo.3,245,0.08340908534545367,0.1930672766961774,30,0.20088987764182425,0.2858212734958975,FALSE,0.3718670030704675,0.5079703653551377
Excit.L6_CT,Oligo.4,245,0.04499424719907956,0.48302060258186186,30,0.4442714126807564,0.01467421521013694,FALSE,0.6770025608269803,0.07156686926255311
Excit.L6_CT,Oligo.5,233,0.207384175195334,0.0014864001668607083,29,0.5463054187192117,0.0025256758385379047,FALSE,0.01034568297957027,0.01964414541085037
Excit.L6_CT,Vasc.Endo,244,0.07521653470131222,0.24159540333635565,30,0.1906562847608454,0.31147639730633814,FALSE,0.43395068781090274,0.5340877705973234
Excit.L6_CT,Vasc.PC,243,0.08508917624665263,0.18604547721670303,30,0.04827586206896552,0.7996657866214744,FALSE,0.36004061546676336,0.9000016380688661
Excit.L6_CT,Vasc.VLMC,221,-0.005374275962511257,0.9366357522731359,25,0.17923076923076925,0.3895963785889232,FALSE,0.9641838626341104,0.6239834327332686
Excit.L6_CT,Excit.L2,245,-0.14388285502125683,0.024375569798056898,30,-0.020244716351501667,0.9158168432520037,FALSE,0.08630078902491244,0.9568235675767203
Excit.L6_CT,Excit.L2_5.1,241,-0.12400637838208568,0.05458615177293564,30,0.08520578420467187,0.6532724221864056,FALSE,0.16112779740203892,0.8181396216011116
Excit.L6_CT,Excit.L2_5.2,243,0.020881107816030812,0.7458709595460521,30,0.3299221357063404,0.07547327697154112,FALSE,0.8587330126352574,0.21589711441378348
Excit.L6_CT,Excit.L5.1,242,0.03070945847256673,0.6342957577117134,30,0.3526140155728587,0.056647488702835286,FALSE,0.7883092404769593,0.18120287772678217
Excit.L6_CT,Excit.L5.2,234,-0.08111517739862185,0.21620752395827142,27,-0.006105006105006105,0.9769263818373535,FALSE,0.4012942679528522,0.9835384047262696
Excit.L6_CT,Excit.L5_6_NP,220,-0.1789770261970101,0.007859869539005526,27,-0.16666666666666666,0.40434897837724965,FALSE,0.03851336074112708,0.6334627179684654
Excit.L6_CT,Excit.L6_CT,241,0.07600562394979596,0.23961156407030484,30,0.2631813125695217,0.15957162667618066,TRUE,0.43165318527371094,0.3503437083847395
Excit.L6_CT,Excit.L6b,241,0.08240886800864168,0.20221155160935045,30,0.5617352614015573,0.001482961471547679,FALSE,0.3835486877527252,0.01336912235713438
Excit.L6_CT,Inhib.Pax6,224,0.09621930386504379,0.15108709104880497,28,0.14340448823207444,0.4649411219557254,FALSE,0.3196574896973853,0.6805411256178514
Excit.L6_CT,Inhib.Lamp5_Lhx6,240,-0.016691262001076405,0.7968454387057349,30,0.2992213570634038,0.10833036063211508,FALSE,0.8991786789437878,0.2719686269034113
Excit.L6_CT,Inhib.Pvalb,241,0.05854737491855561,0.3652331767294367,29,0.3142857142857142,0.09710839237577115,FALSE,0.5599632559368711,0.2539701256800551
Excit.L6_CT,Inhib.Vip,242,-0.025028778077941915,0.6982594284408746,30,0.19733036707452725,0.29458456831108004,FALSE,0.8272415859188311,0.519341683392867
Excit.L6_CT,Inhib.Chandelier,220,0.01544885412733922,0.8196238595781735,28,-0.02079912424740011,0.9168504881896474,FALSE,0.9111063774802746,0.9570244706461625
Excit.L6_CT,Inhib.Sst,243,0.04422014481627,0.49237847571979415,30,0.21690767519466073,0.2484963653243705,FALSE,0.6846352244684992,0.46349635538558137
Excit.L6b,Astro.1,247,0.02496121833361471,0.6960680125389817,24,0.15304347826086956,0.4735370390314696,FALSE,0.8262435226359037,0.6880452703876053
Excit.L6b,Astro.2,247,0.059201368427423344,0.35392951911498705,24,0.23304347826086955,0.27183727894410853,FALSE,0.5502076915175877,0.4916372301970328
Excit.L6b,Astro.3,190,0.1699668018213072,0.019153085537407483,19,0.3298245614035088,0.16783469383198,FALSE,0.07175085560649593,0.36181754648560904
Excit.L6b,Astro.4,230,-0.05257582743817792,0.42717003666872205,23,0.017786561264822136,0.9370302809933313,FALSE,0.6207393771283328,0.9673988163368599
Excit.L6b,Astro.5,247,0.002950432730133753,0.9631808901996902,24,0.0408695652173913,0.8499758145038452,FALSE,0.9765818365872714,0.9271046922635892
Excit.L6b,Macro,207,-0.0856171055622301,0.21977330177898427,21,0.16363636363636364,0.47678732687494707,FALSE,0.40423044774594985,0.6910802910854897
Excit.L6b,Micro.2,245,0.14727986356477818,0.02118074651814297,23,0.4535573122529644,0.03096535149147152,FALSE,0.07768387570276987,0.12081563368803641
Excit.L6b,Micro.3,208,-0.035747814351933346,0.6079380669162613,20,0.17593984962406015,0.4564086261951307,FALSE,0.7671083024800314,0.6705262532990192
Excit.L6b,Micro.4,156,-0.02874618703671508,0.7213866770414553,16,-0.22058823529411764,0.41030889232301704,FALSE,0.8424200947338253,0.6341137426810263
Excit.L6b,Micro.5,247,0.016241315932814547,0.7993788797325159,24,0.09652173913043477,0.6526324976671216,FALSE,0.8996631511456037,0.8181396216011116
Excit.L6b,OPC.2,246,0.09943392386084485,0.11978399746722146,24,0.2913043478260869,0.16689110478046665,FALSE,0.27427176990158186,0.3610916630704642
Excit.L6b,OPC.4,231,0.005650421542475516,0.9318849119363997,22,0.08977978543195933,0.6904349354008327,FALSE,0.9633373163682144,0.8405488776439078
Excit.L6b,OPC.5,246,0.11061357494513557,0.08338592786598915,24,0.2939130434782608,0.16299136699742506,FALSE,0.2115540425028904,0.35458816586277114
Excit.L6b,Oligo.1,247,0.16760528386268586,0.008367576977751376,24,0.3904347826086956,0.06021294042560746,FALSE,0.03957637759747273,0.1880666643214511
Excit.L6b,Oligo.2,240,0.14175419712147777,0.028189087132897576,22,0.42631281761716533,0.04912024997020454,FALSE,0.09539124789447384,0.16558951123100113
Excit.L6b,Oligo.3,248,0.07417262100511224,0.2443301220636,24,0.40260869565217383,0.05214887519580742,FALSE,0.43757953147355266,0.17146379949676738
Excit.L6b,Oligo.4,248,0.08258920493256819,0.19474580749298315,24,0.3321739130434782,0.1130666728446512,FALSE,0.3739241601550225,0.28031112642736444
Excit.L6b,Oligo.5,234,0.1591785318750893,0.01486715742305457,22,0.36194240542066625,0.09850821073602327,FALSE,0.06050587323336162,0.2559492811700168
Excit.L6b,Vasc.Endo,247,0.08999417080497044,0.15842333735989853,24,0.2660869565217391,0.2080501705401305,FALSE,0.3306108829060915,0.4178761121730008
Excit.L6b,Vasc.PC,246,0.08355235448578564,0.19138872326324902,24,0.44347826086956516,0.03111748577362676,FALSE,0.3692144661377638,0.12101244467521517
Excit.L6b,Vasc.VLMC,222,-0.022006930738136223,0.7441716011820633,22,0.1033314511575381,0.6462494198904668,FALSE,0.8575839128512209,0.8163872714115239
Excit.L6b,Excit.L2,248,0.05373852731023348,0.3991878837435655,24,0.24260869565217388,0.25219777570066254,FALSE,0.5941739460338612,0.4675985402041748
Excit.L6b,Excit.L2_5.1,245,0.029673844747815162,0.643717283018358,24,0.013913043478260867,0.9497401463383535,FALSE,0.7925162529622999,0.9705056101477985
Excit.L6b,Excit.L2_5.2,246,0.1027679087829464,0.10782427642117393,24,0.5060869565217391,0.012610900391445693,FALSE,0.2549898428879113,0.06553262648829858
Excit.L6b,Excit.L5.1,246,0.07300548342176805,0.25378498787825726,24,0.41999999999999993,0.04213531751458785,FALSE,0.4505603045664712,0.1482777026801795
Excit.L6b,Excit.L5.2,239,-0.05641942969656481,0.38494105873138756,23,-0.03260869565217391,0.8833378391133262,FALSE,0.576470411914364,0.9436755028110858
Excit.L6b,Excit.L5_6_NP,224,-0.10708413410207133,0.10993316029160141,23,0.33992094861660077,0.11287794329846637,FALSE,0.2574916278340568,0.28031112642736444
Excit.L6b,Excit.L6_CT,245,-0.05018156002904961,0.433981927435701,24,-0.09999999999999999,0.6408863912802482,FALSE,0.6284017270788814,0.811132632623254
Excit.L6b,Excit.L6b,245,0.07105892336942775,0.2676732378128944,24,0.2504347826086956,0.23684467745105608,TRUE,0.4644384406236352,0.45167213120316907
Excit.L6b,Inhib.Pax6,229,-0.018726329779261135,0.7778934290643524,24,0.047826086956521734,0.8245351637285112,FALSE,0.8847905762338271,0.9106473446216617
Excit.L6b,Inhib.Lamp5_Lhx6,243,-0.004434977360958483,0.9451303156814023,24,0.04521739130434781,0.8340563378203002,FALSE,0.9683119797875016,0.9147714672867808
Excit.L6b,Inhib.Pvalb,243,0.1165889730221573,0.06966065481579017,23,0.19367588932806323,0.3741998761179017,FALSE,0.18780949719299048,0.6083303996998675
Excit.L6b,Inhib.Vip,245,-0.062111481937837124,0.33272143748518856,24,-0.13478260869565215,0.5284593516352122,FALSE,0.5307080220304115,0.7338000331924183
Excit.L6b,Inhib.Chandelier,224,0.09392803758274612,0.16109534153183983,24,-0.07565217391304346,0.724750855434712,FALSE,0.3330542500190973,0.860613363709354
Excit.L6b,Inhib.Sst,245,-0.059139609462337525,0.3564054073092804,24,-0.05217391304347825,0.8087215425887713,FALSE,0.5533544029833567,0.9053420843656047
Inhib.Lamp5_Lhx6,Astro.1,233,-0.02401308424691583,0.7151935564184722,29,0.14926108374384234,0.43799150278195786,FALSE,0.8407985668067451,0.6590081402408311
Inhib.Lamp5_Lhx6,Astro.2,234,-0.11711329488701422,0.07378562029265857,29,0.06847290640394088,0.7233771959582195,FALSE,0.1948003984019542,0.860613363709354
Inhib.Lamp5_Lhx6,Astro.3,186,-0.07183678417075,0.3295533154525153,24,0.1895652173913043,0.37328319006200567,FALSE,0.5270271689677954,0.607670309403265
Inhib.Lamp5_Lhx6,Astro.4,219,0.06128851668627967,0.3664297564140064,29,0.325615763546798,0.08517285750607156,FALSE,0.5601941515469909,0.23300161018902335
Inhib.Lamp5_Lhx6,Astro.5,234,-0.029224353706136196,0.6562739437314636,29,0.3655172413793103,0.05194111344267962,FALSE,0.7987141794183991,0.17146379949676738
Inhib.Lamp5_Lhx6,Macro,201,0.03196394266292301,0.6521148980919675,25,0.31846153846153846,0.12092547187397046,FALSE,0.7972462576473655,0.2918890700406183
Inhib.Lamp5_Lhx6,Micro.2,232,-0.014578436215257291,0.8250709091519439,29,0.12857142857142853,0.5046517229243026,FALSE,0.9148679353403529,0.7132251190972922
Inhib.Lamp5_Lhx6,Micro.3,203,0.029760350709078447,0.673141546669784,26,0.11589743589743588,0.5714344137592975,FALSE,0.814820548093365,0.761940904482611
Inhib.Lamp5_Lhx6,Micro.4,151,0.14611362844196585,0.07345876728112426,19,0.4526315789473685,0.05325516941421989,FALSE,0.1948003984019542,0.17410343846956503
Inhib.Lamp5_Lhx6,Micro.5,234,-0.026809868669059617,0.6830668897082514,29,0.03793103448275861,0.8450905819009553,FALSE,0.82146231006830706,0.923469047256324
Inhib.Lamp5_Lhx6,OPC.2,233,0.026020499159466155,0.6925464748779978,29,0.180295566502463,0.3477711190192407,FALSE,0.8249155584104404,0.5788078764096454
Inhib.Lamp5_Lhx6,OPC.4,222,-0.07152348460710371,0.2884397515081596,28,0.06951286261631089,0.7244897571892347,FALSE,0.4860229650584532,0.860613363709354
Inhib.Lamp5_Lhx6,OPC.5,233,-0.0582159811477556,0.37610219288068436,29,0.10344827586206895,0.5919663716603234,FALSE,0.5669407859992253,0.7741098706327306
Inhib.Lamp5_Lhx6,Oligo.1,233,0.01120680168334453,0.8647945268708377,29,0.14482758620689654,0.45185230469974796,FALSE,0.9377594804061868,0.6689288853902629
Inhib.Lamp5_Lhx6,Oligo.2,224,0.03910100363015162,0.5601828627583061,28,0.2162014230979748,0.2679232942372317,FALSE,0.7300255392328988,0.48801591725201493
Inhib.Lamp5_Lhx6,Oligo.3,234,-0.008722772068585238,0.894338715314161,29,0.007881773399014776,0.9684294251969223,FALSE,0.9447721081032342,0.9782945806318656
Inhib.Lamp5_Lhx6,Oligo.4,234,-0.0812078981195957,0.21568164754253344,29,-0.1615763546798029,0.40074560137723875,FALSE,0.40092567259423895,0.6334627179684654
Inhib.Lamp5_Lhx6,Oligo.5,222,0.08090559158878864,0.22970171343819892,27,0.1581196581196581,0.42916182704897127,FALSE,0.41810490187487914,0.6514063446279028
Inhib.Lamp5_Lhx6,Vasc.Endo,234,-0.020445855547672736,0.7555375401432206,29,0.19211822660098518,0.3166289081444309,FALSE,0.8641795486857871,0.5390391998453116
Inhib.Lamp5_Lhx6,Vasc.PC,233,0.0032634722585884344,0.9604583323120075,29,0.09359605911330048,0.6279270308831966,FALSE,0.9755899312456129,0.8034765233881762
Inhib.Lamp5_Lhx6,Vasc.VLMC,216,-0.0377118089046071,0.5811973062148587,27,-0.014652014652014652,0.942962068660884,FALSE,0.7494386316981072,0.9687917002104841
Inhib.Lamp5_Lhx6,Excit.L2,234,0.03681996024247874,0.5749383113309744,29,-0.02906403940886699,0.8812404964863365,FALSE,0.7445025701696021,0.9430541284341191
Inhib.Lamp5_Lhx6,Excit.L2_5.1,232,-0.11970078168095041,0.06879586080670978,29,0.15123152709359602,0.4319072477132579,FALSE,0.1866458133013594,0.6530744914596911
Inhib.Lamp5_Lhx6,Excit.L2_5.2,233,-0.008284855591352556,0.8998305577837353,29,0.23152709359605905,0.22591157694541059,FALSE,0.947452287983719,0.44071274846727637
Inhib.Lamp5_Lhx6,Excit.L5.1,233,-0.19270329345066656,0.0031881999241355507,29,-0.20443349753694576,0.2861180553970079,FALSE,0.01933438072804975,0.5079703653551377
Inhib.Lamp5_Lhx6,Excit.L5.2,227,0.11113242738048586,0.09484302643539211,29,0.2778325123152709,0.144254382382125,FALSE,0.2291572137738764,0.32948697703402835
Inhib.Lamp5_Lhx6,Excit.L5_6_NP,214,-0.03281650345454601,0.6328301514240359,28,0.19978106185002736,0.3066503022179223,FALSE,0.7878733254897984,0.5308931817014726
Inhib.Lamp5_Lhx6,Excit.L6_CT,231,-0.15050331976868708,0.022212160403218103,29,-0.02068965517241379,0.9156026913309064,FALSE,0.08002910733512406,0.9568235675767203
Inhib.Lamp5_Lhx6,Excit.L6b,230,0.034858060109626464,0.5986810728216204,28,0.3152709359605911,0.10246902539252854,FALSE,0.7607721101727023,0.2638492794597921
Inhib.Lamp5_Lhx6,Inhib.Pax6,227,0.0988614376376011,0.13748752219589744,29,0.431527093596059,0.02027375636983695,FALSE,0.30165614019517745,0.09069838375979689
Inhib.Lamp5_Lhx6,Inhib.Lamp5_Lhx6,233,0.08164847091145745,0.21418513854983015,29,0.4290640394088669,0.021060927850623905,TRUE,0.4004186722894288,0.09316916038008345
Inhib.Lamp5_Lhx6,Inhib.Pvalb,231,-0.0037393640841916704,0.9548937572191093,29,-0.12463054187192117,0.5179043678946098,FALSE,0.9739757307189084,0.7235215071994173
Inhib.Lamp5_Lhx6,Inhib.Vip,233,0.014423788435923998,0.8265269838963657,29,0.22807881773399008,0.23305034327155022,FALSE,0.9154571024168606,0.4473101862419648
Inhib.Lamp5_Lhx6,Inhib.Chandelier,223,-0.10516798829579097,0.11729565355086208,28,-0.0722495894909688,0.7140500614955922,FALSE,0.2702115536670161,0.8547158060860858
Inhib.Lamp5_Lhx6,Inhib.Sst,233,0.050757429142807266,0.4403614094905021,29,0.3458128078817734,0.06674375021990542,FALSE,0.6346385019127825,0.20261495602471286
Inhib.Pvalb,Astro.1,252,0.09231209924090576,0.14386851870855194,44,0.14841437632135307,0.33514415890013627,FALSE,0.3084250344109873,0.562512763175123
Inhib.Pvalb,Astro.2,253,0.0238695459510249,0.7053602098737309,44,0.08766737138830162,0.5703134188849863,FALSE,0.8332365063600004,0.761940904482611
Inhib.Pvalb,Astro.3,191,0.1031551391567925,0.15546646264284372,33,0.2322860962566845,0.192637377438684,FALSE,0.32611763072096506,0.3952387571586793
Inhib.Pvalb,Astro.4,235,0.018981571379696156,0.7720707995862968,42,0.06474353780082652,0.6828413927828105,FALSE,0.8789839493431353,0.837712636506747
Inhib.Pvalb,Astro.5,254,0.04239665926437177,0.500906886787111,44,0.09978858350951375,0.5180170791041206,FALSE,0.6910033066601475,0.7235215071994173
Inhib.Pvalb,Macro,209,-0.025051264524948734,0.7185950018971414,38,-0.01323996060838166,0.9373200296104197,FALSE,0.8424200947338253,0.9673988163368599
Inhib.Pvalb,Micro.2,251,0.08570593815215329,0.17576165115361375,44,0.22804792107117688,0.1362844977198833,FALSE,0.34972967798068855,0.3149098102653614
Inhib.Pvalb,Micro.3,209,0.011149376938850623,0.8726037769626492,38,-0.057227267753583534,0.732144625056556,FALSE,0.9386363436553758,0.866254718897238
Inhib.Pvalb,Micro.4,158,0.051276395394297486,0.5218758896714614,30,-0.17552836484983314,0.35198378395746294,FALSE,0.7057420127573075,0.5821451468928146
Inhib.Pvalb,Micro.5,254,0.013231495330695845,0.8336781375448977,44,0.048484848484848485,0.7539825810470546,FALSE,0.9199536238954382,0.8779115347037858
Inhib.Pvalb,OPC.2,252,0.030215295415364708,0.6328713079852748,44,0.05764622973925299,0.7093251862937028,FALSE,0.7878733254897984,0.853485310100613
Inhib.Pvalb,OPC.4,236,-0.02335084700114577,0.7209997922807649,41,0.07979094076655054,0.6188527727790789,FALSE,0.8424200947338253,0.7935719823352413
Inhib.Pvalb,OPC.5,251,0.04398406374501992,0.48761251051467347,43,0.09604349139232861,0.5388608110301748,FALSE,0.6803249719595388,0.7389388529273644
Inhib.Pvalb,Oligo.1,253,0.13268820646431057,0.03497350459773019,44,0.24496124031007752,0.10897612412337988,FALSE,0.11455225436422321,0.27244031030844973
Inhib.Pvalb,Oligo.2,242,0.06629309144083442,0.3041568933646623,43,0.02476593174267593,0.8745724712595717,FALSE,0.5021458145171311,0.9414558120062364
Inhib.Pvalb,Oligo.3,255,0.08768961324687355,0.1625826465906584,44,0.10133897110641296,0.511506636351108,FALSE,0.33359050010786045,0.7203466239737498
Inhib.Pvalb,Oligo.4,255,0.06468996062992126,0.30325193482213714,44,0.2493305144467935,0.1026573246973813,FALSE,0.5020419162109115,0.2638492794597921
Inhib.Pvalb,Oligo.5,238,0.06267694302974088,0.3354030492528998,43,0.12866203563877981,0.40962949002508886,FALSE,0.5329036774770457,0.6341137426810263
Inhib.Pvalb,Vasc.Endo,254,0.08556918643714059,0.17386854879127864,44,0.18787878787878787,0.22121438052198683,FALSE,0.3474534621032893,0.4351158889606022
Inhib.Pvalb,Vasc.PC,253,0.03623040202978581,0.5659846382850988,44,0.06723044397463002,0.6636273975618393,FALSE,0.7352398535516925,0.82435182091907
Inhib.Pvalb,Vasc.VLMC,228,0.02034572031139735,0.7597680303403216,40,0.06660412757973733,0.682094572266851,FALSE,0.8673959339859216,0.8376600010294661
Inhib.Pvalb,Excit.L2,255,0.061176325845298744,0.33031172795009445,44,0.08964059196617336,0.5616357656772599,FALSE,0.5275513256047792,0.7551121655683735
Inhib.Pvalb,Excit.L2_5.1,251,0.049018402580155565,0.4391512351418766,44,0.04594785059901339,0.7664994589734683,FALSE,0.6336398858054167,0.8838511203279334
Inhib.Pvalb,Excit.L2_5.2,253,0.07159307655712997,0.2563624823469165,44,0.08414376321353065,0.5859620099178237,FALSE,0.4512045249927941,0.7679458059495707
Inhib.Pvalb,Excit.L5.1,251,0.007404287611458926,0.9070183485313043,43,0.20024161884627004,0.19728640362334723,FALSE,0.9487038903021798,0.4026943744627499
Inhib.Pvalb,Excit.L5.2,242,-0.026330194945811694,0.6833953360920723,43,-0.014044095439444279,0.9288447185740939,FALSE,0.82146231006830706,0.965188295709105
Inhib.Pvalb,Excit.L5_6_NP,226,-0.02368666588696997,0.723017184668318,37,0.09198672356567093,0.5869180960923016,FALSE,0.8435200487797043,0.7683526230471275
Inhib.Pvalb,Excit.L6_CT,247,0.0028986707524121086,0.963826481986948,43,0.06478405315614617,0.6788914492426845,FALSE,0.9765818365872714,0.8354506976202634
Inhib.Pvalb,Excit.L6b,246,0.10772858170620872,0.09179415121509497,43,0.05602536997885836,0.7204393019148929,FALSE,0.22534636320338947,0.859040850980684
Inhib.Pvalb,Inhib.Pax6,234,0.03321790071858559,0.6129221005814532,39,0.13623481781376517,0.406861626869744,FALSE,0.7708504929230678,0.6341137426810263
Inhib.Pvalb,Inhib.Lamp5_Lhx6,247,0.08573694722189486,0.1791157391256669,42,0.10882424438862329,0.49138460132380324,FALSE,0.3533281488388759,0.7025817527005864
Inhib.Pvalb,Inhib.Pvalb,251,0.0942697780307342,0.136317652758501,44,0.22100070472163497,0.14906920298056173,TRUE,0.3003401522107261,0.33750441614206017
Inhib.Pvalb,Inhib.Vip,251,0.008643521153481314,0.891544384867665,43,0.13953488372093023,0.37091579967177085,FALSE,0.9439428448253152,0.6054729788880759
Inhib.Pvalb,Inhib.Chandelier,232,0.011621425784515914,0.8601434658627786,39,0.28218623481781374,0.08199799119048809,FALSE,0.9366006628283589,0.22798506896420753
Inhib.Pvalb,Inhib.Sst,251,0.11775374691709352,0.0625308229410659,43,0.22017517366354578,0.1556003656875155,FALSE,0.17528663181420076,0.3453526228103103
Inhib.Vip,Astro.1,313,0.18439600020662678,0.0010660176537776963,82,0.4912767601571598,3.7747267691876623e-6,FALSE,0.007962631865107792,1.6636758723456734e-4
Inhib.Vip,Astro.2,314,0.04539687061817259,0.4225533025910019,82,0.23540231386249608,0.03348476668842464,FALSE,0.6169455718824829,0.12649800748960421
Inhib.Vip,Astro.3,230,0.03166542969087112,0.6325969158354499,64,0.13850732600732601,0.2743160384641147,FALSE,0.7878733254897984,0.4926310002735011
Inhib.Vip,Astro.4,295,0.12294025260126955,0.034860905805611034,78,0.28274257388181434,0.012372628403019729,FALSE,0.11448957000502284,0.06486091541671135
Inhib.Vip,Astro.5,315,0.17058891282063096,0.0024111411643664947,82,0.42980594464579186,6.578213417970504e-5,FALSE,0.015545515401836612,0.0014232861758881636
Inhib.Vip,Macro,264,0.06835106209523312,0.2682765382329554,67,0.4485593423258042,1.6477344882588206e-4,FALSE,0.4644384406236352,0.0026860329329150634
Inhib.Vip,Micro.2,312,0.11613612135991763,0.040404537194617215,82,0.30170546685386535,0.006054027688379591,FALSE,0.12658710502149895,0.038117952112019654
Inhib.Vip,Micro.3,263,0.1943754733061905,0.0015649667304607853,70,0.41985828011547544,3.3503650301734515e-4,FALSE,0.010770136206822819,0.004333624332506964
Inhib.Vip,Micro.4,198,0.34092242476804885,1.0398432368619245e-6,48,0.6123534520191055,6.082028818068873e-6,FALSE,3.549769153177967e-5,2.261754466719362e-4
Inhib.Vip,Micro.5,315,0.03895294149264963,0.49070418737940696,82,0.2668342747684505,0.015615891969411193,FALSE,0.6838596468029278,0.07523445928582721
Inhib.Vip,OPC.2,313,0.14143798144428982,0.012304591357281397,82,0.46898705934850515,1.1284129445192864e-5,FALSE,0.05288815583392881,3.533714220994607e-4
Inhib.Vip,OPC.4,293,0.0521243515406069,0.37377954516448014,77,0.40811819759188184,0.00025835438686263765,FALSE,0.5652838800327015,0.003660020480554033
Inhib.Vip,OPC.5,313,0.105945920138753,0.06121315052746895,82,0.3985045874555131,2.344373599383814e-4,FALSE,0.1739816923344535,0.0034022007113009007
Inhib.Vip,Oligo.1,314,0.16205011623501278,0.004025032155875737,83,0.31549892951597325,0.003811358897628329,FALSE,0.023465477948974245,0.026837379219986458
Inhib.Vip,Oligo.2,303,0.20642994937346643,3.0590985386331294e-4,82,0.24918100586628358,0.0242163918658314,FALSE,0.0030220933143754705,0.10111405726434865
Inhib.Vip,Oligo.3,316,0.14890084293111086,0.00806904047231138,83,0.30259015154695434,0.005598956599874439,FALSE,0.03906946473747605,0.036622894629960476
Inhib.Vip,Oligo.4,316,-0.07190527530742362,0.20226322635776367,83,-0.17442592670332896,0.11467386299716761,FALSE,0.3835486877527252,0.2837045674981901
Inhib.Vip,Oligo.5,297,0.17326585279605414,0.0027674351798092347,80,0.2541256446319738,0.023173892761506228,FALSE,0.017565326918478303,0.09848904423640147
Inhib.Vip,Vasc.Endo,315,0.14967077857507594,0.007843387121728782,82,0.37558363535442585,5.533259144804357e-4,FALSE,0.03851336074112708,0.006350060046305013
Inhib.Vip,Vasc.PC,314,0.13330135538067814,0.018174200622843684,82,0.30383866087656863,0.005692514920537609,FALSE,0.07013028893050323,0.03662969361380461
Inhib.Vip,Vasc.VLMC,286,0.049893880189130504,0.4003407104112768,75,0.3372403982930298,0.0032354269704728236,FALSE,0.5951667114730753,0.023766407992979383
Inhib.Vip,Excit.L2,316,-0.06921466506180798,0.21969959228554894,83,-0.013895302464212245,0.9006330785258344,FALSE,0.40423044774594985,0.9527829888730828
Inhib.Vip,Excit.L2_5.1,312,0.023307748413816647,0.6815699397445948,82,0.21095765174519218,0.05726025822030427,FALSE,0.8209667415802642,0.18170588608576554
Inhib.Vip,Excit.L2_5.2,313,-0.03580043610771516,0.5278077870113989,82,0.08401084010840108,0.4522488679162125,FALSE,0.7097305588243289,0.6689288853902629
Inhib.Vip,Excit.L5.1,311,-0.18500155585520175,0.0010648450616662214,82,-0.45229155102796015,2.4509495208926432e-5,FALSE,0.007962631865107792,6.394033833778184e-4
Inhib.Vip,Excit.L5.2,299,0.09826401203115531,0.08985479982790295,80,0.37974683544303794,5.602994158504423e-4,FALSE,0.2219196165104458,0.006350060046305013
Inhib.Vip,Excit.L5_6_NP,269,0.025574728587545545,0.6760697910542715,73,0.3834382327533012,8.832368091293866e-4,FALSE,0.8159462995482586,0.008832368091293865
Inhib.Vip,Excit.L6_CT,307,-0.02054141170830192,0.7198319385144987,81,0.09245709123757903,0.410914849451119,FALSE,0.8424200947338253,0.6342265510335041
Inhib.Vip,Excit.L6b,304,0.07729820005296474,0.178783176827817,81,0.2344850948509485,0.03533933173262567,FALSE,0.35324095421625135,0.1310087375757774
Inhib.Vip,Inhib.Pax6,283,0.25040794348831125,2.153778199914453e-5,74,0.5228433913365419,2.545078903750167e-6,FALSE,3.823736659268413e-4,1.360735348919116e-4
Inhib.Vip,Inhib.Lamp5_Lhx6,307,-0.008538150231961307,0.8814930722028483,80,0.20506329113924052,0.0681500031679267,FALSE,0.9427705190598398,0.2044866649558895
Inhib.Vip,Inhib.Pvalb,312,-0.1295281000806822,0.02217364593013714,82,-0.20031344891762173,0.07125765527870515,FALSE,0.08002910733512406,0.2076377088102073
Inhib.Vip,Inhib.Vip,313,0.10509162801545943,0.06334045478031684,82,0.44210446120525465,3.864169711544247e-5,TRUE,0.17674728270133971,9.196723913475308e-4
Inhib.Vip,Inhib.Chandelier,277,0.048255415444759246,0.4234956540170685,71,0.1532863849765258,0.20140274516942117,FALSE,0.6169455718824829,0.4101778238706131
Inhib.Vip,Inhib.Sst,309,0.08676162547130291,0.12800542868539944,82,0.329436989149008,0.0026288435991784573,FALSE,0.2861435221525808,0.020053358224502337
Inhib.Chandelier,Astro.1,159,0.013228445187485073,0.8684202265154695,29,0.0334975369458128,0.8631311826890089,FALSE,0.9386215128218339,0.9346006436759969
Inhib.Chandelier,Astro.2,160,-0.06088421422711824,0.4439828708052164,29,-0.22266009852216745,0.24457512809995954,FALSE,0.6376072880848653,0.4576169849669054
Inhib.Chandelier,Astro.3,124,-0.08636349331235249,0.3397362775905972,18,-0.1764705882352941,0.4821256375468769,FALSE,0.5368455981971733,0.6945877829065175
Inhib.Chandelier,Astro.4,149,-0.17423907128605115,0.033683464625166123,27,-0.4963369963369963,0.009206350531010191,FALSE,0.11151957882656352,0.05192207171517596
Inhib.Chandelier,Astro.5,160,0.019565217391304346,0.8058197763379354,29,0.09261083743842363,0.6315720091077878,FALSE,0.900969928911426,0.8046795405120637
Inhib.Chandelier,Macro,135,0.01805677494878549,0.8351375299294023,21,0.02077922077922078,0.9303117438473475,FALSE,0.9199536238954382,0.965188295709105
Inhib.Chandelier,Micro.2,158,-0.011943245623776353,0.8814828021386081,28,0.11932129173508484,0.543806280928689,FALSE,0.9427705190598398,0.7410749250385806
Inhib.Chandelier,Micro.3,137,-0.09249164597606734,0.28200800602047654,25,-0.28,0.17474126930406356,FALSE,0.47854304982377427,0.37132519727113505
Inhib.Chandelier,Micro.4,100,0.042880288028802886,0.6713603323512358,12,0.4265734265734267,0.1688995254052027,FALSE,0.8134682563108446,0.3627986195526917
Inhib.Chandelier,Micro.5,160,-0.052147544825969755,0.5121361038802071,29,-0.15960591133004923,0.40657912383354233,FALSE,0.6989302889390262,0.6341137426810263
Inhib.Chandelier,OPC.2,159,-0.024949247671363743,0.7546658399005854,29,0.0167487684729064,0.9318294821743173,FALSE,0.8641795486857871,0.9659208046928899
Inhib.Chandelier,OPC.4,153,-0.02011043651910525,0.8049036231079166,26,-0.2246153846153846,0.2686990147635381,FALSE,0.900969928911426,0.48817072911238213
Inhib.Chandelier,OPC.5,159,0.024474564127059947,0.7591890692333975,29,0.11625615763546795,0.5466275107726007,FALSE,0.8673959339859216,0.7425647692002224
Inhib.Chandelier,Oligo.1,160,-0.06364701746161959,0.4235520211862597,29,-0.24137931034482754,0.20634386544083017,FALSE,0.6169455718824829,0.4161850845331998
Inhib.Chandelier,Oligo.2,153,-0.06232828059453446,0.4436209049686216,27,-0.07997557997557997,0.6908040355762537,FALSE,0.6376072880848653,0.8405488776439078
Inhib.Chandelier,Oligo.3,160,-0.04340208601898511,0.5854152130142921,29,-0.07783251231527093,0.687237909314118,FALSE,0.7501237215142704,0.8403879141456224
Inhib.Chandelier,Oligo.4,160,-0.11203269658971052,0.15825822992329486,29,-0.3862068965517241,0.03934975740095206,FALSE,0.3306108829060915,0.1414689163357491
Inhib.Chandelier,Oligo.5,152,-0.07708158202284049,0.3448337721615118,27,-0.16483516483516483,0.40959579114142697,FALSE,0.5408724339281075,0.6341137426810263
Inhib.Chandelier,Vasc.Endo,160,0.009513066916676432,0.9048724945559349,29,0.14433497536945808,0.453406922796869,FALSE,0.947452287983719,0.6689288853902629
Inhib.Chandelier,Vasc.PC,159,0.14831024599952233,0.06213939637065255,29,0.28817733990147776,0.12944155935570084,FALSE,0.17462456423006562,0.30623351020533596
Inhib.Chandelier,Vasc.VLMC,147,0.07067677126385542,0.3945273553858836,25,-0.10923076923076924,0.6019129343857312,FALSE,0.588667491288316,0.782815728873246
Inhib.Chandelier,Excit.L2,160,-0.05541427399507792,0.4860363876256087,29,0.06305418719211821,0.7445795832642705,FALSE,0.6792218561211694,0.8749856049389773
Inhib.Chandelier,Excit.L2_5.1,159,0.06118641031764987,0.44317131607157706,29,0.1610837438423645,0.4021994450495574,FALSE,0.6376072880848653,0.6334627179684654
Inhib.Chandelier,Excit.L2_5.2,159,-0.03831800812037258,0.6312092286900612,29,0.2088669950738916,0.27561688110828325,FALSE,0.7878733254897984,0.49395194054044744
Inhib.Chandelier,Excit.L5.1,160,-0.058018867924528296,0.4657499928215494,29,0.1487684729064039,0.4395199135814709,FALSE,0.6588264910004595,0.6595569951600887
Inhib.Chandelier,Excit.L5.2,154,-0.14687892752408885,0.06914571039843734,28,-0.2753147235905856,0.1558560380929112,FALSE,0.18698343319665725,0.3453526228103103
Inhib.Chandelier,Excit.L5_6_NP,150,-0.019945775367794124,0.8083666301534372,27,0.05616605616605616,0.7804543701643435,FALSE,0.9026883518121793,0.8904512948183784
Inhib.Chandelier,Excit.L6_CT,158,-0.0021160431362467085,0.9789393745663434,29,0.24384236453201963,0.2016420394658056,FALSE,0.9886238531275933,0.4101778238706131
Inhib.Chandelier,Excit.L6b,155,-0.06650446327865682,0.4105589934650665,29,0.057635467980295556,0.7659692445423433,FALSE,0.6030392889624778,0.8838511203279334
Inhib.Chandelier,Inhib.Pax6,156,0.011366976972072512,0.8878851416314633,29,0.2487684729064039,0.19246394190001065,FALSE,0.9439428448253152,0.3952387571586793
Inhib.Chandelier,Inhib.Lamp5_Lhx6,159,-0.019984475758299498,0.8023597839749264,29,0.10788177339901475,0.5760857744448787,FALSE,0.9000830909975136,0.761940904482611
Inhib.Chandelier,Inhib.Pvalb,158,-0.05338178985911808,0.5049113791712775,28,-0.029009304871373837,0.8837845394778059,FALSE,0.6957440264171146,0.9436755028110858
Inhib.Chandelier,Inhib.Vip,159,0.036323740148077384,0.6490885609916038,29,-0.01231527093596059,0.9501168368253657,FALSE,0.7959294166313461,0.9705056101477985
Inhib.Chandelier,Inhib.Chandelier,155,0.025970803390158226,0.748122166621424,27,0.05372405372405372,0.7898317186214975,TRUE,0.8600989939357834,0.8968509018698301
Inhib.Chandelier,Inhib.Sst,159,0.04141390016718414,0.6038759470751475,29,-0.09162561576354679,0.6352255963427054,FALSE,0.7642025156684459,0.8076051919314309
Inhib.Sst,Astro.1,212,0.07037215693337347,0.3075386556522401,49,0.14112244897959184,0.3323654953919376,FALSE,0.5043304594029372,0.5600271812020443
Inhib.Sst,Astro.2,213,-0.03229800243889718,0.6390092234782528,49,0.03204081632653061,0.8266220328282249,FALSE,0.790101817836565,0.9116591464926669
Inhib.Sst,Astro.3,164,0.12415763198345867,0.11314459188719969,36,0.0658944658944659,0.7016994452483171,FALSE,0.2640040477367993,0.8485999388673753
Inhib.Sst,Astro.4,200,-0.03589589739743494,0.6135340657959112,47,0.01746068455134135,0.9071986788969258,FALSE,0.7708504929230678,0.9528388595651737
Inhib.Sst,Astro.5,214,0.13063602217521603,0.056435581956787884,49,0.17020408163265305,0.24151333947603643,FALSE,0.16382366800252407,0.454785239748398
Inhib.Sst,Macro,178,-0.024781659040204098,0.742412574458062,42,-0.18758609513005428,0.2333520834076269,FALSE,0.8575839128512209,0.4473101862419648
Inhib.Sst,Micro.2,211,0.12620303777417252,0.06733574148671163,49,0.20816326530612242,0.1508678563260248,FALSE,0.1849468235901833,0.3387410359018293
Inhib.Sst,Micro.3,179,0.04120477894252297,0.5835951717097838,41,0.010975609756097562,0.9458790953756366,FALSE,0.7501237215142704,0.9687917002104841
Inhib.Sst,Micro.4,132,0.11973201567416109,0.17127493143510772,28,0.030651340996168577,0.877192753715337,FALSE,0.3450851825789588,0.9414558120062364
Inhib.Sst,Micro.5,214,-9.936602881798506e-4,0.988467573119622,49,-0.015714285714285712,0.9146051408648936,FALSE,0.9941484212409991,0.9568235675767203
Inhib.Sst,OPC.2,212,0.007235580162545513,0.9165260130835177,49,-0.03438775510204081,0.8141214883785955,FALSE,0.9547145969619977,0.905424832869653
Inhib.Sst,OPC.4,200,-0.056575414385359644,0.4258698039377671,47,-0.01792321924144311,0.9047435104425071,FALSE,0.619584928531787,0.9527829888730828
Inhib.Sst,OPC.5,212,0.07304850294649952,0.2894699554455883,49,0.04540816326530612,0.7560873752349574,FALSE,0.48642070702447965,0.8779115347037858
Inhib.Sst,Oligo.1,212,0.021695405375110357,0.7532848170219749,49,-0.05479591836734694,0.7076757396625879,FALSE,0.8640205064156549,0.8523624799579753
Inhib.Sst,Oligo.2,205,-0.07096293407251604,0.31169330190909605,48,-0.22948328267477203,0.11653730366055423,FALSE,0.5097787648045964,0.2871208930767278
Inhib.Sst,Oligo.3,214,0.11594968638171126,0.09064284718641945,49,0.04765306122448979,0.7444172270361495,FALSE,0.2233673877306682,0.8749856049389773
Inhib.Sst,Oligo.4,214,-0.0843239834573623,0.21906364394006603,49,-0.22459183673469385,0.12065722099367453,FALSE,0.40423044774594985,0.2918890700406183
Inhib.Sst,Oligo.5,202,0.10379332911601578,0.14146773697047485,47,0.09990749306197966,0.5028256752799056,FALSE,0.30618017277178744,0.7115720467666466
Inhib.Sst,Vasc.Endo,214,0.10099151745946226,0.14079945104042918,49,0.03479591836734694,0.8119520964334919,FALSE,0.305285186257888,0.905424832869653
Inhib.Sst,Vasc.PC,213,0.08251891883836966,0.2302162509320725,49,-0.04561224489795918,0.7550241609008266,FALSE,0.4184197439047312,0.8779115347037858
Inhib.Sst,Vasc.VLMC,195,0.0029244687565747945,0.9676130186595929,44,-0.2955602536997886,0.05182309887630184,FALSE,0.979608221370249,0.17146379949676738
Inhib.Sst,Excit.L2,214,0.060299812349428016,0.3797882531792544,49,0.00673469387755102,0.9635054031967241,FALSE,0.5701973570188603,0.977469249619865
Inhib.Sst,Excit.L2_5.1,211,0.04409243622334921,0.5238316387038223,49,0.13122448979591836,0.3676485261961004,FALSE,0.7063989668166389,0.6009639370513179
Inhib.Sst,Excit.L2_5.2,213,0.16799332407777648,0.014179876525508825,49,0.10755102040816325,0.46081085023612417,FALSE,0.05828976088506145,0.6761589541072599
Inhib.Sst,Excit.L5.1,212,0.07213287774577358,0.2955698215396287,49,0.041836734693877546,0.7747649813168848,FALSE,0.49194705351364826,0.8865099305452816
Inhib.Sst,Excit.L5.2,206,0.03802160014001998,0.5871224260208093,48,0.100412505427703,0.4959093971644624,FALSE,0.7501237215142704,0.705899739982907
Inhib.Sst,Excit.L5_6_NP,197,-0.040011112890010636,0.5763774844176544,46,-0.1194572926302806,0.42785073057866363,FALSE,0.7447915806029816,0.6502456824886459
Inhib.Sst,Excit.L6_CT,210,-0.00554790682004451,0.9362552123229929,49,0.08989795918367346,0.5378954693563179,FALSE,0.9641838626341104,0.7389388529273644
Inhib.Sst,Excit.L6b,209,0.011484568063515433,0.8688075656712905,48,0.15132435953104648,0.30353982429946025,FALSE,0.9386215128218339,0.5288614801117975
Inhib.Sst,Inhib.Pax6,201,0.06406088370031032,0.3659601015308749,45,0.08998682476943345,0.5554510585724906,FALSE,0.5601941515469909,0.7502687397290168
Inhib.Sst,Inhib.Lamp5_Lhx6,211,0.11591701690065279,0.09305120872692883,48,0.022687798523664784,0.8781646649806071,FALSE,0.22752042053989585,0.9414558120062364
Inhib.Sst,Inhib.Pvalb,211,0.15036087939602202,0.029077982285841828,49,0.4178571428571428,0.0030353312248330203,FALSE,0.09732384781463453,0.022575275984695588
Inhib.Sst,Inhib.Vip,212,0.04102303168919624,0.5522021103750491,49,0.10081632653061223,0.48948637002458933,FALSE,0.7239889026846931,0.701793711240074
Inhib.Sst,Inhib.Chandelier,198,0.08737967641622976,0.2207092919339401,46,0.15152636447733578,0.31369791085029997,FALSE,0.4047438362561027,0.5348144898450673
Inhib.Sst,Inhib.Sst,213,0.3315943979872889,8.552487830896901e-7,49,0.3695918367346938,0.009327026563386777,TRUE,3.081411056720207e-5,0.05235453589825597
