Barcode,Topic 1,Topic 2,Topic 3to7,Topic 8to10
AAACAACGAATAGTTC-1,0.000007,0.015654,0.736039,0.2483
AAACAAGTATCTCCCA-1,0.000929,0.109111,0.620726,0.269235
AAACAATCTACTAGCA-1,0.058179,0.067033,0.140002,0.734786
AAACACCAATAACTGC-1,0.089606,0.000036,0.000178,0.91018
AAACAGAGCGACTCCT-1,0.898514,0.018107,0.033986,0.049392
AAACAGCTTTCAGAAG-1,0.000013,0.000013,0.341384,0.658591
AAACAGGGTCTATATT-1,0.000008,0.015716,0.961163,0.023113
AAACAGTGTTCCTGGG-1,0.000008,0.007646,0.79665,0.195696
AAACATTTCCCGGATT-1,0.008208,0.02996,0.690933,0.270899
AAACCACTACACAGAT-1,0.954864,0.000043,0.000217,0.044876
AAACCCGAACGAAATC-1,0.007136,0.102506,0.537416,0.352941
AAACCGGAAATGTTAA-1,0.064494,0.243008,0.504519,0.187979
AAACCGGGTAGGTACC-1,0.000007,0.002837,0.88423,0.112926
AAACCGTTCGTCCAGG-1,0.001442,0.014408,0.68434,0.29981
AAACCTAAGCAGCCGG-1,0.006178,0.051663,0.688786,0.253373
AAACCTCATGAAGTTG-1,0.000007,0.019225,0.691725,0.289043
AAACGAAGAACATACC-1,0.52167,0.242232,0.097533,0.138565
AAACGACAGTCTTGCC-1,0.999611,0.000043,0.000216,0.00013
AAACGAGACGGTTGAT-1,0.023485,0.073332,0.218594,0.684589
AAACGCCCGAGATCGG-1,0.934919,0.000035,0.000177,0.064869
AAACGCTGGGCACGAC-1,0.278671,0.248634,0.107352,0.365343
AAACGGGCGTACGGGT-1,0.014317,0.013554,0.443159,0.528969
AAACGGGTTGGTATCC-1,0.000011,0.018341,0.263302,0.718346
AAACGGTTGCGAACTG-1,0.001189,0.005032,0.67521,0.318569
AAACGTGTTCGCCCTA-1,0.729483,0.000045,0.000226,0.270246
AAACTAACGTGGCGAC-1,0.49449,0.335938,0.166878,0.002694
AAACTCGGTTCGCAAT-1,0.003162,0.059242,0.307195,0.630401
AAACTCGTGATATAAG-1,0.864726,0.001123,0.000221,0.133931
AAACTGCTGGCTCCAA-1,0.024659,0.007277,0.3786,0.589464
AAACTTAATTGCACGC-1,0.027057,0.000031,0.020155,0.952757
AAACTTGCAAACGTAT-1,0.001517,0.00219,0.709556,0.286736
AAAGAATGTGGACTAA-1,0.006166,0.08609,0.687697,0.220047
AAAGACATGAAGTTTA-1,0.963738,0.015635,0.011898,0.008729
AAAGACCCAAGTCGCG-1,0.000013,0.352786,0.205366,0.441835
AAAGACTGGGCGCTTT-1,0.001472,0.007753,0.440043,0.550732
AAAGCTTGCCTACATA-1,0.911017,0.000048,0.000242,0.088693
AAAGGCCCTATAATAC-1,0.008425,0.013793,0.602266,0.375516
AAAGGCTACGGACCAT-1,0.010749,0.052974,0.471847,0.464429
AAAGGCTCTCGCGCCG-1,0.132264,0.040512,0.049513,0.777711
AAAGGGATGTAGCAAG-1,0.00001,0.075218,0.804378,0.120394
AAAGGGCAGCTTGAAT-1,0.031233,0.020908,0.534464,0.413396
AAAGGTAAGCTGTACC-1,0.999684,0.000035,0.000176,0.000105
AAAGGTCAACGACATG-1,0.999554,0.00005,0.000248,0.000149
AAAGTAGCATTGCTCA-1,0.00375,0.003818,0.453533,0.538898
AAAGTCACTGATGTAA-1,0.068998,0.349939,0.061901,0.519162
AAAGTCGACCCTCAGT-1,0.001928,0.000014,0.196534,0.801524
AAAGTGCCATCAATTA-1,0.254348,0.000269,0.400783,0.344601
AAAGTGTGATTTATCT-1,0.012671,0.015199,0.855073,0.117057
AAAGTTGACTCCCGTA-1,0.004506,0.010084,0.646926,0.338484
AAATAACCATACGGGA-1,0.913511,0.039437,0.01675,0.030303
AAATAAGGTAGTGCCC-1,0.603013,0.094498,0.147535,0.154953
AAATACCTATAAGCAT-1,0.001374,0.032773,0.447352,0.518501
AAATAGCTTAGACTTT-1,0.000008,0.073788,0.886432,0.039773
AAATAGGGTGCTATTG-1,0.00737,0.037687,0.59619,0.358754
AAATCACTCCTAAACG-1,0.761855,0.236532,0.001008,0.000605
AAATCCGATACACGCC-1,0.013435,0.013441,0.25232,0.720805
AAATCGTGTACCACAA-1,0.006809,0.001272,0.06062,0.931299
AAATCTAGCCCTGCTA-1,0.004963,0.030514,0.563779,0.400744
AAATCTGCCCGCGTCC-1,0.049374,0.000027,0.000133,0.950466
AAATGACTGATCAAAC-1,0.000007,0.014806,0.73564,0.249548
AAATGATTCGATCAGC-1,0.935782,0.057952,0.006186,0.00008
AAATGCTCGTTACGTT-1,0.015599,0.027542,0.523689,0.433171
AAATGGCATGTCTTGT-1,0.054777,0.539824,0.275463,0.129936
AAATGGCCCGTGCCCT-1,0.000013,0.002873,0.80894,0.188174
AAATGGTCAATGTGCC-1,0.000007,0.013592,0.957519,0.028882
AAATGTATCTTATCCC-1,0.000015,0.033635,0.755288,0.211062
AAATGTGGGTGCTCCT-1,0.168002,0.390653,0.034912,0.406433
AAATTAACGGGTAGCT-1,0.000009,0.016437,0.860511,0.123043
AAATTAATAAGCGCGA-1,0.000005,0.002107,0.953343,0.044545
AAATTACACGACTCTG-1,0.836813,0.079707,0.009585,0.073895
AAATTACCTATCGATG-1,0.000929,0.184716,0.550227,0.264127
AAATTCCAGGTCCAAA-1,0.000008,0.204485,0.747207,0.048301
AAATTGATAGTCCTTT-1,0.04316,0.000044,0.001939,0.954857
AAATTGCGGCGGTTCT-1,0.008059,0.005423,0.283674,0.702844
AAATTGGTGAGAAGCA-1,0.621372,0.093781,0.054797,0.23005
AAATTTACCGAAATCC-1,0.912134,0.087677,0.000118,0.000071
AAATTTGCGGGTGTGG-1,0.011727,0.00002,0.261064,0.727189
AACAACTGGTAGTTGC-1,0.000006,0.010331,0.893012,0.09665
AACAATACATTGTCGA-1,0.004798,0.0064,0.506962,0.481841
AACAATTACTCTACGC-1,0.017975,0.00234,0.312375,0.667309
AACACACGCTCGCCGC-1,0.005948,0.008524,0.51135,0.474178
AACACGACTGTACTGA-1,0.193806,0.352717,0.002815,0.450662
AACACGAGACGCGGCC-1,0.00002,0.00002,0.129436,0.870524
AACACGCGGCCGCGAA-1,0.000532,0.052753,0.458321,0.488395
AACAGCTGTGTGGCAA-1,0.08025,0.008863,0.001176,0.909712
AACAGGAAATCGAATA-1,0.183296,0.398723,0.316267,0.101713
AACAGGATGGGCCGCG-1,0.000008,0.001474,0.744913,0.253605
AACAGGTAGTATGGAT-1,0.027027,0.162967,0.718316,0.091691
AACATAGCGTGTATCG-1,0.016532,0.008176,0.247492,0.7278
AACATATCAACTGGTG-1,0.000356,0.343977,0.351987,0.303679
AACATCGATACGTCTA-1,0.874765,0.000062,0.000312,0.124861
AACATTGAAGTTGATC-1,0.000013,0.001276,0.524063,0.474648
AACATTGGTCAGCCGT-1,0.000014,0.000586,0.270199,0.729201
AACATTGTGACTCGAG-1,0.001238,0.000017,0.449336,0.549409
AACCAAGACTTCTCTG-1,0.002272,0.001373,0.449671,0.546684
AACCAGTATCACTCTT-1,0.965576,0.034151,0.000171,0.000102
AACCATAGGGTTGAAC-1,0.045009,0.038975,0.112948,0.803068
AACCATGGGATCGCTA-1,0.014882,0.022555,0.364136,0.598426
AACCCAGAGACGGAGA-1,0.000013,0.225156,0.364852,0.409979
AACCCATCCCATGATC-1,0.075604,0.000028,0.00014,0.924227
AACCCGACAACCCGTG-1,0.000006,0.006287,0.933405,0.060302
AACCCGAGCAGAATCG-1,0.004395,0.074895,0.818249,0.102461
AACCCGATAGGGCTTC-1,0.999705,0.000033,0.000164,0.000098
AACCCGCTGTATTCCA-1,0.002275,0.05058,0.376293,0.570851
AACCCTACTGTCAATA-1,0.007764,0.008408,0.795918,0.18791
AACCCTGGTGGAACCA-1,0.319053,0.195569,0.442279,0.043099
AACCGAGCTTGGTCAT-1,0.011797,0.262456,0.363051,0.362696
AACCGCTAAGGGATGC-1,0.045307,0.111265,0.48223,0.361197
AACCGTTGTGTTTGCT-1,0.203904,0.285319,0.098647,0.41213
AACCTAAAGCCGTCCG-1,0.505752,0.212275,0.051681,0.230292
AACCTCGCTTTAGCCC-1,0.072601,0.086695,0.358821,0.481883
AACCTGTCACGGAATT-1,0.000532,0.245879,0.670991,0.082598
AACCTTTAAATACGGT-1,0.009328,0.241138,0.102618,0.646916
AACCTTTACGACGTCT-1,0.779871,0.00006,0.000299,0.21977
AACGATAATGCCGTAG-1,0.065265,0.006713,0.075843,0.852179
AACGATAGAAGGGCCG-1,0.030999,0.23553,0.3527,0.380771
AACGATATGTCAACTG-1,0.072085,0.180167,0.521563,0.226185
AACGCATGATCTGGGT-1,0.727267,0.160473,0.042802,0.069459
AACGCGAACGGCAACA-1,0.009818,0.00305,0.058897,0.928235
AACGCGACCTTGGGCG-1,0.013957,0.000019,0.390856,0.595169
AACGCGGTCTCCAGCC-1,0.012035,0.144323,0.259407,0.584234
AACGCTGTTGCTGAAA-1,0.001865,0.048771,0.577648,0.371715
AACGGACGTACGTATA-1,0.024935,0.03111,0.57176,0.372194
AACGGCCATCTCCGGT-1,0.005038,0.000016,0.554745,0.4402
AACGTACTGTGGGTAC-1,0.000015,0.022082,0.872383,0.105519
AACGTAGTCTACCCAT-1,0.000512,0.233657,0.607973,0.157858
AACGTCAGACTAGTGG-1,0.01299,0.0121,0.048059,0.92685
AACGTCATCCGGCTTG-1,0.023485,0.024688,0.380368,0.571459
AACGTGATGAAGGACA-1,0.996708,0.003025,0.000167,0.0001
AACGTGCGAAAGTCTC-1,0.002207,0.107912,0.305679,0.584202
AACGTTATCAGCACCT-1,0.027507,0.001762,0.358845,0.611886
AACGTTCTACCATTGT-1,0.62566,0.060747,0.020452,0.293141
AACTACCCGTTTGTCA-1,0.025281,0.117615,0.570823,0.286281
AACTAGCGTATCGCAC-1,0.006226,0.396934,0.432134,0.164706
AACTAGGCTTGGGTGT-1,0.092863,0.000034,0.00017,0.906933
AACTCAAGTTAATTGC-1,0.006562,0.008659,0.585357,0.399422
AACTCCAGAGCGTGTT-1,0.000008,0.016065,0.979546,0.004381
AACTCCTAATCCCATG-1,0.893781,0.06053,0.000191,0.045497
AACTCGATAAACACGT-1,0.000012,0.006128,0.051214,0.942645
AACTCGATGGCGCAGT-1,0.000025,0.000025,0.029887,0.970062
AACTCTCAATAGAGCG-1,0.000007,0.041036,0.888936,0.070021
AACTCTCAGTGTGCTC-1,0.023059,0.012622,0.120027,0.844291
AACTGAGGTCAGCGTC-1,0.988281,0.000039,0.000195,0.011485
AACTGAGTTATACTGA-1,0.421145,0.031135,0.206744,0.340977
AACTGATATTAGGCCT-1,0.087252,0.292739,0.160312,0.459698
AACTGGGTCCCGACGT-1,0.002525,0.251286,0.663327,0.082862
AACTGGGTTCGAGCCG-1,0.933624,0.000046,0.000229,0.066101
AACTGGTGTGGGCCTT-1,0.024993,0.084995,0.333575,0.556437
AACTTCTGCGTCTATC-1,0.092832,0.009494,0.109226,0.788448
AACTTGCCCGTATGCA-1,0.000019,0.078995,0.131127,0.789859
AACTTGCGTTCTCGCG-1,0.000016,0.01123,0.100787,0.887967
AACTTTACGGGAGCTT-1,0.004683,0.000022,0.114487,0.880808
AACTTTAGCTGCTGAG-1,0.01275,0.265373,0.348219,0.373658
AACTTTCTCGATCATG-1,0.844317,0.000068,0.000341,0.155274
AAGAAAGTTTGATGGG-1,0.006848,0.029935,0.519068,0.44415
AAGAAATCACCAGATT-1,0.848658,0.000052,0.000261,0.151029
AAGAAGGATCAGTTAG-1,0.000009,0.028944,0.815006,0.156042
AAGACCCAACTGAACA-1,0.000007,0.174924,0.697266,0.127803
AAGACTAACCCGTTGT-1,0.000864,0.021666,0.092309,0.885161
AAGACTCACGCCCACT-1,0.991677,0.000041,0.00816,0.000123
AAGACTGCAAGCTACT-1,0.008735,0.036605,0.522843,0.431817
AAGAGATGAATCGGTA-1,0.000008,0.006088,0.926319,0.067586
AAGAGCTCTTTATCGG-1,0.023405,0.029471,0.254837,0.692287
AAGAGGATGTACGCGA-1,0.004595,0.018527,0.606388,0.370489
AAGAGGCATGGATCGC-1,0.028776,0.07106,0.492605,0.407559
AAGAGGCCCTTTGGAA-1,0.00483,0.088091,0.680511,0.226567
AAGATGGCACCGGACC-1,0.059093,0.010152,0.000132,0.930623
AAGATTGGCGGAACGT-1,0.004489,0.26503,0.338877,0.391605
AAGCACCCTGCGTATC-1,0.001025,0.004674,0.510297,0.484004
AAGCATACTCTCCTGA-1,0.065756,0.013998,0.099756,0.820489
AAGCCACTTGCAGGTA-1,0.013906,0.006689,0.086166,0.89324
AAGCCGAAGCGGTTTA-1,0.035095,0.098947,0.58553,0.280428
AAGCCGCCGTGAAATC-1,0.011521,0.076831,0.577497,0.33415
AAGCCGCTTTACCTTG-1,0.850543,0.000075,0.000375,0.149007
AAGCCGGAGAGCAGGA-1,0.317563,0.000238,0.32089,0.36131
AAGCGCAGGGCTTTGA-1,0.009068,0.080685,0.467009,0.443238
AAGCGGAGTGCGCGCA-1,0.97403,0.010048,0.000154,0.015768
AAGCGGCGTCATGGGT-1,0.360835,0.051639,0.587439,0.000087
AAGCGTCCCTCATCGA-1,0.327394,0.000077,0.031126,0.641403
AAGCTAGATCGAGTAA-1,0.005198,0.151294,0.276025,0.567483
AAGCTATGGATTGACC-1,0.025889,0.000039,0.06641,0.907662
AAGCTCGTGCCAAGTC-1,0.010865,0.033356,0.678162,0.277617
AAGCTCTTTCATGGTG-1,0.013973,0.007974,0.363857,0.614197
AAGGAGAACTTATAAG-1,0.216215,0.268363,0.374044,0.141378
AAGGAGCGGTTGGTGC-1,0.042903,0.008717,0.163325,0.785055
AAGGATCGATCGCTTG-1,0.001121,0.027162,0.793531,0.178185
AAGGATGAGGGACCTC-1,0.000009,0.126159,0.801815,0.072018
AAGGCAGGCTGTCTCC-1,0.000011,0.113818,0.800126,0.086045
AAGGCGCGTAAAGCTT-1,0.000011,0.198205,0.495679,0.306105
AAGGCTGTGCTCATCG-1,0.126658,0.00142,0.104162,0.76776
AAGGGAACGACTGGCT-1,0.00001,0.009721,0.963316,0.026953
AAGGGACAGATTCTGT-1,0.000009,0.075277,0.924596,0.000118
AAGGGACTATGCATTC-1,0.058704,0.000028,0.00014,0.941128
AAGGTATCCTAATATA-1,0.000056,0.16225,0.374664,0.46303
AAGGTGATAAACCAGC-1,0.002093,0.030667,0.629499,0.337741
AAGTAAGCTTCCAAAC-1,0.004973,0.033995,0.960674,0.000358
AAGTAGAAGACCGGGT-1,0.000047,0.243915,0.645653,0.110385
AAGTAGTGACGCGAGG-1,0.002438,0.040622,0.151645,0.805295
AAGTCAATTGTCGTCA-1,0.000011,0.002933,0.679503,0.317552
AAGTCTAGTAGCTGCC-1,0.907916,0.000077,0.000387,0.09162
AAGTCTTCTGTGGCCT-1,0.000015,0.01794,0.815465,0.166581
AAGTGACGACCGAATT-1,0.000011,0.019268,0.691506,0.289215
AAGTGAGTCGGGTTTA-1,0.006086,0.044038,0.501522,0.448354
AAGTGCAAAGGTAGAC-1,0.000016,0.000016,0.143691,0.856276
AAGTGCCTTGACTGTA-1,0.028641,0.038375,0.177247,0.755737
AAGTGCGTTAGAATCT-1,0.013781,0.004492,0.124652,0.857075
AAGTGCTTCTCTATTG-1,0.012143,0.000019,0.432801,0.555037
AAGTGTTTGGAGACGG-1,0.000048,0.096668,0.455723,0.447561
AAGTTCACTCCAAGCT-1,0.000018,0.018478,0.739648,0.241855
AAGTTCAGTCTGCGTA-1,0.894273,0.000046,0.000232,0.105449
AAGTTCGGCCAACAGG-1,0.004447,0.004646,0.890839,0.100068
AAGTTGTGATGTTATA-1,0.001322,0.088335,0.834511,0.075832
AAGTTTACTAATGGCA-1,0.178833,0.364599,0.010809,0.44576
AAGTTTATGGGCCCAA-1,0.001525,0.003584,0.911977,0.082913
AATAACAACGCTCGGC-1,0.000747,0.130441,0.268553,0.600259
AATAACACTAGAACAA-1,0.00001,0.027157,0.905079,0.067754
AATAAGTCCTCGAGAC-1,0.405686,0.395969,0.062837,0.135507
AATAATCTTCGTATCG-1,0.022753,0.127556,0.698448,0.151242
AATACAATGTTTCAGG-1,0.000009,0.017772,0.478154,0.504065
AATACCGGAGGGCTGT-1,0.012608,0.042786,0.673219,0.271387
AATACCTGATGTGAAC-1,0.020548,0.089531,0.806843,0.083078
AATAGAACAGAGTGGC-1,0.015374,0.043943,0.36719,0.573493
AATAGAATCTGTTTCA-1,0.032184,0.012494,0.201818,0.753504
AATAGCAAGCCTCCTG-1,0.63923,0.218062,0.112604,0.030104
AATAGCTACCGCGTGC-1,0.918289,0.000043,0.000214,0.081454
AATAGGCACGACCCTT-1,0.000007,0.007776,0.971556,0.02066
AATAGTCCGTCCCGAC-1,0.057876,0.100035,0.08589,0.756199
AATAGTCGCGAGTCGG-1,0.003216,0.009285,0.603048,0.384451
AATATCAAGGTCGGAT-1,0.000018,0.211677,0.437514,0.35079
AATATCCTAGCAAACT-1,0.041427,0.000025,0.000127,0.958421
AATATCGAATCAATGC-1,0.030613,0.09724,0.463767,0.40838
AATATCGAGGGTTCTC-1,0.000014,0.115717,0.806464,0.077806
AATATTGGAGTATTGA-1,0.000014,0.013758,0.876301,0.109927
AATCAGACTGCAGGAC-1,0.000012,0.157822,0.460674,0.381492
AATCAGGTTTCATTTA-1,0.00662,0.000022,0.479453,0.513905
AATCATGTAAAGACTC-1,0.001463,0.041218,0.785876,0.171442
AATCCAAGGGCCTGAG-1,0.064639,0.182685,0.149444,0.603233
AATCCATGCAAGGGTG-1,0.011323,0.014916,0.068111,0.90565
AATCCCGCTCAGAGCC-1,0.016959,0.000022,0.018721,0.964298
AATCGAGGTCTCAAGG-1,0.018277,0.018762,0.492499,0.470462
AATCGCCTCAGCGCCA-1,0.001182,0.002988,0.426089,0.569742
AATCGCGCAGAGGACT-1,0.016855,0.085403,0.565571,0.332171
AATCGGGACACTACGA-1,0.002133,0.401864,0.580504,0.0155
AATCGTGAGCCGAGCA-1,0.000006,0.008763,0.90255,0.088681
AATCTAGGTTTACTTG-1,0.000015,0.000015,0.66855,0.331421
AATCTATGCCGGAGCC-1,0.678376,0.081544,0.066237,0.173843
AATCTCTACTGTGGTT-1,0.000045,0.186488,0.053672,0.759795
AATCTGCGTTGGGACG-1,0.008182,0.067169,0.620786,0.303863
AATCTGGCTTTCTAGT-1,0.011832,0.000778,0.422168,0.565222
AATCTGGGTAGACCCT-1,0.921863,0.045067,0.03299,0.000081
AATGACAGCAATGTCT-1,0.002125,0.001711,0.629453,0.36671
AATGACGTAGGATGTC-1,0.00427,0.003031,0.322656,0.670043
AATGACTGTCAGCCGG-1,0.017955,0.091085,0.454907,0.436053
AATGAGTTCGCATATG-1,0.00361,0.001432,0.100696,0.894262
AATGATGATACGCTAT-1,0.063227,0.150641,0.649792,0.13634
AATGATGCGACTCCTG-1,0.012861,0.349429,0.166862,0.470848
AATGCAACCGGGTACC-1,0.002552,0.06298,0.525474,0.408994
AATGCACCAAGCAATG-1,0.888247,0.027366,0.047347,0.037039
AATGGCCGCCAATGCG-1,0.953981,0.000052,0.000259,0.045708
AATGGTCCACCGTTCA-1,0.000014,0.000435,0.527168,0.472382
AATGGTTCTCACAAGC-1,0.000023,0.020165,0.334711,0.645101
AATGTATGGCACTGTA-1,0.048496,0.00003,0.000152,0.951322
AATGTGCCCGAGGTGT-1,0.057487,0.098016,0.03103,0.813467
AATGTGCTAATCTGAG-1,0.002641,0.000513,0.401585,0.595261
AATGTTAAGACCCTGA-1,0.027222,0.00763,0.485733,0.479415
AATGTTGTCGTGAGAC-1,0.03546,0.044456,0.572517,0.347566
AATTAAAGGTCGGCGT-1,0.003028,0.076029,0.608327,0.312615
AATTAACGGATTTCCA-1,0.018486,0.028144,0.538476,0.414894
AATTACTCGTACGCTC-1,0.001723,0.063172,0.500283,0.434822
AATTAGCGCTGCAGCG-1,0.016497,0.00084,0.113338,0.869325
AATTATACCCAGCAAG-1,0.000006,0.02266,0.805822,0.171513
AATTCATAAGGGATCT-1,0.132721,0.070271,0.034938,0.76207
AATTCATTGTCATGCA-1,0.067914,0.000041,0.000206,0.93184
AATTCCAACTTGGTGA-1,0.000012,0.002292,0.454702,0.542995
AATTCCAAGCATGTAC-1,0.001797,0.017782,0.917621,0.062799
AATTCGATTCGAGGAT-1,0.002808,0.000019,0.482531,0.514642
AATTCTAGAGTTAGGC-1,0.000013,0.019106,0.929785,0.051096
AATTGAACGCTCTGGT-1,0.019795,0.052876,0.869681,0.057648
AATTGCAGCAATCGAC-1,0.007237,0.031724,0.923021,0.038018
AATTGCGTGGATTACA-1,0.003778,0.001146,0.188618,0.806458
AATTGTGGTTGCCAAA-1,0.000572,0.327644,0.52646,0.145324
AATTTGGGACATAGTA-1,0.441043,0.476304,0.082503,0.00015
AATTTGGTTCCAAAGA-1,0.346721,0.246789,0.068991,0.337499
ACAAACCATGCGTCCT-1,0.000006,0.004657,0.805715,0.189622
ACAAACCGACAAGGCG-1,0.858209,0.047508,0.028537,0.065745
ACAAACTCCATCAGAG-1,0.028852,0.004352,0.303024,0.663771
ACAAAGAAGGTAGGCC-1,0.029642,0.002505,0.020958,0.946894
ACAAAGCATGACCTAG-1,0.007907,0.055429,0.632117,0.304546
ACAAATCGCACCGAAT-1,0.000012,0.126397,0.576444,0.297147
ACAAATGGTAGTGTTT-1,0.000008,0.138134,0.721532,0.140326
ACAAATTCAGATCTGA-1,0.93702,0.048316,0.000152,0.014512
ACAACAGCATGAGCTA-1,0.001414,0.032522,0.888109,0.077956
ACAACGGTCCCTGCGA-1,0.000008,0.005195,0.625494,0.369303
ACAAGCAGTGCCTAGC-1,0.001961,0.122413,0.512691,0.362936
ACAAGCTATATGGAAG-1,0.002035,0.011509,0.604471,0.381986
ACAAGGAAATCCGCCC-1,0.007381,0.080309,0.392953,0.519357
ACAAGGACAAGAGGTT-1,0.000012,0.060879,0.284479,0.65463
ACAAGGATGCTTTAGG-1,0.062269,0.047833,0.356598,0.533301
ACAAGGCCTACCAGCC-1,0.862022,0.000053,0.017291,0.120634
ACAAGGGCAGGCTCTG-1,0.012754,0.028993,0.513896,0.444357
ACAAGTAATTGTAAGG-1,0.013418,0.012379,0.376123,0.59808
ACAATAGTCGTACGTT-1,0.00164,0.022057,0.897921,0.078381
ACAATCCATTTAAACC-1,0.012408,0.010533,0.539757,0.437303
ACAATCGATCTTTATA-1,0.521738,0.477061,0.000751,0.000451
ACAATGAATACGGAGA-1,0.24376,0.000063,0.019947,0.736229
ACAATGATTCTTCTAC-1,0.975336,0.024439,0.00014,0.000084
ACAATTGTGTCTCTTT-1,0.01038,0.057258,0.677663,0.254699
ACAATTTAGGAGGCTC-1,0.00002,0.00002,0.221467,0.778493
ACAATTTGAGCAGTGG-1,0.000781,0.122927,0.860141,0.016151
ACAATTTGGCCATATT-1,0.131855,0.184383,0.123542,0.56022
ACACAAAGACGGGTGG-1,0.005446,0.144791,0.685753,0.16401
ACACAAATATTCCTAG-1,0.825381,0.000043,0.000215,0.174362
ACACACCAGGACCAGT-1,0.004503,0.078762,0.54627,0.370464
ACACACTTTCTACACG-1,0.094157,0.175869,0.626307,0.103667
ACACATGATCAAATCT-1,0.102493,0.000024,0.000118,0.897365
ACACATTGACGCAACA-1,0.015966,0.010788,0.058867,0.914378
ACACATTTCCGTAGAC-1,0.027887,0.006237,0.283123,0.682753
ACACCACATAATTAGC-1,0.762727,0.000095,0.000475,0.236703
ACACCCAGCATGCAGC-1,0.000013,0.225618,0.576131,0.198238
ACACCCGAGAAATCCG-1,0.002778,0.006834,0.043045,0.947344
ACACCCGTAAATCTGT-1,0.857252,0.141375,0.000858,0.000515
ACACCGAGCGCTCTTT-1,0.000009,0.0184,0.907082,0.074509
ACACCGGTCTGACCGC-1,0.000009,0.01103,0.709869,0.279091
ACACCTTAAGTAGGGC-1,0.000555,0.076416,0.84301,0.080019
ACACCTTACTACTTGC-1,0.014317,0.066551,0.408999,0.510133
ACACGAGACTCCTTCT-1,0.001429,0.059174,0.81899,0.120408
ACACGGCACTATGCAT-1,0.318397,0.679428,0.001359,0.000815
ACACGGGAACTTAGGG-1,0.00001,0.205586,0.58718,0.207224
ACACGTAGGCCACAAG-1,0.000055,0.095454,0.775045,0.129446
ACACTCCAATGTCACT-1,0.000016,0.005888,0.255601,0.738496
ACACTGATCAAGGTGT-1,0.011558,0.060002,0.588226,0.340215
ACACTGGGACAGTCGT-1,0.000014,0.19364,0.646444,0.159902
ACAGAACTGAGAACAA-1,0.000011,0.001467,0.713787,0.284736
ACAGATTAGGTTAGTG-1,0.469272,0.163833,0.108324,0.258571
ACAGCATAGAGCCAGT-1,0.054397,0.419739,0.386499,0.139365
ACAGCGACATTCTCAT-1,0.01951,0.044554,0.549066,0.386869
ACAGCGCACCCGCAGC-1,0.58775,0.341742,0.070429,0.00008
ACAGGAGGCGCAGCCG-1,0.021675,0.05662,0.3217,0.600006
ACAGGCACGGATCCTT-1,0.001808,0.082133,0.575745,0.340313
ACAGGCTTGCCCGACT-1,0.00001,0.020438,0.88477,0.094782
ACAGGTGGAGGTGAGG-1,0.000013,0.018303,0.821342,0.160341
ACAGGTGTGTTGTTGC-1,0.01072,0.003811,0.383837,0.601632
ACAGTAATACAACTTG-1,0.000008,0.000562,0.924739,0.07469
ACAGTATACCGTGGGA-1,0.817915,0.000059,0.000296,0.18173
ACAGTGCAGCGCATTT-1,0.996577,0.00038,0.001902,0.001141
ACATAAGTCGTGGTGA-1,0.10384,0.00663,0.145095,0.744435
ACATAATAAGGCGGTG-1,0.000541,0.186759,0.795443,0.017257
ACATCAGCTGGGACGC-1,0.000924,0.000017,0.127907,0.871152
ACATCCCGGCCATACG-1,0.121714,0.000047,0.029347,0.848892
ACATCCTGGTAACTGT-1,0.024173,0.06553,0.462735,0.447562
ACATCGATCGTTTACC-1,0.000012,0.009029,0.929262,0.061698
ACATCGCAATATTCGG-1,0.000016,0.002802,0.435626,0.561556
ACATCGGTCAGCCGCG-1,0.000008,0.001034,0.974603,0.024355
ACATCGTATGCAATGG-1,0.001932,0.04661,0.757201,0.194257
ACATCGTTAACCTAGT-1,0.223445,0.332834,0.443336,0.000385
ACATCTCAACGCGTAA-1,0.636168,0.149339,0.021199,0.193293
ACATGCTTACGGCAGC-1,0.004753,0.000021,0.200204,0.795021
ACATGGCGCCAAAGTA-1,0.000007,0.100725,0.670689,0.228579
ACATGGCTCAATTTAG-1,0.007866,0.107978,0.207147,0.677009
ACATTAGTTTATATCC-1,0.02011,0.006334,0.25858,0.714976
ACATTCGCGCGGAATA-1,0.000008,0.000008,0.796458,0.203527
ACATTTGAAACCTAAC-1,0.01202,0.026315,0.308245,0.653421
ACCAAACACCCAGCGA-1,0.962918,0.000055,0.000273,0.036753
ACCAAACTAGAAATCC-1,0.503028,0.231526,0.028499,0.236946
ACCAACACCACACACT-1,0.941587,0.03825,0.000155,0.020008
ACCAACCGCACTCCAC-1,0.032612,0.17114,0.768064,0.028185
ACCAACGCTTATTTAT-1,0.002191,0.168939,0.032904,0.795966
ACCAAGAACGCGTGTC-1,0.03014,0.224895,0.578743,0.166222
ACCAAGTCATCGGCAG-1,0.004434,0.140513,0.742796,0.112257
ACCAATATGCAAGTTA-1,0.000007,0.028413,0.960156,0.011424
ACCACAACTCAGAACA-1,0.462291,0.405917,0.111204,0.020589
ACCACAAGTTTCTATC-1,0.015488,0.148087,0.579155,0.257269
ACCACACGGTTGATGG-1,0.024874,0.005021,0.294823,0.675282
ACCACCAATGTAACAA-1,0.021873,0.046972,0.560871,0.370284
ACCACCCTCTCTTCTA-1,0.89135,0.000052,0.00026,0.108339
ACCACGTGCAGCTATA-1,0.005238,0.008887,0.573029,0.412846
ACCACTGTTCAAGAAG-1,0.000047,0.000018,0.139888,0.860047
ACCAGACCATAACAAC-1,0.000009,0.004464,0.731306,0.26422
ACCAGCCCGGTCTTTG-1,0.525243,0.471422,0.002084,0.00125
ACCAGGAGTGTGATCT-1,0.210604,0.079005,0.178023,0.532367
ACCAGTGCCCGGTCAA-1,0.807231,0.118858,0.000244,0.073667
ACCAGTGCGGGAGACG-1,0.000013,0.027218,0.748549,0.22422
ACCATATCCGCAATAA-1,0.004103,0.035786,0.599095,0.361017
ACCATCCGCCAACTAG-1,0.00002,0.00002,0.417554,0.582407
ACCATCGTATATGGTA-1,0.000021,0.006277,0.606641,0.387061
ACCATTAAGGGTGTCA-1,0.000027,0.000027,0.16445,0.835495
ACCCAACGCCCGTGGC-1,0.000195,0.127332,0.795322,0.077151
ACCCACCTACATGCTC-1,0.000019,0.007588,0.482166,0.510227
ACCCATCTTGAGGGTA-1,0.013862,0.015629,0.410908,0.559601
ACCCATTTGTCCCTCT-1,0.04369,0.030367,0.891017,0.034925
ACCCGAGCGAAATTAC-1,0.000026,0.011418,0.212727,0.775829
ACCCGATTGGTTCCGA-1,0.000016,0.003828,0.691068,0.305088
ACCCGGAAACTCCCAG-1,0.007258,0.025036,0.594183,0.373523
ACCCGGAGCACCACAA-1,0.100501,0.222969,0.548083,0.128447
ACCCGGATGACGCATC-1,0.015767,0.094197,0.481796,0.40824
ACCCGGTTACACTTCC-1,0.002452,0.053408,0.291665,0.652475
ACCCGTAGCAGAGAAT-1,0.000011,0.009355,0.667406,0.323228
ACCCGTGTCATCAGTA-1,0.014503,0.130666,0.118579,0.736252
ACCCTATAGGACTGAG-1,0.007014,0.000888,0.202133,0.789966
ACCCTATGCCATATCG-1,0.20908,0.0001,0.000499,0.790322
ACCCTCCCGTCAGGGC-1,0.009904,0.044378,0.847089,0.098629
ACCCTCCCTTGCTATT-1,0.039232,0.015191,0.295738,0.649839
ACCCTGGTAACGCCCT-1,0.987732,0.000045,0.000224,0.011999
ACCCTTCATCTGCGAA-1,0.243382,0.089349,0.047495,0.619774
ACCCTTGCCTGGGTCG-1,0.952649,0.006025,0.000176,0.04115
ACCCTTTAGTTCTCCA-1,0.860967,0.067273,0.007711,0.064049
ACCGAAAGGGCCCTGC-1,0.020389,0.316502,0.223217,0.439892
ACCGAAGAGTCTGGTT-1,0.139521,0.000669,0.000373,0.859437
ACCGACACATCTCCCA-1,0.000009,0.016535,0.819802,0.163653
ACCGACTGAGTCCCAC-1,0.032433,0.145024,0.716929,0.105613
ACCGAGTCTCCTTATT-1,0.014901,0.020955,0.600363,0.363782
ACCGATAGGCATAACC-1,0.000006,0.044929,0.944336,0.010729
ACCGATATTTAATCAT-1,0.010098,0.234876,0.586747,0.168279
ACCGATGGTAGCATCG-1,0.00001,0.02595,0.856492,0.117547
ACCGCAATAACTGCCT-1,0.009368,0.059811,0.651928,0.278894
ACCGCGGTGGAAGTCG-1,0.017375,0.079626,0.4606,0.442399
ACCGCTAGTCATTGGT-1,0.01818,0.000026,0.050857,0.930937
ACCGGGCCTTTGTTGA-1,0.006259,0.037109,0.632632,0.324
ACCGGTCAGGTACACC-1,0.15614,0.007244,0.000579,0.836037
ACCGGTCTGAGTACGG-1,0.894311,0.000054,0.000271,0.105363
ACCGTGACCACGTGGG-1,0.000022,0.05925,0.49407,0.446658
ACCGTTCCCGCTCTGA-1,0.280138,0.57777,0.01649,0.125602
ACCTAAGTACCTTTCA-1,0.00001,0.012591,0.976538,0.010861
ACCTAATCGACTTCCT-1,0.00001,0.040326,0.845031,0.114634
ACCTACAGTATGTGGT-1,0.003924,0.148473,0.648119,0.199484
ACCTACTATAAATCTA-1,0.000012,0.000012,0.440077,0.559899
ACCTCCGCCCTCGCTG-1,0.027099,0.141823,0.576657,0.254421
ACCTCCGTTATTCACC-1,0.000018,0.228109,0.634396,0.137477
ACCTCGAACTTATGCT-1,0.000014,0.011757,0.730441,0.257788
ACCTGCGTGTCATGTT-1,0.016936,0.001244,0.224877,0.756942
ACCTTTCCTTTAGAAG-1,0.98732,0.001409,0.007045,0.004227
ACGAAATGGGCGGCAC-1,0.023162,0.047533,0.069893,0.859413
ACGACCCATGAGTTGC-1,0.1587,0.317223,0.235598,0.288479
ACGACTCTAGGGCCGA-1,0.005005,0.057353,0.86604,0.071603
ACGACTGGTCATACTC-1,0.005275,0.003862,0.61458,0.376284
ACGAGAACCCATCACG-1,0.000015,0.027868,0.474586,0.497532
ACGAGATATTTGCTTA-1,0.675728,0.164238,0.006083,0.153951
ACGAGGATACCACTCT-1,0.004971,0.000018,0.55754,0.437471
ACGAGGTTTACAACGT-1,0.044433,0.000062,0.00031,0.955195
ACGAGTACGGATGCCC-1,0.021875,0.146818,0.632638,0.198669
ACGAGTCGCCGGCGTT-1,0.000867,0.009643,0.338669,0.65082
ACGATACATAGAACTA-1,0.000013,0.307669,0.668518,0.0238
ACGATACCTATCCTGA-1,0.000014,0.000248,0.646438,0.3533
ACGATCATACATAGAG-1,0.00001,0.031482,0.963569,0.004938
ACGATCATCTTGTAAA-1,0.0187,0.144809,0.50106,0.335432
ACGATGCATATGTTAT-1,0.000017,0.023711,0.728439,0.247833
ACGATGGATCCGATGC-1,0.627922,0.081538,0.289436,0.001103
ACGCAAACTAATAGAT-1,0.007061,0.009496,0.822688,0.160755
ACGCAATCACTACAGC-1,0.608555,0.165429,0.000265,0.22575
ACGCATAAATGACATG-1,0.999743,0.000029,0.000143,0.000086
ACGCATACGTTTACTA-1,0.010715,0.141038,0.388034,0.460213
ACGCATTCGTGAGTAC-1,0.052541,0.028467,0.546553,0.372439
ACGCCACTCGAAACAG-1,0.021295,0.02389,0.50049,0.454326
ACGCCAGATGATTTCT-1,0.448018,0.294758,0.128594,0.12863
ACGCCAGTGCGTTTGC-1,0.005767,0.137278,0.835957,0.020999
ACGCCCAGCTGTCGAT-1,0.62782,0.14289,0.001624,0.227666
ACGCCGCTAGACGACC-1,0.01082,0.013393,0.883225,0.092562
ACGCCTGACACGCGCT-1,0.039891,0.043214,0.340688,0.576207
ACGCGAAGTCAGACGA-1,0.000011,0.142881,0.64629,0.210818
ACGCGCTACACAGGGT-1,0.004835,0.002214,0.556159,0.436792
ACGCGGGCCAAGGACA-1,0.029738,0.029708,0.702619,0.237936
ACGCGTTTCTTAAGAG-1,0.000021,0.000021,0.360244,0.639714
ACGCTAGTATCAGTGC-1,0.919284,0.078593,0.001327,0.000796
ACGCTAGTGATACACT-1,0.000014,0.275011,0.664785,0.06019
ACGCTGTGAGGCGTAG-1,0.004017,0.000018,0.744413,0.251552
ACGCTTAGTGTCTCTC-1,0.846933,0.096612,0.015047,0.041408
ACGGAACACGAGTGCC-1,0.004328,0.142433,0.775462,0.077777
ACGGAATTTAGCAAAT-1,0.016683,0.000021,0.099131,0.884165
ACGGACGCAGCGACAA-1,0.002127,0.000015,0.164996,0.832862
ACGGACTCTCAAAGCG-1,0.005174,0.073761,0.634261,0.286804
ACGGAGCGCAAATTAC-1,0.465414,0.297974,0.190609,0.046003
ACGGATGGTGCGGATA-1,0.009242,0.008658,0.383527,0.598573
ACGGCACTTGCTTGGG-1,0.042727,0.091476,0.018329,0.847468
ACGGCCAACATGGACT-1,0.063148,0.097348,0.015798,0.823707
ACGGCGACGATGGGAA-1,0.000008,0.024844,0.921716,0.053432
ACGGCGGGTTGCCCTG-1,0.011832,0.024785,0.073188,0.890195
ACGGCTGGATGTAGAA-1,0.04898,0.037316,0.027527,0.886178
ACGGGAGTGTCGGCCC-1,0.000035,0.000035,0.51732,0.48261
ACGGGCGTATGCGACA-1,0.912756,0.00006,0.000298,0.086886
ACGGGTCATGTGACTT-1,0.00002,0.002453,0.446558,0.550968
ACGGGTTGTGACCTGT-1,0.071872,0.000049,0.000246,0.927833
ACGGTACAGTTCAATG-1,0.000006,0.005643,0.84088,0.15347
ACGGTCACCGAGAACA-1,0.000977,0.000502,0.395423,0.603098
ACGTACAGATTTCTCT-1,0.489647,0.256917,0.252349,0.001087
ACGTACTTTGGCACGG-1,0.000012,0.009894,0.842585,0.147509
ACGTAGATTGCTGATG-1,0.003882,0.055244,0.457893,0.482981
ACGTAGGAGAGTCGCT-1,0.003737,0.008597,0.917432,0.070234
ACGTATTACTCCGATC-1,0.005107,0.032515,0.837584,0.124795
ACGTCCTAAACGAGAT-1,0.444854,0.20394,0.019759,0.331447
ACGTCGGGCAACTCGG-1,0.13752,0.000055,0.000277,0.862147
ACGTCTCGTTCCGGGA-1,0.00002,0.00002,0.56677,0.433191
ACGTGACAAAGTAAGT-1,0.103711,0.000076,0.123514,0.772699
ACGTGCGCCTCGTGCA-1,0.01732,0.329826,0.288346,0.364507
ACGTGGTCGAATGTGC-1,0.766096,0.029884,0.025944,0.178075
ACGTTAATGTCGAAGA-1,0.000011,0.101283,0.653193,0.245513
ACGTTAGATTTGCCCG-1,0.023646,0.081642,0.544519,0.350193
ACGTTATTGGTCACTC-1,0.004183,0.01306,0.120832,0.861924
ACGTTCACTATGCCGC-1,0.000013,0.000013,0.807446,0.192528
ACGTTCCGCGCTCCGT-1,0.089723,0.153812,0.213681,0.542783
ACGTTCGCAATCAATT-1,0.000098,0.351876,0.424564,0.223462
ACGTTCGTTCAGGAAA-1,0.018588,0.040124,0.443336,0.497952
ACGTTCTGTACAAGTC-1,0.008168,0.089958,0.433652,0.468223
ACGTTGTCGTTGAAAG-1,0.011146,0.000015,0.063883,0.924955
ACGTTTAGTTGTGATC-1,0.126137,0.381711,0.17281,0.319341
ACGTTTCGGTGCACTT-1,0.608605,0.118202,0.14038,0.132812
ACTAAGGACGCACACC-1,0.999114,0.000038,0.000735,0.000113
ACTAATACGTCAGGCG-1,0.923795,0.008575,0.007936,0.059693
ACTACAAAGAGAGGTG-1,0.019823,0.000686,0.647304,0.332187
ACTACATCCCGACAAG-1,0.000008,0.026045,0.761714,0.212233
ACTACCAGCTCTCTGG-1,0.021054,0.013797,0.315402,0.649747
ACTACCATCCGAGGGC-1,0.000014,0.01395,0.277378,0.708659
ACTACGCGTTAGAATT-1,0.013062,0.011311,0.421323,0.554304
ACTAGTTGCGATCGTC-1,0.018463,0.031153,0.726104,0.22428
ACTATATGCTGTGTTC-1,0.691446,0.223788,0.054528,0.030238
ACTATCCAGGGCATGG-1,0.000011,0.070663,0.683154,0.246173
ACTATCGCCGGCTAAA-1,0.001308,0.01818,0.400096,0.580417
ACTATCTGCCCGCGTA-1,0.03605,0.073879,0.756246,0.133826
ACTATGTCCAGCTGCC-1,0.000012,0.031128,0.518284,0.450576
ACTATTCGTCCGTGGT-1,0.413479,0.135015,0.001014,0.450492
ACTATTTCCGGGCCCA-1,0.108795,0.075848,0.026173,0.789183
ACTCAACGAATGTATT-1,0.000021,0.051552,0.206645,0.741782
ACTCAAGTGCAAGGCT-1,0.000007,0.018195,0.9632,0.018598
ACTCAATAAAGGCACG-1,0.000005,0.212054,0.76464,0.023301
ACTCAGACCTGCTTCT-1,0.002005,0.157446,0.44066,0.399889
ACTCATGGCAGCCTTC-1,0.000008,0.01023,0.90975,0.080013
ACTCCAATATCATCAT-1,0.000013,0.018783,0.859994,0.121209
ACTCCCATTCCTAAAG-1,0.001133,0.002474,0.502297,0.494095
ACTCCCGAATTCGTTT-1,0.000013,0.230262,0.580548,0.189177
ACTCCCGTAGACTAGG-1,0.850638,0.000069,0.00656,0.142733
ACTCCCTAATGCTAAA-1,0.000244,0.023089,0.775851,0.200816
ACTCCCTAGAATAGTA-1,0.0023,0.02631,0.625058,0.346333
ACTCCGGCCGACCACT-1,0.006551,0.033178,0.785611,0.17466
ACTCGATGTATTTCAT-1,0.009263,0.0034,0.053807,0.93353
ACTCGCCGTTCGATAA-1,0.050329,0.062036,0.396384,0.491251
ACTCGCGATCTGACGC-1,0.653273,0.000228,0.021616,0.324882
ACTCGTAACCCGTCCT-1,0.00727,0.005178,0.382006,0.605545
ACTCGTCAGTAATCCC-1,0.00226,0.103593,0.498846,0.395301
ACTCTAAACCTGGGAT-1,0.000011,0.005999,0.915916,0.078074
ACTCTCTGACTTAGGT-1,0.000013,0.09009,0.774011,0.135886
ACTCTCTTATACACGA-1,0.944343,0.047397,0.008179,0.000081
ACTCTGACCTAATAGA-1,0.004889,0.029336,0.900867,0.064909
ACTCTTCAGCTCCCGC-1,0.855582,0.000091,0.000195,0.144131
ACTCTTGTATAGTAAC-1,0.061736,0.081194,0.452451,0.404619
ACTGAAACGCCGTTAG-1,0.001573,0.062136,0.602205,0.334086
ACTGAATGGCGAAAGT-1,0.019757,0.009355,0.40586,0.565029
ACTGATTTAGTGATTC-1,0.947463,0.00006,0.0003,0.052176
ACTGCCCGCCATTCTC-1,0.000127,0.000019,0.324853,0.675001
ACTGCCGTCGTAACTC-1,0.097245,0.375148,0.287245,0.240362
ACTGCGGACACACCGT-1,0.239298,0.233915,0.130948,0.39584
ACTGCTCGGAAGGATG-1,0.017864,0.000032,0.000923,0.981182
ACTGGCGAACCTGCGT-1,0.979975,0.019725,0.000187,0.000112
ACTGGGATGCCAGTGC-1,0.000693,0.000017,0.268363,0.730926
ACTGTACGATACACAT-1,0.05034,0.110854,0.723583,0.115224
ACTGTAGCACTTTGGA-1,0.012105,0.010129,0.203153,0.774612
ACTGTATACGCGAGCA-1,0.000011,0.029942,0.889456,0.080591
ACTGTCCAGGATTATA-1,0.000011,0.075542,0.81245,0.111996
ACTGTCTTCTTTAGAA-1,0.00001,0.077852,0.765687,0.156451
ACTGTGCTAGTAGATC-1,0.009829,0.023184,0.187372,0.779615
ACTGTTTAGTGTAGGC-1,0.261241,0.259928,0.194868,0.283963
ACTTACCGGGCGCGCA-1,0.931108,0.056916,0.011867,0.000109
ACTTACGCATCCACGC-1,0.010403,0.006819,0.485792,0.496985
ACTTAGTACGACAAGA-1,0.011709,0.0921,0.36207,0.534121
ACTTATACTTACCCGG-1,0.00001,0.05859,0.790235,0.151166
ACTTATCTGATCTATA-1,0.004916,0.076262,0.241138,0.677684
ACTTATTAGGATCGGT-1,0.000021,0.037431,0.503145,0.459402
ACTTATTTATGTGCCA-1,0.000011,0.023134,0.966926,0.009929
ACTTCAGGCTGATCCC-1,0.00772,0.068152,0.692935,0.231193
ACTTCCATGCGGGACA-1,0.00001,0.003645,0.925306,0.07104
ACTTCCTGTCGTGCGA-1,0.998442,0.000173,0.000865,0.000519
ACTTCGCCATACGCAC-1,0.000012,0.201272,0.625696,0.173019
ACTTCGCTAGCGAGTG-1,0.808018,0.000069,0.000347,0.191565
ACTTGACTCCCTCTTT-1,0.000009,0.00445,0.994371,0.00117
ACTTGCCATATTGTAC-1,0.199752,0.206791,0.403543,0.189914
ACTTGCTCTATCTACC-1,0.025715,0.000046,0.000228,0.974012
ACTTGGGACCCGGTGG-1,0.000013,0.075845,0.689136,0.235006
ACTTGGGCTTTCGCCA-1,0.000031,0.017702,0.645481,0.336786
ACTTGTAGTCCCTTCA-1,0.000259,0.000019,0.446799,0.552923
ACTTGTGGATGGAACG-1,0.004202,0.156305,0.355145,0.484348
ACTTGTTACCGGATCA-1,0.000015,0.029878,0.71314,0.256967
ACTTTACCCTCATGAA-1,0.018077,0.145271,0.337597,0.499055
ACTTTATACACCACTT-1,0.000024,0.000024,0.26716,0.732792
ACTTTCCTATAGCTTC-1,0.000011,0.110124,0.845099,0.044766
ACTTTGACTGCATCCT-1,0.00108,0.009185,0.480008,0.509727
ACTTTGGTCGTGCTCC-1,0.043638,0.000045,0.000227,0.95609
ACTTTGTCGACGCACT-1,0.000006,0.084623,0.912074,0.003296
AGAAATTATGACTCGC-1,0.025461,0.06608,0.78006,0.128399
AGAACACGGCGATGGT-1,0.004018,0.000012,0.262613,0.733357
AGAACCCAGCGTGACA-1,0.086138,0.343159,0.489976,0.080727
AGAACGTGGTACATTC-1,0.004874,0.125047,0.864243,0.005836
AGAACTGTACTTTGTA-1,0.000009,0.00366,0.954709,0.041622
AGAAGAGCGCCGTTCC-1,0.029348,0.008803,0.28355,0.678299
AGAAGGTACACTTCAC-1,0.000025,0.000025,0.047939,0.952011
AGAAGGTTGCCGAATT-1,0.000019,0.001586,0.438383,0.560013
AGAAGGTTGTAGGTCG-1,0.014951,0.008622,0.325966,0.650461
AGAAGTGATTCGTGAT-1,0.007099,0.000021,0.536486,0.456394
AGAATAAATCTTCAGG-1,0.000008,0.002801,0.79282,0.204371
AGAATGCGGGTTCGGA-1,0.909913,0.000043,0.000217,0.089826
AGAATTATGGATTCGA-1,0.000007,0.064096,0.928512,0.007386
AGAATTGTTTGACATA-1,0.000012,0.06073,0.653455,0.285804
AGACAGCTCAGAATCC-1,0.004528,0.007138,0.059763,0.928571
AGACAGGCATCTCAGC-1,0.000291,0.363999,0.595662,0.040048
AGACATAGATCCTTCC-1,0.020436,0.131994,0.119352,0.728218
AGACCAAACCACACCT-1,0.012822,0.075939,0.105898,0.805341
AGACCATGGGATACAA-1,0.015311,0.006953,0.561453,0.416283
AGACCCACCGCTGATC-1,0.003174,0.038323,0.787304,0.171199
AGACCCGCCCTCCTCG-1,0.000017,0.172303,0.646597,0.181083
AGACCGCTCCGCGGTT-1,0.007741,0.107432,0.72473,0.160097
AGACCGGGAAACCCTG-1,0.001422,0.001495,0.521186,0.475896
AGACGAAGTGCCGGTC-1,0.020513,0.004098,0.47012,0.505268
AGACGACGATGCCGCT-1,0.000018,0.001955,0.610558,0.387469
AGACGCCCACTTCGCC-1,0.010694,0.097682,0.719093,0.172531
AGACGGGATTGGTATA-1,0.712852,0.266947,0.015028,0.005172
AGACGGGCCGATTTAA-1,0.11957,0.709569,0.163421,0.00744
AGACTAGCCTTCCAGA-1,0.049555,0.138552,0.629945,0.181948
AGACTGTTACCGGGTC-1,0.011884,0.003532,0.344462,0.640122
AGAGAAACACCAGAAA-1,0.000006,0.007561,0.965202,0.027231
AGAGAACCGTCTAGGA-1,0.001981,0.262752,0.433688,0.301579
AGAGAAGGAGTACAAT-1,0.162056,0.020785,0.000204,0.816955
AGAGATCTCTAAAGCG-1,0.007423,0.000018,0.061336,0.931224
AGAGCAGTTATGAGAC-1,0.007529,0.00002,0.273235,0.719216
AGAGCCGCCGAGATTT-1,0.000009,0.011905,0.954735,0.033352
AGAGCGCTTGTAACGG-1,0.963691,0.000071,0.000354,0.035883
AGAGCGGGCTAATCAT-1,0.003648,0.476333,0.209741,0.310278
AGAGCGTACAAGCTCG-1,0.01803,0.009127,0.352223,0.62062
AGAGCTACGAAAGCAT-1,0.000011,0.000011,0.034964,0.965013
AGAGGCTTCGGAAACC-1,0.001731,0.027038,0.755937,0.215293
AGAGGGACAATTGTCC-1,0.932243,0.000042,0.011731,0.055984
AGAGGTATCTCGGTCC-1,0.080577,0.462841,0.029853,0.426728
AGAGTAAACTTCACTA-1,0.003345,0.142474,0.606022,0.248159
AGAGTATAGTGTTACG-1,0.743348,0.000066,0.000332,0.256253
AGAGTCTTAATGAAAG-1,0.404088,0.259595,0.286929,0.049387
AGAGTGAACAGACACC-1,0.93423,0.002097,0.058172,0.005501
AGAGTTAGAGACCGAT-1,0.941697,0.034074,0.024119,0.00011
AGAGTTGCAGGCCTCC-1,0.993976,0.005714,0.000194,0.000116
AGATAACTTCAGGGCC-1,0.004544,0.04807,0.896546,0.05084
AGATAATCACACCTAT-1,0.002439,0.00108,0.792927,0.203554
AGATACCAATAGAACC-1,0.00261,0.1162,0.630391,0.250799
AGATACCAGCACTTCA-1,0.921589,0.00006,0.000299,0.078053
AGATACCGGTGTTCAC-1,0.002978,0.004492,0.840612,0.151918
AGATACGACTTCATAT-1,0.000017,0.029368,0.41992,0.550695
AGATACTCAAGATCGA-1,0.054653,0.300471,0.290595,0.354281
AGATATAATACGACTA-1,0.007117,0.042573,0.903064,0.047247
AGATCGTGCATAAGAT-1,0.764443,0.092376,0.022791,0.12039
AGATCTCAGGTGTGAT-1,0.020013,0.144169,0.166498,0.669321
AGATCTGGAGAGGATA-1,0.000013,0.000013,0.117804,0.88217
AGATGACTCGCCCACG-1,0.005886,0.120521,0.79487,0.078723
AGATGAGGGTTGCGAT-1,0.902335,0.07747,0.006898,0.013297
AGATGATGGAGTCTGG-1,0.009472,0.088564,0.730922,0.171042
AGATGCAAGACGTGCA-1,0.057248,0.000078,0.039774,0.9029
AGATGCATCCTGTGTC-1,0.029915,0.000046,0.125439,0.8446
AGATGCTATAACGAGC-1,0.015506,0.002491,0.203877,0.778126
AGATTATAGGACGTTT-1,0.001011,0.066457,0.519868,0.412665
AGATTCAAGCGGGTCG-1,0.931692,0.028841,0.031401,0.008066
AGATTCACAACCGATA-1,0.007831,0.000015,0.070866,0.921287
AGCAAAGGCCGCTAGT-1,0.001216,0.032732,0.690385,0.275667
AGCAACATATCTTATT-1,0.000013,0.018264,0.894089,0.087634
AGCAACCGAAAGTAAT-1,0.15785,0.142884,0.203756,0.495509
AGCACACGTTTAGACT-1,0.000023,0.000023,0.415211,0.584743
AGCACCAGTACTCACG-1,0.000011,0.06724,0.827271,0.105478
AGCACTACCGGCCTGT-1,0.000013,0.005024,0.811227,0.183736
AGCACTACCTCACCAG-1,0.006232,0.182998,0.356881,0.453889
AGCACTTAAGGACGCC-1,0.005871,0.010171,0.24642,0.737538
AGCAGAAGGAGAAAGA-1,0.002394,0.012549,0.631352,0.353704
AGCAGCCAGATGAATA-1,0.047407,0.014317,0.020864,0.917411
AGCAGTCGAAGCATGC-1,0.007518,0.005956,0.425704,0.560823
AGCATATCAATATGCT-1,0.005559,0.005633,0.674386,0.314422
AGCATCATTTCGAAAG-1,0.000012,0.058368,0.85499,0.08663
AGCATCGTCGATAATT-1,0.000006,0.081081,0.855795,0.063119
AGCATTACGAGGCAAG-1,0.00228,0.03916,0.713306,0.245254
AGCCAAGCTTTGTGTC-1,0.009464,0.000311,0.795148,0.195077
AGCCACAGGTTACCCG-1,0.007194,0.022348,0.843655,0.126803
AGCCACTCCCGTGCTT-1,0.000021,0.228158,0.686854,0.084967
AGCCATATAGTATGTG-1,0.017358,0.018249,0.544327,0.420066
AGCCCATACATGTAAG-1,0.000011,0.002287,0.729318,0.268385
AGCCCGCAACAAGCAG-1,0.013313,0.000012,0.360526,0.626149
AGCCCGGCATTAGAGG-1,0.000012,0.002583,0.92944,0.067966
AGCCCGGTAGCCTGTA-1,0.000012,0.024383,0.830093,0.145513
AGCCCTAAGCGAAGTT-1,0.072507,0.511739,0.124619,0.291135
AGCCCTCCCTGGTGGC-1,0.002531,0.000021,0.350863,0.646585
AGCCCTGTCGCACCGT-1,0.188549,0.309767,0.382349,0.119335
AGCCCTTCTAATCCGA-1,0.92819,0.015813,0.000223,0.055774
AGCCCTTGGACATCCC-1,0.012223,0.140682,0.396057,0.451038
AGCCGCAAATTCAAAT-1,0.000017,0.000017,0.290818,0.709147
AGCCGCTTGATTAGCG-1,0.000023,0.012226,0.317025,0.670726
AGCCGTGGCTAAATGT-1,0.00454,0.000016,0.236749,0.758694
AGCCTAATACCCACGT-1,0.012788,0.025995,0.499738,0.461478
AGCCTTAAAGCGGAAG-1,0.013825,0.048824,0.613266,0.324085
AGCCTTGTCACTGATA-1,0.072704,0.000037,0.000186,0.927073
AGCGACAGGAACGGTC-1,0.00401,0.003205,0.518025,0.47476
AGCGACATCCCATTCA-1,0.044597,0.444044,0.179827,0.331531
AGCGACCAACGATATT-1,0.018174,0.03793,0.6909,0.252996
AGCGACTTTGAAGACA-1,0.004214,0.000833,0.309616,0.685337
AGCGAGACGTGAAGGC-1,0.000012,0.008437,0.657125,0.334426
AGCGATGCGCCTAATA-1,0.004032,0.079772,0.801576,0.114621
AGCGCATAATGAATCG-1,0.069489,0.001819,0.008201,0.920491
AGCGCGGGTGCCAATG-1,0.000022,0.25811,0.613786,0.128081
AGCGCTAGAGCGATGT-1,0.169293,0.150344,0.174917,0.505446
AGCGCTTATGGGCAAG-1,0.870368,0.107878,0.015673,0.00608
AGCGGACACTTCGTAG-1,0.000015,0.067565,0.525501,0.406919
AGCGGCGGTTAGCGGT-1,0.000009,0.007204,0.880343,0.112445
AGCGGGAAGGGTCCAT-1,0.004531,0.024024,0.392054,0.579391
AGCGGGTCTGACACTC-1,0.000928,0.014197,0.665664,0.319212
AGCGGTTGAGATGTAC-1,0.803097,0.000051,0.005991,0.190862
AGCGGTTGCCGCTCTG-1,0.971346,0.028322,0.000208,0.000125
AGCGTACGAGAGCTAG-1,0.000013,0.099742,0.471505,0.42874
AGCGTAGCGCTAGACC-1,0.001947,0.05297,0.481233,0.46385
AGCGTCTGAACCCGCA-1,0.002228,0.264659,0.1785,0.554614
AGCGTGGTATTCTACT-1,0.000649,0.000021,0.397577,0.601753
AGCGTTCCGATTTAAA-1,0.914769,0.072233,0.000136,0.012862
AGCTAACAAGCAATGT-1,0.015037,0.032447,0.85261,0.099906
AGCTAAGCTCCGTCCG-1,0.000977,0.000017,0.534168,0.464838
AGCTAAGTACGCAGGC-1,0.006029,0.077405,0.54795,0.368616
AGCTAGAAGCAGAAGT-1,0.790725,0.079322,0.020988,0.108966
AGCTATTTAATCCAAC-1,0.176806,0.492517,0.330425,0.000252
AGCTCCATATATGTTC-1,0.000009,0.109674,0.845715,0.044602
AGCTCCTTCGCACATC-1,0.001329,0.07634,0.6022,0.320131
AGCTCGTTGATGGAAA-1,0.927728,0.00005,0.00025,0.071972
AGCTCTAGACGTTCCA-1,0.000017,0.098799,0.541985,0.3592
AGCTCTTCCCAGTGCA-1,0.554293,0.295926,0.149105,0.000676
AGCTCTTCGTAACCTT-1,0.003335,0.094281,0.408117,0.494267
AGCTCTTTACTCAGTT-1,0.000024,0.000024,0.38827,0.611682
AGCTGAAGTAAACCAA-1,0.288923,0.355404,0.116042,0.239632
AGCTGCATTTGAGGTG-1,0.999693,0.000034,0.00017,0.000102
AGCTGCTGTGCCGAAT-1,0.999629,0.000041,0.000206,0.000124
AGCTGTAACCTCAATC-1,0.038806,0.090003,0.18052,0.690671
AGCTTATAGAGACCTG-1,0.044129,0.235204,0.250142,0.470524
AGCTTCAATACTTTGA-1,0.722603,0.060773,0.001263,0.215362
AGCTTCTTCTCGAGCA-1,0.000011,0.026256,0.755397,0.218337
AGCTTGATCAGGGTAG-1,0.000021,0.023944,0.76094,0.215096
AGCTTGATCTTAACTT-1,0.000104,0.000019,0.391918,0.60796
AGGAAAGCCTCTGATG-1,0.009573,0.000014,0.024579,0.965834
AGGAACGAACGACTTC-1,0.033381,0.22852,0.402281,0.335818
AGGAAGCTGTCCGCCG-1,0.000013,0.102288,0.566229,0.331469
AGGACAGTCGAATCCC-1,0.000011,0.005858,0.760952,0.23318
AGGACATCGCACGTCG-1,0.000018,0.044002,0.383471,0.572509
AGGACATCGGCACACT-1,0.029526,0.479978,0.260026,0.23047
AGGACGACCCATTAGA-1,0.000014,0.012262,0.710273,0.277451
AGGACGCTCGATGTTG-1,0.868321,0.054122,0.037863,0.039694
AGGACTTATAGGAGAA-1,0.000012,0.00594,0.797521,0.196527
AGGAGACATCCACAGT-1,0.872476,0.00005,0.000251,0.127223
AGGAGAGTCTGGCTAC-1,0.839718,0.000074,0.000368,0.159841
AGGAGGCCTTCGCGCG-1,0.000011,0.003546,0.809916,0.186528
AGGATAAAGTCGGGAT-1,0.050385,0.000029,0.017912,0.931674
AGGATATAGGGATTTA-1,0.011004,0.027028,0.664932,0.297036
AGGATATCCGACTGCA-1,0.000007,0.060281,0.592178,0.347533
AGGATCACGCGATCTG-1,0.011251,0.008693,0.336092,0.643963
AGGATTGCTTACGACA-1,0.37126,0.128001,0.385391,0.115347
AGGCAAAGAGGAATCA-1,0.016035,0.200518,0.381093,0.402354
AGGCAATACGGAGGAC-1,0.010903,0.049777,0.408239,0.53108
AGGCACGTGACTGTCC-1,0.001733,0.098015,0.749364,0.150888
AGGCAGATGCGTAAAC-1,0.008862,0.106119,0.581421,0.303599
AGGCAGGGAGCGTACT-1,0.048589,0.023938,0.245167,0.682306
AGGCATTGTCGTAGGG-1,0.013249,0.05429,0.606855,0.325605
AGGCCACATTGGTTAC-1,0.230762,0.10767,0.238531,0.423037
AGGCCACCCGTTATGA-1,0.000012,0.005495,0.724794,0.269699
AGGCCCAGTGACTGGT-1,0.00002,0.00002,0.018196,0.981764
AGGCCCATTGTACAGG-1,0.05717,0.292145,0.234622,0.416063
AGGCCCTAGAACGCCA-1,0.000009,0.02216,0.941764,0.036068
AGGCCTATCATACCAA-1,0.005261,0.030589,0.506695,0.457455
AGGCCTGAGAATCTCG-1,0.008064,0.011345,0.618789,0.361802
AGGCGATAACTGGCGT-1,0.009586,0.219207,0.557136,0.214071
AGGCGGTTTGTCCCGC-1,0.123843,0.027946,0.000306,0.847905
AGGCGTCTATGGACGG-1,0.84091,0.000066,0.000331,0.158693
AGGCTATGGTTAGCTT-1,0.000013,0.002,0.634879,0.363108
AGGCTTAAGTTGCACA-1,0.000345,0.029763,0.767698,0.202194
AGGCTTCCCGAAGAAG-1,0.017963,0.060678,0.662836,0.258523
AGGCTTGCTAGACACC-1,0.038722,0.025622,0.103296,0.83236
AGGGAAACGAGGTACT-1,0.843204,0.028654,0.078681,0.049461
AGGGACAGCACGGCGG-1,0.018553,0.397627,0.2281,0.35572
AGGGACCGGCTGCGTT-1,0.007447,0.185534,0.51259,0.29443
AGGGACTCTACGCGAC-1,0.153746,0.038852,0.279504,0.527897
AGGGAGACATACTTCG-1,0.606777,0.290915,0.002464,0.099844
AGGGCAGCGGCGTGGT-1,0.664432,0.33425,0.000824,0.000494
AGGGCCCTAATGTTCT-1,0.1674,0.07981,0.485485,0.267306
AGGGCGAGCAGCTGAT-1,0.000019,0.000019,0.13551,0.864453
AGGGCGTGATCGGCTA-1,0.000019,0.042862,0.343136,0.613984
AGGGCTGCAGTTACAG-1,0.033352,0.006269,0.452727,0.507652
AGGGTCAGAGCACTCG-1,0.000011,0.033049,0.893625,0.073314
AGGGTCAGTAACCCTA-1,0.873553,0.000076,0.000379,0.125992
AGGGTCGATGCGAACT-1,0.001301,0.287818,0.421468,0.289412
AGGGTGCCGTTCTTTA-1,0.000017,0.011229,0.660541,0.328213
AGGGTGCTCTCGAGGG-1,0.002447,0.027874,0.916561,0.053118
AGGGTGGATAGTGCAT-1,0.004288,0.000028,0.001549,0.994136
AGGGTGTGCTACACGC-1,0.887831,0.002192,0.000175,0.109802
AGGGTTCAGACGGTCC-1,0.010771,0.012962,0.944635,0.031631
AGGGTTCCCTTTGGTT-1,0.000368,0.192085,0.723623,0.083925
AGGGTTTAGTTCGGGA-1,0.000014,0.082248,0.792853,0.124885
AGGTAACCTCCTATTC-1,0.000031,0.143796,0.23501,0.621163
AGGTACGATATTGCCA-1,0.837088,0.000807,0.004033,0.158072
AGGTAGATCGAGATAT-1,0.001052,0.028149,0.591131,0.379668
AGGTAGGTACAAAGCT-1,0.006318,0.034341,0.114318,0.845023
AGGTATAATTGATAGT-1,0.028217,0.11094,0.615275,0.245568
AGGTATGCGGACATTA-1,0.514553,0.000055,0.000273,0.485118
AGGTCAGGTGAGAGTG-1,0.000638,0.000017,0.338193,0.661152
AGGTCGCCACTTCGGT-1,0.000018,0.008764,0.089998,0.901221
AGGTCGCCTCCCAACA-1,0.055702,0.181795,0.509198,0.253305
AGGTCGCGGAGTTACT-1,0.023071,0.399247,0.574887,0.002795
AGGTGCACGTCCACAT-1,0.005668,0.043983,0.683243,0.267106
AGGTGGTGACCTTCGC-1,0.000037,0.000037,0.548586,0.45134
AGGTGTATCGCCATGA-1,0.000017,0.000017,0.544323,0.455642
AGGTGTTGCCGACCAC-1,0.154932,0.213669,0.343692,0.287707
AGGTTACACCATGCCG-1,0.031416,0.139558,0.573118,0.255907
AGGTTCTCCTTTCCGG-1,0.052428,0.017835,0.14033,0.789408
AGGTTGAGGCACGCTT-1,0.033298,0.171572,0.50718,0.28795
AGGTTTCACACACCTT-1,0.000011,0.066709,0.810839,0.122441
AGTAACGTTCATCCTG-1,0.742862,0.151338,0.105698,0.000102
AGTAACTATAGCAGCC-1,0.069016,0.097552,0.827439,0.005992
AGTAATCTAAGGGTGG-1,0.000005,0.01412,0.902388,0.083487
AGTAATGTCTTGCCGC-1,0.000019,0.458466,0.294139,0.247376
AGTAATTTGCAAGCGT-1,0.000041,0.013778,0.399336,0.586846
AGTACAGAAGCTTATA-1,0.000008,0.023126,0.806067,0.170799
AGTACATCATTTATCA-1,0.003193,0.400625,0.379431,0.216751
AGTACCTTCGAGTGCT-1,0.71066,0.15605,0.071827,0.061464
AGTACGGCCCGTATCG-1,0.000017,0.000017,0.157312,0.842654
AGTACGGGCACCTGGC-1,0.000017,0.235701,0.695231,0.06905
AGTACGTGGCCTGTCT-1,0.997448,0.000039,0.000195,0.002318
AGTACTCTTATGCCCA-1,0.002478,0.05999,0.807996,0.129537
AGTAGAAGGCGCCTCA-1,0.004285,0.009912,0.262845,0.722958
AGTAGCGTGAACGAAC-1,0.649879,0.057764,0.062488,0.229869
AGTAGCTAGACGCCGA-1,0.460327,0.454584,0.043375,0.041714
AGTAGGAAGGAAGTTG-1,0.821619,0.079111,0.094662,0.004608
AGTAGGTAACATACAT-1,0.077884,0.075195,0.232171,0.614749
AGTATAATACTAGGCA-1,0.000013,0.009411,0.786978,0.203599
AGTATACACAGCGACA-1,0.000018,0.000018,0.542919,0.457046
AGTATCCATAATAACG-1,0.011158,0.007481,0.16915,0.812211
AGTATGCTGGAGACCA-1,0.160976,0.000063,0.000314,0.838648
AGTATTTGGCACGACC-1,0.120153,0.005768,0.15301,0.721069
AGTCAAATGATGTGAT-1,0.002739,0.000021,0.541407,0.455833
AGTCAACACCACCATC-1,0.004008,0.012133,0.438685,0.545175
AGTCAAGATGACACTT-1,0.000009,0.007398,0.99221,0.000384
AGTCACTAGCTCTCGA-1,0.005401,0.054761,0.721785,0.218052
AGTCACTCCGCCTCAT-1,0.000023,0.043649,0.206207,0.750121
AGTCAGCCACCGCCTG-1,0.028251,0.0182,0.31392,0.639629
AGTCCAGCGGGTACGT-1,0.021407,0.001709,0.019006,0.957878
AGTCCATTGGCTGATG-1,0.005921,0.048399,0.594006,0.351674
AGTCCCGCCTTTAATT-1,0.8792,0.000726,0.000194,0.11988
AGTCCCTCGCAGAAAG-1,0.851017,0.019065,0.002863,0.127055
AGTCGAAACGATTCAG-1,0.109152,0.050443,0.094645,0.745759
AGTCGAATTAGCGTAA-1,0.603584,0.004608,0.000092,0.391716
AGTCGACGGTCTCAAG-1,0.003709,0.058177,0.64761,0.290503
AGTCGGCCCAAACGAC-1,0.018606,0.000794,0.03246,0.94814
AGTCGGCTCAACTTTA-1,0.000006,0.013335,0.964454,0.022205
AGTCGGTTGCGTGAGA-1,0.000011,0.006179,0.88081,0.113001
AGTCGTATAAAGCAGA-1,0.006687,0.008646,0.901544,0.083124
AGTCGTCGACCACCAA-1,0.000556,0.026871,0.894425,0.078147
AGTCGTGGGCATTACG-1,0.000023,0.063067,0.432751,0.504158
AGTCTAAAGTATACTC-1,0.042926,0.317413,0.505495,0.134167
AGTCTCACAAGACTAC-1,0.014014,0.094103,0.317034,0.574848
AGTCTGGACATCCTTG-1,0.023407,0.000028,0.075179,0.901386
AGTCTTCTCCTCAAAT-1,0.06179,0.138261,0.209356,0.590594
AGTCTTTAAAGTGTCC-1,0.018117,0.007637,0.761375,0.212871
AGTGAACAAACTTCTC-1,0.017971,0.02034,0.322428,0.639261
AGTGAAGATGGTGTCC-1,0.961142,0.009901,0.00019,0.028767
AGTGACCTACTTTACG-1,0.000021,0.000021,0.299291,0.700667
AGTGACTGTGACACAA-1,0.010937,0.000016,0.212607,0.77644
AGTGAGACTTCCAGTA-1,0.002147,0.053222,0.713136,0.231496
AGTGAGCCTCGCCGCC-1,0.01257,0.180182,0.570331,0.236917
AGTGAGGGTTTCTGAC-1,0.793062,0.05805,0.038695,0.110193
AGTGAGTCGAATTAAC-1,0.000011,0.113039,0.751622,0.135328
AGTGATAACCTGCGCG-1,0.00003,0.013991,0.498663,0.487316
AGTGATATGAGTAGTT-1,0.014936,0.000026,0.231717,0.753322
AGTGATTCAAGCAGGA-1,0.000006,0.018531,0.970755,0.010708
AGTGCACGCTTAAGAA-1,0.011028,0.014904,0.587836,0.386232
AGTGCGTAGCTCGTAA-1,0.000018,0.000018,0.578986,0.420979
AGTGCTAAACACAGCA-1,0.022962,0.085155,0.745813,0.14607
AGTGCTTGCACGAATA-1,0.011602,0.01722,0.603732,0.367446
AGTGGCCCGCAAATGG-1,0.006003,0.016132,0.746999,0.230866
AGTGGCGGCAATTTGA-1,0.063456,0.327643,0.058612,0.550289
AGTGGCGTCTGAAGGT-1,0.006052,0.050579,0.71324,0.230129
AGTGGCTCCGTCGGCC-1,0.00001,0.02257,0.866384,0.111037
AGTGGGAGTATACACG-1,0.000019,0.057425,0.349345,0.593211
AGTGGTGTTACCCGTG-1,0.000011,0.004956,0.936548,0.058485
AGTGGTTGCGTATAGG-1,0.00001,0.002755,0.894132,0.103103
AGTGTATTGCGCATTG-1,0.919059,0.021945,0.000254,0.058741
AGTGTGCTAAGATCGC-1,0.002676,0.059481,0.426033,0.51181
AGTGTGGTCTATTGTG-1,0.000012,0.000012,0.73658,0.263396
AGTTAAACACTTGCGA-1,0.004923,0.023747,0.662491,0.308839
AGTTAAGCGGTCCCGG-1,0.546947,0.000532,0.00266,0.449861
AGTTAAGTCAACCGCT-1,0.000014,0.001095,0.588189,0.410702
AGTTACCCTTAAGACT-1,0.005892,0.000025,0.109954,0.884129
AGTTACCGCACATGGT-1,0.000025,0.000025,0.045205,0.954746
AGTTACTCTATCGTGG-1,0.847726,0.000065,0.098777,0.053433
AGTTATTGAAAGGTAA-1,0.788041,0.125533,0.000201,0.086226
AGTTCACCGGTTGGAC-1,0.032453,0.017752,0.685003,0.264792
AGTTCCTACAGAATTA-1,0.00001,0.022912,0.946368,0.03071
AGTTCCTATTTATGTT-1,0.006831,0.017035,0.671533,0.304601
AGTTCTGCGTTGTATC-1,0.000017,0.000017,0.31251,0.687457
AGTTGACATCGGCTGG-1,0.00148,0.013865,0.663312,0.321343
AGTTGACGGTCCTTGC-1,0.00762,0.000025,0.149544,0.842811
AGTTGCGGTCCTCAAC-1,0.001704,0.008932,0.698111,0.291254
AGTTGCTGACTGATAT-1,0.000016,0.000723,0.648326,0.350935
AGTTGGCAAGGCTAGA-1,0.013522,0.098279,0.659592,0.228607
AGTTTATGTAAAGACA-1,0.839836,0.000041,0.000204,0.159919
AGTTTCGCAGGTCGGA-1,0.247277,0.176182,0.00059,0.575951
AGTTTGCACCTGCCTC-1,0.00196,0.058081,0.903123,0.036836
AGTTTGGCACGGGTTG-1,0.017703,0.002827,0.547964,0.431507
AGTTTGGCCAGACCTA-1,0.0113,0.071428,0.605005,0.312268
ATAAACCATTGGACGG-1,0.028894,0.064573,0.051703,0.85483
ATAAACGGACCCGTAA-1,0.000008,0.041558,0.914254,0.044179
ATAAACGTTGCACCAC-1,0.038966,0.079614,0.504452,0.376968
ATAAAGGCTCGGTCGT-1,0.000409,0.015825,0.818929,0.164837
ATAAAGGTCAAGTACG-1,0.983821,0.015994,0.000116,0.000069
ATAAATATTAGCAGCT-1,0.00001,0.000674,0.808278,0.191038
ATAACGCCGGAGGGTC-1,0.001302,0.137819,0.768835,0.092044
ATAACGGAGTCCAACG-1,0.000009,0.171112,0.808632,0.020247
ATAACGTTACCTCCAC-1,0.940165,0.030853,0.000192,0.028789
ATAAGCAAACACCGAG-1,0.95593,0.017303,0.023958,0.002809
ATAAGGTGGAGAACAT-1,0.012991,0.06034,0.703918,0.222752
ATAAGTACCCGATTGT-1,0.41239,0.433194,0.15435,0.000066
ATAAGTAGGATTCAGA-1,0.051756,0.143633,0.311694,0.492917
ATAAGTAGGGCGACTC-1,0.001329,0.281777,0.354747,0.362147
ATAAGTTACCGCGACG-1,0.000012,0.083628,0.613104,0.303256
ATAATACCGTTAGCCG-1,0.001972,0.00531,0.479888,0.512829
ATAATAGCTGTTGAAT-1,0.002733,0.028271,0.569688,0.399308
ATAATAGTGTAGGGAC-1,0.00001,0.01081,0.926422,0.062758
ATAATCTTGGAGAACC-1,0.001257,0.020223,0.215018,0.763502
ATAATTAGCTAAGTAG-1,0.008781,0.01963,0.837298,0.134291
ATACAGCGTCCACTGA-1,0.138972,0.00847,0.000158,0.8524
ATACAGGCCCTCCAAT-1,0.001035,0.028342,0.838316,0.132306
ATACCACGGGCAACTT-1,0.006206,0.03804,0.600195,0.355559
ATACCAGCAAATTGCT-1,0.02999,0.537878,0.431923,0.000209
ATACCAGGCTAATAGA-1,0.07891,0.295556,0.243451,0.382083
ATACCAGGTGAGCGAT-1,0.139795,0.302564,0.211635,0.346006
ATACCCTCCCGGCCAA-1,0.000007,0.00309,0.934488,0.062415
ATACCCTGGCTCAAAT-1,0.001076,0.018274,0.206832,0.773818
ATACCGTCATCCATAA-1,0.984053,0.000989,0.014811,0.000148
ATACCTAACCAAGAAA-1,0.000158,0.045812,0.868532,0.085498
ATACGAAGGCTTTCCA-1,0.180535,0.372125,0.432166,0.015174
ATACGACAGATGGGTA-1,0.999437,0.000063,0.000313,0.000188
ATACGAGGTTTGTAAG-1,0.012129,0.000017,0.162656,0.825199
ATACGCCGATCTACCG-1,0.000012,0.062119,0.471691,0.466178
ATACGCCGGCGAAACC-1,0.013175,0.041397,0.680964,0.264464
ATACGGAACGTCGTTT-1,0.072145,0.000052,0.000258,0.927546
ATACGGGTTTCGATTG-1,0.15611,0.277827,0.179026,0.387037
ATACGGTGAAGATGCA-1,0.000115,0.000016,0.181701,0.818168
ATACGTACTTAGCCAC-1,0.007616,0.028192,0.838773,0.125418
ATACGTCCACTCCTGT-1,0.008017,0.007077,0.534323,0.450583
ATACGTTATGCACGGA-1,0.00002,0.007659,0.347035,0.645286
ATACTACCCGTACCAC-1,0.000446,0.127625,0.715873,0.156056
ATACTAGCATGACCCT-1,0.019225,0.258164,0.077532,0.645079
ATACTCTCGCCACTCT-1,0.000024,0.000024,0.019492,0.980461
ATACTGCCTTACACCG-1,0.010811,0.004234,0.456362,0.528593
ATACTTGTTCTCGAGC-1,0.002593,0.001652,0.863398,0.132356
ATAGACAACGGGACCT-1,0.002394,0.206181,0.734814,0.056611
ATAGACGAAGAGAAAG-1,0.000008,0.004965,0.716993,0.278035
ATAGAGTACTGGGACA-1,0.012842,0.042044,0.295572,0.649542
ATAGAGTTATCAACTT-1,0.000756,0.255243,0.508324,0.235677
ATAGATTTGCAGTCGG-1,0.708852,0.14726,0.001593,0.142295
ATAGCAACTAGGGAAG-1,0.038777,0.067393,0.57113,0.322699
ATAGCCTCAGTACCCA-1,0.000014,0.030504,0.737328,0.232154
ATAGCTGCTCTTGTTA-1,0.000022,0.001228,0.218588,0.780163
ATAGGAATCTAAGCTT-1,0.779411,0.046137,0.04078,0.133672
ATAGGCGGCTATAGAA-1,0.002881,0.000018,0.173793,0.823308
ATAGGCTAGCTTCGCA-1,0.037497,0.338052,0.162487,0.461964
ATAGGGATATCCTTGA-1,0.094235,0.282762,0.248551,0.374452
ATAGGTTGGGCAGATG-1,0.00593,0.062868,0.884694,0.046508
ATAGTCTTTGACGTGC-1,0.500459,0.000513,0.002565,0.496463
ATAGTGAAGCGTTCTC-1,0.000013,0.011212,0.823674,0.165101
ATAGTTCCACCCACTC-1,0.001115,0.203834,0.767795,0.027256
ATATAAAGCGCTCGTG-1,0.001054,0.027671,0.775435,0.195839
ATATAAATGTAGCTGC-1,0.002466,0.066514,0.368969,0.562051
ATATAACACGGGCGCA-1,0.001653,0.102071,0.439052,0.457224
ATATACATGTATGGTA-1,0.023278,0.000068,0.000338,0.976317
ATATACGCTCGTGACG-1,0.000007,0.013636,0.963686,0.02267
ATATAGAGTATTGGTC-1,0.030187,0.000057,0.000284,0.969473
ATATCAACCTACAGAG-1,0.000727,0.053533,0.758234,0.187507
ATATCGGTAGGGAGAT-1,0.000011,0.088793,0.775957,0.135239
ATATCGTGCCAGACCC-1,0.292828,0.476354,0.073409,0.157409
ATATCGTTCCTCGAAC-1,0.01741,0.044471,0.801311,0.136809
ATATCTCCCTCGTTAA-1,0.367331,0.212857,0.002084,0.417729
ATATCTTAGGGCCTTC-1,0.000018,0.006453,0.65684,0.336689
ATATGGGATAGCAACT-1,0.007263,0.000016,0.487214,0.505507
ATATGTCTAGAGCGTG-1,0.005529,0.144082,0.585975,0.264414
ATATGTCTCCCTAGCC-1,0.000009,0.016426,0.956627,0.026938
ATATGTGCACAAACCA-1,0.9028,0.000039,0.000194,0.096967
ATATTATCCCGTATTT-1,0.000017,0.02285,0.782268,0.194864
ATATTCAGTTAAACCT-1,0.000015,0.018608,0.911688,0.06969
ATATTCCACATAGTGA-1,0.002487,0.049556,0.793266,0.154691
ATATTCCCACAGGTCA-1,0.00782,0.356781,0.598475,0.036924
ATATTGCTGTCAAAGT-1,0.004725,0.052496,0.575466,0.367313
ATATTGGAGAGGCCTT-1,0.005718,0.238756,0.298794,0.456732
ATATTTAACCCTCAAG-1,0.000516,0.191242,0.283091,0.525152
ATCAAACACTGTTCCA-1,0.030374,0.041629,0.439694,0.488303
ATCAAACGAAGGTTTG-1,0.009552,0.001679,0.255622,0.733147
ATCAAAGAGCCGTGGT-1,0.020854,0.003997,0.199828,0.775322
ATCAAGATCCCAGGAC-1,0.030042,0.020467,0.39464,0.554851
ATCAATCTGGGCTGCA-1,0.027307,0.042399,0.686261,0.244033
ATCAATGCCGTGGCTG-1,0.045725,0.000033,0.004143,0.950099
ATCACATTAGAATATC-1,0.159966,0.335053,0.11603,0.388952
ATCACGTGCTAATTAA-1,0.010042,0.000018,0.540353,0.449587
ATCACTTCATCCTCGC-1,0.00279,0.35522,0.457932,0.184058
ATCAGAAGCTGGTTGC-1,0.011839,0.028549,0.077042,0.88257
ATCAGACGGCACGCCG-1,0.000015,0.000433,0.709261,0.290291
ATCAGCCTCATGCTGC-1,0.017515,0.046836,0.888826,0.046823
ATCAGCTCGTCCACTA-1,0.00001,0.000024,0.942817,0.057149
ATCAGGTAGCTGACAG-1,0.880079,0.000061,0.000304,0.119556
ATCAGGTCGCCATTGC-1,0.885756,0.11396,0.000178,0.000107
ATCAGTAGGCAGGGAT-1,0.073893,0.218326,0.104925,0.602856
ATCATAGATCGACGAG-1,0.000015,0.003554,0.525986,0.470446
ATCATAGCCCTATGTA-1,0.017722,0.060064,0.536867,0.385347
ATCATCCAATATTTGT-1,0.000014,0.068658,0.607216,0.324113
ATCATCTGCCCAGTGT-1,0.907091,0.052831,0.012193,0.027884
ATCATGGACTACCGAC-1,0.373973,0.043316,0.002908,0.579803
ATCCAACGCAGTCATA-1,0.019094,0.009766,0.215432,0.755708
ATCCAATGGAGGGTCC-1,0.014086,0.022366,0.243347,0.720201
ATCCAATGGTACCGAA-1,0.000006,0.041945,0.884825,0.073225
ATCCACATCGACAGAA-1,0.017566,0.020238,0.40553,0.556666
ATCCACGCTAAATGTT-1,0.991719,0.001673,0.000153,0.006455
ATCCACTTTCAGACTA-1,0.928194,0.000065,0.000324,0.071417
ATCCAGAGCAACAACC-1,0.00443,0.043689,0.832557,0.119325
ATCCAGGATTCGTGAA-1,0.008035,0.034143,0.521303,0.43652
ATCCCATCCACAGCGC-1,0.061835,0.038072,0.02092,0.879173
ATCCCATTTCCGTGGG-1,0.008556,0.000023,0.14561,0.845811
ATCCGGACCAGCCTGA-1,0.373978,0.162526,0.129676,0.33382
ATCCTACCTAAGCTCT-1,0.0122,0.000973,0.349745,0.637082
ATCCTGAATCGCTGCG-1,0.000012,0.000574,0.917873,0.081541
ATCCTGCGTGGAATGG-1,0.002276,0.001114,0.488877,0.507732
ATCCTGCTGCAGATAG-1,0.002269,0.150195,0.424026,0.42351
ATCCTTCTGAAAGAAC-1,0.17712,0.217948,0.33373,0.271201
ATCGACCCAATACAGA-1,0.009992,0.015003,0.666164,0.30884
ATCGACTCTTTCCGTT-1,0.047265,0.09284,0.274958,0.584937
ATCGCACGATTGTTCA-1,0.023131,0.019019,0.082791,0.875059
ATCGCACGCCGGGAGA-1,0.043169,0.204523,0.273721,0.478587
ATCGCCAGTCAACATT-1,0.024111,0.020732,0.199081,0.756076
ATCGCCGTGGTTCATG-1,0.074832,0.153411,0.770924,0.000833
ATCGCTGCGTGCAGCA-1,0.761605,0.001777,0.000213,0.236405
ATCGCTTTACGTCTCA-1,0.663705,0.120283,0.026572,0.18944
ATCGGAGACAGACGGC-1,0.009013,0.005849,0.247157,0.737981
ATCGGCAAGCAGTCCA-1,0.622667,0.170577,0.088404,0.118353
ATCGGTTACCTAGTAA-1,0.000008,0.000568,0.931737,0.067687
ATCGTATTCCGAGAAC-1,0.000007,0.00205,0.971236,0.026706
ATCGTCCAATCGAGTC-1,0.00002,0.00002,0.038771,0.961188
ATCGTGGAAAGTCTGG-1,0.00373,0.016581,0.777043,0.202646
ATCGTTAGCTAGCGGA-1,0.014675,0.065424,0.576309,0.343591
ATCGTTCACTTTCGCC-1,0.793264,0.000057,0.000287,0.206392
ATCTAACGTCCCTATG-1,0.000011,0.00625,0.89455,0.099189
ATCTAATATCCTACGG-1,0.074697,0.036589,0.001949,0.886766
ATCTACCATCTGCTCC-1,0.020982,0.049261,0.559148,0.370609
ATCTAGCTTGTGAGGG-1,0.007768,0.000021,0.162798,0.829413
ATCTATCGATGATCAA-1,0.009157,0.008471,0.35275,0.629621
ATCTCATAAACCTACC-1,0.972403,0.027285,0.000195,0.000117
ATCTCCCACGGAATAT-1,0.036765,0.007681,0.50665,0.448905
ATCTCCCTGCAATCTA-1,0.011814,0.398065,0.571665,0.018456
ATCTCGTGAGCGAAAC-1,0.023839,0.11269,0.677688,0.185783
ATCTGACATGGAAGGA-1,0.001807,0.025768,0.485339,0.487086
ATCTGATAGTGTCTTA-1,0.000018,0.130781,0.325407,0.543794
ATCTGCACCTCTGCGA-1,0.000011,0.194597,0.73348,0.071912
ATCTGCTGTTATCGCC-1,0.016544,0.000023,0.539137,0.444295
ATCTGGGCTGTTCTTG-1,0.000015,0.002946,0.765127,0.231912
ATCTGGTTAAGACTGT-1,0.000023,0.313611,0.545476,0.14089
ATCTGTAATTGTACCC-1,0.015705,0.505707,0.15562,0.322968
ATCTTAGGGCATTAAT-1,0.000015,0.000912,0.612425,0.386648
ATCTTATCGCACACCC-1,0.008011,0.022757,0.95915,0.010082
ATCTTGACCTGCAACG-1,0.028433,0.164555,0.326504,0.480508
ATCTTGACTTGTCCAA-1,0.000012,0.209957,0.756268,0.033763
ATCTTTCGTATAACCA-1,0.907015,0.002502,0.0002,0.090283
ATGAAGCCAAGGAGCC-1,0.000011,0.06891,0.871905,0.059174
ATGAAGTGGACCCAGC-1,0.024079,0.125051,0.515138,0.335731
ATGACGCCGGCTCTAA-1,0.003173,0.288232,0.553838,0.154757
ATGACGCGTTCTATCC-1,0.002741,0.036608,0.6162,0.34445
ATGACTATCAGCTGTG-1,0.030786,0.009431,0.24253,0.717253
ATGACTATGCGACATT-1,0.027925,0.009232,0.198336,0.764506
ATGAGGAGTGTTAATC-1,0.012312,0.025489,0.783161,0.179038
ATGAGGGCAGCGGCTA-1,0.009135,0.19992,0.637616,0.153329
ATGATCGGGAATAGAC-1,0.071802,0.110374,0.186621,0.631203
ATGATGCAATGGTACA-1,0.000083,0.00051,0.485435,0.513972
ATGCACCTTCCTTAAT-1,0.000013,0.000295,0.650284,0.349408
ATGCACGCGCTGTTCA-1,0.073197,0.006004,0.081086,0.839713
ATGCACTACCGCATTG-1,0.051821,0.003442,0.351731,0.593005
ATGCATGATCCAGGAT-1,0.045783,0.130584,0.383334,0.4403
ATGCATTCCGTGATGG-1,0.248045,0.095923,0.052186,0.603845
ATGCCAATCGCTCTGC-1,0.989813,0.009861,0.000204,0.000122
ATGCCATTTGCGACCA-1,0.00001,0.017272,0.912234,0.070485
ATGCCGGTCTTGCATA-1,0.017827,0.101191,0.382195,0.498787
ATGCCGGTTGATGGGA-1,0.162874,0.506606,0.166007,0.164513
ATGCGACAATTGGTCC-1,0.878163,0.073529,0.042335,0.005973
ATGCGACAGTCCCATT-1,0.01282,0.05885,0.71776,0.21057
ATGCGAGTCCCACCAC-1,0.02491,0.011439,0.340141,0.62351
ATGCTCAGTGTTGCAT-1,0.048801,0.000018,0.042216,0.908965
ATGCTCTGGCGCGGTA-1,0.000022,0.035417,0.729394,0.235167
ATGCTTAGGAGTTGAT-1,0.000009,0.131001,0.720915,0.148075
ATGGAAATTTAAGGAG-1,0.054984,0.000023,0.000114,0.944879
ATGGAACAGAATAAAC-1,0.999784,0.000024,0.00012,0.000072
ATGGAACCTTTGCACA-1,0.072192,0.242192,0.192527,0.493088
ATGGACTGCTTAGTTG-1,0.000022,0.00655,0.299259,0.694169
ATGGAGCAGGCCGTGA-1,0.015129,0.025917,0.731405,0.227548
ATGGATCCGGCGTCCG-1,0.283908,0.424831,0.147795,0.143466
ATGGATTGACCAAACG-1,0.000006,0.048921,0.861052,0.09002
ATGGCAGCATTACGAT-1,0.00001,0.006999,0.856795,0.136195
ATGGCAGCCGAGAAAC-1,0.000007,0.000007,0.836801,0.163185
ATGGCGGAATAGTCGC-1,0.791181,0.034242,0.004562,0.170015
ATGGCTGGAAATGGCC-1,0.909061,0.090717,0.000139,0.000083
ATGGGAACGGAAGCGG-1,0.790207,0.14357,0.00019,0.066033
ATGGGACCTGCTGAAC-1,0.000014,0.011109,0.928387,0.06049
ATGGGCCTCGGCCTCT-1,0.007092,0.093148,0.329175,0.570584
ATGGGTGTATACCTCC-1,0.016909,0.000126,0.315133,0.667832
ATGGTATTGGGAACCG-1,0.008967,0.008692,0.518845,0.463496
ATGGTATTTACTGATT-1,0.000009,0.000941,0.996292,0.002758
ATGGTCGCGTGGTTTC-1,0.000015,0.04923,0.899613,0.051142
ATGGTGCTCAAAGCCA-1,0.272245,0.283245,0.111022,0.333488
ATGGTTACGAAACATG-1,0.506702,0.328739,0.147024,0.017535
ATGTAAGGCTGCTCTT-1,0.000013,0.25104,0.731109,0.017838
ATGTACATGCGGTGAG-1,0.017245,0.037706,0.456194,0.488855
ATGTACGATGACGTCG-1,0.000008,0.012356,0.871897,0.115739
ATGTAGCGCGCGTAGG-1,0.000996,0.010188,0.78466,0.204156
ATGTCATAATAAACGA-1,0.005386,0.012913,0.478332,0.50337
ATGTCATTTCCCATTG-1,0.000009,0.000073,0.99715,0.002769
ATGTCTTGTTTGACTC-1,0.000024,0.000024,0.360879,0.639072
ATGTGAAAGCCTAATG-1,0.000014,0.009258,0.290274,0.700453
ATGTGCATCCGACGCA-1,0.000011,0.179503,0.809765,0.010721
ATGTGGACATCTTGAT-1,0.001747,0.059941,0.657103,0.281209
ATGTGTAGTTTAGTCA-1,0.173761,0.219081,0.304793,0.302365
ATGTTACGAGCAATAC-1,0.070562,0.00373,0.068397,0.857311
ATGTTCCTGCCCACCT-1,0.039554,0.027703,0.154538,0.778205
ATGTTCGTCGACCCAC-1,0.000011,0.000081,0.622374,0.377534
ATGTTGATTAGAGACT-1,0.000015,0.043796,0.77021,0.185979
ATGTTGTAGTCTGTTT-1,0.001094,0.000019,0.389544,0.609342
ATGTTTCGGCCCGGAG-1,0.858596,0.000057,0.000285,0.141063
ATGTTTGTAAGATCAT-1,0.996344,0.003363,0.000183,0.00011
ATTAAACATGCGGACC-1,0.002309,0.017528,0.960665,0.019499
ATTAAAGCGGACGAGC-1,0.000155,0.056431,0.317282,0.626133
ATTAACACCTGAGATA-1,0.000007,0.002762,0.938732,0.058499
ATTAATACTACGCGGG-1,0.000013,0.197222,0.473,0.329765
ATTAATGAACCAGTCG-1,0.000011,0.348386,0.587415,0.064188
ATTAATTCGGTCACTC-1,0.005192,0.674137,0.169948,0.150723
ATTACAACTACCGGCC-1,0.9627,0.037121,0.000112,0.000067
ATTACATGTCAGTCTT-1,0.039856,0.066916,0.319252,0.573976
ATTACCACACTGCCTG-1,0.045655,0.128344,0.435728,0.390272
ATTACGACTCCACAGT-1,0.880868,0.000059,0.000295,0.118777
ATTACGCGCTGGCAGG-1,0.000009,0.003323,0.868039,0.128629
ATTACGGGCTACGGTT-1,0.038141,0.000045,0.000226,0.961588
ATTACTAGCCTCTTGC-1,0.000013,0.058247,0.907189,0.034552
ATTACTTACTGGGCAT-1,0.495923,0.292736,0.011106,0.200235
ATTAGATTCCTCAGCA-1,0.507623,0.209835,0.002501,0.280041
ATTAGATTGATAGCGG-1,0.000013,0.044257,0.910714,0.045017
ATTAGGCGATGCTTTC-1,0.064349,0.106491,0.455934,0.373227
ATTATACTTTGCTCGT-1,0.325939,0.24406,0.157675,0.272326
ATTATAGCTACTTTAC-1,0.118909,0.263458,0.188343,0.429289
ATTATCGGAATGTACG-1,0.000009,0.00048,0.981185,0.018326
ATTATCTCGACAGATC-1,0.238683,0.2642,0.286848,0.210269
ATTATGAGACCCAATT-1,0.000015,0.01845,0.625052,0.356483
ATTATGCCATAGGGAG-1,0.000014,0.180029,0.698546,0.121412
ATTATGCTCAGTATTG-1,0.987522,0.00005,0.000248,0.01218
ATTATTATGTCCGTCA-1,0.057235,0.000044,0.000222,0.942498
ATTATTCAGAGTCACT-1,0.000009,0.007936,0.918897,0.073158
ATTCAAAGTACCTGTT-1,0.000023,0.000023,0.721315,0.278638
ATTCAACCATTTAAGG-1,0.000014,0.24899,0.28089,0.470106
ATTCACTGATGTTGGA-1,0.032985,0.123903,0.240585,0.602527
ATTCAGATGAATCCCT-1,0.999715,0.000032,0.000158,0.000095
ATTCAGGACCTATTTC-1,0.816622,0.010402,0.032552,0.140424
ATTCAGGATCGCCTCT-1,0.869427,0.000057,0.000286,0.130229
ATTCAGTAGCAGGGTC-1,0.003172,0.001731,0.169432,0.825664
ATTCATATACTGTCCA-1,0.010729,0.006364,0.802516,0.180391
ATTCATCGTTGAGGCA-1,0.010883,0.000017,0.627234,0.361866
ATTCCCACATAAACAA-1,0.000166,0.012255,0.670767,0.316812
ATTCCTAAGACGTGGA-1,0.963792,0.035306,0.00019,0.000711
ATTCCTCCGCCAGTGC-1,0.01224,0.041776,0.329066,0.616918
ATTCCTTCCAGGCGGT-1,0.000027,0.043221,0.040928,0.915823
ATTCGACGCCGGGCCT-1,0.000017,0.005279,0.320879,0.673824
ATTCGCAGAGGACACT-1,0.987734,0.000046,0.000232,0.011987
ATTCGCGCCTTGAGAG-1,0.01571,0.070004,0.790716,0.12357
ATTCGTCCCGAGGTTA-1,0.639287,0.015696,0.118838,0.226179
ATTCGTGCTATCTCTT-1,0.009398,0.110261,0.619196,0.261145
ATTCTCGTCTCTTTAG-1,0.108196,0.333725,0.223395,0.334684
ATTCTGAGTATGAACT-1,0.902398,0.082515,0.014255,0.000833
ATTCTTCGTACTTATG-1,0.998921,0.000795,0.000178,0.000107
ATTGAAGATCTTAGTG-1,0.000009,0.004749,0.958087,0.037155
ATTGAATTCCCTGTAG-1,0.784359,0.000028,0.000141,0.215472
ATTGACCGGCGATGAC-1,0.185206,0.524217,0.268418,0.022159
ATTGACGTAACTCGGT-1,0.587382,0.258672,0.002405,0.151542
ATTGATAGCAACGAGA-1,0.049565,0.014448,0.047593,0.888394
ATTGATCACCACATTT-1,0.068669,0.000048,0.000241,0.931042
ATTGATGAGTCCTAAC-1,0.006774,0.110136,0.765261,0.117829
ATTGCCTATTAGACCG-1,0.010909,0.000024,0.430943,0.558124
ATTGCCTTTATGTTTG-1,0.015435,0.117326,0.310947,0.556292
ATTGCGATCAGTAACT-1,0.018348,0.03178,0.405104,0.544769
ATTGCTGCTCCTCCAT-1,0.001305,0.079955,0.547503,0.371237
ATTGGATTACAGCGTA-1,0.00898,0.03543,0.795877,0.159713
ATTGGGAATATCTTGG-1,0.000027,0.301345,0.183246,0.515381
ATTGGGAGTTCTGTAA-1,0.930194,0.00005,0.000249,0.069508
ATTGGTAGGATCCGCT-1,0.000019,0.000019,0.504896,0.495067
ATTGTACAACTCGGCT-1,0.000005,0.013999,0.97339,0.012606
ATTGTCGCAATACCTT-1,0.741494,0.164467,0.000746,0.093293
ATTGTCTGTTTCATGT-1,0.000014,0.002754,0.694813,0.302419
ATTGTGACTTCGCTGC-1,0.880186,0.003163,0.000278,0.116373
ATTGTTCAACGATCCG-1,0.014447,0.257653,0.40296,0.32494
ATTTAACTCGTATTAC-1,0.000887,0.24412,0.605591,0.149402
ATTTACAGTTTACTGG-1,0.000019,0.000945,0.74494,0.254096
ATTTACTAAGTCCATT-1,0.000015,0.199215,0.768348,0.032422
ATTTATACTGGTAAAG-1,0.008969,0.051782,0.5411,0.398149
ATTTCATTATTTCGCG-1,0.795339,0.000513,0.002565,0.201583
ATTTCCGGGTTCTGCG-1,0.08522,0.045082,0.214366,0.655333
ATTTGCCTAGTTACGA-1,0.542544,0.150647,0.049869,0.256939
ATTTGCGCGAGTAGCT-1,0.000018,0.005617,0.831665,0.162701
ATTTGTCTTGGGAGCT-1,0.000021,0.024747,0.592219,0.383013
ATTTGTTCCAGGGCTC-1,0.095589,0.337026,0.37502,0.192366
CAAACCAGGTCTGCAT-1,0.000896,0.000692,0.570913,0.427498
CAAACCCTCCGGCGGG-1,0.034275,0.004069,0.340547,0.621109
CAAACGAGTATCGCAG-1,0.023394,0.014883,0.267315,0.694408
CAAACGGTCGCACTTT-1,0.000016,0.066281,0.498323,0.435381
CAAACGTGGTCTTGCG-1,0.65417,0.206386,0.131354,0.00809
CAAACTACGATAGAGA-1,0.820329,0.102734,0.063132,0.013805
CAAACTATTGAGCTTC-1,0.57833,0.110733,0.309073,0.001864
CAAACTCGCGACGCCG-1,0.043675,0.045913,0.667812,0.242599
CAAAGATTATTGGGCC-1,0.126044,0.000046,0.000231,0.873679
CAAAGGTCATCTGAAA-1,0.013206,0.29735,0.371523,0.317921
CAAAGGTTAAATTCAG-1,0.961105,0.000044,0.000218,0.038634
CAAAGTCAGGTTAGCT-1,0.006124,0.01905,0.004379,0.970446
CAAATCTCTCACAAGG-1,0.000018,0.087256,0.307555,0.605171
CAAATGCGGAGTGTTC-1,0.164245,0.303091,0.107849,0.424815
CAAATGTCCTTCCGTG-1,0.000017,0.002146,0.401512,0.596325
CAAATTGGATTATGCC-1,0.897098,0.000063,0.000317,0.102522
CAAATTGTCAGCAAGC-1,0.201043,0.385141,0.053006,0.36081
CAACACATCTCCTGCC-1,0.785272,0.106816,0.059545,0.048366
CAACAGAATAACGCTA-1,0.821608,0.178212,0.000113,0.000068
CAACAGTGCCAAACGG-1,0.650385,0.261796,0.000807,0.087012
CAACATGGCCTGATAA-1,0.012057,0.007448,0.270322,0.710173
CAACCAGTGGCCTACC-1,0.013239,0.103853,0.773615,0.109292
CAACCGCACCTAGACA-1,0.000014,0.008927,0.482735,0.508324
CAACCTACCGAGCAGT-1,0.017107,0.121209,0.588106,0.273579
CAACCTGAACCTGCCA-1,0.88609,0.000028,0.000141,0.113741
CAACGACCCGTTTACA-1,0.014952,0.143542,0.605058,0.236448
CAACGAGCTTATTATG-1,0.000018,0.000018,0.190112,0.809853
CAACGATCGATCCAAT-1,0.346576,0.269207,0.052504,0.331713
CAACGCGATGAGCCAA-1,0.000473,0.000195,0.324051,0.675281
CAACGGTTCTTGATAC-1,0.000013,0.052625,0.670612,0.27675
CAACGTGGTGGAGTCT-1,0.024734,0.159635,0.653446,0.162185
CAACTATATCGAATGC-1,0.457524,0.220011,0.321881,0.000584
CAACTCCAACGTTTAG-1,0.908597,0.044108,0.04295,0.004344
CAACTCCGTAACTTGC-1,0.748751,0.026731,0.000222,0.224296
CAACTCCTTGATCCCG-1,0.00002,0.154473,0.313587,0.53192
CAACTGAGGGTATGAC-1,0.928583,0.000048,0.00024,0.07113
CAACTGCTCATCCGAT-1,0.000012,0.051237,0.77442,0.174331
CAACTTGTAGTGGGCA-1,0.02417,0.10779,0.368864,0.499176
CAAGAAACCCTAAACT-1,0.969273,0.000032,0.000158,0.030537
CAAGACTCAGAAGCGC-1,0.895005,0.000046,0.000229,0.10472
CAAGAGGGCGGAGTAC-1,0.018358,0.008102,0.238214,0.735327
CAAGATATTATAACGT-1,0.013809,0.005498,0.633304,0.347389
CAAGCAACGTCGGAGT-1,0.000014,0.044247,0.540836,0.414903
CAAGCACCAAATGCCT-1,0.006421,0.522992,0.265316,0.205271
CAAGCGGCACATAATT-1,0.008524,0.116058,0.347311,0.528107
CAAGGATCGCATGTTC-1,0.01875,0.011835,0.632144,0.337271
CAAGGCCAGTGGTGCA-1,0.000006,0.002701,0.955671,0.041622
CAAGGGAGTGTATTTG-1,0.04537,0.027658,0.050473,0.876499
CAAGGTCCTATAGGCT-1,0.000012,0.17051,0.688066,0.141412
CAAGTAAGTGATAGAC-1,0.004856,0.000014,0.277269,0.71786
CAAGTCGTTGAAATCT-1,0.016983,0.000019,0.090119,0.892879
CAAGTGAACTTTGGTT-1,0.016402,0.347903,0.422482,0.213213
CAAGTGTGGTTGCAAA-1,0.007194,0.023936,0.451482,0.517387
CAATAAACCTTGGCCC-1,0.000009,0.172211,0.718764,0.109016
CAATACGAGAGTCTGA-1,0.050856,0.069293,0.631367,0.248484
CAATACGCTCTGAGGC-1,0.000006,0.001532,0.997856,0.000605
CAATATGTAGATTTAC-1,0.559736,0.042727,0.397468,0.00007
CAATATTCTTGACCTA-1,0.052161,0.000049,0.000244,0.947546
CAATATTGGACTAGTG-1,0.000631,0.000021,0.007311,0.992038
CAATCCATTATCCGTT-1,0.997088,0.002557,0.000222,0.000133
CAATCCCTATACCAGC-1,0.81732,0.069283,0.012736,0.10066
CAATCCTGCCGTGGAG-1,0.018791,0.012321,0.751764,0.217125
CAATGACCCTTAATTT-1,0.010719,0.001782,0.510296,0.477203
CAATGAGGTTCGACTA-1,0.775325,0.000103,0.0002,0.224371
CAATGCGAGAAGTATC-1,0.000679,0.022972,0.63242,0.343928
CAATGGAATCTACATA-1,0.864602,0.070496,0.000215,0.064687
CAATGGATCTCTACCA-1,0.00001,0.231699,0.657675,0.110616
CAATGGTCGGCCTGGG-1,0.258517,0.180561,0.200471,0.360452
CAATGTGCCAACCCTT-1,0.009862,0.295575,0.631868,0.062694
CAATTAAGGGTGATGA-1,0.02341,0.189245,0.604577,0.182767
CAATTTCGTATAAGGG-1,0.022905,0.018409,0.388677,0.570009
CAATTTGACCGGGAAG-1,0.000014,0.000014,0.070132,0.92984
CACAAGAAAGATATTA-1,0.855688,0.00005,0.00025,0.144012
CACAAGCTAAGAAAGG-1,0.000742,0.006629,0.853087,0.139542
CACAATGAGCTGCTAT-1,0.000013,0.004982,0.53932,0.455685
CACACACGCTAACGAG-1,0.005754,0.097042,0.733852,0.163352
CACACAGCTTGCGCTC-1,0.019672,0.112657,0.676983,0.190688
CACACAGGGATAGATT-1,0.011417,0.001003,0.251054,0.736526
CACACGCGCTGTCTTA-1,0.029357,0.061145,0.530218,0.37928
CACACGTTTCAATGGG-1,0.290219,0.577563,0.132137,0.000081
CACACTTGTATTGCGA-1,0.867506,0.08273,0.049534,0.00023
CACAGAGACGAGGACG-1,0.002883,0.000011,0.966459,0.030648
CACAGCACCCACGGCA-1,0.009083,0.121291,0.538914,0.330711
CACAGCTAGGGAGTGA-1,0.02445,0.122662,0.386257,0.46663
CACAGGGCCATATAGT-1,0.00243,0.059806,0.70016,0.237604
CACAGGGCCGTTGTCA-1,0.008603,0.000024,0.449718,0.541655
CACAGTCCCGCTTCGC-1,0.004753,0.022994,0.864488,0.107765
CACAGTTCGCTTCCCA-1,0.015509,0.031271,0.75813,0.19509
CACATAAGGCGACCGT-1,0.000013,0.083596,0.586083,0.330308
CACATATTAGCAGGAT-1,0.005846,0.018928,0.4459,0.529326
CACATCGTGCACGCGC-1,0.0119,0.041039,0.441735,0.505326
CACATCTCACCGACGA-1,0.000014,0.01599,0.768403,0.215593
CACATGATTCAGCAAC-1,0.007851,0.13023,0.489986,0.371933
CACATGTTTGGACATG-1,0.005673,0.047854,0.128879,0.817594
CACATTCTTTCGATGG-1,0.66744,0.109486,0.000244,0.222831
CACATTTCTTGTCAGA-1,0.043618,0.096246,0.579847,0.280289
CACCACGCCACACAGA-1,0.000014,0.026139,0.840683,0.133163
CACCAGTCAGCATGCA-1,0.036827,0.000033,0.000165,0.962974
CACCATCGGAGGAGAC-1,0.163543,0.538618,0.215565,0.082274
CACCATGATCGCAAAG-1,0.972913,0.000042,0.000208,0.026838
CACCCAAATCTTATGT-1,0.006445,0.082985,0.74872,0.16185
CACCCACACGTCACCC-1,0.000012,0.080705,0.87208,0.047202
CACCCACGAGGCAATT-1,0.315502,0.430687,0.249732,0.00408
CACCCGGTTTGTGACT-1,0.042617,0.049583,0.405785,0.502015
CACCCTAACAAGATCT-1,0.022316,0.055164,0.512923,0.409598
CACCCTTGGTGAGACC-1,0.001257,0.000018,0.378766,0.619958
CACCCTTTCCTCGCTC-1,0.003443,0.05416,0.224412,0.717985
CACCGATACACCGAGC-1,0.967212,0.032559,0.000143,0.000086
CACCGCCAGAAGGTTT-1,0.010728,0.095065,0.889589,0.004618
CACCGCCGACCAGCGA-1,0.286387,0.39224,0.034322,0.28705
CACCGCGTCCACTCTA-1,0.702633,0.243501,0.050318,0.003548
CACCGGAGATATCTCC-1,0.911736,0.004042,0.000161,0.084061
CACCGGGCATCACAAG-1,0.000293,0.043838,0.766282,0.189586
CACCGGTAGAGACATT-1,0.000011,0.000255,0.530508,0.469226
CACCGTATCCCATCCG-1,0.030659,0.038092,0.797665,0.133584
CACCGTTAGGGATCAC-1,0.013567,0.053331,0.42645,0.506651
CACCGTTGCGCGATAT-1,0.000027,0.000027,0.360063,0.639883
CACCTAATAGAGTCGT-1,0.002829,0.026336,0.887104,0.083731
CACCTAATCAGTTTAC-1,0.06222,0.47944,0.196778,0.261562
CACCTCGATGGTGGAC-1,0.003911,0.388253,0.534831,0.073005
CACCTCTACGAGTGTG-1,0.838814,0.159155,0.001269,0.000762
CACCTTGCGAAACTCG-1,0.025832,0.239426,0.262962,0.47178
CACCTTGGCGCCTTTG-1,0.013932,0.068562,0.60118,0.316326
CACGAAAGTTAGTCCC-1,0.00897,0.014825,0.243145,0.73306
CACGACCACAGACTTT-1,0.999691,0.000034,0.000172,0.000103
CACGACGTAATAGTAA-1,0.889032,0.027484,0.011693,0.071791
CACGACTAAAGTTCTG-1,0.101035,0.064061,0.131139,0.703765
CACGAGCAAACCAGAC-1,0.010099,0.000013,0.090066,0.899823
CACGATTGGTCGTTAA-1,0.097921,0.092069,0.231596,0.578413
CACGCACAGCGCAGCT-1,0.014505,0.191551,0.479304,0.31464
CACGCAGCGAGGCTTT-1,0.000017,0.036553,0.702275,0.261154
CACGCGGAACTGTTGC-1,0.000005,0.000005,0.999597,0.000394
CACGGACGTGGATGGC-1,0.757247,0.025815,0.02991,0.187029
CACGGCGCGCCAAAGG-1,0.958307,0.00003,0.00015,0.041513
CACGGGATTGAGGGTT-1,0.004271,0.000023,0.244205,0.751501
CACGTCAATCAATGGA-1,0.018014,0.128518,0.749622,0.103846
CACGTCGGCAACCTCT-1,0.000009,0.039395,0.93773,0.022865
CACGTCGGGTTCTAGA-1,0.000018,0.00132,0.885,0.113662
CACGTCTATGATGTGG-1,0.955422,0.027617,0.000199,0.016762
CACGTTCGTGCTCTAG-1,0.000227,0.183736,0.19121,0.624827
CACGTTTCGTACACAC-1,0.012007,0.002218,0.417402,0.568374
CACTAAAGTTGCCTAT-1,0.000007,0.002712,0.986242,0.011038
CACTACGGGAGCTGCC-1,0.014252,0.120494,0.63572,0.229534
CACTACTCAGTTCTGT-1,0.775598,0.038152,0.000226,0.186024
CACTCAAGAGCTATGG-1,0.020322,0.004513,0.202961,0.772204
CACTCAGCTCTTGAGG-1,0.103716,0.711233,0.002632,0.182419
CACTCCTATGTAAGAT-1,0.289267,0.096563,0.024887,0.589282
CACTCCTCTCGGTCGG-1,0.603788,0.226473,0.098413,0.071325
CACTCGAGCTGAACAA-1,0.000011,0.050089,0.831469,0.11843
CACTCGGTTAGGAGGA-1,0.001179,0.009466,0.727913,0.261442
CACTCTCAAGCATCGA-1,0.010437,0.005821,0.240298,0.743444
CACTCTTCTGCTAGCC-1,0.063254,0.072462,0.482056,0.382228
CACTGACGATTGTGGA-1,0.003001,0.017001,0.797493,0.182506
CACTGTCCAAGTGAGA-1,0.000016,0.022953,0.896325,0.080705
CACTTAATCAGACGGA-1,0.000007,0.005778,0.964784,0.02943
CACTTCGCCACAGGCT-1,0.027683,0.000024,0.080429,0.891864
CACTTCGTCTTATCTC-1,0.011549,0.000031,0.12453,0.86389
CAGAACTTAGCCCTCT-1,0.000007,0.029662,0.967286,0.003045
CAGAATAACACACGGA-1,0.002827,0.120465,0.725316,0.151392
CAGAATATTCGTTATC-1,0.09158,0.227773,0.389147,0.2915
CAGACACCGATCGCTG-1,0.036996,0.062291,0.066481,0.834232
CAGACCTGTAAGTGTT-1,0.000663,0.086424,0.838188,0.074725
CAGACGAACCTGATAC-1,0.000013,0.028073,0.603367,0.368548
CAGAGACGGTCACCCA-1,0.013297,0.056171,0.439807,0.490726
CAGAGCATGAGCTTGC-1,0.001141,0.146811,0.829725,0.022323
CAGAGCGATGGATGCT-1,0.223017,0.261041,0.035696,0.480246
CAGAGGCGATGCATGA-1,0.075954,0.000026,0.009351,0.91467
CAGAGTGATTTAACGT-1,0.520293,0.331946,0.142293,0.005469
CAGATAATGGGCGGGT-1,0.000006,0.02454,0.931308,0.044145
CAGATACTAACATAGT-1,0.017349,0.059027,0.18465,0.738975
CAGATATGAAGATGAC-1,0.000015,0.000015,0.349549,0.650422
CAGATCATTTAAAGTC-1,0.678208,0.122466,0.019141,0.180185
CAGATCCTGGTTTGAA-1,0.030863,0.000024,0.010416,0.958697
CAGATGTTTGTCCCAA-1,0.072773,0.015323,0.486185,0.425719
CAGCAGCCCGTTCCTT-1,0.025285,0.114253,0.554524,0.305937
CAGCAGTCCAGACTAT-1,0.019739,0.02545,0.388234,0.566578
CAGCAGTCTGTGCTGC-1,0.000006,0.003713,0.996262,0.000019
CAGCCCTCACAGGCAG-1,0.221744,0.542439,0.099085,0.136732
CAGCCGGGCCCTCTAT-1,0.881591,0.048041,0.070278,0.00009
CAGCCTCCTGCAGAGG-1,0.004468,0.288034,0.523563,0.183935
CAGCCTCGATAGCGGT-1,0.143451,0.276258,0.185511,0.394781
CAGCCTCTCCTCAAGA-1,0.867775,0.112987,0.000171,0.019068
CAGCGATTCCCTTCAA-1,0.010135,0.082216,0.142934,0.764715
CAGCGCCAACACGATA-1,0.006904,0.00373,0.299154,0.690212
CAGCTCACTGAGACAT-1,0.000016,0.021803,0.820019,0.158161
CAGCTCGACAAGTTAA-1,0.000008,0.029615,0.943429,0.026949
CAGCTCGTGCTTGTGT-1,0.00002,0.059592,0.52004,0.420348
CAGCTCTGGGCTCACT-1,0.000012,0.00347,0.763444,0.233075
CAGCTGGCGTAACCGT-1,0.013682,0.000024,0.321535,0.664758
CAGCTTAGTAGGTAGC-1,0.00001,0.035632,0.92749,0.036868
CAGGAAGACTTTATAT-1,0.776531,0.110608,0.063326,0.049535
CAGGACAGCTGCCCTT-1,0.881366,0.000038,0.000188,0.118409
CAGGATATATCGTTGT-1,0.000022,0.000022,0.218946,0.781009
CAGGATCCGCCCGACC-1,0.025991,0.318307,0.490494,0.165209
CAGGCAGTCTTACCAG-1,0.001706,0.061157,0.673108,0.264028
CAGGCCAGTACCACCT-1,0.000014,0.000014,0.330953,0.669019
CAGGCCGTTTGGGTGT-1,0.000012,0.035438,0.768045,0.196504
CAGGCGCACGGTGGTC-1,0.062664,0.00005,0.000684,0.936602
CAGGCGCCATGCTAGG-1,0.003032,0.02393,0.909648,0.063389
CAGGGAGATAGGCCAG-1,0.000012,0.003311,0.859441,0.137236
CAGGGCTAACGAAACC-1,0.001534,0.058465,0.409153,0.530847
CAGGTTTAGTACTACA-1,0.857696,0.000047,0.000235,0.142022
CAGTAACTATTTATTG-1,0.944302,0.048992,0.000225,0.006482
CAGTAAGGGACGTCTC-1,0.022379,0.000106,0.000529,0.976987
CAGTAATCCCTCCCAG-1,0.00002,0.00002,0.235611,0.764349
CAGTACATTCTCTAAA-1,0.721493,0.170081,0.000482,0.107944
CAGTACCAGTTTACGT-1,0.001189,0.017658,0.705756,0.275397
CAGTAGATGATGTCCG-1,0.00002,0.00002,0.588034,0.411926
CAGTAGCCCACGCGGT-1,0.022512,0.394805,0.42854,0.154143
CAGTAGCGAGGTAGTA-1,0.002113,0.019279,0.167478,0.81113
CAGTCCAACGCCTTCT-1,0.999654,0.000038,0.000192,0.000115
CAGTCGAGGATGCAAT-1,0.000023,0.310256,0.660651,0.029069
CAGTCGGCCTAGATAT-1,0.011943,0.02939,0.28846,0.670207
CAGTCTCTCGGCTAAT-1,0.000021,0.050054,0.371326,0.5786
CAGTCTGTATACTGGG-1,0.00001,0.042306,0.811031,0.146653
CAGTGAATAAATGACT-1,0.000011,0.230494,0.700326,0.069169
CAGTGGTTGCACATGA-1,0.000017,0.000017,0.000164,0.999803
CAGTGTCCGCAGAATG-1,0.002927,0.003843,0.037206,0.956024
CAGTGTCGGCTGGCCC-1,0.009072,0.00763,0.484149,0.499149
CAGTGTTAATCTCTCA-1,0.011496,0.000015,0.082922,0.905566
CAGTTCAAATTGACAC-1,0.024238,0.04119,0.258477,0.676095
CAGTTCCGCGGGTCGA-1,0.009843,0.00513,0.459026,0.526002
CAGTTCGAGGACCCGA-1,0.003062,0.000119,0.562104,0.434715
CATAACGGACAGTCGT-1,0.027326,0.079487,0.720201,0.172986
CATAAGAAGCTTGGCT-1,0.009166,0.053326,0.346443,0.591065
CATAAGCTCTCCGTCT-1,0.000021,0.000021,0.460443,0.539514
CATAATGAGCGGGCGA-1,0.033089,0.439995,0.005663,0.521253
CATACAAAGCCGAACC-1,0.014923,0.006916,0.106484,0.871678
CATACACGGTTCCCAC-1,0.00166,0.022688,0.538755,0.436898
CATACCCGTACCCAGT-1,0.006837,0.020747,0.345827,0.626589
CATACGAACTAGCTGG-1,0.000187,0.017912,0.930963,0.050937
CATACGGCGTCTGGGC-1,0.000012,0.103727,0.795365,0.100896
CATACGGGTGCATGAT-1,0.00382,0.021342,0.261536,0.713303
CATACTATGTAATTGT-1,0.000008,0.002872,0.951197,0.045922
CATACTTAGGCAATAC-1,0.005689,0.147026,0.65487,0.192415
CATACTTCTTTCTCCG-1,0.016711,0.009712,0.371185,0.602391
CATAGAGGAGATACTA-1,0.041598,0.062609,0.380864,0.514929
CATAGCCGCCCGGGAT-1,0.016165,0.011931,0.129308,0.842596
CATAGCGTTGCCCACC-1,0.034422,0.000044,0.00022,0.965314
CATAGGGACACTTGTG-1,0.01268,0.000019,0.219892,0.76741
CATAGTACATTGAGAG-1,0.370696,0.340466,0.001737,0.287102
CATAGTAGCATAGTAG-1,0.012338,0.081556,0.509053,0.397053
CATAGTCAAATACATA-1,0.016405,0.058633,0.732038,0.192924
CATAGTCCACAAGAAC-1,0.045696,0.0055,0.292521,0.656283
CATAGTGGGCACGCCT-1,0.109543,0.125656,0.589401,0.1754
CATATACTACTGATAA-1,0.740037,0.156097,0.000189,0.103677
CATATAGGTACAGTCA-1,0.000016,0.001343,0.617598,0.381043
CATATGTCAGGCTACG-1,0.01181,0.006787,0.856646,0.124757
CATATTATTTGCCCTA-1,0.623301,0.152012,0.022028,0.202659
CATCAAACTGGCGCCC-1,0.836328,0.012088,0.000228,0.151356
CATCAACACCTACTAA-1,0.028554,0.015296,0.492599,0.463551
CATCATCTACCCGGAC-1,0.303455,0.3698,0.22747,0.099275
CATCATTACCCTGAGG-1,0.000009,0.001464,0.820597,0.177929
CATCCAATATAGTTTG-1,0.000396,0.03196,0.646827,0.320817
CATCCGCAGGCCCGAA-1,0.003857,0.00088,0.126656,0.868606
CATCCTCTCAAAGATC-1,0.019607,0.002615,0.183372,0.794405
CATCGAATGGATCTCT-1,0.00002,0.00002,0.069577,0.930383
CATCGCCCGCGGCCAA-1,0.002432,0.089709,0.423779,0.48408
CATCGGACGGGTTAAT-1,0.005452,0.042896,0.752952,0.1987
CATCGTCCGGTTACTA-1,0.007661,0.082725,0.085613,0.824001
CATCTACCCGAGAACG-1,0.927084,0.000058,0.00479,0.068068
CATCTAGTGAAGGGAA-1,0.003018,0.116724,0.770293,0.109965
CATCTATCCCGTGTCT-1,0.846497,0.040547,0.000237,0.112718
CATCTGCAGGATCATT-1,0.000008,0.000008,0.985791,0.014193
CATCTTACACCACCTC-1,0.034319,0.182183,0.594984,0.188513
CATGAACCGACATTTG-1,0.01048,0.105591,0.019896,0.864033
CATGAACCTCTTATCA-1,0.533444,0.367787,0.001409,0.09736
CATGACTTCGCTGAAT-1,0.003455,0.177329,0.503833,0.315383
CATGAGATGCACTCTC-1,0.000008,0.015062,0.982697,0.002233
CATGAGTCCATCACGG-1,0.008921,0.023633,0.362264,0.605181
CATGATACGGTGAAAC-1,0.019898,0.02322,0.590555,0.366327
CATGATCGCTTTGAGA-1,0.021487,0.164228,0.497879,0.316406
CATGATGCACAATTCT-1,0.047284,0.207317,0.318844,0.426555
CATGATGGAAGTTAGC-1,0.000008,0.018246,0.942127,0.039618
CATGCACATGAGAGGC-1,0.000018,0.000018,0.172617,0.827347
CATGCACGTGTTACTG-1,0.747809,0.206306,0.026319,0.019566
CATGCATGGAGACCCT-1,0.743178,0.080357,0.175279,0.001186
CATGCCAACTCGCAAA-1,0.002806,0.000016,0.30243,0.694748
CATGCGACCAGTTTAA-1,0.011888,0.205786,0.462569,0.319757
CATGCGTTAGACAGAA-1,0.000009,0.383413,0.603739,0.012838
CATGCGTTGAGAGGAG-1,0.000011,0.000464,0.907274,0.092252
CATGCTGGCTCCAATT-1,0.254889,0.049287,0.076197,0.619626
CATGGAAATGGGACCA-1,0.796534,0.018757,0.031249,0.15346
CATGGATTGTCTTCCG-1,0.000011,0.014757,0.860804,0.124428
CATGGCAGGAAGATCG-1,0.008394,0.278681,0.420391,0.292534
CATGGCTCCCTATGTC-1,0.000021,0.011483,0.262581,0.725915
CATGGGTATGCCTTAT-1,0.000055,0.004984,0.470686,0.524275
CATGGGTCGGGTGTGG-1,0.456076,0.276894,0.197712,0.069318
CATGGTAAGTAGCGTT-1,0.021756,0.11718,0.33817,0.522893
CATGGTCTAGATACCG-1,0.004804,0.203484,0.758003,0.03371
CATGGTTTATTAATCA-1,0.046782,0.014246,0.344689,0.594284
CATGTAAGAGACATTT-1,0.094602,0.016478,0.69758,0.191339
CATGTAGGAGCGCCAA-1,0.888126,0.000083,0.000416,0.111375
CATGTCTCATTTATGG-1,0.000015,0.074825,0.632234,0.292926
CATGTGGGCTCATCAC-1,0.001753,0.016962,0.429351,0.551934
CATTACATAGATTGTG-1,0.712916,0.081942,0.000251,0.204891
CATTACGCAGGAAGGG-1,0.003147,0.016509,0.758991,0.221353
CATTACGTCGGCCCGT-1,0.000008,0.166557,0.832325,0.001111
CATTATAACAGGGTCC-1,0.580149,0.063575,0.322727,0.033549
CATTATCCCATTAACG-1,0.000019,0.000019,0.184175,0.815787
CATTATGCTTGTTGTG-1,0.016542,0.022716,0.337255,0.623487
CATTCACTGACAGCTA-1,0.556738,0.000834,0.393162,0.049267
CATTCAGGTCAGTGCG-1,0.022366,0.001318,0.07194,0.904375
CATTCCCATTCCGTCG-1,0.569272,0.147776,0.002218,0.280734
CATTCCCTAAGTACAA-1,0.000088,0.002652,0.123861,0.873399
CATTCGTCGTAGCGGT-1,0.090676,0.166587,0.460605,0.282132
CATTGATGAACACGCC-1,0.90974,0.033092,0.000231,0.056937
CATTGCAAAGCATAAT-1,0.89751,0.007146,0.019513,0.07583
CATTGCGAAATGGGCG-1,0.000009,0.000861,0.638074,0.361056
CATTGCGGGTCAATTC-1,0.746938,0.000122,0.00061,0.25233
CATTGTGTGCTAGATC-1,0.000013,0.005808,0.834782,0.159397
CATTTAGCGGACCATG-1,0.000012,0.230628,0.758308,0.011053
CATTTATCGTTCAAGA-1,0.417316,0.387247,0.195361,0.000077
CATTTCTAGCAGACTA-1,0.027709,0.000029,0.009787,0.962475
CATTTGAGTGGTACGT-1,0.000017,0.080405,0.61315,0.306428
CCAAACAGAACCCTCG-1,0.000158,0.183624,0.559083,0.257135
CCAAAGCAGTTGGTTG-1,0.000014,0.037709,0.405108,0.557169
CCAAAGTCCCGCTAAC-1,0.009039,0.07479,0.22709,0.689081
CCAAATAACAAGATTC-1,0.052814,0.088131,0.593636,0.265419
CCAAATCAAAGGGCAA-1,0.00001,0.002802,0.7142,0.282987
CCAACCTTATGTAACT-1,0.003773,0.006853,0.420268,0.569106
CCAACGATGCACTGAT-1,0.000018,0.011383,0.492064,0.496535
CCAACGCTTGCCAGGG-1,0.936612,0.054137,0.009139,0.000112
CCAACTTGATAGATCC-1,0.013953,0.302666,0.450528,0.232853
CCAAGAAAGTGGGCGA-1,0.026837,0.016801,0.148961,0.807401
CCAAGACTTCTGCGAA-1,0.025891,0.220308,0.720632,0.033168
CCAAGCGTAACTCGTA-1,0.024451,0.030484,0.527577,0.417488
CCAAGCTTGATCTCCT-1,0.005123,0.005009,0.04376,0.946109
CCAAGGAACAGAGAGG-1,0.000006,0.056166,0.916496,0.027332
CCAAGGTTGCCCTTTC-1,0.043777,0.166615,0.690286,0.099322
CCAAGTTTCTACAGAT-1,0.039719,0.00369,0.56534,0.391252
CCAATAGATTTCATCT-1,0.000018,0.000018,0.604812,0.395152
CCAATAGTGCCGTCGA-1,0.004292,0.038456,0.809647,0.147604
CCAATCGGTAGATCGA-1,0.754353,0.180082,0.017281,0.048285
CCAATGTCACAGCAAG-1,0.000008,0.012918,0.826079,0.160994
CCAATTACGGGTCGAG-1,0.731975,0.155287,0.000156,0.112582
CCAATTGAATGTTAAT-1,0.017055,0.241069,0.085152,0.656724
CCACAATGTACGTCTT-1,0.051532,0.051557,0.379658,0.517252
CCACACTGAGATATTA-1,0.00002,0.026087,0.615123,0.35877
CCACAGCTGAAATCAT-1,0.007382,0.045867,0.59412,0.352631
CCACAGTACCCATCCT-1,0.005659,0.057548,0.508893,0.4279
CCACATACTGCACCCA-1,0.080919,0.089955,0.703191,0.125935
CCACCAACTTTACTGT-1,0.025522,0.024877,0.598825,0.350776
CCACCCAAGGAAAGTG-1,0.005158,0.061928,0.377186,0.555728
CCACCTGTATGGAATA-1,0.057195,0.278125,0.275751,0.38893
CCACGAATTTAACCTC-1,0.019229,0.106789,0.476408,0.397574
CCACGAGAAGAGAATC-1,0.352608,0.281396,0.064822,0.301175
CCACGGAGCCATAAGA-1,0.002956,0.00352,0.93138,0.062144
CCACGGCAGGTGTAGG-1,0.000011,0.010071,0.758902,0.231016
CCACGGTGCCCGGTAG-1,0.000009,0.245064,0.637321,0.117606
CCACGTAAATTAGACT-1,0.476691,0.308,0.099169,0.11614
CCACTAAACTGAATCG-1,0.023878,0.000632,0.023901,0.951589
CCACTATCCGGGTCAC-1,0.770536,0.228489,0.000609,0.000366
CCACTCAGATCCGCAA-1,0.006334,0.057461,0.631652,0.304554
CCACTGGTGGCTGGTT-1,0.006535,0.000022,0.442259,0.551184
CCACTGTTTGGATTAA-1,0.010618,0.16536,0.485962,0.33806
CCAGAAAGCAACTCAT-1,0.000011,0.040936,0.632702,0.326351
CCAGAGACAAAGCCGG-1,0.028409,0.023566,0.10238,0.845645
CCAGATAGTTGAGTGA-1,0.004451,0.182762,0.66083,0.151957
CCAGATGTAAATGGGT-1,0.7089,0.015143,0.005657,0.2703
CCAGCCTGGACCAATA-1,0.014044,0.096601,0.811018,0.078337
CCAGCGGGATCACCAG-1,0.766311,0.042916,0.021433,0.16934
CCAGCTACGCCTCATA-1,0.038466,0.064742,0.232688,0.664105
CCAGCTCGAACGCATT-1,0.00296,0.000059,0.312915,0.684066
CCAGCTGATGGTACTT-1,0.000015,0.000494,0.773641,0.225849
CCAGCTTCCGCCCGCA-1,0.000007,0.001102,0.985074,0.013816
CCAGGCGAGATGGTCT-1,0.000011,0.005472,0.706825,0.287693
CCAGGCTGGCGTCTGA-1,0.015262,0.159439,0.703411,0.121888
CCAGGGACGTGGCCTC-1,0.000011,0.031261,0.897905,0.070823
CCAGTAGTCTGATCCA-1,0.002804,0.254204,0.485032,0.257959
CCAGTCAAATCTCTTA-1,0.000009,0.003568,0.647996,0.348427
CCAGTCCATTATTCGA-1,0.008864,0.042367,0.258447,0.690321
CCAGTCTAGACGGCGC-1,0.059627,0.150868,0.62349,0.166015
CCAGTCTTGTCATAGA-1,0.000845,0.034965,0.444147,0.520043
CCAGTGAGCTCCTTGT-1,0.033344,0.014646,0.369054,0.582956
CCAGTGTACAGACCGA-1,0.000006,0.002664,0.943245,0.054084
CCAGTTCGGTAACTCA-1,0.001464,0.03666,0.706462,0.255414
CCATAAACAACCCGAC-1,0.195802,0.491506,0.312341,0.000351
CCATAACCTGTGCAGT-1,0.046443,0.000029,0.000143,0.953386
CCATACCTTTACTTGT-1,0.001528,0.085321,0.811057,0.102094
CCATACTCGCCTCTCC-1,0.005943,0.128152,0.681409,0.184495
CCATAGGTTGGCGTGG-1,0.077441,0.353013,0.281487,0.288058
CCATAGTCAGTAACCC-1,0.000017,0.000531,0.202907,0.796544
CCATATGGAAACTATA-1,0.023434,0.061563,0.628956,0.286048
CCATATTGGATCATGA-1,0.017073,0.059751,0.450201,0.472975
CCATCATAAGAACAGG-1,0.941436,0.000644,0.047184,0.010737
CCATCCATACCAAGTC-1,0.013049,0.069135,0.190441,0.727374
CCATCGCAGTTAAACT-1,0.000013,0.024797,0.89695,0.078241
CCATCTCACCAGTGAA-1,0.005244,0.171398,0.608674,0.214683
CCATCTTGTTCACAAT-1,0.000019,0.185024,0.566103,0.248854
CCATGCCCTAGATTTC-1,0.000504,0.073515,0.683159,0.242823
CCATGCCTGTTTAGTA-1,0.000012,0.004933,0.918543,0.076512
CCATGCTCTGCAGGAA-1,0.055411,0.048513,0.558518,0.337558
CCATGGCAAACGCTCA-1,0.000057,0.004729,0.570294,0.42492
CCATGGCCCTTGTACC-1,0.001834,0.000021,0.005267,0.992878
CCATGTTCATCTATAT-1,0.000006,0.000006,0.999968,0.000019
CCATTAGCGATAATCC-1,0.009005,0.014965,0.742556,0.233473
CCATTCCCTGCCCACA-1,0.000017,0.027721,0.42826,0.544003
CCATTGTTTCCTCCAT-1,0.978266,0.019846,0.000217,0.00167
CCATTTCTACCTATTA-1,0.036805,0.022015,0.241383,0.699797
CCCAAACATGCTGCTC-1,0.000007,0.046293,0.936356,0.017343
CCCAACATACGTCGCG-1,0.003146,0.002047,0.355529,0.639278
CCCAACCACACTAACA-1,0.351376,0.42103,0.227197,0.000397
CCCAAGAATGCACGGT-1,0.899162,0.061243,0.027603,0.011992
CCCAAGACAGAGTATG-1,0.189284,0.145144,0.013119,0.652454
CCCAAGTCATTACACT-1,0.000805,0.204433,0.439315,0.355447
CCCAATGAGATTTGCA-1,0.002753,0.025058,0.335099,0.63709
CCCAATTTCACAACTT-1,0.001163,0.021734,0.4876,0.489503
CCCACTCCACGGTATC-1,0.056291,0.000047,0.000234,0.943429
CCCAGAGGAGGGCGTA-1,0.260571,0.358192,0.32815,0.053086
CCCAGATTCCCGTGAC-1,0.017556,0.003594,0.407656,0.571194
CCCAGGAAGAATTCGA-1,0.006742,0.029268,0.540422,0.423568
CCCAGGTCTGAAGGCT-1,0.036984,0.139102,0.725446,0.098468
CCCAGTAAACTTGGGA-1,0.037094,0.047268,0.140414,0.775223
CCCAGTTAAGGCGCCG-1,0.005499,0.0094,0.528386,0.456715
CCCATATAGGTCGATT-1,0.050038,0.15465,0.300873,0.494439
CCCGAAGTTTCGCGAA-1,0.00002,0.00002,0.287639,0.71232
CCCGACCATAGTCCGC-1,0.000018,0.444968,0.485042,0.069972
CCCGAGTTTCTCCGTA-1,0.010223,0.156233,0.600183,0.23336
CCCGATAGCCTCGCCT-1,0.61993,0.121733,0.081905,0.176432
CCCGCAAATAATCATC-1,0.01258,0.014933,0.583085,0.389402
CCCGCAGCGCGAACTA-1,0.007411,0.00601,0.494967,0.491612
CCCGCAGGGCCCAAAG-1,0.6938,0.243711,0.062398,0.000091
CCCGCCATGCTCCCGT-1,0.00001,0.018351,0.936432,0.045207
CCCGCGCAATGCACCC-1,0.000312,0.015025,0.400839,0.583824
CCCGCTAGAGGGTTAA-1,0.534014,0.163713,0.201103,0.10117
CCCGCTTGCCCTCGTC-1,0.025203,0.065171,0.151585,0.758041
CCCGGCTAGGTGAGAA-1,0.007986,0.053027,0.289779,0.649208
CCCGGGTCGTTCAGGG-1,0.000303,0.020105,0.760105,0.219488
CCCGGTGGAAGAACCT-1,0.030206,0.010474,0.050655,0.908664
CCCGGTGTATCGGAAT-1,0.000007,0.011862,0.830512,0.157619
CCCGTAAGTCTAGGCC-1,0.000011,0.061793,0.715614,0.222581
CCCGTAGCTGGGAAGA-1,0.309324,0.000067,0.016025,0.674584
CCCGTCAGCGTCTGAC-1,0.022914,0.018277,0.452561,0.506247
CCCGTGAGGGCGGTGA-1,0.00002,0.00002,0.515685,0.484275
CCCGTGGGTTAATTGA-1,0.000467,0.056141,0.660224,0.283168
CCCGTTTCGCAGATGT-1,0.00838,0.059682,0.678609,0.25333
CCCTACCCACACCCAG-1,0.020588,0.011463,0.390031,0.577917
CCCTACTTGAACAATG-1,0.00039,0.160857,0.616658,0.222094
CCCTAGCTCTAAGGTC-1,0.011331,0.002685,0.129866,0.856118
CCCTAGGCAACAAGAG-1,0.044613,0.003673,0.006511,0.945204
CCCTAGTGTCAGGTGT-1,0.023186,0.000024,0.189723,0.787066
CCCTATGTAGAGCAGA-1,0.072015,0.087203,0.001663,0.839118
CCCTCAAGCTCTTAGT-1,0.003113,0.008775,0.536058,0.452054
CCCTCAGATCGAGAAC-1,0.005105,0.004492,0.50823,0.482173
CCCTCATCACAGAGTA-1,0.037567,0.011769,0.765704,0.184961
CCCTCATTCTGGAATT-1,0.000022,0.246863,0.323523,0.429593
CCCTCCTCGCTCGTAT-1,0.031846,0.088224,0.503856,0.376074
CCCTCGATAATACACA-1,0.000013,0.000013,0.524319,0.475656
CCCTCGGGAGCCTTGT-1,0.335687,0.088945,0.191884,0.383484
CCCTGAAATGAGTTGA-1,0.00665,0.010143,0.560772,0.422435
CCCTGACTAACAAATT-1,0.000014,0.000014,0.366423,0.63355
CCCTGATGTAACTCGT-1,0.004571,0.025805,0.653524,0.3161
CCCTGCCCAATCCGCT-1,0.004094,0.03538,0.412865,0.547662
CCCTGCGCTACGCATA-1,0.000942,0.00002,0.484712,0.514326
CCCTGGCTGTTCCTTC-1,0.071941,0.000037,0.000185,0.927838
CCCTGGGAGGGATCCT-1,0.01036,0.000856,0.285487,0.703297
CCCTGGTATGGGCGGC-1,0.802439,0.133585,0.063156,0.00082
CCCTGTTGGCAAAGAC-1,0.000017,0.000017,0.104801,0.895164
CCCTTCTCGTACGCGA-1,0.000012,0.090527,0.862248,0.047213
CCCTTTAATGGAGTTC-1,0.021392,0.04685,0.775773,0.155985
CCCTTTGACAGGTCTT-1,0.000035,0.006929,0.158215,0.834821
CCGAAACACGACCTCT-1,0.018869,0.054839,0.088793,0.837498
CCGAAAGTGGTGAGCA-1,0.000011,0.026862,0.784353,0.188774
CCGAACACTGGGCCTC-1,0.000013,0.002478,0.600274,0.397236
CCGAACCTTCCCGGCC-1,0.005485,0.017368,0.847245,0.129901
CCGAAGGGCGTACCGC-1,0.844726,0.000057,0.000286,0.154931
CCGAAGTATATTGTTC-1,0.000016,0.008801,0.403209,0.587974
CCGACAAACACATGAG-1,0.000007,0.009882,0.774239,0.215872
CCGACAAAGGGAGTGC-1,0.00001,0.002298,0.446577,0.551114
CCGACAATAGGCCGCC-1,0.001331,0.025266,0.873477,0.099926
CCGACGGGCATGAGGT-1,0.005648,0.038972,0.24528,0.7101
CCGACGTAAACACAAC-1,0.996823,0.000028,0.000138,0.003012
CCGACTCGCATAGTCT-1,0.462864,0.330626,0.199817,0.006694
CCGAGAAGTCGCATAA-1,0.061323,0.126924,0.522468,0.289285
CCGAGCTGTGCTTGTC-1,0.960029,0.000051,0.000256,0.039664
CCGAGGGATGTTAGGC-1,0.368019,0.145633,0.099578,0.386771
CCGATATGACGTAAGG-1,0.392581,0.118547,0.249795,0.239076
CCGATCTCAACCTTAT-1,0.00001,0.032945,0.85924,0.107804
CCGATCTTAAGAGGCT-1,0.92898,0.000061,0.000306,0.070654
CCGATTCGAGGGACCC-1,0.000017,0.000017,0.310411,0.689554
CCGATTGGTCAATGAA-1,0.842558,0.083207,0.000148,0.074086
CCGCACAAAGACCAAC-1,0.028423,0.076317,0.616322,0.278937
CCGCACACGAACGTGT-1,0.044615,0.336825,0.543778,0.074782
CCGCACGTGACCTCGG-1,0.014506,0.005669,0.550729,0.429096
CCGCACTTGCAATGAC-1,0.005718,0.051819,0.730518,0.211946
CCGCATGTGGTACGAT-1,0.032633,0.141331,0.073053,0.752984
CCGCCACCACAATCCA-1,0.474914,0.523492,0.000996,0.000598
CCGCCGGAACTTCTCG-1,0.009654,0.024299,0.016856,0.949191
CCGCCGGTCAACACAC-1,0.007684,0.404468,0.164488,0.42336
CCGCCGTTGAGGATAA-1,0.033555,0.135897,0.665732,0.164816
CCGCCTGCGAATTGGT-1,0.960672,0.039069,0.000162,0.000097
CCGCCTTGCGATGTCG-1,0.000012,0.002138,0.997308,0.000542
CCGCGATTTGGTAGGT-1,0.000022,0.000022,0.332034,0.667923
CCGCGGAATGCGTCAC-1,0.059701,0.002262,0.216945,0.721092
CCGCGGGTACGAAGAA-1,0.00997,0.002642,0.244044,0.743344
CCGCGTAGGTAAGGGC-1,0.011416,0.012049,0.51244,0.464095
CCGCTATCAGCACCAG-1,0.000013,0.020372,0.885304,0.094312
CCGCTCCAGGGCGATC-1,0.044288,0.013545,0.760934,0.181233
CCGCTCCGGATAAGCT-1,0.000009,0.002032,0.767897,0.230062
CCGCTCTTCCGAACTA-1,0.032798,0.120572,0.531872,0.314757
CCGCTGGTGCCATTCA-1,0.907634,0.092146,0.000137,0.000082
CCGCTTACCTCACTCT-1,0.000019,0.000019,0.746812,0.253151
CCGCTTCGCGGTTAAC-1,0.000019,0.072249,0.521762,0.40597
CCGCTTGCTGACATGG-1,0.640924,0.019454,0.064282,0.275341
CCGGAAGTTATCAGTC-1,0.413092,0.172551,0.001019,0.413339
CCGGAATGGTTTCAGT-1,0.000013,0.004481,0.780923,0.214583
CCGGAGCGTACTTTCT-1,0.053242,0.003254,0.002867,0.940637
CCGGAGGTCTTATGGT-1,0.86324,0.022644,0.000293,0.113823
CCGGCACGACCGTTTC-1,0.000011,0.214166,0.698392,0.087431
CCGGCGCATATTGGAT-1,0.026351,0.356852,0.239739,0.377058
CCGGCGTGAGACTCTG-1,0.004375,0.037748,0.604621,0.353255
CCGGGACCCGCAGAGA-1,0.075749,0.09469,0.239172,0.590389
CCGGGCGGTCTCGTCA-1,0.009152,0.043843,0.501223,0.445782
CCGGGCTAAGAATTTC-1,0.01096,0.009173,0.298664,0.681203
CCGGGCTGCTCCATAC-1,0.007826,0.029828,0.293574,0.668773
CCGGGTTCGAGGTTAC-1,0.000012,0.009193,0.87202,0.118776
CCGGTAATGGCTAGTC-1,0.000008,0.039356,0.958932,0.001704
CCGGTGCGAGTGATAG-1,0.00794,0.000051,0.160295,0.831713
CCGGTTTGTAATTGTG-1,0.341661,0.000063,0.011802,0.646474
CCGTAAGTTGGTCCCA-1,0.000022,0.002882,0.192803,0.804293
CCGTACCCAAGCGCCA-1,0.000014,0.010866,0.639197,0.349923
CCGTAGGAAATCCCTG-1,0.016299,0.024237,0.644916,0.314548
CCGTAGGGTTGTTTAC-1,0.013233,0.147624,0.653943,0.185201
CCGTATCTCGTCGTAG-1,0.000013,0.070949,0.768079,0.160959
CCGTATTAGCGCAGTT-1,0.999531,0.000052,0.00026,0.000156
CCGTCAACCTCTGGCG-1,0.007473,0.008147,0.364044,0.620336
CCGTGAGGCATTCATG-1,0.205041,0.368585,0.00116,0.425214
CCGTGCCCATGACGGC-1,0.017244,0.173307,0.221538,0.587911
CCGTGGAACGATCCAA-1,0.483134,0.218527,0.052578,0.245761
CCGTGTTAAATTCCAT-1,0.001501,0.0031,0.616573,0.378826
CCGTTACGTTAGAACA-1,0.136724,0.631671,0.231302,0.000304
CCGTTCCGAATCTCGG-1,0.048861,0.000029,0.02765,0.92346
CCGTTTCCTTTCCGTG-1,0.000014,0.003614,0.486909,0.509463
CCTAAACAGGGTCCGT-1,0.00149,0.607327,0.329233,0.06195
CCTAAAGGCTGACGCT-1,0.578675,0.272667,0.139802,0.008856
CCTAAATTAACGGTTC-1,0.012488,0.039044,0.857235,0.091233
CCTAAATTGTATCCTA-1,0.011389,0.039036,0.885212,0.064363
CCTAACCCAAACAAGT-1,0.000687,0.034253,0.71645,0.248609
CCTAACTAAGGCTCTA-1,0.463195,0.386315,0.04499,0.1055
CCTAAGTGTCTAACCG-1,0.05491,0.093739,0.234587,0.616763
CCTACAAGTCCGGAAT-1,0.999582,0.000046,0.000232,0.000139
CCTACATTCACAGACG-1,0.000013,0.070261,0.801082,0.128644
CCTACGCGACCTTACA-1,0.673179,0.177891,0.114651,0.034278
CCTACGGCTCAGTCGA-1,0.000015,0.055583,0.704914,0.239488
CCTACTCAACACGATT-1,0.000053,0.295961,0.585393,0.118592
CCTACTGCGGCGGCCA-1,0.971364,0.000042,0.000208,0.028386
CCTACTGCTTACACTT-1,0.01369,0.060762,0.333423,0.592125
CCTAGGCGTAGCGATC-1,0.033619,0.120569,0.369067,0.476745
CCTAGGTAAAGGTAGC-1,0.000018,0.115463,0.312198,0.572321
CCTAGTTAGTCGCATG-1,0.538265,0.000645,0.003227,0.457863
CCTATAATGAGTGCCC-1,0.012748,0.147174,0.517526,0.322552
CCTATACCGTCCTGTC-1,0.248508,0.059001,0.000265,0.692226
CCTATATCGTGTCACG-1,0.135181,0.000066,0.000328,0.864425
CCTATATTTGTCCTGG-1,0.00394,0.001139,0.444472,0.550449
CCTATCTATATCGGAA-1,0.091452,0.303664,0.601361,0.003523
CCTATGAAGTGGTGCC-1,0.000007,0.056487,0.902808,0.040698
CCTATGGCTCCTAGTG-1,0.002531,0.002071,0.796616,0.198783
CCTATGGGTTACCGTC-1,0.017657,0.038438,0.471995,0.47191
CCTATGGTCAAAGCTG-1,0.00112,0.006461,0.697016,0.295403
CCTATGTCCACTCCAC-1,0.002122,0.026498,0.606216,0.365165
CCTATTATTCCGGCCG-1,0.107209,0.000123,0.000614,0.892054
CCTCACCAATCTTGAC-1,0.00002,0.024045,0.396187,0.579748
CCTCACCTGAGGGAGC-1,0.039091,0.398184,0.552644,0.010081
CCTCACCTTAGCATCG-1,0.01166,0.215757,0.630475,0.142107
CCTCACGTCAGCTAAT-1,0.046987,0.262761,0.452414,0.237839
CCTCATGCAGCTACGA-1,0.000017,0.042186,0.473811,0.483986
CCTCCCGACAATCCCT-1,0.236422,0.283294,0.001083,0.479201
CCTCCGACAATTCAAG-1,0.009695,0.011636,0.611334,0.367335
CCTCCTAGCTAGAGTC-1,0.000021,0.000021,0.281959,0.717999
CCTCCTGAGCCCACAT-1,0.00028,0.003075,0.636492,0.360154
CCTCCTGTTGTGTCGT-1,0.034577,0.058499,0.577701,0.329223
CCTCGAAGTGGACGGG-1,0.48377,0.150466,0.069425,0.296339
CCTCGACCCACTGCCT-1,0.723434,0.121951,0.028471,0.126144
CCTCGCCAGCAAATTA-1,0.066201,0.560035,0.227223,0.146541
CCTCGCGCGATATAGG-1,0.411673,0.274753,0.313267,0.000307
CCTCGCGCTGTGCGAT-1,0.019051,0.075565,0.136826,0.768557
CCTCGGACCGGGATAG-1,0.000226,0.040406,0.92814,0.031228
CCTCGGATGCTACCTG-1,0.000255,0.00657,0.117647,0.875529
CCTCGGTTTCCTTGCC-1,0.000009,0.000009,0.921685,0.078296
CCTCGTTACGCCTGTT-1,0.90085,0.000051,0.000253,0.098846
CCTCTAATCTGCCAAG-1,0.00001,0.146712,0.846917,0.006361
CCTCTACAAGGATTGG-1,0.00002,0.00002,0.3575,0.64246
CCTCTATCGATTAGCA-1,0.00002,0.004713,0.615301,0.379966
CCTCTCTCCCATCTAG-1,0.004035,0.004462,0.474509,0.516994
CCTCTGGCCTAGACGG-1,0.726708,0.128677,0.002017,0.142598
CCTCTGTACTATTCTA-1,0.083481,0.026008,0.003031,0.88748
CCTGAACGATATATTC-1,0.0248,0.021242,0.458469,0.495489
CCTGAATATTTACATA-1,0.054656,0.244794,0.390499,0.310052
CCTGACAAACTCGCGC-1,0.000008,0.002122,0.945504,0.052366
CCTGACCACCGATGGT-1,0.000014,0.005892,0.806373,0.18772
CCTGACGCAACCTTTA-1,0.756305,0.084681,0.030822,0.128193
CCTGAGAATAAATGCA-1,0.000726,0.006542,0.6372,0.355533
CCTGATTCGCGAAGAA-1,0.000007,0.008037,0.558953,0.433004
CCTGCCCGTTGTCTAG-1,0.000014,0.001656,0.635947,0.362384
CCTGCGATAGAACTGT-1,0.00001,0.041686,0.611599,0.346705
CCTGCGTTCTACGCTT-1,0.00001,0.002431,0.762485,0.235074
CCTGCTATTTGAGAAG-1,0.028212,0.039886,0.396441,0.535461
CCTGGAAACGTTCTGC-1,0.001725,0.129968,0.52665,0.341657
CCTGGCTAGACCCGCC-1,0.056389,0.012081,0.162038,0.769491
CCTGGTCGAATGTGGG-1,0.019669,0.053405,0.414184,0.512742
CCTGTAAGACATGATA-1,0.036707,0.009985,0.332782,0.620526
CCTGTACTCACGCCCA-1,0.000011,0.001229,0.930903,0.067857
CCTGTCACCCGGGCTC-1,0.031485,0.22909,0.45446,0.284965
CCTGTCCCTCACGTTA-1,0.000011,0.123504,0.8578,0.018686
CCTGTCGCCCGTAAAT-1,0.002347,0.072524,0.506746,0.418383
CCTGTCGTGTATGAAG-1,0.000019,0.027244,0.923675,0.049063
CCTGTGAAACCGTAAC-1,0.000009,0.000895,0.669803,0.329293
CCTGTGCATAGGAGAC-1,0.000018,0.02652,0.207232,0.766231
CCTGTGCGGATTGTAA-1,0.920856,0.005649,0.073328,0.000166
CCTGTTCAACCTCGGG-1,0.000017,0.000794,0.444545,0.554644
CCTGTTTGAAGACACG-1,0.028076,0.045211,0.733487,0.193226
CCTTAAGTACGCAATT-1,0.000032,0.099771,0.86935,0.030847
CCTTCAGTTAAAGTGA-1,0.001163,0.090734,0.628668,0.279435
CCTTCCGCAACGCTGC-1,0.024688,0.00001,0.609276,0.366026
CCTTCGTATAGAATCC-1,0.000105,0.026423,0.743997,0.229474
CCTTCTCAGCGTTCCT-1,0.017187,0.000027,0.117826,0.864959
CCTTCTTGATCCAGTG-1,0.136159,0.154379,0.187679,0.521783
CCTTGACCACTTTATT-1,0.000008,0.116099,0.83719,0.046703
CCTTGTGAACGTGGTT-1,0.001874,0.010551,0.470372,0.517204
CCTTTAAGGGAGCACT-1,0.082244,0.0026,0.109628,0.805528
CCTTTCAATGAAGAAA-1,0.120786,0.345329,0.165153,0.368733
CGAAACATAGATGGCA-1,0.019828,0.798965,0.18112,0.000087
CGAAACGCAATTCATG-1,0.006307,0.005893,0.812629,0.175171
CGAACAGTATGGGCGT-1,0.000013,0.020332,0.48723,0.492425
CGAACATAGTCAGAAA-1,0.289273,0.602607,0.074581,0.033539
CGAACCCGCATGCGTC-1,0.001282,0.001618,0.156392,0.840708
CGAACCTCTTTCCTAG-1,0.003298,0.004249,0.387896,0.604556
CGAACGCCCAGTGCCG-1,0.087995,0.446135,0.409522,0.056347
CGAACGGCCGGACAAC-1,0.000855,0.003135,0.474376,0.521634
CGAAGACGGTGAGTGC-1,0.000019,0.000019,0.35222,0.647743
CGAAGACTGCCCGGGA-1,0.08627,0.316068,0.153136,0.444526
CGAAGATCAGTTTCAT-1,0.007048,0.022119,0.480858,0.489975
CGAAGCCACAGCATGG-1,0.000012,0.000619,0.669361,0.330008
CGAAGCTATAAATTCA-1,0.822816,0.013945,0.010705,0.152534
CGAAGGGTTTCAGATT-1,0.000019,0.002293,0.639602,0.358086
CGAAGTTGCTCTGTGT-1,0.000019,0.000356,0.392487,0.607138
CGAATCTGCTCGACGC-1,0.010771,0.000018,0.269714,0.719497
CGAATGAAGTCATTGC-1,0.017464,0.046904,0.329227,0.606405
CGAATGACGCATAATG-1,0.01439,0.039928,0.467993,0.477688
CGAATGGTAGGTCGTC-1,0.006762,0.000018,0.315491,0.67773
CGAATTACATGGTGTT-1,0.215181,0.490333,0.283388,0.011097
CGAATTCCCGGTTCAA-1,0.355925,0.132443,0.501799,0.009833
CGACAATTTGATCTAA-1,0.015868,0.072656,0.634061,0.277415
CGACACCGCTTAAGGA-1,0.990833,0.000046,0.000232,0.008889
CGACACGCTCCGACAG-1,0.00001,0.003014,0.986977,0.009999
CGACACGGATGCCCAC-1,0.926063,0.073676,0.000164,0.000098
CGACAGTTCGCGTTAT-1,0.000009,0.001802,0.989712,0.008477
CGACATGCGATCTTCT-1,0.325534,0.366092,0.000663,0.30771
CGACCCTTAACGCCGG-1,0.000007,0.089489,0.880927,0.029577
CGACCGTTGGTATTCG-1,0.000018,0.000018,0.422435,0.577529
CGACCTACTAGACAAT-1,0.175161,0.000025,0.000123,0.824691
CGACGCATCCGTACCT-1,0.000107,0.060736,0.444655,0.494501
CGACTCAGGATGTTAT-1,0.04223,0.223733,0.70745,0.026586
CGACTCGGTACACGGT-1,0.87974,0.009069,0.00286,0.108331
CGACTTGCCGGGAAAT-1,0.002885,0.028942,0.855718,0.112455
CGACTTTGTATAGCCT-1,0.004934,0.301832,0.260311,0.432924
CGAGACCCTAGAGTGT-1,0.008072,0.000642,0.515557,0.475729
CGAGACTACTGCTGCT-1,0.011716,0.069868,0.727491,0.190926
CGAGAGATGTGAACCT-1,0.003317,0.165422,0.725319,0.105942
CGAGAGCGCGTAGATA-1,0.003497,0.005105,0.388044,0.603354
CGAGAGCTTTCACTAC-1,0.06696,0.023197,0.770894,0.138948
CGAGAGGGTAGCCGCG-1,0.001014,0.128883,0.50924,0.360863
CGAGATGTTGCCTATA-1,0.001152,0.005274,0.017479,0.976095
CGAGATTTCGCTCGGG-1,0.018225,0.10505,0.402132,0.474592
CGAGCACTTCAAGTTT-1,0.000018,0.000018,0.08471,0.915255
CGAGCCGAGCACTCGA-1,0.00001,0.020348,0.928252,0.05139
CGAGCGTTGATCAGCC-1,0.139174,0.097561,0.18646,0.576805
CGAGCTGGGCTTTAGG-1,0.011331,0.383471,0.567538,0.03766
CGAGGAGCTTCCATAT-1,0.852142,0.000063,0.000313,0.147482
CGAGGATCGGGAACGA-1,0.883814,0.020679,0.000169,0.095338
CGAGGCCAGGCATTGG-1,0.000014,0.002446,0.142691,0.85485
CGAGGCTAAATATGGC-1,0.028588,0.088241,0.856967,0.026204
CGAGGGACTGCGGTCG-1,0.000034,0.17028,0.593228,0.236459
CGAGGGTATCCAGGTG-1,0.002574,0.002005,0.744033,0.251388
CGAGTACTAAAGAGGA-1,0.000007,0.006059,0.973396,0.020539
CGAGTGAAGGTACCAG-1,0.059948,0.000031,0.020333,0.919689
CGAGTGCTATAGTTCG-1,0.00002,0.223076,0.428464,0.34844
CGAGTTCTGTCCCACC-1,0.070801,0.08787,0.452749,0.388579
CGAGTTTATCGGACTG-1,0.00035,0.035074,0.819662,0.144914
CGATAACCAATTTGAG-1,0.999767,0.000026,0.000129,0.000078
CGATAATACTCAGGTT-1,0.016823,0.090704,0.537598,0.354874
CGATACCTCGCGGACA-1,0.000014,0.023412,0.603607,0.372967
CGATAGCGATACAGTG-1,0.007585,0.01374,0.464384,0.514291
CGATAGTCGTACTGCA-1,0.026104,0.044822,0.560699,0.368375
CGATATTAGCCGCAGG-1,0.000018,0.18334,0.452471,0.364171
CGATCATTAGAGGCAC-1,0.906993,0.001103,0.000226,0.091678
CGATCCACCATTGTTG-1,0.001174,0.000871,0.746231,0.251723
CGATCCGACCCAGTGC-1,0.000015,0.023128,0.849323,0.127534
CGATCCTCGCAACATA-1,0.000746,0.009662,0.814316,0.175276
CGATCGAGAAGCACCA-1,0.015199,0.021671,0.41254,0.550589
CGATCTGTTGGAGGAC-1,0.000117,0.073316,0.299072,0.627495
CGATGGACCCTACGCC-1,0.519925,0.180482,0.08353,0.216064
CGATGTTGTTATCTAC-1,0.102663,0.000074,0.000372,0.89689
CGATTAAATATCTCCT-1,0.075358,0.000334,0.025234,0.899074
CGATTCGCCTGGCTGC-1,0.006978,0.051731,0.549666,0.391625
CGATTTGTCATTAATG-1,0.005741,0.010251,0.754256,0.229752
CGCAAACACGAGTTAC-1,0.000182,0.000018,0.22381,0.77599
CGCAATCGATCATTAG-1,0.000012,0.009169,0.857501,0.133318
CGCAATTACTTTCGGT-1,0.000016,0.012771,0.578083,0.40913
CGCAATTAGGGTAATA-1,0.018333,0.010071,0.123535,0.848061
CGCAATTCTACAATAA-1,0.003516,0.006666,0.696968,0.29285
CGCACATGTCCACTAC-1,0.000012,0.009475,0.856483,0.13403
CGCACGTCTGTTTATG-1,0.000016,0.001947,0.792928,0.205109
CGCACGTGCGCTATCA-1,0.02764,0.112047,0.598759,0.261554
CGCAGAAACATTTGCG-1,0.064596,0.392819,0.360631,0.181954
CGCAGATCTTCACCCG-1,0.726656,0.109443,0.00024,0.163661
CGCAGGCGATCCAAAC-1,0.012069,0.034177,0.626294,0.327461
CGCATCATGGCTTCAG-1,0.808166,0.032496,0.000256,0.159082
CGCATCCATCAGCCAG-1,0.894903,0.02578,0.014701,0.064616
CGCATGCCGAATGCGT-1,0.000015,0.169844,0.500775,0.329366
CGCATGGTGCGATGCT-1,0.01229,0.025485,0.881797,0.080429
CGCATTAGCTAATAGG-1,0.00001,0.048407,0.896398,0.055184
CGCCAAGAAGCCGAGT-1,0.000016,0.000016,0.1218,0.878167
CGCCAATTATTGCGTT-1,0.000011,0.006134,0.665186,0.32867
CGCCACAGGTCGCGAT-1,0.00001,0.003538,0.869663,0.126789
CGCCACCCGCATTAAC-1,0.024723,0.000168,0.064951,0.910158
CGCCAGTAGTACCTTG-1,0.000011,0.002418,0.801306,0.196265
CGCCATCCGATTATGA-1,0.101519,0.139265,0.277868,0.481348
CGCCCAGCACGCCTAG-1,0.009015,0.122986,0.226932,0.641067
CGCCCAGCGTTTCACG-1,0.022172,0.035436,0.747211,0.195181
CGCCCGCTTCCGTACA-1,0.234919,0.292247,0.070833,0.402001
CGCCCTAATTGTTCAA-1,0.001213,0.011779,0.582197,0.404811
CGCCCTTACATCCACC-1,0.999605,0.000044,0.000219,0.000132
CGCCCTTGAAGGCTGA-1,0.000015,0.077319,0.256321,0.666345
CGCCGACTATTCGCTA-1,0.000015,0.004471,0.86678,0.128734
CGCCGCCCATGCCTGT-1,0.000017,0.030939,0.436114,0.53293
CGCCGCGTTCTGAACG-1,0.001609,0.000998,0.781519,0.215874
CGCCGGTGTCGCAGTA-1,0.941448,0.001434,0.00022,0.056899
CGCCGTCTACCCATCG-1,0.233831,0.153158,0.256017,0.356994
CGCCGTTCAGCATAGT-1,0.040505,0.043806,0.607058,0.30863
CGCCTCCCTCCTCTAT-1,0.018836,0.002275,0.393815,0.585074
CGCCTGGCCTACGTAA-1,0.005659,0.000017,0.244645,0.74968
CGCCTTTAGCATGCTC-1,0.103207,0.028947,0.255743,0.612102
CGCGAAGTGGCATACT-1,0.000016,0.14692,0.489722,0.363342
CGCGACACTGCGCAGC-1,0.00001,0.008891,0.810518,0.180581
CGCGACCGCGACAGAT-1,0.014005,0.018965,0.724578,0.242451
CGCGAGAGGGACTTGT-1,0.819776,0.000067,0.000337,0.17982
CGCGAGTCTGCCGGGT-1,0.014745,0.018387,0.716885,0.249982
CGCGCAAATGTCCAGA-1,0.098803,0.027054,0.044217,0.829926
CGCGCAAGGAACTACA-1,0.003619,0.002396,0.071062,0.922923
CGCGCATGTTTGATTG-1,0.000418,0.039847,0.894626,0.065109
CGCGCCCGACTTAATA-1,0.07859,0.362305,0.263367,0.295738
CGCGGCAGTATTACGG-1,0.000017,0.003042,0.178496,0.818444
CGCGGCTCAACTTGAA-1,0.001363,0.040159,0.878622,0.079856
CGCGGGAATTAGGCAG-1,0.000012,0.070575,0.853463,0.07595
CGCGGGAATTCCTTTC-1,0.022313,0.020585,0.543008,0.414094
CGCGGTAAGTCTAGCT-1,0.664907,0.0572,0.021338,0.256556
CGCGGTACGGTATACA-1,0.009873,0.223524,0.619204,0.147399
CGCGGTCACAAACCAA-1,0.862351,0.030381,0.012286,0.094981
CGCGTACATTCTGGAA-1,0.999686,0.000035,0.000175,0.000105
CGCGTCATATTAAACC-1,0.40404,0.224335,0.257043,0.114583
CGCGTGCTATCAACGA-1,0.014659,0.058603,0.239063,0.687675
CGCGTGGGCCTGTGTT-1,0.129278,0.000073,0.000365,0.870284
CGCGTTCATGAAATAC-1,0.00001,0.100784,0.807387,0.091819
CGCTACCGCCCTATGA-1,0.00052,0.185995,0.353664,0.459822
CGCTACGGGACATTTA-1,0.010482,0.059968,0.703787,0.225763
CGCTAGAGACCGCTGC-1,0.03613,0.12881,0.657416,0.177643
CGCTATACCGCCCACT-1,0.00001,0.064347,0.772904,0.162739
CGCTATCGTGGCTTTA-1,0.999541,0.000051,0.000255,0.000153
CGCTATTCAATGTATG-1,0.001541,0.013775,0.649192,0.335492
CGCTATTCTTAGGCTC-1,0.028183,0.031397,0.131614,0.808806
CGCTCGACATAATGAT-1,0.008454,0.224126,0.130116,0.637304
CGCTCTCCGTAGATTA-1,0.000018,0.014648,0.708173,0.277161
CGCTGAGGACGTCCAA-1,0.037303,0.002584,0.025813,0.9343
CGCTGGTGACTACCCT-1,0.013792,0.003815,0.876274,0.106119
CGCTGTGACGCCGCAC-1,0.057765,0.054511,0.27102,0.616704
CGCTGTGTGGATGTTG-1,0.005103,0.12113,0.302452,0.571315
CGCTTAGTATTGATAC-1,0.00435,0.004733,0.731766,0.25915
CGCTTATTCCCGGTCG-1,0.006554,0.002899,0.742939,0.247607
CGCTTCCACTGAAATC-1,0.014198,0.083606,0.337623,0.564573
CGCTTCGGTCTAAGAC-1,0.012175,0.036695,0.789091,0.162039
CGCTTGGACGGATAGA-1,0.020037,0.147944,0.79528,0.036739
CGCTTTCATACCGGTG-1,0.00001,0.317888,0.640612,0.041491
CGCTTTCCGCCAAGGT-1,0.008149,0.00161,0.317264,0.672977
CGCTTTCTTGCATTCG-1,0.012127,0.076454,0.231656,0.679762
CGGAAAGAATCAAACG-1,0.104157,0.004991,0.054795,0.836057
CGGAAAGCAAATGTGC-1,0.006144,0.000013,0.425793,0.568049
CGGAAATTTCACATCC-1,0.99801,0.001844,0.000091,0.000055
CGGAACGTAAACATAG-1,0.006284,0.000306,0.209218,0.784192
CGGACCTCTGTAGTTA-1,0.019958,0.000022,0.00465,0.975371
CGGACCTTTACGTCCC-1,0.000014,0.000077,0.683846,0.316063
CGGACGTTACTTGAAG-1,0.000014,0.000014,0.711619,0.288353
CGGAGCAATTTAATCG-1,0.079609,0.05488,0.000127,0.865384
CGGAGCATGGCGATCC-1,0.00505,0.052086,0.661751,0.281112
CGGAGCTTATAACACC-1,0.740853,0.249655,0.009423,0.00007
CGGAGTCCTAACCTGG-1,0.930116,0.000051,0.042294,0.027538
CGGAGTTTGAGAGACA-1,0.000017,0.00347,0.188422,0.80809
CGGATAAGCGGACATG-1,0.000009,0.088164,0.575466,0.336362
CGGATCCTCAAGGACT-1,0.007815,0.00268,0.160258,0.829247
CGGATGAATGCTGTGA-1,0.012207,0.014343,0.60245,0.370999
CGGATTCTGCCTTATG-1,0.000017,0.003042,0.348003,0.648938
CGGCAAACATCGTGCG-1,0.048315,0.05176,0.103102,0.796824
CGGCAATAAGATCGCC-1,0.047002,0.167705,0.385399,0.399895
CGGCACCGTTAGCGCC-1,0.932294,0.06739,0.000197,0.000118
CGGCACTCAAGAAAGT-1,0.004719,0.114082,0.089134,0.792064
CGGCAGGGTCGGGTTG-1,0.005304,0.151942,0.534187,0.308567
CGGCCACGCACAAAGT-1,0.000008,0.103232,0.724979,0.171781
CGGCCAGAGCGACCAT-1,0.012238,0.004286,0.451847,0.531628
CGGCCCAACCTGTAGT-1,0.572259,0.144111,0.026234,0.257396
CGGCCCAGGTATATCC-1,0.015155,0.13771,0.318348,0.528787
CGGCGCCATCAATCCC-1,0.006258,0.092758,0.476632,0.424352
CGGCTCTAAAGCTGCA-1,0.0132,0.09658,0.326915,0.563305
CGGCTCTTCGTCGAAC-1,0.916452,0.083322,0.000142,0.000085
CGGCTGAAGGTTACGC-1,0.99954,0.000051,0.000255,0.000153
CGGCTGCAAGATTAAG-1,0.468469,0.144615,0.212858,0.174059
CGGCTTTGTATGATAA-1,0.177925,0.129391,0.064886,0.627798
CGGGAACGCCCTGCAT-1,0.00001,0.000447,0.725319,0.274224
CGGGAAGTACCGTGGC-1,0.000009,0.002336,0.864786,0.132869
CGGGAATATAGTATAC-1,0.001903,0.072704,0.681782,0.243611
CGGGAATTTATGTAAA-1,0.0063,0.028266,0.503931,0.461503
CGGGAGCTTCAGTGTA-1,0.002243,0.010309,0.767776,0.219672
CGGGAGTATACCGCCG-1,0.000738,0.071639,0.516008,0.411615
CGGGATCAATGTAAGA-1,0.000013,0.164533,0.464498,0.370957
CGGGCAGCTAAACCGC-1,0.000009,0.049105,0.782463,0.168423
CGGGCCATAGCCGCAC-1,0.000015,0.003292,0.405794,0.5909
CGGGCCTTCTTTGTAA-1,0.000012,0.045801,0.747624,0.206563
CGGGCGATGGATCACG-1,0.000008,0.011223,0.891428,0.09734
CGGGCTACTTAAATTG-1,0.999728,0.00003,0.000151,0.000091
CGGGTGTACCCATTTA-1,0.011602,0.017369,0.760648,0.210381
CGGGTTCGGCACGTAT-1,0.84262,0.000052,0.000261,0.157066
CGGGTTGTAGCTTTGG-1,0.006755,0.000025,0.008467,0.984753
CGGGTTTGTTAGGGCT-1,0.045149,0.125881,0.446101,0.38287
CGGTAACAAGATACAT-1,0.005428,0.005554,0.067118,0.9219
CGGTACTAGAATCAAA-1,0.004682,0.016934,0.710933,0.267451
CGGTAGAGGTGCAGGT-1,0.000041,0.371946,0.617893,0.01012
CGGTATAGGTATTAGC-1,0.690924,0.221961,0.021811,0.065303
CGGTATGGGCACTCTG-1,0.051251,0.007654,0.244748,0.696348
CGGTCAAGTGGGAACC-1,0.000012,0.17718,0.645645,0.177163
CGGTCAGTCCATATTT-1,0.178781,0.216729,0.003068,0.601422
CGGTCCATGAGACTCC-1,0.890048,0.000044,0.000221,0.109686
CGGTCCGTCGCAAGCC-1,0.000019,0.008303,0.571266,0.420412
CGGTCTATCAACCCGT-1,0.356156,0.203978,0.056324,0.383543
CGGTGAAGACTAAAGT-1,0.000008,0.001433,0.863244,0.135316
CGGTGCAGATAGAACG-1,0.000013,0.021729,0.366595,0.611663
CGGTGCGCGTTGGTCC-1,0.000015,0.015397,0.829167,0.155421
CGGTGGGCTCCAGCCT-1,0.825259,0.128964,0.000159,0.045618
CGGTGTACTTGATCCC-1,0.010735,0.00002,0.03904,0.950205
CGGTTATCCAACAGTG-1,0.01733,0.169405,0.480603,0.332662
CGGTTCAAGTAGGTGT-1,0.239833,0.211401,0.177932,0.370834
CGGTTCCGGCTTCTTG-1,0.003565,0.106252,0.064397,0.825787
CGGTTGACCTGGCATA-1,0.000013,0.000883,0.858006,0.141097
CGGTTGAGTATCCTTC-1,0.000016,0.024552,0.804735,0.170697
CGGTTGGGCAGGGTCC-1,0.000006,0.011486,0.923202,0.065306
CGGTTGGGTTCAAGTT-1,0.915974,0.053699,0.024004,0.006324
CGGTTTACTGAACATT-1,0.165289,0.010363,0.013598,0.81075
CGGTTTATGAAGGAAC-1,0.99972,0.000031,0.000155,0.000093
CGTAAACGCTTGAGTG-1,0.00001,0.018661,0.48282,0.49851
CGTAAAGCAAGAAATC-1,0.000013,0.000013,0.126277,0.873696
CGTAAATAACAAAGGG-1,0.009409,0.006926,0.317791,0.665875
CGTAACGGAACGATCA-1,0.999065,0.000638,0.000185,0.000111
CGTAACTTCGACACTT-1,0.00309,0.000967,0.7956,0.200343
CGTAATAATTACGAGT-1,0.000008,0.000367,0.831658,0.167967
CGTACCGAAAGTCTAG-1,0.039894,0.037523,0.337645,0.584938
CGTACCTGATAGGCCT-1,0.084504,0.240437,0.356072,0.318987
CGTAGAGAGTAATTAT-1,0.004665,0.16973,0.283318,0.542287
CGTAGCGAATTGTCAG-1,0.399891,0.389053,0.130694,0.080362
CGTAGCGCCGACGTTG-1,0.172895,0.156673,0.059481,0.610952
CGTATCTAGAACTAAG-1,0.03882,0.308041,0.607279,0.04586
CGTATTAAGAGATCTA-1,0.001023,0.05026,0.390054,0.558663
CGTATTGTTTCCTAAT-1,0.825955,0.000065,0.000323,0.173657
CGTATTGTTTGGCGCC-1,0.053111,0.000053,0.000265,0.946571
CGTCAAATGGTCGCAG-1,0.891879,0.051697,0.0008,0.055623
CGTCAAGGCTATAAAT-1,0.000006,0.003186,0.952463,0.044346
CGTCAATCTTTAACAT-1,0.004811,0.000023,0.191872,0.803294
CGTCACGTCCATTGGT-1,0.00001,0.009769,0.946086,0.044135
CGTCAGCTATTTACTC-1,0.013733,0.000024,0.162812,0.823431
CGTCAGTGCGCACAAG-1,0.066086,0.209463,0.062275,0.662176
CGTCAGTTTATCGTCT-1,0.587357,0.086483,0.098124,0.228037
CGTCATACCATATCCA-1,0.00187,0.006475,0.518947,0.472708
CGTCCAGATGGCTCCA-1,0.000016,0.003315,0.426938,0.569731
CGTCGCATGTGAGCCA-1,0.008968,0.029108,0.79952,0.162403
CGTCGCGGCGGGATTT-1,0.001165,0.000016,0.134987,0.863832
CGTCGCTTGGTTATAC-1,0.000022,0.000022,0.713965,0.285992
CGTCGGATAGTGTTGA-1,0.000016,0.023715,0.747895,0.228374
CGTCGGGTCTAAGCGC-1,0.001394,0.016128,0.438035,0.544443
CGTCGTCCTTCGCGAA-1,0.005215,0.054726,0.727808,0.212252
CGTCTCTCGCCGAGGC-1,0.999746,0.000028,0.000141,0.000085
CGTCTGGAAGGGCCCG-1,0.028589,0.309169,0.418781,0.24346
CGTCTTGAGTGTGACG-1,0.758753,0.000297,0.001484,0.239466
CGTGAACTGACCCGAT-1,0.026151,0.000147,0.000172,0.973529
CGTGAAGTTAATTCAC-1,0.0064,0.095142,0.56569,0.332768
CGTGACATTGGGTCGT-1,0.610558,0.157757,0.058396,0.173289
CGTGACCAGTCCTCTG-1,0.005129,0.000021,0.375974,0.618876
CGTGCACACCACTGTA-1,0.00001,0.051923,0.795162,0.152905
CGTGCAGACTGGGACA-1,0.010454,0.095228,0.508294,0.386025
CGTGCATTGTCGACGC-1,0.000009,0.000678,0.991849,0.007463
CGTGCCCGACATTTGT-1,0.124032,0.634845,0.223563,0.017559
CGTGCCCTCCCGAAGA-1,0.000012,0.050511,0.815336,0.13414
CGTGCTGGCCTAGTCG-1,0.000015,0.018926,0.462897,0.518161
CGTGCTTCTACCTAAA-1,0.006569,0.019992,0.533661,0.439777
CGTGGAAGCCTCGTAC-1,0.052223,0.133272,0.545342,0.269163
CGTGGCCGAATATCTA-1,0.00934,0.073523,0.753367,0.16377
CGTGGTACCCAAAGGC-1,0.002677,0.001577,0.655225,0.340521
CGTGTATGGGAGCTGA-1,0.01056,0.197219,0.410722,0.381499
CGTGTCCCATTCGCGA-1,0.000041,0.084228,0.499121,0.416609
CGTGTCTCGTTACGAC-1,0.035877,0.000075,0.011514,0.952535
CGTGTGTTAAACCCTG-1,0.346561,0.350999,0.126669,0.175771
CGTTAAACTAGTTAGG-1,0.002562,0.091786,0.876186,0.029467
CGTTAATGTCCCGACG-1,0.002857,0.016835,0.84219,0.138118
CGTTAGCTCACAACTG-1,0.822768,0.040472,0.021759,0.115001
CGTTATCATACTTCCA-1,0.025963,0.00005,0.000252,0.973735
CGTTCAAGGAAACGGA-1,0.021351,0.006675,0.484625,0.48735
CGTTCAGACCCGCGAA-1,0.005782,0.00441,0.434141,0.555667
CGTTCATGGTGCGCGT-1,0.004349,0.000019,0.382003,0.613629
CGTTCTTCGCACACCT-1,0.929561,0.000048,0.000238,0.070154
CGTTGAATACCGCGCT-1,0.000012,0.048046,0.844479,0.107463
CGTTGAGCGACCGTCG-1,0.013023,0.036677,0.569834,0.380466
CGTTGAGTAATTGCGT-1,0.290997,0.485449,0.161639,0.061916
CGTTGCCCGCGTGGGA-1,0.000014,0.001239,0.709859,0.288888
CGTTGTAAACGTCAGG-1,0.026963,0.009811,0.52688,0.436346
CGTTGTAAGATTGATT-1,0.328589,0.231766,0.093,0.346646
CGTTGTCGGCAATTGA-1,0.019287,0.0188,0.414315,0.547598
CGTTGTTTCAATTCCC-1,0.000019,0.022224,0.5556,0.422157
CGTTTAAGCGGAGCAC-1,0.027793,0.339722,0.160366,0.472119
CGTTTACAAGGCAGCT-1,0.835891,0.110551,0.009015,0.044544
CGTTTCACTTCGGGCG-1,0.920961,0.028726,0.034843,0.01547
CGTTTCGCTCATTACA-1,0.000016,0.009907,0.701482,0.288595
CGTTTGGTGTTGTGGG-1,0.03333,0.226994,0.55142,0.188256
CGTTTGTGTAGAGGGT-1,0.146828,0.000053,0.000263,0.852857
CTAAACGGGTGTAATC-1,0.011351,0.224231,0.229366,0.535052
CTAAAGAATGCCTACT-1,0.000237,0.013127,0.300207,0.686429
CTAAAGGATGAGATAC-1,0.009576,0.026655,0.554486,0.409283
CTAAAGGGAAATAGGA-1,0.011809,0.007775,0.507011,0.473405
CTAAAGTCCGAAGCTA-1,0.021066,0.022033,0.319912,0.636989
CTAAATCCGGTGTACA-1,0.000008,0.009894,0.97411,0.015988
CTAAATCCTATTCCGG-1,0.014959,0.20728,0.526245,0.251517
CTAACCGCGCGCCCGT-1,0.001482,0.155501,0.212895,0.630122
CTAACGAAACTTGCTG-1,0.049833,0.17866,0.342707,0.428801
CTAACTGATAATCGCC-1,0.02786,0.081903,0.635599,0.254638
CTAACTGGTCCGGTTC-1,0.002741,0.002692,0.50831,0.486258
CTAAGGGAATGATTGG-1,0.00717,0.003087,0.383437,0.606307
CTAAGTACAGGGCTAC-1,0.938397,0.049269,0.001549,0.010785
CTAATGCGCCCAACAA-1,0.013825,0.008118,0.416018,0.562039
CTAATTATGAAGCGTA-1,0.999612,0.000043,0.000216,0.000129
CTAATTCGCACGCGCT-1,0.006876,0.005775,0.565336,0.422014
CTAATTCTCAGATATT-1,0.057707,0.43903,0.123093,0.38017
CTAATTTCAACAACAC-1,0.000013,0.005239,0.069229,0.925518
CTACAAGAAATAACCC-1,0.139792,0.033639,0.01546,0.811109
CTACACTAGCTTGTTC-1,0.00399,0.171803,0.37754,0.446666
CTACACTCGCAGATGG-1,0.041534,0.025186,0.307862,0.625418
CTACATATCGCGGGAC-1,0.000025,0.000025,0.147377,0.852573
CTACCCTAAGGTCATA-1,0.004156,0.079561,0.890788,0.025496
CTACGAACTAGGTCGA-1,0.862843,0.000161,0.000807,0.136189
CTACGACTAGCTATAA-1,0.00001,0.0082,0.891041,0.100749
CTACGATCCTATCCTA-1,0.000021,0.000021,0.331234,0.668723
CTACGCACGGAGTACC-1,0.000007,0.004359,0.985348,0.010287
CTACGCCATTTCCGAT-1,0.753596,0.140698,0.021703,0.084003
CTACGTGTTGCCACCA-1,0.026368,0.00005,0.042913,0.93067
CTACTATCATAGGTTT-1,0.008792,0.026266,0.754695,0.210246
CTACTATCTTTCAGAG-1,0.000556,0.039698,0.946641,0.013105
CTACTCAAGGTATAGT-1,0.012672,0.006558,0.13172,0.84905
CTACTCTAGGCCCGGC-1,0.046932,0.006893,0.158563,0.787612
CTACTGCCACCTGACC-1,0.001429,0.06147,0.735836,0.201265
CTAGACATATATGTAG-1,0.967096,0.001237,0.000182,0.031485
CTAGACTGCATTTCGT-1,0.955286,0.029643,0.002149,0.012923
CTAGATAAACTCCTCG-1,0.022436,0.000512,0.15016,0.826892
CTAGATGTGAGTGTAA-1,0.014559,0.063141,0.540871,0.381429
CTAGATTTACGACGGC-1,0.000024,0.000024,0.430061,0.569891
CTAGCAACTAATTTAC-1,0.000011,0.014763,0.673788,0.311438
CTAGCATAGTATAATG-1,0.000008,0.018169,0.888204,0.09362
CTAGCCACAGGCGAGC-1,0.002275,0.218638,0.618609,0.160478
CTAGCCCGGGAGACGA-1,0.002742,0.029364,0.392667,0.575226
CTAGCCGATGTTATGA-1,0.484014,0.132742,0.000646,0.382598
CTAGCGCCAATCCTAC-1,0.922249,0.077405,0.000216,0.00013
CTAGCTTAATGGTCCC-1,0.163524,0.130382,0.463141,0.242954
CTAGGCGCCCTATCAG-1,0.010195,0.073556,0.519576,0.396672
CTAGGCGGCAGAGAAT-1,0.022066,0.023929,0.023328,0.930677
CTAGGGATAGGGACAA-1,0.000008,0.000377,0.630509,0.369107
CTAGGTCTGAAGGAAT-1,0.007587,0.029511,0.929592,0.03331
CTAGGTTCGGACGTGA-1,0.000017,0.086596,0.703356,0.210031
CTAGTAGAAAGGGATT-1,0.007847,0.010279,0.611528,0.370346
CTAGTATTCGGAATTA-1,0.614285,0.382552,0.001977,0.001186
CTAGTCACGTCTTAAG-1,0.003774,0.124224,0.441288,0.430714
CTAGTGAAGGACAGGA-1,0.000008,0.00327,0.954328,0.042394
CTAGTTACAACCCGGT-1,0.015442,0.206011,0.051131,0.727417
CTAGTTGGGCCCGGTA-1,0.008257,0.320115,0.555878,0.115751
CTATAAGAGCCAATCG-1,0.000682,0.358235,0.571083,0.07
CTATAAGTAGGGTTTG-1,0.000014,0.019612,0.837119,0.143255
CTATAGGCGTTGATGT-1,0.000016,0.053806,0.726297,0.21988
CTATATCCAGCCTGGC-1,0.004433,0.026425,0.55162,0.417522
CTATCACAACGCTGGA-1,0.007402,0.133694,0.230256,0.628648
CTATCGACGAAATACA-1,0.020369,0.093967,0.191368,0.694295
CTATCGCGTAGAGAAC-1,0.025299,0.157671,0.421068,0.395962
CTATCGGGTCTCAACA-1,0.003506,0.023422,0.936992,0.036079
CTATGAACACCTTGCC-1,0.000011,0.000011,0.736298,0.26368
CTATGCCCGAATGCAA-1,0.004348,0.086859,0.428041,0.480751
CTATGGGAAGCGGAAT-1,0.006592,0.088689,0.598812,0.305907
CTATGTCACTAGCCCA-1,0.010262,0.02366,0.276029,0.690049
CTATGTCTATTGAAAC-1,0.123514,0.323517,0.170697,0.382272
CTATGTGAGTCACGGC-1,0.004683,0.008643,0.434889,0.551785
CTATTCATGTGTCCCA-1,0.02625,0.046542,0.133005,0.794203
CTATTGTGTTTGGTCA-1,0.96188,0.000055,0.000274,0.037791
CTATTTGCTTGGAGGA-1,0.005142,0.072062,0.133752,0.789043
CTATTTGGTTACGGAT-1,0.005663,0.08731,0.384722,0.522305
CTCAAACCACTGCCCG-1,0.000015,0.000638,0.615217,0.38413
CTCAACTAACCCGGAT-1,0.000273,0.030918,0.839526,0.129282
CTCAAGACATTAGCGC-1,0.930912,0.003617,0.000182,0.065288
CTCACACGCAAGCCTA-1,0.797513,0.000042,0.000209,0.202237
CTCACATTTACTAAAT-1,0.009722,0.010766,0.438268,0.541244
CTCACCAGTACAAGTG-1,0.000013,0.000013,0.531559,0.468414
CTCACCGATCCAAACT-1,0.947339,0.000055,0.000276,0.05233
CTCACTGTGATACTTA-1,0.000595,0.084374,0.440672,0.47436
CTCACTTGGCTGGTAA-1,0.000012,0.009647,0.938497,0.051844
CTCAGAGCTAATGTCG-1,0.025565,0.014018,0.640174,0.320244
CTCAGATTGTGATAAG-1,0.000016,0.037896,0.566463,0.395625
CTCAGCAGACTGCCGA-1,0.999772,0.000025,0.000127,0.000076
CTCAGGACTCACCTGT-1,0.025819,0.063652,0.20613,0.704399
CTCAGTCACGACAAAT-1,0.017177,0.393081,0.53762,0.052122
CTCATCACTTAGTGAT-1,0.878557,0.000047,0.000236,0.12116
CTCATGGCTCACAATC-1,0.053536,0.498994,0.197072,0.250399
CTCATGGTAATTTGCG-1,0.001777,0.029422,0.307241,0.66156
CTCATTAACGTTGCCC-1,0.942931,0.000076,0.000378,0.056616
CTCATTCGTGAACATC-1,0.000022,0.000022,0.56886,0.431096
CTCATTGCTCTAACAA-1,0.010428,0.018888,0.57833,0.392354
CTCATTTGATGGGCGG-1,0.000013,0.290767,0.508149,0.20107
CTCCCAATGAGTCGCG-1,0.00722,0.05069,0.911632,0.030458
CTCCCTCCTTTCGATC-1,0.006072,0.013701,0.456096,0.524131
CTCCCTTGTATCAAGG-1,0.000023,0.000023,0.374836,0.625119
CTCCGAGTAAATCCGC-1,0.815147,0.133224,0.04898,0.00265
CTCCGCCCACATGAGG-1,0.000018,0.000574,0.827295,0.172113
CTCCGGCCTAATATGC-1,0.031112,0.104581,0.107649,0.756658
CTCCGGCTTGTAGACA-1,0.000017,0.000017,0.054916,0.945049
CTCCTAAGTTATGTCT-1,0.014061,0.08302,0.233679,0.669239
CTCCTAGTAATCGTGA-1,0.00039,0.05402,0.338392,0.607197
CTCCTCCAGCTCACAC-1,0.000138,0.056092,0.614261,0.329509
CTCCTGTTCAAGGCAG-1,0.004805,0.13891,0.645398,0.210886
CTCCTTTACGCAAGTC-1,0.879634,0.000057,0.000285,0.120023
CTCGAATGGAACGTAT-1,0.882152,0.035878,0.000179,0.081791
CTCGAGACATACGATA-1,0.124653,0.058276,0.115477,0.701594
CTCGAGATCCAAAGCA-1,0.000012,0.000855,0.129416,0.869717
CTCGAGGCAAGTTTCA-1,0.000021,0.000021,0.182362,0.817596
CTCGAGGTCGAACAGT-1,0.000009,0.057846,0.904349,0.037797
CTCGATATTTGCGAGC-1,0.342655,0.258816,0.002748,0.395781
CTCGCACCTATATAGT-1,0.051842,0.105028,0.525814,0.317315
CTCGCATTGCATAGCC-1,0.147675,0.000059,0.000294,0.851972
CTCGCCGAATGTAGGG-1,0.006771,0.031325,0.784059,0.177845
CTCGCTAGGTAAGCGA-1,0.000008,0.01126,0.879405,0.109327
CTCGGGATAACACCTA-1,0.830531,0.016599,0.000174,0.152695
CTCGGGCATCGTCGGG-1,0.578913,0.000535,0.002675,0.417878
CTCGGGTTCTCTGGCC-1,0.032871,0.006141,0.011573,0.949415
CTCGGTACCACTGCTC-1,0.007097,0.043881,0.751951,0.197071
CTCGGTCCGTAGCCTG-1,0.00001,0.050572,0.923826,0.025591
CTCGGTTGTCGGCCCT-1,0.10417,0.049168,0.000188,0.846474
CTCGTCGAGGGCTCAT-1,0.101667,0.000047,0.000234,0.898053
CTCGTCTGTGCCTTCG-1,0.007298,0.08057,0.585544,0.326588
CTCGTGGCACTGAAAG-1,0.009142,0.001856,0.20971,0.779292
CTCGTTACGGCTACCA-1,0.000017,0.0009,0.521602,0.47748
CTCGTTTCTAATGTTT-1,0.710683,0.066415,0.000259,0.222643
CTCTAACACCGGCAGC-1,0.05436,0.02529,0.38137,0.538979
CTCTAATGCATTGATC-1,0.830182,0.070763,0.009815,0.089241
CTCTACACTGGCGATT-1,0.003505,0.001671,0.713627,0.281197
CTCTACATCCTGCGTG-1,0.000011,0.00658,0.711336,0.282073
CTCTAGCCCTCGGAAA-1,0.013988,0.058989,0.460365,0.466658
CTCTATTTGGCTGCAG-1,0.013496,0.01534,0.737921,0.233243
CTCTCACAATCGATGA-1,0.000423,0.012584,0.954836,0.032157
CTCTCGATGTGCGCCT-1,0.455156,0.000389,0.001946,0.542508
CTCTCGCTGTACTATG-1,0.000501,0.015865,0.38916,0.594474
CTCTCTAACTGCCTAG-1,0.216341,0.049125,0.018441,0.716094
CTCTGCAGGCATTCTT-1,0.000006,0.002627,0.994555,0.002812
CTCTGCGAAGCAAGCA-1,0.000011,0.287889,0.62933,0.08277
CTCTGGACGCCTGGTG-1,0.006957,0.048133,0.812481,0.13243
CTCTGTCCATGCACCA-1,0.000007,0.017014,0.859537,0.123442
CTCTGTGCCTGCTATG-1,0.079371,0.189213,0.327252,0.404164
CTCTGTTTGAGGATTC-1,0.375502,0.204464,0.061485,0.358549
CTCTTCTATTGACTGG-1,0.030891,0.066128,0.650446,0.252535
CTCTTCTGGAAGTTAG-1,0.000015,0.039466,0.922065,0.038453
CTCTTGTCCCGCTTGG-1,0.130293,0.024218,0.009054,0.836435
CTGAAACGGCCCTCAG-1,0.939861,0.000044,0.000218,0.059878
CTGAAAGAGATCCGAC-1,0.065272,0.097703,0.218633,0.618392
CTGAATCCGAGACCTC-1,0.009256,0.030469,0.504352,0.455922
CTGAATTTATTGCCAG-1,0.763589,0.008411,0.068855,0.159144
CTGACATAGAAATAGA-1,0.012743,0.145119,0.666421,0.175716
CTGACTGCGCAGCTCG-1,0.001382,0.163776,0.567594,0.267247
CTGAGAAAGTTCGGCG-1,0.051636,0.10732,0.344153,0.496891
CTGAGAGTAGAAATAC-1,0.301511,0.060813,0.103209,0.534467
CTGAGCAAGTAACAAG-1,0.045372,0.000571,0.018603,0.935454
CTGAGCGAGACTTATT-1,0.759254,0.071077,0.001079,0.168589
CTGATAGTGTATCTCA-1,0.00002,0.00002,0.256402,0.743558
CTGATCCCTTTATGCA-1,0.000015,0.015768,0.89457,0.089647
CTGCAAATGGGCTCCA-1,0.745139,0.000196,0.000981,0.253684
CTGCAAGCACGTTCCG-1,0.014511,0.013709,0.40422,0.567559
CTGCACAACTACATAT-1,0.000094,0.037459,0.584329,0.378117
CTGCACCTAGTCCACA-1,0.692199,0.156955,0.018674,0.132172
CTGCACCTGGAACCGC-1,0.021429,0.138478,0.366045,0.474048
CTGCACTCCAGTACAG-1,0.00196,0.146252,0.213559,0.638229
CTGCAGAGAATCAGAG-1,0.082306,0.105598,0.528354,0.283743
CTGCAGGTGCTCGGCC-1,0.000032,0.002458,0.351714,0.645795
CTGCCAAGGTTGGAAG-1,0.123273,0.112251,0.251104,0.513372
CTGCCATGCATCACAT-1,0.012961,0.04731,0.816933,0.122796
CTGCCCACGAAGCGTT-1,0.000015,0.000158,0.248764,0.751062
CTGCCTAGCCACCAAG-1,0.634244,0.291968,0.073702,0.000086
CTGCCTCATATGCAAC-1,0.794386,0.064258,0.052463,0.088892
CTGCCTTTAATACCTT-1,0.000017,0.002496,0.649477,0.34801
CTGCCTTTCTAGTAAA-1,0.007024,0.007536,0.696606,0.288834
CTGCGACCTCGCCGAA-1,0.000008,0.018768,0.87527,0.105955
CTGCGATTTCGAGATT-1,0.025343,0.000019,0.28073,0.693907
CTGCGGGTGAAATGTT-1,0.013468,0.008705,0.251702,0.726125
CTGCGGTAGTCACGTG-1,0.781879,0.046837,0.000243,0.171041
CTGCGTTACGATATAA-1,0.933513,0.014206,0.007926,0.044355
CTGCTCTCAACACACC-1,0.554957,0.053009,0.012504,0.37953
CTGCTCTGACGGCAAA-1,0.004859,0.01496,0.517963,0.462217
CTGCTGAGGCCACGAA-1,0.000833,0.110844,0.522879,0.365445
CTGCTGTCTAACGAGC-1,0.058408,0.124182,0.452383,0.365027
CTGCTTGGCGATAGCT-1,0.027811,0.050978,0.286071,0.635139
CTGCTTTATGTCCGCG-1,0.864651,0.055667,0.00026,0.079423
CTGGAAATGGATGCTT-1,0.031677,0.015272,0.742849,0.210202
CTGGAAGACACGGTGG-1,0.003537,0.004128,0.74781,0.244526
CTGGACGCAGTCCGGC-1,0.000029,0.010799,0.707069,0.282103
CTGGATTTACACTTGA-1,0.000013,0.018109,0.910271,0.071607
CTGGCATCCGAATGAG-1,0.000015,0.003244,0.749315,0.247426
CTGGCGACATAAGTCC-1,0.293328,0.382563,0.001673,0.322436
CTGGCGCACAGGTCTG-1,0.00134,0.167217,0.321434,0.510009
CTGGCGGGAATAAGTA-1,0.000008,0.009197,0.570761,0.420034
CTGGCTCCTGCGGGAT-1,0.000016,0.068234,0.570787,0.360964
CTGGCTGATTCATCCT-1,0.022609,0.003334,0.398193,0.575864
CTGGCTGCTAACGTAA-1,0.017108,0.007066,0.03763,0.938197
CTGGCTGGTTGTCAGT-1,0.128808,0.003007,0.006041,0.862143
CTGGGATAAATAATGG-1,0.013005,0.033203,0.538848,0.414944
CTGGGATACGCTACCC-1,0.007588,0.376296,0.132304,0.483811
CTGGGATCGCCCAGAT-1,0.369853,0.204239,0.001613,0.424295
CTGGGCACTAGTCGGA-1,0.999682,0.000035,0.000177,0.000106
CTGGGCCTGCTATATC-1,0.000016,0.001332,0.625961,0.372691
CTGGGCGGCCAAATGT-1,0.284113,0.385714,0.31901,0.011164
CTGGGCTATCCTTTGG-1,0.614698,0.24704,0.129165,0.009097
CTGGGTAGGCAGTTAA-1,0.000007,0.007815,0.991374,0.000805
CTGGGTTGAGTTAAAG-1,0.019704,0.014673,0.000106,0.965517
CTGGTAAAGACTTACA-1,0.01395,0.051289,0.780528,0.154232
CTGGTAAAGTGTGGGC-1,0.014358,0.058251,0.457046,0.470345
CTGGTAACACATAGAA-1,0.000014,0.003984,0.609348,0.386654
CTGGTAACGAGCTCTT-1,0.00001,0.306243,0.581861,0.111886
CTGGTCATTCCAATCC-1,0.005802,0.014929,0.367936,0.611334
CTGGTCCTAACTTGGC-1,0.48998,0.342445,0.00048,0.167096
CTGGTGAATGGGCCTA-1,0.002471,0.034599,0.406521,0.556408
CTGGTTCAACGCATCA-1,0.000013,0.246263,0.546627,0.207097
CTGGTTCGCGAGCTAC-1,0.231462,0.26845,0.165018,0.335069
CTGGTTTCGAGCAAGA-1,0.015968,0.072391,0.633579,0.278062
CTGTACTTCTTAGCAT-1,0.007663,0.022027,0.349055,0.621255
CTGTAGCCATCTCACT-1,0.388311,0.00007,0.000348,0.611271
CTGTAGTGAGGATCGA-1,0.002426,0.000986,0.469977,0.526612
CTGTATGGTGTAGAAA-1,0.002681,0.007692,0.636161,0.353466
CTGTCAAATGGCTCGG-1,0.003392,0.466994,0.217991,0.311622
CTGTCACGCCAGGCGC-1,0.987398,0.012341,0.000163,0.000098
CTGTCCTGCGCACTAC-1,0.06834,0.097879,0.23811,0.59567
CTGTCTGTGGCTGGCT-1,0.007284,0.011805,0.083483,0.897428
CTGTGCAGGGTAGGTC-1,0.000306,0.002878,0.60597,0.390846
CTGTGGTCGGGAGATA-1,0.017524,0.106129,0.610511,0.265836
CTGTTACCCAATCTAG-1,0.000018,0.002275,0.715271,0.282436
CTGTTCACTGCCTGTG-1,0.000013,0.058265,0.893953,0.047769
CTGTTCATCTCACGGG-1,0.004874,0.038166,0.442262,0.514698
CTGTTGGCTCTTCTGA-1,0.000014,0.007648,0.697754,0.294583
CTGTTGTTCAGTCGTA-1,0.000014,0.001173,0.828228,0.170584
CTTAAATAAGACCCAT-1,0.008327,0.000013,0.309039,0.682621
CTTAACTTCGAAGTAC-1,0.215348,0.24682,0.293807,0.244024
CTTAAGCAGCGAGCCG-1,0.081162,0.00013,0.00065,0.918058
CTTAATCGACTTAGTA-1,0.00001,0.076708,0.482057,0.441225
CTTACACGGTATTCCA-1,0.004255,0.012645,0.873339,0.109761
CTTACACTGGGAAATA-1,0.009884,0.16757,0.434342,0.388205
CTTACATAGATTTCTT-1,0.005063,0.021441,0.471899,0.501597
CTTACTGACTCCTCTG-1,0.118717,0.152436,0.398784,0.330063
CTTAGATGTTTCATCC-1,0.01583,0.032684,0.561152,0.390334
CTTAGCCCGGATAGTG-1,0.000025,0.000025,0.159539,0.840411
CTTAGCCTTCCACATG-1,0.007229,0.37252,0.341622,0.278629
CTTAGGTATAGACCAG-1,0.000018,0.006708,0.59877,0.394504
CTTAGGTCCCAATCGT-1,0.855723,0.015413,0.000258,0.128606
CTTAGTAGGCCTACAG-1,0.033517,0.380788,0.162269,0.423426
CTTAGTGTAGTAGCAT-1,0.000014,0.012687,0.938685,0.048614
CTTAGTTGAGGAATCG-1,0.004001,0.000028,0.268435,0.727536
CTTATAGATGGCTGTT-1,0.001824,0.094229,0.810157,0.09379
CTTATGCGCTCAGGGC-1,0.000021,0.000033,0.365314,0.634632
CTTATGTTGACTACCA-1,0.000017,0.00443,0.36029,0.635263
CTTCAACTCCACTTGG-1,0.000013,0.044089,0.620142,0.335755
CTTCACGCCCTGGTAC-1,0.00026,0.011986,0.831485,0.156269
CTTCAGTGGTCGCCTA-1,0.000014,0.002712,0.439153,0.558121
CTTCAGTTGGACAACG-1,0.01604,0.026037,0.711783,0.246141
CTTCATAGCTCAAGAA-1,0.004308,0.007451,0.240953,0.747288
CTTCATTGTCAGTGGA-1,0.000017,0.036366,0.610996,0.352621
CTTCCGCTCCGTGAAG-1,0.22282,0.138891,0.030905,0.607384
CTTCCTGCATATTTAC-1,0.717195,0.081222,0.169813,0.031769
CTTCGATTGCGCAAGC-1,0.016372,0.108555,0.637722,0.237352
CTTCGGCCAATTGTTT-1,0.00518,0.141422,0.512085,0.341314
CTTCGTAGATAGGTGA-1,0.000015,0.040648,0.771783,0.187554
CTTCGTGCCCGCATCG-1,0.003965,0.000256,0.059687,0.936093
CTTCTATGTTGAAGTA-1,0.006519,0.000029,0.053845,0.939607
CTTCTATTAATGCTAG-1,0.020217,0.005535,0.560545,0.413703
CTTCTGGGCGTACCTA-1,0.006281,0.000023,0.402807,0.59089
CTTCTTACGTCGTATA-1,0.000015,0.365236,0.615178,0.019571
CTTGACCCGAAAGATA-1,0.000011,0.379033,0.60665,0.014306
CTTGAGGTTATCCCGA-1,0.00413,0.068364,0.129849,0.797657
CTTGAGTTAGGGTAAT-1,0.020548,0.014502,0.671683,0.293267
CTTGATGACCATCCAG-1,0.012083,0.026105,0.622865,0.338947
CTTGCAACCGCCTCCT-1,0.010584,0.005602,0.509494,0.47432
CTTGCCCACCCACGCA-1,0.006256,0.026857,0.887667,0.07922
CTTGCCCAGGCTCTAC-1,0.000017,0.002313,0.46941,0.52826
CTTGGCCAAGCTGGGA-1,0.003178,0.006972,0.489065,0.500785
CTTGTACTTGTTGACT-1,0.000016,0.153957,0.658097,0.187929
CTTGTCAACATTCGAG-1,0.091695,0.207975,0.226745,0.473586
CTTGTCGTACGTGTCA-1,0.040276,0.087657,0.118637,0.75343
CTTGTGAGGACAGCGG-1,0.01281,0.025155,0.309719,0.652316
CTTGTGAGTCTTTGAC-1,0.0067,0.032122,0.765387,0.195792
CTTGTGCTCACCGATT-1,0.256541,0.359697,0.282726,0.101036
CTTGTTGCTGAGTCAA-1,0.004537,0.045121,0.444285,0.506056
CTTGTTTATGTAGCCA-1,0.000018,0.000018,0.059645,0.940319
CTTTAACTTTCAAAGG-1,0.013725,0.201467,0.112398,0.67241
CTTTAATATTGGTCGA-1,0.095165,0.330501,0.051039,0.523295
CTTTACCGAATAGTAG-1,0.010232,0.008344,0.537311,0.444114
CTTTAGGAACACTGTT-1,0.002468,0.033248,0.556199,0.408085
CTTTAGTGCTATTATT-1,0.000968,0.026897,0.735576,0.236559
CTTTATCCGACGCATG-1,0.001658,0.058278,0.515118,0.424946
CTTTCTGTGCGGGCTT-1,0.025098,0.000037,0.027514,0.947352
CTTTGAAACATATTCC-1,0.945879,0.000043,0.000217,0.053861
CTTTGACGTCGCTTCT-1,0.012955,0.000039,0.00659,0.980416
CTTTGCATCGCTCTTG-1,0.000021,0.106316,0.384672,0.508991
CTTTGCTGTCATGGAT-1,0.006285,0.166947,0.605173,0.221594
CTTTGGCAGACAGAGT-1,0.973639,0.000061,0.000307,0.025992
CTTTGGCGCTTTATAC-1,0.000009,0.000113,0.867671,0.132207
CTTTGGCTTTAGTAAA-1,0.000015,0.00115,0.610508,0.388328
CTTTGGGATTGTTGCA-1,0.003431,0.000026,0.418922,0.577621
GAAACAGATGACCACC-1,0.000006,0.037396,0.952434,0.010164
GAAACAGCCATGCAGT-1,0.069614,0.395655,0.290384,0.244347
GAAACATAGGAAACAG-1,0.112412,0.035643,0.004832,0.847113
GAAACCATGGTGCGCT-1,0.331039,0.121418,0.043857,0.503686
GAAACCGAATTACCTT-1,0.005235,0.007577,0.469097,0.51809
GAAACCTATACAAATG-1,0.003452,0.014987,0.588827,0.392734
GAAACTCGTGCGATGC-1,0.007255,0.00002,0.089069,0.903657
GAAACTCTAATGAAGG-1,0.479047,0.175344,0.000938,0.344671
GAAAGAACAGCGTTAT-1,0.000009,0.14137,0.665711,0.192911
GAAAGCAGTGCACTTT-1,0.149663,0.000029,0.008786,0.841522
GAAAGCCCTTTGGACC-1,0.027541,0.018393,0.198114,0.755952
GAAAGTGACTAACTGC-1,0.000006,0.011585,0.787334,0.201074
GAAATACCTGCTGGCT-1,0.867606,0.065981,0.006788,0.059625
GAAATACTAAACGTTT-1,0.000009,0.000499,0.791597,0.207896
GAAATATCACCATCAG-1,0.001982,0.000018,0.108526,0.889473
GAAATATGCTTGAATG-1,0.964523,0.008377,0.000162,0.026938
GAAATCGCGCGCAACT-1,0.178896,0.280925,0.059466,0.480713
GAAATCTGACCAAGTT-1,0.000547,0.001247,0.699754,0.298452
GAAATGGCGGTGTTAG-1,0.011374,0.107429,0.456694,0.424502
GAAATGGGATGTAAAC-1,0.000506,0.011337,0.254284,0.733874
GAAATTAGCACGGATA-1,0.811932,0.042315,0.000171,0.145582
GAAATTCACATCGCTG-1,0.000011,0.122807,0.733064,0.144118
GAAATTGTCTCTATAA-1,0.000018,0.002948,0.544733,0.452301
GAACAACTGGGATGAA-1,0.02648,0.051562,0.39987,0.522088
GAACACACATCAACCA-1,0.000007,0.128301,0.720245,0.151448
GAACAGATTACTAAAT-1,0.00203,0.128888,0.696576,0.172506
GAACATTAGTATGTTA-1,0.917878,0.000045,0.000227,0.08185
GAACCATCTGGGAGAC-1,0.227652,0.059023,0.044505,0.668819
GAACCCTCTGTGTTCT-1,0.004424,0.0059,0.526039,0.463637
GAACCTCGACCTACAC-1,0.000196,0.004569,0.673589,0.321646
GAACCTTTAACGATCC-1,0.00886,0.001266,0.559529,0.430345
GAACGACCGAATGATA-1,0.039605,0.222985,0.2753,0.46211
GAACGATAAGTTAAAG-1,0.848281,0.036313,0.000196,0.115209
GAACGCGGGTCACACG-1,0.077535,0.039669,0.610461,0.272335
GAACGGTGTAAAGCAG-1,0.999829,0.000019,0.000095,0.000057
GAACGTCTCATGGTCG-1,0.018763,0.202704,0.560341,0.218192
GAACGTTAGGAAGACG-1,0.000011,0.002648,0.636451,0.36089
GAACGTTTGTATCCAC-1,0.504852,0.08243,0.190782,0.221936
GAACTGTGGAGAGACA-1,0.004486,0.020928,0.678416,0.29617
GAACTTAGCGCCCGGT-1,0.737814,0.082046,0.155935,0.024206
GAACTTGTGCACGGGA-1,0.850821,0.000052,0.000259,0.148868
GAAGAAACGATATTGT-1,0.044217,0.000025,0.000126,0.955631
GAAGAACGGTGCAGGT-1,0.002539,0.065835,0.257402,0.674223
GAAGACTTCAATGCCG-1,0.416011,0.442301,0.0251,0.116587
GAAGCAAGGCAATGTT-1,0.000009,0.307919,0.553933,0.138139
GAAGCCACTGATTATG-1,0.00381,0.000099,0.556493,0.439599
GAAGCCGGGTAAGCTC-1,0.000013,0.000024,0.800904,0.199059
GAAGCCTGCACATTCC-1,0.000015,0.005849,0.711052,0.283084
GAAGCGTGAGGAATTT-1,0.008715,0.029433,0.758582,0.203271
GAAGCTCGGACCCGTC-1,0.025074,0.021883,0.00374,0.949303
GAAGCTCTTTGCTTAG-1,0.001215,0.013656,0.612024,0.373104
GAAGCTTGCTGACCGC-1,0.000613,0.000027,0.013093,0.986267
GAAGGACTAAATTGAA-1,0.003366,0.000014,0.041538,0.955082
GAAGGAGTCGAGTGCG-1,0.000011,0.001431,0.679392,0.319165
GAAGGCTACCATTGTT-1,0.789705,0.00006,0.000299,0.209936
GAAGGGCATAACCATG-1,0.012618,0.007825,0.079855,0.899703
GAAGGGTCATTAAGAC-1,0.007932,0.103508,0.568029,0.320531
GAAGTCAGTTGCACTA-1,0.036137,0.001915,0.044688,0.91726
GAAGTCTCCCTAGCGA-1,0.010494,0.052717,0.819033,0.117755
GAAGTGATTTATCGTG-1,0.000023,0.069229,0.576468,0.35428
GAAGTGCTGGATAGCT-1,0.028787,0.205121,0.225713,0.540379
GAAGTTTCCACTCAAT-1,0.000267,0.028621,0.792995,0.178117
GAATAGACGCGACCCA-1,0.010315,0.066986,0.790433,0.132266
GAATAGCATTTAGGGT-1,0.025726,0.098566,0.566344,0.309365
GAATAGCCCTGCGGTC-1,0.182162,0.495383,0.310175,0.01228
GAATAGTGCTCGATTA-1,0.052121,0.0132,0.103183,0.831496
GAATATTCGGAGTCCC-1,0.834094,0.060431,0.062404,0.043071
GAATCGACATGGTCAC-1,0.000195,0.142191,0.267427,0.590187
GAATCGCCGGACACGG-1,0.005184,0.297648,0.414079,0.283089
GAATCTATACTCGGAC-1,0.533849,0.362528,0.101409,0.002214
GAATCTGAACATTCTC-1,0.000006,0.01256,0.984578,0.002856
GAATGAAGGTCTTCAG-1,0.753502,0.000056,0.000281,0.246161
GAATGCCGAAATGACC-1,0.002516,0.012452,0.359291,0.625741
GAATGCGAATCGGTTC-1,0.001591,0.000011,0.253198,0.745199
GAATGGGCTTATCGAC-1,0.00002,0.002451,0.704013,0.293516
GAATGTATGGCAGGTC-1,0.93313,0.02782,0.000199,0.038851
GAATGTGGTCCGGATT-1,0.001668,0.011078,0.612511,0.374743
GAATGTTGGGTAATCT-1,0.140236,0.078365,0.281749,0.499649
GAATTATAGTGAAAGG-1,0.000003,0.003352,0.996603,0.000042
GAATTATGCAACCTAC-1,0.982119,0.0176,0.000176,0.000106
GAATTCACCCGGGTGT-1,0.000007,0.002856,0.989271,0.007865
GAATTTCTCGCTGCAG-1,0.000013,0.008423,0.451969,0.539595
GACAAACATATGCAGG-1,0.032641,0.019681,0.397415,0.550262
GACAACGACCATTGAA-1,0.000008,0.225006,0.75043,0.024556
GACAACGCAGCTTACG-1,0.00001,0.237004,0.559977,0.203009
GACAAGACGCCCGTGC-1,0.235708,0.308883,0.145981,0.309428
GACAAGAGATGAGATT-1,0.000007,0.169584,0.68653,0.143879
GACACAAGGGAAGAAA-1,0.012594,0.088905,0.319529,0.578972
GACACAGCCGGGACTG-1,0.010397,0.01565,0.775982,0.197971
GACACCCAAAGACGCG-1,0.000008,0.003638,0.727238,0.269115
GACACGAGTTAGAGGA-1,0.000015,0.001051,0.2531,0.745834
GACACTGAGTTCAGTG-1,0.000016,0.036918,0.526244,0.436821
GACACTGGAACCCGAT-1,0.00328,0.099073,0.776049,0.121599
GACACTTCCAATTACC-1,0.015729,0.045649,0.544764,0.393859
GACAGAGGTCTTCAGT-1,0.000007,0.004289,0.452882,0.542821
GACAGATTTCTGGCTC-1,0.000012,0.010876,0.681035,0.308077
GACAGCCAGACCTGAC-1,0.011121,0.00864,0.897211,0.083029
GACAGGCACACACTAT-1,0.00001,0.000971,0.879565,0.119454
GACATACTGTCGCAGA-1,0.000016,0.000016,0.100707,0.899262
GACATCCGTCGAACTG-1,0.030184,0.035502,0.532447,0.401867
GACATCGATTTATAAC-1,0.026446,0.131404,0.122391,0.719759
GACATTTCGCCCAGCC-1,0.000014,0.000014,0.431386,0.568586
GACCAAACGTTGACTG-1,0.002791,0.102837,0.785472,0.108901
GACCACACTTCCCTTT-1,0.002574,0.024962,0.950919,0.021545
GACCAGAGCCCTGTAG-1,0.000008,0.019532,0.969063,0.011397
GACCAGGTCATTCATA-1,0.511683,0.112341,0.004763,0.371213
GACCCAATTATGATAC-1,0.007778,0.045257,0.738534,0.208431
GACCCGTCGCCGGCTA-1,0.193049,0.393696,0.058824,0.354432
GACCGACCGCTAATAT-1,0.000015,0.012373,0.411429,0.576184
GACCGACGTGAAAGCA-1,0.000008,0.149828,0.63582,0.214343
GACCGACTGAAGCGTC-1,0.000026,0.000026,0.194271,0.805677
GACCGATTAAATATGT-1,0.002047,0.00001,0.444916,0.553027
GACCGCGTCTGACGTG-1,0.043525,0.109354,0.759543,0.087579
GACCGGTGATACTCTC-1,0.028566,0.000025,0.000124,0.971285
GACCGTCAGGTCGTGA-1,0.795333,0.063971,0.049672,0.091024
GACCGTGCTGACGGTG-1,0.000033,0.13437,0.376004,0.489593
GACCGTTACATGCGAC-1,0.004949,0.000204,0.424706,0.570141
GACCTGGTCTGGGCGT-1,0.003695,0.001794,0.58665,0.40786
GACCTTCCACGTCTAC-1,0.000011,0.021044,0.880995,0.097949
GACGACGATCCGCGTT-1,0.033422,0.080115,0.150597,0.735867
GACGACTTTCCAAGAA-1,0.005546,0.008203,0.170292,0.81596
GACGAGGCTAATAAAC-1,0.017849,0.040927,0.868275,0.072949
GACGATATCACTGGGT-1,0.013799,0.001818,0.411531,0.572852
GACGCATACCCGTCGG-1,0.050833,0.000034,0.000172,0.948961
GACGCCGTAAAGGCTA-1,0.124353,0.039566,0.000826,0.835255
GACGCCTGTTGCAGGG-1,0.000014,0.077628,0.648912,0.273447
GACGCTTGCTTCTAAA-1,0.011926,0.005409,0.319975,0.66269
GACGGACCGCGTTCCT-1,0.057432,0.100268,0.842158,0.000142
GACGGGATGTCTTATG-1,0.002646,0.037404,0.448532,0.511418
GACGGGTTGGCCCGTA-1,0.008506,0.002314,0.662001,0.327179
GACGGTCAATAGAAGC-1,0.000288,0.121488,0.760621,0.117603
GACGGTCCTAGGGTGT-1,0.349032,0.216323,0.085088,0.349556
GACGTGAGACTCCATG-1,0.000014,0.019813,0.461063,0.51911
GACGTGTAGGGATTAT-1,0.000059,0.006181,0.409937,0.583823
GACGTTCGTAAATACA-1,0.86783,0.005728,0.000176,0.126266
GACGTTGCTCGGCGGC-1,0.004375,0.00002,0.186923,0.808682
GACTAACACAGCACCT-1,0.930092,0.030962,0.038867,0.00008
GACTAAGATCATGCAC-1,0.000012,0.212236,0.46959,0.318161
GACTAAGTAGGCTCAC-1,0.008825,0.001714,0.171934,0.817527
GACTACAAAGCGGTGG-1,0.002499,0.003968,0.540783,0.45275
GACTACAATTGCTCGT-1,0.829288,0.022629,0.03841,0.109673
GACTAGGCCGTTAGGT-1,0.017095,0.013878,0.523158,0.445869
GACTCACCCACGTGAG-1,0.00001,0.051943,0.775351,0.172695
GACTCCCAGAATAAGG-1,0.682108,0.045933,0.005419,0.26654
GACTCCTTCCAATTGA-1,0.095289,0.029198,0.147408,0.728105
GACTCGCGGGAATGAC-1,0.052616,0.184168,0.608826,0.154389
GACTCGGTCGGCGGAT-1,0.848928,0.000059,0.000295,0.150719
GACTCTAGAGTTCCAA-1,0.000104,0.030805,0.632953,0.336138
GACTGATTGGTCACAA-1,0.608761,0.288757,0.073094,0.029388
GACTGCAAATCGAGCT-1,0.013597,0.012548,0.292251,0.681604
GACTGCACCAGCCCAG-1,0.00711,0.035846,0.556678,0.400366
GACTGCGGCACGTGTA-1,0.000018,0.021249,0.487513,0.49122
GACTGCTGGTGAGAAA-1,0.000848,0.003782,0.886455,0.108915
GACTGGGCGCCGCAAC-1,0.695789,0.204562,0.070869,0.02878
GACTTCAACGCATCAA-1,0.005336,0.031601,0.463463,0.4996
GACTTTCGAGCGGTTC-1,0.000115,0.023155,0.531933,0.444796
GAGAAACTGGATCCCA-1,0.284463,0.326929,0.001134,0.387474
GAGAACGGTTCTGACT-1,0.020295,0.153725,0.441602,0.384377
GAGAATCTCACGATCA-1,0.000013,0.000013,0.617205,0.382768
GAGACCCTGCAACGCC-1,0.684928,0.215067,0.020212,0.079792
GAGACTGATGGGTAGA-1,0.000008,0.014304,0.980937,0.004751
GAGACTTCGCGACCGA-1,0.049477,0.122282,0.019902,0.80834
GAGAGCGCAGTCCCTG-1,0.000019,0.000019,0.285958,0.714003
GAGAGGCCTATGTGTA-1,0.001962,0.313669,0.674976,0.009393
GAGAGGGCGCGAGGTT-1,0.032384,0.000022,0.176944,0.79065
GAGAGGTGCATTCTGG-1,0.000018,0.000018,0.392389,0.607575
GAGAGTCTCGGGAGAG-1,0.00157,0.000843,0.415452,0.582135
GAGATCGATCTTACTC-1,0.13354,0.000034,0.000172,0.866253
GAGATCTGCTTGGCAT-1,0.000012,0.010149,0.946901,0.042938
GAGATCTGTCACTCCG-1,0.010222,0.077854,0.282661,0.629264
GAGATCTTCCATGACA-1,0.001071,0.028098,0.513831,0.457
GAGATGACAATCCTTA-1,0.791565,0.015886,0.000181,0.192368
GAGATGGCTTTAATCA-1,0.016457,0.011816,0.485398,0.486329
GAGATGGGAGTCGACA-1,0.014163,0.035224,0.082566,0.868047
GAGCACCTGTGTCCAG-1,0.000011,0.061734,0.860982,0.077272
GAGCACGGCGCCTCTT-1,0.096968,0.169372,0.536753,0.196907
GAGCATCAACAACTTG-1,0.003478,0.03601,0.811768,0.148744
GAGCATCATCCCTGGG-1,0.006579,0.082599,0.351693,0.559129
GAGCCACGGTAGTAGG-1,0.007338,0.274072,0.284607,0.433984
GAGCCAGCTACCTGTG-1,0.015525,0.020557,0.528299,0.43562
GAGCCGAGCGTTTATT-1,0.861947,0.000059,0.000295,0.137699
GAGCGAGGGAGTACCG-1,0.088481,0.189368,0.117683,0.604468
GAGCGCAAATACTCCG-1,0.040474,0.090859,0.250944,0.617722
GAGCGCGCACGAGTAG-1,0.011395,0.000264,0.263067,0.725273
GAGCGCTATGTCAGGC-1,0.008814,0.001074,0.019334,0.970778
GAGCGCTGTTAGGTAA-1,0.003426,0.07202,0.283556,0.640998
GAGCGGAATGCGGTGT-1,0.023578,0.000348,0.183265,0.792809
GAGCTAAGGGCATATC-1,0.024649,0.023398,0.413639,0.538314
GAGCTCAACATGAGCG-1,0.005018,0.010967,0.603636,0.380379
GAGCTCTCGGACCTAA-1,0.000026,0.024404,0.111236,0.864334
GAGCTGTCGTCTCGGA-1,0.902792,0.023787,0.000258,0.073163
GAGGAATATCTCTTTG-1,0.003877,0.006576,0.663342,0.326205
GAGGAATGGAGAGGTT-1,0.00001,0.062075,0.62371,0.314205
GAGGAGATCCTCATGC-1,0.000062,0.000109,0.244305,0.755524
GAGGAGTAATTCCTAC-1,0.200644,0.43514,0.117552,0.246664
GAGGATAAACAGTGCT-1,0.020141,0.163016,0.457897,0.358947
GAGGCATTTGCAGCAG-1,0.883266,0.000051,0.016142,0.10054
GAGGCCCGACTCCGCA-1,0.036053,0.000038,0.026397,0.937512
GAGGCCTGTTGATACA-1,0.005759,0.027278,0.681589,0.285374
GAGGCTATCAAAGTCG-1,0.000019,0.000019,0.050687,0.949276
GAGGGAGTCAGATCGC-1,0.000018,0.000363,0.55084,0.448779
GAGGGCATCGCGTATC-1,0.000019,0.030047,0.24713,0.722803
GAGGGCCATAATATTA-1,0.912521,0.005838,0.000147,0.081493
GAGGGCCGGCAGAGTC-1,0.999735,0.000029,0.000147,0.000088
GAGGGCGCAGCTCTGC-1,0.000326,0.059576,0.757762,0.182336
GAGGGTAGTAACAAAG-1,0.019238,0.007429,0.588701,0.384631
GAGGTACATCCATCTT-1,0.082265,0.522851,0.31838,0.076503
GAGGTACGCGTGTCCC-1,0.000071,0.009294,0.966066,0.024569
GAGGTCCCAAAGATCT-1,0.000013,0.02286,0.160638,0.816489
GAGGTCCGTTCGCTGT-1,0.015797,0.001542,0.351454,0.631207
GAGGTCTTAGTGGGTC-1,0.822634,0.121646,0.00164,0.05408
GAGTAAACCGGAAAGT-1,0.012862,0.080096,0.871726,0.035316
GAGTAAATTAAGAACC-1,0.135315,0.349933,0.312146,0.202606
GAGTAAGGCCACGGGA-1,0.000006,0.001717,0.819733,0.178544
GAGTACGGGTATACAA-1,0.002195,0.067246,0.504411,0.426148
GAGTAGATACTAGTTG-1,0.000019,0.000019,0.294137,0.705825
GAGTATACCCTAATCA-1,0.000012,0.002117,0.629473,0.368399
GAGTATCAAAGTTACA-1,0.01286,0.153497,0.74981,0.083833
GAGTATGCCCGCCTTG-1,0.004069,0.001973,0.463137,0.53082
GAGTATGCGCGTGCAT-1,0.003952,0.035257,0.809218,0.151573
GAGTCAGACCAGAATC-1,0.31726,0.027018,0.053562,0.60216
GAGTCCGCTTACCGGA-1,0.033009,0.038325,0.41297,0.515695
GAGTCGACAGACCCTC-1,0.000025,0.000025,0.063682,0.936268
GAGTCTTGTAAAGGAC-1,0.067209,0.000032,0.00016,0.932599
GAGTGCACGGACAACA-1,0.966071,0.000035,0.000173,0.033721
GAGTGTCAACCAGAAA-1,0.007859,0.018822,0.627762,0.345556
GAGTGTGCGGTACCCA-1,0.000008,0.077788,0.769295,0.152909
GAGTTGATGGCAATTT-1,0.000014,0.000014,0.834785,0.165188
GAGTTGTCACCAGTCT-1,0.000027,0.000027,0.004159,0.995787
GATAAATCGGTGGATG-1,0.000301,0.08708,0.492771,0.419848
GATAACTCGCACTGTG-1,0.005153,0.092717,0.595794,0.306336
GATAAGGCAGATGCAA-1,0.000015,0.000467,0.103141,0.896377
GATAAGGGACGATTAG-1,0.000029,0.000029,0.097677,0.902266
GATACCGTGTCGGAGT-1,0.486503,0.306061,0.042911,0.164524
GATACGATGGGAGTCA-1,0.006158,0.007787,0.874995,0.111059
GATAGAACCCGCTAGG-1,0.005444,0.000012,0.244877,0.749667
GATAGATAGTACAGTC-1,0.002692,0.097902,0.52174,0.377666
GATAGCGTACCACGCG-1,0.000018,0.007055,0.293802,0.699125
GATAGGATTAATTACA-1,0.726703,0.000058,0.000289,0.27295
GATAGGTAACGTTGAC-1,0.018504,0.004168,0.331154,0.646174
GATAGGTGTCCCGGGC-1,0.325088,0.000158,0.000791,0.673963
GATAGTGCGAGTAAGT-1,0.02638,0.005398,0.884042,0.084181
GATATCAGTATGTATC-1,0.000016,0.004219,0.244601,0.751163
GATATCTCATGCAATA-1,0.060134,0.239946,0.106973,0.592946
GATATGAGACACTAAC-1,0.000007,0.00403,0.872743,0.12322
GATATGCGGTAGCCAA-1,0.853024,0.025911,0.120287,0.000777
GATATGGATTACGCGG-1,0.016343,0.000022,0.101827,0.881808
GATATTGAGATTGGCG-1,0.000012,0.124084,0.801115,0.074788
GATATTTCCTACATGG-1,0.401249,0.460965,0.136901,0.000885
GATCAACATAAAGGGA-1,0.00001,0.087329,0.673921,0.238741
GATCATTCCAAACATT-1,0.000007,0.022836,0.864781,0.112376
GATCCAACCTTTAAAC-1,0.002162,0.017378,0.709122,0.271338
GATCCCTTTATACTGC-1,0.006273,0.068437,0.578429,0.346861
GATCCGAATATAAGTG-1,0.738904,0.010571,0.009611,0.240914
GATCCGGGAATTAACA-1,0.014317,0.013159,0.423037,0.549487
GATCCTAAATCGGGAC-1,0.000011,0.138534,0.7661,0.095356
GATCCTCGACACTGGC-1,0.000012,0.023269,0.898069,0.078649
GATCCTCTTGCGCTTA-1,0.834699,0.033512,0.000275,0.131514
GATCGACACTATCTGA-1,0.014287,0.050205,0.719674,0.215834
GATCGCGGGCTCTCCA-1,0.000005,0.008772,0.976512,0.014711
GATCGCTACCCGATTT-1,0.004692,0.099168,0.474146,0.421993
GATCGCTATATCTCAG-1,0.000203,0.041385,0.202863,0.755549
GATCGCTGTGGTGCGT-1,0.000007,0.006008,0.763047,0.230938
GATCGGATAGAACCAT-1,0.004676,0.000688,0.436132,0.558504
GATCGGCGATAAGTCG-1,0.015788,0.00003,0.100682,0.8835
GATCGGTGGCCATAAC-1,0.000007,0.042111,0.899471,0.05841
GATCGTGACTGATATC-1,0.013903,0.030007,0.215908,0.740182
GATCTAACCGTATTCA-1,0.043648,0.000044,0.00022,0.956089
GATCTCGACGCTGTGG-1,0.020979,0.067451,0.877289,0.034281
GATCTGCTATCTAAGG-1,0.000026,0.023444,0.607984,0.368546
GATCTTAGTGAACGTG-1,0.999786,0.000024,0.000119,0.000071
GATCTTCATTGTCCTC-1,0.008018,0.000025,0.125397,0.86656
GATCTTGGAGGGCATA-1,0.001531,0.003827,0.76669,0.227952
GATCTTTGCAGGGTAT-1,0.006688,0.022069,0.434724,0.536519
GATCTTTGCTCAAAGA-1,0.838951,0.126598,0.034384,0.000067
GATGACAAGTAGGGCA-1,0.151338,0.088943,0.07858,0.681138
GATGACGATGATCGCG-1,0.750985,0.050418,0.006518,0.192079
GATGAGGAACCTTCGG-1,0.006175,0.019337,0.639489,0.334999
GATGATTTGAAACTGG-1,0.018747,0.146799,0.300484,0.533969
GATGCCACACTACAGC-1,0.019175,0.135874,0.23231,0.612642
GATGCCAGCAGAAGGC-1,0.010834,0.000019,0.010338,0.978809
GATGCCTTCTGCGGCA-1,0.141037,0.004906,0.00038,0.853677
GATGCGAATGGTATTA-1,0.000271,0.008523,0.754537,0.236669
GATGCGTCCTGCATTC-1,0.00001,0.039252,0.921223,0.039515
GATGCTACAAGCGCCT-1,0.000008,0.152731,0.80365,0.043612
GATGCTACCTTCGATG-1,0.020391,0.005929,0.382747,0.590933
GATGCTGTATTTCATC-1,0.000015,0.028124,0.846803,0.125058
GATGGCGCACACATTA-1,0.000016,0.003654,0.304958,0.691372
GATGGTGAAATAACCC-1,0.999795,0.000023,0.000114,0.000068
GATGGTGCCCTAGGCA-1,0.78167,0.134741,0.081942,0.001646
GATGTAACGAACCACC-1,0.00007,0.000015,0.379649,0.620266
GATGTCCGGATCACAT-1,0.000023,0.125877,0.285359,0.588741
GATGTCGGTCAACTGC-1,0.616086,0.374716,0.005749,0.003449
GATGTGTTGTCACAAG-1,0.881778,0.061248,0.045376,0.011598
GATGTTCAATCCACGA-1,0.006862,0.00002,0.408317,0.584801
GATGTTTGTGCGAGAT-1,0.002209,0.020974,0.396906,0.579912
GATTAACCGAAAGCCC-1,0.010365,0.025944,0.667277,0.296414
GATTAATCCTGGCTCA-1,0.00118,0.065786,0.024407,0.908627
GATTACTGAATTTGGG-1,0.068886,0.00714,0.391891,0.532083
GATTAGAAACAAGCGT-1,0.001418,0.00001,0.121484,0.877087
GATTATCTTGCATTAT-1,0.000014,0.068845,0.696052,0.235088
GATTCCCTTGTCGCAG-1,0.000016,0.183739,0.379399,0.436846
GATTCCGCGTTTCCGT-1,0.224734,0.267819,0.496656,0.010791
GATTCCTATACGGCGC-1,0.003276,0.023124,0.179608,0.793992
GATTCGACGGTTCACG-1,0.000015,0.004529,0.653832,0.341623
GATTCTGTTAATGAGT-1,0.005319,0.008052,0.379175,0.607455
GATTGACACTCTGCTC-1,0.454993,0.282405,0.000861,0.26174
GATTGCTCCAGTTGCA-1,0.000015,0.014536,0.758881,0.226569
GATTGGGAAAGGTTGT-1,0.031462,0.014148,0.579659,0.374731
GATTTAGTGCGTACTG-1,0.975981,0.000064,0.000322,0.023632
GATTTGCGCTAACACC-1,0.004234,0.000017,0.218562,0.777187
GCAAACCCTACATTAT-1,0.003108,0.006758,0.522922,0.467213
GCAAACCTTGGCCATA-1,0.000129,0.09593,0.810005,0.093936
GCAAACGTAAGCGACC-1,0.037193,0.00003,0.000151,0.962625
GCAAACGTCGCCAGGT-1,0.033663,0.134613,0.365675,0.466049
GCAAAGGGCGTTAGCC-1,0.012066,0.039711,0.77185,0.176374
GCAAATATTACGCTTT-1,0.000012,0.09861,0.767119,0.134259
GCAAATGAGGACACTT-1,0.004291,0.001771,0.538369,0.455568
GCAACACACTAGAACT-1,0.17637,0.147972,0.171417,0.504241
GCAACAGCAGTATGCG-1,0.057395,0.033376,0.013903,0.895326
GCAACCACCAGACCGG-1,0.325678,0.525616,0.143925,0.004781
GCAACCACGGCCGCGT-1,0.000007,0.000557,0.92692,0.072516
GCAACCCAAGTTGTTT-1,0.000025,0.006869,0.370628,0.622477
GCAACGGCTAGTTATG-1,0.037852,0.109387,0.500577,0.352183
GCAAGAATTCCTTGGC-1,0.011356,0.00088,0.418205,0.56956
GCAAGATGTGTTCGCG-1,0.879727,0.030437,0.000294,0.089542
GCAAGTGCACAGAGAA-1,0.000224,0.020948,0.341435,0.637393
GCAAGTGTAAAGCATG-1,0.00594,0.008561,0.660801,0.324698
GCAATTAGTCGCACCG-1,0.851189,0.078177,0.002273,0.06836
GCACAAACCCTAGATG-1,0.012737,0.01139,0.252997,0.722876
GCACAAACGAGGCGTG-1,0.034742,0.04647,0.539485,0.379303
GCACAACCTCGGGCGT-1,0.075446,0.000044,0.05827,0.86624
GCACAAGTGGATCATA-1,0.000007,0.015631,0.979383,0.004979
GCACAAGTGTCGGAAG-1,0.153879,0.348423,0.331952,0.165746
GCACACACTGGTAGCC-1,0.000007,0.000857,0.991268,0.007868
GCACACAGCTATTACC-1,0.030259,0.026864,0.736869,0.206008
GCACACGCCCATGGTC-1,0.000016,0.016659,0.60647,0.376855
GCACAGCACGGGCCGA-1,0.000006,0.001709,0.977766,0.020519
GCACCTTCCCGAAGGT-1,0.131902,0.239128,0.339358,0.289613
GCACGCCGATTCCCGC-1,0.004065,0.053454,0.664064,0.278417
GCACGCCTACTTAGAT-1,0.131865,0.122107,0.428878,0.317149
GCACGTGGTTTACTTA-1,0.05216,0.085652,0.615376,0.246812
GCACTAGTCGCGCTAT-1,0.014948,0.135734,0.579763,0.269556
GCACTCCCACAGTCCC-1,0.03711,0.106255,0.205925,0.65071
GCACTGCCTACCTTTA-1,0.00001,0.015671,0.715518,0.268801
GCACTGTGCAAATGTA-1,0.002064,0.022251,0.098798,0.876887
GCAGAAACGTAATCCA-1,0.99972,0.000031,0.000156,0.000093
GCAGAAGGTAATCTCC-1,0.004299,0.221458,0.683452,0.090791
GCAGACCCAGCACGTA-1,0.006577,0.18537,0.662908,0.145144
GCAGATCCATAAGACT-1,0.0003,0.039997,0.862115,0.097589
GCAGATCCTCGCAAAT-1,0.000011,0.000408,0.192589,0.806991
GCAGATTAGGGATATC-1,0.003009,0.174921,0.297973,0.524097
GCAGCACACAGCCCAG-1,0.005891,0.064931,0.683826,0.245353
GCAGCCTATATCACAT-1,0.055135,0.185592,0.389713,0.36956
GCAGCGGTGGGCATTA-1,0.000009,0.060975,0.873613,0.065404
GCAGCTATGGACAGGT-1,0.87725,0.000056,0.000281,0.122412
GCAGCTGTCAACGCAT-1,0.023118,0.024174,0.890565,0.062143
GCAGGAACTTAGATCT-1,0.005185,0.02389,0.211112,0.759813
GCAGGACTATAGAATA-1,0.000538,0.014105,0.169317,0.816041
GCAGGTAGAGTATGGT-1,0.840803,0.072442,0.0002,0.086554
GCAGTGCGGGCGGATG-1,0.060313,0.267643,0.589947,0.082097
GCAGTGTGGCTATAGG-1,0.000762,0.003739,0.519184,0.476315
GCAGTTCGATCCGAGC-1,0.000453,0.17595,0.69429,0.129308
GCATAAATTGAACGCC-1,0.938698,0.002674,0.000154,0.058473
GCATACGAGGTCTTTA-1,0.000015,0.000024,0.726096,0.273864
GCATAGAGCACTCAGG-1,0.014501,0.06447,0.896383,0.024646
GCATCCCTAACTTTGA-1,0.0101,0.189305,0.278181,0.522414
GCATCCTCTCCTATTA-1,0.000019,0.000019,0.063218,0.936744
GCATCGGCCGTGTAGG-1,0.000075,0.090782,0.656948,0.252194
GCATGACACAAAGGAA-1,0.107543,0.316937,0.431749,0.143772
GCATGAGGGACGCGGC-1,0.020611,0.041842,0.658185,0.279362
GCATGCTAATAACGAT-1,0.000006,0.096878,0.79548,0.107637
GCATGGGTACTGACGC-1,0.000018,0.000018,0.544853,0.455111
GCATTCAAGGCAACGC-1,0.277827,0.192156,0.198554,0.331462
GCATTCGAAATGAACA-1,0.000007,0.002603,0.920941,0.07645
GCATTGACTTGCGGAA-1,0.06116,0.000035,0.000175,0.938629
GCATTGTAATTCATAT-1,0.000024,0.000024,0.267839,0.732114
GCATTTCCAAGGCTCC-1,0.00001,0.210145,0.788208,0.001637
GCCAACCATTTCCGGA-1,0.229243,0.292577,0.004938,0.473242
GCCAAGAATACTTCTG-1,0.00001,0.001173,0.94584,0.052977
GCCAATAGGGCATCTC-1,0.360751,0.440201,0.000507,0.198541
GCCACAATTTAAGGAC-1,0.000016,0.005185,0.435847,0.558953
GCCACCCATTCCACTT-1,0.015378,0.04061,0.430253,0.513759
GCCACCTTATTCGCGA-1,0.000007,0.011879,0.85949,0.128624
GCCACTCAGAGCGCGA-1,0.040813,0.131447,0.409287,0.418452
GCCACTCCTTACGGTA-1,0.000048,0.092767,0.82377,0.083416
GCCAGGAAAGAACACT-1,0.00138,0.00563,0.524715,0.468275
GCCAGGAGTAACCGAT-1,0.201317,0.196112,0.000468,0.602103
GCCAGGCGTTCGCATG-1,0.310452,0.631475,0.058016,0.000057
GCCAGGCTTAGTGGTA-1,0.002416,0.000023,0.260233,0.737328
GCCATATTGCACACAG-1,0.049932,0.367768,0.560342,0.021957
GCCATCGAGCTGCGTG-1,0.033457,0.029628,0.181986,0.754929
GCCATCGATGCTGCAT-1,0.012867,0.218423,0.650445,0.118266
GCCATTAGCCTCAAAC-1,0.057507,0.00167,0.003359,0.937463
GCCCACCAAGGCTGTC-1,0.00296,0.083298,0.680968,0.232775
GCCCACTGGTCCACAA-1,0.90066,0.000045,0.000223,0.099072
GCCCAGATGCTGGAGA-1,0.123005,0.372159,0.261898,0.242938
GCCCAGCGACACAAAG-1,0.087779,0.039467,0.015777,0.856977
GCCCAGTTGGTATGCC-1,0.000021,0.08275,0.366514,0.550715
GCCCATGGGTGCAATG-1,0.911954,0.000048,0.000239,0.087759
GCCCGACTTCTTCCCG-1,0.009008,0.000028,0.108432,0.882532
GCCCGAGAGTCTAAAT-1,0.076918,0.00003,0.000152,0.922899
GCCCGATCTGTGGTCG-1,0.064672,0.000035,0.010736,0.924557
GCCCGATGCCCAGTTC-1,0.000926,0.000456,0.265468,0.733151
GCCCGCGCGTAAACGG-1,0.008265,0.028033,0.567899,0.395803
GCCCGCGCGTTTGACA-1,0.000008,0.011422,0.968374,0.020196
GCCCGTAATACCTTCT-1,0.002454,0.234162,0.48314,0.280244
GCCCGTCAAGCCCAAT-1,0.217675,0.192433,0.45839,0.131502
GCCCGTTCACACAATT-1,0.00921,0.001356,0.40306,0.586374
GCCCTAAGTGCAGGAT-1,0.009347,0.015672,0.588918,0.386063
GCCCTAGCCGTCGCGA-1,0.000018,0.023366,0.206618,0.769997
GCCCTGAGGATGGGCT-1,0.011794,0.007176,0.30231,0.67872
GCCGAAATTCCTACGT-1,0.003122,0.076703,0.422368,0.497807
GCCGACCCACGACTGC-1,0.000015,0.00297,0.609755,0.38726
GCCGATTGGCCAAGCT-1,0.000009,0.021188,0.853902,0.124901
GCCGCACTCCGTTTCA-1,0.020158,0.133781,0.760104,0.085957
GCCGCATTAGTCCGGC-1,0.000014,0.007157,0.752556,0.240273
GCCGCTAGATACGCAG-1,0.602729,0.215332,0.16772,0.014219
GCCGCTTGTGAGAAAC-1,0.000007,0.013818,0.748602,0.237573
GCCGGAAACACATCTT-1,0.178294,0.101639,0.072553,0.647514
GCCGGGTTAGGGTCGC-1,0.000007,0.001166,0.997437,0.00139
GCCGGTCGTATCTCTC-1,0.002406,0.000016,0.11731,0.880267
GCCGGTTTGGGCGGAT-1,0.004358,0.15807,0.074362,0.76321
GCCGTCGGTTTCGGGC-1,0.005707,0.000021,0.189389,0.804882
GCCGTGGAAGAAATGT-1,0.000116,0.083407,0.889917,0.02656
GCCTACGTTCTGTGCA-1,0.021211,0.02331,0.819273,0.136205
GCCTAGCGATCTGACC-1,0.000016,0.026003,0.827313,0.146668
GCCTATAGTGTCAGGG-1,0.013229,0.095939,0.419126,0.471707
GCCTATCAGGTAAGAT-1,0.444846,0.00101,0.005052,0.549091
GCCTATGCTGGGCCTT-1,0.701577,0.000078,0.021078,0.277267
GCCTATTCCGATATAG-1,0.003738,0.013231,0.364508,0.618523
GCCTATTTGCTACACA-1,0.093439,0.028285,0.090041,0.788235
GCCTCAGGTACCGGTC-1,0.000016,0.000016,0.310999,0.688969
GCCTCATCTGGAAATA-1,0.001465,0.028784,0.932047,0.037704
GCCTCCGACAATTCAC-1,0.018288,0.022128,0.656363,0.30322
GCCTCTATACATAGCA-1,0.00423,0.108715,0.515737,0.371318
GCCTGCTACACTGAGA-1,0.951154,0.048573,0.000171,0.000103
GCCTGTCCCGGTGCAT-1,0.000016,0.045465,0.40094,0.553579
GCCTTCAGCCCTACCG-1,0.000017,0.175734,0.639811,0.184439
GCCTTGTATATGCAGT-1,0.00001,0.014285,0.780098,0.205606
GCCTTTGTCAGTGGAC-1,0.034442,0.000061,0.000304,0.965194
GCGAAACGATCGGGAG-1,0.016745,0.044083,0.610784,0.328388
GCGAAACTTAACTGGA-1,0.000006,0.02349,0.914356,0.062148
GCGAAGAATCTGACGG-1,0.008085,0.009183,0.383568,0.599163
GCGAAGCCATACCCGT-1,0.017874,0.009306,0.293827,0.678992
GCGAATGGACTAGCGA-1,0.002432,0.029544,0.718462,0.249562
GCGACATGTAAACATC-1,0.012172,0.129247,0.617891,0.240691
GCGACCCAACCATCTG-1,0.012928,0.126469,0.08194,0.778662
GCGACGATAGTTGTAC-1,0.011673,0.008171,0.541339,0.438817
GCGACGGTAGTCTCCT-1,0.025365,0.004593,0.246475,0.723567
GCGAGAAACGGGAGTT-1,0.012074,0.003933,0.063289,0.920705
GCGAGAGGCCATGTAA-1,0.795471,0.000048,0.00024,0.204241
GCGAGAGTTGCGTCCA-1,0.000011,0.156479,0.597321,0.24619
GCGAGCGCATGCTCCC-1,0.00619,0.079567,0.713366,0.200877
GCGAGGCCCGAGCAGA-1,0.000313,0.037831,0.611275,0.350581
GCGAGGGACTGCTAGA-1,0.000028,0.002479,0.073825,0.923668
GCGAGTTCTGCAAAGA-1,0.030331,0.048683,0.836342,0.084644
GCGATGTCTGTGCTTG-1,0.014926,0.01388,0.545523,0.42567
GCGATTCTGGAAGCAG-1,0.081569,0.453686,0.464271,0.000474
GCGATTGTTAACGTTA-1,0.026701,0.067896,0.360007,0.545396
GCGCAAATATATTCAA-1,0.131635,0.000028,0.00014,0.868196
GCGCAAGAGCGCGCTG-1,0.004266,0.03198,0.516194,0.44756
GCGCATCCAGTCAGCA-1,0.000008,0.183679,0.800263,0.01605
GCGCCGTTCCACGATA-1,0.00001,0.026495,0.716578,0.256917
GCGCCTCCCACTCCGA-1,0.01102,0.082277,0.845041,0.061661
GCGCGATGGGTCAAGT-1,0.087955,0.083455,0.139903,0.688687
GCGCGGTCTAGTAACT-1,0.0056,0.002027,0.625654,0.36672
GCGCGTCATTGGTACA-1,0.002523,0.019865,0.939074,0.038538
GCGCGTTTAAATCGTA-1,0.000015,0.000015,0.116737,0.883234
GCGCTAAGTATGCATG-1,0.999676,0.000036,0.00018,0.000108
GCGCTAATTGAATAGA-1,0.008175,0.026298,0.772742,0.192786
GCGCTATGCCGAGGCA-1,0.000702,0.030142,0.537336,0.431819
GCGCTCGATCACCTGT-1,0.175571,0.200728,0.123273,0.500427
GCGCTGATCCAGACTC-1,0.772309,0.050671,0.008714,0.168306
GCGCTGCTTTGCATTT-1,0.005166,0.081036,0.722646,0.191151
GCGCTGGCGGAAAGTC-1,0.009962,0.000016,0.045052,0.944971
GCGCTTAAATAATTGG-1,0.002284,0.018411,0.31154,0.667764
GCGGACCGCGTTGTGG-1,0.000017,0.030447,0.770596,0.198941
GCGGAGAAACTTCGCA-1,0.066704,0.049047,0.025645,0.858604
GCGGAGAGGGAGAACG-1,0.001711,0.062519,0.636431,0.299339
GCGGCAAAGTATTGCC-1,0.125297,0.032134,0.000114,0.842455
GCGGCTCTGACGTACC-1,0.047764,0.004168,0.164016,0.784052
GCGGCTTTAGCAAGTT-1,0.016329,0.020719,0.777811,0.185142
GCGGGAACCAGGCCCT-1,0.000017,0.112321,0.347005,0.540658
GCGGGCAGACGGGTGA-1,0.00001,0.006503,0.51194,0.481547
GCGGGCATTACGATGC-1,0.645401,0.032822,0.000212,0.321565
GCGGGCGAGCCTTACC-1,0.184691,0.026686,0.028999,0.759624
GCGGTAACCCAAATGA-1,0.011223,0.000017,0.020991,0.967769
GCGGTCCCGGTGAAGG-1,0.884968,0.000049,0.000246,0.114737
GCGGTCCCTAGACGCA-1,0.013949,0.09238,0.127806,0.765865
GCGGTCTTGCTTTCAC-1,0.013439,0.021266,0.663642,0.301654
GCGGTGAACTGCGCTC-1,0.55798,0.236797,0.077793,0.12743
GCGGTGCGGAGCATCG-1,0.000016,0.000016,0.493114,0.506855
GCGGTTCCCTATCATG-1,0.000011,0.022153,0.894119,0.083717
GCGTAAATGGCCATAA-1,0.004766,0.055159,0.76088,0.179195
GCGTCCAGCTCGTGGC-1,0.000017,0.093733,0.598581,0.307669
GCGTCCCTAAGACATA-1,0.000018,0.095601,0.570036,0.334345
GCGTCGAAATGTCGGT-1,0.059471,0.257561,0.123559,0.55941
GCGTCGCCAGGGTGAT-1,0.094524,0.000037,0.012053,0.893386
GCGTCGTAACATGGTC-1,0.000007,0.008101,0.893711,0.098181
GCGTCTAACCTCCTAA-1,0.816551,0.053591,0.07935,0.050508
GCGTCTCTGCATTGGG-1,0.001137,0.072144,0.615756,0.310962
GCGTGGTACTGGGTTA-1,0.000223,0.063166,0.799301,0.13731
GCGTGTATGTCGTATT-1,0.253201,0.000353,0.001767,0.744679
GCGTTATATTTGGAAC-1,0.000011,0.018042,0.859628,0.122318
GCGTTCGGAGACCGGG-1,0.901187,0.000046,0.00023,0.098537
GCGTTCTGACTAAGCG-1,0.35014,0.258154,0.001887,0.389819
GCTAAACCTGAGGTGA-1,0.002271,0.002121,0.042631,0.952977
GCTAACTGAAGTCTGA-1,0.00698,0.019925,0.642069,0.331026
GCTAAGTAAAGGCGAT-1,0.002009,0.000983,0.677666,0.319342
GCTAAGTAGTTTCTCT-1,0.027698,0.004494,0.135055,0.832753
GCTAATACCGAATGCC-1,0.00001,0.152572,0.536433,0.310985
GCTACAATCGAGGATA-1,0.004832,0.177047,0.677906,0.140215
GCTACACTGTCCGAAC-1,0.050909,0.00231,0.013373,0.933407
GCTACAGTACGGACCG-1,0.000024,0.000024,0.38492,0.615032
GCTACGACTTATTGGG-1,0.00001,0.042727,0.90295,0.054314
GCTACTATAGTAGAGT-1,0.014123,0.000018,0.334636,0.651223
GCTACTCGGACGCAGA-1,0.024141,0.000025,0.142448,0.833386
GCTAGACCGTCTACTG-1,0.026698,0.05858,0.37294,0.541781
GCTAGAGTAGAGATGT-1,0.012487,0.01972,0.704163,0.26363
GCTAGCACCTGGGCCA-1,0.065887,0.326397,0.275682,0.332034
GCTAGCAGGGAGTGGG-1,0.765538,0.000054,0.000269,0.234139
GCTAGCGATAGGTCTT-1,0.000018,0.000018,0.468669,0.531295
GCTAGCTTGAATAGCT-1,0.004832,0.02122,0.593662,0.380286
GCTAGGCACCACGGAG-1,0.009178,0.045848,0.859817,0.085157
GCTAGTAGAGCTTGTA-1,0.007806,0.022076,0.824306,0.145812
GCTAGTTTCATTGAGG-1,0.000014,0.022527,0.709752,0.267707
GCTATACGTCTCGGAC-1,0.000013,0.017511,0.82306,0.159416
GCTATCATACTCATGG-1,0.008485,0.016676,0.740169,0.23467
GCTATCGCGGCGCAAC-1,0.000009,0.005578,0.65793,0.336483
GCTATGCCAGCTTATG-1,0.070304,0.000031,0.002749,0.926915
GCTCAACCTCTTAGAG-1,0.000158,0.00002,0.273854,0.725968
GCTCAATCCGTTTATT-1,0.00905,0.099369,0.406019,0.485562
GCTCAATGTAATACCG-1,0.001885,0.062568,0.846929,0.088617
GCTCATTACTGCATGT-1,0.878567,0.121099,0.000209,0.000125
GCTCATTGATCATATC-1,0.015476,0.001135,0.613547,0.369842
GCTCCATGAGTGCAGA-1,0.171607,0.108455,0.220666,0.499272
GCTCCATGCAAAGCAA-1,0.031178,0.001147,0.160813,0.806862
GCTCCCAGTCGGTCCA-1,0.030744,0.072898,0.316924,0.579434
GCTCCGCTCGCTTCAG-1,0.00093,0.045831,0.851462,0.101778
GCTCCGGACGTTGATA-1,0.965183,0.000044,0.015278,0.019496
GCTCCTGACATACTGG-1,0.049982,0.167643,0.009071,0.773304
GCTCGACCGAACTGAA-1,0.999693,0.000034,0.00017,0.000102
GCTCGCGGTTCCGCTC-1,0.012236,0.000027,0.014539,0.973198
GCTCGCTCATGTCCAA-1,0.00782,0.097547,0.43342,0.461213
GCTCGGAATTTAAAGC-1,0.001861,0.391652,0.484051,0.122437
GCTCTAAACCCTGACG-1,0.00001,0.04694,0.881884,0.071165
GCTCTATGTTACGTGC-1,0.027377,0.049535,0.500963,0.422125
GCTCTCGGGTACCGAA-1,0.00008,0.014178,0.829608,0.156133
GCTCTTTCCGCTAGTG-1,0.015723,0.010297,0.780122,0.193857
GCTGAACTCTCCAGGG-1,0.009371,0.304495,0.431065,0.255069
GCTGAAGGGTTCTTGG-1,0.007419,0.057446,0.003977,0.931158
GCTGAATCTTCCAATC-1,0.071062,0.000047,0.000237,0.928654
GCTGAGCAACGGTTCT-1,0.000009,0.005239,0.777664,0.217089
GCTGAGGCGTGAGTAT-1,0.000009,0.019695,0.906997,0.073298
GCTGCACGGTTTCTTA-1,0.006523,0.061473,0.310926,0.621078
GCTGCGAAGAATTATT-1,0.004729,0.003936,0.475366,0.515969
GCTGCGCCTCCCACGT-1,0.000014,0.008806,0.81061,0.180569
GCTGCTAAGTAGTCGA-1,0.143757,0.000043,0.017155,0.839044
GCTGCTACTGCGTAGC-1,0.010622,0.279764,0.137772,0.571842
GCTGCTCTCCGGACAC-1,0.008176,0.060677,0.67746,0.253687
GCTGGACCCAAAGTGG-1,0.33817,0.516222,0.129142,0.016465
GCTGGCAGGTGCCGTG-1,0.000016,0.035939,0.422695,0.54135
GCTGGCATATTCACCT-1,0.00052,0.003049,0.275534,0.720897
GCTGGCGGCGCATGCT-1,0.021839,0.000029,0.036336,0.941797
GCTGGGAGCGCGTCAA-1,0.01206,0.004849,0.859277,0.123815
GCTGGGTCCGCTGTTA-1,0.006491,0.000097,0.022067,0.971345
GCTGGTGACTCGTAGT-1,0.954924,0.000053,0.000264,0.044759
GCTGGTTTAGGCCATA-1,0.079372,0.000062,0.000309,0.920257
GCTGTATTACTGGCCC-1,0.012523,0.000024,0.22742,0.760033
GCTGTCTGTGATCGAC-1,0.899139,0.055835,0.000214,0.044811
GCTGTTGCTACCGAAC-1,0.011604,0.050879,0.592674,0.344844
GCTTAATGTAACTAAC-1,0.00786,0.012295,0.821851,0.157995
GCTTACGTAGTTAGTA-1,0.001717,0.101899,0.836759,0.059626
GCTTAGGGAAGCGGTA-1,0.990433,0.009326,0.000151,0.00009
GCTTATGAAGCAGGAA-1,0.003899,0.018165,0.836845,0.141092
GCTTCAGTGGGATTAC-1,0.894617,0.064237,0.000248,0.040899
GCTTCCAGCTTAGATT-1,0.000022,0.017318,0.083206,0.899453
GCTTCCCGTAAGCTCC-1,0.012073,0.016655,0.293582,0.67769
GCTTCCGTCCCTAGAC-1,0.017657,0.060135,0.366334,0.555875
GCTTCGACGTTCAATC-1,0.000019,0.00127,0.528115,0.470596
GCTTGATGATAATCAG-1,0.01595,0.016792,0.562711,0.404547
GCTTGCAGCACAATTG-1,0.976754,0.000064,0.00032,0.022862
GCTTGGATCGATTAGG-1,0.000014,0.122851,0.786848,0.090287
GCTTTCAGAGGAGGTG-1,0.039532,0.077035,0.600046,0.283387
GCTTTCTATCTCAACT-1,0.718083,0.172133,0.102338,0.007446
GCTTTGCTGCCGGGTA-1,0.932755,0.015558,0.026685,0.025001
GGAAACAGAGCTTGGG-1,0.000008,0.004983,0.750145,0.244863
GGAAACCTTGTTGAAT-1,0.917988,0.008537,0.042483,0.030992
GGAAACTAAATGGGCC-1,0.070272,0.110869,0.50025,0.318608
GGAAAGGGAATTGAGC-1,0.026147,0.028141,0.494556,0.451156
GGAAAGTCTTGATTGT-1,0.000015,0.000015,0.232823,0.767146
GGAAAGTGCCCATGCC-1,0.560601,0.239466,0.090388,0.109544
GGAACCCGAACAAGAA-1,0.002482,0.000017,0.064375,0.933125
GGAACCGTGTAAATTG-1,0.009919,0.013462,0.541545,0.435074
GGAACCTTGACTCTGC-1,0.085079,0.00271,0.000355,0.911857
GGAACGGCCTGCAGCC-1,0.008886,0.001263,0.078479,0.911372
GGAACTCGTGAATACG-1,0.007578,0.003091,0.296567,0.692763
GGAACTTTGGCGATTA-1,0.008755,0.10106,0.640117,0.250068
GGAAGATAAGACTGTA-1,0.999815,0.000021,0.000103,0.000062
GGAAGCTCGCTTACAG-1,0.817619,0.09409,0.000216,0.088074
GGAAGGACACCGTATA-1,0.000692,0.02026,0.714953,0.264095
GGAATAACCTCAAGAA-1,0.097439,0.460399,0.363786,0.078376
GGAATGCGCTAGCGTG-1,0.00208,0.078926,0.394676,0.524318
GGACAACCATGAAGCC-1,0.016839,0.028774,0.510541,0.443846
GGACAAGTTGCAGTGA-1,0.004563,0.000479,0.112602,0.882357
GGACACAAGTTTACAC-1,0.05749,0.023711,0.283754,0.635045
GGACACCTCGGTGTTG-1,0.012322,0.011064,0.429163,0.547451
GGACCAACAGGATAAC-1,0.030336,0.041516,0.219097,0.709051
GGACCTACGGTAACGT-1,0.912618,0.000041,0.007163,0.080178
GGACCTCTAGGCCGCC-1,0.066269,0.000064,0.000318,0.93335
GGACGGCTTGCGCAAC-1,0.981436,0.008022,0.000176,0.010366
GGACGTCCATAGTTGG-1,0.918348,0.000039,0.000194,0.081419
GGACTAAGTCAGGAGT-1,0.000012,0.00181,0.852441,0.145737
GGACTCACAAATTAGG-1,0.032803,0.137004,0.607481,0.222712
GGACTCGAAGCTTTCA-1,0.122478,0.126867,0.446895,0.30376
GGACTCGACAGCGCAT-1,0.001824,0.001089,0.669845,0.327241
GGACTCGTGAGTGGTC-1,0.000012,0.00512,0.901502,0.093366
GGACTCTTCCGGTTGA-1,0.013221,0.244067,0.526743,0.215969
GGACTCTTTGACTAAG-1,0.016195,0.050981,0.580349,0.352475
GGAGAAGTCATTGGCA-1,0.010878,0.003456,0.518875,0.466791
GGAGACATTCACGGGC-1,0.000036,0.006894,0.602975,0.390094
GGAGACCAATGTGCTT-1,0.918429,0.000047,0.000233,0.081292
GGAGACCATCTACATA-1,0.019593,0.020476,0.002493,0.957439
GGAGACGACACCTTTG-1,0.000011,0.044487,0.858461,0.097041
GGAGCAACATTTCAAG-1,0.005315,0.193903,0.209264,0.591518
GGAGCACCAAGAACTA-1,0.013289,0.195894,0.572324,0.218493
GGAGCGAGGCCTACTT-1,0.000014,0.043938,0.215975,0.740074
GGAGGAGTGTGTTTAT-1,0.000022,0.001241,0.171785,0.826952
GGAGGATTGAAAGGAG-1,0.506477,0.166935,0.107757,0.21883
GGAGGCCGAAGTCGTC-1,0.016762,0.068472,0.790133,0.124633
GGAGGCGAAGAACCGC-1,0.941773,0.038157,0.016808,0.003262
GGAGGGCTTGGTTGGC-1,0.00001,0.071037,0.786863,0.14209
GGAGGGTCAAGTAAGA-1,0.00233,0.130105,0.741036,0.126529
GGAGTACACATGAGCT-1,0.000007,0.001597,0.991419,0.006977
GGAGTGCCGCCCTGGA-1,0.024507,0.183615,0.629042,0.162836
GGATACTCATGAATTG-1,0.000024,0.199691,0.498666,0.301619
GGATCAAAGGACGAGG-1,0.087628,0.244466,0.025982,0.641925
GGATCAGAGCCATCAG-1,0.014206,0.000031,0.008425,0.977337
GGATCATCCCGTACGC-1,0.905465,0.037301,0.000204,0.057029
GGATCCCTACCAGCTA-1,0.00002,0.00002,0.021981,0.977979
GGATCCGGAATATACT-1,0.000009,0.014995,0.783411,0.201585
GGATCTACCGTTCGTC-1,0.006934,0.002496,0.495228,0.495343
GGATCTTACTGCCCTT-1,0.004016,0.008511,0.430829,0.556644
GGATCTTGACTCAACC-1,0.00001,0.005984,0.791624,0.202382
GGATGAAGATCGCTGA-1,0.000365,0.073142,0.593092,0.333401
GGATGACGCGAGTTTA-1,0.000015,0.080576,0.646257,0.273151
GGATGCTGGCGTTCCT-1,0.002903,0.000021,0.318235,0.678841
GGATGGCTTGAAGTAT-1,0.000006,0.022343,0.975241,0.00241
GGATGTCCTTACCGCA-1,0.006373,0.068775,0.774896,0.149956
GGATTAAGCTAAGGTC-1,0.709419,0.267001,0.023499,0.00008
GGATTAATCATGGACC-1,0.013021,0.017931,0.66216,0.306887
GGATTCAGTACGGTGG-1,0.01393,0.000027,0.050298,0.935745
GGATTCCGCTATACCC-1,0.512875,0.044681,0.000622,0.441822
GGATTGCTGTGACTCC-1,0.000014,0.005405,0.846863,0.147719
GGATTTCACTTCTATA-1,0.004978,0.12392,0.488786,0.382316
GGCAAAGGCGCCAATA-1,0.007766,0.063987,0.324051,0.604197
GGCAAATTACTTTACT-1,0.000012,0.014887,0.666383,0.318719
GGCAAGCCAGGGATAG-1,0.71487,0.045784,0.001512,0.237835
GGCAAGCCCATAGTGG-1,0.00001,0.010864,0.948431,0.040695
GGCAAGGCGAAATAGC-1,0.005186,0.066271,0.461741,0.466801
GGCAATAGTCAATGAG-1,0.042548,0.074317,0.440422,0.442713
GGCACTCAGCCGACCC-1,0.031596,0.151957,0.6743,0.142147
GGCACTCCACTGGGCA-1,0.000015,0.025596,0.649641,0.324747
GGCAGAGAGATCGGGA-1,0.001449,0.000052,0.609989,0.38851
GGCAGCAAACCTATGC-1,0.004369,0.047632,0.918451,0.029548
GGCAGCGGTAATCCTA-1,0.475804,0.360743,0.163392,0.000061
GGCATACAGGTAGCGG-1,0.000019,0.019813,0.535721,0.444447
GGCATATCGGTTCTGC-1,0.276833,0.174463,0.195478,0.353226
GGCATCAACGAGCACG-1,0.088454,0.293308,0.389956,0.228281
GGCATTGAACATCTCA-1,0.0065,0.003399,0.749379,0.240721
GGCCAATTGTATAGAC-1,0.036593,0.217783,0.435278,0.310346
GGCCACAAGCGATGGC-1,0.000012,0.117494,0.424123,0.458371
GGCCACACGAAAGCCT-1,0.000016,0.000016,0.264995,0.734974
GGCCCAATCTAGAGGG-1,0.881347,0.015166,0.103367,0.00012
GGCCCAGCTGGTTTGC-1,0.002947,0.025059,0.783567,0.188428
GGCCCAGTTATCAGCA-1,0.829216,0.007213,0.000315,0.163256
GGCCCGGAGCATGTCT-1,0.189584,0.182594,0.000662,0.62716
GGCCCGTATACCATGC-1,0.134785,0.531081,0.252319,0.081814
GGCCCTCACCCACTTA-1,0.000016,0.004691,0.604332,0.390961
GGCCGAGACTCTGGTG-1,0.002216,0.037786,0.389998,0.57
GGCCGGCGTCTGCTAT-1,0.000006,0.002201,0.99363,0.004164
GGCCGTTTGGGTTTCA-1,0.059287,0.052769,0.058251,0.829694
GGCCTGCTCTGATGTT-1,0.010199,0.013237,0.948472,0.028092
GGCCTGCTTCTCCCGA-1,0.039924,0.143387,0.501537,0.315153
GGCCTTTGCAACTGGC-1,0.000012,0.005171,0.604298,0.390519
GGCGAAATCTAACTTG-1,0.003217,0.050213,0.487753,0.458817
GGCGAACCGTTCTGAT-1,0.892363,0.023987,0.000268,0.083382
GGCGAGCATCGAGGAC-1,0.007257,0.052128,0.198858,0.741756
GGCGAGCGAAACGGCA-1,0.031932,0.000022,0.000108,0.967939
GGCGCAGGACATCTTC-1,0.000011,0.081899,0.810698,0.107391
GGCGCATGAATTGATG-1,0.000009,0.019898,0.897608,0.082486
GGCGCGGAGATCTTTC-1,0.00001,0.026768,0.914096,0.059126
GGCGCGTTCGAGTTTA-1,0.006465,0.000028,0.227311,0.766196
GGCGCTCCTCATCAAT-1,0.000012,0.00183,0.629755,0.368403
GGCGCTTCATTCCCTG-1,0.004546,0.000019,0.177025,0.818409
GGCGGAGTAATATTAG-1,0.000009,0.025463,0.86754,0.106988
GGCGGGCTCTAAGAGT-1,0.1169,0.448203,0.324391,0.110507
GGCGGTAGGATCATTG-1,0.03414,0.041114,0.624883,0.299863
GGCGGTTTGCCGGTGC-1,0.000015,0.023012,0.561351,0.415622
GGCGTACCCTATATAA-1,0.046165,0.397944,0.273091,0.2828
GGCGTAGGGAAAGCTG-1,0.000006,0.036428,0.937564,0.026002
GGCGTCCTATCCGCTG-1,0.000007,0.039028,0.933746,0.027219
GGCTAAAGGGCGGGTC-1,0.688082,0.100999,0.000183,0.210736
GGCTAATGATTGAAAT-1,0.402296,0.074282,0.211506,0.311916
GGCTACTATACACTCC-1,0.000015,0.009608,0.893369,0.097009
GGCTATTAAGTTGTAT-1,0.000016,0.010859,0.654682,0.334443
GGCTCCTCCACCTGTT-1,0.039272,0.000048,0.000242,0.960437
GGCTCGCGTTGAGGTA-1,0.008145,0.15624,0.774489,0.061126
GGCTCGTGCCACCAGC-1,0.000012,0.040406,0.777695,0.181887
GGCTCTGCTCCAACGC-1,0.000009,0.242754,0.719828,0.037409
GGCTGAAATAGCAAAG-1,0.00001,0.099691,0.532041,0.368258
GGCTGAGCATCGTAAG-1,0.986442,0.001877,0.000214,0.011467
GGCTGGCAATCCCACG-1,0.018626,0.025394,0.45948,0.496499
GGCTGGCAGCTTTATG-1,0.000013,0.000013,0.173341,0.826632
GGCTGGCTAGCTTAAA-1,0.008624,0.016594,0.075749,0.899033
GGCTGTCCTACTGCGG-1,0.000023,0.000023,0.010199,0.989756
GGCTTCTCGTGGGTGG-1,0.008113,0.043592,0.549423,0.398873
GGCTTGGCTCTCACCT-1,0.00002,0.00002,0.440891,0.559069
GGCTTTCAATAAGGGT-1,0.000011,0.006283,0.888588,0.105118
GGGAAAGAATGCCAAC-1,0.01844,0.222845,0.722334,0.036382
GGGAACCACCTGTTTC-1,0.019214,0.166959,0.530209,0.283618
GGGAACGGGAGGTTAG-1,0.037656,0.001053,0.101509,0.859781
GGGAACGGTTTCAGAT-1,0.000015,0.010032,0.759477,0.230475
GGGAAGACGGTCTGTC-1,0.001892,0.02833,0.685971,0.283808
GGGAAGGGCTTTCTCA-1,0.029227,0.033008,0.619265,0.318501
GGGAATGAGCCCTCAC-1,0.941011,0.000378,0.010439,0.048172
GGGAATTCTGTCCAGT-1,0.000018,0.039707,0.578847,0.381429
GGGACAGAGTTACTCC-1,0.203928,0.000062,0.003488,0.792523
GGGACCCGTATATCTT-1,0.087297,0.000042,0.00021,0.912451
GGGACTGCATAGATAG-1,0.000006,0.029291,0.965262,0.005442
GGGAGAACTCACAGTA-1,0.004686,0.033182,0.738395,0.223736
GGGAGCGACCGTAGTG-1,0.00764,0.069353,0.584782,0.338225
GGGAGGATGCCCGAAA-1,0.021639,0.113104,0.703221,0.162036
GGGAGTAATGGCTGGC-1,0.043834,0.078265,0.244607,0.633295
GGGAGTTAATGAGGCG-1,0.019376,0.022542,0.513172,0.444909
GGGATACGGTAATAAT-1,0.010066,0.004729,0.431866,0.553339
GGGATATTGATCGCCA-1,0.000015,0.000015,0.61809,0.38188
GGGATCCCAATACAAA-1,0.938795,0.000025,0.000127,0.061053
GGGATGGACCCGCGTC-1,0.049745,0.000031,0.000154,0.950071
GGGATGGTCGTAACCG-1,0.000006,0.00007,0.999467,0.000457
GGGATTATCTCACAAC-1,0.00002,0.00002,0.278085,0.721875
GGGATTTACCGCACCT-1,0.006434,0.020202,0.458567,0.514797
GGGCAACCGCACGTGC-1,0.025721,0.150265,0.291153,0.532861
GGGCACGAATTGGCCG-1,0.006419,0.012463,0.683504,0.297614
GGGCACGTAGTACTGT-1,0.000503,0.00081,0.092984,0.905703
GGGCAGACGTCACTGC-1,0.065484,0.01122,0.008147,0.915149
GGGCAGAGCAATCGTT-1,0.012153,0.092817,0.222312,0.672718
GGGCAGGATTTCTGTG-1,0.028652,0.000031,0.000153,0.971164
GGGCAGTCAACGCCAA-1,0.00558,0.016276,0.789333,0.188811
GGGCATGCATGTCGAG-1,0.011603,0.004581,0.787222,0.196594
GGGCCATTCGTGCTGG-1,0.016717,0.000054,0.00027,0.982959
GGGCCCGTCTTAAACA-1,0.000006,0.121911,0.536696,0.341386
GGGCCCTACGAAAGGG-1,0.000005,0.001433,0.950045,0.048517
GGGCCCTTATCTATAC-1,0.000022,0.000022,0.516981,0.482976
GGGCCGGCCGAAGTAC-1,0.021879,0.017575,0.457881,0.502665
GGGCCTAAATGGGCTA-1,0.00001,0.010783,0.79992,0.189287
GGGCCTATACAACCGG-1,0.999709,0.000032,0.000162,0.000097
GGGCCTATTTAAGTAT-1,0.23213,0.432283,0.314329,0.021258
GGGCGAATTTCTCCAC-1,0.000013,0.004172,0.802728,0.193087
GGGCGATATGTGTGAA-1,0.015775,0.095104,0.565943,0.323179
GGGCGATCCATAGGCC-1,0.1277,0.145128,0.001613,0.725558
GGGCGCAGCGTTACTC-1,0.582224,0.061632,0.000338,0.355806
GGGCGGCAAATGAATT-1,0.000008,0.017943,0.93492,0.047129
GGGCGGGTTCCCTACG-1,0.000009,0.000009,0.931456,0.068527
GGGCGGTCCTATTGTC-1,0.000018,0.017257,0.400834,0.581891
GGGCGTACATTTATAT-1,0.030964,0.07283,0.379559,0.516648
GGGCGTCACCACGTAA-1,0.007215,0.009207,0.350248,0.63333
GGGCGTCCACTGGCTC-1,0.608086,0.001299,0.153993,0.236622
GGGCGTGGTTTCCCAG-1,0.001834,0.029233,0.863007,0.105926
GGGCGTTTACATTCAT-1,0.017419,0.000034,0.21795,0.764597
GGGCTACTATTTCGTG-1,0.000041,0.000041,0.000204,0.999714
GGGCTATGATCGATGG-1,0.11822,0.004388,0.014103,0.863288
GGGCTCATCGAACCCA-1,0.007605,0.316614,0.488971,0.18681
GGGCTGCCTAGGGCGA-1,0.000634,0.062267,0.66278,0.274319
GGGCTGGTTAGTCGCG-1,0.000012,0.023519,0.730806,0.245663
GGGTAATGCTGTGTTT-1,0.005394,0.01066,0.175723,0.808224
GGGTACACTCTGGAGG-1,0.000027,0.000027,0.068527,0.93142
GGGTACCCACGGTCCT-1,0.042032,0.079802,0.428808,0.449359
GGGTACTTCATGAACT-1,0.008014,0.010911,0.457963,0.523112
GGGTATGTATGCACTT-1,0.000021,0.001079,0.265676,0.733224
GGGTATTCTAGCAAAC-1,0.003696,0.163109,0.305054,0.52814
GGGTCACCGTGACGGT-1,0.002803,0.016144,0.715735,0.265318
GGGTCACGTGCTTATG-1,0.999721,0.000031,0.000155,0.000093
GGGTCACTGAGTAGTG-1,0.986358,0.013362,0.000175,0.000105
GGGTCAGGAGCTAGAT-1,0.012835,0.003782,0.493375,0.490008
GGGTCATGCGTACCAT-1,0.000028,0.000028,0.076115,0.923829
GGGTCCTTGGAAGAAG-1,0.000015,0.081789,0.55715,0.361046
GGGTCGTGGCAAGTGT-1,0.354131,0.235527,0.009847,0.400494
GGGTCTATCGCTTTCC-1,0.001413,0.073136,0.677392,0.248059
GGGTGACACCTTAACT-1,0.000021,0.000482,0.399252,0.600245
GGGTGCATATGAAAGC-1,0.284976,0.376482,0.089083,0.249459
GGGTGGTCCAGCCTGT-1,0.360741,0.029027,0.520729,0.089503
GGGTGTTTCAGCTATG-1,0.157175,0.296695,0.447162,0.098968
GGGTTAACATTTGAGT-1,0.004693,0.222924,0.280835,0.491548
GGGTTCAGACGAACAA-1,0.019915,0.168644,0.399882,0.411559
GGGTTTAGGATAGGAT-1,0.012959,0.159247,0.591719,0.236074
GGGTTTCCGGCTTCCA-1,0.000015,0.003905,0.244117,0.751963
GGTAAACTCTGCGCTG-1,0.029715,0.074493,0.432275,0.463517
GGTAAATGTGCGTTAC-1,0.635448,0.220661,0.077568,0.066323
GGTAACCGGCAAAGGT-1,0.000028,0.061387,0.558158,0.380426
GGTAACCGGGAGGATA-1,0.180437,0.001953,0.012688,0.804922
GGTAACTATGTATCTG-1,0.081986,0.139099,0.195972,0.582943
GGTACAAACATGCTAT-1,0.034518,0.012207,0.217808,0.735467
GGTACACCAGATTTAT-1,0.869565,0.047104,0.015718,0.067613
GGTACATCTGGGACGA-1,0.002019,0.000019,0.301869,0.696093
GGTACCATTAAGACGG-1,0.000186,0.215811,0.630138,0.153865
GGTACGTTGCGGCCGG-1,0.000005,0.060623,0.869502,0.06987
GGTACTAAGTGCTTTG-1,0.000032,0.207923,0.718685,0.073359
GGTAGAAGACCGCCTG-1,0.020632,0.097019,0.211321,0.671027
GGTAGACCGTTGGGCG-1,0.017596,0.025572,0.078983,0.877849
GGTAGGCCAATATCAC-1,0.000394,0.111556,0.71391,0.17414
GGTAGTGCTCGCACCA-1,0.01201,0.029521,0.766174,0.192296
GGTATAGTGACACATA-1,0.016659,0.373684,0.209339,0.400318
GGTATCAAGCATAGAA-1,0.000009,0.006624,0.422253,0.571114
GGTATGAAAGAACTGA-1,0.009262,0.017997,0.772009,0.200732
GGTATTGCCGAGTTTA-1,0.000022,0.054155,0.498576,0.447246
GGTCAAGACTACTTCG-1,0.004556,0.065353,0.717464,0.212627
GGTCACGTTAGATTCA-1,0.023305,0.048703,0.782479,0.145513
GGTCAGTGGGTCCCAC-1,0.000016,0.010106,0.85801,0.131869
GGTCATTGTAGTCATA-1,0.969874,0.015301,0.000147,0.014678
GGTCCACGTCTATTTG-1,0.003528,0.000026,0.085977,0.910469
GGTCCCATAACATAGA-1,0.999726,0.00003,0.000152,0.000091
GGTCCTTCATACGACT-1,0.00017,0.026505,0.32593,0.647395
GGTCGGATAAACGGCG-1,0.052099,0.330073,0.015149,0.602679
GGTCGGCCAGGAGCTT-1,0.000005,0.00571,0.955634,0.038651
GGTCGGTAATTAGACA-1,0.010951,0.014356,0.242577,0.732115
GGTCGGTCGTCCACAG-1,0.245014,0.123681,0.011731,0.619574
GGTCGTAAGCTCGCAC-1,0.000011,0.008896,0.9143,0.076794
GGTCTCCAAGTAGTGC-1,0.120542,0.251814,0.090617,0.537028
GGTCTCCGTCCAGGTT-1,0.00001,0.015073,0.927409,0.057508
GGTCTCTGAATGGACT-1,0.001418,0.062295,0.588063,0.348224
GGTCTGAGAATCTGGA-1,0.000009,0.050914,0.903572,0.045505
GGTCTTGAGCGCTCTT-1,0.020631,0.007439,0.742862,0.229068
GGTCTTGGTGTTAACT-1,0.000022,0.000022,0.185554,0.814402
GGTGAAACCGGGAATG-1,0.031095,0.283789,0.28922,0.395896
GGTGAACGGGCTAGCC-1,0.000016,0.0263,0.186514,0.78717
GGTGAAGTACAGGGAT-1,0.006427,0.000026,0.225235,0.768311
GGTGACTGATAGAGAG-1,0.684118,0.078022,0.001069,0.23679
GGTGAGATGCAGATAA-1,0.000008,0.10501,0.771239,0.123744
GGTGATAAGGAGCAGT-1,0.017781,0.052082,0.689568,0.240569
GGTGATGAAGGAAGTG-1,0.000024,0.00039,0.476496,0.52309
GGTGATTTCATCTTGT-1,0.003606,0.221256,0.103899,0.671239
GGTGCAGAGCCTATCG-1,0.820035,0.008549,0.000287,0.171129
GGTGCATAAATGATTA-1,0.000014,0.000014,0.302387,0.697586
GGTGCGGATAAGTGGC-1,0.052433,0.054553,0.118765,0.774249
GGTGCTGATCACAAAG-1,0.020209,0.022419,0.285024,0.672348
GGTGCTGGTACACATT-1,0.00001,0.004251,0.959527,0.036212
GGTGGACCACGTGTTA-1,0.938231,0.000047,0.000235,0.061486
GGTGGACTGCTCTGGC-1,0.004134,0.050784,0.530348,0.414734
GGTGGAGGTTGATACG-1,0.004765,0.109965,0.862954,0.022316
GGTGGGATTAGGTCCC-1,0.000018,0.000018,0.477142,0.522821
GGTGTAAATCGATTGT-1,0.016983,0.002131,0.413551,0.567335
GGTGTAGGTAAGTAAA-1,0.000047,0.005661,0.767107,0.227185
GGTGTTCTGTTTCTAC-1,0.883877,0.007354,0.000298,0.108471
GGTGTTGGGCGTCTTA-1,0.099347,0.168434,0.340898,0.391321
GGTTACCACCCTCGGG-1,0.012476,0.000029,0.061166,0.926329
GGTTACCCGACACTTT-1,0.649712,0.186606,0.039726,0.123956
GGTTACCGCTCCCTAC-1,0.008363,0.000166,0.459243,0.532228
GGTTAGCTATATGTCT-1,0.021285,0.123418,0.611564,0.243733
GGTTAGGCTTGGAGAA-1,0.002173,0.019814,0.329313,0.648701
GGTTAGGGATGCTAAT-1,0.012604,0.000015,0.229222,0.758158
GGTTAGTTACGGCGCC-1,0.000013,0.00244,0.623065,0.374482
GGTTCCACCCGCTTCT-1,0.978517,0.021193,0.000181,0.000109
GGTTCCCTAGTGTCTC-1,0.984036,0.015744,0.000138,0.000083
GGTTCCGTACGACTAA-1,0.012605,0.004637,0.138001,0.844757
GGTTCGATGCTGAGTT-1,0.833226,0.00429,0.000268,0.162217
GGTTCGGATTATACTA-1,0.000019,0.000019,0.562038,0.437924
GGTTCTACTCGTCTGA-1,0.000012,0.044406,0.780813,0.174769
GGTTGTATCGTGAAAT-1,0.103225,0.26206,0.227358,0.407356
GGTTGTGCTCTTGTCC-1,0.000831,0.000016,0.464576,0.534577
GGTTGTGTAGCCTGGC-1,0.0019,0.000017,0.176061,0.822022
GGTTTAATTACCATCG-1,0.000015,0.009817,0.80056,0.189608
GGTTTAATTGAGCAGG-1,0.661602,0.047755,0.155916,0.134727
GGTTTACAATCTCAAT-1,0.006053,0.264603,0.458133,0.271211
GGTTTAGCCTTTCTTG-1,0.005963,0.031199,0.885634,0.077205
GGTTTCAATCGGTCAG-1,0.000012,0.100847,0.837097,0.062044
GGTTTGACAAGAAGCT-1,0.993547,0.006208,0.000153,0.000092
GGTTTGAGTGCTGGAA-1,0.000024,0.148722,0.390205,0.46105
GGTTTGCGAACACGTA-1,0.822831,0.000054,0.000271,0.176844
GGTTTGTGACCTGAGG-1,0.00061,0.120616,0.860246,0.018529
GTAACAACTGACCTTG-1,0.999723,0.000031,0.000154,0.000092
GTAACAGGTTAACGGC-1,0.008871,0.010292,0.254625,0.726212
GTAACATCAGCTCATC-1,0.999663,0.000037,0.000187,0.000112
GTAACATCTAAGATAA-1,0.010931,0.024113,0.901535,0.063422
GTAACTACGTAGACCT-1,0.000013,0.000013,0.40385,0.596123
GTAACTGCCCAAGGAG-1,0.003228,0.01107,0.690409,0.295293
GTAACTTGCGGCAGTC-1,0.001047,0.22703,0.465869,0.306054
GTAAGCGGGCAGTCAG-1,0.004904,0.131618,0.35992,0.503558
GTAAGGATTTGTCGGA-1,0.299318,0.310398,0.389795,0.000489
GTAAGTAACAGTCTGG-1,0.001044,0.030022,0.829235,0.139699
GTAAGTAGGGTATACC-1,0.013203,0.012416,0.491804,0.482577
GTAAGTCCACACTCTA-1,0.056191,0.082997,0.670919,0.189893
GTAATAAAGGGCTCCC-1,0.02362,0.097674,0.832398,0.046308
GTAATCTGATTCTTCG-1,0.002677,0.040398,0.831897,0.125028
GTACACTTACCTGAAG-1,0.002105,0.047744,0.489463,0.460687
GTACAGAGGCAAGGGT-1,0.019059,0.059985,0.661848,0.259108
GTACGACGGCGCTGCG-1,0.035432,0.02526,0.147707,0.7916
GTACGAGATTGCGACA-1,0.015322,0.119981,0.348747,0.51595
GTACGCTTCATTGCAC-1,0.003119,0.048201,0.890633,0.058047
GTACGTCACGTATTAA-1,0.962673,0.02364,0.000193,0.013494
GTACGTTTGCCCGTCA-1,0.000013,0.016623,0.826764,0.156601
GTACTAAGATTTGGAG-1,0.000022,0.101691,0.440956,0.457331
GTACTACGGCCTCGTT-1,0.004642,0.00196,0.472983,0.520415
GTACTCCCTTATCGCT-1,0.000024,0.000024,0.136311,0.863642
GTACTCCTGGGTATGC-1,0.038892,0.326827,0.332719,0.301562
GTACTGAGGTCGTAAC-1,0.01806,0.164887,0.308175,0.508878
GTACTGCATGAAGCGT-1,0.089413,0.04974,0.169114,0.691732
GTACTGGAGTTAGACC-1,0.000011,0.165639,0.596065,0.238285
GTACTTGGGCACTTCT-1,0.000029,0.024936,0.246214,0.728821
GTAGAAACGGGTGGAG-1,0.062889,0.019328,0.50676,0.411023
GTAGACAACCGATGAA-1,0.101966,0.262183,0.212091,0.42376
GTAGACACGCCTGACT-1,0.002845,0.01755,0.883121,0.096484
GTAGACGTCGTTACAT-1,0.000012,0.068827,0.818816,0.112345
GTAGAGGGAGACAAGT-1,0.000008,0.036359,0.942512,0.021121
GTAGCCAAACATGGGA-1,0.020691,0.036612,0.436044,0.506654
GTAGCGCTGTTGTAGT-1,0.006677,0.28126,0.684989,0.027073
GTAGCGGCTATACACT-1,0.006503,0.078901,0.655059,0.259537
GTAGCTAGTAAGCGCG-1,0.779701,0.198269,0.000188,0.021842
GTAGCTCCGGGAGGCT-1,0.006813,0.001247,0.530619,0.46132
GTAGCTTCCTCTTGTT-1,0.028063,0.026928,0.341828,0.603181
GTAGGTGATCCGTGTA-1,0.349797,0.371767,0.217662,0.060774
GTAGTCGCGGGAATCA-1,0.005843,0.134227,0.234937,0.624993
GTAGTCTACGATATTG-1,0.020712,0.003278,0.499969,0.476042
GTAGTTAGACAATATA-1,0.999765,0.000026,0.000131,0.000078
GTAGTTCGAAGGCGAA-1,0.001662,0.009506,0.497754,0.491078
GTAGTTTAAGCACACG-1,0.00139,0.000021,0.195033,0.803555
GTATAATCTCCCGGAT-1,0.025894,0.02029,0.158541,0.795275
GTATAGGACTCAGTAG-1,0.092238,0.201139,0.233445,0.473177
GTATAGTGGCCCATGT-1,0.83042,0.156954,0.008456,0.004171
GTATATGTTACGGCGG-1,0.037243,0.000106,0.54133,0.421322
GTATCAAACGTTAGCT-1,0.015356,0.074892,0.46067,0.449082
GTATCAAGGTACTTCC-1,0.030053,0.015453,0.398861,0.555633
GTATCAGCTTGGGTTC-1,0.000015,0.055461,0.499102,0.445422
GTATCCTTTGGTAACC-1,0.000011,0.02865,0.872897,0.098442
GTATCGGGACGAGCTG-1,0.07712,0.051492,0.137975,0.733413
GTATCTCAGTCTTGAC-1,0.072197,0.000051,0.007876,0.919876
GTATCTCCCTAACTGT-1,0.32752,0.473349,0.053895,0.145235
GTATCTCGGGCGCTTT-1,0.000011,0.000708,0.698632,0.300649
GTATCTTGTTGCTCAC-1,0.150172,0.314623,0.043457,0.491748
GTATCTTTCATAACCA-1,0.012614,0.003141,0.417586,0.566659
GTATGAAATTTCACTC-1,0.00245,0.103966,0.713604,0.17998
GTATGACGTGGGAAAC-1,0.00001,0.06985,0.557269,0.372871
GTATGTGGGTCTAGTT-1,0.010204,0.032005,0.660755,0.297036
GTATTAAGGCGTCTAA-1,0.000011,0.052547,0.651641,0.295801
GTATTAGGGTTCGCGT-1,0.772762,0.027511,0.176759,0.022967
GTATTCTGAGAAACGA-1,0.000013,0.007408,0.70671,0.285869
GTATTCTTACCGTGCT-1,0.000028,0.000028,0.175904,0.824039
GTATTTAATGGCATAA-1,0.064198,0.194518,0.685649,0.055635
GTCAAAGAAGTGGTGT-1,0.049954,0.00037,0.017549,0.932127
GTCAAAGTTTACATAG-1,0.000303,0.018646,0.399244,0.581807
GTCAACCAGGCCTATA-1,0.009431,0.03422,0.776506,0.179843
GTCAAGCGGACTCGGG-1,0.000006,0.000006,0.998352,0.001637
GTCAATGCTATAATTT-1,0.93433,0.022678,0.00019,0.042802
GTCAATTGTACTGAAG-1,0.032593,0.090903,0.241934,0.634569
GTCACAAAGTTTCCAA-1,0.001785,0.630239,0.288161,0.079815
GTCACCTGTCTATGTC-1,0.704876,0.07757,0.000317,0.217238
GTCACTCATGAGCGAT-1,0.208217,0.000046,0.000232,0.791504
GTCACTCTCCAAATCT-1,0.015511,0.024406,0.296541,0.663543
GTCAGAATAGTCTATG-1,0.000013,0.013194,0.578289,0.408504
GTCAGACAGCGTTGGA-1,0.003273,0.00013,0.208604,0.787992
GTCAGTTGTGCTCGTT-1,0.546301,0.197521,0.232056,0.024121
GTCAGTTTGGTAGTCG-1,0.000024,0.000024,0.146546,0.853405
GTCATCCCAAACTCAC-1,0.003948,0.018849,0.486991,0.490211
GTCATCTCCTACAGCT-1,0.014648,0.113411,0.036502,0.835439
GTCATGCACCTCCGTT-1,0.042169,0.098836,0.514065,0.34493
GTCATGCGCGAGGGCT-1,0.002999,0.220072,0.470229,0.3067
GTCATGGACATGACTA-1,0.003478,0.173623,0.749451,0.073448
GTCATTAGAGCGAACG-1,0.004637,0.114712,0.361008,0.519643
GTCATTGCATTGACCC-1,0.000018,0.000018,0.163422,0.836541
GTCCAATATTTAGCCT-1,0.017755,0.113892,0.486359,0.381994
GTCCACGTCGCATTCG-1,0.007468,0.330705,0.160672,0.501155
GTCCAGGCACGTGTGC-1,0.001464,0.012103,0.976287,0.010146
GTCCATTACTGCTACG-1,0.033208,0.111477,0.515243,0.340072
GTCCCAACGTAAAGTA-1,0.020135,0.038447,0.444583,0.496835
GTCCCAATCATCCCGC-1,0.014349,0.000097,0.012753,0.9728
GTCCCGCGACGTTATG-1,0.012345,0.000023,0.304712,0.68292
GTCCGAGAGCAATCAT-1,0.000018,0.000018,0.144871,0.855093
GTCCGGACCTGAAATT-1,0.013146,0.005406,0.390269,0.591179
GTCCGGCTGAATTGCG-1,0.019062,0.018362,0.537827,0.424749
GTCCGGGTTCACATTA-1,0.000682,0.039496,0.538702,0.42112
GTCCGTTAGAGGGCCT-1,0.060043,0.035434,0.367485,0.537038
GTCCTACAGGCGGCTC-1,0.020412,0.046329,0.650045,0.283214
GTCCTACGAATAGTCT-1,0.005061,0.15272,0.348496,0.493723
GTCCTACTCTACGGGC-1,0.162973,0.000075,0.000374,0.836578
GTCCTAGGATACCTTA-1,0.038548,0.000049,0.000243,0.961161
GTCCTATTGTTGTGGT-1,0.000023,0.000023,0.058195,0.941759
GTCCTTCTACAACCCA-1,0.00002,0.00002,0.21024,0.78972
GTCCTTCTAGTGGGTT-1,0.800851,0.03392,0.065706,0.099523
GTCCTTTAATGACTTC-1,0.982216,0.017567,0.000136,0.000081
GTCGAATTTGGGCGCT-1,0.00172,0.006513,0.770846,0.22092
GTCGATAGGTGACTTT-1,0.070901,0.209164,0.506845,0.213089
GTCGCCGTTGTGTGTT-1,0.280804,0.257907,0.007179,0.45411
GTCGCGTAACCCGTTG-1,0.026269,0.020119,0.394729,0.558884
GTCGGAAGGATACCAG-1,0.954132,0.000059,0.000294,0.045515
GTCGGATATCTCAGAC-1,0.01293,0.000023,0.184698,0.802349
GTCGGATGTAGCGCGC-1,0.24919,0.268697,0.001152,0.480962
GTCGGGAACATGGTAG-1,0.00001,0.00001,0.560987,0.438993
GTCGGGAAGCAGAAAC-1,0.019802,0.023849,0.358326,0.598024
GTCGTACCATCTCGGG-1,0.000016,0.01836,0.799544,0.182081
GTCGTACCTACGATTG-1,0.000014,0.000142,0.669195,0.330648
GTCGTATTGGCGTACA-1,0.809482,0.133467,0.017029,0.040023
GTCGTCAATTATAAGG-1,0.066723,0.045326,0.142545,0.745405
GTCGTCTGGTTGGCTA-1,0.752867,0.049231,0.008485,0.189418
GTCGTGTCTGGTCATC-1,0.185572,0.571232,0.003732,0.239463
GTCGTTATTCGCTTAT-1,0.024238,0.018646,0.396373,0.560743
GTCTAAGATGCCCAGC-1,0.915824,0.072393,0.011701,0.000082
GTCTACTCAATTACAA-1,0.003261,0.000017,0.070058,0.926664
GTCTAGTGAGCCGCTT-1,0.000529,0.08048,0.794072,0.124919
GTCTATACACGCATGG-1,0.00002,0.00002,0.272519,0.72744
GTCTATCTGAGTTTCT-1,0.000025,0.055263,0.384257,0.560454
GTCTATTGCATGCTCG-1,0.000005,0.003775,0.996196,0.000024
GTCTATTGGTTCCGGT-1,0.000426,0.01895,0.82052,0.160104
GTCTCAAGGCCCGGCT-1,0.010055,0.010199,0.41245,0.567296
GTCTCCGCCTCAATAC-1,0.008196,0.002908,0.465363,0.523534
GTCTCCTGCCAGTATG-1,0.180522,0.000071,0.096791,0.722615
GTCTCGACTAAGTTTG-1,0.856271,0.000046,0.000232,0.143451
GTCTCGATCTGCTTTC-1,0.042906,0.418167,0.465249,0.073678
GTCTCGCCAACACGCC-1,0.878798,0.000935,0.004674,0.115593
GTCTGCCGACTCGACG-1,0.000011,0.02841,0.782561,0.189019
GTCTGGGCGGTCGAGA-1,0.000184,0.000694,0.385588,0.613534
GTCTGTAGGTTGAACA-1,0.000218,0.001923,0.696955,0.300903
GTCTTAGTACAGCCGG-1,0.67389,0.001235,0.006174,0.3187
GTCTTCCTCACCTAAG-1,0.00603,0.007982,0.740496,0.245492
GTCTTGAGGAGCAGTG-1,0.001383,0.267794,0.330962,0.399861
GTCTTGTAGCTATTCA-1,0.055795,0.038157,0.342227,0.563822
GTGAAACGGCGCCACC-1,0.002591,0.376511,0.432637,0.188261
GTGAAACGTGCTCCAC-1,0.000012,0.158132,0.479976,0.36188
GTGAACTCCCATTCGA-1,0.000899,0.215134,0.730498,0.053469
GTGAAGATTTCAAGTG-1,0.263214,0.53148,0.205237,0.00007
GTGAAGCCGTATAGTC-1,0.908557,0.08024,0.005451,0.005752
GTGAAGTCACGACTCG-1,0.016001,0.000026,0.007665,0.976308
GTGACAGCTTCCCACT-1,0.007038,0.000019,0.311764,0.681179
GTGACCGCACACTACG-1,0.014103,0.025714,0.327613,0.63257
GTGACCTAAAGAATAA-1,0.432386,0.166989,0.400557,0.000068
GTGACGAGGGTGACCC-1,0.096326,0.443828,0.250927,0.208919
GTGACGCAGGTTTCAT-1,0.000011,0.02561,0.805253,0.169127
GTGACTTCAGTAGTGC-1,0.00002,0.00002,0.423248,0.576712
GTGAGATAACCTTATA-1,0.000009,0.003206,0.965095,0.03169
GTGAGCGTGCTGCACT-1,0.012977,0.000025,0.004758,0.98224
GTGAGGACACTTAAGG-1,0.019824,0.02423,0.833874,0.122071
GTGAGGAGCGGTTGAG-1,0.25999,0.242635,0.497334,0.000041
GTGAGTCTAAGACGGA-1,0.015457,0.00002,0.091138,0.893384
GTGAGTGGTACAACGC-1,0.041037,0.124013,0.045145,0.789804
GTGATCAAGCGTGCAC-1,0.000018,0.016001,0.741393,0.242587
GTGATCACTAACGCCT-1,0.000015,0.038217,0.538184,0.423583
GTGATCATAGATCTGC-1,0.010901,0.003381,0.368275,0.617443
GTGATCCTTGTCATGA-1,0.00711,0.021177,0.558255,0.413458
GTGATGCACAACATCT-1,0.947376,0.045383,0.000162,0.007079
GTGATTCGCCGCTCAA-1,0.013382,0.023726,0.46713,0.495762
GTGCAAATCACCAATA-1,0.000012,0.000012,0.134672,0.865305
GTGCAACAAATGTGGC-1,0.199035,0.133303,0.120804,0.546858
GTGCACCAGCTTCAAC-1,0.007254,0.001858,0.561169,0.429719
GTGCACGAAAGTGACT-1,0.112444,0.403276,0.100855,0.383425
GTGCAGCGTAGAGTAG-1,0.00047,0.260797,0.681077,0.057657
GTGCCAAACGTTTCGA-1,0.000171,0.005108,0.686014,0.308707
GTGCCATCACACGGTG-1,0.016891,0.005329,0.529635,0.448146
GTGCCCGTTCGGATTC-1,0.000015,0.008487,0.783214,0.208285
GTGCCGCTTCAAAGGT-1,0.000005,0.000006,0.989916,0.010073
GTGCCTAGCTATGCTT-1,0.003677,0.018454,0.310075,0.667793
GTGCCTCAGTGTACGG-1,0.998534,0.001189,0.000173,0.000104
GTGCCTGAGACCAAAC-1,0.000006,0.063711,0.768321,0.167961
GTGCGAAATCGAACAC-1,0.000012,0.000936,0.597442,0.40161
GTGCGACAGGGAGTGT-1,0.00289,0.08437,0.653235,0.259506
GTGCGCAGCTTGCTCC-1,0.006624,0.007913,0.162471,0.822991
GTGCGCTTACAAATGA-1,0.026031,0.211082,0.468308,0.29458
GTGCGGGACCATCGGC-1,0.000012,0.116891,0.6697,0.213396
GTGCGGGTCTCCAAAT-1,0.029355,0.124859,0.298498,0.547288
GTGCGTGTATATGAGC-1,0.000016,0.009203,0.840063,0.150718
GTGCTATCCAGCTGGA-1,0.000065,0.012621,0.651101,0.336214
GTGCTCAAGTACTGTC-1,0.000008,0.005635,0.977396,0.016961
GTGCTGCAGATAAGGA-1,0.000008,0.002804,0.840831,0.156357
GTGCTTACATCAGCGC-1,0.010575,0.085534,0.332873,0.571018
GTGGAACCTACATGCG-1,0.743595,0.135867,0.00521,0.115328
GTGGACCAACCCGATT-1,0.000008,0.000488,0.962293,0.037211
GTGGACGCATTTGTCC-1,0.031789,0.02325,0.249823,0.695138
GTGGACGTGCTGAGAC-1,0.002804,0.099142,0.389695,0.508359
GTGGAGCATGTCGGCC-1,0.733587,0.072744,0.056448,0.137221
GTGGAGCGTTTACCGA-1,0.150859,0.034657,0.00154,0.812944
GTGGAGTCGGCGGTTG-1,0.026209,0.125415,0.144939,0.703437
GTGGCAAACAGCGGCA-1,0.006111,0.003492,0.509396,0.481001
GTGGCCGGTTTCTCGG-1,0.000036,0.000036,0.425839,0.574089
GTGGCCTAATATCATT-1,0.000012,0.021171,0.776751,0.202066
GTGGCGGGCCGTAGCT-1,0.412427,0.509068,0.077932,0.000573
GTGGCGGTCCCAGCGT-1,0.000026,0.06523,0.114337,0.820407
GTGGCGTGCACCAGAG-1,0.989079,0.010502,0.000262,0.000157
GTGGCTGTTTCTGTTC-1,0.003023,0.040002,0.66189,0.295084
GTGGGAACAAACCGGG-1,0.007911,0.006718,0.860998,0.124372
GTGGGAAGACTGAATC-1,0.000014,0.022339,0.462932,0.514716
GTGGGCTTAGACACAC-1,0.030166,0.012445,0.768473,0.188916
GTGGGTACTGAGCGTA-1,0.077647,0.000042,0.000209,0.922102
GTGGGTCTTCTTTGCG-1,0.013292,0.000021,0.028017,0.958671
GTGGTATAGTCTGCCG-1,0.326084,0.100417,0.026662,0.546836
GTGGTCAGCGAAGTAT-1,0.952814,0.030692,0.0009,0.015594
GTGGTGATGGTTTGTG-1,0.201885,0.258952,0.113801,0.425361
GTGGTGGCCAAGTGAA-1,0.023082,0.028294,0.2786,0.670023
GTGGTTACTTCTTTCG-1,0.013755,0.146379,0.137932,0.701933
GTGGTTTCCGCCTTTC-1,0.000018,0.007668,0.5987,0.393614
GTGTACCTTGGCTACG-1,0.00001,0.127903,0.866379,0.005708
GTGTACGAACCGTTCC-1,0.691542,0.00018,0.000901,0.307377
GTGTATATCAGCGGGC-1,0.000123,0.058446,0.54962,0.391811
GTGTATGACTTTAAAG-1,0.010818,0.116112,0.215773,0.657297
GTGTCAGTGTACGTGG-1,0.003889,0.003415,0.570118,0.422578
GTGTCCGATAAGGCAT-1,0.999716,0.000032,0.000158,0.000095
GTGTCGTATAGCGTTC-1,0.011224,0.109663,0.506092,0.373021
GTGTCGTATTCACCTT-1,0.895749,0.000071,0.000356,0.103823
GTGTGAATAACTTAGG-1,0.000007,0.055445,0.795058,0.14949
GTGTGAGCCGAGGTGC-1,0.005004,0.06808,0.208956,0.71796
GTGTGTCGACGTCGCT-1,0.000018,0.030221,0.492376,0.477385
GTGTTACTATGCGTCC-1,0.000009,0.010106,0.983457,0.006428
GTTAAAGTAGGACTGG-1,0.009943,0.004821,0.132234,0.853002
GTTAACATCACTTAAA-1,0.019069,0.015905,0.277709,0.687317
GTTAACTATGTTGTCA-1,0.027656,0.02991,0.422312,0.520122
GTTAAGGGTGCGATGT-1,0.003001,0.030192,0.608292,0.358514
GTTAAGTTAGAGTGGG-1,0.008753,0.177525,0.423058,0.390664
GTTAATGTCTATCTTA-1,0.000021,0.000021,0.56747,0.432487
GTTACAATTGGTGACG-1,0.000016,0.015989,0.664968,0.319027
GTTACCTACAACTTGC-1,0.004446,0.056126,0.810859,0.128569
GTTACGAAATCCACGC-1,0.00697,0.010147,0.153285,0.829597
GTTACGGCCCGACTGC-1,0.000248,0.097597,0.295294,0.60686
GTTACTTTGGGCCTAG-1,0.004665,0.02486,0.343771,0.626703
GTTAGAGTGTGCCGCT-1,0.520601,0.428327,0.045069,0.006003
GTTAGCCCATGACATC-1,0.021597,0.011433,0.559378,0.407591
GTTAGCCGTAAATCAA-1,0.000019,0.241395,0.544635,0.213952
GTTAGGCTACCCGTTT-1,0.016474,0.000029,0.022071,0.961426
GTTATAATACGGTGAA-1,0.000471,0.196759,0.741494,0.061276
GTTATATCAGGAGCCA-1,0.909001,0.000055,0.028642,0.062303
GTTATATTATCTCCCT-1,0.000019,0.175486,0.556613,0.267883
GTTATCAAGCTATCGA-1,0.000008,0.091572,0.700119,0.2083
GTTATCACCTTCTGAA-1,0.123598,0.479404,0.017822,0.379175
GTTATTAAATACGACC-1,0.698522,0.116911,0.126334,0.058234
GTTATTAACGTGGGAG-1,0.001491,0.04431,0.384506,0.569692
GTTCAAATCAGATGTC-1,0.001361,0.00002,0.409797,0.588823
GTTCAATCTATGTCAA-1,0.965851,0.03393,0.000137,0.000082
GTTCACAGGAGTCTAG-1,0.005884,0.004099,0.156124,0.833893
GTTCAGTCGCCAAATG-1,0.000011,0.001784,0.602433,0.395772
GTTCATCGTTTGGCTG-1,0.005286,0.046538,0.555812,0.392364
GTTCCAAGACAGCGAC-1,0.006765,0.000021,0.007205,0.986009
GTTCCAGTCTGACCAT-1,0.088818,0.32885,0.261233,0.3211
GTTCCCGTAAACATAT-1,0.005815,0.202614,0.630402,0.161169
GTTCCGTCCGCCTGCA-1,0.003384,0.000014,0.346285,0.650317
GTTCGACAATTGTATA-1,0.000014,0.0004,0.456564,0.543023
GTTCGCCATAAGTGCC-1,0.005436,0.04503,0.764256,0.185279
GTTCGCTGAGACGTCT-1,0.015535,0.252331,0.477531,0.254603
GTTCGGAGCACTCAAC-1,0.000007,0.088299,0.863245,0.048449
GTTCGGATCGGGAACA-1,0.022325,0.084969,0.558348,0.334358
GTTCGGGCGTACCATT-1,0.000014,0.211807,0.615918,0.172261
GTTCGGTGTGGATTTA-1,0.014686,0.017892,0.386509,0.580913
GTTCGTCTAAAGAACT-1,0.000009,0.007563,0.918762,0.073665
GTTCGTCTGGGTCCCT-1,0.854409,0.073168,0.000215,0.072208
GTTCGTTGCGGACCAG-1,0.000991,0.124414,0.197033,0.677562
GTTCTTCCCTCGATGT-1,0.000017,0.269933,0.469336,0.260714
GTTCTTGTAACTCAAT-1,0.019791,0.013237,0.362193,0.60478
GTTGAACCGGTTCCAT-1,0.000009,0.000338,0.893064,0.106589
GTTGAGTCCCGCCGGT-1,0.000093,0.02416,0.635633,0.340114
GTTGCACGGAGTTTCG-1,0.004618,0.040966,0.329636,0.62478
GTTGCAGTCGACAACA-1,0.005804,0.538533,0.200012,0.255651
GTTGCCCTAACGGGTG-1,0.000012,0.000012,0.456125,0.543851
GTTGCGCTAACATTAC-1,0.01304,0.153634,0.777879,0.055447
GTTGCGGACGGTCAGG-1,0.000507,0.082392,0.869427,0.047674
GTTGGACCGCATCAGG-1,0.870127,0.00007,0.00035,0.129454
GTTGGATTCAGTGGCT-1,0.741674,0.206087,0.03022,0.022019
GTTGGATTGAGAACAC-1,0.000254,0.056644,0.697194,0.245908
GTTGGATTTGCGTTGG-1,0.000012,0.022948,0.861491,0.115549
GTTGGTCATGCTATCC-1,0.025124,0.000037,0.000185,0.974654
GTTGTAGATTTATGAG-1,0.005034,0.068638,0.634375,0.291952
GTTGTCGTGTTAGTTG-1,0.000138,0.10728,0.19026,0.702321
GTTGTTACATTGCGCT-1,0.912443,0.000046,0.00023,0.087281
GTTGTTGCAAGATGGC-1,0.023681,0.140527,0.643614,0.192178
GTTTACGTTCCATCTG-1,0.00002,0.009707,0.532017,0.458256
GTTTATGGGATTTAGA-1,0.000017,0.00512,0.604747,0.390116
GTTTCAAACGAGTTGT-1,0.000007,0.014344,0.909438,0.07621
GTTTCATATCGTCGCT-1,0.000013,0.005602,0.534257,0.460128
GTTTCCTGGAGGGTGA-1,0.000012,0.038674,0.915349,0.045965
GTTTCTAGAGGCGCGG-1,0.001443,0.080969,0.812713,0.104875
GTTTCTGCAGTCTCCC-1,0.093918,0.032721,0.73942,0.133941
GTTTCTTGTTAGAGCT-1,0.021659,0.000062,0.000308,0.977971
GTTTGACCAAATCCTA-1,0.001859,0.186508,0.482748,0.328885
GTTTGAGCGGTTATGT-1,0.019012,0.1508,0.406491,0.423697
GTTTGGCCCAAGTTAT-1,0.000013,0.016879,0.803469,0.179639
GTTTGGCCGCTCAGCG-1,0.00697,0.043479,0.45615,0.493401
GTTTGGCGTCAGGCAC-1,0.970663,0.000048,0.000241,0.029047
GTTTGGGCTTGTGAGC-1,0.048594,0.012031,0.136059,0.803316
GTTTGGGTTTCGCCCG-1,0.000701,0.063779,0.867953,0.067567
GTTTGGTAGGGTCAAC-1,0.116728,0.22247,0.070506,0.590295
GTTTGGTGATCGGTGC-1,0.000025,0.000025,0.651718,0.348233
TAAACCCAGGAGGGCA-1,0.066074,0.022294,0.056559,0.855074
TAAACGTCGTCAATGA-1,0.000011,0.019705,0.461507,0.518777
TAAAGACAACCCTTTA-1,0.000008,0.172244,0.685241,0.142507
TAAAGAGCCCGAAACC-1,0.046867,0.190729,0.300675,0.461729
TAAAGCGGTATTTCCA-1,0.000013,0.000542,0.691371,0.308074
TAAAGCGTTAGGAGAA-1,0.000235,0.113114,0.741664,0.144988
TAAAGCTGCAATAGGG-1,0.777814,0.014291,0.039312,0.168583
TAAAGGAGAAACTAGT-1,0.362179,0.482709,0.146735,0.008377
TAAAGTGCACGTCTCG-1,0.014958,0.000011,0.221046,0.763984
TAAATCTTTACACCTC-1,0.969128,0.000043,0.000217,0.030611
TAAATGAATCCGTTTC-1,0.016651,0.013865,0.590755,0.378729
TAAATGCCGTCTCATG-1,0.967775,0.000044,0.000218,0.031964
TAAATGGGCTACTGAG-1,0.587658,0.166743,0.002137,0.243461
TAAATTGTGGGTAAAG-1,0.002976,0.038583,0.760624,0.197817
TAAATTTAGTAACACC-1,0.013922,0.015187,0.298013,0.672878
TAACAAAGGGAGAAGC-1,0.000005,0.078627,0.877869,0.043499
TAACAATATTTGTTGC-1,0.000014,0.002752,0.341761,0.655474
TAACAGCGTTTGTGCT-1,0.003427,0.016388,0.787191,0.192994
TAACAGGTTCCCTTAG-1,0.003445,0.094184,0.579224,0.323147
TAACATACAATGTGGG-1,0.001998,0.026764,0.589824,0.381413
TAACATACACGCGATC-1,0.049132,0.043433,0.010597,0.896838
TAACCGCCCGCAGTGC-1,0.000054,0.383502,0.42354,0.192904
TAACCGTCCAGTTCAT-1,0.008294,0.048264,0.011276,0.932167
TAACCTACCGTCCGAG-1,0.008761,0.069455,0.623777,0.298007
TAACCTAGGGAGTCCA-1,0.023441,0.093279,0.654078,0.229202
TAACGCTTTGAGAGCG-1,0.000019,0.000019,0.472329,0.527632
TAACTATCGAAGGTCC-1,0.066676,0.010053,0.218129,0.705142
TAACTATTACGCCAAA-1,0.006437,0.283094,0.440971,0.269498
TAACTCATCCGCGCGG-1,0.000557,0.009357,0.684752,0.305334
TAACTCCATGGAGGCT-1,0.000015,0.012707,0.189738,0.797539
TAACTGAAATACGCCT-1,0.001029,0.000013,0.463777,0.53518
TAAGAGGGACAGGGAC-1,0.00001,0.008234,0.497659,0.494097
TAAGATTTAGCGGGAG-1,0.007828,0.112361,0.304517,0.575293
TAAGCAGGCGACACGC-1,0.000013,0.000013,0.571513,0.42846
TAAGCCCTTACGACCA-1,0.848588,0.000058,0.000292,0.151062
TAAGCGCGAATCAAAT-1,0.000008,0.002476,0.944873,0.052643
TAAGGAACTTGTGGGA-1,0.00001,0.036014,0.949895,0.014081
TAAGGCAACATAAGAT-1,0.000012,0.192801,0.589894,0.217293
TAAGGCATAACATCAA-1,0.121115,0.070035,0.097469,0.71138
TAAGGCCCGTCACCCT-1,0.003725,0.007824,0.285194,0.703257
TAAGGCTGAATCCCTC-1,0.009785,0.026485,0.780528,0.183202
TAAGGGCCTGTCCGAT-1,0.011726,0.017292,0.809886,0.161096
TAAGGGCTGGGAGAGG-1,0.000008,0.04008,0.645929,0.313983
TAAGTAAATGTGCCGC-1,0.281407,0.296534,0.421035,0.001024
TAAGTAACATCTTGAC-1,0.019383,0.029097,0.938684,0.012835
TAAGTCGCCGAGTATC-1,0.035988,0.000033,0.0179,0.946079
TAAGTCGGTGAGCTAG-1,0.106626,0.28924,0.186796,0.417337
TAAGTGAATAGTCTAC-1,0.008932,0.017048,0.378887,0.595133
TAAGTTGCGACGTAGG-1,0.002556,0.019427,0.468072,0.509944
TAATAAACAAGGAGAT-1,0.741569,0.010495,0.000192,0.247744
TAATACACAGTAGTAT-1,0.010435,0.189094,0.614988,0.185483
TAATACTAGAACAGAC-1,0.000006,0.0181,0.949918,0.031977
TAATAGAACAGAGTTA-1,0.000013,0.015257,0.637355,0.347374
TAATAGCTAAATGATG-1,0.930157,0.000037,0.000184,0.069623
TAATAGGTCACCAGAA-1,0.077173,0.000027,0.000134,0.922666
TAATAGTGACGACCAG-1,0.001689,0.293561,0.557624,0.147127
TAATATTGAAATTCGC-1,0.00001,0.151718,0.716425,0.131847
TAATCAACCAAATGGG-1,0.062711,0.25133,0.27411,0.411849
TAATCAGGAATGCTGC-1,0.999602,0.000044,0.000221,0.000133
TAATCGATCCGTACGT-1,0.021021,0.216742,0.453001,0.309235
TAATGAAAGACCCTTG-1,0.001008,0.032683,0.564723,0.401586
TAATGTCGGTTCATGG-1,0.00001,0.011479,0.822146,0.166365
TAATTACGTCAGTAGA-1,0.011199,0.069539,0.769646,0.149617
TAATTAGATGGATATG-1,0.012538,0.021997,0.445507,0.519958
TAATTAGGACATCCGT-1,0.012252,0.081688,0.402378,0.503682
TAATTCCAATGCTTCA-1,0.07962,0.243834,0.498819,0.177727
TAATTGCGCTGATTAC-1,0.034065,0.000038,0.000188,0.965709
TAATTGGAATCGGGAA-1,0.754956,0.000048,0.00024,0.244756
TAATTTCCGTCCAGTA-1,0.01313,0.000026,0.331991,0.654854
TACAAATTGCGGAGGT-1,0.947653,0.044307,0.007953,0.000087
TACAACGCACAACTCA-1,0.002848,0.024479,0.861897,0.110776
TACAAGCTGTTCACTG-1,0.110421,0.232338,0.120192,0.537049
TACAAGGGCTTCTTTA-1,0.00001,0.010959,0.778053,0.210977
TACAAGTCTCGTGCAT-1,0.000022,0.005987,0.321344,0.672647
TACAATGAAACCAGCA-1,0.051197,0.241422,0.184045,0.523336
TACACAGCCGTGGTGC-1,0.002627,0.061668,0.480943,0.454762
TACACCGTCGTTAGTC-1,0.946716,0.000055,0.000274,0.052955
TACACCTCTTCGAATC-1,0.003558,0.028189,0.662186,0.306066
TACAGAAACGGTGGGC-1,0.007565,0.02132,0.654484,0.316632
TACATAGGCATACACC-1,0.015818,0.066014,0.713374,0.204794
TACATCCCTATCCCTG-1,0.000197,0.000655,0.256037,0.74311
TACATCTTGTTTCTTG-1,0.000022,0.000715,0.615088,0.384175
TACATGACCTTATCCG-1,0.00001,0.002439,0.876016,0.121536
TACATGCCGGAATTGT-1,0.058512,0.125436,0.47984,0.336212
TACATTTCTAACGTGC-1,0.005074,0.035937,0.797086,0.161902
TACCAAATAGCCCAGA-1,0.000154,0.046063,0.715177,0.238606
TACCAATAAAGTACCA-1,0.003712,0.035815,0.238402,0.722071
TACCAGAAGTAGGTTC-1,0.009963,0.008815,0.609927,0.371295
TACCAGCTAGGTTTAA-1,0.127678,0.432455,0.24534,0.194526
TACCAGGAATCCCGTC-1,0.00288,0.000022,0.528773,0.468325
TACCATGTATTGATTT-1,0.144786,0.15659,0.366281,0.332342
TACCCTCGGTAACCCT-1,0.769016,0.032535,0.003347,0.195102
TACCGAATAATTGTAA-1,0.023769,0.082656,0.451133,0.442442
TACCGATCCAACACTT-1,0.000046,0.04937,0.616868,0.333715
TACCGCGGACTTGCAG-1,0.002802,0.155437,0.549202,0.292559
TACCGGCTCACTGCCC-1,0.000018,0.01221,0.492948,0.494824
TACCGGTCGTTTCCAT-1,0.002639,0.000036,0.289566,0.707759
TACCGTAGGTTAACTA-1,0.000884,0.063618,0.328401,0.607098
TACCGTGCCTCGGACC-1,0.016408,0.109942,0.327106,0.546544
TACCTACTCCCAGTAT-1,0.016174,0.002931,0.21858,0.762315
TACCTATCCCTAGAGG-1,0.000014,0.007175,0.825191,0.16762
TACCTCACCAATTGTA-1,0.655346,0.023924,0.005025,0.315705
TACCTCACGCTTGTAC-1,0.000288,0.210072,0.483635,0.306005
TACCTCAGTTGTCTGT-1,0.00745,0.11998,0.769182,0.103388
TACCTCCACACCAATG-1,0.000009,0.005058,0.958416,0.036516
TACCTCTTTACCATCC-1,0.048496,0.36028,0.279097,0.312127
TACCTGCTGCACTGTG-1,0.000018,0.015353,0.191433,0.793196
TACCTTAAGATTTCCC-1,0.000009,0.007772,0.990658,0.001561
TACGAACACGACTTCA-1,0.001098,0.016958,0.483563,0.49838
TACGACGCTTGCTGCG-1,0.000013,0.029648,0.883181,0.087159
TACGACTGCCTCTTAG-1,0.013044,0.05934,0.247432,0.680184
TACGAGAACTTCACGT-1,0.019317,0.000871,0.443904,0.535909
TACGATCCAAGCCACT-1,0.99161,0.008142,0.000155,0.000093
TACGATGTTGATCATC-1,0.000019,0.011542,0.662588,0.32585
TACGCAGTTCTTTCCT-1,0.000332,0.000023,0.20381,0.795835
TACGCCATATTCTAAT-1,0.011877,0.022684,0.607922,0.357518
TACGCCGAGGGTACCC-1,0.056308,0.198558,0.198729,0.546405
TACGCCGCCTCAGAAG-1,0.524264,0.218778,0.002337,0.25462
TACGCCTCCATTCCGA-1,0.115048,0.000043,0.000214,0.884695
TACGCTATAGAAACCT-1,0.007512,0.140377,0.607728,0.244383
TACGCTCCTAGAACTG-1,0.006093,0.007579,0.479342,0.506985
TACGCTCGGTATTGGA-1,0.032562,0.122933,0.692339,0.152166
TACGCTGATAGTTGTA-1,0.000018,0.000018,0.661025,0.33894
TACGCTGCTGTGTTAA-1,0.010812,0.000021,0.267644,0.721522
TACGGAAGCCAAACCA-1,0.012715,0.003726,0.483719,0.499841
TACGGCATGGACGCTA-1,0.008825,0.172425,0.703344,0.115407
TACGGGATGCTAGCAG-1,0.132929,0.317599,0.130939,0.418533
TACGGGTAATAACATA-1,0.006226,0.028408,0.717123,0.248243
TACGTAAAGCGGAGTG-1,0.000219,0.08834,0.812596,0.098844
TACGTACTAGTGCTGA-1,0.001322,0.008892,0.773237,0.21655
TACGTGCAAGGTTCCT-1,0.651452,0.009727,0.004877,0.333943
TACGTGCACTATGCTG-1,0.000013,0.010524,0.489415,0.500049
TACGTGGGCCCAGGGC-1,0.022998,0.025708,0.540203,0.411091
TACGTTTACCGGCAAT-1,0.002951,0.006833,0.333855,0.656361
TACTACGTGCAATGCG-1,0.020367,0.030851,0.697645,0.251137
TACTATGGTTCCTCAG-1,0.116884,0.001084,0.063292,0.81874
TACTCACAACGTAGTA-1,0.009469,0.001048,0.360524,0.628959
TACTCATTGACGCATC-1,0.344129,0.329812,0.230427,0.095632
TACTCCTCTAGTTGAC-1,0.002214,0.085444,0.831518,0.080824
TACTCGGCACGCCGGG-1,0.001404,0.031388,0.25448,0.712728
TACTCGTTTGAATCAA-1,0.000009,0.021941,0.776661,0.20139
TACTCTCCGAACAAAT-1,0.177588,0.187105,0.259745,0.375563
TACTCTTACTTTACTG-1,0.004104,0.060561,0.676643,0.258692
TACTCTTTCGTCTTCA-1,0.084175,0.000056,0.000279,0.91549
TACTGAACAGATTTAG-1,0.494253,0.000058,0.018648,0.487042
TACTGCAATCAATTAC-1,0.795472,0.160357,0.026425,0.017746
TACTGCATGATTAAAT-1,0.025215,0.014172,0.405987,0.554625
TACTGGACAGCTCGGC-1,0.000014,0.000053,0.744261,0.255672
TACTGTTTCTCTGGTA-1,0.081505,0.205916,0.252599,0.45998
TACTTAAACATGTACA-1,0.020168,0.088206,0.699146,0.19248
TACTTGTTAGTAGTCC-1,0.000293,0.091235,0.604036,0.304437
TACTTTACTGAGCCGG-1,0.000758,0.116659,0.685878,0.196705
TACTTTCCGCACGCCA-1,0.002959,0.000026,0.018692,0.978324
TAGAAACACAATAGTG-1,0.004369,0.1389,0.222704,0.634028
TAGAAACCACTAAGTA-1,0.784576,0.07397,0.000134,0.141319
TAGAAAGGTGGCGCTA-1,0.007583,0.127626,0.576597,0.288194
TAGAAATTCACGTATA-1,0.00054,0.000017,0.199278,0.800164
TAGAACGCCAGTAACG-1,0.00256,0.013602,0.789048,0.194791
TAGAAGAAGGGTTACA-1,0.513596,0.158394,0.10779,0.220221
TAGAATAGCCGATGAA-1,0.004908,0.128004,0.669529,0.19756
TAGAATTAAGGGCAAC-1,0.772091,0.110402,0.111762,0.005744
TAGACGAAACGCCAAT-1,0.00001,0.00001,0.656282,0.343698
TAGACGCCCGTACCGG-1,0.004628,0.047084,0.798255,0.150034
TAGACTACCTAGCGTT-1,0.000007,0.032017,0.9607,0.007277
TAGACTCAGTTGGCCT-1,0.011027,0.013593,0.626523,0.348857
TAGAGATCATGCAACT-1,0.017958,0.014881,0.949882,0.017279
TAGAGCTACGAAGAAC-1,0.000012,0.370851,0.544682,0.084454
TAGAGGGAGTTTATCT-1,0.000608,0.000024,0.241754,0.757615
TAGAGGTTCTACTTGT-1,0.001878,0.036265,0.727915,0.233942
TAGAGTCTAAGCGAAC-1,0.000351,0.086684,0.591049,0.321916
TAGATATGGACTGGAA-1,0.000013,0.02171,0.799735,0.178542
TAGATCCGAAGTCGCA-1,0.40316,0.342488,0.001707,0.252644
TAGATGGTTCCTTACT-1,0.000009,0.014376,0.956138,0.029477
TAGATTCAAAGTGCGG-1,0.000011,0.003532,0.537229,0.459228
TAGATTCCTGGTTATT-1,0.016315,0.008686,0.424444,0.550555
TAGCAACCTGTCACAA-1,0.00268,0.000019,0.193405,0.803896
TAGCAGATACTTAGGG-1,0.000011,0.019449,0.778661,0.20188
TAGCAGTAAATACGCG-1,0.8874,0.000041,0.000206,0.112353
TAGCAGTATGACTAAA-1,0.03008,0.081968,0.772157,0.115795
TAGCCAGAGGGTCCGG-1,0.000014,0.035916,0.426199,0.537871
TAGCCATGATTGCCTA-1,0.000035,0.000035,0.04729,0.952641
TAGCCATTTCAAAGTC-1,0.009447,0.009955,0.772375,0.208224
TAGCCGGCGGTCAGCG-1,0.000007,0.00554,0.84724,0.147213
TAGCGTCCCTCGATTG-1,0.025008,0.058692,0.701574,0.214726
TAGCGTCCGGTGTGGT-1,0.005116,0.046476,0.371953,0.576454
TAGCGTCGAATATTGA-1,0.005587,0.000231,0.463974,0.530208
TAGCGTTGGGTCTTAC-1,0.038915,0.064408,0.679466,0.21721
TAGCTAAGTCCGGGAG-1,0.000008,0.028098,0.952473,0.019421
TAGCTAGAAGGCATGA-1,0.015196,0.096016,0.474019,0.414769
TAGCTAGTGATGATGG-1,0.004843,0.000879,0.379513,0.614764
TAGCTCAGATCCTAGT-1,0.998305,0.001407,0.00018,0.000108
TAGCTCGCCTGATAAC-1,0.000024,0.023107,0.56668,0.410188
TAGCTGATGTGAAGCG-1,0.000015,0.007453,0.447805,0.544727
TAGGAACAGCCTCCAG-1,0.997345,0.000056,0.000281,0.002318
TAGGATCTTAACCGCA-1,0.000673,0.009622,0.451556,0.538149
TAGGCATGTTACGCCA-1,0.008821,0.362632,0.596651,0.031896
TAGGCCTATATAGTCT-1,0.030496,0.070532,0.736266,0.162707
TAGGCGATGAGGTCTC-1,0.139532,0.000082,0.041813,0.818573
TAGGCGGCTGCAAAGA-1,0.000013,0.012841,0.424567,0.562578
TAGGCTAAAGTGGCAC-1,0.000007,0.141346,0.691805,0.166842
TAGGGAGCTTGGGATG-1,0.002524,0.04909,0.745956,0.20243
TAGGGTGTTTCAAGAG-1,0.026876,0.057358,0.288403,0.627363
TAGGTCCAAGTAAGGA-1,0.029929,0.009268,0.241437,0.719367
TAGGTCGCCGGAACTG-1,0.078016,0.207535,0.578096,0.136353
TAGGTGACGATAACCT-1,0.000007,0.035941,0.95286,0.011191
TAGGTGAGCCCTACTC-1,0.000008,0.001591,0.899732,0.09867
TAGGTGCTCGCCTAGC-1,0.000502,0.00565,0.746791,0.247057
TAGGTGTTCCACAGAT-1,0.000009,0.035178,0.95325,0.011563
TAGGTTCGAGTTCGTC-1,0.000014,0.035827,0.776704,0.187455
TAGGTTCTGCTGAGAA-1,0.000008,0.002402,0.826755,0.170836
TAGTACCACAACTTTC-1,0.006043,0.000034,0.000168,0.993755
TAGTACCTTAGTGGTC-1,0.000013,0.002291,0.45338,0.544316
TAGTAGCTTATACCAG-1,0.00001,0.024802,0.967864,0.007324
TAGTAGTTGCCGGACA-1,0.004848,0.026782,0.491843,0.476527
TAGTCCCGGAGACCAC-1,0.000088,0.002327,0.749518,0.248066
TAGTCCGCAGAGAATG-1,0.034137,0.127477,0.499766,0.33862
TAGTCCGTATGCATAA-1,0.004272,0.017083,0.448212,0.530433
TAGTCCTGCACTAAGC-1,0.000024,0.000024,0.157729,0.842224
TAGTCGATCACGGGTT-1,0.00166,0.029022,0.776634,0.192684
TAGTCGGGATTCTTCG-1,0.004483,0.007032,0.137801,0.850683
TAGTCTAACAACGAGA-1,0.006351,0.000021,0.471598,0.52203
TAGTCTGCGGCACATT-1,0.021982,0.000114,0.359916,0.617988
TAGTCTGTGACGTTGC-1,0.492324,0.165029,0.153582,0.189064
TAGTCTTTCCGAATTG-1,0.104041,0.058288,0.369292,0.468379
TAGTGACAAGCTCTAC-1,0.388295,0.257403,0.065705,0.288597
TAGTGAGAAGTGGTTG-1,0.121925,0.089407,0.074179,0.714488
TAGTGCCCTCCAGAGT-1,0.012112,0.133676,0.231347,0.622864
TAGTGCTTGAATCCTT-1,0.000012,0.002841,0.883018,0.114129
TAGTGGAACTCATACA-1,0.476255,0.311179,0.212472,0.000094
TAGTGTCAGAAACGGC-1,0.000005,0.011267,0.944085,0.044642
TAGTTAAGATAGGATA-1,0.281896,0.331753,0.338178,0.048172
TAGTTTATTCTTGCTT-1,0.001352,0.528104,0.296992,0.173552
TAGTTTGATCGGTCGC-1,0.181798,0.000114,0.000571,0.817517
TATAAATCCACAAGCT-1,0.000012,0.054594,0.483512,0.461883
TATAAGTGAGGATAGC-1,0.000498,0.044829,0.611383,0.34329
TATACACAGACGCCTT-1,0.000018,0.001315,0.62005,0.378616
TATACACGCAAAGTAT-1,0.00773,0.01291,0.057267,0.922093
TATACCGAGTGCCACA-1,0.049794,0.162,0.542084,0.246121
TATACGCGTCATCACT-1,0.001197,0.037113,0.845538,0.116153
TATACTCATGCGGCAA-1,0.000017,0.00191,0.130695,0.867379
TATAGAGTCGCTTGAA-1,0.031584,0.000025,0.271788,0.696603
TATAGATGGTCGCAGT-1,0.044508,0.145038,0.362491,0.447962
TATAGCGCACGTTATC-1,0.001424,0.000037,0.078066,0.920473
TATAGCTATTATCTCT-1,0.05339,0.000028,0.000141,0.946441
TATAGGGTACTCATGA-1,0.004439,0.000018,0.502654,0.49289
TATAGTTAGGTGTACT-1,0.003207,0.020569,0.610273,0.365952
TATATAGGGCTTTACG-1,0.000009,0.008713,0.990644,0.000634
TATATATCGAGAAATG-1,0.03625,0.002155,0.000212,0.961383
TATATCAAAGTGATCT-1,0.008211,0.000027,0.243912,0.74785
TATATCATTGATCAGT-1,0.000025,0.000025,0.298037,0.701913
TATATCCCTGGGAGGA-1,0.000742,0.05203,0.735804,0.211424
TATATGCTGGGTTGCC-1,0.006121,0.001048,0.227891,0.76494
TATATTACAAATGTCG-1,0.929284,0.000033,0.000165,0.070518
TATATTCGCGTCGATA-1,0.257395,0.388099,0.000453,0.354052
TATCAAAGGTCTGTAA-1,0.000016,0.000016,0.422428,0.57754
TATCACAGCACGGGCA-1,0.519769,0.211726,0.12758,0.140925
TATCACCATGTAAAGT-1,0.999792,0.000023,0.000116,0.000069
TATCACCCAACCGACC-1,0.246735,0.510251,0.233087,0.009927
TATCACTTCGAGTAAC-1,0.934031,0.002537,0.057786,0.005645
TATCAGTGGCGTAGTC-1,0.0904,0.000037,0.000184,0.909379
TATCCAATTGGTTATC-1,0.027877,0.044885,0.776103,0.151135
TATCCATATCATGCGA-1,0.000772,0.189889,0.302724,0.506615
TATCCATCTCGGTTAG-1,0.055511,0.000036,0.000179,0.944274
TATCCCTCGATCTGCA-1,0.013656,0.081218,0.29424,0.610886
TATCCGCACCGTCGGG-1,0.000942,0.11702,0.606995,0.275043
TATCCTATCAACTGGT-1,0.011663,0.003289,0.943517,0.041532
TATCCTGCATGGGAAT-1,0.054766,0.115168,0.307983,0.522084
TATCGATCTATGCATA-1,0.065695,0.586557,0.305201,0.042548
TATCGATGATTAAACG-1,0.000009,0.055749,0.840868,0.103375
TATCTACAGAGGTAAT-1,0.014831,0.008653,0.567056,0.40946
TATCTACCACAGCGGG-1,0.000536,0.009122,0.504111,0.486231
TATCTAGCCTAAAGGA-1,0.000007,0.00177,0.933152,0.065071
TATCTGAGCCGATATT-1,0.167028,0.000043,0.000213,0.832717
TATCTTGCAATACAAC-1,0.092302,0.097876,0.000109,0.809712
TATGAAGAATTAAGGT-1,0.008875,0.027423,0.82729,0.136412
TATGAAGACAGGTGCG-1,0.009723,0.015749,0.560583,0.413945
TATGACCTTGCGCTGG-1,0.034054,0.000058,0.000288,0.965601
TATGATAAATCTAACG-1,0.674508,0.000924,0.000123,0.324445
TATGATCCGGCACGCC-1,0.687087,0.047624,0.050665,0.214624
TATGATCTTCTCTTTA-1,0.000022,0.19848,0.178345,0.623153
TATGATTCTGCTTGGT-1,0.00002,0.134192,0.281085,0.584703
TATGCTCCCTACTTAC-1,0.00043,0.146159,0.695999,0.157412
TATGGAGTTTCTCGTT-1,0.000019,0.083517,0.339207,0.577257
TATGGATGTGCTACGC-1,0.000014,0.109317,0.531001,0.359668
TATGGCAGACTTTCGA-1,0.009072,0.036226,0.410489,0.544213
TATGGCCCGGCCTCGC-1,0.000023,0.031991,0.056318,0.911667
TATGGCTAGGCTAATT-1,0.990939,0.000051,0.000254,0.008756
TATGGGACCGAGCAGG-1,0.000015,0.100601,0.575289,0.324096
TATGGGTACGTATCGT-1,0.00001,0.15299,0.796786,0.050215
TATGGTCTGAGTAACA-1,0.000013,0.058793,0.893559,0.047635
TATGGTTAGTGGGAGA-1,0.000015,0.11762,0.686966,0.1954
TATGTAAAGTGCTTAA-1,0.006018,0.007029,0.759128,0.227825
TATGTCAAGACCGACT-1,0.642549,0.160175,0.037934,0.159342
TATGTCTCATTGTGCC-1,0.002694,0.186089,0.776395,0.034823
TATTAACACCAAAGCA-1,0.060196,0.007854,0.000157,0.931793
TATTAACCTGACCGCG-1,0.260084,0.033264,0.000225,0.706428
TATTACCATCCTGCTT-1,0.014041,0.070932,0.444617,0.47041
TATTATGTTTGCCTGC-1,0.137449,0.030788,0.000237,0.831525
TATTCAATTCTAATCC-1,0.00374,0.033429,0.805007,0.157824
TATTCCACTCAGCTCG-1,0.000019,0.025777,0.929153,0.045052
TATTCCGAGCTGTTAT-1,0.001146,0.038692,0.657203,0.302959
TATTCCGGCAGTCCTA-1,0.422691,0.165814,0.183543,0.227952
TATTCCTCCGCCCACT-1,0.000011,0.001723,0.961748,0.036518
TATTCGTGCCAGAATA-1,0.006137,0.013146,0.316534,0.664184
TATTGACATTTCTGCC-1,0.099559,0.278166,0.173268,0.449008
TATTGCCGGGCTTGTA-1,0.009439,0.15123,0.809471,0.02986
TATTTAGTCTAGATCG-1,0.000029,0.141227,0.49224,0.366504
TATTTATACCGAGTAG-1,0.562384,0.43455,0.001916,0.00115
TATTTGATTTGCACAG-1,0.000314,0.126716,0.801628,0.071342
TATTTGTTACCCTTTA-1,0.050316,0.025137,0.249144,0.675404
TCAAACAACCGCGTCG-1,0.000328,0.137663,0.568451,0.293558
TCAAACAATTAGGACA-1,0.999712,0.000032,0.00016,0.000096
TCAAACTTAGATTGTT-1,0.018893,0.083893,0.262417,0.634796
TCAAAGAGCTATCTGT-1,0.072939,0.000041,0.098648,0.828372
TCAAAGTCACGGCGTC-1,0.000241,0.003666,0.742328,0.253766
TCAAATTATGTTCGAC-1,0.484341,0.246071,0.04657,0.223018
TCAAATTGTTGTGCCG-1,0.011197,0.00166,0.363173,0.623969
TCAAATTTGAGACTCA-1,0.005725,0.039549,0.479713,0.475013
TCAACAAAGATAATTC-1,0.000016,0.018761,0.648476,0.332747
TCAACACATTGGGTAA-1,0.000016,0.020673,0.502617,0.476695
TCAACATAGCGCCCTA-1,0.048214,0.101271,0.023661,0.826854
TCAACATCGACCGAGA-1,0.000413,0.041992,0.821813,0.135782
TCAACCATGTTCGGGC-1,0.000017,0.042402,0.516388,0.441193
TCAACGAGGAGACAAA-1,0.019175,0.009561,0.444397,0.526868
TCAACGCAGGAAATAA-1,0.000009,0.003192,0.907575,0.089224
TCAACGCGACCGGCAG-1,0.00001,0.006933,0.863508,0.12955
TCAACTAACGTATAAC-1,0.001333,0.027403,0.837275,0.13399
TCAACTGCAGAGTCAG-1,0.003301,0.166354,0.372296,0.458048
TCAAGAAATACTAGCT-1,0.000006,0.102765,0.862431,0.034798
TCAAGCGCGGACGGTA-1,0.000011,0.092338,0.840603,0.067049
TCAAGCTGCCTTGAAA-1,0.985796,0.000042,0.000212,0.013949
TCAAGGTTACTACACC-1,0.022086,0.079605,0.794809,0.1035
TCAATACAATTGCTGC-1,0.000013,0.007911,0.90547,0.086606
TCAATACGCCGTCATG-1,0.000394,0.011648,0.212696,0.775261
TCAATCCCGCGCCAAA-1,0.138875,0.276641,0.521416,0.063069
TCACAAACCGAGGTAC-1,0.000208,0.021025,0.933832,0.044935
TCACAGATCCTCAAAC-1,0.000012,0.002236,0.48015,0.517602
TCACAGCAAACTCGAA-1,0.000008,0.095911,0.836448,0.067633
TCACAGGAGAATAAGA-1,0.204729,0.064074,0.00662,0.724577
TCACAGGGAATCGCAA-1,0.015243,0.078687,0.369178,0.536893
TCACAGGTTATTGGGC-1,0.000014,0.047544,0.651203,0.301239
TCACATCTTATCTGAT-1,0.000029,0.062327,0.466758,0.470886
TCACCCTCTTAAGATT-1,0.000015,0.005888,0.802712,0.191385
TCACCGCTCGGCACTC-1,0.006769,0.050223,0.579158,0.36385
TCACGATGTCCGTGGA-1,0.015605,0.002267,0.547433,0.434695
TCACGATTAATACGTT-1,0.06179,0.002203,0.068754,0.867254
TCACGCATTGTAGATC-1,0.000014,0.045596,0.857552,0.096838
TCACGGCCCAAGAGAG-1,0.000007,0.000007,0.934628,0.065357
TCACGGTCATCGCACA-1,0.007789,0.063425,0.786441,0.142345
TCACGTGCCCGATTCA-1,0.013019,0.017121,0.564349,0.405511
TCACTACGACCAATGC-1,0.993852,0.005908,0.00015,0.00009
TCACTATCGTGCAATC-1,0.00002,0.173108,0.437284,0.389588
TCACTCAGCGCATTAG-1,0.058878,0.201518,0.334062,0.405542
TCACTCGTGCAACGGC-1,0.934466,0.031782,0.033667,0.000085
TCACTCTTCGTCTGTC-1,0.002208,0.019734,0.302737,0.675321
TCAGAACCTCCACAGG-1,0.000972,0.215516,0.645732,0.13778
TCAGAACGGCGGTAAT-1,0.003759,0.026005,0.675089,0.295147
TCAGACGCTATAGAAG-1,0.00093,0.048748,0.619233,0.33109
TCAGAGCATGTCAACG-1,0.006857,0.011034,0.658758,0.32335
TCAGAGGACGCGTTAG-1,0.024557,0.007992,0.568369,0.399083
TCAGAGTGTGAGCATG-1,0.989652,0.00115,0.005749,0.003449
TCAGATGGAGACGTAG-1,0.99243,0.000051,0.000254,0.007264
TCAGCAAATGCATCTC-1,0.037357,0.060816,0.39712,0.504707
TCAGCAGTAGGCCCTG-1,0.006699,0.000761,0.295138,0.697402
TCAGCCAATCCGTAAA-1,0.000005,0.019033,0.921171,0.059791
TCAGCGCACGCCGTTT-1,0.002413,0.021381,0.477022,0.499184
TCAGGGCGACTTCCTT-1,0.000028,0.000028,0.363556,0.636388
TCAGGGCGCAAACTCG-1,0.091191,0.000017,0.07847,0.830321
TCAGGGTGCACGAAAC-1,0.86686,0.08395,0.002295,0.046895
TCAGGGTGTAACGTAA-1,0.03134,0.158823,0.736597,0.07324
TCAGGTTCTTTGAGAA-1,0.007819,0.021968,0.752669,0.217544
TCAGTACTGACCCGCG-1,0.000008,0.019349,0.937881,0.042761
TCAGTAGGGACTATAA-1,0.000018,0.003851,0.37952,0.616611
TCAGTGTATACGTCAT-1,0.208645,0.000049,0.000247,0.791059
TCAGTTACGGAATGAT-1,0.924001,0.075687,0.000195,0.000117
TCATAAGTCCAAGAAG-1,0.104153,0.305612,0.475667,0.114567
TCATACTTACAGATCC-1,0.000021,0.000021,0.118661,0.881298
TCATATGAGCTTTGTT-1,0.011806,0.0013,0.535297,0.451598
TCATCACTCGAGCTCG-1,0.065266,0.024242,0.019398,0.891094
TCATCCATCTGATCAC-1,0.000011,0.00285,0.58491,0.412228
TCATCCCAGAGGGTGG-1,0.41711,0.286369,0.295144,0.001377
TCATCCTCAGCTGCTT-1,0.019156,0.03076,0.527791,0.422292
TCATCGACGACCGTCG-1,0.035336,0.016782,0.339072,0.60881
TCATCGATGGTCCCAA-1,0.176046,0.00007,0.019045,0.804838
TCATGAAGCGCTGCAT-1,0.010586,0.000015,0.328219,0.66118
TCATGCAGGTTCTCAT-1,0.922517,0.072512,0.003107,0.001864
TCATTCGTATAATTTG-1,0.955016,0.044646,0.000211,0.000127
TCATTTAAGTCTCCGA-1,0.027214,0.113771,0.707137,0.151877
TCATTTAGAAGTGTGA-1,0.012749,0.123457,0.687541,0.176253
TCCAACTCAGCTATCT-1,0.005675,0.027226,0.927449,0.03965
TCCAACTTTAAATTCT-1,0.007648,0.058179,0.394063,0.54011
TCCAAGCCTAGACACA-1,0.0104,0.012794,0.657084,0.319722
TCCAATAAAGGCTACC-1,0.013755,0.013128,0.65617,0.316946
TCCAATGCGTCGCCGC-1,0.073774,0.002167,0.136551,0.787508
TCCACAATGGTTTACG-1,0.002689,0.059761,0.407202,0.530347
TCCACATCGTATATTG-1,0.008159,0.004385,0.66897,0.318485
TCCACCTCTAGCCTTT-1,0.00174,0.068027,0.73882,0.191413
TCCACTTTATCTAGGT-1,0.000015,0.160364,0.466486,0.373135
TCCAGAGCACCGGTTC-1,0.015584,0.012104,0.776804,0.195508
TCCAGATGTACGCCAA-1,0.92383,0.00007,0.00035,0.075751
TCCAGCGCTATAAGCG-1,0.084983,0.154396,0.47222,0.288401
TCCAGGCAGGACGATC-1,0.006451,0.028333,0.453169,0.512047
TCCAGGCGAGTACGGT-1,0.000011,0.076711,0.920126,0.003152
TCCAGGGTATATACGA-1,0.000015,0.003052,0.587845,0.409087
TCCATCAATACTAATC-1,0.004937,0.000036,0.511245,0.483782
TCCATTAGTTGGATAG-1,0.00002,0.050362,0.337173,0.612444
TCCATTCCCACTAGAG-1,0.931539,0.000079,0.000393,0.067989
TCCATTGTGACCTCGT-1,0.853404,0.102047,0.007806,0.036744
TCCCAAACAGACAACG-1,0.773823,0.035962,0.061966,0.128248
TCCCAAACATCCTCTA-1,0.00001,0.001139,0.871781,0.127069
TCCCAAAGACGAAGGA-1,0.000006,0.094032,0.862567,0.043395
TCCCAAAGCCCTAAAT-1,0.00605,0.15355,0.648643,0.191757
TCCCACGGAGGGAGCT-1,0.862183,0.000051,0.000256,0.13751
TCCCACTCTCTTCCGG-1,0.003585,0.132588,0.73926,0.124567
TCCCAGCACACGACAT-1,0.000014,0.352686,0.515285,0.132014
TCCCAGCTTTAGTCTG-1,0.000013,0.000238,0.960954,0.038796
TCCCAGGCTTAGCTAA-1,0.004526,0.097571,0.513327,0.384577
TCCCGCCTATGTGCGT-1,0.822417,0.000042,0.00021,0.177331
TCCCGCGTACTCCTGG-1,0.000788,0.070721,0.901741,0.026749
TCCCGGGTGTGCTGCT-1,0.000011,0.018233,0.774759,0.206997
TCCCGGTCAGGAATTT-1,0.000017,0.014353,0.661879,0.323751
TCCCGTCAGTCCCGCA-1,0.001588,0.342995,0.617133,0.038284
TCCCGTCGCGTCATAG-1,0.396234,0.208844,0.183616,0.211306
TCCCGTGTGCAATTTG-1,0.00001,0.007855,0.983876,0.008259
TCCCTAGATCAATAGG-1,0.637145,0.025238,0.000257,0.33736
TCCCTCCGAAATCGTT-1,0.021572,0.026523,0.232635,0.719271
TCCCTCTTCTCAAGGG-1,0.018145,0.067353,0.785325,0.129177
TCCCTGGCGTATTAAC-1,0.09527,0.109081,0.170387,0.625262
TCCCTGGCTCGCTGGA-1,0.014873,0.000028,0.256477,0.728621
TCCCTTAGATTACTCG-1,0.329835,0.222504,0.44603,0.001631
TCCCTTGTCTGAAACT-1,0.030873,0.190942,0.590286,0.187899
TCCGAACGTTGCCGCT-1,0.03913,0.093261,0.690161,0.177447
TCCGAACTTGGCTTAC-1,0.003118,0.039324,0.145505,0.812053
TCCGAAGTAGTCACCA-1,0.893058,0.000059,0.000295,0.106588
TCCGAATGGTCCTGAG-1,0.083802,0.230145,0.392652,0.293401
TCCGACCGCTAATCAA-1,0.008378,0.001703,0.665255,0.324664
TCCGAGAAGGCTAAGC-1,0.000014,0.147424,0.782672,0.069891
TCCGATAATTGCCATA-1,0.067349,0.327487,0.378143,0.22702
TCCGATGACTGAGCTC-1,0.00002,0.268214,0.675292,0.056474
TCCGATGGTGCGACAT-1,0.002995,0.137502,0.567165,0.292337
TCCGATTACATTGCCG-1,0.014195,0.022508,0.575607,0.38769
TCCGCAGCCACCTAGC-1,0.01022,0.002589,0.112455,0.874736
TCCGCCTGTCTACAAG-1,0.000009,0.024026,0.887256,0.088709
TCCGCGGCAGCATCTG-1,0.002665,0.06097,0.583651,0.352714
TCCGCGGCCCAATGAA-1,0.000005,0.042445,0.850105,0.107445
TCCGCTGGGTCGATCG-1,0.09199,0.000076,0.000381,0.907552
TCCGCTGTCATCCCGG-1,0.019183,0.002337,0.348115,0.630365
TCCGCTTATCCCATTA-1,0.000017,0.085433,0.64619,0.26836
TCCGGAGGAAGGGCTG-1,0.954441,0.044904,0.000167,0.000488
TCCGGCCTAGCGTACA-1,0.000008,0.133406,0.860565,0.006022
TCCGGCCTGCATCGAT-1,0.73567,0.231686,0.020449,0.012194
TCCGGCTGTCGGGTCG-1,0.317557,0.355201,0.222686,0.104556
TCCGGGCTTGACGGGA-1,0.015851,0.083057,0.59524,0.305853
TCCGGTTCGTCCGGTC-1,0.011316,0.064991,0.34518,0.578513
TCCGTAACCACAATCC-1,0.003655,0.023168,0.223773,0.749405
TCCGTTAAGCTAATAT-1,0.004881,0.027716,0.503822,0.46358
TCCGTTTAGCCTTGAA-1,0.000764,0.047002,0.869396,0.082838
TCCTAAAGATTCAGAC-1,0.006405,0.027183,0.711743,0.254669
TCCTAAATTGGGAAGC-1,0.019539,0.051277,0.215651,0.713533
TCCTAACCGTCGGGCA-1,0.000012,0.020706,0.818686,0.160596
TCCTACATCCACGGCC-1,0.011552,0.056342,0.829979,0.102127
TCCTAGCAAAGAAGCT-1,0.009496,0.000633,0.347032,0.642838
TCCTATCATAGGTAAC-1,0.047302,0.132335,0.788376,0.031987
TCCTCCTAAGACATTC-1,0.007871,0.009902,0.372579,0.609648
TCCTCGGGCTGGGCTT-1,0.01876,0.000023,0.487647,0.493571
TCCTCTACGAGATGGC-1,0.000018,0.090343,0.335626,0.574013
TCCTCTCCAGTTGTCC-1,0.020095,0.012081,0.129462,0.838362
TCCTCTGGCCCATTAG-1,0.964818,0.02062,0.014467,0.000095
TCCTGCCAACTGGAGA-1,0.951935,0.047798,0.000167,0.0001
TCCTGCGTTGATACTC-1,0.038958,0.051021,0.204476,0.705545
TCCTGGCGCTGCCTGG-1,0.873101,0.092831,0.033957,0.000112
TCCTTACGACGGTCCG-1,0.00001,0.005365,0.95012,0.044504
TCCTTCAATCCCTACG-1,0.048833,0.000037,0.00623,0.9449
TCCTTCAGTGGTCGAA-1,0.049268,0.435566,0.284128,0.231038
TCCTTGTCCTTTAATT-1,0.005563,0.004084,0.583346,0.407007
TCCTTTAAATCCGCTT-1,0.000216,0.030935,0.909045,0.059804
TCCTTTCTTACGCTTA-1,0.000012,0.062525,0.852619,0.084844
TCGAAATTTAGGACCA-1,0.044781,0.042529,0.13987,0.772819
TCGAAGAACCGAGCAC-1,0.034329,0.051758,0.685628,0.228285
TCGAATATCCCGCAGG-1,0.13131,0.000055,0.000274,0.868361
TCGAATCGCAGGGTAG-1,0.000016,0.000016,0.050436,0.949533
TCGACAACTGAACCCG-1,0.088372,0.01318,0.002141,0.896307
TCGACATAGCGTAGCG-1,0.000023,0.000023,0.242814,0.75714
TCGAGACCAACACCGT-1,0.016684,0.112718,0.824969,0.045628
TCGAGCCAGGCAGGCC-1,0.296143,0.000074,0.0227,0.681082
TCGAGGGCAACAGACG-1,0.000014,0.106386,0.879815,0.013786
TCGATAGGCTAGTCGC-1,0.006749,0.298298,0.283629,0.411325
TCGATGTTACGGCCGT-1,0.057804,0.000033,0.000163,0.942
TCGATTTACGAAACGA-1,0.000008,0.008513,0.675149,0.316329
TCGCAAAGATGCATTT-1,0.0092,0.053264,0.536414,0.401123
TCGCACCAGGAGGCAG-1,0.000012,0.030382,0.916677,0.052929
TCGCACTAACGTTTGT-1,0.000017,0.000017,0.780967,0.219
TCGCATAAAGGGCGCA-1,0.01044,0.067481,0.677055,0.245024
TCGCATCCCTAAGTGT-1,0.001548,0.038546,0.201594,0.758312
TCGCATTCAATGACTT-1,0.015997,0.06642,0.040227,0.877355
TCGCCACCCGGATTAC-1,0.009832,0.00954,0.428273,0.552354
TCGCCCAACTGACTCC-1,0.821869,0.153097,0.003727,0.021307
TCGCCCACTGCGAGAG-1,0.000015,0.030788,0.607398,0.361799
TCGCCGAAGTTGCGTC-1,0.000013,0.000222,0.986696,0.013069
TCGCCGACATATTCGC-1,0.000827,0.031123,0.648092,0.319958
TCGCCGCACCGCGTGA-1,0.000021,0.000021,0.654337,0.34562
TCGCCGGAGAGTCTTA-1,0.005712,0.000025,0.063068,0.931195
TCGCCGGATGGGCAAG-1,0.00001,0.001587,0.971892,0.02651
TCGCCGGTCGATCCGT-1,0.035281,0.188664,0.113636,0.662419
TCGCCTCCTTCGGCTC-1,0.000011,0.002459,0.318767,0.678763
TCGCCTCGACCTGTTG-1,0.01962,0.00194,0.210382,0.768058
TCGCGCGTTTACATGA-1,0.094949,0.000693,0.004073,0.900285
TCGCGTAGCAGTGTCC-1,0.000841,0.000841,0.485278,0.513041
TCGCGTCCAGAAGGTC-1,0.000016,0.005723,0.576986,0.417274
TCGCTAAACCGCTATC-1,0.846337,0.074616,0.044346,0.034701
TCGCTACTGGCTTTGA-1,0.000018,0.00847,0.456782,0.53473
TCGCTCGATATATTCC-1,0.00001,0.052082,0.904244,0.043664
TCGCTCGGCACCAGCG-1,0.571262,0.211318,0.205834,0.011586
TCGCTGCCAATGCTGT-1,0.004153,0.031053,0.615685,0.349108
TCGCTGGGCGGATTGT-1,0.000021,0.080494,0.432307,0.487178
TCGCTGTGCGTAAATC-1,0.002872,0.08358,0.445258,0.468291
TCGCTTAATTACGAAG-1,0.79605,0.133835,0.058008,0.012107
TCGCTTTAAACGTTTG-1,0.000012,0.281745,0.687217,0.031027
TCGGAATGACCATCAA-1,0.759131,0.204603,0.032762,0.003504
TCGGAATGCGCTCTGA-1,0.00009,0.148256,0.187707,0.663947
TCGGACGCCCAGCCCA-1,0.003157,0.026453,0.450205,0.520185
TCGGAGAGTATCGGGA-1,0.000018,0.000018,0.440606,0.559358
TCGGAGTACATGAGTA-1,0.000464,0.172527,0.459977,0.367032
TCGGAGTCCTGGTTGC-1,0.021059,0.000047,0.000234,0.97866
TCGGATCTGGATGACC-1,0.028132,0.000043,0.000214,0.971612
TCGGCAGGGTTAAGGG-1,0.426748,0.163748,0.094673,0.314831
TCGGCGAACCCAAACC-1,0.055495,0.079876,0.702491,0.162138
TCGGCGGTATTAGATT-1,0.995371,0.004323,0.000191,0.000115
TCGGCGTACTGCACAA-1,0.000009,0.005076,0.892801,0.102113
TCGGCTAACTTCCCTT-1,0.623051,0.179907,0.173398,0.023644
TCGGCTTGTATCGACG-1,0.008766,0.001537,0.561582,0.428115
TCGGGAACGTGCCTAG-1,0.012803,0.179079,0.603938,0.20418
TCGGGAGACAGCGTAC-1,0.000016,0.008722,0.389084,0.602178
TCGGGATTCAAACATA-1,0.000014,0.000014,0.174118,0.825854
TCGGGCACTTCTGGAT-1,0.059205,0.259701,0.187712,0.493383
TCGGGCCGTCGTGGTA-1,0.004469,0.039309,0.671479,0.284743
TCGGGTGAAACTGCTA-1,0.141309,0.185737,0.042599,0.630355
TCGGTCCCGACAATAG-1,0.071816,0.333595,0.184004,0.410585
TCGGTCCCTGACTCCA-1,0.896118,0.064404,0.037181,0.002298
TCGGTGACCGCTCCGG-1,0.878071,0.086928,0.003231,0.031769
TCGGTTAGCCATGTAG-1,0.970104,0.015089,0.006435,0.008372
TCGTAAGACGACATTG-1,0.00001,0.082112,0.887581,0.030297
TCGTAAGCTCCGAGGA-1,0.999465,0.00029,0.000153,0.000092
TCGTACCGACGTCAAG-1,0.000012,0.000039,0.817517,0.182432
TCGTATAGTGCAATTA-1,0.000032,0.229652,0.546298,0.224019
TCGTATCACCAAGCTA-1,0.985052,0.00008,0.000398,0.014471
TCGTATTACCCATTGC-1,0.00002,0.001594,0.504495,0.49389
TCGTATTTCGTCCGGA-1,0.909395,0.090318,0.000179,0.000108
TCGTCAAGTACGCGCA-1,0.233477,0.060651,0.052315,0.653557
TCGTCACACTGTTAGC-1,0.000029,0.000029,0.107905,0.892036
TCGTCCGCTGGCGTCT-1,0.011512,0.042323,0.343883,0.602282
TCGTCCGGGTACACTC-1,0.957922,0.000043,0.000213,0.041822
TCGTCTTAGGCGTTAA-1,0.003694,0.021465,0.699756,0.275085
TCGTGTACTATGGATG-1,0.094801,0.000413,0.507315,0.397471
TCGTGTATTGGTCACG-1,0.061132,0.025602,0.626605,0.286661
TCGTGTCACGCTGACA-1,0.000059,0.000059,0.604804,0.395078
TCGTGTTCGACCACAA-1,0.032133,0.048927,0.624128,0.294813
TCGTTAGGAGTCCCTA-1,0.045838,0.014723,0.008581,0.930858
TCGTTCGTTATTATGT-1,0.198073,0.355827,0.070744,0.375356
TCGTTGACAGGGTCCC-1,0.000013,0.00366,0.863568,0.13276
TCGTTGCTATCCGGTC-1,0.057699,0.050715,0.01231,0.879277
TCGTTGGCTCGTCAAT-1,0.000016,0.091364,0.509125,0.399495
TCGTTTACGCGACCCT-1,0.00001,0.013489,0.880004,0.106497
TCTAAAGAACAGTCTC-1,0.00058,0.138845,0.1349,0.725675
TCTAACTGTATGTAAA-1,0.000017,0.001944,0.305128,0.692911
TCTAATACTGCCTCAG-1,0.056094,0.107981,0.052381,0.783543
TCTACACGTTCATGCA-1,0.896896,0.090214,0.012805,0.000086
TCTACCCAATAGAGAG-1,0.024564,0.085432,0.739716,0.150288
TCTACCGTCCACAAGC-1,0.005549,0.076714,0.70205,0.215687
TCTACGCACGATCTCC-1,0.00002,0.00002,0.257047,0.742914
TCTACGGGCTCAGTTG-1,0.761172,0.133205,0.079146,0.026477
TCTAGCAATCTCCGCC-1,0.000013,0.008699,0.960325,0.030962
TCTAGCATCTTCGATG-1,0.034068,0.008825,0.164692,0.792414
TCTAGCATGCCCAGAA-1,0.000823,0.030879,0.776983,0.191315
TCTAGGTGGCGACGCT-1,0.000011,0.135928,0.79858,0.065481
TCTAGTGATATCGTGG-1,0.026361,0.081458,0.575562,0.316619
TCTAGTTATCAGAAGA-1,0.000005,0.000712,0.996509,0.002774
TCTATAGGTGGGTAAT-1,0.001988,0.095502,0.539256,0.363254
TCTATCATGCAGTTAC-1,0.013972,0.000035,0.083424,0.902569
TCTATCCGATTGCACA-1,0.003261,0.013719,0.480652,0.502369
TCTATCGGTCGCAACA-1,0.008449,0.274443,0.088239,0.628869
TCTATGCTATAACGAC-1,0.010808,0.013819,0.517182,0.458191
TCTATTACGCTGGCGA-1,0.000017,0.024013,0.467174,0.508796
TCTATTACTAGAGGAT-1,0.004118,0.000025,0.270489,0.725368
TCTCAAATCAATCGGG-1,0.005551,0.042457,0.525677,0.426315
TCTCATGAGATAGGGT-1,0.008954,0.068791,0.390762,0.531493
TCTCCAACGTAGGTTA-1,0.156387,0.329081,0.351559,0.162973
TCTCCACAAGTTGAAT-1,0.00661,0.027318,0.468252,0.49782
TCTCCCTGGGCAGCGT-1,0.000107,0.061971,0.711856,0.226066
TCTCGAACGAGGTCAC-1,0.899567,0.100158,0.000172,0.000103
TCTCGACGTATCGCCG-1,0.027579,0.02955,0.775589,0.167282
TCTCGAGGAGGTTCGC-1,0.029144,0.111974,0.707661,0.151221
TCTCGGCTCCAGGACT-1,0.034916,0.009034,0.188517,0.767533
TCTCGTGTTACGAGGA-1,0.000026,0.104017,0.248469,0.647487
TCTCTAATAGCTGGTA-1,0.064012,0.030183,0.365276,0.540529
TCTCTCGCCGCACATA-1,0.011883,0.076203,0.660682,0.251232
TCTCTTACCGCGAACC-1,0.000011,0.008877,0.914145,0.076966
TCTGAACCGGTCGGCT-1,0.001164,0.059474,0.518158,0.421203
TCTGAACTCGTACCCG-1,0.004972,0.088948,0.631046,0.275034
TCTGAAGCACGTGGTC-1,0.000018,0.013915,0.665033,0.321034
TCTGAATTCCGTACAA-1,0.000686,0.083419,0.830734,0.085161
TCTGACGGGCTAACCC-1,0.873479,0.000048,0.000238,0.126235
TCTGACTGTAATGGTT-1,0.000019,0.000362,0.07513,0.924489
TCTGAGCAATTGACTG-1,0.000006,0.010298,0.988054,0.001642
TCTGATCGGGTGCTAG-1,0.170655,0.263919,0.083095,0.482332
TCTGATGTATTCTGTC-1,0.019116,0.053723,0.061612,0.865549
TCTGATTGGAAATGGA-1,0.443967,0.293498,0.159045,0.10349
TCTGCACCATTAGTAA-1,0.618038,0.079875,0.232972,0.069115
TCTGCAGATTCGAGTC-1,0.000019,0.000019,0.395624,0.604338
TCTGCATACCTTGCTT-1,0.003393,0.16196,0.5473,0.287348
TCTGCCAGAAACTGCA-1,0.00063,0.132211,0.492354,0.374805
TCTGCGAATCGTTCGC-1,0.871196,0.000039,0.000195,0.12857
TCTGCGTCCGGTTTCT-1,0.000017,0.016291,0.595818,0.387874
TCTGCTTAGAACAAGC-1,0.168646,0.057418,0.405624,0.368313
TCTGGAGCGTAAGAGT-1,0.776594,0.000035,0.000173,0.223199
TCTGGCCGTTCAAGTT-1,0.378999,0.131849,0.078764,0.410388
TCTGGCGCAAGCCGGG-1,0.001765,0.000024,0.196667,0.801543
TCTGGGAACCTTTGAA-1,0.007256,0.057687,0.580913,0.354144
TCTGGGTAGCGCTCAT-1,0.000266,0.005099,0.512482,0.482154
TCTGTCATACAAGAGC-1,0.011365,0.250646,0.534195,0.203794
TCTGTGACTGACCGTT-1,0.000018,0.148585,0.035396,0.816001
TCTGTGATGGAGGTTG-1,0.946177,0.002141,0.000374,0.051307
TCTGTGCCATCATAGT-1,0.00001,0.019444,0.905235,0.075311
TCTGTGGCTACATTTC-1,0.063224,0.383354,0.273143,0.28028
TCTGTTACCCAGCATA-1,0.000013,0.014674,0.963658,0.021655
TCTGTTTAGATTGTTC-1,0.043036,0.000034,0.00017,0.95676
TCTTAACTCGGATGTA-1,0.000026,0.005348,0.570328,0.424298
TCTTACAGAGGTACCG-1,0.007732,0.075448,0.239879,0.676941
TCTTACCGGAACTCGT-1,0.375414,0.074192,0.001137,0.549257
TCTTACGGCATCCGAC-1,0.000016,0.012845,0.680213,0.306926
TCTTACTTATGCCTCT-1,0.00265,0.032006,0.729723,0.235621
TCTTAGAGCTCCAATT-1,0.000476,0.055655,0.70428,0.239589
TCTTAGAGTGAACTCT-1,0.010284,0.132987,0.492617,0.364111
TCTTATGGGTAGTACC-1,0.08658,0.26895,0.339546,0.304925
TCTTCCCATGGGCACA-1,0.110957,0.045326,0.575329,0.268388
TCTTCGAATAGACGTT-1,0.000012,0.02016,0.780827,0.199001
TCTTCGATACCAATAA-1,0.000117,0.037328,0.696134,0.266422
TCTTCGCGGTGAGAGG-1,0.004482,0.314789,0.261324,0.419405
TCTTCTATAACCCGCC-1,0.036255,0.137018,0.077937,0.74879
TCTTGATGCGTAGCGA-1,0.009637,0.09274,0.579908,0.317715
TCTTGCTCCCGATACT-1,0.000009,0.014725,0.848464,0.136801
TCTTGGTAACACCAAA-1,0.159228,0.165156,0.240665,0.434951
TCTTGGTCAATGATAC-1,0.000008,0.000008,0.943872,0.056112
TCTTTAAGACTATGAA-1,0.000084,0.048725,0.731777,0.219414
TCTTTAGAGTCTAACA-1,0.017202,0.061979,0.591343,0.329476
TCTTTAGCAGGCGAAC-1,0.000577,0.204576,0.559435,0.235411
TCTTTCATCCGTCCTT-1,0.05244,0.000055,0.000274,0.947232
TCTTTCCTTCGAGATA-1,0.02394,0.15953,0.588909,0.227621
TCTTTCGGCGGGACAC-1,0.014248,0.000232,0.330532,0.654989
TCTTTCTCTTAAGGAG-1,0.943585,0.030143,0.026164,0.000108
TGAAACCTCAACTCAC-1,0.000695,0.024504,0.1854,0.789401
TGAAACTTATGCAAGC-1,0.298768,0.699699,0.000958,0.000575
TGAAAGGACCTGACTC-1,0.010456,0.162789,0.349206,0.477548
TGAACAAGCAGGGACT-1,0.000234,0.005942,0.654136,0.339688
TGAACACCCGAAGCAG-1,0.002794,0.001469,0.0146,0.981138
TGAACCTGAATGTGAG-1,0.018661,0.000022,0.07452,0.906798
TGAACTGCTATGACTT-1,0.000013,0.000013,0.796599,0.203376
TGAAGAGCGGTCCTAG-1,0.002214,0.036964,0.812996,0.147827
TGAAGTAGCTTACGGA-1,0.000007,0.000364,0.998418,0.001211
TGAATACCGACGCGTA-1,0.003337,0.074427,0.552983,0.369253
TGAATATGCTATAAAC-1,0.866334,0.000058,0.000288,0.13332
TGAATGAGATACAGCA-1,0.97166,0.015613,0.002961,0.009766
TGAATGAGTGTTTCCC-1,0.002913,0.000562,0.329257,0.667268
TGAATGTCAGCCGGCC-1,0.022932,0.148495,0.450349,0.378223
TGAATTTCACTTGCCT-1,0.000024,0.010406,0.749018,0.240552
TGACAACGCATGTCGC-1,0.63459,0.00034,0.106076,0.258994
TGACAACTTAAAGGTG-1,0.000246,0.000926,0.594375,0.404453
TGACACTTCTCTTTGC-1,0.442013,0.389666,0.117822,0.0505
TGACAGAAATCTTGCT-1,0.007169,0.000028,0.024081,0.968722
TGACAGGACAAGTCCA-1,0.080921,0.000052,0.00026,0.918767
TGACATATATGACGAT-1,0.000008,0.007125,0.973187,0.01968
TGACATCGAGCGGACC-1,0.00332,0.080319,0.823471,0.09289
TGACATGTAACGTGAC-1,0.000034,0.004192,0.611399,0.384376
TGACCAAATCTTAAAC-1,0.001975,0.00001,0.597291,0.400724
TGACCAGCTTCAAAGT-1,0.999652,0.000039,0.000193,0.000116
TGACCCAACTCACATT-1,0.003819,0.024607,0.111397,0.860177
TGACCCACGTTAGACA-1,0.000012,0.023209,0.845387,0.131392
TGACCCAGCATTCCCG-1,0.825333,0.006191,0.000211,0.168265
TGACGAATATTTCCCT-1,0.000023,0.000023,0.201496,0.798458
TGACGATGCACTAGAA-1,0.024102,0.104064,0.426084,0.44575
TGACTATAATCCTTTC-1,0.004393,0.032015,0.571615,0.391977
TGACTCCGAATCATAC-1,0.026234,0.000031,0.029586,0.944149
TGACTCTAACTGGTAA-1,0.209877,0.128568,0.020187,0.641367
TGAGAATGCTTTACCG-1,0.006809,0.193032,0.622448,0.17771
TGAGACGTACCTCTCA-1,0.000012,0.000012,0.863926,0.13605
TGAGAGATTTACCACG-1,0.004659,0.077025,0.631596,0.286719
TGAGATCAAATACTCA-1,0.513335,0.32388,0.000673,0.162112
TGAGATTAGGCCCTAA-1,0.791783,0.101223,0.057929,0.049065
TGAGCAGTCGTGAAGT-1,0.017468,0.037786,0.137482,0.807264
TGAGCCATACAGTCTC-1,0.000911,0.000024,0.448865,0.5502
TGAGCGGAAAGTGTTC-1,0.038367,0.006538,0.125927,0.829168
TGAGCTCAACTGTATA-1,0.106992,0.349428,0.41216,0.13142
TGAGCTTTAATGACGC-1,0.445729,0.338048,0.136876,0.079346
TGAGGAGTGCCAGCTT-1,0.018056,0.000036,0.014103,0.967805
TGAGGTGTGTGGCGGA-1,0.008887,0.009665,0.679109,0.302338
TGAGGTTGATCCCAAG-1,0.000015,0.101378,0.745005,0.153602
TGAGTAAATTAGCGTA-1,0.004908,0.076706,0.436737,0.481649
TGAGTGCCTCTTAAAT-1,0.00589,0.001231,0.681577,0.311303
TGAGTGGTCCGTGACG-1,0.011489,0.067543,0.648111,0.272857
TGAGTTAAAGACATTC-1,0.041631,0.090289,0.55033,0.317749
TGATACATTTAGCCGT-1,0.337637,0.000046,0.000231,0.662086
TGATAGCGGGATTCTA-1,0.000012,0.015656,0.775858,0.208473
TGATCACCACACTGAC-1,0.000019,0.000019,0.423506,0.576457
TGATCAGGGAACTGCT-1,0.000022,0.018078,0.625816,0.356084
TGATCCCAGCATTAGT-1,0.261232,0.347539,0.052992,0.338237
TGATCGGTTTGACCCT-1,0.000013,0.03872,0.87901,0.082257
TGATCTACGCTGATCT-1,0.930422,0.005731,0.000228,0.063618
TGATCTATCACACTCT-1,0.015734,0.001603,0.353393,0.62927
TGATCTCCGGCGCCAG-1,0.037473,0.053993,0.407683,0.500851
TGATGCTCACGTAGTC-1,0.999697,0.000034,0.000169,0.000101
TGATGGCTGTTTCTGA-1,0.377227,0.169384,0.420513,0.032877
TGATGGGACTAAGTCA-1,0.0023,0.003769,0.321853,0.672078
TGATGTCAATTAAGTG-1,0.001824,0.279541,0.441356,0.277279
TGATTATGGCACGCAG-1,0.888786,0.000061,0.000306,0.110846
TGATTCAGGTCCCGCG-1,0.00002,0.00002,0.269496,0.730465
TGATTCCCGGTTACCT-1,0.010321,0.000027,0.408163,0.581489
TGATTCGTCTATCACT-1,0.000015,0.000171,0.895262,0.104552
TGATTCTGTCGCCGGT-1,0.000014,0.001933,0.817248,0.180804
TGATTTATTAGCTGTG-1,0.012449,0.000035,0.032063,0.955454
TGATTTCCTCCTGACG-1,0.000013,0.054534,0.695975,0.249478
TGCAAACCCACATCAA-1,0.000008,0.043595,0.672887,0.283509
TGCAAACGTACTAGTT-1,0.021296,0.000011,0.025065,0.953629
TGCAAAGTTCGTCTGT-1,0.004098,0.023842,0.567667,0.404393
TGCAACCCATCTGCGG-1,0.002925,0.009574,0.962873,0.024628
TGCAACTACTGGTTGA-1,0.00001,0.120704,0.683771,0.195515
TGCAAGAATGACGTAA-1,0.03445,0.037654,0.255836,0.672061
TGCAATCTAACACGGT-1,0.057145,0.018597,0.526779,0.397479
TGCAATTTGGGCACGG-1,0.883205,0.000052,0.017513,0.099231
TGCACAGTGAAGTTAT-1,0.883688,0.10575,0.000271,0.010291
TGCACGAGTCGGCAGC-1,0.654286,0.000578,0.002891,0.342245
TGCACTATGTGAGTGC-1,0.010362,0.033388,0.200722,0.755529
TGCAGAACTATATCGT-1,0.000011,0.00488,0.909309,0.0858
TGCAGAGTACCGAGCA-1,0.00655,0.018086,0.770321,0.205043
TGCAGATCGTCCTAGG-1,0.000012,0.004135,0.771839,0.224015
TGCAGCTACGTACTTC-1,0.000015,0.000015,0.611879,0.38809
TGCAGGATCGGCAAAG-1,0.045405,0.179991,0.646028,0.128576
TGCAGTGAGGCTCGGG-1,0.765265,0.000056,0.000282,0.234397
TGCAGTGGTAGGGAAC-1,0.000014,0.007375,0.810901,0.18171
TGCAGTTTCCTCCCAT-1,0.000011,0.076743,0.890116,0.033131
TGCATATGTCTGTCAC-1,0.000006,0.002263,0.997714,0.000017
TGCATCTCCGGATCTT-1,0.294457,0.460663,0.132035,0.112845
TGCATGAGTAGATTCG-1,0.000015,0.001544,0.168799,0.829642
TGCATGGATCGGATCT-1,0.055566,0.251938,0.495666,0.19683
TGCATGGCAGTCTTGC-1,0.991957,0.007744,0.000187,0.000112
TGCATGTGACCCATAG-1,0.030585,0.003877,0.429575,0.535964
TGCATGTGGTAATCTA-1,0.005005,0.060194,0.60092,0.333881
TGCCAAAGTCAGACTT-1,0.000008,0.000008,0.903386,0.096598
TGCCAATGGGTACTCT-1,0.067894,0.004218,0.011046,0.916842
TGCCACACTAGAGGAA-1,0.000026,0.000026,0.305262,0.694686
TGCCACCTGGCGAAAC-1,0.154349,0.3379,0.110108,0.397643
TGCCAGTACGTGGAGA-1,0.02382,0.023928,0.203432,0.748819
TGCCATGGCTTATAAG-1,0.956586,0.042963,0.000282,0.000169
TGCCATTACTAAAGAA-1,0.028688,0.504967,0.466199,0.000146
TGCCCGATAGTTAGAA-1,0.009471,0.063543,0.630587,0.2964
TGCCCGTACCGTTAAA-1,0.008055,0.030467,0.657638,0.30384
TGCCGAAAGCGTATTC-1,0.688079,0.000054,0.000269,0.311598
TGCCGATGTCATCAAT-1,0.020228,0.005477,0.317889,0.656406
TGCCGGATGTACGAGC-1,0.005252,0.014444,0.451721,0.528583
TGCCGTGGATCGTCCT-1,0.02692,0.030004,0.008258,0.934817
TGCCGTGGGACCCAAT-1,0.044427,0.054212,0.50551,0.395851
TGCCTAAATTTAATAG-1,0.826695,0.005955,0.000151,0.167199
TGCCTAATTGAAGATT-1,0.002558,0.063145,0.8034,0.130898
TGCCTGACATCGGTCA-1,0.000017,0.000017,0.362387,0.63758
TGCCTGATCAAACGAT-1,0.017177,0.369398,0.461843,0.151582
TGCCTTGCCCTTACGG-1,0.012633,0.095478,0.210863,0.681027
TGCCTTGGCCAGGCAA-1,0.004204,0.081575,0.817214,0.097007
TGCGAATATGGGATTT-1,0.000023,0.000099,0.538799,0.461079
TGCGACACCCTAGTGC-1,0.014215,0.022557,0.189671,0.773558
TGCGACGGCCGAACGT-1,0.053912,0.000029,0.000147,0.945912
TGCGAGAAACGTTACG-1,0.008368,0.052077,0.195306,0.744249
TGCGAGAATATTACCC-1,0.000016,0.095664,0.405441,0.498879
TGCGAGATGGCGGCCA-1,0.950637,0.000052,0.000258,0.049053
TGCGAGCCCTTCCGCG-1,0.88643,0.000061,0.000304,0.113205
TGCGATGCTAATGGCT-1,0.002893,0.009349,0.386191,0.601567
TGCGCAAAGCATTTGG-1,0.026521,0.104037,0.618888,0.250554
TGCGCCGTTAATAACG-1,0.044398,0.257111,0.612467,0.086024
TGCGCGATTAACGGAG-1,0.002363,0.043809,0.748537,0.205291
TGCGGACTTGACTCCG-1,0.002897,0.041075,0.840402,0.115625
TGCGGAGTAAAGGTGC-1,0.013441,0.354715,0.17316,0.458684
TGCGGCATAGTTCAAC-1,0.04518,0.420425,0.304853,0.229542
TGCGGGTATTGGGATC-1,0.507973,0.426577,0.002476,0.062973
TGCGGTCTACGAGTAA-1,0.879942,0.077242,0.000187,0.042629
TGCGGTGAAATTTCAT-1,0.422085,0.229589,0.194472,0.153854
TGCGTAAGAACCTGAT-1,0.000011,0.000982,0.769622,0.229386
TGCGTACGGCTAATTG-1,0.002196,0.143443,0.656396,0.197966
TGCGTCATGACTGAGC-1,0.000011,0.002019,0.70232,0.29565
TGCGTGATTGGGTGTC-1,0.000017,0.000071,0.150148,0.849764
TGCGTTTGTTGACACT-1,0.000009,0.01191,0.98426,0.003821
TGCTAAGTGTCTATTT-1,0.00001,0.006661,0.990712,0.002618
TGCTATACAAACGGAC-1,0.098932,0.310414,0.258218,0.332435
TGCTATGGCAAAGGGA-1,0.000969,0.006256,0.213296,0.77948
TGCTCAAAGGATGCAC-1,0.000007,0.065947,0.591987,0.342059
TGCTCACACAACAACC-1,0.998919,0.000888,0.00012,0.000072
TGCTCCACAGTTCTTA-1,0.001809,0.00953,0.787727,0.200934
TGCTCGGCGAAACCCA-1,0.033343,0.031624,0.078173,0.85686
TGCTCGGTGGGTCACC-1,0.009724,0.009316,0.798858,0.182102
TGCTCTGCCGGTTCAC-1,0.966826,0.000077,0.000384,0.032714
TGCTCTTGAGAGTTTG-1,0.00001,0.0192,0.911169,0.069621
TGCTGCGTCAGAGTTA-1,0.973997,0.025705,0.000186,0.000112
TGCTGGTTGGACAATT-1,0.05172,0.016264,0.258772,0.673245
TGCTGTTGAAGAACTC-1,0.009879,0.079373,0.719166,0.191582
TGCTTAGAGAGAATGC-1,0.001447,0.027807,0.666558,0.304187
TGCTTCCCAAGCAGTA-1,0.000017,0.007115,0.283491,0.709377
TGCTTGAAACCATGCA-1,0.00001,0.003583,0.081056,0.915352
TGGAAACGGAGTGAAC-1,0.001844,0.005443,0.512148,0.480565
TGGAACCACTGACACA-1,0.118091,0.469857,0.287807,0.124245
TGGAAGAAGGGAACGT-1,0.021375,0.016059,0.434971,0.527595
TGGAAGACGAACACCA-1,0.039184,0.288417,0.177118,0.495281
TGGAAGGATAAAGATG-1,0.130835,0.209578,0.604567,0.05502
TGGAATATCCTTGACC-1,0.749776,0.000054,0.00027,0.249901
TGGAATTAGACGCTTT-1,0.000014,0.05875,0.468121,0.473114
TGGACACCGTTGCTTG-1,0.006295,0.000023,0.219776,0.773907
TGGACCAATCTAAGAT-1,0.000009,0.065048,0.739733,0.19521
TGGACCACGGCGTTGA-1,0.007817,0.036968,0.278747,0.676467
TGGACGCAATCCAGCC-1,0.120909,0.000047,0.000233,0.878811
TGGACGTAGGCGAATC-1,0.005294,0.003843,0.135651,0.855212
TGGACTGTTCGCTCAA-1,0.003715,0.006767,0.766672,0.222845
TGGAGAATAATCGTCC-1,0.000006,0.001739,0.837913,0.160342
TGGAGCTAAAGTTCCC-1,0.863135,0.000893,0.004466,0.131506
TGGAGGGAAACACCTC-1,0.94053,0.000032,0.00016,0.059279
TGGAGTGATGCGATGA-1,0.000023,0.012671,0.260045,0.72726
TGGATAGAGTAACAGA-1,0.008193,0.004479,0.343256,0.644072
TGGATGGCATCTTGGA-1,0.012683,0.008497,0.16341,0.815409
TGGCAAACTAAATTAC-1,0.000008,0.056868,0.742485,0.20064
TGGCAACTCGCGCGCC-1,0.013342,0.396138,0.479645,0.110875
TGGCAAGCACAAGTCG-1,0.000009,0.000026,0.944234,0.05573
TGGCAATGGGACGGCG-1,0.005007,0.04905,0.428195,0.517748
TGGCACGAGCTCGAGT-1,0.916025,0.00007,0.012955,0.070951
TGGCAGATTACGATCA-1,0.00002,0.006955,0.625918,0.367107
TGGCAGCAGTAATAGT-1,0.007767,0.005128,0.472926,0.514179
TGGCATGAAGTTTGGG-1,0.068431,0.000044,0.000219,0.931306
TGGCCAAACTGAAGTA-1,0.000011,0.183105,0.455836,0.361047
TGGCCAATTTGGTACT-1,0.008322,0.088995,0.810661,0.092022
TGGCCGTATATTGACC-1,0.000017,0.021531,0.469005,0.509448
TGGCGACTGCTCCAAA-1,0.338731,0.145089,0.097037,0.419144
TGGCGATCAAGTTATG-1,0.006478,0.008432,0.761897,0.223193
TGGCGGTGTGCGATTG-1,0.000028,0.203174,0.427234,0.369564
TGGCTACACTCTACCT-1,0.015935,0.134195,0.496538,0.353332
TGGCTATGTGACATAC-1,0.003579,0.005237,0.45588,0.535304
TGGCTCTTGTCGCGTA-1,0.000015,0.000015,0.757565,0.242405
TGGCTTGTACAAGCTT-1,0.982643,0.007084,0.000207,0.010066
TGGCTTTGGGTAGACA-1,0.004499,0.157563,0.254342,0.583596
TGGGAAATGCCTTTCC-1,0.000006,0.014462,0.902987,0.082545
TGGGACCATTGGGAGT-1,0.002187,0.000029,0.212299,0.785484
TGGGATGCACTCATTC-1,0.88947,0.104697,0.005746,0.000087
TGGGCAATAGTTGGGT-1,0.022771,0.059883,0.523294,0.394052
TGGGCACAAACAGAAC-1,0.008422,0.332384,0.273615,0.385578
TGGGCACGTTCTATGG-1,0.000087,0.529628,0.470025,0.000261
TGGGCAGGCCACCGCA-1,0.03762,0.217779,0.404173,0.340428
TGGGCCACAAGAGCGC-1,0.182547,0.203763,0.157075,0.456615
TGGGCCCATACTAATT-1,0.029669,0.021909,0.550736,0.397685
TGGGCCTTGCCTGCAT-1,0.017423,0.000026,0.006802,0.975748
TGGGCGATACAATAAG-1,0.001907,0.008781,0.654481,0.334831
TGGGTAAGGTTCCCGC-1,0.802383,0.000433,0.002165,0.195019
TGGGTGCACAAGCCAT-1,0.038884,0.030977,0.252692,0.677448
TGGGTGGGATGTCATT-1,0.865694,0.000075,0.000375,0.133856
TGGGTGTAATAGATTT-1,0.023538,0.087514,0.734002,0.154946
TGGGTGTTAAGTAGAA-1,0.022022,0.01618,0.587566,0.374232
TGGGTTCCCGGACGGA-1,0.000016,0.009123,0.801827,0.189035
TGGGTTTCGGGCGTAC-1,0.002739,0.00002,0.481502,0.515739
TGGTAAGCAGGATTGA-1,0.000011,0.014176,0.894712,0.091101
TGGTACCGGCACAGCC-1,0.005186,0.000039,0.044593,0.950182
TGGTAGAATATATGGG-1,0.00001,0.012184,0.856037,0.13177
TGGTATCGCATCCCAA-1,0.382855,0.358627,0.238823,0.019696
TGGTATCGGTCTGTAT-1,0.254223,0.34545,0.251491,0.148835
TGGTCCCACGCTACGG-1,0.010853,0.240134,0.141532,0.607481
TGGTCGATATACCTCT-1,0.00002,0.00002,0.239061,0.760899
TGGTCGGGTACAGGGC-1,0.000016,0.000016,0.443725,0.556242
TGGTCGTGCAAGGCAA-1,0.000012,0.018097,0.865988,0.115903
TGGTCGTTTGATAGAT-1,0.99965,0.000039,0.000194,0.000117
TGGTCTAGCTTACATG-1,0.000901,0.000017,0.648454,0.350628
TGGTCTGTTGGGCGTA-1,0.000014,0.031497,0.54209,0.426399
TGGTGATCGTATTTGT-1,0.000028,0.000028,0.009486,0.990457
TGGTGCCCTGCCTTAC-1,0.000012,0.007712,0.494124,0.498152
TGGTGTGACAGACGAT-1,0.014847,0.002941,0.290434,0.691778
TGGTTAAGGGCGCTGG-1,0.823018,0.111398,0.00026,0.065324
TGGTTATGCTTGCGGT-1,0.000019,0.00188,0.493242,0.504859
TGGTTCAACGGGTAAT-1,0.011668,0.105648,0.72834,0.154344
TGGTTCGTAGCAAAGG-1,0.003081,0.177303,0.460235,0.35938
TGGTTGGAGGATCCTG-1,0.728723,0.082792,0.188388,0.000097
TGGTTTAAACGTGGGT-1,0.767966,0.039796,0.038537,0.1537
TGTAACTTGTCAACCT-1,0.002049,0.040287,0.106302,0.851362
TGTAAGACTGATAAGA-1,0.280095,0.000074,0.063226,0.656605
TGTAATGACCACAATA-1,0.000012,0.000109,0.660525,0.339355
TGTAATGCCTTCGGAC-1,0.956241,0.043506,0.000158,0.000095
TGTACCCGACCCTAAT-1,0.064196,0.000071,0.000356,0.935376
TGTACCTACACGAGGG-1,0.008254,0.003996,0.676076,0.311675
TGTACGAACAAATCCG-1,0.007014,0.03858,0.385958,0.568447
TGTACGCTATCAGCTT-1,0.908562,0.011068,0.000226,0.080144
TGTACTACTCTCACGG-1,0.868392,0.000052,0.000262,0.131294
TGTACTATCGCTCGTT-1,0.005711,0.064164,0.667582,0.262543
TGTACTGTGCCAAAGT-1,0.011727,0.072913,0.164644,0.750716
TGTAGCCAATTCCGTT-1,0.032352,0.026299,0.36233,0.579019
TGTAGCCATCCCATTC-1,0.008013,0.10772,0.41237,0.471897
TGTAGGAGAAATTTCC-1,0.000362,0.090674,0.64309,0.265873
TGTAGTGATCTATAAT-1,0.000026,0.000026,0.319592,0.680356
TGTATAACAGATCCTG-1,0.000013,0.115632,0.765557,0.118798
TGTATACGGATGATGA-1,0.863333,0.000067,0.000335,0.136265
TGTATCAGACTGAAGC-1,0.822821,0.01356,0.000323,0.163296
TGTATCCTTATTCCAT-1,0.000015,0.289331,0.670901,0.039754
TGTATGGCGCAGACAG-1,0.017281,0.055318,0.712941,0.21446
TGTATTTACCTAATGC-1,0.896611,0.035595,0.011298,0.056496
TGTCATTTGTTGGGAA-1,0.796196,0.027506,0.000298,0.175999
TGTCCACGGCTCAACT-1,0.029893,0.03606,0.694774,0.239272
TGTCCCGACATAGCAC-1,0.003943,0.583082,0.234215,0.17876
TGTCCGCAAACAATTC-1,0.011439,0.000013,0.264701,0.723847
TGTCCGTGGCGCCTTT-1,0.000014,0.06039,0.461901,0.477695
TGTCCTAAGTCACCGC-1,0.000013,0.006607,0.906248,0.087132
TGTCGGCATGGTGGAA-1,0.035413,0.000024,0.050494,0.914069
TGTCGTGGGTATAGGC-1,0.000511,0.020924,0.678414,0.300151
TGTCGTTATCACATAT-1,0.073349,0.064371,0.023668,0.838612
TGTCTACAGTTTCTGT-1,0.097911,0.211829,0.112366,0.577894
TGTGACTACGCCAGTC-1,0.000013,0.293029,0.67754,0.029417
TGTGACTAGAGTTTGC-1,0.000009,0.031212,0.94041,0.028369
TGTGAGACTAGCCCAA-1,0.000014,0.03082,0.634332,0.334834
TGTGATTCCAGCGCTT-1,0.780343,0.000082,0.000409,0.219166
TGTGCCGGTGCCGGAA-1,0.012013,0.026799,0.663782,0.297405
TGTGCTTTACGTAAGA-1,0.000005,0.001933,0.996903,0.00116
TGTGGACTATCTACGT-1,0.146537,0.273138,0.329181,0.251143
TGTGGAGGAAGCTTAA-1,0.051882,0.407832,0.372664,0.167621
TGTGGCAAAGCGTATG-1,0.005732,0.146485,0.590288,0.257494
TGTGGCGGGCTTCTGG-1,0.001667,0.000022,0.275644,0.722668
TGTGGCTCCCACCAAC-1,0.025497,0.101941,0.561276,0.311286
TGTGGTAGGGTGCCTT-1,0.05741,0.32682,0.323232,0.292539
TGTGGTTGCTAAAGCT-1,0.007982,0.000023,0.265219,0.726776
TGTGTAGTAGCACGTG-1,0.000472,0.149383,0.778878,0.071267
TGTGTCGAAGTCGAGG-1,0.126354,0.018033,0.001846,0.853767
TGTGTCGCGAGTTGCA-1,0.00422,0.028878,0.643572,0.32333
TGTGTGACCATGAATC-1,0.137393,0.000049,0.000243,0.862315
TGTGTTCGTATCCAAG-1,0.013357,0.031533,0.195934,0.759176
TGTTAACAAAGTGACT-1,0.319563,0.217423,0.090836,0.372177
TGTTATTGTATGTGGC-1,0.000009,0.039574,0.917421,0.042996
TGTTCATAAATGTGCT-1,0.000018,0.000018,0.174515,0.825449
TGTTCCGCTTCCATGA-1,0.000008,0.003224,0.979314,0.017453
TGTTCCGGCCTGAGCT-1,0.040274,0.098165,0.637457,0.224104
TGTTCGTATTGCGGTG-1,0.000014,0.041811,0.893567,0.064609
TGTTCTCATACTATAG-1,0.170501,0.272883,0.239078,0.317539
TGTTCTCTACTCCCTA-1,0.891221,0.044994,0.000171,0.063614
TGTTCTTCCATTGACT-1,0.011793,0.019432,0.591065,0.377709
TGTTGATCACTGTTTA-1,0.999259,0.00005,0.000251,0.00044
TGTTGCCGTCGTCCCA-1,0.055092,0.142173,0.705449,0.097286
TGTTGGCTGGCGGAAG-1,0.0058,0.013552,0.107842,0.872806
TGTTGTCAAGAAGTCT-1,0.000357,0.271174,0.28045,0.448019
TGTTTAATACTTCATC-1,0.929826,0.069894,0.000175,0.000105
TGTTTCGGTACTTCTC-1,0.015515,0.336845,0.190294,0.457347
TGTTTCTGAAGCGTGC-1,0.095098,0.000159,0.000795,0.903948
TGTTTGAGATCGTCAG-1,0.08525,0.043654,0.390529,0.480566
TTAAACAGAGTCCCGC-1,0.014092,0.0113,0.28126,0.693348
TTAAACCGGTAGCGAC-1,0.057182,0.238266,0.037962,0.66659
TTAAACCTGGTTCCTT-1,0.001367,0.000016,0.287379,0.711238
TTAAACTCGAATTCAT-1,0.004725,0.087488,0.795429,0.112358
TTAAAGGCGATGCTCG-1,0.000012,0.005136,0.543596,0.451256
TTAAAGTAAGTCGCCA-1,0.016186,0.023532,0.462986,0.497295
TTAACACCTCGAACAT-1,0.000009,0.012861,0.438142,0.548988
TTAACCAACCCTCCCT-1,0.020122,0.30977,0.560304,0.109805
TTAACCCGAGGCGTGT-1,0.514519,0.140423,0.299453,0.045605
TTAACGAACAAGCAGT-1,0.999673,0.000036,0.000181,0.000109
TTAACGTCGCAAGACC-1,0.000816,0.231041,0.685958,0.082186
TTAACGTTAAAGCCTG-1,0.000009,0.066155,0.380039,0.553798
TTAACTCACGCGTGGA-1,0.000031,0.000031,0.071278,0.92866
TTAACTGATCGTTTGG-1,0.186965,0.11754,0.22037,0.475125
TTAACTTCAGGTAGGA-1,0.004734,0.000026,0.274177,0.721063
TTAAGACGAACGAACC-1,0.759934,0.194433,0.045577,0.000056
TTAAGATACCCAGAGA-1,0.000362,0.004138,0.74502,0.250479
TTAAGATAGGATTGAC-1,0.005879,0.045176,0.378183,0.570763
TTAAGCCGACAACTTC-1,0.502152,0.309713,0.002605,0.185529
TTAAGCGCCTGACCCA-1,0.015622,0.026305,0.155998,0.802076
TTAAGGATACGGAGGT-1,0.000022,0.23225,0.220583,0.547145
TTAAGGCCCGTACTTT-1,0.029039,0.146342,0.014519,0.8101
TTAAGTATTGTTATCC-1,0.046487,0.056647,0.471108,0.425758
TTAATCAGTACGTCAG-1,0.071717,0.60213,0.31655,0.009603
TTAATGCGAGGTAACT-1,0.17753,0.608727,0.213626,0.000117
TTAATGTAGACCAGGT-1,0.000012,0.017913,0.709264,0.272811
TTAATGTGTTTGCAGG-1,0.000022,0.000022,0.273299,0.726658
TTAATTGCTTTGGGTG-1,0.000022,0.000022,0.381283,0.618674
TTAATTTCAGACGCGG-1,0.143107,0.389827,0.183791,0.283274
TTACAACTACGCATCC-1,0.000008,0.00617,0.987294,0.006528
TTACACGATCTGCGAC-1,0.008279,0.021489,0.843288,0.126944
TTACAGACCTAAATGA-1,0.005599,0.357477,0.127364,0.509561
TTACATCGTGGCCTGG-1,0.014311,0.005588,0.482816,0.497284
TTACATGCCACAACTA-1,0.000915,0.064186,0.71987,0.215029
TTACCATTGATTACCC-1,0.019509,0.000026,0.14924,0.831226
TTACCCATTGCCGGGT-1,0.589921,0.008657,0.006026,0.395396
TTACCCTAACAGTCCT-1,0.000018,0.012165,0.353194,0.634622
TTACCCTAGGGATTGG-1,0.000022,0.017704,0.749454,0.23282
TTACCGCCTTAGGGAA-1,0.007206,0.007631,0.022109,0.963054
TTACGGATGGTTCGAG-1,0.005846,0.047718,0.871826,0.07461
TTACGGTGTCACCGAG-1,0.000015,0.190682,0.399356,0.409946
TTACGTAGCGCGTGCT-1,0.985602,0.014068,0.000206,0.000124
TTACGTATCTATGACA-1,0.000008,0.136394,0.803446,0.060153
TTACTAAAGGACTTTA-1,0.005233,0.058442,0.354389,0.581935
TTACTATCGGCTTCTC-1,0.000025,0.000025,0.150811,0.849139
TTACTCCGGCCGGGAA-1,0.000006,0.008589,0.954513,0.036893
TTACTCTGGTACGTAC-1,0.000015,0.00101,0.679541,0.319434
TTACTGGGATATTTCA-1,0.001951,0.00013,0.245274,0.752645
TTACTGTCTAGAGCTC-1,0.890066,0.026205,0.000229,0.083501
TTACTGTTTCTCTACG-1,0.471556,0.000654,0.158592,0.369198
TTAGAAGAACATGACT-1,0.101289,0.088034,0.03276,0.777917
TTAGAATAAGGGTCGG-1,0.000782,0.010592,0.729664,0.258962
TTAGACACGATCGTTG-1,0.85278,0.003048,0.000416,0.143756
TTAGACGAGTCACCTC-1,0.00002,0.003106,0.524871,0.472002
TTAGAGGGATATACAG-1,0.158235,0.021495,0.401178,0.419092
TTAGAGTATTGTCGAG-1,0.0002,0.010789,0.473421,0.51559
TTAGAGTTTAGAAGGA-1,0.000012,0.075086,0.528735,0.396167
TTAGATAGGTCGATAC-1,0.002871,0.005742,0.214968,0.776418
TTAGCAACATGGATGT-1,0.000014,0.017155,0.350128,0.632703
TTAGCATCCCTCACGT-1,0.04691,0.000039,0.000338,0.952713
TTAGCCATAGGGCTCG-1,0.000018,0.000018,0.463552,0.536413
TTAGCTAATACGATCT-1,0.407814,0.216855,0.064405,0.310926
TTAGCTCTGTAATCCG-1,0.000012,0.022435,0.86835,0.109204
TTAGCTGATTTGCCGT-1,0.023997,0.028584,0.548529,0.398889
TTAGGATGGGAGGGTA-1,0.109027,0.672658,0.116486,0.101828
TTAGGTCATAACCGAC-1,0.125118,0.020725,0.003866,0.850291
TTAGGTGTGACTGGTC-1,0.000043,0.000043,0.071063,0.928852
TTAGTAAACCTGCTCT-1,0.039466,0.08969,0.483752,0.387092
TTAGTAGGGCGGCGGG-1,0.000018,0.001936,0.640834,0.357212
TTAGTTATTCGTGGCA-1,0.000017,0.016653,0.80871,0.17462
TTAGTTCAAGTGTTCG-1,0.920241,0.010035,0.000319,0.069406
TTATAGATGCACATTA-1,0.192216,0.403798,0.187769,0.216217
TTATAGGTAATTGTCT-1,0.000008,0.006465,0.988406,0.00512
TTATAGTCCAAGGTGC-1,0.935395,0.000051,0.000256,0.064298
TTATATACGCTGTCAC-1,0.014566,0.02322,0.094327,0.867887
TTATATTTGGCAATCC-1,0.002065,0.048506,0.791157,0.158273
TTATCATACTCGCAAA-1,0.000013,0.065421,0.514935,0.419631
TTATCCAATCGAACTC-1,0.01235,0.009875,0.159279,0.818496
TTATCCGGGATCTATA-1,0.002567,0.050579,0.719193,0.227661
TTATCCTCAAGGAATA-1,0.000007,0.006683,0.919697,0.073613
TTATCGCCTGCGAAGC-1,0.002164,0.000017,0.233266,0.764553
TTATCTGACATTAGGA-1,0.00651,0.026318,0.815176,0.151997
TTATCTGTATCATAAC-1,0.002489,0.166656,0.736924,0.093932
TTATGAATGAAAGGGA-1,0.003986,0.059255,0.622288,0.314471
TTATGACAAACTGGAT-1,0.002984,0.027146,0.351433,0.618436
TTATGATCTTAACGAA-1,0.013225,0.02012,0.351125,0.615529
TTATGCGTCCCGGTCC-1,0.008853,0.126744,0.515111,0.349291
TTATGTTTGCGATAGA-1,0.000023,0.004012,0.190461,0.805504
TTATTAGAGCGTGTTC-1,0.000014,0.066237,0.755205,0.178545
TTATTAGGGAAGCATC-1,0.005599,0.442102,0.337146,0.215154
TTATTATCTGGAAGGC-1,0.037791,0.236523,0.567969,0.157716
TTATTTAGGTTCCTTA-1,0.386599,0.161475,0.228871,0.223055
TTATTTCATCCCAAAC-1,0.042161,0.000188,0.014827,0.942825
TTCAAAGTCTCTAGCC-1,0.000015,0.16425,0.407986,0.427748
TTCAACGACCCGACCG-1,0.002307,0.207166,0.398567,0.391959
TTCAAGCCGAGCTGAG-1,0.888259,0.000565,0.002826,0.10835
TTCAATACTCTGAATC-1,0.000009,0.031843,0.852683,0.115465
TTCAATTAGCCATAAT-1,0.707399,0.103715,0.165401,0.023485
TTCACGAAAGGATCAC-1,0.015162,0.062645,0.472536,0.449657
TTCACGGTCGTCACGT-1,0.005379,0.000022,0.38134,0.613259
TTCACTCGAGCACCTA-1,0.066033,0.014457,0.025296,0.894214
TTCACTTCCTAGAACG-1,0.00001,0.008117,0.912788,0.079085
TTCAGAGTAACCTGAC-1,0.000026,0.019534,0.100275,0.880165
TTCAGCCCTGGTCCAC-1,0.000017,0.01498,0.526692,0.458311
TTCAGCTGGCGTGCCC-1,0.021248,0.032485,0.648414,0.297853
TTCAGGCGTCAAAGCC-1,0.008314,0.029609,0.245874,0.716203
TTCAGTTCAAGAGGAG-1,0.012538,0.000025,0.024177,0.963261
TTCAGTTTGTGGCAGC-1,0.000026,0.000026,0.171863,0.828085
TTCATAGCCTTGTAAC-1,0.000022,0.001564,0.054585,0.943829
TTCATAGGGTGTCCAT-1,0.000348,0.013748,0.758164,0.22774
TTCATGGCGCAACAGG-1,0.214761,0.435562,0.11471,0.234967
TTCCAATCAGAGCTAG-1,0.100521,0.438066,0.238524,0.222888
TTCCAATCTGGCTATC-1,0.00003,0.014455,0.261783,0.723732
TTCCACACAGATTTGA-1,0.00002,0.022897,0.604943,0.37214
TTCCACATTTCTCGTC-1,0.68944,0.093877,0.019201,0.197482
TTCCAGACGAGATTTA-1,0.001256,0.079053,0.363628,0.556063
TTCCAGTGGGTTTCGT-1,0.007447,0.003037,0.311954,0.677563
TTCCATCATGCGGTGA-1,0.880081,0.000042,0.00021,0.119667
TTCCATCGACAGCGTG-1,0.002244,0.077669,0.749676,0.170411
TTCCCGACGCTTCACT-1,0.920161,0.000057,0.000283,0.0795
TTCCCGGCGCCAATAG-1,0.000016,0.000016,0.103791,0.896176
TTCCGCAGAGAAATAT-1,0.752573,0.007118,0.000181,0.240128
TTCCGCGTGAGGCGAT-1,0.007043,0.002615,0.535147,0.455196
TTCCGGCCTTGAGGCT-1,0.105854,0.000036,0.000178,0.893932
TTCCGGCTCGACTTCT-1,0.820214,0.03158,0.000343,0.147863
TTCCGGTATCTGTGTC-1,0.025002,0.069359,0.574623,0.331016
TTCCGGTTACCCACTT-1,0.001643,0.086911,0.681849,0.229597
TTCCTCGAGGGTGTCT-1,0.008154,0.131979,0.150567,0.709301
TTCCTCGGACTAACCA-1,0.000692,0.161381,0.492961,0.344966
TTCCTCTGCCCGAATA-1,0.000019,0.000019,0.345544,0.654419
TTCCTTTCTGTGTTGC-1,0.010712,0.005143,0.119359,0.864786
TTCGAACGAAACATGC-1,0.006541,0.003437,0.363784,0.626239
TTCGACAGAGCCCGTG-1,0.027376,0.04669,0.247509,0.678425
TTCGACGGGAAGGGCG-1,0.00001,0.063937,0.905652,0.030401
TTCGAGCCGGCGCTAC-1,0.999687,0.000035,0.000174,0.000104
TTCGCACTCGCGTGCT-1,0.015728,0.05501,0.498945,0.430317
TTCGCACTGTACGACA-1,0.000019,0.036274,0.730536,0.233171
TTCGCATCCGGAAGCA-1,0.00953,0.006664,0.579535,0.404271
TTCGCGCGCCATACGA-1,0.049591,0.001635,0.051676,0.897099
TTCGCTAGGAAGTTGT-1,0.000015,0.168894,0.64823,0.18286
TTCGCTATCTGACGTG-1,0.794172,0.04613,0.032685,0.127013
TTCGGACTGATGCCTT-1,0.959416,0.040264,0.000201,0.00012
TTCGGACTGGGCATGG-1,0.01758,0.000054,0.000272,0.982094
TTCGGCAACCCGCTGA-1,0.907694,0.055633,0.036564,0.000109
TTCGGCTAGAGATGGT-1,0.000011,0.010161,0.805628,0.1842
TTCGGGACTAATCGCG-1,0.002706,0.032548,0.740508,0.224238
TTCGGGCGCTAGTCTT-1,0.170143,0.000061,0.000305,0.829491
TTCGGGTTGCCACGGG-1,0.005041,0.192181,0.553914,0.248865
TTCGGTACTGTAGAGG-1,0.009781,0.000022,0.077014,0.913183
TTCGGTGGAGACGCCC-1,0.005496,0.131328,0.819608,0.043569
TTCGTAATCCCAGCGG-1,0.744074,0.008288,0.006407,0.241231
TTCGTACTCCAGAACG-1,0.000021,0.000021,0.077462,0.922496
TTCGTGCATGTTATAG-1,0.006819,0.006288,0.255595,0.731298
TTCGTGGGCTGGAAGC-1,0.999484,0.000057,0.000287,0.000172
TTCGTTCAACGAAGTT-1,0.454809,0.047149,0.351595,0.146447
TTCTAACCGAAGCTTA-1,0.000012,0.032104,0.785787,0.182097
TTCTACCTCAATCGGT-1,0.014897,0.00002,0.274511,0.710572
TTCTACCTTTATGTTG-1,0.985296,0.014413,0.000182,0.000109
TTCTACTTGCGAGGGC-1,0.003861,0.005035,0.388406,0.602698
TTCTAGAAAGTCTTAT-1,0.002976,0.045441,0.414944,0.536639
TTCTAGGCCAATTGTG-1,0.000016,0.132307,0.59298,0.274697
TTCTATGCCTTTCGCA-1,0.587646,0.237938,0.000195,0.174221
TTCTATTAAACGCAGC-1,0.000006,0.001557,0.948368,0.050068
TTCTCAATTGCTACAA-1,0.000013,0.000013,0.39137,0.608604
TTCTCTTACAGGTGAT-1,0.145662,0.000107,0.000537,0.853694
TTCTGACCGGGCTCAA-1,0.010934,0.009115,0.526399,0.453552
TTCTGCCGCGCCTAGA-1,0.014723,0.02478,0.646292,0.314205
TTCTGCGAGCGCCCTT-1,0.002251,0.028954,0.131678,0.837117
TTCTGCGGGTTAGCGG-1,0.019124,0.060714,0.383954,0.536209
TTCTGCTAGACTCCAA-1,0.148384,0.405639,0.275728,0.170249
TTCTGTTTCCTGTCGC-1,0.035406,0.01473,0.158974,0.790889
TTCTTAGTGAACGGTG-1,0.024116,0.000027,0.054217,0.921639
TTCTTAGTGGCTCAGA-1,0.000013,0.436785,0.50114,0.062061
TTCTTATCCGCTGGGT-1,0.044102,0.000975,0.250396,0.704526
TTCTTCCCTTTGATAT-1,0.312446,0.216647,0.002119,0.468788
TTCTTCGCAATAGAGC-1,0.818727,0.006568,0.014987,0.159718
TTCTTGAGCCGCGCTA-1,0.000015,0.11,0.645063,0.244922
TTCTTGCTAGCATCTC-1,0.001671,0.101171,0.571799,0.325358
TTCTTGGACGATCTGC-1,0.003359,0.072164,0.797991,0.126485
TTCTTGGAGTAATGAG-1,0.122059,0.416073,0.052519,0.409349
TTCTTGTAACCTAATG-1,0.001894,0.093571,0.42556,0.478975
TTCTTGTGTCCATCAG-1,0.000019,0.000019,0.320021,0.679941
TTCTTTGGTCGCGACG-1,0.630197,0.157622,0.209525,0.002656
TTGAAAGGTGTAAAGG-1,0.89467,0.03954,0.002171,0.063619
TTGAACGAATCCTTTG-1,0.023278,0.004308,0.041415,0.930999
TTGAACGACGTGCTGA-1,0.010918,0.023593,0.649702,0.315787
TTGAAGAATTCCCAGG-1,0.000552,0.012963,0.732881,0.253604
TTGAAGGATGGGCGCC-1,0.023469,0.000037,0.000185,0.976309
TTGAAGTGCATCTACA-1,0.728946,0.018849,0.000091,0.252115
TTGAATATGGACTTTC-1,0.009855,0.03028,0.416064,0.543801
TTGAATCGTTGTATAA-1,0.000017,0.021494,0.456489,0.522
TTGAATTCACGTGAGG-1,0.01333,0.019275,0.560756,0.406639
TTGACAGGAGCTCCCG-1,0.008894,0.020405,0.520885,0.449816
TTGACATGAACGTGGA-1,0.000014,0.00002,0.68159,0.318376
TTGACCAGGAACAACT-1,0.013135,0.034629,0.391908,0.560328
TTGACCATGTTCTCCG-1,0.000018,0.256616,0.652366,0.091
TTGACCGTGTTAATGA-1,0.00001,0.032668,0.950346,0.016977
TTGACGATTCAGCACG-1,0.088773,0.136015,0.144538,0.630674
TTGACGCTCCATGAGC-1,0.054614,0.056437,0.514576,0.374373
TTGACTACCATATGGT-1,0.011179,0.000021,0.644976,0.343824
TTGACTATTGTCCGGC-1,0.000012,0.086488,0.619275,0.294226
TTGAGAAGTTTAGCAT-1,0.01179,0.055281,0.581397,0.351531
TTGAGAGTACTGCTAA-1,0.000026,0.000026,0.113316,0.886631
TTGAGCAGCCCACGGT-1,0.05976,0.062493,0.461829,0.415918
TTGAGCGCCACGTGAT-1,0.028455,0.183701,0.437641,0.350203
TTGAGGCATTTAACTC-1,0.873905,0.056728,0.000236,0.069131
TTGAGGGTCGAACGCG-1,0.999417,0.000065,0.000324,0.000194
TTGAGTCCCGCTGCTG-1,0.000013,0.133873,0.747137,0.118978
TTGATAGTCAATACAT-1,0.448551,0.202685,0.197046,0.151718
TTGATCTAACTTTGTC-1,0.033792,0.11681,0.637922,0.211476
TTGATGCCGCTCGTCG-1,0.000014,0.001491,0.805195,0.1933
TTGATGTGTAGTCCCG-1,0.107826,0.075354,0.357701,0.459119
TTGATTAGCTGTTTCT-1,0.001924,0.016579,0.619099,0.362398
TTGATTATGCAGATGA-1,0.000019,0.012273,0.338148,0.649561
TTGCAAGAAGACTCCT-1,0.025398,0.006142,0.546482,0.421979
TTGCACAATTCAGAAA-1,0.009097,0.000615,0.406669,0.583619
TTGCACGGAGCAGCAC-1,0.000019,0.128911,0.535778,0.335292
TTGCAGGTCATGAAGT-1,0.999601,0.000044,0.000221,0.000133
TTGCATGCTGATCACG-1,0.000008,0.000447,0.982816,0.016728
TTGCCAAGCAGAACCC-1,0.017237,0.012997,0.762909,0.206857
TTGCCATAGCCCGCTC-1,0.032117,0.027221,0.442404,0.498257
TTGCCCTGATCACGGG-1,0.007193,0.000027,0.070565,0.922214
TTGCCGCAGACCTACA-1,0.023199,0.007886,0.017806,0.95111
TTGCCGCTTTCTAGTA-1,0.000018,0.056659,0.519218,0.424105
TTGCCGGTGATCCCTC-1,0.769775,0.003009,0.000197,0.227019
TTGCCTAATCCAAAGT-1,0.001094,0.01557,0.745505,0.237831
TTGCCTTCTCGCCGGG-1,0.037804,0.036202,0.507397,0.418597
TTGCGCTCTCTCGCTT-1,0.000023,0.000023,0.493328,0.506626
TTGCGCTTGATCAATA-1,0.012039,0.067346,0.692607,0.228008
TTGCGGAAAGCTGCCC-1,0.002457,0.000014,0.203364,0.794165
TTGCGGCATCAGAAAG-1,0.030914,0.05987,0.058637,0.85058
TTGCGGCGACTCATGC-1,0.196419,0.31443,0.28325,0.205901
TTGCGTAGTTTGAGGA-1,0.009454,0.013751,0.30865,0.668145
TTGCGTCGGCCAACCG-1,0.006574,0.034359,0.424201,0.534866
TTGCGTGAACGCTTAG-1,0.815944,0.000057,0.000284,0.183715
TTGCGTGTGTAGGCAT-1,0.015643,0.036158,0.570813,0.377386
TTGCTAGCTACCAATC-1,0.005651,0.022741,0.126704,0.844904
TTGCTCATAGTACGTG-1,0.025814,0.039835,0.430534,0.503817
TTGCTCCCATACCGGA-1,0.366571,0.266993,0.16591,0.200527
TTGCTGAAGGAACCAC-1,0.016507,0.250204,0.354026,0.379262
TTGCTGATCATGTTCG-1,0.000014,0.117785,0.770641,0.11156
TTGCTGCACCTATCCA-1,0.000014,0.007651,0.546344,0.445991
TTGCTGGCCGGGCTTC-1,0.662436,0.24115,0.082934,0.013479
TTGGAAGAATACAGTC-1,0.013462,0.00105,0.629053,0.356435
TTGGACATGTGGCTTA-1,0.005517,0.000627,0.731943,0.261913
TTGGACCATCTGGCAA-1,0.004876,0.156911,0.620218,0.217995
TTGGACCTATAACAGT-1,0.012925,0.010572,0.591855,0.384648
TTGGAGTCTCCCTTCT-1,0.000025,0.251192,0.452868,0.295915
TTGGATATCGTCTACG-1,0.000017,0.016919,0.803791,0.179273
TTGGATCGACTTCTGG-1,0.295288,0.353947,0.009981,0.340783
TTGGATTGGGTACCAC-1,0.005142,0.360462,0.156579,0.477817
TTGGCCAAATTGTATC-1,0.01373,0.026818,0.565017,0.394434
TTGGCCATCTTGCGCT-1,0.010966,0.027206,0.260826,0.701002
TTGGCCTAGAATTTCG-1,0.323279,0.359827,0.134399,0.182495
TTGGCGATCCGAATAT-1,0.427684,0.107336,0.063118,0.401862
TTGGCTCAATATGTGT-1,0.000009,0.140901,0.687439,0.171651
TTGGCTCGCATGAGAC-1,0.022374,0.000031,0.201223,0.776371
TTGGGAAGACGAGCCG-1,0.018693,0.028707,0.558884,0.393715
TTGGGACACTGCCCGC-1,0.002971,0.093169,0.901365,0.002495
TTGGGACGTAAGAGTT-1,0.002862,0.09672,0.802561,0.097857
TTGGGCGGCGGTTGCC-1,0.000012,0.11294,0.818869,0.068179
TTGGGTTTATTCAGCG-1,0.909681,0.031343,0.000287,0.058688
TTGGTATGGCTTGTGT-1,0.230654,0.250212,0.001006,0.518128
TTGGTCACACTCGTAA-1,0.00095,0.015341,0.331531,0.652178
TTGGTGCGGTGTTGAA-1,0.994621,0.000032,0.000162,0.005185
TTGGTTCGCTCAAAGG-1,0.550253,0.123572,0.002552,0.323624
TTGGTTGCGGTGCGCG-1,0.00001,0.029625,0.935565,0.034801
TTGTAACTTCATAGCG-1,0.999613,0.000043,0.000215,0.000129
TTGTAAGGACCTAAGT-1,0.204825,0.07313,0.099844,0.622201
TTGTAAGGCCAGTTGG-1,0.021162,0.203183,0.586666,0.188988
TTGTAATCCGTACTCG-1,0.000013,0.011484,0.82821,0.160293
TTGTACACCTCGAACA-1,0.146253,0.000079,0.144574,0.709094
TTGTATCACACAGAAT-1,0.2462,0.411222,0.080734,0.261843
TTGTCACCGCGGTATC-1,0.152142,0.056542,0.070377,0.720939
TTGTCGTTCAGTTACC-1,0.00033,0.231704,0.702016,0.06595
TTGTCTCGGCAAGATG-1,0.00002,0.00002,0.444622,0.555339
TTGTGAACCTAATCCG-1,0.012958,0.073066,0.451582,0.462393
TTGTGAGGCATGACGC-1,0.004777,0.000022,0.219657,0.775544
TTGTGCAGCCACGTCA-1,0.009617,0.000026,0.292781,0.697576
TTGTGGAGACAGCCGG-1,0.000014,0.000014,0.45549,0.544481
TTGTGGCCCTGACAGT-1,0.000013,0.269082,0.689928,0.040977
TTGTGGTAGGAGGGAT-1,0.00001,0.004884,0.955542,0.039564
TTGTGGTATAGGTATG-1,0.887574,0.000076,0.000381,0.111969
TTGTGGTGGTACTAAG-1,0.016324,0.024285,0.761977,0.197415
TTGTGTATGCCACCAA-1,0.09078,0.000034,0.000169,0.909017
TTGTGTTTCCCGAAAG-1,0.000017,0.056836,0.647611,0.295536
TTGTTAGCAAATTCGA-1,0.000009,0.017447,0.924641,0.057904
TTGTTCAGTGTGCTAC-1,0.000016,0.15821,0.768827,0.072948
TTGTTCTAGATACGCT-1,0.005541,0.00521,0.31744,0.67181
TTGTTGGCAATGACTG-1,0.000011,0.000011,0.976423,0.023554
TTGTTGTGTGTCAAGA-1,0.025319,0.103327,0.545289,0.326065
TTGTTTCACATCCAGG-1,0.099976,0.058133,0.010574,0.831317
TTGTTTCATTAGTCTA-1,0.046108,0.000056,0.016934,0.936902
TTGTTTCCATACAACT-1,0.00001,0.004002,0.93594,0.060047
TTGTTTGTATTACACG-1,0.039141,0.005472,0.648915,0.306473
TTGTTTGTGTAAATTC-1,0.089923,0.069494,0.164804,0.675779
