Barcode,Topic 1,Topic 2to4,Topic 5to6,Topic 7to8
AAACAATCTACTAGCA-1,0.003049,0.795531,0.200829,0.000591
AAACACCAATAACTGC-1,0.000058,0.424473,0.196253,0.379216
AAACAGAGCGACTCCT-1,0.078769,0.090805,0.659203,0.171223
AAACAGCTTTCAGAAG-1,0.008304,0.635012,0.047106,0.309578
AAACAGGGTCTATATT-1,0.007202,0.066112,0.673528,0.253158
AAACAGTGTTCCTGGG-1,0.000152,0.000455,0.019991,0.979402
AAACATGGTGAGAGGA-1,0.000027,0.262162,0.491925,0.245885
AAACCGGGTAGGTACC-1,0.024632,0.076756,0.47486,0.423751
AAACCGTTCGTCCAGG-1,0.000061,0.372582,0.476534,0.150823
AAACCTAAGCAGCCGG-1,0.085913,0.000231,0.000154,0.913702
AAACCTCATGAAGTTG-1,0.000606,0.206521,0.514892,0.277981
AAACGAAGAACATACC-1,0.024767,0.340719,0.541415,0.0931
AAACGAAGATGGAGTA-1,0.000028,0.116152,0.163224,0.720596
AAACGAGACGGTTGAT-1,0.035021,0.213485,0.477178,0.274316
AAACGGGCGTACGGGT-1,0.000345,0.001035,0.459029,0.539591
AAACGGTTGCGAACTG-1,0.000026,0.709888,0.000052,0.290035
AAACTCGGTTCGCAAT-1,0.00008,0.475775,0.000159,0.523986
AAACTGCTGGCTCCAA-1,0.028805,0.344026,0.422907,0.204262
AAACTTAATTGCACGC-1,0.000049,0.06595,0.064771,0.86923
AAACTTGCAAACGTAT-1,0.000029,0.179018,0.451676,0.369278
AAAGAATGACCTTAGA-1,0.000489,0.292237,0.506684,0.200591
AAAGACATGAAGTTTA-1,0.178535,0.086319,0.251375,0.483771
AAAGACCCAAGTCGCG-1,0.00217,0.328405,0.641528,0.027897
AAAGACTGGGCGCTTT-1,0.006204,0.508266,0.272748,0.212782
AAAGGCCCTATAATAC-1,0.000022,0.418713,0.000044,0.58122
AAAGGCTACGGACCAT-1,0.000064,0.000192,0.049075,0.950669
AAAGGCTCTCGCGCCG-1,0.000088,0.108587,0.381772,0.509553
AAAGGGATGTAGCAAG-1,0.081663,0.811085,0.04614,0.061112
AAAGGGCAGCTTGAAT-1,0.003187,0.471898,0.508909,0.016006
AAAGTAGCATTGCTCA-1,0.000047,0.298745,0.179639,0.521569
AAAGTCACTGATGTAA-1,0.001849,0.263383,0.651501,0.083267
AAAGTCGACCCTCAGT-1,0.000027,0.118389,0.56076,0.320823
AAAGTGTGATTTATCT-1,0.000114,0.19886,0.107002,0.694024
AAAGTTGACTCCCGTA-1,0.010901,0.788338,0.000121,0.20064
AAATAACCATACGGGA-1,0.043908,0.248587,0.473844,0.233661
AAATACCTATAAGCAT-1,0.000052,0.877972,0.001089,0.120887
AAATAGCTTAGACTTT-1,0.004518,0.004379,0.67235,0.318753
AAATAGGGTGCTATTG-1,0.000376,0.001128,0.697076,0.30142
AAATCCGATACACGCC-1,0.000517,0.001553,0.382122,0.615808
AAATCGCGGAAGGAGT-1,0.000349,0.587411,0.296653,0.115586
AAATCGTGTACCACAA-1,0.029087,0.105862,0.12417,0.740881
AAATCTGCCCGCGTCC-1,0.01084,0.491542,0.003063,0.494554
AAATGACTGATCAAAC-1,0.000073,0.423037,0.033873,0.543018
AAATGCTCGTTACGTT-1,0.000035,0.191709,0.632984,0.175273
AAATGGCATGTCTTGT-1,0.020026,0.016956,0.489871,0.473147
AAATGGCCCGTGCCCT-1,0.033424,0.333091,0.240539,0.392946
AAATGGTCAATGTGCC-1,0.071799,0.268691,0.441143,0.218367
AAATGTGGGTGCTCCT-1,0.03148,0.389976,0.47339,0.105154
AAATTAACGGGTAGCT-1,0.074496,0.251704,0.591577,0.082223
AAATTAATAAGCGCGA-1,0.06278,0.286843,0.650112,0.000265
AAATTACACGACTCTG-1,0.026781,0.223947,0.646745,0.102526
AAATTACCTATCGATG-1,0.039661,0.872681,0.037782,0.049876
AAATTGATAGTCCTTT-1,0.000762,0.151541,0.41278,0.434917
AAATTTACCGAAATCC-1,0.021075,0.371667,0.219751,0.387507
AAATTTGCGGGTGTGG-1,0.017317,0.571752,0.199974,0.210957
AACAACTGGTAGTTGC-1,0.019326,0.084405,0.707013,0.189256
AACAATACATTGTCGA-1,0.000042,0.411378,0.013866,0.574714
AACAATTACTCTACGC-1,0.000017,0.762609,0.099817,0.137557
AACACACGCTCGCCGC-1,0.020073,0.013198,0.634917,0.331812
AACACGACTGTACTGA-1,0.016781,0.09253,0.295958,0.59473
AACACGAGACGCGGCC-1,0.049731,0.323439,0.509524,0.117306
AACAGCTGTGTGGCAA-1,0.000043,0.101927,0.035227,0.862803
AACAGGAAATCGAATA-1,0.045844,0.186544,0.684799,0.082813
AACAGGATGGGCCGCG-1,0.000015,0.907456,0.04951,0.043019
AACATAGCGTGTATCG-1,0.000296,0.000888,0.000592,0.998224
AACATATCAACTGGTG-1,0.008741,0.050114,0.756167,0.184977
AACATTGAAGTTGATC-1,0.000048,0.317807,0.185833,0.496312
AACATTGTGACTCGAG-1,0.000054,0.816908,0.000109,0.182928
AACCAAGACTTCTCTG-1,0.081201,0.222312,0.297986,0.398502
AACCAGTATCACTCTT-1,0.061842,0.076964,0.455891,0.405303
AACCATAGGGTTGAAC-1,0.001765,0.024242,0.654171,0.319822
AACCATGGGATCGCTA-1,0.001484,0.83157,0.124868,0.042077
AACCCAGAGACGGAGA-1,0.010181,0.366145,0.604926,0.018748
AACCCATCCCATGATC-1,0.011666,0.313031,0.116393,0.55891
AACCCGACAACCCGTG-1,0.001694,0.36166,0.05397,0.582677
AACCCGCTGTATTCCA-1,0.000184,0.000552,0.026344,0.972919
AACCCTACTGTCAATA-1,0.047248,0.115277,0.050396,0.787078
AACCCTGGTGGAACCA-1,0.0193,0.035444,0.625669,0.319587
AACCGAGCTTGGTCAT-1,0.244037,0.251835,0.312322,0.191806
AACCGCTAAGGGATGC-1,0.005573,0.000487,0.229606,0.764334
AACCGTTGTGTTTGCT-1,0.012956,0.04223,0.505537,0.439277
AACCTAAAGCCGTCCG-1,0.051023,0.051196,0.816804,0.080977
AACCTCGCTTTAGCCC-1,0.781024,0.000183,0.000122,0.218671
AACCTTTAAATACGGT-1,0.014542,0.81077,0.058077,0.116611
AACCTTTACGACGTCT-1,0.007859,0.47556,0.457039,0.059542
AACGAAAGTCGTCCCA-1,0.013986,0.472742,0.171552,0.341721
AACGATAATGCCGTAG-1,0.000095,0.074496,0.222288,0.703121
AACGATAGAAGGGCCG-1,0.016299,0.051797,0.832174,0.09973
AACGATATGTCAACTG-1,0.008978,0.223779,0.600576,0.166666
AACGCATGATCTGGGT-1,0.160471,0.062279,0.631316,0.145934
AACGCGACCTTGGGCG-1,0.000073,0.506636,0.052907,0.440384
AACGCGGTCTCCAGCC-1,0.033311,0.358208,0.39541,0.213072
AACGCTGTTGCTGAAA-1,0.000112,0.177167,0.119533,0.703188
AACGGACGTACGTATA-1,0.080303,0.063333,0.587441,0.268924
AACGGCCATCTCCGGT-1,0.000664,0.938937,0.001306,0.059093
AACGTACTGTGGGTAC-1,0.010619,0.418999,0.26583,0.304552
AACGTCAGACTAGTGG-1,0.000032,0.187033,0.670969,0.141965
AACGTCATCCGGCTTG-1,0.000116,0.09467,0.068809,0.836405
AACGTGATGAAGGACA-1,0.018413,0.017468,0.830571,0.133548
AACGTGCGAAAGTCTC-1,0.067119,0.190965,0.50571,0.236205
AACTAGCGTATCGCAC-1,0.000919,0.181161,0.800913,0.017007
AACTAGGCTTGGGTGT-1,0.000094,0.293094,0.000188,0.706625
AACTCAAGTTAATTGC-1,0.036577,0.336778,0.558859,0.067786
AACTCCAGAGCGTGTT-1,0.000173,0.00052,0.697315,0.301992
AACTCCTAATCCCATG-1,0.156328,0.542258,0.244431,0.056984
AACTCTCAATAGAGCG-1,0.017032,0.463244,0.216036,0.303687
AACTCTCAGTGTGCTC-1,0.000016,0.965722,0.000031,0.034231
AACTGATATTAGGCCT-1,0.076819,0.113614,0.484467,0.3251
AACTGGGTCCCGACGT-1,0.007226,0.046249,0.343426,0.603099
AACTGGGTTCGAGCCG-1,0.034591,0.055195,0.752763,0.157451
AACTGGTGTGGGCCTT-1,0.000337,0.465803,0.52083,0.013031
AACTTGCCCGTATGCA-1,0.001298,0.069301,0.696125,0.233276
AACTTTACGGGAGCTT-1,0.000777,0.12724,0.810286,0.061697
AACTTTAGCTGCTGAG-1,0.013388,0.338195,0.554451,0.093966
AAGAAAGTTTGATGGG-1,0.122976,0.306416,0.018377,0.552231
AAGACCAAATAACTCA-1,0.006236,0.715076,0.00793,0.270758
AAGACCCAACTGAACA-1,0.00225,0.122269,0.177376,0.698105
AAGACTCACGCCCACT-1,0.148548,0.268824,0.481017,0.101611
AAGACTGCAAGCTACT-1,0.064484,0.425662,0.405609,0.104245
AAGAGATGAATCGGTA-1,0.003765,0.228115,0.672634,0.095485
AAGAGCTCTTTATCGG-1,0.05719,0.432044,0.209374,0.301392
AAGAGGATGTACGCGA-1,0.013145,0.301342,0.544472,0.141041
AAGAGGCATGGATCGC-1,0.034618,0.136774,0.379286,0.449321
AAGATGGCACCGGACC-1,0.00009,0.518145,0.256089,0.225676
AAGATTGGCGGAACGT-1,0.077025,0.278504,0.546485,0.097986
AAGCACCCTGCGTATC-1,0.000273,0.000818,0.000546,0.998363
AAGCATACTCTCCTGA-1,0.000263,0.113957,0.341859,0.543921
AAGCCACTTGCAGGTA-1,0.000109,0.351909,0.20942,0.438562
AAGCCGCCGTGAAATC-1,0.002039,0.462033,0.101554,0.434374
AAGCGCAGGGCTTTGA-1,0.031696,0.057091,0.128189,0.783025
AAGCGGCGTCATGGGT-1,0.015538,0.535327,0.390716,0.058419
AAGCGTCCCTCATCGA-1,0.011832,0.214318,0.446055,0.327795
AAGCTAGATCGAGTAA-1,0.009864,0.087904,0.12828,0.773953
AAGCTATGGATTGACC-1,0.000151,0.43601,0.057721,0.506118
AAGCTCGTGCCAAGTC-1,0.067683,0.804282,0.080339,0.047696
AAGCTCTTTCATGGTG-1,0.000537,0.056872,0.379606,0.562985
AAGGAGAACTTATAAG-1,0.031065,0.538534,0.429399,0.001003
AAGGAGCGGTTGGTGC-1,0.010709,0.5767,0.334292,0.078299
AAGGATGAGGGACCTC-1,0.057121,0.604294,0.17412,0.164465
AAGGCGCGTAAAGCTT-1,0.014846,0.54039,0.370255,0.074509
AAGGCTGTGCTCATCG-1,0.016638,0.348561,0.574617,0.060184
AAGGGAACGACTGGCT-1,0.017647,0.425336,0.093068,0.46395
AAGGGACAGATTCTGT-1,0.027378,0.263635,0.557419,0.151568
AAGGGACTATGCATTC-1,0.000028,0.90129,0.001282,0.0974
AAGGGTTTGATTTCAG-1,0.077541,0.191418,0.530376,0.200664
AAGGTATCCTAATATA-1,0.040748,0.477257,0.23784,0.244155
AAGGTGATAAACCAGC-1,0.082933,0.147307,0.377426,0.392335
AAGTAGAAGACCGGGT-1,0.003306,0.042809,0.795923,0.157962
AAGTAGTGACGCGAGG-1,0.000035,0.305653,0.635382,0.05893
AAGTCAATTGTCGTCA-1,0.010201,0.099999,0.038282,0.851519
AAGTCTTCTGTGGCCT-1,0.001497,0.056149,0.826737,0.115617
AAGTGACGACCGAATT-1,0.01164,0.133077,0.065111,0.790172
AAGTGAGTCGGGTTTA-1,0.007247,0.213564,0.155234,0.623955
AAGTGCAAAGGTAGAC-1,0.002206,0.418778,0.562782,0.016235
AAGTGCGTTAGAATCT-1,0.004864,0.893828,0.041919,0.059389
AAGTGCTTCTCTATTG-1,0.00009,0.041528,0.439416,0.518966
AAGTGTTTGGAGACGG-1,0.000163,0.237992,0.240618,0.521227
AAGTTCACTCCAAGCT-1,0.00009,0.000269,0.000179,0.999463
AAGTTCAGTCTGCGTA-1,0.05539,0.371734,0.345456,0.22742
AAGTTCGGCCAACAGG-1,0.027739,0.004314,0.414878,0.553069
AAGTTTACTAATGGCA-1,0.287935,0.061107,0.601888,0.049069
AAGTTTATGGGCCCAA-1,0.50158,0.000105,0.00007,0.498244
AATAACAACGCTCGGC-1,0.002593,0.154339,0.743455,0.099613
AATAACACTAGAACAA-1,0.099863,0.030776,0.325525,0.543836
AATAAGTCCTCGAGAC-1,0.028891,0.307353,0.51057,0.153186
AATACAATGTTTCAGG-1,0.016495,0.505303,0.231146,0.247056
AATACCGGAGGGCTGT-1,0.000047,0.574029,0.030153,0.395771
AATAGAACAGAGTGGC-1,0.009874,0.788336,0.029027,0.172763
AATAGAATCTGTTTCA-1,0.201339,0.004039,0.012216,0.782406
AATAGGCACGACCCTT-1,0.0002,0.073597,0.000399,0.925803
AATAGTCCGTCCCGAC-1,0.000056,0.77985,0.013681,0.206413
AATATCAAGGTCGGAT-1,0.000017,0.967203,0.029429,0.003351
AATATCCTAGCAAACT-1,0.021819,0.346422,0.56149,0.070269
AATATCGAGGGTTCTC-1,0.00556,0.108273,0.451319,0.434848
AATATTGGAGTATTGA-1,0.073668,0.826392,0.001677,0.098262
AATCAGGTTTCATTTA-1,0.003202,0.613141,0.057429,0.326228
AATCCAAGGGCCTGAG-1,0.000036,0.071012,0.885336,0.043616
AATCCCGCTCAGAGCC-1,0.044108,0.067666,0.006947,0.881278
AATCGAGGTCTCAAGG-1,0.000269,0.000808,0.000539,0.998384
AATCGCCTCAGCGCCA-1,0.001037,0.016954,0.307817,0.674192
AATCGGGACACTACGA-1,0.000021,0.467969,0.221434,0.310575
AATCGTGAGCCGAGCA-1,0.243151,0.230069,0.063577,0.463203
AATCTAGGTTTACTTG-1,0.000061,0.004353,0.283891,0.711695
AATCTCTACTGTGGTT-1,0.000764,0.33659,0.606306,0.05634
AATCTGCGTTGGGACG-1,0.009655,0.009849,0.404328,0.576168
AATCTGGCTTTCTAGT-1,0.00555,0.800639,0.076869,0.116941
AATCTGGGTAGACCCT-1,0.077216,0.282151,0.58418,0.056453
AATGACAGCAATGTCT-1,0.042571,0.451009,0.307224,0.199196
AATGACGTAGGATGTC-1,0.060736,0.286635,0.423848,0.228781
AATGACTGTCAGCCGG-1,0.009316,0.018866,0.946717,0.025102
AATGATGATACGCTAT-1,0.003541,0.312428,0.542412,0.141619
AATGATGCGACTCCTG-1,0.194113,0.067883,0.418126,0.319878
AATGCAACCGGGTACC-1,0.000699,0.983509,0.000482,0.015311
AATGCACCAAGCAATG-1,0.004909,0.221896,0.476932,0.296263
AATGGTCCACCGTTCA-1,0.00002,0.792409,0.164957,0.042614
AATGGTTCTCACAAGC-1,0.002192,0.132847,0.656705,0.208257
AATGTATGGCACTGTA-1,0.00006,0.374452,0.263196,0.362292
AATGTGCCCGAGGTGT-1,0.008476,0.567768,0.172322,0.251435
AATGTGCTAATCTGAG-1,0.001189,0.061142,0.092486,0.845182
AATGTTAAGACCCTGA-1,0.000203,0.000608,0.2337,0.76549
AATTAAAGGTCGGCGT-1,0.051637,0.368391,0.33576,0.244212
AATTAACGGATTTCCA-1,0.000189,0.422942,0.000378,0.576491
AATTACGAGACCCATC-1,0.000791,0.065645,0.222848,0.710715
AATTAGCGCTGCAGCG-1,0.082614,0.00035,0.339537,0.577499
AATTATACCCAGCAAG-1,0.002061,0.393944,0.248308,0.355687
AATTCATAAGGGATCT-1,0.026691,0.257356,0.263685,0.452268
AATTCATTGTCATGCA-1,0.000064,0.093614,0.509654,0.396668
AATTCCAAGCATGTAC-1,0.000046,0.374939,0.065232,0.559783
AATTCGATTCGAGGAT-1,0.000424,0.001273,0.000849,0.997453
AATTCTAGAGTTAGGC-1,0.024575,0.34041,0.501722,0.133293
AATTGAACGCTCTGGT-1,0.098243,0.033919,0.199181,0.668657
AATTGCGTGGATTACA-1,0.000071,0.003592,0.584602,0.411735
AATTTGGGACATAGTA-1,0.032088,0.110828,0.828798,0.028285
AATTTGGTTCCAAAGA-1,0.043646,0.042108,0.674394,0.239852
ACAAACCATGCGTCCT-1,0.008525,0.532698,0.187985,0.270792
ACAAACCGACAAGGCG-1,0.007344,0.018919,0.701892,0.271845
ACAAACTCCATCAGAG-1,0.000106,0.541708,0.120151,0.338035
ACAAAGAAGGTAGGCC-1,0.00026,0.445757,0.290741,0.263241
ACAAATCGCACCGAAT-1,0.023356,0.001125,0.437485,0.538035
ACAAATGGTAGTGTTT-1,0.165786,0.00061,0.665702,0.167903
ACAAATTCAGATCTGA-1,0.034484,0.376638,0.386195,0.202683
ACAACAGCATGAGCTA-1,0.063979,0.709886,0.133962,0.092173
ACAACGGTCCCTGCGA-1,0.000029,0.363618,0.628016,0.008337
ACAAGCAGTGCCTAGC-1,0.000026,0.227564,0.649365,0.123046
ACAAGCTATATGGAAG-1,0.000135,0.375184,0.428403,0.196279
ACAAGGAAATCCGCCC-1,0.117891,0.040893,0.459547,0.381669
ACAAGGACAAGAGGTT-1,0.059721,0.166312,0.407557,0.36641
ACAAGGATGCTTTAGG-1,0.000344,0.001032,0.000688,0.997936
ACAAGGCCTACCAGCC-1,0.345377,0.187562,0.270026,0.197035
ACAAGGGCAGGCTCTG-1,0.066752,0.000356,0.717395,0.215497
ACAAGTAATTGTAAGG-1,0.000802,0.297817,0.11765,0.583732
ACAATAGTCGTACGTT-1,0.00388,0.372791,0.396472,0.226858
ACAATCCATTTAAACC-1,0.027736,0.320997,0.554502,0.096764
ACAATCGATCTTTATA-1,0.006189,0.173725,0.805038,0.015047
ACAATGAATACGGAGA-1,0.000623,0.00137,0.532874,0.465133
ACAATTGTGTCTCTTT-1,0.000218,0.000654,0.323715,0.675412
ACAATTTAGGAGGCTC-1,0.012508,0.463231,0.50712,0.017141
ACAATTTGAGCAGTGG-1,0.022973,0.484533,0.333325,0.159169
ACACAAAGACGGGTGG-1,0.05538,0.482639,0.414871,0.04711
ACACACCAGGACCAGT-1,0.078276,0.501079,0.245627,0.175018
ACACACTTTCTACACG-1,0.007416,0.119091,0.42436,0.449133
ACACATGATCAAATCT-1,0.006054,0.408733,0.34328,0.241933
ACACATTTCCGTAGAC-1,0.000158,0.547374,0.000316,0.452152
ACACCCAGCATGCAGC-1,0.053164,0.200047,0.566746,0.180044
ACACCCGAGAAATCCG-1,0.035735,0.492286,0.390634,0.081345
ACACCGGTCTGACCGC-1,0.000407,0.199085,0.186699,0.613809
ACACCTTAAGTAGGGC-1,0.004427,0.020473,0.621633,0.353467
ACACGAGACTCCTTCT-1,0.007352,0.118852,0.320223,0.553574
ACACGGCACTATGCAT-1,0.035559,0.152454,0.719639,0.092348
ACACGGGAACTTAGGG-1,0.057913,0.159125,0.272193,0.510769
ACACTGATCAAGGTGT-1,0.000125,0.324225,0.191068,0.484582
ACAGAACTGAGAACAA-1,0.034418,0.751024,0.13377,0.080788
ACAGATTAGGTTAGTG-1,0.013156,0.326132,0.511958,0.148754
ACAGCATAGAGCCAGT-1,0.098499,0.018558,0.678484,0.204459
ACAGCGCACCCGCAGC-1,0.028252,0.964652,0.007074,0.000022
ACAGGCTTGCCCGACT-1,0.00067,0.002009,0.080838,0.916483
ACAGGTGGAGGTGAGG-1,0.000102,0.226034,0.412728,0.361137
ACAGGTGTGTTGTTGC-1,0.046115,0.35909,0.550682,0.044113
ACAGTAATACAACTTG-1,0.011794,0.232545,0.400455,0.355205
ACATAAGTCGTGGTGA-1,0.005662,0.189211,0.540667,0.26446
ACATAATAAGGCGGTG-1,0.045351,0.189436,0.511119,0.254093
ACATCAGCTGGGACGC-1,0.000015,0.784206,0.211348,0.004431
ACATCCCGGCCATACG-1,0.070914,0.059101,0.170108,0.699877
ACATCCTGGTAACTGT-1,0.000179,0.232339,0.008886,0.758595
ACATCGATCGTTTACC-1,0.009809,0.471291,0.323901,0.194998
ACATCGCAATATTCGG-1,0.000066,0.402549,0.029165,0.568219
ACATCGGTCAGCCGCG-1,0.030325,0.520914,0.196199,0.252562
ACATCGTATGCAATGG-1,0.150593,0.224203,0.168886,0.456318
ACATCGTTAACCTAGT-1,0.015255,0.255635,0.62414,0.10497
ACATCTCAACGCGTAA-1,0.112111,0.099811,0.754854,0.033224
ACATGCTTACGGCAGC-1,0.013486,0.226503,0.212939,0.547072
ACATGGCGCCAAAGTA-1,0.000052,0.026517,0.265501,0.707929
ACATTAGTTTATATCC-1,0.000203,0.08825,0.145059,0.766488
ACATTCGCGCGGAATA-1,0.000059,0.718942,0.000117,0.280882
ACCAAACTAGAAATCC-1,0.014752,0.017044,0.943452,0.024753
ACCAACGCTTATTTAT-1,0.000238,0.064452,0.393737,0.541574
ACCAAGAACGCGTGTC-1,0.014537,0.909803,0.066809,0.008852
ACCAATATGCAAGTTA-1,0.000515,0.001546,0.154699,0.84324
ACCACAACTCAGAACA-1,0.022945,0.717198,0.05637,0.203487
ACCACAAGTTTCTATC-1,0.072698,0.32334,0.454243,0.149719
ACCACACGGTTGATGG-1,0.00015,0.821591,0.000301,0.177957
ACCACGTGCAGCTATA-1,0.047511,0.178874,0.350084,0.42353
ACCAGACCATAACAAC-1,0.029725,0.621461,0.323627,0.025187
ACCAGCCCGGTCTTTG-1,0.015331,0.652239,0.306184,0.026246
ACCAGGAGTGTGATCT-1,0.00929,0.227272,0.752497,0.01094
ACCAGTGCCCGGTCAA-1,0.087634,0.313991,0.479938,0.118437
ACCAGTGCGGGAGACG-1,0.130009,0.001439,0.579793,0.288759
ACCATATCCGCAATAA-1,0.012626,0.505433,0.375783,0.106157
ACCATCCGCCAACTAG-1,0.014124,0.197659,0.483919,0.304297
ACCATCGTATATGGTA-1,0.407475,0.035689,0.226515,0.33032
ACCCAACGCCCGTGGC-1,0.009669,0.450351,0.189455,0.350525
ACCCACCTACATGCTC-1,0.039994,0.20007,0.683802,0.076135
ACCCATCTTGAGGGTA-1,0.000149,0.093991,0.754078,0.151783
ACCCGAGCGAAATTAC-1,0.039493,0.624193,0.022949,0.313366
ACCCGATTGGTTCCGA-1,0.000096,0.070096,0.366644,0.563163
ACCCGGAAACTCCCAG-1,0.061238,0.176082,0.052689,0.709991
ACCCGGATGACGCATC-1,0.041921,0.343132,0.115109,0.499837
ACCCGGTTACACTTCC-1,0.110762,0.002909,0.031243,0.855087
ACCCGTAGCAGAGAAT-1,0.001714,0.448934,0.123656,0.425696
ACCCGTGTCATCAGTA-1,0.00014,0.165994,0.002895,0.830971
ACCCTATGCCATATCG-1,0.032686,0.621446,0.001596,0.344272
ACCCTCCCTTGCTATT-1,0.063868,0.00047,0.000313,0.935348
ACCCTTCATCTGCGAA-1,0.031508,0.183422,0.757766,0.027304
ACCCTTTAGTTCTCCA-1,0.005181,0.905538,0.059427,0.029855
ACCGAAAGGGCCCTGC-1,0.0158,0.2609,0.595612,0.127687
ACCGAAGAGTCTGGTT-1,0.000039,0.447434,0.302588,0.249939
ACCGACACATCTCCCA-1,0.000211,0.000634,0.293498,0.705657
ACCGACTGAGTCCCAC-1,0.056879,0.383916,0.486063,0.073141
ACCGAGTCTCCTTATT-1,0.000409,0.001228,0.103694,0.894669
ACCGATGGTAGCATCG-1,0.143772,0.034298,0.347351,0.47458
ACCGCAATAACTGCCT-1,0.145908,0.358793,0.000873,0.494426
ACCGCTAGTCATTGGT-1,0.000274,0.000822,0.340944,0.65796
ACCGGGCCTTTGTTGA-1,0.028713,0.000498,0.408435,0.562355
ACCGGTCAGGTACACC-1,0.000032,0.259947,0.304288,0.435734
ACCGGTCTGAGTACGG-1,0.003323,0.672595,0.191282,0.132799
ACCGTCCACTGGGCCC-1,0.000039,0.255633,0.227649,0.51668
ACCGTGACCACGTGGG-1,0.017916,0.256241,0.066141,0.659702
ACCGTTCCCGCTCTGA-1,0.148771,0.122069,0.663021,0.066139
ACCTAAGTACCTTTCA-1,0.054406,0.57604,0.097004,0.27255
ACCTAATCGACTTCCT-1,0.000385,0.397701,0.403441,0.198474
ACCTACTATAAATCTA-1,0.000039,0.605575,0.006558,0.387827
ACCTCGAACTTATGCT-1,0.000082,0.211681,0.381256,0.406981
ACCTGCGTGTCATGTT-1,0.0369,0.273108,0.437933,0.252058
ACCTTTCCTTTAGAAG-1,0.006071,0.578189,0.217217,0.198522
ACGAAATGGGCGGCAC-1,0.006645,0.95201,0.037681,0.003664
ACGACTGGTCATACTC-1,0.000048,0.342676,0.046066,0.61121
ACGAGATATTTGCTTA-1,0.018311,0.000128,0.876343,0.105218
ACGAGGATACCACTCT-1,0.182246,0.19207,0.133834,0.491849
ACGAGGTTTACAACGT-1,0.007052,0.232676,0.312531,0.44774
ACGATACATAGAACTA-1,0.047983,0.070395,0.77777,0.103852
ACGATCATACATAGAG-1,0.006395,0.54569,0.324734,0.123181
ACGATCATCTTGTAAA-1,0.000186,0.000558,0.318769,0.680487
ACGATGCATATGTTAT-1,0.074877,0.836707,0.043038,0.045377
ACGATGGATCCGATGC-1,0.00126,0.24355,0.398865,0.356325
ACGCAAACTAATAGAT-1,0.000063,0.002601,0.100279,0.897057
ACGCATTCGTGAGTAC-1,0.208999,0.113487,0.297308,0.380206
ACGCCACTCGAAACAG-1,0.000591,0.001772,0.001181,0.996457
ACGCCAGATGATTTCT-1,0.010463,0.143402,0.569126,0.27701
ACGCCCAGCTGTCGAT-1,0.132008,0.413007,0.421868,0.033117
ACGCCGCTAGACGACC-1,0.091582,0.312772,0.288541,0.307105
ACGCGAAGTCAGACGA-1,0.058996,0.555641,0.077248,0.308116
ACGCGCTACACAGGGT-1,0.038214,0.775575,0.139127,0.047084
ACGCGGGCCAAGGACA-1,0.033284,0.19263,0.655754,0.118332
ACGCGTTTCTTAAGAG-1,0.040971,0.500573,0.366012,0.092444
ACGCTAGTGATACACT-1,0.008197,0.189219,0.309653,0.492931
ACGCTGTGAGGCGTAG-1,0.029747,0.267145,0.414617,0.288491
ACGCTTAGTGTCTCTC-1,0.030082,0.26748,0.512241,0.190198
ACGGAATTTAGCAAAT-1,0.000896,0.836992,0.128488,0.033625
ACGGACGCAGCGACAA-1,0.00005,0.152131,0.341091,0.506728
ACGGACTCTCAAAGCG-1,0.016834,0.193173,0.090576,0.699417
ACGGATGGTGCGGATA-1,0.000285,0.000856,0.00057,0.998289
ACGGCACTTGCTTGGG-1,0.000228,0.408791,0.312704,0.278277
ACGGCCAACATGGACT-1,0.000023,0.916989,0.000046,0.082942
ACGGCGACGATGGGAA-1,0.000151,0.302473,0.034142,0.663234
ACGGCTGGATGTAGAA-1,0.005068,0.691378,0.080609,0.222944
ACGGGAGTGTCGGCCC-1,0.362888,0.049872,0.02031,0.566929
ACGGGTTGTGACCTGT-1,0.00004,0.735268,0.000531,0.264161
ACGGTCACCGAGAACA-1,0.00179,0.110718,0.227671,0.659821
ACGTACAGATTTCTCT-1,0.00503,0.011893,0.543875,0.439202
ACGTACTTTGGCACGG-1,0.005383,0.141762,0.157037,0.695818
ACGTAGATTGCTGATG-1,0.037424,0.39593,0.472266,0.09438
ACGTAGGAGAGTCGCT-1,0.00024,0.000721,0.399877,0.599162
ACGTATTACTCCGATC-1,0.002351,0.392798,0.098399,0.506452
ACGTCCTAAACGAGAT-1,0.020417,0.256689,0.714689,0.008206
ACGTCGGGCAACTCGG-1,0.001796,0.686,0.047387,0.264817
ACGTCTCGTTCCGGGA-1,0.009352,0.383803,0.41478,0.192066
ACGTGACAAAGTAAGT-1,0.00087,0.25292,0.361804,0.384406
ACGTGCGCCTCGTGCA-1,0.007598,0.307203,0.519372,0.165828
ACGTGGTCGAATGTGC-1,0.072569,0.139859,0.744469,0.043103
ACGTTAATGTCGAAGA-1,0.140036,0.340345,0.223645,0.295975
ACGTTAGATTTGCCCG-1,0.162491,0.262134,0.333595,0.24178
ACGTTCACTATGCCGC-1,0.000147,0.55279,0.139821,0.307242
ACGTTCCGCGCTCCGT-1,0.007765,0.712776,0.198423,0.081037
ACGTTCGTTCAGGAAA-1,0.058097,0.143986,0.63793,0.159987
ACGTTGTCGTTGAAAG-1,0.000075,0.430355,0.255914,0.313656
ACGTTTAGTTGTGATC-1,0.022297,0.12248,0.437287,0.417936
ACTAATACGTCAGGCG-1,0.091117,0.128202,0.760296,0.020385
ACTACAAAGAGAGGTG-1,0.000082,0.024543,0.356973,0.618401
ACTACATCCCGACAAG-1,0.007524,0.097856,0.006719,0.887901
ACTACCAGCTCTCTGG-1,0.016958,0.008583,0.951914,0.022545
ACTACCATCCGAGGGC-1,0.000069,0.281001,0.114014,0.604915
ACTACGCGTTAGAATT-1,0.000061,0.473511,0.015014,0.511414
ACTATGTCCAGCTGCC-1,0.000939,0.100752,0.208971,0.689337
ACTATTCGTCCGTGGT-1,0.046176,0.055871,0.564093,0.33386
ACTATTTCCGGGCCCA-1,0.000248,0.175135,0.195295,0.629323
ACTCAAGTGCAAGGCT-1,0.000666,0.001998,0.001332,0.996004
ACTCAATAAAGGCACG-1,0.042475,0.198597,0.397417,0.361511
ACTCAGACCTGCTTCT-1,0.000036,0.280359,0.445934,0.27367
ACTCATGGCAGCCTTC-1,0.079773,0.091081,0.095044,0.734103
ACTCCAATATCATCAT-1,0.000082,0.280991,0.496011,0.222917
ACTCCCATTCCTAAAG-1,0.008648,0.139285,0.438544,0.413523
ACTCCCGAATTCGTTT-1,0.000212,0.14219,0.42363,0.433968
ACTCCCTAATGCTAAA-1,0.000131,0.659248,0.005103,0.335518
ACTCCCTAGAATAGTA-1,0.034673,0.806697,0.003863,0.154767
ACTCCGGCCGACCACT-1,0.001289,0.256985,0.687774,0.053952
ACTCGTAACCCGTCCT-1,0.041607,0.046318,0.585065,0.32701
ACTCGTCAGTAATCCC-1,0.059084,0.418074,0.310296,0.212546
ACTCTCTGACTTAGGT-1,0.160489,0.413745,0.249661,0.176105
ACTCTCTTATACACGA-1,0.033455,0.227545,0.626626,0.112373
ACTCTTGTATAGTAAC-1,0.155437,0.215144,0.549421,0.079998
ACTGAAACGCCGTTAG-1,0.020345,0.319786,0.009583,0.650285
ACTGAATGGCGAAAGT-1,0.00734,0.721895,0.064772,0.205993
ACTGATTTAGTGATTC-1,0.12178,0.523756,0.224155,0.130308
ACTGCCCGCCATTCTC-1,0.000031,0.756898,0.000063,0.243008
ACTGCCGTCGTAACTC-1,0.080233,0.038722,0.101321,0.779724
ACTGCTCGGAAGGATG-1,0.008774,0.128628,0.808343,0.054255
ACTGGGATGCCAGTGC-1,0.000073,0.300998,0.26403,0.434899
ACTGTACGATACACAT-1,0.040982,0.257886,0.421089,0.280042
ACTGTAGCACTTTGGA-1,0.017467,0.12737,0.722621,0.132543
ACTGTATACGCGAGCA-1,0.013252,0.413093,0.563816,0.009839
ACTGTCCAGGATTATA-1,0.047428,0.50708,0.046366,0.399127
ACTGTCTTCTTTAGAA-1,0.048435,0.534895,0.363655,0.053015
ACTGTGCTAGTAGATC-1,0.012685,0.324,0.582959,0.080356
ACTGTTTAGTGTAGGC-1,0.000022,0.808774,0.182311,0.008892
ACTTACCGGGCGCGCA-1,0.00001,0.999948,0.000021,0.000021
ACTTACGCATCCACGC-1,0.00034,0.001021,0.000681,0.997958
ACTTAGTACGACAAGA-1,0.000024,0.489995,0.503982,0.005998
ACTTATACTTACCCGG-1,0.023372,0.0307,0.416573,0.529354
ACTTATTAGGATCGGT-1,0.177443,0.589133,0.053432,0.179993
ACTTATTTATGTGCCA-1,0.080712,0.040077,0.440386,0.438826
ACTTCAGGCTGATCCC-1,0.031565,0.286475,0.606084,0.075877
ACTTCCAGTGGAAGCT-1,0.000024,0.597499,0.321412,0.081064
ACTTCCATGCGGGACA-1,0.2468,0.000391,0.000261,0.752548
ACTTCGCCATACGCAC-1,0.091245,0.297912,0.488969,0.121874
ACTTGACTCCCTCTTT-1,0.079223,0.176436,0.442391,0.301949
ACTTGCCATATTGTAC-1,0.017659,0.013298,0.772495,0.196548
ACTTGCTCTATCTACC-1,0.003447,0.20865,0.045974,0.741928
ACTTGGGACCCGGTGG-1,0.012447,0.391288,0.303153,0.293112
ACTTGGGCTTTCGCCA-1,0.000222,0.000667,0.016042,0.983068
ACTTGTAGTCCCTTCA-1,0.048205,0.289287,0.531003,0.131505
ACTTGTTACCGGATCA-1,0.000222,0.000666,0.12628,0.872832
ACTTTATACACCACTT-1,0.061927,0.185288,0.02953,0.723255
ACTTTCCTATAGCTTC-1,0.092809,0.077123,0.632693,0.197375
ACTTTGACTGCATCCT-1,0.005372,0.3821,0.387766,0.224762
ACTTTGGTCGTGCTCC-1,0.000044,0.883348,0.002039,0.114569
AGAACACGGCGATGGT-1,0.00005,0.625075,0.0001,0.374775
AGAACCCTCAATTGGG-1,0.018182,0.56081,0.330685,0.090323
AGAACGTGGTACATTC-1,0.061007,0.595699,0.079864,0.263429
AGAAGAGCGCCGTTCC-1,0.000423,0.234137,0.595542,0.169898
AGAAGGTACACTTCAC-1,0.000041,0.173415,0.469105,0.357438
AGAAGGTTGCCGAATT-1,0.528408,0.211004,0.005462,0.255126
AGAAGGTTGTAGGTCG-1,0.989271,0.000113,0.000075,0.010541
AGAAGTGATTCGTGAT-1,0.013551,0.227235,0.358403,0.400811
AGAATAAATCTTCAGG-1,0.016756,0.088051,0.860622,0.034571
AGAATTATGGATTCGA-1,0.014438,0.045541,0.318778,0.621244
AGAATTGTTTGACATA-1,0.04135,0.763345,0.120442,0.074863
AGACATAGATCCTTCC-1,0.021309,0.164897,0.643541,0.170253
AGACCAAACCACACCT-1,0.021926,0.228349,0.508607,0.241117
AGACCATGGGATACAA-1,0.000012,0.913473,0.083162,0.003354
AGACCCACCGCTGATC-1,0.017805,0.573906,0.000173,0.408116
AGACCCGCCCTCCTCG-1,0.007115,0.502434,0.303109,0.187342
AGACCGGGAAACCCTG-1,0.015593,0.309654,0.363502,0.311252
AGACGAAGTGCCGGTC-1,0.000144,0.000433,0.078086,0.921337
AGACGACGATGCCGCT-1,0.063465,0.111725,0.313057,0.511753
AGACGGGATTGGTATA-1,0.037215,0.06468,0.817691,0.080414
AGACGGGCCGATTTAA-1,0.041872,0.698313,0.1364,0.123415
AGACTAGCCTTCCAGA-1,0.054405,0.414569,0.326894,0.204132
AGACTGTTACCGGGTC-1,0.000092,0.020077,0.235778,0.744053
AGAGAAACACCAGAAA-1,0.000021,0.612598,0.010034,0.377347
AGAGAACCGTCTAGGA-1,0.020021,0.349163,0.33731,0.293506
AGAGAAGGAGTACAAT-1,0.000055,0.505391,0.16683,0.327724
AGAGATCTCTAAAGCG-1,0.000999,0.526853,0.171424,0.300724
AGAGCAGTTATGAGAC-1,0.001418,0.265106,0.495706,0.237771
AGAGCGGGCTAATCAT-1,0.007322,0.080492,0.906664,0.005522
AGAGCGTACAAGCTCG-1,0.000026,0.212214,0.503899,0.28386
AGAGGTATCTCGGTCC-1,0.012052,0.590702,0.305527,0.091719
AGAGTTAGAGACCGAT-1,0.106577,0.633967,0.013703,0.245754
AGATAACTTCAGGGCC-1,0.02648,0.032561,0.911682,0.029277
AGATAATCACACCTAT-1,0.000837,0.885815,0.000055,0.113293
AGATACCGGTGTTCAC-1,0.066251,0.207348,0.540634,0.185767
AGATACGACTTCATAT-1,0.002825,0.158814,0.684692,0.153668
AGATACTCAAGATCGA-1,0.114799,0.058346,0.333413,0.493443
AGATATAATACGACTA-1,0.000147,0.510076,0.017813,0.471964
AGATCGTGCATAAGAT-1,0.000895,0.000088,0.546666,0.452351
AGATCTCAGGTGTGAT-1,0.059927,0.280366,0.440785,0.218922
AGATCTGGAGAGGATA-1,0.01596,0.386161,0.020672,0.577207
AGATGACTCGCCCACG-1,0.053965,0.326195,0.50892,0.11092
AGATGAGGGTTGCGAT-1,0.017949,0.102382,0.715204,0.164464
AGATGCAAGACGTGCA-1,0.000019,0.975321,0.000039,0.024621
AGATGCATCCTGTGTC-1,0.000021,0.496726,0.142422,0.360831
AGATTATAGGACGTTT-1,0.020355,0.35929,0.350171,0.270185
AGATTCACAACCGATA-1,0.032839,0.35692,0.463959,0.146282
AGCAAAGGCCGCTAGT-1,0.00033,0.000989,0.241108,0.757574
AGCAACATATCTTATT-1,0.000196,0.000532,0.000355,0.998917
AGCAACCGAAAGTAAT-1,0.001273,0.244232,0.095837,0.658659
AGCACACGTTTAGACT-1,0.000105,0.107397,0.448197,0.444302
AGCACCAGTACTCACG-1,0.057462,0.180213,0.504231,0.258094
AGCACTACCGGCCTGT-1,0.000887,0.099273,0.585977,0.313863
AGCACTACCTCACCAG-1,0.000427,0.001282,0.000855,0.997436
AGCACTTAAGGACGCC-1,0.00307,0.607203,0.355155,0.034573
AGCAGAAGGAGAAAGA-1,0.000241,0.000724,0.167929,0.831106
AGCAGCCAGATGAATA-1,0.000126,0.000379,0.202402,0.797092
AGCAGTCGAAGCATGC-1,0.000222,0.707044,0.000445,0.292289
AGCATATCAATATGCT-1,0.000101,0.000304,0.144534,0.855061
AGCATCATTTCGAAAG-1,0.000825,0.415792,0.277633,0.30575
AGCATCGTCGATAATT-1,0.048691,0.848619,0.094399,0.008291
AGCCAAGCTTTGTGTC-1,0.00015,0.000449,0.027849,0.971552
AGCCACAGGTTACCCG-1,0.035239,0.001361,0.000907,0.962493
AGCCACTCCCGTGCTT-1,0.029694,0.161526,0.680174,0.128606
AGCCATATAGTATGTG-1,0.000135,0.000405,0.221069,0.778391
AGCCCATACATGTAAG-1,0.002019,0.240491,0.332419,0.42507
AGCCCGCAACAAGCAG-1,0.009163,0.173817,0.068225,0.748795
AGCCCGGCATTAGAGG-1,0.00005,0.641816,0.000101,0.358033
AGCCCGGTAGCCTGTA-1,0.000088,0.020266,0.2209,0.758745
AGCCCTAAGCGAAGTT-1,0.006058,0.687191,0.170503,0.136248
AGCCCTCCCTGGTGGC-1,0.056433,0.072094,0.508065,0.363409
AGCCCTTCTAATCCGA-1,0.005808,0.513484,0.427036,0.053672
AGCCGCAAATTCAAAT-1,0.00114,0.106869,0.849788,0.042203
AGCCGTGGCTAAATGT-1,0.009278,0.55803,0.218363,0.214328
AGCCTAATACCCACGT-1,0.017747,0.108924,0.555941,0.317387
AGCCTTAAAGCGGAAG-1,0.085251,0.684704,0.133264,0.096781
AGCCTTGTCACTGATA-1,0.000072,0.092234,0.200997,0.706697
AGCGACAGGAACGGTC-1,0.003035,0.823168,0.032632,0.141165
AGCGACATCCCATTCA-1,0.057236,0.208525,0.631792,0.102446
AGCGACCAACGATATT-1,0.015658,0.199065,0.450512,0.334765
AGCGACTTTGAAGACA-1,0.000166,0.133389,0.057055,0.80939
AGCGAGACGTGAAGGC-1,0.000747,0.721926,0.073088,0.204239
AGCGCATAATGAATCG-1,0.000251,0.000754,0.404846,0.594148
AGCGCGGGTGCCAATG-1,0.053067,0.186294,0.615989,0.144651
AGCGCTTATGGGCAAG-1,0.000794,0.668353,0.289894,0.040959
AGCGGACACTTCGTAG-1,0.000911,0.000337,0.029788,0.968963
AGCGGCGGTTAGCGGT-1,0.024108,0.094544,0.581527,0.29982
AGCGGGAAGGGTCCAT-1,0.000021,0.842325,0.105096,0.052558
AGCGGGTCTGACACTC-1,0.00008,0.505789,0.00016,0.493971
AGCGGTTGAGATGTAC-1,0.018951,0.344689,0.183292,0.453068
AGCGTGGTATTCTACT-1,0.003256,0.3417,0.372228,0.282817
AGCGTTCCGATTTAAA-1,0.004304,0.341792,0.467284,0.186619
AGCTAACAAGCAATGT-1,0.000049,0.583698,0.013489,0.402763
AGCTAAGCTCCGTCCG-1,0.000076,0.308731,0.033927,0.657265
AGCTAAGTACGCAGGC-1,0.00031,0.00093,0.383013,0.615747
AGCTAGAAGCAGAAGT-1,0.112497,0.11946,0.590131,0.177912
AGCTATTTAATCCAAC-1,0.086398,0.756751,0.148976,0.007875
AGCTCCTTCGCACATC-1,0.000327,0.000981,0.343244,0.655448
AGCTCTAGACGTTCCA-1,0.067816,0.346873,0.237713,0.347599
AGCTCTTCCCAGTGCA-1,0.022606,0.209059,0.661611,0.106724
AGCTCTTCGTAACCTT-1,0.080275,0.229085,0.206865,0.483776
AGCTCTTTACTCAGTT-1,0.104589,0.142106,0.159367,0.593937
AGCTGAAGTAAACCAA-1,0.04566,0.175088,0.629346,0.149906
AGCTGTAACCTCAATC-1,0.053415,0.837055,0.004278,0.105252
AGCTTATAGAGACCTG-1,0.005658,0.131175,0.599864,0.263303
AGCTTCAATACTTTGA-1,0.000832,0.064561,0.843317,0.09129
AGCTTGATCAGGGTAG-1,0.000017,0.955068,0.003647,0.041268
AGCTTGATCTTAACTT-1,0.003605,0.372631,0.431783,0.191981
AGGAAGCTGTCCGCCG-1,0.000289,0.663665,0.000577,0.33547
AGGACAGTCGAATCCC-1,0.000132,0.195337,0.000263,0.804268
AGGACATCGCACGTCG-1,0.005109,0.807317,0.073629,0.113945
AGGACGACCCATTAGA-1,0.978378,0.018294,0.000111,0.003218
AGGACGCTCGATGTTG-1,0.003562,0.95509,0.003402,0.037946
AGGATAAAGTCGGGAT-1,0.019912,0.396596,0.090419,0.493073
AGGATATAGGGATTTA-1,0.000454,0.001361,0.381511,0.616674
AGGATCACGCGATCTG-1,0.005984,0.257662,0.376191,0.360163
AGGCAGATGCGTAAAC-1,0.053158,0.821774,0.107924,0.017144
AGGCAGGGAGCGTACT-1,0.000093,0.546322,0.141361,0.312224
AGGCATTGTCGTAGGG-1,0.000276,0.000829,0.700872,0.298022
AGGCCACCCGTTATGA-1,0.000026,0.507534,0.08445,0.407989
AGGCCCATTGTACAGG-1,0.006207,0.249119,0.650152,0.094523
AGGCCCTAGAACGCCA-1,0.007925,0.147358,0.643302,0.201415
AGGCCTATCATACCAA-1,0.000147,0.011404,0.358206,0.630243
AGGCCTGAGAATCTCG-1,0.033358,0.429711,0.000208,0.536723
AGGCGGTTTGTCCCGC-1,0.06955,0.150704,0.307246,0.4725
AGGCTATGGTTAGCTT-1,0.000035,0.097486,0.78273,0.119749
AGGCTTAAGTTGCACA-1,0.000271,0.000813,0.000542,0.998374
AGGCTTCCCGAAGAAG-1,0.000071,0.336783,0.39179,0.271356
AGGCTTGCTAGACACC-1,0.004374,0.181306,0.814242,0.000078
AGGGAAACGAGGTACT-1,0.0556,0.401692,0.414519,0.128189
AGGGACAGCACGGCGG-1,0.022588,0.892789,0.08311,0.001514
AGGGACTCTACGCGAC-1,0.062755,0.083137,0.193971,0.660136
AGGGCAGCGGCGTGGT-1,0.030299,0.040372,0.815165,0.114165
AGGGCGAGCAGCTGAT-1,0.015954,0.908461,0.022246,0.053338
AGGGCGTGATCGGCTA-1,0.025581,0.213179,0.530855,0.230385
AGGGCTGCAGTTACAG-1,0.026469,0.500422,0.276168,0.196941
AGGGTCAGAGCACTCG-1,0.072209,0.033746,0.040069,0.853976
AGGGTCGATGCGAACT-1,0.000165,0.000494,0.312841,0.6865
AGGGTGCCGTTCTTTA-1,0.000104,0.017705,0.376342,0.605848
AGGGTGCTCTCGAGGG-1,0.0543,0.03585,0.790484,0.119366
AGGGTGGATAGTGCAT-1,0.006364,0.374503,0.615981,0.003153
AGGGTTCAGACGGTCC-1,0.001964,0.008841,0.001435,0.98776
AGGGTTCCCTTTGGTT-1,0.000046,0.123716,0.773629,0.10261
AGGGTTTAGTTCGGGA-1,0.037041,0.273827,0.572279,0.116854
AGGTAACCTCCTATTC-1,0.000033,0.403115,0.428845,0.168008
AGGTACGATATTGCCA-1,0.023068,0.453268,0.428949,0.094715
AGGTAGATCGAGATAT-1,0.005636,0.799377,0.000538,0.194449
AGGTAGGTACAAAGCT-1,0.014726,0.049322,0.503164,0.432788
AGGTCAGGTGAGAGTG-1,0.029671,0.690635,0.164178,0.115516
AGGTCGCGGAGTTACT-1,0.198785,0.272328,0.107483,0.421404
AGGTGGTGACCTTCGC-1,0.000241,0.008837,0.386357,0.604565
AGGTGTATCGCCATGA-1,0.000029,0.526067,0.271708,0.202196
AGGTTCTCCTTTCCGG-1,0.000061,0.037993,0.299189,0.662757
AGGTTGAGGCACGCTT-1,0.026718,0.602991,0.29643,0.073861
AGGTTTCACACACCTT-1,0.027331,0.547164,0.192585,0.23292
AGTAACGTTCATCCTG-1,0.054826,0.245878,0.540998,0.158297
AGTAATCTAAGGGTGG-1,0.000308,0.000923,0.003519,0.99525
AGTAATGTCTTGCCGC-1,0.014705,0.130149,0.808947,0.0462
AGTAATTTGCAAGCGT-1,0.002104,0.000468,0.305807,0.691622
AGTACAGAAGCTTATA-1,0.000242,0.000727,0.173458,0.825573
AGTACGGCCCGTATCG-1,0.000542,0.046554,0.834385,0.118519
AGTACGGGCACCTGGC-1,0.025586,0.617571,0.278641,0.078202
AGTACGTGGCCTGTCT-1,0.000406,0.39788,0.318385,0.28333
AGTACTCTTATGCCCA-1,0.0007,0.002098,0.001399,0.995803
AGTAGAAGGCGCCTCA-1,0.000171,0.004964,0.016156,0.978709
AGTAGCGTGAACGAAC-1,0.064946,0.221727,0.603397,0.10993
AGTAGCTAGACGCCGA-1,0.013917,0.282255,0.547942,0.155886
AGTAGGAAGGAAGTTG-1,0.024897,0.123704,0.445389,0.40601
AGTAGGTAACATACAT-1,0.031371,0.142885,0.541735,0.284009
AGTATAATACTAGGCA-1,0.000064,0.534416,0.439136,0.026384
AGTATACACAGCGACA-1,0.001849,0.137074,0.075482,0.785596
AGTATGCTGGAGACCA-1,0.000072,0.373153,0.321658,0.305117
AGTATTTGGCACGACC-1,0.009554,0.006319,0.134486,0.84964
AGTCAAATGATGTGAT-1,0.000042,0.248818,0.167907,0.583233
AGTCAACACCACCATC-1,0.051452,0.26096,0.242464,0.445124
AGTCAAGATGACACTT-1,0.136709,0.324961,0.21651,0.32182
AGTCAGCCACCGCCTG-1,0.000651,0.923326,0.024994,0.051029
AGTCCATTGGCTGATG-1,0.000265,0.195038,0.00053,0.804168
AGTCCCGCCTTTAATT-1,0.00327,0.200325,0.656353,0.140052
AGTCGAAACGATTCAG-1,0.000607,0.270792,0.080069,0.648532
AGTCGACGGTCTCAAG-1,0.03689,0.015956,0.430104,0.51705
AGTCGGCCCAAACGAC-1,0.06237,0.264633,0.593654,0.079343
AGTCGGCTCAACTTTA-1,0.018241,0.005243,0.160939,0.815577
AGTCGTATAAAGCAGA-1,0.502714,0.000332,0.000222,0.496732
AGTCGTCGACCACCAA-1,0.006432,0.000579,0.000386,0.992603
AGTCGTGGGCATTACG-1,0.000054,0.282645,0.175944,0.541357
AGTCTCACAAGACTAC-1,0.009161,0.775847,0.110242,0.10475
AGTCTGGACATCCTTG-1,0.009919,0.199839,0.560799,0.229444
AGTCTTCTCCTCAAAT-1,0.033936,0.874806,0.020513,0.070744
AGTCTTTAAAGTGTCC-1,0.000152,0.000456,0.022331,0.977061
AGTGAACAAACTTCTC-1,0.063559,0.584972,0.020188,0.331281
AGTGACCTACTTTACG-1,0.003332,0.099969,0.394552,0.502147
AGTGACTGTGACACAA-1,0.000078,0.108949,0.221355,0.669619
AGTGAGACTTCCAGTA-1,0.096854,0.337537,0.203713,0.361896
AGTGAGGGTTTCTGAC-1,0.000019,0.919393,0.058632,0.021956
AGTGATAACCTGCGCG-1,0.000455,0.001366,0.047695,0.950483
AGTGATATGAGTAGTT-1,0.033441,0.62864,0.132011,0.205907
AGTGATTCAAGCAGGA-1,0.121063,0.356026,0.290024,0.232887
AGTGCACGCTTAAGAA-1,0.056371,0.000352,0.510379,0.432898
AGTGCGTAGCTCGTAA-1,0.008887,0.979247,0.011775,0.000091
AGTGCTAAACACAGCA-1,0.000069,0.000207,0.18612,0.813605
AGTGCTTGCACGAATA-1,0.000192,0.09188,0.241885,0.666042
AGTGGCGGCAATTTGA-1,0.011152,0.05167,0.238928,0.698251
AGTGGCGTCTGAAGGT-1,0.29976,0.001772,0.001181,0.697286
AGTGGCTCCGTCGGCC-1,0.001796,0.371673,0.115704,0.510827
AGTGGTGTTACCCGTG-1,0.000048,0.116231,0.772669,0.111052
AGTGGTTGCGTATAGG-1,0.000511,0.366258,0.492761,0.140469
AGTGTATTGCGCATTG-1,0.014694,0.364914,0.526008,0.094383
AGTGTGGTCTATTGTG-1,0.028302,0.758505,0.210791,0.002401
AGTTAAACACTTGCGA-1,0.154501,0.023467,0.455071,0.366961
AGTTAAGCGGTCCCGG-1,0.035518,0.426526,0.350423,0.187532
AGTTAAGTCAACCGCT-1,0.071379,0.465973,0.022442,0.440206
AGTTACCGCACATGGT-1,0.001848,0.786169,0.211943,0.00004
AGTTACTCTATCGTGG-1,0.037742,0.750885,0.211064,0.000309
AGTTATTGAAAGGTAA-1,0.000467,0.527547,0.446446,0.02554
AGTTCCTACAGAATTA-1,0.015755,0.052669,0.869499,0.062077
AGTTCCTATTTATGTT-1,0.04152,0.401437,0.307798,0.249246
AGTTGACGGTCCTTGC-1,0.000751,0.081278,0.461118,0.456853
AGTTGCGGTCCTCAAC-1,0.000031,0.678326,0.141092,0.180551
AGTTTCGCAGGTCGGA-1,0.00454,0.762226,0.017897,0.215337
AGTTTGCACCTGCCTC-1,0.001949,0.699955,0.000092,0.298003
AGTTTGGCCAGACCTA-1,0.055787,0.671057,0.245144,0.028012
ATAAACCATTGGACGG-1,0.008653,0.878368,0.086763,0.026215
ATAAACGGACCCGTAA-1,0.108069,0.647872,0.151828,0.09223
ATAAAGGCTCGGTCGT-1,0.063798,0.148627,0.566965,0.22061
ATAAAGGTCAAGTACG-1,0.032731,0.214722,0.661584,0.090963
ATAAATATTAGCAGCT-1,0.095458,0.241891,0.473438,0.189213
ATAACGCCGGAGGGTC-1,0.078319,0.480286,0.28229,0.159106
ATAACGGAGTCCAACG-1,0.102134,0.130772,0.615134,0.15196
ATAAGGTGGAGAACAT-1,0.100578,0.051012,0.369507,0.478903
ATAAGTTACCGCGACG-1,0.046394,0.512659,0.368805,0.072142
ATAATAGCTGTTGAAT-1,0.037488,0.571651,0.091599,0.299262
ATAATAGTGTAGGGAC-1,0.000019,0.455182,0.492698,0.052101
ATAATCTTGGAGAACC-1,0.000064,0.144503,0.151162,0.704271
ATAATTAGCTAAGTAG-1,0.000041,0.514998,0.009735,0.475226
ATACAGCGTCCACTGA-1,0.000206,0.499693,0.256375,0.243726
ATACAGGCCCTCCAAT-1,0.000168,0.000504,0.165612,0.833717
ATACCACGGGCAACTT-1,0.00003,0.040054,0.902165,0.057751
ATACCAGCAAATTGCT-1,0.027167,0.028465,0.912422,0.031946
ATACCAGGCTAATAGA-1,0.053659,0.044286,0.874333,0.027722
ATACCAGGTGAGCGAT-1,0.002049,0.194326,0.632642,0.170983
ATACCCTCCCGGCCAA-1,0.000042,0.835603,0.000084,0.164272
ATACCTAACCAAGAAA-1,0.00011,0.128861,0.297041,0.573988
ATACGAGGTTTGTAAG-1,0.000086,0.297279,0.082405,0.62023
ATACGCCGGCGAAACC-1,0.047692,0.050696,0.037327,0.864285
ATACGGAACGTCGTTT-1,0.000096,0.482838,0.423666,0.0934
ATACGGGTTTCGATTG-1,0.027733,0.330428,0.588506,0.053333
ATACGGTGAAGATGCA-1,0.015398,0.291755,0.636812,0.056034
ATACGTACTTAGCCAC-1,0.000444,0.286748,0.390718,0.322089
ATACGTCCACTCCTGT-1,0.001193,0.144585,0.442017,0.412205
ATACGTTATGCACGGA-1,0.000267,0.236929,0.391911,0.370892
ATACTAGCATGACCCT-1,0.098081,0.12432,0.411148,0.36645
ATACTGCCTTACACCG-1,0.173223,0.000268,0.019773,0.806737
ATACTTGTTCTCGAGC-1,0.000014,0.978182,0.018613,0.003191
ATAGACAACGGGACCT-1,0.055676,0.084866,0.408302,0.451155
ATAGACGAAGAGAAAG-1,0.008597,0.498246,0.427881,0.065277
ATAGAGTACTGGGACA-1,0.035371,0.678871,0.206755,0.079004
ATAGAGTTATCAACTT-1,0.479451,0.481503,0.007747,0.031299
ATAGATTTGCAGTCGG-1,0.012445,0.066576,0.508406,0.412573
ATAGGAATCTAAGCTT-1,0.055338,0.032593,0.511479,0.40059
ATAGGCGGCTATAGAA-1,0.093601,0.605156,0.096038,0.205206
ATAGGCTAGCTTCGCA-1,0.000087,0.000261,0.818236,0.181417
ATAGGGATATCCTTGA-1,0.060664,0.769241,0.110051,0.060044
ATAGGTTGGGCAGATG-1,0.050095,0.851733,0.089326,0.008846
ATAGTCTTTGACGTGC-1,0.000029,0.39612,0.40909,0.194761
ATAGTGAAGCGTTCTC-1,0.012401,0.938216,0.003335,0.046048
ATAGTTCCACCCACTC-1,0.00716,0.000377,0.251115,0.741348
ATATAAAGCGCTCGTG-1,0.000278,0.546144,0.040939,0.412638
ATATAAATGTAGCTGC-1,0.003034,0.148127,0.019336,0.829503
ATATACATGTATGGTA-1,0.00254,0.196909,0.518615,0.281936
ATATAGAGTATTGGTC-1,0.000025,0.764596,0.018287,0.217092
ATATCAACCTACAGAG-1,0.011179,0.000142,0.635508,0.353171
ATATCAATTCCAGCCT-1,0.000974,0.65759,0.097664,0.243773
ATATCGTGCCAGACCC-1,0.025194,0.148199,0.516014,0.310593
ATATCGTTCCTCGAAC-1,0.000257,0.00077,0.481457,0.517517
ATATCTCCCTCGTTAA-1,0.015384,0.325398,0.491749,0.167469
ATATCTTAGGGCCTTC-1,0.108183,0.235468,0.588178,0.06817
ATATGGGATAGCAACT-1,0.002675,0.29525,0.232548,0.469527
ATATGTCTAGAGCGTG-1,0.00039,0.00117,0.00078,0.99766
ATATGTCTCCCTAGCC-1,0.013141,0.31304,0.228079,0.44574
ATATTCAGTTAAACCT-1,0.037475,0.491358,0.27416,0.197007
ATATTCCACATAGTGA-1,0.000692,0.002076,0.055807,0.941425
ATATTCCCACAGGTCA-1,0.033801,0.251645,0.558294,0.156261
ATATTGCTGTCAAAGT-1,0.004434,0.148297,0.778496,0.068773
ATATTTAACCCTCAAG-1,0.019065,0.229889,0.660431,0.090616
ATCAAACGAAGGTTTG-1,0.000032,0.778157,0.062013,0.159798
ATCAAAGAGCCGTGGT-1,0.000174,0.114692,0.000349,0.884785
ATCAAGATCCCAGGAC-1,0.000088,0.750304,0.001288,0.248321
ATCAATCTGGGCTGCA-1,0.072997,0.169817,0.417435,0.339751
ATCAATGCCGTGGCTG-1,0.000058,0.439363,0.174464,0.386114
ATCACATTAGAATATC-1,0.090815,0.432709,0.435329,0.041147
ATCACGTGCTAATTAA-1,0.398337,0.130449,0.307031,0.164183
ATCACTTCATCCTCGC-1,0.06183,0.799495,0.085572,0.053103
ATCAGAAGCTGGTTGC-1,0.000174,0.308276,0.218178,0.473372
ATCAGACGGCACGCCG-1,0.000079,0.307167,0.106503,0.586251
ATCAGCCTCATGCTGC-1,0.000063,0.700299,0.000126,0.299512
ATCAGCTCGTCCACTA-1,0.000051,0.32088,0.457471,0.221599
ATCAGGTCGCCATTGC-1,0.003355,0.755021,0.138802,0.102822
ATCAGTAGGCAGGGAT-1,0.057013,0.243256,0.544234,0.155497
ATCATAGATCGACGAG-1,0.000185,0.723292,0.000371,0.276151
ATCATCCAATATTTGT-1,0.066847,0.564915,0.150899,0.217338
ATCATCTGCCCAGTGT-1,0.02295,0.012941,0.960398,0.00371
ATCATTGTACCGCATT-1,0.00178,0.59687,0.138493,0.262857
ATCCAACGCAGTCATA-1,0.020601,0.264571,0.617106,0.097723
ATCCAATGGAGGGTCC-1,0.004206,0.146425,0.536932,0.312436
ATCCAATGGTACCGAA-1,0.025704,0.135225,0.824711,0.014359
ATCCACATCGACAGAA-1,0.000377,0.001132,0.261659,0.736832
ATCCACGCTAAATGTT-1,0.019068,0.544366,0.426105,0.010462
ATCCAGAGCAACAACC-1,0.000089,0.004108,0.427091,0.568711
ATCCAGGATTCGTGAA-1,0.011854,0.328123,0.032015,0.628008
ATCCCATCCACAGCGC-1,0.002453,0.270054,0.470546,0.256947
ATCCCATTTCCGTGGG-1,0.000156,0.253214,0.266797,0.479834
ATCCTACCTAAGCTCT-1,0.077239,0.488175,0.065739,0.368847
ATCCTGAATCGCTGCG-1,0.007772,0.1577,0.695061,0.139466
ATCCTGCGTGGAATGG-1,0.051737,0.294512,0.43147,0.222281
ATCCTGCTGCAGATAG-1,0.000044,0.000132,0.737018,0.262806
ATCGACCCAATACAGA-1,0.00026,0.523706,0.256328,0.219705
ATCGACTCTTTCCGTT-1,0.056739,0.248655,0.617634,0.076973
ATCGCACGCCGGGAGA-1,0.007045,0.247143,0.306616,0.439197
ATCGGAGACAGACGGC-1,0.000507,0.001521,0.731848,0.266124
ATCGGCAAGCAGTCCA-1,0.034485,0.101875,0.552872,0.310768
ATCGGTTACCTAGTAA-1,0.008193,0.159024,0.552029,0.280754
ATCGTGGAAAGTCTGG-1,0.000049,0.462264,0.236591,0.301095
ATCGTTCACTTTCGCC-1,0.063268,0.280159,0.508576,0.147996
ATCTAATATCCTACGG-1,0.000121,0.094358,0.175678,0.729842
ATCTACCATCTGCTCC-1,0.000313,0.000939,0.459377,0.539371
ATCTAGCTTGTGAGGG-1,0.000158,0.238861,0.013909,0.747072
ATCTCATAAACCTACC-1,0.175278,0.000221,0.42692,0.397582
ATCTCCCTGCAATCTA-1,0.044534,0.257034,0.521935,0.176497
ATCTGACATGGAAGGA-1,0.01394,0.565292,0.022202,0.398566
ATCTGCACCTCTGCGA-1,0.000056,0.000167,0.566599,0.433179
ATCTGCTGTTATCGCC-1,0.028094,0.277282,0.055468,0.639156
ATCTGGGCTGTTCTTG-1,0.000226,0.0041,0.212127,0.783547
ATCTGGTTAAGACTGT-1,0.081381,0.837761,0.063989,0.016868
ATCTGTAATTGTACCC-1,0.105692,0.779914,0.028447,0.085947
ATCTTAGGGCATTAAT-1,0.000056,0.342063,0.480846,0.177035
ATCTTGACCTGCAACG-1,0.01721,0.577132,0.355466,0.050191
ATGAAGCCAAGGAGCC-1,0.010278,0.135366,0.754502,0.099854
ATGACGCCGGCTCTAA-1,0.095697,0.837685,0.057854,0.008765
ATGACGCGTTCTATCC-1,0.000075,0.160807,0.062911,0.776207
ATGACTATCAGCTGTG-1,0.000086,0.009986,0.128426,0.861502
ATGACTATGCGACATT-1,0.032033,0.006516,0.165475,0.795976
ATGAGGAGTGTTAATC-1,0.001937,0.326257,0.607871,0.063936
ATGATCGGGAATAGAC-1,0.00002,0.559718,0.355101,0.085161
ATGATGCAATGGTACA-1,0.006953,0.463477,0.093364,0.436206
ATGCACGCGCTGTTCA-1,0.000227,0.220318,0.42916,0.350295
ATGCACTACCGCATTG-1,0.104189,0.47456,0.114293,0.306957
ATGCATGATCCAGGAT-1,0.158948,0.609889,0.023729,0.207433
ATGCATTCCGTGATGG-1,0.001165,0.661476,0.321242,0.016117
ATGCCATTTGCGACCA-1,0.09077,0.334796,0.024409,0.550024
ATGCCGGTCTTGCATA-1,0.047463,0.301923,0.311887,0.338728
ATGCCGGTTGATGGGA-1,0.07155,0.335304,0.536168,0.056978
ATGCGACAGTCCCATT-1,0.092613,0.121339,0.460351,0.325698
ATGCTCAGTGTTGCAT-1,0.000019,0.604643,0.292042,0.103295
ATGCTCTGGCGCGGTA-1,0.00042,0.075042,0.237759,0.686779
ATGGAAATTTAAGGAG-1,0.005554,0.257155,0.418045,0.319245
ATGGACTGCTTAGTTG-1,0.000082,0.65682,0.137817,0.205281
ATGGAGCAGGCCGTGA-1,0.051999,0.318074,0.454528,0.175398
ATGGATCCGGCGTCCG-1,0.128252,0.227087,0.612488,0.032174
ATGGATTGACCAAACG-1,0.055941,0.248825,0.483355,0.211879
ATGGCAGCATTACGAT-1,0.000061,0.671536,0.080548,0.247856
ATGGCAGCCGAGAAAC-1,0.000615,0.333263,0.531488,0.134634
ATGGCTGGAAATGGCC-1,0.057779,0.708965,0.233209,0.000047
ATGGGAACGGAAGCGG-1,0.04698,0.111096,0.29585,0.546075
ATGGGACCTGCTGAAC-1,0.000139,0.073772,0.62182,0.304269
ATGGGCCTCGGCCTCT-1,0.056275,0.068524,0.282228,0.592973
ATGGGTGTATACCTCC-1,0.000105,0.001435,0.240744,0.757716
ATGGTATTGGGAACCG-1,0.00014,0.857033,0.00028,0.142548
ATGGTATTTACTGATT-1,0.000046,0.279388,0.240305,0.480261
ATGGTCGCGTGGTTTC-1,0.00037,0.001111,0.000741,0.997777
ATGGTGCTCAAAGCCA-1,0.001641,0.016437,0.853432,0.12849
ATGTACGATGACGTCG-1,0.000116,0.000347,0.006167,0.993371
ATGTAGCGCGCGTAGG-1,0.001712,0.024793,0.218327,0.755169
ATGTCATAATAAACGA-1,0.000161,0.000482,0.092133,0.907224
ATGTCTTGTTTGACTC-1,0.000106,0.448754,0.04363,0.50751
ATGTGAAAGCCTAATG-1,0.012638,0.40127,0.383123,0.202969
ATGTGCATCCGACGCA-1,0.056375,0.17348,0.706775,0.06337
ATGTGGACATCTTGAT-1,0.000077,0.148206,0.106626,0.745091
ATGTGTAGTTTAGTCA-1,0.000041,0.000197,0.900693,0.099069
ATGTTACGAGCAATAC-1,0.000016,0.962667,0.009043,0.028274
ATGTTCGTCGACCCAC-1,0.001604,0.116709,0.860933,0.020754
ATGTTGTAGTCTGTTT-1,0.00009,0.051163,0.109199,0.839548
ATGTTTGTAAGATCAT-1,0.000017,0.797564,0.034163,0.168256
ATTAAACATGCGGACC-1,0.061816,0.434285,0.30601,0.19789
ATTAATACTACGCGGG-1,0.049275,0.108233,0.537682,0.30481
ATTAATGAACCAGTCG-1,0.077703,0.215408,0.393585,0.313304
ATTAATTCGGTCACTC-1,0.003726,0.198686,0.65107,0.146518
ATTACAACTACCGGCC-1,0.073247,0.033886,0.767285,0.125582
ATTACGCGCTGGCAGG-1,0.027893,0.153253,0.535594,0.283261
ATTACGGGCTACGGTT-1,0.413394,0.085102,0.179263,0.322241
ATTACTAGCCTCTTGC-1,0.000034,0.263133,0.682242,0.054592
ATTACTTACTGGGCAT-1,0.011083,0.000119,0.583759,0.405039
ATTAGATTCCTCAGCA-1,0.198307,0.11956,0.438594,0.243539
ATTAGATTGATAGCGG-1,0.010883,0.728532,0.201124,0.059461
ATTAGGCGATGCTTTC-1,0.066412,0.023017,0.421587,0.488984
ATTATACTTTGCTCGT-1,0.122538,0.293222,0.492548,0.091692
ATTATCGGAATGTACG-1,0.007683,0.639332,0.077476,0.275509
ATTATCTCGACAGATC-1,0.070701,0.143515,0.759506,0.026278
ATTATGAGACCCAATT-1,0.001278,0.008205,0.407324,0.583194
ATTATGCCATAGGGAG-1,0.003687,0.798181,0.181164,0.016967
ATTATTATGTCCGTCA-1,0.000094,0.356157,0.000188,0.64356
ATTCACTGATGTTGGA-1,0.000142,0.263167,0.115069,0.621622
ATTCAGGACCTATTTC-1,0.004885,0.017528,0.678552,0.299036
ATTCAGGATCGCCTCT-1,0.048667,0.000966,0.825911,0.124456
ATTCAGTAGCAGGGTC-1,0.01341,0.757622,0.101206,0.127762
ATTCATATACTGTCCA-1,0.029733,0.256578,0.329887,0.383802
ATTCATCGTTGAGGCA-1,0.206312,0.000946,0.216985,0.575757
ATTCCCACATAAACAA-1,0.002924,0.266096,0.381811,0.349169
ATTCCCGAAGGTACAG-1,0.000029,0.430883,0.420162,0.148926
ATTCCTCCGCCAGTGC-1,0.002162,0.443548,0.382076,0.172214
ATTCGACGCCGGGCCT-1,0.027107,0.112251,0.647999,0.212642
ATTCTCGTCTCTTTAG-1,0.089681,0.757521,0.108849,0.043949
ATTCTGAGTATGAACT-1,0.079282,0.155738,0.576823,0.188157
ATTCTTCGTACTTATG-1,0.098846,0.447684,0.448062,0.005409
ATTGAAGATCTTAGTG-1,0.055745,0.733005,0.13728,0.073969
ATTGACGTAACTCGGT-1,0.040116,0.00354,0.844306,0.112037
ATTGATCACCACATTT-1,0.340429,0.203807,0.138622,0.317142
ATTGATGAGTCCTAAC-1,0.027329,0.063134,0.208142,0.701395
ATTGCCTATTAGACCG-1,0.000048,0.383853,0.022306,0.593793
ATTGCCTTTATGTTTG-1,0.552908,0.00028,0.000186,0.446626
ATTGCTGCTCCTCCAT-1,0.040421,0.291213,0.298732,0.369635
ATTGGGAATATCTTGG-1,0.020721,0.00012,0.818317,0.160842
ATTGTACAACTCGGCT-1,0.000064,0.014603,0.556892,0.428441
ATTGTCGCAATACCTT-1,0.026487,0.414754,0.500035,0.058724
ATTGTCTGTTTCATGT-1,0.000251,0.091704,0.337853,0.570193
ATTTAACTCGTATTAC-1,0.008054,0.647701,0.212632,0.131613
ATTTACAGTTTACTGG-1,0.026697,0.459458,0.421798,0.092047
ATTTATACTGGTAAAG-1,0.000246,0.06117,0.000492,0.938092
ATTTCATTATTTCGCG-1,0.096839,0.359213,0.286664,0.257284
ATTTCCGGGTTCTGCG-1,0.027983,0.142616,0.740938,0.088463
ATTTGCCTAGTTACGA-1,0.019698,0.352255,0.58262,0.045427
ATTTGCGCGAGTAGCT-1,0.000162,0.000485,0.416159,0.583195
ATTTGGAGATTGCGGT-1,0.077432,0.177389,0.242998,0.502181
ATTTGTCTTGGGAGCT-1,0.006823,0.361931,0.147676,0.48357
ATTTGTTCCAGGGCTC-1,0.060299,0.230038,0.308272,0.401391
CAAACCATAAGCGTAT-1,0.000217,0.000651,0.01823,0.980902
CAAACCCTCCGGCGGG-1,0.000186,0.000557,0.173872,0.825386
CAAACGAGTATCGCAG-1,0.077111,0.140495,0.31204,0.470353
CAAACGGTCGCACTTT-1,0.029481,0.166845,0.613813,0.18986
CAAACGTGGTCTTGCG-1,0.011131,0.277054,0.605885,0.105931
CAAACTACGATAGAGA-1,0.009583,0.345638,0.412429,0.23235
CAAACTATTGAGCTTC-1,0.041924,0.537152,0.341562,0.079362
CAAAGATTATTGGGCC-1,0.000041,0.613673,0.004226,0.382061
CAAATCTCTCACAAGG-1,0.00539,0.049939,0.30012,0.64455
CAAATGCGGAGTGTTC-1,0.014948,0.40132,0.488129,0.095603
CAAATGTCCTTCCGTG-1,0.034651,0.352393,0.193465,0.419491
CAAATTGTCAGCAAGC-1,0.019227,0.250948,0.533284,0.196541
CAACAGAATAACGCTA-1,0.024525,0.03744,0.76653,0.171506
CAACAGTGCCAAACGG-1,0.000226,0.247156,0.749929,0.002688
CAACGACCCGTTTACA-1,0.000018,0.688794,0.201994,0.109194
CAACGAGCTTATTATG-1,0.000196,0.452919,0.053648,0.493237
CAACGCGATGAGCCAA-1,0.023784,0.011993,0.05008,0.914142
CAACGGTTCTTGATAC-1,0.024652,0.096677,0.819596,0.059075
CAACTATATCGAATGC-1,0.051782,0.530579,0.224972,0.192667
CAACTCCAACGTTTAG-1,0.015167,0.194245,0.767942,0.022646
CAACTCCTTGATCCCG-1,0.061711,0.691322,0.121573,0.125394
CAACTGCTCATCCGAT-1,0.000139,0.01014,0.230418,0.759303
CAACTTGTAGTGGGCA-1,0.000025,0.582248,0.37763,0.040097
CAAGAGGGCGGAGTAC-1,0.087098,0.272152,0.303193,0.337557
CAAGATATTATAACGT-1,0.000204,0.000611,0.468472,0.530714
CAAGCAACGTCGGAGT-1,0.01078,0.247285,0.550621,0.191313
CAAGCACCAAATGCCT-1,0.003229,0.449757,0.265196,0.281818
CAAGCGGCACATAATT-1,0.03974,0.504888,0.203768,0.251604
CAAGGATCGCATGTTC-1,0.017163,0.021961,0.567481,0.393395
CAAGTAAGTGATAGAC-1,0.000121,0.001477,0.075158,0.923245
CAAGTCGTTGAAATCT-1,0.000117,0.082722,0.244823,0.672338
CAAGTGAACTTTGGTT-1,0.037256,0.731403,0.204852,0.026489
CAAGTGTGGTTGCAAA-1,0.200924,0.019729,0.337553,0.441794
CAATAAACCTTGGCCC-1,0.082688,0.322882,0.535785,0.058644
CAATACGCTCTGAGGC-1,0.00002,0.675441,0.16971,0.154829
CAATATGTAGATTTAC-1,0.302925,0.370708,0.170373,0.155995
CAATATTCTTGACCTA-1,0.013488,0.056013,0.18493,0.745569
CAATCCATTATCCGTT-1,0.006829,0.003109,0.903091,0.086971
CAATCCCTATACCAGC-1,0.00234,0.105745,0.867124,0.024791
CAATGACCCTTAATTT-1,0.000116,0.591727,0.000231,0.407926
CAATGCGAGAAGTATC-1,0.000297,0.000892,0.000595,0.998215
CAATGGAATCTACATA-1,0.140757,0.770523,0.088358,0.000362
CAATGGATCTCTACCA-1,0.175045,0.390937,0.368511,0.065507
CAATGGTCGGCCTGGG-1,0.035437,0.076929,0.868079,0.019555
CAATTAAGGGTGATGA-1,0.103192,0.564773,0.293448,0.038587
CAATTGGGCCGCACTC-1,0.000069,0.118249,0.226893,0.654788
CAATTTCGTATAAGGG-1,0.087719,0.347694,0.435958,0.12863
CACAAGCTAAGAAAGG-1,0.000027,0.764785,0.000054,0.235134
CACAATGAGCTGCTAT-1,0.016333,0.760454,0.182593,0.04062
CACACAGGGATAGATT-1,0.000024,0.638434,0.355626,0.005916
CACACGCGCTGTCTTA-1,0.016767,0.691153,0.104553,0.187526
CACACGTTTCAATGGG-1,0.031667,0.799398,0.122482,0.046453
CACAGAGACGAGGACG-1,0.000073,0.487767,0.019684,0.492477
CACAGCACCCACGGCA-1,0.137974,0.254589,0.503153,0.104283
CACAGCTAGGGAGTGA-1,0.008146,0.244741,0.678197,0.068917
CACAGGGCCGTTGTCA-1,0.000116,0.614729,0.020959,0.364196
CACATATTAGCAGGAT-1,0.000278,0.400579,0.422094,0.177049
CACATCGTGCACGCGC-1,0.000069,0.301429,0.302871,0.395631
CACATCTCACCGACGA-1,0.106731,0.075202,0.290074,0.527992
CACATGATTCAGCAAC-1,0.097627,0.308396,0.295775,0.298202
CACATTCTTTCGATGG-1,0.011603,0.224346,0.487156,0.276895
CACCAATCATCCGTCT-1,0.00178,0.167031,0.105433,0.725756
CACCACGCCACACAGA-1,0.003145,0.228203,0.495454,0.273198
CACCAGTCAGCATGCA-1,0.022937,0.475302,0.164078,0.337684
CACCATCGGAGGAGAC-1,0.002576,0.925348,0.035611,0.036465
CACCCAAATCTTATGT-1,0.144014,0.043262,0.429305,0.383419
CACCCACACGTCACCC-1,0.005932,0.698909,0.004165,0.290994
CACCCACGAGGCAATT-1,0.032105,0.313555,0.620427,0.033914
CACCCGGTTTGTGACT-1,0.000075,0.362243,0.371197,0.266484
CACCCTAACAAGATCT-1,0.00059,0.001772,0.001181,0.996457
CACCCTTGGTGAGACC-1,0.063168,0.169314,0.293828,0.47369
CACCCTTTCCTCGCTC-1,0.000042,0.227147,0.531499,0.241313
CACCGATACACCGAGC-1,0.018195,0.027009,0.826124,0.128672
CACCGCCAGAAGGTTT-1,0.091087,0.394443,0.441436,0.073034
CACCGCCGACCAGCGA-1,0.00767,0.423436,0.116938,0.451956
CACCGCGTCCACTCTA-1,0.28399,0.411069,0.119502,0.18544
CACCGGAGATATCTCC-1,0.038316,0.279134,0.65614,0.026411
CACCGGTAGAGACATT-1,0.005676,0.571235,0.000098,0.422991
CACCGTTAGGGATCAC-1,0.000147,0.044621,0.367576,0.587656
CACCGTTGCGCGATAT-1,0.000082,0.168849,0.610511,0.220557
CACCTAATAGAGTCGT-1,0.000009,0.991918,0.00552,0.002553
CACCTAATCAGTTTAC-1,0.075032,0.032625,0.828052,0.064291
CACCTCGATGGTGGAC-1,0.116672,0.280688,0.264071,0.338568
CACCTTGCGAAACTCG-1,0.060159,0.691103,0.199787,0.04895
CACCTTGGCGCCTTTG-1,0.00013,0.016764,0.173896,0.809209
CACGAAAGTTAGTCCC-1,0.008652,0.426392,0.34781,0.217146
CACGACCACAGACTTT-1,0.026073,0.015418,0.855621,0.102887
CACGACTAAAGTTCTG-1,0.002871,0.724172,0.216964,0.055993
CACGAGCAAACCAGAC-1,0.000033,0.716986,0.019902,0.263079
CACGATTGGTCGTTAA-1,0.008315,0.194027,0.729652,0.068006
CACGCACAGCGCAGCT-1,0.042695,0.581966,0.348215,0.027123
CACGCAGCGAGGCTTT-1,0.056046,0.141571,0.578646,0.223736
CACGCGGAACTGTTGC-1,0.003284,0.255999,0.067113,0.673605
CACGGCGCGCCAAAGG-1,0.022603,0.121182,0.764003,0.092213
CACGGGATTGAGGGTT-1,0.000014,0.911475,0.088364,0.000147
CACGTCGGCAACCTCT-1,0.011327,0.315372,0.558006,0.115295
CACGTCTATGATGTGG-1,0.009501,0.222899,0.69817,0.06943
CACGTTCGTGCTCTAG-1,0.03256,0.349229,0.350297,0.267914
CACGTTTCGTACACAC-1,0.000332,0.006648,0.000664,0.992356
CACTAAAGTTGCCTAT-1,0.024478,0.097362,0.790758,0.087403
CACTACTCAGTTCTGT-1,0.096611,0.416788,0.324737,0.161864
CACTCAAGAGCTATGG-1,0.023802,0.417898,0.280726,0.277574
CACTCAGCTCTTGAGG-1,0.022093,0.031594,0.741691,0.204622
CACTCCTATGTAAGAT-1,0.025379,0.349154,0.204663,0.420804
CACTCCTCTCGGTCGG-1,0.05787,0.191188,0.48763,0.263312
CACTCGAGCTGAACAA-1,0.091567,0.225934,0.222762,0.459737
CACTCGGTTAGGAGGA-1,0.000064,0.264368,0.664879,0.070689
CACTCTCAAGCATCGA-1,0.004912,0.460386,0.015627,0.519074
CACTGACGATTGTGGA-1,0.000067,0.57558,0.05757,0.366783
CACTGTCCAAGTGAGA-1,0.000042,0.098774,0.801173,0.10001
CACTTAATCAGACGGA-1,0.068279,0.480804,0.278657,0.172259
CACTTCGCCACAGGCT-1,0.001013,0.902209,0.069835,0.026942
CAGAACTTAGCCCTCT-1,0.001052,0.003156,0.530107,0.465684
CAGACACCGATCGCTG-1,0.008625,0.351415,0.226058,0.413902
CAGACCTGTAAGTGTT-1,0.000249,0.000747,0.679094,0.31991
CAGACGAACCTGATAC-1,0.008887,0.154508,0.422549,0.414056
CAGAGACGGTCACCCA-1,0.000179,0.086179,0.649522,0.26412
CAGAGCATGAGCTTGC-1,0.04515,0.624344,0.142618,0.187888
CAGAGGCGATGCATGA-1,0.000043,0.756131,0.066078,0.177748
CAGAGTGATTTAACGT-1,0.072738,0.884412,0.03936,0.003489
CAGATACTAACATAGT-1,0.124291,0.786563,0.079219,0.009926
CAGATATGAAGATGAC-1,0.000047,0.010894,0.261774,0.727285
CAGATCCTGGTTTGAA-1,0.036338,0.534104,0.177574,0.251984
CAGATGTTTGTCCCAA-1,0.00484,0.211982,0.353794,0.429384
CAGCAGCCCGTTCCTT-1,0.039151,0.731955,0.078777,0.150117
CAGCAGTCTGTGCTGC-1,0.009402,0.768776,0.00124,0.220582
CAGCCCTCACAGGCAG-1,0.000461,0.313505,0.622504,0.06353
CAGCCGGGCCCTCTAT-1,0.072688,0.246053,0.443006,0.238254
CAGCCTCCTGCAGAGG-1,0.057009,0.463397,0.372002,0.107593
CAGCCTCTCCTCAAGA-1,0.005161,0.501581,0.241598,0.251661
CAGCGATTCCCTTCAA-1,0.009277,0.130589,0.451471,0.408663
CAGCGCCAACACGATA-1,0.002121,0.275434,0.661803,0.060641
CAGCTCACTGAGACAT-1,0.041188,0.312567,0.294188,0.352058
CAGCTCGACAAGTTAA-1,0.002478,0.973958,0.002107,0.021458
CAGCTCGTGCTTGTGT-1,0.043596,0.35024,0.162424,0.443739
CAGCTCTGGGCTCACT-1,0.000053,0.30383,0.000106,0.696011
CAGCTGGCGTAACCGT-1,0.000048,0.160126,0.59509,0.244736
CAGCTTAGTAGGTAGC-1,0.006393,0.195382,0.681789,0.116436
CAGGAAGACTTTATAT-1,0.026478,0.1789,0.747071,0.047552
CAGGATATATCGTTGT-1,0.000072,0.119605,0.41503,0.465293
CAGGATCCGCCCGACC-1,0.006853,0.142267,0.78979,0.06109
CAGGCAGTCTTACCAG-1,0.070942,0.000475,0.102559,0.826025
CAGGCCAGTACCACCT-1,0.000041,0.755482,0.088745,0.155733
CAGGCCGTTTGGGTGT-1,0.000081,0.252143,0.298602,0.449174
CAGGCGCACGGTGGTC-1,0.06343,0.311682,0.365469,0.25942
CAGGCGCCATGCTAGG-1,0.000104,0.102656,0.068822,0.828418
CAGGGAGATAGGCCAG-1,0.000042,0.547521,0.130641,0.321796
CAGTAACTATTTATTG-1,0.094746,0.269092,0.558842,0.07732
CAGTAAGGGACGTCTC-1,0.021689,0.130785,0.693776,0.15375
CAGTAATCCCTCCCAG-1,0.020406,0.29365,0.607767,0.078178
CAGTACATTCTCTAAA-1,0.00193,0.018181,0.79754,0.182349
CAGTACCAGTTTACGT-1,0.015343,0.711657,0.049875,0.223125
CAGTAGCCCACGCGGT-1,0.099929,0.696603,0.068459,0.135009
CAGTCGAGGATGCAAT-1,0.054144,0.027469,0.83705,0.081337
CAGTCGGCCTAGATAT-1,0.000021,0.491506,0.278328,0.230145
CAGTCTGTATACTGGG-1,0.007047,0.41436,0.398754,0.179839
CAGTGAATAAATGACT-1,0.034427,0.738207,0.074547,0.152819
CAGTGGTTGCACATGA-1,0.000152,0.413219,0.432327,0.154302
CAGTGTCCGCAGAATG-1,0.004609,0.833092,0.05508,0.107218
CAGTGTCGGCTGGCCC-1,0.000497,0.001491,0.1006,0.897412
CAGTGTTAATCTCTCA-1,0.000107,0.221259,0.420425,0.35821
CAGTTCAAATTGACAC-1,0.01428,0.018479,0.787432,0.179808
CAGTTCCGCGGGTCGA-1,0.000035,0.119193,0.797222,0.08355
CAGTTCGAGGACCCGA-1,0.000057,0.366248,0.14744,0.486255
CATAACGGACAGTCGT-1,0.000922,0.000354,0.505192,0.493532
CATAAGAAGCTTGGCT-1,0.000212,0.000637,0.011554,0.987597
CATAAGCTCTCCGTCT-1,0.004009,0.8679,0.029782,0.098308
CATAATGAGCGGGCGA-1,0.008063,0.032562,0.717819,0.241556
CATACAAAGCCGAACC-1,0.005964,0.713178,0.278951,0.001907
CATACACAAAGTCAGC-1,0.021394,0.298547,0.387289,0.29277
CATACACGGTTCCCAC-1,0.000033,0.683224,0.002082,0.314662
CATACCCGTACCCAGT-1,0.020645,0.118658,0.544346,0.316351
CATACGAACTAGCTGG-1,0.000036,0.618544,0.000072,0.381348
CATACGGCGTCTGGGC-1,0.014581,0.544535,0.132444,0.308439
CATACTATGTAATTGT-1,0.003126,0.24247,0.726437,0.027968
CATACTTCTTTCTCCG-1,0.000079,0.301215,0.028831,0.669876
CATAGAGGAGATACTA-1,0.000707,0.002122,0.136033,0.861137
CATAGCCGCCCGGGAT-1,0.009943,0.222578,0.73407,0.03341
CATAGCGTTGCCCACC-1,0.000074,0.094451,0.417037,0.488439
CATAGGGACACTTGTG-1,0.000029,0.974711,0.000057,0.025203
CATAGTACATTGAGAG-1,0.012516,0.126684,0.751284,0.109515
CATAGTAGCATAGTAG-1,0.000657,0.121862,0.658866,0.218615
CATAGTCCACAAGAAC-1,0.031558,0.306794,0.47891,0.182737
CATATACTACTGATAA-1,0.001932,0.263695,0.332743,0.40163
CATATAGGTACAGTCA-1,0.039918,0.29853,0.440657,0.220894
CATATGTCAGGCTACG-1,0.075878,0.27264,0.410751,0.240731
CATATTATTTGCCCTA-1,0.004196,0.039994,0.740624,0.215186
CATCATCTACCCGGAC-1,0.044952,0.056573,0.705862,0.192613
CATCATTACCCTGAGG-1,0.000549,0.001648,0.454273,0.54353
CATCCAATATAGTTTG-1,0.132415,0.155585,0.047251,0.664749
CATCCTCTCAAAGATC-1,0.00019,0.000571,0.000381,0.998858
CATCGCCCGCGGCCAA-1,0.003522,0.209272,0.376259,0.410947
CATCGGACGGGTTAAT-1,0.086634,0.374925,0.365211,0.17323
CATCTATCCCGTGTCT-1,0.247465,0.310834,0.143175,0.298526
CATCTGCAGGATCATT-1,0.000013,0.900672,0.099291,0.000025
CATCTTACACCACCTC-1,0.004133,0.000866,0.337029,0.657972
CATGAACCGACATTTG-1,0.000038,0.480822,0.517892,0.001248
CATGAACCTCTTATCA-1,0.060625,0.510686,0.364194,0.064495
CATGACTTCGCTGAAT-1,0.000135,0.039931,0.189512,0.770422
CATGAGATGCACTCTC-1,0.000798,0.002393,0.366804,0.630006
CATGAGTCCATCACGG-1,0.000142,0.017461,0.317009,0.665388
CATGATACGGTGAAAC-1,0.000286,0.000858,0.041518,0.957338
CATGATGCACAATTCT-1,0.056202,0.282181,0.153571,0.508046
CATGCACATGAGAGGC-1,0.000065,0.343227,0.295068,0.361641
CATGCACGTGTTACTG-1,0.00137,0.20035,0.585808,0.212472
CATGCATGGAGACCCT-1,0.009012,0.155151,0.668357,0.16748
CATGCCAACTCGCAAA-1,0.002386,0.217646,0.57994,0.200028
CATGCGACCAGTTTAA-1,0.002687,0.004287,0.873981,0.119046
CATGCGTTAGACAGAA-1,0.002089,0.15912,0.382588,0.456204
CATGCGTTGAGAGGAG-1,0.00009,0.531946,0.078131,0.389833
CATGCTGGCTCCAATT-1,0.048508,0.351041,0.589152,0.011299
CATGGAAATGGGACCA-1,0.085868,0.025457,0.637382,0.251292
CATGGCAGGAAGATCG-1,0.000025,0.117759,0.757622,0.124593
CATGGGTATGCCTTAT-1,0.241543,0.000757,0.373872,0.383828
CATGGGTCGGGTGTGG-1,0.001156,0.897218,0.081063,0.020563
CATGGTAAGTAGCGTT-1,0.032481,0.740162,0.077402,0.149955
CATGGTATTAGTTTGT-1,0.005666,0.463466,0.428042,0.102826
CATGGTCTAGATACCG-1,0.024178,0.312054,0.292256,0.371511
CATGTAAGAGACATTT-1,0.004155,0.000693,0.329834,0.665318
CATGTCTCATTTATGG-1,0.141553,0.024532,0.254018,0.579897
CATGTGGGCTCATCAC-1,0.000233,0.040887,0.437092,0.521788
CATTACGTCGGCCCGT-1,0.013383,0.202253,0.216191,0.568172
CATTATAACAGGGTCC-1,0.000032,0.00017,0.999611,0.000187
CATTATCCCATTAACG-1,0.000048,0.358401,0.145222,0.496329
CATTATGCTTGTTGTG-1,0.010408,0.066541,0.813661,0.109391
CATTCACTGACAGCTA-1,0.005872,0.647268,0.330453,0.016407
CATTGCAAAGCATAAT-1,0.002209,0.051269,0.444977,0.501546
CATTGCGAAATGGGCG-1,0.003407,0.000087,0.971301,0.025205
CATTTAGCGGACCATG-1,0.050228,0.387996,0.429539,0.132236
CATTTATCGTTCAAGA-1,0.018681,0.003158,0.94487,0.03329
CATTTCTAGCAGACTA-1,0.001634,0.644569,0.347195,0.006601
CATTTGAGTGGTACGT-1,0.025463,0.444148,0.088797,0.441592
CCAAACAGAACCCTCG-1,0.020912,0.286224,0.639066,0.053798
CCAAATCAAAGGGCAA-1,0.000133,0.030827,0.526349,0.44269
CCAACCTTATGTAACT-1,0.009783,0.05434,0.211208,0.724669
CCAACGATGCACTGAT-1,0.003602,0.702832,0.111006,0.182559
CCAACGCTTGCCAGGG-1,0.162637,0.349563,0.214072,0.273728
CCAAGAAAGTGGGCGA-1,0.000166,0.000498,0.266725,0.732611
CCAAGACTTCTGCGAA-1,0.013163,0.045368,0.814132,0.127337
CCAAGCGTAACTCGTA-1,0.012038,0.335218,0.037656,0.615087
CCAAGGAACAGAGAGG-1,0.065276,0.493346,0.40344,0.037938
CCAATAGTGCCGTCGA-1,0.008301,0.294112,0.657448,0.040139
CCAATCGGTAGATCGA-1,0.03411,0.2811,0.35202,0.33277
CCAATGTCACAGCAAG-1,0.028425,0.263762,0.202739,0.505074
CCAATTACGGGTCGAG-1,0.13197,0.417765,0.106348,0.343917
CCAATTGAATGTTAAT-1,0.000238,0.414316,0.461621,0.123825
CCACAATGTACGTCTT-1,0.071413,0.52741,0.234251,0.166926
CCACACTGAGATATTA-1,0.01423,0.400734,0.240739,0.344297
CCACAGTACCCATCCT-1,0.056341,0.045396,0.183349,0.714915
CCACATGGCTCTTTAT-1,0.000042,0.286901,0.648056,0.065
CCACCAACTTTACTGT-1,0.001237,0.356184,0.240786,0.401793
CCACCCAAGGAAAGTG-1,0.061121,0.413967,0.334003,0.19091
CCACGAGAAGAGAATC-1,0.007642,0.799726,0.157547,0.035085
CCACGGAGCCATAAGA-1,0.072438,0.612274,0.052283,0.263005
CCACGGCAGGTGTAGG-1,0.000055,0.398125,0.264777,0.337043
CCACTCAGATCCGCAA-1,0.000146,0.446621,0.042417,0.510817
CCACTGGTGGCTGGTT-1,0.002799,0.578457,0.33376,0.084984
CCAGAAAGCAACTCAT-1,0.052534,0.108846,0.142495,0.696126
CCAGAGACAAAGCCGG-1,0.000021,0.427561,0.536298,0.03612
CCAGATAGTTGAGTGA-1,0.026571,0.118779,0.524922,0.329727
CCAGCCTGGACCAATA-1,0.02158,0.568631,0.081075,0.328714
CCAGCTACGCCTCATA-1,0.02513,0.842493,0.132355,0.000022
CCAGCTCGAACGCATT-1,0.000081,0.622054,0.012496,0.36537
CCAGCTGATGGTACTT-1,0.026834,0.042211,0.875718,0.055237
CCAGCTTCCGCCCGCA-1,0.006636,0.077531,0.90202,0.013813
CCAGGCGAGATGGTCT-1,0.000058,0.206236,0.381611,0.412095
CCAGGGACGTGGCCTC-1,0.082223,0.416858,0.358594,0.142325
CCAGTAGTCTGATCCA-1,0.067621,0.122672,0.299113,0.510594
CCAGTCAAATCTCTTA-1,0.000783,0.241304,0.444668,0.313244
CCAGTCTAGACGGCGC-1,0.116716,0.379628,0.368798,0.134858
CCAGTCTTGTCATAGA-1,0.000349,0.001047,0.27269,0.725915
CCAGTGTACAGACCGA-1,0.025039,0.626892,0.079924,0.268145
CCAGTTCGGTAACTCA-1,0.006004,0.1852,0.578507,0.230289
CCATAAACAACCCGAC-1,0.070067,0.702324,0.039362,0.188247
CCATAACCTGTGCAGT-1,0.007015,0.156862,0.752728,0.083395
CCATACCTTTACTTGT-1,0.000171,0.000513,0.516908,0.482409
CCATAGAGGCTGCCAG-1,0.001285,0.353103,0.498513,0.147099
CCATAGGTTGGCGTGG-1,0.115485,0.691155,0.188655,0.004705
CCATCCATACCAAGTC-1,0.00003,0.449393,0.503245,0.047332
CCATCGCAGTTAAACT-1,0.00032,0.000961,0.289589,0.70913
CCATCTCACCAGTGAA-1,0.000148,0.194324,0.387849,0.417679
CCATCTTGTTCACAAT-1,0.000044,0.046687,0.827301,0.125968
CCATGCCTGTTTAGTA-1,0.017201,0.389152,0.08548,0.508168
CCATGCTCTGCAGGAA-1,0.007569,0.090696,0.680335,0.2214
CCATGGCAAACGCTCA-1,0.00009,0.09028,0.00018,0.90945
CCATGGCCCTTGTACC-1,0.033107,0.605891,0.275808,0.085193
CCATGTTCATCTATAT-1,0.00006,0.509999,0.051255,0.438686
CCATTAGCGATAATCC-1,0.040931,0.204215,0.497884,0.25697
CCATTCCCTGCCCACA-1,0.071572,0.253143,0.454737,0.220549
CCATTTCTACCTATTA-1,0.00028,0.000838,0.000559,0.998323
CCCAAACATGCTGCTC-1,0.123561,0.510419,0.327702,0.038317
CCCAACATACGTCGCG-1,0.002371,0.615367,0.074073,0.308188
CCCAACCACACTAACA-1,0.000019,0.319947,0.466757,0.213276
CCCAAGAATGCACGGT-1,0.04022,0.223419,0.675728,0.060633
CCCAAGACAGAGTATG-1,0.001839,0.845453,0.151583,0.001125
CCCAATGAGATTTGCA-1,0.022697,0.758768,0.02121,0.197325
CCCAATTTCACAACTT-1,0.038408,0.21859,0.248494,0.494508
CCCACTCCACGGTATC-1,0.005644,0.114774,0.717005,0.162578
CCCAGAGGAGGGCGTA-1,0.150781,0.37691,0.38158,0.090729
CCCAGATTCCCGTGAC-1,0.000143,0.094757,0.051351,0.85375
CCCAGGAAGAATTCGA-1,0.000162,0.000486,0.18588,0.813472
CCCAGTAAACTTGGGA-1,0.001473,0.180648,0.261365,0.556514
CCCAGTTAAGGCGCCG-1,0.016857,0.68623,0.02978,0.267133
CCCGAAGTTTCGCGAA-1,0.004021,0.544132,0.037561,0.414286
CCCGACCATAGTCCGC-1,0.060317,0.130683,0.577506,0.231494
CCCGCAAATAATCATC-1,0.000037,0.513721,0.020282,0.46596
CCCGCAGCGCGAACTA-1,0.000177,0.501711,0.015575,0.482537
CCCGCAGGGCCCAAAG-1,0.009075,0.424561,0.401108,0.165255
CCCGCCATGCTCCCGT-1,0.020569,0.120233,0.791594,0.067604
CCCGCGCAATGCACCC-1,0.001934,0.538874,0.442246,0.016946
CCCGCTAGAGGGTTAA-1,0.036155,0.60756,0.217806,0.138479
CCCGGGTCGTTCAGGG-1,0.000043,0.459337,0.000722,0.539898
CCCGGTGGAAGAACCT-1,0.000021,0.405737,0.560022,0.03422
CCCGGTGTATCGGAAT-1,0.000035,0.192953,0.506009,0.301003
CCCGTAAGTCTAGGCC-1,0.00668,0.109652,0.553808,0.32986
CCCGTAGCTGGGAAGA-1,0.000071,0.24076,0.059522,0.699646
CCCGTCAGCGTCTGAC-1,0.013372,0.291705,0.439721,0.255202
CCCGTGACAGTGCCTT-1,0.000663,0.001988,0.001325,0.996025
CCCGTGAGGGCGGTGA-1,0.005786,0.595977,0.238838,0.159399
CCCTACCCACACCCAG-1,0.0007,0.700873,0.217896,0.080531
CCCTACTTGAACAATG-1,0.000308,0.032703,0.012611,0.954377
CCCTAGCTCTAAGGTC-1,0.000064,0.496926,0.017334,0.485675
CCCTAGGCAACAAGAG-1,0.013202,0.20012,0.469912,0.316766
CCCTATGTAGAGCAGA-1,0.000022,0.81699,0.009954,0.173034
CCCTCAGATCGAGAAC-1,0.000086,0.188597,0.015272,0.796045
CCCTCATCACAGAGTA-1,0.000078,0.094528,0.075463,0.829931
CCCTCATTCTGGAATT-1,0.000036,0.366898,0.158994,0.474072
CCCTCGATAATACACA-1,0.016286,0.331271,0.223379,0.429064
CCCTCGGGAGCCTTGT-1,0.000553,0.003445,0.981837,0.014164
CCCTGAAATGAGTTGA-1,0.009508,0.428249,0.495211,0.067031
CCCTGACTAACAAATT-1,0.020602,0.10382,0.442621,0.432957
CCCTGCCCAATCCGCT-1,0.056502,0.127432,0.520327,0.295739
CCCTGCGCTACGCATA-1,0.001884,0.000118,0.95141,0.046589
CCCTGGCTGTTCCTTC-1,0.006031,0.297719,0.48436,0.211891
CCCTGGGAGGGATCCT-1,0.001003,0.038243,0.135825,0.824929
CCCTGGTATGGGCGGC-1,0.077179,0.136435,0.553723,0.232662
CCCTTTGACAGGTCTT-1,0.000164,0.645831,0.000329,0.353676
CCGAAACACGACCTCT-1,0.000124,0.377784,0.401562,0.220531
CCGAAAGTGGTGAGCA-1,0.000021,0.655324,0.230069,0.114586
CCGAACACTGGGCCTC-1,0.024662,0.153892,0.539105,0.282341
CCGAACCTTCCCGGCC-1,0.003379,0.680685,0.097788,0.218148
CCGAAGCATTGACCAA-1,0.001136,0.41994,0.053444,0.52548
CCGAAGTATATTGTTC-1,0.000047,0.506623,0.459435,0.033895
CCGACAAAGGGAGTGC-1,0.000023,0.359701,0.460639,0.179638
CCGACGGGCATGAGGT-1,0.006737,0.625425,0.322979,0.044859
CCGACGTAAACACAAC-1,0.02289,0.585326,0.252065,0.139719
CCGACTCGCATAGTCT-1,0.45613,0.134159,0.09679,0.312921
CCGAGGGATGTTAGGC-1,0.027405,0.0166,0.940705,0.01529
CCGATCTCAACCTTAT-1,0.095339,0.000275,0.01187,0.892517
CCGATTCGAGGGACCC-1,0.00312,0.09333,0.850799,0.052751
CCGATTGGTCAATGAA-1,0.150614,0.048021,0.735598,0.065767
CCGCACAAAGACCAAC-1,0.131413,0.601408,0.048017,0.219162
CCGCACGTGACCTCGG-1,0.006449,0.635736,0.042061,0.315755
CCGCATGTGGTACGAT-1,0.000124,0.310196,0.036889,0.652791
CCGCCACCACAATCCA-1,0.002254,0.853906,0.142957,0.000883
CCGCCGGAACTTCTCG-1,0.018325,0.426077,0.159666,0.395932
CCGCCGGTCAACACAC-1,0.004574,0.208299,0.742263,0.044864
CCGCCTGCGAATTGGT-1,0.080055,0.072136,0.642405,0.205405
CCGCCTTGCGATGTCG-1,0.001721,0.089094,0.687537,0.221647
CCGCGATTTGGTAGGT-1,0.001864,0.493464,0.450415,0.054257
CCGCGCAAGATACCCA-1,0.000036,0.369294,0.226994,0.403676
CCGCGGAATGCGTCAC-1,0.003293,0.256808,0.351043,0.388857
CCGCGGGTACGAAGAA-1,0.000179,0.929718,0.040709,0.029395
CCGCGTAGGTAAGGGC-1,0.008882,0.565724,0.308796,0.116598
CCGCTATCAGCACCAG-1,0.021104,0.173058,0.234819,0.57102
CCGCTCCAGGGCGATC-1,0.00017,0.00051,0.00034,0.998981
CCGCTCCGGATAAGCT-1,0.000064,0.331881,0.038395,0.62966
CCGCTGGTGCCATTCA-1,0.037564,0.526702,0.353024,0.08271
CCGCTTACCTCACTCT-1,0.000122,0.450678,0.39532,0.15388
CCGGAATGGTTTCAGT-1,0.003927,0.272828,0.696124,0.02712
CCGGAGCGTACTTTCT-1,0.000205,0.472031,0.067169,0.460595
CCGGCCGCGAGCATAT-1,0.003239,0.280291,0.336459,0.380011
CCGGCGCATATTGGAT-1,0.12607,0.002113,0.655271,0.216546
CCGGCGTGAGACTCTG-1,0.02122,0.393449,0.305077,0.280253
CCGGGACCCGCAGAGA-1,0.03234,0.450662,0.374707,0.142291
CCGGGCGGTCTCGTCA-1,0.03853,0.283228,0.26399,0.414252
CCGGGCTAAGAATTTC-1,0.000022,0.613856,0.028573,0.357549
CCGGGCTGCTCCATAC-1,0.044855,0.337011,0.309487,0.308647
CCGGGTTCGAGGTTAC-1,0.059895,0.839125,0.050971,0.050008
CCGGTATCTGGCGACT-1,0.000149,0.681864,0.000299,0.317688
CCGGTTTGTAATTGTG-1,0.000104,0.072708,0.28912,0.638068
CCGTAAGTTGGTCCCA-1,0.0482,0.33142,0.502775,0.117605
CCGTACCCAAGCGCCA-1,0.001787,0.327955,0.588887,0.08137
CCGTATCTCGTCGTAG-1,0.000079,0.006944,0.395242,0.597735
CCGTCAACCTCTGGCG-1,0.001813,0.481214,0.189262,0.327711
CCGTGCCCATGACGGC-1,0.005452,0.739383,0.172937,0.082227
CCGTGTTAAATTCCAT-1,0.000037,0.696891,0.102323,0.200749
CCGTTACGTTAGAACA-1,0.154119,0.169559,0.464372,0.21195
CCGTTCCGAATCTCGG-1,0.008287,0.436572,0.517234,0.037907
CCGTTTCCTTTCCGTG-1,0.000173,0.5286,0.204769,0.266458
CCTAAACAGGGTCCGT-1,0.000428,0.13249,0.815526,0.051556
CCTAAAGGCTGACGCT-1,0.027074,0.723494,0.161363,0.088068
CCTAAATTAACGGTTC-1,0.018331,0.868696,0.000257,0.112715
CCTAACCCAAACAAGT-1,0.000278,0.090842,0.275366,0.633514
CCTAACTAAGGCTCTA-1,0.013192,0.087985,0.440805,0.458018
CCTACAAGTCCGGAAT-1,0.000145,0.351266,0.496635,0.151954
CCTACAGTTGAGGGAG-1,0.00035,0.001049,0.0007,0.997902
CCTACATTCACAGACG-1,0.000112,0.000335,0.000224,0.999329
CCTACGCGACCTTACA-1,0.016699,0.23611,0.651028,0.096163
CCTACGGCTCAGTCGA-1,0.00018,0.373195,0.552306,0.07432
CCTACTGCTTACACTT-1,0.01363,0.204823,0.671842,0.109704
CCTAGGCGTAGCGATC-1,0.048616,0.344155,0.195502,0.411727
CCTAGGTAAAGGTAGC-1,0.010849,0.163985,0.728983,0.096183
CCTAGTTAGTCGCATG-1,0.016723,0.116018,0.406278,0.460981
CCTATAATGAGTGCCC-1,0.000602,0.001806,0.168751,0.828841
CCTATACCGTCCTGTC-1,0.008425,0.000402,0.501133,0.49004
CCTATATCGTGTCACG-1,0.013597,0.626367,0.198963,0.161073
CCTATATTTGTCCTGG-1,0.000153,0.000459,0.349168,0.65022
CCTATCTATATCGGAA-1,0.037666,0.481013,0.356909,0.124412
CCTATGGCTCCTAGTG-1,0.000064,0.015858,0.001336,0.982742
CCTATGGGTTACCGTC-1,0.081427,0.599952,0.123047,0.195575
CCTATGGTCAAAGCTG-1,0.190387,0.000225,0.006619,0.802769
CCTATGTCCACTCCAC-1,0.000247,0.000741,0.207883,0.791129
CCTATTATTCCGGCCG-1,0.000048,0.045174,0.469935,0.484843
CCTCAACGATCGCTGT-1,0.035468,0.728312,0.000812,0.235407
CCTCACCAATCTTGAC-1,0.01762,0.103773,0.532571,0.346036
CCTCACCTTAGCATCG-1,0.050382,0.033216,0.173907,0.742495
CCTCCCGACAATCCCT-1,0.010907,0.019334,0.282513,0.687246
CCTCCGACAATTCAAG-1,0.036576,0.024511,0.777274,0.161638
CCTCCTAGCTAGAGTC-1,0.000076,0.248215,0.509899,0.24181
CCTCCTGAGCCCACAT-1,0.00115,0.677138,0.175699,0.146013
CCTCGAAGTGGACGGG-1,0.043412,0.248622,0.375228,0.332738
CCTCGACCCACTGCCT-1,0.003882,0.000104,0.820945,0.175069
CCTCGCCAGCAAATTA-1,0.031176,0.577533,0.357199,0.034092
CCTCGCGCGATATAGG-1,0.003758,0.047738,0.651723,0.296781
CCTCGCGCTGTGCGAT-1,0.075699,0.278953,0.051587,0.593762
CCTCGGACCGGGATAG-1,0.003225,0.000232,0.382706,0.613838
CCTCGGATGCTACCTG-1,0.019175,0.496991,0.339405,0.14443
CCTCGGTTTCCTTGCC-1,0.273017,0.025413,0.004197,0.697373
CCTCTAATCTGCCAAG-1,0.02034,0.428431,0.477607,0.073622
CCTCTACAAGGATTGG-1,0.000067,0.311936,0.268552,0.419445
CCTCTATCGATTAGCA-1,0.243473,0.538307,0.010415,0.207805
CCTCTCTCCCATCTAG-1,0.003724,0.289908,0.562986,0.143382
CCTCTGGCCTAGACGG-1,0.008984,0.111899,0.463701,0.415416
CCTCTGTACTATTCTA-1,0.000314,0.000942,0.294622,0.704123
CCTGAACGATATATTC-1,0.067678,0.142477,0.371725,0.41812
CCTGAATATTTACATA-1,0.068736,0.131738,0.600551,0.198974
CCTGACCACCGATGGT-1,0.065052,0.701093,0.017334,0.216521
CCTGACGCAACCTTTA-1,0.041146,0.638205,0.175166,0.145484
CCTGAGAATAAATGCA-1,0.000039,0.349072,0.075001,0.575888
CCTGCCCGTTGTCTAG-1,0.000399,0.161381,0.786391,0.051829
CCTGCGTTCTACGCTT-1,0.004676,0.241028,0.570275,0.184021
CCTGCTATTTGAGAAG-1,0.156822,0.089852,0.698603,0.054723
CCTGGCTAGACCCGCC-1,0.016803,0.03366,0.872479,0.077058
CCTGGTCGAATGTGGG-1,0.053243,0.789314,0.009746,0.147698
CCTGTAAGACATGATA-1,0.000802,0.255261,0.128268,0.61567
CCTGTACTCACGCCCA-1,0.100671,0.401702,0.362048,0.135579
CCTGTCACCCGGGCTC-1,0.007386,0.634725,0.268358,0.089532
CCTGTCGCCCGTAAAT-1,0.085508,0.345676,0.267418,0.301398
CCTGTCGTGTATGAAG-1,0.000143,0.109803,0.553551,0.336503
CCTGTGAAACCGTAAC-1,0.002703,0.628109,0.266828,0.10236
CCTGTGCGGATTGTAA-1,0.048731,0.150028,0.749617,0.051623
CCTGTTCAACCTCGGG-1,0.000164,0.010727,0.228619,0.760491
CCTTCAGTTAAAGTGA-1,0.002544,0.663667,0.002883,0.330905
CCTTCCGCAACGCTGC-1,0.000057,0.044724,0.407473,0.547745
CCTTCGTATAGAATCC-1,0.00031,0.00093,0.00062,0.99814
CCTTCTCAGCGTTCCT-1,0.002668,0.494233,0.003934,0.499164
CCTTCTTGATCCAGTG-1,0.047823,0.103324,0.514236,0.334617
CCTTGTGAACGTGGTT-1,0.00016,0.07528,0.444187,0.480373
CCTTTAAGGGAGCACT-1,0.000145,0.390292,0.022193,0.58737
CCTTTCAATGAAGAAA-1,0.012012,0.028233,0.608454,0.351302
CCTTTGAATTATGGCT-1,0.00539,0.486429,0.267979,0.240202
CGAAACATAGATGGCA-1,0.047488,0.114549,0.444684,0.39328
CGAAACGCAATTCATG-1,0.016797,0.610641,0.09741,0.275152
CGAACAGTATGGGCGT-1,0.00016,0.00048,0.00032,0.999041
CGAACCCGCATGCGTC-1,0.000137,0.00041,0.489507,0.509946
CGAACCTCTTTCCTAG-1,0.000046,0.187478,0.08039,0.732086
CGAACGCCCAGTGCCG-1,0.059855,0.259645,0.5175,0.163
CGAACGGCCGGACAAC-1,0.000032,0.245692,0.265047,0.489229
CGAAGACGGTGAGTGC-1,0.000257,0.26444,0.658036,0.077267
CGAAGACTGCCCGGGA-1,0.000014,0.672763,0.308469,0.018755
CGAAGATCAGTTTCAT-1,0.000169,0.000508,0.000339,0.998983
CGAAGCCACAGCATGG-1,0.027407,0.407789,0.363322,0.201482
CGAAGGGTTTCAGATT-1,0.000057,0.068251,0.366202,0.565489
CGAAGTTGCTCTGTGT-1,0.000733,0.148969,0.380616,0.469683
CGAATCTGCTCGACGC-1,0.026169,0.491593,0.039587,0.44265
CGAATGAAGTCATTGC-1,0.049391,0.374152,0.0177,0.558757
CGAATGACGCATAATG-1,0.004988,0.578317,0.021905,0.39479
CGAATGGTAGGTCGTC-1,0.000052,0.82625,0.023782,0.149916
CGAATTACATGGTGTT-1,0.004216,0.015743,0.870824,0.109217
CGACAATTTGATCTAA-1,0.000088,0.778092,0.003722,0.218098
CGACACGCTCCGACAG-1,0.000158,0.000473,0.000315,0.999054
CGACAGTTCGCGTTAT-1,0.005672,0.378098,0.202656,0.413574
CGACATGCGATCTTCT-1,0.005565,0.039961,0.394797,0.559677
CGACCCTTAACGCCGG-1,0.02268,0.755507,0.170189,0.051624
CGACCGTTGGTATTCG-1,0.000103,0.655307,0.01424,0.33035
CGACCTACTAGACAAT-1,0.001255,0.412231,0.495974,0.09054
CGACGCATCCGTACCT-1,0.002919,0.162822,0.459323,0.374936
CGACTCAGGATGTTAT-1,0.031058,0.015888,0.702683,0.250371
CGACTTGCCGGGAAAT-1,0.017324,0.300596,0.050317,0.631763
CGAGACCCTAGAGTGT-1,0.080897,0.28005,0.208884,0.430169
CGAGAGATGTGAACCT-1,0.056161,0.649355,0.2067,0.087784
CGAGAGCGCGTAGATA-1,0.009662,0.571862,0.244302,0.174174
CGAGAGCTTTCACTAC-1,0.139296,0.003794,0.789826,0.067084
CGAGCACTTCAAGTTT-1,0.000078,0.988639,0.011263,0.00002
CGAGCGTTGATCAGCC-1,0.035885,0.43708,0.384053,0.142982
CGAGCTGGGCTTTAGG-1,0.029775,0.240296,0.689104,0.040825
CGAGGCTAAATATGGC-1,0.089668,0.463196,0.257052,0.190083
CGAGGGACTGCGGTCG-1,0.040382,0.519842,0.400753,0.039022
CGAGGGTATCCAGGTG-1,0.000058,0.007139,0.076013,0.91679
CGAGTACTAAAGAGGA-1,0.042906,0.155602,0.148729,0.652763
CGAGTGAAGGTACCAG-1,0.00157,0.517662,0.243991,0.236778
CGAGTGCTATAGTTCG-1,0.000032,0.618513,0.339424,0.042031
CGAGTTCTGTCCCACC-1,0.035996,0.266481,0.4092,0.288323
CGAGTTTATCGGACTG-1,0.023946,0.005803,0.591449,0.378802
CGATACCTCGCGGACA-1,0.021811,0.782687,0.06294,0.132562
CGATAGCGATACAGTG-1,0.029341,0.000205,0.215299,0.755156
CGATAGTCGTACTGCA-1,0.109338,0.002627,0.001752,0.886283
CGATCCACCATTGTTG-1,0.000116,0.109791,0.307444,0.582649
CGATCCGACCCAGTGC-1,0.005322,0.16684,0.554953,0.272886
CGATCCTCGCAACATA-1,0.000145,0.261249,0.465662,0.272943
CGATCGAGAAGCACCA-1,0.000086,0.000259,0.269223,0.730432
CGATCTGTTGGAGGAC-1,0.257788,0.552384,0.085489,0.104339
CGATGGACCCTACGCC-1,0.003398,0.000161,0.914472,0.081969
CGATGTTGTTATCTAC-1,0.00022,0.547238,0.045767,0.406774
CGATTAAATATCTCCT-1,0.000161,0.723912,0.009315,0.266613
CGATTCGCCTGGCTGC-1,0.0002,0.053263,0.271476,0.675061
CGATTTGTCATTAATG-1,0.000133,0.114357,0.029974,0.855536
CGCAAACACGAGTTAC-1,0.000022,0.541646,0.408642,0.049689
CGCAATTACTTTCGGT-1,0.000028,0.516192,0.422373,0.061407
CGCAATTAGGGTAATA-1,0.00002,0.518557,0.09495,0.386473
CGCAATTCTACAATAA-1,0.022881,0.154549,0.674554,0.148016
CGCACATGTCCACTAC-1,0.079174,0.216136,0.442539,0.262151
CGCACGTCTGTTTATG-1,0.00349,0.454334,0.124367,0.417809
CGCACGTGCGCTATCA-1,0.000112,0.102012,0.615542,0.282334
CGCAGAAACATTTGCG-1,0.005713,0.000085,0.473914,0.520288
CGCATCATGGCTTCAG-1,0.005404,0.620104,0.160566,0.213925
CGCATGCCGAATGCGT-1,0.000287,0.00086,0.000573,0.998281
CGCATGGTGCGATGCT-1,0.06569,0.123965,0.42701,0.383335
CGCATTAGCTAATAGG-1,0.058346,0.680898,0.215914,0.044843
CGCCAAGAAGCCGAGT-1,0.024142,0.085056,0.76875,0.122051
CGCCACAGGTCGCGAT-1,0.004372,0.919306,0.018436,0.057886
CGCCAGTAGTACCTTG-1,0.134128,0.221326,0.079845,0.564701
CGCCATCCGATTATGA-1,0.077192,0.444624,0.35882,0.119364
CGCCCAGCACGCCTAG-1,0.000112,0.11511,0.314907,0.56987
CGCCCAGCGTTTCACG-1,0.000703,0.002111,0.834926,0.16226
CGCCCGCTTCCGTACA-1,0.057692,0.187233,0.533874,0.221201
CGCCCTAATTGTTCAA-1,0.000717,0.254024,0.509454,0.235804
CGCCCTTACATCCACC-1,0.014749,0.00952,0.532263,0.443467
CGCCCTTGAAGGCTGA-1,0.000021,0.715413,0.268938,0.015628
CGCCGACTATTCGCTA-1,0.002395,0.613652,0.366049,0.017904
CGCCGCCCATGCCTGT-1,0.079765,0.173213,0.453754,0.293267
CGCCGCGTTCTGAACG-1,0.00033,0.066118,0.394489,0.539063
CGCCTCCCTCCTCTAT-1,0.105352,0.253612,0.50044,0.140596
CGCCTGGCCTACGTAA-1,0.021409,0.85569,0.010376,0.112526
CGCGACACTGCGCAGC-1,0.006903,0.332697,0.658773,0.001627
CGCGACCGCGACAGAT-1,0.27058,0.000217,0.000145,0.729058
CGCGAGTCTGCCGGGT-1,0.000052,0.000745,0.417128,0.582075
CGCGCAAATGTCCAGA-1,0.000483,0.52311,0.312704,0.163703
CGCGCATGTTTGATTG-1,0.000106,0.2835,0.170771,0.545622
CGCGCCCGACTTAATA-1,0.038954,0.218518,0.370823,0.371705
CGCGGCTCAACTTGAA-1,0.000094,0.071789,0.198071,0.730047
CGCGGGAATTAGGCAG-1,0.126005,0.413961,0.381191,0.078843
CGCGGGAATTCCTTTC-1,0.00043,0.001291,0.221908,0.776371
CGCGTCATATTAAACC-1,0.000028,0.107466,0.649124,0.243381
CGCGTGGGCCTGTGTT-1,0.003061,0.420336,0.227475,0.349127
CGCGTTCATGAAATAC-1,0.011537,0.263662,0.459794,0.265008
CGCTACCGCCCTATGA-1,0.084953,0.523504,0.369613,0.02193
CGCTACGGGACATTTA-1,0.022577,0.465533,0.28098,0.23091
CGCTAGAGACCGCTGC-1,0.006889,0.00037,0.458973,0.533768
CGCTATACCGCCCACT-1,0.005103,0.990581,0.000028,0.004287
CGCTATTCAATGTATG-1,0.000018,0.72911,0.104404,0.166467
CGCTATTCTTAGGCTC-1,0.004104,0.574172,0.240675,0.181049
CGCTCGACATAATGAT-1,0.018579,0.174235,0.661684,0.145502
CGCTCTCCGTAGATTA-1,0.008122,0.412802,0.48945,0.089626
CGCTGAGGACGTCCAA-1,0.000473,0.461022,0.310514,0.22799
CGCTGGTGACTACCCT-1,0.018981,0.000939,0.581147,0.398933
CGCTGTGACGCCGCAC-1,0.001097,0.75556,0.063721,0.179622
CGCTGTGTGGATGTTG-1,0.000154,0.199273,0.59563,0.204944
CGCTTAGTATTGATAC-1,0.000214,0.141438,0.000428,0.857919
CGCTTATTCCCGGTCG-1,0.00639,0.199956,0.77345,0.020203
CGCTTCCACTGAAATC-1,0.000726,0.131216,0.775529,0.092529
CGCTTTCATACCGGTG-1,0.013935,0.966391,0.019494,0.00018
CGCTTTCCGCCAAGGT-1,0.000264,0.000792,0.364272,0.634672
CGCTTTCTTGCATTCG-1,0.004352,0.569965,0.040004,0.385679
CGGAAAGAATCAAACG-1,0.000187,0.00056,0.129403,0.86985
CGGAAATTTCACATCC-1,0.040241,0.429863,0.468717,0.06118
CGGAACGTAAACATAG-1,0.003546,0.580272,0.182706,0.233476
CGGACCTCTGTAGTTA-1,0.000186,0.000557,0.000372,0.998885
CGGACCTTTACGTCCC-1,0.000129,0.324216,0.067451,0.608204
CGGACGTTACTTGAAG-1,0.017411,0.168057,0.537714,0.276818
CGGAGCAATTTAATCG-1,0.000151,0.024747,0.656093,0.319009
CGGAGCATGGCGATCC-1,0.041855,0.168135,0.455238,0.334772
CGGAGCTTATAACACC-1,0.00855,0.47979,0.488368,0.023291
CGGAGTCCTAACCTGG-1,0.009158,0.000057,0.828716,0.162069
CGGAGTTTGAGAGACA-1,0.095063,0.359231,0.405067,0.140639
CGGATAAGCGGACATG-1,0.029595,0.399867,0.463979,0.106559
CGGATCCTCAAGGACT-1,0.768412,0.000112,0.000075,0.2314
CGGATGAATGCTGTGA-1,0.000057,0.672518,0.011338,0.316087
CGGATTCTGCCTTATG-1,0.017239,0.164937,0.237225,0.580599
CGGCAAACATCGTGCG-1,0.000119,0.194015,0.198188,0.607678
CGGCACCGTTAGCGCC-1,0.193453,0.700361,0.072824,0.033362
CGGCACTCAAGAAAGT-1,0.000165,0.33441,0.623038,0.042388
CGGCAGGGTCGGGTTG-1,0.000056,0.000167,0.073944,0.925834
CGGCCACGCACAAAGT-1,0.027891,0.366899,0.314428,0.290783
CGGCCAGAGCGACCAT-1,0.000066,0.478426,0.053136,0.468372
CGGCGCCATCAATCCC-1,0.086381,0.000837,0.344251,0.568532
CGGCTCTTCGTCGAAC-1,0.019355,0.241743,0.717388,0.021515
CGGCTGCAAGATTAAG-1,0.038098,0.241325,0.452709,0.267868
CGGCTTTGTATGATAA-1,0.019514,0.035833,0.58829,0.356363
CGGGAACGCCCTGCAT-1,0.000021,0.989941,0.001704,0.008335
CGGGAAGTACCGTGGC-1,0.000602,0.1388,0.483325,0.377273
CGGGAATTTATGTAAA-1,0.011734,0.929397,0.00204,0.056829
CGGGAGCTTCAGTGTA-1,0.022334,0.054305,0.504985,0.418376
CGGGATCAATGTAAGA-1,0.008676,0.971758,0.015825,0.003741
CGGGCAGCTAAACCGC-1,0.051811,0.540852,0.059958,0.347379
CGGGCCTTCTTTGTAA-1,0.075327,0.491185,0.316675,0.116813
CGGGCGATGGATCACG-1,0.000087,0.555718,0.000173,0.444022
CGGGTGTACCCATTTA-1,0.126217,0.804817,0.028825,0.040141
CGGTACGGCAAACCCA-1,0.001962,0.147354,0.213719,0.636965
CGGTACTAGAATCAAA-1,0.042988,0.004423,0.253687,0.698902
CGGTAGAGGTGCAGGT-1,0.017194,0.180385,0.689027,0.113394
CGGTATAGGTATTAGC-1,0.02483,0.45585,0.373287,0.146034
CGGTATGGGCACTCTG-1,0.000374,0.095681,0.000748,0.903198
CGGTCAAGTGGGAACC-1,0.048011,0.345254,0.524429,0.082306
CGGTCCGTCGCAAGCC-1,0.000098,0.018615,0.026921,0.954365
CGGTCTATCAACCCGT-1,0.287946,0.06238,0.590857,0.058817
CGGTGAAGACTAAAGT-1,0.019447,0.138446,0.612705,0.229402
CGGTGCAGATAGAACG-1,0.006477,0.099958,0.388263,0.505302
CGGTGCGCGTTGGTCC-1,0.000068,0.583943,0.306998,0.10899
CGGTGGGCTCCAGCCT-1,0.008975,0.05256,0.787244,0.151222
CGGTGTACTTGATCCC-1,0.002519,0.844427,0.126138,0.026916
CGGTTATCCAACAGTG-1,0.000101,0.000302,0.561104,0.438494
CGGTTCAAGTAGGTGT-1,0.000043,0.000129,0.877453,0.122376
CGGTTGACCTGGCATA-1,0.055551,0.294729,0.613932,0.035788
CGGTTGAGTATCCTTC-1,0.000075,0.171448,0.243214,0.585263
CGGTTGGGCAGGGTCC-1,0.000285,0.000854,0.000569,0.998293
CGGTTGGGTTCAAGTT-1,0.073678,0.417255,0.457759,0.051308
CGGTTTACTGAACATT-1,0.000326,0.179107,0.310938,0.50963
CGGTTTATGAAGGAAC-1,0.016802,0.168688,0.67876,0.13575
CGTAAAGCAAGAAATC-1,0.000083,0.074157,0.59645,0.32931
CGTAAATAACAAAGGG-1,0.000131,0.147652,0.11972,0.732497
CGTAACTTCGACACTT-1,0.003377,0.036339,0.344214,0.61607
CGTACCTGATAGGCCT-1,0.090619,0.277647,0.431303,0.200431
CGTAGAGAGTAATTAT-1,0.000487,0.11629,0.035177,0.848045
CGTAGCGAATTGTCAG-1,0.000024,0.611165,0.273598,0.115213
CGTAGCGCCGACGTTG-1,0.000049,0.838961,0.096236,0.064754
CGTATTAAGAGATCTA-1,0.016871,0.141478,0.787593,0.054057
CGTATTGTTTGGCGCC-1,0.014266,0.249053,0.146484,0.590197
CGTCAAGGCTATAAAT-1,0.015476,0.577884,0.348618,0.058021
CGTCACGTCCATTGGT-1,0.00392,0.445306,0.478782,0.071993
CGTCAGTGCGCACAAG-1,0.006266,0.869591,0.119176,0.004968
CGTCAGTTTATCGTCT-1,0.000843,0.150739,0.816053,0.032364
CGTCATACCATATCCA-1,0.002168,0.72872,0.225248,0.043864
CGTCGCATGTGAGCCA-1,0.000142,0.000427,0.000285,0.999145
CGTCGCTTGGTTATAC-1,0.008725,0.371085,0.204843,0.415347
CGTCGGATAGTGTTGA-1,0.000055,0.974177,0.000109,0.025659
CGTCGGGTCTAAGCGC-1,0.063174,0.426667,0.326798,0.183361
CGTCGTCCTTCGCGAA-1,0.000223,0.097695,0.285165,0.616917
CGTCTGGAAGGGCCCG-1,0.002503,0.641207,0.353708,0.002581
CGTGAACTGACCCGAT-1,0.000076,0.777753,0.000153,0.222018
CGTGAAGTTAATTCAC-1,0.018351,0.292732,0.488754,0.200164
CGTGACATTGGGTCGT-1,0.085749,0.61505,0.199636,0.099565
CGTGACCAGTCCTCTG-1,0.000098,0.000295,0.209105,0.790501
CGTGCACACCACTGTA-1,0.148227,0.510197,0.306766,0.03481
CGTGCAGACTGGGACA-1,0.049245,0.087294,0.611963,0.251498
CGTGCATTGTCGACGC-1,0.026567,0.496932,0.45096,0.02554
CGTGCCCGACATTTGT-1,0.000049,0.020972,0.971607,0.007373
CGTGCCCTCCCGAAGA-1,0.000063,0.911078,0.002778,0.086082
CGTGCTTCTACCTAAA-1,0.000073,0.191645,0.418841,0.389441
CGTGGCCGAATATCTA-1,0.022455,0.13957,0.233064,0.604911
CGTGGTACCCAAAGGC-1,0.000125,0.134482,0.186732,0.67866
CGTGTCCCATTCGCGA-1,0.024298,0.10933,0.840699,0.025673
CGTGTCTCGTTACGAC-1,0.000336,0.127568,0.372748,0.499348
CGTTAATGTCCCGACG-1,0.000692,0.002075,0.001383,0.99585
CGTTAGCTCACAACTG-1,0.06508,0.579388,0.251104,0.104427
CGTTATCATACTTCCA-1,0.02193,0.784289,0.119146,0.074635
CGTTCAAGGAAACGGA-1,0.000055,0.174383,0.26438,0.561183
CGTTCAGACCCGCGAA-1,0.027855,0.084101,0.15662,0.731424
CGTTCATGGTGCGCGT-1,0.053995,0.692342,0.16554,0.088123
CGTTGAATACCGCGCT-1,0.000043,0.961945,0.000085,0.037927
CGTTGAGCGACCGTCG-1,0.077127,0.507665,0.325359,0.089849
CGTTGAGTAATTGCGT-1,0.064228,0.076697,0.727619,0.131456
CGTTGCCCGCGTGGGA-1,0.000057,0.285363,0.103539,0.611041
CGTTGTCGGCAATTGA-1,0.000285,0.000854,0.576683,0.422178
CGTTGTTTCAATTCCC-1,0.026063,0.172097,0.251509,0.550331
CGTTTAAGCGGAGCAC-1,0.042094,0.2038,0.596237,0.157868
CGTTTCACTTCGGGCG-1,0.056662,0.283546,0.260104,0.399688
CGTTTCGCTCATTACA-1,0.021091,0.166396,0.676288,0.136225
CGTTTGTGTAGAGGGT-1,0.027429,0.789463,0.034178,0.148931
CTAAACGGGTGTAATC-1,0.005102,0.885861,0.070755,0.038282
CTAAAGAATGCCTACT-1,0.018412,0.034741,0.668287,0.27856
CTAAAGGATGAGATAC-1,0.000106,0.601471,0.000211,0.398212
CTAAAGGGAAATAGGA-1,0.038351,0.498269,0.299797,0.163583
CTAAATCCGGTGTACA-1,0.000081,0.347711,0.209694,0.442514
CTAAATCCTATTCCGG-1,0.117625,0.548238,0.296263,0.037874
CTAACAGCACAATAAC-1,0.000021,0.395403,0.33137,0.273206
CTAACCGCGCGCCCGT-1,0.011599,0.44527,0.191123,0.352008
CTAACGAAACTTGCTG-1,0.013512,0.000175,0.699125,0.287188
CTAACTGGTCCGGTTC-1,0.090359,0.026272,0.30028,0.58309
CTAAGGGAATGATTGG-1,0.047519,0.284869,0.368385,0.299227
CTAAGTACAGGGCTAC-1,0.003028,0.0722,0.692274,0.232497
CTAATTCGCACGCGCT-1,0.039063,0.094023,0.765999,0.100915
CTAATTTCAACAACAC-1,0.000015,0.683241,0.192691,0.124053
CTACAAGAAATAACCC-1,0.000069,0.035716,0.033069,0.931146
CTACATATCGCGGGAC-1,0.000021,0.927862,0.000043,0.072075
CTACCCTAAGGTCATA-1,0.019369,0.214422,0.584167,0.182042
CTACGAACTAGGTCGA-1,0.044359,0.758727,0.123109,0.073805
CTACGACTAGCTATAA-1,0.011517,0.124796,0.559296,0.30439
CTACGATCCTATCCTA-1,0.000069,0.385346,0.179408,0.435178
CTACGCACGGAGTACC-1,0.026013,0.514893,0.384067,0.075027
CTACGCCATTTCCGAT-1,0.000208,0.932679,0.0286,0.038513
CTACTATCATAGGTTT-1,0.018978,0.259638,0.425686,0.295699
CTACTATCTTTCAGAG-1,0.043122,0.024801,0.613183,0.318895
CTACTCAAGGTATAGT-1,0.000843,0.509277,0.050465,0.439415
CTACTCTAGGCCCGGC-1,0.010254,0.858031,0.126123,0.005592
CTACTGCCACCTGACC-1,0.136554,0.629407,0.222904,0.011136
CTAGACTGCATTTCGT-1,0.080631,0.489259,0.329304,0.100805
CTAGATGTGAGTGTAA-1,0.001571,0.000118,0.323209,0.675102
CTAGATTTACGACGGC-1,0.052561,0.231932,0.410721,0.304787
CTAGCATAGTATAATG-1,0.062945,0.495232,0.370488,0.071335
CTAGCCCGGGAGACGA-1,0.000074,0.240841,0.151604,0.607482
CTAGCCGATGTTATGA-1,0.033136,0.111122,0.746816,0.108926
CTAGGCGCCCTATCAG-1,0.067582,0.000868,0.479926,0.451625
CTAGGGATAGGGACAA-1,0.265414,0.020694,0.006651,0.707241
CTAGGTCTGAAGGAAT-1,0.02679,0.000238,0.665541,0.307431
CTAGGTTCGGACGTGA-1,0.000728,0.002184,0.600026,0.397062
CTAGTAGAAAGGGATT-1,0.890391,0.000098,0.000065,0.109446
CTAGTATTCGGAATTA-1,0.051148,0.588459,0.219097,0.141295
CTAGTCACGTCTTAAG-1,0.017957,0.10643,0.520644,0.354969
CTAGTGAAGGACAGGA-1,0.035318,0.877285,0.084492,0.002905
CTAGTTACAACCCGGT-1,0.000185,0.000555,0.338093,0.661167
CTAGTTGGGCCCGGTA-1,0.07048,0.581949,0.221245,0.126327
CTATAAGAGCCAATCG-1,0.062359,0.152773,0.736398,0.048469
CTATAAGTAGGGTTTG-1,0.000068,0.033476,0.018045,0.948411
CTATACTTAAAGCGAG-1,0.000056,0.07441,0.383262,0.542271
CTATAGGCGTTGATGT-1,0.00007,0.636241,0.02608,0.337608
CTATATCCAGCCTGGC-1,0.000045,0.472947,0.1041,0.422908
CTATCACAACGCTGGA-1,0.000319,0.000956,0.028389,0.970336
CTATCGACGAAATACA-1,0.075675,0.385591,0.096042,0.442692
CTATCGGGTCTCAACA-1,0.073605,0.649922,0.169958,0.106515
CTATGAACACCTTGCC-1,0.00004,0.827278,0.000079,0.172603
CTATGCCCGAATGCAA-1,0.000145,0.204471,0.155874,0.63951
CTATGTCACTAGCCCA-1,0.007704,0.976026,0.002006,0.014264
CTATGTCTATTGAAAC-1,0.132615,0.446638,0.355044,0.065703
CTATGTGAGTCACGGC-1,0.10591,0.419452,0.29986,0.174778
CTATTCATGTGTCCCA-1,0.000212,0.000635,0.738752,0.260402
CTATTGTGTTTGGTCA-1,0.003737,0.327264,0.585841,0.083158
CTATTTGCTTGGAGGA-1,0.000174,0.018071,0.448155,0.5336
CTATTTGGTTACGGAT-1,0.111025,0.763844,0.030619,0.094512
CTCAAACCACTGCCCG-1,0.000138,0.110851,0.257421,0.63159
CTCAACTAACCCGGAT-1,0.220631,0.000222,0.000148,0.778999
CTCAAGACATTAGCGC-1,0.002902,0.008531,0.980668,0.0079
CTCACATTTACTAAAT-1,0.000416,0.001248,0.194745,0.803591
CTCACTGTGATACTTA-1,0.000303,0.058715,0.011416,0.929566
CTCACTTGGCTGGTAA-1,0.0436,0.669357,0.107287,0.179756
CTCAGAGCTAATGTCG-1,0.000101,0.33388,0.093387,0.572632
CTCAGATTGTGATAAG-1,0.013969,0.379808,0.458378,0.147846
CTCAGGACTCACCTGT-1,0.001471,0.617987,0.235584,0.144958
CTCAGTCACGACAAAT-1,0.000031,0.000093,0.338026,0.661849
CTCATGGCTCACAATC-1,0.077252,0.317987,0.435879,0.168882
CTCATGGTAATTTGCG-1,0.000272,0.055948,0.541764,0.402016
CTCATTGCTCTAACAA-1,0.223379,0.000302,0.005593,0.770725
CTCATTTGATGGGCGG-1,0.004195,0.32214,0.448517,0.225148
CTCCCTCCTTTCGATC-1,0.000138,0.084037,0.136381,0.779444
CTCCCTTGTATCAAGG-1,0.483821,0.018403,0.000207,0.497569
CTCCGCCCACATGAGG-1,0.000069,0.000208,0.281683,0.718039
CTCCGGCCTAATATGC-1,0.004565,0.343403,0.490352,0.16168
CTCCTAAGTTATGTCT-1,0.076209,0.703122,0.141363,0.079307
CTCCTAGTAATCGTGA-1,0.019078,0.144229,0.28391,0.552782
CTCCTCCAGCTCACAC-1,0.000179,0.445765,0.06407,0.489985
CTCGAATGGAACGTAT-1,0.000194,0.742402,0.162512,0.094892
CTCGAGACATACGATA-1,0.000021,0.718291,0.156102,0.125586
CTCGAGGCAAGTTTCA-1,0.000053,0.220826,0.130848,0.648273
CTCGAGGTCGAACAGT-1,0.082704,0.240756,0.290391,0.386149
CTCGATATTTGCGAGC-1,0.035879,0.023551,0.830864,0.109705
CTCGCACCTATATAGT-1,0.090792,0.26615,0.489696,0.153361
CTCGCATTGCATAGCC-1,0.003316,0.245576,0.312497,0.438611
CTCGCCGAATGTAGGG-1,0.000124,0.000562,0.059141,0.940173
CTCGGGCATCGTCGGG-1,0.006822,0.032623,0.670782,0.289773
CTCGGGTTCTCTGGCC-1,0.000117,0.212509,0.213373,0.574002
CTCGGTACCACTGCTC-1,0.065221,0.1669,0.294874,0.473005
CTCGGTCCGTAGCCTG-1,0.019532,0.079866,0.828297,0.072304
CTCGGTTGTCGGCCCT-1,0.000039,0.689332,0.197534,0.113094
CTCGTCGAGGGCTCAT-1,0.000022,0.971499,0.006544,0.021935
CTCGTCTGTGCCTTCG-1,0.000467,0.001402,0.000934,0.997196
CTCGTGGCACTGAAAG-1,0.000034,0.526755,0.002872,0.47034
CTCGTTACGGCTACCA-1,0.477371,0.000233,0.000155,0.52224
CTCGTTTCTAATGTTT-1,0.104101,0.238402,0.656937,0.00056
CTCTAACACCGGCAGC-1,0.000162,0.000485,0.000323,0.999031
CTCTACACTGGCGATT-1,0.015828,0.111197,0.689502,0.183473
CTCTACATCCTGCGTG-1,0.000049,0.286453,0.011752,0.701746
CTCTAGCCCTCGGAAA-1,0.000092,0.258739,0.422023,0.319146
CTCTATTTGGCTGCAG-1,0.000276,0.085379,0.352875,0.56147
CTCTCACAATCGATGA-1,0.002169,0.471523,0.267897,0.25841
CTCTCGATGTGCGCCT-1,0.291812,0.137361,0.462188,0.108639
CTCTCTAACTGCCTAG-1,0.000907,0.377171,0.387684,0.234238
CTCTGCAGGCATTCTT-1,0.000088,0.054759,0.458652,0.486501
CTCTGCGAAGCAAGCA-1,0.00002,0.517903,0.317591,0.164485
CTCTGGACGCCTGGTG-1,0.03936,0.176553,0.620649,0.163439
CTCTGTCCATGCACCA-1,0.119386,0.388592,0.001909,0.490112
CTCTGTGCCTGCTATG-1,0.013569,0.007542,0.925031,0.053858
CTCTGTTTGAGGATTC-1,0.089228,0.469611,0.265248,0.175913
CTCTTCTATTGACTGG-1,0.042674,0.002773,0.360672,0.59388
CTCTTCTGGAAGTTAG-1,0.000154,0.130747,0.677602,0.191497
CTCTTGTCCCGCTTGG-1,0.036995,0.012616,0.23097,0.719419
CTGAAAGAGATCCGAC-1,0.002048,0.248279,0.299568,0.450105
CTGAATCCGAGACCTC-1,0.030239,0.453913,0.133925,0.381923
CTGACTGCGCAGCTCG-1,0.000166,0.046654,0.713969,0.239211
CTGAGCAAGTAACAAG-1,0.000689,0.267496,0.465742,0.266073
CTGATAGTGTATCTCA-1,0.000028,0.265371,0.583511,0.151091
CTGATCCCTTTATGCA-1,0.000137,0.14111,0.549625,0.309128
CTGCAAATGGGCTCCA-1,0.004552,0.213116,0.5625,0.219832
CTGCACAACTACATAT-1,0.000187,0.041693,0.322523,0.635597
CTGCACCTGGAACCGC-1,0.00479,0.247194,0.156971,0.591045
CTGCACTCCAGTACAG-1,0.011742,0.74144,0.000199,0.246619
CTGCCAAGGTTGGAAG-1,0.034017,0.130526,0.687229,0.148228
CTGCCATGCATCACAT-1,0.013595,0.554892,0.252311,0.179202
CTGCCCACGAAGCGTT-1,0.028761,0.226048,0.722098,0.023092
CTGCCTAGCCACCAAG-1,0.033279,0.239916,0.527147,0.199658
CTGCCTTTAATACCTT-1,0.012601,0.000318,0.222544,0.764537
CTGCGACCTCGCCGAA-1,0.000323,0.000968,0.310293,0.688416
CTGCGATTTCGAGATT-1,0.000244,0.000731,0.531431,0.467595
CTGCGGGTGAAATGTT-1,0.000015,0.453026,0.28957,0.257388
CTGCGGTAGTCACGTG-1,0.038728,0.91866,0.034112,0.0085
CTGCGTTACGATATAA-1,0.061379,0.250551,0.654042,0.034028
CTGCTCTGACGGCAAA-1,0.000101,0.054292,0.05764,0.887966
CTGCTGAGGCCACGAA-1,0.026227,0.008458,0.400418,0.564896
CTGCTTGGCGATAGCT-1,0.000393,0.001178,0.000785,0.997645
CTGGAAATGGATGCTT-1,0.040247,0.242505,0.46483,0.252418
CTGGAAGACACGGTGG-1,0.035737,0.000937,0.000625,0.962701
CTGGACGCAGTCCGGC-1,0.015561,0.406237,0.442088,0.136115
CTGGATTTACACTTGA-1,0.014159,0.19193,0.274039,0.519873
CTGGCATCCGAATGAG-1,0.102746,0.439938,0.153261,0.304054
CTGGCGACATAAGTCC-1,0.13348,0.617922,0.130841,0.117757
CTGGCGCACAGGTCTG-1,0.000085,0.000255,0.282364,0.717296
CTGGCGGGAATAAGTA-1,0.006747,0.340245,0.547869,0.105138
CTGGCTGATTCATCCT-1,0.00016,0.679373,0.122828,0.19764
CTGGCTGGTTGTCAGT-1,0.000229,0.060798,0.008915,0.930058
CTGGGATAAATAATGG-1,0.000887,0.136133,0.044919,0.81806
CTGGGATCGCCCAGAT-1,0.000026,0.004605,0.848614,0.146754
CTGGGCACTAGTCGGA-1,0.075962,0.009861,0.727192,0.186985
CTGGGCCTGCTATATC-1,0.013996,0.485467,0.359123,0.141413
CTGGGCGGCCAAATGT-1,0.056967,0.010311,0.835396,0.097326
CTGGGTAGGCAGTTAA-1,0.000213,0.093756,0.45536,0.450671
CTGGGTTGAGTTAAAG-1,0.027128,0.563419,0.22858,0.180874
CTGGTAACACATAGAA-1,0.000167,0.083765,0.072787,0.843281
CTGGTAACGAGCTCTT-1,0.000035,0.000101,0.693304,0.30656
CTGGTCATTCCAATCC-1,0.04047,0.898486,0.022655,0.03839
CTGGTCCTAACTTGGC-1,0.01167,0.06955,0.874802,0.043978
CTGGTGAATGGGCCTA-1,0.000045,0.345656,0.092501,0.561798
CTGGTTCAACGCATCA-1,0.02747,0.029522,0.907838,0.035171
CTGGTTTCGAGCAAGA-1,0.000102,0.000307,0.09341,0.90618
CTGTACTTCTTAGCAT-1,0.018911,0.068074,0.48466,0.428355
CTGTAGCCATCTCACT-1,0.000161,0.000483,0.416776,0.58258
CTGTAGTGAGGATCGA-1,0.013984,0.010774,0.210881,0.764361
CTGTATGGTGTAGAAA-1,0.000016,0.702364,0.279515,0.018105
CTGTCAAATGGCTCGG-1,0.070436,0.472051,0.372445,0.085069
CTGTCACGCCAGGCGC-1,0.030425,0.670512,0.274043,0.025019
CTGTCCTGCGCACTAC-1,0.000256,0.759523,0.000511,0.239711
CTGTGCAGGGTAGGTC-1,0.06363,0.169141,0.075788,0.691441
CTGTGGTCGGGAGATA-1,0.000513,0.001539,0.001026,0.996921
CTGTTACCCAATCTAG-1,0.000155,0.358179,0.000078,0.641588
CTGTTCACTGCCTGTG-1,0.044015,0.506025,0.201176,0.248784
CTGTTCATCTCACGGG-1,0.000034,0.139707,0.788936,0.071323
CTGTTGTTCAGTCGTA-1,0.001679,0.753576,0.031857,0.212888
CTTAACTTCGAAGTAC-1,0.019437,0.088031,0.850216,0.042316
CTTAAGCAGCGAGCCG-1,0.018954,0.141123,0.423861,0.416062
CTTAATCGACTTAGTA-1,0.000225,0.315726,0.00045,0.683599
CTTACACGGTATTCCA-1,0.08789,0.680032,0.208252,0.023826
CTTACACTGGGAAATA-1,0.002034,0.043166,0.659349,0.295451
CTTACATAGATTTCTT-1,0.000225,0.359377,0.00045,0.639948
CTTAGATGTTTCATCC-1,0.000116,0.434529,0.000232,0.565123
CTTAGCCCGGATAGTG-1,0.000139,0.749344,0.246757,0.003761
CTTAGCCTTCCACATG-1,0.18966,0.082065,0.606182,0.122093
CTTAGGTATAGACCAG-1,0.001803,0.475931,0.149616,0.372649
CTTAGTAGGCCTACAG-1,0.000084,0.000252,0.667141,0.332523
CTTAGTGTAGTAGCAT-1,0.83019,0.000338,0.000225,0.169246
CTTAGTTGAGGAATCG-1,0.000049,0.507469,0.053792,0.438691
CTTATGCGCTCAGGGC-1,0.020807,0.222263,0.578397,0.178533
CTTATGTTGACTACCA-1,0.000265,0.505856,0.493348,0.000531
CTTCAACTCCACTTGG-1,0.000493,0.001479,0.000986,0.997042
CTTCACGCCCTGGTAC-1,0.000502,0.262457,0.113133,0.623908
CTTCAGTGGTCGCCTA-1,0.000042,0.158808,0.264558,0.576591
CTTCAGTTGGACAACG-1,0.00033,0.270475,0.211905,0.517291
CTTCATAGCTCAAGAA-1,0.002008,0.712813,0.126554,0.158625
CTTCATCACCAGGGCT-1,0.000513,0.001539,0.209517,0.788431
CTTCATTGTCAGTGGA-1,0.034386,0.277422,0.468476,0.219716
CTTCCGCTCCGTGAAG-1,0.036343,0.528594,0.17002,0.265043
CTTCCTGCATATTTAC-1,0.624676,0.000127,0.121181,0.254016
CTTCGATTGCGCAAGC-1,0.000329,0.000986,0.102443,0.896242
CTTCGTAGATAGGTGA-1,0.000356,0.364639,0.464921,0.170085
CTTCTATGTTGAAGTA-1,0.148833,0.123595,0.084143,0.643429
CTTCTATTAATGCTAG-1,0.000078,0.423757,0.362232,0.213933
CTTCTGGGCGTACCTA-1,0.000083,0.311,0.175186,0.513731
CTTCTTACGTCGTATA-1,0.000036,0.363859,0.588299,0.047805
CTTGACCCGAAAGATA-1,0.000029,0.002573,0.930187,0.067211
CTTGAGTTAGGGTAAT-1,0.367657,0.046435,0.043031,0.542878
CTTGCAACCGCCTCCT-1,0.046622,0.489281,0.307977,0.15612
CTTGCCCAGGCTCTAC-1,0.001233,0.168474,0.397526,0.432767
CTTGGCCAAGCTGGGA-1,0.000261,0.174967,0.267681,0.557091
CTTGTACTTGTTGACT-1,0.000775,0.379837,0.283345,0.336044
CTTGTCAACATTCGAG-1,0.084743,0.320927,0.343295,0.251035
CTTGTGAGTCTTTGAC-1,0.005992,0.966371,0.026684,0.000953
CTTGTGCTCACCGATT-1,0.000049,0.136921,0.595481,0.267548
CTTGTTGCTGAGTCAA-1,0.039672,0.179421,0.310483,0.470424
CTTGTTTATGTAGCCA-1,0.000023,0.581907,0.414893,0.003177
CTTTAACTTTCAAAGG-1,0.014235,0.583855,0.215908,0.186001
CTTTAATATTGGTCGA-1,0.000109,0.999456,0.000218,0.000218
CTTTACCGAATAGTAG-1,0.000818,0.002456,0.390055,0.606672
CTTTAGGAACACTGTT-1,0.009106,0.508451,0.19554,0.286903
CTTTAGTGCTATTATT-1,0.000999,0.435104,0.070165,0.493732
CTTTATCCGACGCATG-1,0.000133,0.141145,0.000265,0.858457
CTTTCTGTGCGGGCTT-1,0.00011,0.68739,0.00022,0.31228
CTTTGAAACATATTCC-1,0.063649,0.017913,0.553049,0.365389
CTTTGACGTCGCTTCT-1,0.00002,0.219017,0.638446,0.142517
CTTTGGCGCTTTATAC-1,0.001671,0.617218,0.369108,0.012002
CTTTGGCTTTAGTAAA-1,0.004034,0.033668,0.887401,0.074897
CTTTGGGATTGTTGCA-1,0.000203,0.002523,0.576324,0.42095
CTTTGTCGAATGCTCC-1,0.016582,0.558292,0.28108,0.144045
GAAACAGATGACCACC-1,0.003024,0.003384,0.038845,0.954747
GAAACAGCCATGCAGT-1,0.031023,0.099859,0.647554,0.221564
GAAACATAGGAAACAG-1,0.000022,0.783299,0.020176,0.196503
GAAACCGAATTACCTT-1,0.030738,0.415227,0.229488,0.324547
GAAACCTATACAAATG-1,0.000072,0.182852,0.001512,0.815563
GAAACTCGTGCGATGC-1,0.000023,0.426803,0.437959,0.135215
GAAACTCTAATGAAGG-1,0.012042,0.426587,0.383794,0.177577
GAAAGAACAGCGTTAT-1,0.005254,0.000239,0.387374,0.607133
GAAAGCAGTGCACTTT-1,0.000089,0.154363,0.134861,0.710687
GAAAGCCCTTTGGACC-1,0.002612,0.056712,0.724448,0.216228
GAAAGTGACTAACTGC-1,0.005637,0.095441,0.684498,0.214424
GAAATACCTGCTGGCT-1,0.033152,0.154717,0.708346,0.103785
GAAATACTAAACGTTT-1,0.001699,0.322548,0.486206,0.189547
GAAATATCACCATCAG-1,0.009116,0.096201,0.615163,0.27952
GAAATCGCGCGCAACT-1,0.022437,0.095175,0.698163,0.184225
GAAATGGCGGTGTTAG-1,0.001575,0.011206,0.540075,0.447144
GAAATTAGCACGGATA-1,0.000988,0.794153,0.112991,0.091868
GAAATTCACATCGCTG-1,0.00205,0.670185,0.278036,0.049729
GAAATTGTCTCTATAA-1,0.00352,0.049464,0.646524,0.300492
GAACAACTGGGATGAA-1,0.000659,0.066693,0.124289,0.808358
GAACACACATCAACCA-1,0.0508,0.848865,0.089889,0.010445
GAACAGATTACTAAAT-1,0.002808,0.083039,0.244515,0.669638
GAACCATCTGGGAGAC-1,0.005129,0.243835,0.74226,0.008776
GAACCCTCTGTGTTCT-1,0.079087,0.000518,0.000345,0.92005
GAACCTCGACCTACAC-1,0.010521,0.323724,0.525392,0.140364
GAACCTTTAACGATCC-1,0.999828,0.000074,0.000049,0.000049
GAACGACCGAATGATA-1,0.003843,0.731008,0.006628,0.258522
GAACGTCTCATGGTCG-1,0.012236,0.227156,0.188234,0.572374
GAACGTTAGGAAGACG-1,0.001501,0.223151,0.746594,0.028755
GAACTGTGGAGAGACA-1,0.000224,0.047752,0.638156,0.313868
GAACTTAGCGCCCGGT-1,0.001511,0.951575,0.015006,0.031908
GAAGAAACGATATTGT-1,0.014093,0.154356,0.631895,0.199656
GAAGAACGGTGCAGGT-1,0.002014,0.093883,0.721597,0.182506
GAAGACTTCAATGCCG-1,0.010523,0.000865,0.930512,0.0581
GAAGCCACTGATTATG-1,0.000107,0.3524,0.026697,0.620796
GAAGCCTGCACATTCC-1,0.00029,0.462292,0.042751,0.494668
GAAGCGTGAGGAATTT-1,0.016761,0.440264,0.129548,0.413427
GAAGCTCGGACCCGTC-1,0.000069,0.113424,0.804761,0.081746
GAAGCTTGCTGACCGC-1,0.000013,0.953127,0.000026,0.046835
GAAGGAGTCGAGTGCG-1,0.000031,0.607175,0.00111,0.391684
GAAGGGTCATTAAGAC-1,0.000082,0.128768,0.033702,0.837448
GAAGTCAGTTGCACTA-1,0.309394,0.074932,0.113266,0.502407
GAAGTCTCCCTAGCGA-1,0.053738,0.00021,0.423953,0.522099
GAAGTGATTTATCGTG-1,0.012229,0.6706,0.09867,0.218501
GAAGTGCTGGATAGCT-1,0.005806,0.58998,0.381229,0.022985
GAAGTTTCCACTCAAT-1,0.031278,0.2498,0.615256,0.103665
GAATAGACGCGACCCA-1,0.070159,0.030202,0.218419,0.68122
GAATAGTGCTCGATTA-1,0.000133,0.147097,0.270924,0.581846
GAATATTCGGAGTCCC-1,0.004819,0.567468,0.348517,0.079196
GAATCGACATGGTCAC-1,0.00003,0.167819,0.477255,0.354896
GAATCGCCGGACACGG-1,0.000034,0.064357,0.920619,0.014991
GAATCTATACTCGGAC-1,0.031559,0.062739,0.82692,0.078782
GAATCTGAACATTCTC-1,0.092345,0.705961,0.141254,0.060439
GAATGCCGAAATGACC-1,0.000008,0.99972,0.000257,0.000015
GAATGCGAATCGGTTC-1,0.00016,0.025671,0.286277,0.687891
GAATGGGCTTATCGAC-1,0.015514,0.366543,0.461215,0.156728
GAATGTATGGCAGGTC-1,0.019693,0.385868,0.445089,0.14935
GAATGTGGTCCGGATT-1,0.000077,0.00023,0.037462,0.962231
GAATGTTGGGTAATCT-1,0.15514,0.726443,0.102436,0.01598
GAATTATAGTGAAAGG-1,0.000552,0.410393,0.173678,0.415377
GAATTCACCCGGGTGT-1,0.000049,0.175229,0.008187,0.816534
GAATTTCTCGCTGCAG-1,0.03773,0.756579,0.179332,0.026359
GACAAACATATGCAGG-1,0.008751,0.6276,0.002407,0.361242
GACAACGACCATTGAA-1,0.120208,0.775653,0.040418,0.063721
GACAACGCAGCTTACG-1,0.010541,0.063523,0.469637,0.456299
GACACAAGGGAAGAAA-1,0.008398,0.158964,0.368989,0.463649
GACACCCAAAGACGCG-1,0.000089,0.052185,0.253086,0.69464
GACACGAGTTAGAGGA-1,0.000025,0.426897,0.45292,0.120158
GACACTGAGTTCAGTG-1,0.230541,0.436464,0.129972,0.203024
GACAGAGGTCTTCAGT-1,0.000179,0.241683,0.090774,0.667365
GACAGATTTCTGGCTC-1,0.006199,0.539964,0.023165,0.430672
GACAGCCAGACCTGAC-1,0.000169,0.53062,0.010442,0.458769
GACAGGCACACACTAT-1,0.004571,0.083264,0.773998,0.138167
GACATCCGTCGAACTG-1,0.000235,0.000732,0.034715,0.964318
GACATCGATTTATAAC-1,0.000095,0.172234,0.235738,0.591934
GACATTTCGCCCAGCC-1,0.01677,0.324101,0.394626,0.264503
GACCACACTTCCCTTT-1,0.000552,0.166111,0.706246,0.127091
GACCAGAGCCCTGTAG-1,0.03851,0.285703,0.486446,0.189341
GACCAGGTCATTCATA-1,0.006347,0.012185,0.95494,0.026528
GACCCAATTATGATAC-1,0.000048,0.384419,0.301052,0.314482
GACCCGTCGCCGGCTA-1,0.009714,0.046998,0.60919,0.334098
GACCGACTGAAGCGTC-1,0.000022,0.249224,0.669034,0.081719
GACCGATTAAATATGT-1,0.000056,0.2991,0.159291,0.541553
GACCGGTGATACTCTC-1,0.000043,0.523256,0.025132,0.451568
GACCGTCAGGTCGTGA-1,0.040554,0.618283,0.136256,0.204907
GACCGTGCTGACGGTG-1,0.085856,0.303046,0.357052,0.254047
GACCGTTACATGCGAC-1,0.000019,0.33919,0.319851,0.340941
GACCTTCCACGTCTAC-1,0.00016,0.582628,0.013066,0.404147
GACGACGATCCGCGTT-1,0.027318,0.707357,0.116623,0.148702
GACGATATCACTGGGT-1,0.00006,0.000181,0.099905,0.899854
GACGCATACCCGTCGG-1,0.001162,0.261465,0.178834,0.558539
GACGCCGTAAAGGCTA-1,0.000176,0.00582,0.028061,0.965944
GACGCCTGTTGCAGGG-1,0.000039,0.394558,0.497665,0.107738
GACGCTTGCTTCTAAA-1,0.15501,0.080356,0.51286,0.251773
GACGGACCGCGTTCCT-1,0.009628,0.113916,0.838813,0.037643
GACGGGTTGGCCCGTA-1,0.000085,0.576963,0.023659,0.399292
GACGGTCAATAGAAGC-1,0.000025,0.000074,0.812948,0.186954
GACGTGTAGGGATTAT-1,0.000111,0.432058,0.547833,0.019998
GACGTTGCTCGGCGGC-1,0.000027,0.706272,0.002575,0.291127
GACTAACACAGCACCT-1,0.110516,0.615896,0.261552,0.012036
GACTAAGATCATGCAC-1,0.01684,0.49308,0.385328,0.104752
GACTAAGTAGGCTCAC-1,0.044315,0.3423,0.52162,0.091765
GACTACAAAGCGGTGG-1,0.000672,0.511034,0.355773,0.13252
GACTACAATTGCTCGT-1,0.038034,0.029881,0.799221,0.132865
GACTAGGCCGTTAGGT-1,0.000596,0.001789,0.047883,0.949732
GACTCACCCACGTGAG-1,0.019713,0.000365,0.670381,0.309541
GACTCCTTCCAATTGA-1,0.001239,0.176399,0.472709,0.349653
GACTCGCGGGAATGAC-1,0.058712,0.12098,0.216233,0.604074
GACTCTAGAGTTCCAA-1,0.004858,0.315728,0.004165,0.675249
GACTGATTGGTCACAA-1,0.061201,0.461872,0.406543,0.070384
GACTGCAAATCGAGCT-1,0.148578,0.063479,0.084874,0.703069
GACTGCACCAGCCCAG-1,0.127999,0.283887,0.173349,0.414765
GACTGCGGCACGTGTA-1,0.000018,0.855014,0.087983,0.056984
GACTGCTGGTGAGAAA-1,0.000046,0.525291,0.038286,0.436376
GACTGGGCGCCGCAAC-1,0.01189,0.720919,0.218219,0.048972
GACTTTCGAGCGGTTC-1,0.000133,0.00458,0.028122,0.967165
GAGAATCTCACGATCA-1,0.029871,0.027321,0.913572,0.029236
GAGACTGATGGGTAGA-1,0.052506,0.193702,0.529497,0.224295
GAGACTTCGCGACCGA-1,0.000263,0.354035,0.000526,0.645176
GAGAGCGCAGTCCCTG-1,0.000054,0.945255,0.049585,0.005106
GAGAGGGCGCGAGGTT-1,0.008662,0.41121,0.308191,0.271937
GAGAGGTGCATTCTGG-1,0.002069,0.152887,0.67902,0.166025
GAGAGTCTCGGGAGAG-1,0.000063,0.000188,0.000126,0.999623
GAGATCGATCTTACTC-1,0.017597,0.278426,0.299327,0.40465
GAGATCTGCTTGGCAT-1,0.007278,0.314492,0.520662,0.157568
GAGATCTGTCACTCCG-1,0.035067,0.186988,0.446105,0.331841
GAGATCTTCCATGACA-1,0.000818,0.283411,0.168749,0.547021
GAGATGGCTTTAATCA-1,0.000163,0.00049,0.003343,0.996004
GAGATGGGAGTCGACA-1,0.000391,0.001174,0.60107,0.397365
GAGCACCTGTGTCCAG-1,0.000792,0.002378,0.001585,0.995245
GAGCATCAACAACTTG-1,0.008706,0.559319,0.018584,0.413392
GAGCATCATCCCTGGG-1,0.000923,0.629827,0.360035,0.009215
GAGCCACGGTAGTAGG-1,0.022975,0.419368,0.490431,0.067226
GAGCCAGCTACCTGTG-1,0.000078,0.939027,0.000157,0.060738
GAGCGAGGGAGTACCG-1,0.000024,0.365596,0.55384,0.08054
GAGCGCGCACGAGTAG-1,0.289223,0.534603,0.042481,0.133693
GAGCGCTGTTAGGTAA-1,0.005222,0.717358,0.153479,0.123941
GAGCGGAATGCGGTGT-1,0.000139,0.000416,0.521241,0.478204
GAGCTAAGGGCATATC-1,0.045843,0.666565,0.056213,0.231379
GAGCTCAACATGAGCG-1,0.00017,0.00051,0.100097,0.899222
GAGCTCTCGGACCTAA-1,0.000023,0.824874,0.121463,0.053641
GAGGAATATCTCTTTG-1,0.015238,0.345349,0.123897,0.515516
GAGGAATGGAGAGGTT-1,0.001391,0.576336,0.377185,0.045088
GAGGAGTAATTCCTAC-1,0.00003,0.562031,0.43788,0.00006
GAGGCCCGACTCCGCA-1,0.001618,0.871379,0.022409,0.104594
GAGGCTATCAAAGTCG-1,0.012489,0.18253,0.715995,0.088986
GAGGGAGTCAGATCGC-1,0.000056,0.1916,0.00777,0.800573
GAGGGCATCGCGTATC-1,0.009042,0.985142,0.005794,0.000022
GAGGGCGCAGCTCTGC-1,0.103899,0.291152,0.376698,0.228251
GAGGGTAGTAACAAAG-1,0.000026,0.473988,0.000311,0.525675
GAGGTACATCCATCTT-1,0.00964,0.000641,0.714508,0.275211
GAGGTACGCGTGTCCC-1,0.016932,0.000292,0.103294,0.879482
GAGGTCCCAAAGATCT-1,0.011284,0.652249,0.23681,0.099656
GAGGTCCGTTCGCTGT-1,0.000154,0.095455,0.342889,0.561502
GAGGTCTTAGTGGGTC-1,0.019789,0.205158,0.757911,0.017141
GAGTAAGGCCACGGGA-1,0.000052,0.114068,0.606513,0.279367
GAGTACGGGTATACAA-1,0.006216,0.202634,0.241862,0.549289
GAGTAGATACTAGTTG-1,0.000202,0.000605,0.059398,0.939795
GAGTATACCCTAATCA-1,0.00002,0.869428,0.003828,0.126724
GAGTATGCCCGCCTTG-1,0.000051,0.429281,0.017866,0.552803
GAGTATGCGCGTGCAT-1,0.048863,0.364203,0.050245,0.536689
GAGTCAGACCAGAATC-1,0.011697,0.782261,0.054503,0.15154
GAGTCCGCTTACCGGA-1,0.011545,0.489739,0.153091,0.345625
GAGTCGACAGACCCTC-1,0.000018,0.515791,0.350917,0.133274
GAGTCTTGTAAAGGAC-1,0.004679,0.452185,0.300398,0.242738
GAGTGTCAACCAGAAA-1,0.887213,0.000121,0.000081,0.112585
GAGTGTGCGGTACCCA-1,0.115528,0.543346,0.272996,0.068131
GAGTTCTGTGGGTGCT-1,0.000035,0.083766,0.143638,0.772561
GAGTTGATGGCAATTT-1,0.049033,0.000198,0.073573,0.877196
GAGTTGTCACCAGTCT-1,0.00009,0.050715,0.5486,0.400595
GATAAATCGGTGGATG-1,0.000028,0.603201,0.194082,0.202688
GATAACTCGCACTGTG-1,0.04977,0.266776,0.419429,0.264024
GATACGATGGGAGTCA-1,0.004227,0.342006,0.246934,0.406833
GATAGAACCCGCTAGG-1,0.000024,0.635368,0.01591,0.348698
GATAGGTAACGTTGAC-1,0.000234,0.575403,0.005578,0.418786
GATAGTGCGAGTAAGT-1,0.000031,0.799799,0.011685,0.188485
GATATCAAGCAGGAGC-1,0.00663,0.5058,0.169436,0.318134
GATATCTCATGCAATA-1,0.603049,0.34663,0.050268,0.000052
GATATGAGACACTAAC-1,0.117506,0.337481,0.292186,0.252828
GATATGCGGTAGCCAA-1,0.00026,0.428039,0.153242,0.418459
GATATGGATTACGCGG-1,0.036673,0.42547,0.466748,0.071109
GATATTGAGATTGGCG-1,0.040783,0.564826,0.01453,0.379861
GATATTTCCTACATGG-1,0.059145,0.164891,0.47576,0.300204
GATCAACATAAAGGGA-1,0.26824,0.299064,0.188782,0.243913
GATCATTCCAAACATT-1,0.218681,0.474393,0.257434,0.049492
GATCCAACCTTTAAAC-1,0.000077,0.424394,0.03321,0.542319
GATCCCTTTATACTGC-1,0.13212,0.429251,0.022423,0.416206
GATCCGGGAATTAACA-1,0.074059,0.062294,0.343326,0.520322
GATCCTAAATCGGGAC-1,0.033707,0.054558,0.45816,0.453575
GATCCTCGACACTGGC-1,0.000075,0.197628,0.080051,0.722246
GATCCTCTTGCGCTTA-1,0.090224,0.512083,0.018757,0.378936
GATCGACACTATCTGA-1,0.010576,0.513955,0.31737,0.158099
GATCGCGGGCTCTCCA-1,0.025123,0.366149,0.588238,0.02049
GATCGCTACCCGATTT-1,0.045283,0.00067,0.303995,0.650052
GATCGCTATATCTCAG-1,0.00003,0.999849,0.00006,0.00006
GATCGCTGTGGTGCGT-1,0.001843,0.366675,0.220453,0.411029
GATCGGATAGAACCAT-1,0.020931,0.335524,0.550852,0.092693
GATCGGTGGCCATAAC-1,0.0216,0.701397,0.099348,0.177654
GATCGTGACTGATATC-1,0.047215,0.005052,0.45643,0.491303
GATCTAACCGTATTCA-1,0.003084,0.312442,0.287807,0.396667
GATCTGCTATCTAAGG-1,0.000156,0.05838,0.000311,0.941153
GATCTTGGAGGGCATA-1,0.000041,0.045345,0.096447,0.858168
GATCTTTGCAGGGTAT-1,0.074183,0.002324,0.695446,0.228047
GATGACAAGTAGGGCA-1,0.001675,0.448209,0.153889,0.396227
GATGAGGAACCTTCGG-1,0.000337,0.015211,0.000673,0.983779
GATGCCAGCAGAAGGC-1,0.00037,0.180871,0.736999,0.08176
GATGCCTTCTGCGGCA-1,0.000046,0.31775,0.164308,0.517896
GATGCGAATGGTATTA-1,0.000064,0.256646,0.703433,0.039857
GATGCGTCCTGCATTC-1,0.024721,0.536149,0.178674,0.260456
GATGCTACAAGCGCCT-1,0.156081,0.659963,0.155451,0.028505
GATGCTACCTTCGATG-1,0.000137,0.653174,0.018317,0.328372
GATGCTGTATTTCATC-1,0.086568,0.323206,0.397731,0.192495
GATGGCGCACACATTA-1,0.000016,0.883217,0.111045,0.005723
GATGGTGCCCTAGGCA-1,0.000499,0.655386,0.245611,0.098504
GATGTAACGAACCACC-1,0.028719,0.143422,0.31504,0.512819
GATGTCCGGATCACAT-1,0.00017,0.00051,0.956823,0.042497
GATGTCGGTCAACTGC-1,0.011452,0.695391,0.102293,0.190864
GATGTGTTGTCACAAG-1,0.016923,0.306355,0.46494,0.211782
GATGTTCAATCCACGA-1,0.101536,0.066776,0.271475,0.560214
GATGTTTGTGCGAGAT-1,0.001702,0.907502,0.077988,0.012808
GATTAACCGAAAGCCC-1,0.00027,0.000811,0.000541,0.998377
GATTACTGAATTTGGG-1,0.093182,0.662647,0.153904,0.090267
GATTAGAAACAAGCGT-1,0.000064,0.804003,0.002517,0.193416
GATTCCCTTGTCGCAG-1,0.091402,0.31446,0.457285,0.136853
GATTCCGCGTTTCCGT-1,0.082195,0.612787,0.272823,0.032194
GATTCCTATACGGCGC-1,0.006059,0.052387,0.736976,0.204578
GATTCGACGGTTCACG-1,0.064705,0.604506,0.000741,0.330048
GATTCTGTTAATGAGT-1,0.00034,0.001021,0.000681,0.997959
GATTGACACTCTGCTC-1,0.006856,0.015247,0.926466,0.051431
GATTGCTCCAGTTGCA-1,0.058446,0.138773,0.418603,0.384179
GATTGGGAAAGGTTGT-1,0.000537,0.001612,0.001075,0.996776
GATTTGCGCTAACACC-1,0.000181,0.005033,0.563435,0.43135
GCAAACCCTACATTAT-1,0.042824,0.001576,0.172648,0.782952
GCAAACCTTGGCCATA-1,0.000469,0.001407,0.000938,0.997186
GCAAACGTAAGCGACC-1,0.005538,0.383927,0.22211,0.388425
GCAAAGGGCGTTAGCC-1,0.032942,0.538624,0.067504,0.36093
GCAAATATTACGCTTT-1,0.018722,0.410408,0.515864,0.055006
GCAAATGAGGACACTT-1,0.019793,0.221933,0.69063,0.067644
GCAACACACTAGAACT-1,0.037932,0.257561,0.488483,0.216024
GCAACCACCAGACCGG-1,0.030266,0.174298,0.771911,0.023525
GCAACCACGGCCGCGT-1,0.034891,0.406652,0.425774,0.132682
GCAAGAATTCCTTGGC-1,0.020633,0.227374,0.471274,0.280719
GCAAGATGTGTTCGCG-1,0.147581,0.604165,0.167386,0.080868
GCAAGCTGGAAACCGC-1,0.006731,0.380473,0.211726,0.401071
GCAAGTGCACAGAGAA-1,0.000031,0.089589,0.87501,0.03537
GCAAGTGTAAAGCATG-1,0.00008,0.014922,0.319704,0.665294
GCACAAACCCTAGATG-1,0.000042,0.106702,0.077947,0.815309
GCACAACCTCGGGCGT-1,0.010199,0.239431,0.41391,0.33646
GCACAAGTGTCGGAAG-1,0.003541,0.040524,0.49446,0.461475
GCACACACTGGTAGCC-1,0.050951,0.262002,0.018611,0.668436
GCACACAGCTATTACC-1,0.000256,0.000767,0.24453,0.754448
GCACACGCCCATGGTC-1,0.000026,0.13946,0.801001,0.059513
GCACAGCACGGGCCGA-1,0.000048,0.000145,0.000097,0.99971
GCACGCCGATTCCCGC-1,0.000464,0.001391,0.080076,0.918069
GCACGCCTACTTAGAT-1,0.000064,0.379451,0.14596,0.474524
GCACTAGTCGCGCTAT-1,0.013296,0.263197,0.525866,0.197641
GCACTCCCACAGTCCC-1,0.502316,0.000087,0.013585,0.484011
GCACTGCCTACCTTTA-1,0.000074,0.463999,0.000148,0.535778
GCACTGTGCAAATGTA-1,0.02235,0.559442,0.317462,0.100747
GCAGACCCAGCACGTA-1,0.000125,0.000376,0.372776,0.626723
GCAGATCCATAAGACT-1,0.000347,0.001041,0.252284,0.746328
GCAGATCCTCGCAAAT-1,0.003029,0.735547,0.133787,0.127636
GCAGATTAGGGATATC-1,0.001856,0.420485,0.213679,0.363979
GCAGCACACAGCCCAG-1,0.02138,0.426037,0.148343,0.40424
GCAGCTGTCAACGCAT-1,0.000194,0.011027,0.440133,0.548646
GCAGGAACTTAGATCT-1,0.067813,0.166622,0.562435,0.20313
GCAGGACTATAGAATA-1,0.061705,0.672593,0.258152,0.00755
GCAGGTAGAGTATGGT-1,0.00278,0.510439,0.242854,0.243927
GCAGTGTGGCTATAGG-1,0.489316,0.000368,0.000245,0.510071
GCATACGAGGTCTTTA-1,0.005565,0.39566,0.271042,0.327733
GCATAGAGCACTCAGG-1,0.018856,0.632381,0.180516,0.168247
GCATCCCTAACTTTGA-1,0.001047,0.029315,0.71565,0.253988
GCATGAGGGACGCGGC-1,0.009482,0.16611,0.441739,0.382669
GCATGGGTACTGACGC-1,0.000015,0.351903,0.639315,0.008767
GCATTCGAAATGAACA-1,0.000146,0.37446,0.582482,0.042912
GCATTGACTTGCGGAA-1,0.012004,0.704386,0.023586,0.260024
GCATTGTAATTCATAT-1,0.026269,0.336075,0.414893,0.222764
GCCAAGAATACTTCTG-1,0.019288,0.139938,0.714789,0.125985
GCCAATAGGGCATCTC-1,0.084262,0.000234,0.448416,0.467087
GCCACAATTTAAGGAC-1,0.000818,0.232498,0.260546,0.506138
GCCACCTTATTCGCGA-1,0.000065,0.514531,0.058876,0.426527
GCCAGGAAAGAACACT-1,0.000044,0.068676,0.044288,0.886992
GCCAGGAGTAACCGAT-1,0.081358,0.160007,0.494271,0.264364
GCCAGGCGTTCGCATG-1,0.081388,0.619292,0.297393,0.001927
GCCATATTGCACACAG-1,0.052331,0.240007,0.158051,0.549611
GCCATCGAGCTGCGTG-1,0.000136,0.280653,0.130442,0.588769
GCCATTAGCCTCAAAC-1,0.017218,0.217727,0.5214,0.243655
GCCCACCAAGGCTGTC-1,0.011935,0.39949,0.470036,0.118539
GCCCAGCGACACAAAG-1,0.000062,0.616347,0.000125,0.383466
GCCCAGTTGGTATGCC-1,0.003377,0.05502,0.524429,0.417175
GCCCATGGGTGCAATG-1,0.000021,0.424602,0.522053,0.053324
GCCCGACTTCTTCCCG-1,0.232144,0.345641,0.005317,0.416898
GCCCGAGAGTCTAAAT-1,0.015566,0.72476,0.098866,0.160809
GCCCGATCTGTGGTCG-1,0.004647,0.000639,0.152424,0.84229
GCCCGATGCCCAGTTC-1,0.000035,0.437785,0.012732,0.549448
GCCCGCGCGTAAACGG-1,0.010266,0.453233,0.121098,0.415403
GCCCGCGCGTTTGACA-1,0.014107,0.455519,0.348285,0.182089
GCCCGTAATACCTTCT-1,0.053337,0.374225,0.256854,0.315584
GCCCGTTCACACAATT-1,0.00009,0.362191,0.000179,0.63754
GCCCTAAGTGCAGGAT-1,0.000226,0.454962,0.000453,0.544358
GCCCTAGCCGTCGCGA-1,0.001623,0.83386,0.020636,0.143881
GCCCTGAGGATGGGCT-1,0.02771,0.075196,0.028803,0.868292
GCCGAAATTCCTACGT-1,0.020237,0.201805,0.724344,0.053614
GCCGACCCACGACTGC-1,0.000183,0.292637,0.185778,0.521402
GCCGATTGGCCAAGCT-1,0.054727,0.870423,0.021765,0.053084
GCCGCATTAGTCCGGC-1,0.001276,0.745589,0.097663,0.155472
GCCGCTAGATACGCAG-1,0.00606,0.549066,0.432879,0.011995
GCCGCTTGTGAGAAAC-1,0.068901,0.028416,0.754191,0.148492
GCCGGAAACACATCTT-1,0.043148,0.509014,0.389754,0.058084
GCCGGGTTAGGGTCGC-1,0.037312,0.347201,0.426125,0.189362
GCCGGTCGTATCTCTC-1,0.00004,0.359018,0.00008,0.640862
GCCGTCGGTTTCGGGC-1,0.279963,0.016132,0.0002,0.703705
GCCTACGTTCTGTGCA-1,0.000209,0.020727,0.313867,0.665197
GCCTAGCGATCTGACC-1,0.001804,0.37486,0.519523,0.103813
GCCTATAGTGTCAGGG-1,0.013492,0.189033,0.250142,0.547334
GCCTATTCCGATATAG-1,0.007197,0.38437,0.353514,0.254919
GCCTATTTGCTACACA-1,0.001223,0.360248,0.573177,0.065351
GCCTCAGGTACCGGTC-1,0.003118,0.490116,0.155341,0.351425
GCCTCATCTGGAAATA-1,0.000182,0.000547,0.311082,0.688189
GCCTCTATACATAGCA-1,0.000245,0.296657,0.04765,0.655447
GCCTGTCCCGGTGCAT-1,0.000185,0.000554,0.019768,0.979493
GCCTTCAGCCCTACCG-1,0.020564,0.55892,0.32464,0.095875
GCCTTTGTCAGTGGAC-1,0.009608,0.232554,0.551142,0.206695
GCGAAACTTAACTGGA-1,0.187532,0.058109,0.303189,0.45117
GCGAAGAATCTGACGG-1,0.115823,0.197682,0.134357,0.552139
GCGAAGCCATACCCGT-1,0.032177,0.283028,0.457814,0.22698
GCGAATGGACTAGCGA-1,0.000474,0.001423,0.000949,0.997154
GCGACATGTAAACATC-1,0.000145,0.029042,0.564708,0.406105
GCGACCCAACCATCTG-1,0.000051,0.579188,0.130779,0.289983
GCGACGATAGTTGTAC-1,0.000098,0.0065,0.383782,0.60962
GCGACGGTAGTCTCCT-1,0.000696,0.010445,0.221184,0.767676
GCGAGGCCCGAGCAGA-1,0.003346,0.019962,0.598502,0.37819
GCGAGTTCTGCAAAGA-1,0.034614,0.574299,0.247594,0.143492
GCGATTCTGGAAGCAG-1,0.076504,0.14092,0.650144,0.132432
GCGATTGTTAACGTTA-1,0.037891,0.232271,0.365457,0.364381
GCGCAAATATATTCAA-1,0.008793,0.570812,0.055719,0.364675
GCGCAAGAGCGCGCTG-1,0.000211,0.000633,0.406724,0.592431
GCGCATCCAGTCAGCA-1,0.019473,0.000154,0.341824,0.638549
GCGCCGTTCCACGATA-1,0.085743,0.469326,0.246144,0.198787
GCGCGATGGGTCAAGT-1,0.008775,0.141397,0.849751,0.000076
GCGCGGTCTAGTAACT-1,0.000252,0.000757,0.23434,0.76465
GCGCGTCATTGGTACA-1,0.072863,0.005882,0.022601,0.898654
GCGCTAAGTATGCATG-1,0.034164,0.360244,0.536924,0.068668
GCGCTAATTGAATAGA-1,0.017617,0.436763,0.314491,0.231129
GCGCTATGCCGAGGCA-1,0.019564,0.140718,0.311945,0.527773
GCGCTGATCCAGACTC-1,0.187975,0.243414,0.384926,0.183686
GCGCTGCTTTGCATTT-1,0.003237,0.042499,0.551957,0.402307
GCGCTTAAATAATTGG-1,0.000117,0.214931,0.000234,0.784717
GCGGACCGCGTTGTGG-1,0.007091,0.103569,0.749317,0.140024
GCGGAGAAACTTCGCA-1,0.014467,0.217492,0.234537,0.533504
GCGGAGAGGGAGAACG-1,0.116309,0.103731,0.471019,0.308941
GCGGCAAAGTATTGCC-1,0.00199,0.466728,0.000049,0.531233
GCGGCTCTGACGTACC-1,0.021987,0.332583,0.29147,0.353961
GCGGCTTTAGCAAGTT-1,0.000076,0.703616,0.018087,0.27822
GCGGGAACCAGGCCCT-1,0.005989,0.078708,0.652178,0.263125
GCGGGCAGACGGGTGA-1,0.000455,0.001366,0.000911,0.997268
GCGGGCGAGCCTTACC-1,0.000194,0.113533,0.386972,0.499301
GCGGTCCCTAGACGCA-1,0.00111,0.023,0.819721,0.156168
GCGGTCTTGCTTTCAC-1,0.000192,0.710956,0.000385,0.288467
GCGGTGAACTGCGCTC-1,0.01656,0.039842,0.565231,0.378367
GCGGTTCCCTATCATG-1,0.019224,0.196281,0.509976,0.274519
GCGTAAATGGCCATAA-1,0.052939,0.000156,0.469004,0.477901
GCGTCCCTAAGACATA-1,0.000125,0.248877,0.477692,0.273307
GCGTCGAAATGTCGGT-1,0.009442,0.00042,0.957002,0.033137
GCGTCGCCAGGGTGAT-1,0.000105,0.000316,0.198154,0.801425
GCGTCGTAACATGGTC-1,0.000198,0.373195,0.002737,0.62387
GCGTCTCTGCATTGGG-1,0.017276,0.490902,0.337293,0.154529
GCGTGGTACTGGGTTA-1,0.008781,0.000232,0.39344,0.597547
GCGTGTATGTCGTATT-1,0.013997,0.819243,0.103417,0.063342
GCGTTATATTTGGAAC-1,0.000019,0.601814,0.248791,0.149376
GCGTTCGGAGACCGGG-1,0.002603,0.011874,0.646024,0.339499
GCTAAACCTGAGGTGA-1,0.002418,0.420976,0.527711,0.048895
GCTAACTGAAGTCTGA-1,0.000265,0.000796,0.000531,0.998408
GCTAAGTAAAGGCGAT-1,0.000029,0.075345,0.869406,0.05522
GCTAAGTAGTTTCTCT-1,0.01009,0.030965,0.519257,0.439688
GCTAATACCGAATGCC-1,0.00084,0.173676,0.507082,0.318401
GCTACAGTACGGACCG-1,0.044718,0.149525,0.581387,0.22437
GCTACGACTTATTGGG-1,0.037914,0.156313,0.292162,0.513611
GCTACTATAGTAGAGT-1,0.000638,0.194091,0.05517,0.750101
GCTACTCGGACGCAGA-1,0.000106,0.000318,0.231012,0.768564
GCTAGACCGTCTACTG-1,0.014925,0.079591,0.303919,0.601565
GCTAGCAGGGAGTGGG-1,0.011469,0.019166,0.755148,0.214217
GCTAGCGATAGGTCTT-1,0.002388,0.464576,0.018688,0.514348
GCTAGCTTGAATAGCT-1,0.000047,0.842067,0.008652,0.149234
GCTAGGCACCACGGAG-1,0.000276,0.017476,0.000553,0.981695
GCTAGTAGAGCTTGTA-1,0.08902,0.122055,0.683409,0.105516
GCTAGTTTCATTGAGG-1,0.003267,0.112873,0.778372,0.105488
GCTATACGTCTCGGAC-1,0.000533,0.325071,0.27881,0.395586
GCTATCATACTCATGG-1,0.000411,0.156049,0.294504,0.549037
GCTATCGCGGCGCAAC-1,0.000049,0.630859,0.201166,0.167926
GCTATGCCAGCTTATG-1,0.000021,0.29568,0.549594,0.154705
GCTCAATCCGTTTATT-1,0.000096,0.000287,0.011366,0.988251
GCTCAATGTAATACCG-1,0.037362,0.138275,0.363405,0.460958
GCTCATTACTGCATGT-1,0.002436,0.12051,0.856849,0.020205
GCTCATTGATCATATC-1,0.000219,0.000656,0.12881,0.870316
GCTCCATGCAAAGCAA-1,0.000024,0.638408,0.008665,0.352902
GCTCCGGACGTTGATA-1,0.110446,0.030944,0.473054,0.385556
GCTCCTGACATACTGG-1,0.000058,0.375628,0.159226,0.465089
GCTCGCGGTTCCGCTC-1,0.002853,0.446842,0.532567,0.017738
GCTCGCTCATGTCCAA-1,0.028803,0.018401,0.197532,0.755264
GCTCGGAATTTAAAGC-1,0.023139,0.093377,0.826914,0.05657
GCTCTAAACCCTGACG-1,0.013039,0.300902,0.361799,0.32426
GCTCTATGTTACGTGC-1,0.093184,0.046547,0.600406,0.259862
GCTCTCGGGTACCGAA-1,0.009483,0.321356,0.39874,0.27042
GCTCTTTCCGCTAGTG-1,0.000116,0.363436,0.074377,0.562071
GCTGAAGGGTTCTTGG-1,0.001086,0.749366,0.079571,0.169977
GCTGAATCTTCCAATC-1,0.000044,0.207213,0.289174,0.503569
GCTGAGGCGTGAGTAT-1,0.085361,0.22957,0.34025,0.344819
GCTGCACGGTTTCTTA-1,0.008434,0.26764,0.242092,0.481834
GCTGCGAAGAATTATT-1,0.000059,0.701236,0.000117,0.298589
GCTGCTAAGTAGTCGA-1,0.000227,0.319289,0.014004,0.666479
GCTGCTACTGCGTAGC-1,0.000646,0.001937,0.598922,0.398496
GCTGCTCTCCGGACAC-1,0.053032,0.657658,0.187889,0.101421
GCTGGCATATTCACCT-1,0.036921,0.240863,0.604122,0.118093
GCTGGCGGCGCATGCT-1,0.052664,0.22467,0.164169,0.558496
GCTGGGAGCGCGTCAA-1,0.004074,0.057525,0.408985,0.529416
GCTGGTTTAGGCCATA-1,0.000049,0.562005,0.109569,0.328377
GCTGTATTACTGGCCC-1,0.011544,0.157764,0.66181,0.168883
GCTGTCTGTGATCGAC-1,0.001865,0.040209,0.67777,0.280156
GCTGTTGCTACCGAAC-1,0.067039,0.040219,0.179148,0.713593
GCTTAATGTAACTAAC-1,0.000095,0.444874,0.000189,0.554842
GCTTATGAAGCAGGAA-1,0.051256,0.544248,0.11136,0.293136
GCTTCCGTCCCTAGAC-1,0.058508,0.706414,0.181046,0.054032
GCTTCGACGTTCAATC-1,0.008835,0.320858,0.12484,0.545467
GCTTGATGATAATCAG-1,0.006655,0.202219,0.630918,0.160208
GCTTGGATCGATTAGG-1,0.006312,0.000454,0.13543,0.857804
GCTTTATTAAGTTACC-1,0.000375,0.165709,0.000754,0.833162
GCTTTCAGAGGAGGTG-1,0.00011,0.043738,0.40035,0.555802
GGAAACAGAGCTTGGG-1,0.000227,0.329016,0.203984,0.466773
GGAAAGGGAATTGAGC-1,0.000163,0.24924,0.051032,0.699565
GGAAAGTCTTGATTGT-1,0.000298,0.000895,0.000596,0.998211
GGAAAGTGCCCATGCC-1,0.041634,0.244408,0.577633,0.136325
GGAACCGTGTAAATTG-1,0.007076,0.143769,0.299011,0.550143
GGAACCTTGACTCTGC-1,0.004667,0.195168,0.287748,0.512417
GGAACGGCCTGCAGCC-1,0.013158,0.202352,0.77009,0.0144
GGAACTCGTGAATACG-1,0.000097,0.192108,0.190621,0.617174
GGAAGCTCGCTTACAG-1,0.013912,0.352042,0.268548,0.365497
GGAAGGACACCGTATA-1,0.00021,0.000629,0.000419,0.998742
GGAATAACCTCAAGAA-1,0.058294,0.059843,0.737249,0.144614
GGAATGCGCTAGCGTG-1,0.070032,0.42351,0.294256,0.212201
GGACAAGCCATGATCG-1,0.000165,0.198149,0.406151,0.395534
GGACAAGTTGCAGTGA-1,0.003366,0.449956,0.485591,0.061087
GGACACCTCGGTGTTG-1,0.00017,0.00051,0.318196,0.681124
GGACCAACAGGATAAC-1,0.105861,0.465493,0.062485,0.366161
GGACCTCTAGGCCGCC-1,0.000067,0.186062,0.518051,0.29582
GGACGGCTTGCGCAAC-1,0.067924,0.477938,0.41791,0.036228
GGACTCGACAGCGCAT-1,0.000095,0.066915,0.37175,0.561239
GGACTCGTGAGTGGTC-1,0.000046,0.641127,0.11781,0.241017
GGACTCTTTGACTAAG-1,0.000295,0.000886,0.112942,0.885877
GGAGAAGTCATTGGCA-1,0.0194,0.241952,0.732851,0.005798
GGAGACCATCTACATA-1,0.006918,0.643451,0.04424,0.30539
GGAGACGACACCTTTG-1,0.028204,0.515952,0.193842,0.262001
GGAGCACCAAGAACTA-1,0.050983,0.336663,0.499789,0.112566
GGAGCGAGGCCTACTT-1,0.14097,0.000211,0.050387,0.808432
GGAGGATTGAAAGGAG-1,0.011253,0.065811,0.387696,0.53524
GGAGGCGAAGAACCGC-1,0.025129,0.070383,0.700212,0.204275
GGAGGGCTTGGTTGGC-1,0.044765,0.39912,0.330258,0.225857
GGAGTGCCGCCCTGGA-1,0.000021,0.323566,0.458755,0.217658
GGATACTCATGAATTG-1,0.003695,0.913853,0.078834,0.003619
GGATCAAAGGACGAGG-1,0.000015,0.894763,0.100083,0.005139
GGATCAGAGCCATCAG-1,0.000015,0.460082,0.499091,0.040813
GGATCATCCCGTACGC-1,0.046078,0.442299,0.388653,0.12297
GGATCCGGAATATACT-1,0.039155,0.730948,0.00584,0.224057
GGATCTACCGTTCGTC-1,0.00008,0.21604,0.040455,0.743425
GGATCTTACTGCCCTT-1,0.00006,0.005174,0.017716,0.977051
GGATCTTGACTCAACC-1,0.340892,0.002085,0.00012,0.656904
GGATGAAGATCGCTGA-1,0.000192,0.001522,0.238358,0.759927
GGATGACGCGAGTTTA-1,0.011967,0.525516,0.382892,0.079625
GGATGCTGGCGTTCCT-1,0.000031,0.195098,0.510865,0.294006
GGATGTCCTTACCGCA-1,0.012693,0.145688,0.2583,0.58332
GGATTAAGCTAAGGTC-1,0.108124,0.660995,0.089951,0.14093
GGATTAATCATGGACC-1,0.00023,0.00069,0.342447,0.656632
GGATTCAGTACGGTGG-1,0.000027,0.726631,0.107168,0.166174
GGATTCCGCTATACCC-1,0.098077,0.450412,0.433586,0.017925
GGATTGCTGTGACTCC-1,0.443186,0.000361,0.000241,0.556212
GGATTTCACTTCTATA-1,0.014881,0.791903,0.00393,0.189286
GGCAAAGGCGCCAATA-1,0.00018,0.01826,0.401479,0.580081
GGCAAATTACTTTACT-1,0.032182,0.330608,0.401928,0.235283
GGCAAGCCCATAGTGG-1,0.007296,0.036455,0.447226,0.509023
GGCAAGGCGAAATAGC-1,0.008705,0.648705,0.050929,0.291661
GGCAATAGTCAATGAG-1,0.023532,0.539745,0.201635,0.235088
GGCACTCCACTGGGCA-1,0.108927,0.171782,0.451952,0.267339
GGCAGAGAGATCGGGA-1,0.000405,0.883747,0.109133,0.006715
GGCAGCGGTAATCCTA-1,0.004223,0.14654,0.770595,0.078642
GGCATACAGGTAGCGG-1,0.008962,0.622094,0.229722,0.139221
GGCATATCGGTTCTGC-1,0.068459,0.2647,0.540167,0.126675
GGCATCAACGAGCACG-1,0.002883,0.223508,0.65346,0.120149
GGCATTGAACATCTCA-1,0.000241,0.195465,0.415273,0.389021
GGCCACAAGCGATGGC-1,0.00313,0.355257,0.524738,0.116875
GGCCCAGCTGGTTTGC-1,0.000209,0.000627,0.000418,0.998746
GGCCCTCACCCACTTA-1,0.012015,0.288097,0.228013,0.471875
GGCCGAGACTCTGGTG-1,0.010458,0.105562,0.41409,0.46989
GGCCGGCGTCTGCTAT-1,0.222958,0.000717,0.000478,0.775847
GGCCGTTTGGGTTTCA-1,0.000101,0.109067,0.344387,0.546446
GGCCTGCTCTGATGTT-1,0.000047,0.323134,0.003135,0.673684
GGCCTTTGCAACTGGC-1,0.005553,0.316392,0.640758,0.037298
GGCGAAATCTAACTTG-1,0.000253,0.361978,0.348217,0.289551
GGCGAGCGAAACGGCA-1,0.003041,0.218351,0.513535,0.265074
GGCGCAGGACATCTTC-1,0.016619,0.546553,0.310726,0.126102
GGCGCATGAATTGATG-1,0.063315,0.714023,0.141012,0.08165
GGCGCGGAGATCTTTC-1,0.000098,0.000293,0.000195,0.999414
GGCGCGTTCGAGTTTA-1,0.036409,0.487334,0.026275,0.449981
GGCGCTTCATTCCCTG-1,0.175626,0.00019,0.074642,0.749542
GGCGGAGTAATATTAG-1,0.010481,0.074517,0.571688,0.343314
GGCGGTAGGATCATTG-1,0.032027,0.025113,0.496639,0.446221
GGCGTACCCTATATAA-1,0.01974,0.48164,0.377061,0.121559
GGCGTAGGGAAAGCTG-1,0.944055,0.000105,0.00007,0.05577
GGCGTCCTATCCGCTG-1,0.001206,0.280778,0.495346,0.22267
GGCTAAAGGGCGGGTC-1,0.081941,0.412801,0.365052,0.140207
GGCTACTATACACTCC-1,0.00005,0.739782,0.000979,0.259189
GGCTATTAAGTTGTAT-1,0.079487,0.133687,0.674816,0.112011
GGCTCCTCCACCTGTT-1,0.000069,0.636926,0.000138,0.362867
GGCTCGCGTTGAGGTA-1,0.039339,0.724859,0.12491,0.110892
GGCTCGTGCCACCAGC-1,0.028857,0.487845,0.060308,0.422989
GGCTCTGCTCCAACGC-1,0.094655,0.603191,0.212575,0.089579
GGCTGAAATAGCAAAG-1,0.028403,0.30167,0.350649,0.319277
GGCTGAGCATCGTAAG-1,0.036112,0.085909,0.675599,0.202381
GGCTGGCAATCCCACG-1,0.000444,0.001332,0.120083,0.878141
GGCTGTCCTACTGCGG-1,0.00009,0.404788,0.122423,0.472699
GGCTTCTCGTGGGTGG-1,0.000707,0.002122,0.001415,0.995755
GGCTTTCAATAAGGGT-1,0.000158,0.023826,0.315928,0.660088
GGGAACGGGAGGTTAG-1,0.066806,0.527163,0.165416,0.240614
GGGAACGGTTTCAGAT-1,0.000046,0.605548,0.016435,0.377971
GGGAAGACGGTCTGTC-1,0.000275,0.000826,0.00055,0.998349
GGGAAGGGCTTTCTCA-1,0.000291,0.730996,0.000582,0.26813
GGGACAGAGTTACTCC-1,0.014728,0.509355,0.355646,0.120272
GGGACCCGTATATCTT-1,0.000039,0.688389,0.001494,0.310078
GGGACTGCATAGATAG-1,0.000837,0.388519,0.339787,0.270857
GGGAGAACTCACAGTA-1,0.046739,0.296556,0.501894,0.154811
GGGAGCGACCGTAGTG-1,0.085294,0.288116,0.192872,0.433718
GGGAGGATGCCCGAAA-1,0.076638,0.10335,0.574078,0.245934
GGGAGTAATGGCTGGC-1,0.038221,0.931832,0.025152,0.004795
GGGAGTTAATGAGGCG-1,0.058124,0.477578,0.41639,0.047907
GGGATATTGATCGCCA-1,0.004943,0.549089,0.108137,0.337831
GGGATGGACCCGCGTC-1,0.001599,0.350706,0.191751,0.455944
GGGATGGTCGTAACCG-1,0.003107,0.326147,0.546828,0.123918
GGGATTTACCGCACCT-1,0.000052,0.779937,0.000105,0.219906
GGGCAACCGCACGTGC-1,0.012773,0.784504,0.053698,0.149025
GGGCACGTAGTACTGT-1,0.000071,0.071196,0.471754,0.456979
GGGCACTATTGACCAT-1,0.064447,0.488207,0.057609,0.389737
GGGCAGACGTCACTGC-1,0.013627,0.299091,0.386025,0.301257
GGGCAGAGCAATCGTT-1,0.00017,0.094802,0.420909,0.484118
GGGCAGGATTTCTGTG-1,0.000059,0.470779,0.041999,0.487162
GGGCAGTCAACGCCAA-1,0.000121,0.000362,0.426297,0.573221
GGGCATGCATGTCGAG-1,0.010763,0.20681,0.026682,0.755746
GGGCCATTCGTGCTGG-1,0.014424,0.249477,0.437335,0.298764
GGGCCCGTCTTAAACA-1,0.043431,0.307005,0.197409,0.452155
GGGCCCTACGAAAGGG-1,0.005243,0.040866,0.282685,0.671206
GGGCCCTTATCTATAC-1,0.008043,0.053927,0.860633,0.077397
GGGCCGGCCGAAGTAC-1,0.019311,0.651414,0.002263,0.327012
GGGCCTAAATGGGCTA-1,0.00805,0.73173,0.130912,0.129309
GGGCGATATGTGTGAA-1,0.047766,0.084131,0.686668,0.181434
GGGCGATCCATAGGCC-1,0.013296,0.145515,0.49943,0.341759
GGGCGGCAAATGAATT-1,0.000081,0.003638,0.656328,0.339953
GGGCGGGTTCCCTACG-1,0.000068,0.000205,0.597537,0.40219
GGGCGGTCCTATTGTC-1,0.000027,0.946047,0.053871,0.000055
GGGCGTACATTTATAT-1,0.000194,0.222744,0.566413,0.21065
GGGCGTCACCACGTAA-1,0.035197,0.155433,0.302641,0.506729
GGGCGTCCACTGGCTC-1,0.060126,0.427347,0.222198,0.290329
GGGCGTGGTTTCCCAG-1,0.873179,0.000261,0.000174,0.126386
GGGCGTTTACATTCAT-1,0.000051,0.709716,0.013949,0.276284
GGGCTACTATTTCGTG-1,0.004894,0.662288,0.094917,0.237901
GGGCTATGATCGATGG-1,0.006079,0.291736,0.150771,0.551413
GGGCTCATCGAACCCA-1,0.041394,0.3683,0.517226,0.073081
GGGCTGCCTAGGGCGA-1,0.025213,0.357541,0.187496,0.429749
GGGCTGGTTAGTCGCG-1,0.076852,0.560116,0.083758,0.279274
GGGTACCCACGGTCCT-1,0.013691,0.226366,0.718215,0.041728
GGGTACTTCATGAACT-1,0.066283,0.437758,0.433609,0.062351
GGGTATGTATGCACTT-1,0.000026,0.458503,0.275795,0.265675
GGGTATTCTAGCAAAC-1,0.019049,0.320638,0.178394,0.48192
GGGTCACCGTGACGGT-1,0.005383,0.344116,0.46825,0.182251
GGGTCACGTGCTTATG-1,0.000024,0.000071,0.871426,0.12848
GGGTCAGGAGCTAGAT-1,0.000091,0.042425,0.244317,0.713167
GGGTCATGCGTACCAT-1,0.015171,0.581473,0.376243,0.027113
GGGTCCTTGGAAGAAG-1,0.000022,0.767867,0.000044,0.232068
GGGTGACACCTTAACT-1,0.024771,0.597171,0.09488,0.283178
GGGTGGTCCAGCCTGT-1,0.071795,0.111368,0.427039,0.389798
GGGTGTTTCAGCTATG-1,0.024293,0.084211,0.817071,0.074424
GGGTTAACATTTGAGT-1,0.000073,0.590688,0.162252,0.246986
GGGTTCAGACGAACAA-1,0.064576,0.602525,0.112362,0.220536
GGTAAATGTGCGTTAC-1,0.0274,0.159105,0.673255,0.14024
GGTAACCGGGAGGATA-1,0.042214,0.050279,0.427261,0.480246
GGTAACTATGTATCTG-1,0.023571,0.689982,0.284011,0.002436
GGTACAAACATGCTAT-1,0.012852,0.745733,0.208516,0.032899
GGTACATCTGGGACGA-1,0.000121,0.147513,0.633014,0.219352
GGTAGAAGACCGCCTG-1,0.00027,0.00081,0.302465,0.696456
GGTAGACCGTTGGGCG-1,0.000112,0.573811,0.058905,0.367172
GGTAGGCCAATATCAC-1,0.000048,0.65384,0.000096,0.346016
GGTAGTGCTCGCACCA-1,0.086928,0.322917,0.550042,0.040113
GGTATTGCCGAGTTTA-1,0.113711,0.578598,0.231959,0.075732
GGTCACGTTAGATTCA-1,0.121994,0.527611,0.343466,0.006928
GGTCAGTGGGTCCCAC-1,0.000097,0.253393,0.489795,0.256715
GGTCCACGTCTATTTG-1,0.000058,0.760813,0.000117,0.239012
GGTCCCATAACATAGA-1,0.006889,0.003649,0.500761,0.488701
GGTCGGATAAACGGCG-1,0.00271,0.000107,0.74087,0.256312
GGTCGGCCAGGAGCTT-1,0.073255,0.551261,0.252191,0.123293
GGTCGGTAATTAGACA-1,0.057232,0.543327,0.33836,0.061081
GGTCGGTCGTCCACAG-1,0.017171,0.316577,0.390945,0.275307
GGTCGTAAGCTCGCAC-1,0.018801,0.263165,0.473199,0.244836
GGTCTCTGAATGGACT-1,0.018746,0.132055,0.297887,0.551312
GGTCTGAGAATCTGGA-1,0.030658,0.533854,0.311649,0.123838
GGTCTTGAGCGCTCTT-1,0.000068,0.193013,0.167817,0.639102
GGTGAAACCGGGAATG-1,0.007164,0.556016,0.360078,0.076742
GGTGAAGTACAGGGAT-1,0.007734,0.361176,0.135406,0.495684
GGTGAGATGCAGATAA-1,0.102744,0.272047,0.530059,0.09515
GGTGATAAGGAGCAGT-1,0.091071,0.595221,0.265249,0.04846
GGTGATTTCATCTTGT-1,0.002878,0.878315,0.104838,0.013969
GGTGCAGAGCCTATCG-1,0.103001,0.163381,0.695331,0.038287
GGTGCATAAATGATTA-1,0.000106,0.005338,0.318733,0.675823
GGTGCGGATAAGTGGC-1,0.00135,0.203201,0.577578,0.21787
GGTGCTGATCACAAAG-1,0.007052,0.112281,0.639209,0.241458
GGTGCTGGTACACATT-1,0.576849,0.003122,0.080871,0.339158
GGTGGACCACGTGTTA-1,0.152588,0.469784,0.269979,0.107648
GGTGGACTGCTCTGGC-1,0.000696,0.002087,0.001391,0.995826
GGTGGGATTAGGTCCC-1,0.000331,0.125871,0.282513,0.591285
GGTGTAAATCGATTGT-1,0.000115,0.037943,0.344095,0.617847
GGTGTAGGTAAGTAAA-1,0.000182,0.106823,0.410589,0.482405
GGTGTTCTGTTTCTAC-1,0.203146,0.08506,0.497325,0.214469
GGTTACCACCCTCGGG-1,0.005432,0.54909,0.03086,0.414618
GGTTACCGCTCCCTAC-1,0.00013,0.676703,0.000261,0.322906
GGTTAGCTATATGTCT-1,0.005764,0.599274,0.000263,0.394699
GGTTAGGCTTGGAGAA-1,0.002632,0.003873,0.868567,0.124928
GGTTAGGGATGCTAAT-1,0.000055,0.424405,0.115454,0.460085
GGTTAGTTACGGCGCC-1,0.000027,0.189473,0.489854,0.320646
GGTTCCACCCGCTTCT-1,0.00616,0.083361,0.764481,0.145998
GGTTCCGTACGACTAA-1,0.000049,0.350254,0.023474,0.626223
GGTTCGGATTATACTA-1,0.079932,0.211152,0.516923,0.191993
GGTTCTACTCGTCTGA-1,0.000074,0.000221,0.48215,0.517555
GGTTGTATCGTGAAAT-1,0.001773,0.522907,0.47202,0.003301
GGTTGTGTAGCCTGGC-1,0.03504,0.489366,0.390403,0.085191
GGTTTAATTACCATCG-1,0.056296,0.546257,0.074386,0.323061
GGTTTACAATCTCAAT-1,0.088006,0.296273,0.503549,0.112173
GGTTTCAATCGGTCAG-1,0.073515,0.544601,0.282249,0.099635
GGTTTGAGTGCTGGAA-1,0.002026,0.611115,0.165601,0.221257
GTAACAGGTTAACGGC-1,0.000039,0.692916,0.000077,0.306968
GTAACTACGTAGACCT-1,0.021144,0.46826,0.20404,0.306556
GTAACTGCCCAAGGAG-1,0.000064,0.163273,0.203095,0.633568
GTAACTTGCGGCAGTC-1,0.001802,0.331459,0.638015,0.028724
GTAAGCGGGCAGTCAG-1,0.005845,0.503564,0.151671,0.338919
GTAAGGATTTGTCGGA-1,0.011358,0.378492,0.455742,0.154407
GTAAGTAACAGTCTGG-1,0.115219,0.521621,0.110068,0.253092
GTAAGTAGGGTATACC-1,0.000536,0.212205,0.571856,0.215403
GTAATCTGATTCTTCG-1,0.000097,0.74734,0.039565,0.212998
GTACACTTACCTGAAG-1,0.033902,0.441412,0.304815,0.219871
GTACAGAGGCAAGGGT-1,0.010293,0.426744,0.449914,0.113049
GTACGAGATTGCGACA-1,0.035521,0.586013,0.349678,0.028788
GTACGCTTCATTGCAC-1,0.042952,0.205307,0.245119,0.506622
GTACGTTTGCCCGTCA-1,0.006821,0.744296,0.145423,0.103459
GTACTAAGATTTGGAG-1,0.006747,0.333393,0.209322,0.450538
GTACTACGGCCTCGTT-1,0.000715,0.002146,0.21398,0.783159
GTACTCCCTTATCGCT-1,0.015558,0.560597,0.311585,0.11226
GTACTCCTGGGTATGC-1,0.3118,0.133669,0.376143,0.178389
GTACTGAGGTCGTAAC-1,0.001951,0.272236,0.712396,0.013418
GTACTGCATGAAGCGT-1,0.001709,0.941084,0.057167,0.00004
GTACTGGAGTTAGACC-1,0.107559,0.432063,0.356746,0.103632
GTACTTGGGCACTTCT-1,0.005934,0.231432,0.721384,0.041251
GTAGAAACGGGTGGAG-1,0.000426,0.79915,0.191496,0.008927
GTAGACAACCGATGAA-1,0.003554,0.902407,0.038516,0.055524
GTAGACACGCCTGACT-1,0.000454,0.063446,0.092771,0.843329
GTAGACGTCGTTACAT-1,0.021344,0.228967,0.695258,0.05443
GTAGAGGGAGACAAGT-1,0.019954,0.447442,0.120762,0.411842
GTAGCCAAACATGGGA-1,0.018242,0.441948,0.043223,0.496587
GTAGCGCTGTTGTAGT-1,0.002617,0.820331,0.148297,0.028756
GTAGCGGCTATACACT-1,0.055812,0.333406,0.145435,0.465347
GTAGCTAGTAAGCGCG-1,0.00465,0.245436,0.742775,0.00714
GTAGCTCCGGGAGGCT-1,0.013456,0.590447,0.092335,0.303762
GTAGCTTCCTCTTGTT-1,0.000051,0.184174,0.46759,0.348186
GTAGGTGATCCGTGTA-1,0.016444,0.413097,0.501992,0.068467
GTAGTCGCGGGAATCA-1,0.000497,0.001491,0.285454,0.712558
GTAGTCTACGATATTG-1,0.906624,0.000175,0.000117,0.093084
GTAGTTCGAAGGCGAA-1,0.000082,0.116878,0.138274,0.744767
GTAGTTTAAGCACACG-1,0.000133,0.287799,0.374791,0.337278
GTATAGGACTCAGTAG-1,0.012529,0.006314,0.956658,0.024498
GTATAGTGGCCCATGT-1,0.078005,0.173565,0.523245,0.225185
GTATCAAGGTACTTCC-1,0.000261,0.237673,0.000523,0.761543
GTATCAGCTTGGGTTC-1,0.03579,0.180997,0.578269,0.204943
GTATCTCAGTCTTGAC-1,0.055496,0.449248,0.255644,0.239612
GTATCTCCCTAACTGT-1,0.012539,0.098947,0.856786,0.031727
GTATCTCGGGCGCTTT-1,0.000026,0.718713,0.006384,0.274877
GTATCTTGTTGCTCAC-1,0.008191,0.04218,0.946887,0.002742
GTATCTTTCATAACCA-1,0.000032,0.806613,0.062619,0.130736
GTATGAAATTTCACTC-1,0.000046,0.098224,0.219717,0.682013
GTATGTGGGTCTAGTT-1,0.050803,0.00389,0.345695,0.599612
GTATTAAGGCGTCTAA-1,0.000039,0.592786,0.349887,0.057287
GTATTCTGAGAAACGA-1,0.016112,0.53554,0.186863,0.261484
GTCAAAGAAGTGGTGT-1,0.000047,0.166259,0.608386,0.225308
GTCAAAGTTTACATAG-1,0.002353,0.035951,0.940263,0.021432
GTCAAGCGGACTCGGG-1,0.000026,0.518594,0.002165,0.479216
GTCAATTGTACTGAAG-1,0.000032,0.028441,0.707805,0.263723
GTCACAAAGTTTCCAA-1,0.004269,0.393358,0.368606,0.233767
GTCACCTGTCTATGTC-1,0.006588,0.415758,0.529758,0.047897
GTCACTCATGAGCGAT-1,0.003509,0.210292,0.330603,0.455596
GTCACTCTCCAAATCT-1,0.005062,0.2472,0.690059,0.057679
GTCAGAATAGTCTATG-1,0.024899,0.20828,0.567869,0.198952
GTCAGTTGTGCTCGTT-1,0.010846,0.077588,0.72144,0.190126
GTCAGTTTGGTAGTCG-1,0.019992,0.838195,0.141752,0.000062
GTCATCCCAAACTCAC-1,0.000066,0.148567,0.177026,0.674341
GTCATGCACCTCCGTT-1,0.023433,0.028444,0.70024,0.247882
GTCATGGACATGACTA-1,0.017049,0.66468,0.1698,0.14847
GTCATTAGAGCGAACG-1,0.08991,0.563658,0.212316,0.134116
GTCATTGCATTGACCC-1,0.000019,0.77377,0.156649,0.069562
GTCCAATATTTAGCCT-1,0.000195,0.203461,0.26996,0.526384
GTCCAGGCACGTGTGC-1,0.000074,0.305185,0.078323,0.616418
GTCCCAACGTAAAGTA-1,0.026029,0.188385,0.464346,0.32124
GTCCCAATCATCCCGC-1,0.008779,0.369525,0.417377,0.204319
GTCCCGCGACGTTATG-1,0.300081,0.055811,0.221239,0.422869
GTCCGAGAGCAATCAT-1,0.007017,0.634155,0.34344,0.015389
GTCCGGACCTGAAATT-1,0.000567,0.0017,0.0684,0.929334
GTCCGGCTGAATTGCG-1,0.040696,0.027148,0.83361,0.098547
GTCCGGGTTCACATTA-1,0.094639,0.00071,0.09449,0.810162
GTCCGTTAGAGGGCCT-1,0.000471,0.001412,0.000942,0.997175
GTCCTACGAATAGTCT-1,0.000469,0.001407,0.408051,0.590074
GTCCTACTCTACGGGC-1,0.000034,0.314902,0.601163,0.083901
GTCCTAGGATACCTTA-1,0.000024,0.750098,0.126516,0.123362
GTCCTATTGTTGTGGT-1,0.016342,0.57368,0.38959,0.020388
GTCCTTCTAGTGGGTT-1,0.020824,0.294524,0.563627,0.121025
GTCCTTTAATGACTTC-1,0.375365,0.499984,0.043903,0.080748
GTCGAATTTGGGCGCT-1,0.000067,0.289797,0.344705,0.365431
GTCGCCGTTGTGTGTT-1,0.004473,0.000284,0.203939,0.791304
GTCGCGTAACCCGTTG-1,0.019811,0.190337,0.673686,0.116165
GTCGGATATCTCAGAC-1,0.001129,0.680518,0.232988,0.085365
GTCGGATGTAGCGCGC-1,0.015165,0.549486,0.397856,0.037493
GTCGGGAACATGGTAG-1,0.005012,0.278688,0.625004,0.091295
GTCGGGAAGCAGAAAC-1,0.007434,0.065905,0.471428,0.455233
GTCGTACCATCTCGGG-1,0.003534,0.55859,0.046039,0.391836
GTCGTACCTACGATTG-1,0.013549,0.109023,0.637047,0.240381
GTCGTATTGGCGTACA-1,0.147316,0.691315,0.133328,0.028041
GTCGTCAATTATAAGG-1,0.000023,0.154736,0.491526,0.353714
GTCGTTATTCGCTTAT-1,0.00048,0.061514,0.287761,0.650245
GTCTACTCAATTACAA-1,0.000029,0.035317,0.866333,0.09832
GTCTATACACGCATGG-1,0.000069,0.732568,0.001408,0.265956
GTCTATCTGAGTTTCT-1,0.011675,0.250778,0.170748,0.5668
GTCTATTGGTTCCGGT-1,0.000065,0.999677,0.000129,0.000129
GTCTCAAGGCCCGGCT-1,0.000232,0.000696,0.441489,0.557583
GTCTCCGCCTCAATAC-1,0.000324,0.008131,0.238289,0.753256
GTCTCCTGCCAGTATG-1,0.002232,0.666817,0.151973,0.178978
GTCTCGATCTGCTTTC-1,0.105925,0.700617,0.182404,0.011054
GTCTCGCCAACACGCC-1,0.049421,0.247305,0.609593,0.093681
GTCTGCCGACTCGACG-1,0.000409,0.001228,0.000819,0.997545
GTCTGGGCGGTCGAGA-1,0.013449,0.336843,0.472764,0.176943
GTCTGTAGGTTGAACA-1,0.000229,0.009137,0.051003,0.93963
GTCTTAGTACAGCCGG-1,0.093316,0.372427,0.320425,0.213832
GTGAAACGGCGCCACC-1,0.030952,0.165656,0.190737,0.612655
GTGAAACGTGCTCCAC-1,0.008487,0.433826,0.552665,0.005022
GTGAAGATTTCAAGTG-1,0.066401,0.112664,0.479843,0.341092
GTGAAGTCACGACTCG-1,0.011404,0.074245,0.666338,0.248014
GTGACAGCTTCCCACT-1,0.000397,0.109156,0.000795,0.889651
GTGACCGCACACTACG-1,0.021213,0.050929,0.118428,0.80943
GTGACGCAGGTTTCAT-1,0.000426,0.001278,0.037372,0.960924
GTGACTTCAGTAGTGC-1,0.019364,0.340459,0.371898,0.268279
GTGAGATAACCTTATA-1,0.653447,0.000249,0.000085,0.346219
GTGAGCGTGCTGCACT-1,0.000685,0.096549,0.605833,0.296932
GTGAGGACACTTAAGG-1,0.073174,0.115804,0.428007,0.383015
GTGAGGAGCGGTTGAG-1,0.113623,0.16915,0.613567,0.103659
GTGAGTCTAAGACGGA-1,0.080058,0.761805,0.086226,0.071911
GTGAGTGGTACAACGC-1,0.000272,0.130427,0.252133,0.617168
GTGATCAAGCGTGCAC-1,0.000136,0.142353,0.377722,0.47979
GTGATCACTAACGCCT-1,0.000212,0.000635,0.400826,0.598328
GTGATCATAGATCTGC-1,0.000564,0.363919,0.331047,0.30447
GTGATCCTTGTCATGA-1,0.398091,0.000393,0.000262,0.601253
GTGATGCACAACATCT-1,0.015364,0.371627,0.518185,0.094824
GTGATTCGCCGCTCAA-1,0.000044,0.398738,0.3048,0.296418
GTGCAACAAATGTGGC-1,0.000024,0.505899,0.373838,0.12024
GTGCACCAGCTTCAAC-1,0.000128,0.000384,0.224414,0.775074
GTGCACGAAAGTGACT-1,0.072894,0.664731,0.250354,0.012021
GTGCCAAACGTTTCGA-1,0.000051,0.322217,0.289595,0.388137
GTGCCATCACACGGTG-1,0.01654,0.401354,0.412986,0.169121
GTGCCCGTTCGGATTC-1,0.008115,0.217296,0.192826,0.581763
GTGCCGCTTCAAAGGT-1,0.197211,0.043412,0.024757,0.734621
GTGCCTCAGTGTACGG-1,0.034075,0.396035,0.494804,0.075086
GTGCCTGAGACCAAAC-1,0.000174,0.000522,0.565315,0.433989
GTGCGAAATCGAACAC-1,0.035915,0.549635,0.207904,0.206546
GTGCGACAGGGAGTGT-1,0.000197,0.000593,0.339208,0.660002
GTGCGCTTACAAATGA-1,0.002135,0.421524,0.362348,0.213993
GTGCGGGACCATCGGC-1,0.00004,0.000119,0.999762,0.000079
GTGCGGGTCTCCAAAT-1,0.030408,0.157812,0.652115,0.159664
GTGCGTGTATATGAGC-1,0.000128,0.000383,0.648776,0.350714
GTGCTATCCAGCTGGA-1,0.000295,0.023701,0.023549,0.952455
GTGCTCAAGTACTGTC-1,0.096102,0.271782,0.265702,0.366415
GTGCTGCAGATAAGGA-1,0.011451,0.225122,0.59513,0.168296
GTGCTGTTAGAACATA-1,0.000203,0.29988,0.000407,0.699511
GTGGAACCTACATGCG-1,0.039419,0.597963,0.295183,0.067435
GTGGACCAACCCGATT-1,0.013538,0.503999,0.182043,0.30042
GTGGACGCATTTGTCC-1,0.00593,0.789137,0.000335,0.204598
GTGGACGTGCTGAGAC-1,0.001522,0.159102,0.483428,0.355949
GTGGAGCGTTTACCGA-1,0.000064,0.56606,0.117803,0.316073
GTGGAGTCGGCGGTTG-1,0.000078,0.205607,0.460941,0.333374
GTGGCAAACAGCGGCA-1,0.061104,0.124662,0.284733,0.529501
GTGGCCGGTTTCTCGG-1,0.000056,0.123822,0.343702,0.53242
GTGGCGGGCCGTAGCT-1,0.014722,0.52646,0.298772,0.160046
GTGGCGGTCCCAGCGT-1,0.000023,0.332524,0.169629,0.497824
GTGGCGTGCACCAGAG-1,0.000019,0.003347,0.584381,0.412253
GTGGGAACAAACCGGG-1,0.000048,0.217946,0.161543,0.620463
GTGGGAAGACTGAATC-1,0.00937,0.530199,0.326174,0.134256
GTGGGCTTAGACACAC-1,0.007587,0.048786,0.856905,0.086721
GTGGGTACTGAGCGTA-1,0.026679,0.387153,0.455439,0.130729
GTGGTATAGTCTGCCG-1,0.024475,0.380691,0.285993,0.308841
GTGGTCAGCGAAGTAT-1,0.123237,0.736328,0.140072,0.000364
GTGGTGGCCAAGTGAA-1,0.00012,0.094689,0.126861,0.778329
GTGGTTTCCGCCTTTC-1,0.000472,0.504802,0.356978,0.137748
GTGTACCTTGGCTACG-1,0.066587,0.639106,0.168774,0.125533
GTGTATATCAGCGGGC-1,0.003559,0.028292,0.359018,0.609131
GTGTATGACTTTAAAG-1,0.006098,0.700606,0.237827,0.055468
GTGTCAGTGTACGTGG-1,0.09087,0.000184,0.000123,0.908822
GTGTCCGATAAGGCAT-1,0.111844,0.065127,0.256296,0.566733
GTGTCGTATAGCGTTC-1,0.000426,0.016334,0.50992,0.47332
GTGTGAATAACTTAGG-1,0.094351,0.473882,0.15964,0.272127
GTGTTACTATGCGTCC-1,0.073409,0.506641,0.219149,0.200801
GTTAAAGTAGGACTGG-1,0.00048,0.32762,0.271519,0.400381
GTTAACATCACTTAAA-1,0.104362,0.273203,0.097579,0.524855
GTTAAGGGTGCGATGT-1,0.000234,0.086636,0.000469,0.91266
GTTAATGTCTATCTTA-1,0.037563,0.313614,0.60367,0.045152
GTTACAATTGGTGACG-1,0.01258,0.222826,0.585372,0.179223
GTTACCTACAACTTGC-1,0.024753,0.60153,0.018797,0.354921
GTTACTTTGGGCCTAG-1,0.104588,0.458368,0.151045,0.285999
GTTAGAGTGTGCCGCT-1,0.025549,0.3575,0.518104,0.098847
GTTAGCCCATGACATC-1,0.000075,0.157853,0.205511,0.636561
GTTAGGCTACCCGTTT-1,0.00259,0.0659,0.598645,0.332866
GTTATATTATCTCCCT-1,0.00527,0.925814,0.00731,0.061606
GTTATCACCTTCTGAA-1,0.000026,0.458743,0.432483,0.108748
GTTATTAAATACGACC-1,0.039487,0.159665,0.576539,0.224308
GTTATTAACGTGGGAG-1,0.01467,0.511991,0.452965,0.020374
GTTCAATCTATGTCAA-1,0.00002,0.669098,0.307545,0.023337
GTTCACAGGAGTCTAG-1,0.010331,0.445295,0.305758,0.238616
GTTCAGTCGCCAAATG-1,0.000136,0.005543,0.085054,0.909268
GTTCATCGTTTGGCTG-1,0.049367,0.000789,0.472033,0.477811
GTTCCAGTCTGACCAT-1,0.000025,0.623455,0.240583,0.135936
GTTCCGTCCGCCTGCA-1,0.359345,0.019153,0.048226,0.573275
GTTCGACAATTGTATA-1,0.000031,0.626937,0.050728,0.322305
GTTCGCCATAAGTGCC-1,0.533506,0.249715,0.057577,0.159203
GTTCGTCTAAAGAACT-1,0.004449,0.277129,0.047141,0.671282
GTTCTTCCCTCGATGT-1,0.001334,0.489959,0.465955,0.042752
GTTCTTGTAACTCAAT-1,0.000424,0.001274,0.000849,0.997453
GTTGAACCGGTTCCAT-1,0.119747,0.146931,0.316652,0.41667
GTTGAGTCCCGCCGGT-1,0.06307,0.57091,0.06149,0.30453
GTTGCACGGAGTTTCG-1,0.016147,0.012292,0.959525,0.012036
GTTGCCCTAACGGGTG-1,0.000042,0.455925,0.052668,0.491365
GTTGGATTCAGTGGCT-1,0.029007,0.53713,0.35646,0.077402
GTTGGATTGAGAACAC-1,0.028259,0.150322,0.632246,0.189173
GTTGGATTTGCGTTGG-1,0.063115,0.432024,0.300918,0.203943
GTTGGTCATGCTATCC-1,0.001771,0.000572,0.174516,0.823141
GTTGTAGATTTATGAG-1,0.000162,0.000485,0.164615,0.834738
GTTGTCGTGTTAGTTG-1,0.000041,0.127069,0.671016,0.201874
GTTTACGTTCCATCTG-1,0.040312,0.303952,0.323843,0.331893
GTTTCATATCGTCGCT-1,0.007133,0.826913,0.07382,0.092134
GTTTCCTGGAGGGTGA-1,0.048961,0.85838,0.086093,0.006566
GTTTCTGCAGTCTCCC-1,0.000059,0.023821,0.469519,0.506601
GTTTCTTGTTAGAGCT-1,0.060969,0.148037,0.460434,0.33056
GTTTGACCAAATCCTA-1,0.146697,0.559756,0.129045,0.164503
GTTTGGCCCAAGTTAT-1,0.085647,0.433681,0.109668,0.371004
GTTTGGCCGCTCAGCG-1,0.001939,0.486266,0.475721,0.036074
GTTTGGGCTTGTGAGC-1,0.022016,0.053604,0.49823,0.426151
GTTTGGGTTTCGCCCG-1,0.105797,0.000714,0.522613,0.370877
GTTTGGTAGGGTCAAC-1,0.018479,0.092513,0.233831,0.655177
GTTTGGTGATCGGTGC-1,0.000176,0.124191,0.399325,0.476308
GTTTGTTAGCCAAGTA-1,0.024509,0.795036,0.131245,0.049209
TAAACCCAGGAGGGCA-1,0.000092,0.011473,0.613105,0.37533
TAAAGAGCCCGAAACC-1,0.010954,0.724877,0.246928,0.017241
TAAAGCGGTATTTCCA-1,0.046159,0.258527,0.054998,0.640316
TAAAGCGTTAGGAGAA-1,0.060788,0.464004,0.327638,0.14757
TAAAGCTGCAATAGGG-1,0.048135,0.251799,0.622923,0.077143
TAAAGGAGAAACTAGT-1,0.025308,0.018447,0.917052,0.039193
TAAAGTGCACGTCTCG-1,0.006495,0.660866,0.136034,0.196605
TAAATGAATCCGTTTC-1,0.001353,0.238056,0.632886,0.127706
TAAATGCCGTCTCATG-1,0.043761,0.795723,0.134964,0.025553
TAAATTGTGGGTAAAG-1,0.000211,0.000633,0.136785,0.862371
TAAATTTAGTAACACC-1,0.190315,0.000241,0.029388,0.780055
TAACAAAGGGAGAAGC-1,0.002974,0.250661,0.68438,0.061986
TAACAATATTTGTTGC-1,0.000662,0.78531,0.213992,0.000036
TAACAGCGTTTGTGCT-1,0.005058,0.138016,0.31427,0.542657
TAACAGGTTCCCTTAG-1,0.000318,0.000954,0.000636,0.998093
TAACATACAATGTGGG-1,0.024696,0.362573,0.106756,0.505975
TAACATACACGCGATC-1,0.007712,0.463768,0.358904,0.169616
TAACCGCCCGCAGTGC-1,0.000703,0.065978,0.802174,0.131146
TAACCTACCGTCCGAG-1,0.000178,0.000533,0.062634,0.936655
TAACGCTTTGAGAGCG-1,0.001129,0.869678,0.113217,0.015976
TAACTATCGAAGGTCC-1,0.016246,0.341946,0.508666,0.133142
TAACTCATCCGCGCGG-1,0.018426,0.44142,0.403259,0.136895
TAACTCCATGGAGGCT-1,0.001414,0.616096,0.177711,0.204779
TAACTGAAATACGCCT-1,0.020317,0.094025,0.530677,0.354981
TAAGAGGGACAGGGAC-1,0.000054,0.457161,0.194806,0.347979
TAAGCAGGCGACACGC-1,0.000032,0.090681,0.550192,0.359095
TAAGCGCGAATCAAAT-1,0.000082,0.287559,0.272704,0.439656
TAAGGAACTTGTGGGA-1,0.000023,0.414989,0.495286,0.089701
TAAGGCAACATAAGAT-1,0.054496,0.688851,0.052215,0.204439
TAAGGCATAACATCAA-1,0.000095,0.328408,0.011912,0.659585
TAAGGCCCGTCACCCT-1,0.000105,0.348912,0.00021,0.650773
TAAGGCTGAATCCCTC-1,0.000134,0.006606,0.075925,0.917336
TAAGGGCTGGGAGAGG-1,0.00125,0.06332,0.887737,0.047693
TAAGTAAATGTGCCGC-1,0.067609,0.253415,0.503969,0.175007
TAAGTAACATCTTGAC-1,0.038752,0.752978,0.079966,0.128304
TAAGTCGCCGAGTATC-1,0.000075,0.11983,0.315172,0.564923
TAAGTGAATAGTCTAC-1,0.000048,0.699737,0.046753,0.253462
TAAGTTGCGACGTAGG-1,0.000098,0.000294,0.283057,0.71655
TAATAAACAAGGAGAT-1,0.052385,0.089575,0.569973,0.288067
TAATACACAGTAGTAT-1,0.033265,0.224194,0.491132,0.25141
TAATACTAGAACAGAC-1,0.000097,0.259314,0.07021,0.670379
TAATAGAACAGAGTTA-1,0.000071,0.33892,0.366355,0.294654
TAATAGGTCACCAGAA-1,0.000019,0.784179,0.000043,0.215759
TAATAGTGACGACCAG-1,0.036391,0.197317,0.518414,0.247877
TAATATTGAAATTCGC-1,0.024628,0.093781,0.866204,0.015387
TAATCGATCCGTACGT-1,0.02474,0.17659,0.161899,0.636771
TAATGAAAGACCCTTG-1,0.000015,0.88424,0.023281,0.092464
TAATGTCGGTTCATGG-1,0.000087,0.659942,0.078905,0.261066
TAATTAGATGGATATG-1,0.262883,0.332613,0.404239,0.000265
TAATTGCGCTGATTAC-1,0.000089,0.010405,0.385286,0.604221
TAATTTCCGTCCAGTA-1,0.025776,0.471362,0.502569,0.000293
TACAAATTGCGGAGGT-1,0.037009,0.483864,0.43426,0.044868
TACAACGCACAACTCA-1,0.106688,0.093743,0.214543,0.585027
TACAAGCTGTTCACTG-1,0.01941,0.072966,0.829848,0.077777
TACAAGTCTCGTGCAT-1,0.020125,0.463147,0.381791,0.134937
TACAATGAAACCAGCA-1,0.000076,0.002515,0.954641,0.042768
TACACAGCCGTGGTGC-1,0.000128,0.013824,0.414046,0.572002
TACACCTCTTCGAATC-1,0.105583,0.763934,0.074996,0.055488
TACAGAAACGGTGGGC-1,0.001025,0.000161,0.016443,0.98237
TACATAGGCATACACC-1,0.00617,0.97576,0.000027,0.018044
TACATCCCTATCCCTG-1,0.06341,0.586132,0.240523,0.109936
TACATTTCTAACGTGC-1,0.038101,0.382389,0.269191,0.310319
TACCAAATAGCCCAGA-1,0.011837,0.120514,0.000265,0.867385
TACCAATAAAGTACCA-1,0.000248,0.000745,0.000497,0.998509
TACCAGAAGTAGGTTC-1,0.008256,0.241557,0.213537,0.53665
TACCAGCTAGGTTTAA-1,0.012634,0.307842,0.443522,0.236002
TACCAGGAATCCCGTC-1,0.000089,0.127329,0.21288,0.659702
TACCGCGGACTTGCAG-1,0.000324,0.000973,0.216832,0.78187
TACCGGCTCACTGCCC-1,0.000209,0.322997,0.361871,0.314923
TACCGGTCGTTTCCAT-1,0.032958,0.172749,0.413703,0.38059
TACCGTAGGTTAACTA-1,0.005186,0.115245,0.194212,0.685357
TACCGTGCCTCGGACC-1,0.026764,0.626224,0.209198,0.137815
TACCTACTCCCAGTAT-1,0.000438,0.001313,0.283657,0.714591
TACCTATCCCTAGAGG-1,0.000016,0.187224,0.701021,0.111739
TACCTCACGCTTGTAC-1,0.002699,0.389617,0.583789,0.023895
TACCTCAGTTGTCTGT-1,0.000413,0.00124,0.321439,0.676907
TACCTCCACACCAATG-1,0.000063,0.134649,0.000126,0.865162
TACCTGCTGCACTGTG-1,0.000023,0.375677,0.51182,0.112479
TACCTTAAGATTTCCC-1,0.019587,0.375719,0.409169,0.195525
TACGAACACGACTTCA-1,0.000027,0.461271,0.340857,0.197845
TACGACGCTTGCTGCG-1,0.072252,0.28541,0.213751,0.428586
TACGACTGCCTCTTAG-1,0.022079,0.618652,0.280925,0.078345
TACGAGAACTTCACGT-1,0.038355,0.330025,0.532697,0.098923
TACGATGTTGATCATC-1,0.010853,0.263688,0.538583,0.186876
TACGCAGTTCTTTCCT-1,0.009451,0.206565,0.572645,0.211339
TACGCCATATTCTAAT-1,0.009568,0.462763,0.039818,0.487851
TACGCCGAGGGTACCC-1,0.005827,0.898422,0.004373,0.091378
TACGCCTCCATTCCGA-1,0.000274,0.000822,0.171338,0.827566
TACGCTATAGAAACCT-1,0.043963,0.022774,0.406783,0.52648
TACGCTCCTAGAACTG-1,0.000089,0.334406,0.033367,0.632138
TACGCTGATAGTTGTA-1,0.000049,0.587214,0.115415,0.297323
TACGCTGCTGTGTTAA-1,0.000048,0.583852,0.069819,0.346281
TACGGAAGCCAAACCA-1,0.158406,0.000401,0.188277,0.652915
TACGGGATGCTAGCAG-1,0.037011,0.145497,0.504073,0.31342
TACGGGTAATAACATA-1,0.076717,0.436905,0.21898,0.267397
TACGTACTAGTGCTGA-1,0.004356,0.550733,0.057652,0.387259
TACGTGCACTATGCTG-1,0.011133,0.234333,0.606395,0.148139
TACGTGGGCCCAGGGC-1,0.000243,0.000728,0.000485,0.998544
TACGTTTACCGGCAAT-1,0.016522,0.430362,0.135459,0.417658
TACTACGTGCAATGCG-1,0.000275,0.000824,0.220346,0.778556
TACTATGGTTCCTCAG-1,0.000125,0.068651,0.282577,0.648648
TACTCCTCTAGTTGAC-1,0.000071,0.041108,0.156757,0.802065
TACTCGGCACGCCGGG-1,0.012027,0.30843,0.59647,0.083073
TACTCGTTTGAATCAA-1,0.000147,0.00044,0.031473,0.967941
TACTCTCCGAACAAAT-1,0.089297,0.363731,0.34573,0.201242
TACTCTTTCGTCTTCA-1,0.000109,0.06611,0.157512,0.776268
TACTGAACAGATTTAG-1,0.020744,0.333481,0.33531,0.310464
TACTGAGGGAAGAAAG-1,0.000497,0.472454,0.242172,0.284878
TACTGCAATCAATTAC-1,0.010361,0.038482,0.921557,0.0296
TACTGCATGATTAAAT-1,0.000039,0.279742,0.039759,0.680459
TACTGGACAGCTCGGC-1,0.004524,0.705843,0.166849,0.122784
TACTTGTTAGTAGTCC-1,0.141151,0.227062,0.174489,0.457298
TACTTTACTGAGCCGG-1,0.034834,0.000255,0.458064,0.506847
TACTTTCCGCACGCCA-1,0.017686,0.687914,0.21639,0.07801
TAGAAACCACTAAGTA-1,0.015271,0.68771,0.232531,0.064489
TAGAAAGGTGGCGCTA-1,0.042878,0.332355,0.31703,0.307738
TAGAAATTCACGTATA-1,0.002307,0.197903,0.782889,0.016902
TAGAATTAAGGGCAAC-1,0.089845,0.102517,0.689327,0.118312
TAGACGAAACGCCAAT-1,0.000324,0.000971,0.407786,0.59092
TAGACGCCCGTACCGG-1,0.011715,0.440887,0.389681,0.157717
TAGACTACCTAGCGTT-1,0.000083,0.00025,0.562073,0.437594
TAGACTCAGTTGGCCT-1,0.001942,0.560374,0.002377,0.435307
TAGAGATCATGCAACT-1,0.000029,0.022356,0.202872,0.774743
TAGAGCTACGAAGAAC-1,0.000023,0.359855,0.43553,0.204593
TAGAGGGAGTTTATCT-1,0.000182,0.018854,0.278148,0.702815
TAGAGTCTAAGCGAAC-1,0.016819,0.140858,0.638782,0.203541
TAGATATGGACTGGAA-1,0.000185,0.118599,0.580186,0.30103
TAGATCCGAAGTCGCA-1,0.060816,0.076582,0.661141,0.201461
TAGATTCAAAGTGCGG-1,0.135886,0.152937,0.033843,0.677335
TAGATTCCTGGTTATT-1,0.000037,0.011492,0.972044,0.016427
TAGCAACCTGTCACAA-1,0.016114,0.401027,0.57383,0.009029
TAGCCATGATTGCCTA-1,0.000077,0.045818,0.296221,0.657884
TAGCCATTTCAAAGTC-1,0.001189,0.849918,0.000266,0.148626
TAGCCGGCGGTCAGCG-1,0.064376,0.313794,0.417835,0.203995
TAGCGTCCGGTGTGGT-1,0.00052,0.001559,0.675161,0.322761
TAGCGTCGAATATTGA-1,0.000555,0.710622,0.238262,0.05056
TAGCGTTGGGTCTTAC-1,0.029117,0.726663,0.0132,0.231021
TAGCTAAGTCCGGGAG-1,0.015159,0.571205,0.392061,0.021575
TAGCTAGAAGGCATGA-1,0.000129,0.040771,0.564122,0.394977
TAGCTAGTGATGATGG-1,0.00006,0.074227,0.410457,0.515256
TAGCTCGCCTGATAAC-1,0.008242,0.307405,0.23436,0.449993
TAGCTGATGTGAAGCG-1,0.001328,0.117183,0.831057,0.050432
TAGGAACAGCCTCCAG-1,0.008031,0.171821,0.518068,0.30208
TAGGATCTTAACCGCA-1,0.000275,0.000824,0.007035,0.991866
TAGGCATGTTACGCCA-1,0.000354,0.142638,0.651982,0.205026
TAGGCGATGAGGTCTC-1,0.022869,0.267771,0.45096,0.2584
TAGGCGGCTGCAAAGA-1,0.000037,0.00011,0.040148,0.959706
TAGGGAGCTTGGGATG-1,0.104312,0.108542,0.281202,0.505944
TAGGGTGTTTCAAGAG-1,0.073332,0.02311,0.759695,0.143863
TAGGTCCAAGTAAGGA-1,0.002604,0.500478,0.206956,0.289961
TAGGTCGCCGGAACTG-1,0.121911,0.000246,0.401863,0.47598
TAGGTGACGATAACCT-1,0.441109,0.000145,0.000097,0.55865
TAGGTGAGCCCTACTC-1,0.000031,0.386727,0.358629,0.254613
TAGGTGCTCGCCTAGC-1,0.057193,0.237043,0.167336,0.538427
TAGGTGTTCCACAGAT-1,0.037038,0.000412,0.120903,0.841646
TAGGTTCGAGTTCGTC-1,0.055581,0.412913,0.404315,0.127191
TAGGTTCTGCTGAGAA-1,0.000165,0.156845,0.213859,0.629131
TAGTACCACAACTTTC-1,0.003787,0.214128,0.24882,0.533265
TAGTACCTTAGTGGTC-1,0.000033,0.297215,0.688149,0.014603
TAGTAGCTTATACCAG-1,0.000056,0.666821,0.009934,0.323188
TAGTAGTTGCCGGACA-1,0.000299,0.000896,0.000598,0.998207
TAGTCCCGGAGACCAC-1,0.004656,0.726641,0.091096,0.177607
TAGTCCGCAGAGAATG-1,0.056977,0.741835,0.025291,0.175897
TAGTCCTGCACTAAGC-1,0.000144,0.002753,0.021946,0.975157
TAGTCGATCACGGGTT-1,0.000363,0.059929,0.412992,0.526716
TAGTCTAACAACGAGA-1,0.071543,0.241582,0.483059,0.203815
TAGTCTGCGGCACATT-1,0.000096,0.000287,0.213965,0.785653
TAGTCTGTGACGTTGC-1,0.021617,0.283348,0.691219,0.003816
TAGTGAGAAGTGGTTG-1,0.05162,0.642499,0.305513,0.000368
TAGTGCCCTCCAGAGT-1,0.017822,0.31153,0.611743,0.058905
TAGTGGAACTCATACA-1,0.049998,0.174824,0.680134,0.095045
TAGTGTCAGAAACGGC-1,0.001209,0.992457,0.006311,0.000022
TAGTTAAGATAGGATA-1,0.0293,0.23458,0.369465,0.366655
TAGTTTATTCTTGCTT-1,0.133251,0.018894,0.632257,0.215597
TAGTTTGATCGGTCGC-1,0.000062,0.883102,0.000125,0.11671
TATAAATCCACAAGCT-1,0.01629,0.170401,0.491964,0.321346
TATAAGTGAGGATAGC-1,0.000243,0.364771,0.537982,0.097004
TATACACAGACGCCTT-1,0.000289,0.660537,0.000578,0.338596
TATACACGCAAAGTAT-1,0.000229,0.195779,0.643992,0.16
TATACGCGTCATCACT-1,0.000457,0.105882,0.466877,0.426783
TATACTCATGCGGCAA-1,0.012393,0.535001,0.441812,0.010794
TATAGAGTCGCTTGAA-1,0.000072,0.041272,0.08817,0.870486
TATAGATGGTCGCAGT-1,0.000166,0.000498,0.496143,0.503193
TATAGCGCACGTTATC-1,0.000019,0.834421,0.04558,0.11998
TATAGCTATTATCTCT-1,0.011872,0.265436,0.41636,0.306333
TATAGGGTACTCATGA-1,0.370313,0.013113,0.143165,0.473409
TATAGTTAGGTGTACT-1,0.00006,0.333872,0.139109,0.526959
TATATAGGGCTTTACG-1,0.013571,0.155882,0.16421,0.666338
TATATATCGAGAAATG-1,0.008761,0.173649,0.279277,0.538313
TATATCAAAGTGATCT-1,0.000097,0.152526,0.201935,0.645442
TATATCATTGATCAGT-1,0.000022,0.636095,0.355661,0.008222
TATATCCCTGGGAGGA-1,0.170279,0.001485,0.500562,0.327674
TATATTCGCGTCGATA-1,0.033054,0.29057,0.587325,0.089051
TATCACAGCACGGGCA-1,0.019701,0.374229,0.517753,0.088317
TATCACCATGTAAAGT-1,0.04192,0.411412,0.50737,0.039298
TATCACCCAACCGACC-1,0.022986,0.120998,0.680917,0.175099
TATCACTTCGAGTAAC-1,0.107558,0.663807,0.152045,0.07659
TATCAGTGGCGTAGTC-1,0.000033,0.728012,0.223543,0.048413
TATCCAATTGGTTATC-1,0.000338,0.001015,0.121516,0.87713
TATCCATATCATGCGA-1,0.00778,0.278325,0.447514,0.266381
TATCCATCTCGGTTAG-1,0.010388,0.214361,0.345236,0.430016
TATCCCTCGATCTGCA-1,0.000243,0.472324,0.000485,0.526948
TATCCGCACCGTCGGG-1,0.000284,0.000495,0.43098,0.568241
TATCCTATCAACTGGT-1,0.000423,0.172315,0.347779,0.479483
TATCCTGCATGGGAAT-1,0.005452,0.687451,0.260459,0.046638
TATCGATCTATGCATA-1,0.085734,0.436611,0.363637,0.114018
TATCGATGATTAAACG-1,0.008323,0.168046,0.696035,0.127596
TATCTACAGAGGTAAT-1,0.001216,0.666544,0.006899,0.325341
TATCTACCACAGCGGG-1,0.051314,0.522526,0.115418,0.310741
TATCTAGCCTAAAGGA-1,0.00002,0.589313,0.299821,0.110846
TATCTGAGCCGATATT-1,0.000041,0.596185,0.179046,0.224728
TATCTTGCAATACAAC-1,0.361159,0.012738,0.005913,0.620191
TATGAAGACAGGTGCG-1,0.013791,0.218054,0.594841,0.173314
TATGACCTTGCGCTGG-1,0.00476,0.647393,0.14628,0.201568
TATGATAAATCTAACG-1,0.051842,0.021426,0.867572,0.059161
TATGATCTTCTCTTTA-1,0.000688,0.002064,0.001376,0.995872
TATGCTCCCTACTTAC-1,0.107094,0.29374,0.540858,0.058309
TATGGATGTGCTACGC-1,0.083498,0.449255,0.445925,0.021322
TATGGCCCGGCCTCGC-1,0.003994,0.604016,0.244065,0.147925
TATGGGACCGAGCAGG-1,0.046601,0.117241,0.420877,0.41528
TATGGGTACGTATCGT-1,0.072428,0.339872,0.483689,0.104012
TATGGTCTGAGTAACA-1,0.080395,0.481616,0.289217,0.148772
TATGGTTAGTGGGAGA-1,0.00024,0.198001,0.067832,0.733927
TATGTAAAGTGCTTAA-1,0.000062,0.140769,0.171622,0.687547
TATGTAGAAACCCGGC-1,0.004065,0.160769,0.313499,0.521667
TATGTCAAGACCGACT-1,0.026605,0.029336,0.651044,0.293015
TATGTCTCATTGTGCC-1,0.072153,0.81044,0.102501,0.014907
TATTAACACCAAAGCA-1,0.013342,0.27288,0.181913,0.531865
TATTAACCTGACCGCG-1,0.000081,0.000244,0.155832,0.843843
TATTACCATCCTGCTT-1,0.149957,0.453724,0.000353,0.395966
TATTATGTTTGCCTGC-1,0.000068,0.468449,0.292599,0.238883
TATTCAATTCTAATCC-1,0.131905,0.344895,0.166815,0.356385
TATTCCACTCAGCTCG-1,0.000071,0.309592,0.040131,0.650205
TATTCCGAGCTGTTAT-1,0.00144,0.004318,0.60684,0.387402
TATTCCGGCAGTCCTA-1,0.012767,0.206143,0.696465,0.084626
TATTCCTCCGCCCACT-1,0.000065,0.255886,0.616382,0.127667
TATTCGTGCCAGAATA-1,0.060238,0.495106,0.107931,0.336724
TATTTAGTCTAGATCG-1,0.004158,0.005645,0.981395,0.008802
TATTTATACCGAGTAG-1,0.036186,0.314733,0.507323,0.141758
TATTTGTTACCCTTTA-1,0.08283,0.33199,0.523438,0.061742
TCAAACAACCGCGTCG-1,0.008566,0.583356,0.382015,0.026064
TCAAACTTAGATTGTT-1,0.000015,0.598345,0.101065,0.300575
TCAAAGAGCTATCTGT-1,0.000962,0.063391,0.690713,0.244934
TCAAAGTCACGGCGTC-1,0.000078,0.05251,0.203363,0.744048
TCAAATTGTTGTGCCG-1,0.000134,0.027283,0.093591,0.878992
TCAAATTTGAGACTCA-1,0.000398,0.288855,0.000795,0.709952
TCAACAAAGATAATTC-1,0.014391,0.012917,0.259911,0.712781
TCAACACATTGGGTAA-1,0.000028,0.291052,0.502172,0.206748
TCAACATAGCGCCCTA-1,0.069881,0.11993,0.218534,0.591655
TCAACATCGACCGAGA-1,0.008111,0.226918,0.566903,0.198068
TCAACCATGTTCGGGC-1,0.092702,0.383984,0.391423,0.131891
TCAACGAGGAGACAAA-1,0.004805,0.33765,0.603562,0.053983
TCAACGCAGGAAATAA-1,0.000024,0.631806,0.088725,0.279445
TCAACGCGACCGGCAG-1,0.177894,0.184716,0.291351,0.34604
TCAACTAACGTATAAC-1,0.00266,0.400763,0.485068,0.11151
TCAATACGCCGTCATG-1,0.000233,0.072804,0.476934,0.450029
TCACAGCAAACTCGAA-1,0.010215,0.245207,0.264813,0.479766
TCACAGGAGAATAAGA-1,0.000089,0.433288,0.129489,0.437134
TCACAGGGAATCGCAA-1,0.116005,0.246895,0.284097,0.353004
TCACAGGTTATTGGGC-1,0.000954,0.124074,0.70023,0.174742
TCACATCTTATCTGAT-1,0.003238,0.214118,0.67567,0.106973
TCACCCTCTTAAGATT-1,0.01754,0.62318,0.120773,0.238506
TCACCGCTCGGCACTC-1,0.038982,0.130542,0.465586,0.36489
TCACGATGTCCGTGGA-1,0.009352,0.498823,0.244275,0.247549
TCACGATTAATACGTT-1,0.000068,0.542423,0.005175,0.452334
TCACGCATTGTAGATC-1,0.050744,0.528594,0.322288,0.098373
TCACGGCCCAAGAGAG-1,0.00006,0.125513,0.148102,0.726324
TCACGGTCATCGCACA-1,0.043295,0.249603,0.597781,0.109321
TCACGTGCCCGATTCA-1,0.040742,0.306023,0.276178,0.377056
TCACTACGACCAATGC-1,0.041222,0.172006,0.726646,0.060126
TCACTCGTGCAACGGC-1,0.053519,0.206473,0.617202,0.122806
TCAGAACGGCGGTAAT-1,0.000202,0.000607,0.051002,0.948188
TCAGACGCTATAGAAG-1,0.000198,0.000595,0.490028,0.509178
TCAGAGCATGTCAACG-1,0.000116,0.548785,0.000232,0.450867
TCAGAGGACGCGTTAG-1,0.000591,0.001772,0.001182,0.996455
TCAGCAAATGCATCTC-1,0.034475,0.244726,0.506685,0.214114
TCAGCAGTAGGCCCTG-1,0.000106,0.353454,0.291495,0.354944
TCAGCGCACGCCGTTT-1,0.000407,0.252905,0.000813,0.745875
TCAGCTTGAGCTTTCG-1,0.002521,0.581424,0.163745,0.25231
TCAGGGCGCAAACTCG-1,0.000015,0.903942,0.085464,0.010579
TCAGGGTGCACGAAAC-1,0.01954,0.426682,0.492538,0.06124
TCAGGGTGTAACGTAA-1,0.043022,0.248295,0.373846,0.334838
TCAGGTTCTTTGAGAA-1,0.00719,0.461708,0.48722,0.043881
TCAGTACTGACCCGCG-1,0.018361,0.868966,0.097758,0.014914
TCAGTAGGGACTATAA-1,0.000087,0.233666,0.637549,0.128698
TCAGTGTATACGTCAT-1,0.018909,0.299277,0.326596,0.355217
TCAGTTACGGAATGAT-1,0.009465,0.001652,0.917911,0.070972
TCATACTTACAGATCC-1,0.01118,0.473231,0.43168,0.083909
TCATATGAGCTTTGTT-1,0.000073,0.711275,0.025714,0.262938
TCATCACTCGAGCTCG-1,0.000018,0.694438,0.287508,0.018036
TCATCCATCTGATCAC-1,0.01454,0.31738,0.005674,0.662406
TCATCCCAGAGGGTGG-1,0.020956,0.086901,0.787547,0.104596
TCATCCTCAGCTGCTT-1,0.004534,0.46306,0.349796,0.18261
TCATCGACGACCGTCG-1,0.000336,0.451605,0.000671,0.547387
TCATCGATGGTCCCAA-1,0.093367,0.176808,0.256154,0.473671
TCATGAAGCGCTGCAT-1,0.000058,0.265458,0.264304,0.47018
TCATGCAGGTTCTCAT-1,0.022182,0.229681,0.407733,0.340404
TCATTTAAGTCTCCGA-1,0.000272,0.000817,0.69382,0.305091
TCCAACTCAGCTATCT-1,0.006474,0.20444,0.249363,0.539723
TCCAACTTTAAATTCT-1,0.037791,0.545335,0.071768,0.345106
TCCAAGCCTAGACACA-1,0.000415,0.001244,0.233263,0.765079
TCCAATAAAGGCTACC-1,0.000122,0.34916,0.071919,0.578799
TCCAATGCGTCGCCGC-1,0.000034,0.622148,0.277887,0.099931
TCCACAATGGTTTACG-1,0.012775,0.912225,0.041859,0.033141
TCCACATCGTATATTG-1,0.000351,0.001052,0.198675,0.799922
TCCACCTCTAGCCTTT-1,0.157212,0.001402,0.013822,0.827564
TCCACTTTATCTAGGT-1,0.030595,0.59625,0.173509,0.199646
TCCAGAGCACCGGTTC-1,0.053862,0.636325,0.144018,0.165794
TCCAGGCAGGACGATC-1,0.000083,0.555382,0.014211,0.430324
TCCAGGCGAGTACGGT-1,0.000014,0.979062,0.020222,0.000702
TCCAGGGTATATACGA-1,0.000167,0.0005,0.178871,0.820462
TCCATCAATACTAATC-1,0.014587,0.291134,0.376485,0.317794
TCCATTGTGACCTCGT-1,0.022437,0.134892,0.552949,0.289722
TCCCAAACATCCTCTA-1,0.000096,0.52487,0.127448,0.347586
TCCCAAAGACGAAGGA-1,0.083287,0.782898,0.056056,0.077759
TCCCACGGAGGGAGCT-1,0.006937,0.022906,0.970077,0.00008
TCCCAGCTTTAGTCTG-1,0.092847,0.337558,0.34749,0.222105
TCCCAGGCTTAGCTAA-1,0.002976,0.043135,0.790087,0.163802
TCCCGCGTACTCCTGG-1,0.093163,0.120919,0.32107,0.464848
TCCCGGGTGTGCTGCT-1,0.008504,0.426535,0.544895,0.020066
TCCCGGTCAGGAATTT-1,0.000124,0.000373,0.998227,0.001275
TCCCGTCAGTCCCGCA-1,0.097038,0.199304,0.458658,0.244999
TCCCGTGTGCAATTTG-1,0.000125,0.237786,0.36056,0.401529
TCCCTGGCGTATTAAC-1,0.006758,0.567372,0.047459,0.378411
TCCCTGGCTCGCTGGA-1,0.005402,0.133587,0.639576,0.221435
TCCCTTAGATTACTCG-1,0.026236,0.809419,0.161766,0.002579
TCCGAACTTGGCTTAC-1,0.000031,0.491883,0.405407,0.10268
TCCGACCGCTAATCAA-1,0.000035,0.686285,0.008462,0.305218
TCCGAGAAGGCTAAGC-1,0.02652,0.00015,0.901045,0.072285
TCCGATAATTGCCATA-1,0.073015,0.002915,0.261504,0.662566
TCCGATGACTGAGCTC-1,0.018635,0.255543,0.356619,0.369203
TCCGATGGTGCGACAT-1,0.009064,0.780186,0.210542,0.000209
TCCGATTACATTGCCG-1,0.001911,0.262337,0.19957,0.536182
TCCGCCTGTCTACAAG-1,0.00017,0.00051,0.049963,0.949357
TCCGCGGCAGCATCTG-1,0.03433,0.238829,0.154354,0.572487
TCCGCTGGGTCGATCG-1,0.001615,0.150777,0.183668,0.66394
TCCGCTGTCATCCCGG-1,0.117307,0.069055,0.180996,0.632641
TCCGCTTATCCCATTA-1,0.000148,0.286565,0.561556,0.15173
TCCGGCCTAGCGTACA-1,0.005338,0.003084,0.423546,0.568032
TCCGGCCTGCATCGAT-1,0.007131,0.045144,0.899393,0.048332
TCCGGTTCGTCCGGTC-1,0.000101,0.154855,0.276309,0.568735
TCCGTAACCACAATCC-1,0.00864,0.803202,0.169224,0.018934
TCCGTTTAGCCTTGAA-1,0.019733,0.289795,0.529175,0.161296
TCCTAAAGATTCAGAC-1,0.000168,0.000505,0.128371,0.870956
TCCTAAATTGGGAAGC-1,0.000069,0.267079,0.017981,0.71487
TCCTAACCGTCGGGCA-1,0.000022,0.67616,0.000043,0.323775
TCCTACATCCACGGCC-1,0.000229,0.000688,0.215354,0.783729
TCCTAGCAAAGAAGCT-1,0.025435,0.158244,0.005718,0.810603
TCCTCCTAAGACATTC-1,0.030795,0.31879,0.24703,0.403385
TCCTCGGGCTGGGCTT-1,0.013435,0.299845,0.369307,0.317413
TCCTCTACGAGATGGC-1,0.006694,0.409245,0.547803,0.036258
TCCTCTCCAGTTGTCC-1,0.147233,0.40879,0.415642,0.028334
TCCTCTGGCCCATTAG-1,0.010229,0.20489,0.769446,0.015435
TCCTGCAGCCGCCAAT-1,0.000195,0.000584,0.00039,0.998831
TCCTGCCAACTGGAGA-1,0.083839,0.247372,0.620535,0.048255
TCCTGCGTTGATACTC-1,0.002693,0.612199,0.140096,0.245012
TCCTTACGACGGTCCG-1,0.145401,0.000485,0.120515,0.7336
TCCTTCAATCCCTACG-1,0.00002,0.328047,0.667043,0.004889
TCCTTCAGTGGTCGAA-1,0.008164,0.027001,0.877065,0.08777
TCCTTGTCCTTTAATT-1,0.074204,0.000369,0.053302,0.872125
TCCTTTAAATCCGCTT-1,0.000065,0.375502,0.00013,0.624302
TCCTTTCTTACGCTTA-1,0.034006,0.094772,0.497243,0.373979
TCGAAATTTAGGACCA-1,0.017527,0.043917,0.672618,0.265938
TCGAAGAACCGAGCAC-1,0.000403,0.001208,0.333808,0.664582
TCGAATATCCCGCAGG-1,0.000052,0.804821,0.058773,0.136353
TCGAATCGCAGGGTAG-1,0.000129,0.418852,0.185905,0.395115
TCGACAACTGAACCCG-1,0.118123,0.230051,0.0995,0.552327
TCGACATAGCGTAGCG-1,0.000046,0.59669,0.000091,0.403174
TCGAGACCAACACCGT-1,0.023743,0.289265,0.356072,0.330919
TCGAGCCAGGCAGGCC-1,0.000068,0.647278,0.076553,0.276102
TCGAGTCTACGATTCG-1,0.009439,0.158957,0.394474,0.43713
TCGATAGGCTAGTCGC-1,0.011817,0.12485,0.778743,0.08459
TCGATGTTACGGCCGT-1,0.000055,0.421564,0.049341,0.52904
TCGATTTACGAAACGA-1,0.000239,0.000716,0.028424,0.970622
TCGCAAAGATGCATTT-1,0.047167,0.21878,0.031043,0.70301
TCGCACCAGGAGGCAG-1,0.000388,0.001163,0.632752,0.365697
TCGCATCCCTAAGTGT-1,0.012762,0.021107,0.929089,0.037042
TCGCATTCAATGACTT-1,0.043593,0.00084,0.949673,0.005894
TCGCCACCCGGATTAC-1,0.000065,0.66182,0.004281,0.333835
TCGCCCACTGCGAGAG-1,0.280417,0.36404,0.244773,0.11077
TCGCCGAAGTTGCGTC-1,0.029377,0.470596,0.372721,0.127306
TCGCCGACATATTCGC-1,0.000467,0.001402,0.001544,0.996587
TCGCCGCACCGCGTGA-1,0.003003,0.269262,0.422805,0.304931
TCGCCGGTCGATCCGT-1,0.006306,0.087965,0.608286,0.297442
TCGCGCGTTTACATGA-1,0.000066,0.225502,0.4318,0.342632
TCGCGTCCAGAAGGTC-1,0.042351,0.351233,0.530242,0.076174
TCGCTAAACCGCTATC-1,0.003492,0.653446,0.264477,0.078585
TCGCTACTGGCTTTGA-1,0.000333,0.000999,0.13332,0.865348
TCGCTCGATATATTCC-1,0.018545,0.863084,0.029446,0.088925
TCGCTGCCAATGCTGT-1,0.000153,0.217213,0.292748,0.489887
TCGCTGGGCGGATTGT-1,0.028072,0.17911,0.45242,0.340397
TCGCTGTGCGTAAATC-1,0.001851,0.165818,0.650892,0.181439
TCGCTTTAAACGTTTG-1,0.042847,0.216758,0.56618,0.174216
TCGGAATGACCATCAA-1,0.0449,0.328583,0.552925,0.073593
TCGGAATGCGCTCTGA-1,0.016277,0.843875,0.100524,0.039325
TCGGACGCCCAGCCCA-1,0.003176,0.079112,0.182016,0.735696
TCGGAGAGTATCGGGA-1,0.000839,0.486202,0.238613,0.274346
TCGGAGTACATGAGTA-1,0.099517,0.131499,0.650241,0.118743
TCGGAGTCCTGGTTGC-1,0.009604,0.488946,0.14205,0.3594
TCGGATCTGGATGACC-1,0.000065,0.000194,0.336,0.663742
TCGGCGTACTGCACAA-1,0.116815,0.465084,0.190949,0.227152
TCGGCTAACTTCCCTT-1,0.050235,0.754261,0.16566,0.029844
TCGGGAGACAGCGTAC-1,0.00035,0.001049,0.206746,0.791855
TCGGGATTCAAACATA-1,0.013334,0.121503,0.67072,0.194442
TCGGGCACTTCTGGAT-1,0.000036,0.358153,0.635026,0.006785
TCGGGCCGTCGTGGTA-1,0.120094,0.092223,0.07913,0.708554
TCGGGTGAAACTGCTA-1,0.018618,0.000381,0.972084,0.008917
TCGGTCCCGACAATAG-1,0.002335,0.265981,0.371688,0.359996
TCGGTCCCTGACTCCA-1,0.058875,0.917954,0.023148,0.000023
TCGGTTAGCCATGTAG-1,0.033603,0.606205,0.224482,0.13571
TCGTAAGACGACATTG-1,0.146229,0.332754,0.251079,0.269939
TCGTACCGACGTCAAG-1,0.000068,0.150509,0.084347,0.765076
TCGTATAGTGCAATTA-1,0.055094,0.248449,0.676272,0.020185
TCGTATTACCCATTGC-1,0.021726,0.398968,0.504178,0.075128
TCGTATTTCGTCCGGA-1,0.08238,0.354983,0.526485,0.036152
TCGTCAAGTACGCGCA-1,0.000059,0.686358,0.144914,0.168669
TCGTCACACTGTTAGC-1,0.000535,0.594927,0.313678,0.090859
TCGTCCGCTGGCGTCT-1,0.036741,0.201616,0.581363,0.18028
TCGTCTTAGGCGTTAA-1,0.000293,0.002308,0.000587,0.996812
TCGTGTACTATGGATG-1,0.002123,0.173105,0.4131,0.411673
TCGTGTCACGCTGACA-1,0.0001,0.353781,0.373563,0.272557
TCGTTAGGAGTCCCTA-1,0.000035,0.997666,0.000069,0.00223
TCGTTCGTTATTATGT-1,0.067615,0.365646,0.500777,0.065963
TCGTTGCTATCCGGTC-1,0.042722,0.116595,0.701452,0.139232
TCTAAAGAACAGTCTC-1,0.007261,0.075497,0.45933,0.457912
TCTAACTGTATGTAAA-1,0.000017,0.548292,0.430065,0.021626
TCTAATACTGCCTCAG-1,0.022868,0.241506,0.251977,0.483649
TCTACACGTTCATGCA-1,0.01394,0.012011,0.926035,0.048014
TCTACCGTCCACAAGC-1,0.082566,0.189482,0.600263,0.127689
TCTACGCACGATCTCC-1,0.000038,0.440828,0.000076,0.559058
TCTAGCAATCTCCGCC-1,0.000081,0.64198,0.176405,0.181534
TCTAGCATCTTCGATG-1,0.006407,0.175043,0.790886,0.027664
TCTAGCATGCCCAGAA-1,0.006093,0.341477,0.115557,0.536873
TCTAGGTGGCGACGCT-1,0.000021,0.000063,0.570273,0.429643
TCTAGTGATATCGTGG-1,0.000108,0.077394,0.398664,0.523834
TCTAGTTATCAGAAGA-1,0.051571,0.190325,0.492918,0.265186
TCTATCATGCAGTTAC-1,0.038126,0.626631,0.327857,0.007387
TCTATCCGATTGCACA-1,0.000359,0.001076,0.000718,0.997847
TCTATCGGTCGCAACA-1,0.034458,0.165855,0.623907,0.17578
TCTATTACGCTGGCGA-1,0.007036,0.531875,0.427351,0.033737
TCTATTACTAGAGGAT-1,0.012996,0.143915,0.620239,0.22285
TCTCAAATCAATCGGG-1,0.063476,0.804051,0.132152,0.000321
TCTCATGAGATAGGGT-1,0.000189,0.000567,0.195235,0.804009
TCTCCAACGTAGGTTA-1,0.098479,0.450069,0.229805,0.221647
TCTCCCTGGGCAGCGT-1,0.052633,0.000844,0.305802,0.640721
TCTCGAACGAGGTCAC-1,0.017823,0.306456,0.647977,0.027744
TCTCGTGTTACGAGGA-1,0.02696,0.222147,0.611337,0.139556
TCTCTAATAGCTGGTA-1,0.039197,0.083885,0.378072,0.498845
TCTCTTACCGCGAACC-1,0.000081,0.316069,0.360911,0.322939
TCTGAACCGGTCGGCT-1,0.005081,0.156222,0.534985,0.303712
TCTGAACTCGTACCCG-1,0.000324,0.125484,0.50817,0.366022
TCTGAAGCACGTGGTC-1,0.00087,0.002609,0.074268,0.922254
TCTGAATTCCGTACAA-1,0.00014,0.091722,0.582041,0.326097
TCTGATGTATTCTGTC-1,0.000229,0.313338,0.188835,0.497599
TCTGCCAGAAACTGCA-1,0.000029,0.717168,0.002201,0.280603
TCTGGCGCAAGCCGGG-1,0.000016,0.767086,0.174186,0.058713
TCTGGGAACCTTTGAA-1,0.000226,0.000679,0.675353,0.323741
TCTGGGTAGCGCTCAT-1,0.021697,0.096994,0.286591,0.594718
TCTGTCATACAAGAGC-1,0.000029,0.51697,0.455703,0.027297
TCTGTGCCATCATAGT-1,0.039646,0.420782,0.482379,0.057192
TCTGTGGCTACATTTC-1,0.02708,0.228339,0.347922,0.396659
TCTGTTACCCAGCATA-1,0.030912,0.123426,0.010752,0.83491
TCTGTTTAGATTGTTC-1,0.000105,0.196702,0.408268,0.394924
TCTTACAGAGGTACCG-1,0.000029,0.753941,0.000473,0.245557
TCTTACCGGAACTCGT-1,0.020743,0.100871,0.690194,0.188192
TCTTACGGCATCCGAC-1,0.040583,0.913654,0.018844,0.026919
TCTTACTTATGCCTCT-1,0.011619,0.033891,0.632738,0.321752
TCTTAGAGTGAACTCT-1,0.009466,0.089921,0.549167,0.351445
TCTTATGGGTAGTACC-1,0.059478,0.170458,0.719365,0.050698
TCTTCCCATGGGCACA-1,0.000071,0.000214,0.126888,0.872826
TCTTCGAATAGACGTT-1,0.064181,0.025195,0.453952,0.456672
TCTTCGATACCAATAA-1,0.009248,0.27483,0.222434,0.493488
TCTTGATGCGTAGCGA-1,0.012596,0.034056,0.303986,0.649363
TCTTGCTCCCGATACT-1,0.000076,0.021353,0.046104,0.932467
TCTTGGTAACACCAAA-1,0.156357,0.476974,0.11355,0.25312
TCTTGGTCAATGATAC-1,0.000043,0.659716,0.041079,0.299161
TCTTTAAGACTATGAA-1,0.000173,0.16708,0.426628,0.40612
TCTTTCATCCGTCCTT-1,0.007644,0.318779,0.315326,0.358251
TCTTTCTCTTAAGGAG-1,0.000323,0.52999,0.111307,0.358381
TGAAACTTATGCAAGC-1,0.014625,0.276498,0.295893,0.412983
TGAAAGGACCTGACTC-1,0.078291,0.046996,0.229755,0.644958
TGAACAAGCAGGGACT-1,0.00009,0.195308,0.438985,0.365617
TGAACCTGAATGTGAG-1,0.000136,0.201918,0.000271,0.797676
TGAACTGCTATGACTT-1,0.005629,0.178933,0.737731,0.077707
TGAATACCGACGCGTA-1,0.00101,0.003029,0.00202,0.993942
TGAATGAGTGTTTCCC-1,0.000067,0.283322,0.002118,0.714494
TGAATTTCACTTGCCT-1,0.002649,0.26273,0.677826,0.056796
TGACAACTTAAAGGTG-1,0.000118,0.016498,0.149286,0.834098
TGACACTTCTCTTTGC-1,0.12324,0.249422,0.302701,0.324637
TGACAGAAATCTTGCT-1,0.000081,0.223043,0.209279,0.567597
TGACAGGACAAGTCCA-1,0.000038,0.537473,0.141838,0.320651
TGACATATATGACGAT-1,0.000034,0.077115,0.884013,0.038838
TGACATCGAGCGGACC-1,0.000148,0.000442,0.517663,0.481747
TGACATGTAACGTGAC-1,0.000265,0.000796,0.516784,0.482155
TGACCAAATCTTAAAC-1,0.000629,0.001888,0.006393,0.99109
TGACCAGCTTCAAAGT-1,0.07145,0.10606,0.536958,0.285532
TGACCCACGTTAGACA-1,0.028925,0.548487,0.348081,0.074507
TGACCCAGCATTCCCG-1,0.258577,0.097049,0.409442,0.234931
TGACGAATATTTCCCT-1,0.064438,0.297828,0.469483,0.16825
TGACGATGCACTAGAA-1,0.002697,0.055854,0.034274,0.907175
TGACTATAATCCTTTC-1,0.004434,0.431776,0.426277,0.137512
TGACTCCGAATCATAC-1,0.036516,0.26786,0.311664,0.383959
TGAGAATGCTTTACCG-1,0.01406,0.370532,0.455499,0.15991
TGAGACGTACCTCTCA-1,0.012435,0.273956,0.503677,0.209932
TGAGAGATTTACCACG-1,0.071159,0.000485,0.02878,0.899576
TGAGATCAAATACTCA-1,0.044504,0.012182,0.925701,0.017614
TGAGATTAGGCCCTAA-1,0.015969,0.11695,0.820675,0.046406
TGAGCAGTCGTGAAGT-1,0.026052,0.11391,0.694772,0.165266
TGAGCCATACAGTCTC-1,0.033901,0.158537,0.430547,0.377015
TGAGCGGAAAGTGTTC-1,0.028047,0.279409,0.000421,0.692123
TGAGCTTTAATGACGC-1,0.032277,0.518378,0.369713,0.079632
TGAGGAGTGCCAGCTT-1,0.000435,0.30333,0.324917,0.371318
TGAGGCATGTACTGTG-1,0.006825,0.097108,0.183642,0.712425
TGAGGTGTGTGGCGGA-1,0.000053,0.624484,0.001072,0.374392
TGAGTAAATTAGCGTA-1,0.000032,0.151126,0.259186,0.589655
TGAGTGCCTCTTAAAT-1,0.016084,0.399397,0.261477,0.323041
TGAGTGGTCCGTGACG-1,0.012074,0.385125,0.279518,0.323282
TGATACATTTAGCCGT-1,0.000057,0.751836,0.127906,0.120201
TGATAGCGGGATTCTA-1,0.012562,0.158512,0.818219,0.010707
TGATCACCACACTGAC-1,0.000216,0.000649,0.509293,0.489842
TGATCAGGGAACTGCT-1,0.000027,0.478854,0.395535,0.125584
TGATCGGTTTGACCCT-1,0.041006,0.739799,0.171749,0.047447
TGATCTACGCTGATCT-1,0.145507,0.168311,0.48749,0.198692
TGATCTCCGGCGCCAG-1,0.008106,0.00123,0.638421,0.352242
TGATTCAGGTCCCGCG-1,0.000034,0.0555,0.319856,0.62461
TGATTCCCGGTTACCT-1,0.000139,0.000416,0.024066,0.975379
TGATTCGTCTATCACT-1,0.002305,0.184309,0.725762,0.087623
TGATTCTGTCGCCGGT-1,0.00421,0.396954,0.414961,0.183874
TGATTTATTAGCTGTG-1,0.094508,0.193635,0.615031,0.096827
TGATTTCCTCCTGACG-1,0.019161,0.574825,0.397256,0.008758
TGCAAACGTACTAGTT-1,0.00006,0.215492,0.078124,0.706324
TGCAAAGTTCGTCTGT-1,0.000257,0.000771,0.388792,0.61018
TGCAACCCATCTGCGG-1,0.064169,0.001869,0.057112,0.876851
TGCAACTACTGGTTGA-1,0.000285,0.000856,0.573942,0.424917
TGCAAGAATGACGTAA-1,0.052388,0.68962,0.07253,0.185462
TGCAATCTAACACGGT-1,0.003445,0.001456,0.481163,0.513935
TGCAATTTGGGCACGG-1,0.000192,0.237916,0.566221,0.195671
TGCACAGTGAAGTTAT-1,0.037945,0.25301,0.548174,0.160872
TGCACGAGTCGGCAGC-1,0.018396,0.037534,0.531065,0.413005
TGCAGAACTATATCGT-1,0.011918,0.436372,0.299461,0.252249
TGCAGAGTACCGAGCA-1,0.000054,0.414566,0.268615,0.316765
TGCAGATCGTCCTAGG-1,0.000029,0.585736,0.280686,0.13355
TGCAGCTACGTACTTC-1,0.012522,0.333314,0.287966,0.366198
TGCAGGATCGGCAAAG-1,0.031441,0.531085,0.335636,0.101838
TGCAGTGGTAGGGAAC-1,0.007249,0.479287,0.110502,0.402963
TGCAGTTTCCTCCCAT-1,0.072877,0.043758,0.027743,0.855622
TGCATATGTCTGTCAC-1,0.010644,0.944246,0.010439,0.034671
TGCATGGATCGGATCT-1,0.071051,0.458076,0.332354,0.13852
TGCATGGCAGTCTTGC-1,0.296906,0.150536,0.124816,0.427742
TGCATGTGACCCATAG-1,0.000091,0.68406,0.072619,0.24323
TGCATGTGGTAATCTA-1,0.031778,0.553001,0.15627,0.258951
TGCCAAAGTCAGACTT-1,0.00368,0.252715,0.369667,0.373937
TGCCAATGGGTACTCT-1,0.000054,0.517656,0.009227,0.473062
TGCCACACTAGAGGAA-1,0.001859,0.454959,0.491387,0.051795
TGCCACCTGGCGAAAC-1,0.030125,0.927051,0.010264,0.03256
TGCCAGTACGTGGAGA-1,0.050573,0.127017,0.436801,0.38561
TGCCATGGCTTATAAG-1,0.055914,0.016811,0.716311,0.210964
TGCCATTACTAAAGAA-1,0.018026,0.324747,0.479908,0.177319
TGCCCGATAGTTAGAA-1,0.000231,0.000693,0.203742,0.795333
TGCCCGTACCGTTAAA-1,0.000314,0.036441,0.419989,0.543256
TGCCGGATGTACGAGC-1,0.000076,0.228274,0.376941,0.394709
TGCCGTGGATCGTCCT-1,0.000099,0.591597,0.000199,0.408105
TGCCGTGGGACCCAAT-1,0.0003,0.000899,0.44574,0.553062
TGCCGTTCTTAATCGG-1,0.024027,0.527625,0.361956,0.086391
TGCCTGATCAAACGAT-1,0.04885,0.053303,0.659204,0.238643
TGCCTTGGCCAGGCAA-1,0.000412,0.089818,0.094745,0.815025
TGCGAATATGGGATTT-1,0.000044,0.117526,0.850943,0.031487
TGCGACACCCTAGTGC-1,0.021898,0.540439,0.242522,0.195142
TGCGACGGCCGAACGT-1,0.000068,0.302048,0.086486,0.611399
TGCGAGAATATTACCC-1,0.014982,0.08142,0.667573,0.236025
TGCGAGCCCTTCCGCG-1,0.065804,0.200529,0.57498,0.158688
TGCGCAAAGCATTTGG-1,0.005947,0.275628,0.52092,0.197505
TGCGCGATTAACGGAG-1,0.014209,0.039854,0.937956,0.007981
TGCGGACTTGACTCCG-1,0.000045,0.740636,0.00009,0.259229
TGCGGAGTAAAGGTGC-1,0.000031,0.128287,0.572262,0.299419
TGCGGCATAGTTCAAC-1,0.000885,0.566812,0.318071,0.114232
TGCGGGTATTGGGATC-1,0.248382,0.006765,0.096451,0.648402
TGCGGTCTACGAGTAA-1,0.012877,0.449877,0.312715,0.224531
TGCGGTGAAATTTCAT-1,0.027901,0.072133,0.701523,0.198443
TGCGTAAGAACCTGAT-1,0.468286,0.22709,0.098952,0.205672
TGCGTCATGACTGAGC-1,0.000063,0.000188,0.453418,0.546331
TGCGTTTGTTGACACT-1,0.117052,0.853973,0.011295,0.01768
TGCTAAGTGTCTATTT-1,0.07794,0.586481,0.086024,0.249555
TGCTATACAAACGGAC-1,0.013627,0.184321,0.715757,0.086296
TGCTATGGCAAAGGGA-1,0.000075,0.018034,0.455105,0.526786
TGCTCAAAGGATGCAC-1,0.000028,0.739055,0.021479,0.239438
TGCTCCACAGTTCTTA-1,0.070946,0.886937,0.006101,0.036015
TGCTCGGCGAAACCCA-1,0.000198,0.308652,0.306399,0.384751
TGCTCGGTGGGTCACC-1,0.000126,0.1369,0.125369,0.737606
TGCTCTTGAGAGTTTG-1,0.000149,0.069202,0.1282,0.802449
TGCTGGTTGGACAATT-1,0.002054,0.361416,0.487156,0.149374
TGCTGTTGAAGAACTC-1,0.074683,0.462297,0.244435,0.218585
TGCTTAGAGAGAATGC-1,0.020447,0.452671,0.342699,0.184183
TGCTTCCCAAGCAGTA-1,0.000216,0.344484,0.09515,0.560151
TGGAACCACTGACACA-1,0.016681,0.020596,0.955606,0.007117
TGGAAGAAGGGAACGT-1,0.023959,0.160536,0.450992,0.364513
TGGAAGACGAACACCA-1,0.02927,0.33681,0.556483,0.077436
TGGAAGGATAAAGATG-1,0.01308,0.348384,0.144997,0.493539
TGGAATTAGACGCTTT-1,0.000312,0.016191,0.719569,0.263928
TGGACCAATCTAAGAT-1,0.750973,0.000197,0.000131,0.248699
TGGACGCAATCCAGCC-1,0.008676,0.645245,0.123932,0.222147
TGGACTGTTCGCTCAA-1,0.079611,0.230722,0.184241,0.505426
TGGAGAATAATCGTCC-1,0.000103,0.00927,0.034407,0.95622
TGGAGCTAAAGTTCCC-1,0.003306,0.499999,0.394563,0.102132
TGGAGTGATGCGATGA-1,0.01378,0.055389,0.744101,0.186731
TGGATGGCATCTTGGA-1,0.0001,0.362741,0.146939,0.49022
TGGCAAACTAAATTAC-1,0.00007,0.817,0.014072,0.168858
TGGCAACTCGCGCGCC-1,0.044028,0.100448,0.577684,0.27784
TGGCAAGCACAAGTCG-1,0.00007,0.086215,0.071376,0.842339
TGGCACGAGCTCGAGT-1,0.111113,0.264257,0.441972,0.182659
TGGCAGATTACGATCA-1,0.014528,0.216864,0.311545,0.457063
TGGCAGCAGTAATAGT-1,0.022425,0.594426,0.094901,0.288248
TGGCATGAAGTTTGGG-1,0.007268,0.495398,0.237454,0.259879
TGGCCAAACTGAAGTA-1,0.047872,0.143946,0.75312,0.055063
TGGCCAATTTGGTACT-1,0.024761,0.48992,0.148076,0.337244
TGGCCGTATATTGACC-1,0.003843,0.368176,0.479799,0.148181
TGGCGACTGCTCCAAA-1,0.000072,0.042558,0.254252,0.703117
TGGCGATCAAGTTATG-1,0.000038,0.885391,0.000823,0.113747
TGGCGGTGTGCGATTG-1,0.000084,0.034818,0.959131,0.005966
TGGCTATGTGACATAC-1,0.680321,0.000245,0.000163,0.319271
TGGCTCTTGTCGCGTA-1,0.019539,0.025581,0.513267,0.441613
TGGCTTATGTATAATG-1,0.004141,0.649137,0.07304,0.273682
TGGCTTTGGGTAGACA-1,0.018715,0.675758,0.180857,0.12467
TGGGAAATGCCTTTCC-1,0.004761,0.314877,0.60699,0.073373
TGGGATGCACTCATTC-1,0.033179,0.252847,0.69175,0.022224
TGGGCACAAACAGAAC-1,0.00264,0.381311,0.56295,0.053099
TGGGCACGTTCTATGG-1,0.090221,0.710692,0.186614,0.012474
TGGGCCACAAGAGCGC-1,0.033388,0.115195,0.714335,0.137081
TGGGCCCATACTAATT-1,0.121674,0.000414,0.206653,0.671259
TGGGCGATACAATAAG-1,0.000259,0.067931,0.000519,0.931291
TGGGTAAGGTTCCCGC-1,0.016228,0.679262,0.194371,0.110138
TGGGTGCACAAGCCAT-1,0.000585,0.001756,0.513256,0.484403
TGGGTGTTAAGTAGAA-1,0.000138,0.03476,0.316207,0.648894
TGGGTTTCGGGCGTAC-1,0.001474,0.927605,0.000069,0.070851
TGGTAAGCAGGATTGA-1,0.000033,0.067816,0.801155,0.130995
TGGTAGAATATATGGG-1,0.014667,0.000586,0.528145,0.456601
TGGTATCGCATCCCAA-1,0.01629,0.16127,0.236522,0.585918
TGGTATCGGTCTGTAT-1,0.021217,0.886293,0.091506,0.000984
TGGTCCCACGCTACGG-1,0.016036,0.061148,0.14952,0.773296
TGGTCGATATACCTCT-1,0.000109,0.240152,0.056845,0.702894
TGGTCGGGTACAGGGC-1,0.000058,0.659044,0.156201,0.184697
TGGTCGTGCAAGGCAA-1,0.005517,0.60147,0.21735,0.175663
TGGTCTGTTGGGCGTA-1,0.064633,0.663379,0.206684,0.065304
TGGTGATCGTATTTGT-1,0.000024,0.821061,0.178493,0.000422
TGGTGCCCTGCCTTAC-1,0.000166,0.309079,0.034031,0.656724
TGGTTAACTTACATTT-1,0.016855,0.413697,0.385467,0.183981
TGGTTCAACGGGTAAT-1,0.000192,0.384329,0.23352,0.381959
TGGTTCGTAGCAAAGG-1,0.029226,0.572067,0.358635,0.040073
TGGTTGGAGGATCCTG-1,0.018647,0.814059,0.159912,0.007382
TGTAAGACTGATAAGA-1,0.002738,0.290025,0.259147,0.44809
TGTAATGACCACAATA-1,0.022031,0.178904,0.79033,0.008735
TGTACCCGACCCTAAT-1,0.000065,0.289163,0.279292,0.43148
TGTACCTACACGAGGG-1,0.000379,0.001138,0.000759,0.997723
TGTACGAACAAATCCG-1,0.057354,0.357769,0.189895,0.394982
TGTACGCTATCAGCTT-1,0.026708,0.668086,0.260836,0.04437
TGTACTGTGCCAAAGT-1,0.000797,0.024391,0.7105,0.264313
TGTAGCCAATTCCGTT-1,0.000276,0.000829,0.158113,0.840781
TGTAGGAGAAATTTCC-1,0.033593,0.680811,0.129318,0.156278
TGTAGTGATCTATAAT-1,0.005614,0.406253,0.335789,0.252345
TGTATAACAGATCCTG-1,0.039001,0.292135,0.524229,0.144635
TGTATCCTTATTCCAT-1,0.005175,0.000099,0.624612,0.370115
TGTATGGCGCAGACAG-1,0.000216,0.001346,0.31728,0.681158
TGTATTTACCTAATGC-1,0.010836,0.491774,0.249561,0.247829
TGTCCCGACATAGCAC-1,0.059341,0.203691,0.30734,0.429628
TGTCCGCAAACAATTC-1,0.000087,0.527221,0.000175,0.472517
TGTCCGTGGCGCCTTT-1,0.000173,0.159938,0.822574,0.017315
TGTCCTAAGTCACCGC-1,0.000036,0.397048,0.450739,0.152177
TGTCGTGGGTATAGGC-1,0.000411,0.150177,0.000821,0.848591
TGTCGTTATCACATAT-1,0.022605,0.565675,0.085833,0.325887
TGTCTACAGTTTCTGT-1,0.011537,0.172704,0.548902,0.266857
TGTGACTACGCCAGTC-1,0.129206,0.057829,0.794436,0.018529
TGTGAGACTAGCCCAA-1,0.000107,0.119009,0.116302,0.764582
TGTGATTCCAGCGCTT-1,0.069261,0.291618,0.415971,0.22315
TGTGCCAGAGGCAAAG-1,0.000643,0.13017,0.526874,0.342313
TGTGCTTTACGTAAGA-1,0.155827,0.205981,0.304776,0.333416
TGTGGAGGAAGCTTAA-1,0.000026,0.094718,0.884602,0.020653
TGTGGCAAAGCGTATG-1,0.027235,0.280415,0.302442,0.389908
TGTGGCGGGCTTCTGG-1,0.000369,0.481086,0.080155,0.438389
TGTGGTTGCTAAAGCT-1,0.000072,0.261309,0.253215,0.485404
TGTGTCGAAGTCGAGG-1,0.083544,0.465078,0.445186,0.006192
TGTGTCGCGAGTTGCA-1,0.010045,0.685051,0.26956,0.035344
TGTGTGACCATGAATC-1,0.003723,0.235105,0.602882,0.15829
TGTGTTCGTATCCAAG-1,0.005123,0.634063,0.179293,0.181521
TGTTATTGTATGTGGC-1,0.00031,0.124668,0.00062,0.874402
TGTTCCGCTTCCATGA-1,0.039187,0.307561,0.514265,0.138987
TGTTCCGGCCTGAGCT-1,0.000175,0.00427,0.15201,0.843545
TGTTCGTATTGCGGTG-1,0.000097,0.787936,0.123161,0.088806
TGTTCTTCCATTGACT-1,0.000044,0.186907,0.588806,0.224243
TGTTGTCAAGAAGTCT-1,0.055448,0.441715,0.246821,0.256016
TGTTTAATACTTCATC-1,0.068272,0.24159,0.396761,0.293377
TGTTTCGGTACTTCTC-1,0.000045,0.159581,0.718005,0.122369
TGTTTCTGAAGCGTGC-1,0.003205,0.155593,0.236522,0.604679
TTAAACCGGTAGCGAC-1,0.012943,0.597504,0.387399,0.002154
TTAAACCTGGTTCCTT-1,0.000021,0.065149,0.931922,0.002909
TTAAACTCGAATTCAT-1,0.120263,0.006573,0.506624,0.36654
TTAAAGGCGATGCTCG-1,0.000111,0.000333,0.005906,0.993651
TTAACACCTCGAACAT-1,0.000023,0.187962,0.802908,0.009107
TTAACCAACCCTCCCT-1,0.006556,0.083331,0.675893,0.23422
TTAACGTCGCAAGACC-1,0.005442,0.317113,0.304247,0.373198
TTAACGTTAAAGCCTG-1,0.071535,0.443964,0.405903,0.078598
TTAACTCACGCGTGGA-1,0.377311,0.145945,0.476688,0.000057
TTAACTTCAGGTAGGA-1,0.091926,0.049526,0.51359,0.344958
TTAAGACGAACGAACC-1,0.021636,0.215748,0.519347,0.243269
TTAAGATACCCAGAGA-1,0.000099,0.598745,0.099389,0.301767
TTAAGATAGGATTGAC-1,0.000113,0.165986,0.039557,0.794344
TTAAGCCGACAACTTC-1,0.126843,0.438898,0.204424,0.229835
TTAAGCGCCTGACCCA-1,0.002603,0.347255,0.647364,0.002777
TTAAGGATACGGAGGT-1,0.000081,0.000242,0.999517,0.000161
TTAAGGCCCGTACTTT-1,0.000038,0.731869,0.136165,0.131928
TTAAGTATTGTTATCC-1,0.000338,0.001015,0.681344,0.317302
TTAATCAGTACGTCAG-1,0.178364,0.455239,0.318258,0.04814
TTAATGCGAGGTAACT-1,0.000023,0.1596,0.548112,0.292265
TTAATGTAGACCAGGT-1,0.011508,0.446186,0.250219,0.292086
TTAATTGCTTTGGGTG-1,0.000198,0.000594,0.326956,0.672252
TTAATTTCAGACGCGG-1,0.227418,0.200047,0.344222,0.228313
TTACAACTACGCATCC-1,0.140739,0.099589,0.537692,0.22198
TTACAGACCTAAATGA-1,0.159972,0.007708,0.448872,0.383448
TTACATCGTGGCCTGG-1,0.000032,0.450011,0.413458,0.136499
TTACATGCCACAACTA-1,0.000146,0.000439,0.219042,0.780373
TTACCATTGATTACCC-1,0.040436,0.583745,0.331855,0.043965
TTACCCATTGCCGGGT-1,0.019623,0.224249,0.700425,0.055703
TTACCCTAACAGTCCT-1,0.00003,0.297067,0.629349,0.073554
TTACCCTAGGGATTGG-1,0.011726,0.646966,0.017742,0.323567
TTACGGATGGTTCGAG-1,0.030188,0.282073,0.286625,0.401115
TTACGTAGCGCGTGCT-1,0.000039,0.000116,0.995818,0.004027
TTACTAAAGGACTTTA-1,0.060264,0.298394,0.394116,0.247226
TTACTATCGGCTTCTC-1,0.01571,0.043007,0.763636,0.177648
TTACTCCGGCCGGGAA-1,0.104093,0.249013,0.533769,0.113125
TTACTCTGGTACGTAC-1,0.005108,0.337356,0.60241,0.055125
TTACTGGGATATTTCA-1,0.054289,0.482135,0.161781,0.301795
TTACTGTTTCTCTACG-1,0.000028,0.205552,0.774244,0.020176
TTAGAAGAACATGACT-1,0.006786,0.199526,0.183118,0.610571
TTAGAATAAGGGTCGG-1,0.000113,0.039339,0.169094,0.791454
TTAGACACGATCGTTG-1,0.068497,0.133165,0.602434,0.195904
TTAGACGAGTCACCTC-1,0.00026,0.112969,0.084225,0.802545
TTAGAGGGATATACAG-1,0.002697,0.315368,0.542634,0.139302
TTAGAGTATTGTCGAG-1,0.027395,0.591748,0.026317,0.35454
TTAGAGTTTAGAAGGA-1,0.000129,0.59275,0.102222,0.304898
TTAGCAACATGGATGT-1,0.000019,0.665897,0.308063,0.026021
TTAGCATCCCTCACGT-1,0.000042,0.496833,0.062255,0.44087
TTAGCCATAGGGCTCG-1,0.000046,0.688096,0.000092,0.311766
TTAGCTAATACGATCT-1,0.00005,0.000151,0.828816,0.170982
TTAGCTCTGTAATCCG-1,0.000025,0.685221,0.299009,0.015746
TTAGCTGATTTGCCGT-1,0.057271,0.000567,0.16619,0.775973
TTAGGTCATAACCGAC-1,0.000108,0.198667,0.091774,0.709451
TTAGTAGGGCGGCGGG-1,0.000056,0.018167,0.868254,0.113523
TTAGTTATTCGTGGCA-1,0.023625,0.094992,0.395142,0.486242
TTATAGATGCACATTA-1,0.004333,0.245538,0.731689,0.018439
TTATAGGTAATTGTCT-1,0.000447,0.086499,0.391271,0.521783
TTATATACGCTGTCAC-1,0.017707,0.000184,0.388536,0.593573
TTATATTTGGCAATCC-1,0.151298,0.728944,0.084374,0.035384
TTATCCAATCGAACTC-1,0.000454,0.443114,0.554242,0.002191
TTATCCGGGATCTATA-1,0.080351,0.001049,0.145671,0.772928
TTATCCTCAAGGAATA-1,0.000642,0.060881,0.165586,0.772892
TTATCGCCTGCGAAGC-1,0.000768,0.448012,0.535718,0.015502
TTATCTGACATTAGGA-1,0.031332,0.103562,0.378053,0.487054
TTATCTGTATCATAAC-1,0.041135,0.386773,0.53412,0.037972
TTATGAATGAAAGGGA-1,0.010799,0.486799,0.052182,0.45022
TTATGACAAACTGGAT-1,0.000021,0.642732,0.249992,0.107255
TTATGATCTTAACGAA-1,0.116102,0.426195,0.146317,0.311386
TTATGCGTCCCGGTCC-1,0.000186,0.016958,0.931974,0.050882
TTATGTTTGCGATAGA-1,0.000021,0.518141,0.37136,0.110478
TTATTAGAGCGTGTTC-1,0.000176,0.000529,0.335091,0.664204
TTATTAGGGAAGCATC-1,0.009535,0.225605,0.603102,0.161757
TTCAAAGTCTCTAGCC-1,0.08943,0.097083,0.608395,0.205093
TTCAACGACCCGACCG-1,0.000022,0.180838,0.740719,0.07842
TTCAAGCCGAGCTGAG-1,0.004094,0.210392,0.237691,0.547823
TTCAATACTCTGAATC-1,0.089947,0.243069,0.375274,0.29171
TTCAATTAGCCATAAT-1,0.037737,0.245454,0.510846,0.205963
TTCACGAAAGGATCAC-1,0.010436,0.258439,0.383633,0.347492
TTCACGGTCGTCACGT-1,0.000041,0.614549,0.169569,0.215841
TTCACTCGAGCACCTA-1,0.000178,0.106709,0.056403,0.83671
TTCACTTCCTAGAACG-1,0.000113,0.094506,0.459536,0.445845
TTCAGCCCTGGTCCAC-1,0.0001,0.541083,0.009987,0.44883
TTCAGCTGGCGTGCCC-1,0.244608,0.000886,0.000591,0.753915
TTCAGGCGTCAAAGCC-1,0.000144,0.881083,0.007828,0.110945
TTCAGTTCAAGAGGAG-1,0.000376,0.001128,0.390899,0.607597
TTCAGTTTGTGGCAGC-1,0.000225,0.511161,0.488164,0.00045
TTCATGGCGCAACAGG-1,0.037284,0.108616,0.581647,0.272453
TTCCAATCAGAGCTAG-1,0.009866,0.065943,0.666469,0.257723
TTCCAATCTGGCTATC-1,0.009649,0.180738,0.288892,0.52072
TTCCACACAGATTTGA-1,0.000114,0.315419,0.479357,0.20511
TTCCACATTTCTCGTC-1,0.067567,0.306612,0.52536,0.100461
TTCCAGTGGGTTTCGT-1,0.000118,0.435976,0.172385,0.391522
TTCCATCATGCGGTGA-1,0.073089,0.595259,0.282261,0.049391
TTCCCGACGCTTCACT-1,0.166573,0.024719,0.620526,0.188183
TTCCCGGCGCCAATAG-1,0.00359,0.284592,0.62886,0.082958
TTCCGCAGAGAAATAT-1,0.003662,0.000085,0.363661,0.632592
TTCCGCGTGAGGCGAT-1,0.005997,0.224983,0.501837,0.267183
TTCCGGCCTTGAGGCT-1,0.000108,0.092986,0.449101,0.457806
TTCCGGTTACCCACTT-1,0.056873,0.038656,0.601791,0.302681
TTCCTCGAGGGTGTCT-1,0.018166,0.649571,0.272313,0.059951
TTCCTCGGACTAACCA-1,0.116166,0.051358,0.257678,0.574798
TTCCTCTGCCCGAATA-1,0.049378,0.510072,0.429283,0.011267
TTCGAACGAAACATGC-1,0.000192,0.011561,0.452316,0.535932
TTCGACAGAGCCCGTG-1,0.035247,0.010738,0.672002,0.282013
TTCGACGGGAAGGGCG-1,0.000031,0.41354,0.305684,0.280745
TTCGCACTCGCGTGCT-1,0.014378,0.109226,0.792614,0.083781
TTCGCACTGTACGACA-1,0.000297,0.034597,0.602336,0.362771
TTCGCCGCTCGCGCTA-1,0.018718,0.17226,0.430376,0.378647
TTCGCGCGCCATACGA-1,0.000075,0.357534,0.243716,0.398675
TTCGCTATCTGACGTG-1,0.081153,0.588098,0.197127,0.133621
TTCGGACTGATGCCTT-1,0.13419,0.228762,0.549232,0.087816
TTCGGACTGGGCATGG-1,0.000046,0.683096,0.004715,0.312143
TTCGGCAACCCGCTGA-1,0.043112,0.437219,0.323452,0.196217
TTCGGCTAGAGATGGT-1,0.00123,0.785907,0.196187,0.016676
TTCGGGACTAATCGCG-1,0.166335,0.663588,0.098793,0.071284
TTCGGGCGCTAGTCTT-1,0.000102,0.280532,0.348919,0.370448
TTCGGTACTGTAGAGG-1,0.00014,0.001193,0.348028,0.650639
TTCGTAATCCCAGCGG-1,0.120988,0.118945,0.691834,0.068233
TTCGTACTCCAGAACG-1,0.000031,0.416057,0.476304,0.107608
TTCGTGCATGTTATAG-1,0.000231,0.000692,0.000461,0.998616
TTCGTTCAACGAAGTT-1,0.05682,0.294131,0.635466,0.013584
TTCTAACCGAAGCTTA-1,0.065824,0.258441,0.425457,0.250279
TTCTACCTCAATCGGT-1,0.027423,0.199062,0.019947,0.753568
TTCTACCTTTATGTTG-1,0.010593,0.634895,0.340537,0.013975
TTCTACTTGCGAGGGC-1,0.067333,0.205263,0.701056,0.026348
TTCTAGAAAGTCTTAT-1,0.134485,0.409433,0.245596,0.210485
TTCTAGGCCAATTGTG-1,0.016241,0.184008,0.798782,0.000968
TTCTATTAAACGCAGC-1,0.000114,0.067454,0.327044,0.605388
TTCTCAATTGCTACAA-1,0.000047,0.374829,0.157842,0.467282
TTCTCTTACAGGTGAT-1,0.007014,0.529376,0.282732,0.180879
TTCTGACCGGGCTCAA-1,0.000219,0.117692,0.249779,0.63231
TTCTGCCGCGCCTAGA-1,0.000162,0.639563,0.078931,0.281344
TTCTGCGAGCGCCCTT-1,0.001123,0.620659,0.281834,0.096384
TTCTGCGGGTTAGCGG-1,0.020809,0.273462,0.506393,0.199337
TTCTTAGTGAACGGTG-1,0.000033,0.205873,0.59524,0.198854
TTCTTAGTGGCTCAGA-1,0.088989,0.893609,0.014834,0.002568
TTCTTCCCTTTGATAT-1,0.017149,0.006415,0.88576,0.090675
TTCTTCGCAATAGAGC-1,0.004878,0.006423,0.953928,0.034771
TTCTTGAGCCGCGCTA-1,0.190384,0.000667,0.469293,0.339656
TTCTTGGACGATCTGC-1,0.054504,0.210769,0.281277,0.453451
TTCTTGGAGTAATGAG-1,0.055887,0.156451,0.733634,0.054029
TTCTTGTAACCTAATG-1,0.017561,0.113841,0.688201,0.180397
TTCTTGTGTCCATCAG-1,0.033885,0.085566,0.179864,0.700684
TTCTTTGGTCGCGACG-1,0.044402,0.003312,0.946497,0.005789
TTGAAAGGTGTAAAGG-1,0.00006,0.295722,0.508151,0.196067
TTGAACGAATCCTTTG-1,0.001529,0.876719,0.102254,0.019498
TTGAACGACGTGCTGA-1,0.000645,0.001936,0.1849,0.812519
TTGAAGAATTCCCAGG-1,0.037518,0.211582,0.640283,0.110616
TTGAAGGATGGGCGCC-1,0.000046,0.526415,0.237459,0.23608
TTGAATATGGACTTTC-1,0.046744,0.484325,0.411693,0.057237
TTGAATCGTTGTATAA-1,0.057392,0.268931,0.32476,0.348917
TTGAATTCACGTGAGG-1,0.159467,0.226825,0.181065,0.432644
TTGACAGGAGCTCCCG-1,0.000143,0.000428,0.031951,0.967479
TTGACATGAACGTGGA-1,0.005749,0.231778,0.11446,0.648012
TTGACCAGGAACAACT-1,0.957205,0.000109,0.000073,0.042613
TTGACCATGTTCTCCG-1,0.061107,0.30444,0.61272,0.021732
TTGACCGTGTTAATGA-1,0.016771,0.000411,0.337633,0.645185
TTGACGATTCAGCACG-1,0.037801,0.929468,0.031291,0.00144
TTGACGCTCCATGAGC-1,0.005758,0.001005,0.076384,0.916854
TTGACTACCATATGGT-1,0.137097,0.259006,0.377988,0.225908
TTGAGAAGTTTAGCAT-1,0.000858,0.002573,0.633833,0.362737
TTGAGAGTACTGCTAA-1,0.000046,0.471591,0.295679,0.232684
TTGAGGCATTTAACTC-1,0.000018,0.8943,0.102809,0.002873
TTGATCTAACTTTGTC-1,0.040335,0.491012,0.309169,0.159484
TTGATGCCGCTCGTCG-1,0.000055,0.006991,0.183456,0.809499
TTGATGTGTAGTCCCG-1,0.055407,0.65428,0.186463,0.10385
TTGATTAGCTGTTTCT-1,0.030022,0.436111,0.322702,0.211165
TTGATTATGCAGATGA-1,0.000029,0.259339,0.076551,0.664081
TTGCAAGAAGACTCCT-1,0.000158,0.000474,0.100558,0.898809
TTGCACAATTCAGAAA-1,0.02096,0.536392,0.140887,0.301761
TTGCACGGAGCAGCAC-1,0.064776,0.033757,0.782407,0.11906
TTGCATGCTGATCACG-1,0.042995,0.541574,0.271232,0.144199
TTGCCATAGCCCGCTC-1,0.005872,0.694625,0.188658,0.110845
TTGCCCTGATCACGGG-1,0.037129,0.000196,0.332054,0.630621
TTGCCGCAGACCTACA-1,0.080717,0.485371,0.228824,0.205088
TTGCCGCTTTCTAGTA-1,0.685442,0.000139,0.000093,0.314326
TTGCCGGTGATCCCTC-1,0.002537,0.33807,0.573513,0.085881
TTGCCTAATCCAAAGT-1,0.000028,0.424507,0.060047,0.515418
TTGCGGAAAGCTGCCC-1,0.000176,0.255109,0.07295,0.671765
TTGCGGCATCAGAAAG-1,0.000101,0.000302,0.081033,0.918564
TTGCGGCGACTCATGC-1,0.000031,0.002075,0.986237,0.011657
TTGCGTAGTTTGAGGA-1,0.001143,0.708385,0.28702,0.003453
TTGCGTCGGCCAACCG-1,0.000056,0.005734,0.49586,0.498351
TTGCGTGAACGCTTAG-1,0.019024,0.10028,0.825416,0.055279
TTGCGTGTGTAGGCAT-1,0.00067,0.23787,0.001339,0.760121
TTGCTCCCATACCGGA-1,0.03455,0.130638,0.586152,0.24866
TTGCTGAAGGAACCAC-1,0.064379,0.120979,0.72616,0.088481
TTGCTGATCATGTTCG-1,0.05856,0.177565,0.513495,0.25038
TTGCTGCACCTATCCA-1,0.000017,0.936833,0.038776,0.024374
TTGCTGGCCGGGCTTC-1,0.01132,0.046365,0.664044,0.27827
TTGGAAGAATACAGTC-1,0.007615,0.394272,0.376158,0.221955
TTGGACATGTGGCTTA-1,0.055054,0.307982,0.337716,0.299248
TTGGACCTATAACAGT-1,0.000846,0.002537,0.460824,0.535792
TTGGAGTCTCCCTTCT-1,0.004669,0.144851,0.837732,0.012747
TTGGATATCGTCTACG-1,0.007341,0.417136,0.244906,0.330617
TTGGATCGACTTCTGG-1,0.000028,0.730267,0.062861,0.206844
TTGGATTGGGTACCAC-1,0.002278,0.124785,0.764828,0.108109
TTGGCCAAATTGTATC-1,0.000193,0.000578,0.064512,0.934718
TTGGCCATCTTGCGCT-1,0.000058,0.704471,0.279013,0.016458
TTGGCCTAGAATTTCG-1,0.037902,0.57429,0.12898,0.258827
TTGGCTCGCATGAGAC-1,0.002569,0.554923,0.308579,0.13393
TTGGGAAGACGAGCCG-1,0.000174,0.167938,0.196853,0.635036
TTGGGACACTGCCCGC-1,0.020185,0.396182,0.150741,0.432891
TTGGGCGGCGGTTGCC-1,0.043481,0.382145,0.461438,0.112935
TTGGTCACACTCGTAA-1,0.000021,0.748537,0.000097,0.251345
TTGGTTGCGGTGCGCG-1,0.015155,0.2088,0.413534,0.362512
TTGTAAGGACCTAAGT-1,0.030346,0.172031,0.457237,0.340386
TTGTAAGGCCAGTTGG-1,0.046451,0.352193,0.525068,0.076287
TTGTAATCCGTACTCG-1,0.066144,0.407642,0.413041,0.113172
TTGTACACCTCGAACA-1,0.019541,0.491454,0.337656,0.151349
TTGTATCACACAGAAT-1,0.052952,0.494263,0.161108,0.291677
TTGTCACCGCGGTATC-1,0.001486,0.263203,0.675164,0.060148
TTGTCGTTCAGTTACC-1,0.017055,0.044714,0.91142,0.026811
TTGTCTCGGCAAGATG-1,0.000086,0.795118,0.000173,0.204624
TTGTGAACCTAATCCG-1,0.000439,0.001318,0.197279,0.800964
TTGTGAGGCATGACGC-1,0.00403,0.241441,0.732074,0.022455
TTGTGCAGCCACGTCA-1,0.000219,0.437101,0.000437,0.562244
TTGTGCGGAAGCGGAT-1,0.000034,0.463172,0.293755,0.243039
TTGTGGAGACAGCCGG-1,0.00011,0.451739,0.115356,0.432795
TTGTGGCCCTGACAGT-1,0.041135,0.210741,0.582896,0.165228
TTGTGGTAGGAGGGAT-1,0.002686,0.019363,0.220991,0.75696
TTGTGTATGCCACCAA-1,0.184136,0.000923,0.068173,0.746767
TTGTGTTTCCCGAAAG-1,0.000128,0.253463,0.357145,0.389264
TTGTTAGCAAATTCGA-1,0.160111,0.752544,0.057733,0.029612
TTGTTCAGTGTGCTAC-1,0.028475,0.778596,0.120594,0.072335
TTGTTGGCAATGACTG-1,0.000129,0.153649,0.000258,0.845963
TTGTTGTGTGTCAAGA-1,0.016092,0.101023,0.179848,0.703037
TTGTTTCACATCCAGG-1,0.003682,0.859946,0.058309,0.078063
TTGTTTCATTAGTCTA-1,0.000103,0.399011,0.48065,0.120237
TTGTTTCCATACAACT-1,0.063307,0.12922,0.453554,0.353919
TTGTTTGTATTACACG-1,0.000173,0.000518,0.089147,0.910162
TTGTTTGTGTAAATTC-1,0.000029,0.160136,0.833088,0.006746
