barcode,in_tissue,array_row,array_col,pxl_row_in_fullres,pxl_col_in_fullres
ACGCCTGACACGCGCT-1,0,0,0,24026,3061
TACCGATCCAACACTT-1,0,1,1,23887,3302
ATTAAAGCGGACGAGC-1,0,0,2,23749,3061
GATAAGGGACGATTAG-1,0,1,3,23610,3302
GTGCAAATCACCAATA-1,0,0,4,23472,3061
TGTTGGCTGGCGGAAG-1,0,1,5,23333,3302
GCATCCTCTCCTATTA-1,0,0,6,23194,3060
GCGAGGGACTGCTAGA-1,0,1,7,23055,3302
TGGTACCGGCACAGCC-1,0,0,8,22917,3060
GCGCGTTTAAATCGTA-1,0,1,9,22778,3301
TGCCTTGCCCTTACGG-1,0,0,10,22640,3060
GACGACTTTCCAAGAA-1,0,1,11,22501,3301
CCAGTGAGCTCCTTGT-1,0,0,12,22362,3060
ATACCCTGGCTCAAAT-1,0,1,13,22223,3301
GGGTTTCCGGCTTCCA-1,0,0,14,22085,3059
TAACCGTCCAGTTCAT-1,0,1,15,21946,3300
AAACAACGAATAGTTC-1,0,0,16,21808,3059
CAAGGGAGTGTATTTG-1,0,1,17,21669,3300
CCAAGCTTGATCTCCT-1,0,0,18,21530,3059
TTATTTCATCCCAAAC-1,0,1,19,21391,3300
GAGCGCTATGTCAGGC-1,0,0,20,21253,3059
TATGGCAGACTTTCGA-1,0,1,21,21114,3300
CTTCGTGCCCGCATCG-1,0,0,22,20976,3058
AAACGGGTTGGTATCC-1,0,1,23,20837,3299
TGCAAACCCACATCAA-1,0,0,24,20698,3058
GACGGGATGTCTTATG-1,0,1,25,20559,3299
GGCGAGCATCGAGGAC-1,0,0,26,20421,3058
CGCGTGCTATCAACGA-1,0,1,27,20282,3299
TGAAACCTCAACTCAC-1,0,0,28,20144,3057
CACATAAGGCGACCGT-1,0,1,29,20005,3299
TGACCCAACTCACATT-1,0,0,30,19866,3057
ATACGCCGATCTACCG-1,0,1,31,19728,3298
ACTTATCTGATCTATA-1,0,0,32,19589,3057
GTGTGAGCCGAGGTGC-1,0,1,33,19450,3298
GATGATTTGAAACTGG-1,0,0,34,19312,3057
GGGAACCACCTGTTTC-1,0,1,35,19173,3298
GTTCGTTGCGGACCAG-1,0,0,36,19034,3056
TGAGGTTGATCCCAAG-1,0,1,37,18896,3298
GATGCCACACTACAGC-1,0,0,38,18757,3056
AGGCAAAGAGGAATCA-1,0,1,39,18618,3297
AAGTAAGCTTCCAAAC-1,0,0,40,18480,3056
AACGTAGTCTACCCAT-1,0,1,41,18341,3297
GTTTGAGCGGTTATGT-1,0,0,42,18202,3056
GAAGCAAGGCAATGTT-1,0,1,43,18064,3297
TCACTCAGCGCATTAG-1,0,0,44,17925,3055
TACAATGAAACCAGCA-1,0,1,45,17786,3296
GTGCGCTTACAAATGA-1,0,0,46,17648,3055
GCACTCCCACAGTCCC-1,0,1,47,17509,3296
CGAAGACTGCCCGGGA-1,0,0,48,17371,3055
CAGGATCCGCCCGACC-1,0,1,49,17232,3296
CACGATTGGTCGTTAA-1,0,0,50,17093,3054
GGTTGTATCGTGAAAT-1,0,1,51,16954,3296
TCTTATGGGTAGTACC-1,0,0,52,16816,3054
TACAAGCTGTTCACTG-1,0,1,53,16677,3295
GTATCTTGTTGCTCAC-1,0,0,54,16539,3054
ATACCAGGTGAGCGAT-1,0,1,55,16400,3295
CCTAAACAGGGTCCGT-1,0,0,56,16261,3054
ATGGTGCTCAAAGCCA-1,0,1,57,16122,3295
CAAATGCGGAGTGTTC-1,0,0,58,15984,3053
CGTGCCCGACATTTGT-1,0,1,59,15845,3295
GTATCTCCCTAACTGT-1,0,0,60,15707,3053
ATTTGCCTAGTTACGA-1,0,1,61,15568,3294
ACGTCCTAAACGAGAT-1,0,0,62,15429,3053
CTGGGATCGCCCAGAT-1,0,1,63,15290,3294
CTGCAAATGGGCTCCA-1,0,0,64,15152,3053
CATTATAACAGGGTCC-1,0,1,65,15013,3294
ACCTTTCCTTTAGAAG-1,0,0,66,14875,3052
ATAGATTTGCAGTCGG-1,0,1,67,14736,3293
CTCGGGCATCGTCGGG-1,0,0,68,14597,3052
GTGGCGGGCCGTAGCT-1,0,1,69,14458,3293
CAACAGTGCCAAACGG-1,0,0,70,14320,3052
TGCGGGTATTGGGATC-1,0,1,71,14181,3293
GTCTCGCCAACACGCC-1,0,0,72,14043,3051
CTGGGCGGCCAAATGT-1,0,1,73,13904,3293
TAAAGGAGAAACTAGT-1,0,0,74,13765,3051
TCCCACGGAGGGAGCT-1,0,1,75,13626,3292
AGCTTCAATACTTTGA-1,0,0,76,13488,3051
TTCCACATTTCTCGTC-1,0,1,77,13349,3292
ACAAACCGACAAGGCG-1,0,0,78,13211,3051
AGACGGGATTGGTATA-1,0,1,79,13072,3292
AACCTAAAGCCGTCCG-1,0,0,80,12933,3050
TACAAATTGCGGAGGT-1,0,1,81,12795,3292
CCCGCTAGAGGGTTAA-1,0,0,82,12656,3050
CATTGCAAAGCATAAT-1,0,1,83,12517,3291
TGTACGCTATCAGCTT-1,0,0,84,12379,3050
TTCTTCGCAATAGAGC-1,0,1,85,12240,3291
TGTGATTCCAGCGCTT-1,0,0,86,12101,3050
ATTCAGGATCGCCTCT-1,0,1,87,11963,3291
GCCCATGGGTGCAATG-1,0,0,88,11824,3049
TTCCCGACGCTTCACT-1,0,1,89,11685,3290
AGCGGTTGAGATGTAC-1,0,0,90,11547,3049
GCTGTCTGTGATCGAC-1,0,1,91,11408,3290
AAAGACATGAAGTTTA-1,0,0,92,11269,3049
CAACAGAATAACGCTA-1,0,1,93,11131,3290
TGCGGTCTACGAGTAA-1,0,0,94,10992,3049
AAGACTCACGCCCACT-1,0,1,95,10853,3290
CTTTGAAACATATTCC-1,0,0,96,10715,3048
CTGGGCACTAGTCGGA-1,0,1,97,10576,3289
CGCCCTTACATCCACC-1,0,0,98,10438,3048
CACGACCACAGACTTT-1,0,1,99,10299,3289
CAATCCATTATCCGTT-1,0,0,100,10160,3048
GTGGCGTGCACCAGAG-1,0,1,101,10021,3289
CGGAGTCCTAACCTGG-1,0,0,102,9883,3047
GGTCCCATAACATAGA-1,0,1,103,9744,3289
ATCTCATAAACCTACC-1,0,0,104,9606,3047
TGCATGGCAGTCTTGC-1,0,1,105,9467,3288
TTGCAGGTCATGAAGT-1,0,0,106,9328,3047
AGCTGCATTTGAGGTG-1,0,1,107,9189,3288
TAATCAGGAATGCTGC-1,0,0,108,9051,3047
CCATCATAAGAACAGG-1,0,1,109,8912,3288
TCGTATCACCAAGCTA-1,0,0,110,8774,3046
ATTCAGATGAATCCCT-1,1,1,111,8635,3287
AAAGGTCAACGACATG-1,0,0,112,8496,3046
AGCTGCTGTGCCGAAT-1,1,1,113,8357,3287
CTAGCGCCAATCCTAC-1,0,0,114,8219,3046
GCTCGACCGAACTGAA-1,1,1,115,8080,3287
ACAGTGCAGCGCATTT-1,0,0,116,7942,3046
CGGCTGAAGGTTACGC-1,1,1,117,7803,3287
CACCTCTACGAGTGTG-1,0,0,118,7664,3045
ATACGACAGATGGGTA-1,1,1,119,7525,3286
ACTTCCTGTCGTGCGA-1,0,0,120,7387,3045
CGTAACGGAACGATCA-1,1,1,121,7248,3286
AAATCACTCCTAAACG-1,0,0,122,7110,3045
CTCCGAGTAAATCCGC-1,1,1,123,6971,3286
ACGCTAGTATCAGTGC-1,0,0,124,6832,3044
AGAGTGAACAGACACC-1,1,1,125,6693,3286
ACACCCGTAAATCTGT-1,0,0,126,6555,3044
GCTTTGCTGCCGGGTA-1,1,1,127,6416,3285
ACAGGAGGCGCAGCCG-1,0,2,0,24026,3544
AGGCAATACGGAGGAC-1,0,3,1,23887,3785
TGGTGTGACAGACGAT-1,0,2,2,23748,3544
ATCTATCGATGATCAA-1,0,3,3,23610,3785
CGGTAACAAGATACAT-1,0,2,4,23471,3543
TCGCCGGAGAGTCTTA-1,0,3,5,23332,3784
GGAGGAGTGTGTTTAT-1,0,2,6,23194,3543
TTAGGTGTGACTGGTC-1,0,3,7,23055,3784
CAGGGCTAACGAAACC-1,0,2,8,22916,3543
CCCGTGGGTTAATTGA-1,0,3,9,22778,3784
GACCGACCGCTAATAT-1,0,2,10,22639,3542
GGTATCAAGCATAGAA-1,0,3,11,22500,3784
TGCATGAGTAGATTCG-1,0,2,12,22362,3542
AATTCCAACTTGGTGA-1,0,3,13,22223,3783
TGCCGATGTCATCAAT-1,0,2,14,22084,3542
GCTGGGTCCGCTGTTA-1,0,3,15,21946,3783
TGAACACCCGAAGCAG-1,0,2,16,21807,3542
AACATTGGTCAGCCGT-1,0,3,17,21668,3783
GTGGGTCTTCTTTGCG-1,0,2,18,21530,3541
CATCGAATGGATCTCT-1,0,3,19,21391,3782
GCTACACTGTCCGAAC-1,0,2,20,21253,3541
CGGGTTGTAGCTTTGG-1,0,3,21,21114,3782
CCTAAGTGTCTAACCG-1,0,2,22,20975,3541
TCTGTGACTGACCGTT-1,0,3,23,20836,3782
TTATCATACTCGCAAA-1,0,2,24,20698,3541
AGCGTAGCGCTAGACC-1,0,3,25,20559,3782
TCCCTCCGAAATCGTT-1,0,2,26,20421,3540
AGGTCGCCACTTCGGT-1,0,3,27,20282,3781
CTAGCAACTAATTTAC-1,0,2,28,20143,3540
TTGCTAGCTACCAATC-1,0,3,29,20004,3781
GCCGGTTTGGGCGGAT-1,0,2,30,19866,3540
TGTAACTTGTCAACCT-1,0,3,31,19727,3781
CGAGATGTTGCCTATA-1,0,2,32,19589,3539
GTTACGAAATCCACGC-1,0,3,33,19450,3781
CTTGTCGTACGTGTCA-1,0,2,34,19311,3539
GCGTCCAGCTCGTGGC-1,0,3,35,19172,3780
CCCTTCTCGTACGCGA-1,0,2,36,19034,3539
CCAAAGTCCCGCTAAC-1,0,3,37,18895,3780
CCGCTTCGCGGTTAAC-1,0,2,38,18757,3539
GTTACGGCCCGACTGC-1,0,3,39,18618,3780
CCCGCTTGCCCTCGTC-1,0,2,40,18479,3538
TAGTGAGAAGTGGTTG-1,0,3,41,18340,3779
CGCTACCGCCCTATGA-1,0,2,42,18202,3538
AAACAATCTACTAGCA-1,0,3,43,18063,3779
GCGCGATGGGTCAAGT-1,0,2,44,17925,3538
ATAAACCATTGGACGG-1,0,3,45,17786,3779
TCGGGCACTTCTGGAT-1,0,2,46,17647,3538
TCTGTGGCTACATTTC-1,0,3,47,17508,3779
CTCTGTGCCTGCTATG-1,0,2,48,17370,3537
CACGACTAAAGTTCTG-1,0,3,49,17231,3778
GAGGAGTAATTCCTAC-1,0,2,50,17093,3537
AGAGGTATCTCGGTCC-1,0,3,51,16954,3778
GGCGTACCCTATATAA-1,0,2,52,16815,3537
GCCGGAAACACATCTT-1,0,3,53,16677,3778
AAATGTGGGTGCTCCT-1,0,2,54,16538,3536
ACCAGGAGTGTGATCT-1,0,3,55,16399,3778
TGTGGAGGAAGCTTAA-1,0,2,56,16261,3536
AAGGAGAACTTATAAG-1,0,3,57,16122,3777
CCCTCGGGAGCCTTGT-1,0,2,58,15983,3536
ACTGTTTAGTGTAGGC-1,0,3,59,15845,3777
CGTCAGTTTATCGTCT-1,0,2,60,15706,3536
GCGTGTATGTCGTATT-1,0,3,61,15567,3777
ACAATCGATCTTTATA-1,0,2,62,15429,3535
CAGCCCTCACAGGCAG-1,1,3,63,15290,3777
CGCGTCATATTAAACC-1,0,2,64,15151,3535
GAAGACTTCAATGCCG-1,1,3,65,15013,3776
TTGCGGCGACTCATGC-1,0,2,66,14874,3535
ACCAAACTAGAAATCC-1,1,3,67,14735,3776
TTACTGTTTCTCTACG-1,0,2,68,14597,3535
GACCAGGTCATTCATA-1,1,3,69,14458,3776
TTCTTCCCTTTGATAT-1,0,2,70,14320,3534
ACGCCCAGCTGTCGAT-1,1,3,71,14181,3775
AGTAGCGTGAACGAAC-1,0,2,72,14042,3534
CCTCGACCCACTGCCT-1,1,3,73,13903,3775
AGTTATTGAAAGGTAA-1,0,2,74,13765,3534
TCAGTTACGGAATGAT-1,1,3,75,13626,3775
GAATCTATACTCGGAC-1,0,2,76,13488,3533
TCGGCTAACTTCCCTT-1,1,3,77,13349,3775
ACGTGGTCGAATGTGC-1,0,2,78,13210,3533
ATATCGTGCCAGACCC-1,1,3,79,13071,3774
GTAGCTAGTAAGCGCG-1,0,2,80,12933,3533
ACGCTTAGTGTCTCTC-1,1,3,81,12794,3774
TCCGGCCTGCATCGAT-1,0,2,82,12656,3533
TAGTGGAACTCATACA-1,1,3,83,12517,3774
ATCATCTGCCCAGTGT-1,0,2,84,12378,3532
GTTATTAAATACGACC-1,1,3,85,12239,3774
GCGCTAAGTATGCATG-1,0,2,86,12101,3532
CCTGACGCAACCTTTA-1,1,3,87,11962,3773
CCCAAGAATGCACGGT-1,0,2,88,11824,3532
AACTGGGTTCGAGCCG-1,1,3,89,11685,3773
GGTTCCACCCGCTTCT-1,1,2,90,11546,3532
CATGCACGTGTTACTG-1,1,3,91,11407,3773
AGCGTTCCGATTTAAA-1,1,2,92,11269,3531
CCTACGCGACCTTACA-1,1,3,93,11130,3772
CGAATTACATGGTGTT-1,1,2,94,10992,3531
GAGGTCTTAGTGGGTC-1,1,3,95,10853,3772
GCCGCTAGATACGCAG-1,1,2,96,10714,3531
GTCACCTGTCTATGTC-1,1,3,97,10575,3772
CCGATTGGTCAATGAA-1,1,2,98,10437,3531
CCTGTGCGGATTGTAA-1,1,3,99,10298,3772
TTACGTAGCGCGTGCT-1,1,2,100,10160,3530
GGAGGCGAAGAACCGC-1,1,3,101,10021,3771
GGGTCACGTGCTTATG-1,1,2,102,9882,3530
GCTCCGGACGTTGATA-1,1,3,103,9744,3771
ATGTTTGTAAGATCAT-1,1,2,104,9605,3530
TGACCCAGCATTCCCG-1,1,3,105,9466,3771
TGGTCGTTTGATAGAT-1,1,2,106,9328,3529
TGTAATGCCTTCGGAC-1,1,3,107,9189,3771
TGCTCACACAACAACC-1,1,2,108,9050,3529
TACGATCCAAGCCACT-1,1,3,109,8912,3770
TTGTAACTTCATAGCG-1,1,2,110,8773,3529
AGATTCAAGCGGGTCG-1,1,3,111,8634,3770
CTCAGCAGACTGCCGA-1,1,2,112,8496,3529
GTAACATCAGCTCATC-1,1,3,113,8357,3770
ATGGAACAGAATAAAC-1,1,2,114,8218,3528
GGGCCTATACAACCGG-1,1,3,115,8080,3769
TCAAACAATTAGGACA-1,1,2,116,7941,3528
AAACCACTACACAGAT-1,1,3,117,7802,3769
AAACGACAGTCTTGCC-1,1,2,118,7664,3528
TTGAGGGTCGAACGCG-1,1,3,119,7525,3769
TGTTGATCACTGTTTA-1,1,2,120,7387,3528
AGGGTGTGCTACACGC-1,1,3,121,7248,3769
GTAGTTAGACAATATA-1,1,2,122,7109,3527
AATGGCCGCCAATGCG-1,1,3,123,6970,3768
TCGGCGGTATTAGATT-1,1,2,124,6832,3527
GGGTCACTGAGTAGTG-1,1,3,125,6693,3768
GAATTATGCAACCTAC-1,1,2,126,6555,3527
GATCTTAGTGAACGTG-1,1,3,127,6416,3768
CTAATGCGCCCAACAA-1,0,4,0,24025,4026
GCCACCCATTCCACTT-1,0,5,1,23886,4267
TACTCACAACGTAGTA-1,0,4,2,23748,4026
GTTCGGTGTGGATTTA-1,0,5,3,23609,4267
TCTTTCGGCGGGACAC-1,0,4,4,23471,4026
GGAGACATTCACGGGC-1,0,5,5,23332,4267
GGGATTATCTCACAAC-1,0,4,6,23193,4025
TAGAACGCCAGTAACG-1,0,5,7,23054,4267
ACGAGTCGCCGGCGTT-1,0,4,8,22916,4025
TGATGGGACTAAGTCA-1,0,5,9,22777,4266
TGCGAGAAACGTTACG-1,0,4,10,22639,4025
TCGCCTCGACCTGTTG-1,0,5,11,22500,4266
AACTCGATAAACACGT-1,0,4,12,22361,4025
AGGAAAGCCTCTGATG-1,0,5,13,22222,4266
GAAGGACTAAATTGAA-1,0,4,14,22084,4024
GTATCGGGACGAGCTG-1,0,5,15,21945,4266
CCTGTGCATAGGAGAC-1,0,4,16,21807,4024
CATACGGGTGCATGAT-1,0,5,17,21668,4265
CCACTAAACTGAATCG-1,0,4,18,21529,4024
AAATTGCGGCGGTTCT-1,0,5,19,21390,4265
AGTCCAGCGGGTACGT-1,0,4,20,21252,4024
CATTCAGGTCAGTGCG-1,0,5,21,21113,4265
CTAAAGTCCGAAGCTA-1,0,4,22,20975,4023
AATCAGACTGCAGGAC-1,0,5,23,20836,4264
AGTATCCATAATAACG-1,0,4,24,20697,4023
CTGGCTGCTAACGTAA-1,0,5,25,20559,4264
GTTCCAAGACAGCGAC-1,0,4,26,20420,4023
AAGACTAACCCGTTGT-1,0,5,27,20281,4264
GATTAATCCTGGCTCA-1,0,4,28,20143,4023
CGCGCAAGGAACTACA-1,0,5,29,20004,4264
CAGTAGCGAGGTAGTA-1,0,4,30,19865,4022
ACGGCGGGTTGCCCTG-1,0,5,31,19727,4263
CTAGGCGGCAGAGAAT-1,0,4,32,19588,4022
GTGCGCAGCTTGCTCC-1,0,5,33,19449,4263
TCACTATCGTGCAATC-1,0,4,34,19311,4022
TATGATTCTGCTTGGT-1,0,5,35,19172,4263
TAAGATTTAGCGGGAG-1,0,4,36,19033,4021
TTACGGTGTCACCGAG-1,0,5,37,18895,4263
CTACACTAGCTTGTTC-1,0,4,38,18756,4021
TGAGCAGTCGTGAAGT-1,0,5,39,18617,4262
CGCTGAGGACGTCCAA-1,0,4,40,18479,4021
GTGTATGACTTTAAAG-1,0,5,41,18340,4262
CTAAACGGGTGTAATC-1,0,4,42,18202,4021
TGTACTGTGCCAAAGT-1,0,5,43,18063,4262
GGCCACAAGCGATGGC-1,0,4,44,17924,4020
GTCAATTGTACTGAAG-1,0,5,45,17785,4261
AGGGACAGCACGGCGG-1,0,4,46,17647,4020
AGCTTATAGAGACCTG-1,0,5,47,17508,4261
AACTAGCGTATCGCAC-1,0,4,48,17370,4020
AACTTTAGCTGCTGAG-1,1,5,49,17231,4261
CCCAAGACAGAGTATG-1,0,4,50,17092,4020
GGCATCAACGAGCACG-1,1,5,51,16953,4261
ATGCATTCCGTGATGG-1,1,4,52,16815,4019
TTATAGATGCACATTA-1,1,5,53,16676,4260
GAACCATCTGGGAGAC-1,1,4,54,16538,4019
TGCTATACAAACGGAC-1,1,5,55,16399,4260
ACTTGCCATATTGTAC-1,1,4,56,16260,4019
TATTCCGGCAGTCCTA-1,1,5,57,16121,4260
GACGGACCGCGTTCCT-1,1,4,58,15983,4018
ATGTGTAGTTTAGTCA-1,1,5,59,15844,4260
ATACCAGCAAATTGCT-1,1,4,60,15706,4018
AAGTTTACTAATGGCA-1,1,5,61,15567,4259
CTCTCGATGTGCGCCT-1,1,4,62,15428,4018
GATTGACACTCTGCTC-1,1,5,63,15289,4259
TATCACAGCACGGGCA-1,1,4,64,15151,4018
ACCGTTCCCGCTCTGA-1,1,5,65,15012,4259
CCGCCACCACAATCCA-1,1,4,66,14874,4017
CATTCACTGACAGCTA-1,1,5,67,14735,4259
CGGCTGCAAGATTAAG-1,1,4,68,14596,4017
CATGAACCTCTTATCA-1,1,5,69,14457,4258
TTAATGCGAGGTAACT-1,1,4,70,14319,4017
AATAAGTCCTCGAGAC-1,1,5,71,14180,4258
ACCAGCCCGGTCTTTG-1,1,4,72,14042,4017
CTACGAACTAGGTCGA-1,1,5,73,13903,4258
ACATCTCAACGCGTAA-1,1,4,74,13764,4016
CACTACTCAGTTCTGT-1,1,5,75,13626,4257
CCGACTCGCATAGTCT-1,1,4,76,13487,4016
CATTTATCGTTCAAGA-1,1,5,77,13348,4257
CAAACGTGGTCTTGCG-1,1,4,78,13210,4016
TAGAAACCACTAAGTA-1,1,5,79,13071,4257
ACTGATTTAGTGATTC-1,1,4,80,12932,4015
TCGTATTTCGTCCGGA-1,1,5,81,12794,4257
CGGAAATTTCACATCC-1,1,4,82,12655,4015
ATCCACGCTAAATGTT-1,1,5,83,12516,4256
GTTCAATCTATGTCAA-1,1,4,84,12378,4015
ATAAAGGTCAAGTACG-1,1,5,85,12239,4256
CAACTCCAACGTTTAG-1,1,4,86,12100,4015
TAGGAACAGCCTCCAG-1,1,5,87,11962,4256
ATGGGAACGGAAGCGG-1,1,4,88,11823,4014
CACACGTTTCAATGGG-1,1,5,89,11684,4256
GGTGTTCTGTTTCTAC-1,1,4,90,11546,4014
AGTAACGTTCATCCTG-1,1,5,91,11407,4255
GTATAGTGGCCCATGT-1,1,4,92,11269,4014
TCTACACGTTCATGCA-1,1,5,93,11130,4255
AATCTGGGTAGACCCT-1,1,4,94,10991,4014
TCGGTTAGCCATGTAG-1,1,5,95,10852,4255
TGCCATGGCTTATAAG-1,1,4,96,10714,4013
TAAGTAAATGTGCCGC-1,1,5,97,10575,4254
GTGTCCGATAAGGCAT-1,1,4,98,10437,4013
TGGCACGAGCTCGAGT-1,1,5,99,10298,4254
ACCGGTCTGAGTACGG-1,1,4,100,10159,4013
GAACTTAGCGCCCGGT-1,1,5,101,10020,4254
AGTAGCTAGACGCCGA-1,1,4,102,9882,4013
ATAGGAATCTAAGCTT-1,1,5,103,9743,4254
CTTCCTGCATATTTAC-1,1,4,104,9605,4012
CAATATGTAGATTTAC-1,1,5,105,9466,4253
ACAAGGCCTACCAGCC-1,1,4,106,9327,4012
TTATAGTCCAAGGTGC-1,1,5,107,9188,4253
AAACGCCCGAGATCGG-1,1,4,108,9050,4012
CCTCGTTACGCCTGTT-1,1,5,109,8911,4253
GAACGGTGTAAAGCAG-1,1,4,110,8773,4011
ACGCATAAATGACATG-1,1,5,111,8634,4253
GGTTCGATGCTGAGTT-1,1,4,112,8495,4011
CTTTGGCAGACAGAGT-1,1,5,113,8356,4252
TTCGTGGGCTGGAAGC-1,1,4,114,8218,4011
CAAAGGTTAAATTCAG-1,1,5,115,8079,4252
GTTTGGCGTCAGGCAC-1,1,4,116,7941,4011
GCTTTCTATCTCAACT-1,1,5,117,7802,4252
TGCATCTCCGGATCTT-1,1,4,118,7663,4010
CTGAAACGGCCCTCAG-1,1,5,119,7524,4251
TAGCAGTAAATACGCG-1,1,4,120,7386,4010
CGGGCTACTTAAATTG-1,1,5,121,7247,4251
ATTATGCTCAGTATTG-1,1,4,122,7109,4010
TGATGCTCACGTAGTC-1,1,5,123,6970,4251
GTCTAAGATGCCCAGC-1,1,4,124,6831,4010
AACCCGATAGGGCTTC-1,1,5,125,6693,4251
CGCTATCGTGGCTTTA-1,1,4,126,6554,4009
CGTCTCTCGCCGAGGC-1,1,5,127,6415,4250
AGTGGGAGTATACACG-1,0,6,0,24025,4509
GGTCTTGGTGTTAACT-1,0,7,1,23886,4750
GGCTGGCAGCTTTATG-1,0,6,2,23747,4509
CGCCAATTATTGCGTT-1,0,7,3,23609,4750
GGTAACCGGCAAAGGT-1,0,6,4,23470,4508
TGGGACCATTGGGAGT-1,0,7,5,23331,4749
CTGCAGGTGCTCGGCC-1,0,6,6,23193,4508
CCGGTGCGAGTGATAG-1,0,7,7,23054,4749
GGGTACACTCTGGAGG-1,0,6,8,22916,4508
TAGCCAGAGGGTCCGG-1,0,7,9,22777,4749
CTTGTGAGGACAGCGG-1,0,6,10,22638,4507
GAAGGGCATAACCATG-1,0,7,11,22499,4749
CAACATGGCCTGATAA-1,0,6,12,22361,4507
CAATTTGACCGGGAAG-1,0,7,13,22222,4748
TCTGACTGTAATGGTT-1,0,6,14,22084,4507
TTCATAGCCTTGTAAC-1,0,7,15,21945,4748
TGGAAACGGAGTGAAC-1,0,6,16,21806,4507
ATCGCACGATTGTTCA-1,0,7,17,21667,4748
CGCCACCCGCATTAAC-1,0,6,18,21529,4506
TGGACCACGGCGTTGA-1,0,7,19,21390,4748
GTATATGTTACGGCGG-1,0,6,20,21252,4506
GTATTCTTACCGTGCT-1,0,7,21,21113,4747
TTCAGAGTAACCTGAC-1,0,6,22,20974,4506
GCGGTAACCCAAATGA-1,0,7,23,20835,4747
CTACGTGTTGCCACCA-1,0,6,24,20697,4506
CTAGATAAACTCCTCG-1,0,7,25,20558,4747
TCCATTAGTTGGATAG-1,0,6,26,20420,4505
CTGGCTCCTGCGGGAT-1,0,7,27,20281,4746
CAGTCTCTCGGCTAAT-1,0,6,28,20142,4505
GTATGACGTGGGAAAC-1,0,7,29,20003,4746
AGTCACTCCGCCTCAT-1,0,6,30,19865,4505
GCAGCGGTGGGCATTA-1,0,7,31,19726,4746
TATGGAGTTTCTCGTT-1,0,6,32,19588,4505
ACTCAACGAATGTATT-1,0,7,33,19449,4746
AACACGCGGCCGCGAA-1,0,6,34,19310,4504
CGATATTAGCCGCAGG-1,0,7,35,19171,4745
AGCGTCTGAACCCGCA-1,0,6,36,19033,4504
GATGTCCGGATCACAT-1,0,7,37,18894,4745
GGTCACGTTAGATTCA-1,0,6,38,18756,4504
TTAAGGATACGGAGGT-1,1,7,39,18617,4745
GTGCGGGACCATCGGC-1,0,6,40,18478,4503
CCATCTTGTTCACAAT-1,1,7,41,18339,4745
TCCGAGAAGGCTAAGC-1,1,6,42,18201,4503
TGGCGGTGTGCGATTG-1,1,7,43,18062,4744
ATCCTGCTGCAGATAG-1,1,6,44,17924,4503
TTATGCGTCCCGGTCC-1,1,7,45,17785,4744
CATAATGAGCGGGCGA-1,1,6,46,17646,4503
AGACATAGATCCTTCC-1,1,7,47,17508,4744
GGTGAAACCGGGAATG-1,1,6,48,17369,4502
AACTGGTGTGGGCCTT-1,1,7,49,17230,4743
GTAGCGCTGTTGTAGT-1,1,6,50,17092,4502
TTGTTTGTGTAAATTC-1,1,7,51,16953,4743
GGATCAAAGGACGAGG-1,1,6,52,16814,4502
CGTAGCGCCGACGTTG-1,1,7,53,16676,4743
CAAGTGAACTTTGGTT-1,1,6,54,16537,4502
GTAGACAACCGATGAA-1,1,7,55,16398,4743
CAATGGTCGGCCTGGG-1,1,6,56,16260,4501
ACAGATTAGGTTAGTG-1,1,7,57,16121,4742
GTTATCACCTTCTGAA-1,1,6,58,15983,4501
TGGTATCGGTCTGTAT-1,1,7,59,15844,4742
GGAATAACCTCAAGAA-1,1,6,60,15705,4501
ATTATCTCGACAGATC-1,1,7,61,15566,4742
CCGAGGGATGTTAGGC-1,1,6,62,15428,4500
TGAGATCAAATACTCA-1,1,7,63,15289,4742
AAACGAAGAACATACC-1,1,6,64,15151,4500
CTGGTCCTAACTTGGC-1,1,7,65,15012,4741
TGCACGAGTCGGCAGC-1,1,6,66,14873,4500
ATAGTCTTTGACGTGC-1,1,7,67,14734,4741
TGGAGCTAAAGTTCCC-1,1,6,68,14596,4500
GGGTGGTCCAGCCTGT-1,1,7,69,14457,4741
CATGCATGGAGACCCT-1,1,6,70,14319,4499
ACACGGCACTATGCAT-1,1,7,71,14180,4741
CCCTGGTATGGGCGGC-1,1,6,72,14041,4499
GGAGGATTGAAAGGAG-1,1,7,73,13902,4740
CCGCTGGTGCCATTCA-1,1,6,74,13764,4499
GTTAGAGTGTGCCGCT-1,1,7,75,13625,4740
TCGGAATGACCATCAA-1,1,6,76,13487,4499
TTCAATTAGCCATAAT-1,1,7,77,13348,4740
GATGTGTTGTCACAAG-1,1,6,78,13209,4498
TCTTTCTCTTAAGGAG-1,1,7,79,13070,4739
ACCCTTTAGTTCTCCA-1,1,6,80,12932,4498
ACCACAACTCAGAACA-1,1,7,81,12793,4739
TATGATAAATCTAACG-1,1,6,82,12655,4498
GATCCTCTTGCGCTTA-1,1,7,83,12516,4739
TTCTACCTTTATGTTG-1,1,6,84,12377,4497
GAAATACCTGCTGGCT-1,1,7,85,12238,4739
ATTCTGAGTATGAACT-1,1,6,86,12100,4497
GGATTAAGCTAAGGTC-1,1,7,87,11961,4738
AGTACGTGGCCTGTCT-1,1,6,88,11823,4497
TCAGGGTGCACGAAAC-1,1,7,89,11684,4738
AAATTTACCGAAATCC-1,1,6,90,11545,4497
TTGAGGCATTTAACTC-1,1,7,91,11406,4738
AACCAGTATCACTCTT-1,1,6,92,11268,4496
CACCGGAGATATCTCC-1,1,7,93,11129,4738
GACTGGGCGCCGCAAC-1,1,6,94,10991,4496
CACGTCTATGATGTGG-1,1,7,95,10852,4737
TTAAGACGAACGAACC-1,1,6,96,10713,4496
TGACCAGCTTCAAAGT-1,1,7,97,10575,4737
AGAGTTAGAGACCGAT-1,1,6,98,10436,4496
TTCGGACTGATGCCTT-1,1,7,99,10297,4737
CTCGAATGGAACGTAT-1,1,6,100,10159,4495
GGACGGCTTGCGCAAC-1,1,7,101,10020,4736
CTAAGTACAGGGCTAC-1,1,6,102,9881,4495
ACAAATTCAGATCTGA-1,1,7,103,9743,4736
CATGGAAATGGGACCA-1,1,6,104,9604,4495
GGTGGACCACGTGTTA-1,1,7,105,9465,4736
CACGACGTAATAGTAA-1,1,6,106,9327,4495
CGGGTTCGGCACGTAT-1,1,7,107,9188,4736
CTGGGCTATCCTTTGG-1,1,6,108,9050,4494
GTATTAGGGTTCGCGT-1,1,7,109,8911,4735
TCATTCGTATAATTTG-1,1,6,110,8772,4494
AATAGCAAGCCTCCTG-1,1,7,111,8633,4735
CATCTACCCGAGAACG-1,1,6,112,8495,4494
GCTTCAGTGGGATTAC-1,1,7,113,8356,4735
TCTGTGATGGAGGTTG-1,1,6,114,8218,4493
ATCCACTTTCAGACTA-1,1,7,115,8079,4735
ATGGTTACGAAACATG-1,1,6,116,7940,4493
GGCCCAATCTAGAGGG-1,1,7,117,7801,4734
GATGGTGAAATAACCC-1,1,6,118,7663,4493
AGAGGGACAATTGTCC-1,1,7,119,7524,4734
CGCGTACATTCTGGAA-1,1,6,120,7386,4493
CAAGAAACCCTAAACT-1,1,7,121,7247,4734
TTGGTGCGGTGTTGAA-1,1,6,122,7108,4492
GGTTCCCTAGTGTCTC-1,1,7,123,6969,4733
CGATAACCAATTTGAG-1,1,6,124,6831,4492
GCCCACTGGTCCACAA-1,1,7,125,6692,4733
GAGGGCCGGCAGAGTC-1,1,6,126,6554,4492
CGACACGGATGCCCAC-1,1,7,127,6415,4733
CTGTCTGTGGCTGGCT-1,0,8,0,24024,4991
ATATTATCCCGTATTT-1,0,9,1,23885,5233
GCGCTGGCGGAAAGTC-1,0,8,2,23747,4991
ATCTAACGTCCCTATG-1,0,9,3,23608,5232
GTCAGACAGCGTTGGA-1,0,8,4,23470,4991
GCCAGGCTTAGTGGTA-1,0,9,5,23331,5232
ATTCAAAGTACCTGTT-1,0,8,6,23192,4991
TGGACGTAGGCGAATC-1,0,9,7,23053,5232
ACACATTGACGCAACA-1,0,8,8,22915,4990
GATATCAGTATGTATC-1,0,9,9,22776,5231
TGGGCCTTGCCTGCAT-1,0,8,10,22638,4990
CAAAGTCAGGTTAGCT-1,0,9,11,22499,5231
GGATCCCTACCAGCTA-1,0,8,12,22360,4990
ATCGTCCAATCGAGTC-1,0,9,13,22221,5231
ACATGGCTCAATTTAG-1,0,8,14,22083,4989
AGGCCCAGTGACTGGT-1,0,9,15,21944,5231
GCTTCCAGCTTAGATT-1,0,8,16,21806,4989
TGCTTGAAACCATGCA-1,0,9,17,21667,5230
CAATATTGGACTAGTG-1,0,8,18,21528,4989
CGTGCTGGCCTAGTCG-1,0,9,19,21390,5230
CCTGCGATAGAACTGT-1,0,8,20,21251,4989
GGGTAATGCTGTGTTT-1,0,9,21,21112,5230
AACGCGAACGGCAACA-1,0,8,22,20974,4988
TGTCGGCATGGTGGAA-1,0,9,23,20835,5230
AGCGTACGAGAGCTAG-1,0,8,24,20696,4988
ATACTCTCGCCACTCT-1,0,9,25,20558,5229
AATCCATGCAAGGGTG-1,0,8,26,20419,4988
TTAAACAGAGTCCCGC-1,0,9,27,20280,5229
CCACAGCTGAAATCAT-1,0,8,28,20142,4988
CGGTTCCGGCTTCTTG-1,0,9,29,20003,5229
GACGTGAGACTCCATG-1,0,8,30,19865,4987
TCGTTGGCTCGTCAAT-1,0,9,31,19726,5228
GGTGAACGGGCTAGCC-1,0,8,32,19587,4987
GCACTGTGCAAATGTA-1,1,9,33,19448,5228
ACGAGAACCCATCACG-1,0,8,34,19310,4987
CCAGCTACGCCTCATA-1,1,9,35,19171,5228
TCCCGGTCAGGAATTT-1,1,8,36,19033,4987
TCGCATTCAATGACTT-1,1,9,37,18894,5228
CTGGTTCAACGCATCA-1,1,8,38,18755,4986
GGTGATTTCATCTTGT-1,1,9,39,18616,5227
CACCCTTTCCTCGCTC-1,1,8,40,18478,4986
CAACTTGTAGTGGGCA-1,1,9,41,18339,5227
AATATCAAGGTCGGAT-1,1,8,42,18201,4986
ACTCAGACCTGCTTCT-1,1,9,43,18062,5227
TTGGAGTCTCCCTTCT-1,1,8,44,17923,4985
GGATACTCATGAATTG-1,1,9,45,17784,5227
TGGGCACAAACAGAAC-1,1,8,46,17646,4985
GAGCCACGGTAGTAGG-1,1,9,47,17507,5226
TCGATAGGCTAGTCGC-1,1,8,48,17369,4985
TAACCGCCCGCAGTGC-1,1,9,49,17230,5226
GCCTATTTGCTACACA-1,1,8,50,17091,4985
TTGACGATTCAGCACG-1,1,9,51,16952,5226
TTAAACCGGTAGCGAC-1,1,8,52,16814,4984
ACCGAAAGGGCCCTGC-1,1,9,53,16675,5225
ACGTTCCGCGCTCCGT-1,1,8,54,16537,4984
ATACCAGGCTAATAGA-1,1,9,55,16398,5225
CGGCTTTGTATGATAA-1,1,8,56,16259,4984
CTTGACCCGAAAGATA-1,1,9,57,16120,5225
CGCAGAAACATTTGCG-1,1,8,58,15982,4984
GACCCGTCGCCGGCTA-1,1,9,59,15843,5225
AATCGGGACACTACGA-1,1,8,60,15705,4983
GTCACAAAGTTTCCAA-1,1,9,61,15566,5224
TATATTCGCGTCGATA-1,1,8,62,15427,4983
CCTCCCGACAATCCCT-1,1,9,63,15289,5224
CGACATGCGATCTTCT-1,1,8,64,15150,4983
AACACGACTGTACTGA-1,1,9,65,15011,5224
CCCAACCACACTAACA-1,1,8,66,14873,4982
CACCGCCGACCAGCGA-1,1,9,67,14734,5224
TGGTATCGCATCCCAA-1,1,8,68,14595,4982
CAGAGTGATTTAACGT-1,1,9,69,14457,5223
AACCCTGGTGGAACCA-1,1,8,70,14318,4982
GTCAGTTGTGCTCGTT-1,1,9,71,14179,5223
ATTGACGTAACTCGGT-1,1,8,72,14041,4982
GATGTCGGTCAACTGC-1,1,9,73,13902,5223
AGGGCAGCGGCGTGGT-1,1,8,74,13763,4981
ACATCGTTAACCTAGT-1,1,9,75,13625,5223
TCCATTGTGACCTCGT-1,1,8,76,13486,4981
TGTTTAATACTTCATC-1,1,9,77,13347,5222
TTGCTGGCCGGGCTTC-1,1,8,78,13209,4981
CATATTATTTGCCCTA-1,1,9,79,13070,5222
CTGCCTAGCCACCAAG-1,1,8,80,12932,4981
ACGAGATATTTGCTTA-1,1,9,81,12793,5222
GACTACAATTGCTCGT-1,1,8,82,12654,4980
AACGTGATGAAGGACA-1,1,9,83,12515,5221
ACTCTCTTATACACGA-1,1,8,84,12377,4980
CGCATCATGGCTTCAG-1,1,9,85,12238,5221
CGGCTCTTCGTCGAAC-1,1,8,86,12100,4980
ATTCTTCGTACTTATG-1,1,9,87,11961,5221
AGTGAGGGTTTCTGAC-1,1,8,88,11822,4979
GCCAGGCGTTCGCATG-1,1,9,89,11683,5221
GACTAACACAGCACCT-1,1,8,90,11545,4979
CAATGGAATCTACATA-1,1,9,91,11406,5220
GTGGTCAGCGAAGTAT-1,1,8,92,11268,4979
ATGGCTGGAAATGGCC-1,1,9,93,11129,5220
ATCAGGTCGCCATTGC-1,1,8,94,10990,4979
TATCACCATGTAAAGT-1,1,9,95,10851,5220
AGCGCTTATGGGCAAG-1,1,8,96,10713,4978
AAGCGGCGTCATGGGT-1,1,9,97,10574,5220
ACTAATACGTCAGGCG-1,1,8,98,10436,4978
GGCTGAGCATCGTAAG-1,1,9,99,10297,5219
CGGTTGGGTTCAAGTT-1,1,8,100,10158,4978
GACTGATTGGTCACAA-1,1,9,101,10019,5219
AGACGGGCCGATTTAA-1,1,8,102,9881,4978
ACCAGTGCCCGGTCAA-1,1,9,103,9742,5219
GTCCTTTAATGACTTC-1,1,8,104,9604,4977
CCTACAAGTCCGGAAT-1,1,9,105,9465,5218
GCCTGCTACACTGAGA-1,1,8,106,9326,4977
GACTCGGTCGGCGGAT-1,1,9,107,9187,5218
CTAGACATATATGTAG-1,1,8,108,9049,4977
TCGCCCAACTGACTCC-1,1,9,109,8910,5218
AAACTAACGTGGCGAC-1,1,8,110,8772,4977
AACTGAGGTCAGCGTC-1,1,9,111,8633,5218
ACAATGATTCTTCTAC-1,1,8,112,8494,4976
ATAAGTACCCGATTGT-1,1,9,113,8356,5217
ATTGGGAGTTCTGTAA-1,1,8,114,8217,4976
CGAACATAGTCAGAAA-1,1,9,115,8078,5217
TAGCTCAGATCCTAGT-1,1,8,116,7940,4976
GTGTCGTATTCACCTT-1,1,9,117,7801,5217
CTCACCGATCCAAACT-1,1,8,118,7662,4975
ATATGTGCACAAACCA-1,1,9,119,7524,5217
CAGTCCAACGCCTTCT-1,1,8,120,7385,4975
TCGTCCGGGTACACTC-1,1,9,121,7246,5216
GCAGAAACGTAATCCA-1,1,8,122,7108,4975
TTCGAGCCGGCGCTAC-1,1,9,123,6969,5216
GGAAGATAAGACTGTA-1,1,8,124,6830,4975
ATAAGCAAACACCGAG-1,1,9,125,6692,5216
GCATAAATTGAACGCC-1,1,8,126,6553,4974
CGCCGGTGTCGCAGTA-1,1,9,127,6414,5215
GACCTGGTCTGGGCGT-1,0,10,0,24024,5474
AGCCGCTTGATTAGCG-1,0,11,1,23885,5715
CCCGGCTAGGTGAGAA-1,0,10,2,23747,5474
CGAGCCGAGCACTCGA-1,0,11,3,23608,5715
TAGTGCTTGAATCCTT-1,0,10,4,23469,5473
CAACCGCACCTAGACA-1,0,11,5,23330,5715
ACCACTGTTCAAGAAG-1,0,10,6,23192,5473
AGATGCTATAACGAGC-1,0,11,7,23053,5714
AATTACTCGTACGCTC-1,0,10,8,22915,5473
CGTCAATCTTTAACAT-1,0,11,9,22776,5714
CCAAAGCAGTTGGTTG-1,0,10,10,22637,5473
CCATATTGGATCATGA-1,0,11,11,22498,5714
CGTACCGAAAGTCTAG-1,0,10,12,22360,5472
CTCGAGATCCAAAGCA-1,0,11,13,22221,5713
TGGATAGAGTAACAGA-1,0,10,14,22083,5472
TCACAGATCCTCAAAC-1,0,11,15,21944,5713
AGAGCTACGAAAGCAT-1,0,10,16,21805,5472
TGCGTGATTGGGTGTC-1,0,11,17,21666,5713
CACATGTTTGGACATG-1,0,10,18,21528,5471
TTCGCATCCGGAAGCA-1,0,11,19,21389,5713
CCCTAGTGTCAGGTGT-1,0,10,20,21251,5471
TTACCGCCTTAGGGAA-1,0,11,21,21112,5712
CCAGTCCATTATTCGA-1,0,10,22,20973,5471
CGTAAACGCTTGAGTG-1,0,11,23,20834,5712
ATTCCTTCCAGGCGGT-1,0,10,24,20696,5471
TTCCTTTCTGTGTTGC-1,1,11,25,20557,5712
AGTTGACATCGGCTGG-1,0,10,26,20419,5470
AACTCGATGGCGCAGT-1,1,11,27,20280,5712
GATAAGGCAGATGCAA-1,0,10,28,20141,5470
GGCTGGCTAGCTTAAA-1,1,11,29,20002,5711
CCTCATGCAGCTACGA-1,1,10,30,19864,5470
GACGCCTGTTGCAGGG-1,1,11,31,19725,5711
TAATTAGATGGATATG-1,1,10,32,19587,5470
GAGGGCATCGCGTATC-1,1,11,33,19448,5711
CTTGTGAGTCTTTGAC-1,1,10,34,19309,5469
TCAACACATTGGGTAA-1,1,11,35,19171,5710
ACTGTATACGCGAGCA-1,1,10,36,19032,5469
GTGAAACGTGCTCCAC-1,1,11,37,18893,5710
CGAGTGCTATAGTTCG-1,1,10,38,18755,5469
GTACTGCATGAAGCGT-1,1,11,39,18616,5710
GTAACTTGCGGCAGTC-1,1,10,40,18477,5469
GAATCGCCGGACACGG-1,1,11,41,18339,5710
GGGAGTAATGGCTGGC-1,1,10,42,18200,5468
CATGAACCGACATTTG-1,1,11,43,18061,5709
TCTGTCATACAAGAGC-1,1,10,44,17923,5468
GTCGTCAATTATAAGG-1,1,11,45,17784,5709
TAAAGAGCCCGAAACC-1,1,10,46,17645,5468
GTACTGAGGTCGTAAC-1,1,11,47,17507,5709
AAAGACCCAAGTCGCG-1,1,10,48,17368,5467
CGTCAGTGCGCACAAG-1,1,11,49,17229,5709
TGTATCCTTATTCCAT-1,1,10,50,17091,5467
ATTCTCGTCTCTTTAG-1,1,11,51,16952,5708
AAAGTCACTGATGTAA-1,1,10,52,16814,5467
TGTCTACAGTTTCTGT-1,1,11,53,16675,5708
TTAACGTCGCAAGACC-1,1,10,54,16536,5467
CTATGTCTATTGAAAC-1,1,11,55,16397,5708
TCGGGTGAAACTGCTA-1,1,10,56,16259,5466
TGTCCCGACATAGCAC-1,1,11,57,16120,5707
ACAGCATAGAGCCAGT-1,1,10,58,15982,5466
ATATTCCCACAGGTCA-1,1,11,59,15843,5707
TTGGATCGACTTCTGG-1,1,10,60,15704,5466
CACCATCGGAGGAGAC-1,1,11,61,15565,5707
TCGTTCGTTATTATGT-1,1,10,62,15427,5466
CTTAACTTCGAAGTAC-1,1,11,63,15288,5707
GCACAAGTGTCGGAAG-1,1,10,64,15150,5465
TACCAGCTAGGTTTAA-1,1,11,65,15011,5706
ACGTACAGATTTCTCT-1,1,10,66,14872,5465
AATTTGGTTCCAAAGA-1,1,11,67,14733,5706
GTAAGGATTTGTCGGA-1,1,10,68,14595,5465
CATCATCTACCCGGAC-1,1,11,69,14456,5706
ACGATGGATCCGATGC-1,1,10,70,14318,5464
CACTCAGCTCTTGAGG-1,1,11,71,14179,5706
TAGATCCGAAGTCGCA-1,1,10,72,14040,5464
TGAAACTTATGCAAGC-1,1,11,73,13901,5705
GCGATTCTGGAAGCAG-1,1,10,74,13763,5464
CAAACTATTGAGCTTC-1,1,11,75,13624,5705
TAGAATTAAGGGCAAC-1,1,10,76,13486,5464
CGAAACATAGATGGCA-1,1,11,77,13347,5705
GATGGTGCCCTAGGCA-1,1,10,78,13208,5463
CCCGCAGGGCCCAAAG-1,1,11,79,13069,5705
ACAGCGCACCCGCAGC-1,1,10,80,12931,5463
GGTAAATGTGCGTTAC-1,1,11,81,12792,5704
GTCCTTCTAGTGGGTT-1,1,10,82,12654,5463
GGAAGCTCGCTTACAG-1,1,11,83,12515,5704
CACCGATACACCGAGC-1,1,10,84,12376,5463
CAGCCGGGCCCTCTAT-1,1,11,85,12238,5704
CGGAGCTTATAACACC-1,1,10,86,12099,5462
ATTACAACTACCGGCC-1,1,11,87,11960,5703
TCCTCTGGCCCATTAG-1,1,10,88,11822,5462
CGGCACCGTTAGCGCC-1,1,11,89,11683,5703
TCGGTCCCTGACTCCA-1,1,10,90,11544,5462
TGGTTGGAGGATCCTG-1,1,11,91,11406,5703
CTGCGGTAGTCACGTG-1,1,10,92,11267,5461
GTGCCTCAGTGTACGG-1,1,11,93,11128,5703
ATCGTTCACTTTCGCC-1,1,10,94,10990,5461
ACTTACCGGGCGCGCA-1,1,11,95,10851,5702
CTAGACTGCATTTCGT-1,1,10,96,10712,5461
TTGCCGGTGATCCCTC-1,1,11,97,10574,5702
CTGTCACGCCAGGCGC-1,1,10,98,10435,5461
CGGTATAGGTATTAGC-1,1,11,99,10296,5702
CCAACGCTTGCCAGGG-1,1,10,100,10158,5460
CGTTGAGTAATTGCGT-1,1,11,101,10019,5702
TGTATTTACCTAATGC-1,1,10,102,9881,5460
TAAATGCCGTCTCATG-1,1,11,103,9742,5701
CGGTTTATGAAGGAAC-1,1,10,104,9603,5460
GCAAGATGTGTTCGCG-1,1,11,105,9464,5701
AAAGGTAAGCTGTACC-1,1,10,106,9326,5460
GTACGTCACGTATTAA-1,1,11,107,9187,5701
AGTACCTTCGAGTGCT-1,1,10,108,9049,5459
ATTGTGACTTCGCTGC-1,1,11,109,8910,5700
TGTATCAGACTGAAGC-1,1,10,110,8771,5459
GAGACCCTGCAACGCC-1,1,11,111,8632,5700
TGGGTGGGATGTCATT-1,1,10,112,8494,5459
GGCTAATGATTGAAAT-1,1,11,113,8355,5700
ATAACGTTACCTCCAC-1,1,10,114,8217,5458
TGCGAGATGGCGGCCA-1,1,11,115,8078,5700
CACACTTGTATTGCGA-1,1,10,116,7939,5458
GCTGGTGACTCGTAGT-1,1,11,117,7800,5699
CGACACCGCTTAAGGA-1,1,10,118,7662,5458
GTAACAACTGACCTTG-1,1,11,119,7523,5699
CAACTGAGGGTATGAC-1,1,10,120,7385,5458
CTAATTATGAAGCGTA-1,1,11,121,7246,5699
CCGATCTTAAGAGGCT-1,1,10,122,7107,5457
CGACTCGGTACACGGT-1,1,11,123,6968,5699
TGCTGCGTCAGAGTTA-1,1,10,124,6830,5457
AGAGTTGCAGGCCTCC-1,1,11,125,6691,5698
ACTGGCGAACCTGCGT-1,1,10,126,6553,5457
ACTAAGGACGCACACC-1,1,11,127,6414,5698
CGTCCAGATGGCTCCA-1,0,12,0,24023,5956
ACTATCGCCGGCTAAA-1,0,13,1,23884,6198
GATAGCGTACCACGCG-1,0,12,2,23746,5956
AGGACTTATAGGAGAA-1,0,13,3,23607,6197
TAGTCGGGATTCTTCG-1,0,12,4,23469,5956
ACCATTAAGGGTGTCA-1,0,13,5,23330,6197
TTAATGTGTTTGCAGG-1,0,12,6,23191,5956
TCCGCAGCCACCTAGC-1,0,13,7,23053,6197
GAGGAGATCCTCATGC-1,0,12,8,22914,5955
GGTCCTTCATACGACT-1,0,13,9,22775,6197
CCCTGTTGGCAAAGAC-1,0,12,10,22637,5955
GTGCCTAGCTATGCTT-1,0,13,11,22498,6196
GTCATCTCCTACAGCT-1,0,12,12,22359,5955
GCGAGAAACGGGAGTT-1,0,13,13,22221,6196
CGTCGCGGCGGGATTT-1,0,12,14,22082,5955
CATTGTGTGCTAGATC-1,0,13,15,21943,6196
CGCGGCAGTATTACGG-1,0,12,16,21805,5954
GAAATGGGATGTAAAC-1,0,13,17,21666,6195
CATTCCCTAAGTACAA-1,0,12,18,21527,5954
AGTTCTGCGTTGTATC-1,1,13,19,21389,6195
ACCCTATAGGACTGAG-1,0,12,20,21250,5954
TTAGATAGGTCGATAC-1,1,13,21,21111,6195
ATTGATAGCAACGAGA-1,1,12,22,20973,5953
TCTCGGCTCCAGGACT-1,1,13,23,20834,6195
CTTGAGGTTATCCCGA-1,1,12,24,20696,5953
AAGAAGGATCAGTTAG-1,1,13,25,20557,6194
GTACGACGGCGCTGCG-1,1,12,26,20418,5953
CTTATGTTGACTACCA-1,1,13,27,20279,6194
CGGCACTCAAGAAAGT-1,1,12,28,20141,5953
GTCAAAGTTTACATAG-1,1,13,29,20002,6194
CTCCTAAGTTATGTCT-1,1,12,30,19864,5952
ACTGTGCTAGTAGATC-1,1,13,31,19725,6194
GTTTGGCCGCTCAGCG-1,1,12,32,19586,5952
TTATCCAATCGAACTC-1,1,13,33,19447,6193
CCGTACCCAAGCGCCA-1,1,12,34,19309,5952
CATACAAAGCCGAACC-1,1,13,35,19170,6193
GGTCGGTAATTAGACA-1,1,12,36,19032,5952
AGCGGGAAGGGTCCAT-1,1,13,37,18893,6193
GCCCACCAAGGCTGTC-1,1,12,38,18754,5951
GTAGACGTCGTTACAT-1,1,13,39,18615,6192
GAGCATCATCCCTGGG-1,1,12,40,18477,5951
AGGTAACCTCCTATTC-1,1,13,41,18338,6192
GGTTTGAGTGCTGGAA-1,1,12,42,18200,5951
GCACTAGTCGCGCTAT-1,1,13,43,18061,6192
GGTAACTATGTATCTG-1,1,12,44,17922,5951
GCGGTCCCTAGACGCA-1,1,13,45,17783,6192
CGAGCGTTGATCAGCC-1,1,12,46,17645,5950
AATCCAAGGGCCTGAG-1,1,13,47,17506,6191
CCGTGCCCATGACGGC-1,1,12,48,17368,5950
GAAATTCACATCGCTG-1,1,13,49,17229,6191
CTCTGCGAAGCAAGCA-1,1,12,50,17090,5950
AGTAGGTAACATACAT-1,1,13,51,16951,6191
ATTGGGAATATCTTGG-1,1,12,52,16813,5949
TAGAGCTACGAAGAAC-1,1,13,53,16674,6191
TGCGGCATAGTTCAAC-1,1,12,54,16536,5949
CCGCCGGTCAACACAC-1,1,13,55,16397,6190
TCGTATAGTGCAATTA-1,1,12,56,16258,5949
TAGTTTATTCTTGCTT-1,1,13,57,16120,6190
GATATCTCATGCAATA-1,1,12,58,15981,5949
CGTTTAAGCGGAGCAC-1,1,13,59,15842,6190
CATGCTGGCTCCAATT-1,1,12,60,15704,5948
GAAACAGCCATGCAGT-1,1,13,61,15565,6189
AGTTTCGCAGGTCGGA-1,1,12,62,15426,5948
CTCATGGCTCACAATC-1,1,13,63,15288,6189
AACCGTTGTGTTTGCT-1,1,12,64,15149,5948
ACCCTTCATCTGCGAA-1,1,13,65,15010,6189
TGCGGTGAAATTTCAT-1,1,12,66,14872,5948
CAAATTGTCAGCAAGC-1,1,13,67,14733,6189
GAGGTACATCCATCTT-1,1,12,68,14594,5947
AAATGGCATGTCTTGT-1,1,13,69,14456,6188
TCATCCCAGAGGGTGG-1,1,12,70,14317,5947
CGTAGCGAATTGTCAG-1,1,13,71,14178,6188
CCTAGTTAGTCGCATG-1,1,12,72,14040,5947
GAAACTCTAATGAAGG-1,1,13,73,13901,6188
TTGTATCACACAGAAT-1,1,12,74,13763,5946
TTCAAGCCGAGCTGAG-1,1,13,75,13624,6188
AGGTACGATATTGCCA-1,1,12,76,13485,5946
TTAAGCCGACAACTTC-1,1,13,77,13346,6187
GTCTTAGTACAGCCGG-1,1,12,78,13208,5946
TGGGTAAGGTTCCCGC-1,1,13,79,13069,6187
CTACGCCATTTCCGAT-1,1,12,80,12931,5946
GACCGTCAGGTCGTGA-1,1,13,81,12792,6187
TAGTTAAGATAGGATA-1,1,12,82,12653,5945
GAATATTCGGAGTCCC-1,1,13,83,12514,6186
CAAACTACGATAGAGA-1,1,12,84,12376,5945
CAGGAAGACTTTATAT-1,1,13,85,12237,6186
TTCGTAATCCCAGCGG-1,1,12,86,12099,5945
GTGAGGAGCGGTTGAG-1,1,13,87,11960,6186
CAATCCCTATACCAGC-1,1,12,88,11821,5945
AGGGAAACGAGGTACT-1,1,13,89,11682,6186
TCCTGCCAACTGGAGA-1,1,12,90,11544,5944
AATTTGGGACATAGTA-1,1,13,91,11405,6185
AACTCCTAATCCCATG-1,1,12,92,11267,5944
GCTCATTACTGCATGT-1,1,13,93,11128,6185
TCTCGAACGAGGTCAC-1,1,12,94,10989,5944
TCACTACGACCAATGC-1,1,13,95,10850,6185
GTGATGCACAACATCT-1,1,12,96,10712,5943
CCGACGTAAACACAAC-1,1,13,97,10573,6185
TGGGATGCACTCATTC-1,1,12,98,10435,5943
TTCCATCATGCGGTGA-1,1,13,99,10296,6184
TGCACAGTGAAGTTAT-1,1,12,100,10157,5943
CTATTGTGTTTGGTCA-1,1,13,101,10018,6184
TGCGAGCCCTTCCGCG-1,1,12,102,9880,5943
TTGAAAGGTGTAAAGG-1,1,13,103,9741,6184
GGTGCAGAGCCTATCG-1,1,12,104,9603,5942
ACTATATGCTGTGTTC-1,1,13,105,9464,6184
TCCTGGCGCTGCCTGG-1,1,12,106,9325,5942
GAGCCGAGCGTTTATT-1,1,13,107,9187,6183
AGAATGCGGGTTCGGA-1,1,12,108,9048,5942
ATGCGACAATTGGTCC-1,1,13,109,8909,6183
TTCCGGCTCGACTTCT-1,1,12,110,8771,5942
TGATTATGGCACGCAG-1,1,13,111,8632,6183
GGTTTGACAAGAAGCT-1,1,12,112,8493,5941
GCAGCTATGGACAGGT-1,1,13,113,8355,6182
CACCATGATCGCAAAG-1,1,12,114,8216,5941
GTCGGAAGGATACCAG-1,1,13,115,8077,6182
GGCCCAGTTATCAGCA-1,1,12,116,7939,5941
GGGCCTATTTAAGTAT-1,1,13,117,7800,6182
GTTGTTACATTGCGCT-1,1,12,118,7661,5940
CAACTCCGTAACTTGC-1,1,13,119,7523,6182
GATCTTTGCTCAAAGA-1,1,12,120,7384,5940
TCGCTTAATTACGAAG-1,1,13,121,7245,6181
CGATCATTAGAGGCAC-1,1,12,122,7107,5940
TGTTCTCTACTCCCTA-1,1,13,123,6968,6181
GCTTAGGGAAGCGGTA-1,1,12,124,6830,5940
CAGGTTTAGTACTACA-1,1,13,125,6691,6181
AAGCGGAGTGCGCGCA-1,1,12,126,6552,5939
TCAGATGGAGACGTAG-1,1,13,127,6413,6181
TCGCACTAACGTTTGT-1,0,14,0,24023,6439
CACGTCGGGTTCTAGA-1,0,15,1,23884,6680
GGAGTACACATGAGCT-1,0,14,2,23746,6439
GTGTGTCGACGTCGCT-1,0,15,3,23607,6680
GAAGCTCTTTGCTTAG-1,0,14,4,23468,6438
ACACCGAGCGCTCTTT-1,0,15,5,23329,6680
CGTAATAATTACGAGT-1,0,14,6,23191,6438
CATCAACACCTACTAA-1,0,15,7,23052,6679
CCAAGTTTCTACAGAT-1,0,14,8,22914,6438
ACGGGTCATGTGACTT-1,0,15,9,22775,6679
AGTGTGCTAAGATCGC-1,0,14,10,22636,6438
GGCGGTTTGCCGGTGC-1,0,15,11,22497,6679
GTATAATCTCCCGGAT-1,0,14,12,22359,6437
TAGTCCGTATGCATAA-1,0,15,13,22220,6679
CACTTCGTCTTATCTC-1,0,14,14,22082,6437
CATCCGCAGGCCCGAA-1,1,15,15,21943,6678
CCCTGATGTAACTCGT-1,0,14,16,21804,6437
CCATAGTCAGTAACCC-1,1,15,17,21665,6678
CGGGCCATAGCCGCAC-1,1,14,18,21527,6437
CTCCGGCTTGTAGACA-1,1,15,19,21388,6678
AACTTGCGTTCTCGCG-1,1,14,20,21250,6436
AATGAGTTCGCATATG-1,1,15,21,21111,6677
CGAGGCCAGGCATTGG-1,1,14,22,20972,6436
TCTGCGTCCGGTTTCT-1,1,15,23,20833,6677
CAATCCTGCCGTGGAG-1,1,14,24,20695,6436
CTGAGCAAGTAACAAG-1,1,15,25,20556,6677
GGGTACCCACGGTCCT-1,1,14,26,20418,6435
ACGGAATTTAGCAAAT-1,1,15,27,20279,6677
GGGCGGTCCTATTGTC-1,1,14,28,20140,6435
ATGTTACGAGCAATAC-1,1,15,29,20002,6676
AACCATGGGATCGCTA-1,1,14,30,19863,6435
TCGCATCCCTAAGTGT-1,1,15,31,19724,6676
ACTTAGTACGACAAGA-1,1,14,32,19586,6435
GAGCTCTCGGACCTAA-1,1,15,33,19447,6676
TCTATTACGCTGGCGA-1,1,14,34,19308,6434
AGATACGACTTCATAT-1,1,15,35,19170,6676
CGCTATACCGCCCACT-1,1,14,36,19031,6434
CAGTGTCCGCAGAATG-1,1,15,37,18892,6675
CCATCCATACCAAGTC-1,1,14,38,18754,6434
AACCCAGAGACGGAGA-1,1,15,39,18615,6675
GAAGAACGGTGCAGGT-1,1,14,40,18477,6434
GATAAATCGGTGGATG-1,1,15,41,18338,6675
CAGCTCGTGCTTGTGT-1,1,14,42,18199,6433
GAGTACGGGTATACAA-1,1,15,43,18060,6674
CATCGCCCGCGGCCAA-1,1,14,44,17922,6433
TCTTACAGAGGTACCG-1,1,15,45,17783,6674
TGGAAGACGAACACCA-1,1,14,46,17645,6433
GTTGTCGTGTTAGTTG-1,1,15,47,17506,6674
CCAAGGAACAGAGAGG-1,1,14,48,17367,6432
CTGCACCTGGAACCGC-1,1,15,49,17228,6674
CGCTTTCATACCGGTG-1,1,14,50,17090,6432
GTTCTTCCCTCGATGT-1,1,15,51,16951,6673
ATTTAACTCGTATTAC-1,1,14,52,16813,6432
AACGATAGAAGGGCCG-1,1,15,53,16674,6673
TATCCTGCATGGGAAT-1,1,14,54,16535,6432
AGGCCCATTGTACAGG-1,1,15,55,16396,6673
CCGGCGCATATTGGAT-1,1,14,56,16258,6431
ATCTGTAATTGTACCC-1,1,15,57,16119,6673
GAGCGAGGGAGTACCG-1,1,14,58,15981,6431
TTATTAGGGAAGCATC-1,1,15,59,15842,6672
CTTCTTACGTCGTATA-1,1,14,60,15703,6431
GAAGTGCTGGATAGCT-1,1,15,61,15564,6672
GTGCAACAAATGTGGC-1,1,14,62,15426,6431
CATGCGTTAGACAGAA-1,1,15,63,15287,6672
ACACACTTTCTACACG-1,1,14,64,15149,6430
AGCCCTAAGCGAAGTT-1,1,15,65,15010,6671
ATTAATTCGGTCACTC-1,1,14,66,14871,6430
AACAGGAAATCGAATA-1,1,15,67,14732,6671
ACGTTTAGTTGTGATC-1,1,14,68,14594,6430
TCCTTCAGTGGTCGAA-1,1,15,69,14455,6671
CGAACGCCCAGTGCCG-1,1,14,70,14317,6430
CCTCGAAGTGGACGGG-1,1,15,71,14178,6671
CTCTGTTTGAGGATTC-1,1,14,72,14039,6429
TGGGCACGTTCTATGG-1,1,15,73,13900,6670
ACTATTCGTCCGTGGT-1,1,14,74,13762,6429
CCTCTGGCCTAGACGG-1,1,15,75,13623,6670
CCATAAACAACCCGAC-1,1,14,76,13485,6429
CATAGTACATTGAGAG-1,1,15,77,13346,6670
ATTTCATTATTTCGCG-1,1,14,78,13207,6428
CAACTATATCGAATGC-1,1,15,79,13069,6670
CTAGTATTCGGAATTA-1,1,14,80,12930,6428
GTGGAACCTACATGCG-1,1,15,81,12791,6669
CCTAAAGGCTGACGCT-1,1,14,82,12653,6428
CGTGACATTGGGTCGT-1,1,15,83,12514,6669
CCAATCGGTAGATCGA-1,1,14,84,12375,6428
ATTGTCGCAATACCTT-1,1,15,85,12237,6669
AAATTACACGACTCTG-1,1,14,86,12098,6427
CACTCCTCTCGGTCGG-1,1,15,87,11959,6668
AAATAACCATACGGGA-1,1,14,88,11821,6427
AGTTACTCTATCGTGG-1,1,15,89,11682,6668
CGTTAGCTCACAACTG-1,1,14,90,11544,6427
GAATGTATGGCAGGTC-1,1,15,91,11405,6668
GCAACCACCAGACCGG-1,1,14,92,11266,6427
TCACTCGTGCAACGGC-1,1,15,93,11127,6668
AAACAGAGCGACTCCT-1,1,14,94,10989,6426
CAGCCTCTCCTCAAGA-1,1,15,95,10850,6667
TTGCGTGAACGCTTAG-1,1,14,96,10712,6426
CCGCCTGCGAATTGGT-1,1,15,97,10573,6667
AGATGAGGGTTGCGAT-1,1,14,98,10434,6426
CGGTGGGCTCCAGCCT-1,1,15,99,10295,6667
GGCAGCGGTAATCCTA-1,1,14,100,10157,6425
GCTAGCAGGGAGTGGG-1,1,15,101,10018,6667
CTCAAGACATTAGCGC-1,1,14,102,9880,6425
CACGGCGCGCCAAAGG-1,1,15,103,9741,6666
TGCAATTTGGGCACGG-1,1,14,104,9602,6425
ATGCCAATCGCTCTGC-1,1,15,105,9463,6666
GCTGGACCCAAAGTGG-1,1,14,106,9325,6425
ATTCCTAAGACGTGGA-1,1,15,107,9186,6666
TCCGGAGGAAGGGCTG-1,1,14,108,9048,6424
TCGGTGACCGCTCCGG-1,1,15,109,8909,6666
TCCGAAGTAGTCACCA-1,1,14,110,8770,6424
CATGTAGGAGCGCCAA-1,1,15,111,8631,6665
CACAAGAAAGATATTA-1,1,14,112,8493,6424
AGGGTCAGTAACCCTA-1,1,15,113,8354,6665
TAAGCCCTTACGACCA-1,1,14,114,8216,6424
ATACCGTCATCCATAA-1,1,15,115,8077,6665
GGACGTCCATAGTTGG-1,1,14,116,7938,6423
CATCAAACTGGCGCCC-1,1,15,117,7799,6664
AAACGTGTTCGCCCTA-1,1,14,118,7661,6423
AAATTGGTGAGAAGCA-1,1,15,119,7522,6664
GGTCATTGTAGTCATA-1,1,14,120,7384,6423
TGCAGTGAGGCTCGGG-1,1,15,121,7245,6664
GAACATTAGTATGTTA-1,1,14,122,7106,6422
GGTTTGCGAACACGTA-1,1,15,123,6967,6664
ACACAAATATTCCTAG-1,1,14,124,6829,6422
TTGGGTTTATTCAGCG-1,1,15,125,6690,6663
ATTCGCAGAGGACACT-1,1,14,126,6552,6422
GATTTAGTGCGTACTG-1,1,15,127,6413,6663
TAGAAACACAATAGTG-1,0,16,0,24022,6922
CAGTAGATGATGTCCG-1,0,17,1,23884,7163
TCTTAACTCGGATGTA-1,0,16,2,23745,6921
TACATCTTGTTTCTTG-1,0,17,3,23606,7162
TTCATAGGGTGTCCAT-1,0,16,4,23468,6921
TGAAGTAGCTTACGGA-1,0,17,5,23329,7162
GCACAAGTGGATCATA-1,0,16,6,23190,6921
GGGCGAATTTCTCCAC-1,0,17,7,23052,7162
ATGTTCCTGCCCACCT-1,0,16,8,22913,6920
GCTCAACCTCTTAGAG-1,0,17,9,22774,7162
ATAGCTGCTCTTGTTA-1,0,16,10,22636,6920
CGTCAGCTATTTACTC-1,1,17,11,22497,7161
ATCTGATAGTGTCTTA-1,0,16,12,22359,6920
TGCACTATGTGAGTGC-1,1,17,13,22220,7161
CCGACAAACACATGAG-1,1,16,14,22081,6920
GCCTTGTATATGCAGT-1,1,17,15,21942,7161
ATAATACCGTTAGCCG-1,1,16,16,21804,6919
ACACTCCAATGTCACT-1,1,17,17,21665,7160
AGTTGCTGACTGATAT-1,1,16,18,21527,6919
GGCGCTCCTCATCAAT-1,1,17,19,21388,7160
TGCCTGACATCGGTCA-1,1,16,20,21249,6919
TTGGCCATCTTGCGCT-1,1,17,21,21110,7160
CAGTGGTTGCACATGA-1,1,16,22,20972,6919
AGAATTGTTTGACATA-1,1,17,23,20833,7160
AAATGCTCGTTACGTT-1,1,16,24,20695,6918
CACCTAATAGAGTCGT-1,1,17,25,20556,7159
CATTTCTAGCAGACTA-1,1,16,26,20417,6918
CCGAAAGTGGTGAGCA-1,1,17,27,20278,7159
AGTCAGCCACCGCCTG-1,1,16,28,20140,6918
TCATCACTCGAGCTCG-1,1,17,29,20001,7159
CTCAGGACTCACCTGT-1,1,16,30,19863,6917
CGGTGTACTTGATCCC-1,1,17,31,19724,7159
CCTACGGCTCAGTCGA-1,1,16,32,19585,6917
GTACTTGGGCACTTCT-1,1,17,33,19446,7158
TGATTTCCTCCTGACG-1,1,16,34,19308,6917
CCTCACCAATCTTGAC-1,1,17,35,19169,7158
GGTGAGATGCAGATAA-1,1,16,36,19031,6917
GCTAGTTTCATTGAGG-1,1,17,37,18892,7158
AGGACATCGCACGTCG-1,1,16,38,18753,6916
GTGGACGTGCTGAGAC-1,1,17,39,18614,7158
TAAGGAACTTGTGGGA-1,1,16,40,18476,6916
TCGCTGTGCGTAAATC-1,1,17,41,18337,7157
GCATCCCTAACTTTGA-1,1,16,42,18199,6916
CACCCACACGTCACCC-1,1,17,43,18060,7157
CCCTCATTCTGGAATT-1,1,16,44,17921,6916
AGGGCGTGATCGGCTA-1,1,17,45,17782,7157
GGTGCGGATAAGTGGC-1,1,16,46,17644,6915
TAATATTGAAATTCGC-1,1,17,47,17505,7156
CTTACACTGGGAAATA-1,1,16,48,17367,6915
ACCAAGAACGCGTGTC-1,1,17,49,17228,7156
GCCTTCAGCCCTACCG-1,1,16,50,17089,6915
GATGCTACAAGCGCCT-1,1,17,51,16951,7156
CCGGGACCCGCAGAGA-1,1,16,52,16812,6914
GTTCCAGTCTGACCAT-1,1,17,53,16673,7156
ATGATCGGGAATAGAC-1,1,16,54,16535,6914
TTGGATTGGGTACCAC-1,1,17,55,16396,7155
TACCTCACGCTTGTAC-1,1,16,56,16257,6914
CATGGCAGGAAGATCG-1,1,17,57,16119,7155
ATGACGCCGGCTCTAA-1,1,16,58,15980,6914
AGCGACATCCCATTCA-1,1,17,59,15841,7155
AGTAATGTCTTGCCGC-1,1,16,60,15703,6913
TTCTTAGTGGCTCAGA-1,1,17,61,15564,7155
CGTCTGGAAGGGCCCG-1,1,16,62,15426,6913
ACGTGCGCCTCGTGCA-1,1,17,63,15287,7154
AGAGCGGGCTAATCAT-1,1,16,64,15148,6913
GCGTCGAAATGTCGGT-1,1,17,65,15009,7154
AACTGATATTAGGCCT-1,1,16,66,14871,6913
CGAGCTGGGCTTTAGG-1,1,17,67,14732,7154
GGGTGTTTCAGCTATG-1,1,16,68,14594,6912
TTAATTTCAGACGCGG-1,1,17,69,14455,7153
ACTGCCGTCGTAACTC-1,1,16,70,14316,6912
GTGCACGAAAGTGACT-1,1,17,71,14177,7153
ATCTCCCTGCAATCTA-1,1,16,72,14039,6912
ACGCCAGATGATTTCT-1,1,17,73,13900,7153
AGCTATTTAATCCAAC-1,1,16,74,13762,6912
CCACGAGAAGAGAATC-1,1,17,75,13623,7153
GATTCCGCGTTTCCGT-1,1,16,76,13484,6911
GTCGGATGTAGCGCGC-1,1,17,77,13345,7152
TATTTATACCGAGTAG-1,1,16,78,13207,6911
GTAGGTGATCCGTGTA-1,1,17,79,13068,7152
AGTTAAGCGGTCCCGG-1,1,16,80,12930,6911
CTGGCGACATAAGTCC-1,1,17,81,12791,7152
TTGGCCTAGAATTTCG-1,1,16,82,12652,6910
GGCATATCGGTTCTGC-1,1,17,83,12513,7152
GGGCGTCCACTGGCTC-1,1,16,84,12375,6910
TTACCCATTGCCGGGT-1,1,17,85,12236,7151
TTAGACACGATCGTTG-1,1,16,86,12098,6910
GCGCTGATCCAGACTC-1,1,17,87,11959,7151
TTCGGCAACCCGCTGA-1,1,16,88,11820,6910
GATATTTCCTACATGG-1,1,17,89,11681,7151
CTGCGTTACGATATAA-1,1,16,90,11543,6909
TAATAAACAAGGAGAT-1,1,17,91,11404,7150
AACCTTTACGACGTCT-1,1,16,92,11266,6909
AGTCCCGCCTTTAATT-1,1,17,93,11127,7150
TGAGATTAGGCCCTAA-1,1,16,94,10988,6909
AGTGTATTGCGCATTG-1,1,17,95,10850,7150
GTTGGATTCAGTGGCT-1,1,16,96,10711,6909
TAAAGCTGCAATAGGG-1,1,17,97,10572,7150
AGTAGGAAGGAAGTTG-1,1,16,98,10434,6908
TATCACTTCGAGTAAC-1,1,17,99,10295,7149
TGATCTACGCTGATCT-1,1,16,100,10156,6908
GGATCATCCCGTACGC-1,1,17,101,10018,7149
TGACACTTCTCTTTGC-1,1,16,102,9879,6908
AGCCCTTCTAATCCGA-1,1,17,103,9740,7149
CACCGCGTCCACTCTA-1,1,16,104,9602,6907
TAATTGGAATCGGGAA-1,1,17,105,9463,7149
TCGTAAGCTCCGAGGA-1,1,16,106,9324,6907
TATATTACAAATGTCG-1,1,17,107,9186,7148
CGCGAGAGGGACTTGT-1,1,16,108,9047,6907
GGACCTACGGTAACGT-1,1,17,109,8908,7148
GAAATATGCTTGAATG-1,1,16,110,8770,6907
CCGTATTAGCGCAGTT-1,1,17,111,8631,7148
AGGCGTCTATGGACGG-1,1,16,112,8493,6906
AACATCGATACGTCTA-1,1,17,113,8354,7148
TGAATATGCTATAAAC-1,1,16,114,8215,6906
ACCAAACACCCAGCGA-1,1,17,115,8076,7147
TGGCTTGTACAAGCTT-1,1,16,116,7938,6906
GAATGAAGGTCTTCAG-1,1,17,117,7799,7147
AGATACCAGCACTTCA-1,1,16,118,7661,6906
GCGGTCCCGGTGAAGG-1,1,17,119,7522,7147
GAGGCATTTGCAGCAG-1,1,16,120,7383,6905
GGCAAGCCAGGGATAG-1,1,17,121,7244,7146
TCTACGGGCTCAGTTG-1,1,16,122,7106,6905
TCTGCGAATCGTTCGC-1,1,17,123,6967,7146
AGCTCGTTGATGGAAA-1,1,16,124,6829,6905
TGAATGAGATACAGCA-1,1,17,125,6690,7146
ACCCTTGCCTGGGTCG-1,1,16,126,6551,6904
GGCGAACCGTTCTGAT-1,1,17,127,6412,7146
GCGATGTCTGTGCTTG-1,0,18,0,24022,7404
ATTAACACCTGAGATA-1,0,19,1,23883,7645
GAAATCTGACCAAGTT-1,0,18,2,23745,7404
CCTGACAAACTCGCGC-1,0,19,3,23606,7645
ATGTCATTTCCCATTG-1,0,18,4,23467,7404
GCGGTGCGGAGCATCG-1,0,19,5,23328,7645
CGGAAAGCAAATGTGC-1,0,18,6,23190,7403
GCTGAGCAACGGTTCT-1,1,19,7,23051,7644
TCACTCTTCGTCTGTC-1,0,18,8,22913,7403
GATCTTCATTGTCCTC-1,1,19,9,22774,7644
ACTCGATGTATTTCAT-1,1,18,10,22635,7403
TGAAGAGCGGTCCTAG-1,1,19,11,22496,7644
TAAACGTCGTCAATGA-1,1,18,12,22358,7402
ACGTTATTGGTCACTC-1,1,19,13,22219,7644
ATAGCCTCAGTACCCA-1,1,18,14,22081,7402
CGGGAGTATACCGCCG-1,1,19,15,21942,7643
GTCCTACAGGCGGCTC-1,1,18,16,21803,7402
CGGATAAGCGGACATG-1,1,19,17,21665,7643
AACTTCTGCGTCTATC-1,1,18,18,21526,7402
GGGTTCAGACGAACAA-1,1,19,19,21387,7643
AGTCTGGACATCCTTG-1,1,18,20,21249,7401
TTGAACGAATCCTTTG-1,1,19,21,21110,7642
GAAATACTAAACGTTT-1,1,18,22,20971,7401
CCCGCGCAATGCACCC-1,1,19,23,20833,7642
TTCGGCTAGAGATGGT-1,1,18,24,20694,7401
GACACGAGTTAGAGGA-1,1,19,25,20555,7642
GAGGTCCCAAAGATCT-1,1,18,26,20417,7401
TAACTCCATGGAGGCT-1,1,19,27,20278,7642
CTTGTTTATGTAGCCA-1,1,18,28,20139,7400
GATGGCGCACACATTA-1,1,19,29,20001,7641
ATAATAGTGTAGGGAC-1,1,18,30,19862,7400
CGCTATTCAATGTATG-1,1,19,31,19723,7641
ATATTGCTGTCAAAGT-1,1,18,32,19585,7400
GGATTCAGTACGGTGG-1,1,19,33,19446,7641
TTCTTAGTGAACGGTG-1,1,18,34,19308,7399
AATGGTTCTCACAAGC-1,1,19,35,19169,7641
TATACACGCAAAGTAT-1,1,18,36,19030,7399
CTTCATAGCTCAAGAA-1,1,19,37,18891,7640
CAACGGTTCTTGATAC-1,1,18,38,18753,7399
ACACCCGAGAAATCCG-1,1,19,39,18614,7640
TCTATCATGCAGTTAC-1,1,18,40,18476,7399
CCCGCCATGCTCCCGT-1,1,19,41,18337,7640
CGCTTCCACTGAAATC-1,1,18,42,18198,7398
CACTGTCCAAGTGAGA-1,1,19,43,18059,7640
ATTACTAGCCTCTTGC-1,1,18,44,17921,7398
CATAGTAGCATAGTAG-1,1,19,45,17782,7639
CAACTCCTTGATCCCG-1,1,18,46,17644,7398
AAGTAGAAGACCGGGT-1,1,19,47,17505,7639
GCGGGAACCAGGCCCT-1,1,18,48,17366,7398
ATTAGATTGATAGCGG-1,1,19,49,17227,7639
CTCGGTCCGTAGCCTG-1,1,18,50,17089,7397
TGGCTTTGGGTAGACA-1,1,19,51,16950,7638
TATCCATATCATGCGA-1,1,18,52,16812,7397
GGAGTGCCGCCCTGGA-1,1,19,53,16673,7638
TGAGAATGCTTTACCG-1,1,18,54,16534,7397
TTAACCAACCCTCCCT-1,1,19,55,16395,7638
TGTTTCGGTACTTCTC-1,1,18,56,16257,7396
TTGCTGAAGGAACCAC-1,1,19,57,16118,7638
TATTTAGTCTAGATCG-1,1,18,58,15980,7396
CTCCGGCCTAATATGC-1,1,19,59,15841,7637
TTGTGGCCCTGACAGT-1,1,18,60,15702,7396
TCGCCGGTCGATCCGT-1,1,19,61,15563,7637
CCATAGGTTGGCGTGG-1,1,18,62,15425,7396
GAACGACCGAATGATA-1,1,19,63,15286,7637
TCCGATAATTGCCATA-1,1,18,64,15148,7395
CATTACGTCGGCCCGT-1,1,19,65,15009,7637
CAAGCACCAAATGCCT-1,1,18,66,14870,7395
TGCATGGATCGGATCT-1,1,19,67,14732,7636
GAAATCGCGCGCAACT-1,1,18,68,14593,7395
CTGAAAGAGATCCGAC-1,1,19,69,14454,7636
CACCTCGATGGTGGAC-1,1,18,70,14316,7395
ATTTGTTCCAGGGCTC-1,1,19,71,14177,7636
TGGGCCACAAGAGCGC-1,1,18,72,14038,7394
CCTTCTTGATCCAGTG-1,1,19,73,13900,7635
CCTCGCCAGCAAATTA-1,1,18,74,13761,7394
TTCATGGCGCAACAGG-1,1,19,75,13622,7635
TTAATCAGTACGTCAG-1,1,18,76,13484,7394
CCTATCTATATCGGAA-1,1,19,77,13345,7635
ATTATACTTTGCTCGT-1,1,18,78,13206,7394
ATGGATCCGGCGTCCG-1,1,19,79,13068,7635
CGCCCGCTTCCGTACA-1,1,18,80,12929,7393
GGATTCCGCTATACCC-1,1,19,81,12790,7634
CGGTCTATCAACCCGT-1,1,18,82,12652,7393
ATGCCGGTTGATGGGA-1,1,19,83,12513,7634
TCATGCAGGTTCTCAT-1,1,18,84,12375,7393
TGAGCTTTAATGACGC-1,1,19,85,12236,7634
TCCCTTAGATTACTCG-1,1,18,86,12097,7392
ATATCTCCCTCGTTAA-1,1,19,87,11958,7634
AGCTCTTCCCAGTGCA-1,1,18,88,11820,7392
TCGCTAAACCGCTATC-1,1,19,89,11681,7633
CACATTCTTTCGATGG-1,1,18,90,11543,7392
GATATGCGGTAGCCAA-1,1,19,91,11404,7633
CGTTTCACTTCGGGCG-1,1,18,92,11265,7392
CCAATTACGGGTCGAG-1,1,19,93,11126,7633
GCAGGTAGAGTATGGT-1,1,18,94,10988,7391
GTCGTATTGGCGTACA-1,1,19,95,10849,7632
GAAATTAGCACGGATA-1,1,18,96,10711,7391
AATGCACCAAGCAATG-1,1,19,97,10572,7632
AGGACGCTCGATGTTG-1,1,18,98,10433,7391
GGCTAAAGGGCGGGTC-1,1,19,99,10294,7632
CATCTATCCCGTGTCT-1,1,18,100,10156,7391
CAGTAACTATTTATTG-1,1,19,101,10017,7632
CATATACTACTGATAA-1,1,18,102,9879,7390
GCGTTCGGAGACCGGG-1,1,19,103,9740,7631
AAGTTCAGTCTGCGTA-1,1,18,104,9601,7390
CGAAGCTATAAATTCA-1,1,19,105,9462,7631
CGCGGTCACAAACCAA-1,1,18,106,9324,7390
GGGAATGAGCCCTCAC-1,1,19,107,9185,7631
ACGGAGCGCAAATTAC-1,1,18,108,9047,7389
CGTTCTTCGCACACCT-1,1,19,109,8908,7631
GAATAGCCCTGCGGTC-1,1,18,110,8769,7389
AATAGCTACCGCGTGC-1,1,19,111,8630,7630
CCGAGCTGTGCTTGTC-1,1,18,112,8492,7389
GATGACGATGATCGCG-1,1,19,113,8353,7630
GCCTATGCTGGGCCTT-1,1,18,114,8215,7389
TTACTGTCTAGAGCTC-1,1,19,115,8076,7630
AGCGGTTGCCGCTCTG-1,1,18,116,7937,7388
GCTTGCAGCACAATTG-1,1,19,117,7799,7630
CCGGAGGTCTTATGGT-1,1,18,118,7660,7388
ACAGTATACCGTGGGA-1,1,19,119,7521,7629
GGGATCCCAATACAAA-1,1,18,120,7383,7388
ATTACGACTCCACAGT-1,1,19,121,7244,7629
CTCACACGCAAGCCTA-1,1,18,122,7105,7388
CCAGATGTAAATGGGT-1,1,19,123,6967,7629
GAACTTGTGCACGGGA-1,1,18,124,6828,7387
AAGCCGCTTTACCTTG-1,1,19,125,6689,7628
TCCATTCCCACTAGAG-1,1,18,126,6551,7387
AGAGCGCTTGTAACGG-1,1,19,127,6412,7628
TGGGTTCCCGGACGGA-1,0,20,0,24021,7887
GCTGCGCCTCCCACGT-1,0,21,1,23883,8128
CTGTTGGCTCTTCTGA-1,0,20,2,23744,7886
TTGTTCTAGATACGCT-1,0,21,3,23605,8127
CCCTCAAGCTCTTAGT-1,0,20,4,23467,7886
TGGTCTAGCTTACATG-1,1,21,5,23328,8127
ATGCACCTTCCTTAAT-1,1,20,6,23190,7886
GGGATACGGTAATAAT-1,1,21,7,23051,8127
AGTTCACCGGTTGGAC-1,1,20,8,22912,7886
GACATACTGTCGCAGA-1,1,21,9,22773,8127
TGGACACCGTTGCTTG-1,1,20,10,22635,7885
TGCGATGCTAATGGCT-1,1,21,11,22496,8126
TTCTGTTTCCTGTCGC-1,1,20,12,22358,7885
CGTTGTAAACGTCAGG-1,1,21,13,22219,8126
GATCGGCGATAAGTCG-1,1,20,14,22080,7885
AGCCTTAAAGCGGAAG-1,1,21,15,21941,8126
TCCGTAACCACAATCC-1,1,20,16,21803,7884
GAATGCCGAAATGACC-1,1,21,17,21664,8126
TATACTCATGCGGCAA-1,1,20,18,21526,7884
TAGTGTCAGAAACGGC-1,1,21,19,21387,8125
CGTCATACCATATCCA-1,1,20,20,21248,7884
TAGTACCTTAGTGGTC-1,1,21,21,21109,8125
CTGGCGGGAATAAGTA-1,1,20,22,20971,7884
AGTGTGGTCTATTGTG-1,1,21,23,20832,8125
GCTATCGCGGCGCAAC-1,1,20,24,20694,7883
CAGTAATCCCTCCCAG-1,1,21,25,20555,8124
GTATTAAGGCGTCTAA-1,1,20,26,20416,7883
CTAATTTCAACAACAC-1,1,21,27,20277,8124
TTAGCAACATGGATGT-1,1,20,28,20139,7883
ATGCTCAGTGTTGCAT-1,1,21,29,20000,8124
GATGTTTGTGCGAGAT-1,1,20,30,19862,7883
CACTTCGCCACAGGCT-1,1,21,31,19723,8124
CTGTATGGTGTAGAAA-1,1,20,32,19584,7882
TACGTGCACTATGCTG-1,1,21,33,19445,8123
GTATCAGCTTGGGTTC-1,1,20,34,19307,7882
TAACAAAGGGAGAAGC-1,1,21,35,19168,8123
TTACATCGTGGCCTGG-1,1,20,36,19030,7882
TCTGAACCGGTCGGCT-1,1,21,37,18891,8123
GGCTCGTGCCACCAGC-1,1,20,38,18752,7881
TATAAGTGAGGATAGC-1,1,21,39,18614,8123
GCCCGCGCGTTTGACA-1,1,20,40,18475,7881
TGCTGGTTGGACAATT-1,1,21,41,18336,8122
GCCTAGCGATCTGACC-1,1,20,42,18198,7881
CCATGCTCTGCAGGAA-1,1,21,43,18059,8122
TATAAATCCACAAGCT-1,1,20,44,17920,7881
CGCTCGACATAATGAT-1,1,21,45,17782,8122
CCAATTGAATGTTAAT-1,1,20,46,17643,7880
GCTAATACCGAATGCC-1,1,21,47,17504,8122
TTCAACGACCCGACCG-1,1,20,48,17366,7880
TTCCTCGAGGGTGTCT-1,1,21,49,17227,8121
CAACGACCCGTTTACA-1,1,20,50,17088,7880
CTTGTACTTGTTGACT-1,1,21,51,16950,8121
TCTCTAATAGCTGGTA-1,1,20,52,16811,7880
ATTATGCCATAGGGAG-1,1,21,53,16672,8121
GACAACGCAGCTTACG-1,1,20,54,16534,7879
AGATGACTCGCCCACG-1,1,21,55,16395,8120
GTGCGGGTCTCCAAAT-1,1,20,56,16257,7879
GTACGAGATTGCGACA-1,1,21,57,16118,8120
GTATAGGACTCAGTAG-1,1,20,58,15979,7879
TTGCACGGAGCAGCAC-1,1,21,59,15840,8120
CACAGCTAGGGAGTGA-1,1,20,60,15702,7878
ATACTAGCATGACCCT-1,1,21,61,15563,8120
CCAAGACTTCTGCGAA-1,1,20,62,15425,7878
ACATAATAAGGCGGTG-1,1,21,63,15286,8119
TAATACACAGTAGTAT-1,1,20,64,15147,7878
TCTTGGTAACACCAAA-1,1,21,65,15008,8119
AACTGGGTCCCGACGT-1,1,20,66,14870,7878
ATCACTTCATCCTCGC-1,1,21,67,14731,8119
TGGAAGGATAAAGATG-1,1,20,68,14593,7877
CATGATGCACAATTCT-1,1,21,69,14454,8119
TGCCTGATCAAACGAT-1,1,20,70,14315,7877
ATAGGGATATCCTTGA-1,1,21,71,14176,8118
CACCTAATCAGTTTAC-1,1,20,72,14038,7877
TGTGACTACGCCAGTC-1,1,21,73,13899,8118
CCCGACCATAGTCCGC-1,1,20,74,13761,7877
CGCGCCCGACTTAATA-1,1,21,75,13622,8118
TGCCACCTGGCGAAAC-1,1,20,76,13483,7876
CTGCCAAGGTTGGAAG-1,1,21,77,13344,8117
TCTCCAACGTAGGTTA-1,1,20,78,13206,7876
TTCTTGGAGTAATGAG-1,1,21,79,13067,8117
GTCTCGATCTGCTTTC-1,1,20,80,12929,7876
TACTCTCCGAACAAAT-1,1,21,81,12790,8117
ATCACATTAGAATATC-1,1,20,82,12651,7876
TACGGGATGCTAGCAG-1,1,21,83,12512,8117
AGCTGAAGTAAACCAA-1,1,20,84,12374,7875
CATGGGTCGGGTGTGG-1,1,21,85,12235,8116
CACCCACGAGGCAATT-1,1,20,86,12097,7875
TGCCATTACTAAAGAA-1,1,21,87,11958,8116
CCGTTACGTTAGAACA-1,1,20,88,11819,7875
GCCAGGAGTAACCGAT-1,1,21,89,11681,8116
GGAAAGTGCCCATGCC-1,1,20,90,11542,7874
TCTTACCGGAACTCGT-1,1,21,91,11403,8116
TATGTCAAGACCGACT-1,1,20,92,11265,7874
CCTAACTAAGGCTCTA-1,1,21,93,11126,8115
GCGGTGAACTGCGCTC-1,1,20,94,10987,7874
CCTCGCGCGATATAGG-1,1,21,95,10849,8115
ATCGGCAAGCAGTCCA-1,1,20,96,10710,7874
AGATCGTGCATAAGAT-1,1,21,97,10571,8115
ATTCAGGACCTATTTC-1,1,20,98,10433,7873
AGCTAGAAGCAGAAGT-1,1,21,99,10294,8114
TTCGCTATCTGACGTG-1,1,20,100,10155,7873
TTCCGCAGAGAAATAT-1,1,21,101,10017,8114
CAGTACATTCTCTAAA-1,1,20,102,9878,7873
GTGAAGATTTCAAGTG-1,1,21,103,9739,8114
AACGCATGATCTGGGT-1,1,20,104,9601,7873
CCCAGAGGAGGGCGTA-1,1,21,105,9462,8114
GGAAACCTTGTTGAAT-1,1,20,106,9324,7872
GTGAAGCCGTATAGTC-1,1,21,107,9185,8113
GAGCTGTCGTCTCGGA-1,1,20,108,9046,7872
TGTCATTTGTTGGGAA-1,1,21,109,8907,8113
ACCAACACCACACACT-1,1,20,110,8769,7872
AAATGATTCGATCAGC-1,1,21,111,8630,8113
CTGCTTTATGTCCGCG-1,1,20,112,8492,7871
GCGAGAGGCCATGTAA-1,1,21,113,8353,8113
ATTGACCGGCGATGAC-1,1,20,114,8214,7871
ACCCTGGTAACGCCCT-1,1,21,115,8075,8112
GTTGGACCGCATCAGG-1,1,20,116,7937,7871
CGTTTACAAGGCAGCT-1,1,21,117,7798,8112
CGGTCCATGAGACTCC-1,1,20,118,7660,7871
GTTCGTCTGGGTCCCT-1,1,21,119,7521,8112
TGTACTACTCTCACGG-1,1,20,120,7382,7870
AGTGAAGATGGTGTCC-1,1,21,121,7243,8112
GAGGGCCATAATATTA-1,1,20,122,7105,7870
ACTCCCGTAGACTAGG-1,1,21,123,6966,8111
CGTCAAATGGTCGCAG-1,1,20,124,6828,7870
AAGTCTAGTAGCTGCC-1,1,21,125,6689,8111
AAGAAATCACCAGATT-1,1,20,126,6550,7870
GAGTGCACGGACAACA-1,1,21,127,6411,8111
GTTCAAATCAGATGTC-1,0,22,0,24021,8369
CATGGCTCCCTATGTC-1,1,23,1,23882,8610
GGCCACACGAAAGCCT-1,0,22,2,23744,8369
GAAGCCGGGTAAGCTC-1,1,23,3,23605,8610
TTGCGCTCTCTCGCTT-1,1,22,4,23466,8369
TACATGACCTTATCCG-1,1,23,5,23327,8610
GTCCTTCTACAACCCA-1,1,22,6,23189,8368
TATATGCTGGGTTGCC-1,1,23,7,23050,8609
GTTTATGGGATTTAGA-1,1,22,8,22912,8368
GGAACCCGAACAAGAA-1,1,23,9,22773,8609
AACGTTATCAGCACCT-1,1,22,10,22634,8368
CATCGTCCGGTTACTA-1,1,23,11,22496,8609
AGACAGCTCAGAATCC-1,1,22,12,22357,8368
GCAGATCCTCGCAAAT-1,1,23,13,22218,8609
GGGTCATGCGTACCAT-1,1,22,14,22080,8367
CTGGTCATTCCAATCC-1,1,23,15,21941,8608
TCAGGGCGCAAACTCG-1,1,22,16,21802,8367
GATGCCAGCAGAAGGC-1,1,23,17,21664,8608
GTTATTAACGTGGGAG-1,1,22,18,21525,8367
AATACAATGTTTCAGG-1,1,23,19,21386,8608
TTGCTGCACCTATCCA-1,1,22,20,21248,8366
CCAGAGACAAAGCCGG-1,1,23,21,21109,8608
CCGAAGTATATTGTTC-1,1,22,22,20970,8366
GCTAAACCTGAGGTGA-1,1,23,23,20832,8607
TCATACTTACAGATCC-1,1,22,24,20693,8366
CGAGCACTTCAAGTTT-1,1,23,25,20554,8607
TAGCAACCTGTCACAA-1,1,22,26,20416,8366
TGGGAAATGCCTTTCC-1,1,23,27,20277,8607
AGACCATGGGATACAA-1,1,22,28,20139,8365
TAAATGAATCCGTTTC-1,1,23,29,20000,8606
ACAACGGTCCCTGCGA-1,1,22,30,19861,8365
GTCACTCTCCAAATCT-1,1,23,31,19722,8606
TTCTACTTGCGAGGGC-1,1,22,32,19584,8365
CGCAATTACTTTCGGT-1,1,23,33,19445,8606
CTGTTCATCTCACGGG-1,1,22,34,19307,8365
TTCTTGTAACCTAATG-1,1,23,35,19168,8606
GCTTGATGATAATCAG-1,1,22,36,19029,8364
TTGGCTCGCATGAGAC-1,1,23,37,18890,8605
GCCCAGTTGGTATGCC-1,1,22,38,18752,8364
ATTCCTCCGCCAGTGC-1,1,23,39,18613,8605
TCGTCCGCTGGCGTCT-1,1,22,40,18475,8364
GGAGAAGTCATTGGCA-1,1,23,41,18336,8605
TTGTTAGCAAATTCGA-1,1,22,42,18197,8363
TCTAGCATCTTCGATG-1,1,23,43,18058,8605
TTCTAGGCCAATTGTG-1,1,22,44,17920,8363
TCACGGTCATCGCACA-1,1,23,45,17781,8604
ATGAAGCCAAGGAGCC-1,1,22,46,17643,8363
AATGACTGTCAGCCGG-1,1,23,47,17504,8604
CCAAACAGAACCCTCG-1,1,22,48,17365,8363
TATCGATGATTAAACG-1,1,23,49,17226,8604
GAACACACATCAACCA-1,1,22,50,17088,8362
CCCGTCAGCGTCTGAC-1,1,23,51,16949,8604
AGCATCGTCGATAATT-1,1,22,52,16811,8362
GACTAAGATCATGCAC-1,1,23,53,16672,8603
TAGGGTGTTTCAAGAG-1,1,22,54,16533,8362
TGGTTCGTAGCAAAGG-1,1,23,55,16394,8603
CTGTTCACTGCCTGTG-1,1,22,56,16256,8362
ATGTGCATCCGACGCA-1,1,23,57,16117,8603
TTGTCGTTCAGTTACC-1,1,22,58,15979,8361
CGGGATCAATGTAAGA-1,1,23,59,15840,8602
TTATCTGTATCATAAC-1,1,22,60,15701,8361
ATCGACTCTTTCCGTT-1,1,23,61,15563,8602
CTCATTTGATGGGCGG-1,1,22,62,15424,8361
GTAAGCGGGCAGTCAG-1,1,23,63,15285,8602
TCTATCGGTCGCAACA-1,1,22,64,15147,8360
AACGCGGTCTCCAGCC-1,1,23,65,15008,8602
ATTAATACTACGCGGG-1,1,22,66,14869,8360
CTTTAACTTTCAAAGG-1,1,23,67,14731,8601
CGTACCTGATAGGCCT-1,1,22,68,14592,8360
GAATGTTGGGTAATCT-1,1,23,69,14453,8601
TGCGGAGTAAAGGTGC-1,1,22,70,14315,8360
CCTGAATATTTACATA-1,1,23,71,14176,8601
TTGCTCCCATACCGGA-1,1,22,72,14038,8359
CCTCTAATCTGCCAAG-1,1,23,73,13899,8601
AGGTTGAGGCACGCTT-1,1,22,74,13760,8359
TCCCGTCAGTCCCGCA-1,1,23,75,13621,8600
TCCGATGACTGAGCTC-1,1,22,76,13483,8359
CAGCCTCCTGCAGAGG-1,1,23,77,13344,8600
CTTAGCCTTCCACATG-1,1,22,78,13206,8359
ATTAATGAACCAGTCG-1,1,23,79,13067,8600
ACGATACATAGAACTA-1,1,22,80,12928,8358
AGCCACTCCCGTGCTT-1,1,23,81,12789,8599
ATACGGGTTTCGATTG-1,1,22,82,12651,8358
CTGTCAAATGGCTCGG-1,1,23,83,12512,8599
GCTCGGAATTTAAAGC-1,1,22,84,12374,8358
TAGGCATGTTACGCCA-1,1,23,85,12235,8599
TGGCAACTCGCGCGCC-1,1,22,86,12096,8358
ATCAGTAGGCAGGGAT-1,1,23,87,11957,8599
TATCGATCTATGCATA-1,1,22,88,11819,8357
CGACTCAGGATGTTAT-1,1,23,89,11680,8598
GCCATATTGCACACAG-1,1,22,90,11542,8357
AATTCATAAGGGATCT-1,1,23,91,11403,8598
CGGTAGAGGTGCAGGT-1,1,22,92,11264,8357
AATGATGATACGCTAT-1,1,23,93,11125,8598
CTTGTGCTCACCGATT-1,1,22,94,10987,8356
TTCCAATCAGAGCTAG-1,1,23,95,10848,8598
CGATGGACCCTACGCC-1,1,22,96,10710,8356
GGTCGGATAAACGGCG-1,1,23,97,10571,8597
TTAGCTAATACGATCT-1,1,22,98,10432,8356
CTCGATATTTGCGAGC-1,1,23,99,10293,8597
ATTACTTACTGGGCAT-1,1,22,100,10155,8356
CTAGCCGATGTTATGA-1,1,23,101,10016,8597
TACTGCAATCAATTAC-1,1,22,102,9878,8355
TAGTCTGTGACGTTGC-1,1,23,103,9739,8596
CTCGTTTCTAATGTTT-1,1,22,104,9600,8355
TTCGTTCAACGAAGTT-1,1,23,105,9461,8596
CTGAATTTATTGCCAG-1,1,22,106,9323,8355
TGGAATATCCTTGACC-1,1,23,107,9184,8596
CAGATCATTTAAAGTC-1,1,22,108,9046,8355
CTCCTTTACGCAAGTC-1,1,23,109,8907,8596
TCCCAAACAGACAACG-1,1,22,110,8768,8354
ATCGCTGCGTGCAGCA-1,1,23,111,8630,8595
TTAGTTCAAGTGTTCG-1,1,22,112,8491,8354
AAACTCGTGATATAAG-1,1,23,113,8352,8595
TTAACGAACAAGCAGT-1,1,22,114,8214,8354
GTTATATCAGGAGCCA-1,1,23,115,8075,8595
CAAATTGGATTATGCC-1,1,22,116,7936,8353
CGAGGAGCTTCCATAT-1,1,23,117,7798,8595
GGAGACCAATGTGCTT-1,1,22,118,7659,8353
CATTGATGAACACGCC-1,1,23,119,7520,8594
GTCAATGCTATAATTT-1,1,22,120,7382,8353
ACCACCCTCTCTTCTA-1,1,23,121,7243,8594
TGGAGGGAAACACCTC-1,1,22,122,7105,8353
CACGGACGTGGATGGC-1,1,23,123,6966,8594
AACTTTCTCGATCATG-1,1,22,124,6827,8352
CGTATTGTTTCCTAAT-1,1,23,125,6688,8593
CCTACTGCGGCGGCCA-1,1,22,126,6550,8352
CTTAGGTCCCAATCGT-1,1,23,127,6411,8593
CGCAATCGATCATTAG-1,1,24,0,24021,8852
TGGTTATGCTTGCGGT-1,1,25,1,23882,9093
GGCTTGGCTCTCACCT-1,1,24,2,23743,8851
ATTGGTAGGATCCGCT-1,1,25,3,23604,9093
TCAGGGCGACTTCCTT-1,1,24,4,23466,8851
TCTGCAGATTCGAGTC-1,1,25,5,23327,9092
CTCTCGCTGTACTATG-1,1,24,6,23189,8851
AATAGTCGCGAGTCGG-1,1,25,7,23050,9092
AGTTACCCTTAAGACT-1,1,24,8,22911,8851
CTTAAATAAGACCCAT-1,1,25,9,22772,9092
GGTTGTGCTCTTGTCC-1,1,24,10,22634,8850
GTGAGTCTAAGACGGA-1,1,25,11,22495,9091
CGCGACACTGCGCAGC-1,1,24,12,22357,8850
GCTCGCGGTTCCGCTC-1,1,25,13,22218,9091
TTAACTCACGCGTGGA-1,1,24,14,22079,8850
GGAACGGCCTGCAGCC-1,1,25,15,21940,9091
GTAGAAACGGGTGGAG-1,1,24,16,21802,8850
TAATGAAAGACCCTTG-1,1,25,17,21663,9091
AGGCTTGCTAGACACC-1,1,24,18,21525,8849
TTGCGTAGTTTGAGGA-1,1,25,19,21386,9090
CGCCCTTGAAGGCTGA-1,1,24,20,21247,8849
CCCGGTGGAAGAACCT-1,1,25,21,21108,9090
TTAACACCTCGAACAT-1,1,24,22,20970,8849
GATTCCTATACGGCGC-1,1,25,23,20831,9090
TTACCCTAACAGTCCT-1,1,24,24,20693,8848
ACCCACCTACATGCTC-1,1,25,25,20554,9090
AAAGGGCAGCTTGAAT-1,1,24,26,20415,8848
CACACAGGGATAGATT-1,1,25,27,20276,9089
AGAGCGTACAAGCTCG-1,1,24,28,20138,8848
TCTTACGGCATCCGAC-1,1,25,29,19999,9089
GCCTATTCCGATATAG-1,1,24,30,19861,8848
GAAAGTGACTAACTGC-1,1,25,31,19722,9089
CCGGAATGGTTTCAGT-1,1,24,32,19583,8847
AGTATAATACTAGGCA-1,1,25,33,19445,9088
TAACTATCGAAGGTCC-1,1,24,34,19306,8847
ATGAGGAGTGTTAATC-1,1,25,35,19167,9088
TGTGTCGCGAGTTGCA-1,1,24,36,19029,8847
ATCCAACGCAGTCATA-1,1,25,37,18890,9088
AAGGCGCGTAAAGCTT-1,1,24,38,18751,8847
AGTCGGCCCAAACGAC-1,1,25,39,18613,9088
AACGTCAGACTAGTGG-1,1,24,40,18474,8846
ACTACCAGCTCTCTGG-1,1,25,41,18335,9087
GCAAGTGCACAGAGAA-1,1,24,42,18197,8846
ACACCTTAAGTAGGGC-1,1,25,43,18058,9087
TTCGACGGGAAGGGCG-1,1,24,44,17920,8846
TTCGCACTCGCGTGCT-1,1,25,45,17781,9087
TATTTGTTACCCTTTA-1,1,24,46,17642,8845
CGCTGTGACGCCGCAC-1,1,25,47,17503,9087
GTTGCACGGAGTTTCG-1,1,24,48,17365,8845
GTTTCCTGGAGGGTGA-1,1,25,49,17226,9086
ACACCCAGCATGCAGC-1,1,24,50,17088,8845
TCAACCATGTTCGGGC-1,1,25,51,16949,9086
TTACAACTACGCATCC-1,1,24,52,16810,8845
TCCGATGGTGCGACAT-1,1,25,53,16671,9086
GGGCGTACATTTATAT-1,1,24,54,16533,8844
AGCGACCAACGATATT-1,1,25,55,16394,9086
ACACAAAGACGGGTGG-1,1,24,56,16256,8844
ATCGCACGCCGGGAGA-1,1,25,57,16117,9085
GCTCTAAACCCTGACG-1,1,24,58,15978,8844
AATGCAACCGGGTACC-1,1,25,59,15839,9085
TCAAACAACCGCGTCG-1,1,24,60,15701,8844
TATGCTCCCTACTTAC-1,1,25,61,15562,9085
AAAGGGATGTAGCAAG-1,1,24,62,15424,8843
ACGATCATACATAGAG-1,1,25,63,15285,9084
TTGTTCAGTGTGCTAC-1,1,24,64,15146,8843
ATGCATGATCCAGGAT-1,1,25,65,15007,9084
AGTCTTCTCCTCAAAT-1,1,24,66,14869,8843
GATTCCCTTGTCGCAG-1,1,25,67,14730,9084
CTCGCACCTATATAGT-1,1,24,68,14592,8842
ACTCAATAAAGGCACG-1,1,25,69,14453,9084
AACCGAGCTTGGTCAT-1,1,24,70,14314,8842
TAAGGCAACATAAGAT-1,1,25,71,14175,9083
CACGCACAGCGCAGCT-1,1,24,72,14037,8842
GGTTTACAATCTCAAT-1,1,25,73,13898,9083
TGCAGGATCGGCAAAG-1,1,24,74,13760,8842
ATAACGGAGTCCAACG-1,1,25,75,13621,9083
AACGATATGTCAACTG-1,1,24,76,13482,8841
GACAACGACCATTGAA-1,1,25,77,13343,9083
TTGACCATGTTCTCCG-1,1,24,78,13205,8841
AGTACGGGCACCTGGC-1,1,25,79,13066,9082
CGCCATCCGATTATGA-1,1,24,80,12928,8841
AAGGTATCCTAATATA-1,1,25,81,12789,9082
TGTTGTCAAGAAGTCT-1,1,24,82,12650,8841
CAGTGAATAAATGACT-1,1,25,83,12512,9082
CACCTTGCGAAACTCG-1,1,24,84,12373,8840
CATTTAGCGGACCATG-1,1,25,85,12234,9081
CCAGTCTAGACGGCGC-1,1,24,86,12096,8840
TCGCTTTAAACGTTTG-1,1,25,87,11957,9081
GTGAAACGGCGCCACC-1,1,24,88,11818,8840
GGGCTCATCGAACCCA-1,1,25,89,11680,9081
TTGATGTGTAGTCCCG-1,1,24,90,11541,8840
CAGTAGCCCACGCGGT-1,1,25,91,11402,9081
AGCGCGGGTGCCAATG-1,1,24,92,11264,8839
TAATCGATCCGTACGT-1,1,25,93,11125,9080
AGTGGCGGCAATTTGA-1,1,24,94,10987,8839
CCTTTCAATGAAGAAA-1,1,25,95,10848,9080
CTCAGTCACGACAAAT-1,1,24,96,10709,8839
ATAGGCTAGCTTCGCA-1,1,25,97,10570,9080
CGGTTCAAGTAGGTGT-1,1,24,98,10432,8838
CAGTCGAGGATGCAAT-1,1,25,99,10293,9080
TATCACCCAACCGACC-1,1,24,100,10155,8838
AATGATGCGACTCCTG-1,1,25,101,10016,9079
TGGAACCACTGACACA-1,1,24,102,9877,8838
GCCAATAGGGCATCTC-1,1,25,103,9738,9079
TTCTTTGGTCGCGACG-1,1,24,104,9600,8838
ATTAGATTCCTCAGCA-1,1,25,105,9461,9079
CCGTGGAACGATCCAA-1,1,24,106,9323,8837
GGGTCGTGGCAAGTGT-1,1,25,107,9184,9078
TCGCTCGGCACCAGCG-1,1,24,108,9045,8837
ACGCAATCACTACAGC-1,1,25,109,8906,9078
CTCTAATGCATTGATC-1,1,24,110,8768,8837
GTCTCGACTAAGTTTG-1,1,25,111,8629,9078
TGGTTTAAACGTGGGT-1,1,24,112,8491,8837
CGCAGATCTTCACCCG-1,1,25,113,8352,9078
TCCAGATGTACGCCAA-1,1,24,114,8213,8836
CATTGCGGGTCAATTC-1,1,25,115,8074,9077
GACGTTCGTAAATACA-1,1,24,116,7936,8836
TACACCGTCGTTAGTC-1,1,25,117,7797,9077
ACGGGCGTATGCGACA-1,1,24,118,7659,8836
GAAGGCTACCATTGTT-1,1,25,119,7520,9077
TAAATCTTTACACCTC-1,1,24,120,7381,8835
AGTTTATGTAAAGACA-1,1,25,121,7242,9077
AGGAGACATCCACAGT-1,1,24,122,7104,8835
CAACCTGAACCTGCCA-1,1,25,123,6965,9076
AGTCCCTCGCAGAAAG-1,1,24,124,6827,8835
TGTATACGGATGATGA-1,1,25,125,6688,9076
TTGTGGTATAGGTATG-1,1,24,126,6549,8835
TCTGCACCATTAGTAA-1,1,25,127,6410,9076
AAATGTATCTTATCCC-1,1,26,0,24020,9334
ACTCTAAACCTGGGAT-1,1,27,1,23881,9575
GCTGGCAGGTGCCGTG-1,1,26,2,23743,9334
CTCATTCGTGAACATC-1,1,27,3,23604,9575
TCGCCGGATGGGCAAG-1,1,26,4,23465,9334
GGACTAAGTCAGGAGT-1,1,27,5,23327,9575
TATCAAAGGTCTGTAA-1,1,26,6,23188,9333
TTCAGTTTGTGGCAGC-1,1,27,7,23049,9575
TGTTCATAAATGTGCT-1,1,26,8,22911,9333
CTTAGCCCGGATAGTG-1,1,27,9,22772,9574
GATGCGAATGGTATTA-1,1,26,10,22633,9333
TCTAACTGTATGTAAA-1,1,27,11,22495,9574
TTAAACCTGGTTCCTT-1,1,26,12,22356,9333
GCTAAGTAAAGGCGAT-1,1,27,13,22217,9574
AGTTACCGCACATGGT-1,1,26,14,22079,9332
GACTGCGGCACGTGTA-1,1,27,15,21940,9573
TGGTGATCGTATTTGT-1,1,26,16,21802,9332
TTATCGCCTGCGAAGC-1,1,27,17,21663,9573
TGGAATTAGACGCTTT-1,1,26,18,21524,9332
TCGTCACACTGTTAGC-1,1,27,19,21385,9573
TTATGTTTGCGATAGA-1,1,26,20,21247,9332
GGTGCTGATCACAAAG-1,1,27,21,21108,9573
CATAGCCGCCCGGGAT-1,1,26,22,20970,9331
GGTTAGTTACGGCGCC-1,1,27,23,20831,9572
ATTCCCACATAAACAA-1,1,26,24,20692,9331
ATTCAGTAGCAGGGTC-1,1,27,25,20553,9572
CAGTTCCGCGGGTCGA-1,1,26,26,20415,9331
AAGAGATGAATCGGTA-1,1,27,27,20276,9572
CGCAATTCTACAATAA-1,1,26,28,20138,9330
TAACGCTTTGAGAGCG-1,1,27,29,19999,9572
AGGCTATGGTTAGCTT-1,1,26,30,19860,9330
GAGGAATGGAGAGGTT-1,1,27,31,19721,9571
TCCTCTACGAGATGGC-1,1,26,32,19583,9330
TTGATTATGCAGATGA-1,1,27,33,19444,9571
TCAGTACTGACCCGCG-1,1,26,34,19306,9330
TTATGACAAACTGGAT-1,1,27,35,19167,9571
GTAAGTAGGGTATACC-1,1,26,36,19028,9329
CGCAAACACGAGTTAC-1,1,27,37,18889,9570
TGGCCGTATATTGACC-1,1,26,38,18751,9329
ACTGTAGCACTTTGGA-1,1,27,39,18612,9570
GCTCTATGTTACGTGC-1,1,26,40,18474,9329
TGCGCGATTAACGGAG-1,1,27,41,18335,9570
GAATCGACATGGTCAC-1,1,26,42,18196,9329
GACTAAGTAGGCTCAC-1,1,27,43,18057,9570
ATCTTGACCTGCAACG-1,1,26,44,17919,9328
ATGCACTACCGCATTG-1,1,27,45,17780,9569
CAGATACTAACATAGT-1,1,26,46,17642,9328
GATCGACACTATCTGA-1,1,27,47,17503,9569
ATAGAGTACTGGGACA-1,1,26,48,17364,9328
CCTACTGCTTACACTT-1,1,27,49,17226,9569
CCTGCTATTTGAGAAG-1,1,26,50,17087,9327
CGCGTTCATGAAATAC-1,1,27,51,16948,9569
CATTATGCTTGTTGTG-1,1,26,52,16810,9327
CCAGGGACGTGGCCTC-1,1,27,53,16671,9568
TATGGATGTGCTACGC-1,1,26,54,16532,9327
GTACTAAGATTTGGAG-1,1,27,55,16394,9568
AGACCCGCCCTCCTCG-1,1,26,56,16255,9327
CGCATTAGCTAATAGG-1,1,27,57,16116,9568
GCTCTCGGGTACCGAA-1,1,26,58,15978,9326
CACCGCCAGAAGGTTT-1,1,27,59,15839,9567
TCCCAAAGACGAAGGA-1,1,26,60,15700,9326
ATGGATTGACCAAACG-1,1,27,61,15562,9567
GTCATGGACATGACTA-1,1,26,62,15423,9326
CTACTGCCACCTGACC-1,1,27,63,15284,9567
TTATATTTGGCAATCC-1,1,26,64,15146,9326
AGCACCAGTACTCACG-1,1,27,65,15007,9567
CATGGTCTAGATACCG-1,1,26,66,14869,9325
TCTACCGTCCACAAGC-1,1,27,67,14730,9566
CTAGTTGGGCCCGGTA-1,1,26,68,14591,9325
TCCCGCGTACTCCTGG-1,1,27,69,14452,9566
CAGAGCATGAGCTTGC-1,1,26,70,14314,9325
ACACGGGAACTTAGGG-1,1,27,71,14175,9566
GGCTCTGCTCCAACGC-1,1,26,72,14037,9324
AGAACGTGGTACATTC-1,1,27,73,13898,9566
CAATAAACCTTGGCCC-1,1,26,74,13759,9324
ACTTCGCCATACGCAC-1,1,27,75,13620,9565
ATCTGGTTAAGACTGT-1,1,26,76,13482,9324
TCGTAAGACGACATTG-1,1,27,77,13343,9565
GTGTACCTTGGCTACG-1,1,26,78,13205,9324
GCCCGTAATACCTTCT-1,1,27,79,13066,9565
CGGTCAAGTGGGAACC-1,1,26,80,12927,9323
TTGTAAGGCCAGTTGG-1,1,27,81,12788,9565
GGAGCACCAAGAACTA-1,1,26,82,12650,9323
TAATAGTGACGACCAG-1,1,27,83,12511,9564
CTAAATCCTATTCCGG-1,1,26,84,12373,9323
CGAGTTCTGTCCCACC-1,1,27,85,12234,9564
AGGCAGATGCGTAAAC-1,1,26,86,12095,9323
AAGGATGAGGGACCTC-1,1,27,87,11956,9564
AGAGAACCGTCTAGGA-1,1,26,88,11818,9322
GAGGGCGCAGCTCTGC-1,1,27,89,11679,9563
AAGATTGGCGGAACGT-1,1,26,90,11541,9322
CCAGTAGTCTGATCCA-1,1,27,91,11402,9563
AAGGGACAGATTCTGT-1,1,26,92,11263,9322
ATAGAGTTATCAACTT-1,1,27,93,11124,9563
AAATTACCTATCGATG-1,1,26,94,10986,9321
GATCCTAAATCGGGAC-1,1,27,95,10847,9563
TTACAGACCTAAATGA-1,1,26,96,10709,9321
CCTCACCTTAGCATCG-1,1,27,97,10570,9562
CATGCGACCAGTTTAA-1,1,26,98,10431,9321
AACATATCAACTGGTG-1,1,27,99,10293,9562
CTATAAGAGCCAATCG-1,1,26,100,10154,9321
AATATCGAGGGTTCTC-1,1,27,101,10015,9562
GTACTCCTGGGTATGC-1,1,26,102,9877,9320
ATAAGTAGGATTCAGA-1,1,27,103,9738,9562
AGGTCGCGGAGTTACT-1,1,26,104,9599,9320
CTAATTCTCAGATATT-1,1,27,105,9461,9561
GCCAACCATTTCCGGA-1,1,26,106,9322,9320
TGATCCCAGCATTAGT-1,1,27,107,9183,9561
CGTTGTAAGATTGATT-1,1,26,108,9045,9320
GAAACCATGGTGCGCT-1,1,27,109,8906,9561
AATCTATGCCGGAGCC-1,1,26,110,8767,9319
GACTCCCAGAATAAGG-1,1,27,111,8629,9560
TATGATCCGGCACGCC-1,1,26,112,8490,9319
CCGCTTGCTGACATGG-1,1,27,113,8351,9560
TGGTTAAGGGCGCTGG-1,1,26,114,8213,9319
TTGATAGTCAATACAT-1,1,27,115,8074,9560
GGTTTAATTGAGCAGG-1,1,26,116,7936,9319
CATTACATAGATTGTG-1,1,27,117,7797,9560
GGTACACCAGATTTAT-1,1,26,118,7658,9318
GGCCCGTATACCATGC-1,1,27,119,7519,9559
ATCTTTCGTATAACCA-1,1,26,120,7381,9318
GAGATGACAATCCTTA-1,1,27,121,7242,9559
AAAGCTTGCCTACATA-1,1,26,122,7104,9318
GAACGATAAGTTAAAG-1,1,27,123,6965,9559
TAATAGCTAAATGATG-1,1,26,124,6826,9317
TATGGCTAGGCTAATT-1,1,27,125,6687,9559
AGGAGAGTCTGGCTAC-1,1,26,126,6549,9317
TGCTCTGCCGGTTCAC-1,1,27,127,6410,9558
CCAATAGATTTCATCT-1,1,28,0,24020,9817
GGGCACGAATTGGCCG-1,1,29,1,23881,10058
TCGTTGACAGGGTCCC-1,1,28,2,23742,9816
ATCGTATTCCGAGAAC-1,1,29,3,23603,10058
GGGAATTCTGTCCAGT-1,1,28,4,23465,9816
ACGCGTTTCTTAAGAG-1,1,29,5,23326,10057
GAGAGCGCAGTCCCTG-1,1,28,6,23188,9816
GTCCTATTGTTGTGGT-1,1,29,7,23049,10057
CATCTGCAGGATCATT-1,1,28,8,22910,9816
GAGTCGACAGACCCTC-1,1,29,9,22771,10057
AAGTGCAAAGGTAGAC-1,1,28,10,22633,9815
AGGGTGGATAGTGCAT-1,1,29,11,22494,10057
TGATAGCGGGATTCTA-1,1,28,12,22356,9815
GTCAGTTTGGTAGTCG-1,1,29,13,22217,10056
GCATTCGAAATGAACA-1,1,28,14,22078,9815
AAAGACTGGGCGCTTT-1,1,29,15,21939,10056
TAACAATATTTGTTGC-1,1,28,16,21801,9815
CCAGCTTCCGCCCGCA-1,1,29,17,21662,10056
GATATGGATTACGCGG-1,1,28,18,21524,9814
AGAGCAGTTATGAGAC-1,1,29,19,21385,10055
TCACATCTTATCTGAT-1,1,28,20,21246,9814
TATGAAGACAGGTGCG-1,1,29,21,21108,10055
TACCTGCTGCACTGTG-1,1,28,22,20969,9814
TAGGTCCAAGTAAGGA-1,1,29,23,20830,10055
GAAACTCGTGCGATGC-1,1,28,24,20692,9814
AACAATTACTCTACGC-1,1,29,25,20553,10055
CCGCACGTGACCTCGG-1,1,28,26,20414,9813
AACTTGCCCGTATGCA-1,1,29,27,20276,10054
GGGTATGTATGCACTT-1,1,28,28,20137,9813
TTCGTACTCCAGAACG-1,1,29,29,19998,10054
GAATTTCTCGCTGCAG-1,1,28,30,19860,9813
AACAGGATGGGCCGCG-1,1,29,31,19721,10054
GACGTGTAGGGATTAT-1,1,28,32,19582,9812
TAGGTGAGCCCTACTC-1,1,29,33,19444,10054
CTAATTCGCACGCGCT-1,1,28,34,19305,9812
GAAGCTTGCTGACCGC-1,1,29,35,19166,10053
GGTTAGGCTTGGAGAA-1,1,28,36,19028,9812
ACAAGGACAAGAGGTT-1,1,29,37,18889,10053
AGGCCACCCGTTATGA-1,1,28,38,18751,9812
GTGGGCTTAGACACAC-1,1,29,39,18612,10053
CGTGTCCCATTCGCGA-1,1,28,40,18473,9811
TGGAGTGATGCGATGA-1,1,29,41,18334,10052
AACAACTGGTAGTTGC-1,1,28,42,18196,9811
CCTGGCTAGACCCGCC-1,1,29,43,18057,10052
CGCAATTAGGGTAATA-1,1,28,44,17919,9811
TCGAAATTTAGGACCA-1,1,29,45,17780,10052
AGACTAGCCTTCCAGA-1,1,28,46,17641,9811
TTGATCTAACTTTGTC-1,1,29,47,17502,10052
AAGGAGCGGTTGGTGC-1,1,28,48,17364,9810
ACTTGGGACCCGGTGG-1,1,29,49,17225,10051
TGATCTCCGGCGCCAG-1,1,28,50,17087,9810
CAGTTCAAATTGACAC-1,1,29,51,16948,10051
GTCCGGCTGAATTGCG-1,1,28,52,16809,9810
CTGGAAATGGATGCTT-1,1,29,53,16670,10051
TGATCGGTTTGACCCT-1,1,28,54,16532,9809
TAGAGTCTAAGCGAAC-1,1,29,55,16393,10051
GAGACTGATGGGTAGA-1,1,28,56,16255,9809
TAGCTAAGTCCGGGAG-1,1,29,57,16116,10050
GGGCGATATGTGTGAA-1,1,28,58,15977,9809
CTCGAGGTCGAACAGT-1,1,29,59,15838,10050
GATCCCTTTATACTGC-1,1,28,60,15700,9809
GTCATGCACCTCCGTT-1,1,29,61,15561,10050
ACTTTCCTATAGCTTC-1,1,28,62,15423,9808
TCGCTCGATATATTCC-1,1,29,63,15284,10049
ATAGGTTGGGCAGATG-1,1,28,64,15145,9808
CAATTAAGGGTGATGA-1,1,29,65,15006,10049
ACCGACTGAGTCCCAC-1,1,28,66,14868,9808
CCTGTCACCCGGGCTC-1,1,29,67,14729,10049
GATCGGTGGCCATAAC-1,1,28,68,14591,9808
CCTATGGGTTACCGTC-1,1,29,69,14452,10049
TTGGGACACTGCCCGC-1,1,28,70,14313,9807
CGAGGCTAAATATGGC-1,1,29,71,14175,10048
TCAGGGTGTAACGTAA-1,1,28,72,14036,9807
CGAGAGATGTGAACCT-1,1,29,73,13897,10048
TCGCTGGGCGGATTGT-1,1,28,74,13759,9807
AGATCTCAGGTGTGAT-1,1,29,75,13620,10048
TGGCCAAACTGAAGTA-1,1,28,76,13481,9806
GCTTCCGTCCCTAGAC-1,1,29,77,13343,10048
CAGCAGCCCGTTCCTT-1,1,28,78,13204,9806
TGTATAACAGATCCTG-1,1,29,79,13065,10047
CGCGGGAATTAGGCAG-1,1,28,80,12927,9806
TGCATGTGGTAATCTA-1,1,29,81,12788,10047
ACAATTTGAGCAGTGG-1,1,28,82,12649,9806
GAGCTAAGGGCATATC-1,1,29,83,12511,10047
CCAGATAGTTGAGTGA-1,1,28,84,12372,9805
CCACAATGTACGTCTT-1,1,29,85,12233,10047
CAATGGATCTCTACCA-1,1,28,86,12095,9805
TGTGGCAAAGCGTATG-1,1,29,87,11956,10046
TAAAGCGTTAGGAGAA-1,1,28,88,11818,9805
TCCGTTTAGCCTTGAA-1,1,29,89,11679,10046
CAGCTCGACAAGTTAA-1,1,28,90,11540,9805
GCCTATAGTGTCAGGG-1,1,29,91,11401,10046
ATAGACAACGGGACCT-1,1,28,92,11263,9804
CTACTATCTTTCAGAG-1,1,29,93,11124,10045
GCGCTGCTTTGCATTT-1,1,28,94,10986,9804
GCGCATCCAGTCAGCA-1,1,29,95,10847,10045
GACTCGCGGGAATGAC-1,1,28,96,10708,9804
CTGGTAACGAGCTCTT-1,1,29,97,10569,10045
TCCGGCCTAGCGTACA-1,1,28,98,10431,9803
TCTAGGTGGCGACGCT-1,1,29,99,10292,10045
ACGCTAGTGATACACT-1,1,28,100,10154,9803
ATCTGCACCTCTGCGA-1,1,29,101,10015,10044
CCTCACCTGAGGGAGC-1,1,28,102,9876,9803
AGTGAGCCTCGCCGCC-1,1,29,103,9737,10044
ACGAGTACGGATGCCC-1,1,28,104,9599,9803
GGTACCATTAAGACGG-1,1,29,105,9460,10044
TTCTGCTAGACTCCAA-1,1,28,106,9322,9802
TAACTATTACGCCAAA-1,1,29,107,9183,10044
GCATTCAAGGCAACGC-1,1,28,108,9044,9802
AGTACATCATTTATCA-1,1,29,109,8905,10043
GTCGTGTCTGGTCATC-1,1,28,110,8767,9802
AGTCTAAAGTATACTC-1,1,29,111,8628,10043
CGGCCCAACCTGTAGT-1,1,28,112,8490,9802
AGGGAGACATACTTCG-1,1,29,113,8351,10043
TCCCTAGATCAATAGG-1,1,28,114,8212,9801
TCCCGTCGCGTCATAG-1,1,29,115,8073,10042
CGCATCCATCAGCCAG-1,1,28,116,7935,9801
CTGCACCTAGTCCACA-1,1,29,117,7796,10042
CGAGGATCGGGAACGA-1,1,28,118,7658,9801
CAATGAGGTTCGACTA-1,1,29,119,7519,10042
TCTGACGGGCTAACCC-1,1,28,120,7380,9801
TTCTATGCCTTTCGCA-1,1,29,121,7242,10042
AGAGTATAGTGTTACG-1,1,28,122,7103,9800
CCATTGTTTCCTCCAT-1,1,29,123,6964,10041
CTCATCACTTAGTGAT-1,1,28,124,6826,9800
CCGAAGGGCGTACCGC-1,1,29,125,6687,10041
TCAAGCTGCCTTGAAA-1,1,28,126,6548,9800
CTCATTAACGTTGCCC-1,1,29,127,6410,10041
GTCTTCCTCACCTAAG-1,1,30,0,24019,10299
GGTGATGAAGGAAGTG-1,1,31,1,23880,10540
TCAATACAATTGCTGC-1,1,30,2,23742,10299
GCAACCCAAGTTGTTT-1,1,31,3,23603,10540
ATGAAGTGGACCCAGC-1,1,30,4,23464,10299
GAGAATCTCACGATCA-1,1,31,5,23326,10540
TATATCATTGATCAGT-1,1,30,6,23187,10298
AACTTTACGGGAGCTT-1,1,31,7,23048,10540
TTCTTGTGTCCATCAG-1,1,30,8,22910,10298
ACAATTTAGGAGGCTC-1,1,31,9,22771,10539
ATACTTGTTCTCGAGC-1,1,30,10,22633,10298
CACGGGATTGAGGGTT-1,1,31,11,22494,10539
GTTAATGTCTATCTTA-1,1,30,12,22355,10298
GCGTTATATTTGGAAC-1,1,31,13,22216,10539
CGTCAAGGCTATAAAT-1,1,30,14,22078,10297
TTAGCTCTGTAATCCG-1,1,31,15,21939,10539
AATGGTCCACCGTTCA-1,1,30,16,21801,10297
GTCATTGCATTGACCC-1,1,31,17,21662,10538
TGTCCGTGGCGCCTTT-1,1,30,18,21523,10297
TCAACTAACGTATAAC-1,1,31,19,21384,10538
TCCTCTCCAGTTGTCC-1,1,30,20,21246,10297
TGTGTTCGTATCCAAG-1,1,31,21,21107,10538
CCGCGTAGGTAAGGGC-1,1,30,22,20969,10296
CTGCGGGTGAAATGTT-1,1,31,23,20830,10537
TATCTACAGAGGTAAT-1,1,30,24,20691,10296
CTACTCTAGGCCCGGC-1,1,31,25,20552,10537
ACAAGCAGTGCCTAGC-1,1,30,26,20414,10296
TACAAGTCTCGTGCAT-1,1,31,27,20275,10537
TCGGAATGCGCTCTGA-1,1,30,28,20137,10295
TCGCGTCCAGAAGGTC-1,1,31,29,19998,10537
TATGGCCCGGCCTCGC-1,1,30,30,19859,10295
GCTGGCATATTCACCT-1,1,31,31,19720,10536
GTCAGAATAGTCTATG-1,1,30,32,19582,10295
GGCGTCCTATCCGCTG-1,1,31,33,19443,10536
CGGAGTTTGAGAGACA-1,1,30,34,19305,10295
AGCACTTAAGGACGCC-1,1,31,35,19166,10536
TCCACAATGGTTTACG-1,1,30,36,19027,10294
CCAACGATGCACTGAT-1,1,31,37,18888,10536
ATTTACAGTTTACTGG-1,1,30,38,18750,10294
CCCTGAAATGAGTTGA-1,1,31,39,18611,10535
CAAACGGTCGCACTTT-1,1,30,40,18473,10294
TGATTCGTCTATCACT-1,1,31,41,18334,10535
TCAGGTTCTTTGAGAA-1,1,30,42,18195,10294
CACGCAGCGAGGCTTT-1,1,31,43,18057,10535
TTAAGCGCCTGACCCA-1,1,30,44,17918,10293
CTTACACGGTATTCCA-1,1,31,45,17779,10534
AAGGCTGTGCTCATCG-1,1,30,46,17641,10293
GACCAGAGCCCTGTAG-1,1,31,47,17502,10534
TCCCAGGCTTAGCTAA-1,1,30,48,17363,10293
ATTGAAGATCTTAGTG-1,1,31,49,17225,10534
AGTTCCTACAGAATTA-1,1,30,50,17086,10293
GGGCTGGTTAGTCGCG-1,1,31,51,16947,10534
GAAATGGCGGTGTTAG-1,1,30,52,16809,10292
TACGAACACGACTTCA-1,1,31,53,16670,10533
ACCACAAGTTTCTATC-1,1,30,54,16531,10292
ATATTTAACCCTCAAG-1,1,31,55,16393,10533
GATCATTCCAAACATT-1,1,30,56,16254,10292
TCCAGGCGAGTACGGT-1,1,31,57,16115,10533
GTTTGACCAAATCCTA-1,1,30,58,15977,10291
CACAGCACCCACGGCA-1,1,31,59,15838,10533
TGCAAGAATGACGTAA-1,1,30,60,15700,10291
GCGAAGCCATACCCGT-1,1,31,61,15561,10532
TCCTTTCTTACGCTTA-1,1,30,62,15422,10291
GCTGCTCTCCGGACAC-1,1,31,63,15283,10532
ACTGTCTTCTTTAGAA-1,1,30,64,15145,10291
TCAAACTTAGATTGTT-1,1,31,65,15006,10532
CTATGTCACTAGCCCA-1,1,30,66,14868,10290
TGCGCAAAGCATTTGG-1,1,31,67,14729,10531
TTAATGTAGACCAGGT-1,1,30,68,14590,10290
GGCGGTAGGATCATTG-1,1,31,69,14451,10531
GGCAATAGTCAATGAG-1,1,30,70,14313,10290
ACACGAGACTCCTTCT-1,1,31,71,14174,10531
GACACAAGGGAAGAAA-1,1,30,72,14036,10290
TCAGCAAATGCATCTC-1,1,31,73,13897,10531
GAGATCTGTCACTCCG-1,1,30,74,13758,10289
ATGCCGGTCTTGCATA-1,1,31,75,13619,10530
TTGGGCGGCGGTTGCC-1,1,30,76,13481,10289
TTGTTGTGTGTCAAGA-1,1,31,77,13342,10530
ACTGTACGATACACAT-1,1,30,78,13204,10289
TCCACTTTATCTAGGT-1,1,31,79,13065,10530
GGTCTGAGAATCTGGA-1,1,30,80,12926,10288
TAGAAAGGTGGCGCTA-1,1,31,81,12787,10530
TATGTCTCATTGTGCC-1,1,30,82,12649,10288
GGATTTCACTTCTATA-1,1,31,83,12510,10529
TGAGTGGTCCGTGACG-1,1,30,84,12372,10288
CGCTTTCTTGCATTCG-1,1,31,85,12233,10529
ACCCAACGCCCGTGGC-1,1,30,86,12094,10288
GAACGTCTCATGGTCG-1,1,31,87,11955,10529
AGGGTTCCCTTTGGTT-1,1,30,88,11817,10287
GTAGCTTCCTCTTGTT-1,1,31,89,11678,10529
GCATGAGGGACGCGGC-1,1,30,90,11540,10287
CTACCCTAAGGTCATA-1,1,31,91,11401,10528
TCACCGCTCGGCACTC-1,1,30,92,11262,10287
GGCTCGCGTTGAGGTA-1,1,31,93,11124,10528
CTAACGAAACTTGCTG-1,1,30,94,10985,10287
TTAAACTCGAATTCAT-1,1,31,95,10846,10528
TACTTTACTGAGCCGG-1,1,30,96,10708,10286
GCTTGGATCGATTAGG-1,1,31,97,10569,10527
CGGTTATCCAACAGTG-1,1,30,98,10430,10286
CAGACCTGTAAGTGTT-1,1,31,99,10292,10527
GACGGTCAATAGAAGC-1,1,30,100,10153,10286
CTGACTGCGCAGCTCG-1,1,31,101,10014,10527
CCATACCTTTACTTGT-1,1,30,102,9876,10285
GTAATAAAGGGCTCCC-1,1,31,103,9737,10527
GTGAACTCCCATTCGA-1,1,30,104,9599,10285
GTGGTTACTTCTTTCG-1,1,31,105,9460,10526
TCAGAACCTCCACAGG-1,1,30,106,9321,10285
TCCCACTCTCTTCCGG-1,1,31,107,9182,10526
ATCTTGACTTGTCCAA-1,1,30,108,9044,10285
TCGGGAACGTGCCTAG-1,1,31,109,8905,10526
GTTAGCCGTAAATCAA-1,1,30,110,8767,10284
ATTTACTAAGTCCATT-1,1,31,111,8628,10526
GGGTGCATATGAAAGC-1,1,30,112,8489,10284
TCCGAATGGTCCTGAG-1,1,31,113,8350,10525
TGATGGCTGTTTCTGA-1,1,30,114,8212,10284
AAATAAGGTAGTGCCC-1,1,31,115,8073,10525
CCACTATCCGGGTCAC-1,1,30,116,7935,10284
ACACCACATAATTAGC-1,1,31,117,7796,10525
CGCGGTAAGTCTAGCT-1,1,30,118,7657,10283
GCGGGCATTACGATGC-1,1,31,119,7518,10524
AGGATTGCTTACGACA-1,1,30,120,7380,10283
CTCGGGATAACACCTA-1,1,31,121,7241,10524
GTCGTCTGGTTGGCTA-1,1,30,122,7103,10283
GCAATTAGTCGCACCG-1,1,31,123,6964,10524
GTGACCTAAAGAATAA-1,1,30,124,6825,10283
CTGAGCGAGACTTATT-1,1,31,125,6686,10524
CAAGACTCAGAAGCGC-1,1,30,126,6548,10282
ACTTCGCTAGCGAGTG-1,1,31,127,6409,10523
CCATACTCGCCTCTCC-1,1,32,0,24019,10782
ACGATACCTATCCTGA-1,1,33,1,23880,11023
CTCACCAGTACAAGTG-1,1,32,2,23741,10782
CGAAGACGGTGAGTGC-1,1,33,3,23602,11023
AAATTAATAAGCGCGA-1,1,32,4,23464,10781
GGGCCCTTATCTATAC-1,1,33,5,23325,11022
CTGCCCACGAAGCGTT-1,1,32,6,23187,10781
GGACAAGTTGCAGTGA-1,1,33,7,23048,11022
GTCCGAGAGCAATCAT-1,1,32,8,22909,10781
ATGGCAGCCGAGAAAC-1,1,33,9,22770,11022
CCTCGGATGCTACCTG-1,1,32,10,22632,10780
ATACGGTGAAGATGCA-1,1,33,11,22493,11022
ACATCAGCTGGGACGC-1,1,32,12,22355,10780
GGTTGTGTAGCCTGGC-1,1,33,13,22216,11021
CCTGCGTTCTACGCTT-1,1,32,14,22077,10780
GAACGTTAGGAAGACG-1,1,33,15,21939,11021
CTGATAGTGTATCTCA-1,1,32,16,21800,10780
TTCTGCGAGCGCCCTT-1,1,33,17,21661,11021
CTTTGGCGCTTTATAC-1,1,32,18,21523,10779
TCCGAACTTGGCTTAC-1,1,33,19,21384,11021
TAGATTCCTGGTTATT-1,1,32,20,21245,10779
CCGACAAAGGGAGTGC-1,1,33,21,21107,11020
CCATGGCCCTTGTACC-1,1,32,22,20968,10779
GAAATATCACCATCAG-1,1,33,23,20829,11020
ACGAAATGGGCGGCAC-1,1,32,24,20691,10779
GTGAGCGTGCTGCACT-1,1,33,25,20552,11020
CCGCGGGTACGAAGAA-1,1,32,26,20414,10778
TCCCTGGCTCGCTGGA-1,1,33,27,20275,11019
CAGCTTAGTAGGTAGC-1,1,32,28,20136,10778
CACGAAAGTTAGTCCC-1,1,33,29,19997,11019
ACCTAATCGACTTCCT-1,1,32,30,19859,10778
AAGTAGTGACGCGAGG-1,1,33,31,19720,11019
TCCGATTACATTGCCG-1,1,32,32,19582,10777
CCTCCGACAATTCAAG-1,1,33,33,19443,11019
GTTCACAGGAGTCTAG-1,1,32,34,19304,10777
CGAAGTTGCTCTGTGT-1,1,33,35,19165,11018
GTCGGATATCTCAGAC-1,1,32,36,19027,10777
CGCTCTCCGTAGATTA-1,1,33,37,18888,11018
CAAGCAACGTCGGAGT-1,1,32,38,18750,10777
CCATTCCCTGCCCACA-1,1,33,39,18611,11018
CTTTGGCTTTAGTAAA-1,1,32,40,18472,10776
GGCTATTAAGTTGTAT-1,1,33,41,18333,11018
CCATTAGCGATAATCC-1,1,32,42,18195,10776
TGTTCTTCCATTGACT-1,1,33,43,18056,11017
AGATAACTTCAGGGCC-1,1,32,44,17918,10776
ATAGACGAAGAGAAAG-1,1,33,45,17779,11017
GGCGGAGTAATATTAG-1,1,32,46,17640,10776
TGACCCACGTTAGACA-1,1,33,47,17501,11017
TCACAGGTTATTGGGC-1,1,32,48,17363,10775
TCACGCATTGTAGATC-1,1,33,49,17224,11016
TTGAAGAATTCCCAGG-1,1,32,50,17086,10775
AAATGGTCAATGTGCC-1,1,33,51,16947,11016
TAGTGCCCTCCAGAGT-1,1,32,52,16808,10775
GGTATTGCCGAGTTTA-1,1,33,53,16669,11016
CGTATTAAGAGATCTA-1,1,32,54,16531,10775
ACTGTCCAGGATTATA-1,1,33,55,16392,11016
CGGGCAGCTAAACCGC-1,1,32,56,16254,10774
TTGCTGATCATGTTCG-1,1,33,57,16115,11015
TATGGGTACGTATCGT-1,1,32,58,15976,10774
CAGCTCACTGAGACAT-1,1,33,59,15837,11015
GGGACTGCATAGATAG-1,1,32,60,15699,10774
ACGCATTCGTGAGTAC-1,1,33,61,15560,11015
CTCTGGACGCCTGGTG-1,1,32,62,15422,10773
AGGGTTTAGTTCGGGA-1,1,33,63,15283,11015
GGGAGAACTCACAGTA-1,1,32,64,15144,10773
ATCAATCTGGGCTGCA-1,1,33,65,15006,11014
TCTTCGATACCAATAA-1,1,32,66,14867,10773
ACGTAGATTGCTGATG-1,1,33,67,14728,11014
TCTTGATGCGTAGCGA-1,1,32,68,14590,10773
GGGCTGCCTAGGGCGA-1,1,33,69,14451,11014
CTCTCACAATCGATGA-1,1,32,70,14312,10772
CCAAGCGTAACTCGTA-1,1,33,71,14174,11013
ACAACAGCATGAGCTA-1,1,32,72,14035,10772
GTCCCAACGTAAAGTA-1,1,33,73,13896,11013
TCGGAGTACATGAGTA-1,1,32,74,13758,10772
GGGAGTTAATGAGGCG-1,1,33,75,13619,11013
CCGGGCGGTCTCGTCA-1,1,32,76,13481,10772
CCGTAAGTTGGTCCCA-1,1,33,77,13342,11013
GGAGGGCTTGGTTGGC-1,1,32,78,13203,10771
TCGGACGCCCAGCCCA-1,1,33,79,13064,11012
TCTGTGCCATCATAGT-1,1,32,80,12926,10771
GTACTGGAGTTAGACC-1,1,33,81,12787,11012
GGAATGCGCTAGCGTG-1,1,32,82,12649,10771
GTGTGAATAACTTAGG-1,1,33,83,12510,11012
GGTCGGCCAGGAGCTT-1,1,32,84,12371,10770
TAGCCGGCGGTCAGCG-1,1,33,85,12232,11012
CGGGTGTACCCATTTA-1,1,32,86,12094,10770
AGTGATTCAAGCAGGA-1,1,33,87,11955,11011
GTTGGATTGAGAACAC-1,1,32,88,11817,10770
CACACGCGCTGTCTTA-1,1,33,89,11678,11011
TAGACGCCCGTACCGG-1,1,32,90,11539,10770
GGTTTCAATCGGTCAG-1,1,33,91,11400,11011
AATCTGCGTTGGGACG-1,1,32,92,11262,10769
TTACGGATGGTTCGAG-1,1,33,93,11123,11011
CGGCAGGGTCGGGTTG-1,1,32,94,10985,10769
GCTTTCAGAGGAGGTG-1,1,33,95,10846,11010
TCTTCCCATGGGCACA-1,1,32,96,10707,10769
TACCGCGGACTTGCAG-1,1,33,97,10568,11010
AGAATTATGGATTCGA-1,1,32,98,10430,10769
ATTGATGAGTCCTAAC-1,1,33,99,10291,11010
TAGGTCGCCGGAACTG-1,1,32,100,10153,10768
TAACCTACCGTCCGAG-1,1,33,101,10014,11009
CTTAGTAGGCCTACAG-1,1,32,102,9875,10768
CTAGATGTGAGTGTAA-1,1,33,103,9736,11009
ACTCCCGAATTCGTTT-1,1,32,104,9598,10768
GTTCATCGTTTGGCTG-1,1,33,105,9459,11009
ACTTTACCCTCATGAA-1,1,32,106,9321,10767
GCGAGAGTTGCGTCCA-1,1,33,107,9182,11009
GTTCGGGCGTACCATT-1,1,32,108,9043,10767
CGACTTTGTATAGCCT-1,1,33,109,8904,11008
GCCATCGATGCTGCAT-1,1,32,110,8766,10767
GCATTTCCAAGGCTCC-1,1,33,111,8627,11008
ATGTAAGGCTGCTCTT-1,1,32,112,8489,10767
ACGTTCGCAATCAATT-1,1,33,113,8350,11008
GTGACGAGGGTGACCC-1,1,32,114,8211,10766
ATTATAGCTACTTTAC-1,1,33,115,8073,11008
CGTGTGTTAAACCCTG-1,1,32,116,7934,10766
TTGGTATGGCTTGTGT-1,1,33,117,7795,11007
CATTCCCATTCCGTCG-1,1,32,118,7657,10766
TGCCGAAAGCGTATTC-1,1,33,119,7518,11007
CAACACATCTCCTGCC-1,1,32,120,7379,10766
CTGCCTCATATGCAAC-1,1,33,121,7241,11007
TCCCGCCTATGTGCGT-1,1,32,122,7102,10765
GGTTACCCGACACTTT-1,1,33,123,6963,11006
CCAGCGGGATCACCAG-1,1,32,124,6825,10765
ATGTTTCGGCCCGGAG-1,1,33,125,6686,11006
GCGTCTAACCTCCTAA-1,1,32,126,6548,10765
ATCAGGTAGCTGACAG-1,1,33,127,6409,11006
GGTATGAAAGAACTGA-1,1,34,0,24018,11264
GTGGCCTAATATCATT-1,1,35,1,23879,11505
CCTGTGAAACCGTAAC-1,1,34,2,23741,11264
GGCAGAGAGATCGGGA-1,1,35,3,23602,11505
TAGCGTCGAATATTGA-1,1,34,4,23464,11264
CGCCGACTATTCGCTA-1,1,35,5,23325,11505
TCTGGCGCAAGCCGGG-1,1,34,6,23186,11264
AGTGGTTGCGTATAGG-1,1,35,7,23047,11505
ATCGGTTACCTAGTAA-1,1,34,8,22909,11263
CCTGCCCGTTGTCTAG-1,1,35,9,22770,11504
GCACACGCCCATGGTC-1,1,34,10,22632,11263
AGTACGGCCCGTATCG-1,1,35,11,22493,11504
TATCTAGCCTAAAGGA-1,1,34,12,22354,11263
CACTCGGTTAGGAGGA-1,1,35,13,22215,11504
ATGTTCGTCGACCCAC-1,1,34,14,22077,11262
TTCCTCTGCCCGAATA-1,1,35,15,21938,11504
TTACTATCGGCTTCTC-1,1,34,16,21800,11262
GCCGCATTAGTCCGGC-1,1,35,17,21661,11503
TAAGGGCTGGGAGAGG-1,1,34,18,21522,11262
TAAGCAGGCGACACGC-1,1,35,19,21383,11503
AGCACTACCGGCCTGT-1,1,34,20,21245,11262
GAAAGCCCTTTGGACC-1,1,35,21,21106,11503
GACCGACTGAAGCGTC-1,1,34,22,20968,11261
CGGTGAAGACTAAAGT-1,1,35,23,20829,11503
CCCTGCGCTACGCATA-1,1,34,24,20690,11261
TACTGGACAGCTCGGC-1,1,35,25,20551,11502
TTAGTAGGGCGGCGGG-1,1,34,26,20413,11261
GAGGCTATCAAAGTCG-1,1,35,27,20274,11502
TTACCATTGATTACCC-1,1,34,28,20136,11261
ATACCACGGGCAACTT-1,1,35,29,19997,11502
TGTCCTAAGTCACCGC-1,1,34,30,19858,11260
AGGTAGGTACAAAGCT-1,1,35,31,19720,11501
GGCATACAGGTAGCGG-1,1,34,32,19581,11260
TGTAGTGATCTATAAT-1,1,35,33,19442,11501
TCCCGGGTGTGCTGCT-1,1,34,34,19304,11260
TACGATGTTGATCATC-1,1,35,35,19165,11501
CCTCTCTCCCATCTAG-1,1,34,36,19026,11259
GCAGGACTATAGAATA-1,1,35,37,18888,11501
CTAGTGAAGGACAGGA-1,1,34,38,18749,11259
TACGAGAACTTCACGT-1,1,35,39,18610,11500
CGTTGTTTCAATTCCC-1,1,34,40,18472,11259
GCAAATATTACGCTTT-1,1,35,41,18333,11500
CCAATAGTGCCGTCGA-1,1,34,42,18194,11259
ATTGCTGCTCCTCCAT-1,1,35,43,18056,11500
GAGATCTGCTTGGCAT-1,1,34,44,17917,11258
GCCGAAATTCCTACGT-1,1,35,45,17778,11500
GGCACTCCACTGGGCA-1,1,34,46,17640,11258
GGGTCACCGTGACGGT-1,1,35,47,17501,11499
CACTTAATCAGACGGA-1,1,34,48,17363,11258
CGTTTCGCTCATTACA-1,1,35,49,17224,11499
ATAAAGGCTCGGTCGT-1,1,34,50,17085,11258
CACTAAAGTTGCCTAT-1,1,35,51,16946,11499
GTGCTCAAGTACTGTC-1,1,34,52,16808,11257
CCATGCCTGTTTAGTA-1,1,35,53,16669,11498
TCTAGTTATCAGAAGA-1,1,34,54,16531,11257
TTGTAATCCGTACTCG-1,1,35,55,16392,11498
TCCCAGCTTTAGTCTG-1,1,34,56,16253,11257
CTACGCACGGAGTACC-1,1,35,57,16114,11498
AAATTAACGGGTAGCT-1,1,34,58,15976,11257
CGGCCACGCACAAAGT-1,1,35,59,15837,11498
GAAGCGTGAGGAATTT-1,1,34,60,15699,11256
ATATCTTAGGGCCTTC-1,1,35,61,15560,11497
ACGCGGGCCAAGGACA-1,1,34,62,15421,11256
GCGAGTTCTGCAAAGA-1,1,35,63,15282,11497
TATTCGTGCCAGAATA-1,1,34,64,15144,11256
AGGGCTGCAGTTACAG-1,1,35,65,15005,11497
CTAGCATAGTATAATG-1,1,34,66,14867,11255
TAGGTTCGAGTTCGTC-1,1,35,67,14728,11497
GAATTATAGTGAAAGG-1,1,34,68,14589,11255
CTATCGGGTCTCAACA-1,1,35,69,14450,11496
GCGCTAATTGAATAGA-1,1,34,70,14312,11255
ATGCGACAGTCCCATT-1,1,35,71,14173,11496
GGTAGTGCTCGCACCA-1,1,34,72,14035,11255
AAGCTCGTGCCAAGTC-1,1,35,73,13896,11496
TATTCAATTCTAATCC-1,1,34,74,13757,11254
TTCAAAGTCTCTAGCC-1,1,35,75,13618,11495
TTGAATATGGACTTTC-1,1,34,76,13480,11254
AAGAGCTCTTTATCGG-1,1,35,77,13341,11495
TTACTCCGGCCGGGAA-1,1,34,78,13203,11254
AAACGAGACGGTTGAT-1,1,35,79,13064,11495
GCTAAGTAGTTTCTCT-1,1,34,80,12925,11254
ATAACGCCGGAGGGTC-1,1,35,81,12787,11495
GGATCCGGAATATACT-1,1,34,82,12648,11253
TGAAAGGACCTGACTC-1,1,35,83,12509,11494
TCCGCGGCAGCATCTG-1,1,34,84,12371,11253
TGCATATGTCTGTCAC-1,1,35,85,12232,11494
TGTAGGAGAAATTTCC-1,1,34,86,12093,11253
AGTGAGACTTCCAGTA-1,1,35,87,11955,11494
CCCAAACATGCTGCTC-1,1,34,88,11816,11252
GCTTATGAAGCAGGAA-1,1,35,89,11677,11494
TTCTAACCGAAGCTTA-1,1,34,90,11539,11252
GGATGTCCTTACCGCA-1,1,35,91,11400,11493
AGGGTGCTCTCGAGGG-1,1,34,92,11261,11252
AACTCTCAATAGAGCG-1,1,35,93,11123,11493
TCTGAATTCCGTACAA-1,1,34,94,10984,11252
GCGTGGTACTGGGTTA-1,1,35,95,10845,11493
CGTCGGATAGTGTTGA-1,1,34,96,10707,11251
ATATGTCTCCCTAGCC-1,1,35,97,10568,11493
TCTTTAAGACTATGAA-1,1,34,98,10430,11251
TCATTTAAGTCTCCGA-1,1,35,99,10291,11492
GATATTGAGATTGGCG-1,1,34,100,10152,11251
TGACATCGAGCGGACC-1,1,35,101,10013,11492
GCGTAAATGGCCATAA-1,1,34,102,9875,11251
ATTGTACAACTCGGCT-1,1,35,103,9736,11492
TACGCTATAGAAACCT-1,1,34,104,9598,11250
CACCCAAATCTTATGT-1,1,35,105,9459,11491
AGATGATGGAGTCTGG-1,1,34,106,9320,11250
CCACGGTGCCCGGTAG-1,1,35,107,9181,11491
TCAAGAAATACTAGCT-1,1,34,108,9043,11250
AGGTATAATTGATAGT-1,1,35,109,8904,11491
CAAGGTCCTATAGGCT-1,1,34,110,8766,11249
CCGGCACGACCGTTTC-1,1,35,111,8627,11491
ACCTCCGTTATTCACC-1,1,34,112,8488,11249
GCAGCCTATATCACAT-1,1,35,113,8349,11490
GGTATAGTGACACATA-1,1,34,114,8211,11249
AAATTCCAGGTCCAAA-1,1,35,115,8072,11490
TCTTTAGCAGGCGAAC-1,1,34,116,7934,11249
TATTGACATTTCTGCC-1,1,35,117,7795,11490
TCTGATCGGGTGCTAG-1,1,34,118,7656,11248
GGCCCGGAGCATGTCT-1,1,35,119,7517,11490
GGGCGCAGCGTTACTC-1,1,34,120,7379,11248
TTGGCGATCCGAATAT-1,1,35,121,7240,11489
CCACGTAAATTAGACT-1,1,34,122,7102,11248
TCTGATTGGAAATGGA-1,1,35,123,6963,11489
ATGGCGGAATAGTCGC-1,1,34,124,6824,11248
ATCGCTTTACGTCTCA-1,1,35,125,6685,11489
TACGTGCAAGGTTCCT-1,1,34,126,6547,11247
CAGGACAGCTGCCCTT-1,1,35,127,6408,11488
CAAACCAGGTCTGCAT-1,1,36,0,24018,11747
ACAAGCTATATGGAAG-1,1,37,1,23879,11988
TCGCCCACTGCGAGAG-1,1,36,2,23740,11747
AGCCGCAAATTCAAAT-1,1,37,3,23602,11988
TTAACGTTAAAGCCTG-1,1,36,4,23463,11746
CAGCGCCAACACGATA-1,1,37,5,23324,11987
ATCCAATGGTACCGAA-1,1,36,6,23186,11746
GTGCTGCAGATAAGGA-1,1,37,7,23047,11987
GGCCTTTGCAACTGGC-1,1,36,8,22908,11746
GTCGTACCTACGATTG-1,1,37,9,22770,11987
TAGAAATTCACGTATA-1,1,36,10,22631,11746
AGAATAAATCTTCAGG-1,1,37,11,22492,11987
CATTGCGAAATGGGCG-1,1,36,12,22354,11745
GTCTACTCAATTACAA-1,1,37,13,22215,11986
TGTAATGACCACAATA-1,1,36,14,22076,11745
AAAGTCGACCCTCAGT-1,1,37,15,21938,11986
TACTCGGCACGCCGGG-1,1,36,16,21799,11745
AGGTGTATCGCCATGA-1,1,37,17,21660,11986
TGTGCTTTACGTAAGA-1,1,36,18,21522,11744
AAACCTCATGAAGTTG-1,1,37,19,21383,11986
TATAGGGTACTCATGA-1,1,36,20,21245,11744
CCAGCTGATGGTACTT-1,1,37,21,21106,11985
AATATTGGAGTATTGA-1,1,36,22,20967,11744
GGCCCTCACCCACTTA-1,1,37,23,20828,11985
AACCAAGACTTCTCTG-1,1,36,24,20690,11744
TCGTATTACCCATTGC-1,1,37,25,20551,11985
ATTCGACGCCGGGCCT-1,1,36,26,20413,11743
GGCGCAGGACATCTTC-1,1,37,27,20274,11985
GTACTCCCTTATCGCT-1,1,36,28,20135,11743
TGGTCTGTTGGGCGTA-1,1,37,29,19996,11984
AATAACAACGCTCGGC-1,1,36,30,19858,11743
CATACCCGTACCCAGT-1,1,37,31,19719,11984
ACAATCCATTTAAACC-1,1,36,32,19581,11743
GTTACAATTGGTGACG-1,1,37,33,19442,11984
TTGCCCTGATCACGGG-1,1,36,34,19303,11742
CTAACCGCGCGCCCGT-1,1,37,35,19164,11983
CTAAAGAATGCCTACT-1,1,36,36,19026,11742
ACCCATCTTGAGGGTA-1,1,37,37,18887,11983
GATCTTTGCAGGGTAT-1,1,36,38,18749,11742
GGGTACTTCATGAACT-1,1,37,39,18610,11983
GCCGCTTGTGAGAAAC-1,1,36,40,18471,11741
CCTGTAAGACATGATA-1,1,37,41,18332,11983
CGACAGTTCGCGTTAT-1,1,36,42,18194,11741
ACGATGCATATGTTAT-1,1,37,43,18055,11982
TGTTCCGCTTCCATGA-1,1,36,44,17917,11741
GGATGACGCGAGTTTA-1,1,37,45,17778,11982
GAAGTTTCCACTCAAT-1,1,36,46,17639,11741
GCGAGGCCCGAGCAGA-1,1,37,47,17500,11982
CATACTATGTAATTGT-1,1,36,48,17362,11740
CCAATGTCACAGCAAG-1,1,37,49,17223,11982
GTTGGATTTGCGTTGG-1,1,36,50,17085,11740
GGGAGGATGCCCGAAA-1,1,37,51,16946,11981
GATCGCGGGCTCTCCA-1,1,36,52,16807,11740
GTTCGCCATAAGTGCC-1,1,37,53,16669,11981
AGATTATAGGACGTTT-1,1,36,54,16530,11740
TCGAGACCAACACCGT-1,1,37,55,16391,11981
TATGGGACCGAGCAGG-1,1,36,56,16253,11739
GATGCGTCCTGCATTC-1,1,37,57,16114,11980
TATGGTCTGAGTAACA-1,1,36,58,15975,11739
GCATAGAGCACTCAGG-1,1,37,59,15837,11980
CTTCATTGTCAGTGGA-1,1,36,60,15698,11739
GCAGATTAGGGATATC-1,1,37,61,15559,11980
CCTGTCGCCCGTAAAT-1,1,36,62,15421,11739
CAATTTCGTATAAGGG-1,1,37,63,15282,11980
GTACACTTACCTGAAG-1,1,36,64,15143,11738
CCAGCCTGGACCAATA-1,1,37,65,15005,11979
ATGGAGCAGGCCGTGA-1,1,36,66,14866,11738
GTCATTAGAGCGAACG-1,1,37,67,14727,11979
AAGACTGCAAGCTACT-1,1,36,68,14589,11738
CTAGTCACGTCTTAAG-1,1,37,69,14450,11979
ACTCTTGTATAGTAAC-1,1,36,70,14312,11737
ATTAGGCGATGCTTTC-1,1,37,71,14173,11979
TTCGGGACTAATCGCG-1,1,36,72,14034,11737
TGGACTGTTCGCTCAA-1,1,37,73,13895,11978
AACGTGCGAAAGTCTC-1,1,36,74,13757,11737
CCACCCAAGGAAAGTG-1,1,37,75,13618,11978
CCGCACAAAGACCAAC-1,1,36,76,13480,11737
GCGATTGTTAACGTTA-1,1,37,77,13341,11978
ACTCGTCAGTAATCCC-1,1,36,78,13202,11736
GGTGATAAGGAGCAGT-1,1,37,79,13063,11977
AAGAGGCATGGATCGC-1,1,36,80,12925,11736
CACGTTCGTGCTCTAG-1,1,37,81,12786,11977
CTATTTGGTTACGGAT-1,1,36,82,12648,11736
GTACAGAGGCAAGGGT-1,1,37,83,12509,11977
GGGCCGGCCGAAGTAC-1,1,36,84,12370,11736
CCTGAACGATATATTC-1,1,37,85,12231,11977
CCGGGCTGCTCCATAC-1,1,36,86,12093,11735
TACTTGTTAGTAGTCC-1,1,37,87,11954,11976
CCTAGGCGTAGCGATC-1,1,36,88,11816,11735
CTGGCGCACAGGTCTG-1,1,37,89,11677,11976
ACTTATACTTACCCGG-1,1,36,90,11538,11735
GAAGTCTCCCTAGCGA-1,1,37,91,11399,11976
ACCGATGGTAGCATCG-1,1,36,92,11261,11734
CGAGTTTATCGGACTG-1,1,37,93,11122,11976
CATAACGGACAGTCGT-1,1,36,94,10984,11734
TGACGATGCACTAGAA-1,1,37,95,10845,11975
TAGGGAGCTTGGGATG-1,1,36,96,10706,11734
AGGGTCGATGCGAACT-1,1,37,97,10567,11975
TATATCCCTGGGAGGA-1,1,36,98,10429,11734
CATCTTACACCACCTC-1,1,37,99,10290,11975
GTGCGACAGGGAGTGT-1,1,36,100,10152,11733
CCGATCTCAACCTTAT-1,1,37,101,10013,11975
ACGATCATCTTGTAAA-1,1,36,102,9874,11733
GAAAGAACAGCGTTAT-1,1,37,103,9736,11974
CTAGGTCTGAAGGAAT-1,1,36,104,9597,11733
ATATCAACCTACAGAG-1,1,37,105,9458,11974
AAATAGCTTAGACTTT-1,1,36,106,9320,11733
GCGACATGTAAACATC-1,1,37,107,9181,11974
ATAAGTAGGGCGACTC-1,1,36,108,9042,11732
GCGAGCGCATGCTCCC-1,1,37,109,8904,11973
AGGGACCGGCTGCGTT-1,1,36,110,8765,11732
CCTATGAAGTGGTGCC-1,1,37,111,8626,11973
GCTTACGTAGTTAGTA-1,1,36,112,8488,11732
CATACTTAGGCAATAC-1,1,37,113,8349,11973
CCTGTCCCTCACGTTA-1,1,36,114,8210,11731
CAATGTGCCAACCCTT-1,1,37,115,8072,11973
GTTAAGTTAGAGTGGG-1,1,36,116,7933,11731
CTGGGATACGCTACCC-1,1,37,117,7794,11972
AACCTGTCACGGAATT-1,1,36,118,7656,11731
ACTGCGGACACACCGT-1,1,37,119,7517,11972
CCGTGAGGCATTCATG-1,1,36,120,7379,11731
GCCCAGATGCTGGAGA-1,1,37,121,7240,11972
TCTGGCCGTTCAAGTT-1,1,36,122,7101,11730
ATACGAAGGCTTTCCA-1,1,37,123,6962,11972
GATCCGAATATAAGTG-1,1,36,124,6824,11730
GTGGAGCATGTCGGCC-1,1,37,125,6685,11971
ACTCTTCAGCTCCCGC-1,1,36,126,6547,11730
CCCGATAGCCTCGCCT-1,1,37,127,6408,11971
ACAGGTGTGTTGTTGC-1,1,38,0,24017,12229
TGAACTGCTATGACTT-1,1,39,1,23878,12471
TGACATATATGACGAT-1,1,38,2,23740,12229
AAGTCTTCTGTGGCCT-1,1,39,3,23601,12470
ACCAGACCATAACAAC-1,1,38,4,23463,12229
TGAGACGTACCTCTCA-1,1,39,5,23324,12470
GACCGTTACATGCGAC-1,1,38,6,23185,12229
GGTTCGGATTATACTA-1,1,39,7,23046,12470
CCTCCTGAGCCCACAT-1,1,38,8,22908,12228
CCGCGATTTGGTAGGT-1,1,39,9,22769,12469
AATCTCTACTGTGGTT-1,1,38,10,22631,12228
ACTTTGACTGCATCCT-1,1,39,11,22492,12469
CCCTGACTAACAAATT-1,1,38,12,22353,12228
ACGCTGTGAGGCGTAG-1,1,39,13,22214,12469
GCATACGAGGTCTTTA-1,1,38,14,22076,12228
TCGGGATTCAAACATA-1,1,39,15,21937,12469
GGGCCCTACGAAAGGG-1,1,38,16,21799,12227
CGCCAAGAAGCCGAGT-1,1,39,17,21660,12468
GGTACATCTGGGACGA-1,1,38,18,21521,12227
GGATGCTGGCGTTCCT-1,1,39,19,21382,12468
CCGATTCGAGGGACCC-1,1,38,20,21244,12227
CCACTGGTGGCTGGTT-1,1,39,21,21105,12468
GACAGGCACACACTAT-1,1,38,22,20967,12226
TCAACGCGACCGGCAG-1,1,39,23,20828,12468
CTACGACTAGCTATAA-1,1,38,24,20689,12226
CGGTTGACCTGGCATA-1,1,39,25,20551,12467
ATCCTGAATCGCTGCG-1,1,38,26,20412,12226
GTTTCATATCGTCGCT-1,1,39,27,20273,12467
ATAAATATTAGCAGCT-1,1,38,28,20135,12226
AAGAGGATGTACGCGA-1,1,39,29,19996,12467
TCCTGCGTTGATACTC-1,1,38,30,19857,12225
CGTGCATTGTCGACGC-1,1,39,31,19719,12467
CCGGGTTCGAGGTTAC-1,1,38,32,19580,12225
CCCAATTTCACAACTT-1,1,39,33,19441,12466
TGATTTATTAGCTGTG-1,1,38,34,19303,12225
TGGAAGAAGGGAACGT-1,1,39,35,19164,12466
GACGCTTGCTTCTAAA-1,1,38,36,19025,12225
GGGAACGGGAGGTTAG-1,1,39,37,18887,12466
GCGGCTCTGACGTACC-1,1,38,38,18748,12224
ACGTTAGATTTGCCCG-1,1,39,39,18609,12465
GAGAGGGCGCGAGGTT-1,1,38,40,18471,12224
GCGTCTCTGCATTGGG-1,1,39,41,18332,12465
GCAGCACACAGCCCAG-1,1,38,42,18194,12224
CAGGCCGTTTGGGTGT-1,1,39,43,18055,12465
AACTCAAGTTAATTGC-1,1,38,44,17916,12223
CTTCGTAGATAGGTGA-1,1,39,45,17777,12465
TGCAGAGTACCGAGCA-1,1,38,46,17639,12223
GAAGTGATTTATCGTG-1,1,39,47,17500,12464
CGCTACGGGACATTTA-1,1,38,48,17362,12223
CCACACTGAGATATTA-1,1,39,49,17223,12464
CGATCCGACCCAGTGC-1,1,38,50,17084,12223
CTGTACTTCTTAGCAT-1,1,39,51,16945,12464
ACTTATTAGGATCGGT-1,1,38,52,16807,12222
TAGTCCGCAGAGAATG-1,1,39,53,16668,12464
TTCACGAAAGGATCAC-1,1,38,54,16530,12222
TACATTTCTAACGTGC-1,1,39,55,16391,12463
ACCATATCCGCAATAA-1,1,38,56,16252,12222
CACTCAAGAGCTATGG-1,1,39,57,16113,12463
TGTACGAACAAATCCG-1,1,38,58,15975,12222
ATCATCCAATATTTGT-1,1,39,59,15836,12463
CGCTATTCTTAGGCTC-1,1,38,60,15698,12221
TGGCAGCAGTAATAGT-1,1,39,61,15559,12462
TCACGTGCCCGATTCA-1,1,38,62,15420,12221
CATACGGCGTCTGGGC-1,1,39,63,15281,12462
CACATGATTCAGCAAC-1,1,38,64,15143,12221
GCTAGTAGAGCTTGTA-1,1,39,65,15004,12462
TGCTGTTGAAGAACTC-1,1,38,66,14866,12221
CGGAGCATGGCGATCC-1,1,39,67,14727,12462
TAGCGTTGGGTCTTAC-1,1,38,68,14588,12220
GTAGCGGCTATACACT-1,1,39,69,14449,12461
TAACATACAATGTGGG-1,1,38,70,14311,12220
TCTTCGAATAGACGTT-1,1,39,71,14172,12461
GATCGTGACTGATATC-1,1,38,72,14034,12220
GATCCGGGAATTAACA-1,1,39,73,13895,12461
TTATATACGCTGTCAC-1,1,38,74,13756,12219
GTCGCGTAACCCGTTG-1,1,39,75,13618,12461
AGCTCTAGACGTTCCA-1,1,38,76,13479,12219
GTCAAGCGGACTCGGG-1,1,39,77,13340,12460
CGAGGGACTGCGGTCG-1,1,38,78,13202,12219
AATCGCCTCAGCGCCA-1,1,39,79,13063,12460
CTTGTTGCTGAGTCAA-1,1,38,80,12924,12219
GATATGAGACACTAAC-1,1,39,81,12786,12460
TTATGATCTTAACGAA-1,1,38,82,12647,12218
CGCCGCCCATGCCTGT-1,1,39,83,12508,12459
CTGGGATAAATAATGG-1,1,38,84,12370,12218
GTGCCCGTTCGGATTC-1,1,39,85,12231,12459
TTCAATACTCTGAATC-1,1,38,86,12092,12218
CGCACATGTCCACTAC-1,1,39,87,11954,12459
AGAAGAGCGCCGTTCC-1,1,38,88,11815,12218
GATAACTCGCACTGTG-1,1,39,89,11676,12459
AGTCGACGGTCTCAAG-1,1,38,90,11538,12217
GTGACCGCACACTACG-1,1,39,91,11399,12458
GTATGTGGGTCTAGTT-1,1,38,92,11261,12217
CTTGAGTTAGGGTAAT-1,1,39,93,11122,12458
TTAGCTGATTTGCCGT-1,1,38,94,10983,12217
GCTGTTGCTACCGAAC-1,1,39,95,10844,12458
TATTACCATCCTGCTT-1,1,38,96,10706,12216
TTGAATTCACGTGAGG-1,1,39,97,10567,12458
CCATCTCACCAGTGAA-1,1,38,98,10429,12216
CGCACGTGCGCTATCA-1,1,39,99,10290,12457
ACCCGGATGACGCATC-1,1,38,100,10151,12216
CGCTAGAGACCGCTGC-1,1,39,101,10012,12457
ATAGTTCCACCCACTC-1,1,38,102,9874,12216
GCAGACCCAGCACGTA-1,1,39,103,9735,12457
TAGACTACCTAGCGTT-1,1,38,104,9597,12215
GGTTCTACTCGTCTGA-1,1,39,105,9458,12456
GACTCACCCACGTGAG-1,1,38,106,9319,12215
AGCTCTTCGTAACCTT-1,1,39,107,9180,12456
ACTATCCAGGGCATGG-1,1,38,108,9042,12215
AAGGATCGATCGCTTG-1,1,39,109,8903,12456
ATATCGGTAGGGAGAT-1,1,38,110,8765,12215
TTCCAGACGAGATTTA-1,1,39,111,8626,12456
GACCGACGTGAAAGCA-1,1,38,112,8487,12214
CCTGGAAACGTTCTGC-1,1,39,113,8348,12455
CCGGTAATGGCTAGTC-1,1,38,114,8210,12214
GCCGTGGAAGAAATGT-1,1,39,115,8071,12455
GTCTTGAGGAGCAGTG-1,1,38,116,7933,12214
TCCCAAAGCCCTAAAT-1,1,39,117,7794,12455
TTGAGCGCCACGTGAT-1,1,38,118,7655,12213
TTGAGTCCCGCTGCTG-1,1,39,119,7516,12455
ATGGAACCTTTGCACA-1,1,38,120,7378,12213
GCTAGCACCTGGGCCA-1,1,39,121,7239,12454
CGCCGTCTACCCATCG-1,1,38,122,7101,12213
GATAGGTGTCCCGGGC-1,1,39,123,6962,12454
AGGTATGCGGACATTA-1,1,38,124,6823,12213
TTGGTTCGCTCAAAGG-1,1,39,125,6685,12454
TCTGGAGCGTAAGAGT-1,1,38,126,6546,12212
TGCCTAAATTTAATAG-1,1,39,127,6407,12454
TAATTTCCGTCCAGTA-1,1,40,0,24017,12712
TCCTTCAATCCCTACG-1,1,41,1,23878,12953
TACCTATCCCTAGAGG-1,1,40,2,23739,12712
GCATGGGTACTGACGC-1,1,41,3,23601,12953
GTCGGGAACATGGTAG-1,1,40,4,23462,12711
GCAAATGAGGACACTT-1,1,41,5,23323,12953
GAATGGGCTTATCGAC-1,1,40,6,23185,12711
TGGTCGTGCAAGGCAA-1,1,41,7,23046,12952
CACCACGCCACACAGA-1,1,40,8,22908,12711
GAACCTCGACCTACAC-1,1,41,9,22769,12952
CAATACGCTCTGAGGC-1,1,40,10,22630,12711
TGGTAAGCAGGATTGA-1,1,41,11,22491,12952
AGTGGCTCCGTCGGCC-1,1,40,12,22353,12710
GATCGGATAGAACCAT-1,1,41,13,22214,12951
GCTACAGTACGGACCG-1,1,40,14,22076,12710
TCTATTACTAGAGGAT-1,1,41,15,21937,12951
TTCAGGCGTCAAAGCC-1,1,40,16,21798,12710
AGACCGGGAAACCCTG-1,1,41,17,21659,12951
AGAGATCTCTAAAGCG-1,1,40,18,21521,12710
CCCTGCCCAATCCGCT-1,1,41,19,21382,12951
GTGGCGGTCCCAGCGT-1,1,40,20,21244,12709
GCATTGTAATTCATAT-1,1,41,21,21105,12950
CCGTTCCGAATCTCGG-1,1,40,22,20966,12709
AGCTTGATCTTAACTT-1,1,41,23,20827,12950
CCTGTACTCACGCCCA-1,1,40,24,20689,12709
AAGTGACGACCGAATT-1,1,41,25,20550,12950
CTCACTTGGCTGGTAA-1,1,40,26,20412,12708
CGCCTGGCCTACGTAA-1,1,41,27,20273,12950
CCCGTAAGTCTAGGCC-1,1,40,28,20134,12708
TTGGACATGTGGCTTA-1,1,41,29,19995,12949
ATTACGCGCTGGCAGG-1,1,40,30,19857,12708
ACGCGCTACACAGGGT-1,1,41,31,19718,12949
TACGTTTACCGGCAAT-1,1,40,32,19580,12708
CGAAACGCAATTCATG-1,1,41,33,19441,12949
TAGTCTAACAACGAGA-1,1,40,34,19302,12707
TTGCATGCTGATCACG-1,1,41,35,19163,12949
TCTGGGTAGCGCTCAT-1,1,40,36,19025,12707
ACATCGGTCAGCCGCG-1,1,41,37,18886,12948
AGATACCGGTGTTCAC-1,1,40,38,18748,12707
GATTACTGAATTTGGG-1,1,41,39,18609,12948
TCCAACTTTAAATTCT-1,1,40,40,18470,12707
TCCTAGCAAAGAAGCT-1,1,41,41,18331,12948
GTCTATCTGAGTTTCT-1,1,40,42,18193,12706
GATGTTCAATCCACGA-1,1,41,43,18054,12947
AGTTAAACACTTGCGA-1,1,40,44,17916,12706
AGCTCTTTACTCAGTT-1,1,41,45,17777,12947
ATCCAGGATTCGTGAA-1,1,40,46,17638,12706
AGTCAACACCACCATC-1,1,41,47,17500,12947
CGATACCTCGCGGACA-1,1,40,48,17361,12705
TACAACGCACAACTCA-1,1,41,49,17222,12947
AATTAAAGGTCGGCGT-1,1,40,50,17084,12705
TACGCAGTTCTTTCCT-1,1,41,51,16945,12946
GACCGTGCTGACGGTG-1,1,40,52,16806,12705
GGCAAATTACTTTACT-1,1,41,53,16668,12946
GGTACAAACATGCTAT-1,1,40,54,16529,12705
CGGGCCTTCTTTGTAA-1,1,41,55,16390,12946
CGTGAAGTTAATTCAC-1,1,40,56,16252,12704
ATAGTGAAGCGTTCTC-1,1,41,57,16113,12946
TACGCCATATTCTAAT-1,1,40,58,15975,12704
GCCGGGTTAGGGTCGC-1,1,41,59,15836,12945
TACATAGGCATACACC-1,1,40,60,15697,12704
GCCGATTGGCCAAGCT-1,1,41,61,15558,12945
CTGCCATGCATCACAT-1,1,40,62,15420,12704
TTATGAATGAAAGGGA-1,1,41,63,15281,12945
GCTGAGGCGTGAGTAT-1,1,40,64,15143,12703
GCGCCGTTCCACGATA-1,1,41,65,15004,12944
CGCATGGTGCGATGCT-1,1,40,66,14865,12703
AGGTTTCACACACCTT-1,1,41,67,14726,12944
CAAGGATCGCATGTTC-1,1,40,68,14588,12703
ACGTTAATGTCGAAGA-1,1,41,69,14449,12944
TCCAGAGCACCGGTTC-1,1,40,70,14311,12702
GATTCGACGGTTCACG-1,1,41,71,14172,12944
GTTTCTGCAGTCTCCC-1,1,40,72,14033,12702
GCTGCACGGTTTCTTA-1,1,41,73,13894,12943
CGTGCAGACTGGGACA-1,1,40,74,13756,12702
GTGTTACTATGCGTCC-1,1,41,75,13617,12943
TCCTCGGGCTGGGCTT-1,1,40,76,13479,12702
GTGAGGACACTTAAGG-1,1,41,77,13340,12943
ATACGCCGGCGAAACC-1,1,40,78,13201,12701
TCTGCCAGAAACTGCA-1,1,41,79,13062,12943
TTCTGCGGGTTAGCGG-1,1,40,80,12924,12701
CTCGGTACCACTGCTC-1,1,41,81,12785,12942
GTAAGTAACAGTCTGG-1,1,40,82,12647,12701
GTGCGTGTATATGAGC-1,1,41,83,12508,12942
ATTTGTCTTGGGAGCT-1,1,40,84,12369,12701
CCTCGGACCGGGATAG-1,1,41,85,12230,12942
TAGGTGCTCGCCTAGC-1,1,40,86,12092,12700
CTTTAGGAACACTGTT-1,1,41,87,11953,12941
TCGGGCCGTCGTGGTA-1,1,40,88,11815,12700
AGTGCTTGCACGAATA-1,1,41,89,11676,12941
TGCAGTTTCCTCCCAT-1,1,40,90,11537,12700
TGAGAGATTTACCACG-1,1,41,91,11398,12941
GAAACAGATGACCACC-1,1,40,92,11260,12700
AGCAACATATCTTATT-1,1,41,93,11121,12941
CAAGTGTGGTTGCAAA-1,1,40,94,10983,12699
GCCTCATCTGGAAATA-1,1,41,95,10844,12940
AACCCTACTGTCAATA-1,1,40,96,10705,12699
ACGTATTACTCCGATC-1,1,41,97,10567,12940
TCTGGGAACCTTTGAA-1,1,40,98,10428,12699
GCTCGCTCATGTCCAA-1,1,41,99,10289,12940
GCGCAAGAGCGCGCTG-1,1,40,100,10151,12698
TTGACGCTCCATGAGC-1,1,41,101,10012,12940
TATAGATGGTCGCAGT-1,1,40,102,9873,12698
TTACATGCCACAACTA-1,1,41,103,9735,12939
ACATGGCGCCAAAGTA-1,1,40,104,9596,12698
TATGGTTAGTGGGAGA-1,1,41,105,9457,12939
CATGACTTCGCTGAAT-1,1,40,106,9319,12698
ACCACCAATGTAACAA-1,1,41,107,9180,12939
TCTTAGAGCTCCAATT-1,1,40,108,9042,12697
CCACGAATTTAACCTC-1,1,41,109,8903,12938
TTCTTGCTAGCATCTC-1,1,40,110,8764,12697
ACACCTTACTACTTGC-1,1,41,111,8625,12938
AGTCGGTTGCGTGAGA-1,1,40,112,8487,12697
ACCTACAGTATGTGGT-1,1,41,113,8348,12938
GAGGATAAACAGTGCT-1,1,40,114,8210,12697
TTCCGGTATCTGTGTC-1,1,41,115,8071,12938
GGAGGCCGAAGTCGTC-1,1,40,116,7932,12696
TTCGCTAGGAAGTTGT-1,1,41,117,7793,12937
TAAAGACAACCCTTTA-1,1,40,118,7655,12696
GTTGCGCTAACATTAC-1,1,41,119,7516,12937
GCTGAACTCTCCAGGG-1,1,40,120,7378,12696
AGCCCTGTCGCACCGT-1,1,41,121,7239,12937
AGCGCTAGAGCGATGT-1,1,40,122,7100,12695
TGCGCCGTTAATAACG-1,1,41,123,6961,12937
TGACAACGCATGTCGC-1,1,40,124,6823,12695
CGTCTTGAGTGTGACG-1,1,41,125,6684,12936
GATAGGATTAATTACA-1,1,40,126,6546,12695
GATACCGTGTCGGAGT-1,1,41,127,6407,12936
TGTGTCGAAGTCGAGG-1,1,42,0,24016,13195
GGATCAGAGCCATCAG-1,1,43,1,23877,13436
GTCCCAATCATCCCGC-1,1,42,2,23739,13194
TGCCACACTAGAGGAA-1,1,43,3,23600,13435
TGAATTTCACTTGCCT-1,1,42,4,23462,13194
CTCAGATTGTGATAAG-1,1,43,5,23323,13435
CGGACGTTACTTGAAG-1,1,42,6,23184,13194
CCGCCTTGCGATGTCG-1,1,43,7,23045,13435
CCAGTCAAATCTCTTA-1,1,42,8,22907,13193
AAACAGCTTTCAGAAG-1,1,43,9,22768,13435
TAGCTGATGTGAAGCG-1,1,42,10,22630,13193
CTTATGCGCTCAGGGC-1,1,43,11,22491,13434
TGGCTCTTGTCGCGTA-1,1,42,12,22352,13193
TTGTGAGGCATGACGC-1,1,43,13,22213,13434
CATAAGCTCTCCGTCT-1,1,42,14,22075,13193
CCTTCTCAGCGTTCCT-1,1,43,15,21936,13434
TGCAGCTACGTACTTC-1,1,42,16,21798,13192
CTCTACACTGGCGATT-1,1,43,17,21659,13433
TGCAGATCGTCCTAGG-1,1,42,18,21520,13192
TGCCAAAGTCAGACTT-1,1,43,19,21382,13433
ACAATAGTCGTACGTT-1,1,42,20,21243,13192
CATGCCAACTCGCAAA-1,1,43,21,21104,13433
TGCAGAACTATATCGT-1,1,42,22,20966,13192
TCGTGTCACGCTGACA-1,1,43,23,20827,13433
TGATCAGGGAACTGCT-1,1,42,24,20688,13191
CTTGCAACCGCCTCCT-1,1,43,25,20550,13432
AGCCCATACATGTAAG-1,1,42,26,20411,13191
ATCCAATGGAGGGTCC-1,1,43,27,20272,13432
AAACCGGGTAGGTACC-1,1,42,28,20134,13191
GCAACCACGGCCGCGT-1,1,43,29,19995,13432
CGCTTATTCCCGGTCG-1,1,42,30,19857,13190
TTACTCTGGTACGTAC-1,1,43,31,19718,13432
GTGGTTTCCGCCTTTC-1,1,42,32,19579,13190
ATAGGCGGCTATAGAA-1,1,43,33,19440,13431
GTGCCATCACACGGTG-1,1,42,34,19302,13190
CCCAACATACGTCGCG-1,1,43,35,19163,13431
CGGTGCAGATAGAACG-1,1,42,36,19025,13190
GGGCGGGTTCCCTACG-1,1,43,37,18886,13431
TGAGCCATACAGTCTC-1,1,42,38,18747,13189
CTCCGCCCACATGAGG-1,1,43,39,18608,13430
GTTGAACCGGTTCCAT-1,1,42,40,18470,13189
TTGACTACCATATGGT-1,1,43,41,18331,13430
ACCATCGTATATGGTA-1,1,42,42,18193,13189
TGCGTAAGAACCTGAT-1,1,43,43,18054,13430
AGAAGGTTGCCGAATT-1,1,42,44,17915,13189
AGGACGACCCATTAGA-1,1,43,45,17776,13430
GGTGCTGGTACACATT-1,1,42,46,17638,13188
GCGCTATGCCGAGGCA-1,1,43,47,17499,13429
ACCCGGTTACACTTCC-1,1,42,48,17361,13188
TAACTCATCCGCGCGG-1,1,43,49,17222,13429
CACAATGAGCTGCTAT-1,1,42,50,17083,13188
GTTACTTTGGGCCTAG-1,1,43,51,16944,13429
GGGCCCGTCTTAAACA-1,1,42,52,16806,13187
GAAATTGTCTCTATAA-1,1,43,53,16667,13429
GGCGCATGAATTGATG-1,1,42,54,16529,13187
CATATAGGTACAGTCA-1,1,43,55,16390,13428
TCAACGAGGAGACAAA-1,1,42,56,16251,13187
TTGCACAATTCAGAAA-1,1,43,57,16112,13428
CATCGGACGGGTTAAT-1,1,42,58,15974,13187
ATTAAACATGCGGACC-1,1,43,59,15835,13428
TATCTACCACAGCGGG-1,1,42,60,15697,13186
CGAGACCCTAGAGTGT-1,1,43,61,15558,13428
ACATCGATCGTTTACC-1,1,42,62,15419,13186
ATCGACCCAATACAGA-1,1,43,63,15280,13427
GAATCTGAACATTCTC-1,1,42,64,15142,13186
AGTTCCTATTTATGTT-1,1,43,65,15003,13427
CAGTCTGTATACTGGG-1,1,42,66,14865,13186
GGAGACGACACCTTTG-1,1,43,67,14726,13427
CCTAAATTAACGGTTC-1,1,42,68,14587,13185
GCTACGACTTATTGGG-1,1,43,69,14449,13426
CTGTGCAGGGTAGGTC-1,1,42,70,14310,13185
ACGCCGCTAGACGACC-1,1,43,71,14171,13426
ACTTGACTCCCTCTTT-1,1,42,72,14033,13185
CGCCTCCCTCCTCTAT-1,1,43,73,13894,13426
CTAGATTTACGACGGC-1,1,42,74,13755,13184
GATGCTGTATTTCATC-1,1,43,75,13617,13426
TGCGTTTGTTGACACT-1,1,42,76,13478,13184
CGTGCCCTCCCGAAGA-1,1,43,77,13339,13425
ACTCTCTGACTTAGGT-1,1,42,78,13201,13184
CTGGGTAGGCAGTTAA-1,1,43,79,13062,13425
GTTTGGCCCAAGTTAT-1,1,42,80,12924,13184
GAATGTGGTCCGGATT-1,1,43,81,12785,13425
CCCAGTTAAGGCGCCG-1,1,42,82,12646,13183
CGGTACTAGAATCAAA-1,1,43,83,12507,13425
GCTTAATGTAACTAAC-1,1,42,84,12369,13183
AGGACAGTCGAATCCC-1,1,43,85,12230,13424
GACAGCCAGACCTGAC-1,1,42,86,12092,13183
GGCGAAATCTAACTTG-1,1,43,87,11953,13424
CTGGTAACACATAGAA-1,1,42,88,11814,13183
TAGCCATTTCAAAGTC-1,1,43,89,11675,13424
GGGATTTACCGCACCT-1,1,42,90,11537,13182
ATGCCATTTGCGACCA-1,1,43,91,11398,13423
GAATAGACGCGACCCA-1,1,42,92,11260,13182
TGTATGGCGCAGACAG-1,1,43,93,11121,13423
GGATGAAGATCGCTGA-1,1,42,94,10982,13182
CGACAATTTGATCTAA-1,1,43,95,10843,13423
AAAGTTGACTCCCGTA-1,1,42,96,10705,13182
CGCGGCTCAACTTGAA-1,1,43,97,10566,13423
CACGCGGAACTGTTGC-1,1,42,98,10428,13181
TCTTAGAGTGAACTCT-1,1,43,99,10289,13422
AGTCCATTGGCTGATG-1,1,42,100,10150,13181
TTAAGATAGGATTGAC-1,1,43,101,10011,13422
ACATCCTGGTAACTGT-1,1,42,102,9873,13181
CACCTTGGCGCCTTTG-1,1,43,103,9734,13422
GCTAGACCGTCTACTG-1,1,42,104,9596,13180
CGGCCCAGGTATATCC-1,1,43,105,9457,13422
GTCCATTACTGCTACG-1,1,42,106,9318,13180
GGGTTTAGGATAGGAT-1,1,43,107,9179,13421
TAATTAGGACATCCGT-1,1,42,108,9041,13180
GCTCCCAGTCGGTCCA-1,1,43,109,8902,13421
ATTCGTGCTATCTCTT-1,1,42,110,8764,13180
GTTAACTATGTTGTCA-1,1,43,111,8625,13421
GCTCCGCTCGCTTCAG-1,1,42,112,8486,13179
GCAACGGCTAGTTATG-1,1,43,113,8348,13420
AATCGCGCAGAGGACT-1,1,42,114,8209,13179
AGGTTACACCATGCCG-1,1,43,115,8070,13420
CGAGATTTCGCTCGGG-1,1,42,116,7932,13179
CGATAATACTCAGGTT-1,1,43,117,7793,13420
AAGGCAGGCTGTCTCC-1,1,42,118,7654,13179
GTAAGTCCACACTCTA-1,1,43,119,7516,13420
ATGAGGGCAGCGGCTA-1,1,42,120,7377,13178
GCCGCACTCCGTTTCA-1,1,43,121,7238,13419
GAGCACGGCGCCTCTT-1,1,42,122,7100,13178
ACAATTTGGCCATATT-1,1,43,123,6961,13419
CTGGTTCGCGAGCTAC-1,1,42,124,6822,13178
GACGGTCCTAGGGTGT-1,1,43,125,6684,13419
ACTCGCGATCTGACGC-1,1,42,126,6545,13177
GTGTACGAACCGTTCC-1,1,43,127,6406,13419
CTTTGACGTCGCTTCT-1,1,44,0,24016,13677
CGTTATCATACTTCCA-1,1,45,1,23877,13918
GCTATGCCAGCTTATG-1,1,44,2,23739,13677
CAGTCGGCCTAGATAT-1,1,45,3,23600,13918
CCCGTGAGGGCGGTGA-1,1,44,4,23461,13676
TCTCGTGTTACGAGGA-1,1,45,5,23322,13918
ACGTCTCGTTCCGGGA-1,1,44,6,23184,13676
CGAGAGCGCGTAGATA-1,1,45,7,23045,13917
GACAGATTTCTGGCTC-1,1,44,8,22907,13676
GGGCCTAAATGGGCTA-1,1,45,9,22768,13917
ACTTGTAGTCCCTTCA-1,1,44,10,22629,13676
CCCGAAGTTTCGCGAA-1,1,45,11,22490,13917
ACCATCCGCCAACTAG-1,1,44,12,22352,13675
TGCGAATATGGGATTT-1,1,45,13,22213,13917
TACATCCCTATCCCTG-1,1,44,14,22075,13675
GTGGGAAGACTGAATC-1,1,45,15,21936,13916
TCAACATCGACCGAGA-1,1,44,16,21797,13675
CTATGTGAGTCACGGC-1,1,45,17,21658,13916
CCGAACACTGGGCCTC-1,1,44,18,21520,13675
AAACTTGCAAACGTAT-1,1,45,19,21381,13916
AGGGCGAGCAGCTGAT-1,1,44,20,21243,13674
AACACGAGACGCGGCC-1,1,45,21,21104,13915
TGACGAATATTTCCCT-1,1,44,22,20965,13674
TCGGAGAGTATCGGGA-1,1,45,23,20826,13915
CAAATCTCTCACAAGG-1,1,44,24,20688,13674
AGGCCCTAGAACGCCA-1,1,45,25,20549,13915
TAGAGATCATGCAACT-1,1,44,26,20411,13674
TTGTTTCCATACAACT-1,1,45,27,20272,13915
GAGAGGTGCATTCTGG-1,1,44,28,20133,13673
GTGGACCAACCCGATT-1,1,45,29,19994,13914
CTGGGCCTGCTATATC-1,1,44,30,19856,13673
CATAGTCCACAAGAAC-1,1,45,31,19717,13914
TTGACATGAACGTGGA-1,1,44,32,19579,13673
GGTTACCACCCTCGGG-1,1,45,33,19440,13914
TACCGGTCGTTTCCAT-1,1,44,34,19301,13672
CGAGTACTAAAGAGGA-1,1,45,35,19163,13914
GCAAGAATTCCTTGGC-1,1,44,36,19024,13672
TCGCCGAAGTTGCGTC-1,1,45,37,18885,13913
TTGAGAGTACTGCTAA-1,1,44,38,18747,13672
GCCACAATTTAAGGAC-1,1,45,39,18608,13913
ATATTCAGTTAAACCT-1,1,44,40,18469,13672
TGAGTGCCTCTTAAAT-1,1,45,41,18331,13913
ATCAGACGGCACGCCG-1,1,44,42,18192,13671
GTGCGAAATCGAACAC-1,1,45,43,18053,13912
GTGCCGCTTCAAAGGT-1,1,44,44,17915,13671
GATACGATGGGAGTCA-1,1,45,45,17776,13912
GACACTGAGTTCAGTG-1,1,44,46,17637,13671
ATCCTGCGTGGAATGG-1,1,45,47,17499,13912
ATCCTACCTAAGCTCT-1,1,44,48,17360,13671
AGTGATATGAGTAGTT-1,1,45,49,17221,13912
ATGATGCAATGGTACA-1,1,44,50,17083,13670
GAAACCGAATTACCTT-1,1,45,51,16944,13911
AGTGACCTACTTTACG-1,1,44,52,16806,13670
CAAATGTCCTTCCGTG-1,1,45,53,16667,13911
TTACTGGGATATTTCA-1,1,44,54,16528,13670
CTTGCCCAGGCTCTAC-1,1,45,55,16389,13911
AAATCGTGTACCACAA-1,1,44,56,16251,13669
GTGATCATAGATCTGC-1,1,45,57,16112,13911
TGGCAGATTACGATCA-1,1,44,58,15974,13669
TCACCCTCTTAAGATT-1,1,45,59,15835,13910
CAGGATATATCGTTGT-1,1,44,60,15696,13669
CCTGACCACCGATGGT-1,1,45,61,15557,13910
CTAAAGGGAAATAGGA-1,1,44,62,15419,13669
CCGCTATCAGCACCAG-1,1,45,63,15280,13910
CTTTAGTGCTATTATT-1,1,44,64,15142,13668
CGGGAATTTATGTAAA-1,1,45,65,15003,13910
TACGACTGCCTCTTAG-1,1,44,66,14864,13668
AAACTGCTGGCTCCAA-1,1,45,67,14725,13909
GTACGTTTGCCCGTCA-1,1,44,68,14587,13668
GGCAAGGCGAAATAGC-1,1,45,69,14448,13909
GATCTTGGAGGGCATA-1,1,44,70,14310,13668
AGCGTGGTATTCTACT-1,1,45,71,14171,13909
CTAAGGGAATGATTGG-1,1,44,72,14032,13667
CATGGTAAGTAGCGTT-1,1,45,73,13893,13908
CGTTGAGCGACCGTCG-1,1,44,74,13755,13667
TGCCCGTACCGTTAAA-1,1,45,75,13616,13908
ACAAGGGCAGGCTCTG-1,1,44,76,13478,13667
GAGATCTTCCATGACA-1,1,45,77,13339,13908
AATGACGTAGGATGTC-1,1,44,78,13200,13666
GTGGTGGCCAAGTGAA-1,1,45,79,13061,13908
TCCCGTGTGCAATTTG-1,1,44,80,12923,13666
ACATCGTATGCAATGG-1,1,45,81,12784,13907
GCGAAACTTAACTGGA-1,1,44,82,12646,13666
AATTGAACGCTCTGGT-1,1,45,83,12507,13907
ACAAATGGTAGTGTTT-1,1,44,84,12368,13666
ATGGTCGCGTGGTTTC-1,1,45,85,12230,13907
TGTTATTGTATGTGGC-1,1,44,86,12091,13665
TTCCGGTTACCCACTT-1,1,45,87,11952,13907
GAGTGTGCGGTACCCA-1,1,44,88,11814,13665
CAAGATATTATAACGT-1,1,45,89,11675,13906
ACACACCAGGACCAGT-1,1,44,90,11536,13665
ATGGGCCTCGGCCTCT-1,1,45,91,11398,13906
AAGGTGATAAACCAGC-1,1,44,92,11259,13665
TCTTACTTATGCCTCT-1,1,45,93,11120,13906
AAAGTGTGATTTATCT-1,1,44,94,10982,13664
TGCTCCACAGTTCTTA-1,1,45,95,10843,13905
CTGGCTGATTCATCCT-1,1,44,96,10704,13664
TAAGGCTGAATCCCTC-1,1,45,97,10566,13905
TCTAGTGATATCGTGG-1,1,44,98,10427,13664
TCGAAGAACCGAGCAC-1,1,45,99,10288,13905
GACAAACATATGCAGG-1,1,44,100,10150,13664
AAGTCAATTGTCGTCA-1,1,45,101,10011,13905
AGTGAACAAACTTCTC-1,1,44,102,9873,13663
CATGATGGAAGTTAGC-1,1,45,103,9734,13904
AAGTGCCTTGACTGTA-1,1,44,104,9595,13663
ATCGCCAGTCAACATT-1,1,45,105,9456,13904
ACCGCGGTGGAAGTCG-1,1,44,106,9318,13663
TCTTCTATAACCCGCC-1,1,45,107,9179,13904
CACATTTCTTGTCAGA-1,1,44,108,9041,13662
TAGCGTCCCTCGATTG-1,1,45,109,8902,13904
GTTCGGATCGGGAACA-1,1,44,110,8763,13662
CAAACTCGCGACGCCG-1,1,45,111,8624,13903
GTCTTGTAGCTATTCA-1,1,44,112,8486,13662
TCTCGACGTATCGCCG-1,1,45,113,8347,13903
TTGCCAAGCAGAACCC-1,1,44,114,8209,13662
AAACCCGAACGAAATC-1,1,45,115,8070,13903
TTGAGCAGCCCACGGT-1,1,44,116,7931,13661
CGCCTTTAGCATGCTC-1,1,45,117,7792,13902
TGTGGCTCCCACCAAC-1,1,44,118,7654,13661
CCGCCGTTGAGGATAA-1,1,45,119,7515,13902
CAATACGAGAGTCTGA-1,1,44,120,7377,13661
CATCTAGTGAAGGGAA-1,1,45,121,7238,13902
GGTGGAGGTTGATACG-1,1,44,122,7099,13661
CCGCACACGAACGTGT-1,1,45,123,6960,13902
AGAACCCAGCGTGACA-1,1,44,124,6822,13660
GCGCTCGATCACCTGT-1,1,45,125,6683,13901
ATCATGGACTACCGAC-1,1,44,126,6545,13660
TACGCCGCCTCAGAAG-1,1,45,127,6406,13901
CGACCTACTAGACAAT-1,1,46,0,24015,14160
GAGTCTTGTAAAGGAC-1,1,47,1,23876,14401
AATATCCTAGCAAACT-1,1,46,2,23738,14159
CCCTAGGCAACAAGAG-1,1,47,3,23599,14400
ACAAAGAAGGTAGGCC-1,1,46,4,23461,14159
CCCTGGCTGTTCCTTC-1,1,47,5,23322,14400
TCGCCGCACCGCGTGA-1,1,46,6,23183,14159
TATAGCGCACGTTATC-1,1,47,7,23045,14400
TTATCTGACATTAGGA-1,1,46,8,22906,14158
AGTGGTGTTACCCGTG-1,1,47,9,22767,14400
GCCAAGAATACTTCTG-1,1,46,10,22629,14158
CCGGCGTGAGACTCTG-1,1,47,11,22490,14399
TTCCCGGCGCCAATAG-1,1,46,12,22351,14158
AAACAGGGTCTATATT-1,1,47,13,22213,14399
ACAGTAATACAACTTG-1,1,46,14,22074,14158
CGAACGGCCGGACAAC-1,1,47,15,21935,14399
GCAACACACTAGAACT-1,1,46,16,21797,14157
ACTCCCATTCCTAAAG-1,1,47,17,21658,14399
ACCTGCGTGTCATGTT-1,1,46,18,21519,14157
TACTTTCCGCACGCCA-1,1,47,19,21381,14398
AGGTCAGGTGAGAGTG-1,1,46,20,21242,14157
TCCTCCTAAGACATTC-1,1,47,21,21103,14398
ATGTGAAAGCCTAATG-1,1,46,22,20965,14157
AGTCGGCTCAACTTTA-1,1,47,23,20826,14398
CGATCTGTTGGAGGAC-1,1,46,24,20688,14156
ACGGGAGTGTCGGCCC-1,1,47,25,20549,14397
TTAACTTCAGGTAGGA-1,1,46,26,20410,14156
CCACGGAGCCATAAGA-1,1,47,27,20271,14397
CTTCTATGTTGAAGTA-1,1,46,28,20133,14156
CACCGTTGCGCGATAT-1,1,47,29,19994,14397
TCTAGCAATCTCCGCC-1,1,46,30,19856,14156
AGTTTGGCCAGACCTA-1,1,47,31,19717,14397
TTGTAAGGACCTAAGT-1,1,46,32,19578,14155
AAATTTGCGGGTGTGG-1,1,47,33,19439,14396
AAGTTCGGCCAACAGG-1,1,46,34,19301,14155
CCGCTTACCTCACTCT-1,1,47,35,19162,14396
ATCACGTGCTAATTAA-1,1,46,36,19024,14155
GGTGAAGTACAGGGAT-1,1,47,37,18885,14396
GCTGTATTACTGGCCC-1,1,46,38,18746,14154
AACGGCCATCTCCGGT-1,1,47,39,18607,14396
TAAGTAACATCTTGAC-1,1,46,40,18469,14154
TTCTTGAGCCGCGCTA-1,1,47,41,18330,14395
AGTGCGTAGCTCGTAA-1,1,46,42,18192,14154
GGGATGGTCGTAACCG-1,1,47,43,18053,14395
GTCTGGGCGGTCGAGA-1,1,46,44,17914,14154
CGGAACGTAAACATAG-1,1,47,45,17775,14395
TGCGACACCCTAGTGC-1,1,46,46,17637,14153
CAAACGAGTATCGCAG-1,1,47,47,17498,14394
TCAGTAGGGACTATAA-1,1,46,48,17360,14153
GCGGTTCCCTATCATG-1,1,47,49,17221,14394
GTGACTTCAGTAGTGC-1,1,46,50,17082,14153
CGTCACGTCCATTGGT-1,1,47,51,16943,14394
ATAAGTTACCGCGACG-1,1,46,52,16805,14153
CTGAATCCGAGACCTC-1,1,47,53,16666,14394
TACGACGCTTGCTGCG-1,1,46,54,16528,14152
GAATTCACCCGGGTGT-1,1,47,55,16389,14393
GGGTGACACCTTAACT-1,1,46,56,16250,14152
TGAGTAAATTAGCGTA-1,1,47,57,16112,14393
GAGTCCGCTTACCGGA-1,1,46,58,15973,14152
GGCGCGTTCGAGTTTA-1,1,47,59,15834,14393
ATTCATATACTGTCCA-1,1,46,60,15696,14151
ATAAACGGACCCGTAA-1,1,47,61,15557,14393
GTCGTACCATCTCGGG-1,1,46,62,15418,14151
ATAATAGCTGTTGAAT-1,1,47,63,15280,14392
TTCCGCGTGAGGCGAT-1,1,46,64,15141,14151
TACCGGCTCACTGCCC-1,1,47,65,15002,14392
GTATCTTTCATAACCA-1,1,46,66,14864,14151
GTTACCTACAACTTGC-1,1,47,67,14725,14392
TGACTATAATCCTTTC-1,1,46,68,14586,14150
AAATACCTATAAGCAT-1,1,47,69,14448,14392
TTATTAGAGCGTGTTC-1,1,46,70,14309,14150
ATGTGGACATCTTGAT-1,1,47,71,14170,14391
GTACGCTTCATTGCAC-1,1,46,72,14032,14150
CACATATTAGCAGGAT-1,1,47,73,13893,14391
CAAGAGGGCGGAGTAC-1,1,46,74,13755,14150
TCGCAAAGATGCATTT-1,1,47,75,13616,14391
GTCGTTATTCGCTTAT-1,1,46,76,13477,14149
TCGTGTACTATGGATG-1,1,47,77,13338,14390
GCGGAGAGGGAGAACG-1,1,46,78,13200,14149
TCACAGGGAATCGCAA-1,1,47,79,13061,14390
GACTGCACCAGCCCAG-1,1,46,80,12923,14149
TCCGCTGTCATCCCGG-1,1,47,81,12784,14390
AGATACTCAAGATCGA-1,1,46,82,12645,14148
ACTGAATGGCGAAAGT-1,1,47,83,12506,14390
TCCTACATCCACGGCC-1,1,46,84,12368,14148
TTCAGCCCTGGTCCAC-1,1,47,85,12229,14389
TTAGAGTTTAGAAGGA-1,1,46,86,12091,14148
GGTTAGCTATATGTCT-1,1,47,87,11952,14389
CTGGTTTCGAGCAAGA-1,1,46,88,11813,14148
TGGGCCCATACTAATT-1,1,47,89,11674,14389
ACTTATTTATGTGCCA-1,1,46,90,11536,14147
TTAGTTATTCGTGGCA-1,1,47,91,11397,14389
AACCGCTAAGGGATGC-1,1,46,92,11259,14147
ATACGTCCACTCCTGT-1,1,47,93,11120,14388
CGACACGCTCCGACAG-1,1,46,94,10981,14147
TCTGAACTCGTACCCG-1,1,47,95,10842,14388
AGGATATAGGGATTTA-1,1,46,96,10704,14147
GTGATCACTAACGCCT-1,1,47,97,10565,14388
ACCGGGCCTTTGTTGA-1,1,46,98,10427,14146
TTGACAGGAGCTCCCG-1,1,47,99,10288,14387
CTCTTCTATTGACTGG-1,1,46,100,10149,14146
CGTGGCCGAATATCTA-1,1,47,101,10010,14387
GGTTTAGCCTTTCTTG-1,1,46,102,9872,14146
TCAAGGTTACTACACC-1,1,47,103,9733,14387
TTGACTATTGTCCGGC-1,1,46,104,9595,14146
CGGGAATATAGTATAC-1,1,47,105,9456,14387
GCAACAGCAGTATGCG-1,1,46,106,9317,14145
ATCAAACACTGTTCCA-1,1,47,107,9179,14386
TGGGCAATAGTTGGGT-1,1,46,108,9040,14145
TGAATGTCAGCCGGCC-1,1,47,109,8901,14386
CGGCTCTAAAGCTGCA-1,1,46,110,8763,14145
GGACACAAGTTTACAC-1,1,47,111,8624,14386
CCGAGAAGTCGCATAA-1,1,46,112,8485,14144
AACTACCCGTTTGTCA-1,1,47,113,8347,14386
GCACAAACGAGGCGTG-1,1,46,114,8208,14144
CACACAGCTTGCGCTC-1,1,47,115,8069,14385
GTGCTTACATCAGCGC-1,1,46,116,7931,14144
GCAAACGTCGCCAGGT-1,1,47,117,7792,14385
GAATAGCATTTAGGGT-1,1,46,118,7653,14144
TACTGTTTCTCTGGTA-1,1,47,119,7515,14385
TCCTATCATAGGTAAC-1,1,46,120,7376,14143
TTCGGTGGAGACGCCC-1,1,47,121,7237,14384
TGTTGCCGTCGTCCCA-1,1,46,122,7099,14143
CCAACTTGATAGATCC-1,1,47,123,6960,14384
CAAAGGTCATCTGAAA-1,1,46,124,6822,14143
CTAGCTTAATGGTCCC-1,1,47,125,6683,14384
AGGCCACATTGGTTAC-1,1,46,126,6544,14143
TTAGGATGGGAGGGTA-1,1,47,127,6405,14384
TATGACCTTGCGCTGG-1,1,48,0,24015,14642
ATATACATGTATGGTA-1,1,49,1,23876,14883
TGTGTGACCATGAATC-1,1,48,2,23738,14642
CCCACTCCACGGTATC-1,1,49,3,23599,14883
GGGCAGACGTCACTGC-1,1,48,4,23460,14642
TCAAAGAGCTATCTGT-1,1,49,5,23321,14883
AGATGCATCCTGTGTC-1,1,48,6,23183,14641
GTGAAGTCACGACTCG-1,1,49,7,23044,14882
TGATTCAGGTCCCGCG-1,1,48,8,22906,14641
CGCCACAGGTCGCGAT-1,1,49,9,22767,14882
TTGAATCGTTGTATAA-1,1,48,10,22628,14641
TGGCCAATTTGGTACT-1,1,49,11,22489,14882
CGACCCTTAACGCCGG-1,1,48,12,22351,14640
TCGGCGTACTGCACAA-1,1,49,13,22212,14882
GAGTAAGGCCACGGGA-1,1,48,14,22074,14640
ATCAGCTCGTCCACTA-1,1,49,15,21935,14881
AGGATCACGCGATCTG-1,1,48,16,21796,14640
AAATGGCCCGTGCCCT-1,1,49,17,21657,14881
CAGTACCAGTTTACGT-1,1,48,18,21519,14640
GGTCGTAAGCTCGCAC-1,1,49,19,21380,14881
CGTTCATGGTGCGCGT-1,1,48,20,21242,14639
GACTACAAAGCGGTGG-1,1,49,21,21103,14881
CAGCTGGCGTAACCGT-1,1,48,22,20964,14639
ACTCGTAACCCGTCCT-1,1,49,23,20825,14880
CATATGTCAGGCTACG-1,1,48,24,20687,14639
GCCCGACTTCTTCCCG-1,1,49,25,20548,14880
CTGGCATCCGAATGAG-1,1,48,26,20410,14639
AAGTGCGTTAGAATCT-1,1,49,27,20271,14880
AGAAGTGATTCGTGAT-1,1,48,28,20132,14638
TACCTTAAGATTTCCC-1,1,49,29,19994,14879
AATGACAGCAATGTCT-1,1,48,30,19855,14638
TCAACGCAGGAAATAA-1,1,49,31,19716,14879
TATTCCTCCGCCCACT-1,1,48,32,19578,14638
ATCAAACGAAGGTTTG-1,1,49,33,19439,14879
TTGATTAGCTGTTTCT-1,1,48,34,19300,14638
CTGCTGAGGCCACGAA-1,1,49,35,19162,14879
CCGTGTTAAATTCCAT-1,1,48,36,19023,14637
CACGTCGGCAACCTCT-1,1,49,37,18884,14878
GTATTCTGAGAAACGA-1,1,48,38,18746,14637
CGGTGCGCGTTGGTCC-1,1,49,39,18607,14878
GTGATTCGCCGCTCAA-1,1,48,40,18468,14637
GCCCGCGCGTAAACGG-1,1,49,41,18330,14878
AACGTACTGTGGGTAC-1,1,48,42,18191,14636
GAGTATGCCCGCCTTG-1,1,49,43,18052,14878
TGATTCTGTCGCCGGT-1,1,48,44,17914,14636
GGGCGGCAAATGAATT-1,1,49,45,17775,14877
TTCCAATCTGGCTATC-1,1,48,46,17637,14636
GGAACCGTGTAAATTG-1,1,49,47,17498,14877
TTGGTCACACTCGTAA-1,1,48,48,17359,14636
CGAACCCGCATGCGTC-1,1,49,49,17220,14877
GGGCGTCACCACGTAA-1,1,48,50,17082,14635
TACCAGAAGTAGGTTC-1,1,49,51,16943,14876
TTGGATATCGTCTACG-1,1,48,52,16805,14635
TAGATATGGACTGGAA-1,1,49,53,16666,14876
GCGACGATAGTTGTAC-1,1,48,54,16527,14635
CTGGATTTACACTTGA-1,1,49,55,16388,14876
GTTATATTATCTCCCT-1,1,48,56,16250,14635
TATTCCACTCAGCTCG-1,1,49,57,16111,14876
CTGTTACCCAATCTAG-1,1,48,58,15973,14634
ACGCGAAGTCAGACGA-1,1,49,59,15834,14875
GATAGGTAACGTTGAC-1,1,48,60,15695,14634
TGTTCGTATTGCGGTG-1,1,49,61,15556,14875
GGTCAGTGGGTCCCAC-1,1,48,62,15418,14634
AATTCTAGAGTTAGGC-1,1,49,63,15279,14875
GTTTACGTTCCATCTG-1,1,48,64,15141,14633
AGACCCACCGCTGATC-1,1,49,65,15002,14875
TCTAGCATGCCCAGAA-1,1,48,66,14863,14633
CCCGCAGCGCGAACTA-1,1,49,67,14724,14874
CTCTATTTGGCTGCAG-1,1,48,68,14586,14633
TTCTGCCGCGCCTAGA-1,1,49,69,14447,14874
ACTCCCTAGAATAGTA-1,1,48,70,14309,14633
CCGAACCTTCCCGGCC-1,1,49,71,14170,14874
TCAGACGCTATAGAAG-1,1,48,72,14031,14632
CAGGCGCCATGCTAGG-1,1,49,73,13892,14874
CACTCGAGCTGAACAA-1,1,48,74,13754,14632
ACAAGGAAATCCGCCC-1,1,49,75,13615,14873
ACCACGTGCAGCTATA-1,1,48,76,13477,14632
ACGGCGACGATGGGAA-1,1,49,77,13338,14873
TTACTAAAGGACTTTA-1,1,48,78,13199,14632
GGCTGAAATAGCAAAG-1,1,49,79,13061,14873
TTAGACGAGTCACCTC-1,1,48,80,12922,14631
GTAGTCGCGGGAATCA-1,1,49,81,12783,14872
GCAAACCCTACATTAT-1,1,48,82,12645,14631
GTTAAAGTAGGACTGG-1,1,49,83,12506,14872
ACCCTCCCTTGCTATT-1,1,48,84,12367,14631
CATGTCTCATTTATGG-1,1,49,85,12229,14872
AATAGAATCTGTTTCA-1,1,48,86,12090,14630
TCTCATGAGATAGGGT-1,1,49,87,11951,14872
ATGACTATGCGACATT-1,1,48,88,11813,14630
CCTAACCCAAACAAGT-1,1,49,89,11674,14871
AGTCAAGATGACACTT-1,1,48,90,11536,14630
CGGGAGCTTCAGTGTA-1,1,49,91,11397,14871
CCACAGTACCCATCCT-1,1,48,92,11258,14630
GAGCGCGCACGAGTAG-1,1,49,93,11119,14871
ACCAGTGCGGGAGACG-1,1,48,94,10981,14629
TCCTTACGACGGTCCG-1,1,49,95,10842,14871
TAGTCGATCACGGGTT-1,1,48,96,10704,14629
AGACGAAGTGCCGGTC-1,1,49,97,10565,14870
CGCTGGTGACTACCCT-1,1,48,98,10426,14629
AGGCATTGTCGTAGGG-1,1,49,99,10287,14870
TGGTAGAATATATGGG-1,1,48,100,10149,14629
TTCTTATCCGCTGGGT-1,1,49,101,10010,14870
AGTTTGGCACGGGTTG-1,1,48,102,9872,14628
GCATCGGCCGTGTAGG-1,1,49,103,9733,14869
ATGCGAGTCCCACCAC-1,1,48,104,9594,14628
TCGGCGAACCCAAACC-1,1,49,105,9455,14869
AGAGTAAACTTCACTA-1,1,48,106,9317,14628
AAGCCGAAGCGGTTTA-1,1,49,107,9178,14869
CCCGAGTTTCTCCGTA-1,1,48,108,9040,14628
AATATCGAATCAATGC-1,1,49,109,8901,14869
GCGCCTCCCACTCCGA-1,1,48,110,8762,14627
CGTTAAACTAGTTAGG-1,1,49,111,8623,14868
TGAGTTAAAGACATTC-1,1,48,112,8485,14627
AACAGGTAGTATGGAT-1,1,49,113,8346,14868
GAACGCGGGTCACACG-1,1,48,114,8208,14627
TGTTTGAGATCGTCAG-1,1,49,115,8069,14868
ATCTCGTGAGCGAAAC-1,1,48,116,7930,14626
CTGAGAAAGTTCGGCG-1,1,49,117,7791,14868
ATTACCACACTGCCTG-1,1,48,118,7653,14626
CTGCTGTCTAACGAGC-1,1,49,119,7514,14867
CGTGGAAGCCTCGTAC-1,1,48,120,7376,14626
GGACTCACAAATTAGG-1,1,49,121,7237,14867
CTTTGCTGTCATGGAT-1,1,48,122,7098,14626
GGTGTTGGGCGTCTTA-1,1,49,123,6959,14867
TACCATGTATTGATTT-1,1,48,124,6821,14625
GGTCTCCAAGTAGTGC-1,1,49,125,6682,14866
ATCCTTCTGAAAGAAC-1,1,48,126,6544,14625
CCGGAAGTTATCAGTC-1,1,49,127,6405,14866
TTAGAGGGATATACAG-1,1,50,0,24014,15125
TTGTACACCTCGAACA-1,1,51,1,23876,15366
GTGGGTACTGAGCGTA-1,1,50,2,23737,15124
CTTAAGCAGCGAGCCG-1,1,51,3,23598,15366
GCATTGACTTGCGGAA-1,1,50,4,23460,15124
CCATAACCTGTGCAGT-1,1,51,5,23321,15365
GGGCTACTATTTCGTG-1,1,50,6,23182,15124
GGCGAGCGAAACGGCA-1,1,51,7,23044,15365
GGAGACCATCTACATA-1,1,50,8,22905,15124
AGACCAAACCACACCT-1,1,51,9,22766,15365
CGACGCATCCGTACCT-1,1,50,10,22628,15123
CCTAGGTAAAGGTAGC-1,1,51,11,22489,15364
AGCGGCGGTTAGCGGT-1,1,50,12,22351,15123
CTGGACGCAGTCCGGC-1,1,51,13,22212,15364
AGCCTAATACCCACGT-1,1,50,14,22073,15123
AATCTGGCTTTCTAGT-1,1,51,15,21934,15364
CACCCTTGGTGAGACC-1,1,50,16,21796,15122
GGATCTTGACTCAACC-1,1,51,17,21657,15364
ACGAGGATACCACTCT-1,1,50,18,21519,15122
GAGTTGATGGCAATTT-1,1,51,19,21380,15363
GTGGCAAACAGCGGCA-1,1,50,20,21241,15122
GATGTAACGAACCACC-1,1,51,21,21102,15363
AGCCGTGGCTAAATGT-1,1,50,22,20964,15122
CTCCCTCCTTTCGATC-1,1,51,23,20825,15363
TTGGAAGAATACAGTC-1,1,50,24,20687,15121
AGTTAAGTCAACCGCT-1,1,51,25,20548,15363
CTCATGGTAATTTGCG-1,1,50,26,20409,15121
AAAGTAGCATTGCTCA-1,1,51,27,20270,15362
TTGTGGTAGGAGGGAT-1,1,50,28,20132,15121
AGTCGTGGGCATTACG-1,1,51,29,19993,15362
ACCTAAGTACCTTTCA-1,1,50,30,19855,15121
GTAGAGGGAGACAAGT-1,1,51,31,19716,15362
GATCCTCGACACTGGC-1,1,50,32,19577,15120
CCTACATTCACAGACG-1,1,51,33,19438,15361
TTGACCGTGTTAATGA-1,1,50,34,19300,15120
TCTGTTACCCAGCATA-1,1,51,35,19161,15361
CTAACTGGTCCGGTTC-1,1,50,36,19023,15120
AGCGACAGGAACGGTC-1,1,51,37,18884,15361
TAATAGAACAGAGTTA-1,1,50,38,18745,15120
ACAGGTGGAGGTGAGG-1,1,51,39,18606,15361
TGCGAGAATATTACCC-1,1,50,40,18468,15119
TTGCGTCGGCCAACCG-1,1,51,41,18329,15360
AGGCTTCCCGAAGAAG-1,1,50,42,18191,15119
GCGGACCGCGTTGTGG-1,1,51,43,18052,15360
GTAATCTGATTCTTCG-1,1,50,44,17913,15119
CCGCGGAATGCGTCAC-1,1,51,45,17774,15360
TTCCACACAGATTTGA-1,1,50,46,17636,15118
CTTCTATTAATGCTAG-1,1,51,47,17497,15360
CATTTGAGTGGTACGT-1,1,50,48,17359,15118
TCACAGCAAACTCGAA-1,1,51,49,17220,15359
CAGACGAACCTGATAC-1,1,50,50,17081,15118
TAGCTAGAAGGCATGA-1,1,51,51,16943,15359
ATCCAGAGCAACAACC-1,1,50,52,16804,15118
TCCGGTTCGTCCGGTC-1,1,51,53,16665,15359
CGCGCATGTTTGATTG-1,1,50,54,16527,15117
TGGCGATCAAGTTATG-1,1,51,55,16388,15358
CCCTTTGACAGGTCTT-1,1,50,56,16249,15117
CAGAGACGGTCACCCA-1,1,51,57,16111,15358
TAGCTCGCCTGATAAC-1,1,50,58,15972,15117
TTGTGTTTCCCGAAAG-1,1,51,59,15833,15358
TATACACAGACGCCTT-1,1,50,60,15695,15117
ACATTAGTTTATATCC-1,1,51,61,15556,15358
CCATCGCAGTTAAACT-1,1,50,62,15418,15116
AATTAGCGCTGCAGCG-1,1,51,63,15279,15357
TCCGCTTATCCCATTA-1,1,50,64,15140,15116
GTTTGGGCTTGTGAGC-1,1,51,65,15001,15357
CTTGTCAACATTCGAG-1,1,50,66,14863,15116
GGACCAACAGGATAAC-1,1,51,67,14724,15357
AAGCTAGATCGAGTAA-1,1,50,68,14586,15115
TACCGTGCCTCGGACC-1,1,51,69,14447,15357
GTAGCCAAACATGGGA-1,1,50,70,14308,15115
TGCCAGTACGTGGAGA-1,1,51,71,14169,15356
ATAAGGTGGAGAACAT-1,1,50,72,14031,15115
CTTTAATATTGGTCGA-1,1,51,73,13892,15356
TGGTTCAACGGGTAAT-1,1,50,74,13754,15115
GCTGCTACTGCGTAGC-1,1,51,75,13615,15356
CTGCACAACTACATAT-1,1,50,76,13476,15114
ATATTCCACATAGTGA-1,1,51,77,13337,15356
TGGCAAACTAAATTAC-1,1,50,78,13199,15114
ACCGCAATAACTGCCT-1,1,51,79,13060,15355
TCGCACCAGGAGGCAG-1,1,50,80,12922,15114
ACTTCAGGCTGATCCC-1,1,51,81,12783,15355
ACAAATCGCACCGAAT-1,1,50,82,12644,15114
TCTGATGTATTCTGTC-1,1,51,83,12505,15355
CTTTACCGAATAGTAG-1,1,50,84,12367,15113
GCAGATCCATAAGACT-1,1,51,85,12228,15354
TTCCTCGGACTAACCA-1,1,50,86,12090,15113
TTATCCGGGATCTATA-1,1,51,87,11951,15354
CTGGAAGACACGGTGG-1,1,50,88,11812,15113
GTTCGTCTAAAGAACT-1,1,51,89,11673,15354
GTCTATTGGTTCCGGT-1,1,50,90,11535,15112
CTAGGCGCCCTATCAG-1,1,51,91,11396,15354
AACGGACGTACGTATA-1,1,50,92,11258,15112
AACACACGCTCGCCGC-1,1,51,93,11119,15353
GCTACTATAGTAGAGT-1,1,50,94,10980,15112
AGCATATCAATATGCT-1,1,51,95,10841,15353
CGAACAGTATGGGCGT-1,1,50,96,10703,15112
ACAATTGTGTCTCTTT-1,1,51,97,10564,15353
GATCGCTACCCGATTT-1,1,50,98,10426,15111
ATTGCGATCAGTAACT-1,1,51,99,10287,15353
CAGCAGTCCAGACTAT-1,1,50,100,10148,15111
AGAGGCTTCGGAAACC-1,1,51,101,10010,15352
AAACAAGTATCTCCCA-1,1,50,102,9871,15111
GGCAGCAAACCTATGC-1,1,51,103,9732,15352
ACTAGTTGCGATCGTC-1,1,50,104,9594,15111
TTGGACCATCTGGCAA-1,1,51,105,9455,15352
CCCTCCTCGCTCGTAT-1,1,50,106,9316,15110
GAGCGCAAATACTCCG-1,1,51,107,9178,15351
ATTACATGTCAGTCTT-1,1,50,108,9039,15110
TTGGGACGTAAGAGTT-1,1,51,109,8900,15351
CTTCGGCCAATTGTTT-1,1,50,110,8762,15110
AGACCGCTCCGCGGTT-1,1,51,111,8623,15351
GACCGCGTCTGACGTG-1,1,50,112,8485,15109
CCAAATAACAAGATTC-1,1,51,113,8346,15351
TCTTTAGAGTCTAACA-1,1,50,114,8207,15109
CTCCCAATGAGTCGCG-1,1,51,115,8068,15350
TAGTCTTTCCGAATTG-1,1,50,116,7930,15109
GAGTAAACCGGAAAGT-1,1,51,117,7791,15350
GATCTCGACGCTGTGG-1,1,50,118,7653,15109
CTGACATAGAAATAGA-1,1,51,119,7514,15350
TATACCGAGTGCCACA-1,1,50,120,7375,15108
TCCGAACGTTGCCGCT-1,1,51,121,7236,15350
GCAGAAGGTAATCTCC-1,1,50,122,7098,15108
GGTACTAAGTGCTTTG-1,1,51,123,6959,15349
CAGAATATTCGTTATC-1,1,50,124,6821,15108
TAATCAACCAAATGGG-1,1,51,125,6682,15349
TCTGCTTAGAACAAGC-1,1,50,126,6543,15108
AACTGAGTTATACTGA-1,1,51,127,6404,15349
CCTCAACGATCGCTGT-1,1,52,0,24014,15607
CGGTACGGCAAACCCA-1,1,53,1,23875,15848
CAGATGTTTGTCCCAA-1,1,52,2,23737,15607
GTTTGTTAGCCAAGTA-1,1,53,3,23598,15848
ACGTGACAAAGTAAGT-1,1,52,4,23459,15607
TTGTCACCGCGGTATC-1,1,53,5,23320,15848
GATCTAACCGTATTCA-1,1,52,6,23182,15606
ATGGAAATTTAAGGAG-1,1,53,7,23043,15848
ATTGATCACCACATTT-1,1,52,8,22905,15606
ACTGCTCGGAAGGATG-1,1,53,9,22766,15847
TCTAAAGAACAGTCTC-1,1,52,10,22627,15606
CTGGGTTGAGTTAAAG-1,1,53,11,22488,15847
CCCAGTAAACTTGGGA-1,1,52,12,22350,15606
AGATTCACAACCGATA-1,1,53,13,22211,15847
AGAAGGTACACTTCAC-1,1,52,14,22073,15605
GCAGGAACTTAGATCT-1,1,53,15,21934,15846
AATCTAGGTTTACTTG-1,1,52,16,21795,15605
CCCGGTGTATCGGAAT-1,1,53,17,21657,15846
TTATCCTCAAGGAATA-1,1,52,18,21518,15605
AGCATCATTTCGAAAG-1,1,53,19,21379,15846
CGCGAGTCTGCCGGGT-1,1,52,20,21241,15604
TGCGTCATGACTGAGC-1,1,53,21,21102,15846
GTATGAAATTTCACTC-1,1,52,22,20963,15604
TTGGTTGCGGTGCGCG-1,1,53,23,20825,15845
ACAGAACTGAGAACAA-1,1,52,24,20686,15604
CTACTATCATAGGTTT-1,1,53,25,20547,15845
CCTCTATCGATTAGCA-1,1,52,26,20409,15604
CCGTATCTCGTCGTAG-1,1,53,27,20270,15845
TCACGATGTCCGTGGA-1,1,52,28,20131,15603
TCAACAAAGATAATTC-1,1,53,29,19993,15845
ATGACGCGTTCTATCC-1,1,52,30,19854,15603
ATTTGCGCGAGTAGCT-1,1,53,31,19715,15844
TTCTTGGACGATCTGC-1,1,52,32,19577,15603
AGACGACGATGCCGCT-1,1,53,33,19438,15844
GGTCTCTGAATGGACT-1,1,52,34,19300,15603
GCTCAATCCGTTTATT-1,1,53,35,19161,15844
CCAGAAAGCAACTCAT-1,1,52,36,19022,15602
CACCGTTAGGGATCAC-1,1,53,37,18883,15843
AATAACACTAGAACAA-1,1,52,38,18745,15602
CACCCGGTTTGTGACT-1,1,53,39,18606,15843
CCACCAACTTTACTGT-1,1,52,40,18468,15602
AACTCTCAGTGTGCTC-1,1,53,41,18329,15843
AAACCGTTCGTCCAGG-1,1,52,42,18190,15602
CAGCGATTCCCTTCAA-1,1,53,43,18051,15843
GCTAGCTTGAATAGCT-1,1,52,44,17913,15601
TTGCGGCATCAGAAAG-1,1,53,45,17774,15842
AATAGAACAGAGTGGC-1,1,52,46,17636,15601
GCCATCGAGCTGCGTG-1,1,53,47,17497,15842
ACACTGATCAAGGTGT-1,1,52,48,17358,15601
ACCAACGCTTATTTAT-1,1,53,49,17219,15842
GACATCGATTTATAAC-1,1,52,50,17081,15600
CAGACACCGATCGCTG-1,1,53,51,16942,15842
CCAAGAAAGTGGGCGA-1,1,52,52,16804,15600
GGTAGACCGTTGGGCG-1,1,53,53,16665,15841
TCGTTAGGAGTCCCTA-1,1,52,54,16526,15600
ACGGCCAACATGGACT-1,1,53,55,16387,15841
GTGAGTGGTACAACGC-1,1,52,56,16249,15600
GAGACTTCGCGACCGA-1,1,53,57,16110,15841
GAAGTCAGTTGCACTA-1,1,52,58,15972,15599
GTTTGGTAGGGTCAAC-1,1,53,59,15833,15840
ACGGCACTTGCTTGGG-1,1,52,60,15694,15599
CCTCTGTACTATTCTA-1,1,53,61,15555,15840
CTATTCATGTGTCCCA-1,1,52,62,15417,15599
GCCCGATCTGTGGTCG-1,1,53,63,15278,15840
TTAGAAGAACATGACT-1,1,52,64,15140,15599
AGGATAAAGTCGGGAT-1,1,53,65,15001,15840
CGGCAAACATCGTGCG-1,1,52,66,14862,15598
CTAGTTACAACCCGGT-1,1,53,67,14724,15839
TTCGACAGAGCCCGTG-1,1,52,68,14585,15598
AAGCATACTCTCCTGA-1,1,53,69,14446,15839
GACGACGATCCGCGTT-1,1,52,70,14308,15598
GGTAGAAGACCGCCTG-1,1,53,71,14169,15839
GAGATGGGAGTCGACA-1,1,52,72,14030,15597
AACGATAATGCCGTAG-1,1,53,73,13892,15839
TGGTCCCACGCTACGG-1,1,52,74,13753,15597
CTGCTTGGCGATAGCT-1,1,53,75,13614,15838
ATCGGAGACAGACGGC-1,1,52,76,13476,15597
TAGCGTCCGGTGTGGT-1,1,53,77,13337,15838
GTTGAGTCCCGCCGGT-1,1,52,78,13198,15597
AAATAGGGTGCTATTG-1,1,53,79,13060,15838
AAGTGTTTGGAGACGG-1,1,52,80,12921,15596
AGCACTACCTCACCAG-1,1,53,81,12782,15837
TGCCTTGGCCAGGCAA-1,1,52,82,12644,15596
TCGTCTTAGGCGTTAA-1,1,53,83,12505,15837
TTCTGACCGGGCTCAA-1,1,52,84,12367,15596
CAGAACTTAGCCCTCT-1,1,53,85,12228,15837
AGCTCCTTCGCACATC-1,1,52,86,12089,15596
ACAGGCTTGCCCGACT-1,1,53,87,11950,15837
GCTATACGTCTCGGAC-1,1,52,88,11812,15595
GAGCCAGCTACCTGTG-1,1,53,89,11673,15836
TGCTAAGTGTCTATTT-1,1,52,90,11535,15595
GTCCTACGAATAGTCT-1,1,53,91,11396,15836
CAGTGTCGGCTGGCCC-1,1,52,92,11257,15595
CTATCGACGAAATACA-1,1,53,93,11118,15836
CATCATTACCCTGAGG-1,1,52,94,10980,15594
TAAGTTGCGACGTAGG-1,1,53,95,10841,15836
AGTGCACGCTTAAGAA-1,1,52,96,10703,15594
TGTGCCGGTGCCGGAA-1,1,53,97,10564,15835
AGGAGGCCTTCGCGCG-1,1,52,98,10425,15594
TCCGCGGCCCAATGAA-1,1,53,99,10286,15835
TCCGTTAAGCTAATAT-1,1,52,100,10148,15594
AAATCTAGCCCTGCTA-1,1,53,101,10009,15835
CGCAGGCGATCCAAAC-1,1,52,102,9871,15593
CCATATGGAAACTATA-1,1,53,103,9732,15835
CACCGTATCCCATCCG-1,1,52,104,9593,15593
GGTCAAGACTACTTCG-1,1,53,105,9454,15834
CCCGTTTCGCAGATGT-1,1,52,106,9316,15593
GTTATAATACGGTGAA-1,1,53,107,9177,15834
ACTTGTGGATGGAACG-1,1,52,108,9039,15593
GTTCGCTGAGACGTCT-1,1,53,109,8900,15834
GACACTGGAACCCGAT-1,1,52,110,8761,15592
CCCAGGTCTGAAGGCT-1,1,53,111,8622,15833
TCTCGAGGAGGTTCGC-1,1,52,112,8484,15592
ACTATCTGCCCGCGTA-1,1,53,113,8345,15833
CCTAAATTGTATCCTA-1,1,52,114,8207,15592
AGAAATTATGACTCGC-1,1,53,115,8068,15833
TCCAGCGCTATAAGCG-1,1,52,116,7929,15591
TCGTGTATTGGTCACG-1,1,53,117,7791,15833
CCACATACTGCACCCA-1,1,52,118,7652,15591
GTTGCGGACGGTCAGG-1,1,53,119,7513,15832
GTATTTAATGGCATAA-1,1,52,120,7375,15591
GTCGATAGGTGACTTT-1,1,53,121,7236,15832
AATAATCTTCGTATCG-1,1,52,122,7097,15591
ATTGTTCAACGATCCG-1,1,53,123,6959,15832
GTGCAGCGTAGAGTAG-1,1,52,124,6820,15590
TGTGGTAGGGTGCCTT-1,1,53,125,6681,15832
TGTGGACTATCTACGT-1,1,52,126,6543,15590
GGCGGGCTCTAAGAGT-1,1,53,127,6404,15831
TGTGCCAGAGGCAAAG-1,1,54,0,24013,16090
TGGCTTATGTATAATG-1,1,55,1,23875,16331
GCAAGCTGGAAACCGC-1,1,54,2,23736,16089
GATATCAAGCAGGAGC-1,1,55,3,23597,16331
CACCAATCATCCGTCT-1,1,54,4,23459,16089
CCACATGGCTCTTTAT-1,1,55,5,23320,16330
GTCCTACTCTACGGGC-1,1,54,6,23182,16089
CTCGAGACATACGATA-1,1,55,7,23043,16330
TATCAGTGGCGTAGTC-1,1,54,8,22904,16089
TGACAGGACAAGTCCA-1,1,55,9,22765,16330
TATTAACACCAAAGCA-1,1,54,10,22627,16088
TAGGCGATGAGGTCTC-1,1,55,11,22488,16330
CCGCCGGAACTTCTCG-1,1,54,12,22350,16088
GCCATTAGCCTCAAAC-1,1,55,13,22211,16329
GTTAGGCTACCCGTTT-1,1,54,14,22072,16088
GGGTATTCTAGCAAAC-1,1,55,15,21933,16329
GCCCTAGCCGTCGCGA-1,1,54,16,21795,16088
CAGATCCTGGTTTGAA-1,1,55,17,21656,16329
CTTCAGTGGTCGCCTA-1,1,54,18,21518,16087
GGGCAACCGCACGTGC-1,1,55,19,21379,16328
GACCCAATTATGATAC-1,1,54,20,21240,16087
GAAGCTCGGACCCGTC-1,1,55,21,21101,16328
CGTCGGGTCTAAGCGC-1,1,54,22,20963,16087
GAGGCCCGACTCCGCA-1,1,55,23,20824,16328
TTGCCATAGCCCGCTC-1,1,54,24,20686,16086
TAACATACACGCGATC-1,1,55,25,20547,16328
CCGACGGGCATGAGGT-1,1,54,26,20408,16086
AATGTGCCCGAGGTGT-1,1,55,27,20269,16327
AGCTGTAACCTCAATC-1,1,54,28,20131,16086
CGAGTGAAGGTACCAG-1,1,55,29,19992,16327
AGTCTCACAAGACTAC-1,1,54,30,19854,16086
AAATTGATAGTCCTTT-1,1,55,31,19715,16327
TAAGTCGCCGAGTATC-1,1,54,32,19576,16085
GCGGAGAAACTTCGCA-1,1,55,33,19437,16327
GGCAAAGGCGCCAATA-1,1,54,34,19299,16085
ATTTCCGGGTTCTGCG-1,1,55,35,19160,16326
TAAACCCAGGAGGGCA-1,1,54,36,19022,16085
TTCGGGCGCTAGTCTT-1,1,55,37,18883,16326
GTGGAGTCGGCGGTTG-1,1,54,38,18744,16085
GCACGCCTACTTAGAT-1,1,55,39,18606,16326
CAATATTCTTGACCTA-1,1,54,40,18467,16084
CGTTTGTGTAGAGGGT-1,1,55,41,18328,16325
CATAGCGTTGCCCACC-1,1,54,42,18190,16084
TGATACATTTAGCCGT-1,1,55,43,18051,16325
TTCCGGCCTTGAGGCT-1,1,54,44,17912,16084
CCTATACCGTCCTGTC-1,1,55,45,17774,16325
TCGTTGCTATCCGGTC-1,1,54,46,17635,16084
TGGCGACTGCTCCAAA-1,1,55,47,17496,16325
CAGAGGCGATGCATGA-1,1,54,48,17358,16083
TCACAGGAGAATAAGA-1,1,55,49,17219,16324
GGGTTAACATTTGAGT-1,1,54,50,17080,16083
GCGGGCGAGCCTTACC-1,1,55,51,16942,16324
TGCCAATGGGTACTCT-1,1,54,52,16803,16083
AGGGACTCTACGCGAC-1,1,55,53,16664,16324
GACGCCGTAAAGGCTA-1,1,54,54,16526,16082
AAAGGCTCTCGCGCCG-1,1,55,55,16387,16324
CTGGCTGGTTGTCAGT-1,1,54,56,16249,16082
ACATCCCGGCCATACG-1,1,55,57,16110,16323
CTCTTGTCCCGCTTGG-1,1,54,58,15971,16082
TACGCCTCCATTCCGA-1,1,55,59,15832,16323
CGGAGCAATTTAATCG-1,1,54,60,15694,16082
AACTAGGCTTGGGTGT-1,1,55,61,15555,16323
GCGTCGCCAGGGTGAT-1,1,54,62,15417,16081
GTTGGTCATGCTATCC-1,1,55,63,15278,16322
GCTGGCGGCGCATGCT-1,1,54,64,15139,16081
TGAGCGGAAAGTGTTC-1,1,55,65,15000,16322
CTTTCTGTGCGGGCTT-1,1,54,66,14862,16081
ATCTAATATCCTACGG-1,1,55,67,14723,16322
AACCTTTAAATACGGT-1,1,54,68,14585,16081
TTCACTCGAGCACCTA-1,1,55,69,14446,16322
CTGCACTCCAGTACAG-1,1,54,70,14307,16080
CCATTTCTACCTATTA-1,1,55,71,14168,16321
CAAGCGGCACATAATT-1,1,54,72,14030,16080
GTTAACATCACTTAAA-1,1,55,73,13891,16321
ATATAAATGTAGCTGC-1,1,54,74,13753,16080
GCCTCTATACATAGCA-1,1,55,75,13614,16321
GTGTCGTATAGCGTTC-1,1,54,76,13475,16079
ATACGTACTTAGCCAC-1,1,55,77,13336,16321
GCTATCATACTCATGG-1,1,54,78,13198,16079
TATCCAATTGGTTATC-1,1,55,79,13059,16320
TCTCCCTGGGCAGCGT-1,1,54,80,12921,16079
CCTATAATGAGTGCCC-1,1,55,81,12782,16320
CAATGCGAGAAGTATC-1,1,54,82,12643,16079
TACCAATAAAGTACCA-1,1,55,83,12504,16320
GCTAGGCACCACGGAG-1,1,54,84,12366,16078
GGTGGACTGCTCTGGC-1,1,55,85,12227,16319
TATTCCGAGCTGTTAT-1,1,54,86,12089,16078
TTGAGAAGTTTAGCAT-1,1,55,87,11950,16319
GTCCGGACCTGAAATT-1,1,54,88,11811,16078
CTGTGGTCGGGAGATA-1,1,55,89,11673,16319
CATGTAAGAGACATTT-1,1,54,90,11534,16078
CACGTTTCGTACACAC-1,1,55,91,11395,16319
CATCCTCTCAAAGATC-1,1,54,92,11257,16077
GATTAACCGAAAGCCC-1,1,55,93,11118,16318
AACGCTGTTGCTGAAA-1,1,54,94,10979,16077
TTCAGCTGGCGTGCCC-1,1,55,95,10841,16318
TAGAGGTTCTACTTGT-1,1,54,96,10702,16077
GTATCAAACGTTAGCT-1,1,55,97,10563,16318
AATCATGTAAAGACTC-1,1,54,98,10425,16076
AGTCACTAGCTCTCGA-1,1,55,99,10286,16318
GCGAAACGATCGGGAG-1,1,54,100,10147,16076
CATGGATTGTCTTCCG-1,1,55,101,10009,16317
ATTGGATTACAGCGTA-1,1,54,102,9870,16076
CACACACGCTAACGAG-1,1,55,103,9731,16317
CTATGGGAAGCGGAAT-1,1,54,104,9593,16076
TGCCTAATTGAAGATT-1,1,55,105,9454,16317
TGGCAATGGGACGGCG-1,1,54,106,9316,16075
ACCTCCGCCCTCGCTG-1,1,55,107,9177,16317
CGGCAATAAGATCGCC-1,1,54,108,9038,16075
CCTTGACCACTTTATT-1,1,55,109,8899,16316
TCATTTAGAAGTGTGA-1,1,54,110,8761,16075
CAGAATAACACACGGA-1,1,55,111,8622,16316
TCTGAGCAATTGACTG-1,1,54,112,8484,16075
CAACGTGGTGGAGTCT-1,1,55,113,8345,16316
CACAGTTCGCTTCCCA-1,1,54,114,8206,16074
TCTCTCGCCGCACATA-1,1,55,115,8067,16315
TGGGCAGGCCACCGCA-1,1,54,116,7929,16074
CTCCTGTTCAAGGCAG-1,1,55,117,7790,16315
TATTTGATTTGCACAG-1,1,54,118,7652,16074
GCCACTCCTTACGGTA-1,1,55,119,7513,16315
ACCGATATTTAATCAT-1,1,54,120,7374,16073
TTATTATCTGGAAGGC-1,1,55,121,7235,16315
TACATGCCGGAATTGT-1,1,54,122,7097,16073
GGCACTCAGCCGACCC-1,1,55,123,6958,16314
AAACCGGAAATGTTAA-1,1,54,124,6820,16073
AGACAGGCATCTCAGC-1,1,55,125,6681,16314
GTGGTGATGGTTTGTG-1,1,54,126,6542,16073
CCGATATGACGTAAGG-1,1,55,127,6403,16314
CATACACAAAGTCAGC-1,1,56,0,24013,16572
TGCCGTTCTTAATCGG-1,1,57,1,23874,16813
TCGAGTCTACGATTCG-1,1,56,2,23736,16572
ACTTCCAGTGGAAGCT-1,1,57,3,23597,16813
CAATTGGGCCGCACTC-1,1,56,4,23458,16572
AAATCGCGGAAGGAGT-1,1,57,5,23319,16813
ATATCAATTCCAGCCT-1,1,56,6,23181,16571
CTTTGTCGAATGCTCC-1,1,57,7,23042,16813
TGAGGCATGTACTGTG-1,1,56,8,22904,16571
TTCGCCGCTCGCGCTA-1,1,57,9,22765,16812
GACTCCTTCCAATTGA-1,1,56,10,22626,16571
ACCGAAGAGTCTGGTT-1,1,57,11,22488,16812
TGGCATGAAGTTTGGG-1,1,56,12,22349,16571
ACGAGGTTTACAACGT-1,1,57,13,22210,16812
AACCCATCCCATGATC-1,1,56,14,22072,16570
TCGACAACTGAACCCG-1,1,57,15,21933,16812
TATCTTGCAATACAAC-1,1,56,16,21794,16570
TATTATGTTTGCCTGC-1,1,57,17,21656,16811
GTCAAAGAAGTGGTGT-1,1,56,18,21517,16570
GGGACAGAGTTACTCC-1,1,57,19,21378,16811
AGCAACCGAAAGTAAT-1,1,56,20,21240,16570
CTCTCTAACTGCCTAG-1,1,57,21,21101,16811
ATACGGAACGTCGTTT-1,1,56,22,20962,16569
TCGGTCCCGACAATAG-1,1,57,23,20824,16810
CGCGCAAATGTCCAGA-1,1,56,24,20685,16569
TCTAATACTGCCTCAG-1,1,57,25,20546,16810
CTCGGTTGTCGGCCCT-1,1,56,26,20408,16569
GGTAACCGGGAGGATA-1,1,57,27,20269,16810
CAGGCGCACGGTGGTC-1,1,56,28,20131,16568
TCATCGATGGTCCCAA-1,1,57,29,19992,16810
CAAAGATTATTGGGCC-1,1,56,30,19853,16568
ACAATGAATACGGAGA-1,1,57,31,19714,16809
GCTCCTGACATACTGG-1,1,56,32,19576,16568
GATGACAAGTAGGGCA-1,1,57,33,19437,16809
TACGCCGAGGGTACCC-1,1,56,34,19299,16568
AAGCGTCCCTCATCGA-1,1,57,35,19160,16809
CACTCCTATGTAAGAT-1,1,56,36,19021,16567
TCGAGCCAGGCAGGCC-1,1,57,37,18882,16809
TCGTCAAGTACGCGCA-1,1,56,38,18744,16567
CCCGTAGCTGGGAAGA-1,1,57,39,18605,16808
ACCCTATGCCATATCG-1,1,56,40,18467,16567
GTGGTATAGTCTGCCG-1,1,57,41,18328,16808
CCGGTTTGTAATTGTG-1,1,56,42,18189,16567
GTCGCCGTTGTGTGTT-1,1,57,43,18050,16808
TACTGAACAGATTTAG-1,1,56,44,17912,16566
TATTAACCTGACCGCG-1,1,57,45,17773,16807
CTGTAGCCATCTCACT-1,1,56,46,17635,16566
TACTATGGTTCCTCAG-1,1,57,47,17496,16807
GAGTCAGACCAGAATC-1,1,56,48,17357,16566
TAAGGCATAACATCAA-1,1,57,49,17218,16807
CTTCCGCTCCGTGAAG-1,1,56,50,17080,16565
GGGCTATGATCGATGG-1,1,57,51,16941,16807
GGTCGGTCGTCCACAG-1,1,56,52,16803,16565
GGGACCCGTATATCTT-1,1,57,53,16664,16806
GAAAGCAGTGCACTTT-1,1,56,54,16525,16565
AGCGCATAATGAATCG-1,1,57,55,16386,16806
GCTGCTAAGTAGTCGA-1,1,56,56,16248,16565
AATAGTCCGTCCCGAC-1,1,57,57,16109,16806
AGCAGCCAGATGAATA-1,1,56,58,15971,16564
CCTCGCGCTGTGCGAT-1,1,57,59,15832,16806
TTGTGTATGCCACCAA-1,1,56,60,15693,16564
TGCTCGGCGAAACCCA-1,1,57,61,15555,16805
CGATTAAATATCTCCT-1,1,56,62,15416,16564
TGCCGTGGATCGTCCT-1,1,57,63,15277,16805
GTGGACGCATTTGTCC-1,1,56,64,15139,16564
ACCCGGAAACTCCCAG-1,1,57,65,15000,16805
CCGCATGTGGTACGAT-1,1,56,66,14861,16563
GCAAACCTTGGCCATA-1,1,57,67,14723,16804
ATTCACTGATGTTGGA-1,1,56,68,14584,16563
ACTCCCTAATGCTAAA-1,1,57,69,14445,16804
TCCTAAATTGGGAAGC-1,1,56,70,14307,16563
GAACAGATTACTAAAT-1,1,57,71,14168,16804
ATACAGGCCCTCCAAT-1,1,56,72,14029,16563
CGATTCGCCTGGCTGC-1,1,57,73,13891,16804
TCCGCCTGTCTACAAG-1,1,56,74,13752,16562
CACATCTCACCGACGA-1,1,57,75,13613,16803
CGTCGTCCTTCGCGAA-1,1,56,76,13475,16562
CGTTGAATACCGCGCT-1,1,57,77,13336,16803
ACCAATATGCAAGTTA-1,1,56,78,13198,16562
ACGGATGGTGCGGATA-1,1,57,79,13059,16803
CACCCTAACAAGATCT-1,1,56,80,12920,16561
AAGCTCTTTCATGGTG-1,1,57,81,12781,16803
CATGGGTATGCCTTAT-1,1,56,82,12643,16561
GCGCGTCATTGGTACA-1,1,57,83,12504,16802
TCTGAAGCACGTGGTC-1,1,56,84,12366,16561
AAGTTCACTCCAAGCT-1,1,57,85,12227,16802
TTGGACCTATAACAGT-1,1,56,86,12088,16561
ATCAGCCTCATGCTGC-1,1,57,87,11949,16802
AGTACTCTTATGCCCA-1,1,56,88,11811,16560
GCGCTTAAATAATTGG-1,1,57,89,11672,16801
TTGTGAACCTAATCCG-1,1,56,90,11534,16560
AGTCGTCGACCACCAA-1,1,57,91,11395,16801
TCCTTTAAATCCGCTT-1,1,56,92,11256,16560
ACTGAAACGCCGTTAG-1,1,57,93,11117,16801
GCACACACTGGTAGCC-1,1,56,94,10979,16560
TAAGGGCCTGTCCGAT-1,1,57,95,10840,16801
GCTAGAGTAGAGATGT-1,1,56,96,10702,16559
CACAGGGCCATATAGT-1,1,57,97,10563,16800
CCATGCCCTAGATTTC-1,1,56,98,10424,16559
TCGCGTAGCAGTGTCC-1,1,57,99,10285,16800
GACGAGGCTAATAAAC-1,1,56,100,10147,16559
CTACACTCGCAGATGG-1,1,57,101,10008,16800
ACGCATACGTTTACTA-1,1,56,102,9870,16558
GGAGCAACATTTCAAG-1,1,57,103,9731,16800
CGAGAGGGTAGCCGCG-1,1,56,104,9592,16558
TCGTGTTCGACCACAA-1,1,57,105,9453,16799
TCTACCCAATAGAGAG-1,1,56,106,9315,16558
ATAAACGTTGCACCAC-1,1,57,107,9176,16799
TCAACTGCAGAGTCAG-1,1,56,108,9038,16558
AGCTCCATATATGTTC-1,1,57,109,8899,16799
GTAACATCTAAGATAA-1,1,56,110,8760,16557
CCGACAATAGGCCGCC-1,1,57,111,8622,16799
ATGCTTAGGAGTTGAT-1,1,56,112,8483,16557
AACCCGAGCAGAATCG-1,1,57,113,8344,16798
CGGGTTTGTTAGGGCT-1,1,56,114,8206,16557
AGGCACGTGACTGTCC-1,1,57,115,8067,16798
GACAAGAGATGAGATT-1,1,56,116,7928,16557
AGCCCTTGGACATCCC-1,1,57,117,7790,16798
GCAGTTCGATCCGAGC-1,1,56,118,7651,16556
TCGAGGGCAACAGACG-1,1,57,119,7512,16797
ACTTTGTCGACGCACT-1,1,56,120,7374,16556
GAGTATCAAAGTTACA-1,1,57,121,7235,16797
CCAGGCTGGCGTCTGA-1,1,56,122,7097,16556
GGACTCTTCCGGTTGA-1,1,57,123,6958,16797
TCCCAGCACACGACAT-1,1,56,124,6819,16555
GCTCCATGAGTGCAGA-1,1,57,125,6680,16797
GCAGTGCGGGCGGATG-1,1,56,126,6542,16555
GCGTTCTGACTAAGCG-1,1,57,127,6403,16796
ATTTGGAGATTGCGGT-1,1,58,0,24013,17055
AAGGGTTTGATTTCAG-1,1,59,1,23874,17296
CCGGCCGCGAGCATAT-1,1,58,2,23735,17055
GAGTTCTGTGGGTGCT-1,1,59,3,23596,17296
AAACGAAGATGGAGTA-1,1,58,4,23458,17054
AATTACGAGACCCATC-1,1,59,5,23319,17295
CCTTTGAATTATGGCT-1,1,58,6,23181,17054
CATGGTATTAGTTTGT-1,1,59,7,23042,17295
AACGAAAGTCGTCCCA-1,1,58,8,22903,17054
ACATAAGTCGTGGTGA-1,1,59,9,22764,17295
GCACAACCTCGGGCGT-1,1,58,10,22626,17053
ATGCACGCGCTGTTCA-1,1,59,11,22487,17295
CGATGTTGTTATCTAC-1,1,58,12,22349,17053
GTCTCCTGCCAGTATG-1,1,59,13,22210,17294
GATGCCTTCTGCGGCA-1,1,58,14,22071,17053
ACCGGTCAGGTACACC-1,1,59,15,21932,17294
GTGGAGCGTTTACCGA-1,1,58,16,21794,17053
AGGCGGTTTGTCCCGC-1,1,59,17,21655,17294
TCCCTGGCGTATTAAC-1,1,58,18,21517,17052
AAACACCAATAACTGC-1,1,59,19,21378,17293
TGGACGCAATCCAGCC-1,1,58,20,21239,17052
GGAACCTTGACTCTGC-1,1,59,21,21100,17293
GTATCTCAGTCTTGAC-1,1,58,22,20962,17052
GCTGAATCTTCCAATC-1,1,59,23,20823,17293
AGATGCAAGACGTGCA-1,1,58,24,20685,17052
TTAAGGCCCGTACTTT-1,1,59,25,20546,17293
AGTATGCTGGAGACCA-1,1,58,26,20407,17051
GCGGCAAAGTATTGCC-1,1,59,27,20268,17292
GCGCAAATATATTCAA-1,1,58,28,20130,17051
GAAGAAACGATATTGT-1,1,59,29,19991,17292
GGACCTCTAGGCCGCC-1,1,58,30,19853,17051
AACAGCTGTGTGGCAA-1,1,59,31,19714,17292
TCGAATATCCCGCAGG-1,1,58,32,19575,17050
GCGACCCAACCATCTG-1,1,59,33,19437,17292
AGAGAAGGAGTACAAT-1,1,58,34,19298,17050
GGCTCCTCCACCTGTT-1,1,59,35,19159,17291
TCAGTGTATACGTCAT-1,1,58,36,19021,17050
ATTATTATGTCCGTCA-1,1,59,37,18882,17291
TTAGGTCATAACCGAC-1,1,58,38,18743,17050
AAGATGGCACCGGACC-1,1,59,39,18605,17291
CTACAAGAAATAACCC-1,1,58,40,18466,17049
ACTATTTCCGGGCCCA-1,1,59,41,18327,17291
TTGTTTCACATCCAGG-1,1,58,42,18189,17049
CGCTGTGTGGATGTTG-1,1,59,43,18050,17290
TCAACATAGCGCCCTA-1,1,58,44,17912,17049
GGCCGTTTGGGTTTCA-1,1,59,45,17773,17290
TACTCTTTCGTCTTCA-1,1,58,46,17634,17049
TTCGCGCGCCATACGA-1,1,59,47,17495,17290
CGGAAAGAATCAAACG-1,1,58,48,17357,17048
AGGCAGGGAGCGTACT-1,1,59,49,17218,17289
CCTTTAAGGGAGCACT-1,1,58,50,17080,17048
CGCCCAGCACGCCTAG-1,1,59,51,16941,17289
AGTATTTGGCACGACC-1,1,58,52,16802,17048
TATCCGCACCGTCGGG-1,1,59,53,16663,17289
ACCCGTGTCATCAGTA-1,1,58,54,16525,17047
CAACTGCTCATCCGAT-1,1,59,55,16386,17289
CCGGAGCGTACTTTCT-1,1,58,56,16248,17047
TACCGTAGGTTAACTA-1,1,59,57,16109,17288
TGAGGAGTGCCAGCTT-1,1,58,58,15970,17047
CCAGTCTTGTCATAGA-1,1,59,59,15831,17288
GGGCAGAGCAATCGTT-1,1,58,60,15693,17047
TACCAAATAGCCCAGA-1,1,59,61,15554,17288
TACCTACTCCCAGTAT-1,1,58,62,15416,17046
TGTGAGACTAGCCCAA-1,1,59,63,15277,17288
ATACCTAACCAAGAAA-1,1,58,64,15138,17046
GTCGGGAAGCAGAAAC-1,1,59,65,14999,17287
AATTAACGGATTTCCA-1,1,58,66,14861,17046
GAACCCTCTGTGTTCT-1,1,59,67,14722,17287
ATATAAAGCGCTCGTG-1,1,58,68,14584,17046
CCTGGTCGAATGTGGG-1,1,59,69,14445,17287
CTAGGTTCGGACGTGA-1,1,58,70,14306,17045
TCGGGAGACAGCGTAC-1,1,59,71,14167,17286
CATAAGAAGCTTGGCT-1,1,58,72,14029,17045
AAGCACCCTGCGTATC-1,1,59,73,13890,17286
AGTTTGCACCTGCCTC-1,1,58,74,13752,17045
GACTGCAAATCGAGCT-1,1,59,75,13613,17286
GTGTATATCAGCGGGC-1,1,58,76,13474,17045
CTTCAACTCCACTTGG-1,1,59,77,13335,17286
ACTTACGCATCCACGC-1,1,58,78,13197,17044
CATGAGATGCACTCTC-1,1,59,79,13058,17285
GAGCACCTGTGTCCAG-1,1,58,80,12920,17044
CGCGACCGCGACAGAT-1,1,59,81,12781,17285
GTCCCGCGACGTTATG-1,1,58,82,12642,17044
GCAGTGTGGCTATAGG-1,1,59,83,12504,17285
ATACTGCCTTACACCG-1,1,58,84,12365,17043
TACAGAAACGGTGGGC-1,1,59,85,12226,17285
GGCGCGGAGATCTTTC-1,1,58,86,12088,17043
CGTTAATGTCCCGACG-1,1,59,87,11949,17284
GCTAACTGAAGTCTGA-1,1,58,88,11810,17043
AGTGATAACCTGCGCG-1,1,59,89,11672,17284
TATGATCTTCTCTTTA-1,1,58,90,11533,17043
TGTACCTACACGAGGG-1,1,59,91,11394,17284
ATATCGTTCCTCGAAC-1,1,58,92,11256,17042
CGGCGCCATCAATCCC-1,1,59,93,11117,17283
CCTGTTTGAAGACACG-1,1,58,94,10979,17042
GCCACTCAGAGCGCGA-1,1,59,95,10840,17283
TCGGCTTGTATCGACG-1,1,58,96,10701,17042
TAGATGGTTCCTTACT-1,1,59,97,10562,17283
ATCGTTAGCTAGCGGA-1,1,58,98,10424,17042
ACAGCGACATTCTCAT-1,1,59,99,10285,17283
ATTCAACCATTTAAGG-1,1,58,100,10147,17041
CACTCTTCTGCTAGCC-1,1,59,101,10008,17282
CTAACTGATAATCGCC-1,1,58,102,9869,17041
TGATGTCAATTAAGTG-1,1,59,103,9730,17282
CGCCGTTCAGCATAGT-1,1,58,104,9592,17041
ATACTACCCGTACCAC-1,1,59,105,9453,17282
CCACTGTTTGGATTAA-1,1,58,106,9315,17040
CACTACGGGAGCTGCC-1,1,59,107,9176,17282
GACCAAACGTTGACTG-1,1,58,108,9037,17040
AAGAGGCCCTTTGGAA-1,1,59,109,8898,17281
ACACGTAGGCCACAAG-1,1,58,110,8760,17040
TACTCTTACTTTACTG-1,1,59,111,8621,17281
AGAGCCGCCGAGATTT-1,1,58,112,8483,17040
GGCCTGCTTCTCCCGA-1,1,59,113,8344,17281
TCAAGCGCGGACGGTA-1,1,58,114,8205,17039
ACACTGGGACAGTCGT-1,1,59,115,8066,17281
TGTGTAGTAGCACGTG-1,1,58,116,7928,17039
CTAGCCACAGGCGAGC-1,1,59,117,7789,17280
CTATCGCGTAGAGAAC-1,1,58,118,7651,17039
GTTCCCGTAAACATAT-1,1,59,119,7512,17280
TCTTTCCTTCGAGATA-1,1,58,120,7373,17039
ATATTGGAGAGGCCTT-1,1,59,121,7234,17280
AGGCGATAACTGGCGT-1,1,58,122,7096,17038
ACCCGGAGCACCACAA-1,1,59,123,6957,17279
TGAGCTCAACTGTATA-1,1,58,124,6819,17038
ACGACCCATGAGTTGC-1,1,59,125,6680,17279
CGGTCAGTCCATATTT-1,1,58,126,6541,17038
TCCGGCTGTCGGGTCG-1,1,59,127,6402,17279
ATTCCCGAAGGTACAG-1,1,60,0,24012,17537
CTAACAGCACAATAAC-1,1,61,1,23873,17778
TTGTGCGGAAGCGGAT-1,1,60,2,23735,17537
GGGCACTATTGACCAT-1,1,61,3,23596,17778
CCATAGAGGCTGCCAG-1,1,60,4,23457,17537
CCGAAGCATTGACCAA-1,1,61,5,23319,17778
TACTGAGGGAAGAAAG-1,1,60,6,23180,17537
TATGTAGAAACCCGGC-1,1,61,7,23041,17778
TGGTTAACTTACATTT-1,1,60,8,22903,17536
AGAACCCTCAATTGGG-1,1,61,9,22764,17777
CCTATATCGTGTCACG-1,1,60,10,22625,17536
ACGGCTGGATGTAGAA-1,1,61,11,22487,17777
CTCGCATTGCATAGCC-1,1,60,12,22348,17536
ACTTTGGTCGTGCTCC-1,1,61,13,22209,17777
GCTGGTTTAGGCCATA-1,1,60,14,22071,17535
TGTCGTTATCACATAT-1,1,61,15,21932,17777
ACACATGATCAAATCT-1,1,60,16,21794,17535
TATCCATCTCGGTTAG-1,1,61,17,21655,17776
CTCGTCGAGGGCTCAT-1,1,60,18,21516,17535
ATCAATGCCGTGGCTG-1,1,61,19,21377,17776
GAAACATAGGAAACAG-1,1,60,20,21239,17535
TAATAGGTCACCAGAA-1,1,61,21,21100,17776
CACCAGTCAGCATGCA-1,1,60,22,20962,17534
GAGCGCTGTTAGGTAA-1,1,61,23,20823,17775
CCCTATGTAGAGCAGA-1,1,60,24,20684,17534
GATCGCTATATCTCAG-1,1,61,25,20545,17775
AAGGGACTATGCATTC-1,1,60,26,20407,17534
CTCGGGTTCTCTGGCC-1,1,61,27,20268,17775
TATATATCGAGAAATG-1,1,60,28,20130,17534
ACCCGAGCGAAATTAC-1,1,61,29,19991,17775
TTGTTTCATTAGTCTA-1,1,60,30,19852,17533
ATGGGACCTGCTGAAC-1,1,61,31,19713,17774
TGCGACGGCCGAACGT-1,1,60,32,19575,17533
AGCTAACAAGCAATGT-1,1,61,33,19436,17774
CGTGTCTCGTTACGAC-1,1,60,34,19298,17533
CTAAATCCGGTGTACA-1,1,61,35,19159,17774
GAATAGTGCTCGATTA-1,1,60,36,19020,17532
AACAATACATTGTCGA-1,1,61,37,18881,17774
CACATCGTGCACGCGC-1,1,60,38,18743,17532
ACCGTGACCACGTGGG-1,1,61,39,18604,17773
CCCAATGAGATTTGCA-1,1,60,40,18466,17532
TCAGCAGTAGGCCCTG-1,1,61,41,18327,17773
CTACTCAAGGTATAGT-1,1,60,42,18188,17532
TAGTAGCTTATACCAG-1,1,61,43,18049,17773
ACGTTCGTTCAGGAAA-1,1,60,44,17911,17531
TTAGAATAAGGGTCGG-1,1,61,45,17772,17773
TTCTAGAAAGTCTTAT-1,1,60,46,17634,17531
CCTTCAGTTAAAGTGA-1,1,61,47,17495,17772
TAGCTAGTGATGATGG-1,1,60,48,17356,17531
AGCCCGGTAGCCTGTA-1,1,61,49,17218,17772
TACCTCAGTTGTCTGT-1,1,60,50,17079,17531
GACGGGTTGGCCCGTA-1,1,61,51,16940,17772
GAAACCTATACAAATG-1,1,60,52,16802,17530
TCCACCTCTAGCCTTT-1,1,61,53,16663,17771
AAGACCCAACTGAACA-1,1,60,54,16524,17530
CATACACGGTTCCCAC-1,1,61,55,16386,17771
ACTACGCGTTAGAATT-1,1,60,56,16247,17530
CTTGGCCAAGCTGGGA-1,1,61,57,16108,17771
TTACCCTAGGGATTGG-1,1,60,58,15970,17529
TTCGCACTGTACGACA-1,1,61,59,15831,17771
TAGGTGTTCCACAGAT-1,1,60,60,15692,17529
GAAGCCTGCACATTCC-1,1,61,61,15554,17770
GGCTTTCAATAAGGGT-1,1,60,62,15415,17529
TCCAGGGTATATACGA-1,1,61,63,15276,17770
CTCGCCGAATGTAGGG-1,1,60,64,15138,17529
AGGAAGCTGTCCGCCG-1,1,61,65,14999,17770
GTCTCAAGGCCCGGCT-1,1,60,66,14861,17528
ACCGACACATCTCCCA-1,1,61,67,14722,17770
TATACGCGTCATCACT-1,1,60,68,14583,17528
ATCTGGGCTGTTCTTG-1,1,61,69,14444,17769
TCAAATTTGAGACTCA-1,1,60,70,14306,17528
GTTAAGGGTGCGATGT-1,1,61,71,14167,17769
AGCAAAGGCCGCTAGT-1,1,60,72,14029,17528
TTATAGGTAATTGTCT-1,1,61,73,13890,17769
TTGTGCAGCCACGTCA-1,1,60,74,13751,17527
ACGGACTCTCAAAGCG-1,1,61,75,13612,17768
ATGCTCTGGCGCGGTA-1,1,60,76,13474,17527
ATAATCTTGGAGAACC-1,1,61,77,13335,17768
CTCATTGCTCTAACAA-1,1,60,78,13197,17527
TAGGTGACGATAACCT-1,1,61,79,13058,17768
CGGATCCTCAAGGACT-1,1,60,80,12919,17527
GGGCGTGGTTTCCCAG-1,1,61,81,12780,17768
TGGCTATGTGACATAC-1,1,60,82,12642,17526
CTTAGTGTAGTAGCAT-1,1,61,83,12503,17767
GGATTGCTGTGACTCC-1,1,60,84,12365,17526
ACTTCCATGCGGGACA-1,1,61,85,12226,17767
ACTCAAGTGCAAGGCT-1,1,60,86,12087,17526
ACAAGGATGCTTTAGG-1,1,61,87,11948,17767
TTGAACGACGTGCTGA-1,1,60,88,11810,17525
ATTCATCGTTGAGGCA-1,1,61,89,11671,17767
TGCAACCCATCTGCGG-1,1,60,90,11533,17525
AGTGCTAAACACAGCA-1,1,61,91,11394,17766
AACTCCAGAGCGTGTT-1,1,60,92,11255,17525
TCTCCACAAGTTGAAT-1,1,61,93,11116,17766
CTTTGCATCGCTCTTG-1,1,60,94,10978,17525
TCACAAACCGAGGTAC-1,1,61,95,10839,17766
CCGTAGGAAATCCCTG-1,1,60,96,10701,17524
AAACATTTCCCGGATT-1,1,61,97,10562,17765
GCCTCCGACAATTCAC-1,1,60,98,10423,17524
TCTGCATACCTTGCTT-1,1,61,99,10285,17765
ACCCATTTGTCCCTCT-1,1,60,100,10146,17524
CTGCAGAGAATCAGAG-1,1,61,101,10007,17765
GGAAACTAAATGGGCC-1,1,60,102,9869,17524
CAACCTACCGAGCAGT-1,1,61,103,9730,17765
CCGTAGGGTTGTTTAC-1,1,60,104,9591,17523
GGTTTGTGACCTGAGG-1,1,61,105,9453,17764
TAACCTAGGGAGTCCA-1,1,60,106,9314,17523
TTCCATCGACAGCGTG-1,1,61,107,9175,17764
ATCTCCCACGGAATAT-1,1,60,108,9037,17523
GTTTCAAACGAGTTGT-1,1,61,109,8898,17764
GGAACTTTGGCGATTA-1,1,60,110,8759,17522
CTGCAAGCACGTTCCG-1,1,61,111,8621,17764
CACAGTCCCGCTTCGC-1,1,60,112,8482,17522
TACGCTCGGTATTGGA-1,1,61,113,8343,17763
CTGGTAAAGTGTGGGC-1,1,60,114,8205,17522
CAACCAGTGGCCTACC-1,1,61,115,8066,17763
TCTTCGCGGTGAGAGG-1,1,60,116,7928,17522
TTCGGGTTGCCACGGG-1,1,61,117,7789,17763
ACCGATAGGCATAACC-1,1,60,118,7650,17521
CTTATAGATGGCTGTT-1,1,61,119,7511,17763
AGACGCCCACTTCGCC-1,1,60,120,7373,17521
AGGTCGCCTCCCAACA-1,1,61,121,7234,17762
CCTCACGTCAGCTAAT-1,1,60,122,7096,17521
CCACCTGTATGGAATA-1,1,61,123,6957,17762
GGACTCGAAGCTTTCA-1,1,60,124,6818,17521
AAGCCGGAGAGCAGGA-1,1,61,125,6679,17762
GCCTATCAGGTAAGAT-1,1,60,126,6541,17520
TCAGAGTGTGAGCATG-1,1,61,127,6402,17761
AAACATGGTGAGAGGA-1,1,62,0,24012,18020
ATCATTGTACCGCATT-1,1,63,1,23873,18261
TCAGCTTGAGCTTTCG-1,1,62,2,23734,18020
CCGCGCAAGATACCCA-1,1,63,3,23595,18261
CTATACTTAAAGCGAG-1,1,62,4,23457,18019
ACCGTCCACTGGGCCC-1,1,63,5,23318,18260
AAGACCAAATAACTCA-1,1,62,6,23180,18019
TGTTTCTGAAGCGTGC-1,1,63,7,23041,18260
TTCTCTTACAGGTGAT-1,1,62,8,22902,18019
AATTCATTGTCATGCA-1,1,63,9,22763,18260
GCCCGAGAGTCTAAAT-1,1,62,10,22625,18019
ATATAGAGTATTGGTC-1,1,63,11,22486,18260
TTGAAGGATGGGCGCC-1,1,62,12,22348,18018
TAGTACCACAACTTTC-1,1,63,13,22209,18259
ATCCCATCCACAGCGC-1,1,62,14,22070,18018
CTTAGGTATAGACCAG-1,1,63,15,21931,18259
TGACTCCGAATCATAC-1,1,62,16,21793,18018
ACTACATCCCGACAAG-1,1,63,17,21654,18259
TTGCCGCAGACCTACA-1,1,62,18,21516,18017
TAAGAGGGACAGGGAC-1,1,63,19,21377,18259
CGAATGAAGTCATTGC-1,1,62,20,21238,18017
AAGGGAACGACTGGCT-1,1,63,21,21100,18258
CGAATCTGCTCGACGC-1,1,62,22,20961,18017
ATCGTGGAAAGTCTGG-1,1,63,23,20822,18258
CCTATGGCTCCTAGTG-1,1,62,24,20684,18017
CGTCGCTTGGTTATAC-1,1,63,25,20545,18258
TGCTTAGAGAGAATGC-1,1,62,26,20406,18016
GATTGCTCCAGTTGCA-1,1,63,27,20268,18257
CGTGCTTCTACCTAAA-1,1,62,28,20129,18016
ACTCCAATATCATCAT-1,1,63,29,19990,18257
GCCGACCCACGACTGC-1,1,62,30,19852,18016
GAGGGTAGTAACAAAG-1,1,63,31,19713,18257
GGCCGAGACTCTGGTG-1,1,62,32,19574,18016
TATATAGGGCTTTACG-1,1,63,33,19436,18257
TGCCGGATGTACGAGC-1,1,62,34,19297,18015
AGGTAGATCGAGATAT-1,1,63,35,19158,18256
GATCAACATAAAGGGA-1,1,62,36,19020,18015
TAACAGCGTTTGTGCT-1,1,63,37,18881,18256
CTATAGGCGTTGATGT-1,1,62,38,18743,18015
GGTTTAATTACCATCG-1,1,63,39,18604,18256
CTCTTCTGGAAGTTAG-1,1,62,40,18465,18014
ATCTGACATGGAAGGA-1,1,63,41,18326,18256
TACGTACTAGTGCTGA-1,1,62,42,18188,18014
ATGACTATCAGCTGTG-1,1,63,43,18049,18255
CTTTGGGATTGTTGCA-1,1,62,44,17911,18014
AGACTGTTACCGGGTC-1,1,63,45,17772,18255
TCCTAACCGTCGGGCA-1,1,62,46,17633,18014
ACGCAAACTAATAGAT-1,1,63,47,17494,18255
AAGTGAGTCGGGTTTA-1,1,62,48,17356,18013
TAAAGCGGTATTTCCA-1,1,63,49,17217,18255
CTCCTCCAGCTCACAC-1,1,62,50,17079,18013
CGGTCCGTCGCAAGCC-1,1,63,51,16940,18254
CCTATATTTGTCCTGG-1,1,62,52,16801,18013
TCCAATAAAGGCTACC-1,1,63,53,16662,18254
AAAGGCTACGGACCAT-1,1,62,54,16524,18013
CGTGACCAGTCCTCTG-1,1,63,55,16385,18254
GATCTGCTATCTAAGG-1,1,62,56,16247,18012
CGAATGACGCATAATG-1,1,63,57,16108,18253
GCTCAATGTAATACCG-1,1,62,58,15969,18012
CTATGCCCGAATGCAA-1,1,63,59,15830,18253
CACAGGGCCGTTGTCA-1,1,62,60,15692,18012
TCAATACGCCGTCATG-1,1,63,61,15553,18253
AGCGGACACTTCGTAG-1,1,62,62,15415,18011
ATACGTTATGCACGGA-1,1,63,63,15276,18253
GAGTAGATACTAGTTG-1,1,62,64,15137,18011
CCAGCTCGAACGCATT-1,1,63,65,14998,18252
TGCTTCCCAAGCAGTA-1,1,62,66,14860,18011
GTAGACACGCCTGACT-1,1,63,67,14721,18252
CTCACATTTACTAAAT-1,1,62,68,14583,18011
GAATGCGAATCGGTTC-1,1,63,69,14444,18252
TAAGGCCCGTCACCCT-1,1,62,70,14305,18010
GAGTATGCGCGTGCAT-1,1,63,71,14167,18252
ATCCACATCGACAGAA-1,1,62,72,14028,18010
TAGACGAAACGCCAAT-1,1,63,73,13889,18251
CAGCAGTCTGTGCTGC-1,1,62,74,13751,18010
CTCACTGTGATACTTA-1,1,63,75,13612,18251
TTAATTGCTTTGGGTG-1,1,62,76,13473,18010
GTAGTCTACGATATTG-1,1,63,77,13335,18251
TTGCCGCTTTCTAGTA-1,1,62,78,13196,18009
GAACCTTTAACGATCC-1,1,63,79,13057,18250
TGGACCAATCTAAGAT-1,1,62,80,12919,18009
CTAGTAGAAAGGGATT-1,1,63,81,12780,18250
AACCTCGCTTTAGCCC-1,1,62,82,12641,18009
GAGTGTCAACCAGAAA-1,1,63,83,12503,18250
GTGATCCTTGTCATGA-1,1,62,84,12364,18009
CTCAACTAACCCGGAT-1,1,63,85,12225,18250
AGTGGCGTCTGAAGGT-1,1,62,86,12087,18008
GGGAAGGGCTTTCTCA-1,1,63,87,11948,18249
AGGCCTGAGAATCTCG-1,1,62,88,11810,18008
AGCCACAGGTTACCCG-1,1,63,89,11671,18249
TGCAATCTAACACGGT-1,1,62,90,11532,18008
GTTTGGGTTTCGCCCG-1,1,63,91,11393,18249
CCTATGTCCACTCCAC-1,1,62,92,11255,18007
CTGCCTTTCTAGTAAA-1,1,63,93,11116,18249
TTAGTAAACCTGCTCT-1,1,62,94,10978,18007
TTGTGGTGGTACTAAG-1,1,63,95,10839,18248
CCTCCTGTTGTGTCGT-1,1,62,96,10700,18007
ACAAAGCATGACCTAG-1,1,63,97,10561,18248
ATAGCAACTAGGGAAG-1,1,62,98,10423,18007
CCGCTCTTCCGAACTA-1,1,63,99,10284,18248
TAGAATAGCCGATGAA-1,1,62,100,10146,18006
GGTCTCCGTCCAGGTT-1,1,63,101,10007,18247
TAATTACGTCAGTAGA-1,1,62,102,9868,18006
TACGTAAAGCGGAGTG-1,1,63,103,9729,18247
GCTACAATCGAGGATA-1,1,62,104,9591,18006
TCAGCCAATCCGTAAA-1,1,63,105,9452,18247
ATCATAGCCCTATGTA-1,1,62,106,9314,18006
GAGGCCTGTTGATACA-1,1,63,107,9175,18247
ATATACGCTCGTGACG-1,1,62,108,9036,18005
CCCTTTAATGGAGTTC-1,1,63,109,8897,18246
TTACACGATCTGCGAC-1,1,62,110,8759,18005
TCGCATAAAGGGCGCA-1,1,63,111,8620,18246
TGTAGCCATCCCATTC-1,1,62,112,8482,18005
GGGTCTATCGCTTTCC-1,1,63,113,8343,18246
GGAGGGTCAAGTAAGA-1,1,62,114,8204,18004
TACGGCATGGACGCTA-1,1,63,115,8065,18246
CACGTCAATCAATGGA-1,1,62,116,7927,18004
CGCTTGGACGGATAGA-1,1,63,117,7788,18245
CGCGGTACGGTATACA-1,1,62,118,7650,18004
CCTACTCAACACGATT-1,1,63,119,7511,18245
CGTTTGGTGTTGTGGG-1,1,62,120,7372,18004
GTTGTTGCAAGATGGC-1,1,63,121,7234,18245
CATTCGTCGTAGCGGT-1,1,62,122,7095,18003
CAGCCTCGATAGCGGT-1,1,63,123,6956,18244
TCATAAGTCCAAGAAG-1,1,62,124,6818,18003
AAAGTGCCATCAATTA-1,1,63,125,6679,18244
GTTGCAGTCGACAACA-1,1,62,126,6540,18003
TAAATGGGCTACTGAG-1,1,63,127,6402,18244
GGACAAGCCATGATCG-1,1,64,0,24011,18502
TCCAATGCGTCGCCGC-1,1,65,1,23872,18744
AAAGAATGACCTTAGA-1,1,64,2,23734,18502
CCTATTATTCCGGCCG-1,1,65,3,23595,18743
CAGTAAGGGACGTCTC-1,1,64,4,23456,18502
GGGATGGACCCGCGTC-1,1,65,5,23318,18743
GACGCATACCCGTCGG-1,1,64,6,23179,18502
GGGCAGGATTTCTGTG-1,1,65,7,23040,18743
TATCTGAGCCGATATT-1,1,64,8,22902,18501
AATGTATGGCACTGTA-1,1,65,9,22763,18742
GCCTTTGTCAGTGGAC-1,1,64,10,22625,18501
AACCATAGGGTTGAAC-1,1,65,11,22486,18742
AAACTTAATTGCACGC-1,1,64,12,22347,18501
TAGGCGGCTGCAAAGA-1,1,65,13,22208,18742
TCCATCAATACTAATC-1,1,64,14,22070,18501
ACCTCGAACTTATGCT-1,1,65,15,21931,18742
ACAAACCATGCGTCCT-1,1,64,16,21793,18500
ACACCGGTCTGACCGC-1,1,65,17,21654,18741
ATGGCAGCATTACGAT-1,1,64,18,21515,18500
CTGGTGAATGGGCCTA-1,1,65,19,21376,18741
CACAGAGACGAGGACG-1,1,64,20,21238,18500
GCACAAACCCTAGATG-1,1,65,21,21099,18741
ACTATGTCCAGCTGCC-1,1,64,22,20961,18499
AAGCCGCCGTGAAATC-1,1,65,23,20822,18741
ATGGGTGTATACCTCC-1,1,64,24,20683,18499
TAAGCGCGAATCAAAT-1,1,65,25,20544,18740
AGCCCGGCATTAGAGG-1,1,64,26,20406,18499
GTGATCAAGCGTGCAC-1,1,65,27,20267,18740
CTGCCTTTAATACCTT-1,1,64,28,20129,18499
TACCTCCACACCAATG-1,1,65,29,19990,18740
GAGCATCAACAACTTG-1,1,64,30,19851,18498
CATACGAACTAGCTGG-1,1,65,31,19712,18739
GGGAACGGTTTCAGAT-1,1,64,32,19574,18498
AGGGTGCCGTTCTTTA-1,1,65,33,19435,18739
ACGACTGGTCATACTC-1,1,64,34,19297,18498
GGATCTTACTGCCCTT-1,1,65,35,19158,18739
TACTCCTCTAGTTGAC-1,1,64,36,19019,18498
GTAGCTCCGGGAGGCT-1,1,65,37,18880,18739
GGACTCGTGAGTGGTC-1,1,64,38,18742,18497
GTAGTTCGAAGGCGAA-1,1,65,39,18603,18738
CTCAAACCACTGCCCG-1,1,64,40,18465,18497
GAGGGAGTCAGATCGC-1,1,65,41,18326,18738
GCGTCCCTAAGACATA-1,1,64,42,18187,18497
TCTCTTACCGCGAACC-1,1,65,43,18049,18738
GGCTACTATACACTCC-1,1,64,44,17910,18496
CGTTGCCCGCGTGGGA-1,1,65,45,17771,18738
TATAGAGTCGCTTGAA-1,1,64,46,17633,18496
ATGTTGTAGTCTGTTT-1,1,65,47,17494,18737
AGTATACACAGCGACA-1,1,64,48,17355,18496
TGTGGTTGCTAAAGCT-1,1,65,49,17217,18737
TGATTCCCGGTTACCT-1,1,64,50,17078,18496
CACTGACGATTGTGGA-1,1,65,51,16939,18737
AACATTGTGACTCGAG-1,1,64,52,16801,18495
GTCCAATATTTAGCCT-1,1,65,53,16662,18737
GCTCTTTCCGCTAGTG-1,1,64,54,16523,18495
GGGTCAGGAGCTAGAT-1,1,65,55,16385,18736
AGGTGGTGACCTTCGC-1,1,64,56,16246,18495
CCCGGGTCGTTCAGGG-1,1,65,57,16107,18736
AGCCAAGCTTTGTGTC-1,1,64,58,15969,18495
TGTGGCGGGCTTCTGG-1,1,65,59,15830,18736
CGAGGGTATCCAGGTG-1,1,64,60,15692,18494
CGTTCAGACCCGCGAA-1,1,65,61,15553,18735
TCATATGAGCTTTGTT-1,1,64,62,15414,18494
AGTTGACGGTCCTTGC-1,1,65,63,15275,18735
ATAATTAGCTAAGTAG-1,1,64,64,15137,18494
GGTCTTGAGCGCTCTT-1,1,65,65,14998,18735
CGTTGTCGGCAATTGA-1,1,64,66,14860,18493
TCTTGCTCCCGATACT-1,1,65,67,14721,18735
AGCAGAAGGAGAAAGA-1,1,64,68,14582,18493
GAAGCCACTGATTATG-1,1,65,69,14443,18734
TGCTCTTGAGAGTTTG-1,1,64,70,14305,18493
GACATCCGTCGAACTG-1,1,65,71,14166,18734
AGATATAATACGACTA-1,1,64,72,14028,18493
TCGCTACTGGCTTTGA-1,1,65,73,13889,18734
GTGACAGCTTCCCACT-1,1,64,74,13750,18492
GTGACGCAGGTTTCAT-1,1,65,75,13611,18734
GGGAAGACGGTCTGTC-1,1,64,76,13473,18492
CGTCGCATGTGAGCCA-1,1,65,77,13334,18733
AGAAGGTTGTAGGTCG-1,1,64,78,13196,18492
GGCCGGCGTCTGCTAT-1,1,65,79,13057,18733
TTGACCAGGAACAACT-1,1,64,80,12918,18492
AGTCGTATAAAGCAGA-1,1,65,81,12779,18733
GGCGTAGGGAAAGCTG-1,1,64,82,12641,18491
AAACCTAAGCAGCCGG-1,1,65,83,12502,18732
ATTGCCTTTATGTTTG-1,1,64,84,12364,18491
CAGGCAGTCTTACCAG-1,1,65,85,12225,18732
AGCTAAGTACGCAGGC-1,1,64,86,12086,18491
AAATCCGATACACGCC-1,1,65,87,11947,18732
CGAGAGCTTTCACTAC-1,1,64,88,11809,18491
CGCCCAGCGTTTCACG-1,1,65,89,11670,18732
TTAAGTATTGTTATCC-1,1,64,90,11532,18490
AAACGGGCGTACGGGT-1,1,65,91,11393,18731
GTATCCTTTGGTAACC-1,1,64,92,11254,18490
CATAGTCAAATACATA-1,1,65,93,11116,18731
TCTATGCTATAACGAC-1,1,64,94,10977,18490
ACGTTCTGTACAAGTC-1,1,65,95,10838,18731
CGCGAAGTGGCATACT-1,1,64,96,10700,18489
ACCAACCGCACTCCAC-1,1,65,97,10561,18731
GTCATGCGCGAGGGCT-1,1,64,98,10422,18489
TAGGCTAAAGTGGCAC-1,1,65,99,10284,18730
TGGCTACACTCTACCT-1,1,64,100,10145,18489
TGTCCACGGCTCAACT-1,1,65,101,10006,18730
AATTGCAGCAATCGAC-1,1,64,102,9868,18489
GTCAACCAGGCCTATA-1,1,65,103,9729,18730
ATCTTATCGCACACCC-1,1,64,104,9590,18488
GTCTATTGCATGCTCG-1,1,65,105,9452,18729
GCACGTGGTTTACTTA-1,1,64,106,9313,18488
ATTCGCGCCTTGAGAG-1,1,65,107,9174,18729
AGCGATGCGCCTAATA-1,1,64,108,9036,18488
TCTATAGGTGGGTAAT-1,1,65,109,8897,18729
AGATACCAATAGAACC-1,1,64,110,8759,18488
CGTGTATGGGAGCTGA-1,1,65,111,8620,18729
ATGTACATGCGGTGAG-1,1,64,112,8481,18487
TTGGCTCAATATGTGT-1,1,65,113,8342,18728
GTTCGGAGCACTCAAC-1,1,64,114,8204,18487
TCCCTCTTCTCAAGGG-1,1,65,115,8065,18728
TTACGTATCTATGACA-1,1,64,116,7927,18487
CCCATATAGGTCGATT-1,1,65,117,7788,18728
GTCCACGTCGCATTCG-1,1,64,118,7649,18486
AATTGTGGTTGCCAAA-1,1,65,119,7510,18728
AGGAACGAACGACTTC-1,1,64,120,7372,18486
TAATTCCAATGCTTCA-1,1,65,121,7233,18727
AGGGCCCTAATGTTCT-1,1,64,122,7095,18486
AGGTGTTGCCGACCAC-1,1,65,123,6956,18727
CTGAGAGTAGAAATAC-1,1,64,124,6817,18486
TAGAAGAAGGGTTACA-1,1,65,125,6678,18727
GGTGACTGATAGAGAG-1,1,64,126,6540,18485
TACCCTCGGTAACCCT-1,1,65,127,6401,18726
TGTAAGACTGATAAGA-1,1,66,0,24011,18985
GTCACTCATGAGCGAT-1,1,67,1,23872,19226
CGGTTTACTGAACATT-1,1,66,2,23733,18985
GAGATCGATCTTACTC-1,1,67,3,23594,19226
TCTTTCATCCGTCCTT-1,1,66,4,23456,18984
TCGGATCTGGATGACC-1,1,67,5,23317,19226
GTCCTAGGATACCTTA-1,1,66,6,23179,18984
TGTACCCGACCCTAAT-1,1,67,7,23040,19225
AGGTTCTCCTTTCCGG-1,1,66,8,22901,18984
AATTGCGTGGATTACA-1,1,67,9,22762,19225
CGATAGCGATACAGTG-1,1,66,10,22624,18984
CGCCCTAATTGTTCAA-1,1,67,11,22485,19225
ATTATGAGACCCAATT-1,1,66,12,22347,18983
CCTCCTAGCTAGAGTC-1,1,67,13,22208,19224
CGAAGGGTTTCAGATT-1,1,66,14,22069,18983
CACAAGCTAAGAAAGG-1,1,67,15,21931,19224
CACCGGTAGAGACATT-1,1,66,16,21792,18983
ACTCATGGCAGCCTTC-1,1,67,17,21653,19224
CATCCAATATAGTTTG-1,1,66,18,21515,18983
CAGATATGAAGATGAC-1,1,67,19,21376,19224
GCAAAGGGCGTTAGCC-1,1,66,20,21237,18982
CTGTTGTTCAGTCGTA-1,1,67,21,21099,19223
AAAGGCCCTATAATAC-1,1,66,22,20960,18982
AACATTGAAGTTGATC-1,1,67,23,20821,19223
GCTAGCGATAGGTCTT-1,1,66,24,20683,18982
ATTGCCTATTAGACCG-1,1,67,25,20544,19223
GGGCGTTTACATTCAT-1,1,66,26,20406,18981
CCTCTACAAGGATTGG-1,1,67,27,20267,19223
AGTGACTGTGACACAA-1,1,66,28,20128,18981
AGCCCTCCCTGGTGGC-1,1,67,29,19989,19222
CGGTTGAGTATCCTTC-1,1,66,30,19851,18981
CATTATCCCATTAACG-1,1,67,31,19712,19222
AATGTGCTAATCTGAG-1,1,66,32,19574,18981
CTTAGTTGAGGAATCG-1,1,67,33,19435,19222
CTTCTGGGCGTACCTA-1,1,66,34,19296,18980
AGTCAAATGATGTGAT-1,1,67,35,19157,19221
TGAACAAGCAGGGACT-1,1,66,36,19019,18980
AATACCGGAGGGCTGT-1,1,67,37,18880,19221
GTTTGGTGATCGGTGC-1,1,66,38,18742,18980
GACTGCTGGTGAGAAA-1,1,67,39,18603,19221
CGATCCTCGCAACATA-1,1,66,40,18464,18980
CCAACCTTATGTAACT-1,1,67,41,18325,19221
CGTGGTACCCAAAGGC-1,1,66,42,18187,18979
AACCCGACAACCCGTG-1,1,67,43,18048,19220
TATGTAAAGTGCTTAA-1,1,66,44,17910,18979
GCAAGTGTAAAGCATG-1,1,67,45,17771,19220
GTAACTGCCCAAGGAG-1,1,66,46,17632,18979
GGTGCATAAATGATTA-1,1,67,47,17493,19220
TAGTCCCGGAGACCAC-1,1,66,48,17355,18978
CGGCCAGAGCGACCAT-1,1,67,49,17216,19220
TGAATGAGTGTTTCCC-1,1,66,50,17078,18978
TTCACTTCCTAGAACG-1,1,67,51,16939,19219
CGCTTAGTATTGATAC-1,1,66,52,16800,18978
AACGCGACCTTGGGCG-1,1,67,53,16661,19219
GTGCACCAGCTTCAAC-1,1,66,54,16523,18978
TTCTATTAAACGCAGC-1,1,67,55,16384,19219
TGGCAAGCACAAGTCG-1,1,66,56,16246,18977
ATCTGCTGTTATCGCC-1,1,67,57,16107,19218
AATTCCAAGCATGTAC-1,1,66,58,15968,18977
AAACGGTTGCGAACTG-1,1,67,59,15829,19218
GAAGGAGTCGAGTGCG-1,1,66,60,15691,18977
GGCAAGCCCATAGTGG-1,1,67,61,15552,19218
TGACCAAATCTTAAAC-1,1,66,62,15414,18977
TTCGGTACTGTAGAGG-1,1,67,63,15275,19218
ATGTACGATGACGTCG-1,1,66,64,15136,18976
ATCTAGCTTGTGAGGG-1,1,67,65,14998,19217
AGCGGGTCTGACACTC-1,1,66,66,14859,18976
GAGGTACGCGTGTCCC-1,1,67,67,14720,19217
GCACTGCCTACCTTTA-1,1,66,68,14582,18976
GGAGCGAGGCCTACTT-1,1,67,69,14443,19217
AAACTCGGTTCGCAAT-1,1,66,70,14304,18975
GGCGCTTCATTCCCTG-1,1,67,71,14166,19217
TGCTCGGTGGGTCACC-1,1,66,72,14027,18975
AAGCGCAGGGCTTTGA-1,1,67,73,13888,19216
GACCTTCCACGTCTAC-1,1,66,74,13750,18975
GTTAGCCCATGACATC-1,1,67,75,13611,19216
AATTCGATTCGAGGAT-1,1,66,76,13473,18975
AGTCTTTAAAGTGTCC-1,1,67,77,13334,19216
GACTAGGCCGTTAGGT-1,1,66,78,13195,18974
TCCAAGCCTAGACACA-1,1,67,79,13056,19216
GATTGGGAAAGGTTGT-1,1,66,80,12918,18974
GATGAGGAACCTTCGG-1,1,67,81,12779,19215
TGAATACCGACGCGTA-1,1,66,82,12641,18974
AATCGTGAGCCGAGCA-1,1,67,83,12502,19215
GCGAAGAATCTGACGG-1,1,66,84,12363,18974
GAACAACTGGGATGAA-1,1,67,85,12224,19215
TCGCCGACATATTCGC-1,1,66,86,12086,18973
CGTAGAGAGTAATTAT-1,1,67,87,11947,19214
CGATAGTCGTACTGCA-1,1,66,88,11809,18973
CGCATGCCGAATGCGT-1,1,67,89,11670,19214
CTCTAGCCCTCGGAAA-1,1,66,90,11531,18973
TCCAACTCAGCTATCT-1,1,67,91,11392,19214
GTCTAGTGAGCCGCTT-1,1,66,92,11254,18972
TACCGAATAATTGTAA-1,1,67,93,11115,19214
ATATAACACGGGCGCA-1,1,66,94,10977,18972
GCATGCTAATAACGAT-1,1,67,95,10838,19213
TCCGGGCTTGACGGGA-1,1,66,96,10699,18972
ATTATTCAGAGTCACT-1,1,67,97,10560,19213
TAGCAGTATGACTAAA-1,1,66,98,10422,18972
TATGAAGAATTAAGGT-1,1,67,99,10283,19213
CAAGGCCAGTGGTGCA-1,1,66,100,10145,18971
TGCGTACGGCTAATTG-1,1,67,101,10006,19213
CAGATAATGGGCGGGT-1,1,66,102,9867,18971
GAGAACGGTTCTGACT-1,1,67,103,9728,19212
CGCTTCGGTCTAAGAC-1,1,66,104,9590,18971
AGCATTACGAGGCAAG-1,1,67,105,9451,19212
AAGTTGTGATGTTATA-1,1,66,106,9313,18971
TTGCTCATAGTACGTG-1,1,67,107,9174,19212
TACTTAAACATGTACA-1,1,66,108,9035,18970
AGTGAGTCGAATTAAC-1,1,67,109,8896,19211
TAGGCCTATATAGTCT-1,1,66,110,8758,18970
ACTCGCCGTTCGATAA-1,1,67,111,8619,19211
GGTACGTTGCGGCCGG-1,1,66,112,8481,18970
TATTGCCGGGCTTGTA-1,1,67,113,8342,19211
GGTAAACTCTGCGCTG-1,1,66,114,8203,18970
TCCCTTGTCTGAAACT-1,1,67,115,8065,19211
CATGATCGCTTTGAGA-1,1,66,116,7926,18969
GGACGGGCGACCAACC-1,1,67,117,7787,19210
GAGAGGCCTATGTGTA-1,1,66,118,7649,18969
TCGTAACTCCCAAGAC-1,1,67,119,7510,19210
CGTATCTAGAACTAAG-1,1,66,120,7371,18969
GCACCTTCCCGAAGGT-1,1,67,121,7233,19210
TACCTCTTTACCATCC-1,1,66,122,7094,18968
TGACTCTAACTGGTAA-1,1,67,123,6955,19210
GAGAAACTGGATCCCA-1,1,66,124,6817,18968
ATCCGGACCAGCCTGA-1,1,67,125,6678,19209
TTATTTAGGTTCCTTA-1,1,66,126,6540,18968
CGAATTCCCGGTTCAA-1,1,67,127,6401,19209
TAGTTTGATCGGTCGC-1,1,68,0,24010,19467
AGTCGAAACGATTCAG-1,1,69,1,23871,19709
ACGTCGGGCAACTCGG-1,1,68,2,23733,19467
ACTTGCTCTATCTACC-1,1,69,3,23594,19708
ATTACGGGCTACGGTT-1,1,68,4,23456,19467
GCAAACGTAAGCGACC-1,1,69,5,23317,19708
TTCGGACTGGGCATGG-1,1,68,6,23178,19467
GGGCCATTCGTGCTGG-1,1,69,7,23039,19708
GAGTTGTCACCAGTCT-1,1,68,8,22901,19466
AGTAATTTGCAAGCGT-1,1,69,9,22762,19708
GTGGCCGGTTTCTCGG-1,1,68,10,22624,19466
ATCTTAGGGCATTAAT-1,1,69,11,22485,19707
CTACATATCGCGGGAC-1,1,68,12,22346,19466
ATGGTATTTACTGATT-1,1,69,13,22207,19707
CCGTCAACCTCTGGCG-1,1,68,14,22069,19466
GCTTCGACGTTCAATC-1,1,69,15,21930,19707
GACCGATTAAATATGT-1,1,68,16,21792,19465
GTCGAATTTGGGCGCT-1,1,69,17,21653,19706
TCACGGCCCAAGAGAG-1,1,68,18,21514,19465
CTACGATCCTATCCTA-1,1,69,19,21375,19706
TGCAGTGGTAGGGAAC-1,1,68,20,21237,19465
TTGCCTAATCCAAAGT-1,1,69,21,21098,19706
AGCGAGACGTGAAGGC-1,1,68,22,20960,19465
TTCTACCTCAATCGGT-1,1,69,23,20821,19706
TACGCTGCTGTGTTAA-1,1,68,24,20682,19464
TAGTCCTGCACTAAGC-1,1,69,25,20543,19705
AGCACACGTTTAGACT-1,1,68,26,20405,19464
GTTCGACAATTGTATA-1,1,69,27,20266,19705
CCATGTTCATCTATAT-1,1,68,28,20128,19464
CCCTCGATAATACACA-1,1,69,29,19989,19705
ACTGCCCGCCATTCTC-1,1,68,30,19850,19463
CTATATCCAGCCTGGC-1,1,69,31,19711,19705
CGCACGTCTGTTTATG-1,1,68,32,19573,19463
AATCAGGTTTCATTTA-1,1,69,33,19434,19704
AGAGAAACACCAGAAA-1,1,68,34,19296,19463
ACCCGATTGGTTCCGA-1,1,69,35,19157,19704
TACCAGGAATCCCGTC-1,1,68,36,19018,19463
AAGTGCTTCTCTATTG-1,1,69,37,18880,19704
TGCATGTGACCCATAG-1,1,68,38,18741,19462
TAGATTCAAAGTGCGG-1,1,69,39,18602,19703
AGGGTCAGAGCACTCG-1,1,68,40,18464,19462
GTGAGATAACCTTATA-1,1,69,41,18325,19703
GTGTCAGTGTACGTGG-1,1,68,42,18186,19462
CTGTAGTGAGGATCGA-1,1,69,43,18048,19703
GATAGTGCGAGTAAGT-1,1,68,44,17909,19462
AGGGTTCAGACGGTCC-1,1,69,45,17770,19703
GGACTCGACAGCGCAT-1,1,68,46,17632,19461
CACTCTCAAGCATCGA-1,1,69,47,17493,19702
GAGCGGAATGCGGTGT-1,1,68,48,17355,19461
CAGTTCGAGGACCCGA-1,1,69,49,17216,19702
CGTAACTTCGACACTT-1,1,68,50,17077,19461
TGATCACCACACTGAC-1,1,69,51,16938,19702
CATACTTCTTTCTCCG-1,1,68,52,16800,19460
CAAGTAAGTGATAGAC-1,1,69,53,16661,19702
AGCCCGCAACAAGCAG-1,1,68,54,16523,19460
GCTCCATGCAAAGCAA-1,1,69,55,16384,19701
TCGTACCGACGTCAAG-1,1,68,56,16245,19460
ATTATCGGAATGTACG-1,1,69,57,16106,19701
ACCTACTATAAATCTA-1,1,68,58,15968,19460
TATCCTATCAACTGGT-1,1,69,59,15829,19701
GCGCGGTCTAGTAACT-1,1,68,60,15691,19459
CCTTCGTATAGAATCC-1,1,69,61,15552,19700
TGGGCGATACAATAAG-1,1,68,62,15413,19459
TGACATGTAACGTGAC-1,1,69,63,15274,19700
TTGGGAAGACGAGCCG-1,1,68,64,15136,19459
GGTGTAAATCGATTGT-1,1,69,65,14997,19700
GAACTGTGGAGAGACA-1,1,68,66,14859,19459
TCCACATCGTATATTG-1,1,69,67,14720,19700
CCTATGGTCAAAGCTG-1,1,68,68,14581,19458
TCCTTGTCCTTTAATT-1,1,69,69,14442,19699
AAGTTTATGGGCCCAA-1,1,68,70,14304,19458
GTCCGGGTTCACATTA-1,1,69,71,14165,19699
ATGTAGCGCGCGTAGG-1,1,68,72,14027,19458
TACGGAAGCCAAACCA-1,1,69,73,13888,19699
GCCCTGAGGATGGGCT-1,1,68,74,13749,19457
CGGGCGATGGATCACG-1,1,69,75,13610,19699
TGCGGACTTGACTCCG-1,1,68,76,13472,19457
TAATACTAGAACAGAC-1,1,69,77,13333,19698
TCAAATTGTTGTGCCG-1,1,68,78,13195,19457
GGGCAGTCAACGCCAA-1,1,69,79,13056,19698
TCGCTGCCAATGCTGT-1,1,68,80,12917,19457
TACGTGGGCCCAGGGC-1,1,69,81,12779,19698
GCCTACGTTCTGTGCA-1,1,68,82,12640,19456
TTGCGTGTGTAGGCAT-1,1,69,83,12501,19698
TCCTAAAGATTCAGAC-1,1,68,84,12363,19456
TGGGTGCACAAGCCAT-1,1,69,85,12224,19697
GGGAGCGACCGTAGTG-1,1,68,86,12085,19456
CATAGAGGAGATACTA-1,1,69,87,11947,19697
CTTCGATTGCGCAAGC-1,1,68,88,11808,19456
GTGCCTGAGACCAAAC-1,1,69,89,11669,19697
TCATCCTCAGCTGCTT-1,1,68,90,11531,19455
TGCAACTACTGGTTGA-1,1,69,91,11392,19696
ATGTTGATTAGAGACT-1,1,68,92,11253,19455
GTTTCTAGAGGCGCGG-1,1,69,93,11115,19696
TACAAGGGCTTCTTTA-1,1,68,94,10976,19455
ACAGGCACGGATCCTT-1,1,69,95,10837,19696
CCCAAGTCATTACACT-1,1,68,96,10699,19454
ACTCTGACCTAATAGA-1,1,69,97,10560,19696
GGATGGCTTGAAGTAT-1,1,68,98,10422,19454
ACCCTCCCGTCAGGGC-1,1,69,99,10283,19695
AGCTTCTTCTCGAGCA-1,1,68,100,10144,19454
TTGCGCTTGATCAATA-1,1,69,101,10005,19695
TGGGTGTAATAGATTT-1,1,68,102,9867,19454
CATGGTTTATTAATCA-1,1,69,103,9728,19695
TTGCCTTCTCGCCGGG-1,1,68,104,9590,19453
TTAAAGTAAGTCGCCA-1,1,69,105,9451,19695
AGTTGGCAAGGCTAGA-1,1,68,106,9312,19453
CCGCACTTGCAATGAC-1,1,69,107,9173,19694
AATGTTGTCGTGAGAC-1,1,68,108,9035,19453
CCAAGGTTGCCCTTTC-1,1,69,109,8896,19694
TGTGACTAGAGTTTGC-1,1,68,110,8758,19453
TTGTGATCTGTTCAGT-1,1,69,111,8619,19694
GGAGTTGATTCTGTGT-1,1,68,112,8480,19452
GTAGTGAGCAACCTCA-1,1,69,113,8341,19693
AAGACATACGTGGTTT-1,1,68,114,8203,19452
CATCCCGAGATTCATA-1,1,69,115,8064,19693
GGCCGCAGGAACCGCA-1,1,68,116,7926,19452
CCAGAAACTGATGCGA-1,1,69,117,7787,19693
ACCCGTAGTCTAGTTG-1,1,68,118,7648,19452
AGGGTCTGGACGCAGT-1,1,69,119,7509,19693
TTGAAACCCTCATTCC-1,1,68,120,7371,19451
TCAATCCCGCGCCAAA-1,1,69,121,7232,19692
AGGACATCGGCACACT-1,1,68,122,7094,19451
GACAAGACGCCCGTGC-1,1,69,123,6955,19692
GAGTAAATTAAGAACC-1,1,68,124,6816,19451
TAAGTCGGTGAGCTAG-1,1,69,125,6677,19692
CTTACTGACTCCTCTG-1,1,68,126,6539,19450
TTAACTGATCGTTTGG-1,1,69,127,6400,19692
GGGCGATCCATAGGCC-1,1,70,0,24010,19950
CGTATTGTTTGGCGCC-1,1,71,1,23871,20191
CGCGTGGGCCTGTGTT-1,1,70,2,23732,19950
AAATCTGCCCGCGTCC-1,1,71,3,23594,20191
GCTGAAGGGTTCTTGG-1,1,70,4,23455,19949
TAATTGCGCTGATTAC-1,1,71,5,23316,20191
TCGCGCGTTTACATGA-1,1,70,6,23178,19949
TAACTGAAATACGCCT-1,1,71,7,23039,20190
CCTGTCGTGTATGAAG-1,1,70,8,22900,19949
CGGGAACGCCCTGCAT-1,1,71,9,22762,20190
AGTTGCGGTCCTCAAC-1,1,70,10,22623,19949
GGGTCCTTGGAAGAAG-1,1,71,11,22484,20190
CGGGAAGTACCGTGGC-1,1,70,12,22346,19948
ACGGTCACCGAGAACA-1,1,71,13,22207,20190
TAGACTCAGTTGGCCT-1,1,70,14,22068,19948
CCTTCCGCAACGCTGC-1,1,71,15,21930,20189
CAGTGTTAATCTCTCA-1,1,70,16,21791,19948
CAGGCCAGTACCACCT-1,1,71,17,21652,20189
GATCGCTGTGGTGCGT-1,1,70,18,21514,19948
GTATCTCGGGCGCTTT-1,1,71,19,21375,20189
CCGGGCTAAGAATTTC-1,1,70,20,21237,19947
CTTCACGCCCTGGTAC-1,1,71,21,21098,20188
CGGATGAATGCTGTGA-1,1,70,22,20959,19947
CTCTGCAGGCATTCTT-1,1,71,23,20820,20188
TCAAAGTCACGGCGTC-1,1,70,24,20682,19947
TGGGTTTCGGGCGTAC-1,1,71,25,20543,20188
TGCTATGGCAAAGGGA-1,1,70,26,20405,19946
TTCACGGTCGTCACGT-1,1,71,27,20266,20188
CGTAAAGCAAGAAATC-1,1,70,28,20127,19946
CTGATCCCTTTATGCA-1,1,71,29,19988,20187
GAGTATACCCTAATCA-1,1,70,30,19850,19946
CCACGGCAGGTGTAGG-1,1,71,31,19711,20187
ACGTACTTTGGCACGG-1,1,70,32,19573,19946
CCTGAGAATAAATGCA-1,1,71,33,19434,20187
TTGATGCCGCTCGTCG-1,1,70,34,19295,19945
GCCAGGAAAGAACACT-1,1,71,35,19156,20187
TCCGACCGCTAATCAA-1,1,70,36,19018,19945
TATATCAAAGTGATCT-1,1,71,37,18879,20186
CCTCGGTTTCCTTGCC-1,1,70,38,18741,19945
TAAATTTAGTAACACC-1,1,71,39,18602,20186
CTCGTTACGGCTACCA-1,1,70,40,18463,19945
GCCGTCGGTTTCGGGC-1,1,71,41,18324,20186
GTTCCGTCCGCCTGCA-1,1,70,42,18186,19944
CTAGGGATAGGGACAA-1,1,71,43,18047,20185
GTCCAGGCACGTGTGC-1,1,70,44,17909,19944
GAGGAATATCTCTTTG-1,1,71,45,17770,20185
CGTTCAAGGAAACGGA-1,1,70,46,17631,19944
GTGGGAACAAACCGGG-1,1,71,47,17492,20185
GGGCACGTAGTACTGT-1,1,70,48,17354,19944
ACTACAAAGAGAGGTG-1,1,71,49,17215,20185
GGTGTAGGTAAGTAAA-1,1,70,50,17077,19943
CCTGTTCAACCTCGGG-1,1,71,51,16938,20184
TGAGGTGTGTGGCGGA-1,1,70,52,16799,19943
ATTGTCTGTTTCATGT-1,1,71,53,16661,20184
GCCGGTCGTATCTCTC-1,1,70,54,16522,19943
ATATGGGATAGCAACT-1,1,71,55,16383,20184
GATAGAACCCGCTAGG-1,1,70,56,16245,19942
ATCCCATTTCCGTGGG-1,1,71,57,16106,20184
GATGCTACCTTCGATG-1,1,70,58,15967,19942
TGCAAAGTTCGTCTGT-1,1,71,59,15829,20183
GTTCAGTCGCCAAATG-1,1,70,60,15690,19942
GTCTCCGCCTCAATAC-1,1,71,61,15551,20183
AGTAGAAGGCGCCTCA-1,1,70,62,15413,19942
GTTGTAGATTTATGAG-1,1,71,63,15274,20183
CTATTTGCTTGGAGGA-1,1,70,64,15135,19941
AGCCATATAGTATGTG-1,1,71,65,14997,20182
TGTTCCGGCCTGAGCT-1,1,70,66,14858,19941
TGCCGTGGGACCCAAT-1,1,71,67,14719,20182
TTGCAAGAAGACTCCT-1,1,70,68,14581,19941
CCGCTCCAGGGCGATC-1,1,71,69,14442,20182
CAAACCCTCCGGCGGG-1,1,70,70,14304,19941
CGGACCTTTACGTCCC-1,1,71,71,14165,20182
ACGTAGGAGAGTCGCT-1,1,70,72,14026,19940
CTGCGACCTCGCCGAA-1,1,71,73,13887,20181
GGCCCAGCTGGTTTGC-1,1,70,74,13749,19940
GGATTAATCATGGACC-1,1,71,75,13610,20181
GAGATGGCTTTAATCA-1,1,70,76,13472,19940
AGTACAGAAGCTTATA-1,1,71,77,13333,20181
GCGGCTTTAGCAAGTT-1,1,70,78,13194,19939
ACCGAGTCTCCTTATT-1,1,71,79,13055,20181
GACCACACTTCCCTTT-1,1,70,80,12917,19939
TGTAGCCAATTCCGTT-1,1,71,81,12778,20180
CTCGTCTGTGCCTTCG-1,1,70,82,12640,19939
GGACTCTTTGACTAAG-1,1,71,83,12501,20180
TCATCGACGACCGTCG-1,1,70,84,12362,19939
TACTACGTGCAATGCG-1,1,71,85,12223,20180
CCCTACTTGAACAATG-1,1,70,86,12085,19938
GCAGCTGTCAACGCAT-1,1,71,87,11946,20180
ATCTACCATCTGCTCC-1,1,70,88,11808,19938
TCTCAAATCAATCGGG-1,1,71,89,11669,20179
ACTCCGGCCGACCACT-1,1,70,90,11530,19938
TACACCTCTTCGAATC-1,1,71,91,11391,20179
GTGGCTGTTTCTGTTC-1,1,70,92,11253,19938
ACGACTCTAGGGCCGA-1,1,71,93,11114,20179
TCGTTTACGCGACCCT-1,1,70,94,10976,19937
AGGATATCCGACTGCA-1,1,71,95,10837,20178
GACACTTCCAATTACC-1,1,70,96,10698,19937
ACGGTACAGTTCAATG-1,1,71,97,10559,20178
CTTGATGACCATCCAG-1,1,70,98,10421,19937
CTGGTAAAGACTTACA-1,1,71,99,10282,20178
CTTGCCCACCCACGCA-1,1,70,100,10144,19936
CATTACGCAGGAAGGG-1,1,71,101,10005,20178
GGACAACCATGAAGCC-1,1,70,102,9866,19936
GTTATCAAGCTATCGA-1,1,71,103,9728,20177
AGGTGCACGTCCACAT-1,1,70,104,9589,19936
AAAGAATGTGGACTAA-1,1,71,105,9450,20177
ACCAAGTCATCGGCAG-1,1,70,106,9312,19936
AGTAACTATAGCAGCC-1,1,71,107,9173,20177
GGGAAAGAATGCCAAC-1,1,70,108,9034,19935
AATCGGTATAGCCCTC-1,1,71,109,8896,20177
GGCACTGCGGTGGTTT-1,1,70,110,8757,19935
CGTCCTCATCGCGTGC-1,1,71,111,8618,20176
CTTAACTTACAGTATA-1,1,70,112,8480,19935
GTGAGTCGACTAATAG-1,1,71,113,8341,20176
TGTACTTCCGGGCATG-1,1,70,114,8202,19935
CACAAACCGCAGAACT-1,1,71,115,8064,20176
GCTTTACACAACTGGG-1,1,70,116,7925,19934
CACCGATGATGGGTAC-1,1,71,117,7786,20175
TCAATATACAGGAGGC-1,1,70,118,7648,19934
AACGACCTCCTAGCCG-1,1,71,119,7509,20175
GTTACCAAGGCGTACG-1,1,70,120,7371,19934
TAGCTCACTGTGTTTG-1,1,71,121,7232,20175
TCGGCAGGGTTAAGGG-1,1,70,122,7093,19934
TGTTAACAAAGTGACT-1,1,71,123,6954,20175
CAGAGCGATGGATGCT-1,1,70,124,6816,19933
CATAGTGGGCACGCCT-1,1,71,125,6677,20174
AAACGCTGGGCACGAC-1,1,70,126,6539,19933
TGTTCTCATACTATAG-1,1,71,127,6400,20174
TCCGCTGGGTCGATCG-1,1,72,0,24009,20433
TTAGCATCCCTCACGT-1,1,73,1,23870,20674
AGCCTTGTCACTGATA-1,1,72,2,23732,20432
GTTTCTTGTTAGAGCT-1,1,73,3,23593,20673
TCGGAGTCCTGGTTGC-1,1,72,4,23455,20432
ACGGGTTGTGACCTGT-1,1,73,5,23316,20673
TGACAGAAATCTTGCT-1,1,72,6,23177,20432
TAGCCATGATTGCCTA-1,1,73,7,23038,20673
CGAAGCCACAGCATGG-1,1,72,8,22900,20431
ACCCGTAGCAGAGAAT-1,1,73,9,22761,20673
AGCTTGATCAGGGTAG-1,1,72,10,22623,20431
CTATAAGTAGGGTTTG-1,1,73,11,22484,20672
TATAGTTAGGTGTACT-1,1,72,12,22345,20431
TACGCTGATAGTTGTA-1,1,73,13,22206,20672
TTCTCAATTGCTACAA-1,1,72,14,22068,20431
GTTGCCCTAACGGGTG-1,1,73,15,21929,20672
GACATTTCGCCCAGCC-1,1,72,16,21791,20430
GTAACTACGTAGACCT-1,1,73,17,21652,20672
CCAGTGTACAGACCGA-1,1,72,18,21513,20430
GCCCGATGCCCAGTTC-1,1,73,19,21374,20671
CGAACCTCTTTCCTAG-1,1,72,20,21236,20430
CATGCACATGAGAGGC-1,1,73,21,21097,20671
CCAAATCAAAGGGCAA-1,1,72,22,20959,20430
GTAGTTTAAGCACACG-1,1,73,23,20820,20671
TAAGTGAATAGTCTAC-1,1,72,24,20681,20429
GGTCCACGTCTATTTG-1,1,73,25,20543,20670
CCCTCAGATCGAGAAC-1,1,72,26,20404,20429
ACATTCGCGCGGAATA-1,1,73,27,20265,20670
CTATGAACACCTTGCC-1,1,72,28,20127,20429
CGAATGGTAGGTCGTC-1,1,73,29,19988,20670
TCGACATAGCGTAGCG-1,1,72,30,19849,20428
GACGTTGCTCGGCGGC-1,1,73,31,19711,20670
CTCGAGGCAAGTTTCA-1,1,72,32,19572,20428
GCTGGGAGCGCGTCAA-1,1,73,33,19433,20669
GACGATATCACTGGGT-1,1,72,34,19295,20428
CAGCTCTGGGCTCACT-1,1,73,35,19156,20669
TAGTCTGCGGCACATT-1,1,72,36,19017,20428
TGGTCGATATACCTCT-1,1,73,37,18879,20669
TTCAGTTCAAGAGGAG-1,1,72,38,18740,20427
GTCTGTAGGTTGAACA-1,1,73,39,18601,20669
GAGAGTCTCGGGAGAG-1,1,72,40,18463,20427
TTGTTTGTATTACACG-1,1,73,41,18324,20668
GCACAGCACGGGCCGA-1,1,72,42,18186,20427
AAACAGTGTTCCTGGG-1,1,73,43,18047,20668
TGGAGAATAATCGTCC-1,1,72,44,17908,20427
CGCCGCGTTCTGAACG-1,1,73,45,17769,20668
CATGCGTTGAGAGGAG-1,1,72,46,17631,20426
TACGCTCCTAGAACTG-1,1,73,47,17492,20667
CCTTGTGAACGTGGTT-1,1,72,48,17354,20426
TTAAAGGCGATGCTCG-1,1,73,49,17215,20667
TAAAGTGCACGTCTCG-1,1,72,50,17076,20426
TGTCCGCAAACAATTC-1,1,73,51,16937,20667
AGGCCTATCATACCAA-1,1,72,52,16799,20426
ACTGGGATGCCAGTGC-1,1,73,53,16660,20667
CGATCCACCATTGTTG-1,1,72,54,16522,20425
GGGCATGCATGTCGAG-1,1,73,55,16383,20666
TCCAGGCAGGACGATC-1,1,72,56,16244,20425
CAATGACCCTTAATTT-1,1,73,57,16105,20666
ATCAAGATCCCAGGAC-1,1,72,58,15967,20425
CTCAGAGCTAATGTCG-1,1,73,59,15828,20666
CTGCGATTTCGAGATT-1,1,72,60,15690,20424
ATGGTATTGGGAACCG-1,1,73,61,15551,20666
TAGGTTCTGCTGAGAA-1,1,72,62,15412,20424
GCCTGTCCCGGTGCAT-1,1,73,63,15273,20665
GGCCTGCTCTGATGTT-1,1,72,64,15135,20424
TAGAGGGAGTTTATCT-1,1,73,65,14996,20665
CTCTACATCCTGCGTG-1,1,72,66,14858,20424
ACACATTTCCGTAGAC-1,1,73,67,14719,20665
TGGGTGTTAAGTAGAA-1,1,72,68,14580,20423
GAGCTCAACATGAGCG-1,1,73,69,14441,20664
GCACACAGCTATTACC-1,1,72,70,14303,20423
GCGACGGTAGTCTCCT-1,1,73,71,14164,20664
GTATCAAGGTACTTCC-1,1,72,72,14026,20423
GGAAAGGGAATTGAGC-1,1,73,73,13887,20664
TACACAGCCGTGGTGC-1,1,72,74,13748,20423
CGGTTGGGCAGGGTCC-1,1,73,75,13610,20664
GCACGCCGATTCCCGC-1,1,72,76,13471,20422
CGCTTTCCGCCAAGGT-1,1,73,77,13332,20663
TGCCCGATAGTTAGAA-1,1,72,78,13194,20422
TCAGAACGGCGGTAAT-1,1,73,79,13055,20663
CCACTCAGATCCGCAA-1,1,72,80,12916,20422
GAAGGGTCATTAAGAC-1,1,73,81,12778,20663
GCGGTCTTGCTTTCAC-1,1,72,82,12639,20421
GGAAGGACACCGTATA-1,1,73,83,12500,20663
CGCGGGAATTCCTTTC-1,1,72,84,12362,20421
TCTATCCGATTGCACA-1,1,73,85,12223,20662
TACTCGTTTGAATCAA-1,1,72,86,12084,20421
GTCTGCCGACTCGACG-1,1,73,87,11946,20662
TACGGGTAATAACATA-1,1,72,88,11807,20421
CCAGTTCGGTAACTCA-1,1,73,89,11668,20662
CGTGCACACCACTGTA-1,1,72,90,11530,20420
CTTCAGTTGGACAACG-1,1,73,91,11391,20662
TGATCTATCACACTCT-1,1,72,92,11253,20420
TAGCAGATACTTAGGG-1,1,73,93,11114,20661
CACCGGGCATCACAAG-1,1,72,94,10975,20420
AGTGGCCCGCAAATGG-1,1,73,95,10836,20661
CTCGCTAGGTAAGCGA-1,1,72,96,10698,20420
GATAGATAGTACAGTC-1,1,73,97,10559,20661
CGAGACTACTGCTGCT-1,1,72,98,10421,20419
ACATTTGAAACCTAAC-1,1,73,99,10282,20660
GACACAGCCGGGACTG-1,1,72,100,10143,20419
ACGGAACACGAGTGCC-1,1,73,101,10004,20660
ACGCCAGTGCGTTTGC-1,1,72,102,9866,20419
GCACCTAGGCGAGTCC-1,1,73,103,9727,20660
TCACTATCCCTTCGGT-1,1,72,104,9589,20418
TGAGTGTAACAACGGG-1,1,73,105,9450,20660
ATTGGTTGTGCATTAC-1,1,72,106,9311,20418
CTGGCGATTTACATGT-1,1,73,107,9172,20659
TCCACCAAGACATAGG-1,1,72,108,9034,20418
AACGTCGCTGCACTTC-1,1,73,109,8895,20659
GTCTCCCGAGTCCCGT-1,1,72,110,8757,20418
AGCCCGCACTACAATG-1,1,73,111,8618,20659
GGCACGCTGCTACAGT-1,1,72,112,8479,20417
GCTTGAGTGACCTCTG-1,1,73,113,8340,20659
ATAGCCATAACAGTCA-1,1,72,114,8202,20417
TAGGAGGCTCGAGAAC-1,1,73,115,8063,20658
GTCGGGTGAAGTACCG-1,1,72,116,7925,20417
CACCCGCGTTTGACAC-1,1,73,117,7786,20658
TCTCAGGCTACTCGCT-1,1,72,118,7647,20417
TAGATTCTCTAGCAAA-1,1,73,119,7508,20658
CCCATTATTGTATCCT-1,1,72,120,7370,20416
GTTAATAGCGTCATTA-1,1,73,121,7231,20657
TACTCATTGACGCATC-1,1,72,122,7093,20416
TAGTGACAAGCTCTAC-1,1,73,123,6954,20657
ATCGCCGTGGTTCATG-1,1,72,124,6815,20416
CTGCTCTCAACACACC-1,1,73,125,6677,20657
GCATGACACAAAGGAA-1,1,72,126,6538,20416
CAACGATCGATCCAAT-1,1,73,127,6399,20657
ATACAGCGTCCACTGA-1,1,74,0,24009,20915
TCACGATTAATACGTT-1,1,75,1,23870,21156
CGTGAACTGACCCGAT-1,1,74,2,23731,20915
TCGATGTTACGGCCGT-1,1,75,3,23593,21156
GACCGGTGATACTCTC-1,1,74,4,23454,20915
TCTGTTTAGATTGTTC-1,1,75,5,23315,21156
GCTACTCGGACGCAGA-1,1,74,6,23177,20914
AAGAAAGTTTGATGGG-1,1,75,7,23038,21155
CGCCAGTAGTACCTTG-1,1,74,8,22899,20914
CTCCCTTGTATCAAGG-1,1,75,9,22761,21155
ACTTTATACACCACTT-1,1,74,10,22622,20914
AGATCTGGAGAGGATA-1,1,75,11,22483,21155
TCATCCATCTGATCAC-1,1,74,12,22345,20913
AGAACACGGCGATGGT-1,1,75,13,22206,21155
CCGCTCCGGATAAGCT-1,1,74,14,22068,20913
TGGTCGGGTACAGGGC-1,1,75,15,21929,21154
ACGGACGCAGCGACAA-1,1,74,16,21790,20913
ACATGCTTACGGCAGC-1,1,75,17,21651,21154
CAGGGAGATAGGCCAG-1,1,74,18,21513,20913
TCGCCACCCGGATTAC-1,1,75,19,21374,21154
TCTTGGTCAATGATAC-1,1,74,20,21236,20912
CATAGGGACACTTGTG-1,1,75,21,21097,21154
CACGAGCAAACCAGAC-1,1,74,22,20958,20912
GGGATATTGATCGCCA-1,1,75,23,20819,21153
TAATGTCGGTTCATGG-1,1,74,24,20681,20912
CGATTTGTCATTAATG-1,1,75,25,20542,21153
TTAAGATACCCAGAGA-1,1,74,26,20404,20912
CGACCGTTGGTATTCG-1,1,75,27,20265,21153
ACTACCATCCGAGGGC-1,1,74,28,20126,20911
TCTACGCACGATCTCC-1,1,75,29,19987,21152
AAGCCACTTGCAGGTA-1,1,74,30,19849,20911
ACGTTGTCGTTGAAAG-1,1,75,31,19710,21152
ACCGCTAGTCATTGGT-1,1,74,32,19572,20911
CATGAGTCCATCACGG-1,1,75,33,19433,21152
ATGTCTTGTTTGACTC-1,1,74,34,19294,20910
TCCCAAACATCCTCTA-1,1,75,35,19155,21152
CAACGCGATGAGCCAA-1,1,74,36,19017,20910
GACACCCAAAGACGCG-1,1,75,37,18878,21151
ACGTTCACTATGCCGC-1,1,74,38,18740,20910
ATGGACTGCTTAGTTG-1,1,75,39,18601,21151
CCATGGCAAACGCTCA-1,1,74,40,18462,20910
TTGTCTCGGCAAGATG-1,1,75,41,18323,21151
TTCGAACGAAACATGC-1,1,74,42,18185,20909
GGAAAGTCTTGATTGT-1,1,75,43,18046,21151
ATCATAGATCGACGAG-1,1,74,44,17908,20909
GATTAGAAACAAGCGT-1,1,75,45,17769,21150
GCTGCGAAGAATTATT-1,1,74,46,17630,20909
TTCCAGTGGGTTTCGT-1,1,75,47,17492,21150
GCTCATTGATCATATC-1,1,74,48,17353,20909
ATACGAGGTTTGTAAG-1,1,75,49,17214,21150
GTCTATACACGCATGG-1,1,74,50,17076,20908
GATTTGCGCTAACACC-1,1,75,51,16937,21149
TGGTGCCCTGCCTTAC-1,1,74,52,16798,20908
TCGAATCGCAGGGTAG-1,1,75,53,16660,21149
GGTAGGCCAATATCAC-1,1,74,54,16521,20908
CGTAAATAACAAAGGG-1,1,75,55,16382,21149
GACTCTAGAGTTCCAA-1,1,74,56,16244,20908
ACTTGTTACCGGATCA-1,1,75,57,16105,21149
GGCATTGAACATCTCA-1,1,74,58,15967,20907
AACCCGCTGTATTCCA-1,1,75,59,15828,21148
TAACAGGTTCCCTTAG-1,1,74,60,15689,20907
GTTCTTGTAACTCAAT-1,1,75,61,15550,21148
GATTCTGTTAATGAGT-1,1,74,62,15412,20907
GGACACCTCGGTGTTG-1,1,75,63,15273,21148
CGATCGAGAAGCACCA-1,1,74,64,15135,20906
CTGCTCTGACGGCAAA-1,1,75,65,14996,21148
CCCAGGAAGAATTCGA-1,1,74,66,14857,20906
TGTCGTGGGTATAGGC-1,1,75,67,14718,21147
ATATGTCTAGAGCGTG-1,1,74,68,14580,20906
GCGGGCAGACGGGTGA-1,1,75,69,14441,21147
CGAAGATCAGTTTCAT-1,1,74,70,14303,20906
ACGCCACTCGAAACAG-1,1,75,71,14164,21147
CTTAGATGTTTCATCC-1,1,74,72,14025,20905
GCGAATGGACTAGCGA-1,1,75,73,13886,21146
TAAATTGTGGGTAAAG-1,1,74,74,13748,20905
ATTTATACTGGTAAAG-1,1,75,75,13609,21146
GCGTCGTAACATGGTC-1,1,74,76,13471,20905
CGGTATGGGCACTCTG-1,1,75,77,13332,21146
CTATCACAACGCTGGA-1,1,74,78,13193,20905
ACCACACGGTTGATGG-1,1,75,79,13054,21146
TCAGCGCACGCCGTTT-1,1,74,80,12916,20904
AATGTTAAGACCCTGA-1,1,75,81,12777,21145
CTTACATAGATTTCTT-1,1,74,82,12639,20904
AACATAGCGTGTATCG-1,1,75,83,12500,21145
AGCAGTCGAAGCATGC-1,1,74,84,12361,20904
GTACTACGGCCTCGTT-1,1,75,85,12222,21145
TTGGCCAAATTGTATC-1,1,74,86,12084,20903
TCAGAGGACGCGTTAG-1,1,75,87,11945,21145
AGTAATCTAAGGGTGG-1,1,74,88,11807,20903
AATTATACCCAGCAAG-1,1,75,89,11668,21144
CCCTACCCACACCCAG-1,1,74,90,11529,20903
CTCTGTCCATGCACCA-1,1,75,91,11390,21144
TCGCCTCCTTCGGCTC-1,1,74,92,11252,20903
CCTGATTCGCGAAGAA-1,1,75,93,11113,21144
GACTTCAACGCATCAA-1,1,74,94,10975,20902
GCTTCCCGTAAGCTCC-1,1,75,95,10836,21144
AGAACTGTACTTTGTA-1,1,74,96,10697,20902
CCTTAAGTACGCAATT-1,1,75,97,10559,21143
GGCCAATTGTATAGAC-1,1,74,98,10420,20902
AGAATACAGGCTATCC-1,1,75,99,10281,21143
AATACCTGATGTGAAC-1,1,74,100,10143,20902
TAGAGTGTTCCGGGTA-1,1,75,101,10004,21143
GCTTCCATGTAACCGC-1,1,74,102,9865,20901
GGTTCGCATTTGCCGT-1,1,75,103,9727,21142
TCAATCCGGGAAGTTT-1,1,74,104,9588,20901
CCGGAAGTGCAATATG-1,1,75,105,9449,21142
CTCATAAATGTGTATA-1,1,74,106,9311,20901
GACGGGCATCGAATTT-1,1,75,107,9172,21142
GCTAAGCCCAGTATGC-1,1,74,108,9034,20900
GCTATAAGGGCCAGGA-1,1,75,109,8895,21142
GCGGATTACTTGTTCT-1,1,74,110,8756,20900
TACAACAGCGCATACA-1,1,75,111,8617,21141
TCTAACCTAGCCTGCG-1,1,74,112,8479,20900
TCTACCCGCATCATTT-1,1,75,113,8340,21141
GTCTTACCACGCCAAG-1,1,74,114,8202,20900
AATAACGTCGCGCCCA-1,1,75,115,8063,21141
CGTTTCGGTTATATGC-1,1,74,116,7924,20899
TACGCTGCACGGTCGT-1,1,75,117,7785,21141
CGTTAAATACGACCAG-1,1,74,118,7647,20899
TCGACTGACGATGGCT-1,1,75,119,7508,21140
ACGCTACTGAATGGGC-1,1,74,120,7370,20899
AAGGGTTAGCCATGCG-1,1,75,121,7231,21140
ACGTTTCGGTGCACTT-1,1,74,122,7092,20899
TTAACCCGAGGCGTGT-1,1,75,123,6953,21140
GCCCGTCAAGCCCAAT-1,1,74,124,6815,20898
ATTCGTCCCGAGGTTA-1,1,75,125,6676,21139
TCAAATTATGTTCGAC-1,1,74,126,6538,20898
AACGTTCTACCATTGT-1,1,75,127,6399,21139
CTGTCCTGCGCACTAC-1,1,76,0,24008,21398
GCCCAGCGACACAAAG-1,1,77,1,23869,21639
TATAGCTATTATCTCT-1,1,76,2,23731,21397
AAGCTATGGATTGACC-1,1,77,3,23592,21638
CCGAAACACGACCTCT-1,1,76,4,23454,21397
ATCAGAAGCTGGTTGC-1,1,77,5,23315,21638
TGAACCTGAATGTGAG-1,1,76,6,23176,21397
TCAGAGCATGTCAACG-1,1,77,7,23037,21638
ATACCCTCCCGGCCAA-1,1,76,8,22899,21397
GCCACCTTATTCGCGA-1,1,77,9,22760,21638
CAACGAGCTTATTATG-1,1,76,10,22622,21396
GATCCAACCTTTAAAC-1,1,77,11,22483,21637
TTGTGGAGACAGCCGG-1,1,76,12,22344,21396
AGATAATCACACCTAT-1,1,77,13,22205,21637
GGTTAGGGATGCTAAT-1,1,76,14,22067,21396
TCATGAAGCGCTGCAT-1,1,77,15,21928,21637
CCAGGCGAGATGGTCT-1,1,76,16,21790,21395
CGACTTGCCGGGAAAT-1,1,77,17,21651,21637
GTGCCAAACGTTTCGA-1,1,76,18,21512,21395
TGCTCAAAGGATGCAC-1,1,77,19,21374,21636
GCCTCAGGTACCGGTC-1,1,76,20,21235,21395
ACAAGTAATTGTAAGG-1,1,77,21,21096,21636
TTAGAGTATTGTCGAG-1,1,76,22,20958,21395
GTCATCCCAAACTCAC-1,1,77,23,20819,21636
CTCCTAGTAATCGTGA-1,1,76,24,20680,21394
CCCTCATCACAGAGTA-1,1,77,25,20542,21636
GGAAACAGAGCTTGGG-1,1,76,26,20403,21394
ACATCGCAATATTCGG-1,1,77,27,20264,21635
TTAGCCATAGGGCTCG-1,1,76,28,20126,21394
CGGATTCTGCCTTATG-1,1,77,29,19987,21635
TTGTTGGCAATGACTG-1,1,76,30,19849,21394
GGATCTACCGTTCGTC-1,1,77,31,19710,21635
GGTGGGATTAGGTCCC-1,1,76,32,19571,21393
AATAGGCACGACCCTT-1,1,77,33,19432,21634
GAGGTCCGTTCGCTGT-1,1,76,34,19294,21393
TGACAACTTAAAGGTG-1,1,77,35,19155,21634
AGCTAAGCTCCGTCCG-1,1,76,36,19017,21393
CTAGCCCGGGAGACGA-1,1,77,37,18878,21634
CCCAGATTCCCGTGAC-1,1,76,38,18739,21392
GCCCGTTCACACAATT-1,1,77,39,18600,21634
ACAAACTCCATCAGAG-1,1,76,40,18462,21392
GGTTCCGTACGACTAA-1,1,77,41,18323,21633
TTGCGGAAAGCTGCCC-1,1,76,42,18185,21392
GGAACTCGTGAATACG-1,1,77,43,18046,21633
GGTTACCGCTCCCTAC-1,1,76,44,17907,21392
AGCGACTTTGAAGACA-1,1,77,45,17768,21633
CCGTTTCCTTTCCGTG-1,1,76,46,17630,21391
TGGATGGCATCTTGGA-1,1,77,47,17491,21633
CAAGTCGTTGAAATCT-1,1,76,48,17353,21391
TGCAAACGTACTAGTT-1,1,77,49,17214,21632
GGCTGTCCTACTGCGG-1,1,76,50,17075,21391
TACTGCATGATTAAAT-1,1,77,51,16936,21632
CGGACCTCTGTAGTTA-1,1,76,52,16798,21391
CCCTAGCTCTAAGGTC-1,1,77,53,16659,21632
GTAACAGGTTAACGGC-1,1,76,54,16521,21390
CCCGCAAATAATCATC-1,1,77,55,16382,21631
AATCCCGCTCAGAGCC-1,1,76,56,16243,21390
AACGTCATCCGGCTTG-1,1,77,57,16104,21631
CTCGTGGCACTGAAAG-1,1,76,58,15966,21390
CTTTATCCGACGCATG-1,1,77,59,15827,21631
AAATGACTGATCAAAC-1,1,76,60,15689,21390
TTCGTGCATGTTATAG-1,1,77,61,15550,21631
ATCAAAGAGCCGTGGT-1,1,76,62,15411,21389
ATGTCATAATAAACGA-1,1,77,63,15272,21630
CTTAATCGACTTAGTA-1,1,76,64,15134,21389
CTAAAGGATGAGATAC-1,1,77,65,14995,21630
GTGCTATCCAGCTGGA-1,1,76,66,14857,21389
GACAGAGGTCTTCAGT-1,1,77,67,14718,21630
TCGATTTACGAAACGA-1,1,76,68,14579,21388
AGGCTTAAGTTGCACA-1,1,77,69,14441,21630
TAGGATCTTAACCGCA-1,1,76,70,14302,21388
GACTTTCGAGCGGTTC-1,1,77,71,14163,21629
CCCTGGGAGGGATCCT-1,1,76,72,14025,21388
TAGTAGTTGCCGGACA-1,1,77,73,13886,21629
GCCCTAAGTGCAGGAT-1,1,76,74,13747,21388
ACTTGGGCTTTCGCCA-1,1,77,75,13609,21629
CATGATACGGTGAAAC-1,1,76,76,13470,21387
TCCTGCAGCCGCCAAT-1,1,77,77,13331,21628
GTCCGTTAGAGGGCCT-1,1,76,78,13193,21387
GCTTTATTAAGTTACC-1,1,77,79,13054,21628
AATCGAGGTCTCAAGG-1,1,76,80,12916,21387
GTGCTGTTAGAACATA-1,1,77,81,12777,21628
GGCTTCTCGTGGGTGG-1,1,76,82,12638,21387
CCTACAGTTGAGGGAG-1,1,77,83,12499,21628
TATCCCTCGATCTGCA-1,1,76,84,12361,21386
CCGGTATCTGGCGACT-1,1,77,85,12222,21627
CTCTAACACCGGCAGC-1,1,76,86,12084,21386
CTTCATCACCAGGGCT-1,1,77,87,11945,21627
GGCTGGCAATCCCACG-1,1,76,88,11806,21386
CAAACCATAAGCGTAT-1,1,77,89,11667,21627
CATGTGGGCTCATCAC-1,1,76,90,11529,21385
CCCGTGACAGTGCCTT-1,1,77,91,11390,21627
GATTATCTTGCATTAT-1,1,76,92,11252,21385
GAGTCCACCAGGTTTA-1,1,77,93,11113,21626
TGTACTATCGCTCGTT-1,1,76,94,10974,21385
TTAGCGAATAGATAGG-1,1,77,95,10835,21626
ACATACAATCAAGCGG-1,1,76,96,10697,21385
ATTCGTGTACCCATTC-1,1,77,97,10558,21626
GCTAGCAACGCACCTA-1,1,76,98,10420,21384
ACCTCAGCGAGGCGCA-1,1,77,99,10281,21626
TCCGGGCCACTAACGG-1,1,76,100,10142,21384
TCCCAATATCGACGAC-1,1,77,101,10003,21625
GGATTGAAGTAGCCTC-1,1,76,102,9865,21384
GGCGCACAGTTTACCT-1,1,77,103,9726,21625
CCCGGCACGTGTCAGG-1,1,76,104,9588,21384
AGTAAGGGACAGAATC-1,1,77,105,9449,21625
TTGCGCACAACCACGT-1,1,76,106,9310,21383
CCTGCTACAACCATAC-1,1,77,107,9171,21624
CTGGGCTACTGGAGAG-1,1,76,108,9033,21383
AGCTACGAATGGTGGT-1,1,77,109,8894,21624
ATTCGTTTATCGTATT-1,1,76,110,8756,21383
GGCATTCCCTCCCTCG-1,1,77,111,8617,21624
AGTTATTCAGACTGTG-1,1,76,112,8478,21382
CCACTTTCCTTCTAGG-1,1,77,113,8340,21624
CGCAGTTCTATCTTTC-1,1,76,114,8201,21382
AGGAGCGTTTATTATC-1,1,77,115,8062,21623
GACAGGTAATCCGTGT-1,1,76,116,7924,21382
TTCCCAAAGTACTGAT-1,1,77,117,7785,21623
CTGCAGGGTGACGCTC-1,1,76,118,7646,21382
TCATGGAGGCCTTTGT-1,1,77,119,7508,21623
ATGGCCCGAAAGGTTA-1,1,76,120,7369,21381
CGTAATATGGCCCTTG-1,1,77,121,7230,21623
AGAGTCTTAATGAAAG-1,1,76,122,7092,21381
GAACGTTTGTATCCAC-1,1,77,123,6953,21622
ATTGAATTCCCTGTAG-1,1,76,124,6814,21381
TACCTCACCAATTGTA-1,1,77,125,6676,21622
AGTCGAATTAGCGTAA-1,1,76,126,6537,21381
TTGAAGTGCATCTACA-1,1,77,127,6398,21622
