Barcode,Topic 1,Topic 2to8,Topic 9to12
AAACACCAATAACTGC-1,0.010877,0.328189,0.660935
AAACAGAGCGACTCCT-1,0.000541,0.83543,0.164029
AAACAGCTTTCAGAAG-1,0.000019,0.039513,0.960468
AAACAGGGTCTATATT-1,0.000012,0.217037,0.782951
AAACATGGTGAGAGGA-1,0.12945,0.080145,0.790404
AAACCGGGTAGGTACC-1,0.072312,0.110197,0.817491
AAACCGTTCGTCCAGG-1,0.004265,0.618376,0.377359
AAACCTCATGAAGTTG-1,0.000021,0.003047,0.996933
AAACGAAGAACATACC-1,0.745435,0.000125,0.25444
AAACGAAGATGGAGTA-1,0.000246,0.59665,0.403104
AAACGAGACGGTTGAT-1,0.009077,0.849134,0.141789
AAACGTGTTCGCCCTA-1,0.015139,0.737012,0.247849
AAACTAACGTGGCGAC-1,0.00708,0.491407,0.501513
AAACTCGTGATATAAG-1,0.00024,0.487195,0.512565
AAACTGCTGGCTCCAA-1,0.011399,0.666933,0.321668
AAACTTAATTGCACGC-1,0.172361,0.000909,0.82673
AAACTTGCAAACGTAT-1,0.023578,0.019261,0.957161
AAAGAATGACCTTAGA-1,0.522754,0.216099,0.261146
AAAGACCCAAGTCGCG-1,0.000016,0.105407,0.894577
AAAGACTGGGCGCTTT-1,0.007032,0.000578,0.99239
AAAGCTTGCCTACATA-1,0.001371,0.480688,0.517942
AAAGGCCCTATAATAC-1,0.336148,0.01441,0.649442
AAAGGCTACGGACCAT-1,0.284433,0.00041,0.715157
AAAGGCTCTCGCGCCG-1,0.000045,0.21558,0.784375
AAAGGGATGTAGCAAG-1,0.999718,0.00018,0.000103
AAAGGGCAGCTTGAAT-1,0.004064,0.000136,0.9958
AAAGGTAAGCTGTACC-1,0.024069,0.568826,0.407105
AAAGTAGCATTGCTCA-1,0.007649,0.46417,0.528182
AAAGTCACTGATGTAA-1,0.083501,0.311809,0.60469
AAAGTCGACCCTCAGT-1,0.000017,0.002385,0.997598
AAAGTGTGATTTATCT-1,0.035087,0.367505,0.597408
AAAGTTGACTCCCGTA-1,0.000013,0.720207,0.279781
AAATAACCATACGGGA-1,0.000008,0.975803,0.024188
AAATAAGGTAGTGCCC-1,0.003337,0.630748,0.365915
AAATACCTATAAGCAT-1,0.001369,0.704647,0.293984
AAATAGCTTAGACTTT-1,0.000289,0.970974,0.028738
AAATAGGGTGCTATTG-1,0.249752,0.177061,0.573186
AAATCGCGGAAGGAGT-1,0.013407,0.574636,0.411957
AAATCGTGTACCACAA-1,0.002446,0.166524,0.83103
AAATGATTCGATCAGC-1,0.015641,0.578324,0.406035
AAATGGCATGTCTTGT-1,0.838345,0.100711,0.060944
AAATGGCCCGTGCCCT-1,0.036925,0.388326,0.574748
AAATGGTCAATGTGCC-1,0.295869,0.081605,0.622526
AAATGTATCTTATCCC-1,0.004448,0.063354,0.932198
AAATTAACGGGTAGCT-1,0.05777,0.003708,0.938522
AAATTAATAAGCGCGA-1,0.019854,0.000098,0.980048
AAATTACACGACTCTG-1,0.01314,0.851332,0.135528
AAATTACCTATCGATG-1,0.008718,0.9024,0.088882
AAATTCCAGGTCCAAA-1,0.000022,0.477,0.522979
AAATTGATAGTCCTTT-1,0.002634,0.748996,0.24837
AAATTGGTGAGAAGCA-1,0.004953,0.814413,0.180634
AAATTTACCGAAATCC-1,0.004554,0.720549,0.274897
AAATTTGCGGGTGTGG-1,0.025432,0.718402,0.256166
AACAACTGGTAGTTGC-1,0.043562,0.176168,0.78027
AACAATACATTGTCGA-1,0.194018,0.000417,0.805565
AACAATTACTCTACGC-1,0.013203,0.000135,0.986662
AACACACGCTCGCCGC-1,0.010246,0.396601,0.593153
AACACGACTGTACTGA-1,0.812316,0.000185,0.1875
AACACGAGACGCGGCC-1,0.00307,0.040915,0.956015
AACAGCTGTGTGGCAA-1,0.112201,0.237055,0.650744
AACAGGAAATCGAATA-1,0.965989,0.033927,0.000084
AACAGGATGGGCCGCG-1,0.0294,0.014847,0.955753
AACATATCAACTGGTG-1,0.003355,0.51957,0.477075
AACATCGATACGTCTA-1,0.005048,0.471425,0.523527
AACCAAGACTTCTCTG-1,0.005952,0.00029,0.993758
AACCAGTATCACTCTT-1,0.000041,0.836787,0.163172
AACCATAGGGTTGAAC-1,0.463361,0.000774,0.535865
AACCCATCCCATGATC-1,0.000846,0.595091,0.404063
AACCCTACTGTCAATA-1,0.000008,0.741535,0.258458
AACCCTGGTGGAACCA-1,0.161291,0.293667,0.545042
AACCGAGCTTGGTCAT-1,0.855493,0.033503,0.111003
AACCGCTAAGGGATGC-1,0.000047,0.505807,0.494145
AACCGTTGTGTTTGCT-1,0.985777,0.00031,0.013913
AACCTGTCACGGAATT-1,0.042536,0.239712,0.717753
AACCTTTAAATACGGT-1,0.157536,0.033249,0.809216
AACCTTTACGACGTCT-1,0.000016,0.823248,0.176736
AACGAAAGTCGTCCCA-1,0.000006,0.757276,0.242719
AACGATAATGCCGTAG-1,0.085419,0.196049,0.718531
AACGATAGAAGGGCCG-1,0.125893,0.000133,0.873974
AACGATATGTCAACTG-1,0.120873,0.01045,0.868677
AACGCATGATCTGGGT-1,0.033217,0.902497,0.064286
AACGCGGTCTCCAGCC-1,0.874051,0.00029,0.12566
AACGGACGTACGTATA-1,0.133945,0.139572,0.726482
AACGGCCATCTCCGGT-1,0.006047,0.761943,0.23201
AACGTACTGTGGGTAC-1,0.000014,0.728348,0.271637
AACGTCAGACTAGTGG-1,0.01863,0.128475,0.852895
AACGTGATGAAGGACA-1,0.000061,0.373515,0.626424
AACGTGCGAAAGTCTC-1,0.003144,0.820765,0.176091
AACGTTATCAGCACCT-1,0.003901,0.082,0.914099
AACTAGCGTATCGCAC-1,0.058456,0.382308,0.559236
AACTAGGCTTGGGTGT-1,0.000213,0.000513,0.999274
AACTCAAGTTAATTGC-1,0.188083,0.023341,0.788575
AACTCCTAATCCCATG-1,0.010981,0.869273,0.119746
AACTCTCAATAGAGCG-1,0.001162,0.788813,0.210026
AACTCTCAGTGTGCTC-1,0.000752,0.859241,0.140007
AACTGAGGTCAGCGTC-1,0.057723,0.580452,0.361824
AACTGATATTAGGCCT-1,0.799529,0.000424,0.200047
AACTGGGTCCCGACGT-1,0.967282,0.000232,0.032486
AACTGGGTTCGAGCCG-1,0.044501,0.730486,0.225013
AACTGGTGTGGGCCTT-1,0.00668,0.267929,0.725391
AACTTGCCCGTATGCA-1,0.000022,0.000155,0.999822
AACTTTACGGGAGCTT-1,0.000024,0.048891,0.951085
AACTTTAGCTGCTGAG-1,0.045679,0.159768,0.794553
AACTTTCTCGATCATG-1,0.010193,0.59915,0.390657
AAGAAATCACCAGATT-1,0.053789,0.699357,0.246855
AAGACCAAATAACTCA-1,0.132193,0.057592,0.810215
AAGACCCAACTGAACA-1,0.470524,0.001409,0.528067
AAGACTGCAAGCTACT-1,0.000842,0.89561,0.103549
AAGAGATGAATCGGTA-1,0.00003,0.019428,0.980542
AAGAGCTCTTTATCGG-1,0.007372,0.877556,0.115072
AAGAGGATGTACGCGA-1,0.00002,0.000576,0.999403
AAGAGGCATGGATCGC-1,0.024156,0.701593,0.274251
AAGATGGCACCGGACC-1,0.102207,0.167246,0.730547
AAGATTGGCGGAACGT-1,0.056682,0.72225,0.221068
AAGCATACTCTCCTGA-1,0.034428,0.212847,0.752725
AAGCCGCCGTGAAATC-1,0.417811,0.000103,0.582085
AAGCCGCTTTACCTTG-1,0.000015,0.818009,0.181976
AAGCGGAGTGCGCGCA-1,0.003946,0.858594,0.13746
AAGCGGCGTCATGGGT-1,0.000025,0.648062,0.351913
AAGCGTCCCTCATCGA-1,0.010827,0.490985,0.498188
AAGCTAGATCGAGTAA-1,0.00594,0.75645,0.23761
AAGCTCGTGCCAAGTC-1,0.00019,0.854477,0.145334
AAGGAGAACTTATAAG-1,0.924163,0.026103,0.049734
AAGGAGCGGTTGGTGC-1,0.01933,0.838601,0.142069
AAGGATCGATCGCTTG-1,0.018841,0.563389,0.417769
AAGGATGAGGGACCTC-1,0.008025,0.718841,0.273134
AAGGCGCGTAAAGCTT-1,0.054058,0.083536,0.862406
AAGGCTGTGCTCATCG-1,0.102459,0.080086,0.817455
AAGGGAACGACTGGCT-1,0.183403,0.000284,0.816312
AAGGGACAGATTCTGT-1,0.010194,0.89293,0.096875
AAGGGACTATGCATTC-1,0.009378,0.000698,0.989925
AAGGGTTTGATTTCAG-1,0.022394,0.54428,0.433326
AAGGTATCCTAATATA-1,0.109751,0.138254,0.751996
AAGGTGATAAACCAGC-1,0.000016,0.616041,0.383943
AAGTAGAAGACCGGGT-1,0.032734,0.077796,0.889469
AAGTAGTGACGCGAGG-1,0.000033,0.014442,0.985524
AAGTCAATTGTCGTCA-1,0.173334,0.230841,0.595824
AAGTCTAGTAGCTGCC-1,0.002387,0.581964,0.415649
AAGTCTTCTGTGGCCT-1,0.039977,0.000138,0.959885
AAGTGACGACCGAATT-1,0.040837,0.003771,0.955392
AAGTGAGTCGGGTTTA-1,0.359638,0.000087,0.640275
AAGTGCAAAGGTAGAC-1,0.028443,0.185201,0.786356
AAGTGCCTTGACTGTA-1,0.220665,0.22763,0.551705
AAGTGCGTTAGAATCT-1,0.006706,0.654282,0.339012
AAGTGTTTGGAGACGG-1,0.167554,0.139661,0.692785
AAGTTCAGTCTGCGTA-1,0.02642,0.715054,0.258526
AAGTTCGGCCAACAGG-1,0.055467,0.876276,0.068257
AAGTTTACTAATGGCA-1,0.961107,0.038755,0.000139
AATAACAACGCTCGGC-1,0.040813,0.076139,0.883049
AATAACACTAGAACAA-1,0.006305,0.840678,0.153018
AATAAGTCCTCGAGAC-1,0.156301,0.208087,0.635612
AATACAATGTTTCAGG-1,0.001921,0.178652,0.819427
AATAGAACAGAGTGGC-1,0.000013,0.711026,0.288961
AATAGAATCTGTTTCA-1,0.000042,0.118389,0.881569
AATAGCAAGCCTCCTG-1,0.003112,0.312817,0.68407
AATAGCTACCGCGTGC-1,0.007945,0.433502,0.558553
AATAGTCCGTCCCGAC-1,0.14094,0.181229,0.677832
AATAGTCGCGAGTCGG-1,0.000021,0.029227,0.970753
AATATCCTAGCAAACT-1,0.014547,0.28764,0.697813
AATATCGAGGGTTCTC-1,0.030876,0.41112,0.558004
AATATTGGAGTATTGA-1,0.016128,0.00912,0.974752
AATCCAAGGGCCTGAG-1,0.000103,0.221135,0.778762
AATCGCCTCAGCGCCA-1,0.088201,0.639992,0.271807
AATCGCGCAGAGGACT-1,0.17519,0.447883,0.376927
AATCGGGACACTACGA-1,0.987511,0.00011,0.012379
AATCTAGGTTTACTTG-1,0.009594,0.487167,0.50324
AATCTATGCCGGAGCC-1,0.000014,0.881733,0.118253
AATCTCTACTGTGGTT-1,0.000014,0.217292,0.782694
AATCTGCGTTGGGACG-1,0.009393,0.609767,0.380839
AATCTGGCTTTCTAGT-1,0.026829,0.49209,0.481081
AATCTGGGTAGACCCT-1,0.001732,0.78627,0.211997
AATGACAGCAATGTCT-1,0.000098,0.564279,0.435623
AATGACGTAGGATGTC-1,0.003441,0.861488,0.135072
AATGACTGTCAGCCGG-1,0.0144,0.175861,0.80974
AATGATGATACGCTAT-1,0.030284,0.779014,0.190702
AATGATGCGACTCCTG-1,0.029806,0.706854,0.263341
AATGCAACCGGGTACC-1,0.871486,0.127442,0.001073
AATGCACCAAGCAATG-1,0.000013,0.677572,0.322415
AATGGTCCACCGTTCA-1,0.000025,0.006745,0.99323
AATGGTTCTCACAAGC-1,0.010564,0.092182,0.897254
AATGTATGGCACTGTA-1,0.399961,0.000195,0.599845
AATGTGCCCGAGGTGT-1,0.000006,0.87681,0.123184
AATTAAAGGTCGGCGT-1,0.000943,0.592252,0.406805
AATTAACGGATTTCCA-1,0.038393,0.305912,0.655695
AATTACGAGACCCATC-1,0.011686,0.468314,0.52
AATTAGCGCTGCAGCG-1,0.000008,0.969866,0.030126
AATTCATAAGGGATCT-1,0.029294,0.683151,0.287556
AATTCATTGTCATGCA-1,0.193051,0.000244,0.806706
AATTCTAGAGTTAGGC-1,0.000013,0.758188,0.241799
AATTGAACGCTCTGGT-1,0.000593,0.44169,0.557717
AATTTGGGACATAGTA-1,0.015575,0.77369,0.210735
AATTTGGTTCCAAAGA-1,0.764672,0.000254,0.235074
ACAAACCATGCGTCCT-1,0.438715,0.000249,0.561036
ACAAAGAAGGTAGGCC-1,0.075664,0.08917,0.835166
ACAAATCGCACCGAAT-1,0.019219,0.555842,0.424939
ACAAATGGTAGTGTTT-1,0.004681,0.701818,0.293501
ACAAATTCAGATCTGA-1,0.019459,0.640745,0.339796
ACAACAGCATGAGCTA-1,0.103122,0.288675,0.608203
ACAACGGTCCCTGCGA-1,0.000022,0.064547,0.93543
ACAAGCAGTGCCTAGC-1,0.006538,0.004296,0.989166
ACAAGCTATATGGAAG-1,0.044267,0.049043,0.90669
ACAAGGAAATCCGCCC-1,0.000017,0.57377,0.426213
ACAAGGACAAGAGGTT-1,0.047833,0.199344,0.752823
ACAAGGGCAGGCTCTG-1,0.002639,0.728096,0.269266
ACAATAGTCGTACGTT-1,0.017285,0.000369,0.982347
ACAATCCATTTAAACC-1,0.015631,0.091313,0.893056
ACAATCGATCTTTATA-1,0.827146,0.136098,0.036756
ACAATGAATACGGAGA-1,0.011673,0.098011,0.890316
ACAATGATTCTTCTAC-1,0.042931,0.042224,0.914845
ACAATTTAGGAGGCTC-1,0.000017,0.156435,0.843548
ACAATTTGAGCAGTGG-1,0.000033,0.272739,0.727228
ACACAAAGACGGGTGG-1,0.442424,0.000418,0.557158
ACACAAATATTCCTAG-1,0.002261,0.914312,0.083428
ACACACCAGGACCAGT-1,0.000015,0.796801,0.203184
ACACACTTTCTACACG-1,0.819334,0.000355,0.180311
ACACATGATCAAATCT-1,0.039053,0.196375,0.764571
ACACCACATAATTAGC-1,0.000015,0.464742,0.535242
ACACCCAGCATGCAGC-1,0.025633,0.264561,0.709805
ACACCCGAGAAATCCG-1,0.037684,0.06672,0.895596
ACACCGGTCTGACCGC-1,0.439967,0.012353,0.54768
ACACCTTAAGTAGGGC-1,0.016685,0.17678,0.806535
ACACCTTACTACTTGC-1,0.164592,0.358864,0.476544
ACACGAGACTCCTTCT-1,0.18467,0.000415,0.814915
ACACGGCACTATGCAT-1,0.166429,0.675938,0.157633
ACACGGGAACTTAGGG-1,0.517055,0.001231,0.481715
ACACTGATCAAGGTGT-1,0.000007,0.980126,0.019867
ACAGAACTGAGAACAA-1,0.074295,0.739264,0.18644
ACAGATTAGGTTAGTG-1,0.67521,0.000376,0.324414
ACAGCATAGAGCCAGT-1,0.92475,0.000145,0.075105
ACAGCGCACCCGCAGC-1,0.04063,0.559569,0.399801
ACAGGCTTGCCCGACT-1,0.075305,0.216301,0.708393
ACAGGTGGAGGTGAGG-1,0.000006,0.93687,0.063124
ACAGGTGTGTTGTTGC-1,0.002935,0.253364,0.743701
ACAGTAATACAACTTG-1,0.012785,0.146313,0.840902
ACAGTATACCGTGGGA-1,0.023617,0.63322,0.343164
ACATAAGTCGTGGTGA-1,0.005284,0.395686,0.599031
ACATAATAAGGCGGTG-1,0.939846,0.046917,0.013237
ACATCAGCTGGGACGC-1,0.005037,0.060035,0.934929
ACATCCCGGCCATACG-1,0.00759,0.296378,0.696032
ACATCCTGGTAACTGT-1,0.037065,0.408355,0.55458
ACATCGATCGTTTACC-1,0.009455,0.837276,0.153268
ACATCGGTCAGCCGCG-1,0.066073,0.467249,0.466678
ACATCGTATGCAATGG-1,0.007089,0.35974,0.633171
ACATCGTTAACCTAGT-1,0.083143,0.915545,0.001312
ACATCTCAACGCGTAA-1,0.253795,0.530487,0.215718
ACATGGCGCCAAAGTA-1,0.004264,0.372976,0.62276
ACATTAGTTTATATCC-1,0.000014,0.804869,0.195116
ACCAAACACCCAGCGA-1,0.003771,0.447735,0.548494
ACCAAACTAGAAATCC-1,0.535558,0.115002,0.34944
ACCAACACCACACACT-1,0.055696,0.499467,0.444838
ACCAACGCTTATTTAT-1,0.00223,0.883435,0.114335
ACCAAGAACGCGTGTC-1,0.022475,0.212526,0.765
ACCACAACTCAGAACA-1,0.296354,0.638268,0.065378
ACCACAAGTTTCTATC-1,0.731169,0.083313,0.185518
ACCACCAATGTAACAA-1,0.006366,0.502275,0.491358
ACCACCCTCTCTTCTA-1,0.010407,0.47719,0.512404
ACCACGTGCAGCTATA-1,0.000017,0.580517,0.419466
ACCAGACCATAACAAC-1,0.014098,0.079983,0.90592
ACCAGCCCGGTCTTTG-1,0.012445,0.49334,0.494215
ACCAGGAGTGTGATCT-1,0.638622,0.041254,0.320124
ACCAGTGCCCGGTCAA-1,0.102443,0.689105,0.208452
ACCAGTGCGGGAGACG-1,0.164355,0.000453,0.835192
ACCATATCCGCAATAA-1,0.064472,0.648171,0.287356
ACCATCCGCCAACTAG-1,0.000016,0.125702,0.874282
ACCATCGTATATGGTA-1,0.066828,0.237363,0.695809
ACCCAACGCCCGTGGC-1,0.000762,0.900195,0.099043
ACCCACCTACATGCTC-1,0.030801,0.079564,0.889635
ACCCATCTTGAGGGTA-1,0.062881,0.23012,0.706999
ACCCGAGCGAAATTAC-1,0.175613,0.187668,0.636719
ACCCGGAAACTCCCAG-1,0.017398,0.462035,0.520567
ACCCGGATGACGCATC-1,0.000007,0.899891,0.100102
ACCCGGTTACACTTCC-1,0.013146,0.51259,0.474264
ACCCGTGTCATCAGTA-1,0.030139,0.057329,0.912532
ACCCTATGCCATATCG-1,0.023753,0.177223,0.799023
ACCCTCCCTTGCTATT-1,0.005881,0.285956,0.708163
ACCCTGGTAACGCCCT-1,0.011829,0.783522,0.204649
ACCCTTCATCTGCGAA-1,0.969047,0.005117,0.025837
ACCCTTGCCTGGGTCG-1,0.013878,0.732463,0.253659
ACCCTTTAGTTCTCCA-1,0.038277,0.643595,0.318128
ACCGAAAGGGCCCTGC-1,0.047219,0.000133,0.952648
ACCGAAGAGTCTGGTT-1,0.000008,0.766609,0.233383
ACCGACTGAGTCCCAC-1,0.489126,0.082578,0.428296
ACCGATGGTAGCATCG-1,0.008577,0.862577,0.128846
ACCGCAATAACTGCCT-1,0.010184,0.348546,0.64127
ACCGCGGTGGAAGTCG-1,0.228777,0.211628,0.559596
ACCGGGCCTTTGTTGA-1,0.197185,0.18883,0.613985
ACCGGTCAGGTACACC-1,0.001671,0.752592,0.245737
ACCGGTCTGAGTACGG-1,0.018393,0.732489,0.249118
ACCGTCCACTGGGCCC-1,0.215014,0.065975,0.719011
ACCGTGACCACGTGGG-1,0.597482,0.019583,0.382935
ACCGTTCCCGCTCTGA-1,0.931157,0.006064,0.06278
ACCTAAGTACCTTTCA-1,0.027115,0.440911,0.531974
ACCTAATCGACTTCCT-1,0.027055,0.001443,0.971502
ACCTACAGTATGTGGT-1,0.299316,0.167122,0.533561
ACCTCCGTTATTCACC-1,0.000026,0.495744,0.50423
ACCTCGAACTTATGCT-1,0.34851,0.01367,0.63782
ACCTGCGTGTCATGTT-1,0.018852,0.033832,0.947316
ACGAAATGGGCGGCAC-1,0.000019,0.000136,0.999845
ACGACTGGTCATACTC-1,0.396376,0.000246,0.603378
ACGAGATATTTGCTTA-1,0.076029,0.413282,0.510689
ACGAGGATACCACTCT-1,0.014069,0.67425,0.311682
ACGAGGTTTACAACGT-1,0.00237,0.844713,0.152917
ACGAGTACGGATGCCC-1,0.015539,0.599012,0.385449
ACGATACATAGAACTA-1,0.087673,0.003136,0.909191
ACGATACCTATCCTGA-1,0.01728,0.201249,0.78147
ACGATCATACATAGAG-1,0.840798,0.036897,0.122305
ACGATCATCTTGTAAA-1,0.00414,0.551307,0.444553
ACGATGCATATGTTAT-1,0.269856,0.067672,0.662472
ACGATGGATCCGATGC-1,0.27733,0.281992,0.440678
ACGCAAACTAATAGAT-1,0.329538,0.000297,0.670165
ACGCAATCACTACAGC-1,0.004886,0.891952,0.103162
ACGCATTCGTGAGTAC-1,0.111926,0.025832,0.862242
ACGCCAGATGATTTCT-1,0.31039,0.249564,0.440047
ACGCCCAGCTGTCGAT-1,0.075758,0.723064,0.201178
ACGCCGCTAGACGACC-1,0.00001,0.978185,0.021806
ACGCGAAGTCAGACGA-1,0.001066,0.881562,0.117372
ACGCGCTACACAGGGT-1,0.000094,0.167741,0.832165
ACGCGGGCCAAGGACA-1,0.127002,0.1716,0.701398
ACGCGTTTCTTAAGAG-1,0.007458,0.000555,0.991988
ACGCTAGTGATACACT-1,0.000023,0.681991,0.317986
ACGCTGTGAGGCGTAG-1,0.001754,0.123651,0.874595
ACGCTTAGTGTCTCTC-1,0.045973,0.676587,0.27744
ACGGAGCGCAAATTAC-1,0.019122,0.80358,0.177298
ACGGCACTTGCTTGGG-1,0.00001,0.999949,0.000041
ACGGCCAACATGGACT-1,0.002411,0.490224,0.507365
ACGGCGACGATGGGAA-1,0.000171,0.250236,0.749593
ACGGCTGGATGTAGAA-1,0.044249,0.194269,0.761482
ACGGGAGTGTCGGCCC-1,0.045977,0.349984,0.604039
ACGGGCGTATGCGACA-1,0.017048,0.689345,0.293607
ACGTACAGATTTCTCT-1,0.744508,0.000188,0.255304
ACGTAGATTGCTGATG-1,0.084008,0.214502,0.701489
ACGTATTACTCCGATC-1,0.000019,0.429641,0.57034
ACGTCTCGTTCCGGGA-1,0.000866,0.081179,0.917955
ACGTGACAAAGTAAGT-1,0.007716,0.369846,0.622438
ACGTGCGCCTCGTGCA-1,0.999652,0.000222,0.000127
ACGTTAATGTCGAAGA-1,0.005421,0.568703,0.425876
ACGTTAGATTTGCCCG-1,0.176963,0.214607,0.60843
ACGTTCCGCGCTCCGT-1,0.266354,0.13216,0.601486
ACGTTCGCAATCAATT-1,0.000018,0.530658,0.469324
ACGTTCGTTCAGGAAA-1,0.312699,0.000732,0.686569
ACGTTTAGTTGTGATC-1,0.594117,0.000582,0.405301
ACTAAGGACGCACACC-1,0.005986,0.794635,0.199379
ACTAATACGTCAGGCG-1,0.024662,0.717468,0.25787
ACTACATCCCGACAAG-1,0.164579,0.00027,0.835151
ACTACCAGCTCTCTGG-1,0.000042,0.049551,0.950407
ACTACGCGTTAGAATT-1,0.490968,0.001144,0.507888
ACTATATGCTGTGTTC-1,0.090759,0.651984,0.257258
ACTATCCAGGGCATGG-1,0.028951,0.473302,0.497747
ACTATGTCCAGCTGCC-1,0.04254,0.303962,0.653498
ACTATTCGTCCGTGGT-1,0.127306,0.16502,0.707673
ACTATTTCCGGGCCCA-1,0.213971,0.000404,0.785625
ACTCAATAAAGGCACG-1,0.91365,0.086247,0.000103
ACTCCAATATCATCAT-1,0.493856,0.00027,0.505874
ACTCCCATTCCTAAAG-1,0.026053,0.12072,0.853227
ACTCCCGAATTCGTTT-1,0.000812,0.881778,0.11741
ACTCCCGTAGACTAGG-1,0.000007,0.989252,0.010741
ACTCCCTAATGCTAAA-1,0.157667,0.361201,0.481132
ACTCCCTAGAATAGTA-1,0.003036,0.776629,0.220335
ACTCGTAACCCGTCCT-1,0.071657,0.671957,0.256386
ACTCGTCAGTAATCCC-1,0.024077,0.830863,0.145061
ACTCTAAACCTGGGAT-1,0.000012,0.104778,0.89521
ACTCTCTGACTTAGGT-1,0.028087,0.68017,0.291743
ACTCTCTTATACACGA-1,0.043799,0.770058,0.186143
ACTCTTGTATAGTAAC-1,0.032632,0.72088,0.246487
ACTGAATGGCGAAAGT-1,0.000029,0.405907,0.594064
ACTGATTTAGTGATTC-1,0.025942,0.546068,0.42799
ACTGCCGTCGTAACTC-1,0.773853,0.000249,0.225898
ACTGCGGACACACCGT-1,0.092693,0.520336,0.38697
ACTGCTCGGAAGGATG-1,0.00001,0.663912,0.336077
ACTGGCGAACCTGCGT-1,0.000005,0.968582,0.031412
ACTGTACGATACACAT-1,0.108954,0.489165,0.401881
ACTGTAGCACTTTGGA-1,0.040223,0.287182,0.672595
ACTGTCCAGGATTATA-1,0.159642,0.110606,0.729753
ACTGTCTTCTTTAGAA-1,0.351403,0.122556,0.526041
ACTGTTTAGTGTAGGC-1,0.979111,0.020744,0.000144
ACTTACCGGGCGCGCA-1,0.004684,0.722766,0.27255
ACTTATACTTACCCGG-1,0.000009,0.960117,0.039875
ACTTATTAGGATCGGT-1,0.009728,0.104111,0.88616
ACTTATTTATGTGCCA-1,0.008446,0.460761,0.530793
ACTTCAGGCTGATCCC-1,0.048788,0.223653,0.727559
ACTTCCAGTGGAAGCT-1,0.00001,0.640811,0.35918
ACTTCGCCATACGCAC-1,0.098985,0.171848,0.729167
ACTTCGCTAGCGAGTG-1,0.00002,0.604552,0.395428
ACTTGACTCCCTCTTT-1,0.006304,0.944255,0.049441
ACTTGCCATATTGTAC-1,0.8501,0.025498,0.124402
ACTTGGGACCCGGTGG-1,0.072238,0.102292,0.82547
ACTTGTAGTCCCTTCA-1,0.006707,0.119442,0.873852
ACTTTACCCTCATGAA-1,0.018723,0.535405,0.445872
ACTTTCCTATAGCTTC-1,0.815987,0.079554,0.104459
ACTTTGACTGCATCCT-1,0.041058,0.075581,0.883361
ACTTTGGTCGTGCTCC-1,0.000036,0.121625,0.878339
AGAACCCTCAATTGGG-1,0.053929,0.000129,0.945942
AGAACGTGGTACATTC-1,0.191102,0.637196,0.171702
AGAAGAGCGCCGTTCC-1,0.000265,0.623338,0.376397
AGAAGGTACACTTCAC-1,0.010713,0.401271,0.588017
AGAAGGTTGCCGAATT-1,0.004357,0.458245,0.537397
AGAAGTGATTCGTGAT-1,0.024878,0.909844,0.065278
AGAATAAATCTTCAGG-1,0.001237,0.008079,0.990684
AGAATGCGGGTTCGGA-1,0.000013,0.804201,0.195786
AGAATTATGGATTCGA-1,0.003823,0.747831,0.248345
AGACAGCTCAGAATCC-1,0.000023,0.019591,0.980386
AGACATAGATCCTTCC-1,0.000032,0.019266,0.980701
AGACCAAACCACACCT-1,0.017702,0.377579,0.604719
AGACCATGGGATACAA-1,0.00993,0.019631,0.970439
AGACCCACCGCTGATC-1,0.000413,0.849437,0.15015
AGACCCGCCCTCCTCG-1,0.655796,0.000191,0.344014
AGACCGGGAAACCCTG-1,0.001284,0.163722,0.834994
AGACGACGATGCCGCT-1,0.00011,0.808722,0.191169
AGACGGGCCGATTTAA-1,0.004172,0.585269,0.410559
AGACTAGCCTTCCAGA-1,0.000066,0.131551,0.868383
AGACTGTTACCGGGTC-1,0.449192,0.000237,0.550571
AGAGAACCGTCTAGGA-1,0.000737,0.679688,0.319575
AGAGAAGGAGTACAAT-1,0.035643,0.000347,0.964009
AGAGATCTCTAAAGCG-1,0.002715,0.189447,0.807838
AGAGCAGTTATGAGAC-1,0.016222,0.214674,0.769103
AGAGCGCTTGTAACGG-1,0.011715,0.562681,0.425604
AGAGCGGGCTAATCAT-1,0.922617,0.003512,0.073871
AGAGCGTACAAGCTCG-1,0.028837,0.129076,0.842087
AGAGTATAGTGTTACG-1,0.012367,0.665747,0.321886
AGAGTTAGAGACCGAT-1,0.002031,0.579842,0.418128
AGAGTTGCAGGCCTCC-1,0.002381,0.610925,0.386693
AGATAACTTCAGGGCC-1,0.009397,0.000413,0.99019
AGATACCAGCACTTCA-1,0.000009,0.98608,0.013912
AGATACCGGTGTTCAC-1,0.173574,0.088752,0.737675
AGATACTCAAGATCGA-1,0.000021,0.361234,0.638745
AGATCGTGCATAAGAT-1,0.013707,0.654883,0.33141
AGATCTCAGGTGTGAT-1,0.228477,0.024847,0.746676
AGATGACTCGCCCACG-1,0.560898,0.02072,0.418382
AGATGAGGGTTGCGAT-1,0.018531,0.849814,0.131655
AGATGATGGAGTCTGG-1,0.001033,0.827001,0.171967
AGATGCAAGACGTGCA-1,0.004373,0.307646,0.687981
AGATGCATCCTGTGTC-1,0.034302,0.151967,0.813731
AGATTATAGGACGTTT-1,0.196825,0.063737,0.739439
AGATTCACAACCGATA-1,0.044189,0.373369,0.582443
AGCAACATATCTTATT-1,0.005092,0.825553,0.169354
AGCAACCGAAAGTAAT-1,0.000889,0.615138,0.383974
AGCACCAGTACTCACG-1,0.645394,0.000428,0.354178
AGCACTACCGGCCTGT-1,0.00003,0.00437,0.9956
AGCACTACCTCACCAG-1,0.144975,0.071178,0.783847
AGCACTTAAGGACGCC-1,0.019118,0.011045,0.969837
AGCAGCCAGATGAATA-1,0.118518,0.13187,0.749612
AGCATCATTTCGAAAG-1,0.021584,0.569762,0.408654
AGCATCGTCGATAATT-1,0.053484,0.417181,0.529335
AGCCACTCCCGTGCTT-1,0.026541,0.000727,0.972732
AGCCCATACATGTAAG-1,0.01531,0.020457,0.964234
AGCCCGGCATTAGAGG-1,0.320659,0.000535,0.678806
AGCCCGGTAGCCTGTA-1,0.471565,0.000515,0.52792
AGCCCTAAGCGAAGTT-1,0.745341,0.000224,0.254435
AGCCCTTCTAATCCGA-1,0.000017,0.683876,0.316107
AGCCGCAAATTCAAAT-1,0.006236,0.003244,0.99052
AGCCGTGGCTAAATGT-1,0.006423,0.985558,0.008019
AGCCTAATACCCACGT-1,0.042444,0.356345,0.601211
AGCCTTAAAGCGGAAG-1,0.000018,0.000128,0.999854
AGCGACAGGAACGGTC-1,0.000004,0.969446,0.03055
AGCGACATCCCATTCA-1,0.699216,0.000217,0.300567
AGCGACCAACGATATT-1,0.435835,0.000192,0.563973
AGCGCATAATGAATCG-1,0.358838,0.107778,0.533384
AGCGCGGGTGCCAATG-1,0.004988,0.717606,0.277406
AGCGCTTATGGGCAAG-1,0.016049,0.656826,0.327125
AGCGGCGGTTAGCGGT-1,0.02799,0.25699,0.71502
AGCGGTTGCCGCTCTG-1,0.00143,0.690733,0.307837
AGCGTGGTATTCTACT-1,0.000014,0.676564,0.323423
AGCGTTCCGATTTAAA-1,0.032763,0.626333,0.340904
AGCTAACAAGCAATGT-1,0.373009,0.130187,0.496804
AGCTAGAAGCAGAAGT-1,0.035777,0.733007,0.231217
AGCTATTTAATCCAAC-1,0.24318,0.722936,0.033884
AGCTCCTTCGCACATC-1,0.156818,0.009128,0.834054
AGCTCGTTGATGGAAA-1,0.016452,0.800292,0.183256
AGCTCTAGACGTTCCA-1,0.01123,0.53469,0.45408
AGCTCTTCCCAGTGCA-1,0.025575,0.97306,0.001365
AGCTCTTCGTAACCTT-1,0.000033,0.484138,0.515829
AGCTCTTTACTCAGTT-1,0.049475,0.163145,0.78738
AGCTGAAGTAAACCAA-1,0.133353,0.139355,0.727293
AGCTGTAACCTCAATC-1,0.004689,0.740809,0.254502
AGCTTATAGAGACCTG-1,0.035141,0.246078,0.718781
AGCTTGATCTTAACTT-1,0.002727,0.137324,0.859949
AGGACAGTCGAATCCC-1,0.00001,0.757036,0.242955
AGGACATCGCACGTCG-1,0.000048,0.017889,0.982062
AGGACGACCCATTAGA-1,0.001309,0.775853,0.222838
AGGACGCTCGATGTTG-1,0.000015,0.794784,0.205201
AGGAGACATCCACAGT-1,0.009908,0.637403,0.352689
AGGAGAGTCTGGCTAC-1,0.039128,0.685293,0.275579
AGGATAAAGTCGGGAT-1,0.056983,0.426617,0.516401
AGGATATAGGGATTTA-1,0.0203,0.050723,0.928977
AGGATCACGCGATCTG-1,0.042644,0.317456,0.6399
AGGATTGCTTACGACA-1,0.012066,0.814245,0.173689
AGGCAGATGCGTAAAC-1,0.004701,0.818022,0.177277
AGGCAGGGAGCGTACT-1,0.229443,0.000327,0.77023
AGGCCACCCGTTATGA-1,0.110198,0.000207,0.889596
AGGCCCATTGTACAGG-1,0.522495,0.053742,0.423763
AGGCCCTAGAACGCCA-1,0.057692,0.150339,0.791969
AGGCGGTTTGTCCCGC-1,0.000567,0.651127,0.348306
AGGCGTCTATGGACGG-1,0.034297,0.398862,0.566841
AGGCTATGGTTAGCTT-1,0.000016,0.437242,0.562743
AGGCTTCCCGAAGAAG-1,0.006473,0.869097,0.12443
AGGCTTGCTAGACACC-1,0.002112,0.033775,0.964112
AGGGAAACGAGGTACT-1,0.00478,0.961281,0.033939
AGGGACCGGCTGCGTT-1,0.088516,0.649176,0.262308
AGGGACTCTACGCGAC-1,0.003262,0.298598,0.69814
AGGGAGACATACTTCG-1,0.000598,0.696541,0.302861
AGGGCAGCGGCGTGGT-1,0.071596,0.855474,0.07293
AGGGCGAGCAGCTGAT-1,0.007492,0.117232,0.875275
AGGGCGTGATCGGCTA-1,0.00421,0.340215,0.655574
AGGGCTGCAGTTACAG-1,0.041924,0.621738,0.336338
AGGGTCAGTAACCCTA-1,0.044431,0.568819,0.386751
AGGGTCGATGCGAACT-1,0.000012,0.553238,0.44675
AGGGTGCTCTCGAGGG-1,0.000691,0.838893,0.160416
AGGGTGGATAGTGCAT-1,0.020977,0.0002,0.978823
AGGGTTCCCTTTGGTT-1,0.006464,0.838227,0.155309
AGGGTTTAGTTCGGGA-1,0.248,0.178692,0.573309
AGGTACGATATTGCCA-1,0.117045,0.88287,0.000085
AGGTAGATCGAGATAT-1,0.46239,0.000188,0.537422
AGGTAGGTACAAAGCT-1,0.013953,0.015795,0.970252
AGGTATAATTGATAGT-1,0.024099,0.712212,0.263689
AGGTATGCGGACATTA-1,0.110024,0.533132,0.356844
AGGTCAGGTGAGAGTG-1,0.006962,0.198472,0.794566
AGGTCGCGGAGTTACT-1,0.000032,0.506374,0.493594
AGGTGTATCGCCATGA-1,0.028984,0.007206,0.96381
AGGTTCTCCTTTCCGG-1,0.341876,0.001484,0.656639
AGGTTGAGGCACGCTT-1,0.797698,0.157176,0.045126
AGGTTTCACACACCTT-1,0.003506,0.712548,0.283946
AGTAACGTTCATCCTG-1,0.020516,0.680318,0.299166
AGTAATGTCTTGCCGC-1,0.999737,0.000167,0.000096
AGTACATCATTTATCA-1,0.002269,0.965699,0.032032
AGTACCTTCGAGTGCT-1,0.000025,0.573999,0.425976
AGTACGGCCCGTATCG-1,0.000015,0.003631,0.996354
AGTACGGGCACCTGGC-1,0.070778,0.274001,0.655221
AGTACGTGGCCTGTCT-1,0.070334,0.217502,0.712164
AGTAGCGTGAACGAAC-1,0.085208,0.602632,0.31216
AGTAGCTAGACGCCGA-1,0.000019,0.641399,0.358582
AGTAGGAAGGAAGTTG-1,0.000855,0.587492,0.411653
AGTAGGTAACATACAT-1,0.042089,0.000196,0.957715
AGTATAATACTAGGCA-1,0.001173,0.000179,0.998647
AGTATGCTGGAGACCA-1,0.009646,0.198087,0.792268
AGTATTTGGCACGACC-1,0.06207,0.009553,0.928376
AGTCAACACCACCATC-1,0.035308,0.203556,0.761137
AGTCAAGATGACACTT-1,0.000051,0.072652,0.927297
AGTCCATTGGCTGATG-1,0.024307,0.492741,0.482952
AGTCCCGCCTTTAATT-1,0.004093,0.830823,0.165085
AGTCCCTCGCAGAAAG-1,0.002423,0.869786,0.127791
AGTCGACGGTCTCAAG-1,0.002454,0.74654,0.251006
AGTCGGCCCAAACGAC-1,0.016052,0.021311,0.962637
AGTCGGCTCAACTTTA-1,0.080567,0.328107,0.591326
AGTCGGTTGCGTGAGA-1,0.093527,0.436783,0.46969
AGTCGTGGGCATTACG-1,0.051653,0.638778,0.309569
AGTCTAAAGTATACTC-1,0.001047,0.81389,0.185063
AGTCTCACAAGACTAC-1,0.000006,0.890954,0.10904
AGTCTTCTCCTCAAAT-1,0.644139,0.000346,0.355515
AGTGAACAAACTTCTC-1,0.152702,0.467277,0.380022
AGTGAAGATGGTGTCC-1,0.008707,0.704868,0.286425
AGTGACCTACTTTACG-1,0.010392,0.627411,0.362197
AGTGAGACTTCCAGTA-1,0.04655,0.628876,0.324574
AGTGAGCCTCGCCGCC-1,0.000008,0.983062,0.01693
AGTGAGGGTTTCTGAC-1,0.090407,0.787165,0.122428
AGTGATATGAGTAGTT-1,0.006127,0.642027,0.351847
AGTGATTCAAGCAGGA-1,0.032142,0.817264,0.150594
AGTGCGTAGCTCGTAA-1,0.014102,0.750543,0.235355
AGTGCTTGCACGAATA-1,0.004163,0.817379,0.178458
AGTGGCGGCAATTTGA-1,0.000579,0.648684,0.350737
AGTGGCTCCGTCGGCC-1,0.002957,0.110191,0.886852
AGTGGTGTTACCCGTG-1,0.007538,0.283925,0.708537
AGTGGTTGCGTATAGG-1,0.000019,0.000131,0.99985
AGTGTATTGCGCATTG-1,0.001499,0.825786,0.172715
AGTGTGGTCTATTGTG-1,0.000036,0.000253,0.999711
AGTTAAACACTTGCGA-1,0.122709,0.095184,0.782108
AGTTAAGCGGTCCCGG-1,0.24039,0.614785,0.144826
AGTTAAGTCAACCGCT-1,0.03638,0.697847,0.265773
AGTTACCCTTAAGACT-1,0.000015,0.157671,0.842314
AGTTACCGCACATGGT-1,0.000013,0.139504,0.860483
AGTTACTCTATCGTGG-1,0.00198,0.930235,0.067785
AGTTCCTACAGAATTA-1,0.421766,0.000748,0.577486
AGTTCCTATTTATGTT-1,0.000026,0.611145,0.388829
AGTTTATGTAAAGACA-1,0.000015,0.652572,0.347413
AGTTTCGCAGGTCGGA-1,0.959893,0.000296,0.039811
AGTTTGGCCAGACCTA-1,0.028946,0.638983,0.33207
ATAAACGGACCCGTAA-1,0.026594,0.653327,0.320078
ATAAAGGCTCGGTCGT-1,0.36105,0.083991,0.554959
ATAAAGGTCAAGTACG-1,0.016753,0.935848,0.047399
ATAAATATTAGCAGCT-1,0.048635,0.004737,0.946628
ATAACGCCGGAGGGTC-1,0.021381,0.771836,0.206783
ATAACGGAGTCCAACG-1,0.122392,0.002145,0.875463
ATAACGTTACCTCCAC-1,0.004913,0.594071,0.401016
ATAAGCAAACACCGAG-1,0.006827,0.725377,0.267795
ATAAGGTGGAGAACAT-1,0.005235,0.608477,0.386287
ATAAGTACCCGATTGT-1,0.010017,0.821182,0.168801
ATAAGTAGGATTCAGA-1,0.004759,0.490558,0.504683
ATAAGTAGGGCGACTC-1,0.00001,0.914526,0.085464
ATAAGTTACCGCGACG-1,0.012998,0.740017,0.246986
ATAATAGCTGTTGAAT-1,0.002173,0.82335,0.174477
ATAATAGTGTAGGGAC-1,0.030383,0.082476,0.887141
ATACAGGCCCTCCAAT-1,0.180293,0.312505,0.507202
ATACCACGGGCAACTT-1,0.008838,0.340681,0.650482
ATACCAGCAAATTGCT-1,0.978188,0.021711,0.000101
ATACCAGGCTAATAGA-1,0.288754,0.000202,0.711043
ATACCGTCATCCATAA-1,0.026167,0.349064,0.624769
ATACCTAACCAAGAAA-1,0.330014,0.030882,0.639104
ATACGAAGGCTTTCCA-1,0.131574,0.217625,0.650801
ATACGCCGGCGAAACC-1,0.014909,0.690504,0.294587
ATACGGAACGTCGTTT-1,0.000009,0.8078,0.192191
ATACGGGTTTCGATTG-1,0.222685,0.210757,0.566558
ATACGGTGAAGATGCA-1,0.000011,0.100952,0.899037
ATACGTACTTAGCCAC-1,0.242935,0.000542,0.756522
ATACGTCCACTCCTGT-1,0.048526,0.395031,0.556443
ATACTAGCATGACCCT-1,0.645431,0.00039,0.35418
ATACTTGTTCTCGAGC-1,0.000022,0.000152,0.999826
ATAGACAACGGGACCT-1,0.002251,0.687862,0.309886
ATAGACGAAGAGAAAG-1,0.043602,0.069977,0.886421
ATAGAGTACTGGGACA-1,0.098082,0.004851,0.897067
ATAGAGTTATCAACTT-1,0.031949,0.794938,0.173114
ATAGATTTGCAGTCGG-1,0.166826,0.315087,0.518087
ATAGGAATCTAAGCTT-1,0.032047,0.446711,0.521242
ATAGGCGGCTATAGAA-1,0.051328,0.255852,0.69282
ATAGGCTAGCTTCGCA-1,0.016342,0.687182,0.296476
ATAGGGATATCCTTGA-1,0.911925,0.038366,0.049709
ATAGGTTGGGCAGATG-1,0.871342,0.09078,0.037877
ATAGTCTTTGACGTGC-1,0.560618,0.177387,0.261995
ATAGTGAAGCGTTCTC-1,0.004495,0.872407,0.123098
ATAGTTCCACCCACTC-1,0.000008,0.981287,0.018705
ATATAAATGTAGCTGC-1,0.266073,0.057491,0.676437
ATATACATGTATGGTA-1,0.041973,0.367939,0.590089
ATATAGAGTATTGGTC-1,0.082222,0.066101,0.851676
ATATCAACCTACAGAG-1,0.000004,0.999905,0.000091
ATATCAATTCCAGCCT-1,0.000008,0.797828,0.202164
ATATCGGTAGGGAGAT-1,0.012332,0.471659,0.516009
ATATCGTGCCAGACCC-1,0.05121,0.820206,0.128585
ATATCTCCCTCGTTAA-1,0.072776,0.543358,0.383867
ATATCTTAGGGCCTTC-1,0.143404,0.027974,0.828622
ATATGTCTCCCTAGCC-1,0.012739,0.69074,0.296521
ATATGTGCACAAACCA-1,0.027484,0.750685,0.221831
ATATTCAGTTAAACCT-1,0.004759,0.911935,0.083306
ATATTCCACATAGTGA-1,0.088072,0.193857,0.718071
ATATTCCCACAGGTCA-1,0.961581,0.038291,0.000128
ATATTGCTGTCAAAGT-1,0.008021,0.010865,0.981114
ATATTTAACCCTCAAG-1,0.275736,0.468226,0.256039
ATCAAACGAAGGTTTG-1,0.030971,0.650048,0.318982
ATCAATCTGGGCTGCA-1,0.154022,0.264946,0.581031
ATCAATGCCGTGGCTG-1,0.085645,0.000222,0.914134
ATCACATTAGAATATC-1,0.106571,0.270844,0.622585
ATCACGTGCTAATTAA-1,0.000006,0.971228,0.028767
ATCACTTCATCCTCGC-1,0.602856,0.000504,0.39664
ATCAGACGGCACGCCG-1,0.004667,0.927909,0.067424
ATCAGCTCGTCCACTA-1,0.007861,0.199173,0.792966
ATCAGGTAGCTGACAG-1,0.017518,0.362027,0.620455
ATCAGGTCGCCATTGC-1,0.025667,0.531286,0.443047
ATCAGTAGGCAGGGAT-1,0.020213,0.697843,0.281944
ATCATCCAATATTTGT-1,0.005324,0.840383,0.154293
ATCATTGTACCGCATT-1,0.099144,0.063878,0.836978
ATCCAACGCAGTCATA-1,0.01438,0.374069,0.611551
ATCCAATGGAGGGTCC-1,0.042302,0.071853,0.885845
ATCCAATGGTACCGAA-1,0.000011,0.08332,0.916669
ATCCACGCTAAATGTT-1,0.049122,0.733321,0.217557
ATCCACTTTCAGACTA-1,0.024121,0.554313,0.421566
ATCCAGAGCAACAACC-1,0.009024,0.629857,0.361119
ATCCAGGATTCGTGAA-1,0.032458,0.025766,0.941777
ATCCCATCCACAGCGC-1,0.023155,0.003237,0.973608
ATCCTACCTAAGCTCT-1,0.000011,0.836351,0.163638
ATCCTGAATCGCTGCG-1,0.000032,0.105205,0.894762
ATCCTGCGTGGAATGG-1,0.000199,0.836768,0.163033
ATCGACCCAATACAGA-1,0.005746,0.533168,0.461086
ATCGACTCTTTCCGTT-1,0.701787,0.000499,0.297714
ATCGCACGCCGGGAGA-1,0.781602,0.029492,0.188905
ATCGCCAGTCAACATT-1,0.108602,0.042736,0.848661
ATCGCTGCGTGCAGCA-1,0.007353,0.671254,0.321392
ATCGCTTTACGTCTCA-1,0.048232,0.35456,0.597208
ATCGGAGACAGACGGC-1,0.058217,0.462754,0.47903
ATCGGCAAGCAGTCCA-1,0.018908,0.646811,0.334281
ATCGGTTACCTAGTAA-1,0.031749,0.073286,0.894965
ATCGTATTCCGAGAAC-1,0.004453,0.178694,0.816853
ATCGTGGAAAGTCTGG-1,0.264451,0.000266,0.735283
ATCGTTCACTTTCGCC-1,0.027303,0.622141,0.350556
ATCTAATATCCTACGG-1,0.430328,0.00014,0.569532
ATCTCCCTGCAATCTA-1,0.372438,0.627472,0.00009
ATCTGACATGGAAGGA-1,0.38206,0.000103,0.617837
ATCTGCACCTCTGCGA-1,0.020597,0.641587,0.337816
ATCTGGTTAAGACTGT-1,0.245172,0.065347,0.689481
ATCTGTAATTGTACCC-1,0.762793,0.000226,0.23698
ATCTTGACCTGCAACG-1,0.05634,0.074632,0.869028
ATCTTGACTTGTCCAA-1,0.000017,0.813193,0.18679
ATCTTTCGTATAACCA-1,0.000268,0.563572,0.43616
ATGAAGCCAAGGAGCC-1,0.061923,0.145264,0.792813
ATGAAGTGGACCCAGC-1,0.002296,0.36118,0.636524
ATGACGCCGGCTCTAA-1,0.877896,0.000209,0.121896
ATGACGCGTTCTATCC-1,0.000009,0.883984,0.116007
ATGACTATCAGCTGTG-1,0.469792,0.000188,0.53002
ATGACTATGCGACATT-1,0.000079,0.246057,0.753864
ATGAGGAGTGTTAATC-1,0.074515,0.00017,0.925315
ATGATCGGGAATAGAC-1,0.07246,0.464831,0.462709
ATGATGCAATGGTACA-1,0.034314,0.820851,0.144835
ATGCACGCGCTGTTCA-1,0.004184,0.643481,0.352334
ATGCACTACCGCATTG-1,0.040458,0.000307,0.959235
ATGCATGATCCAGGAT-1,0.730635,0.000307,0.269058
ATGCATTCCGTGATGG-1,0.24292,0.000252,0.756828
ATGCCAATCGCTCTGC-1,0.000024,0.865203,0.134773
ATGCCATTTGCGACCA-1,0.000012,0.870802,0.129186
ATGCCGGTCTTGCATA-1,0.011542,0.425936,0.562522
ATGCCGGTTGATGGGA-1,0.118063,0.330897,0.55104
ATGCGACAATTGGTCC-1,0.000021,0.585588,0.414391
ATGCGACAGTCCCATT-1,0.013214,0.864981,0.121805
ATGCTCAGTGTTGCAT-1,0.000027,0.016073,0.983901
ATGGAAATTTAAGGAG-1,0.030721,0.530393,0.438886
ATGGAACCTTTGCACA-1,0.249139,0.440825,0.310036
ATGGAGCAGGCCGTGA-1,0.006618,0.958581,0.034801
ATGGATCCGGCGTCCG-1,0.17667,0.113494,0.709836
ATGGATTGACCAAACG-1,0.751625,0.00027,0.248104
ATGGCAGCATTACGAT-1,0.699018,0.097842,0.203141
ATGGCAGCCGAGAAAC-1,0.005267,0.11658,0.878154
ATGGCGGAATAGTCGC-1,0.004442,0.448097,0.547461
ATGGCTGGAAATGGCC-1,0.000053,0.646037,0.35391
ATGGGAACGGAAGCGG-1,0.025575,0.68428,0.290145
ATGGGACCTGCTGAAC-1,0.151154,0.276667,0.572179
ATGGGCCTCGGCCTCT-1,0.000041,0.576989,0.42297
ATGGGTGTATACCTCC-1,0.519835,0.000535,0.47963
ATGGTCGCGTGGTTTC-1,0.000255,0.531972,0.467773
ATGTAAGGCTGCTCTT-1,0.000012,0.758671,0.241318
ATGTGAAAGCCTAATG-1,0.039481,0.122044,0.838475
ATGTGCATCCGACGCA-1,0.627698,0.005459,0.366842
ATGTGGACATCTTGAT-1,0.000012,0.921274,0.078714
ATGTGTAGTTTAGTCA-1,0.999399,0.000383,0.000219
ATGTTCGTCGACCCAC-1,0.013762,0.000132,0.986106
ATGTTTCGGCCCGGAG-1,0.002998,0.478475,0.518527
ATTAAACATGCGGACC-1,0.0361,0.600619,0.363282
ATTAATACTACGCGGG-1,0.990176,0.000259,0.009564
ATTAATGAACCAGTCG-1,0.074058,0.211271,0.714671
ATTAATTCGGTCACTC-1,0.769707,0.000526,0.229767
ATTACAACTACCGGCC-1,0.208445,0.724562,0.066993
ATTACGACTCCACAGT-1,0.000008,0.988477,0.011515
ATTACGCGCTGGCAGG-1,0.058991,0.000202,0.940807
ATTACTAGCCTCTTGC-1,0.000037,0.154127,0.845835
ATTACTTACTGGGCAT-1,0.015911,0.754778,0.229311
ATTAGATTCCTCAGCA-1,0.006936,0.494658,0.498406
ATTAGATTGATAGCGG-1,0.031876,0.458311,0.509813
ATTAGGCGATGCTTTC-1,0.012951,0.804446,0.182602
ATTATACTTTGCTCGT-1,0.349027,0.228865,0.422109
ATTATAGCTACTTTAC-1,0.000025,0.545271,0.454704
ATTATCTCGACAGATC-1,0.996206,0.003733,0.000061
ATTATGAGACCCAATT-1,0.349914,0.000223,0.649863
ATTATGCCATAGGGAG-1,0.081978,0.050896,0.867126
ATTATTATGTCCGTCA-1,0.314971,0.003522,0.681507
ATTCACTGATGTTGGA-1,0.149598,0.076956,0.773446
ATTCAGGACCTATTTC-1,0.004295,0.7372,0.258505
ATTCAGTAGCAGGGTC-1,0.039761,0.024059,0.93618
ATTCATATACTGTCCA-1,0.00001,0.995275,0.004715
ATTCCCACATAAACAA-1,0.014395,0.001191,0.984414
ATTCCCGAAGGTACAG-1,0.064442,0.016707,0.918851
ATTCCTAAGACGTGGA-1,0.00049,0.773855,0.225655
ATTCCTCCGCCAGTGC-1,0.000038,0.013253,0.986709
ATTCGACGCCGGGCCT-1,0.038694,0.001879,0.959427
ATTCGCAGAGGACACT-1,0.005451,0.653349,0.3412
ATTCGTGCTATCTCTT-1,0.201396,0.428328,0.370277
ATTCTCGTCTCTTTAG-1,0.055468,0.227223,0.71731
ATTCTGAGTATGAACT-1,0.048751,0.691015,0.260233
ATTCTTCGTACTTATG-1,0.074307,0.411664,0.51403
ATTGAAGATCTTAGTG-1,0.437033,0.111239,0.451728
ATTGACCGGCGATGAC-1,0.053739,0.530155,0.416106
ATTGACGTAACTCGGT-1,0.148381,0.613257,0.238362
ATTGATCACCACATTT-1,0.019781,0.364837,0.615382
ATTGATGAGTCCTAAC-1,0.001571,0.584396,0.414033
ATTGCTGCTCCTCCAT-1,0.198856,0.159077,0.642067
ATTGGGAATATCTTGG-1,0.178045,0.30054,0.521415
ATTGGGAGTTCTGTAA-1,0.030347,0.507245,0.462408
ATTGGTAGGATCCGCT-1,0.000016,0.167783,0.832202
ATTGTACAACTCGGCT-1,0.012247,0.658257,0.329497
ATTGTCGCAATACCTT-1,0.047057,0.814803,0.13814
ATTGTGACTTCGCTGC-1,0.017355,0.783728,0.198917
ATTTAACTCGTATTAC-1,0.215165,0.000266,0.784569
ATTTACAGTTTACTGG-1,0.051591,0.000271,0.948138
ATTTACTAAGTCCATT-1,0.000009,0.999215,0.000777
ATTTCATTATTTCGCG-1,0.10156,0.895816,0.002625
ATTTCCGGGTTCTGCG-1,0.000019,0.522197,0.477784
ATTTGCGCGAGTAGCT-1,0.000008,0.713611,0.286381
ATTTGGAGATTGCGGT-1,0.011415,0.763755,0.22483
ATTTGTCTTGGGAGCT-1,0.009471,0.77602,0.214509
ATTTGTTCCAGGGCTC-1,0.570987,0.000445,0.428569
CAAACCAGGTCTGCAT-1,0.023889,0.251822,0.724289
CAAACGAGTATCGCAG-1,0.002062,0.738648,0.25929
CAAACGGTCGCACTTT-1,0.029739,0.408666,0.561595
CAAACGTGGTCTTGCG-1,0.049839,0.65574,0.29442
CAAACTACGATAGAGA-1,0.000024,0.999881,0.000095
CAAACTATTGAGCTTC-1,0.208544,0.47728,0.314176
CAAAGATTATTGGGCC-1,0.002129,0.62267,0.375201
CAAATCTCTCACAAGG-1,0.023217,0.092304,0.884479
CAAATGTCCTTCCGTG-1,0.000784,0.499672,0.499544
CAAATTGGATTATGCC-1,0.00002,0.616299,0.383681
CAAATTGTCAGCAAGC-1,0.644868,0.000441,0.354691
CAACACATCTCCTGCC-1,0.000022,0.53802,0.461958
CAACCTGAACCTGCCA-1,0.015902,0.706163,0.277935
CAACGACCCGTTTACA-1,0.009967,0.081236,0.908797
CAACGGTTCTTGATAC-1,0.057965,0.023668,0.918368
CAACTATATCGAATGC-1,0.042986,0.904399,0.052615
CAACTCCAACGTTTAG-1,0.050947,0.539059,0.409994
CAACTCCGTAACTTGC-1,0.00283,0.958931,0.03824
CAACTCCTTGATCCCG-1,0.100663,0.226046,0.67329
CAACTGAGGGTATGAC-1,0.008724,0.588408,0.402868
CAACTGCTCATCCGAT-1,0.291492,0.05564,0.652867
CAAGACTCAGAAGCGC-1,0.008053,0.807529,0.184418
CAAGAGGGCGGAGTAC-1,0.000008,0.979723,0.02027
CAAGATATTATAACGT-1,0.008085,0.676057,0.315858
CAAGCAACGTCGGAGT-1,0.053846,0.000171,0.945983
CAAGCACCAAATGCCT-1,0.915897,0.000295,0.083808
CAAGCGGCACATAATT-1,0.08803,0.299381,0.612589
CAAGGATCGCATGTTC-1,0.013549,0.771863,0.214588
CAAGGTCCTATAGGCT-1,0.002652,0.645095,0.352253
CAAGTGAACTTTGGTT-1,0.606959,0.000171,0.39287
CAAGTGTGGTTGCAAA-1,0.000473,0.62726,0.372267
CAATAAACCTTGGCCC-1,0.182589,0.001088,0.816323
CAATACGCTCTGAGGC-1,0.039015,0.008494,0.952491
CAATATGTAGATTTAC-1,0.001431,0.787831,0.210738
CAATATTCTTGACCTA-1,0.000015,0.849312,0.150673
CAATCCCTATACCAGC-1,0.037836,0.77427,0.187895
CAATGAGGTTCGACTA-1,0.000679,0.794975,0.204346
CAATGCGAGAAGTATC-1,0.248472,0.000255,0.751273
CAATGGAATCTACATA-1,0.007578,0.507767,0.484655
CAATGGATCTCTACCA-1,0.001273,0.970191,0.028536
CAATGGTCGGCCTGGG-1,0.575643,0.069469,0.354888
CAATGTGCCAACCCTT-1,0.000026,0.500639,0.499336
CAATTAAGGGTGATGA-1,0.336991,0.65168,0.011329
CAATTGGGCCGCACTC-1,0.024685,0.550264,0.425051
CAATTTCGTATAAGGG-1,0.01014,0.835368,0.154492
CACAAGAAAGATATTA-1,0.000372,0.562793,0.436835
CACAATGAGCTGCTAT-1,0.000006,0.999972,0.000022
CACACAGGGATAGATT-1,0.000028,0.033665,0.966307
CACACGCGCTGTCTTA-1,0.002728,0.663569,0.333703
CACACGTTTCAATGGG-1,0.000042,0.99979,0.000168
CACACTTGTATTGCGA-1,0.000024,0.673168,0.326808
CACAGAGACGAGGACG-1,0.602085,0.027458,0.370457
CACAGCACCCACGGCA-1,0.322054,0.281823,0.396123
CACAGCTAGGGAGTGA-1,0.630789,0.000184,0.369027
CACATATTAGCAGGAT-1,0.00002,0.728705,0.271276
CACATCGTGCACGCGC-1,0.237266,0.052625,0.710109
CACATGATTCAGCAAC-1,0.006763,0.729027,0.26421
CACATTCTTTCGATGG-1,0.010853,0.946462,0.042685
CACCAATCATCCGTCT-1,0.000009,0.521974,0.478017
CACCACGCCACACAGA-1,0.023423,0.144599,0.831978
CACCAGTCAGCATGCA-1,0.021315,0.125731,0.852954
CACCATCGGAGGAGAC-1,0.931146,0.000122,0.068732
CACCATGATCGCAAAG-1,0.041436,0.704869,0.253694
CACCCAAATCTTATGT-1,0.018941,0.916557,0.064503
CACCCACACGTCACCC-1,0.018451,0.223905,0.757644
CACCCACGAGGCAATT-1,0.078575,0.485835,0.43559
CACCCGGTTTGTGACT-1,0.000056,0.973998,0.025947
CACCCTTGGTGAGACC-1,0.064242,0.612727,0.323031
CACCGATACACCGAGC-1,0.02241,0.758801,0.21879
CACCGCCAGAAGGTTT-1,0.713365,0.050509,0.236126
CACCGCCGACCAGCGA-1,0.610842,0.182449,0.206709
CACCGCGTCCACTCTA-1,0.009908,0.829212,0.16088
CACCGGAGATATCTCC-1,0.018243,0.500725,0.481032
CACCGGTAGAGACATT-1,0.353731,0.200408,0.44586
CACCGTTAGGGATCAC-1,0.00639,0.789894,0.203716
CACCGTTGCGCGATAT-1,0.023526,0.65265,0.323824
CACCTAATAGAGTCGT-1,0.000177,0.001239,0.998585
CACCTAATCAGTTTAC-1,0.779285,0.045589,0.175126
CACCTCGATGGTGGAC-1,0.751053,0.000195,0.248753
CACCTTGCGAAACTCG-1,0.058944,0.496029,0.445027
CACCTTGGCGCCTTTG-1,0.080408,0.532474,0.387118
CACGAAAGTTAGTCCC-1,0.009153,0.154293,0.836554
CACGACGTAATAGTAA-1,0.00005,0.553877,0.446073
CACGCACAGCGCAGCT-1,0.591215,0.125547,0.283238
CACGCAGCGAGGCTTT-1,0.055131,0.147491,0.797378
CACGCGGAACTGTTGC-1,0.00006,0.413168,0.586772
CACGGACGTGGATGGC-1,0.015381,0.700831,0.283789
CACGGCGCGCCAAAGG-1,0.000007,0.898615,0.101378
CACGGGATTGAGGGTT-1,0.007244,0.028397,0.964359
CACGTCGGCAACCTCT-1,0.030096,0.670863,0.29904
CACGTCTATGATGTGG-1,0.023617,0.686952,0.289431
CACGTTCGTGCTCTAG-1,0.107949,0.637934,0.254117
CACTAAAGTTGCCTAT-1,0.153322,0.000549,0.846129
CACTACTCAGTTCTGT-1,0.092196,0.562301,0.345502
CACTCAAGAGCTATGG-1,0.00001,0.978872,0.021119
CACTCAGCTCTTGAGG-1,0.333525,0.001731,0.664744
CACTCCTATGTAAGAT-1,0.015341,0.171646,0.813013
CACTCCTCTCGGTCGG-1,0.000011,0.994689,0.005299
CACTCGAGCTGAACAA-1,0.00001,0.853842,0.146148
CACTCGGTTAGGAGGA-1,0.005273,0.004024,0.990703
CACTGTCCAAGTGAGA-1,0.000041,0.058768,0.941191
CACTTAATCAGACGGA-1,0.232579,0.365558,0.401863
CACTTCGCCACAGGCT-1,0.000031,0.007077,0.992892
CAGAACTTAGCCCTCT-1,0.189002,0.013359,0.797639
CAGACACCGATCGCTG-1,0.00483,0.799803,0.195367
CAGACCTGTAAGTGTT-1,0.016281,0.805243,0.178477
CAGACGAACCTGATAC-1,0.000374,0.667654,0.331972
CAGAGACGGTCACCCA-1,0.000009,0.897393,0.102598
CAGAGCATGAGCTTGC-1,0.358851,0.000283,0.640866
CAGAGGCGATGCATGA-1,0.000009,0.877304,0.122687
CAGAGTGATTTAACGT-1,0.632447,0.153771,0.213782
CAGATACTAACATAGT-1,0.022494,0.654301,0.323205
CAGATCATTTAAAGTC-1,0.000032,0.371925,0.628043
CAGATCCTGGTTTGAA-1,0.003196,0.716241,0.280563
CAGATGTTTGTCCCAA-1,0.010967,0.32199,0.667042
CAGCAGCCCGTTCCTT-1,0.079985,0.008016,0.911999
CAGCCCTCACAGGCAG-1,0.999351,0.000413,0.000236
CAGCCGGGCCCTCTAT-1,0.079007,0.631454,0.289539
CAGCCTCCTGCAGAGG-1,0.193381,0.056877,0.749742
CAGCCTCTCCTCAAGA-1,0.048021,0.669134,0.282845
CAGCGATTCCCTTCAA-1,0.000018,0.753642,0.246339
CAGCGCCAACACGATA-1,0.003342,0.062308,0.934351
CAGCTCACTGAGACAT-1,0.235617,0.061309,0.703074
CAGCTCGACAAGTTAA-1,0.000016,0.790991,0.208993
CAGCTGGCGTAACCGT-1,0.05869,0.408617,0.532693
CAGCTTAGTAGGTAGC-1,0.00518,0.010308,0.984513
CAGGAAGACTTTATAT-1,0.020301,0.979624,0.000075
CAGGACAGCTGCCCTT-1,0.000052,0.459725,0.540223
CAGGATATATCGTTGT-1,0.000025,0.584469,0.415507
CAGGCCGTTTGGGTGT-1,0.186441,0.053768,0.759792
CAGGCGCACGGTGGTC-1,0.00332,0.628176,0.368504
CAGGCGCCATGCTAGG-1,0.000815,0.614463,0.384722
CAGGTTTAGTACTACA-1,0.157579,0.70208,0.14034
CAGTAACTATTTATTG-1,0.047875,0.817772,0.134353
CAGTAAGGGACGTCTC-1,0.238507,0.00022,0.761273
CAGTAATCCCTCCCAG-1,0.006133,0.000142,0.993725
CAGTACATTCTCTAAA-1,0.000216,0.765266,0.234518
CAGTACCAGTTTACGT-1,0.047181,0.114417,0.838402
CAGTAGCCCACGCGGT-1,0.030128,0.727697,0.242175
CAGTCCAACGCCTTCT-1,0.014349,0.594398,0.391253
CAGTCGAGGATGCAAT-1,0.01787,0.611061,0.371069
CAGTCGGCCTAGATAT-1,0.028111,0.13339,0.838499
CAGTCTGTATACTGGG-1,0.00002,0.753688,0.246292
CAGTGAATAAATGACT-1,0.037894,0.26906,0.693047
CAGTTCAAATTGACAC-1,0.361862,0.261645,0.376494
CAGTTCCGCGGGTCGA-1,0.000019,0.021809,0.978172
CATAACGGACAGTCGT-1,0.027648,0.712922,0.259429
CATAAGCTCTCCGTCT-1,0.008202,0.018406,0.973392
CATACACAAAGTCAGC-1,0.012323,0.458322,0.529354
CATACACGGTTCCCAC-1,0.3771,0.000125,0.622776
CATACCCGTACCCAGT-1,0.01812,0.413098,0.568782
CATACGAACTAGCTGG-1,0.292097,0.088882,0.619021
CATACGGCGTCTGGGC-1,0.005146,0.994824,0.00003
CATACTATGTAATTGT-1,0.210798,0.134498,0.654704
CATACTTAGGCAATAC-1,0.014906,0.401335,0.583759
CATAGCCGCCCGGGAT-1,0.060329,0.000165,0.939506
CATAGCGTTGCCCACC-1,0.000021,0.469667,0.530312
CATAGTACATTGAGAG-1,0.059519,0.496403,0.444078
CATAGTAGCATAGTAG-1,0.000036,0.138613,0.861351
CATAGTCCACAAGAAC-1,0.082205,0.238383,0.679412
CATATACTACTGATAA-1,0.068054,0.861611,0.070335
CATATAGGTACAGTCA-1,0.010872,0.877015,0.112113
CATATGTCAGGCTACG-1,0.052665,0.72946,0.217875
CATATTATTTGCCCTA-1,0.005537,0.994359,0.000104
CATCAAACTGGCGCCC-1,0.008083,0.563094,0.428823
CATCATCTACCCGGAC-1,0.63952,0.010487,0.349993
CATCCAATATAGTTTG-1,0.40642,0.068069,0.525511
CATCGCCCGCGGCCAA-1,0.000123,0.356926,0.642951
CATCGGACGGGTTAAT-1,0.044847,0.727055,0.228098
CATCGTCCGGTTACTA-1,0.0069,0.000166,0.992934
CATCTATCCCGTGTCT-1,0.001571,0.76572,0.23271
CATCTGCAGGATCATT-1,0.013613,0.072152,0.914235
CATCTTACACCACCTC-1,0.000012,0.848422,0.151566
CATGAACCTCTTATCA-1,0.12514,0.034873,0.839987
CATGACTTCGCTGAAT-1,0.000033,0.44924,0.550726
CATGATGCACAATTCT-1,0.899396,0.000186,0.100418
CATGATGGAAGTTAGC-1,0.131661,0.225842,0.642497
CATGCACGTGTTACTG-1,0.016503,0.78837,0.195127
CATGCATGGAGACCCT-1,0.088193,0.301112,0.610695
CATGCCAACTCGCAAA-1,0.018667,0.074468,0.906866
CATGCGACCAGTTTAA-1,0.000015,0.820585,0.179401
CATGCGTTAGACAGAA-1,0.939554,0.000323,0.060123
CATGCTGGCTCCAATT-1,0.962588,0.000194,0.037218
CATGGAAATGGGACCA-1,0.01353,0.531846,0.454624
CATGGCAGGAAGATCG-1,0.622311,0.073677,0.304012
CATGGGTCGGGTGTGG-1,0.040963,0.172179,0.786858
CATGGTAAGTAGCGTT-1,0.001007,0.745365,0.253628
CATGGTATTAGTTTGT-1,0.000712,0.499337,0.499951
CATGGTCTAGATACCG-1,0.746478,0.000193,0.253329
CATGTAGGAGCGCCAA-1,0.000072,0.4093,0.590627
CATGTCTCATTTATGG-1,0.00006,0.17372,0.82622
CATTACATAGATTGTG-1,0.004546,0.706987,0.288467
CATTACGTCGGCCCGT-1,0.999622,0.000241,0.000138
CATTATAACAGGGTCC-1,0.536399,0.143492,0.320108
CATTATGCTTGTTGTG-1,0.240824,0.051039,0.708137
CATTCACTGACAGCTA-1,0.379381,0.218605,0.402014
CATTCCCATTCCGTCG-1,0.012249,0.754938,0.232813
CATTGATGAACACGCC-1,0.003652,0.928519,0.067829
CATTGCGAAATGGGCG-1,0.000017,0.004918,0.995064
CATTGCGGGTCAATTC-1,0.000012,0.905143,0.094845
CATTTAGCGGACCATG-1,0.048647,0.677391,0.273962
CATTTATCGTTCAAGA-1,0.063305,0.449249,0.487445
CATTTGAGTGGTACGT-1,0.00001,0.947289,0.052701
CCAAACAGAACCCTCG-1,0.031414,0.185527,0.783059
CCAACGATGCACTGAT-1,0.010033,0.387945,0.602022
CCAACGCTTGCCAGGG-1,0.03392,0.754302,0.211779
CCAAGAAAGTGGGCGA-1,0.001813,0.925769,0.072417
CCAAGACTTCTGCGAA-1,0.991399,0.0073,0.001301
CCAAGCGTAACTCGTA-1,0.128939,0.573263,0.297799
CCAAGGAACAGAGAGG-1,0.0448,0.290121,0.665078
CCAATAGATTTCATCT-1,0.004871,0.164654,0.830476
CCAATAGTGCCGTCGA-1,0.138053,0.000339,0.861609
CCAATCGGTAGATCGA-1,0.000062,0.575487,0.424451
CCAATGTCACAGCAAG-1,0.342926,0.167095,0.48998
CCAATTACGGGTCGAG-1,0.000902,0.868268,0.13083
CCAATTGAATGTTAAT-1,0.000021,0.384146,0.615832
CCACAATGTACGTCTT-1,0.000009,0.862528,0.137463
CCACACTGAGATATTA-1,0.084678,0.080317,0.835005
CCACAGTACCCATCCT-1,0.000066,0.151455,0.848479
CCACATGGCTCTTTAT-1,0.000131,0.343462,0.656407
CCACCAACTTTACTGT-1,0.000006,0.999066,0.000928
CCACCCAAGGAAAGTG-1,0.043749,0.759604,0.196648
CCACGAATTTAACCTC-1,0.077655,0.443914,0.47843
CCACGAGAAGAGAATC-1,0.338579,0.170307,0.491114
CCACGGAGCCATAAGA-1,0.130756,0.303958,0.565286
CCACGGTGCCCGGTAG-1,0.040038,0.627019,0.332943
CCACGTAAATTAGACT-1,0.022563,0.27106,0.706377
CCACTATCCGGGTCAC-1,0.016165,0.741865,0.241969
CCACTGGTGGCTGGTT-1,0.001491,0.158323,0.840186
CCAGAAAGCAACTCAT-1,0.006073,0.745875,0.248052
CCAGAGACAAAGCCGG-1,0.018879,0.000075,0.981045
CCAGATAGTTGAGTGA-1,0.001631,0.948112,0.050257
CCAGATGTAAATGGGT-1,0.004509,0.828388,0.167102
CCAGCCTGGACCAATA-1,0.000007,0.963312,0.036682
CCAGCGGGATCACCAG-1,0.000042,0.801011,0.198948
CCAGCTGATGGTACTT-1,0.005455,0.000164,0.994381
CCAGCTTCCGCCCGCA-1,0.034386,0.09173,0.873884
CCAGGGACGTGGCCTC-1,0.457046,0.00033,0.542623
CCAGTAGTCTGATCCA-1,0.027419,0.529012,0.443569
CCAGTCAAATCTCTTA-1,0.038111,0.16391,0.797978
CCAGTCTAGACGGCGC-1,0.035778,0.741182,0.223041
CCAGTCTTGTCATAGA-1,0.067315,0.000818,0.931867
CCATAAACAACCCGAC-1,0.226259,0.001455,0.772286
CCATAACCTGTGCAGT-1,0.017189,0.428765,0.554046
CCATACCTTTACTTGT-1,0.000007,0.999964,0.000029
CCATACTCGCCTCTCC-1,0.007616,0.135134,0.857251
CCATAGAGGCTGCCAG-1,0.026723,0.15553,0.817747
CCATAGGTTGGCGTGG-1,0.999427,0.000365,0.000208
CCATCGCAGTTAAACT-1,0.000008,0.994234,0.005759
CCATCTCACCAGTGAA-1,0.023447,0.828896,0.147657
CCATGCCTGTTTAGTA-1,0.172691,0.031684,0.795625
CCATGCTCTGCAGGAA-1,0.04148,0.15167,0.806851
CCATGGCCCTTGTACC-1,0.00002,0.040907,0.959073
CCATTAGCGATAATCC-1,0.042914,0.000631,0.956455
CCATTCCCTGCCCACA-1,0.009917,0.080448,0.909635
CCATTGTTTCCTCCAT-1,0.000019,0.655032,0.344949
CCATTTCTACCTATTA-1,0.14084,0.07711,0.78205
CCCAAACATGCTGCTC-1,0.035847,0.728383,0.235771
CCCAACATACGTCGCG-1,0.021835,0.00019,0.977975
CCCAACCACACTAACA-1,0.78795,0.001518,0.210532
CCCAAGAATGCACGGT-1,0.051481,0.625817,0.322701
CCCAAGACAGAGTATG-1,0.126718,0.000404,0.872878
CCCAATGAGATTTGCA-1,0.479298,0.14849,0.372212
CCCAATTTCACAACTT-1,0.000038,0.068011,0.93195
CCCACTCCACGGTATC-1,0.01262,0.076213,0.911167
CCCAGAGGAGGGCGTA-1,0.003463,0.532128,0.464409
CCCAGTAAACTTGGGA-1,0.005886,0.480864,0.51325
CCCAGTTAAGGCGCCG-1,0.001866,0.92752,0.070613
CCCGAAGTTTCGCGAA-1,0.000015,0.083886,0.916099
CCCGACCATAGTCCGC-1,0.324589,0.1679,0.50751
CCCGCAGCGCGAACTA-1,0.000011,0.705918,0.294071
CCCGCAGGGCCCAAAG-1,0.113426,0.144975,0.741599
CCCGCCATGCTCCCGT-1,0.028656,0.000108,0.971235
CCCGCGCAATGCACCC-1,0.000023,0.000164,0.999813
CCCGGTGGAAGAACCT-1,0.009555,0.122772,0.867672
CCCGGTGTATCGGAAT-1,0.010284,0.632038,0.357678
CCCGTAAGTCTAGGCC-1,0.01463,0.000241,0.985129
CCCGTAGCTGGGAAGA-1,0.055344,0.129884,0.814772
CCCGTCAGCGTCTGAC-1,0.080532,0.154105,0.765363
CCCGTGAGGGCGGTGA-1,0.045613,0.090515,0.863871
CCCTAGGCAACAAGAG-1,0.072877,0.235052,0.692071
CCCTATGTAGAGCAGA-1,0.02995,0.000223,0.969827
CCCTCATTCTGGAATT-1,0.016107,0.387249,0.596644
CCCTGAAATGAGTTGA-1,0.016865,0.031387,0.951748
CCCTGACTAACAAATT-1,0.00882,0.04891,0.94227
CCCTGCCCAATCCGCT-1,0.033196,0.29102,0.675784
CCCTGCGCTACGCATA-1,0.000029,0.015866,0.984105
CCCTGGCTGTTCCTTC-1,0.094786,0.14395,0.761264
CCCTGGTATGGGCGGC-1,0.150231,0.669047,0.180722
CCCTTTGACAGGTCTT-1,0.000012,0.825545,0.174444
CCGAAAGTGGTGAGCA-1,0.000036,0.000251,0.999714
CCGAACACTGGGCCTC-1,0.023104,0.158945,0.817951
CCGAACCTTCCCGGCC-1,0.000007,0.929529,0.070463
CCGAAGCATTGACCAA-1,0.130943,0.156616,0.712441
CCGAAGGGCGTACCGC-1,0.005476,0.906258,0.088266
CCGAAGTATATTGTTC-1,0.00003,0.000209,0.999761
CCGACAAAGGGAGTGC-1,0.005855,0.000911,0.993234
CCGACGGGCATGAGGT-1,0.000717,0.714164,0.285119
CCGACGTAAACACAAC-1,0.006135,0.871228,0.122637
CCGACTCGCATAGTCT-1,0.095224,0.359857,0.544919
CCGAGCTGTGCTTGTC-1,0.022035,0.635273,0.342692
CCGAGGGATGTTAGGC-1,0.997317,0.002624,0.000059
CCGATCTCAACCTTAT-1,0.000015,0.766979,0.233006
CCGATCTTAAGAGGCT-1,0.004719,0.720899,0.274382
CCGATTCGAGGGACCC-1,0.000021,0.002544,0.997435
CCGCACAAAGACCAAC-1,0.011998,0.832697,0.155305
CCGCACGTGACCTCGG-1,0.053545,0.00083,0.945625
CCGCATGTGGTACGAT-1,0.434752,0.320842,0.244406
CCGCCACCACAATCCA-1,0.528365,0.038572,0.433064
CCGCCGGAACTTCTCG-1,0.016726,0.663614,0.319661
CCGCCGGTCAACACAC-1,0.458047,0.000237,0.541717
CCGCCTGCGAATTGGT-1,0.000017,0.835954,0.164029
CCGCCTTGCGATGTCG-1,0.017011,0.311107,0.671883
CCGCGATTTGGTAGGT-1,0.011042,0.000246,0.988712
CCGCGCAAGATACCCA-1,0.075036,0.356398,0.568566
CCGCGGAATGCGTCAC-1,0.000009,0.916627,0.083364
CCGCGGGTACGAAGAA-1,0.04214,0.03024,0.92762
CCGCGTAGGTAAGGGC-1,0.000051,0.000354,0.999595
CCGCTATCAGCACCAG-1,0.016419,0.778725,0.204855
CCGCTGGTGCCATTCA-1,0.078869,0.835575,0.085556
CCGCTTACCTCACTCT-1,0.020257,0.814067,0.165676
CCGCTTGCTGACATGG-1,0.004588,0.904641,0.090771
CCGGAATGGTTTCAGT-1,0.000027,0.001581,0.998392
CCGGAGCGTACTTTCT-1,0.211887,0.278885,0.509229
CCGGAGGTCTTATGGT-1,0.000016,0.574129,0.425855
CCGGCACGACCGTTTC-1,0.000027,0.602326,0.397648
CCGGCCGCGAGCATAT-1,0.01508,0.466729,0.518192
CCGGCGCATATTGGAT-1,0.955479,0.000255,0.044266
CCGGCGTGAGACTCTG-1,0.006669,0.25717,0.736161
CCGGGACCCGCAGAGA-1,0.119574,0.075602,0.804824
CCGGGCGGTCTCGTCA-1,0.00728,0.699777,0.292942
CCGGGCTGCTCCATAC-1,0.030272,0.817603,0.152124
CCGGGTTCGAGGTTAC-1,0.069524,0.016702,0.913774
CCGGTAATGGCTAGTC-1,0.096982,0.53097,0.372048
CCGGTTTGTAATTGTG-1,0.001841,0.23348,0.764678
CCGTAAGTTGGTCCCA-1,0.060931,0.771315,0.167754
CCGTATCTCGTCGTAG-1,0.015876,0.846242,0.137882
CCGTATTAGCGCAGTT-1,0.034873,0.570571,0.394556
CCGTGAGGCATTCATG-1,0.000042,0.3834,0.616558
CCGTGCCCATGACGGC-1,0.00013,0.176759,0.823111
CCGTGGAACGATCCAA-1,0.008474,0.624502,0.367024
CCGTGTTAAATTCCAT-1,0.000093,0.535185,0.464722
CCGTTACGTTAGAACA-1,0.128272,0.635685,0.236042
CCGTTCCGAATCTCGG-1,0.00002,0.065498,0.934481
CCTAAAGGCTGACGCT-1,0.000022,0.999685,0.000293
CCTAAATTAACGGTTC-1,0.035039,0.675689,0.289272
CCTAACCCAAACAAGT-1,0.032296,0.205054,0.762651
CCTAACTAAGGCTCTA-1,0.010517,0.949654,0.039829
CCTACAAGTCCGGAAT-1,0.005706,0.6266,0.367694
CCTACATTCACAGACG-1,0.000413,0.817051,0.182536
CCTACGCGACCTTACA-1,0.054132,0.71407,0.231798
CCTACGGCTCAGTCGA-1,0.03629,0.204456,0.759254
CCTACTGCGGCGGCCA-1,0.001454,0.662839,0.335707
CCTACTGCTTACACTT-1,0.36944,0.000525,0.630035
CCTAGGCGTAGCGATC-1,0.032906,0.903681,0.063413
CCTAGGTAAAGGTAGC-1,0.014979,0.385311,0.59971
CCTAGTTAGTCGCATG-1,0.159828,0.164082,0.676091
CCTATAATGAGTGCCC-1,0.179372,0.230373,0.590256
CCTATACCGTCCTGTC-1,0.003404,0.68751,0.309086
CCTATATCGTGTCACG-1,0.007111,0.508593,0.484296
CCTATATTTGTCCTGG-1,0.301773,0.00029,0.697938
CCTATCTATATCGGAA-1,0.284485,0.124107,0.591408
CCTATGAAGTGGTGCC-1,0.000024,0.612679,0.387297
CCTATGGCTCCTAGTG-1,0.16145,0.000312,0.838239
CCTATGGGTTACCGTC-1,0.232613,0.049947,0.71744
CCTATTATTCCGGCCG-1,0.25805,0.00474,0.737209
CCTCAACGATCGCTGT-1,0.018278,0.005838,0.975884
CCTCACCAATCTTGAC-1,0.00003,0.060607,0.939363
CCTCACCTGAGGGAGC-1,0.000031,0.524602,0.475368
CCTCACCTTAGCATCG-1,0.05087,0.435914,0.513215
CCTCCCGACAATCCCT-1,0.999549,0.000287,0.000164
CCTCCGACAATTCAAG-1,0.000023,0.049018,0.950959
CCTCCTGAGCCCACAT-1,0.004516,0.152776,0.842708
CCTCGAAGTGGACGGG-1,0.792999,0.02796,0.179041
CCTCGACCCACTGCCT-1,0.000319,0.811771,0.18791
CCTCGCCAGCAAATTA-1,0.278586,0.348201,0.373214
CCTCGCGCGATATAGG-1,0.006631,0.775334,0.218036
CCTCGCGCTGTGCGAT-1,0.097248,0.155461,0.747291
CCTCGGACCGGGATAG-1,0.014743,0.775382,0.209875
CCTCGGATGCTACCTG-1,0.034645,0.002146,0.96321
CCTCGTTACGCCTGTT-1,0.044952,0.530726,0.424322
CCTCTAATCTGCCAAG-1,0.536217,0.206545,0.257238
CCTCTATCGATTAGCA-1,0.002113,0.63475,0.363137
CCTCTCTCCCATCTAG-1,0.000046,0.111999,0.887955
CCTCTGGCCTAGACGG-1,0.09392,0.807308,0.098773
CCTCTGTACTATTCTA-1,0.018003,0.838974,0.143023
CCTGAACGATATATTC-1,0.003381,0.836296,0.160323
CCTGAATATTTACATA-1,0.56447,0.000527,0.435003
CCTGACCACCGATGGT-1,0.016049,0.712556,0.271395
CCTGACGCAACCTTTA-1,0.066913,0.526197,0.406889
CCTGCCCGTTGTCTAG-1,0.00318,0.110345,0.886475
CCTGCGTTCTACGCTT-1,0.010325,0.080518,0.909157
CCTGCTATTTGAGAAG-1,0.187142,0.016994,0.795864
CCTGGAAACGTTCTGC-1,0.368603,0.311751,0.319646
CCTGGCTAGACCCGCC-1,0.153279,0.002226,0.844495
CCTGTAAGACATGATA-1,0.132395,0.183895,0.68371
CCTGTACTCACGCCCA-1,0.000445,0.19942,0.800134
CCTGTCACCCGGGCTC-1,0.654685,0.074991,0.270324
CCTGTCCCTCACGTTA-1,0.000747,0.186741,0.812512
CCTGTCGCCCGTAAAT-1,0.029133,0.423006,0.54786
CCTGTGAAACCGTAAC-1,0.024034,0.127249,0.848717
CCTGTGCGGATTGTAA-1,0.000087,0.815697,0.184216
CCTTCAGTTAAAGTGA-1,0.410383,0.001031,0.588586
CCTTCTCAGCGTTCCT-1,0.022674,0.012248,0.965077
CCTTCTTGATCCAGTG-1,0.209014,0.790929,0.000057
CCTTTAAGGGAGCACT-1,0.000061,0.000428,0.999511
CCTTTCAATGAAGAAA-1,0.046507,0.756541,0.196952
CCTTTGAATTATGGCT-1,0.068568,0.353168,0.578264
CGAAACATAGATGGCA-1,0.028789,0.743015,0.228196
CGAAACGCAATTCATG-1,0.148753,0.182517,0.66873
CGAACATAGTCAGAAA-1,0.002623,0.608357,0.38902
CGAACCCGCATGCGTC-1,0.000011,0.821049,0.17894
CGAACGCCCAGTGCCG-1,0.365668,0.000421,0.633911
CGAACGGCCGGACAAC-1,0.019919,0.264981,0.7151
CGAAGACGGTGAGTGC-1,0.00947,0.085645,0.904885
CGAAGCTATAAATTCA-1,0.01802,0.735451,0.246529
CGAAGGGTTTCAGATT-1,0.383806,0.120228,0.495966
CGAAGTTGCTCTGTGT-1,0.000039,0.006442,0.993519
CGAATCTGCTCGACGC-1,0.056322,0.000247,0.943431
CGAATGAAGTCATTGC-1,0.605656,0.000164,0.39418
CGAATTACATGGTGTT-1,0.037871,0.693598,0.268531
CGACAATTTGATCTAA-1,0.008936,0.502301,0.488763
CGACACCGCTTAAGGA-1,0.013575,0.784987,0.201438
CGACACGCTCCGACAG-1,0.079413,0.339071,0.581516
CGACAGTTCGCGTTAT-1,0.058115,0.084965,0.856921
CGACATGCGATCTTCT-1,0.669045,0.000183,0.330772
CGACCCTTAACGCCGG-1,0.006841,0.237047,0.756112
CGACCTACTAGACAAT-1,0.056469,0.172421,0.77111
CGACGCATCCGTACCT-1,0.015635,0.401757,0.582608
CGACTCAGGATGTTAT-1,0.026842,0.60957,0.363588
CGACTCGGTACACGGT-1,0.00478,0.974176,0.021044
CGACTTTGTATAGCCT-1,0.000741,0.813549,0.18571
CGAGACCCTAGAGTGT-1,0.021754,0.351786,0.62646
CGAGAGATGTGAACCT-1,0.204509,0.00039,0.7951
CGAGAGCGCGTAGATA-1,0.022551,0.142418,0.83503
CGAGCACTTCAAGTTT-1,0.000906,0.01736,0.981735
CGAGCTGGGCTTTAGG-1,0.893085,0.000401,0.106514
CGAGGAGCTTCCATAT-1,0.000011,0.864139,0.13585
CGAGGATCGGGAACGA-1,0.000011,0.561031,0.438958
CGAGGCTAAATATGGC-1,0.150721,0.000781,0.848498
CGAGGGACTGCGGTCG-1,0.029706,0.677223,0.293071
CGAGTACTAAAGAGGA-1,0.020353,0.680688,0.29896
CGAGTGAAGGTACCAG-1,0.00001,0.750086,0.249904
CGAGTTCTGTCCCACC-1,0.009998,0.632401,0.357601
CGAGTTTATCGGACTG-1,0.000017,0.539723,0.46026
CGATACCTCGCGGACA-1,0.166463,0.117922,0.715615
CGATAGCGATACAGTG-1,0.44457,0.000732,0.554698
CGATCATTAGAGGCAC-1,0.021408,0.548041,0.430551
CGATCCGACCCAGTGC-1,0.149353,0.298965,0.551682
CGATCTGTTGGAGGAC-1,0.065869,0.17478,0.75935
CGATGGACCCTACGCC-1,0.00001,0.971755,0.028235
CGATGTTGTTATCTAC-1,0.000012,0.697102,0.302886
CGATTAAATATCTCCT-1,0.055246,0.144164,0.800591
CGCAAACACGAGTTAC-1,0.05575,0.137355,0.806894
CGCAATCGATCATTAG-1,0.000152,0.155948,0.8439
CGCAATTACTTTCGGT-1,0.000037,0.08125,0.918713
CGCAATTAGGGTAATA-1,0.109016,0.000192,0.890792
CGCAATTCTACAATAA-1,0.010534,0.000127,0.989339
CGCACATGTCCACTAC-1,0.026476,0.702969,0.270555
CGCACGTGCGCTATCA-1,0.000009,0.817423,0.182568
CGCAGAAACATTTGCG-1,0.728474,0.000166,0.271361
CGCAGATCTTCACCCG-1,0.013521,0.525966,0.460513
CGCATCATGGCTTCAG-1,0.142119,0.480508,0.377373
CGCATCCATCAGCCAG-1,0.015975,0.932748,0.051277
CGCATGGTGCGATGCT-1,0.004644,0.754034,0.241322
CGCATTAGCTAATAGG-1,0.580609,0.000416,0.418975
CGCCAAGAAGCCGAGT-1,0.012682,0.036413,0.950905
CGCCACAGGTCGCGAT-1,0.014464,0.391769,0.593767
CGCCATCCGATTATGA-1,0.000077,0.000537,0.999386
CGCCCAGCACGCCTAG-1,0.189725,0.000423,0.809852
CGCCCGCTTCCGTACA-1,0.247618,0.531421,0.220962
CGCCCTTGAAGGCTGA-1,0.180262,0.009144,0.810594
CGCCGACTATTCGCTA-1,0.020985,0.00011,0.978905
CGCCGCCCATGCCTGT-1,0.009562,0.923764,0.066673
CGCCGGTGTCGCAGTA-1,0.014912,0.582662,0.402426
CGCCGTCTACCCATCG-1,0.303556,0.263587,0.432857
CGCCTCCCTCCTCTAT-1,0.004634,0.990402,0.004963
CGCCTGGCCTACGTAA-1,0.023835,0.114441,0.861723
CGCGACACTGCGCAGC-1,0.006596,0.000114,0.99329
CGCGAGAGGGACTTGT-1,0.007682,0.667005,0.325312
CGCGAGTCTGCCGGGT-1,0.013034,0.471516,0.51545
CGCGCAAATGTCCAGA-1,0.012203,0.770638,0.217159
CGCGCATGTTTGATTG-1,0.010231,0.722935,0.266834
CGCGCCCGACTTAATA-1,0.217942,0.02465,0.757408
CGCGGCTCAACTTGAA-1,0.005924,0.685515,0.308561
CGCGGGAATTAGGCAG-1,0.058505,0.922047,0.019448
CGCGGTAAGTCTAGCT-1,0.000005,0.999976,0.000019
CGCGGTCACAAACCAA-1,0.013812,0.745604,0.240584
CGCGTCATATTAAACC-1,0.720845,0.000409,0.278746
CGCGTTCATGAAATAC-1,0.29793,0.052343,0.649726
CGCTACGGGACATTTA-1,0.167625,0.047569,0.784806
CGCTAGAGACCGCTGC-1,0.000007,0.972297,0.027696
CGCTATTCAATGTATG-1,0.016772,0.031915,0.951313
CGCTATTCTTAGGCTC-1,0.018022,0.789459,0.192519
CGCTCGACATAATGAT-1,0.032965,0.565754,0.401281
CGCTCTCCGTAGATTA-1,0.048555,0.000334,0.951112
CGCTGGTGACTACCCT-1,0.162543,0.18988,0.647577
CGCTGTGACGCCGCAC-1,0.053443,0.408505,0.538052
CGCTGTGTGGATGTTG-1,0.202106,0.000569,0.797325
CGCTTATTCCCGGTCG-1,0.000093,0.000652,0.999255
CGCTTCCACTGAAATC-1,0.012448,0.147749,0.839803
CGCTTTCATACCGGTG-1,0.080551,0.029558,0.889891
CGCTTTCTTGCATTCG-1,0.019278,0.721072,0.259651
CGGAAAGAATCAAACG-1,0.397165,0.083908,0.518927
CGGAAATTTCACATCC-1,0.058967,0.622008,0.319025
CGGAACGTAAACATAG-1,0.016702,0.677339,0.305959
CGGACGTTACTTGAAG-1,0.00738,0.246086,0.746534
CGGAGCAATTTAATCG-1,0.013774,0.172291,0.813935
CGGAGCATGGCGATCC-1,0.00002,0.700524,0.299456
CGGAGCTTATAACACC-1,0.156525,0.684111,0.159364
CGGAGTTTGAGAGACA-1,0.036729,0.129556,0.833715
CGGCAAACATCGTGCG-1,0.005765,0.472823,0.521412
CGGCACCGTTAGCGCC-1,0.058425,0.910751,0.030824
CGGCAGGGTCGGGTTG-1,0.035991,0.601719,0.36229
CGGCCACGCACAAAGT-1,0.111823,0.176738,0.711439
CGGCCCAACCTGTAGT-1,0.000576,0.943266,0.056158
CGGCCCAGGTATATCC-1,0.150238,0.397399,0.452363
CGGCTCTTCGTCGAAC-1,0.000088,0.403537,0.596375
CGGCTGCAAGATTAAG-1,0.472996,0.009089,0.517915
CGGCTTTGTATGATAA-1,0.582947,0.00033,0.416723
CGGGAATTTATGTAAA-1,0.00523,0.814395,0.180375
CGGGAGCTTCAGTGTA-1,0.004027,0.009864,0.986109
CGGGATCAATGTAAGA-1,0.835144,0.000255,0.164602
CGGGCAGCTAAACCGC-1,0.291282,0.275014,0.433704
CGGGCCTTCTTTGTAA-1,0.000008,0.999773,0.000219
CGGGTGTACCCATTTA-1,0.001909,0.840138,0.157953
CGGGTTCGGCACGTAT-1,0.058174,0.419599,0.522227
CGGTACGGCAAACCCA-1,0.021477,0.407199,0.571324
CGGTACTAGAATCAAA-1,0.000008,0.885803,0.114189
CGGTAGAGGTGCAGGT-1,0.009179,0.776173,0.214648
CGGTATAGGTATTAGC-1,0.001315,0.612436,0.386249
CGGTCAAGTGGGAACC-1,0.085647,0.255204,0.659149
CGGTCCATGAGACTCC-1,0.020586,0.718163,0.261251
CGGTCCGTCGCAAGCC-1,0.124037,0.001344,0.874619
CGGTCTATCAACCCGT-1,0.115537,0.369156,0.515307
CGGTGAAGACTAAAGT-1,0.025034,0.227827,0.747139
CGGTGCAGATAGAACG-1,0.130219,0.129643,0.740138
CGGTGCGCGTTGGTCC-1,0.013328,0.608023,0.378649
CGGTGGGCTCCAGCCT-1,0.000012,0.784441,0.215547
CGGTGTACTTGATCCC-1,0.035938,0.026396,0.937666
CGGTTATCCAACAGTG-1,0.07801,0.660048,0.261941
CGGTTCAAGTAGGTGT-1,0.013887,0.774024,0.212089
CGGTTGACCTGGCATA-1,0.004523,0.152349,0.843129
CGGTTGGGTTCAAGTT-1,0.001777,0.6176,0.380623
CGGTTTACTGAACATT-1,0.339944,0.019951,0.640105
CGGTTTATGAAGGAAC-1,0.036827,0.568702,0.394471
CGTACCTGATAGGCCT-1,0.721484,0.084444,0.194072
CGTAGCGAATTGTCAG-1,0.384135,0.000425,0.61544
CGTAGCGCCGACGTTG-1,0.306587,0.010943,0.68247
CGTATTAAGAGATCTA-1,0.55107,0.134418,0.314512
CGTATTGTTTCCTAAT-1,0.006846,0.626342,0.366812
CGTCAAATGGTCGCAG-1,0.008205,0.840144,0.151651
CGTCAAGGCTATAAAT-1,0.003149,0.000123,0.996728
CGTCACGTCCATTGGT-1,0.000014,0.830567,0.169419
CGTCAGTGCGCACAAG-1,0.033104,0.097178,0.869719
CGTCAGTTTATCGTCT-1,0.830907,0.168724,0.000369
CGTCATACCATATCCA-1,0.000027,0.007373,0.9926
CGTCGCTTGGTTATAC-1,0.312676,0.12922,0.558105
CGTCGGATAGTGTTGA-1,0.006232,0.823776,0.169992
CGTCGGGTCTAAGCGC-1,0.042458,0.586591,0.370951
CGTCTGGAAGGGCCCG-1,0.963819,0.000345,0.035837
CGTGAAGTTAATTCAC-1,0.000013,0.932454,0.067533
CGTGACATTGGGTCGT-1,0.019196,0.580214,0.40059
CGTGCAGACTGGGACA-1,0.032622,0.480544,0.486834
CGTGCATTGTCGACGC-1,0.019122,0.137101,0.843777
CGTGCCCTCCCGAAGA-1,0.000018,0.670513,0.329469
CGTGCTTCTACCTAAA-1,0.253539,0.000327,0.746133
CGTGGCCGAATATCTA-1,0.18413,0.002204,0.813665
CGTGTCCCATTCGCGA-1,0.057325,0.185343,0.757333
CGTGTCTCGTTACGAC-1,0.149103,0.00047,0.850428
CGTGTGTTAAACCCTG-1,0.000021,0.41184,0.58814
CGTTAGCTCACAACTG-1,0.000009,0.998806,0.001185
CGTTATCATACTTCCA-1,0.016099,0.162439,0.821462
CGTTCATGGTGCGCGT-1,0.085703,0.321699,0.592598
CGTTCTTCGCACACCT-1,0.055552,0.567208,0.377241
CGTTGAGCGACCGTCG-1,0.000388,0.944947,0.054665
CGTTGAGTAATTGCGT-1,0.000018,0.74351,0.256472
CGTTGTAAACGTCAGG-1,0.000023,0.000163,0.999814
CGTTGTAAGATTGATT-1,0.000008,0.999961,0.000032
CGTTGTTTCAATTCCC-1,0.054764,0.084393,0.860843
CGTTTAAGCGGAGCAC-1,0.968662,0.000227,0.031111
CGTTTACAAGGCAGCT-1,0.009943,0.771371,0.218685
CGTTTCACTTCGGGCG-1,0.000011,0.99965,0.000339
CGTTTCGCTCATTACA-1,0.247339,0.063403,0.689258
CGTTTGTGTAGAGGGT-1,0.000015,0.90505,0.094935
CTAAAGAATGCCTACT-1,0.043275,0.154977,0.801748
CTAAAGGGAAATAGGA-1,0.014019,0.708799,0.277182
CTAAATCCGGTGTACA-1,0.211006,0.000486,0.788509
CTAAATCCTATTCCGG-1,0.04653,0.704496,0.248973
CTAACAGCACAATAAC-1,0.08367,0.077085,0.839244
CTAACCGCGCGCCCGT-1,0.000036,0.020808,0.979156
CTAACGAAACTTGCTG-1,0.006857,0.658293,0.334849
CTAACTGGTCCGGTTC-1,0.011453,0.816625,0.171922
CTAAGGGAATGATTGG-1,0.000012,0.792831,0.207157
CTAAGTACAGGGCTAC-1,0.000585,0.928942,0.070473
CTAATTATGAAGCGTA-1,0.001636,0.559297,0.439067
CTAATTCGCACGCGCT-1,0.02364,0.000209,0.976152
CTAATTCTCAGATATT-1,0.018811,0.660721,0.320468
CTAATTTCAACAACAC-1,0.022503,0.016998,0.960499
CTACAAGAAATAACCC-1,0.051213,0.049651,0.899137
CTACCCTAAGGTCATA-1,0.009094,0.652838,0.338068
CTACGAACTAGGTCGA-1,0.108808,0.480179,0.411013
CTACGACTAGCTATAA-1,0.019844,0.000117,0.98004
CTACGCACGGAGTACC-1,0.056611,0.111946,0.831443
CTACGCCATTTCCGAT-1,0.137576,0.71354,0.148883
CTACTATCATAGGTTT-1,0.001823,0.605395,0.392782
CTACTATCTTTCAGAG-1,0.027896,0.734039,0.238065
CTACTCAAGGTATAGT-1,0.122731,0.001686,0.875583
CTACTCTAGGCCCGGC-1,0.0062,0.054526,0.939274
CTACTGCCACCTGACC-1,0.609403,0.000422,0.390176
CTAGACATATATGTAG-1,0.008004,0.301173,0.690823
CTAGACTGCATTTCGT-1,0.031221,0.837813,0.130966
CTAGATGTGAGTGTAA-1,0.000015,0.732552,0.267433
CTAGATTTACGACGGC-1,0.007626,0.992261,0.000113
CTAGCATAGTATAATG-1,0.102227,0.32015,0.577623
CTAGCCGATGTTATGA-1,0.022212,0.87578,0.102008
CTAGGCGCCCTATCAG-1,0.0958,0.000989,0.903211
CTAGGTCTGAAGGAAT-1,0.000883,0.919826,0.079291
CTAGTATTCGGAATTA-1,0.033227,0.929954,0.036819
CTAGTCACGTCTTAAG-1,0.002162,0.950469,0.047369
CTAGTGAAGGACAGGA-1,0.000084,0.158249,0.841667
CTAGTTACAACCCGGT-1,0.02149,0.41973,0.55878
CTAGTTGGGCCCGGTA-1,0.518773,0.000256,0.480971
CTATAAGAGCCAATCG-1,0.017206,0.578306,0.404488
CTATACTTAAAGCGAG-1,0.095716,0.227851,0.676432
CTATAGGCGTTGATGT-1,0.547134,0.001131,0.451735
CTATCGGGTCTCAACA-1,0.002027,0.988936,0.009036
CTATGTCACTAGCCCA-1,0.419665,0.000516,0.579819
CTATGTCTATTGAAAC-1,0.643154,0.000215,0.356632
CTATGTGAGTCACGGC-1,0.000999,0.142575,0.856425
CTATTCATGTGTCCCA-1,0.005567,0.652107,0.342326
CTATTGTGTTTGGTCA-1,0.003087,0.708399,0.288514
CTATTTGGTTACGGAT-1,0.049066,0.563042,0.387891
CTCAAGACATTAGCGC-1,0.000377,0.70048,0.299143
CTCACACGCAAGCCTA-1,0.016898,0.970948,0.012154
CTCACCAGTACAAGTG-1,0.002555,0.102051,0.895394
CTCACCGATCCAAACT-1,0.011378,0.620367,0.368255
CTCACTTGGCTGGTAA-1,0.001169,0.117202,0.881629
CTCAGATTGTGATAAG-1,0.015923,0.061681,0.922396
CTCAGGACTCACCTGT-1,0.000039,0.001972,0.997989
CTCAGTCACGACAAAT-1,0.000007,0.893984,0.106009
CTCATCACTTAGTGAT-1,0.000008,0.935983,0.064009
CTCATGGCTCACAATC-1,0.999749,0.00016,0.000091
CTCATGGTAATTTGCG-1,0.00002,0.472885,0.527095
CTCATTAACGTTGCCC-1,0.000009,0.82856,0.171431
CTCATTCGTGAACATC-1,0.019213,0.08063,0.900157
CTCATTTGATGGGCGG-1,0.999723,0.000176,0.000101
CTCCCTCCTTTCGATC-1,0.028219,0.723611,0.248169
CTCCGCCCACATGAGG-1,0.023753,0.303833,0.672414
CTCCGGCCTAATATGC-1,0.947168,0.051316,0.001516
CTCCTCCAGCTCACAC-1,0.415239,0.000191,0.584571
CTCCTTTACGCAAGTC-1,0.018297,0.451072,0.530631
CTCGAATGGAACGTAT-1,0.106822,0.432816,0.460361
CTCGAGACATACGATA-1,0.002395,0.449531,0.548074
CTCGAGGTCGAACAGT-1,0.618988,0.010645,0.370367
CTCGATATTTGCGAGC-1,0.006952,0.878889,0.114159
CTCGCACCTATATAGT-1,0.686986,0.000394,0.31262
CTCGCATTGCATAGCC-1,0.011439,0.192246,0.796315
CTCGCCGAATGTAGGG-1,0.07166,0.134276,0.794064
CTCGGGATAACACCTA-1,0.000007,0.964909,0.035084
CTCGGGTTCTCTGGCC-1,0.296553,0.05539,0.648057
CTCGGTACCACTGCTC-1,0.010287,0.957628,0.032085
CTCGGTCCGTAGCCTG-1,0.001116,0.456753,0.542131
CTCGGTTGTCGGCCCT-1,0.007072,0.875679,0.117249
CTCGTCGAGGGCTCAT-1,0.051237,0.168828,0.779934
CTCGTTTCTAATGTTT-1,0.028674,0.792866,0.17846
CTCTAATGCATTGATC-1,0.000024,0.708638,0.291339
CTCTACACTGGCGATT-1,0.002665,0.120065,0.877269
CTCTATTTGGCTGCAG-1,0.000019,0.623466,0.376515
CTCTCACAATCGATGA-1,0.126969,0.291675,0.581355
CTCTCGATGTGCGCCT-1,0.988866,0.000373,0.010761
CTCTCGCTGTACTATG-1,0.012066,0.063775,0.92416
CTCTCTAACTGCCTAG-1,0.002805,0.569815,0.427381
CTCTGCGAAGCAAGCA-1,0.048573,0.254702,0.696724
CTCTGGACGCCTGGTG-1,0.243269,0.094626,0.662105
CTCTGTTTGAGGATTC-1,0.754695,0.127146,0.118159
CTCTTCTATTGACTGG-1,0.439586,0.126741,0.433672
CTCTTCTGGAAGTTAG-1,0.45732,0.001274,0.541406
CTCTTGTCCCGCTTGG-1,0.000065,0.141781,0.858154
CTGAAAGAGATCCGAC-1,0.892091,0.05839,0.049519
CTGAATCCGAGACCTC-1,0.008185,0.690882,0.300933
CTGAATTTATTGCCAG-1,0.038241,0.628813,0.332946
CTGACTGCGCAGCTCG-1,0.000013,0.813072,0.186915
CTGAGCGAGACTTATT-1,0.000008,0.922066,0.077926
CTGATAGTGTATCTCA-1,0.006556,0.000154,0.99329
CTGCACAACTACATAT-1,0.00786,0.332029,0.660111
CTGCACCTAGTCCACA-1,0.000007,0.979906,0.020087
CTGCACCTGGAACCGC-1,0.017096,0.04262,0.940285
CTGCACTCCAGTACAG-1,0.080004,0.184198,0.735798
CTGCCAAGGTTGGAAG-1,0.155063,0.038832,0.806105
CTGCCATGCATCACAT-1,0.000009,0.960555,0.039436
CTGCCCACGAAGCGTT-1,0.023894,0.238778,0.737328
CTGCCTAGCCACCAAG-1,0.125042,0.507681,0.367277
CTGCCTCATATGCAAC-1,0.001642,0.860856,0.137502
CTGCCTTTAATACCTT-1,0.729009,0.000881,0.27011
CTGCGGGTGAAATGTT-1,0.0433,0.023432,0.933269
CTGCGGTAGTCACGTG-1,0.02033,0.747344,0.232326
CTGCGTTACGATATAA-1,0.000008,0.999944,0.000047
CTGCTGAGGCCACGAA-1,0.008828,0.501441,0.489731
CTGCTTGGCGATAGCT-1,0.102015,0.17122,0.726764
CTGCTTTATGTCCGCG-1,0.000017,0.713607,0.286376
CTGGAAATGGATGCTT-1,0.578256,0.000239,0.421505
CTGGAAGACACGGTGG-1,0.093164,0.177595,0.729241
CTGGACGCAGTCCGGC-1,0.049869,0.414224,0.535907
CTGGATTTACACTTGA-1,0.000016,0.86753,0.132454
CTGGCATCCGAATGAG-1,0.022651,0.684104,0.293245
CTGGCGACATAAGTCC-1,0.214778,0.257894,0.527327
CTGGCGCACAGGTCTG-1,0.000009,0.973528,0.026463
CTGGCGGGAATAAGTA-1,0.030834,0.367869,0.601297
CTGGCTGATTCATCCT-1,0.084278,0.181326,0.734396
CTGGCTGGTTGTCAGT-1,0.00005,0.274746,0.725204
CTGGGATAAATAATGG-1,0.020313,0.747143,0.232544
CTGGGATACGCTACCC-1,0.000042,0.424152,0.575806
CTGGGCCTGCTATATC-1,0.085716,0.179264,0.735021
CTGGGCTATCCTTTGG-1,0.000111,0.27946,0.720428
CTGGGTAGGCAGTTAA-1,0.026827,0.583752,0.389421
CTGGGTTGAGTTAAAG-1,0.009179,0.554387,0.436433
CTGGTAACACATAGAA-1,0.003107,0.829226,0.167668
CTGGTAACGAGCTCTT-1,0.009383,0.770409,0.220208
CTGGTCATTCCAATCC-1,0.000118,0.000119,0.999763
CTGGTCCTAACTTGGC-1,0.829883,0.00014,0.169976
CTGGTGAATGGGCCTA-1,0.456371,0.000143,0.543486
CTGGTTTCGAGCAAGA-1,0.00004,0.258911,0.741049
CTGTACTTCTTAGCAT-1,0.082782,0.308615,0.608602
CTGTAGCCATCTCACT-1,0.008132,0.358205,0.633663
CTGTATGGTGTAGAAA-1,0.034456,0.000101,0.965443
CTGTCAAATGGCTCGG-1,0.035375,0.152275,0.81235
CTGTCACGCCAGGCGC-1,0.018021,0.775369,0.20661
CTGTGCAGGGTAGGTC-1,0.023188,0.711557,0.265255
CTGTTACCCAATCTAG-1,0.011181,0.83493,0.153889
CTGTTCACTGCCTGTG-1,0.407188,0.000429,0.592383
CTGTTCATCTCACGGG-1,0.000041,0.018279,0.98168
CTTAAATAAGACCCAT-1,0.000017,0.130363,0.869621
CTTAACTTCGAAGTAC-1,0.999802,0.000126,0.000072
CTTAAGCAGCGAGCCG-1,0.043825,0.391148,0.565026
CTTACACGGTATTCCA-1,0.057424,0.537777,0.404799
CTTACACTGGGAAATA-1,0.020176,0.39209,0.587733
CTTAGCCCGGATAGTG-1,0.016738,0.118372,0.86489
CTTAGCCTTCCACATG-1,0.63495,0.101708,0.263342
CTTAGGTATAGACCAG-1,0.08774,0.240592,0.671668
CTTAGGTCCCAATCGT-1,0.000022,0.553384,0.446594
CTTAGTAGGCCTACAG-1,0.017917,0.623803,0.358279
CTTATGCGCTCAGGGC-1,0.000021,0.036082,0.963897
CTTCAGTGGTCGCCTA-1,0.008314,0.790163,0.201523
CTTCATAGCTCAAGAA-1,0.000503,0.085403,0.914095
CTTCATTGTCAGTGGA-1,0.082272,0.292639,0.625088
CTTCCGCTCCGTGAAG-1,0.000052,0.190415,0.809533
CTTCCTGCATATTTAC-1,0.003833,0.713169,0.282997
CTTCGTAGATAGGTGA-1,0.123144,0.061675,0.81518
CTTCTATGTTGAAGTA-1,0.034014,0.186857,0.779129
CTTCTATTAATGCTAG-1,0.000011,0.971846,0.028143
CTTCTTACGTCGTATA-1,0.999676,0.000206,0.000118
CTTGACCCGAAAGATA-1,0.583297,0.000123,0.41658
CTTGAGTTAGGGTAAT-1,0.005961,0.632233,0.361806
CTTGCAACCGCCTCCT-1,0.046658,0.000253,0.953089
CTTGCCCAGGCTCTAC-1,0.019068,0.63306,0.347872
CTTGGCCAAGCTGGGA-1,0.453807,0.000468,0.545725
CTTGTACTTGTTGACT-1,0.064527,0.139642,0.795831
CTTGTCAACATTCGAG-1,0.000005,0.999977,0.000019
CTTGTGCTCACCGATT-1,0.000018,0.886426,0.113557
CTTGTTGCTGAGTCAA-1,0.032946,0.702744,0.264309
CTTGTTTATGTAGCCA-1,0.00215,0.000198,0.997652
CTTTAACTTTCAAAGG-1,0.68227,0.000203,0.317527
CTTTAATATTGGTCGA-1,0.029575,0.26429,0.706136
CTTTACCGAATAGTAG-1,0.064947,0.174537,0.760516
CTTTAGGAACACTGTT-1,0.04045,0.589607,0.369943
CTTTAGTGCTATTATT-1,0.00499,0.876605,0.118405
CTTTCTGTGCGGGCTT-1,0.055136,0.120843,0.824021
CTTTGACGTCGCTTCT-1,0.024154,0.345458,0.630388
CTTTGGCGCTTTATAC-1,0.00003,0.000212,0.999758
CTTTGGCTTTAGTAAA-1,0.000043,0.000303,0.999654
CTTTGGGATTGTTGCA-1,0.633088,0.000371,0.366541
CTTTGTCGAATGCTCC-1,0.001821,0.624951,0.373228
GAAACAGATGACCACC-1,0.000014,0.590259,0.409727
GAAACAGCCATGCAGT-1,0.853776,0.000293,0.145932
GAAACATAGGAAACAG-1,0.000077,0.13256,0.867363
GAAACCATGGTGCGCT-1,0.019525,0.574304,0.406171
GAAACCGAATTACCTT-1,0.027389,0.54068,0.431932
GAAACCTATACAAATG-1,0.562429,0.013922,0.423649
GAAACTCGTGCGATGC-1,0.029051,0.003362,0.967587
GAAACTCTAATGAAGG-1,0.326971,0.000811,0.672218
GAAAGAACAGCGTTAT-1,0.000005,0.95498,0.045015
GAAAGCAGTGCACTTT-1,0.023884,0.14429,0.831827
GAAAGCCCTTTGGACC-1,0.039713,0.086664,0.873623
GAAAGTGACTAACTGC-1,0.000018,0.038223,0.961759
GAAATACCTGCTGGCT-1,0.00005,0.787194,0.212756
GAAATACTAAACGTTT-1,0.00009,0.00063,0.99928
GAAATATCACCATCAG-1,0.00502,0.046329,0.94865
GAAATATGCTTGAATG-1,0.010614,0.56756,0.421827
GAAATCGCGCGCAACT-1,0.593553,0.000319,0.406128
GAAATGGCGGTGTTAG-1,0.836443,0.088149,0.075408
GAAATTAGCACGGATA-1,0.004189,0.837056,0.158755
GAAATTCACATCGCTG-1,0.001988,0.02985,0.968162
GAAATTGTCTCTATAA-1,0.001208,0.950601,0.04819
GAACACACATCAACCA-1,0.102526,0.069127,0.828347
GAACATTAGTATGTTA-1,0.009079,0.616865,0.374056
GAACCATCTGGGAGAC-1,0.770142,0.070883,0.158975
GAACCTCGACCTACAC-1,0.018153,0.219171,0.762676
GAACGACCGAATGATA-1,0.813653,0.02727,0.159077
GAACGATAAGTTAAAG-1,0.000009,0.802204,0.197787
GAACGTCTCATGGTCG-1,0.053354,0.825859,0.120787
GAACGTTAGGAAGACG-1,0.000017,0.022443,0.97754
GAACTTAGCGCCCGGT-1,0.029961,0.695487,0.274553
GAACTTGTGCACGGGA-1,0.000005,0.994823,0.005172
GAAGAAACGATATTGT-1,0.140739,0.230311,0.62895
GAAGACTTCAATGCCG-1,0.706135,0.002902,0.290963
GAAGCCGGGTAAGCTC-1,0.000151,0.12227,0.877579
GAAGCGTGAGGAATTT-1,0.135522,0.162922,0.701556
GAAGCTCGGACCCGTC-1,0.000651,0.537821,0.461529
GAAGCTTGCTGACCGC-1,0.020162,0.168669,0.811169
GAAGGCTACCATTGTT-1,0.000014,0.672039,0.327947
GAAGTCAGTTGCACTA-1,0.000015,0.748463,0.251521
GAAGTCTCCCTAGCGA-1,0.010421,0.63311,0.356469
GAAGTGATTTATCGTG-1,0.116489,0.117474,0.766037
GAAGTGCTGGATAGCT-1,0.903596,0.000296,0.096108
GAAGTTTCCACTCAAT-1,0.224067,0.157555,0.618378
GAATAGACGCGACCCA-1,0.000005,0.999975,0.00002
GAATAGCCCTGCGGTC-1,0.08632,0.675576,0.238103
GAATAGTGCTCGATTA-1,0.137287,0.000276,0.862437
GAATATTCGGAGTCCC-1,0.093541,0.723062,0.183396
GAATCGACATGGTCAC-1,0.000035,0.031311,0.968654
GAATCTGAACATTCTC-1,0.008508,0.71446,0.277032
GAATGAAGGTCTTCAG-1,0.027338,0.534338,0.438324
GAATGCCGAAATGACC-1,0.003248,0.014229,0.982523
GAATGGGCTTATCGAC-1,0.008672,0.235726,0.755602
GAATGTATGGCAGGTC-1,0.000007,0.999965,0.000028
GAATGTGGTCCGGATT-1,0.000016,0.644707,0.355277
GAATGTTGGGTAATCT-1,0.927419,0.071706,0.000875
GAATTATAGTGAAAGG-1,0.042906,0.664816,0.292278
GAATTCACCCGGGTGT-1,0.002297,0.900415,0.097288
GAATTTCTCGCTGCAG-1,0.000021,0.039963,0.960015
GACAAACATATGCAGG-1,0.028907,0.084628,0.886465
GACAACGACCATTGAA-1,0.12264,0.000771,0.876589
GACAACGCAGCTTACG-1,0.120904,0.11903,0.760065
GACACAAGGGAAGAAA-1,0.114966,0.182304,0.702729
GACACGAGTTAGAGGA-1,0.013276,0.001205,0.985519
GACACTGAGTTCAGTG-1,0.003826,0.996149,0.000025
GACAGATTTCTGGCTC-1,0.000026,0.097264,0.90271
GACAGCCAGACCTGAC-1,0.003056,0.757416,0.239528
GACAGGCACACACTAT-1,0.002545,0.011758,0.985697
GACATACTGTCGCAGA-1,0.000091,0.000636,0.999273
GACATCGATTTATAAC-1,0.000007,0.989233,0.01076
GACCAGAGCCCTGTAG-1,0.098475,0.260874,0.640651
GACCAGGTCATTCATA-1,0.096428,0.618199,0.285373
GACCCAATTATGATAC-1,0.006711,0.810986,0.182303
GACCCGTCGCCGGCTA-1,0.954125,0.00019,0.045685
GACCGACGTGAAAGCA-1,0.03201,0.534971,0.433019
GACCGACTGAAGCGTC-1,0.041639,0.044655,0.913706
GACCGTCAGGTCGTGA-1,0.04873,0.825381,0.125889
GACCGTGCTGACGGTG-1,0.000007,0.999964,0.000029
GACCGTTACATGCGAC-1,0.011729,0.026904,0.961367
GACGACGATCCGCGTT-1,0.182445,0.263849,0.553706
GACGCATACCCGTCGG-1,0.60418,0.051597,0.344223
GACGCCGTAAAGGCTA-1,0.007881,0.543041,0.449079
GACGCTTGCTTCTAAA-1,0.022401,0.060032,0.917567
GACGGACCGCGTTCCT-1,0.999677,0.000212,0.000111
GACGGGTTGGCCCGTA-1,0.487884,0.001174,0.510942
GACGGTCAATAGAAGC-1,0.010296,0.801881,0.187824
GACGTGTAGGGATTAT-1,0.000112,0.000781,0.999108
GACGTTCGTAAATACA-1,0.001877,0.707733,0.290391
GACTAACACAGCACCT-1,0.000026,0.877773,0.1222
GACTAAGATCATGCAC-1,0.183288,0.000581,0.816131
GACTAAGTAGGCTCAC-1,0.015425,0.304701,0.679873
GACTACAAAGCGGTGG-1,0.011479,0.656888,0.331633
GACTACAATTGCTCGT-1,0.133702,0.653088,0.213209
GACTCACCCACGTGAG-1,0.000019,0.691424,0.308556
GACTCCCAGAATAAGG-1,0.013701,0.56155,0.424748
GACTCCTTCCAATTGA-1,0.00037,0.745162,0.254468
GACTCGCGGGAATGAC-1,0.012262,0.747558,0.24018
GACTCGGTCGGCGGAT-1,0.022596,0.565662,0.411742
GACTGATTGGTCACAA-1,0.01251,0.771217,0.216273
GACTGCACCAGCCCAG-1,0.194989,0.453826,0.351185
GACTGCGGCACGTGTA-1,0.011305,0.000124,0.988571
GACTGGGCGCCGCAAC-1,0.009896,0.017335,0.972769
GAGAATCTCACGATCA-1,0.011398,0.00735,0.981252
GAGACCCTGCAACGCC-1,0.024444,0.570614,0.404941
GAGACTGATGGGTAGA-1,0.893693,0.019536,0.086771
GAGACTTCGCGACCGA-1,0.004637,0.438163,0.557199
GAGAGCGCAGTCCCTG-1,0.000013,0.064883,0.935104
GAGAGGGCGCGAGGTT-1,0.267887,0.08219,0.649923
GAGAGGTGCATTCTGG-1,0.056304,0.079016,0.864679
GAGATCTGCTTGGCAT-1,0.040229,0.243086,0.716685
GAGATCTGTCACTCCG-1,0.161478,0.000355,0.838167
GAGATCTTCCATGACA-1,0.00001,0.71716,0.28283
GAGATGACAATCCTTA-1,0.007159,0.883353,0.109488
GAGATGGGAGTCGACA-1,0.079297,0.289425,0.631278
GAGCATCAACAACTTG-1,0.53604,0.000243,0.463716
GAGCCACGGTAGTAGG-1,0.000106,0.221667,0.778227
GAGCCGAGCGTTTATT-1,0.005775,0.746792,0.247433
GAGCGAGGGAGTACCG-1,0.857968,0.000257,0.141775
GAGCGCGCACGAGTAG-1,0.226173,0.078294,0.695533
GAGCGCTGTTAGGTAA-1,0.081302,0.000188,0.91851
GAGCTAAGGGCATATC-1,0.022916,0.680826,0.296258
GAGCTGTCGTCTCGGA-1,0.113467,0.704308,0.182225
GAGGAATGGAGAGGTT-1,0.000023,0.032077,0.9679
GAGGATAAACAGTGCT-1,0.198154,0.412244,0.389602
GAGGCATTTGCAGCAG-1,0.004368,0.640859,0.354773
GAGGCCCGACTCCGCA-1,0.000005,0.984046,0.015949
GAGGCTATCAAAGTCG-1,0.000021,0.011639,0.98834
GAGGGCCATAATATTA-1,0.00001,0.71946,0.28053
GAGGGCGCAGCTCTGC-1,0.001518,0.885743,0.112739
GAGGGTAGTAACAAAG-1,0.772746,0.000685,0.22657
GAGGTACATCCATCTT-1,0.675386,0.008761,0.315853
GAGGTCCCAAAGATCT-1,0.000025,0.000173,0.999802
GAGGTCTTAGTGGGTC-1,0.048714,0.657843,0.293443
GAGTAAGGCCACGGGA-1,0.016035,0.15584,0.828125
GAGTACGGGTATACAA-1,0.00002,0.313472,0.686508
GAGTATGCCCGCCTTG-1,0.060035,0.579098,0.360867
GAGTCAGACCAGAATC-1,0.001018,0.341669,0.657312
GAGTCCGCTTACCGGA-1,0.024691,0.727535,0.247775
GAGTCGACAGACCCTC-1,0.017789,0.089768,0.892443
GAGTCTTGTAAAGGAC-1,0.037538,0.265081,0.69738
GAGTGCACGGACAACA-1,0.000006,0.837306,0.162688
GAGTGTGCGGTACCCA-1,0.000011,0.880943,0.119046
GAGTTCTGTGGGTGCT-1,0.000019,0.448319,0.551662
GAGTTGATGGCAATTT-1,0.025606,0.408742,0.565652
GATAAATCGGTGGATG-1,0.000077,0.22154,0.778383
GATAACTCGCACTGTG-1,0.002505,0.661983,0.335512
GATACGATGGGAGTCA-1,0.001573,0.799596,0.19883
GATAGGTAACGTTGAC-1,0.000234,0.847559,0.152207
GATATCAAGCAGGAGC-1,0.003707,0.582646,0.413648
GATATCTCATGCAATA-1,0.991289,0.000167,0.008544
GATATGAGACACTAAC-1,0.051265,0.78927,0.159465
GATATGCGGTAGCCAA-1,0.000066,0.999669,0.000265
GATATGGATTACGCGG-1,0.007799,0.014662,0.97754
GATATTGAGATTGGCG-1,0.003557,0.915767,0.080676
GATATTTCCTACATGG-1,0.000008,0.999959,0.000033
GATCAACATAAAGGGA-1,0.407245,0.050053,0.542702
GATCATTCCAAACATT-1,0.436879,0.019448,0.543673
GATCCCTTTATACTGC-1,0.86613,0.086211,0.047659
GATCCGAATATAAGTG-1,0.05413,0.448825,0.497045
GATCCGGGAATTAACA-1,0.014179,0.629653,0.356168
GATCCTAAATCGGGAC-1,0.00001,0.906896,0.093095
GATCCTCGACACTGGC-1,0.000012,0.419454,0.580534
GATCCTCTTGCGCTTA-1,0.16966,0.471371,0.358968
GATCGACACTATCTGA-1,0.030194,0.433345,0.53646
GATCGCGGGCTCTCCA-1,0.165345,0.002451,0.832203
GATCGCTATATCTCAG-1,0.021757,0.000365,0.977879
GATCGGATAGAACCAT-1,0.007711,0.085238,0.907051
GATCGGCGATAAGTCG-1,0.000082,0.000576,0.999341
GATCGGTGGCCATAAC-1,0.487584,0.027494,0.484921
GATCGTGACTGATATC-1,0.015428,0.684793,0.299779
GATCTAACCGTATTCA-1,0.00534,0.42207,0.57259
GATCTGCTATCTAAGG-1,0.147212,0.002431,0.850357
GATCTTGGAGGGCATA-1,0.000582,0.55285,0.446568
GATCTTTGCAGGGTAT-1,0.000446,0.171608,0.827946
GATCTTTGCTCAAAGA-1,0.00001,0.763958,0.236032
GATGACAAGTAGGGCA-1,0.06554,0.126377,0.808083
GATGACGATGATCGCG-1,0.038518,0.475143,0.486339
GATGCCAGCAGAAGGC-1,0.000019,0.000135,0.999846
GATGCCTTCTGCGGCA-1,0.000011,0.504069,0.49592
GATGCGAATGGTATTA-1,0.000015,0.013001,0.986985
GATGCGTCCTGCATTC-1,0.054134,0.354309,0.591557
GATGCTACAAGCGCCT-1,0.007244,0.105234,0.887522
GATGCTGTATTTCATC-1,0.021409,0.762508,0.216083
GATGGCGCACACATTA-1,0.000022,0.000151,0.999828
GATGGTGCCCTAGGCA-1,0.138175,0.524761,0.337064
GATGTAACGAACCACC-1,0.023043,0.667932,0.309025
GATGTCGGTCAACTGC-1,0.148315,0.556696,0.294989
GATGTGTTGTCACAAG-1,0.115881,0.47742,0.406699
GATGTTCAATCCACGA-1,0.050125,0.601107,0.348768
GATGTTTGTGCGAGAT-1,0.014645,0.022995,0.962359
GATTACTGAATTTGGG-1,0.108815,0.10747,0.783715
GATTCCCTTGTCGCAG-1,0.904298,0.09198,0.003722
GATTCCGCGTTTCCGT-1,0.278875,0.364159,0.356966
GATTCCTATACGGCGC-1,0.002348,0.000887,0.996765
GATTCGACGGTTCACG-1,0.031038,0.702892,0.26607
GATTGACACTCTGCTC-1,0.886532,0.067484,0.045984
GATTGCTCCAGTTGCA-1,0.577648,0.000664,0.421688
GATTTAGTGCGTACTG-1,0.009758,0.54074,0.449501
GCAAACCCTACATTAT-1,0.098556,0.220215,0.681229
GCAAACCTTGGCCATA-1,0.139733,0.4163,0.443967
GCAAAGGGCGTTAGCC-1,0.292112,0.064987,0.642901
GCAAATATTACGCTTT-1,0.070579,0.201742,0.727679
GCAAATGAGGACACTT-1,0.064281,0.133165,0.802554
GCAACACACTAGAACT-1,0.005656,0.19133,0.803014
GCAACCACCAGACCGG-1,0.005317,0.972404,0.022279
GCAACCACGGCCGCGT-1,0.151849,0.001659,0.846492
GCAACCCAAGTTGTTT-1,0.014541,0.128652,0.856808
GCAACGGCTAGTTATG-1,0.21358,0.207594,0.578826
GCAAGAATTCCTTGGC-1,0.03558,0.345745,0.618675
GCAAGATGTGTTCGCG-1,0.015031,0.726234,0.258735
GCAAGCTGGAAACCGC-1,0.001674,0.624889,0.373437
GCAAGTGCACAGAGAA-1,0.06093,0.042647,0.896423
GCAATTAGTCGCACCG-1,0.000011,0.759072,0.240916
GCACAAACCCTAGATG-1,0.311917,0.000087,0.687995
GCACAACCTCGGGCGT-1,0.000789,0.862622,0.136588
GCACAAGTGTCGGAAG-1,0.906393,0.015363,0.078244
GCACACGCCCATGGTC-1,0.036154,0.096588,0.867259
GCACGCCTACTTAGAT-1,0.009479,0.601896,0.388626
GCAGAAACGTAATCCA-1,0.019406,0.619803,0.360791
GCAGACCCAGCACGTA-1,0.000081,0.696322,0.303597
GCAGATCCATAAGACT-1,0.132456,0.183152,0.684391
GCAGATCCTCGCAAAT-1,0.000014,0.000404,0.999582
GCAGATTAGGGATATC-1,0.008022,0.614875,0.377102
GCAGCACACAGCCCAG-1,0.347736,0.214038,0.438226
GCAGCCTATATCACAT-1,0.000029,0.374414,0.625557
GCAGCTATGGACAGGT-1,0.03668,0.526851,0.436469
GCAGGAACTTAGATCT-1,0.00965,0.775213,0.215138
GCAGGACTATAGAATA-1,0.046733,0.009902,0.943365
GCAGGTAGAGTATGGT-1,0.000012,0.867988,0.132
GCATACGAGGTCTTTA-1,0.008523,0.000116,0.991361
GCATAGAGCACTCAGG-1,0.033727,0.527294,0.438979
GCATCCCTAACTTTGA-1,0.019176,0.148499,0.832325
GCATGAGGGACGCGGC-1,0.001298,0.809424,0.189278
GCATGGGTACTGACGC-1,0.01198,0.03368,0.95434
GCATTCAAGGCAACGC-1,0.000016,0.703648,0.296336
GCATTCGAAATGAACA-1,0.036956,0.269276,0.693768
GCATTGACTTGCGGAA-1,0.025061,0.070273,0.904666
GCATTGTAATTCATAT-1,0.000024,0.179918,0.820058
GCATTTCCAAGGCTCC-1,0.003927,0.58587,0.410203
GCCAACCATTTCCGGA-1,0.000007,0.999964,0.000029
GCCAAGAATACTTCTG-1,0.02081,0.054042,0.925147
GCCAATAGGGCATCTC-1,0.046185,0.601314,0.352501
GCCACAATTTAAGGAC-1,0.000006,0.960478,0.039516
GCCAGGAGTAACCGAT-1,0.040658,0.709899,0.249443
GCCAGGCGTTCGCATG-1,0.082638,0.600019,0.317343
GCCATATTGCACACAG-1,0.053355,0.548837,0.397809
GCCATCGAGCTGCGTG-1,0.004016,0.798713,0.197272
GCCATCGATGCTGCAT-1,0.006512,0.745284,0.248204
GCCATTAGCCTCAAAC-1,0.003294,0.635365,0.36134
GCCCAGATGCTGGAGA-1,0.078942,0.391438,0.52962
GCCCAGTTGGTATGCC-1,0.014221,0.310614,0.675165
GCCCGACTTCTTCCCG-1,0.033248,0.712359,0.254394
GCCCGAGAGTCTAAAT-1,0.071592,0.044107,0.884301
GCCCGATCTGTGGTCG-1,0.009602,0.299229,0.691168
GCCCGCGCGTAAACGG-1,0.003581,0.765393,0.231027
GCCCGCGCGTTTGACA-1,0.000021,0.148099,0.85188
GCCCGTAATACCTTCT-1,0.06505,0.045873,0.889077
GCCCTAGCCGTCGCGA-1,0.0194,0.561595,0.419006
GCCGAAATTCCTACGT-1,0.497342,0.058834,0.443824
GCCGACCCACGACTGC-1,0.467111,0.124367,0.408522
GCCGATTGGCCAAGCT-1,0.026884,0.84102,0.132096
GCCGCATTAGTCCGGC-1,0.000034,0.009783,0.990183
GCCGCTTGTGAGAAAC-1,0.058919,0.028348,0.912733
GCCGGGTTAGGGTCGC-1,0.012601,0.834031,0.153369
GCCGTGGAAGAAATGT-1,0.021644,0.445396,0.53296
GCCTAGCGATCTGACC-1,0.002688,0.497953,0.499359
GCCTATAGTGTCAGGG-1,0.019576,0.828677,0.151746
GCCTATGCTGGGCCTT-1,0.012816,0.518536,0.468648
GCCTATTCCGATATAG-1,0.073798,0.038589,0.887613
GCCTATTTGCTACACA-1,0.05756,0.111983,0.830457
GCCTCATCTGGAAATA-1,0.000005,0.999977,0.000018
GCCTCTATACATAGCA-1,0.39911,0.000314,0.600576
GCCTGCTACACTGAGA-1,0.020322,0.381285,0.598392
GCCTTCAGCCCTACCG-1,0.040597,0.062471,0.896932
GCCTTTGTCAGTGGAC-1,0.355019,0.137657,0.507325
GCGAAACTTAACTGGA-1,0.000005,0.963048,0.036947
GCGAAGCCATACCCGT-1,0.5423,0.176013,0.281687
GCGACATGTAAACATC-1,0.000005,0.99923,0.000765
GCGACCCAACCATCTG-1,0.128591,0.053487,0.817922
GCGACGATAGTTGTAC-1,0.002547,0.745031,0.252422
GCGAGAGGCCATGTAA-1,0.000016,0.789687,0.210297
GCGAGAGTTGCGTCCA-1,0.000015,0.91409,0.085894
GCGAGCGCATGCTCCC-1,0.003637,0.638306,0.358057
GCGAGGCCCGAGCAGA-1,0.093013,0.000454,0.906533
GCGAGTTCTGCAAAGA-1,0.056632,0.436462,0.506906
GCGATTCTGGAAGCAG-1,0.105408,0.755841,0.138751
GCGATTGTTAACGTTA-1,0.019987,0.655261,0.324752
GCGCAAATATATTCAA-1,0.002164,0.098111,0.899725
GCGCAAGAGCGCGCTG-1,0.000014,0.721231,0.278755
GCGCATCCAGTCAGCA-1,0.02671,0.753236,0.220054
GCGCCGTTCCACGATA-1,0.017915,0.702953,0.279132
GCGCTAAGTATGCATG-1,0.059467,0.80165,0.138883
GCGCTAATTGAATAGA-1,0.018003,0.804916,0.177081
GCGCTATGCCGAGGCA-1,0.000577,0.978413,0.02101
GCGCTGATCCAGACTC-1,0.102328,0.749083,0.148589
GCGCTGCTTTGCATTT-1,0.02836,0.435824,0.535816
GCGGACCGCGTTGTGG-1,0.002517,0.821242,0.176241
GCGGAGAAACTTCGCA-1,0.001687,0.831478,0.166835
GCGGAGAGGGAGAACG-1,0.007933,0.89088,0.101187
GCGGCAAAGTATTGCC-1,0.010651,0.03157,0.957778
GCGGCTCTGACGTACC-1,0.154009,0.130103,0.715888
GCGGGAACCAGGCCCT-1,0.049292,0.085097,0.865612
GCGGGCATTACGATGC-1,0.000005,0.993138,0.006857
GCGGGCGAGCCTTACC-1,0.007656,0.238538,0.753806
GCGGTCCCGGTGAAGG-1,0.06542,0.691801,0.242779
GCGGTGAACTGCGCTC-1,0.000014,0.734216,0.26577
GCGGTTCCCTATCATG-1,0.002352,0.684344,0.313305
GCGTAAATGGCCATAA-1,0.017375,0.827579,0.155046
GCGTCGAAATGTCGGT-1,0.819691,0.000385,0.179925
GCGTCGCCAGGGTGAT-1,0.012009,0.238731,0.749261
GCGTCTAACCTCCTAA-1,0.022828,0.541408,0.435764
GCGTCTCTGCATTGGG-1,0.507897,0.143551,0.348552
GCGTGGTACTGGGTTA-1,0.00682,0.670911,0.322269
GCGTGTATGTCGTATT-1,0.999322,0.000431,0.000246
GCGTTATATTTGGAAC-1,0.022991,0.000166,0.976843
GCGTTCGGAGACCGGG-1,0.044805,0.64575,0.309445
GCTAAACCTGAGGTGA-1,0.020227,0.056006,0.923768
GCTAAGTAAAGGCGAT-1,0.011188,0.073878,0.914934
GCTAAGTAGTTTCTCT-1,0.001111,0.819722,0.179167
GCTAATACCGAATGCC-1,0.00205,0.056392,0.941558
GCTACAGTACGGACCG-1,0.028756,0.016772,0.954472
GCTACGACTTATTGGG-1,0.007742,0.921047,0.071211
GCTACTATAGTAGAGT-1,0.278841,0.063291,0.657868
GCTAGACCGTCTACTG-1,0.00729,0.382826,0.609883
GCTAGCACCTGGGCCA-1,0.162337,0.451838,0.385825
GCTAGCAGGGAGTGGG-1,0.000019,0.629606,0.370375
GCTAGCGATAGGTCTT-1,0.359205,0.161288,0.479507
GCTAGCTTGAATAGCT-1,0.000015,0.789335,0.21065
GCTAGGCACCACGGAG-1,0.184425,0.352667,0.462908
GCTAGTAGAGCTTGTA-1,0.007625,0.662429,0.329947
GCTAGTTTCATTGAGG-1,0.000022,0.000151,0.999828
GCTATCATACTCATGG-1,0.879188,0.028276,0.092535
GCTATCGCGGCGCAAC-1,0.013996,0.429714,0.556291
GCTATGCCAGCTTATG-1,0.01992,0.122674,0.857406
GCTCAATCCGTTTATT-1,0.001055,0.806624,0.192321
GCTCATTACTGCATGT-1,0.027051,0.815328,0.157622
GCTCCCAGTCGGTCCA-1,0.000341,0.641725,0.357935
GCTCCGCTCGCTTCAG-1,0.196787,0.252718,0.550495
GCTCCTGACATACTGG-1,0.011077,0.252225,0.736697
GCTCGCGGTTCCGCTC-1,0.032932,0.184072,0.782996
GCTCGCTCATGTCCAA-1,0.019989,0.408789,0.571223
GCTCGGAATTTAAAGC-1,0.027562,0.197299,0.775139
GCTCTAAACCCTGACG-1,0.717304,0.110344,0.172351
GCTCTATGTTACGTGC-1,0.215593,0.002768,0.781638
GCTCTCGGGTACCGAA-1,0.616575,0.000398,0.383027
GCTGAACTCTCCAGGG-1,0.029493,0.264063,0.706444
GCTGAATCTTCCAATC-1,0.000025,0.17878,0.821194
GCTGAGGCGTGAGTAT-1,0.007042,0.760609,0.232349
GCTGCACGGTTTCTTA-1,0.004363,0.873587,0.12205
GCTGCTAAGTAGTCGA-1,0.113402,0.152144,0.734455
GCTGCTACTGCGTAGC-1,0.108376,0.392999,0.498624
GCTGCTCTCCGGACAC-1,0.318476,0.011961,0.669563
GCTGGACCCAAAGTGG-1,0.000016,0.626869,0.373115
GCTGGCAGGTGCCGTG-1,0.000014,0.136948,0.863038
GCTGGCATATTCACCT-1,0.019905,0.138782,0.841313
GCTGGCGGCGCATGCT-1,0.000039,0.243795,0.756166
GCTGGTGACTCGTAGT-1,0.000021,0.707937,0.292043
GCTGGTTTAGGCCATA-1,0.000023,0.108937,0.89104
GCTGTATTACTGGCCC-1,0.000007,0.98665,0.013343
GCTGTTGCTACCGAAC-1,0.008761,0.547171,0.444068
GCTTAATGTAACTAAC-1,0.007219,0.824163,0.168618
GCTTACGTAGTTAGTA-1,0.004809,0.568369,0.426823
GCTTAGGGAAGCGGTA-1,0.018671,0.582112,0.399217
GCTTATGAAGCAGGAA-1,0.023388,0.736686,0.239926
GCTTCAGTGGGATTAC-1,0.008544,0.576936,0.41452
GCTTCCGTCCCTAGAC-1,0.086218,0.484699,0.429083
GCTTGATGATAATCAG-1,0.000617,0.123228,0.876155
GCTTGCAGCACAATTG-1,0.020298,0.621053,0.35865
GCTTGGATCGATTAGG-1,0.000072,0.407062,0.592866
GCTTTCAGAGGAGGTG-1,0.00001,0.94315,0.05684
GGAAACCTTGTTGAAT-1,0.013884,0.665292,0.320824
GGAAAGTGCCCATGCC-1,0.0076,0.643465,0.348935
GGAACCCGAACAAGAA-1,0.005733,0.379531,0.614735
GGAACCGTGTAAATTG-1,0.00719,0.899484,0.093325
GGAACCTTGACTCTGC-1,0.018239,0.12404,0.857721
GGAACGGCCTGCAGCC-1,0.0014,0.005976,0.992624
GGAAGATAAGACTGTA-1,0.013833,0.715923,0.270244
GGAAGCTCGCTTACAG-1,0.046677,0.697978,0.255345
GGAATAACCTCAAGAA-1,0.988894,0.011017,0.000089
GGAATGCGCTAGCGTG-1,0.002507,0.879274,0.118219
GGACAAGCCATGATCG-1,0.326754,0.001907,0.671339
GGACAAGTTGCAGTGA-1,0.000022,0.071235,0.928743
GGACCAACAGGATAAC-1,0.017539,0.409894,0.572568
GGACCTACGGTAACGT-1,0.006472,0.718745,0.274783
GGACCTCTAGGCCGCC-1,0.092396,0.136265,0.771339
GGACGGCTTGCGCAAC-1,0.005091,0.913438,0.081471
GGACGTCCATAGTTGG-1,0.006614,0.219694,0.773692
GGACTAAGTCAGGAGT-1,0.000013,0.028228,0.971758
GGAGAAGTCATTGGCA-1,0.026084,0.155901,0.818014
GGAGACCAATGTGCTT-1,0.000247,0.98941,0.010343
GGAGACCATCTACATA-1,0.000009,0.611656,0.388335
GGAGACGACACCTTTG-1,0.068514,0.781471,0.150015
GGAGCACCAAGAACTA-1,0.075403,0.067163,0.857434
GGAGGATTGAAAGGAG-1,0.087475,0.642656,0.269869
GGAGGCCGAAGTCGTC-1,0.147949,0.384164,0.467887
GGAGGGCTTGGTTGGC-1,0.028914,0.70213,0.268956
GGAGTGCCGCCCTGGA-1,0.026379,0.024786,0.948835
GGATCAAAGGACGAGG-1,0.283608,0.000152,0.71624
GGATCAGAGCCATCAG-1,0.090215,0.070872,0.838913
GGATCATCCCGTACGC-1,0.054369,0.850175,0.095457
GGATCCGGAATATACT-1,0.006238,0.751074,0.242687
GGATCTTGACTCAACC-1,0.048135,0.79672,0.155145
GGATGAAGATCGCTGA-1,0.00001,0.758569,0.24142
GGATGACGCGAGTTTA-1,0.188386,0.031226,0.780388
GGATGCTGGCGTTCCT-1,0.000029,0.015401,0.98457
GGATGTCCTTACCGCA-1,0.000005,0.999939,0.000055
GGATTAAGCTAAGGTC-1,0.026,0.42646,0.54754
GGATTCAGTACGGTGG-1,0.004831,0.000138,0.995032
GGATTCCGCTATACCC-1,0.197949,0.15078,0.651271
GGATTTCACTTCTATA-1,0.035193,0.806161,0.158646
GGCAAAGGCGCCAATA-1,0.001369,0.895896,0.102735
GGCAAATTACTTTACT-1,0.000006,0.999969,0.000025
GGCAAGCCAGGGATAG-1,0.009766,0.681839,0.308395
GGCAAGGCGAAATAGC-1,0.002288,0.929141,0.068571
GGCAATAGTCAATGAG-1,0.175324,0.045564,0.779112
GGCACTCCACTGGGCA-1,0.402504,0.001585,0.595911
GGCAGAGAGATCGGGA-1,0.009796,0.147024,0.84318
GGCAGCGGTAATCCTA-1,0.000015,0.770514,0.229471
GGCATACAGGTAGCGG-1,0.000387,0.0033,0.996313
GGCATATCGGTTCTGC-1,0.075789,0.43702,0.487191
GGCATCAACGAGCACG-1,0.057165,0.210095,0.73274
GGCCCAATCTAGAGGG-1,0.000057,0.559614,0.440329
GGCCCAGTTATCAGCA-1,0.003225,0.48469,0.512085
GGCCCGGAGCATGTCT-1,0.021366,0.393984,0.584649
GGCCCGTATACCATGC-1,0.000018,0.601544,0.398438
GGCCCTCACCCACTTA-1,0.000023,0.000159,0.999819
GGCCGAGACTCTGGTG-1,0.758412,0.187434,0.054155
GGCCGTTTGGGTTTCA-1,0.067086,0.000853,0.932061
GGCCTTTGCAACTGGC-1,0.000017,0.023174,0.976809
GGCGAAATCTAACTTG-1,0.000007,0.956044,0.04395
GGCGAACCGTTCTGAT-1,0.004829,0.64975,0.345421
GGCGAGCGAAACGGCA-1,0.042289,0.265187,0.692524
GGCGCAGGACATCTTC-1,0.017038,0.186915,0.796047
GGCGCATGAATTGATG-1,0.000009,0.853679,0.146312
GGCGCGTTCGAGTTTA-1,0.002611,0.965775,0.031614
GGCGGAGTAATATTAG-1,0.132341,0.18261,0.685049
GGCGGTAGGATCATTG-1,0.091913,0.062133,0.845955
GGCGTCCTATCCGCTG-1,0.026555,0.078128,0.895316
GGCTAAAGGGCGGGTC-1,0.0045,0.703966,0.291534
GGCTAATGATTGAAAT-1,0.026637,0.35256,0.620803
GGCTATTAAGTTGTAT-1,0.034483,0.067713,0.897803
GGCTCCTCCACCTGTT-1,0.11731,0.000395,0.882295
GGCTCGCGTTGAGGTA-1,0.000013,0.891739,0.108247
GGCTCGTGCCACCAGC-1,0.006851,0.346395,0.646753
GGCTCTGCTCCAACGC-1,0.352358,0.166347,0.481295
GGCTGAAATAGCAAAG-1,0.020839,0.424538,0.554623
GGCTGAGCATCGTAAG-1,0.022804,0.791473,0.185723
GGCTTGGCTCTCACCT-1,0.000042,0.004568,0.99539
GGCTTTCAATAAGGGT-1,0.324127,0.000278,0.675595
GGGAACGGGAGGTTAG-1,0.070989,0.061353,0.867658
GGGAACGGTTTCAGAT-1,0.419426,0.000175,0.5804
GGGAATGAGCCCTCAC-1,0.031006,0.742139,0.226856
GGGAATTCTGTCCAGT-1,0.00003,0.041065,0.958905
GGGACAGAGTTACTCC-1,0.001992,0.803678,0.19433
GGGACCCGTATATCTT-1,0.176375,0.169081,0.654544
GGGACTGCATAGATAG-1,0.284424,0.283711,0.431865
GGGAGAACTCACAGTA-1,0.175521,0.141677,0.682802
GGGAGGATGCCCGAAA-1,0.071614,0.17194,0.756446
GGGAGTTAATGAGGCG-1,0.006319,0.866935,0.126746
GGGATCCCAATACAAA-1,0.041231,0.83284,0.125929
GGGATGGACCCGCGTC-1,0.579265,0.000409,0.420326
GGGATGGTCGTAACCG-1,0.014156,0.67674,0.309104
GGGATTTACCGCACCT-1,0.004093,0.697009,0.298898
GGGCAACCGCACGTGC-1,0.000007,0.756701,0.243292
GGGCACGAATTGGCCG-1,0.000017,0.155916,0.844067
GGGCACTATTGACCAT-1,0.045841,0.135634,0.818525
GGGCAGACGTCACTGC-1,0.031648,0.147892,0.82046
GGGCAGAGCAATCGTT-1,0.094595,0.091914,0.813491
GGGCAGGATTTCTGTG-1,0.408138,0.00037,0.591492
GGGCCCGTCTTAAACA-1,0.000007,0.99547,0.004523
GGGCCCTACGAAAGGG-1,0.000016,0.005696,0.994288
GGGCCCTTATCTATAC-1,0.009762,0.000159,0.990079
GGGCCGGCCGAAGTAC-1,0.074802,0.579134,0.346064
GGGCCTAAATGGGCTA-1,0.003922,0.003472,0.992605
GGGCCTATTTAAGTAT-1,0.006088,0.45258,0.541332
GGGCGATATGTGTGAA-1,0.688403,0.000312,0.311285
GGGCGCAGCGTTACTC-1,0.108043,0.06963,0.822327
GGGCGGCAAATGAATT-1,0.009102,0.787655,0.203243
GGGCGGGTTCCCTACG-1,0.060908,0.343231,0.595861
GGGCGTACATTTATAT-1,0.397734,0.000355,0.601912
GGGCGTCACCACGTAA-1,0.00444,0.816592,0.178968
GGGCGTCCACTGGCTC-1,0.080502,0.469977,0.449521
GGGCTACTATTTCGTG-1,0.010208,0.422666,0.567127
GGGCTATGATCGATGG-1,0.104266,0.171734,0.724
GGGCTCATCGAACCCA-1,0.012545,0.828159,0.159296
GGGCTGCCTAGGGCGA-1,0.166737,0.375636,0.457628
GGGCTGGTTAGTCGCG-1,0.154198,0.845549,0.000253
GGGTACTTCATGAACT-1,0.11271,0.011879,0.875411
GGGTATGTATGCACTT-1,0.000029,0.063417,0.936554
GGGTATTCTAGCAAAC-1,0.008004,0.608715,0.383281
GGGTCACCGTGACGGT-1,0.244687,0.374117,0.381195
GGGTCATGCGTACCAT-1,0.03189,0.00015,0.96796
GGGTCGTGGCAAGTGT-1,0.000011,0.924772,0.075217
GGGTGACACCTTAACT-1,0.000011,0.861747,0.138242
GGGTGCATATGAAAGC-1,0.000011,0.802815,0.197174
GGGTGGTCCAGCCTGT-1,0.170266,0.173518,0.656217
GGGTGTTTCAGCTATG-1,0.838162,0.066889,0.094949
GGGTTAACATTTGAGT-1,0.000021,0.478899,0.52108
GGGTTCAGACGAACAA-1,0.000067,0.147612,0.852321
GGGTTTAGGATAGGAT-1,0.096912,0.498036,0.405052
GGTAAATGTGCGTTAC-1,0.126822,0.872715,0.000463
GGTAACCGGGAGGATA-1,0.006656,0.630853,0.36249
GGTACAAACATGCTAT-1,0.000011,0.795173,0.204816
GGTACACCAGATTTAT-1,0.014695,0.61747,0.367835
GGTACATCTGGGACGA-1,0.00002,0.023861,0.97612
GGTACCATTAAGACGG-1,0.000013,0.949934,0.050053
GGTAGAAGACCGCCTG-1,0.097353,0.283001,0.619646
GGTAGACCGTTGGGCG-1,0.000016,0.769284,0.2307
GGTAGTGCTCGCACCA-1,0.018487,0.777548,0.203966
GGTATAGTGACACATA-1,0.000022,0.574108,0.425869
GGTATGAAAGAACTGA-1,0.018071,0.234073,0.747856
GGTATTGCCGAGTTTA-1,0.169411,0.159481,0.671108
GGTCAGTGGGTCCCAC-1,0.003088,0.679139,0.317773
GGTCATTGTAGTCATA-1,0.019661,0.688025,0.292313
GGTCGGATAAACGGCG-1,0.000005,0.965526,0.034469
GGTCGGCCAGGAGCTT-1,0.010881,0.866966,0.122153
GGTCGGTCGTCCACAG-1,0.03121,0.280956,0.687834
GGTCGTAAGCTCGCAC-1,0.087554,0.358029,0.554417
GGTCTCTGAATGGACT-1,0.000007,0.872432,0.127561
GGTCTGAGAATCTGGA-1,0.034171,0.698463,0.267366
GGTGAAACCGGGAATG-1,0.008836,0.504397,0.486768
GGTGAAGTACAGGGAT-1,0.000006,0.988292,0.011702
GGTGAGATGCAGATAA-1,0.000131,0.103698,0.896171
GGTGATAAGGAGCAGT-1,0.025032,0.798004,0.176964
GGTGATGAAGGAAGTG-1,0.004142,0.169316,0.826541
GGTGCAGAGCCTATCG-1,0.000017,0.700742,0.29924
GGTGCGGATAAGTGGC-1,0.012634,0.58284,0.404526
GGTGCTGATCACAAAG-1,0.001364,0.000658,0.997978
GGTGCTGGTACACATT-1,0.001962,0.655183,0.342855
GGTGGACCACGTGTTA-1,0.002238,0.505842,0.49192
GGTGTTCTGTTTCTAC-1,0.000028,0.995523,0.004448
GGTTACCACCCTCGGG-1,0.054729,0.260696,0.684575
GGTTACCCGACACTTT-1,0.000018,0.819938,0.180044
GGTTAGCTATATGTCT-1,0.083421,0.200867,0.715712
GGTTAGGCTTGGAGAA-1,0.043594,0.000195,0.956211
GGTTAGTTACGGCGCC-1,0.014078,0.079072,0.90685
GGTTCCACCCGCTTCT-1,0.058474,0.697883,0.243644
GGTTCGGATTATACTA-1,0.000027,0.085196,0.914777
GGTTCTACTCGTCTGA-1,0.000413,0.459017,0.54057
GGTTGTGCTCTTGTCC-1,0.052686,0.038318,0.908996
GGTTGTGTAGCCTGGC-1,0.003453,0.000138,0.996409
GGTTTAATTACCATCG-1,0.296635,0.000184,0.703181
GGTTTAATTGAGCAGG-1,0.00855,0.968616,0.022834
GGTTTACAATCTCAAT-1,0.349555,0.001282,0.649163
GGTTTAGCCTTTCTTG-1,0.448032,0.027892,0.524077
GGTTTCAATCGGTCAG-1,0.007284,0.664252,0.328464
GGTTTGACAAGAAGCT-1,0.021881,0.582165,0.395954
GGTTTGCGAACACGTA-1,0.010191,0.706952,0.282857
GTAACAACTGACCTTG-1,0.005137,0.578625,0.416238
GTAAGCGGGCAGTCAG-1,0.945146,0.054739,0.000115
GTAAGGATTTGTCGGA-1,0.883762,0.000198,0.11604
GTAAGTAACAGTCTGG-1,0.005472,0.959655,0.034873
GTAAGTAGGGTATACC-1,0.004906,0.005621,0.989473
GTAATAAAGGGCTCCC-1,0.014617,0.682561,0.302822
GTAATCTGATTCTTCG-1,0.025729,0.924353,0.049918
GTACACTTACCTGAAG-1,0.003267,0.87368,0.123052
GTACAGAGGCAAGGGT-1,0.045191,0.595099,0.35971
GTACGAGATTGCGACA-1,0.612427,0.000376,0.387197
GTACGCTTCATTGCAC-1,0.00002,0.769092,0.230888
GTACGTCACGTATTAA-1,0.008707,0.624913,0.36638
GTACGTTTGCCCGTCA-1,0.003654,0.722541,0.273805
GTACTAAGATTTGGAG-1,0.841393,0.000368,0.158239
GTACTCCCTTATCGCT-1,0.000028,0.145548,0.854423
GTACTCCTGGGTATGC-1,0.006963,0.437188,0.555849
GTACTGAGGTCGTAAC-1,0.000119,0.155762,0.844119
GTACTGGAGTTAGACC-1,0.010313,0.86278,0.126907
GTACTTGGGCACTTCT-1,0.043657,0.092706,0.863637
GTAGAAACGGGTGGAG-1,0.000018,0.000129,0.999853
GTAGACAACCGATGAA-1,0.508886,0.000086,0.491028
GTAGAGGGAGACAAGT-1,0.005078,0.878221,0.116701
GTAGCCAAACATGGGA-1,0.002538,0.696052,0.30141
GTAGCGCTGTTGTAGT-1,0.000017,0.13855,0.861432
GTAGCGGCTATACACT-1,0.010707,0.890578,0.098715
GTAGCTTCCTCTTGTT-1,0.000017,0.858697,0.141286
GTAGGTGATCCGTGTA-1,0.307285,0.000658,0.692057
GTAGTCGCGGGAATCA-1,0.003956,0.179771,0.816272
GTATAGGACTCAGTAG-1,0.89711,0.000224,0.102666
GTATAGTGGCCCATGT-1,0.006035,0.869905,0.12406
GTATCAGCTTGGGTTC-1,0.000026,0.000184,0.999789
GTATCTCAGTCTTGAC-1,0.005379,0.521709,0.472913
GTATCTTTCATAACCA-1,0.003647,0.5868,0.409553
GTATGAAATTTCACTC-1,0.016379,0.62339,0.360231
GTATGTGGGTCTAGTT-1,0.000014,0.777436,0.22255
GTATTAAGGCGTCTAA-1,0.00555,0.000892,0.993558
GTATTAGGGTTCGCGT-1,0.039374,0.198631,0.761994
GTATTCTGAGAAACGA-1,0.004289,0.694372,0.301339
GTCAAAGAAGTGGTGT-1,0.000006,0.797913,0.202081
GTCAAGCGGACTCGGG-1,0.026088,0.544437,0.429474
GTCAATGCTATAATTT-1,0.013923,0.702596,0.283481
GTCACAAAGTTTCCAA-1,0.98351,0.000104,0.016386
GTCACCTGTCTATGTC-1,0.01745,0.652292,0.330258
GTCACTCTCCAAATCT-1,0.000022,0.020553,0.979425
GTCAGAATAGTCTATG-1,0.000029,0.111541,0.88843
GTCAGTTGTGCTCGTT-1,0.499627,0.332178,0.168195
GTCAGTTTGGTAGTCG-1,0.049483,0.029378,0.92114
GTCATGCACCTCCGTT-1,0.830729,0.027581,0.14169
GTCATGGACATGACTA-1,0.746744,0.019778,0.233478
GTCATTAGAGCGAACG-1,0.030644,0.688521,0.280835
GTCATTGCATTGACCC-1,0.000026,0.027092,0.972882
GTCCATTACTGCTACG-1,0.131528,0.368242,0.500231
GTCCCAACGTAAAGTA-1,0.021975,0.774569,0.203456
GTCCCAATCATCCCGC-1,0.01587,0.1915,0.79263
GTCCGAGAGCAATCAT-1,0.001598,0.178146,0.820256
GTCCGGCTGAATTGCG-1,0.474592,0.000204,0.525204
GTCCTACTCTACGGGC-1,0.000015,0.452141,0.547844
GTCCTAGGATACCTTA-1,0.421599,0.000142,0.578259
GTCCTATTGTTGTGGT-1,0.00002,0.000141,0.999839
GTCCTTCTACAACCCA-1,0.000026,0.000181,0.999793
GTCCTTCTAGTGGGTT-1,0.000257,0.998714,0.001029
GTCCTTTAATGACTTC-1,0.000024,0.712039,0.287937
GTCGCCGTTGTGTGTT-1,0.011354,0.012635,0.976011
GTCGCGTAACCCGTTG-1,0.01274,0.644385,0.342875
GTCGGAAGGATACCAG-1,0.012864,0.449119,0.538017
GTCGGATATCTCAGAC-1,0.012353,0.00024,0.987407
GTCGGATGTAGCGCGC-1,0.229175,0.04307,0.727755
GTCGGGAACATGGTAG-1,0.008697,0.02586,0.965443
GTCGGGAAGCAGAAAC-1,0.000191,0.26605,0.733759
GTCGTACCATCTCGGG-1,0.000014,0.504559,0.495427
GTCGTACCTACGATTG-1,0.000023,0.000161,0.999816
GTCGTATTGGCGTACA-1,0.007655,0.840185,0.15216
GTCGTCTGGTTGGCTA-1,0.00001,0.644123,0.355867
GTCGTGTCTGGTCATC-1,0.000037,0.999815,0.000148
GTCGTTATTCGCTTAT-1,0.000019,0.76337,0.23661
GTCTACTCAATTACAA-1,0.003677,0.147135,0.849188
GTCTATCTGAGTTTCT-1,0.096143,0.084557,0.819301
GTCTATTGGTTCCGGT-1,0.121887,0.000673,0.87744
GTCTCCTGCCAGTATG-1,0.003728,0.516998,0.479273
GTCTCGACTAAGTTTG-1,0.018551,0.60919,0.372258
GTCTCGATCTGCTTTC-1,0.000242,0.001691,0.998068
GTCTGGGCGGTCGAGA-1,0.013814,0.758009,0.228177
GTCTTAGTACAGCCGG-1,0.166682,0.832922,0.000396
GTCTTCCTCACCTAAG-1,0.000081,0.075096,0.924823
GTCTTGAGGAGCAGTG-1,0.154284,0.466262,0.379454
GTGAAACGGCGCCACC-1,0.018902,0.715929,0.265169
GTGAACTCCCATTCGA-1,0.003674,0.572459,0.423867
GTGAAGATTTCAAGTG-1,0.002358,0.764808,0.232834
GTGAAGCCGTATAGTC-1,0.002083,0.544135,0.453783
GTGAAGTCACGACTCG-1,0.061319,0.427861,0.51082
GTGACCGCACACTACG-1,0.000018,0.607219,0.392762
GTGACCTAAAGAATAA-1,0.000007,0.83371,0.166283
GTGACGAGGGTGACCC-1,0.000013,0.571349,0.428637
GTGACTTCAGTAGTGC-1,0.004101,0.721287,0.274612
GTGAGCGTGCTGCACT-1,0.000024,0.00347,0.996506
GTGAGGACACTTAAGG-1,0.020072,0.915582,0.064346
GTGAGGAGCGGTTGAG-1,0.072479,0.775023,0.152498
GTGAGTCTAAGACGGA-1,0.000156,0.035422,0.964422
GTGAGTGGTACAACGC-1,0.000016,0.693074,0.30691
GTGATCAAGCGTGCAC-1,0.412187,0.047923,0.53989
GTGATCACTAACGCCT-1,0.190555,0.102945,0.7065
GTGATCATAGATCTGC-1,0.008528,0.000085,0.991387
GTGATGCACAACATCT-1,0.000982,0.765517,0.233501
GTGATTCGCCGCTCAA-1,0.000019,0.588295,0.411686
GTGCAACAAATGTGGC-1,0.994292,0.003181,0.002528
GTGCACGAAAGTGACT-1,0.604248,0.19,0.205752
GTGCCATCACACGGTG-1,0.213539,0.194375,0.592085
GTGCCCGTTCGGATTC-1,0.000221,0.992371,0.007408
GTGCCGCTTCAAAGGT-1,0.014477,0.77266,0.212863
GTGCCTCAGTGTACGG-1,0.004956,0.841983,0.153062
GTGCGAAATCGAACAC-1,0.000005,0.999009,0.000986
GTGCGACAGGGAGTGT-1,0.001871,0.592625,0.405504
GTGCGGGTCTCCAAAT-1,0.481895,0.000356,0.51775
GTGCGTGTATATGAGC-1,0.013506,0.831429,0.155065
GTGCTCAAGTACTGTC-1,0.103575,0.0387,0.857725
GTGCTGCAGATAAGGA-1,0.000014,0.127188,0.872798
GTGGAACCTACATGCG-1,0.139788,0.501451,0.358761
GTGGACCAACCCGATT-1,0.074968,0.22896,0.696072
GTGGACGCATTTGTCC-1,0.09824,0.380968,0.520792
GTGGACGTGCTGAGAC-1,0.000204,0.009942,0.989854
GTGGAGCGTTTACCGA-1,0.001922,0.570146,0.427932
GTGGAGTCGGCGGTTG-1,0.005229,0.789625,0.205146
GTGGCAAACAGCGGCA-1,0.012663,0.867637,0.1197
GTGGCCTAATATCATT-1,0.000566,0.22354,0.775894
GTGGCGGGCCGTAGCT-1,0.090965,0.554834,0.354202
GTGGCGGTCCCAGCGT-1,0.019114,0.36993,0.610956
GTGGGAAGACTGAATC-1,0.000013,0.250094,0.749893
GTGGGCTTAGACACAC-1,0.027977,0.010402,0.961621
GTGGGTACTGAGCGTA-1,0.014347,0.263685,0.721968
GTGGTATAGTCTGCCG-1,0.016353,0.000287,0.98336
GTGGTCAGCGAAGTAT-1,0.004909,0.567674,0.427417
GTGGTGGCCAAGTGAA-1,0.000015,0.673598,0.326387
GTGGTTACTTCTTTCG-1,0.000607,0.641662,0.357732
GTGGTTTCCGCCTTTC-1,0.11917,0.212625,0.668205
GTGTACCTTGGCTACG-1,0.063492,0.014396,0.922112
GTGTCCGATAAGGCAT-1,0.007664,0.822113,0.170223
GTGTCGTATAGCGTTC-1,0.723151,0.001354,0.275495
GTGTCGTATTCACCTT-1,0.009419,0.769592,0.220989
GTGTGAATAACTTAGG-1,0.018721,0.705846,0.275433
GTGTTACTATGCGTCC-1,0.007922,0.759117,0.232961
GTTAAAGTAGGACTGG-1,0.000048,0.15948,0.840472
GTTAACATCACTTAAA-1,0.362819,0.062624,0.574557
GTTAACTATGTTGTCA-1,0.186375,0.140442,0.673183
GTTAAGTTAGAGTGGG-1,0.045464,0.393317,0.561219
GTTAATGTCTATCTTA-1,0.000023,0.012841,0.987136
GTTACAATTGGTGACG-1,0.086615,0.038911,0.874474
GTTACCTACAACTTGC-1,0.000017,0.700733,0.29925
GTTACTTTGGGCCTAG-1,0.004425,0.895912,0.099664
GTTAGAGTGTGCCGCT-1,0.054309,0.878064,0.067627
GTTAGCCGTAAATCAA-1,0.000013,0.830706,0.16928
GTTAGGCTACCCGTTT-1,0.000012,0.597242,0.402745
GTTATATCAGGAGCCA-1,0.000028,0.550311,0.449661
GTTATATTATCTCCCT-1,0.035532,0.806326,0.158142
GTTATCACCTTCTGAA-1,0.898181,0.018034,0.083785
GTTATTAAATACGACC-1,0.000005,0.996645,0.00335
GTTATTAACGTGGGAG-1,0.000024,0.003199,0.996777
GTTCAATCTATGTCAA-1,0.041951,0.634925,0.323124
GTTCACAGGAGTCTAG-1,0.00721,0.000166,0.992624
GTTCATCGTTTGGCTG-1,0.006733,0.809097,0.184171
GTTCCAGTCTGACCAT-1,0.255808,0.000472,0.74372
GTTCGCCATAAGTGCC-1,0.112722,0.239052,0.648226
GTTCGGGCGTACCATT-1,0.000009,0.999941,0.00005
GTTCGTCTAAAGAACT-1,0.050921,0.342955,0.606125
GTTCGTCTGGGTCCCT-1,0.004941,0.675397,0.319662
GTTCTTCCCTCGATGT-1,0.112359,0.010498,0.877143
GTTGAACCGGTTCCAT-1,0.127372,0.17079,0.701838
GTTGAGTCCCGCCGGT-1,0.031902,0.148618,0.81948
GTTGCACGGAGTTTCG-1,0.066911,0.304311,0.628778
GTTGGACCGCATCAGG-1,0.014299,0.716556,0.269145
GTTGGATTCAGTGGCT-1,0.000012,0.901878,0.09811
GTTGGATTGAGAACAC-1,0.039046,0.68197,0.278984
GTTGGATTTGCGTTGG-1,0.110872,0.066399,0.822729
GTTGGTCATGCTATCC-1,0.02421,0.26497,0.71082
GTTGTCGTGTTAGTTG-1,0.020025,0.146595,0.83338
GTTGTTACATTGCGCT-1,0.000022,0.65479,0.345188
GTTTACGTTCCATCTG-1,0.000025,0.619301,0.380674
GTTTATGGGATTTAGA-1,0.000028,0.082313,0.91766
GTTTCATATCGTCGCT-1,0.000034,0.000235,0.999731
GTTTCCTGGAGGGTGA-1,0.122808,0.21637,0.660821
GTTTCTGCAGTCTCCC-1,0.06423,0.885531,0.050239
GTTTGACCAAATCCTA-1,0.643859,0.000335,0.355806
GTTTGGCCCAAGTTAT-1,0.010596,0.794584,0.194819
GTTTGGGCTTGTGAGC-1,0.000024,0.414697,0.585279
GTTTGGTAGGGTCAAC-1,0.015102,0.415551,0.569347
GTTTGTTAGCCAAGTA-1,0.018455,0.368654,0.612891
TAAACCCAGGAGGGCA-1,0.000007,0.938231,0.061763
TAAAGACAACCCTTTA-1,0.380139,0.126018,0.493843
TAAAGCGGTATTTCCA-1,0.274237,0.000734,0.725029
TAAAGCGTTAGGAGAA-1,0.000007,0.922217,0.077776
TAAAGCTGCAATAGGG-1,0.009913,0.577165,0.412922
TAAATCTTTACACCTC-1,0.000006,0.976066,0.023928
TAAATGAATCCGTTTC-1,0.002599,0.000149,0.997251
TAAATGCCGTCTCATG-1,0.00158,0.522981,0.475438
TAACAAAGGGAGAAGC-1,0.029106,0.049568,0.921325
TAACAATATTTGTTGC-1,0.009729,0.035702,0.954569
TAACAGCGTTTGTGCT-1,0.39436,0.000082,0.605558
TAACATACAATGTGGG-1,0.028282,0.881268,0.09045
TAACATACACGCGATC-1,0.000218,0.751022,0.248761
TAACCGCCCGCAGTGC-1,0.021912,0.010741,0.967348
TAACCTACCGTCCGAG-1,0.008234,0.935156,0.056611
TAACGCTTTGAGAGCG-1,0.020217,0.000396,0.979387
TAACTATCGAAGGTCC-1,0.000023,0.162788,0.837189
TAACTATTACGCCAAA-1,0.000132,0.585428,0.41444
TAACTCATCCGCGCGG-1,0.000008,0.848356,0.151636
TAACTCCATGGAGGCT-1,0.000017,0.295235,0.704748
TAAGAGGGACAGGGAC-1,0.263862,0.184651,0.551486
TAAGCAGGCGACACGC-1,0.000027,0.000186,0.999788
TAAGCCCTTACGACCA-1,0.006679,0.986211,0.00711
TAAGCGCGAATCAAAT-1,0.564779,0.000081,0.43514
TAAGGAACTTGTGGGA-1,0.000021,0.040596,0.959383
TAAGGCAACATAAGAT-1,0.611344,0.000376,0.388279
TAAGGCATAACATCAA-1,0.035004,0.06606,0.898936
TAAGGCTGAATCCCTC-1,0.000041,0.351444,0.648515
TAAGGGCTGGGAGAGG-1,0.036928,0.000227,0.962845
TAAGTAAATGTGCCGC-1,0.041027,0.722605,0.236368
TAAGTAACATCTTGAC-1,0.007298,0.759762,0.232939
TAAGTCGCCGAGTATC-1,0.000006,0.889556,0.110439
TAATAAACAAGGAGAT-1,0.017103,0.786867,0.19603
TAATACACAGTAGTAT-1,0.764421,0.001048,0.23453
TAATAGAACAGAGTTA-1,0.007482,0.7495,0.243018
TAATAGCTAAATGATG-1,0.008335,0.539241,0.452424
TAATAGGTCACCAGAA-1,0.034049,0.185603,0.780347
TAATAGTGACGACCAG-1,0.027501,0.774415,0.198084
TAATATTGAAATTCGC-1,0.010792,0.152798,0.83641
TAATCGATCCGTACGT-1,0.017641,0.769362,0.212998
TAATGAAAGACCCTTG-1,0.000021,0.000148,0.99983
TAATTAGGACATCCGT-1,0.218729,0.422408,0.358863
TAATTGGAATCGGGAA-1,0.045443,0.725485,0.229072
TAATTTCCGTCCAGTA-1,0.010555,0.098147,0.891298
TACAACGCACAACTCA-1,0.02344,0.697961,0.278599
TACAAGTCTCGTGCAT-1,0.061002,0.000226,0.938772
TACACCGTCGTTAGTC-1,0.010977,0.309591,0.679432
TACATAGGCATACACC-1,0.000009,0.999957,0.000034
TACATCCCTATCCCTG-1,0.000613,0.05762,0.941767
TACATGACCTTATCCG-1,0.000047,0.0007,0.999253
TACATTTCTAACGTGC-1,0.00001,0.957121,0.042869
TACCAAATAGCCCAGA-1,0.334269,0.000322,0.665409
TACCAGAAGTAGGTTC-1,0.000253,0.831366,0.168382
TACCAGCTAGGTTTAA-1,0.975382,0.024539,0.000079
TACCGCGGACTTGCAG-1,0.000013,0.873587,0.126401
TACCGGCTCACTGCCC-1,0.014428,0.739788,0.245784
TACCGGTCGTTTCCAT-1,0.000466,0.003259,0.996275
TACCGTAGGTTAACTA-1,0.017146,0.001205,0.981649
TACCGTGCCTCGGACC-1,0.000029,0.34953,0.65044
TACCTACTCCCAGTAT-1,0.492383,0.000354,0.507263
TACCTATCCCTAGAGG-1,0.028758,0.046935,0.924307
TACCTCACGCTTGTAC-1,0.927752,0.044859,0.027388
TACCTCAGTTGTCTGT-1,0.163011,0.000526,0.836462
TACCTCCACACCAATG-1,0.334051,0.001084,0.664864
TACCTGCTGCACTGTG-1,0.014524,0.040248,0.945228
TACCTTAAGATTTCCC-1,0.022329,0.390674,0.586997
TACGAACACGACTTCA-1,0.661502,0.097011,0.241487
TACGACGCTTGCTGCG-1,0.009405,0.65202,0.338575
TACGACTGCCTCTTAG-1,0.000009,0.977681,0.022311
TACGAGAACTTCACGT-1,0.031231,0.053625,0.915144
TACGATGTTGATCATC-1,0.079621,0.0002,0.920179
TACGCAGTTCTTTCCT-1,0.00001,0.977199,0.022791
TACGCCATATTCTAAT-1,0.004799,0.788711,0.20649
TACGCCGAGGGTACCC-1,0.093858,0.373725,0.532417
TACGCCTCCATTCCGA-1,0.000064,0.118131,0.881806
TACGCTATAGAAACCT-1,0.010164,0.702311,0.287524
TACGGGATGCTAGCAG-1,0.177334,0.304864,0.517801
TACGTACTAGTGCTGA-1,0.674283,0.001265,0.324451
TACGTGCAAGGTTCCT-1,0.010727,0.000111,0.989162
TACGTGCACTATGCTG-1,0.053081,0.106592,0.840327
TACGTTTACCGGCAAT-1,0.020979,0.152407,0.826614
TACTATGGTTCCTCAG-1,0.000061,0.009301,0.990638
TACTCCTCTAGTTGAC-1,0.287816,0.000826,0.711358
TACTCGGCACGCCGGG-1,0.031347,0.00012,0.968533
TACTCTCCGAACAAAT-1,0.147932,0.202196,0.649872
TACTCTTTCGTCTTCA-1,0.000074,0.000518,0.999408
TACTGAACAGATTTAG-1,0.004394,0.87059,0.125016
TACTGAGGGAAGAAAG-1,0.016114,0.77172,0.212166
TACTGCAATCAATTAC-1,0.019149,0.838032,0.142819
TACTGGACAGCTCGGC-1,0.006442,0.105518,0.888039
TACTTGTTAGTAGTCC-1,0.012482,0.950413,0.037105
TACTTTACTGAGCCGG-1,0.029122,0.589632,0.381246
TACTTTCCGCACGCCA-1,0.071861,0.141904,0.786235
TAGAAACCACTAAGTA-1,0.048441,0.400672,0.550887
TAGAAAGGTGGCGCTA-1,0.019127,0.643943,0.33693
TAGAAATTCACGTATA-1,0.000017,0.001115,0.998867
TAGAATTAAGGGCAAC-1,0.043599,0.956287,0.000114
TAGACGCCCGTACCGG-1,0.034159,0.583638,0.382203
TAGACTACCTAGCGTT-1,0.000014,0.805923,0.194062
TAGAGATCATGCAACT-1,0.081044,0.080973,0.837983
TAGAGCTACGAAGAAC-1,0.15705,0.028543,0.814407
TAGAGTCTAAGCGAAC-1,0.670233,0.000174,0.329594
TAGATATGGACTGGAA-1,0.00044,0.799515,0.200046
TAGATCCGAAGTCGCA-1,0.183529,0.403391,0.41308
TAGATTCCTGGTTATT-1,0.000025,0.000174,0.999802
TAGCAACCTGTCACAA-1,0.000017,0.005301,0.994682
TAGCCATTTCAAAGTC-1,0.000009,0.932104,0.067888
TAGCCGGCGGTCAGCG-1,0.015179,0.726922,0.257899
TAGCGTCCGGTGTGGT-1,0.519996,0.28498,0.195024
TAGCGTCGAATATTGA-1,0.000026,0.011072,0.988903
TAGCGTTGGGTCTTAC-1,0.000011,0.978364,0.021625
TAGCTAAGTCCGGGAG-1,0.679066,0.185078,0.135856
TAGCTAGAAGGCATGA-1,0.000012,0.797988,0.202
TAGCTAGTGATGATGG-1,0.539121,0.059946,0.400933
TAGCTCAGATCCTAGT-1,0.000025,0.521491,0.478484
TAGCTCGCCTGATAAC-1,0.002381,0.862182,0.135437
TAGCTGATGTGAAGCG-1,0.000524,0.090182,0.909294
TAGGAACAGCCTCCAG-1,0.0675,0.500449,0.432051
TAGGCATGTTACGCCA-1,0.07072,0.754478,0.174802
TAGGCGATGAGGTCTC-1,0.000009,0.79439,0.205601
TAGGCGGCTGCAAAGA-1,0.695239,0.00036,0.304401
TAGGGAGCTTGGGATG-1,0.000006,0.999017,0.000977
TAGGGTGTTTCAAGAG-1,0.193478,0.270217,0.536304
TAGGTCCAAGTAAGGA-1,0.000393,0.033078,0.966529
TAGGTCGCCGGAACTG-1,0.009398,0.504102,0.486499
TAGGTGAGCCCTACTC-1,0.000037,0.056901,0.943062
TAGGTGCTCGCCTAGC-1,0.021783,0.542492,0.435725
TAGGTGTTCCACAGAT-1,0.40616,0.000289,0.593551
TAGGTTCGAGTTCGTC-1,0.000009,0.999953,0.000038
TAGTACCACAACTTTC-1,0.132085,0.000201,0.867714
TAGTACCTTAGTGGTC-1,0.000036,0.000231,0.999733
TAGTAGCTTATACCAG-1,0.998874,0.000717,0.00041
TAGTCCGCAGAGAATG-1,0.057416,0.546955,0.395629
TAGTCGATCACGGGTT-1,0.287309,0.000361,0.71233
TAGTCTAACAACGAGA-1,0.04372,0.072447,0.883834
TAGTCTGTGACGTTGC-1,0.01083,0.783892,0.205278
TAGTGCCCTCCAGAGT-1,0.339824,0.103587,0.556589
TAGTGGAACTCATACA-1,0.055792,0.607303,0.336904
TAGTGTCAGAAACGGC-1,0.000025,0.007582,0.992393
TAGTTAAGATAGGATA-1,0.024589,0.562522,0.412889
TAGTTTATTCTTGCTT-1,0.847632,0.000319,0.152049
TATAAATCCACAAGCT-1,0.063291,0.031668,0.905042
TATAAGTGAGGATAGC-1,0.000036,0.001962,0.998002
TATACACAGACGCCTT-1,0.000842,0.7098,0.289357
TATACACGCAAAGTAT-1,0.023262,0.161323,0.815416
TATACTCATGCGGCAA-1,0.000023,0.04667,0.953307
TATAGATGGTCGCAGT-1,0.015423,0.46113,0.523447
TATAGCGCACGTTATC-1,0.042042,0.145075,0.812883
TATAGGGTACTCATGA-1,0.022818,0.054083,0.923099
TATATAGGGCTTTACG-1,0.818071,0.000428,0.181501
TATATATCGAGAAATG-1,0.162809,0.001363,0.835828
TATATCATTGATCAGT-1,0.000025,0.004746,0.995229
TATATCCCTGGGAGGA-1,0.003312,0.670458,0.32623
TATATGCTGGGTTGCC-1,0.000025,0.113213,0.886762
TATATTACAAATGTCG-1,0.022707,0.772306,0.204987
TATATTCGCGTCGATA-1,0.92528,0.000166,0.074554
TATCAAAGGTCTGTAA-1,0.014993,0.00068,0.984327
TATCACAGCACGGGCA-1,0.972712,0.026818,0.00047
TATCACCATGTAAAGT-1,0.000018,0.704559,0.295423
TATCACCCAACCGACC-1,0.007489,0.740395,0.252117
TATCACTTCGAGTAAC-1,0.000019,0.644196,0.355785
TATCAGTGGCGTAGTC-1,0.005891,0.548183,0.445926
TATCCAATTGGTTATC-1,0.102503,0.218127,0.67937
TATCCATATCATGCGA-1,0.109949,0.090687,0.799363
TATCCATCTCGGTTAG-1,0.063102,0.004616,0.932282
TATCCGCACCGTCGGG-1,0.201008,0.010067,0.788925
TATCCTGCATGGGAAT-1,0.30831,0.066911,0.624779
TATCGATCTATGCATA-1,0.030392,0.738811,0.230797
TATCGATGATTAAACG-1,0.013683,0.349421,0.636896
TATCTACAGAGGTAAT-1,0.010945,0.000202,0.988854
TATCTACCACAGCGGG-1,0.005745,0.76661,0.227645
TATCTAGCCTAAAGGA-1,0.010152,0.048892,0.940956
TATCTGAGCCGATATT-1,0.339883,0.000426,0.659691
TATCTTGCAATACAAC-1,0.0044,0.70615,0.289451
TATGAAGACAGGTGCG-1,0.012923,0.000145,0.986932
TATGACCTTGCGCTGG-1,0.016999,0.194125,0.788876
TATGATAAATCTAACG-1,0.04379,0.453412,0.502798
TATGATCCGGCACGCC-1,0.027262,0.533745,0.438994
TATGCTCCCTACTTAC-1,0.95356,0.000294,0.046145
TATGGATGTGCTACGC-1,0.884468,0.000229,0.115302
TATGGCCCGGCCTCGC-1,0.008512,0.073604,0.917884
TATGGCTAGGCTAATT-1,0.000471,0.763752,0.235777
TATGGGACCGAGCAGG-1,0.075391,0.264641,0.659968
TATGGGTACGTATCGT-1,0.527553,0.154262,0.318184
TATGGTCTGAGTAACA-1,0.01968,0.178086,0.802234
TATGGTTAGTGGGAGA-1,0.155509,0.545463,0.299028
TATGTAGAAACCCGGC-1,0.056284,0.047261,0.896455
TATGTCAAGACCGACT-1,0.00697,0.766356,0.226674
TATGTCTCATTGTGCC-1,0.000009,0.870493,0.129498
TATTAACACCAAAGCA-1,0.010266,0.611898,0.377837
TATTAACCTGACCGCG-1,0.00005,0.08044,0.91951
TATTACCATCCTGCTT-1,0.007294,0.744169,0.248537
TATTATGTTTGCCTGC-1,0.003551,0.584636,0.411813
TATTCAATTCTAATCC-1,0.017284,0.795651,0.187065
TATTCCACTCAGCTCG-1,0.000725,0.622838,0.376437
TATTCCGGCAGTCCTA-1,0.911628,0.000248,0.088124
TATTCCTCCGCCCACT-1,0.000008,0.996471,0.003521
TATTCGTGCCAGAATA-1,0.070436,0.126474,0.803091
TATTGACATTTCTGCC-1,0.016636,0.440881,0.542483
TATTTAGTCTAGATCG-1,0.647753,0.000485,0.351761
TATTTATACCGAGTAG-1,0.164295,0.192764,0.642941
TATTTGTTACCCTTTA-1,0.051687,0.07768,0.870633
TCAAACAACCGCGTCG-1,0.949327,0.000259,0.050415
TCAAACTTAGATTGTT-1,0.209033,0.005414,0.785552
TCAAAGAGCTATCTGT-1,0.017635,0.184488,0.797877
TCAACAAAGATAATTC-1,0.000007,0.691853,0.308139
TCAACATAGCGCCCTA-1,0.007401,0.000336,0.992263
TCAACATCGACCGAGA-1,0.004352,0.130603,0.865044
TCAACCATGTTCGGGC-1,0.037229,0.168187,0.794584
TCAACGAGGAGACAAA-1,0.009073,0.751038,0.239889
TCAACGCAGGAAATAA-1,0.020086,0.733897,0.246017
TCAACGCGACCGGCAG-1,0.000022,0.044048,0.955931
TCAACTAACGTATAAC-1,0.001781,0.024979,0.97324
TCAAGAAATACTAGCT-1,0.009567,0.480444,0.509989
TCAAGCTGCCTTGAAA-1,0.000003,0.999985,0.000012
TCAAGGTTACTACACC-1,0.089931,0.002853,0.907216
TCAATACAATTGCTGC-1,0.026521,0.120694,0.852785
TCACAGCAAACTCGAA-1,0.00001,0.764682,0.235308
TCACAGGAGAATAAGA-1,0.000026,0.367166,0.632808
TCACAGGGAATCGCAA-1,0.000016,0.553312,0.446671
TCACAGGTTATTGGGC-1,0.195986,0.000919,0.803095
TCACATCTTATCTGAT-1,0.03802,0.000179,0.961801
TCACCCTCTTAAGATT-1,0.014763,0.441138,0.5441
TCACCGCTCGGCACTC-1,0.020599,0.731463,0.247939
TCACGATGTCCGTGGA-1,0.011498,0.789748,0.198753
TCACGCATTGTAGATC-1,0.532744,0.285031,0.182225
TCACGGTCATCGCACA-1,0.017648,0.545211,0.437141
TCACGTGCCCGATTCA-1,0.00439,0.948643,0.046967
TCACTACGACCAATGC-1,0.022879,0.804425,0.172696
TCACTCGTGCAACGGC-1,0.000008,0.99996,0.000032
TCAGAACCTCCACAGG-1,0.015477,0.881053,0.10347
TCAGACGCTATAGAAG-1,0.000013,0.716546,0.283441
TCAGATGGAGACGTAG-1,0.003664,0.920621,0.075716
TCAGCAAATGCATCTC-1,0.104134,0.020817,0.875049
TCAGCAGTAGGCCCTG-1,0.231325,0.362162,0.406513
TCAGCTTGAGCTTTCG-1,0.14076,0.071917,0.787323
TCAGGGCGACTTCCTT-1,0.000024,0.0051,0.994876
TCAGGGCGCAAACTCG-1,0.000022,0.022002,0.977976
TCAGGGTGCACGAAAC-1,0.003675,0.498606,0.497719
TCAGGGTGTAACGTAA-1,0.302753,0.024824,0.672422
TCAGGTTCTTTGAGAA-1,0.10299,0.005744,0.891266
TCAGTACTGACCCGCG-1,0.01743,0.000153,0.982417
TCAGTAGGGACTATAA-1,0.024202,0.572305,0.403493
TCAGTGTATACGTCAT-1,0.059863,0.089983,0.850154
TCAGTTACGGAATGAT-1,0.077333,0.883774,0.038893
TCATACTTACAGATCC-1,0.004505,0.000739,0.994756
TCATCACTCGAGCTCG-1,0.000024,0.000169,0.999807
TCATCCCAGAGGGTGG-1,0.352352,0.000553,0.647095
TCATCGATGGTCCCAA-1,0.018774,0.337865,0.64336
TCATGCAGGTTCTCAT-1,0.026799,0.540021,0.43318
TCATTCGTATAATTTG-1,0.006805,0.533628,0.459567
TCATTTAAGTCTCCGA-1,0.000018,0.495279,0.504704
TCCAACTTTAAATTCT-1,0.123962,0.00056,0.875477
TCCAATGCGTCGCCGC-1,0.447578,0.000199,0.552223
TCCACAATGGTTTACG-1,0.00185,0.098853,0.899298
TCCACCTCTAGCCTTT-1,0.3052,0.000368,0.694431
TCCACTTTATCTAGGT-1,0.018206,0.971938,0.009856
TCCAGAGCACCGGTTC-1,0.009744,0.712792,0.277464
TCCAGATGTACGCCAA-1,0.000015,0.736654,0.263331
TCCAGGCGAGTACGGT-1,0.374515,0.000857,0.624629
TCCATCAATACTAATC-1,0.560111,0.155821,0.284068
TCCATTCCCACTAGAG-1,0.000011,0.891378,0.108611
TCCATTGTGACCTCGT-1,0.052617,0.794789,0.152594
TCCCAAACAGACAACG-1,0.012075,0.365842,0.622083
TCCCAAAGACGAAGGA-1,0.824444,0.000254,0.175302
TCCCAAAGCCCTAAAT-1,0.112579,0.470481,0.41694
TCCCACTCTCTTCCGG-1,0.000019,0.812289,0.187692
TCCCAGCTTTAGTCTG-1,0.257639,0.081067,0.661294
TCCCAGGCTTAGCTAA-1,0.037471,0.096975,0.865554
TCCCGCCTATGTGCGT-1,0.000012,0.84733,0.152658
TCCCGCGTACTCCTGG-1,0.481779,0.028215,0.490007
TCCCGGGTGTGCTGCT-1,0.000034,0.066403,0.933563
TCCCGTCAGTCCCGCA-1,0.215429,0.311417,0.473154
TCCCGTCGCGTCATAG-1,0.000006,0.99997,0.000024
TCCCGTGTGCAATTTG-1,0.000016,0.72136,0.278625
TCCCTAGATCAATAGG-1,0.000691,0.91259,0.086719
TCCCTGGCGTATTAAC-1,0.000008,0.746544,0.253449
TCCCTGGCTCGCTGGA-1,0.000025,0.000178,0.999796
TCCCTTAGATTACTCG-1,0.024158,0.385379,0.590462
TCCGAACTTGGCTTAC-1,0.010525,0.016509,0.972966
TCCGAAGTAGTCACCA-1,0.000019,0.695872,0.304109
TCCGAATGGTCCTGAG-1,0.000011,0.721886,0.278102
TCCGATAATTGCCATA-1,0.999669,0.000211,0.00012
TCCGATGACTGAGCTC-1,0.182416,0.046557,0.771027
TCCGATGGTGCGACAT-1,0.289189,0.075094,0.635717
TCCGATTACATTGCCG-1,0.10617,0.001962,0.891868
TCCGCGGCAGCATCTG-1,0.014395,0.798192,0.187414
TCCGCTGTCATCCCGG-1,0.00001,0.94593,0.05406
TCCGCTTATCCCATTA-1,0.009485,0.83658,0.153935
TCCGGAGGAAGGGCTG-1,0.004634,0.584558,0.410809
TCCGGCCTAGCGTACA-1,0.007606,0.805698,0.186697
TCCGGTTCGTCCGGTC-1,0.000011,0.887085,0.112904
TCCGTAACCACAATCC-1,0.000019,0.018869,0.981112
TCCGTTTAGCCTTGAA-1,0.018862,0.667076,0.314062
TCCTAAATTGGGAAGC-1,0.297654,0.250374,0.451972
TCCTAACCGTCGGGCA-1,0.617593,0.000151,0.382257
TCCTACATCCACGGCC-1,0.000166,0.28881,0.711024
TCCTAGCAAAGAAGCT-1,0.166909,0.059316,0.773775
TCCTCCTAAGACATTC-1,0.061563,0.406678,0.531759
TCCTCGGGCTGGGCTT-1,0.027806,0.806362,0.165832
TCCTCTACGAGATGGC-1,0.049998,0.030203,0.9198
TCCTCTCCAGTTGTCC-1,0.000725,0.001952,0.997323
TCCTCTGGCCCATTAG-1,0.0672,0.712775,0.220026
TCCTGCCAACTGGAGA-1,0.012388,0.870345,0.117267
TCCTGCGTTGATACTC-1,0.04816,0.060658,0.891182
TCCTGGCGCTGCCTGG-1,0.000023,0.637569,0.362408
TCCTTACGACGGTCCG-1,0.228592,0.000177,0.77123
TCCTTCAATCCCTACG-1,0.013435,0.032585,0.953979
TCCTTCAGTGGTCGAA-1,0.997345,0.000238,0.002417
TCCTTTCTTACGCTTA-1,0.465935,0.035883,0.498183
TCGAAATTTAGGACCA-1,0.016861,0.17143,0.811709
TCGAAGAACCGAGCAC-1,0.021881,0.311477,0.666642
TCGAATATCCCGCAGG-1,0.000081,0.000565,0.999354
TCGACAACTGAACCCG-1,0.005677,0.60251,0.391813
TCGAGACCAACACCGT-1,0.069255,0.259804,0.670941
TCGAGCCAGGCAGGCC-1,0.044889,0.109055,0.846056
TCGAGTCTACGATTCG-1,0.004506,0.537832,0.457662
TCGATAGGCTAGTCGC-1,0.000052,0.147839,0.852108
TCGCAAAGATGCATTT-1,0.003847,0.868624,0.127529
TCGCACCAGGAGGCAG-1,0.016364,0.184693,0.798943
TCGCCCAACTGACTCC-1,0.017477,0.402571,0.579951
TCGCCCACTGCGAGAG-1,0.029797,0.140407,0.829797
TCGCCGAAGTTGCGTC-1,0.000009,0.965858,0.034133
TCGCCGCACCGCGTGA-1,0.009117,0.038132,0.952751
TCGCCGGATGGGCAAG-1,0.005509,0.00373,0.99076
TCGCCGGTCGATCCGT-1,0.999751,0.000159,0.000091
TCGCGTCCAGAAGGTC-1,0.013063,0.077006,0.909931
TCGCTAAACCGCTATC-1,0.068156,0.608375,0.323469
TCGCTCGATATATTCC-1,0.588301,0.070583,0.341116
TCGCTCGGCACCAGCG-1,0.002741,0.686824,0.310435
TCGCTGGGCGGATTGT-1,0.096835,0.074232,0.828932
TCGCTGTGCGTAAATC-1,0.028011,0.000166,0.971823
TCGCTTAATTACGAAG-1,0.005467,0.79466,0.199873
TCGCTTTAAACGTTTG-1,0.033805,0.662096,0.304098
TCGGAATGACCATCAA-1,0.075299,0.650658,0.274044
TCGGAATGCGCTCTGA-1,0.000033,0.091771,0.908196
TCGGACGCCCAGCCCA-1,0.00001,0.914431,0.085559
TCGGAGAGTATCGGGA-1,0.063909,0.114282,0.821809
TCGGAGTACATGAGTA-1,0.080655,0.511775,0.40757
TCGGCGTACTGCACAA-1,0.022318,0.207536,0.770146
TCGGCTAACTTCCCTT-1,0.091692,0.652909,0.2554
TCGGGAACGTGCCTAG-1,0.002286,0.996367,0.001347
TCGGGATTCAAACATA-1,0.018004,0.081657,0.900339
TCGGGCCGTCGTGGTA-1,0.00997,0.908908,0.081121
TCGGGTGAAACTGCTA-1,0.705102,0.026526,0.268372
TCGGTCCCGACAATAG-1,0.001275,0.679389,0.319336
TCGGTCCCTGACTCCA-1,0.011665,0.804639,0.183696
TCGGTGACCGCTCCGG-1,0.015484,0.618528,0.365988
TCGGTTAGCCATGTAG-1,0.015434,0.760641,0.223925
TCGTAAGACGACATTG-1,0.103487,0.001084,0.895429
TCGTAAGCTCCGAGGA-1,0.027502,0.771355,0.201143
TCGTATAGTGCAATTA-1,0.62145,0.000589,0.377961
TCGTATTACCCATTGC-1,0.000027,0.067152,0.932822
TCGTATTTCGTCCGGA-1,0.089722,0.909219,0.001058
TCGTCAAGTACGCGCA-1,0.007521,0.000155,0.992325
TCGTCACACTGTTAGC-1,0.011532,0.00023,0.988238
TCGTCCGCTGGCGTCT-1,0.000036,0.000255,0.999709
TCGTCCGGGTACACTC-1,0.009237,0.420682,0.570081
TCGTCTTAGGCGTTAA-1,0.29612,0.000113,0.703767
TCGTGTACTATGGATG-1,0.000317,0.560831,0.438852
TCGTGTCACGCTGACA-1,0.000085,0.118,0.881915
TCGTTAGGAGTCCCTA-1,0.000009,0.996936,0.003056
TCGTTCGTTATTATGT-1,0.998213,0.001137,0.00065
TCGTTGACAGGGTCCC-1,0.000021,0.054543,0.945436
TCGTTGCTATCCGGTC-1,0.000016,0.939093,0.060891
TCTAAAGAACAGTCTC-1,0.031935,0.485205,0.48286
TCTAACTGTATGTAAA-1,0.055476,0.000085,0.944439
TCTAATACTGCCTCAG-1,0.006647,0.662377,0.330976
TCTACACGTTCATGCA-1,0.000016,0.966616,0.033368
TCTACCGTCCACAAGC-1,0.635658,0.000336,0.364006
TCTACGGGCTCAGTTG-1,0.014521,0.62621,0.359269
TCTAGCAATCTCCGCC-1,0.050047,0.634065,0.315888
TCTAGCATCTTCGATG-1,0.085598,0.002536,0.911866
TCTAGCATGCCCAGAA-1,0.000012,0.780302,0.219686
TCTAGGTGGCGACGCT-1,0.022324,0.509825,0.467851
TCTAGTGATATCGTGG-1,0.000056,0.280407,0.719537
TCTAGTTATCAGAAGA-1,0.267289,0.096302,0.636409
TCTATCATGCAGTTAC-1,0.000041,0.003401,0.996559
TCTATCGGTCGCAACA-1,0.778448,0.000446,0.221106
TCTATTACTAGAGGAT-1,0.006753,0.137037,0.85621
TCTCATGAGATAGGGT-1,0.046507,0.102765,0.850728
TCTCCAACGTAGGTTA-1,0.309537,0.06838,0.622083
TCTCCCTGGGCAGCGT-1,0.159923,0.029676,0.8104
TCTCGAACGAGGTCAC-1,0.056929,0.804641,0.13843
TCTCGTGTTACGAGGA-1,0.049777,0.132801,0.817421
TCTCTAATAGCTGGTA-1,0.03572,0.117655,0.846625
TCTGAACCGGTCGGCT-1,0.014228,0.005907,0.979865
TCTGAACTCGTACCCG-1,0.328128,0.109915,0.561957
TCTGAATTCCGTACAA-1,0.023747,0.76152,0.214732
TCTGACGGGCTAACCC-1,0.001762,0.597699,0.400539
TCTGATCGGGTGCTAG-1,0.000026,0.502032,0.497943
TCTGATGTATTCTGTC-1,0.132076,0.12735,0.740574
TCTGATTGGAAATGGA-1,0.008361,0.302176,0.689463
TCTGCACCATTAGTAA-1,0.000012,0.84506,0.154929
TCTGCAGATTCGAGTC-1,0.000024,0.004895,0.995081
TCTGCCAGAAACTGCA-1,0.000007,0.994587,0.005405
TCTGCGAATCGTTCGC-1,0.00001,0.811083,0.188906
TCTGGCCGTTCAAGTT-1,0.005168,0.339393,0.655439
TCTGGCGCAAGCCGGG-1,0.00974,0.0185,0.97176
TCTGGGAACCTTTGAA-1,0.000009,0.726191,0.273801
TCTGGGTAGCGCTCAT-1,0.152128,0.24523,0.602642
TCTGTGCCATCATAGT-1,0.020832,0.63874,0.340428
TCTGTTACCCAGCATA-1,0.000432,0.882142,0.117426
TCTTACAGAGGTACCG-1,0.008369,0.208024,0.783606
TCTTACCGGAACTCGT-1,0.023032,0.7386,0.238368
TCTTACGGCATCCGAC-1,0.055993,0.025219,0.918788
TCTTACTTATGCCTCT-1,0.008267,0.513315,0.478418
TCTTAGAGCTCCAATT-1,0.000049,0.412817,0.587134
TCTTAGAGTGAACTCT-1,0.01294,0.395777,0.591284
TCTTCCCATGGGCACA-1,0.000507,0.983608,0.015885
TCTTCGAATAGACGTT-1,0.017196,0.526766,0.456039
TCTTCGATACCAATAA-1,0.113572,0.145292,0.741136
TCTTGATGCGTAGCGA-1,0.159763,0.238961,0.601276
TCTTGGTAACACCAAA-1,0.999742,0.000164,0.000094
TCTTTAAGACTATGAA-1,0.009905,0.635332,0.354763
TCTTTAGCAGGCGAAC-1,0.004592,0.717393,0.278015
TCTTTCATCCGTCCTT-1,0.377827,0.000359,0.621814
TCTTTCTCTTAAGGAG-1,0.027631,0.525836,0.446533
TGAAACTTATGCAAGC-1,0.311733,0.448332,0.239935
TGAAAGGACCTGACTC-1,0.023032,0.784777,0.192191
TGAACTGCTATGACTT-1,0.042664,0.119569,0.837767
TGAATATGCTATAAAC-1,0.010736,0.547415,0.441849
TGAATGAGATACAGCA-1,0.000011,0.747901,0.252088
TGAATTTCACTTGCCT-1,0.028988,0.018262,0.95275
TGACACTTCTCTTTGC-1,0.026031,0.661958,0.312011
TGACAGGACAAGTCCA-1,0.002785,0.754351,0.242864
TGACATATATGACGAT-1,0.024063,0.09325,0.882687
TGACATCGAGCGGACC-1,0.002692,0.996749,0.000559
TGACCAGCTTCAAAGT-1,0.010888,0.650672,0.338439
TGACCCACGTTAGACA-1,0.000328,0.156851,0.842821
TGACGAATATTTCCCT-1,0.029851,0.150119,0.82003
TGACGATGCACTAGAA-1,0.001405,0.546146,0.452449
TGACTATAATCCTTTC-1,0.014853,0.617279,0.367867
TGACTCCGAATCATAC-1,0.034625,0.250829,0.714546
TGAGAATGCTTTACCG-1,0.31869,0.000541,0.68077
TGAGACGTACCTCTCA-1,0.019651,0.202335,0.778013
TGAGAGATTTACCACG-1,0.000127,0.867818,0.132055
TGAGATCAAATACTCA-1,0.991844,0.008102,0.000054
TGAGATTAGGCCCTAA-1,0.00001,0.972079,0.027911
TGAGCCATACAGTCTC-1,0.034851,0.000625,0.964524
TGAGCGGAAAGTGTTC-1,0.053264,0.166867,0.779869
TGAGCTTTAATGACGC-1,0.130633,0.582102,0.287265
TGAGGAGTGCCAGCTT-1,0.157857,0.000543,0.8416
TGAGGCATGTACTGTG-1,0.013739,0.759381,0.22688
TGAGTAAATTAGCGTA-1,0.01178,0.706128,0.282092
TGAGTGCCTCTTAAAT-1,0.001794,0.973016,0.025189
TGAGTGGTCCGTGACG-1,0.018485,0.751367,0.230149
TGATACATTTAGCCGT-1,0.000024,0.704425,0.295552
TGATAGCGGGATTCTA-1,0.018014,0.000117,0.981869
TGATCAGGGAACTGCT-1,0.000032,0.026703,0.973265
TGATCCCAGCATTAGT-1,0.00003,0.864054,0.135915
TGATCGGTTTGACCCT-1,0.451541,0.000565,0.547894
TGATCTACGCTGATCT-1,0.000014,0.893735,0.106251
TGATCTCCGGCGCCAG-1,0.076325,0.01659,0.907085
TGATGGCTGTTTCTGA-1,0.006551,0.758717,0.234732
TGATTATGGCACGCAG-1,0.000009,0.942731,0.05726
TGATTCAGGTCCCGCG-1,0.013905,0.131542,0.854553
TGATTCGTCTATCACT-1,0.016237,0.001954,0.981809
TGATTCTGTCGCCGGT-1,0.003338,0.830474,0.166188
TGATTTATTAGCTGTG-1,0.002584,0.000421,0.996995
TGATTTCCTCCTGACG-1,0.000021,0.000146,0.999833
TGCAAGAATGACGTAA-1,0.533697,0.023702,0.442601
TGCAATTTGGGCACGG-1,0.005106,0.864902,0.129992
TGCACAGTGAAGTTAT-1,0.014945,0.710664,0.274391
TGCACGAGTCGGCAGC-1,0.793181,0.004012,0.202808
TGCAGAACTATATCGT-1,0.009718,0.231143,0.759139
TGCAGAGTACCGAGCA-1,0.374387,0.015147,0.610467
TGCAGATCGTCCTAGG-1,0.000342,0.000134,0.999523
TGCAGCTACGTACTTC-1,0.020591,0.107865,0.871544
TGCAGGATCGGCAAAG-1,0.326733,0.094244,0.579023
TGCAGTGAGGCTCGGG-1,0.033648,0.669639,0.296713
TGCAGTTTCCTCCCAT-1,0.017957,0.80777,0.174273
TGCATATGTCTGTCAC-1,0.025953,0.797082,0.176966
TGCATGGATCGGATCT-1,0.999518,0.000307,0.000175
TGCATGTGGTAATCTA-1,0.004998,0.734158,0.260844
TGCCAAAGTCAGACTT-1,0.000016,0.162674,0.83731
TGCCAATGGGTACTCT-1,0.000031,0.444215,0.555754
TGCCACACTAGAGGAA-1,0.022631,0.169689,0.80768
TGCCACCTGGCGAAAC-1,0.252841,0.241699,0.50546
TGCCAGTACGTGGAGA-1,0.009685,0.235757,0.754558
TGCCATGGCTTATAAG-1,0.005093,0.771935,0.222973
TGCCATTACTAAAGAA-1,0.032212,0.851375,0.116414
TGCCCGTACCGTTAAA-1,0.002429,0.895287,0.102284
TGCCGAAAGCGTATTC-1,0.007575,0.321458,0.670967
TGCCGGATGTACGAGC-1,0.722576,0.050371,0.227053
TGCCGTGGATCGTCCT-1,0.382073,0.000357,0.617569
TGCCGTTCTTAATCGG-1,0.000855,0.641718,0.357427
TGCCTGATCAAACGAT-1,0.555027,0.000282,0.44469
TGCCTTGGCCAGGCAA-1,0.543463,0.089092,0.367445
TGCGAATATGGGATTT-1,0.000016,0.192419,0.807565
TGCGACACCCTAGTGC-1,0.001926,0.704937,0.293137
TGCGACGGCCGAACGT-1,0.155392,0.183526,0.661082
TGCGAGAATATTACCC-1,0.002761,0.79537,0.201869
TGCGAGATGGCGGCCA-1,0.017624,0.48577,0.496606
TGCGAGCCCTTCCGCG-1,0.000019,0.517563,0.482418
TGCGATGCTAATGGCT-1,0.000029,0.0002,0.999772
TGCGCAAAGCATTTGG-1,0.214078,0.148018,0.637904
TGCGCGATTAACGGAG-1,0.002016,0.039881,0.958103
TGCGGAGTAAAGGTGC-1,0.487791,0.000554,0.511655
TGCGGCATAGTTCAAC-1,0.48827,0.07872,0.43301
TGCGGTGAAATTTCAT-1,0.864941,0.000229,0.13483
TGCGTAAGAACCTGAT-1,0.038004,0.853989,0.108007
TGCGTCATGACTGAGC-1,0.008259,0.694134,0.297607
TGCGTTTGTTGACACT-1,0.000023,0.826387,0.17359
TGCTATACAAACGGAC-1,0.799351,0.000145,0.200504
TGCTCCACAGTTCTTA-1,0.000061,0.229793,0.770147
TGCTCGGCGAAACCCA-1,0.144057,0.035037,0.820906
TGCTCTGCCGGTTCAC-1,0.00001,0.525478,0.474511
TGCTGCGTCAGAGTTA-1,0.000019,0.633069,0.366912
TGCTGGTTGGACAATT-1,0.012645,0.331078,0.656276
TGCTGTTGAAGAACTC-1,0.005955,0.863867,0.130178
TGCTTAGAGAGAATGC-1,0.165076,0.000294,0.83463
TGGAACCACTGACACA-1,0.001058,0.633532,0.36541
TGGAAGAAGGGAACGT-1,0.19079,0.147649,0.66156
TGGAAGACGAACACCA-1,0.000026,0.172812,0.827162
TGGAAGGATAAAGATG-1,0.77193,0.113144,0.114926
TGGAATATCCTTGACC-1,0.041202,0.377819,0.580979
TGGAATTAGACGCTTT-1,0.021893,0.000163,0.977944
TGGACGCAATCCAGCC-1,0.000007,0.668578,0.331414
TGGACTGTTCGCTCAA-1,0.018733,0.893511,0.087756
TGGAGCTAAAGTTCCC-1,0.338636,0.016382,0.644982
TGGAGGGAAACACCTC-1,0.006674,0.736091,0.257234
TGGAGTGATGCGATGA-1,0.089274,0.009351,0.901375
TGGCAAACTAAATTAC-1,0.018437,0.324912,0.656651
TGGCAACTCGCGCGCC-1,0.017165,0.649763,0.333072
TGGCACGAGCTCGAGT-1,0.017613,0.470964,0.511424
TGGCAGATTACGATCA-1,0.000026,0.398875,0.601098
TGGCAGCAGTAATAGT-1,0.000008,0.989472,0.01052
TGGCATGAAGTTTGGG-1,0.000401,0.885091,0.114508
TGGCCAAACTGAAGTA-1,0.068392,0.143191,0.788417
TGGCCAATTTGGTACT-1,0.006261,0.189549,0.804191
TGGCCGTATATTGACC-1,0.022092,0.027347,0.950561
TGGCGACTGCTCCAAA-1,0.002233,0.767896,0.229871
TGGCGATCAAGTTATG-1,0.003298,0.833874,0.162828
TGGCTCTTGTCGCGTA-1,0.000025,0.085343,0.914633
TGGCTTATGTATAATG-1,0.018179,0.361426,0.620395
TGGCTTGTACAAGCTT-1,0.010409,0.68276,0.306832
TGGCTTTGGGTAGACA-1,0.044446,0.075627,0.879927
TGGGAAATGCCTTTCC-1,0.000021,0.026582,0.973397
TGGGATGCACTCATTC-1,0.024577,0.742578,0.232845
TGGGCACGTTCTATGG-1,0.171603,0.812899,0.015498
TGGGCCACAAGAGCGC-1,0.673992,0.041783,0.284224
TGGGCCCATACTAATT-1,0.027001,0.297438,0.67556
TGGGTAAGGTTCCCGC-1,0.149068,0.849968,0.000963
TGGGTGGGATGTCATT-1,0.024167,0.499207,0.476625
TGGTAAGCAGGATTGA-1,0.003304,0.46363,0.533066
TGGTATCGCATCCCAA-1,0.391875,0.387224,0.220902
TGGTATCGGTCTGTAT-1,0.873679,0.071711,0.05461
TGGTCCCACGCTACGG-1,0.02353,0.077033,0.899437
TGGTCGTGCAAGGCAA-1,0.031273,0.012191,0.956536
TGGTCTAGCTTACATG-1,0.000139,0.000976,0.998885
TGGTCTGTTGGGCGTA-1,0.004772,0.126062,0.869166
TGGTGATCGTATTTGT-1,0.000026,0.111382,0.888592
TGGTTAACTTACATTT-1,0.018603,0.365898,0.615499
TGGTTAAGGGCGCTGG-1,0.05794,0.536364,0.405695
TGGTTATGCTTGCGGT-1,0.000025,0.00083,0.999145
TGGTTCAACGGGTAAT-1,0.009256,0.221642,0.769102
TGGTTCGTAGCAAAGG-1,0.451344,0.000285,0.548371
TGGTTGGAGGATCCTG-1,0.000018,0.982066,0.017916
TGGTTTAAACGTGGGT-1,0.01427,0.672668,0.313061
TGTAAGACTGATAAGA-1,0.266789,0.001746,0.731465
TGTAATGACCACAATA-1,0.033847,0.001675,0.964478
TGTACGAACAAATCCG-1,0.000008,0.90401,0.095982
TGTACTACTCTCACGG-1,0.000011,0.950157,0.049832
TGTAGGAGAAATTTCC-1,0.0249,0.882199,0.092901
TGTAGTGATCTATAAT-1,0.052853,0.004529,0.942617
TGTATAACAGATCCTG-1,0.064905,0.61769,0.317406
TGTATACGGATGATGA-1,0.000126,0.916997,0.082877
TGTATCAGACTGAAGC-1,0.025303,0.68884,0.285857
TGTATCCTTATTCCAT-1,0.002811,0.232503,0.764686
TGTATGGCGCAGACAG-1,0.000009,0.957559,0.042432
TGTATTTACCTAATGC-1,0.025184,0.639867,0.33495
TGTCATTTGTTGGGAA-1,0.020607,0.33397,0.645423
TGTCCCGACATAGCAC-1,0.797098,0.037778,0.165124
TGTCCGTGGCGCCTTT-1,0.018509,0.098157,0.883333
TGTCCTAAGTCACCGC-1,0.004898,0.002852,0.99225
TGTCGTTATCACATAT-1,0.01911,0.137439,0.843451
TGTCTACAGTTTCTGT-1,0.126078,0.064322,0.8096
TGTGACTACGCCAGTC-1,0.870168,0.116102,0.01373
TGTGAGACTAGCCCAA-1,0.324808,0.000179,0.675013
TGTGCCAGAGGCAAAG-1,0.010293,0.396681,0.593026
TGTGCTTTACGTAAGA-1,0.000025,0.001115,0.998861
TGTGGCAAAGCGTATG-1,0.005342,0.922505,0.072153
TGTGTCGAAGTCGAGG-1,0.029183,0.095075,0.875742
TGTGTCGCGAGTTGCA-1,0.00167,0.000233,0.998097
TGTGTGACCATGAATC-1,0.017899,0.20612,0.775981
TGTGTTCGTATCCAAG-1,0.000876,0.066404,0.93272
TGTTATTGTATGTGGC-1,0.000006,0.999968,0.000026
TGTTCATAAATGTGCT-1,0.011602,0.056832,0.931566
TGTTCCGCTTCCATGA-1,0.489259,0.079866,0.430876
TGTTCGTATTGCGGTG-1,0.0051,0.757638,0.237262
TGTTCTCTACTCCCTA-1,0.025958,0.605562,0.368479
TGTTCTTCCATTGACT-1,0.112512,0.000653,0.886834
TGTTGTCAAGAAGTCT-1,0.162153,0.194748,0.643098
TGTTTAATACTTCATC-1,0.087804,0.474059,0.438137
TGTTTCGGTACTTCTC-1,0.709013,0.028725,0.262263
TGTTTCTGAAGCGTGC-1,0.27174,0.229089,0.49917
TTAAACCGGTAGCGAC-1,0.080442,0.053847,0.865712
TTAAACCTGGTTCCTT-1,0.010825,0.022518,0.966657
TTAAACTCGAATTCAT-1,0.003008,0.542852,0.45414
TTAACACCTCGAACAT-1,0.012578,0.275904,0.711518
TTAACCAACCCTCCCT-1,0.25707,0.197923,0.545007
TTAACGAACAAGCAGT-1,0.000247,0.492103,0.50765
TTAACGTCGCAAGACC-1,0.191102,0.127223,0.681675
TTAACGTTAAAGCCTG-1,0.017079,0.000093,0.982828
TTAACTCACGCGTGGA-1,0.011853,0.000103,0.988044
TTAACTTCAGGTAGGA-1,0.03198,0.560666,0.407354
TTAAGACGAACGAACC-1,0.000019,0.589891,0.41009
TTAAGATAGGATTGAC-1,0.052024,0.418324,0.529652
TTAAGCCGACAACTTC-1,0.298472,0.337454,0.364074
TTAAGCGCCTGACCCA-1,0.042065,0.13447,0.823465
TTAAGGCCCGTACTTT-1,0.000047,0.081553,0.9184
TTAATCAGTACGTCAG-1,0.25346,0.053711,0.692829
TTAATGCGAGGTAACT-1,0.279003,0.536877,0.184119
TTAATGTAGACCAGGT-1,0.185629,0.136876,0.677495
TTAATTTCAGACGCGG-1,0.718818,0.000473,0.28071
TTACAACTACGCATCC-1,0.169472,0.000344,0.830184
TTACAGACCTAAATGA-1,0.009162,0.758113,0.232725
TTACATCGTGGCCTGG-1,0.000014,0.294751,0.705235
TTACATGCCACAACTA-1,0.004005,0.482342,0.513653
TTACCATTGATTACCC-1,0.00003,0.085653,0.914317
TTACCCATTGCCGGGT-1,0.063738,0.608959,0.327303
TTACCCTAACAGTCCT-1,0.013207,0.006796,0.979997
TTACCCTAGGGATTGG-1,0.322112,0.000268,0.677619
TTACGGATGGTTCGAG-1,0.031125,0.600231,0.368644
TTACTAAAGGACTTTA-1,0.000009,0.804516,0.195475
TTACTATCGGCTTCTC-1,0.018374,0.000232,0.981394
TTACTCCGGCCGGGAA-1,0.000006,0.998487,0.001506
TTACTCTGGTACGTAC-1,0.016743,0.319717,0.66354
TTACTGGGATATTTCA-1,0.000021,0.758637,0.241342
TTACTGTCTAGAGCTC-1,0.030704,0.558204,0.411092
TTACTGTTTCTCTACG-1,0.147358,0.542074,0.310567
TTAGAAGAACATGACT-1,0.013412,0.614854,0.371734
TTAGAATAAGGGTCGG-1,0.30953,0.001128,0.689342
TTAGACACGATCGTTG-1,0.003747,0.995047,0.001207
TTAGACGAGTCACCTC-1,0.000032,0.253378,0.74659
TTAGAGGGATATACAG-1,0.080021,0.271014,0.648966
TTAGAGTTTAGAAGGA-1,0.004464,0.237403,0.758133
TTAGCAACATGGATGT-1,0.067607,0.000134,0.932259
TTAGCTAATACGATCT-1,0.01482,0.842734,0.142446
TTAGCTCTGTAATCCG-1,0.000022,0.02811,0.971868
TTAGCTGATTTGCCGT-1,0.001362,0.702588,0.296049
TTAGGTCATAACCGAC-1,0.133588,0.000977,0.865434
TTAGTAGGGCGGCGGG-1,0.000033,0.00023,0.999737
TTAGTTATTCGTGGCA-1,0.000101,0.281463,0.718436
TTAGTTCAAGTGTTCG-1,0.007993,0.775902,0.216105
TTATAGATGCACATTA-1,0.636509,0.000125,0.363365
TTATAGTCCAAGGTGC-1,0.001338,0.564771,0.433891
TTATATACGCTGTCAC-1,0.042486,0.604168,0.353347
TTATATTTGGCAATCC-1,0.786192,0.000412,0.213396
TTATCCGGGATCTATA-1,0.303899,0.025936,0.670165
TTATCCTCAAGGAATA-1,0.022046,0.483369,0.494586
TTATCGCCTGCGAAGC-1,0.022751,0.00017,0.977079
TTATCTGACATTAGGA-1,0.039199,0.093096,0.867704
TTATCTGTATCATAAC-1,0.905219,0.052352,0.04243
TTATGAATGAAAGGGA-1,0.008024,0.930042,0.061934
TTATGACAAACTGGAT-1,0.00003,0.00021,0.99976
TTATGATCTTAACGAA-1,0.031087,0.642789,0.326124
TTATGTTTGCGATAGA-1,0.029822,0.000168,0.97001
TTATTAGAGCGTGTTC-1,0.000014,0.82176,0.178226
TTATTAGGGAAGCATC-1,0.914754,0.084976,0.00027
TTCAAAGTCTCTAGCC-1,0.011793,0.651023,0.337184
TTCAACGACCCGACCG-1,0.065837,0.232622,0.701541
TTCAAGCCGAGCTGAG-1,0.182574,0.315428,0.501998
TTCAATACTCTGAATC-1,0.001271,0.799575,0.199154
TTCAATTAGCCATAAT-1,0.058669,0.48591,0.45542
TTCACGAAAGGATCAC-1,0.050377,0.411957,0.537666
TTCACTCGAGCACCTA-1,0.337076,0.000185,0.662739
TTCAGCCCTGGTCCAC-1,0.000034,0.337665,0.662301
TTCAGGCGTCAAAGCC-1,0.000019,0.069984,0.929996
TTCAGTTTGTGGCAGC-1,0.000031,0.028545,0.971424
TTCATGGCGCAACAGG-1,0.374589,0.118372,0.507039
TTCCAATCAGAGCTAG-1,0.001291,0.905131,0.093578
TTCCAATCTGGCTATC-1,0.000014,0.882081,0.117905
TTCCACACAGATTTGA-1,0.000008,0.999522,0.00047
TTCCAGACGAGATTTA-1,0.051111,0.432793,0.516096
TTCCATCATGCGGTGA-1,0.004268,0.920783,0.074949
TTCCCGGCGCCAATAG-1,0.000015,0.181975,0.81801
TTCCGCAGAGAAATAT-1,0.023277,0.766722,0.210001
TTCCGCGTGAGGCGAT-1,0.004053,0.927147,0.0688
TTCCGGCCTTGAGGCT-1,0.000018,0.766964,0.233018
TTCCGGCTCGACTTCT-1,0.037788,0.563107,0.399105
TTCCGGTATCTGTGTC-1,0.108178,0.441932,0.449891
TTCCGGTTACCCACTT-1,0.000029,0.585289,0.414682
TTCCTCGAGGGTGTCT-1,0.062363,0.000185,0.937453
TTCCTCGGACTAACCA-1,0.236399,0.000226,0.763376
TTCCTCTGCCCGAATA-1,0.000017,0.096746,0.903238
TTCGACAGAGCCCGTG-1,0.013521,0.312564,0.673914
TTCGACGGGAAGGGCG-1,0.000039,0.139973,0.859988
TTCGAGCCGGCGCTAC-1,0.013203,0.591258,0.395539
TTCGCACTCGCGTGCT-1,0.028811,0.101461,0.869729
TTCGCACTGTACGACA-1,0.30001,0.050981,0.649009
TTCGCCGCTCGCGCTA-1,0.004439,0.44189,0.553671
TTCGCGCGCCATACGA-1,0.002372,0.000571,0.997057
TTCGCTAGGAAGTTGT-1,0.077571,0.533819,0.38861
TTCGCTATCTGACGTG-1,0.020281,0.778861,0.200858
TTCGGACTGATGCCTT-1,0.023348,0.544471,0.432181
TTCGGCAACCCGCTGA-1,0.000008,0.999961,0.000031
TTCGGCTAGAGATGGT-1,0.00006,0.000419,0.999521
TTCGGGACTAATCGCG-1,0.015788,0.746152,0.23806
TTCGGGCGCTAGTCTT-1,0.002175,0.557108,0.440717
TTCGTAATCCCAGCGG-1,0.049432,0.779867,0.170701
TTCGTACTCCAGAACG-1,0.000022,0.1592,0.840777
TTCGTTCAACGAAGTT-1,0.066632,0.559849,0.373519
TTCTAACCGAAGCTTA-1,0.037406,0.520995,0.4416
TTCTACCTTTATGTTG-1,0.088859,0.744138,0.167003
TTCTACTTGCGAGGGC-1,0.004061,0.016112,0.979827
TTCTAGAAAGTCTTAT-1,0.180322,0.017582,0.802096
TTCTAGGCCAATTGTG-1,0.029109,0.022655,0.948237
TTCTATGCCTTTCGCA-1,0.000019,0.643253,0.356728
TTCTCTTACAGGTGAT-1,0.078694,0.000268,0.921038
TTCTGACCGGGCTCAA-1,0.253403,0.000192,0.746405
TTCTGCCGCGCCTAGA-1,0.000604,0.795997,0.203399
TTCTGCGAGCGCCCTT-1,0.017342,0.043151,0.939507
TTCTGCGGGTTAGCGG-1,0.004069,0.888706,0.107226
TTCTGCTAGACTCCAA-1,0.007544,0.698881,0.293575
TTCTGTTTCCTGTCGC-1,0.000197,0.001379,0.998424
TTCTTAGTGAACGGTG-1,0.014285,0.000128,0.985588
TTCTTAGTGGCTCAGA-1,0.976478,0.023348,0.000174
TTCTTCCCTTTGATAT-1,0.081911,0.823769,0.09432
TTCTTGAGCCGCGCTA-1,0.00519,0.667903,0.326907
TTCTTGCTAGCATCTC-1,0.014082,0.440714,0.545204
TTCTTGGACGATCTGC-1,0.000011,0.800148,0.199841
TTCTTGGAGTAATGAG-1,0.034043,0.155646,0.81031
TTCTTGTAACCTAATG-1,0.000032,0.049251,0.950717
TTCTTGTGTCCATCAG-1,0.013086,0.001029,0.985885
TTCTTTGGTCGCGACG-1,0.043346,0.537088,0.419566
TTGAAAGGTGTAAAGG-1,0.000292,0.737953,0.261755
TTGAACGAATCCTTTG-1,0.000023,0.00016,0.999817
TTGAAGAATTCCCAGG-1,0.809035,0.168085,0.02288
TTGAAGGATGGGCGCC-1,0.001833,0.014535,0.983632
TTGAATATGGACTTTC-1,0.000009,0.999954,0.000037
TTGAATCGTTGTATAA-1,0.019873,0.247053,0.733075
TTGAATTCACGTGAGG-1,0.018597,0.68213,0.299273
TTGACAGGAGCTCCCG-1,0.155283,0.262938,0.581779
TTGACATGAACGTGGA-1,0.100007,0.251726,0.648267
TTGACCATGTTCTCCG-1,0.088748,0.410159,0.501093
TTGACCGTGTTAATGA-1,0.003627,0.663825,0.332548
TTGACGATTCAGCACG-1,0.057841,0.418437,0.523722
TTGACGCTCCATGAGC-1,0.001781,0.357814,0.640405
TTGACTACCATATGGT-1,0.000051,0.29805,0.701899
TTGACTATTGTCCGGC-1,0.011403,0.000253,0.988344
TTGAGAGTACTGCTAA-1,0.002945,0.617679,0.379376
TTGAGCGCCACGTGAT-1,0.132488,0.495102,0.37241
TTGAGGCATTTAACTC-1,0.002183,0.862833,0.134984
TTGAGTCCCGCTGCTG-1,0.243787,0.094394,0.661819
TTGATAGTCAATACAT-1,0.000022,0.653274,0.346704
TTGATCTAACTTTGTC-1,0.185658,0.047587,0.766755
TTGATGTGTAGTCCCG-1,0.014125,0.704842,0.281033
TTGATTAGCTGTTTCT-1,0.000009,0.980684,0.019307
TTGATTATGCAGATGA-1,0.000025,0.006093,0.993882
TTGCACAATTCAGAAA-1,0.00429,0.631564,0.364146
TTGCACGGAGCAGCAC-1,0.871854,0.106739,0.021407
TTGCATGCTGATCACG-1,0.083577,0.002751,0.913673
TTGCCATAGCCCGCTC-1,0.000011,0.773973,0.226016
TTGCCCTGATCACGGG-1,0.000034,0.121397,0.878569
TTGCCGCAGACCTACA-1,0.136287,0.00015,0.863563
TTGCCGGTGATCCCTC-1,0.000036,0.844733,0.155231
TTGCGCTCTCTCGCTT-1,0.000098,0.000683,0.999219
TTGCGGCATCAGAAAG-1,0.00001,0.870262,0.129728
TTGCGGCGACTCATGC-1,0.33847,0.032347,0.629184
TTGCGTAGTTTGAGGA-1,0.014024,0.000163,0.985813
TTGCGTCGGCCAACCG-1,0.002962,0.811227,0.185811
TTGCGTGAACGCTTAG-1,0.006375,0.895463,0.098162
TTGCTCCCATACCGGA-1,0.799522,0.17469,0.025788
TTGCTGAAGGAACCAC-1,0.964172,0.03572,0.000108
TTGCTGATCATGTTCG-1,0.137995,0.05224,0.809765
TTGCTGCACCTATCCA-1,0.02434,0.120165,0.855495
TTGCTGGCCGGGCTTC-1,0.116156,0.83583,0.048015
TTGGAAGAATACAGTC-1,0.010681,0.681843,0.307476
TTGGACATGTGGCTTA-1,0.021262,0.105221,0.873516
TTGGATATCGTCTACG-1,0.000019,0.757694,0.242287
TTGGATCGACTTCTGG-1,0.969479,0.03019,0.000331
TTGGATTGGGTACCAC-1,0.324112,0.00054,0.675349
TTGGCCTAGAATTTCG-1,0.000474,0.29396,0.705566
TTGGCGATCCGAATAT-1,0.016813,0.485037,0.498151
TTGGCTCGCATGAGAC-1,0.003893,0.011728,0.984379
TTGGGACACTGCCCGC-1,0.39748,0.097928,0.504592
TTGGGCGGCGGTTGCC-1,0.096007,0.526632,0.377361
TTGGGTTTATTCAGCG-1,0.014513,0.649587,0.3359
TTGGTATGGCTTGTGT-1,0.00003,0.565278,0.434692
TTGGTCACACTCGTAA-1,0.008047,0.943118,0.048834
TTGGTTGCGGTGCGCG-1,0.003633,0.688995,0.307373
TTGTAAGGACCTAAGT-1,0.067265,0.598605,0.334131
TTGTAAGGCCAGTTGG-1,0.090505,0.308667,0.600828
TTGTAATCCGTACTCG-1,0.181325,0.000368,0.818307
TTGTACACCTCGAACA-1,0.013069,0.219499,0.767432
TTGTATCACACAGAAT-1,0.062052,0.774033,0.163915
TTGTCACCGCGGTATC-1,0.00051,0.301837,0.697653
TTGTCGTTCAGTTACC-1,0.590628,0.000495,0.408877
TTGTGAGGCATGACGC-1,0.010213,0.007693,0.982094
TTGTGCGGAAGCGGAT-1,0.018953,0.084805,0.896242
TTGTGGCCCTGACAGT-1,0.99958,0.000267,0.000153
TTGTGGTAGGAGGGAT-1,0.00002,0.613479,0.386501
TTGTGGTATAGGTATG-1,0.000854,0.702737,0.296409
TTGTGTATGCCACCAA-1,0.234226,0.144588,0.621186
TTGTGTTTCCCGAAAG-1,0.000009,0.884075,0.115916
TTGTTAGCAAATTCGA-1,0.008846,0.422402,0.568752
TTGTTCAGTGTGCTAC-1,0.603608,0.000319,0.396073
TTGTTGTGTGTCAAGA-1,0.049657,0.596619,0.353725
TTGTTTCACATCCAGG-1,0.020684,0.000646,0.97867
TTGTTTCATTAGTCTA-1,0.115739,0.396286,0.487975
TTGTTTCCATACAACT-1,0.066045,0.099462,0.834493
TTGTTTGTGTAAATTC-1,0.097029,0.000156,0.902815
